mc_step,l = 0_K,l = 0_gamma,l = 1_K,l = 1_gamma,l = 2_K,l = 2_gamma,l = 3_K,l = 3_gamma,l = 4_K,l = 4_gamma,l = 5_K,l = 5_gamma,l = 6_K,l = 6_gamma,l = 7_K,l = 7_gamma,l = 8_K,l = 8_gamma,l = 9_K,l = 9_gamma,l = 10_K,l = 10_gamma,l = 11_K,l = 11_gamma,l = 12_K,l = 12_gamma,l = 13_K,l = 13_gamma,l = 14_K,l = 14_gamma,l = 15_K,l = 15_gamma,l = 16_K,l = 16_gamma,l = 17_K,l = 17_gamma,l = 18_K,l = 18_gamma,l = 19_K,l = 19_gamma,l = 20_K,l = 20_gamma,l = 21_K,l = 21_gamma,l = 22_K,l = 22_gamma,l = 23_K,l = 23_gamma,l = 24_K,l = 24_gamma,l = 25_K,l = 25_gamma,l = 26_K,l = 26_gamma,l = 27_K,l = 27_gamma,l = 28_K,l = 28_gamma,l = 29_K,l = 29_gamma,l = 30_K,l = 30_gamma,l = 31_K,l = 31_gamma,l = 32_K,l = 32_gamma,l = 33_K,l = 33_gamma,l = 34_K,l = 34_gamma,l = 35_K,l = 35_gamma,l = 36_K,l = 36_gamma,l = 37_K,l = 37_gamma,l = 38_K,l = 38_gamma,l = 39_K,l = 39_gamma,l = 40_K,l = 40_gamma,l = 41_K,l = 41_gamma,l = 42_K,l = 42_gamma,l = 43_K,l = 43_gamma,l = 44_K,l = 44_gamma,l = 45_K,l = 45_gamma,l = 46_K,l = 46_gamma,l = 47_K,l = 47_gamma,l = 48_K,l = 48_gamma,l = 49_K,l = 49_gamma,
200,1,1,1,1,1,0.990099,0.98913,0.981481,1,1,0.990909,1,1,1,1,1,1,1,1,0.989362,1,1,1,1,1,1,1,0.979592,1,0.979798,0.990099,0.989899,1,0.981651,1,0.97,1,0.914894,0.963303,0.945055,0.934783,0.842593,0.871287,0.777778,0.802198,0.743119,0.708738,0.701031,0.657895,0.66129,0.57732,0.61165,0.655556,0.554545,0.518868,0.425532,0.430233,0.54386,0.470588,0.489796,0.432692,0.510417,0.421569,0.489796,0.406593,0.422018,0.411765,0.357143,0.48,0.46,0.4,0.463158,0.339806,0.42268,0.352273,0.4375,0.393258,0.342342,0.398058,0.474227,0.495726,0.385542,0.413462,0.46875,0.433628,0.413793,0.467391,0.425926,0.462366,0.439252,0.311321,0.531915,0.340206,0.514563,0.217391,0.583333,0.196078,0.479592,0.561224,0.539216,
400,0.990476,0.989474,0.989796,0.990196,1,0.989899,1,0.99,0.99,0.99,0.990909,1,1,1,0.98913,0.990741,1,0.980392,1,0.981651,0.990741,0.98913,0.990291,0.979381,1,0.98,1,1,1,0.955056,0.988889,0.990909,0.972477,0.989011,0.989362,0.990566,0.926316,0.942857,0.826087,0.944444,0.114286,0.821053,0.0380952,0.747368,0.14433,0.864078,0.166667,0.790909,0.2,0.745455,0.22449,0.558824,0.505155,0.378641,0.384615,0.239583,0.434343,0.326733,0.509259,0.217391,0.403846,0.197917,0.392523,0.215054,0.333333,0.201923,0.292453,0.223404,0.278351,0.262136,0.39,0.28,0.356436,0.262626,0.382022,0.333333,0.215909,0.267857,0.247619,0.368421,0.214286,0.441176,0.442308,0.375,0.410526,0.47619,0.419355,0.457944,0.461538,0.489583,0.413043,0.509259,0.441176,0.510204,0.423077,0.541667,0.581633,0.519608,0.504762,0.484211,
600,0.990991,0.988764,0.99,1,0.990654,1,1,1,1,0.988889,0.991667,1,1,0.990909,0.990826,1,0.957447,0.971698,1,1,0.977778,0.990909,0.96875,0.980769,0.990476,0.989474,0.989583,0.980769,0.989691,0.990291,0.981651,0.989011,0.981132,0.989362,0.931818,0.9375,0.463918,0.864078,0.229885,0.80531,0.139785,0.794393,0.311111,0.718182,0.306931,0.757576,0.28,0.71,0.32,0.64,0.457447,0.433962,0.609524,0.505263,0.641509,0.489362,0.648148,0.369565,0.5,0.439024,0.474138,0.416667,0.542056,0.344086,0.343137,0.336735,0.43617,0.481132,0.466667,0.315789,0.365591,0.28972,0.44898,0.372549,0.405405,0.348315,0.40566,0.340426,0.390909,0.344444,0.481481,0.347826,0.43617,0.462264,0.393939,0.386139,0.370787,0.441441,0.433962,0.43617,0.442105,0.447619,0.409091,0.511111,0.424528,0.489362,0.6,0.5,0.436364,0.522222,
800,0.970874,1,0.988764,0.990991,0.98,1,0.98,1,0.988889,1,0.99,1,0.990291,0.989691,0.971698,0.989362,0.989583,1,0.977778,0.990909,0.942857,0.989474,0.951923,0.989583,0.910112,0.981982,0.911765,0.989796,0.931373,0.959184,0.788889,0.945455,0.377778,0.890909,0.178947,0.790476,0.315217,0.824074,0.505051,0.554455,0.89011,0.577982,0.79,0.5,0.708333,0.423077,0.757282,0.463918,0.76,0.43,0.611111,0.467391,0.429907,0.483871,0.478261,0.576471,0.40708,0.436782,0.378641,0.453608,0.495413,0.428571,0.329897,0.359223,0.388889,0.304348,0.305263,0.314286,0.274725,0.275229,0.25,0.182692,0.2,0.2,0.204082,0.107843,0.178947,0.171429,0.294118,0.183673,0.282609,0.185185,0.293578,0.252747,0.293578,0.296703,0.336449,0.311828,0.463158,0.314286,0.533333,0.345455,0.509804,0.367347,0.594595,0.393258,0.480769,0.489583,0.509804,0.459184,
1000,0.967391,0.990741,1,0.99,0.961165,0.958763,0.970874,0.969072,0.943182,0.955357,0.95614,0.953488,0.951456,0.979381,0.969072,0.980583,0.93617,0.943396,0.979798,0.970297,0.940594,0.979798,0.979167,0.990385,0.952381,0.978947,0.931373,0.979592,0.765766,0.932584,0.762376,0.808081,0.656566,0.712871,0.75,0.711538,0.83908,0.60177,0.857143,0.515789,0.882883,0.58427,0.895833,0.586538,0.902655,0.517241,0.721154,0.447917,0.777778,0.475248,0.693333,0.48,0.579545,0.535714,0.555556,0.527273,0.426966,0.432432,0.431193,0.428571,0.392157,0.377551,0.392523,0.462366,0.424779,0.436782,0.346154,0.28125,0.311321,0.234043,0.271845,0.360825,0.180851,0.198113,0.210526,0.209302,0.210526,0.190476,0.223301,0.206186,0.29,0.18,0.204082,0.245098,0.306931,0.272727,0.377551,0.215686,0.326923,0.260417,0.396396,0.280899,0.425743,0.363636,0.615385,0.3125,0.59375,0.442308,0.547826,0.482353,
1200,0.955752,0.931034,0.877193,0.976744,0.942308,0.958333,0.896907,0.932039,0.946809,0.971698,0.936842,0.990476,0.951923,0.9375,0.887755,0.95098,0.950495,0.989899,0.896907,0.92233,0.895833,0.913462,0.925926,0.923913,0.825688,0.824176,0.92,0.81,0.88172,0.803738,0.901099,0.697248,0.864583,0.644231,0.821053,0.485714,0.881818,0.555556,0.861386,0.565657,0.849057,0.5,0.804124,0.640777,0.71875,0.557692,0.759615,0.583333,0.745455,0.488889,0.676471,0.622449,0.471154,0.583333,0.486239,0.516484,0.552083,0.509615,0.509615,0.458333,0.427184,0.453608,0.397849,0.457944,0.505155,0.417476,0.458333,0.413462,0.342593,0.434783,0.371429,0.263158,0.350877,0.27907,0.25,0.269231,0.342857,0.242105,0.333333,0.269231,0.290323,0.373832,0.484211,0.333333,0.473684,0.352381,0.479167,0.375,0.311321,0.510638,0.475728,0.494845,0.586957,0.435185,0.485149,0.494949,0.565657,0.544554,0.567308,0.46875,
1400,0.955556,0.954545,0.959184,0.921569,0.927083,0.971154,0.909091,0.964286,0.914286,0.926316,0.953488,0.938596,0.905263,0.885714,0.948454,0.902913,0.840909,0.919643,0.849558,0.965517,0.941748,0.896907,0.917526,0.883495,0.881188,0.878788,0.834951,0.824742,0.864865,0.775281,0.833333,0.651163,0.822917,0.576923,0.759615,0.604167,0.776596,0.471698,0.8,0.571429,0.828571,0.621053,0.806122,0.588235,0.826531,0.54902,0.639175,0.543689,0.69,0.67,0.680412,0.533981,0.584158,0.505051,0.574257,0.555556,0.556604,0.638298,0.484848,0.594059,0.436893,0.608247,0.594059,0.494949,0.551402,0.451613,0.531915,0.415094,0.494737,0.380952,0.396226,0.414894,0.47191,0.441441,0.346154,0.333333,0.433333,0.472727,0.41,0.39,0.460784,0.377551,0.454545,0.386139,0.427184,0.505155,0.5,0.451923,0.53,0.5,0.574257,0.434343,0.631579,0.430233,0.605263,0.406977,0.542056,0.537634,0.504673,0.483871,
1600,0.97,0.98,0.979592,0.931373,0.931373,0.959184,0.931818,0.919643,0.929293,0.930693,0.886598,0.912621,0.931373,0.836735,0.90991,0.932584,0.929412,0.904348,0.913043,0.888889,0.847826,0.861111,0.924528,0.840426,0.943182,0.785714,0.886598,0.718447,0.851064,0.622642,0.755102,0.558824,0.804124,0.601942,0.757282,0.659794,0.773585,0.638298,0.842105,0.666667,0.787879,0.623762,0.673684,0.542857,0.702128,0.537736,0.765766,0.438202,0.566667,0.572727,0.704762,0.557895,0.534653,0.565657,0.607477,0.591398,0.539823,0.655172,0.653061,0.627451,0.525773,0.543689,0.597826,0.574074,0.520408,0.637255,0.504587,0.527473,0.524752,0.424242,0.6,0.514286,0.494949,0.475248,0.608247,0.524272,0.58427,0.477477,0.470588,0.540816,0.526882,0.495327,0.373737,0.514851,0.435644,0.383838,0.570093,0.462366,0.602151,0.411215,0.451613,0.457944,0.59596,0.49505,0.67,0.5,0.622449,0.480392,0.607843,0.632653,
1800,0.942308,0.895833,0.87,0.87,0.932039,0.865979,0.888889,0.881188,0.92233,0.886598,0.836957,0.842593,0.915789,0.866667,0.928571,0.840909,0.835294,0.869565,0.868421,0.872093,0.894231,0.78125,0.903846,0.739583,0.860215,0.654206,0.787879,0.732673,0.8,0.644444,0.743119,0.703297,0.837838,0.651685,0.768519,0.565217,0.699029,0.56701,0.690909,0.5,0.798165,0.659341,0.791667,0.625,0.72043,0.495327,0.717172,0.623762,0.635514,0.505376,0.644231,0.541667,0.564356,0.616162,0.504762,0.610526,0.676471,0.602041,0.513514,0.595506,0.656566,0.554455,0.544643,0.477273,0.583333,0.478261,0.516484,0.522936,0.5,0.62,0.535714,0.534091,0.526316,0.488372,0.472222,0.543478,0.511364,0.544643,0.56,0.49,0.525253,0.584158,0.460784,0.418367,0.477778,0.554545,0.476744,0.535088,0.474227,0.533981,0.527473,0.642202,0.545455,0.584158,0.639175,0.524272,0.589474,0.495238,0.616822,0.677419,
2000,0.84,0.79,0.87,0.79,0.849462,0.831776,0.888889,0.847826,0.858824,0.808696,0.836538,0.875,0.8,0.87619,0.88764,0.756757,0.816327,0.77451,0.89,0.75,0.852632,0.790476,0.849057,0.670213,0.820755,0.670213,0.84375,0.721154,0.719626,0.698925,0.808989,0.612613,0.747475,0.594059,0.740385,0.5625,0.737374,0.564356,0.586957,0.546296,0.755319,0.632075,0.781609,0.60177,0.683168,0.535354,0.75,0.5625,0.572917,0.451923,0.641304,0.564815,0.628866,0.495146,0.663158,0.552381,0.57732,0.524272,0.52,0.63,0.527778,0.597826,0.478723,0.59434,0.480392,0.673469,0.578431,0.673469,0.509615,0.65625,0.535354,0.544554,0.52,0.51,0.526316,0.561905,0.510204,0.490196,0.53211,0.494505,0.52,0.47,0.548387,0.64486,0.576923,0.46875,0.537736,0.56383,0.588235,0.510204,0.690909,0.5,0.56701,0.592233,0.642202,0.604396,0.555556,0.630435,0.611111,0.663636,
2200,0.826923,0.885417,0.90625,0.75,0.835052,0.776699,0.860465,0.789474,0.895833,0.865385,0.834862,0.868132,0.824742,0.883495,0.888889,0.881188,0.764151,0.797872,0.87234,0.811321,0.86,0.77,0.803738,0.784946,0.846939,0.735294,0.824742,0.679612,0.715909,0.696429,0.579439,0.688172,0.672897,0.634409,0.754902,0.55102,0.735849,0.62766,0.682243,0.645161,0.697479,0.567901,0.72619,0.62931,0.642105,0.666667,0.721154,0.65625,0.646018,0.643678,0.525253,0.613861,0.612245,0.558824,0.649485,0.572816,0.59375,0.538462,0.666667,0.586207,0.572727,0.588889,0.591398,0.542056,0.527473,0.59633,0.575472,0.56383,0.45,0.55,0.578431,0.612245,0.594595,0.595506,0.619048,0.473684,0.540816,0.539216,0.538462,0.447917,0.591837,0.54902,0.653061,0.431373,0.658228,0.512397,0.539326,0.594595,0.581633,0.666667,0.525773,0.533981,0.536082,0.553398,0.494845,0.592233,0.58,0.61,0.565657,0.584158,
2400,0.818182,0.752475,0.809524,0.8,0.776699,0.814433,0.783505,0.796117,0.783784,0.741573,0.862069,0.79646,0.803571,0.761364,0.844828,0.880952,0.87156,0.758242,0.855556,0.818182,0.788991,0.736264,0.729167,0.701923,0.831579,0.771429,0.700935,0.72043,0.735294,0.632653,0.635417,0.75,0.716981,0.574468,0.657143,0.663158,0.617021,0.556604,0.636364,0.594059,0.660194,0.484536,0.64,0.52,0.737374,0.574257,0.657143,0.610526,0.666667,0.554545,0.673913,0.574074,0.5625,0.567308,0.645455,0.488889,0.5,0.619565,0.587156,0.582418,0.637255,0.591837,0.59,0.65,0.504762,0.515789,0.5,0.528302,0.701031,0.631068,0.53211,0.615385,0.6,0.552381,0.691489,0.584906,0.602151,0.607477,0.59,0.59,0.587629,0.61165,0.61,0.58,0.548673,0.528736,0.606061,0.60396,0.546296,0.576087,0.623762,0.636364,0.51087,0.574074,0.644231,0.666667,0.584158,0.545455,0.618182,0.511111,
2600,0.683673,0.666667,0.781609,0.761062,0.71134,0.737864,0.758621,0.761062,0.757576,0.861386,0.724138,0.690265,0.728972,0.752688,0.682353,0.747826,0.700935,0.731183,0.696078,0.77551,0.77551,0.784314,0.783505,0.747573,0.792793,0.719101,0.6875,0.567308,0.70297,0.555556,0.670213,0.584906,0.59596,0.584158,0.659794,0.543689,0.536842,0.590476,0.673077,0.583333,0.8,0.63,0.647059,0.653061,0.617647,0.581633,0.586538,0.53125,0.64486,0.72043,0.656863,0.683673,0.574468,0.566038,0.485149,0.575758,0.574257,0.636364,0.602041,0.598039,0.684211,0.55814,0.520408,0.509804,0.608247,0.582524,0.5,0.627451,0.669643,0.625,0.531915,0.566038,0.561224,0.617647,0.514851,0.545455,0.586538,0.604167,0.531915,0.603774,0.577778,0.645455,0.613208,0.617021,0.659794,0.631068,0.548387,0.514019,0.663462,0.489583,0.627451,0.612245,0.551402,0.462366,0.645455,0.5,0.605263,0.546512,0.586538,0.583333,
2800,0.697248,0.747253,0.808511,0.801887,0.747475,0.732673,0.693694,0.808989,0.609195,0.743363,0.825243,0.71134,0.836364,0.766667,0.741573,0.675676,0.788462,0.645833,0.6,0.757895,0.747899,0.777778,0.704545,0.669643,0.712871,0.646465,0.559524,0.655172,0.592593,0.554348,0.734694,0.54902,0.798077,0.604167,0.787037,0.630435,0.611111,0.581818,0.708333,0.644231,0.582418,0.733945,0.580952,0.547368,0.571429,0.547368,0.673469,0.519608,0.639175,0.621359,0.598039,0.479592,0.565657,0.613861,0.60396,0.545455,0.656566,0.554455,0.504854,0.515464,0.673077,0.604167,0.631068,0.494845,0.534653,0.686869,0.654206,0.623656,0.597938,0.495146,0.66,0.56,0.54386,0.593023,0.571429,0.59633,0.609091,0.6,0.64,0.56,0.655172,0.725664,0.536082,0.572816,0.583333,0.528846,0.644231,0.697917,0.645161,0.542056,0.704348,0.588235,0.655914,0.579439,0.655556,0.563636,0.711111,0.645455,0.572816,0.56701,
3000,0.7,0.688889,0.619565,0.675926,0.688172,0.682243,0.705882,0.683673,0.701923,0.614583,0.700935,0.623656,0.634615,0.65625,0.583333,0.663462,0.742857,0.684211,0.752475,0.69697,0.694737,0.685714,0.659341,0.697248,0.582524,0.659794,0.551402,0.763441,0.571429,0.694737,0.6,0.609524,0.528302,0.691489,0.574257,0.626263,0.651376,0.692308,0.645161,0.607477,0.663366,0.525253,0.59434,0.638298,0.575758,0.633663,0.575472,0.62766,0.630631,0.662921,0.59,0.58,0.59375,0.586538,0.542857,0.6,0.656566,0.663366,0.615385,0.541667,0.539216,0.622449,0.638298,0.622642,0.69,0.53,0.595506,0.63964,0.479167,0.576923,0.526882,0.598131,0.683168,0.606061,0.50495,0.585859,0.606061,0.633663,0.652632,0.580952,0.5,0.55,0.55,0.72,0.5,0.666667,0.638298,0.575472,0.60396,0.616162,0.59596,0.683168,0.543689,0.680412,0.641509,0.606383,0.58,0.6,0.666667,0.586538,
3200,0.656863,0.683673,0.69,0.73,0.678899,0.582418,0.660377,0.691489,0.702128,0.632075,0.673267,0.747475,0.570093,0.72043,0.770115,0.690265,0.690265,0.609195,0.705263,0.657143,0.7,0.72,0.637363,0.761468,0.567308,0.635417,0.625,0.520833,0.590476,0.6,0.591837,0.529412,0.686275,0.704082,0.643564,0.626263,0.575758,0.623762,0.543478,0.685185,0.612245,0.558824,0.653061,0.656863,0.67619,0.589474,0.601942,0.56701,0.68932,0.546392,0.608247,0.61165,0.712871,0.565657,0.532609,0.657407,0.614583,0.490385,0.617647,0.632653,0.611765,0.626087,0.603604,0.58427,0.653846,0.635417,0.627273,0.444444,0.606383,0.603774,0.610526,0.619048,0.597938,0.669903,0.585106,0.59434,0.697248,0.538462,0.544554,0.606061,0.564356,0.59596,0.568627,0.571429,0.6,0.610526,0.521739,0.546296,0.61165,0.639175,0.606742,0.522523,0.614583,0.528846,0.505263,0.590476,0.509434,0.585106,0.557522,0.643678,
3400,0.673684,0.685714,0.628571,0.673684,0.660377,0.702128,0.6,0.69,0.630435,0.75,0.653846,0.65625,0.685393,0.747748,0.631068,0.608247,0.70297,0.707071,0.77,0.6,0.650485,0.628866,0.628571,0.621053,0.559633,0.67033,0.663043,0.555556,0.63964,0.752809,0.669903,0.556701,0.623656,0.626168,0.573913,0.611765,0.632653,0.539216,0.636364,0.574257,0.666667,0.60177,0.71134,0.660194,0.546392,0.621359,0.6,0.6,0.578947,0.638095,0.605505,0.56044,0.557895,0.67619,0.61,0.67,0.596154,0.59375,0.605505,0.648352,0.528302,0.457447,0.50495,0.626263,0.53,0.65,0.6,0.647619,0.659091,0.5625,0.642105,0.6,0.594828,0.595238,0.548077,0.572917,0.62,0.52,0.663551,0.602151,0.584906,0.510638,0.673077,0.635417,0.59596,0.613861,0.563636,0.644444,0.494737,0.657143,0.573034,0.576577,0.6,0.623529,0.657407,0.652174,0.54902,0.591837,0.505051,0.544554,
3600,0.738636,0.714286,0.625,0.663462,0.583333,0.663043,0.648352,0.541284,0.715686,0.642857,0.601942,0.556701,0.757009,0.580645,0.640777,0.659794,0.597826,0.712963,0.685714,0.673684,0.520408,0.676471,0.696078,0.571429,0.656566,0.722772,0.62037,0.576087,0.634409,0.635514,0.604396,0.605505,0.654545,0.577778,0.625,0.669643,0.672897,0.516129,0.542857,0.526316,0.612903,0.616822,0.528846,0.604167,0.653061,0.617647,0.617021,0.660377,0.53719,0.721519,0.583333,0.692308,0.659341,0.669725,0.705263,0.666667,0.534653,0.636364,0.691489,0.59434,0.616162,0.633663,0.682927,0.61039,0.6,0.685714,0.639535,0.701754,0.594059,0.646465,0.607477,0.580645,0.547368,0.552381,0.561224,0.637255,0.561404,0.686047,0.557692,0.583333,0.591398,0.607477,0.587629,0.446602,0.6,0.542857,0.591837,0.539216,0.539216,0.581633,0.520408,0.647059,0.587629,0.563107,0.612245,0.54902,0.614679,0.582418,0.504673,0.602151,
3800,0.60177,0.643678,0.606061,0.584158,0.683673,0.72549,0.655172,0.654867,0.646465,0.683168,0.561224,0.637255,0.568421,0.695238,0.617284,0.554622,0.613861,0.646465,0.510417,0.576923,0.706422,0.472527,0.626168,0.505376,0.617647,0.540816,0.772727,0.428571,0.660194,0.556701,0.670732,0.474576,0.539216,0.591837,0.6,0.655556,0.611111,0.663043,0.686275,0.591837,0.55914,0.607477,0.591398,0.635514,0.602151,0.635514,0.618182,0.577778,0.641304,0.574074,0.628571,0.547368,0.481132,0.553191,0.633663,0.636364,0.53125,0.538462,0.583333,0.596154,0.54902,0.540816,0.574468,0.584906,0.621622,0.505618,0.590909,0.642857,0.584158,0.747475,0.579439,0.569892,0.559633,0.571429,0.644231,0.552083,0.586538,0.645833,0.56383,0.556604,0.53211,0.615385,0.577778,0.590909,0.528846,0.6875,0.552381,0.589474,0.608696,0.592593,0.67033,0.541284,0.628866,0.660194,0.644231,0.666667,0.525862,0.595238,0.578947,0.590476,
4000,0.460784,0.632653,0.641509,0.638298,0.468085,0.528302,0.695238,0.652632,0.642105,0.647619,0.707071,0.623762,0.574713,0.442478,0.637255,0.581633,0.581395,0.657895,0.553398,0.649485,0.554455,0.646465,0.591837,0.696078,0.601942,0.680412,0.60177,0.678161,0.712766,0.556604,0.703704,0.717391,0.711712,0.606742,0.606383,0.556604,0.622222,0.609091,0.626263,0.60396,0.697248,0.571429,0.632653,0.607843,0.618557,0.592233,0.588235,0.673469,0.686869,0.534653,0.548077,0.697917,0.47191,0.558559,0.669643,0.579545,0.646465,0.623762,0.490385,0.635417,0.613208,0.617021,0.59596,0.584158,0.659794,0.553398,0.612903,0.504673,0.644231,0.520833,0.619565,0.509259,0.653465,0.575758,0.592233,0.597938,0.515789,0.52381,0.607843,0.571429,0.561224,0.588235,0.585859,0.633663,0.632653,0.656863,0.605769,0.635417,0.59596,0.49505,0.666667,0.634615,0.604167,0.596154,0.62,0.55,0.637255,0.632653,0.63,0.55,
4200,0.608696,0.694444,0.550562,0.522523,0.663265,0.627451,0.563218,0.566372,0.587629,0.592233,0.651376,0.648352,0.611111,0.672727,0.623529,0.6,0.575758,0.762376,0.660194,0.618557,0.592593,0.663043,0.576577,0.617978,0.678571,0.647727,0.638298,0.650943,0.589474,0.571429,0.606383,0.537736,0.601852,0.48913,0.67,0.61,0.617284,0.596639,0.631068,0.701031,0.579439,0.483871,0.647059,0.622449,0.574713,0.681416,0.533981,0.556701,0.59375,0.490385,0.580645,0.560748,0.550562,0.513514,0.568421,0.495238,0.659341,0.678899,0.642105,0.52381,0.704545,0.616071,0.666667,0.623762,0.55814,0.649123,0.576923,0.635417,0.618182,0.722222,0.637363,0.633028,0.483146,0.585586,0.642857,0.598039,0.588785,0.591398,0.58,0.53,0.6,0.547368,0.539216,0.581633,0.642105,0.638095,0.617647,0.581633,0.56044,0.642202,0.666667,0.626168,0.489583,0.557692,0.676471,0.581633,0.637255,0.704082,0.673077,0.666667,
4400,0.62,0.56,0.590909,0.644444,0.638095,0.684211,0.587629,0.61165,0.635417,0.634615,0.603774,0.659574,0.576923,0.541667,0.591398,0.654206,0.674699,0.598291,0.530435,0.564706,0.571429,0.642202,0.647059,0.714286,0.574074,0.652174,0.575472,0.62766,0.568421,0.580952,0.571429,0.696078,0.646018,0.574713,0.485149,0.535354,0.558559,0.595506,0.68,0.58,0.519231,0.572917,0.765957,0.584906,0.561905,0.652632,0.693069,0.616162,0.6,0.682353,0.626263,0.524752,0.59596,0.60396,0.63,0.54,0.607143,0.603448,0.650485,0.639175,0.628571,0.589474,0.625,0.669643,0.56,0.59,0.585106,0.688679,0.608247,0.582524,0.637255,0.581633,0.666667,0.663158,0.641509,0.648936,0.597938,0.631068,0.5,0.622449,0.633663,0.636364,0.603774,0.638298,0.63,0.61,0.504762,0.557895,0.631579,0.72093,0.57,0.53,0.608333,0.5625,0.578947,0.609524,0.618182,0.422222,0.619565,0.574074,
4600,0.659794,0.631068,0.579439,0.623656,0.693878,0.578431,0.612245,0.539216,0.55,0.59,0.631579,0.590476,0.572816,0.628866,0.685185,0.619565,0.673077,0.614583,0.570093,0.526882,0.588235,0.673469,0.585859,0.663366,0.61,0.67,0.679245,0.585106,0.575221,0.528736,0.651163,0.631579,0.63,0.6,0.684211,0.561905,0.650943,0.606383,0.54321,0.588235,0.651376,0.67033,0.568182,0.625,0.644444,0.554545,0.565657,0.544554,0.623762,0.636364,0.587629,0.592233,0.617021,0.707547,0.62069,0.571429,0.618182,0.644444,0.613208,0.638298,0.663043,0.601852,0.504425,0.689655,0.62,0.54,0.556701,0.582524,0.531915,0.537736,0.584158,0.676768,0.607843,0.55102,0.61165,0.597938,0.566038,0.617021,0.646465,0.554455,0.582609,0.423529,0.5,0.592593,0.597938,0.61165,0.62,0.59,0.695652,0.657407,0.494118,0.652174,0.7,0.62,0.505495,0.577982,0.657407,0.586957,0.564356,0.606061,
4800,0.578431,0.571429,0.613208,0.595745,0.603306,0.620253,0.61,0.57,0.666667,0.530612,0.608696,0.611111,0.57732,0.68932,0.617647,0.602041,0.527473,0.577982,0.528302,0.553191,0.534653,0.585859,0.605263,0.569767,0.59596,0.623762,0.59434,0.553191,0.666667,0.596154,0.6,0.578947,0.587629,0.601942,0.63964,0.561798,0.638889,0.554348,0.65625,0.596154,0.56,0.63,0.54902,0.530612,0.593407,0.59633,0.565657,0.613861,0.642857,0.627451,0.556604,0.648936,0.541284,0.527473,0.682692,0.645833,0.495327,0.526882,0.574257,0.606061,0.6,0.68,0.618182,0.466667,0.560748,0.602151,0.590476,0.610526,0.62766,0.584906,0.585859,0.633663,0.533981,0.536082,0.655914,0.64486,0.581633,0.637255,0.715686,0.55102,0.597938,0.669903,0.575758,0.643564,0.574468,0.59434,0.637255,0.632653,0.615385,0.614458,0.565657,0.683168,0.644444,0.618182,0.588235,0.622449,0.651376,0.472527,0.608696,0.527778,
5000,0.639175,0.563107,0.572917,0.576923,0.626506,0.478632,0.675926,0.619565,0.631068,0.639175,0.53211,0.648352,0.68,0.58,0.602151,0.607477,0.568421,0.609524,0.597938,0.514563,0.626374,0.587156,0.666667,0.554348,0.578431,0.581633,0.62037,0.673913,0.693069,0.606061,0.551724,0.619469,0.589286,0.602273,0.588235,0.571429,0.637363,0.66055,0.469388,0.617647,0.568421,0.580952,0.601852,0.619565,0.663043,0.638889,0.534653,0.616162,0.529412,0.622449,0.587629,0.621359,0.647059,0.5,0.626263,0.633663,0.606383,0.584906,0.618557,0.699029,0.473118,0.635514,0.737374,0.613861,0.529412,0.673469,0.540541,0.52809,0.545455,0.455556,0.611765,0.547826,0.59434,0.489362,0.626374,0.614679,0.516484,0.733945,0.505376,0.607477,0.648649,0.651685,0.518519,0.652174,0.716814,0.517241,0.597938,0.563107,0.64,0.63,0.606061,0.643564,0.590909,0.666667,0.602273,0.473214,0.5,0.672414,0.632653,0.637255,
5200,0.663366,0.555556,0.59,0.61,0.514286,0.652632,0.640449,0.702703,0.626374,0.577982,0.55102,0.607843,0.504425,0.632184,0.5,0.577778,0.616162,0.594059,0.676471,0.602041,0.543689,0.505155,0.525773,0.640777,0.658537,0.584746,0.60396,0.666667,0.59375,0.528846,0.525773,0.640777,0.691589,0.473118,0.516484,0.541284,0.552381,0.6,0.617021,0.59434,0.59633,0.582418,0.574257,0.525253,0.581818,0.566667,0.528846,0.65625,0.635417,0.605769,0.682692,0.520833,0.62,0.64,0.575758,0.722772,0.621622,0.606742,0.533333,0.618182,0.639175,0.669903,0.644231,0.59375,0.642857,0.617647,0.526316,0.666667,0.674157,0.684685,0.570093,0.569892,0.645833,0.653846,0.587719,0.651163,0.523364,0.483871,0.638298,0.622642,0.610526,0.552381,0.631579,0.533333,0.583333,0.630435,0.606061,0.60396,0.57732,0.553398,0.583333,0.509615,0.587629,0.563107,0.572917,0.682692,0.621053,0.638095,0.610526,0.695238,
5400,0.648649,0.58427,0.633929,0.738636,0.564356,0.555556,0.580952,0.621053,0.639175,0.640777,0.66,0.53,0.631068,0.597938,0.634615,0.666667,0.68,0.53,0.635417,0.557692,0.575758,0.564356,0.538462,0.678899,0.62766,0.537736,0.611111,0.572727,0.531532,0.573034,0.6,0.631579,0.522222,0.627273,0.653846,0.666667,0.616162,0.534653,0.618182,0.566667,0.552083,0.673077,0.666667,0.635514,0.576087,0.592593,0.62766,0.660377,0.663636,0.6,0.525253,0.633663,0.629213,0.612613,0.615385,0.645833,0.647619,0.610526,0.643678,0.548673,0.714286,0.558824,0.548673,0.609195,0.613208,0.617021,0.7,0.666667,0.714286,0.519608,0.60396,0.525253,0.694737,0.638095,0.606061,0.633663,0.656566,0.594059,0.555556,0.636364,0.595745,0.575472,0.597826,0.555556,0.568421,0.590476,0.62037,0.630435,0.563107,0.56701,0.59375,0.605769,0.706422,0.615385,0.614583,0.701923,0.535354,0.673267,0.677419,0.504673,
5600,0.515789,0.571429,0.592593,0.565217,0.633929,0.602273,0.641509,0.574468,0.565217,0.657407,0.5625,0.596154,0.64486,0.655914,0.605769,0.5625,0.605769,0.65625,0.688172,0.71028,0.692308,0.697917,0.670455,0.589286,0.576923,0.625,0.618182,0.544444,0.633663,0.626263,0.612245,0.558824,0.531532,0.595506,0.68932,0.587629,0.651786,0.579545,0.61165,0.649485,0.598039,0.602041,0.670103,0.640777,0.591398,0.635514,0.706522,0.537037,0.642857,0.5,0.653465,0.646465,0.651376,0.505495,0.542857,0.568421,0.584158,0.59596,0.631579,0.590476,0.534653,0.646465,0.561224,0.598039,0.625,0.633333,0.528846,0.59375,0.571429,0.659091,0.586538,0.697917,0.571429,0.519608,0.677083,0.519231,0.628866,0.660194,0.580645,0.598131,0.627451,0.602041,0.701031,0.592233,0.617021,0.679245,0.663366,0.646465,0.6,0.466667,0.635417,0.625,0.543689,0.587629,0.616822,0.548387,0.678571,0.663793,0.525253,0.524752,
5800,0.677083,0.5,0.621359,0.515464,0.666667,0.523364,0.547368,0.571429,0.625,0.647727,0.638095,0.631579,0.597826,0.555556,0.651163,0.587719,0.540816,0.696078,0.62,0.57,0.561798,0.594595,0.597938,0.640777,0.614583,0.692308,0.533981,0.731959,0.648936,0.566038,0.5,0.52439,0.5,0.632075,0.53012,0.521368,0.655556,0.590909,0.649485,0.533981,0.521277,0.59434,0.527473,0.587156,0.576271,0.52439,0.592233,0.701031,0.614583,0.625,0.629213,0.747748,0.614583,0.625,0.544554,0.59596,0.628571,0.631579,0.60396,0.656566,0.597826,0.611111,0.58,0.58,0.602151,0.635514,0.663366,0.59596,0.572816,0.618557,0.589474,0.647619,0.6,0.53,0.5,0.575472,0.520833,0.596154,0.611111,0.586957,0.626263,0.584158,0.552381,0.652632,0.586538,0.635417,0.675439,0.674419,0.583333,0.663462,0.55102,0.686275,0.528302,0.617021,0.71,0.62,0.621622,0.685393,0.631579,0.662791,
6000,0.659794,0.631068,0.670103,0.572816,0.631068,0.690722,0.658537,0.567797,0.535354,0.554455,0.574074,0.663043,0.619048,0.456897,0.67619,0.642105,0.672897,0.537634,0.576087,0.648148,0.666667,0.58427,0.588235,0.489796,0.6,0.621053,0.602041,0.578431,0.604167,0.548077,0.648352,0.678899,0.640777,0.742268,0.693069,0.59596,0.591837,0.754902,0.508929,0.681818,0.587156,0.637363,0.463158,0.67619,0.505051,0.60396,0.525773,0.621359,0.524752,0.585859,0.6,0.58,0.666667,0.564356,0.685393,0.540541,0.56701,0.660194,0.651376,0.637363,0.605263,0.616279,0.617647,0.622449,0.718447,0.608247,0.56044,0.623853,0.649485,0.533981,0.538462,0.66055,0.635294,0.643478,0.621053,0.580952,0.617647,0.683673,0.542553,0.59434,0.54902,0.673469,0.686869,0.633663,0.580357,0.613636,0.552083,0.586538,0.518072,0.564103,0.636364,0.574257,0.623529,0.626087,0.699115,0.632184,0.654206,0.580645,0.627451,0.55102,
6200,0.603774,0.574468,0.578947,0.533333,0.653061,0.607843,0.626374,0.577982,0.68,0.64,0.543689,0.597938,0.637255,0.540816,0.584158,0.555556,0.54,0.62,0.54902,0.683673,0.532609,0.648148,0.614583,0.663462,0.615385,0.604167,0.62,0.53,0.567308,0.625,0.681416,0.632184,0.618557,0.572816,0.553398,0.597938,0.59375,0.509615,0.647619,0.547368,0.608247,0.524272,0.590476,0.547368,0.623853,0.56044,0.625,0.576923,0.659794,0.592233,0.647619,0.6,0.588889,0.581818,0.572917,0.653846,0.569892,0.626168,0.571429,0.663158,0.623853,0.516484,0.62766,0.613208,0.458333,0.634615,0.691667,0.5375,0.59375,0.567308,0.59434,0.659574,0.543689,0.639175,0.608696,0.666667,0.659341,0.642202,0.572816,0.690722,0.625,0.647727,0.647619,0.642105,0.571429,0.605505,0.569892,0.495327,0.626168,0.677419,0.539326,0.54955,0.534653,0.535354,0.576577,0.505618,0.679612,0.628866,0.53211,0.56044,
6400,0.588235,0.663265,0.541667,0.663462,0.593407,0.587156,0.586957,0.555556,0.701754,0.569767,0.606061,0.475248,0.714286,0.736842,0.650485,0.536082,0.5,0.577586,0.534091,0.580357,0.699029,0.587629,0.666667,0.571429,0.636364,0.524752,0.557895,0.638095,0.62766,0.726415,0.523364,0.666667,0.519231,0.552083,0.612245,0.637255,0.5,0.6,0.65,0.6,0.49,0.62,0.644444,0.618182,0.61,0.57,0.574468,0.613208,0.669811,0.574468,0.611111,0.586957,0.64,0.62,0.53125,0.625,0.560748,0.634409,0.663636,0.566667,0.54717,0.691489,0.574257,0.555556,0.61,0.59,0.674699,0.529915,0.588235,0.53913,0.641509,0.659574,0.584158,0.676768,0.673469,0.705882,0.715686,0.520408,0.572917,0.615385,0.648649,0.629213,0.579545,0.642857,0.557895,0.485714,0.576087,0.537037,0.658537,0.550847,0.6,0.504348,0.679245,0.648936,0.53211,0.593407,0.520408,0.666667,0.663043,0.694444,
6600,0.505155,0.504854,0.648936,0.679245,0.541667,0.634615,0.592593,0.478261,0.514851,0.616162,0.586957,0.574074,0.585106,0.518868,0.577982,0.637363,0.625,0.625,0.618557,0.514563,0.57732,0.708738,0.592233,0.546392,0.606383,0.669811,0.643678,0.628319,0.657143,0.578947,0.697917,0.605769,0.70297,0.616162,0.509804,0.683673,0.540816,0.666667,0.617647,0.591837,0.647619,0.568421,0.555556,0.633663,0.683673,0.627451,0.741176,0.608696,0.569767,0.596491,0.642857,0.519608,0.622642,0.638298,0.628571,0.589474,0.557692,0.604167,0.558824,0.530612,0.642857,0.617647,0.514286,0.642105,0.666667,0.652632,0.53211,0.615385,0.616162,0.782178,0.645455,0.555556,0.631068,0.587629,0.642105,0.580952,0.55102,0.578431,0.563107,0.56701,0.701923,0.552083,0.54717,0.574468,0.504762,0.726316,0.55102,0.666667,0.642105,0.6,0.565217,0.62963,0.55102,0.607843,0.613861,0.626263,0.651685,0.666667,0.576923,0.625,
6800,0.65,0.58,0.626263,0.475248,0.536364,0.622222,0.608696,0.62037,0.606383,0.584906,0.548077,0.677083,0.588785,0.72043,0.673684,0.695238,0.596154,0.583333,0.682243,0.666667,0.578947,0.6,0.651376,0.593407,0.607477,0.591398,0.615385,0.552083,0.622642,0.595745,0.612245,0.676471,0.542857,0.631579,0.610526,0.580952,0.55914,0.542056,0.648352,0.550459,0.651685,0.576577,0.614679,0.604396,0.59375,0.644231,0.504762,0.505263,0.607843,0.510204,0.566038,0.617021,0.56383,0.584906,0.584906,0.585106,0.621359,0.587629,0.660377,0.585106,0.638889,0.576087,0.54717,0.670213,0.594059,0.59596,0.60396,0.666667,0.633663,0.585859,0.645833,0.528846,0.598131,0.623656,0.6,0.554545,0.635294,0.634783,0.54902,0.673469,0.609195,0.495575,0.548387,0.542056,0.622642,0.617021,0.586207,0.628319,0.715789,0.6,0.663366,0.727273,0.578947,0.590476,0.631068,0.639175,0.686869,0.584158,0.59434,0.425532,
7000,0.666667,0.711538,0.528302,0.670213,0.606742,0.603604,0.54,0.61,0.628571,0.505263,0.567308,0.645833,0.475728,0.680412,0.483871,0.476636,0.573034,0.540541,0.606061,0.623762,0.6,0.578947,0.602041,0.598039,0.59,0.67,0.742268,0.572816,0.645833,0.625,0.485149,0.535354,0.614583,0.576923,0.666667,0.576087,0.56383,0.603774,0.71134,0.592233,0.640449,0.603604,0.647619,0.631579,0.603604,0.58427,0.577982,0.571429,0.646465,0.70297,0.601942,0.57732,0.558559,0.662921,0.527778,0.597826,0.597938,0.572816,0.627451,0.642857,0.59292,0.54023,0.64486,0.623656,0.606383,0.575472,0.568421,0.628571,0.488636,0.598214,0.525253,0.524752,0.610526,0.590476,0.623762,0.494949,0.623853,0.637363,0.701923,0.614583,0.59434,0.648936,0.616162,0.653465,0.61165,0.556701,0.568421,0.6,0.653061,0.607843,0.505051,0.594059,0.617647,0.642857,0.614679,0.67033,0.633663,0.616162,0.567308,0.666667,
7200,0.535714,0.612069,0.648649,0.617978,0.684783,0.518519,0.510417,0.663462,0.581633,0.715686,0.556701,0.582524,0.6,0.542857,0.48913,0.583333,0.554455,0.565657,0.641304,0.574074,0.650485,0.56701,0.583333,0.567308,0.538462,0.669725,0.660194,0.587629,0.595745,0.603774,0.653061,0.480392,0.679245,0.521277,0.65625,0.528846,0.622642,0.56383,0.635417,0.653846,0.607843,0.602041,0.641304,0.555556,0.597826,0.592593,0.642857,0.558824,0.598039,0.642857,0.669903,0.525773,0.537736,0.617021,0.623762,0.545455,0.635294,0.573913,0.576923,0.59375,0.621053,0.6,0.673267,0.69697,0.663462,0.59375,0.638298,0.59434,0.677083,0.711538,0.6,0.514286,0.538462,0.572917,0.612245,0.578431,0.626263,0.623762,0.673077,0.53125,0.604167,0.634615,0.59375,0.567308,0.623656,0.616822,0.62766,0.622642,0.57732,0.592233,0.625,0.59375,0.590476,0.631579,0.575758,0.633663,0.6,0.505263,0.583333,0.554348,
7400,0.634783,0.635294,0.689655,0.60177,0.593023,0.631579,0.571429,0.519608,0.637255,0.591837,0.69,0.72,0.612903,0.64486,0.638889,0.608696,0.686275,0.653061,0.59,0.62,0.609524,0.642105,0.541667,0.730769,0.534884,0.701754,0.564356,0.666667,0.561905,0.694737,0.685714,0.652632,0.530612,0.656863,0.584158,0.585859,0.669811,0.531915,0.536364,0.666667,0.613208,0.595745,0.56701,0.631068,0.591398,0.682243,0.666667,0.628319,0.611111,0.554545,0.525773,0.640777,0.551402,0.645161,0.638298,0.584906,0.611111,0.554348,0.557692,0.666667,0.663636,0.588889,0.622642,0.553191,0.568627,0.632653,0.64,0.74,0.62037,0.597826,0.588235,0.693878,0.594059,0.555556,0.605263,0.593023,0.53,0.59,0.635417,0.644231,0.666667,0.5,0.62069,0.566372,0.7,0.58,0.495327,0.655914,0.60177,0.574713,0.605769,0.614583,0.595745,0.528302,0.592233,0.536082,0.627451,0.632653,0.663551,0.752688,
7600,0.670103,0.572816,0.617021,0.54717,0.623656,0.728972,0.695238,0.6,0.648936,0.528302,0.538462,0.550459,0.635417,0.596154,0.594059,0.616162,0.666667,0.547368,0.747368,0.609524,0.598131,0.612903,0.643564,0.585859,0.603774,0.606383,0.59633,0.648352,0.621622,0.595506,0.69697,0.633663,0.645833,0.557692,0.552083,0.576923,0.595506,0.576577,0.552083,0.625,0.605263,0.616279,0.706522,0.611111,0.603774,0.62766,0.565217,0.537037,0.568807,0.648352,0.553191,0.707547,0.622449,0.647059,0.576087,0.611111,0.576087,0.611111,0.5,0.509434,0.61,0.57,0.693878,0.647059,0.631068,0.536082,0.747748,0.58427,0.616822,0.55914,0.613445,0.555556,0.6,0.578947,0.65,0.64,0.59596,0.623762,0.606383,0.660377,0.421053,0.638095,0.642857,0.656863,0.552381,0.631579,0.566667,0.636364,0.582524,0.57732,0.634615,0.59375,0.636364,0.574257,0.529412,0.626087,0.495238,0.578947,0.609091,0.544444,
7800,0.6,0.691667,0.649485,0.640777,0.669725,0.571429,0.652632,0.590476,0.54902,0.561224,0.635417,0.653846,0.578431,0.571429,0.577982,0.571429,0.604167,0.682692,0.474227,0.582524,0.582524,0.618557,0.714286,0.541284,0.670455,0.5625,0.629213,0.657658,0.590476,0.631579,0.554348,0.592593,0.640777,0.57732,0.585586,0.595506,0.623762,0.606061,0.544444,0.490909,0.651685,0.666667,0.602151,0.616822,0.577778,0.590909,0.630435,0.62963,0.597938,0.660194,0.594059,0.676768,0.607143,0.613636,0.669725,0.516484,0.640449,0.72973,0.554545,0.633333,0.580952,0.610526,0.519231,0.479167,0.569892,0.635514,0.595238,0.663793,0.461538,0.541284,0.727273,0.566667,0.666667,0.663462,0.615385,0.633028,0.663043,0.527778,0.615385,0.633028,0.634409,0.654206,0.64486,0.569892,0.627451,0.591837,0.630435,0.546296,0.566038,0.5,0.542373,0.658537,0.524272,0.56701,0.628866,0.592233,0.565657,0.594059,0.65,0.62,
8000,0.564356,0.575758,0.6,0.685714,0.612245,0.558824,0.561905,0.610526,0.630952,0.672414,0.540816,0.480392,0.6875,0.615385,0.659794,0.563107,0.636364,0.475248,0.56383,0.622642,0.572917,0.605769,0.645455,0.588889,0.663366,0.434343,0.598039,0.418367,0.59,0.5,0.535714,0.586207,0.679612,0.57732,0.627907,0.596491,0.67619,0.568421,0.566667,0.581818,0.62037,0.554348,0.646465,0.594059,0.655914,0.542056,0.616822,0.645161,0.64,0.67,0.61,0.51,0.682243,0.645161,0.636364,0.651786,0.561798,0.540541,0.524272,0.536082,0.65625,0.634615,0.591837,0.656863,0.565217,0.611765,0.574257,0.565657,0.659091,0.526786,0.662651,0.598291,0.640777,0.639175,0.576923,0.572917,0.530612,0.647059,0.626168,0.526882,0.649123,0.593023,0.62766,0.632075,0.54955,0.58427,0.536082,0.728155,0.65,0.59,0.566038,0.521277,0.710526,0.616279,0.669421,0.64557,0.540541,0.58427,0.644231,0.604167,
8200,0.525773,0.640777,0.573913,0.505882,0.587156,0.56044,0.682353,0.678261,0.592233,0.587629,0.656566,0.544554,0.536842,0.609524,0.580952,0.684211,0.615385,0.614679,0.572816,0.546392,0.647059,0.561224,0.554455,0.606061,0.565657,0.613861,0.551402,0.55914,0.527473,0.688073,0.533333,0.568421,0.556522,0.576471,0.653061,0.588235,0.57,0.67,0.57,0.65,0.554455,0.646465,0.524752,0.686869,0.48,0.68,0.550459,0.626374,0.585859,0.544554,0.580952,0.557895,0.510638,0.59434,0.605769,0.541667,0.605769,0.65625,0.593407,0.642202,0.612903,0.672897,0.524272,0.659794,0.663462,0.520833,0.531915,0.537736,0.54,0.58,0.588785,0.55914,0.65625,0.548077,0.522727,0.553571,0.478723,0.669811,0.617021,0.556604,0.652632,0.6,0.714286,0.539216,0.669811,0.617021,0.594059,0.606061,0.576923,0.614583,0.583333,0.605769,0.612245,0.54902,0.567901,0.689076,0.63,0.49,0.64486,0.548387,
8400,0.685714,0.589474,0.686957,0.658824,0.5,0.5,0.54,0.61,0.570175,0.569767,0.597938,0.650485,0.576923,0.541667,0.556604,0.446809,0.536082,0.640777,0.509615,0.53125,0.617021,0.537736,0.541667,0.634615,0.637168,0.517241,0.479592,0.647059,0.65,0.55,0.543689,0.670103,0.548077,0.645833,0.495238,0.578947,0.618557,0.669903,0.642857,0.617647,0.588235,0.602041,0.617647,0.55102,0.619565,0.657407,0.515789,0.571429,0.601626,0.584416,0.5625,0.576923,0.649485,0.592233,0.663462,0.583333,0.565657,0.683168,0.652174,0.647059,0.607843,0.673469,0.572727,0.644444,0.580247,0.613445,0.551724,0.583333,0.684211,0.590476,0.666667,0.574257,0.571429,0.625,0.568807,0.527473,0.622449,0.686275,0.602151,0.560748,0.530612,0.696078,0.513043,0.658824,0.669643,0.556818,0.587629,0.718447,0.54717,0.595745,0.581633,0.598039,0.609524,0.610526,0.609091,0.611111,0.638095,0.621053,0.634615,0.666667,
8600,0.519231,0.572917,0.571429,0.614679,0.606383,0.566038,0.489583,0.519231,0.597826,0.592593,0.580645,0.607477,0.591837,0.617647,0.673267,0.616162,0.561224,0.607843,0.618557,0.582524,0.5,0.625,0.612245,0.637255,0.597938,0.592233,0.623656,0.626168,0.581633,0.558824,0.642857,0.598039,0.504762,0.6,0.561224,0.666667,0.650943,0.659574,0.653465,0.646465,0.618557,0.582524,0.634409,0.663551,0.660194,0.536082,0.721739,0.505882,0.669725,0.67033,0.633929,0.738636,0.680851,0.669811,0.595745,0.556604,0.54902,0.540816,0.514851,0.626263,0.653465,0.535354,0.595745,0.575472,0.551402,0.602151,0.622642,0.606383,0.617021,0.584906,0.597826,0.583333,0.637255,0.581633,0.609524,0.547368,0.632653,0.656863,0.619565,0.583333,0.568421,0.619048,0.685714,0.621053,0.5625,0.625,0.615385,0.623853,0.615385,0.504587,0.65625,0.586538,0.708738,0.556701,0.56,0.61,0.60396,0.636364,0.632184,0.513274,
8800,0.568182,0.491071,0.631068,0.597938,0.543689,0.587629,0.707547,0.648936,0.67033,0.577982,0.552381,0.673684,0.686275,0.632653,0.611111,0.641304,0.684211,0.590476,0.6,0.608696,0.575472,0.670213,0.552083,0.634615,0.578431,0.489796,0.557692,0.635417,0.533981,0.515464,0.514851,0.606061,0.605769,0.572917,0.494949,0.534653,0.54,0.54,0.59375,0.615385,0.537634,0.616822,0.666667,0.626168,0.598131,0.580645,0.509259,0.728261,0.613861,0.585859,0.623656,0.635514,0.601695,0.658537,0.673077,0.614583,0.679612,0.618557,0.648936,0.632075,0.540816,0.509804,0.60396,0.515152,0.590476,0.610526,0.688172,0.560748,0.69697,0.633663,0.5,0.521739,0.613861,0.717172,0.606061,0.653465,0.633663,0.666667,0.604167,0.596154,0.67033,0.59633,0.572727,0.633333,0.61,0.6,0.571429,0.598039,0.518182,0.7,0.583333,0.644231,0.616162,0.594059,0.51,0.72,0.65,0.62,0.49,0.57,
9000,0.648148,0.5,0.585106,0.603774,0.632653,0.666667,0.674157,0.630631,0.641509,0.617021,0.6,0.59,0.546392,0.543689,0.632653,0.735294,0.598214,0.647727,0.584158,0.626263,0.648936,0.537736,0.60396,0.616162,0.63,0.67,0.64,0.72,0.55102,0.696078,0.685393,0.567568,0.72549,0.673469,0.42268,0.679612,0.542056,0.677419,0.580645,0.495327,0.590909,0.511111,0.547368,0.657143,0.559633,0.56044,0.548077,0.5625,0.6,0.684211,0.585859,0.683168,0.5625,0.586538,0.623762,0.616162,0.607477,0.580645,0.607843,0.581633,0.515152,0.60396,0.545455,0.633929,0.597938,0.582524,0.509434,0.62766,0.565217,0.527778,0.516129,0.663551,0.544554,0.575758,0.605505,0.67033,0.675676,0.674157,0.585106,0.688679,0.571429,0.642105,0.580952,0.536842,0.607477,0.548387,0.602151,0.542056,0.64,0.65,0.64,0.72,0.543689,0.546392,0.577778,0.527273,0.597826,0.611111,0.575758,0.594059,
9200,0.553571,0.636364,0.483146,0.630631,0.67619,0.652632,0.5,0.576087,0.547368,0.647619,0.56701,0.553398,0.642857,0.696078,0.603448,0.630952,0.564815,0.565217,0.734043,0.575472,0.641509,0.531915,0.563218,0.628319,0.638889,0.630435,0.556522,0.623529,0.539823,0.528736,0.568807,0.483516,0.653061,0.598039,0.688073,0.593407,0.673913,0.611111,0.722772,0.616162,0.656863,0.663265,0.596154,0.572917,0.634615,0.645833,0.569892,0.672897,0.580357,0.545455,0.623853,0.56044,0.556701,0.533981,0.543689,0.628866,0.633028,0.582418,0.636364,0.663366,0.654545,0.555556,0.655172,0.666667,0.623656,0.598131,0.574074,0.543478,0.67619,0.557895,0.5625,0.644231,0.64486,0.591398,0.576923,0.510417,0.663265,0.558824,0.592233,0.618557,0.568421,0.628571,0.611111,0.586957,0.647059,0.617391,0.689655,0.584071,0.612903,0.579439,0.486486,0.52809,0.597938,0.553398,0.66055,0.681319,0.6,0.67,0.641509,0.744681,
9400,0.63964,0.58427,0.561905,0.736842,0.652174,0.592593,0.606383,0.660377,0.659794,0.640777,0.666667,0.594059,0.581633,0.588235,0.670213,0.566038,0.556701,0.640777,0.594595,0.595506,0.54902,0.530612,0.578947,0.609524,0.673469,0.647059,0.669811,0.510638,0.663265,0.568627,0.715596,0.604396,0.669811,0.606383,0.7,0.53,0.605505,0.56044,0.514286,0.631579,0.605505,0.582418,0.628571,0.642105,0.596154,0.604167,0.726316,0.67619,0.543689,0.536082,0.591398,0.439252,0.556818,0.580357,0.607843,0.581633,0.601852,0.565217,0.522936,0.582418,0.530973,0.666667,0.654206,0.634409,0.598131,0.677419,0.6,0.590476,0.536082,0.699029,0.642105,0.52381,0.640777,0.587629,0.608247,0.68932,0.531915,0.566038,0.568627,0.591837,0.681818,0.588889,0.698925,0.560748,0.551724,0.522124,0.679612,0.56701,0.552846,0.636364,0.615385,0.587156,0.566667,0.636364,0.666667,0.581633,0.580357,0.602273,0.590476,0.536842,
9600,0.646465,0.574257,0.545455,0.50495,0.60396,0.585859,0.680851,0.688679,0.626374,0.541284,0.526316,0.590476,0.606742,0.648649,0.572727,0.544444,0.556604,0.691489,0.514851,0.646465,0.678571,0.637931,0.621053,0.580952,0.555556,0.554455,0.57,0.54,0.509434,0.638298,0.54717,0.595745,0.576087,0.611111,0.67,0.71,0.572727,0.355556,0.673913,0.638889,0.632075,0.553191,0.616822,0.655914,0.626168,0.569892,0.648352,0.568807,0.622222,0.654545,0.539216,0.581633,0.659794,0.524272,0.583333,0.597826,0.590476,0.610526,0.638298,0.566038,0.650485,0.587629,0.582418,0.614679,0.656863,0.540816,0.571429,0.5,0.524272,0.608247,0.610526,0.638095,0.634409,0.607477,0.597701,0.59292,0.611765,0.426087,0.642105,0.580952,0.474227,0.650485,0.494949,0.584158,0.554455,0.575758,0.602273,0.625,0.623762,0.525253,0.659574,0.54717,0.622449,0.637255,0.516854,0.558559,0.663462,0.59375,0.648936,0.603774,
9800,0.526882,0.691589,0.606383,0.481132,0.511364,0.660714,0.517241,0.547619,0.505747,0.60177,0.548077,0.677083,0.571429,0.577982,0.553191,0.59434,0.582524,0.680412,0.660194,0.721649,0.556604,0.680851,0.6,0.576471,0.575758,0.673267,0.528846,0.625,0.683168,0.59596,0.567308,0.604167,0.528302,0.56383,0.648352,0.605505,0.673267,0.616162,0.609091,0.588889,0.598131,0.602151,0.644231,0.583333,0.584906,0.574468,0.616279,0.552632,0.510417,0.615385,0.585106,0.59434,0.644231,0.625,0.608247,0.621359,0.567308,0.5625,0.714286,0.610526,0.530973,0.597701,0.614583,0.605769,0.548077,0.677083,0.558559,0.516854,0.617978,0.558559,0.663551,0.655914,0.546512,0.570175,0.63964,0.595506,0.495238,0.568421,0.582418,0.550459,0.609524,0.578947,0.559633,0.582418,0.526316,0.657143,0.504425,0.597701,0.589474,0.638095,0.62766,0.716981,0.6,0.627273,0.645161,0.598131,0.696078,0.653061,0.571429,0.647727,
10000,0.628866,0.640777,0.590909,0.669643,0.59596,0.49505,0.650943,0.531915,0.633028,0.659341,0.572917,0.576923,0.701923,0.614583,0.536842,0.657143,0.590476,0.6,0.55102,0.578431,0.588785,0.634409,0.703297,0.669725,0.6,0.694118,0.602151,0.672897,0.608696,0.648148,0.566667,0.627273,0.666667,0.629213,0.6,0.67619,0.546392,0.640777,0.6,0.642105,0.57,0.61,0.638095,0.568421,0.61,0.65,0.673684,0.580952,0.655914,0.514019,0.636364,0.554455,0.603774,0.531915,0.581633,0.656863,0.607477,0.612903,0.653465,0.575758,0.616162,0.574257,0.7,0.58,0.555556,0.563636,0.584906,0.712766,0.587629,0.582524,0.568421,0.561905,0.663366,0.59596,0.534653,0.59596,0.8,0.57,0.606061,0.534653,0.637255,0.622449,0.680851,0.575472,0.603774,0.489362,0.634409,0.64486,0.635417,0.625,0.637255,0.642857,0.527273,0.555556,0.618557,0.621359,0.56701,0.61165,0.722222,0.673913,
10200,0.609091,0.511111,0.634615,0.645833,0.589474,0.657143,0.602151,0.654206,0.652174,0.623529,0.714286,0.559633,0.537736,0.510638,0.590476,0.536842,0.64,0.51,0.605505,0.549451,0.533333,0.673684,0.565657,0.49505,0.518868,0.617021,0.606383,0.54717,0.55914,0.626168,0.528736,0.628319,0.557692,0.583333,0.634409,0.588785,0.478261,0.648148,0.518182,0.533333,0.614679,0.637363,0.596154,0.53125,0.50495,0.616162,0.530973,0.597701,0.669903,0.587629,0.6,0.515789,0.557692,0.645833,0.606383,0.537736,0.676471,0.591837,0.635294,0.573913,0.5,0.663265,0.603774,0.617021,0.681818,0.533333,0.60396,0.575758,0.56383,0.613208,0.557895,0.580952,0.697917,0.538462,0.679012,0.571429,0.666667,0.615385,0.623656,0.598131,0.619048,0.621053,0.518519,0.586957,0.655556,0.645455,0.692308,0.59375,0.61,0.64,0.651685,0.621622,0.561224,0.656863,0.514851,0.535354,0.55,0.55,0.596491,0.569767,
10400,0.568627,0.642857,0.669811,0.62766,0.69,0.54,0.672897,0.591398,0.60177,0.689655,0.565217,0.574074,0.5625,0.557692,0.59375,0.5,0.5625,0.605769,0.618557,0.61165,0.648649,0.617978,0.420561,0.55914,0.6,0.590476,0.586538,0.71875,0.627451,0.602041,0.728155,0.597938,0.627451,0.622449,0.59,0.47,0.55102,0.588235,0.59596,0.673267,0.566667,0.554545,0.6,0.690909,0.59596,0.50495,0.53211,0.494505,0.568421,0.533333,0.592593,0.641304,0.637255,0.632653,0.569892,0.691589,0.525253,0.623762,0.613208,0.553191,0.682692,0.604167,0.575758,0.653465,0.480392,0.581633,0.546392,0.669903,0.5625,0.545455,0.616279,0.640351,0.545455,0.588889,0.646465,0.633663,0.605505,0.582418,0.656566,0.524752,0.587629,0.631068,0.688679,0.606383,0.50495,0.646465,0.639175,0.621359,0.63964,0.685393,0.670588,0.521739,0.56,0.72,0.595506,0.576577,0.480769,0.65625,0.533981,0.556701,
10600,0.683168,0.606061,0.634783,0.494118,0.633333,0.618182,0.565657,0.643564,0.677778,0.527273,0.53271,0.548387,0.591837,0.588235,0.572816,0.680412,0.592233,0.649485,0.508621,0.595238,0.573034,0.648649,0.55814,0.605263,0.632653,0.54902,0.627451,0.673469,0.696629,0.585586,0.682692,0.59375,0.701923,0.59375,0.611111,0.609091,0.584158,0.757576,0.589286,0.693182,0.560345,0.642857,0.614583,0.605769,0.575472,0.595745,0.663265,0.568627,0.598039,0.581633,0.670213,0.622642,0.582524,0.628866,0.548387,0.64486,0.569892,0.64486,0.653061,0.588235,0.598131,0.602151,0.657658,0.606742,0.670213,0.613208,0.56701,0.524272,0.686869,0.663366,0.60396,0.626263,0.553398,0.556701,0.619048,0.536842,0.604396,0.559633,0.666667,0.589474,0.576087,0.712963,0.623762,0.565657,0.568627,0.612245,0.635514,0.580645,0.612613,0.58427,0.54902,0.612245,0.552941,0.573913,0.618557,0.669903,0.563107,0.57732,0.608696,0.564815,
10800,0.583333,0.641304,0.621053,0.638095,0.581818,0.6,0.571429,0.598039,0.595506,0.657658,0.632653,0.588235,0.570093,0.612903,0.652174,0.648148,0.676471,0.642857,0.566265,0.726496,0.65625,0.653846,0.611765,0.686957,0.59596,0.633663,0.529412,0.653061,0.645833,0.625,0.520833,0.615385,0.55102,0.480392,0.564356,0.606061,0.601942,0.556701,0.623762,0.686869,0.554455,0.565657,0.632075,0.574468,0.650602,0.564103,0.680412,0.563107,0.54717,0.680851,0.561905,0.684211,0.632075,0.670213,0.509091,0.655556,0.580645,0.607477,0.592233,0.618557,0.659574,0.603774,0.602151,0.560748,0.544554,0.656566,0.621359,0.628866,0.542056,0.591398,0.607843,0.612245,0.663462,0.53125,0.59,0.61,0.612903,0.495327,0.537736,0.574468,0.641509,0.531915,0.635417,0.567308,0.634409,0.616822,0.634409,0.514019,0.476744,0.561404,0.557692,0.666667,0.567308,0.59375,0.621053,0.552381,0.515152,0.643564,0.530612,0.54902,
11000,0.537634,0.719626,0.567308,0.614583,0.591837,0.558824,0.489796,0.598039,0.571429,0.578947,0.635514,0.655914,0.636364,0.677778,0.582524,0.731959,0.527778,0.608696,0.551402,0.602151,0.572917,0.519231,0.585106,0.59434,0.685393,0.567568,0.621053,0.619048,0.771739,0.638889,0.71134,0.563107,0.768293,0.644068,0.72093,0.570175,0.625,0.625,0.71134,0.563107,0.673077,0.645833,0.662651,0.57265,0.628571,0.578947,0.62,0.48,0.675439,0.523256,0.598039,0.673469,0.679245,0.62766,0.553398,0.608247,0.601942,0.670103,0.596154,0.6875,0.65,0.47,0.548387,0.570093,0.561224,0.529412,0.54,0.62,0.617021,0.641509,0.610526,0.695238,0.568627,0.653061,0.62069,0.666667,0.594059,0.686869,0.565657,0.623762,0.554455,0.585859,0.625,0.634615,0.653061,0.568627,0.59375,0.557692,0.656863,0.622449,0.619565,0.611111,0.679245,0.521277,0.701031,0.592233,0.619565,0.657407,0.676768,0.60396,
11200,0.672566,0.586207,0.571429,0.686275,0.527273,0.544444,0.6,0.64,0.628866,0.582524,0.744444,0.581818,0.574257,0.616162,0.548387,0.588785,0.601942,0.701031,0.608696,0.472222,0.656566,0.554455,0.632075,0.595745,0.625,0.598214,0.66,0.53,0.519608,0.683673,0.628866,0.582524,0.555556,0.683168,0.474747,0.643564,0.680412,0.679612,0.556604,0.638298,0.580952,0.589474,0.505495,0.568807,0.577982,0.56044,0.543689,0.680412,0.60396,0.585859,0.568182,0.633929,0.623656,0.728972,0.692308,0.729167,0.616162,0.564356,0.63,0.65,0.597826,0.657407,0.640777,0.57732,0.566667,0.663636,0.575221,0.655172,0.571429,0.610526,0.686275,0.591837,0.606838,0.578313,0.569892,0.64486,0.536842,0.580952,0.505495,0.669725,0.666667,0.534653,0.6,0.704762,0.633663,0.707071,0.626374,0.568807,0.689655,0.530973,0.57,0.59,0.505263,0.628571,0.571429,0.568807,0.612903,0.542056,0.527473,0.46789,
11400,0.619048,0.534483,0.688679,0.648936,0.607477,0.569892,0.644231,0.625,0.646341,0.59322,0.636364,0.577778,0.681818,0.5625,0.648936,0.669811,0.556604,0.553191,0.695238,0.621053,0.557895,0.580952,0.612245,0.598039,0.605769,0.53125,0.650485,0.536082,0.521277,0.584906,0.510204,0.558824,0.51087,0.564815,0.548077,0.572917,0.542553,0.537736,0.5,0.552083,0.505376,0.579439,0.69697,0.594059,0.541284,0.571429,0.578431,0.714286,0.67033,0.605505,0.524752,0.585859,0.571429,0.577982,0.63,0.53,0.623853,0.615385,0.649573,0.566265,0.607477,0.634409,0.634615,0.520833,0.475248,0.626263,0.571429,0.557895,0.651163,0.675439,0.598039,0.489796,0.65,0.57,0.634409,0.570093,0.618557,0.621359,0.666667,0.581633,0.609524,0.578947,0.583333,0.557692,0.643564,0.626263,0.490196,0.520408,0.556701,0.601942,0.585859,0.564356,0.654206,0.655914,0.609091,0.622222,0.617021,0.632075,0.588235,0.612245,
11600,0.642857,0.578431,0.515789,0.695238,0.639175,0.601942,0.505495,0.688073,0.585859,0.584158,0.534653,0.626263,0.6,0.547368,0.549451,0.678899,0.628866,0.495146,0.525773,0.582524,0.568966,0.547619,0.683168,0.666667,0.490385,0.645833,0.583333,0.619565,0.612245,0.54902,0.54717,0.595745,0.524272,0.546392,0.61165,0.597938,0.634146,0.567797,0.618557,0.553398,0.645833,0.692308,0.639175,0.533981,0.632653,0.647059,0.560748,0.580645,0.49,0.59,0.572917,0.519231,0.5,0.633333,0.535714,0.5,0.606383,0.632075,0.626263,0.584158,0.673684,0.619048,0.577982,0.593407,0.633028,0.549451,0.652174,0.537037,0.572917,0.596154,0.540816,0.588235,0.62,0.63,0.628319,0.632184,0.571429,0.647727,0.5,0.54,0.648936,0.632075,0.49505,0.545455,0.65625,0.663462,0.588235,0.634783,0.673469,0.666667,0.601942,0.556701,0.625,0.6,0.585859,0.60396,0.656863,0.704082,0.628571,0.736842,
11800,0.543478,0.648148,0.520408,0.617647,0.688679,0.638298,0.67033,0.559633,0.615385,0.59375,0.595745,0.603774,0.582418,0.59633,0.633333,0.545455,0.633929,0.511364,0.54717,0.62766,0.669903,0.587629,0.567308,0.541667,0.6,0.71,0.568627,0.55102,0.634615,0.614583,0.631068,0.608247,0.525253,0.554455,0.640777,0.608247,0.585586,0.617978,0.526882,0.551402,0.636364,0.622222,0.591837,0.598039,0.547368,0.638095,0.595745,0.54717,0.571429,0.652632,0.637255,0.622449,0.617021,0.556604,0.574074,0.75,0.628866,0.61165,0.569892,0.504673,0.61,0.56,0.627907,0.587719,0.645161,0.579439,0.652632,0.628571,0.540541,0.617978,0.630252,0.641975,0.533981,0.618557,0.623656,0.495327,0.588235,0.602041,0.614679,0.549451,0.612245,0.539216,0.722772,0.666667,0.510417,0.605769,0.656566,0.613861,0.564815,0.565217,0.626263,0.594059,0.727273,0.564356,0.605769,0.541667,0.568627,0.510204,0.654206,0.537634,
12000,0.672897,0.580645,0.608696,0.546296,0.554455,0.656566,0.642857,0.578431,0.521277,0.603774,0.563107,0.536082,0.54902,0.653061,0.692308,0.614583,0.6,0.621053,0.572917,0.605769,0.55102,0.529412,0.564815,0.652174,0.53125,0.586538,0.621622,0.52809,0.548387,0.579439,0.638095,0.6,0.608247,0.61165,0.586538,0.625,0.528302,0.659574,0.495413,0.615385,0.636364,0.653465,0.6,0.533333,0.651376,0.626374,0.490385,0.625,0.561798,0.693694,0.555556,0.594059,0.621053,0.580952,0.608696,0.592593,0.585586,0.505618,0.627451,0.591837,0.509091,0.588889,0.553398,0.618557,0.621053,0.628571,0.645833,0.701923,0.637255,0.530612,0.637255,0.591837,0.611111,0.7,0.580952,0.705263,0.622642,0.617021,0.630631,0.617978,0.6,0.54,0.59633,0.615385,0.693069,0.565657,0.618557,0.631068,0.557895,0.571429,0.567568,0.539326,0.588235,0.540816,0.586538,0.604167,0.683673,0.598039,0.582524,0.536082,
12200,0.593407,0.550459,0.650485,0.670103,0.663366,0.575758,0.717391,0.546296,0.568182,0.517857,0.579439,0.602151,0.663462,0.572917,0.607477,0.645161,0.727273,0.758929,0.676471,0.693878,0.547368,0.609524,0.653061,0.578431,0.561798,0.594595,0.55914,0.560748,0.574257,0.565657,0.56701,0.660194,0.544554,0.69697,0.521277,0.754717,0.516854,0.630631,0.672897,0.55914,0.533981,0.597938,0.602041,0.54902,0.556604,0.542553,0.584158,0.646465,0.510638,0.556604,0.514019,0.569892,0.627273,0.6,0.602151,0.598131,0.628571,0.631579,0.61,0.59,0.607143,0.613636,0.692308,0.6875,0.652632,0.590476,0.553191,0.575472,0.601852,0.684783,0.618182,0.544444,0.621053,0.590476,0.525253,0.574257,0.69,0.62,0.610526,0.657143,0.58427,0.630631,0.627451,0.5,0.516484,0.541284,0.625,0.6875,0.505155,0.640777,0.634615,0.510417,0.575472,0.670213,0.616162,0.524752,0.591398,0.514019,0.615385,0.559633,
12400,0.572816,0.670103,0.552083,0.5,0.572816,0.608247,0.548387,0.635514,0.505882,0.626087,0.644231,0.645833,0.548077,0.645833,0.588785,0.451613,0.449438,0.648649,0.585859,0.554455,0.548077,0.645833,0.521739,0.546296,0.628571,0.610526,0.614458,0.581197,0.584906,0.62766,0.578431,0.5,0.563107,0.525773,0.672897,0.569892,0.638095,0.631579,0.634409,0.588785,0.730769,0.479167,0.494737,0.571429,0.694118,0.66087,0.545455,0.683168,0.641509,0.617021,0.653465,0.565657,0.602041,0.617647,0.56383,0.584906,0.555556,0.534653,0.635294,0.582609,0.592233,0.525773,0.534653,0.545455,0.625,0.666667,0.660194,0.680412,0.644231,0.552083,0.656566,0.663366,0.649485,0.631068,0.669903,0.546392,0.535354,0.643564,0.598039,0.632653,0.612245,0.656863,0.527778,0.597826,0.666667,0.654206,0.607843,0.55102,0.675926,0.586957,0.643478,0.623529,0.569767,0.552632,0.683168,0.686869,0.672897,0.666667,0.672897,0.623656,
12600,0.544554,0.565657,0.557895,0.571429,0.545455,0.544643,0.55102,0.656863,0.706522,0.583333,0.62766,0.566038,0.654206,0.526882,0.591398,0.588785,0.526786,0.579545,0.618557,0.543689,0.682353,0.634783,0.652174,0.635294,0.679245,0.606383,0.679612,0.608247,0.551402,0.505376,0.635417,0.586538,0.622449,0.607843,0.702128,0.556604,0.633028,0.571429,0.634409,0.560748,0.614679,0.582418,0.714286,0.62963,0.655914,0.588785,0.730769,0.645833,0.678571,0.670455,0.61,0.58,0.494845,0.543689,0.516129,0.579439,0.57732,0.640777,0.510638,0.528302,0.572816,0.670103,0.622449,0.578431,0.609524,0.557895,0.57,0.54,0.663551,0.580645,0.55814,0.622807,0.585859,0.594059,0.656863,0.632653,0.576923,0.645833,0.666667,0.673469,0.597826,0.62037,0.666667,0.616279,0.564815,0.597826,0.646465,0.653465,0.637255,0.642857,0.561798,0.693694,0.656566,0.584158,0.61,0.6,0.533981,0.484536,0.524272,0.587629,
12800,0.558824,0.591837,0.533333,0.631579,0.627451,0.642857,0.505051,0.623762,0.617978,0.603604,0.521277,0.603774,0.6,0.580952,0.605769,0.65625,0.691489,0.566038,0.647727,0.651786,0.57,0.62,0.554348,0.490741,0.617647,0.622449,0.520325,0.597403,0.536082,0.621359,0.490196,0.683673,0.593023,0.605263,0.666667,0.53271,0.649485,0.631068,0.6,0.610526,0.685714,0.684211,0.5875,0.591667,0.59375,0.519231,0.602041,0.647059,0.634615,0.479167,0.659574,0.575472,0.644231,0.614583,0.701031,0.61165,0.669565,0.611765,0.653061,0.627451,0.616071,0.590909,0.628571,0.589474,0.527473,0.587156,0.574257,0.646465,0.539216,0.612245,0.634783,0.552941,0.626168,0.55914,0.550459,0.582418,0.59434,0.62766,0.565217,0.546296,0.583333,0.652174,0.514851,0.575758,0.577982,0.582418,0.669811,0.617021,0.655914,0.64486,0.613861,0.646465,0.554455,0.555556,0.586538,0.552083,0.52,0.64,0.592233,0.608247,
13000,0.633663,0.666667,0.684783,0.685185,0.566372,0.54023,0.648352,0.495413,0.5,0.586957,0.613861,0.676768,0.615385,0.605505,0.532609,0.611111,0.58,0.64,0.623932,0.626506,0.520833,0.673077,0.580645,0.551402,0.590909,0.588889,0.53271,0.677419,0.659574,0.603774,0.670213,0.650943,0.766667,0.6,0.588235,0.571429,0.596154,0.520833,0.610619,0.655172,0.515152,0.584158,0.520408,0.568627,0.546296,0.793478,0.56044,0.633028,0.611111,0.619565,0.543689,0.587629,0.709091,0.511111,0.666667,0.589474,0.561905,0.526316,0.598214,0.659091,0.597938,0.504854,0.608696,0.638889,0.6,0.611765,0.577982,0.659341,0.633663,0.616162,0.621622,0.696629,0.644231,0.520833,0.689655,0.59292,0.578431,0.581633,0.578947,0.580952,0.641509,0.531915,0.58,0.51,0.672897,0.612903,0.509434,0.521277,0.53211,0.593407,0.650943,0.553191,0.651163,0.587719,0.568627,0.632653,0.623656,0.542056,0.632075,0.670213,
13200,0.632184,0.504425,0.640777,0.628866,0.611111,0.672727,0.633333,0.645455,0.618557,0.563107,0.555556,0.597826,0.5625,0.663462,0.612613,0.58427,0.555556,0.619565,0.53211,0.648352,0.481481,0.630435,0.57732,0.699029,0.545455,0.517857,0.690265,0.551724,0.5625,0.663462,0.580952,0.684211,0.457143,0.6,0.617978,0.612613,0.666667,0.623762,0.641509,0.62766,0.583333,0.619565,0.617391,0.529412,0.625,0.677083,0.635417,0.567308,0.58,0.53,0.651376,0.582418,0.644231,0.65625,0.640777,0.474227,0.6,0.695238,0.608696,0.583333,0.610526,0.638095,0.68,0.54,0.571429,0.656863,0.485714,0.610526,0.596154,0.583333,0.589474,0.619048,0.586538,0.625,0.551402,0.548387,0.566667,0.609091,0.67,0.58,0.655556,0.572727,0.612245,0.617647,0.597938,0.601942,0.652632,0.638095,0.593407,0.623853,0.675214,0.60241,0.617021,0.613208,0.561224,0.627451,0.623762,0.646465,0.648936,0.650943,
13400,0.663462,0.666667,0.606557,0.564103,0.621622,0.640449,0.634615,0.666667,0.730769,0.583333,0.607143,0.586207,0.585859,0.653465,0.580952,0.589474,0.581633,0.627451,0.634615,0.625,0.5625,0.625,0.587629,0.524272,0.634615,0.6875,0.659341,0.605505,0.634615,0.59375,0.578431,0.591837,0.606838,0.626506,0.572917,0.519231,0.642857,0.558824,0.684211,0.495238,0.616162,0.524752,0.587629,0.514563,0.625,0.5625,0.61165,0.474227,0.640777,0.56701,0.646465,0.673267,0.636364,0.625,0.574713,0.566372,0.612903,0.616822,0.616162,0.653465,0.539216,0.602041,0.541667,0.576923,0.669811,0.648936,0.631068,0.659794,0.6,0.6,0.56383,0.575472,0.65,0.56,0.574257,0.666667,0.527473,0.504587,0.57,0.52,0.569892,0.626168,0.637255,0.642857,0.552941,0.582609,0.62037,0.565217,0.553398,0.546392,0.575758,0.524752,0.597938,0.563107,0.490566,0.56383,0.598131,0.548387,0.578431,0.561224,
13600,0.579439,0.569892,0.59434,0.595745,0.650485,0.608247,0.65625,0.615385,0.565217,0.601852,0.626263,0.60396,0.634783,0.635294,0.639175,0.592233,0.617647,0.571429,0.738739,0.58427,0.644231,0.625,0.59292,0.701149,0.616822,0.55914,0.526316,0.638095,0.564356,0.606061,0.547368,0.580952,0.587629,0.61165,0.509434,0.478723,0.71,0.59,0.619565,0.592593,0.51,0.57,0.66,0.71,0.568627,0.520408,0.609091,0.588889,0.646465,0.623762,0.5625,0.567308,0.606061,0.653465,0.642105,0.685714,0.571429,0.705882,0.623762,0.585859,0.596491,0.604651,0.538462,0.666667,0.575758,0.643564,0.585859,0.594059,0.583333,0.576923,0.642857,0.607843,0.632653,0.666667,0.56383,0.584906,0.694737,0.580952,0.558559,0.606742,0.574468,0.59434,0.682692,0.677083,0.56,0.58,0.653061,0.558824,0.625,0.701923,0.580952,0.663158,0.572727,0.611111,0.521739,0.601852,0.552083,0.653846,0.626263,0.554455,
13800,0.617978,0.576577,0.608247,0.582524,0.526316,0.609524,0.602041,0.627451,0.644444,0.581818,0.66,0.52,0.64,0.59,0.534653,0.69697,0.643564,0.656566,0.592233,0.525773,0.660377,0.670213,0.580247,0.563025,0.453608,0.592233,0.576923,0.729167,0.520833,0.596154,0.642202,0.494505,0.666667,0.561798,0.681416,0.643678,0.669811,0.606383,0.680412,0.61165,0.635294,0.6,0.585106,0.641509,0.645833,0.490385,0.553398,0.670103,0.609524,0.621053,0.615385,0.651376,0.594059,0.555556,0.479167,0.586538,0.505051,0.564356,0.589474,0.647619,0.598039,0.602041,0.618182,0.544444,0.55,0.69,0.597701,0.504425,0.650485,0.597938,0.633663,0.535354,0.594059,0.565657,0.602273,0.642857,0.610169,0.560976,0.619565,0.648148,0.663265,0.627451,0.597938,0.572816,0.596154,0.697917,0.603448,0.642857,0.536842,0.6,0.526882,0.570093,0.504587,0.56044,0.622449,0.598039,0.548077,0.625,0.604396,0.568807,
14000,0.579439,0.55914,0.65625,0.480769,0.647619,0.663158,0.614583,0.538462,0.568627,0.622449,0.547368,0.647619,0.389474,0.52381,0.593407,0.605505,0.628866,0.621359,0.617391,0.635294,0.574468,0.59434,0.582418,0.614679,0.62,0.59,0.593407,0.605505,0.670213,0.650943,0.646552,0.630952,0.663265,0.686275,0.57732,0.699029,0.686869,0.60396,0.673077,0.583333,0.607143,0.577586,0.659794,0.553398,0.577982,0.604396,0.66,0.67,0.520833,0.615385,0.602151,0.551402,0.5,0.520408,0.635417,0.586538,0.659794,0.601942,0.595745,0.622642,0.524272,0.57732,0.645455,0.666667,0.53125,0.596154,0.578947,0.628571,0.660377,0.468085,0.548387,0.598131,0.6,0.6,0.572816,0.721649,0.57,0.68,0.5,0.585106,0.511111,0.609091,0.641509,0.553191,0.55102,0.558824,0.632653,0.54902,0.592233,0.649485,0.571429,0.642105,0.611111,0.572727,0.610526,0.609524,0.56383,0.556604,0.647059,0.540816,
14200,0.613208,0.574468,0.54,0.68,0.617647,0.653061,0.603604,0.707865,0.589474,0.657143,0.62,0.64,0.59375,0.625,0.681319,0.550459,0.604396,0.422018,0.587629,0.621359,0.614583,0.557692,0.569892,0.514019,0.685185,0.576087,0.567308,0.604167,0.614583,0.567308,0.575472,0.606383,0.578431,0.663265,0.541667,0.682692,0.54717,0.659574,0.511628,0.561404,0.587629,0.631068,0.626374,0.587156,0.678899,0.659341,0.690909,0.577778,0.666667,0.576923,0.528302,0.478723,0.626263,0.633663,0.670103,0.553398,0.645833,0.567308,0.588235,0.571429,0.682692,0.645833,0.625,0.586538,0.641667,0.6125,0.591398,0.542056,0.617021,0.575472,0.701923,0.572917,0.534091,0.517857,0.6,0.61,0.517241,0.619469,0.535088,0.581395,0.611111,0.636364,0.510204,0.578431,0.581818,0.588889,0.68,0.6,0.617978,0.54955,0.6,0.589474,0.53271,0.505376,0.606383,0.556604,0.636364,0.60396,0.605769,0.5625,
14400,0.561798,0.54955,0.568182,0.580357,0.612245,0.617647,0.582418,0.688073,0.743363,0.574713,0.565657,0.623762,0.605769,0.614583,0.572816,0.56701,0.568627,0.673469,0.627451,0.622449,0.575758,0.653465,0.617284,0.554622,0.634615,0.614583,0.672897,0.634409,0.62,0.56,0.585859,0.683168,0.651376,0.56044,0.677419,0.598131,0.581633,0.598039,0.663265,0.598039,0.645833,0.653846,0.739583,0.663462,0.636364,0.633929,0.568627,0.642857,0.633333,0.627273,0.614583,0.557692,0.626168,0.666667,0.552083,0.557692,0.653061,0.490196,0.55,0.49,0.655914,0.616822,0.505263,0.638095,0.529412,0.591837,0.606061,0.613861,0.525253,0.574257,0.544554,0.606061,0.574074,0.576087,0.538462,0.510417,0.615385,0.604167,0.646465,0.60396,0.723404,0.632075,0.597701,0.59292,0.5,0.673913,0.637168,0.586207,0.569892,0.588785,0.509804,0.673469,0.617284,0.512605,0.619048,0.6,0.75,0.630435,0.539326,0.585586,
14600,0.654867,0.609195,0.72,0.59,0.552083,0.586538,0.459184,0.54902,0.618557,0.524272,0.731183,0.626168,0.673913,0.509259,0.579439,0.645161,0.569892,0.579439,0.615385,0.638554,0.578947,0.619048,0.633663,0.59596,0.618557,0.572816,0.574713,0.575221,0.649485,0.679612,0.524752,0.535354,0.485149,0.474747,0.52381,0.547368,0.514563,0.587629,0.5,0.581633,0.557895,0.561905,0.666667,0.6,0.51,0.67,0.602041,0.607843,0.646018,0.735632,0.630631,0.674157,0.642857,0.627451,0.555556,0.564356,0.59375,0.644231,0.604396,0.651376,0.659341,0.633028,0.56,0.62,0.65625,0.596154,0.641509,0.617021,0.576577,0.617978,0.641304,0.685185,0.578947,0.628571,0.575758,0.594059,0.654867,0.563218,0.571429,0.589474,0.480392,0.683673,0.648148,0.630435,0.534653,0.535354,0.632075,0.542553,0.660377,0.595745,0.617647,0.602041,0.54,0.56,0.520408,0.607843,0.657658,0.651685,0.615385,0.677083,
14800,0.5,0.612245,0.575758,0.663366,0.54902,0.561224,0.651163,0.552632,0.641509,0.574468,0.556604,0.606383,0.680851,0.632075,0.604396,0.577982,0.51,0.64,0.608247,0.524272,0.579439,0.602151,0.626168,0.537634,0.561905,0.557895,0.557692,0.479167,0.677419,0.663551,0.655914,0.551402,0.659574,0.566038,0.654545,0.622222,0.583333,0.619565,0.666667,0.557895,0.674157,0.531532,0.582609,0.635294,0.563107,0.505155,0.642105,0.52381,0.642857,0.617647,0.696078,0.561224,0.531532,0.685393,0.616162,0.584158,0.647059,0.489796,0.631579,0.685714,0.576923,0.604167,0.7,0.58,0.577982,0.56044,0.674157,0.594595,0.639175,0.553398,0.56383,0.575472,0.636364,0.555556,0.570093,0.677419,0.60396,0.626263,0.566667,0.563636,0.576923,0.583333,0.584158,0.616162,0.625,0.538462,0.536364,0.622222,0.527778,0.728261,0.575472,0.638298,0.616071,0.636364,0.561224,0.54902,0.53211,0.582418,0.557692,0.583333,
15000,0.606383,0.537736,0.443299,0.553398,0.646465,0.574257,0.728155,0.597938,0.560748,0.591398,0.549451,0.559633,0.526316,0.695238,0.5625,0.634615,0.663551,0.634409,0.596154,0.583333,0.583333,0.528846,0.556701,0.495146,0.707071,0.524752,0.472727,0.555556,0.57732,0.475728,0.673267,0.545455,0.655914,0.588785,0.596154,0.552083,0.578431,0.540816,0.602151,0.523364,0.576087,0.611111,0.628866,0.640777,0.59375,0.644231,0.643564,0.636364,0.6,0.52,0.650485,0.56701,0.571429,0.547368,0.618557,0.61165,0.569767,0.578947,0.598039,0.55102,0.534091,0.607143,0.533981,0.649485,0.616162,0.514851,0.642105,0.609524,0.663366,0.59596,0.566667,0.6,0.59596,0.554455,0.653061,0.588235,0.610619,0.655172,0.571429,0.586207,0.538462,0.559633,0.548077,0.5625,0.578431,0.55102,0.58427,0.594595,0.579545,0.678571,0.574074,0.652174,0.703704,0.630435,0.64,0.54,0.595506,0.513514,0.64486,0.677419,
15200,0.551724,0.654762,0.575758,0.584158,0.611111,0.652174,0.607477,0.602151,0.567568,0.595506,0.601942,0.57732,0.608247,0.679612,0.468085,0.584906,0.613208,0.617021,0.6,0.684211,0.652174,0.576471,0.754902,0.673469,0.623656,0.654206,0.635417,0.673077,0.654206,0.548387,0.529412,0.622449,0.54386,0.651163,0.553571,0.488636,0.552083,0.615385,0.580645,0.663551,0.616822,0.602151,0.536082,0.601942,0.516854,0.594595,0.514286,0.536842,0.515464,0.601942,0.555556,0.6,0.651685,0.612613,0.549451,0.59633,0.569892,0.672897,0.515789,0.609524,0.701031,0.699029,0.691589,0.655914,0.643564,0.616162,0.698925,0.635514,0.477273,0.625,0.531915,0.45283,0.59375,0.692308,0.538462,0.614679,0.571429,0.652632,0.676471,0.673469,0.587629,0.61165,0.583333,0.652174,0.617021,0.669811,0.585859,0.584158,0.643678,0.477876,0.529412,0.643478,0.517241,0.690265,0.579545,0.616071,0.583333,0.673077,0.598039,0.55102,
15400,0.550459,0.604396,0.571429,0.598039,0.557895,0.561905,0.712766,0.603774,0.530612,0.637255,0.636364,0.564356,0.670213,0.622642,0.686275,0.479592,0.642105,0.704762,0.653846,0.65625,0.618557,0.524272,0.630435,0.666667,0.504854,0.608247,0.608247,0.650485,0.617647,0.561224,0.695652,0.564706,0.572816,0.597938,0.554348,0.638889,0.593407,0.559633,0.669903,0.57732,0.571429,0.509804,0.509804,0.540816,0.558824,0.520408,0.635514,0.645161,0.613861,0.555556,0.560748,0.55914,0.603774,0.553191,0.640777,0.618557,0.636364,0.660714,0.666667,0.551402,0.520833,0.567308,0.623762,0.525253,0.69,0.55,0.6,0.647619,0.608696,0.62963,0.642857,0.627451,0.627907,0.640351,0.55,0.64,0.597938,0.543689,0.647727,0.633929,0.584071,0.712644,0.579439,0.591398,0.607477,0.591398,0.54955,0.58427,0.645833,0.644231,0.66,0.61,0.648148,0.597826,0.625,0.692308,0.61165,0.56701,0.598039,0.612245,
15600,0.59375,0.567308,0.663265,0.647059,0.559633,0.692308,0.613636,0.598214,0.543689,0.56701,0.64,0.61,0.612903,0.682243,0.594059,0.565657,0.65625,0.557692,0.716981,0.531915,0.648148,0.684783,0.579439,0.612903,0.6,0.44,0.563107,0.597938,0.59633,0.582418,0.571429,0.59633,0.520408,0.715686,0.547368,0.609524,0.597938,0.601942,0.508929,0.659091,0.44898,0.568627,0.591398,0.64486,0.656566,0.653465,0.652632,0.609524,0.59,0.65,0.648936,0.688679,0.585106,0.566038,0.529412,0.622449,0.598039,0.653061,0.71134,0.708738,0.684685,0.516854,0.595745,0.584906,0.564356,0.616162,0.634615,0.59375,0.60177,0.62069,0.663158,0.6,0.666667,0.635514,0.637255,0.540816,0.677083,0.605769,0.617021,0.669811,0.634615,0.59375,0.646465,0.594059,0.654867,0.62069,0.58,0.72,0.635514,0.612903,0.663158,0.571429,0.606061,0.584158,0.637363,0.568807,0.585859,0.613861,0.557895,0.628571,
15800,0.669811,0.56383,0.709677,0.626168,0.556701,0.475728,0.466667,0.505263,0.515152,0.554455,0.598131,0.580645,0.588235,0.510204,0.6,0.610526,0.527273,0.622222,0.542857,0.621053,0.566038,0.585106,0.572816,0.618557,0.636364,0.620253,0.639175,0.61165,0.583333,0.557692,0.556701,0.582524,0.611111,0.48913,0.663462,0.666667,0.62,0.55,0.633028,0.428571,0.582524,0.597938,0.651786,0.568182,0.561224,0.617647,0.518519,0.576087,0.639175,0.543689,0.542056,0.55914,0.652632,0.590476,0.67,0.7,0.565217,0.555556,0.558824,0.489796,0.59,0.65,0.598131,0.591398,0.526882,0.485981,0.5,0.606383,0.576923,0.614583,0.647059,0.663265,0.472727,0.488889,0.569892,0.551402,0.526882,0.654206,0.56,0.6,0.6,0.522222,0.647059,0.44898,0.521739,0.638889,0.651685,0.630631,0.612245,0.666667,0.514563,0.597938,0.54902,0.653061,0.7,0.533333,0.541667,0.625,0.715789,0.590476,
16000,0.633929,0.534091,0.645161,0.635514,0.693069,0.59596,0.704545,0.580357,0.53125,0.519231,0.524272,0.587629,0.617647,0.561224,0.544554,0.606061,0.633929,0.556818,0.446602,0.628866,0.571429,0.526316,0.514563,0.515464,0.673913,0.574074,0.636364,0.554455,0.575472,0.531915,0.566038,0.478723,0.712766,0.471698,0.633929,0.625,0.63,0.66,0.565657,0.60396,0.595745,0.660377,0.439655,0.595238,0.591398,0.626168,0.583333,0.543478,0.598039,0.683673,0.646465,0.544554,0.565657,0.653465,0.595745,0.603774,0.584158,0.555556,0.576577,0.617978,0.609524,0.547368,0.676471,0.571429,0.641304,0.648148,0.529412,0.673469,0.678571,0.659091,0.673267,0.626263,0.629213,0.603604,0.571429,0.605505,0.535354,0.524752,0.533981,0.556701,0.657658,0.629213,0.625,0.730769,0.622807,0.465116,0.59596,0.584158,0.611111,0.641304,0.58,0.56,0.65,0.59,0.6875,0.605769,0.67619,0.642105,0.52,0.63,
16200,0.609091,0.544444,0.572816,0.639175,0.588785,0.569892,0.639175,0.553398,0.604651,0.710526,0.47619,0.557895,0.673469,0.598039,0.552083,0.634615,0.605769,0.541667,0.666667,0.673077,0.552083,0.701923,0.461538,0.677083,0.575758,0.683168,0.521739,0.588235,0.47619,0.631579,0.571429,0.578431,0.484536,0.61165,0.509434,0.574468,0.588889,0.654545,0.613861,0.59596,0.626374,0.568807,0.574074,0.586957,0.495146,0.556701,0.652174,0.666667,0.59596,0.693069,0.59322,0.512195,0.653846,0.583333,0.62766,0.575472,0.622222,0.581818,0.58,0.67,0.580357,0.625,0.663366,0.535354,0.553191,0.59434,0.603774,0.542553,0.708333,0.576923,0.576471,0.678261,0.617647,0.540816,0.626168,0.623656,0.632075,0.606383,0.625,0.586538,0.54,0.57,0.59,0.71,0.57732,0.679612,0.570093,0.741935,0.630631,0.505618,0.663366,0.626263,0.584906,0.574468,0.704082,0.588235,0.535714,0.556818,0.57732,0.563107,
16400,0.521739,0.703704,0.591304,0.470588,0.510638,0.59434,0.640777,0.56701,0.680672,0.580247,0.69,0.6,0.525253,0.60396,0.72093,0.508772,0.588785,0.602151,0.616162,0.732673,0.646465,0.554455,0.579545,0.598214,0.615385,0.65625,0.606061,0.594059,0.588785,0.612903,0.494505,0.587156,0.58,0.63,0.59,0.64,0.548387,0.691589,0.632653,0.617647,0.601852,0.630435,0.570093,0.612903,0.594059,0.646465,0.630435,0.62963,0.638298,0.566038,0.613861,0.575758,0.515464,0.533981,0.724771,0.549451,0.602041,0.627451,0.564356,0.555556,0.608247,0.563107,0.588785,0.612903,0.6875,0.653846,0.642857,0.627451,0.56701,0.475728,0.569892,0.635514,0.576923,0.5625,0.509434,0.585106,0.484536,0.533981,0.61,0.57,0.64486,0.623656,0.745283,0.553191,0.618557,0.582524,0.56,0.45,0.591398,0.635514,0.598039,0.561224,0.571429,0.556818,0.591837,0.647059,0.592593,0.673913,0.589474,0.628571,
16600,0.559524,0.594828,0.641509,0.691489,0.542553,0.613208,0.571429,0.536842,0.662921,0.648649,0.574468,0.509434,0.587719,0.674419,0.648148,0.673913,0.607843,0.602041,0.632653,0.578431,0.57732,0.582524,0.608247,0.640777,0.643478,0.564706,0.5625,0.538462,0.674419,0.649123,0.611111,0.609091,0.591398,0.607477,0.594059,0.616162,0.653846,0.541667,0.598131,0.763441,0.678161,0.654867,0.6,0.695238,0.6,0.663158,0.582524,0.56701,0.546392,0.621359,0.5625,0.576923,0.634615,0.5625,0.54955,0.662921,0.55914,0.64486,0.590476,0.610526,0.589474,0.647619,0.528302,0.574468,0.613861,0.626263,0.72381,0.673684,0.643564,0.656566,0.504762,0.6,0.59596,0.643564,0.591837,0.617647,0.666667,0.636364,0.705882,0.561224,0.683673,0.607843,0.6,0.58,0.637255,0.602041,0.569892,0.682243,0.684783,0.601852,0.59,0.57,0.627451,0.55102,0.587156,0.626374,0.65,0.63,0.632653,0.656863,
16800,0.62963,0.641304,0.442308,0.666667,0.577778,0.545455,0.533333,0.7,0.494949,0.653465,0.60396,0.626263,0.53,0.55,0.645161,0.635514,0.616162,0.613861,0.515464,0.514563,0.552381,0.589474,0.642857,0.588235,0.673469,0.656863,0.733333,0.627273,0.592593,0.554348,0.6,0.55,0.657143,0.631579,0.540816,0.607843,0.577586,0.583333,0.641304,0.527778,0.608696,0.564706,0.553191,0.632075,0.583333,0.630435,0.594059,0.656566,0.638095,0.547368,0.568627,0.602041,0.604938,0.554622,0.619048,0.673684,0.576471,0.547826,0.542857,0.610526,0.573913,0.682353,0.612903,0.616822,0.572816,0.618557,0.647727,0.651786,0.688679,0.574468,0.635417,0.653846,0.587629,0.61165,0.655914,0.616822,0.628319,0.712644,0.69697,0.564356,0.649485,0.543689,0.61165,0.56701,0.703297,0.522936,0.614458,0.598291,0.534653,0.69697,0.565217,0.611111,0.660194,0.701031,0.567568,0.719101,0.527778,0.663043,0.7,0.52,
17000,0.54,0.69,0.631068,0.56701,0.626263,0.544554,0.58427,0.63964,0.645161,0.570093,0.666667,0.554455,0.594059,0.616162,0.658824,0.652174,0.645455,0.622222,0.663366,0.606061,0.626506,0.666667,0.59375,0.605769,0.638298,0.575472,0.581633,0.637255,0.597938,0.660194,0.561404,0.581395,0.561905,0.663158,0.708738,0.690722,0.706522,0.518519,0.6,0.609524,0.636364,0.574257,0.601942,0.515464,0.65,0.59,0.571429,0.568627,0.527778,0.586957,0.591837,0.539216,0.588785,0.526882,0.628866,0.475728,0.646552,0.678571,0.617647,0.5,0.568807,0.626374,0.638889,0.652174,0.65625,0.682692,0.633333,0.536364,0.605505,0.527473,0.589474,0.514286,0.609756,0.627119,0.618557,0.543689,0.603774,0.595745,0.61,0.63,0.622222,0.654545,0.6,0.515789,0.604167,0.682692,0.612245,0.617647,0.617021,0.632075,0.546392,0.533981,0.568627,0.591837,0.602041,0.627451,0.57732,0.533981,0.561224,0.607843,
17200,0.618557,0.485437,0.702128,0.537736,0.586957,0.583333,0.615385,0.604167,0.540816,0.637255,0.610526,0.619048,0.606742,0.576577,0.558824,0.683673,0.586957,0.462963,0.544554,0.565657,0.602041,0.637255,0.584071,0.609195,0.57732,0.61165,0.626263,0.60396,0.588235,0.704082,0.621622,0.651685,0.606061,0.564356,0.530612,0.568627,0.606383,0.59434,0.714286,0.59633,0.63,0.57,0.697917,0.644231,0.630952,0.62069,0.608696,0.62037,0.625,0.509615,0.678161,0.699115,0.655556,0.636364,0.573034,0.621622,0.578947,0.485714,0.479592,0.676471,0.676768,0.613861,0.511111,0.609091,0.593407,0.623853,0.606061,0.574257,0.58,0.69,0.581633,0.578431,0.701031,0.747573,0.616162,0.623762,0.734694,0.647059,0.595745,0.59434,0.57732,0.640777,0.59,0.6,0.592233,0.56701,0.5625,0.602273,0.649485,0.582524,0.617978,0.657658,0.592233,0.587629,0.524752,0.585859,0.542857,0.631579,0.62766,0.566038,
17400,0.663043,0.574074,0.663636,0.611111,0.657143,0.631579,0.673913,0.537037,0.653061,0.607843,0.528846,0.625,0.699029,0.556701,0.576923,0.65625,0.616162,0.60396,0.601942,0.525773,0.571429,0.550459,0.612613,0.696629,0.525253,0.564356,0.626087,0.576471,0.617021,0.641509,0.761905,0.694737,0.626168,0.612903,0.676768,0.554455,0.590476,0.652632,0.613861,0.676768,0.594595,0.550562,0.572917,0.519231,0.673267,0.575758,0.574074,0.641304,0.644444,0.536364,0.585586,0.606742,0.618557,0.553398,0.61165,0.484536,0.568182,0.589286,0.663462,0.604167,0.576923,0.645833,0.59375,0.625,0.564356,0.555556,0.585586,0.52809,0.638095,0.621053,0.544444,0.545455,0.574468,0.584906,0.52,0.59,0.61,0.63,0.576087,0.685185,0.55914,0.635514,0.56701,0.553398,0.608696,0.546296,0.552083,0.548077,0.62037,0.630435,0.677083,0.509615,0.544554,0.616162,0.558824,0.520408,0.625,0.571429,0.644444,0.618182,
17600,0.6,0.581818,0.602041,0.666667,0.637255,0.55102,0.474747,0.594059,0.626263,0.564356,0.636364,0.633663,0.534653,0.626263,0.551724,0.59292,0.637168,0.701149,0.651685,0.531532,0.633663,0.535354,0.606061,0.60396,0.6,0.56,0.603604,0.617978,0.583333,0.576087,0.755102,0.598039,0.648936,0.566038,0.579439,0.580645,0.616071,0.568182,0.683673,0.480392,0.645833,0.625,0.595506,0.684685,0.622449,0.539216,0.714286,0.59633,0.663265,0.617647,0.662791,0.605263,0.610619,0.632184,0.692308,0.626506,0.692308,0.541284,0.626168,0.580645,0.514851,0.616162,0.633333,0.663636,0.611111,0.543478,0.495146,0.546392,0.575472,0.638298,0.52,0.66,0.590476,0.642105,0.585106,0.698113,0.622642,0.585106,0.495327,0.526882,0.650485,0.484536,0.592593,0.630435,0.755102,0.666667,0.570175,0.593023,0.607843,0.581633,0.548387,0.700935,0.569892,0.654206,0.638095,0.610526,0.544554,0.686869,0.543478,0.527778,
17800,0.57,0.66,0.578431,0.642857,0.697917,0.548077,0.548387,0.542056,0.707071,0.633663,0.690722,0.650485,0.696078,0.55102,0.631579,0.52381,0.621359,0.536082,0.519231,0.65625,0.605769,0.625,0.537634,0.607477,0.621053,0.6,0.617391,0.611765,0.6,0.563636,0.614679,0.505495,0.71134,0.475728,0.638889,0.597826,0.672897,0.55914,0.64486,0.731183,0.641304,0.583333,0.543689,0.608247,0.679245,0.62766,0.569892,0.579439,0.656863,0.653061,0.511905,0.655172,0.704545,0.589286,0.629213,0.594595,0.52381,0.589474,0.676471,0.5,0.648936,0.650943,0.72549,0.540816,0.52,0.64,0.634409,0.616822,0.564356,0.646465,0.660377,0.595745,0.6,0.54,0.645833,0.576923,0.606383,0.490566,0.592593,0.586957,0.652174,0.583333,0.604396,0.605505,0.59633,0.615385,0.574468,0.698113,0.572816,0.505155,0.696078,0.55102,0.602041,0.509804,0.628866,0.533981,0.635514,0.580645,0.533333,0.545455,
18000,0.591398,0.626168,0.617647,0.581633,0.642202,0.637363,0.67619,0.652632,0.65,0.62,0.650943,0.659574,0.609524,0.621053,0.558824,0.591837,0.568421,0.657143,0.6,0.609524,0.611111,0.597826,0.673267,0.59596,0.569892,0.654206,0.550562,0.585586,0.514563,0.484536,0.559633,0.648352,0.642857,0.558824,0.591398,0.588785,0.71028,0.634409,0.564356,0.606061,0.691489,0.518868,0.574257,0.59596,0.690476,0.612069,0.596154,0.635417,0.63,0.68,0.495327,0.602151,0.601942,0.628866,0.592233,0.597938,0.432692,0.458333,0.686047,0.517544,0.564815,0.576087,0.559633,0.571429,0.511364,0.607143,0.625,0.715909,0.580952,0.589474,0.611111,0.630435,0.587629,0.621359,0.678899,0.494505,0.616162,0.613861,0.60396,0.636364,0.470588,0.591837,0.631579,0.616279,0.495327,0.623656,0.583333,0.519231,0.605769,0.59375,0.596154,0.572917,0.61,0.65,0.538462,0.715596,0.634409,0.64486,0.613208,0.62766,
18200,0.609524,0.557895,0.486486,0.629213,0.616071,0.704545,0.634615,0.520833,0.673077,0.489583,0.559633,0.593407,0.553191,0.575472,0.558824,0.520408,0.603774,0.606383,0.685185,0.652174,0.639175,0.708738,0.657143,0.6,0.666667,0.557895,0.57732,0.699029,0.575221,0.609195,0.598131,0.623656,0.6875,0.663462,0.609524,0.568421,0.58427,0.504505,0.648352,0.651376,0.692308,0.635417,0.591837,0.627451,0.565657,0.653465,0.505155,0.640777,0.609524,0.547368,0.585859,0.60396,0.540541,0.629213,0.612245,0.607843,0.588235,0.693878,0.631068,0.618557,0.589744,0.565574,0.550459,0.637363,0.682692,0.5625,0.597701,0.619469,0.6,0.591667,0.726316,0.619048,0.585859,0.623762,0.558824,0.571429,0.692308,0.59633,0.553191,0.54717,0.608247,0.660194,0.535714,0.612069,0.592593,0.586957,0.612245,0.656863,0.583333,0.653846,0.505155,0.592233,0.596154,0.604167,0.663366,0.484848,0.776699,0.474227,0.586957,0.666667,
18400,0.580952,0.631579,0.583333,0.625,0.673267,0.626263,0.618557,0.728155,0.622449,0.627451,0.677419,0.457944,0.643564,0.59596,0.642857,0.588235,0.612245,0.676471,0.575472,0.574468,0.670103,0.582524,0.635514,0.569892,0.703704,0.608696,0.554455,0.494949,0.598039,0.72449,0.585586,0.741573,0.478723,0.754717,0.473684,0.67619,0.461538,0.604167,0.602273,0.482143,0.59375,0.596154,0.708333,0.567308,0.51,0.59,0.54,0.63,0.617647,0.612245,0.612903,0.626168,0.634615,0.645833,0.642105,0.552381,0.6,0.568421,0.569892,0.635514,0.54386,0.604651,0.53,0.66,0.510204,0.696078,0.605263,0.604651,0.54902,0.612245,0.568807,0.604396,0.688172,0.626168,0.663043,0.648148,0.552381,0.6,0.62069,0.584071,0.591837,0.647059,0.627451,0.561224,0.550459,0.549451,0.578431,0.55102,0.622449,0.54902,0.696629,0.567568,0.655172,0.637168,0.590476,0.642105,0.622642,0.606383,0.585859,0.544554,
18600,0.673077,0.5625,0.677419,0.654206,0.519231,0.614583,0.565217,0.62963,0.520408,0.598039,0.52381,0.652632,0.577778,0.572727,0.614458,0.675214,0.688679,0.574468,0.578431,0.561224,0.602041,0.54902,0.685185,0.641304,0.59,0.73,0.602151,0.616822,0.757576,0.613861,0.64,0.64,0.524752,0.626263,0.645833,0.548077,0.524272,0.56701,0.590476,0.684211,0.557692,0.604167,0.656566,0.594059,0.534653,0.646465,0.62069,0.595238,0.636364,0.571429,0.621359,0.536082,0.54902,0.591837,0.693878,0.656863,0.55914,0.626168,0.607477,0.569892,0.631579,0.609524,0.690909,0.588889,0.708333,0.596154,0.627451,0.5,0.54,0.65,0.58,0.54,0.469565,0.529412,0.574257,0.656566,0.53,0.62,0.585859,0.643564,0.604167,0.596154,0.574257,0.636364,0.606061,0.544554,0.677778,0.627273,0.612245,0.441176,0.483871,0.579439,0.635514,0.645161,0.612903,0.626168,0.596154,0.572917,0.623762,0.676768,
18800,0.513274,0.574713,0.650485,0.597938,0.611111,0.586957,0.545455,0.633663,0.554455,0.686869,0.659794,0.592233,0.621359,0.649485,0.677419,0.719626,0.669725,0.615385,0.593407,0.614679,0.653846,0.635417,0.650943,0.62766,0.587156,0.637363,0.721649,0.572816,0.534653,0.585859,0.582418,0.504587,0.641304,0.62037,0.627451,0.520408,0.626263,0.60396,0.558824,0.734694,0.580952,0.6,0.505376,0.607477,0.616071,0.579545,0.612903,0.560748,0.684783,0.583333,0.519608,0.55102,0.6,0.56,0.520833,0.673077,0.644444,0.654545,0.514563,0.701031,0.611111,0.597826,0.618182,0.655556,0.62,0.57,0.579439,0.677419,0.690722,0.563107,0.541667,0.586538,0.605505,0.604396,0.644444,0.554545,0.653061,0.539216,0.554455,0.515152,0.651376,0.692308,0.601942,0.670103,0.59633,0.637363,0.634615,0.708333,0.649485,0.631068,0.571429,0.578947,0.598039,0.489796,0.59292,0.609195,0.623656,0.691589,0.617978,0.54955,
19000,0.686047,0.596491,0.568807,0.648352,0.623762,0.717172,0.657407,0.619565,0.544444,0.672727,0.575758,0.653465,0.556701,0.582524,0.546392,0.543689,0.472222,0.521739,0.524272,0.649485,0.504854,0.536082,0.528846,0.604167,0.511628,0.587719,0.494382,0.585586,0.46,0.63,0.619048,0.621053,0.61165,0.608247,0.65,0.64,0.627451,0.714286,0.604167,0.538462,0.591837,0.627451,0.613636,0.544643,0.589286,0.556818,0.618182,0.533333,0.530612,0.588235,0.633663,0.646465,0.6,0.62,0.505618,0.594595,0.669903,0.639175,0.642857,0.659091,0.509804,0.510204,0.605769,0.458333,0.613861,0.515152,0.568627,0.632653,0.589474,0.542857,0.644444,0.636364,0.606061,0.623762,0.586538,0.583333,0.524752,0.565657,0.495238,0.536842,0.623762,0.545455,0.666667,0.578947,0.520408,0.656863,0.514563,0.546392,0.63,0.76,0.573034,0.522523,0.48913,0.592593,0.628866,0.699029,0.579439,0.602151,0.683168,0.575758,
19200,0.580645,0.598131,0.588235,0.571429,0.534483,0.547619,0.623762,0.565657,0.587629,0.533981,0.575758,0.60396,0.585586,0.617978,0.580952,0.578947,0.575221,0.517241,0.552083,0.576923,0.5,0.673913,0.528736,0.522124,0.572727,0.622222,0.590909,0.553571,0.616162,0.465347,0.572917,0.625,0.533333,0.578947,0.59633,0.604396,0.591398,0.551402,0.58,0.63,0.552381,0.578947,0.590909,0.633333,0.680851,0.566038,0.591398,0.457944,0.68932,0.57732,0.56,0.66,0.640351,0.627907,0.606061,0.514851,0.526882,0.560748,0.641026,0.638554,0.645161,0.672897,0.604396,0.66055,0.56383,0.537736,0.659341,0.587156,0.609524,0.642105,0.697917,0.576923,0.597938,0.592233,0.62766,0.641509,0.631579,0.651163,0.669643,0.636364,0.585106,0.613208,0.551402,0.602151,0.566667,0.654545,0.625,0.596154,0.585859,0.534653,0.632653,0.588235,0.63,0.66,0.576923,0.614583,0.610526,0.533333,0.57,0.51,
19400,0.633663,0.646465,0.554217,0.623932,0.602041,0.54902,0.731959,0.553398,0.670103,0.699029,0.527778,0.630435,0.54902,0.5,0.60177,0.62069,0.636364,0.732143,0.597826,0.518519,0.56,0.55,0.557522,0.632184,0.58,0.53,0.636364,0.544554,0.601852,0.641304,0.510638,0.660377,0.516854,0.576577,0.67033,0.66055,0.62,0.58,0.574257,0.646465,0.594059,0.707071,0.520833,0.634615,0.574468,0.669811,0.537634,0.691589,0.603604,0.662921,0.557895,0.552381,0.549451,0.697248,0.635514,0.634409,0.699029,0.659794,0.637168,0.62069,0.689655,0.52381,0.542553,0.641509,0.609524,0.610526,0.588889,0.718182,0.427083,0.605769,0.583333,0.701923,0.597826,0.583333,0.560748,0.602151,0.601852,0.641304,0.76087,0.62037,0.594059,0.555556,0.60396,0.646465,0.633929,0.613636,0.554455,0.585859,0.625,0.633929,0.584158,0.666667,0.597826,0.546296,0.634615,0.604167,0.587629,0.621359,0.568421,0.67619,
19600,0.56383,0.537736,0.57,0.58,0.782178,0.505051,0.521277,0.59434,0.623762,0.626263,0.666667,0.635514,0.681818,0.655556,0.573034,0.45045,0.54902,0.571429,0.551724,0.513274,0.597938,0.61165,0.604167,0.634615,0.49505,0.515152,0.68,0.55,0.712766,0.669811,0.609195,0.548673,0.57732,0.543689,0.59596,0.554455,0.650485,0.556701,0.447917,0.586538,0.568182,0.616071,0.675926,0.673913,0.62766,0.641509,0.659794,0.621359,0.610619,0.574713,0.643564,0.585859,0.520833,0.576923,0.550562,0.693694,0.701149,0.575221,0.506024,0.555556,0.607477,0.666667,0.627451,0.591837,0.62766,0.669811,0.555556,0.524752,0.71875,0.711538,0.587629,0.524272,0.584158,0.656566,0.663158,0.609524,0.606061,0.574257,0.578431,0.704082,0.490566,0.62766,0.522124,0.586207,0.53271,0.623656,0.494845,0.621359,0.678161,0.637168,0.479167,0.605769,0.558559,0.539326,0.5625,0.605769,0.612245,0.598039,0.634615,0.541667,
19800,0.552381,0.694737,0.623762,0.585859,0.587156,0.681319,0.519608,0.561224,0.646465,0.49505,0.614583,0.605769,0.578431,0.581633,0.555556,0.630435,0.642857,0.578431,0.6875,0.613636,0.543689,0.608247,0.636364,0.633333,0.575472,0.574468,0.619565,0.62037,0.494737,0.619048,0.509615,0.604167,0.547368,0.580952,0.576923,0.604167,0.6,0.61,0.633333,0.490909,0.625,0.571429,0.59434,0.680851,0.515464,0.582524,0.694737,0.571429,0.605769,0.572917,0.622642,0.489362,0.683673,0.578431,0.625,0.5,0.653061,0.529412,0.605769,0.614583,0.560345,0.571429,0.556701,0.621359,0.567901,0.529412,0.576923,0.614583,0.59596,0.643564,0.617021,0.54717,0.666667,0.596154,0.544554,0.535354,0.557895,0.666667,0.509259,0.684783,0.673267,0.656566,0.632653,0.647059,0.586538,0.614583,0.598039,0.602041,0.566667,0.654545,0.65,0.49,0.613861,0.565657,0.592593,0.706522,0.555556,0.584158,0.626374,0.568807,
20000,0.659794,0.582524,0.636364,0.574257,0.592233,0.670103,0.689655,0.619469,0.597938,0.640777,0.632653,0.656863,0.666667,0.632653,0.575472,0.606383,0.659341,0.587156,0.637255,0.663265,0.6,0.544444,0.539216,0.561224,0.625,0.604167,0.666667,0.569767,0.74,0.65,0.613861,0.69697,0.663551,0.612903,0.656863,0.530612,0.625,0.528846,0.626087,0.588235,0.699029,0.587629,0.546392,0.631068,0.663366,0.555556,0.582609,0.611765,0.621053,0.52381,0.684685,0.640449,0.683673,0.558824,0.551402,0.623656,0.557895,0.67619,0.653061,0.647059,0.69697,0.554455,0.590476,0.610526,0.669903,0.56701,0.625,0.528846,0.559633,0.538462,0.533333,0.747368,0.578947,0.581395,0.554545,0.633333,0.62766,0.679245,0.607477,0.591398,0.582524,0.587629,0.684685,0.58427,0.531532,0.539326,0.615385,0.59375,0.554455,0.666667,0.602041,0.627451,0.576577,0.629213,0.634409,0.663551,0.628866,0.640777,0.706522,0.648148,
20200,0.538462,0.541667,0.646465,0.584158,0.542857,0.663158,0.555556,0.554455,0.63964,0.617978,0.596154,0.625,0.592233,0.525773,0.57,0.64,0.52,0.58,0.666667,0.645455,0.644231,0.552083,0.584158,0.616162,0.656863,0.540816,0.46875,0.586538,0.545455,0.683168,0.540816,0.568627,0.606383,0.650943,0.619565,0.592593,0.567901,0.605042,0.598039,0.540816,0.52809,0.54955,0.588889,0.527273,0.588235,0.602041,0.546296,0.728261,0.616162,0.613861,0.663158,0.590476,0.524272,0.443299,0.622642,0.542553,0.53,0.58,0.617647,0.591837,0.57732,0.601942,0.597938,0.524272,0.640777,0.57732,0.576087,0.638889,0.561798,0.585586,0.625,0.5625,0.582524,0.618557,0.589474,0.580952,0.650485,0.649485,0.621053,0.733333,0.59,0.55,0.638095,0.673684,0.712871,0.525253,0.56,0.61,0.59,0.67,0.635417,0.625,0.663158,0.619048,0.583333,0.508621,0.577586,0.595238,0.568627,0.561224,
20400,0.645833,0.682692,0.663462,0.604167,0.614458,0.615385,0.557895,0.6,0.705263,0.657143,0.6875,0.605769,0.565217,0.546296,0.621359,0.608247,0.645833,0.625,0.57732,0.650485,0.633663,0.585859,0.601695,0.670732,0.67,0.64,0.587629,0.68932,0.56701,0.621359,0.685185,0.543478,0.632653,0.627451,0.57,0.56,0.619565,0.601852,0.607843,0.581633,0.592233,0.731959,0.679245,0.638298,0.597938,0.582524,0.56701,0.553398,0.638889,0.73913,0.645161,0.588785,0.614583,0.586538,0.579439,0.655914,0.560748,0.698925,0.604396,0.513761,0.594059,0.606061,0.6,0.711111,0.528302,0.56383,0.578947,0.638095,0.569892,0.560748,0.633028,0.593407,0.666667,0.641304,0.64,0.65,0.516854,0.585586,0.704762,0.515789,0.516484,0.587156,0.60396,0.545455,0.59375,0.653846,0.660377,0.62766,0.550562,0.558559,0.693069,0.636364,0.662921,0.603604,0.651376,0.626374,0.616162,0.673267,0.683673,0.627451,
20600,0.634615,0.697917,0.480392,0.561224,0.59375,0.634615,0.613861,0.606061,0.609524,0.621053,0.622449,0.578431,0.553398,0.71134,0.510638,0.622642,0.65625,0.673077,0.585859,0.554455,0.657407,0.608696,0.536364,0.633333,0.589286,0.670455,0.495238,0.631579,0.589474,0.647619,0.642202,0.615385,0.673077,0.6875,0.563218,0.557522,0.578947,0.5,0.662791,0.596491,0.555556,0.578313,0.580952,0.6,0.586538,0.59375,0.621849,0.641975,0.670213,0.575472,0.670103,0.553398,0.732558,0.675439,0.694737,0.52381,0.604396,0.559633,0.596154,0.583333,0.670732,0.576271,0.634146,0.618644,0.595745,0.632075,0.637931,0.619048,0.554455,0.585859,0.567308,0.614583,0.519231,0.5625,0.613861,0.686869,0.618557,0.592233,0.663265,0.578431,0.560748,0.645161,0.661017,0.646341,0.64,0.61,0.598039,0.602041,0.616162,0.534653,0.660194,0.57732,0.618557,0.660194,0.626263,0.60396,0.582524,0.628866,0.6,0.536842,
20800,0.707547,0.553191,0.632653,0.539216,0.574713,0.539823,0.690909,0.455556,0.53125,0.557692,0.514019,0.591398,0.565657,0.584158,0.640777,0.731959,0.66,0.57,0.683673,0.54902,0.666667,0.643564,0.708333,0.480769,0.52,0.6,0.6,0.578947,0.586207,0.654762,0.669903,0.639175,0.57,0.5,0.580645,0.551402,0.582524,0.639175,0.614583,0.634615,0.552381,0.547368,0.546296,0.554348,0.6,0.58,0.47,0.63,0.544444,0.609091,0.484536,0.650485,0.58,0.67,0.602273,0.678571,0.692308,0.53125,0.622642,0.617021,0.558824,0.704082,0.617647,0.540816,0.576471,0.6,0.612245,0.588235,0.608247,0.572816,0.584158,0.555556,0.59375,0.538462,0.652632,0.571429,0.610619,0.597701,0.578431,0.55102,0.59596,0.623762,0.582418,0.605505,0.607843,0.622449,0.670103,0.592233,0.62,0.55,0.672727,0.544444,0.519608,0.612245,0.588785,0.688172,0.614583,0.653846,0.550459,0.56044,
21000,0.54902,0.520408,0.611111,0.521739,0.565657,0.60396,0.551724,0.60177,0.569892,0.551402,0.476636,0.516129,0.574713,0.637168,0.680851,0.603774,0.695238,0.6,0.520408,0.656863,0.680851,0.566038,0.632653,0.54902,0.60177,0.655172,0.598214,0.704545,0.6875,0.644231,0.591837,0.666667,0.670213,0.669811,0.560976,0.559322,0.549451,0.66055,0.618182,0.577778,0.5625,0.566667,0.642857,0.617647,0.5,0.602041,0.693182,0.651786,0.56701,0.533981,0.693878,0.598039,0.504505,0.561798,0.602273,0.625,0.479592,0.656863,0.643564,0.606061,0.60396,0.525253,0.663636,0.522222,0.654545,0.622222,0.592593,0.638655,0.56,0.67,0.575758,0.60396,0.619048,0.684211,0.617647,0.581633,0.646465,0.445545,0.537736,0.606383,0.586207,0.547619,0.521277,0.613208,0.663366,0.505051,0.574257,0.545455,0.55914,0.53271,0.580952,0.715789,0.553398,0.690722,0.53,0.46,0.655914,0.570093,0.618557,0.601942,
21200,0.553571,0.590909,0.610526,0.628571,0.541667,0.596154,0.552083,0.605769,0.590476,0.515789,0.598131,0.698925,0.631068,0.587629,0.519231,0.645833,0.555556,0.618182,0.577778,0.654545,0.584158,0.565657,0.558559,0.719101,0.6875,0.605769,0.597826,0.564815,0.571429,0.594828,0.509434,0.638298,0.511905,0.568966,0.43,0.57,0.509434,0.585106,0.566038,0.553191,0.577778,0.572727,0.525253,0.643564,0.613861,0.535354,0.516854,0.513514,0.573034,0.522523,0.52439,0.610169,0.653846,0.520833,0.540816,0.568627,0.632075,0.489362,0.552083,0.605769,0.638095,0.547368,0.545455,0.594059,0.63,0.62,0.587629,0.737864,0.601695,0.634146,0.5,0.581633,0.57,0.65,0.591837,0.627451,0.572917,0.682692,0.660377,0.56383,0.615385,0.623853,0.613861,0.525253,0.685714,0.621053,0.641509,0.606383,0.656863,0.612245,0.504854,0.649485,0.63,0.65,0.601942,0.56701,0.5,0.635417,0.554455,0.727273,
21400,0.523364,0.602151,0.696078,0.683673,0.640449,0.63964,0.505051,0.693069,0.476636,0.612903,0.685393,0.594595,0.49505,0.676768,0.609756,0.532468,0.54023,0.610619,0.577982,0.582418,0.605769,0.614583,0.637255,0.642857,0.438202,0.657658,0.647059,0.489796,0.598131,0.591398,0.650943,0.489362,0.678571,0.534483,0.752577,0.592233,0.682243,0.548387,0.660714,0.579545,0.63,0.55,0.648649,0.606742,0.551724,0.610619,0.72,0.68,0.698113,0.574468,0.677083,0.625,0.598131,0.602151,0.633028,0.67033,0.682243,0.580645,0.540816,0.647059,0.551402,0.580645,0.593407,0.66055,0.623762,0.59596,0.574257,0.616162,0.638889,0.597826,0.714286,0.551724,0.610526,0.590476,0.640449,0.504505,0.62,0.63,0.553398,0.628866,0.617021,0.584906,0.556818,0.660714,0.473684,0.67619,0.560748,0.55914,0.54,0.64,0.675926,0.684783,0.554545,0.522222,0.639175,0.621359,0.676471,0.632653,0.540541,0.595506,
21600,0.605505,0.582418,0.663265,0.568627,0.605505,0.626374,0.653465,0.656566,0.66,0.59,0.557895,0.704762,0.5625,0.557692,0.626374,0.651376,0.56,0.55,0.509804,0.591837,0.533981,0.525773,0.648148,0.641304,0.701149,0.59292,0.53,0.62,0.590909,0.544444,0.483146,0.63964,0.641304,0.574074,0.584906,0.595745,0.556818,0.625,0.544554,0.656566,0.60396,0.555556,0.611765,0.669565,0.580645,0.579439,0.486239,0.571429,0.604167,0.528846,0.525773,0.592233,0.651376,0.637363,0.621359,0.536082,0.514563,0.618557,0.692982,0.639535,0.586957,0.666667,0.68,0.71,0.546218,0.54321,0.659574,0.603774,0.649485,0.572816,0.645161,0.663551,0.623932,0.554217,0.586207,0.663717,0.566038,0.62766,0.614583,0.567308,0.639175,0.592233,0.592233,0.57732,0.791667,0.625,0.544554,0.626263,0.615385,0.568807,0.583333,0.557692,0.505155,0.572816,0.578947,0.647619,0.539216,0.581633,0.581633,0.647059,
21800,0.626263,0.633663,0.52381,0.631579,0.566038,0.648936,0.608247,0.650485,0.666667,0.598131,0.655556,0.463636,0.642857,0.598039,0.67,0.59,0.7,0.54,0.623762,0.585859,0.594828,0.547619,0.647727,0.607143,0.656863,0.602041,0.72619,0.551724,0.572917,0.576923,0.663462,0.59375,0.52381,0.589474,0.622449,0.54902,0.72043,0.560748,0.61165,0.515464,0.648148,0.663043,0.60396,0.59596,0.680412,0.563107,0.625,0.489583,0.531532,0.573034,0.673469,0.647059,0.60177,0.574713,0.54,0.65,0.6,0.657143,0.656566,0.663366,0.660377,0.606383,0.547368,0.504762,0.685393,0.693694,0.611111,0.554545,0.635514,0.666667,0.578431,0.632653,0.622222,0.618182,0.50495,0.606061,0.590909,0.660714,0.604167,0.615385,0.70297,0.565657,0.515464,0.572816,0.604167,0.596154,0.663366,0.575758,0.642105,0.542857,0.597938,0.543689,0.60396,0.565657,0.57,0.58,0.633028,0.527473,0.590476,0.621053,
22000,0.566038,0.617021,0.515152,0.643564,0.538462,0.604167,0.617021,0.603774,0.505155,0.553398,0.584158,0.535354,0.634783,0.494118,0.583333,0.586957,0.522936,0.615385,0.54,0.54,0.485714,0.610526,0.621359,0.536082,0.575758,0.485149,0.643564,0.606061,0.596154,0.572917,0.610619,0.597701,0.605769,0.552083,0.626263,0.564356,0.52809,0.513514,0.565657,0.584158,0.583333,0.644231,0.64486,0.623656,0.652174,0.601852,0.538462,0.604167,0.606383,0.632075,0.566038,0.585106,0.657407,0.684783,0.657143,0.684211,0.568807,0.637363,0.584158,0.555556,0.59596,0.554455,0.55914,0.53271,0.518519,0.565217,0.636364,0.580357,0.656566,0.574257,0.544554,0.535354,0.659341,0.623853,0.617978,0.630631,0.622222,0.563636,0.612903,0.588785,0.619565,0.601852,0.608696,0.546296,0.637255,0.653061,0.641304,0.574074,0.59375,0.634615,0.588889,0.645455,0.628571,0.536842,0.653061,0.617647,0.640351,0.604651,0.610526,0.657143,
22200,0.537634,0.588785,0.636364,0.613861,0.660714,0.534091,0.539216,0.561224,0.585106,0.632075,0.559322,0.536585,0.556701,0.543689,0.583333,0.586538,0.519608,0.632653,0.60177,0.586207,0.581633,0.676471,0.663158,0.657143,0.536364,0.6,0.617021,0.584906,0.625,0.489583,0.544554,0.545455,0.59,0.63,0.670103,0.514563,0.526316,0.542857,0.595238,0.655172,0.584158,0.59596,0.601852,0.652174,0.617021,0.613208,0.673077,0.614583,0.559633,0.571429,0.597938,0.582524,0.528302,0.595745,0.57,0.56,0.568807,0.648352,0.635514,0.580645,0.515464,0.524272,0.547368,0.638095,0.59434,0.659574,0.567568,0.505618,0.541284,0.494505,0.644231,0.59375,0.690722,0.592233,0.634615,0.604167,0.584906,0.489362,0.603774,0.574468,0.626168,0.494624,0.644444,0.527273,0.520833,0.663462,0.53211,0.604396,0.623932,0.686747,0.520408,0.54902,0.651163,0.640351,0.51,0.64,0.556701,0.68932,0.626263,0.574257,
22400,0.61,0.51,0.645161,0.616822,0.625,0.605769,0.628866,0.640777,0.602041,0.607843,0.585859,0.673267,0.566372,0.597701,0.576923,0.604167,0.643678,0.60177,0.535354,0.663366,0.646465,0.554455,0.606742,0.585586,0.555556,0.645455,0.637255,0.540816,0.524752,0.606061,0.626263,0.623762,0.637363,0.59633,0.58427,0.684685,0.565657,0.742574,0.641304,0.638889,0.637255,0.581633,0.59,0.54,0.58,0.55,0.617647,0.561224,0.54902,0.673469,0.613861,0.606061,0.581818,0.622222,0.680412,0.543689,0.747475,0.712871,0.614583,0.509615,0.609524,0.589474,0.646465,0.683168,0.586207,0.610619,0.704545,0.607143,0.7,0.53,0.613861,0.535354,0.475248,0.636364,0.613861,0.626263,0.643564,0.636364,0.443299,0.650485,0.66055,0.615385,0.597938,0.679612,0.609524,0.568421,0.64,0.55,0.566667,0.581818,0.659574,0.537736,0.593407,0.642202,0.633929,0.590909,0.622222,0.581818,0.638095,0.526316,
22600,0.626263,0.673267,0.581633,0.647059,0.588235,0.561224,0.67033,0.651376,0.6,0.6,0.605769,0.666667,0.67,0.68,0.565217,0.62963,0.588235,0.510204,0.577982,0.593407,0.676471,0.55102,0.666667,0.619565,0.566667,0.572727,0.580645,0.53271,0.601942,0.608247,0.564356,0.585859,0.654206,0.634409,0.617647,0.591837,0.709091,0.577778,0.64,0.59,0.582524,0.628866,0.601942,0.556701,0.47191,0.567568,0.686275,0.683673,0.635417,0.615385,0.642105,0.561905,0.659794,0.543689,0.574468,0.537736,0.625,0.557692,0.6,0.657143,0.603774,0.617021,0.608696,0.583333,0.633028,0.604396,0.530612,0.656863,0.5,0.471154,0.58427,0.612613,0.520408,0.598039,0.578431,0.55102,0.547368,0.67619,0.618557,0.524272,0.574074,0.663043,0.561798,0.432432,0.619048,0.621053,0.625,0.604167,0.510638,0.641509,0.570093,0.763441,0.691489,0.54717,0.605769,0.645833,0.575472,0.521277,0.587629,0.621359,
22800,0.585106,0.603774,0.633929,0.613636,0.686275,0.673469,0.619565,0.453704,0.647727,0.607143,0.568182,0.696429,0.652893,0.56962,0.5,0.677083,0.614679,0.659341,0.607477,0.55914,0.6,0.518182,0.563025,0.54321,0.65625,0.567308,0.627451,0.683673,0.556701,0.563107,0.5625,0.625,0.570093,0.698925,0.473684,0.627907,0.478261,0.675926,0.540816,0.617647,0.528302,0.595745,0.610526,0.590476,0.607843,0.581633,0.554455,0.616162,0.557895,0.657143,0.616162,0.60396,0.634615,0.697917,0.590476,0.589474,0.578431,0.602041,0.656566,0.584158,0.55102,0.647059,0.584158,0.545455,0.601852,0.608696,0.5,0.545455,0.715789,0.647619,0.64,0.68,0.60396,0.636364,0.654545,0.555556,0.650485,0.659794,0.578431,0.561224,0.538462,0.625,0.666667,0.595506,0.59,0.51,0.694444,0.597826,0.572816,0.639175,0.646018,0.632184,0.544643,0.625,0.625,0.666667,0.611111,0.608696,0.568807,0.659341,
23000,0.612245,0.588235,0.676471,0.602041,0.538462,0.572917,0.626263,0.623762,0.645161,0.626168,0.64,0.57,0.587629,0.61165,0.653846,0.59375,0.637255,0.663265,0.650485,0.639175,0.485714,0.663158,0.530435,0.623529,0.554455,0.59596,0.563636,0.655556,0.631579,0.685714,0.62,0.67,0.579439,0.537634,0.582418,0.587156,0.648148,0.586957,0.604167,0.548077,0.610526,0.580952,0.598039,0.571429,0.613208,0.521277,0.536082,0.718447,0.669565,0.6,0.582524,0.515464,0.56383,0.528302,0.634409,0.616822,0.533333,0.526316,0.556604,0.659574,0.580952,0.578947,0.547368,0.638095,0.642857,0.588235,0.534653,0.535354,0.542056,0.602151,0.611111,0.572727,0.557895,0.552381,0.66,0.55,0.59633,0.637363,0.685185,0.608696,0.560748,0.645161,0.614583,0.711538,0.575758,0.643564,0.65,0.54,0.673913,0.555556,0.618557,0.592233,0.614583,0.605769,0.603604,0.606742,0.622807,0.593023,0.47619,0.684211,
23200,0.626506,0.598291,0.571429,0.647059,0.621359,0.639175,0.676768,0.643564,0.567901,0.529412,0.54717,0.648936,0.524272,0.628866,0.616162,0.633663,0.666667,0.635514,0.672897,0.591398,0.703297,0.587156,0.622449,0.568627,0.545455,0.613861,0.6,0.578947,0.672414,0.464286,0.67619,0.6,0.567568,0.595506,0.64,0.57,0.609524,0.663158,0.615385,0.635417,0.686275,0.571429,0.75,0.625,0.618557,0.543689,0.561905,0.631579,0.615385,0.513761,0.542857,0.557895,0.634409,0.626168,0.573034,0.675676,0.586538,0.59375,0.518519,0.652174,0.490385,0.583333,0.6,0.6,0.635514,0.612903,0.61,0.58,0.521008,0.641975,0.682692,0.5625,0.632653,0.676471,0.592233,0.525773,0.606383,0.584906,0.545455,0.584158,0.59633,0.659341,0.566038,0.553191,0.556604,0.585106,0.673469,0.617647,0.505263,0.685714,0.469388,0.627451,0.645833,0.548077,0.705882,0.602041,0.582524,0.608247,0.644444,0.609091,
23400,0.695652,0.527778,0.631579,0.72381,0.65,0.59,0.607843,0.591837,0.617647,0.571429,0.54955,0.629213,0.673469,0.568627,0.657143,0.484211,0.591398,0.588785,0.602041,0.588235,0.617021,0.650943,0.581633,0.647059,0.56044,0.623853,0.69697,0.574257,0.521739,0.670588,0.607477,0.602151,0.617978,0.504505,0.660714,0.670455,0.61165,0.56701,0.613861,0.626263,0.61,0.59,0.670103,0.61165,0.656863,0.632653,0.65625,0.586538,0.571429,0.631579,0.605769,0.645833,0.621359,0.701031,0.623853,0.549451,0.64486,0.537634,0.554348,0.583333,0.648936,0.650943,0.61,0.55,0.585586,0.617978,0.771739,0.601852,0.58427,0.666667,0.533333,0.481818,0.62,0.52,0.584158,0.737374,0.712963,0.630435,0.596154,0.65625,0.626263,0.534653,0.596154,0.65625,0.625,0.635417,0.574074,0.565217,0.625,0.548077,0.663043,0.564815,0.700935,0.677419,0.608247,0.572816,0.610526,0.590476,0.672897,0.591398,
23600,0.511628,0.701754,0.6,0.56,0.596154,0.5625,0.612903,0.663551,0.659341,0.633028,0.632653,0.598039,0.537736,0.553191,0.575758,0.623762,0.565217,0.62037,0.684685,0.617978,0.657407,0.565217,0.544444,0.681818,0.568421,0.533333,0.575472,0.585106,0.54,0.68,0.519231,0.53125,0.587629,0.553398,0.617647,0.602041,0.660194,0.57732,0.584906,0.62766,0.680412,0.582524,0.578431,0.571429,0.632653,0.735294,0.645161,0.542056,0.626263,0.613861,0.633663,0.626263,0.5,0.613208,0.64,0.49,0.62069,0.59292,0.526882,0.616822,0.569892,0.542056,0.61165,0.649485,0.594059,0.69697,0.609524,0.631579,0.587156,0.626374,0.537736,0.691489,0.672727,0.611111,0.63,0.64,0.571429,0.577982,0.563107,0.536082,0.632653,0.558824,0.618557,0.514563,0.585106,0.537736,0.547368,0.561905,0.724138,0.654867,0.614583,0.644231,0.541667,0.682692,0.522523,0.539326,0.533333,0.557895,0.572917,0.567308,
23800,0.670732,0.516949,0.604167,0.567308,0.551724,0.610619,0.571429,0.519608,0.604651,0.596491,0.494624,0.579439,0.603604,0.606742,0.597938,0.679612,0.585859,0.613861,0.603604,0.674157,0.657658,0.595506,0.571429,0.617647,0.612245,0.607843,0.622642,0.606383,0.621951,0.491525,0.607477,0.591398,0.464646,0.633663,0.547368,0.6,0.653061,0.627451,0.720721,0.58427,0.597826,0.537037,0.580952,0.6,0.62037,0.5,0.622642,0.574468,0.626263,0.594059,0.692308,0.678899,0.673684,0.485714,0.611111,0.590909,0.683673,0.627451,0.539326,0.666667,0.618557,0.495146,0.706422,0.582418,0.673684,0.457143,0.638554,0.641026,0.544554,0.575758,0.637363,0.623853,0.568627,0.581633,0.597938,0.61165,0.625,0.59375,0.588785,0.655914,0.676768,0.584158,0.628866,0.68932,0.720721,0.606742,0.485149,0.555556,0.511628,0.605263,0.644444,0.645455,0.639175,0.592233,0.536842,0.647619,0.66,0.58,0.54,0.55,
24000,0.566038,0.574468,0.637168,0.54023,0.64486,0.623656,0.597938,0.679612,0.534653,0.626263,0.56044,0.568807,0.527273,0.644444,0.513761,0.56044,0.5,0.583333,0.543689,0.597938,0.638095,0.673684,0.666667,0.60177,0.553571,0.647727,0.54717,0.712766,0.6875,0.636364,0.567308,0.666667,0.641304,0.592593,0.592233,0.597938,0.53,0.58,0.607843,0.622449,0.573034,0.684685,0.632075,0.56383,0.60396,0.656566,0.590909,0.598214,0.583333,0.519231,0.622642,0.617021,0.53,0.56,0.571429,0.550459,0.534653,0.59596,0.699115,0.517241,0.583333,0.644231,0.588235,0.571429,0.605769,0.5625,0.585859,0.623762,0.698925,0.598131,0.582418,0.651376,0.565657,0.554455,0.654206,0.516129,0.592593,0.630435,0.628571,0.547368,0.570093,0.688172,0.58427,0.648649,0.527473,0.761468,0.635417,0.625,0.59375,0.519231,0.57732,0.504854,0.621053,0.619048,0.592593,0.576087,0.554455,0.575758,0.686869,0.60396,
24200,0.616162,0.653465,0.56383,0.54717,0.551402,0.634409,0.472527,0.614679,0.656863,0.693878,0.721649,0.660194,0.581818,0.711111,0.669811,0.617021,0.62766,0.537736,0.681319,0.559633,0.6,0.557895,0.607843,0.571429,0.555556,0.594059,0.563218,0.584071,0.645161,0.663551,0.428571,0.686275,0.607143,0.545455,0.663717,0.655172,0.650485,0.649485,0.584906,0.56383,0.548387,0.598131,0.506494,0.577236,0.657407,0.576087,0.524272,0.546392,0.621053,0.704762,0.587156,0.527473,0.581633,0.617647,0.554455,0.575758,0.588235,0.622449,0.683673,0.647059,0.603774,0.691489,0.636364,0.663366,0.679245,0.595745,0.684783,0.648148,0.530612,0.647059,0.580645,0.616822,0.55,0.58,0.558824,0.632653,0.54902,0.632653,0.648148,0.597826,0.742574,0.545455,0.530612,0.588235,0.591398,0.495327,0.549451,0.605505,0.635593,0.658537,0.612903,0.671053,0.561905,0.631579,0.576923,0.5625,0.653465,0.626263,0.580952,0.589474,
24400,0.628571,0.663158,0.616162,0.594059,0.606742,0.612613,0.64,0.61,0.564356,0.626263,0.632184,0.60177,0.557895,0.647619,0.654206,0.591398,0.632653,0.627451,0.609195,0.548673,0.566667,0.590909,0.618557,0.572816,0.666667,0.545455,0.590909,0.533333,0.637363,0.623853,0.644444,0.590909,0.685714,0.526316,0.659574,0.528302,0.651685,0.612613,0.623762,0.565657,0.479167,0.538462,0.656566,0.60396,0.585586,0.685393,0.60241,0.529915,0.576471,0.486957,0.70297,0.646465,0.585859,0.514851,0.568421,0.619048,0.596154,0.625,0.614458,0.487179,0.560748,0.634409,0.53125,0.557692,0.614583,0.644231,0.552381,0.610526,0.571429,0.550459,0.543689,0.56701,0.645161,0.598131,0.504762,0.621053,0.585859,0.554455,0.545455,0.5625,0.484211,0.6,0.647619,0.673684,0.596154,0.635417,0.62766,0.650943,0.581633,0.627451,0.585859,0.564356,0.632653,0.558824,0.686869,0.653465,0.531915,0.518868,0.625,0.471154,
24600,0.484848,0.564356,0.52,0.55,0.637363,0.559633,0.564356,0.636364,0.6,0.52,0.537037,0.586957,0.604651,0.578947,0.592233,0.639175,0.55102,0.539216,0.628866,0.533981,0.631579,0.514286,0.544554,0.555556,0.559633,0.582418,0.64,0.65,0.56044,0.495413,0.737374,0.534653,0.714286,0.686275,0.660194,0.649485,0.585586,0.595506,0.585106,0.773585,0.603774,0.56383,0.524752,0.606061,0.602151,0.654206,0.666667,0.719101,0.550562,0.621622,0.54902,0.653061,0.590476,0.673684,0.543103,0.583333,0.508065,0.631579,0.531915,0.641509,0.596154,0.572917,0.595745,0.641509,0.578947,0.651163,0.612069,0.666667,0.62766,0.584906,0.66087,0.588235,0.571429,0.610526,0.6,0.58,0.647619,0.557895,0.64486,0.612903,0.526786,0.647727,0.585106,0.566038,0.480392,0.612245,0.612903,0.588785,0.514286,0.526316,0.68,0.65,0.634409,0.64486,0.621053,0.514286,0.653061,0.686275,0.6,0.561905,
24800,0.594059,0.626263,0.663043,0.564815,0.715686,0.540816,0.574074,0.652174,0.597826,0.564815,0.66,0.57,0.588785,0.602151,0.580952,0.557895,0.588235,0.612245,0.587629,0.592233,0.673913,0.592593,0.590476,0.621053,0.642857,0.529412,0.527273,0.588889,0.546512,0.587719,0.602041,0.539216,0.557895,0.704762,0.564815,0.652174,0.678899,0.538462,0.62,0.59,0.637363,0.623853,0.518182,0.533333,0.554455,0.555556,0.592233,0.608247,0.518868,0.617021,0.54023,0.575221,0.653465,0.636364,0.673913,0.712963,0.65,0.64,0.675439,0.593023,0.612903,0.607477,0.740741,0.521739,0.573034,0.54955,0.622222,0.7,0.587629,0.582524,0.68932,0.57732,0.548077,0.572917,0.693878,0.676471,0.616162,0.574257,0.48,0.57,0.51087,0.601852,0.651163,0.587719,0.621053,0.52381,0.604167,0.605769,0.652542,0.463415,0.62766,0.556604,0.628866,0.563107,0.630435,0.648148,0.621053,0.561905,0.6,0.581818,
25000,0.628571,0.515789,0.519608,0.622449,0.542553,0.613208,0.628866,0.572816,0.698113,0.638298,0.6,0.62,0.557895,0.514286,0.542056,0.623656,0.735632,0.619469,0.521739,0.635294,0.59,0.54,0.509434,0.62766,0.505495,0.59633,0.67,0.56,0.663551,0.666667,0.604167,0.586538,0.674157,0.630631,0.736264,0.577982,0.537634,0.598131,0.574713,0.646018,0.533981,0.639175,0.632653,0.578431,0.554545,0.588889,0.659574,0.641509,0.694737,0.695238,0.647059,0.622449,0.57,0.72,0.581633,0.607843,0.571429,0.59633,0.575758,0.60396,0.588785,0.602151,0.645161,0.728972,0.566667,0.554545,0.548077,0.708333,0.588889,0.618182,0.59596,0.594059,0.631579,0.638095,0.514286,0.536842,0.525773,0.592233,0.643564,0.636364,0.678899,0.582418,0.639175,0.699029,0.633663,0.585859,0.698795,0.581197,0.65,0.66,0.556701,0.504854,0.627273,0.6,0.663265,0.676471,0.54955,0.640449,0.548077,0.604167,
25200,0.564103,0.590361,0.626087,0.623529,0.529412,0.632653,0.636364,0.607143,0.509615,0.708333,0.614583,0.605769,0.574074,0.554348,0.659091,0.642857,0.553191,0.584906,0.610526,0.6,0.626168,0.55914,0.673077,0.510417,0.59375,0.528846,0.623762,0.545455,0.69,0.63,0.598039,0.683673,0.615385,0.587156,0.454545,0.607143,0.590476,0.568421,0.445545,0.474747,0.535354,0.633663,0.589286,0.579545,0.585859,0.445545,0.592233,0.56701,0.57732,0.533981,0.54023,0.672566,0.6875,0.519231,0.580952,0.610526,0.6,0.655556,0.650602,0.683761,0.62,0.67,0.526882,0.570093,0.52,0.63,0.652632,0.52381,0.62766,0.641509,0.598131,0.655914,0.636364,0.663366,0.557895,0.580952,0.71134,0.485437,0.657407,0.608696,0.65,0.61,0.676471,0.581633,0.62766,0.613208,0.677419,0.457944,0.618557,0.601942,0.682692,0.625,0.607843,0.673469,0.591398,0.663551,0.722222,0.563636,0.674157,0.585586,
25400,0.628571,0.621053,0.679612,0.670103,0.641304,0.657407,0.659574,0.556604,0.596154,0.708333,0.531915,0.54717,0.585859,0.613861,0.617647,0.561224,0.676768,0.584158,0.63,0.62,0.634615,0.625,0.688679,0.553191,0.630435,0.592593,0.613636,0.589286,0.605769,0.614583,0.606742,0.612613,0.61165,0.546392,0.6,0.515789,0.673077,0.583333,0.679612,0.628866,0.609524,0.578947,0.666667,0.64486,0.585106,0.603774,0.542056,0.688172,0.631068,0.670103,0.574074,0.630435,0.533981,0.649485,0.604167,0.615385,0.607143,0.556818,0.557692,0.65625,0.583333,0.554348,0.65625,0.673077,0.505495,0.633028,0.591304,0.470588,0.679245,0.680851,0.656566,0.574257,0.705357,0.602273,0.621951,0.576271,0.623762,0.636364,0.581818,0.588889,0.531915,0.650943,0.604167,0.576923,0.622642,0.531915,0.586538,0.666667,0.589474,0.657143,0.62,0.56,0.526882,0.485981,0.626168,0.591398,0.527273,0.544444,0.590909,0.544643,
25600,0.670103,0.572816,0.551402,0.698925,0.549451,0.577982,0.644444,0.590909,0.626506,0.538462,0.594059,0.555556,0.555556,0.636364,0.57,0.64,0.45098,0.612245,0.586538,0.604167,0.535354,0.574257,0.638298,0.584906,0.666667,0.612245,0.693069,0.616162,0.635514,0.612903,0.62931,0.583333,0.590476,0.578947,0.522124,0.597701,0.450549,0.577982,0.524272,0.618557,0.706422,0.582418,0.583333,0.567308,0.673267,0.686869,0.614035,0.488372,0.638095,0.631579,0.649485,0.543689,0.510204,0.656863,0.623853,0.571429,0.578431,0.642857,0.582524,0.680412,0.638095,0.589474,0.60396,0.505051,0.601942,0.608247,0.529412,0.602041,0.62,0.67,0.481481,0.543478,0.564356,0.565657,0.522727,0.607143,0.59,0.54,0.693878,0.607843,0.621359,0.546392,0.566265,0.547009,0.645833,0.682692,0.564815,0.695652,0.705882,0.571429,0.627273,0.577778,0.603774,0.670213,0.580645,0.626168,0.595745,0.669811,0.589474,0.695238,
25800,0.635294,0.669565,0.545455,0.60396,0.551724,0.571429,0.580645,0.579439,0.638655,0.567901,0.642857,0.681818,0.656566,0.594059,0.513514,0.505618,0.67,0.65,0.574257,0.676768,0.634146,0.618644,0.640777,0.742268,0.623853,0.527473,0.571429,0.587156,0.469388,0.647059,0.622642,0.659574,0.537634,0.626168,0.602151,0.71028,0.525253,0.594059,0.536842,0.609524,0.509434,0.648936,0.571429,0.727273,0.61,0.58,0.504762,0.631579,0.575472,0.585106,0.670103,0.660194,0.63964,0.516854,0.626263,0.643564,0.59,0.56,0.556701,0.621359,0.586957,0.546296,0.525773,0.572816,0.698113,0.606383,0.489796,0.627451,0.535354,0.564356,0.589286,0.511364,0.645833,0.538462,0.622449,0.627451,0.59,0.61,0.515464,0.621359,0.6,0.61,0.6,0.581818,0.7,0.681818,0.528846,0.65625,0.609524,0.631579,0.56044,0.550459,0.680851,0.688679,0.666667,0.589474,0.617978,0.648649,0.5,0.622449,
26000,0.673267,0.515152,0.666667,0.576087,0.655914,0.476636,0.587629,0.601942,0.59375,0.548077,0.649485,0.524272,0.561798,0.558559,0.62037,0.586957,0.554348,0.62037,0.559633,0.538462,0.622807,0.604651,0.648649,0.595506,0.734043,0.716981,0.625,0.666667,0.638095,0.6,0.766355,0.709677,0.666667,0.684783,0.63,0.55,0.642857,0.568627,0.588785,0.569892,0.604396,0.504587,0.602151,0.626168,0.571429,0.529412,0.641509,0.595745,0.56701,0.631068,0.582524,0.628866,0.560748,0.634409,0.655914,0.626168,0.643564,0.474747,0.590909,0.5625,0.610526,0.590476,0.554455,0.585859,0.594059,0.656566,0.616162,0.514851,0.663158,0.628571,0.592593,0.695652,0.49505,0.535354,0.553398,0.649485,0.674419,0.719298,0.681818,0.577778,0.646465,0.584158,0.6,0.515789,0.60241,0.641026,0.688679,0.542553,0.515464,0.514563,0.636364,0.574257,0.646465,0.574257,0.625,0.576923,0.656863,0.612245,0.568182,0.616071,
26200,0.545455,0.524752,0.567568,0.617978,0.586538,0.6875,0.633028,0.483516,0.642857,0.656863,0.71,0.58,0.62037,0.554348,0.546296,0.576087,0.572917,0.663462,0.546296,0.652174,0.510204,0.617647,0.588785,0.666667,0.542056,0.698925,0.615385,0.623853,0.613636,0.598214,0.495495,0.516854,0.6,0.494737,0.666667,0.523256,0.617021,0.556604,0.690722,0.592233,0.591837,0.578431,0.616822,0.591398,0.576923,0.614583,0.656863,0.663265,0.641304,0.592593,0.571429,0.5,0.591398,0.635514,0.603774,0.638298,0.681319,0.651376,0.569892,0.495327,0.626263,0.574257,0.566265,0.632479,0.594059,0.656566,0.653846,0.677083,0.53125,0.625,0.614583,0.538462,0.576923,0.677083,0.655172,0.699115,0.574257,0.565657,0.666667,0.537815,0.538462,0.697917,0.553191,0.679245,0.628866,0.563107,0.576577,0.550562,0.601942,0.659794,0.608696,0.675926,0.607843,0.540816,0.494949,0.574257,0.54,0.6,0.625,0.721154,
26400,0.578313,0.700855,0.56383,0.528302,0.621053,0.580952,0.555556,0.60396,0.586538,0.583333,0.672897,0.623656,0.553398,0.701031,0.608696,0.576471,0.604396,0.59633,0.67619,0.568421,0.653465,0.646465,0.653061,0.588235,0.5,0.62,0.589474,0.447619,0.638298,0.5,0.741935,0.654206,0.68,0.64,0.676471,0.632653,0.638298,0.575472,0.608247,0.699029,0.684211,0.638095,0.612245,0.54902,0.585106,0.584906,0.556522,0.658824,0.59434,0.712766,0.524752,0.686869,0.572816,0.525773,0.504762,0.589474,0.490741,0.652174,0.623762,0.555556,0.597701,0.619469,0.607843,0.571429,0.555556,0.627273,0.509259,0.73913,0.525773,0.640777,0.594059,0.676768,0.5,0.536585,0.542056,0.55914,0.505747,0.628319,0.617978,0.684685,0.550847,0.52439,0.529412,0.55102,0.652632,0.609524,0.59596,0.584158,0.53012,0.598291,0.525253,0.643564,0.566667,0.590909,0.458333,0.653846,0.538462,0.520833,0.567308,0.53125,
26600,0.642202,0.637363,0.516129,0.654206,0.572917,0.615385,0.669725,0.626374,0.677778,0.645455,0.581633,0.686275,0.550562,0.522523,0.705263,0.590476,0.637931,0.547619,0.527273,0.544444,0.520833,0.605769,0.468468,0.617978,0.594828,0.678571,0.533981,0.628866,0.605769,0.6875,0.618557,0.61165,0.520833,0.682692,0.647727,0.598214,0.636364,0.653465,0.735849,0.553191,0.613636,0.589286,0.71,0.6,0.593023,0.535088,0.663265,0.637255,0.61165,0.628866,0.634409,0.551402,0.622642,0.638298,0.587629,0.669903,0.592593,0.695652,0.554455,0.626263,0.684783,0.546296,0.572816,0.618557,0.633028,0.582418,0.616162,0.613861,0.622222,0.6,0.598131,0.526882,0.752475,0.636364,0.587156,0.516484,0.572816,0.556701,0.54717,0.648936,0.612245,0.588235,0.526786,0.375,0.580645,0.663551,0.577778,0.554545,0.592233,0.659794,0.617021,0.641509,0.647059,0.530612,0.684783,0.62037,0.544444,0.654545,0.612613,0.550562,
26800,0.621053,0.542857,0.653061,0.54902,0.613861,0.535354,0.541284,0.714286,0.509091,0.611111,0.572816,0.443299,0.44898,0.588235,0.59596,0.594059,0.556701,0.621359,0.676768,0.623762,0.617647,0.591837,0.670213,0.537736,0.608247,0.553398,0.548077,0.541667,0.575758,0.465347,0.418367,0.470588,0.544554,0.626263,0.588235,0.663265,0.654545,0.655556,0.548387,0.579439,0.54,0.66,0.655914,0.588785,0.556818,0.705357,0.625,0.541667,0.575472,0.56383,0.530612,0.617647,0.643678,0.743363,0.608247,0.621359,0.691489,0.679245,0.58427,0.63964,0.582524,0.639175,0.565217,0.638889,0.577778,0.6,0.642202,0.637363,0.56701,0.61165,0.593023,0.596491,0.520408,0.588235,0.615385,0.651376,0.54717,0.638298,0.59,0.53,0.621359,0.659794,0.71,0.64,0.54717,0.617021,0.608247,0.640777,0.672727,0.611111,0.645833,0.663462,0.625,0.714286,0.632653,0.588235,0.634615,0.572917,0.663462,0.5,
27000,0.613861,0.676768,0.584906,0.521277,0.511364,0.625,0.596154,0.65625,0.561798,0.63964,0.614679,0.615385,0.66,0.54,0.663462,0.708333,0.608696,0.666667,0.558824,0.622449,0.528846,0.625,0.53125,0.548077,0.63,0.5,0.574468,0.613208,0.55,0.69,0.69,0.68,0.526882,0.616822,0.546392,0.601942,0.601942,0.494845,0.553398,0.556701,0.659574,0.54717,0.547368,0.6,0.559322,0.634146,0.57,0.65,0.56383,0.59434,0.64,0.58,0.646465,0.643564,0.591398,0.654206,0.657407,0.532609,0.537634,0.682243,0.609524,0.684211,0.535354,0.60396,0.628571,0.578947,0.639175,0.601942,0.625,0.541667,0.571429,0.6,0.698925,0.626168,0.56383,0.669811,0.636364,0.622222,0.612245,0.558824,0.561224,0.539216,0.588889,0.672727,0.655556,0.6,0.650485,0.56701,0.701923,0.552083,0.606742,0.54955,0.640777,0.587629,0.588785,0.55914,0.598039,0.704082,0.574257,0.646465,
27200,0.655172,0.452381,0.526786,0.545455,0.717391,0.685185,0.593023,0.552632,0.579439,0.591398,0.57732,0.679612,0.568627,0.632653,0.564356,0.515152,0.509434,0.595745,0.67,0.58,0.655172,0.584071,0.609524,0.610526,0.633028,0.67033,0.585859,0.712871,0.555556,0.630435,0.542857,0.536842,0.631068,0.546392,0.447917,0.682692,0.54717,0.574468,0.608247,0.563107,0.712871,0.575758,0.59434,0.62766,0.66,0.64,0.683168,0.545455,0.509804,0.510204,0.663265,0.637255,0.641304,0.740741,0.634409,0.64486,0.543689,0.56701,0.61165,0.639175,0.66055,0.626374,0.656863,0.622449,0.623762,0.535354,0.581818,0.566667,0.65625,0.653846,0.676768,0.633663,0.555556,0.653465,0.55814,0.578947,0.709091,0.577778,0.57732,0.572816,0.659091,0.714286,0.601942,0.57732,0.556701,0.543689,0.47619,0.610526,0.6,0.628571,0.646465,0.544554,0.542857,0.652632,0.708738,0.56701,0.603774,0.521277,0.657143,0.621053,
27400,0.630631,0.640449,0.723214,0.625,0.622222,0.481818,0.587629,0.553398,0.51087,0.666667,0.533981,0.597938,0.623762,0.717172,0.545455,0.588889,0.545455,0.594059,0.545455,0.643564,0.634409,0.626168,0.622449,0.598039,0.59375,0.586538,0.578431,0.663265,0.660377,0.659574,0.704762,0.610526,0.643564,0.585859,0.571429,0.5,0.633028,0.571429,0.571429,0.605505,0.490566,0.648936,0.565657,0.574257,0.534653,0.686869,0.704082,0.54902,0.666667,0.523256,0.579832,0.530864,0.585859,0.594059,0.591837,0.607843,0.593407,0.605505,0.615385,0.572917,0.54902,0.55102,0.467391,0.583333,0.67,0.63,0.622222,0.645455,0.64,0.66,0.542857,0.621053,0.583333,0.641304,0.5625,0.528846,0.572816,0.587629,0.591837,0.617647,0.642202,0.626374,0.639175,0.679612,0.536082,0.543689,0.602151,0.598131,0.525253,0.544554,0.556701,0.660194,0.695652,0.5,0.576087,0.518519,0.612245,0.617647,0.585366,0.669492,
27600,0.568627,0.663265,0.557692,0.645833,0.607477,0.634409,0.57,0.55,0.666667,0.540816,0.615385,0.60241,0.544554,0.535354,0.510204,0.676471,0.625,0.692308,0.714286,0.559633,0.653061,0.509804,0.606061,0.564356,0.660714,0.636364,0.617391,0.623529,0.632653,0.588235,0.548077,0.635417,0.604167,0.625,0.561224,0.588235,0.597938,0.592233,0.529412,0.634783,0.657143,0.610526,0.582418,0.614679,0.568627,0.561224,0.607477,0.623656,0.652632,0.67619,0.696629,0.675676,0.647619,0.589474,0.518519,0.630435,0.475728,0.587629,0.558824,0.469388,0.615385,0.583333,0.618557,0.553398,0.56,0.58,0.608696,0.527778,0.623656,0.542056,0.613861,0.545455,0.574074,0.576087,0.723404,0.632075,0.588235,0.663265,0.691589,0.688172,0.632479,0.566265,0.663265,0.539216,0.564103,0.650602,0.590476,0.6,0.601852,0.673913,0.618557,0.601942,0.557895,0.504762,0.597826,0.601852,0.656863,0.653061,0.621053,0.571429,
27800,0.663265,0.647059,0.591667,0.625,0.529412,0.693878,0.636364,0.623762,0.509434,0.648936,0.54,0.6,0.69,0.61,0.626263,0.524752,0.649573,0.542169,0.576923,0.572917,0.59375,0.548077,0.610526,0.638095,0.580645,0.560748,0.611111,0.565217,0.666667,0.594059,0.637255,0.622449,0.591398,0.607477,0.660194,0.649485,0.685714,0.715789,0.63,0.65,0.630435,0.611111,0.554455,0.636364,0.548387,0.635514,0.553571,0.545455,0.578947,0.627907,0.572727,0.566667,0.678899,0.593407,0.63964,0.460674,0.706522,0.564815,0.673469,0.588235,0.51087,0.546296,0.484848,0.60396,0.543478,0.62037,0.607477,0.612903,0.563636,0.6,0.654762,0.594828,0.619565,0.611111,0.580645,0.579439,0.683673,0.607843,0.59,0.6,0.504762,0.568421,0.659341,0.66055,0.622222,0.572727,0.557895,0.657143,0.588889,0.654545,0.575758,0.574257,0.577982,0.703297,0.57,0.59,0.511364,0.660714,0.595745,0.679245,
28000,0.659341,0.752294,0.58427,0.630631,0.616162,0.584158,0.545455,0.574257,0.696629,0.594595,0.57,0.66,0.54902,0.673469,0.62037,0.565217,0.59596,0.584158,0.55102,0.656863,0.628866,0.699029,0.608247,0.563107,0.536082,0.61165,0.663793,0.535714,0.520408,0.745098,0.59633,0.637363,0.604396,0.614679,0.55102,0.647059,0.583333,0.663462,0.612613,0.494382,0.561404,0.616279,0.471154,0.604167,0.571429,0.631579,0.516129,0.663551,0.663265,0.647059,0.594595,0.58427,0.560748,0.55914,0.62069,0.60177,0.617021,0.556604,0.666667,0.652174,0.619565,0.62037,0.703297,0.53211,0.569892,0.607477,0.60396,0.656566,0.569767,0.666667,0.585859,0.693069,0.56383,0.679245,0.578431,0.561224,0.632184,0.628319,0.53,0.59,0.634409,0.579439,0.578431,0.663265,0.603774,0.617021,0.57,0.64,0.56,0.6,0.494253,0.619469,0.54717,0.585106,0.638298,0.556604,0.659341,0.577982,0.553398,0.57732,
28200,0.564706,0.6,0.65,0.59,0.607477,0.698925,0.553398,0.546392,0.635514,0.55914,0.607595,0.561983,0.58,0.55,0.619048,0.631579,0.606742,0.630631,0.516129,0.607477,0.555556,0.623762,0.617021,0.556604,0.656566,0.623762,0.635417,0.519231,0.574468,0.509434,0.537634,0.607477,0.557522,0.701149,0.632653,0.607843,0.566038,0.595745,0.652174,0.62963,0.534653,0.59596,0.580357,0.568182,0.568421,0.571429,0.574468,0.613208,0.518182,0.533333,0.581633,0.617647,0.527273,0.577778,0.581197,0.578313,0.622449,0.558824,0.566038,0.702128,0.607843,0.571429,0.715686,0.520408,0.519608,0.642857,0.615385,0.510417,0.520833,0.471154,0.654206,0.548387,0.564356,0.585859,0.598039,0.632653,0.554455,0.616162,0.607477,0.591398,0.577982,0.527473,0.59596,0.574257,0.655172,0.702381,0.690722,0.592233,0.608247,0.601942,0.683168,0.535354,0.5625,0.644231,0.597561,0.576271,0.677083,0.586538,0.614583,0.615385,
28400,0.604167,0.615385,0.55914,0.588785,0.631579,0.593023,0.56,0.52,0.613861,0.646465,0.527473,0.550459,0.655172,0.548673,0.619048,0.568421,0.653061,0.617647,0.58,0.66,0.536082,0.728155,0.633929,0.670455,0.59596,0.693069,0.616822,0.677419,0.641509,0.659574,0.627451,0.622449,0.651376,0.582418,0.711538,0.541667,0.626263,0.485149,0.62963,0.521739,0.553398,0.618557,0.627451,0.571429,0.56383,0.45283,0.595238,0.568966,0.628571,0.621053,0.588235,0.602041,0.613861,0.585859,0.614583,0.663462,0.472527,0.486239,0.553191,0.509434,0.589474,0.695238,0.681319,0.66055,0.617978,0.648649,0.588889,0.6,0.601942,0.628866,0.552381,0.621053,0.629213,0.513514,0.643678,0.60177,0.515152,0.613861,0.552941,0.565217,0.598214,0.613636,0.49505,0.565657,0.533333,0.526316,0.525773,0.582524,0.644444,0.581818,0.650943,0.56383,0.679612,0.659794,0.632653,0.598039,0.663158,0.552381,0.62766,0.603774,
28600,0.460784,0.602041,0.581633,0.558824,0.520408,0.598039,0.588235,0.642857,0.742268,0.68932,0.617021,0.54717,0.548077,0.645833,0.592233,0.587629,0.574468,0.584906,0.653061,0.529412,0.596491,0.639535,0.602041,0.617647,0.578431,0.520408,0.490741,0.652174,0.515789,0.52381,0.580952,0.494737,0.626263,0.643564,0.509434,0.638298,0.698925,0.579439,0.593023,0.508772,0.55914,0.654206,0.642857,0.698276,0.563636,0.644444,0.647059,0.683673,0.610619,0.574713,0.576923,0.541667,0.526316,0.628571,0.632653,0.607843,0.637255,0.632653,0.522523,0.629213,0.621359,0.536082,0.589474,0.6,0.652174,0.62037,0.548673,0.632184,0.673077,0.65625,0.59633,0.571429,0.6,0.568421,0.588785,0.698925,0.55,0.62,0.616162,0.554455,0.639175,0.553398,0.621053,0.542857,0.5625,0.596154,0.623853,0.549451,0.556604,0.595745,0.659794,0.631068,0.608696,0.583333,0.653061,0.647059,0.673684,0.457143,0.43299,0.61165,
28800,0.524272,0.587629,0.571429,0.694737,0.715789,0.619048,0.594059,0.666667,0.56383,0.556604,0.670103,0.504854,0.591837,0.647059,0.639175,0.621359,0.736364,0.566667,0.557692,0.65625,0.588889,0.645455,0.708333,0.625,0.682353,0.591304,0.6875,0.681818,0.672897,0.612903,0.643564,0.646465,0.666667,0.485981,0.572727,0.555556,0.598214,0.579545,0.59,0.63,0.666667,0.568421,0.602041,0.568627,0.640777,0.587629,0.618182,0.544444,0.565657,0.633663,0.561224,0.637255,0.65,0.59,0.609195,0.522124,0.610526,0.628571,0.541284,0.626374,0.692308,0.578313,0.575758,0.732673,0.6,0.61,0.708738,0.659794,0.666667,0.692308,0.616162,0.554455,0.568421,0.609524,0.51,0.59,0.536842,0.609524,0.621359,0.618557,0.712644,0.530973,0.59375,0.596154,0.663366,0.636364,0.607843,0.622449,0.6,0.547826,0.644444,0.572727,0.568627,0.591837,0.59,0.61,0.607843,0.673469,0.686275,0.520408,
29000,0.575758,0.584158,0.552083,0.548077,0.674419,0.614035,0.684211,0.67619,0.55102,0.568627,0.450549,0.577982,0.69697,0.584158,0.572917,0.576923,0.57,0.56,0.666667,0.698795,0.677419,0.654206,0.511364,0.633929,0.533333,0.636364,0.660377,0.638298,0.66,0.68,0.638889,0.771739,0.591398,0.728972,0.648936,0.632075,0.567568,0.595506,0.66055,0.67033,0.701923,0.666667,0.592593,0.565217,0.557895,0.638095,0.494737,0.561905,0.556701,0.669903,0.643564,0.545455,0.625,0.605769,0.654867,0.563218,0.643678,0.654867,0.650943,0.56383,0.592593,0.630435,0.582418,0.614679,0.57,0.53,0.527473,0.541284,0.570175,0.593023,0.604396,0.688073,0.634615,0.625,0.617647,0.581633,0.673469,0.578431,0.638889,0.663043,0.597826,0.648148,0.608696,0.62037,0.540816,0.598039,0.555556,0.672727,0.68,0.7,0.6,0.610526,0.626263,0.623762,0.627451,0.5,0.57732,0.631068,0.603448,0.583333,
29200,0.615385,0.59633,0.648352,0.605505,0.574468,0.584906,0.637255,0.581633,0.581395,0.561404,0.640449,0.576577,0.66,0.66,0.680851,0.669811,0.431579,0.561905,0.491228,0.511628,0.568627,0.632653,0.53271,0.612903,0.566038,0.702128,0.65625,0.673077,0.59596,0.594059,0.575758,0.514851,0.580645,0.551402,0.591398,0.542056,0.494845,0.592233,0.51087,0.657407,0.645833,0.442308,0.584906,0.478723,0.608247,0.601942,0.561905,0.568421,0.56044,0.633028,0.564356,0.646465,0.663265,0.568627,0.47,0.72,0.575472,0.62766,0.568627,0.602041,0.586538,0.479167,0.604651,0.596491,0.572727,0.644444,0.670103,0.592233,0.556604,0.553191,0.608696,0.574074,0.638095,0.547368,0.603774,0.5,0.527473,0.614679,0.625,0.548077,0.619048,0.663158,0.569892,0.616822,0.67,0.58,0.652632,0.504762,0.653061,0.598039,0.59,0.68,0.6,0.547368,0.65625,0.692308,0.595506,0.567568,0.642857,0.588235,
29400,0.589474,0.580952,0.621359,0.659794,0.625,0.520833,0.49505,0.535354,0.577778,0.463636,0.666667,0.574257,0.53,0.61,0.645161,0.626168,0.67033,0.614679,0.481132,0.606383,0.62766,0.556604,0.631579,0.514286,0.660377,0.62766,0.55,0.52,0.583333,0.673913,0.546296,0.608696,0.473118,0.691589,0.578947,0.697674,0.561404,0.453488,0.631068,0.587629,0.604396,0.614679,0.553398,0.556701,0.577778,0.627273,0.672727,0.588889,0.614679,0.571429,0.548387,0.635514,0.564356,0.636364,0.647619,0.526316,0.565657,0.613861,0.564356,0.525253,0.659794,0.737864,0.537634,0.626168,0.596154,0.604167,0.655556,0.563636,0.60177,0.643678,0.56,0.51,0.673077,0.65625,0.604167,0.586538,0.660194,0.680412,0.540816,0.529412,0.585859,0.564356,0.584158,0.606061,0.67,0.71,0.542857,0.578947,0.5,0.565217,0.537634,0.476636,0.571429,0.587156,0.576087,0.574074,0.575221,0.597701,0.616822,0.731183,
29600,0.656566,0.60396,0.536082,0.514563,0.58427,0.576577,0.6,0.638095,0.51087,0.657407,0.645833,0.596154,0.642857,0.617647,0.578947,0.533333,0.58,0.52,0.590476,0.6,0.602041,0.598039,0.647059,0.602041,0.54955,0.629213,0.639175,0.592233,0.647619,0.494737,0.657407,0.684783,0.6,0.714286,0.666667,0.682243,0.642105,0.657143,0.564356,0.676768,0.670103,0.621359,0.639175,0.61165,0.52,0.65,0.57732,0.592233,0.666667,0.618182,0.597938,0.572816,0.726316,0.571429,0.639175,0.68932,0.590476,0.621053,0.504762,0.515789,0.612245,0.607843,0.582524,0.608247,0.585859,0.613861,0.48,0.69,0.623853,0.505495,0.575758,0.623762,0.584158,0.555556,0.60396,0.636364,0.582524,0.546392,0.563218,0.477876,0.721649,0.660194,0.516854,0.594595,0.62766,0.575472,0.597938,0.553398,0.607843,0.561224,0.540816,0.656863,0.590476,0.6,0.53125,0.615385,0.489583,0.586538,0.653846,0.5625,
29800,0.494845,0.592233,0.54902,0.571429,0.59,0.6,0.641509,0.617021,0.513761,0.56044,0.686869,0.653465,0.533333,0.490909,0.637931,0.678571,0.587719,0.604651,0.630952,0.586207,0.607843,0.561224,0.479167,0.644231,0.508772,0.627907,0.547368,0.638095,0.448598,0.731183,0.573913,0.564706,0.573913,0.505882,0.672897,0.591398,0.560748,0.623656,0.598131,0.612903,0.528302,0.765957,0.602273,0.616071,0.653846,0.635417,0.651376,0.648352,0.572917,0.644231,0.505051,0.653465,0.607143,0.579545,0.588235,0.608696,0.670103,0.582524,0.580645,0.700935,0.576923,0.75,0.634409,0.598131,0.653465,0.585859,0.555556,0.6,0.59434,0.595745,0.617021,0.641509,0.584158,0.484848,0.531532,0.662921,0.621053,0.657143,0.649123,0.651163,0.576087,0.62963,0.644444,0.627273,0.505747,0.610619,0.650485,0.56701,0.616162,0.584158,0.633028,0.637363,0.534653,0.535354,0.606383,0.528302,0.581633,0.509804,0.577778,0.672727,
30000,0.627451,0.602041,0.645161,0.672897,0.571429,0.663158,0.603774,0.56383,0.59,0.57,0.645161,0.560748,0.643564,0.737374,0.602041,0.666667,0.707071,0.594059,0.663462,0.604167,0.677083,0.538462,0.617021,0.660377,0.589474,0.695238,0.553191,0.575472,0.635417,0.548077,0.72449,0.54902,0.684211,0.428571,0.590476,0.463158,0.60396,0.585859,0.604651,0.596491,0.517241,0.469027,0.571429,0.617647,0.68932,0.57732,0.597826,0.592593,0.6,0.617391,0.678261,0.6,0.580357,0.545455,0.602151,0.579439,0.632184,0.504425,0.621359,0.57732,0.614583,0.596154,0.565217,0.537037,0.653465,0.545455,0.607143,0.577586,0.580645,0.691589,0.65625,0.644231,0.56,0.66,0.678161,0.522124,0.682243,0.634409,0.651163,0.631579,0.628866,0.592233,0.686869,0.673267,0.595745,0.54717,0.623656,0.626168,0.635514,0.548387,0.655914,0.682243,0.651685,0.567568,0.598131,0.645161,0.598214,0.602273,0.568182,0.5,
30200,0.637363,0.623853,0.632075,0.638298,0.566667,0.590909,0.728261,0.574074,0.673077,0.520833,0.590909,0.616071,0.561224,0.627451,0.647619,0.547368,0.585859,0.623762,0.571429,0.568421,0.642276,0.584416,0.543478,0.546296,0.5625,0.480769,0.611111,0.509091,0.680851,0.518868,0.698113,0.574468,0.558824,0.591837,0.589474,0.609524,0.663043,0.574074,0.699029,0.670103,0.635514,0.688172,0.686275,0.673469,0.594059,0.646465,0.643564,0.555556,0.61165,0.608247,0.5,0.537736,0.578431,0.571429,0.711111,0.563636,0.542553,0.650943,0.708333,0.596154,0.604167,0.538462,0.650943,0.691489,0.578947,0.67619,0.617978,0.612613,0.655914,0.570093,0.606061,0.584158,0.494949,0.633663,0.535354,0.643564,0.56044,0.568807,0.616162,0.554455,0.550562,0.612613,0.595745,0.5,0.512605,0.530864,0.61165,0.639175,0.589474,0.704762,0.526316,0.638095,0.6875,0.644231,0.505747,0.681416,0.616279,0.54386,0.541284,0.56044,
30400,0.660194,0.587629,0.648936,0.575472,0.582524,0.639175,0.578947,0.514286,0.659794,0.563107,0.698113,0.638298,0.650943,0.531915,0.478261,0.611111,0.515464,0.669903,0.607843,0.571429,0.571429,0.607843,0.632653,0.607843,0.701923,0.65625,0.649485,0.582524,0.649485,0.621359,0.652174,0.62037,0.755102,0.607843,0.649485,0.592233,0.56,0.6,0.67,0.57,0.566667,0.563636,0.688172,0.570093,0.642105,0.695238,0.69697,0.60396,0.633028,0.648352,0.67,0.7,0.609091,0.455556,0.684783,0.555556,0.635514,0.569892,0.659574,0.537736,0.494505,0.678899,0.567901,0.596639,0.6,0.608696,0.703297,0.59633,0.485437,0.659794,0.642857,0.613636,0.606742,0.54955,0.598131,0.591398,0.51,0.53,0.564356,0.59596,0.536082,0.514563,0.650485,0.608247,0.601942,0.618557,0.568182,0.607143,0.567308,0.489583,0.650485,0.56701,0.634615,0.604167,0.6,0.484211,0.567568,0.606742,0.6,0.626087,
30600,0.54023,0.575221,0.597938,0.563107,0.540816,0.519608,0.588889,0.645455,0.627451,0.683673,0.54717,0.606383,0.513761,0.659341,0.634409,0.560748,0.666667,0.653846,0.715909,0.633929,0.578431,0.632653,0.686275,0.663265,0.535088,0.546512,0.623656,0.579439,0.578431,0.612245,0.6,0.588889,0.609524,0.568421,0.561224,0.696078,0.634409,0.626168,0.573913,0.588235,0.62037,0.630435,0.54,0.64,0.591837,0.529412,0.516484,0.623853,0.574257,0.616162,0.684211,0.604651,0.632075,0.585106,0.666667,0.528846,0.69697,0.683168,0.627451,0.663265,0.64,0.54,0.583333,0.576087,0.536082,0.592233,0.574074,0.673913,0.593023,0.535088,0.652632,0.657143,0.61,0.62,0.650485,0.515464,0.648352,0.59633,0.631068,0.639175,0.619565,0.601852,0.642857,0.54902,0.538462,0.645833,0.515152,0.623762,0.606383,0.584906,0.643478,0.576471,0.692308,0.552083,0.565657,0.712871,0.571429,0.6,0.623853,0.56044,
30800,0.694737,0.514286,0.652632,0.609524,0.603774,0.574468,0.554545,0.588889,0.705263,0.590476,0.626263,0.534653,0.649485,0.504854,0.646465,0.485149,0.607143,0.590909,0.536082,0.504854,0.62766,0.613208,0.68932,0.618557,0.64,0.52,0.578947,0.571429,0.657407,0.543478,0.510204,0.568627,0.490385,0.666667,0.566667,0.663636,0.680851,0.698113,0.55914,0.560748,0.718182,0.622222,0.642105,0.609524,0.561798,0.648649,0.543103,0.642857,0.57732,0.669903,0.564356,0.606061,0.5,0.68,0.526882,0.598131,0.614583,0.586538,0.7,0.66,0.6875,0.596154,0.514019,0.55914,0.626263,0.663366,0.534653,0.515152,0.642857,0.539216,0.580952,0.642105,0.642105,0.609524,0.718182,0.666667,0.592233,0.608247,0.642857,0.588235,0.546296,0.521739,0.616071,0.602273,0.626168,0.688172,0.631579,0.657143,0.515789,0.571429,0.659341,0.587156,0.576577,0.662921,0.666667,0.693069,0.56383,0.726415,0.542553,0.584906,
31000,0.644231,0.614583,0.621359,0.597938,0.627119,0.536585,0.54717,0.617021,0.625,0.538462,0.570093,0.666667,0.588785,0.666667,0.55102,0.598039,0.628571,0.421053,0.625,0.59375,0.617647,0.663265,0.645833,0.634615,0.554545,0.666667,0.708333,0.605769,0.584158,0.616162,0.638095,0.663158,0.533981,0.556701,0.568421,0.533333,0.666667,0.568421,0.604167,0.586538,0.670103,0.563107,0.636364,0.623762,0.551724,0.557522,0.64,0.6,0.555556,0.566265,0.583333,0.538462,0.657407,0.673913,0.601852,0.521739,0.561404,0.616279,0.573034,0.540541,0.514019,0.634409,0.56044,0.66055,0.589474,0.619048,0.575472,0.595745,0.607843,0.571429,0.572917,0.567308,0.642105,0.695238,0.546392,0.699029,0.608696,0.592593,0.574074,0.641304,0.650485,0.628866,0.631579,0.628571,0.686869,0.574257,0.638095,0.568421,0.539216,0.622449,0.58,0.58,0.436893,0.546392,0.622222,0.536364,0.585859,0.554455,0.561905,0.589474,
31200,0.638095,0.621053,0.623853,0.648352,0.656566,0.633663,0.590909,0.607143,0.691489,0.537736,0.64,0.62,0.621359,0.546392,0.59,0.6,0.614583,0.644231,0.580645,0.598131,0.652174,0.62037,0.653846,0.552083,0.617978,0.54955,0.543478,0.462963,0.645455,0.566667,0.637363,0.550459,0.72381,0.621053,0.444444,0.563636,0.510417,0.548077,0.510638,0.632075,0.490909,0.633333,0.563218,0.628319,0.585106,0.537736,0.464646,0.594059,0.60241,0.564103,0.657895,0.604651,0.627907,0.622807,0.505051,0.60396,0.53125,0.673077,0.566038,0.585106,0.587156,0.593407,0.580952,0.663158,0.605769,0.5,0.64486,0.612903,0.598131,0.655914,0.623762,0.545455,0.656566,0.623762,0.628866,0.601942,0.627451,0.591837,0.636364,0.594059,0.653465,0.656566,0.534653,0.646465,0.565657,0.594059,0.623853,0.56044,0.67,0.6,0.488889,0.636364,0.634615,0.59375,0.60396,0.545455,0.514286,0.557895,0.640777,0.680412,
31400,0.632653,0.627451,0.669903,0.618557,0.642202,0.626374,0.552083,0.644231,0.50495,0.616162,0.591837,0.578431,0.619048,0.663158,0.601942,0.680412,0.613861,0.686869,0.559633,0.615385,0.613861,0.636364,0.673469,0.598039,0.556604,0.648936,0.650943,0.62766,0.633663,0.666667,0.613861,0.737374,0.509615,0.604167,0.511364,0.625,0.485149,0.666667,0.423423,0.550562,0.574468,0.584906,0.577778,0.609091,0.519231,0.635417,0.646552,0.607143,0.626263,0.564356,0.655914,0.672897,0.59375,0.625,0.576087,0.638889,0.542553,0.660377,0.653061,0.607843,0.584158,0.484848,0.673913,0.537037,0.563107,0.597938,0.61165,0.556701,0.566038,0.56383,0.625,0.669643,0.539216,0.55102,0.60177,0.666667,0.636364,0.594059,0.575472,0.680851,0.595745,0.575472,0.605505,0.637363,0.636364,0.544444,0.704545,0.589286,0.596154,0.635417,0.622642,0.595745,0.561905,0.631579,0.633929,0.613636,0.662921,0.567568,0.679612,0.56701,
31600,0.638298,0.537736,0.564815,0.684783,0.647059,0.561224,0.615385,0.680328,0.602151,0.71028,0.613208,0.617021,0.572816,0.56701,0.5625,0.576923,0.569767,0.596491,0.523364,0.591398,0.581818,0.655556,0.622449,0.578431,0.726316,0.666667,0.608696,0.6,0.585106,0.54717,0.717172,0.544554,0.653061,0.578431,0.555556,0.673267,0.514286,0.610526,0.570093,0.537634,0.555556,0.594059,0.546392,0.563107,0.634409,0.616822,0.569892,0.598131,0.57732,0.621359,0.717949,0.650602,0.571429,0.519608,0.666667,0.663366,0.659794,0.533981,0.459184,0.647059,0.625,0.596154,0.64,0.56,0.649123,0.581395,0.666667,0.567308,0.578431,0.622449,0.622642,0.542553,0.638298,0.613208,0.615385,0.587156,0.597826,0.574074,0.641509,0.617021,0.611111,0.663636,0.649485,0.621359,0.556701,0.631068,0.60177,0.574713,0.602041,0.607843,0.75,0.625,0.719626,0.580645,0.6,0.61,0.716981,0.574468,0.537634,0.579439,
31800,0.642202,0.582418,0.559633,0.505495,0.582609,0.647059,0.675676,0.651685,0.709677,0.588785,0.673913,0.592593,0.719101,0.522523,0.660194,0.597938,0.648352,0.605505,0.653465,0.646465,0.673469,0.5,0.574468,0.518868,0.538462,0.572917,0.615385,0.677083,0.644444,0.709091,0.655172,0.628319,0.591837,0.656863,0.666667,0.597826,0.589474,0.6,0.612245,0.647059,0.567308,0.65625,0.647727,0.5625,0.546392,0.68932,0.578947,0.593023,0.524272,0.639175,0.613636,0.5625,0.602151,0.551402,0.595745,0.584906,0.663366,0.555556,0.543689,0.57732,0.481132,0.606383,0.570175,0.593023,0.568807,0.604396,0.626263,0.574257,0.634615,0.458333,0.612245,0.656863,0.711538,0.65625,0.556701,0.631068,0.636364,0.594059,0.59596,0.594059,0.580952,0.578947,0.510204,0.617647,0.616071,0.670455,0.618557,0.601942,0.692308,0.572917,0.669492,0.634146,0.581633,0.637255,0.547368,0.638095,0.481132,0.702128,0.637363,0.559633,
32000,0.577586,0.630952,0.663043,0.546296,0.575472,0.595745,0.527778,0.554348,0.530435,0.670588,0.564356,0.585859,0.528736,0.672566,0.61165,0.659794,0.582524,0.701031,0.672727,0.633333,0.556701,0.640777,0.546392,0.61165,0.592233,0.587629,0.577982,0.648352,0.613861,0.636364,0.642857,0.534091,0.574468,0.688679,0.669725,0.626374,0.723404,0.490566,0.657407,0.597826,0.631579,0.581395,0.673469,0.617647,0.644231,0.614583,0.55102,0.529412,0.618557,0.514563,0.523256,0.45614,0.53,0.51,0.616162,0.544554,0.651685,0.585586,0.621622,0.595506,0.642105,0.619048,0.59,0.56,0.642105,0.580952,0.612903,0.700935,0.613861,0.707071,0.540816,0.598039,0.518868,0.62766,0.585106,0.632075,0.621053,0.657143,0.572727,0.555556,0.5,0.673077,0.613208,0.638298,0.555556,0.574257,0.469388,0.617647,0.514851,0.636364,0.653061,0.607843,0.623656,0.691589,0.752688,0.663551,0.568421,0.580952,0.545455,0.658228,
32200,0.686275,0.581633,0.553398,0.618557,0.666667,0.634615,0.586957,0.564815,0.519231,0.614583,0.586957,0.564815,0.6,0.590476,0.56701,0.572816,0.6,0.608696,0.564815,0.673913,0.537736,0.606383,0.669725,0.692308,0.598039,0.602041,0.510417,0.625,0.634409,0.598131,0.619048,0.621053,0.62,0.54,0.673913,0.601852,0.572816,0.608247,0.727273,0.564356,0.590909,0.577778,0.641509,0.574468,0.631579,0.552381,0.602151,0.579439,0.648148,0.641304,0.514286,0.642105,0.708738,0.659794,0.544643,0.590909,0.540816,0.519608,0.515152,0.60396,0.563107,0.628866,0.628571,0.557895,0.649485,0.592233,0.567308,0.572917,0.555556,0.619565,0.580645,0.635514,0.59,0.63,0.627451,0.591837,0.621053,0.580952,0.655556,0.563636,0.574257,0.616162,0.633333,0.527273,0.643564,0.676768,0.505495,0.587156,0.581633,0.54902,0.587629,0.61165,0.617647,0.5,0.563218,0.557522,0.614679,0.56044,0.725275,0.568807,
32400,0.615385,0.614458,0.568421,0.619048,0.56,0.53,0.59,0.64,0.627451,0.632653,0.558824,0.540816,0.648148,0.586957,0.643564,0.565657,0.604167,0.625,0.645161,0.616822,0.53,0.52,0.617647,0.55102,0.612245,0.598039,0.554455,0.646465,0.666667,0.605769,0.574074,0.663043,0.60177,0.448276,0.681416,0.609195,0.567308,0.645833,0.640449,0.531532,0.744898,0.588235,0.591398,0.542056,0.569892,0.607477,0.650943,0.542553,0.611111,0.563636,0.635593,0.634146,0.633663,0.616162,0.682692,0.59375,0.56701,0.592233,0.645161,0.616822,0.642202,0.637363,0.585106,0.528302,0.621053,0.704762,0.549451,0.577982,0.666667,0.548077,0.587629,0.543689,0.649573,0.662651,0.530612,0.607843,0.592233,0.597938,0.511364,0.535714,0.579545,0.553571,0.676471,0.714286,0.581633,0.578431,0.603774,0.585106,0.618557,0.621359,0.479592,0.656863,0.561224,0.519608,0.648148,0.543478,0.56044,0.633028,0.585859,0.574257,
32600,0.609524,0.621053,0.576923,0.572917,0.575758,0.683168,0.549451,0.59633,0.544554,0.59596,0.572727,0.588889,0.54902,0.530612,0.677083,0.567308,0.542553,0.518868,0.542056,0.516129,0.556701,0.572816,0.623762,0.555556,0.539216,0.540816,0.515152,0.574257,0.5625,0.548077,0.52381,0.589474,0.574468,0.641509,0.568807,0.593407,0.633028,0.692308,0.578947,0.685714,0.476636,0.55914,0.552381,0.578947,0.568421,0.52381,0.57,0.71,0.663265,0.617647,0.721649,0.660194,0.59375,0.740385,0.621359,0.587629,0.630435,0.564815,0.540816,0.627451,0.632653,0.637255,0.619048,0.673684,0.522222,0.590909,0.62766,0.584906,0.618182,0.588889,0.597938,0.650485,0.666667,0.530612,0.522222,0.581818,0.574468,0.622642,0.631579,0.647619,0.580952,0.652632,0.59375,0.538462,0.584158,0.515152,0.6,0.6,0.669725,0.637363,0.553398,0.56701,0.59596,0.673267,0.525253,0.594059,0.53271,0.645161,0.62963,0.543478,
32800,0.616162,0.643564,0.571429,0.676471,0.53271,0.623656,0.643564,0.616162,0.568807,0.549451,0.587629,0.660194,0.715686,0.540816,0.616071,0.625,0.655556,0.672727,0.694737,0.638095,0.57732,0.650485,0.528302,0.606383,0.637255,0.520408,0.543478,0.657407,0.540816,0.647059,0.590476,0.547368,0.525253,0.475248,0.558824,0.663265,0.56044,0.59633,0.614679,0.593407,0.65625,0.730769,0.554455,0.555556,0.553191,0.650943,0.628319,0.563218,0.59322,0.585366,0.62037,0.521739,0.614035,0.511628,0.621359,0.597938,0.579439,0.516129,0.636364,0.660714,0.613208,0.648936,0.597826,0.583333,0.62,0.66,0.638655,0.555556,0.590476,0.621053,0.594059,0.59596,0.475248,0.656566,0.656566,0.50495,0.586957,0.537037,0.642276,0.623377,0.648148,0.597826,0.559633,0.527473,0.61,0.61,0.616162,0.554455,0.686869,0.554455,0.558824,0.571429,0.520408,0.598039,0.547619,0.568966,0.648936,0.537736,0.557692,0.447917,
33000,0.610619,0.689655,0.554455,0.626263,0.666667,0.766355,0.623656,0.560748,0.597938,0.563107,0.615385,0.65625,0.622449,0.666667,0.571429,0.676471,0.635417,0.634615,0.66,0.63,0.58427,0.531532,0.596154,0.614583,0.622449,0.637255,0.701923,0.697917,0.587629,0.650485,0.535354,0.60396,0.505051,0.752475,0.53125,0.634615,0.571429,0.686275,0.516949,0.597561,0.591398,0.523364,0.572917,0.644231,0.556604,0.670213,0.607843,0.602041,0.571429,0.666667,0.531915,0.660377,0.666667,0.607477,0.62766,0.556604,0.57,0.55,0.642857,0.539216,0.67033,0.577982,0.552381,0.557895,0.635514,0.55914,0.69697,0.60396,0.543689,0.659794,0.62,0.58,0.547619,0.594828,0.666667,0.59292,0.605505,0.626374,0.716981,0.702128,0.619048,0.684211,0.672897,0.677419,0.669811,0.691489,0.690265,0.586207,0.584071,0.689655,0.653061,0.617647,0.61,0.56,0.612245,0.676471,0.603774,0.62766,0.59,0.55,
33200,0.595745,0.556604,0.5625,0.568182,0.564356,0.505051,0.588235,0.520408,0.681818,0.660714,0.557692,0.59375,0.651685,0.693694,0.576087,0.416667,0.578947,0.590476,0.571429,0.614679,0.593407,0.614679,0.594059,0.606061,0.6,0.657143,0.754717,0.585106,0.71134,0.631068,0.739583,0.557692,0.689655,0.628319,0.566038,0.531915,0.557692,0.625,0.634615,0.479167,0.582418,0.522936,0.608247,0.601942,0.633663,0.676768,0.628571,0.557895,0.628319,0.609195,0.598039,0.602041,0.53271,0.634409,0.62037,0.663043,0.585859,0.633663,0.697917,0.605769,0.572816,0.57732,0.606061,0.594059,0.607477,0.612903,0.56701,0.533981,0.552083,0.586538,0.522523,0.561798,0.663265,0.54902,0.56,0.69,0.698925,0.64486,0.605769,0.614583,0.622642,0.56383,0.572917,0.586538,0.57732,0.572816,0.628866,0.592233,0.515152,0.633663,0.571429,0.627451,0.642857,0.590909,0.582418,0.587156,0.655556,0.654545,0.673267,0.646465,
33400,0.632184,0.584071,0.5,0.642857,0.538462,0.6875,0.64,0.64,0.542857,0.663158,0.634615,0.614583,0.66,0.54,0.66055,0.571429,0.584906,0.659574,0.555556,0.60396,0.64486,0.569892,0.622642,0.574468,0.614583,0.673077,0.537037,0.663043,0.630435,0.574074,0.444444,0.594059,0.584906,0.606383,0.576923,0.479167,0.568627,0.704082,0.521277,0.783019,0.522523,0.741573,0.613208,0.62766,0.652174,0.529412,0.622449,0.607843,0.446809,0.528302,0.545455,0.594059,0.5,0.603774,0.645833,0.644231,0.619565,0.62037,0.576087,0.657407,0.578431,0.714286,0.633663,0.565657,0.602151,0.588785,0.56701,0.61165,0.607477,0.591398,0.568627,0.591837,0.572917,0.567308,0.715686,0.632653,0.585106,0.679245,0.537634,0.635514,0.669725,0.538462,0.602151,0.654206,0.621053,0.504762,0.62766,0.688679,0.576087,0.564815,0.66,0.56,0.612613,0.617978,0.638095,0.547368,0.564356,0.575758,0.564356,0.59596,
33600,0.572917,0.471154,0.645833,0.673077,0.542169,0.589744,0.615385,0.605505,0.571429,0.578947,0.623656,0.616822,0.527778,0.543478,0.643564,0.626263,0.545455,0.616071,0.542553,0.650943,0.635417,0.644231,0.567308,0.65625,0.521277,0.688679,0.582524,0.587629,0.533333,0.589474,0.483871,0.635514,0.53125,0.615385,0.588785,0.645161,0.581633,0.509804,0.598039,0.561224,0.547619,0.637931,0.59596,0.574257,0.553191,0.726415,0.576923,0.635417,0.704082,0.696078,0.594059,0.555556,0.652174,0.555556,0.633929,0.647727,0.673684,0.590476,0.66,0.67,0.610526,0.542857,0.636364,0.623762,0.625,0.614583,0.663366,0.59596,0.630435,0.62963,0.633663,0.545455,0.621359,0.639175,0.536082,0.563107,0.524272,0.639175,0.68932,0.701031,0.582418,0.633028,0.692308,0.760417,0.630631,0.606742,0.663043,0.62037,0.605769,0.583333,0.480769,0.666667,0.628866,0.640777,0.606383,0.698113,0.641026,0.614458,0.515152,0.742574,
33800,0.636364,0.80198,0.589474,0.504762,0.639175,0.553398,0.64,0.71,0.695122,0.644068,0.637931,0.630952,0.608247,0.621359,0.538462,0.677083,0.606383,0.584906,0.57,0.55,0.653846,0.625,0.553191,0.566038,0.601942,0.546392,0.608247,0.592233,0.591837,0.666667,0.568807,0.582418,0.5625,0.701923,0.604167,0.644231,0.650485,0.525773,0.735294,0.663265,0.535354,0.554455,0.626506,0.666667,0.622642,0.553191,0.647619,0.631579,0.66,0.61,0.642857,0.607843,0.602151,0.672897,0.524272,0.57732,0.567568,0.640449,0.555556,0.534653,0.691489,0.641509,0.644444,0.590909,0.673913,0.62963,0.669811,0.510638,0.660377,0.585106,0.585859,0.564356,0.61165,0.701031,0.555556,0.46988,0.62,0.66,0.663043,0.611111,0.693069,0.545455,0.542857,0.631579,0.534653,0.505051,0.602273,0.544643,0.605505,0.571429,0.541176,0.573913,0.660194,0.556701,0.631579,0.52381,0.569892,0.542056,0.608247,0.553398,
34000,0.553398,0.597938,0.663265,0.558824,0.541667,0.634615,0.639175,0.504854,0.597938,0.533981,0.595238,0.543103,0.605769,0.645833,0.59,0.58,0.619048,0.547368,0.593407,0.541284,0.547368,0.590476,0.633663,0.636364,0.669811,0.510638,0.579545,0.544643,0.717172,0.60396,0.69,0.56,0.688679,0.606383,0.635514,0.580645,0.576923,0.583333,0.605769,0.583333,0.663551,0.526882,0.605769,0.520833,0.642857,0.558824,0.67619,0.726316,0.606383,0.59434,0.59375,0.653846,0.626263,0.643564,0.615385,0.635417,0.607843,0.591837,0.586538,0.604167,0.597938,0.592233,0.666667,0.60396,0.67619,0.568421,0.631579,0.6,0.528302,0.56383,0.575758,0.653465,0.663158,0.628571,0.626374,0.559633,0.541284,0.56044,0.59434,0.521277,0.6,0.552381,0.555556,0.643564,0.598131,0.634409,0.617021,0.537736,0.59596,0.663366,0.595745,0.528302,0.556604,0.691489,0.537634,0.635514,0.597938,0.553398,0.613636,0.5625,
34200,0.57732,0.592233,0.538462,0.559633,0.529412,0.632653,0.557895,0.619048,0.597938,0.582524,0.585859,0.574257,0.705263,0.552381,0.631068,0.608247,0.565217,0.6,0.55,0.62,0.588889,0.672727,0.6,0.652632,0.54717,0.553191,0.537634,0.682243,0.576471,0.565217,0.621053,0.504762,0.60396,0.585859,0.535714,0.556818,0.649485,0.621359,0.546512,0.508772,0.647059,0.6,0.553398,0.608247,0.612613,0.52809,0.568627,0.489796,0.520408,0.666667,0.504854,0.57732,0.653846,0.666667,0.541667,0.605769,0.535354,0.643564,0.59,0.6,0.5,0.583333,0.632184,0.566372,0.535354,0.554455,0.533333,0.642105,0.574468,0.632075,0.669811,0.659574,0.518868,0.5,0.601852,0.565217,0.61,0.54,0.489583,0.615385,0.588889,0.627273,0.581633,0.578431,0.556701,0.592233,0.676471,0.622449,0.572917,0.596154,0.603774,0.542553,0.520833,0.576923,0.642857,0.627451,0.663717,0.666667,0.538462,0.495413,
34400,0.652632,0.552381,0.640351,0.616279,0.607843,0.561224,0.567308,0.541667,0.636364,0.555556,0.56,0.62,0.607143,0.586207,0.603774,0.617021,0.641304,0.62963,0.537037,0.630435,0.56383,0.566038,0.581633,0.519608,0.635417,0.615385,0.613208,0.553191,0.636364,0.465347,0.563636,0.555556,0.604396,0.678899,0.539216,0.663265,0.605769,0.510417,0.595745,0.650943,0.663158,0.6,0.634615,0.625,0.543478,0.638889,0.488889,0.572727,0.7,0.611111,0.56383,0.584906,0.608696,0.518519,0.616162,0.643564,0.633663,0.606061,0.566038,0.659574,0.544554,0.646465,0.55914,0.570093,0.613208,0.670213,0.59596,0.584158,0.485437,0.536082,0.527473,0.605505,0.653465,0.59596,0.685185,0.586957,0.653465,0.585859,0.712766,0.650943,0.581633,0.627451,0.535354,0.544554,0.610526,0.571429,0.544554,0.626263,0.5625,0.576923,0.606383,0.528302,0.663636,0.611111,0.688073,0.615385,0.607477,0.569892,0.601942,0.587629,
34600,0.604167,0.528846,0.622449,0.588235,0.645833,0.567308,0.615385,0.568807,0.626506,0.641026,0.418182,0.688889,0.460784,0.612245,0.568627,0.612245,0.626374,0.541284,0.551402,0.634409,0.65625,0.605769,0.546392,0.61165,0.589744,0.542169,0.5,0.557692,0.5625,0.683333,0.683168,0.626263,0.597938,0.601942,0.650943,0.680851,0.486726,0.643678,0.623762,0.616162,0.534091,0.625,0.650485,0.639175,0.67,0.57,0.618182,0.622222,0.494624,0.514019,0.563107,0.525773,0.535354,0.643564,0.670103,0.572816,0.690722,0.640777,0.653061,0.686275,0.54902,0.622449,0.591837,0.578431,0.555556,0.609091,0.46789,0.604396,0.65625,0.605769,0.610526,0.647619,0.660194,0.515464,0.568627,0.540816,0.6,0.526316,0.520833,0.528846,0.553191,0.575472,0.587156,0.648352,0.634615,0.645833,0.659091,0.607143,0.590476,0.6,0.576577,0.595506,0.510204,0.696078,0.56383,0.518868,0.623762,0.575758,0.61,0.57,
34800,0.537634,0.616822,0.561798,0.666667,0.693878,0.588235,0.605769,0.635417,0.55914,0.64486,0.75,0.57,0.692982,0.639535,0.568182,0.598214,0.576923,0.614583,0.494845,0.504854,0.59,0.58,0.669903,0.608247,0.673913,0.62963,0.653465,0.555556,0.515789,0.52381,0.641509,0.531915,0.525773,0.592233,0.547368,0.619048,0.641509,0.489362,0.697248,0.571429,0.527778,0.619565,0.525773,0.601942,0.577982,0.494505,0.618557,0.572816,0.717172,0.653465,0.622642,0.648936,0.551724,0.60177,0.627451,0.561224,0.578431,0.591837,0.568627,0.581633,0.65,0.59,0.621359,0.587629,0.554455,0.525253,0.5,0.56,0.654206,0.688172,0.672897,0.548387,0.724771,0.703297,0.549451,0.541284,0.680851,0.575472,0.642857,0.617647,0.476636,0.623656,0.610526,0.552381,0.677419,0.64486,0.515464,0.728155,0.538462,0.477064,0.591837,0.568627,0.583333,0.554348,0.594828,0.690476,0.612903,0.53271,0.679487,0.655738,
35000,0.56,0.62,0.564356,0.484848,0.614035,0.523256,0.608247,0.621359,0.520408,0.588235,0.649485,0.621359,0.666667,0.578947,0.595745,0.660377,0.639175,0.640777,0.55102,0.686275,0.522523,0.58427,0.558824,0.520408,0.707865,0.594595,0.548387,0.514019,0.495798,0.580247,0.6875,0.673077,0.576923,0.572917,0.615385,0.604167,0.60396,0.555556,0.636364,0.598214,0.669725,0.582418,0.618182,0.622222,0.648148,0.619565,0.578313,0.641026,0.53271,0.505376,0.621053,0.647619,0.612245,0.656863,0.521368,0.590361,0.514851,0.666667,0.59375,0.538462,0.58427,0.54955,0.572917,0.596154,0.645161,0.598131,0.632653,0.568627,0.643564,0.535354,0.659794,0.563107,0.61165,0.659794,0.52809,0.675676,0.644444,0.6,0.678161,0.59292,0.616071,0.625,0.535354,0.534653,0.6,0.645455,0.658824,0.513043,0.612245,0.617647,0.56,0.61,0.622449,0.656863,0.633028,0.593407,0.602041,0.588235,0.56,0.64,
35200,0.555556,0.683168,0.684783,0.592593,0.705882,0.602041,0.622642,0.712766,0.709402,0.578313,0.616071,0.625,0.62931,0.642857,0.598131,0.55914,0.547368,0.628571,0.704762,0.684211,0.539326,0.666667,0.595745,0.613208,0.582524,0.608247,0.686047,0.692982,0.6,0.571429,0.533981,0.546392,0.680412,0.495146,0.663366,0.59596,0.685714,0.726316,0.574257,0.535354,0.604167,0.615385,0.526882,0.607477,0.6,0.643478,0.673267,0.606061,0.606838,0.626506,0.679612,0.587629,0.615385,0.572917,0.653846,0.708333,0.63,0.64,0.59,0.6,0.6875,0.557692,0.637255,0.571429,0.605769,0.541667,0.588235,0.530612,0.561905,0.663158,0.608247,0.572816,0.648649,0.52809,0.535354,0.663366,0.646465,0.613861,0.585859,0.633663,0.634615,0.541667,0.555556,0.623762,0.590476,0.621053,0.571429,0.670455,0.634409,0.616822,0.575758,0.594059,0.644231,0.520833,0.623529,0.6,0.669903,0.659794,0.571429,0.607843,
35400,0.528846,0.625,0.567568,0.550562,0.549451,0.614679,0.610526,0.485714,0.515152,0.633663,0.66,0.58,0.622449,0.696078,0.633663,0.626263,0.647727,0.5625,0.635514,0.677419,0.555556,0.60396,0.583333,0.641304,0.659794,0.640777,0.623656,0.53271,0.602151,0.53271,0.642857,0.598039,0.52381,0.6,0.59,0.61,0.555556,0.643564,0.587629,0.621359,0.683168,0.626263,0.610619,0.666667,0.666667,0.662791,0.56,0.57,0.531915,0.59434,0.592593,0.673913,0.613636,0.544643,0.6,0.6,0.607477,0.634409,0.644231,0.520833,0.618182,0.688889,0.553191,0.584906,0.643678,0.59292,0.596491,0.627907,0.75,0.675926,0.56,0.6,0.529412,0.643478,0.62963,0.586957,0.461538,0.635417,0.632075,0.595745,0.691489,0.613208,0.573034,0.693694,0.580952,0.568421,0.602041,0.598039,0.576923,0.666667,0.752577,0.640777,0.62,0.57,0.623762,0.59596,0.575,0.6125,0.61,0.58,
35600,0.584158,0.606061,0.552381,0.578947,0.61,0.6,0.605769,0.65625,0.598039,0.581633,0.5,0.488636,0.592233,0.618557,0.622449,0.588235,0.72449,0.627451,0.601942,0.628866,0.585106,0.641509,0.452632,0.609524,0.627451,0.55102,0.623656,0.523364,0.62,0.58,0.609091,0.5,0.640777,0.618557,0.621053,0.580952,0.601852,0.695652,0.617021,0.622642,0.636364,0.722772,0.65625,0.605769,0.666667,0.602041,0.62766,0.575472,0.547368,0.580952,0.590476,0.642105,0.641026,0.590361,0.657658,0.573034,0.609756,0.576271,0.564815,0.673913,0.595506,0.54955,0.574257,0.606061,0.578431,0.602041,0.666667,0.683168,0.567308,0.572917,0.607477,0.494624,0.575758,0.594059,0.584906,0.62766,0.663551,0.591398,0.568182,0.625,0.605769,0.583333,0.72381,0.568421,0.597938,0.68932,0.613861,0.484848,0.652632,0.628571,0.561224,0.72549,0.66,0.63,0.645455,0.588889,0.518182,0.566667,0.638298,0.566038,
35800,0.677778,0.590909,0.553191,0.603774,0.681319,0.587156,0.634409,0.598131,0.673469,0.598039,0.615385,0.5625,0.5,0.638298,0.570093,0.602151,0.695652,0.611111,0.666667,0.574257,0.634409,0.700935,0.617021,0.660377,0.529412,0.683673,0.589474,0.590476,0.543689,0.701031,0.472222,0.673913,0.628571,0.621053,0.446809,0.632075,0.5,0.677083,0.571429,0.666667,0.610526,0.6,0.505051,0.693069,0.531915,0.660377,0.581197,0.554217,0.59,0.63,0.636364,0.633929,0.588889,0.627273,0.603774,0.606383,0.544444,0.572727,0.551402,0.623656,0.648936,0.54717,0.531532,0.629213,0.644231,0.604167,0.656566,0.564356,0.568421,0.619048,0.563107,0.670103,0.606383,0.613208,0.663043,0.583333,0.677419,0.542056,0.549451,0.623853,0.592233,0.536082,0.621622,0.629213,0.55814,0.614035,0.619469,0.689655,0.57732,0.601942,0.552083,0.557692,0.63,0.57,0.6375,0.616667,0.61165,0.556701,0.55102,0.637255,
36000,0.565657,0.60396,0.543478,0.75,0.598039,0.673469,0.62,0.67,0.618557,0.669903,0.71134,0.699029,0.646465,0.534653,0.670103,0.650485,0.602151,0.542056,0.536842,0.580952,0.699115,0.563218,0.6,0.64,0.702128,0.537736,0.642105,0.704762,0.59,0.61,0.68932,0.639175,0.666667,0.55102,0.673469,0.558824,0.752294,0.56044,0.654762,0.637931,0.555556,0.674699,0.675676,0.550562,0.490741,0.565217,0.666667,0.554348,0.634409,0.700935,0.637255,0.642857,0.576923,0.635417,0.555556,0.563636,0.588235,0.55102,0.663366,0.585859,0.548673,0.609195,0.67033,0.623853,0.584158,0.565657,0.527473,0.678899,0.55814,0.587719,0.579439,0.580645,0.678161,0.548673,0.6,0.62,0.485714,0.6,0.57732,0.650485,0.59375,0.673077,0.576923,0.65625,0.647059,0.632653,0.564356,0.515152,0.62766,0.566038,0.505155,0.650485,0.618557,0.621359,0.663043,0.527778,0.52,0.58,0.61,0.57,
36200,0.68932,0.515464,0.646465,0.50495,0.561905,0.568421,0.651376,0.637363,0.584906,0.510638,0.56701,0.543689,0.623762,0.686869,0.515464,0.601942,0.6,0.652632,0.637168,0.494253,0.459184,0.490196,0.631579,0.657143,0.406977,0.72807,0.541284,0.67033,0.65,0.65,0.634409,0.71028,0.698113,0.574468,0.669643,0.522727,0.616071,0.625,0.584071,0.574713,0.544444,0.490909,0.567308,0.46875,0.648936,0.650943,0.587719,0.604651,0.651376,0.538462,0.625,0.653846,0.59596,0.594059,0.637363,0.477064,0.586207,0.663717,0.582524,0.628866,0.460784,0.693878,0.616279,0.578947,0.554217,0.538462,0.659091,0.616071,0.494505,0.614679,0.574713,0.584071,0.539216,0.632653,0.584158,0.555556,0.6,0.621053,0.566667,0.645455,0.625,0.591667,0.548077,0.625,0.523364,0.602151,0.573913,0.623529,0.659794,0.601942,0.651376,0.593407,0.572816,0.597938,0.505376,0.598131,0.67033,0.53211,0.657658,0.606742,
36400,0.537634,0.682243,0.621053,0.628571,0.587156,0.637363,0.571429,0.590909,0.554348,0.62037,0.590909,0.607143,0.638095,0.705263,0.59633,0.582418,0.666667,0.584071,0.594059,0.767677,0.666667,0.646018,0.699029,0.608247,0.595745,0.603774,0.640351,0.651163,0.587629,0.660194,0.70297,0.646465,0.682692,0.53125,0.610619,0.597701,0.683673,0.558824,0.576923,0.552083,0.637255,0.642857,0.591837,0.637255,0.556701,0.563107,0.612903,0.579439,0.693182,0.616071,0.540816,0.539216,0.625,0.489583,0.545455,0.643564,0.537634,0.654206,0.5,0.489583,0.643564,0.59596,0.525253,0.544554,0.564356,0.666667,0.663366,0.545455,0.616162,0.524752,0.566372,0.54023,0.697917,0.586538,0.619565,0.564815,0.634783,0.658824,0.59,0.58,0.626263,0.594059,0.607843,0.602041,0.59375,0.605769,0.632075,0.648936,0.589474,0.52381,0.58,0.52,0.530435,0.647059,0.654206,0.602151,0.72619,0.560345,0.708738,0.639175,
36600,0.635417,0.586538,0.485437,0.56701,0.563107,0.628866,0.525773,0.582524,0.6,0.58,0.55814,0.570175,0.553191,0.641509,0.574257,0.646465,0.515464,0.650485,0.604396,0.614679,0.626263,0.633663,0.65625,0.682692,0.571429,0.577982,0.655172,0.495575,0.666667,0.557692,0.651376,0.604396,0.601942,0.659794,0.606383,0.669811,0.645455,0.511111,0.619565,0.564815,0.544554,0.575758,0.552381,0.536842,0.648936,0.556604,0.555556,0.706522,0.696078,0.632653,0.568627,0.632653,0.48913,0.675926,0.651163,0.675439,0.656566,0.564356,0.639175,0.543689,0.75,0.684783,0.622449,0.539216,0.546392,0.631068,0.582524,0.71134,0.510638,0.632075,0.53125,0.682692,0.470588,0.683673,0.578947,0.534884,0.488372,0.614035,0.59633,0.615385,0.539216,0.602041,0.626168,0.569892,0.656566,0.683168,0.62,0.64,0.457447,0.603774,0.554455,0.59596,0.588235,0.622449,0.643564,0.626263,0.50495,0.575758,0.576087,0.546296,
36800,0.602041,0.598039,0.590909,0.566667,0.547009,0.650602,0.633333,0.672727,0.578947,0.609524,0.638298,0.641509,0.578431,0.591837,0.614583,0.538462,0.509615,0.59375,0.614583,0.5,0.659794,0.631068,0.59292,0.563218,0.565657,0.574257,0.572816,0.494845,0.542553,0.443396,0.5,0.635417,0.525773,0.563107,0.635417,0.653846,0.525773,0.582524,0.617647,0.622449,0.591837,0.539216,0.593407,0.642202,0.568807,0.604396,0.682692,0.510417,0.531915,0.528302,0.636364,0.633663,0.583333,0.560345,0.636364,0.625,0.698925,0.560748,0.557522,0.689655,0.64486,0.505376,0.606061,0.70297,0.696078,0.622449,0.550459,0.593407,0.5625,0.615385,0.59596,0.584158,0.614583,0.548077,0.588235,0.510204,0.580952,0.631579,0.53012,0.512821,0.625,0.525,0.657143,0.631579,0.623656,0.598131,0.528302,0.670213,0.591398,0.588785,0.524272,0.597938,0.573913,0.552941,0.633663,0.666667,0.589474,0.561905,0.53125,0.586538,
37000,0.581633,0.598039,0.557692,0.572917,0.696078,0.591837,0.643411,0.577465,0.510204,0.539216,0.556701,0.553398,0.615385,0.504587,0.567308,0.5625,0.649485,0.650485,0.637255,0.602041,0.605505,0.538462,0.566038,0.595745,0.680851,0.613208,0.666667,0.602041,0.676471,0.540816,0.653061,0.54902,0.59,0.55,0.593407,0.513761,0.495327,0.623656,0.568421,0.628571,0.572917,0.605769,0.533981,0.701031,0.711538,0.510417,0.57732,0.601942,0.512605,0.604938,0.607843,0.642857,0.701923,0.65625,0.65625,0.5,0.648148,0.521739,0.634783,0.541176,0.607477,0.655914,0.583333,0.554348,0.463636,0.577778,0.581633,0.54902,0.712766,0.537736,0.568807,0.659341,0.673469,0.627451,0.627451,0.602041,0.669811,0.680851,0.626374,0.568807,0.515152,0.633663,0.578431,0.591837,0.591837,0.54902,0.625,0.534091,0.678571,0.568182,0.655914,0.570093,0.637255,0.459184,0.641304,0.583333,0.554348,0.574074,0.634409,0.635514,
37200,0.595745,0.490566,0.683168,0.666667,0.58,0.58,0.648148,0.456522,0.532609,0.555556,0.634409,0.64486,0.59596,0.594059,0.598214,0.534091,0.533981,0.618557,0.597938,0.68932,0.673077,0.645833,0.704082,0.509804,0.688679,0.510638,0.538462,0.587156,0.704762,0.621053,0.653061,0.607843,0.556701,0.592233,0.571429,0.578947,0.666667,0.693069,0.584158,0.585859,0.606742,0.585586,0.616162,0.50495,0.587629,0.621359,0.515152,0.544554,0.652174,0.62037,0.610526,0.609524,0.641304,0.62037,0.673469,0.568627,0.521739,0.601852,0.592233,0.649485,0.587629,0.563107,0.536585,0.627119,0.59,0.57,0.6125,0.608333,0.618557,0.61165,0.542857,0.578947,0.53125,0.548077,0.558824,0.673469,0.644444,0.563636,0.623656,0.607477,0.650485,0.649485,0.691489,0.641509,0.574713,0.575221,0.693069,0.636364,0.567308,0.65625,0.631068,0.536082,0.6,0.571429,0.646465,0.554455,0.617647,0.581633,0.611111,0.695652,
37400,0.571429,0.647059,0.590909,0.5,0.583333,0.619565,0.610526,0.6,0.638298,0.575472,0.527778,0.554348,0.533333,0.589474,0.603774,0.617021,0.643678,0.59292,0.617391,0.588235,0.678571,0.62069,0.59,0.52,0.634615,0.65625,0.616162,0.574257,0.590909,0.633333,0.574074,0.75,0.569892,0.616822,0.623762,0.444444,0.666667,0.594059,0.44086,0.560748,0.613861,0.545455,0.666667,0.586538,0.544554,0.535354,0.631579,0.609524,0.588235,0.632653,0.538462,0.5625,0.622449,0.588235,0.590476,0.589474,0.639175,0.631068,0.647059,0.622449,0.648352,0.614679,0.581395,0.605263,0.565657,0.564356,0.639175,0.601942,0.679245,0.638298,0.553398,0.608247,0.55,0.66,0.615385,0.65625,0.616162,0.594059,0.631579,0.6,0.616822,0.591398,0.517544,0.593023,0.576087,0.592593,0.584906,0.617021,0.566038,0.659574,0.613861,0.505051,0.578431,0.663265,0.605505,0.527473,0.611111,0.636364,0.556701,0.640777,
37600,0.60177,0.517241,0.615385,0.59375,0.568421,0.542857,0.553191,0.566038,0.612245,0.666667,0.638298,0.613208,0.617647,0.469388,0.572727,0.622222,0.60177,0.609195,0.619048,0.673684,0.552381,0.6,0.612903,0.588785,0.575472,0.702128,0.638298,0.688679,0.604167,0.644231,0.563107,0.608247,0.59434,0.617021,0.571429,0.715596,0.558559,0.629213,0.5,0.578431,0.57732,0.631068,0.543478,0.62037,0.576923,0.645833,0.635417,0.634615,0.676768,0.633663,0.617647,0.55102,0.670103,0.621359,0.663158,0.590476,0.676768,0.70297,0.511111,0.654545,0.574713,0.646018,0.622449,0.558824,0.623656,0.64486,0.645833,0.528846,0.596154,0.614583,0.685393,0.657658,0.626168,0.655914,0.684211,0.609524,0.642202,0.549451,0.597938,0.640777,0.584906,0.56383,0.613861,0.515152,0.55102,0.647059,0.666667,0.621053,0.528846,0.59375,0.637255,0.632653,0.6,0.68,0.560976,0.644068,0.490385,0.645833,0.621359,0.56701,
37800,0.677778,0.572727,0.628571,0.642105,0.53913,0.552941,0.627451,0.622449,0.657143,0.578947,0.591398,0.560748,0.698113,0.755319,0.701031,0.650485,0.622449,0.490196,0.635417,0.567308,0.574468,0.59434,0.580952,0.568421,0.537736,0.56383,0.612245,0.470588,0.616162,0.663366,0.613861,0.515152,0.608247,0.563107,0.63,0.61,0.551402,0.526882,0.72,0.69,0.634615,0.625,0.556604,0.510638,0.542553,0.613208,0.557692,0.645833,0.550562,0.657658,0.590909,0.711111,0.519608,0.581633,0.533333,0.663636,0.595506,0.603604,0.611111,0.6,0.662921,0.693694,0.652174,0.62963,0.70297,0.575758,0.553398,0.721649,0.538462,0.633028,0.636364,0.555556,0.583333,0.615385,0.62766,0.613208,0.622642,0.62766,0.617021,0.54717,0.514563,0.505155,0.632075,0.574468,0.615385,0.5625,0.615385,0.715596,0.552083,0.653846,0.556604,0.648936,0.544554,0.626263,0.637255,0.55102,0.619469,0.632184,0.547368,0.590476,
38000,0.53913,0.670588,0.585106,0.622642,0.623762,0.676768,0.627451,0.714286,0.70297,0.565657,0.616162,0.584158,0.541667,0.615385,0.604167,0.701923,0.660377,0.595745,0.627907,0.535088,0.526882,0.64486,0.679612,0.680412,0.663636,0.544444,0.618557,0.553398,0.481132,0.670213,0.43,0.7,0.5,0.545455,0.463158,0.561905,0.585859,0.623762,0.656566,0.574257,0.590476,0.642105,0.697248,0.659341,0.66,0.62,0.46875,0.653846,0.59375,0.538462,0.636364,0.633663,0.572917,0.567308,0.466019,0.56701,0.556701,0.543689,0.5,0.669643,0.54955,0.573034,0.6,0.53,0.6,0.609524,0.528302,0.670213,0.566038,0.62766,0.65,0.6,0.577778,0.581818,0.568807,0.571429,0.541176,0.556522,0.617021,0.641509,0.718182,0.611111,0.673684,0.552381,0.605769,0.583333,0.525773,0.543689,0.669725,0.527473,0.626263,0.633663,0.63,0.58,0.568627,0.571429,0.612613,0.58427,0.689655,0.575221,
38200,0.521277,0.650943,0.623853,0.604396,0.588235,0.622449,0.62766,0.59434,0.589474,0.504762,0.633663,0.626263,0.586957,0.583333,0.494845,0.582524,0.586207,0.707965,0.641304,0.675926,0.585106,0.660377,0.603604,0.685393,0.551402,0.623656,0.647059,0.642857,0.602041,0.558824,0.676471,0.632653,0.612245,0.588235,0.561224,0.637255,0.618182,0.666667,0.616162,0.594059,0.663462,0.604167,0.608696,0.685185,0.587629,0.61165,0.679612,0.515464,0.613861,0.646465,0.602151,0.579439,0.57732,0.514563,0.623853,0.56044,0.56044,0.513761,0.64,0.62,0.646552,0.559524,0.694118,0.634783,0.55914,0.616822,0.610526,0.580952,0.61,0.6,0.509091,0.588889,0.636364,0.6,0.580645,0.663551,0.666667,0.615385,0.596154,0.59375,0.605263,0.569767,0.418367,0.637255,0.574257,0.59596,0.625,0.660714,0.680412,0.514563,0.577982,0.615385,0.684211,0.6,0.611111,0.565217,0.622449,0.529412,0.58,0.53,
38400,0.572816,0.556701,0.598131,0.516129,0.6,0.690909,0.613208,0.531915,0.642105,0.561905,0.518868,0.659574,0.597938,0.543689,0.447619,0.557895,0.6625,0.6,0.650485,0.628866,0.586957,0.574074,0.530435,0.611765,0.542857,0.557895,0.539216,0.632653,0.568807,0.56044,0.632653,0.529412,0.580357,0.522727,0.645455,0.555556,0.564815,0.641304,0.644444,0.6,0.6625,0.558333,0.595506,0.693694,0.6,0.53,0.574257,0.686869,0.631068,0.546392,0.673684,0.580952,0.613861,0.565657,0.568627,0.642857,0.546296,0.576087,0.735849,0.56383,0.56701,0.592233,0.57,0.64,0.627451,0.591837,0.662921,0.603604,0.653846,0.71875,0.594059,0.585859,0.636364,0.5,0.583333,0.608696,0.659574,0.566038,0.606061,0.623762,0.61,0.64,0.563218,0.60177,0.652632,0.6,0.581633,0.617647,0.622449,0.637255,0.700935,0.666667,0.568627,0.55102,0.583333,0.652174,0.648352,0.605505,0.533981,0.628866,
38600,0.654321,0.621849,0.656863,0.642857,0.598039,0.489796,0.693069,0.575758,0.574468,0.603774,0.564356,0.59596,0.536364,0.644444,0.585366,0.559322,0.655914,0.598131,0.623656,0.457944,0.514851,0.535354,0.552381,0.631579,0.469388,0.627451,0.556701,0.543689,0.638889,0.586957,0.444444,0.524752,0.579439,0.677419,0.610526,0.590476,0.561798,0.585586,0.618182,0.655556,0.6,0.627273,0.625,0.522727,0.627907,0.640351,0.590909,0.533333,0.588785,0.55914,0.587719,0.662791,0.636364,0.60396,0.6,0.59,0.546296,0.608696,0.682692,0.520833,0.610526,0.47619,0.594059,0.606061,0.655914,0.626168,0.625,0.548077,0.59,0.53,0.612613,0.573034,0.644444,0.636364,0.552632,0.523256,0.641509,0.606383,0.649485,0.650485,0.628866,0.621359,0.669811,0.648936,0.553191,0.613208,0.539216,0.602041,0.595745,0.650943,0.618182,0.688889,0.62037,0.608696,0.520408,0.656863,0.6,0.62,0.546392,0.553398,
38800,0.612903,0.616822,0.66055,0.659341,0.617978,0.54955,0.514851,0.646465,0.542553,0.622642,0.704762,0.505263,0.641509,0.659574,0.691489,0.490566,0.485149,0.565657,0.49,0.55,0.586957,0.564815,0.569767,0.596491,0.733333,0.642105,0.643564,0.555556,0.571429,0.529412,0.645455,0.611111,0.595745,0.603774,0.652174,0.601852,0.607843,0.520408,0.61165,0.56701,0.528846,0.635417,0.58,0.69,0.555556,0.681818,0.666667,0.653465,0.484536,0.679612,0.572816,0.56701,0.622642,0.617021,0.581633,0.607843,0.756757,0.58427,0.554455,0.575758,0.666667,0.635514,0.571429,0.568421,0.583333,0.543478,0.545455,0.6875,0.598039,0.540816,0.587629,0.543689,0.528846,0.5625,0.578947,0.616279,0.606061,0.60396,0.637255,0.581633,0.515152,0.623762,0.648936,0.632075,0.49505,0.505051,0.555556,0.576087,0.55,0.6,0.571429,0.511364,0.555556,0.472727,0.636364,0.544554,0.613861,0.606061,0.60396,0.646465,
39000,0.469388,0.666667,0.561905,0.610526,0.544444,0.581818,0.586777,0.594937,0.475248,0.575758,0.61165,0.56701,0.639175,0.572816,0.59434,0.680851,0.515464,0.524272,0.563218,0.548673,0.571429,0.607843,0.634615,0.489583,0.59,0.56,0.650943,0.659574,0.54,0.63,0.540816,0.676471,0.555556,0.653465,0.626168,0.612903,0.598039,0.673469,0.606061,0.673267,0.590476,0.631579,0.571429,0.556818,0.666667,0.547368,0.630631,0.58427,0.618182,0.666667,0.639175,0.582524,0.70297,0.59596,0.635417,0.567308,0.552381,0.547368,0.591398,0.626168,0.568807,0.538462,0.53,0.65,0.591837,0.647059,0.613861,0.59596,0.505263,0.714286,0.583333,0.576087,0.564356,0.606061,0.546392,0.660194,0.630435,0.611111,0.652174,0.694118,0.670213,0.59434,0.645455,0.6,0.673469,0.666667,0.519231,0.6875,0.621053,0.666667,0.59434,0.648936,0.621053,0.580952,0.579439,0.645161,0.666667,0.574257,0.510638,0.556604,
39200,0.669811,0.62766,0.546296,0.521739,0.574257,0.565657,0.65625,0.615385,0.603604,0.662921,0.552381,0.589474,0.612903,0.626168,0.565217,0.458824,0.655914,0.700935,0.683673,0.588235,0.647059,0.571429,0.577982,0.692308,0.59,0.55,0.608247,0.640777,0.585106,0.575472,0.65,0.59,0.64,0.63,0.632653,0.588235,0.458333,0.567308,0.544554,0.505051,0.627451,0.520408,0.485149,0.636364,0.555556,0.576087,0.57,0.66,0.621053,0.619048,0.619048,0.505263,0.538462,0.708333,0.54902,0.622449,0.618557,0.563107,0.552083,0.615385,0.597938,0.747573,0.62037,0.597826,0.571429,0.715789,0.635417,0.432692,0.642857,0.579545,0.56044,0.513761,0.587629,0.679612,0.614583,0.644231,0.670103,0.640777,0.605505,0.593407,0.631068,0.628866,0.6,0.588235,0.5,0.542553,0.59596,0.544554,0.536842,0.647619,0.524752,0.565657,0.567568,0.685393,0.636364,0.651786,0.635417,0.673077,0.59434,0.574468,
39400,0.705263,0.542857,0.56,0.6,0.539823,0.563218,0.580952,0.547368,0.55102,0.637255,0.54,0.68,0.639344,0.615385,0.663265,0.627451,0.525253,0.653465,0.627907,0.649123,0.648649,0.651685,0.545455,0.555556,0.580952,0.557895,0.670213,0.537736,0.553191,0.613208,0.70297,0.676768,0.627273,0.611111,0.65625,0.567308,0.663158,0.533333,0.61165,0.474227,0.520408,0.637255,0.669811,0.553191,0.564815,0.641304,0.568627,0.510204,0.612613,0.606742,0.56701,0.631068,0.635417,0.615385,0.585859,0.544554,0.519231,0.572917,0.623762,0.626263,0.520833,0.576923,0.584906,0.542553,0.662921,0.603604,0.61,0.59,0.622222,0.627273,0.568182,0.491071,0.59596,0.653465,0.609524,0.536842,0.605505,0.571429,0.693069,0.656566,0.63,0.62,0.59633,0.571429,0.638095,0.589474,0.62766,0.641509,0.638298,0.556604,0.566372,0.517241,0.654206,0.612903,0.59596,0.564356,0.663265,0.696078,0.718447,0.670103,
39600,0.578431,0.663265,0.605769,0.666667,0.504673,0.548387,0.529412,0.663265,0.7,0.6,0.592233,0.57732,0.543689,0.57732,0.621053,0.628571,0.705882,0.591837,0.588235,0.704082,0.623656,0.64486,0.564815,0.532609,0.642857,0.558824,0.6,0.504762,0.6,0.57,0.557692,0.53125,0.571429,0.607843,0.598039,0.612245,0.524272,0.649485,0.609091,0.644444,0.56,0.64,0.663265,0.529412,0.460674,0.630631,0.602151,0.588785,0.59434,0.510638,0.632075,0.510638,0.693069,0.515152,0.640777,0.608247,0.602151,0.588785,0.534884,0.578947,0.606383,0.528302,0.56,0.68,0.606061,0.584158,0.556701,0.669903,0.682692,0.53125,0.613861,0.676768,0.601852,0.576087,0.598039,0.520408,0.561224,0.529412,0.619048,0.631579,0.596154,0.729167,0.629213,0.630631,0.59633,0.549451,0.550562,0.558559,0.570093,0.612903,0.717172,0.70297,0.608247,0.621359,0.568627,0.622449,0.612903,0.607477,0.6,0.554545,
39800,0.703297,0.697248,0.591398,0.616822,0.618557,0.68932,0.68,0.63,0.675926,0.695652,0.582418,0.623853,0.635514,0.602151,0.520408,0.627451,0.626168,0.569892,0.53211,0.604396,0.603774,0.648936,0.591837,0.578431,0.585586,0.629213,0.554455,0.717172,0.640449,0.603604,0.55,0.6,0.536842,0.714286,0.637255,0.653061,0.68932,0.649485,0.657407,0.597826,0.584158,0.636364,0.568807,0.582418,0.650485,0.659794,0.54,0.52,0.618182,0.533333,0.675439,0.686047,0.642105,0.619048,0.62766,0.641509,0.537634,0.64486,0.553398,0.618557,0.604651,0.587719,0.552083,0.615385,0.538462,0.587156,0.515464,0.543689,0.554545,0.677778,0.649485,0.524272,0.612245,0.647059,0.659574,0.59434,0.533333,0.536842,0.564356,0.616162,0.623762,0.636364,0.616162,0.534653,0.578431,0.622449,0.698113,0.542553,0.645161,0.523364,0.572727,0.611111,0.625,0.557692,0.580952,0.610526,0.533981,0.670103,0.589474,0.533333,
40000,0.542056,0.677419,0.647619,0.536842,0.67619,0.610526,0.457447,0.679245,0.514851,0.565657,0.660377,0.62766,0.717391,0.611111,0.649485,0.61165,0.587156,0.593407,0.542056,0.591398,0.633663,0.626263,0.604167,0.653846,0.52381,0.642105,0.574468,0.707547,0.62,0.63,0.611111,0.532609,0.659091,0.625,0.666667,0.632653,0.63,0.51,0.605769,0.625,0.653061,0.578431,0.588785,0.580645,0.539326,0.63964,0.585859,0.623762,0.633663,0.636364,0.616279,0.552632,0.570093,0.688172,0.59434,0.585106,0.568421,0.628571,0.641509,0.702128,0.660194,0.659794,0.536842,0.638095,0.544444,0.572727,0.582524,0.57732,0.691589,0.677419,0.58,0.71,0.612245,0.568627,0.528302,0.606383,0.602151,0.579439,0.51,0.61,0.62,0.62,0.538462,0.651376,0.622222,0.627273,0.612069,0.619048,0.617978,0.585586,0.623762,0.59596,0.619565,0.638889,0.653846,0.583333,0.676471,0.55102,0.673469,0.598039,
40200,0.636364,0.445545,0.536842,0.590476,0.592233,0.639175,0.606383,0.54717,0.6,0.6,0.673469,0.5,0.654545,0.577778,0.581818,0.566667,0.626263,0.574257,0.663462,0.583333,0.541667,0.490385,0.67,0.54,0.706522,0.62037,0.643564,0.484848,0.618557,0.640777,0.557692,0.604167,0.587719,0.44186,0.592233,0.670103,0.697917,0.548077,0.690909,0.6,0.659794,0.563107,0.631579,0.619048,0.583333,0.634615,0.557692,0.65625,0.61165,0.731959,0.547368,0.580952,0.5,0.601852,0.602041,0.666667,0.652632,0.619048,0.574257,0.636364,0.663265,0.441176,0.696629,0.63964,0.544554,0.515152,0.715789,0.561905,0.615385,0.633028,0.585859,0.633663,0.593407,0.577982,0.596154,0.625,0.621053,0.67619,0.614679,0.582418,0.65812,0.590361,0.582418,0.587156,0.645161,0.616822,0.642105,0.561905,0.633663,0.626263,0.464646,0.584158,0.623762,0.565657,0.578947,0.666667,0.584906,0.542553,0.606742,0.540541,
40400,0.685714,0.557895,0.52381,0.621053,0.670103,0.524272,0.646465,0.60396,0.614035,0.569767,0.552381,0.684211,0.605769,0.6875,0.579439,0.612903,0.6,0.63,0.579545,0.553571,0.546296,0.663043,0.525773,0.572816,0.602151,0.616822,0.574468,0.613208,0.686869,0.584158,0.603448,0.630952,0.542857,0.715789,0.5,0.617647,0.52,0.63,0.554455,0.565657,0.59375,0.605769,0.522727,0.571429,0.619048,0.494737,0.618182,0.666667,0.639175,0.533981,0.646018,0.632184,0.62,0.53,0.602041,0.598039,0.605769,0.645833,0.509804,0.653061,0.694118,0.634783,0.50495,0.545455,0.61,0.62,0.638298,0.59434,0.527273,0.555556,0.611111,0.532609,0.639175,0.582524,0.542553,0.669811,0.688679,0.617021,0.582418,0.550459,0.616162,0.534653,0.603774,0.585106,0.604167,0.634615,0.541667,0.557692,0.634146,0.686441,0.642105,0.609524,0.581818,0.477778,0.6,0.58,0.572816,0.649485,0.553398,0.690722,
40600,0.594595,0.539326,0.633333,0.7,0.731959,0.563107,0.660377,0.585106,0.522936,0.527473,0.561224,0.539216,0.577982,0.549451,0.631068,0.639175,0.607843,0.693878,0.616162,0.544554,0.656863,0.55102,0.605505,0.659341,0.65625,0.557692,0.604167,0.653846,0.578431,0.602041,0.586957,0.638889,0.583333,0.641304,0.577982,0.725275,0.614583,0.653846,0.598131,0.655914,0.653465,0.494949,0.696078,0.581633,0.51,0.67,0.495575,0.666667,0.58,0.63,0.534653,0.555556,0.563218,0.646018,0.617021,0.59434,0.636364,0.554455,0.623762,0.494949,0.571429,0.666667,0.542553,0.613208,0.6,0.619048,0.686869,0.594059,0.597938,0.533981,0.54902,0.591837,0.639175,0.621359,0.625,0.642857,0.495146,0.608247,0.602273,0.669643,0.542056,0.580645,0.72,0.6,0.652174,0.712963,0.566667,0.581818,0.608696,0.481481,0.586538,0.666667,0.711111,0.654545,0.608247,0.524272,0.592233,0.556701,0.571429,0.647059,
40800,0.545455,0.644444,0.669811,0.595745,0.5,0.632653,0.760417,0.557692,0.666667,0.540816,0.481818,0.633333,0.628866,0.582524,0.64486,0.591398,0.587629,0.572816,0.677083,0.605769,0.595745,0.556604,0.656566,0.663366,0.556701,0.640777,0.495238,0.6,0.509434,0.734043,0.672897,0.580645,0.67,0.65,0.539216,0.581633,0.596154,0.645833,0.566667,0.636364,0.625,0.59375,0.529412,0.683673,0.609524,0.673684,0.635514,0.44086,0.560748,0.688172,0.699029,0.649485,0.6,0.590476,0.628319,0.586207,0.602273,0.642857,0.656863,0.622449,0.59292,0.643678,0.715909,0.6875,0.625,0.761364,0.622449,0.627451,0.606383,0.528302,0.663265,0.607843,0.625,0.65625,0.514019,0.591398,0.659794,0.621359,0.554455,0.454545,0.691489,0.584906,0.572816,0.71134,0.6,0.610526,0.533333,0.627273,0.59375,0.557692,0.607477,0.623656,0.623762,0.606061,0.585859,0.623762,0.634409,0.626168,0.51087,0.611111,
41000,0.594595,0.640449,0.625,0.576923,0.677083,0.605769,0.552381,0.610526,0.632653,0.539216,0.66055,0.582418,0.572917,0.576923,0.614679,0.538462,0.6,0.561905,0.692308,0.504587,0.694444,0.597826,0.572816,0.639175,0.572816,0.597938,0.723404,0.669811,0.625,0.589286,0.572917,0.692308,0.731959,0.533981,0.552083,0.509615,0.72449,0.637255,0.591837,0.558824,0.472222,0.619565,0.554545,0.644444,0.583333,0.548077,0.597938,0.669903,0.717391,0.703704,0.572917,0.634615,0.635417,0.663462,0.64,0.55,0.666667,0.581818,0.71134,0.601942,0.584158,0.555556,0.5625,0.567308,0.716981,0.531915,0.654206,0.612903,0.557692,0.541667,0.589286,0.579545,0.545455,0.611111,0.666667,0.642857,0.533981,0.618557,0.628866,0.601942,0.607477,0.623656,0.592233,0.546392,0.63,0.59,0.615385,0.604167,0.656863,0.581633,0.595745,0.622642,0.602041,0.509804,0.57,0.57,0.634615,0.541667,0.6,0.61,
41200,0.474747,0.514851,0.666667,0.673077,0.604167,0.615385,0.623656,0.579439,0.55914,0.654206,0.612245,0.578431,0.542857,0.568421,0.647059,0.693878,0.548673,0.551724,0.522523,0.539326,0.681818,0.711111,0.519231,0.541667,0.524272,0.608247,0.576577,0.561798,0.634409,0.495327,0.516129,0.588785,0.630631,0.662921,0.649485,0.601942,0.573034,0.603604,0.56,0.56,0.663366,0.59596,0.627451,0.571429,0.653061,0.666667,0.617647,0.571429,0.615385,0.541667,0.602041,0.647059,0.622449,0.686275,0.649485,0.533981,0.584158,0.666667,0.534653,0.606061,0.576923,0.5625,0.588235,0.642857,0.659574,0.575472,0.621053,0.657143,0.552381,0.557895,0.612245,0.715686,0.721154,0.65625,0.695652,0.657407,0.613636,0.598214,0.577778,0.6,0.564356,0.646465,0.579439,0.612903,0.678161,0.628319,0.666667,0.644231,0.569892,0.626168,0.578431,0.571429,0.612245,0.598039,0.62963,0.554348,0.571429,0.610526,0.688679,0.531915,
41400,0.685714,0.589474,0.473118,0.626168,0.598039,0.622449,0.56044,0.559633,0.588235,0.622449,0.557895,0.561905,0.675676,0.573034,0.673684,0.638095,0.574074,0.51087,0.577778,0.609091,0.536842,0.495238,0.731183,0.588785,0.59434,0.521277,0.574257,0.646465,0.580645,0.626168,0.613636,0.607143,0.5,0.617647,0.603604,0.629213,0.580952,0.6,0.580357,0.5,0.639175,0.679612,0.663265,0.666667,0.673077,0.614583,0.625,0.567308,0.528846,0.572917,0.618557,0.650485,0.597826,0.675926,0.604167,0.557692,0.617021,0.575472,0.606742,0.675676,0.526316,0.616279,0.636364,0.598214,0.515152,0.574257,0.480769,0.572917,0.636364,0.683168,0.535354,0.50495,0.609524,0.452632,0.578947,0.619048,0.594059,0.545455,0.619565,0.518519,0.641975,0.630252,0.544554,0.535354,0.608247,0.708738,0.602151,0.635514,0.576087,0.675926,0.647619,0.578947,0.515789,0.628571,0.632653,0.54902,0.663793,0.642857,0.574468,0.650943,
41600,0.627451,0.653061,0.650485,0.628866,0.582524,0.649485,0.59434,0.617021,0.62037,0.619565,0.649485,0.592233,0.663265,0.519608,0.626374,0.651376,0.56383,0.424528,0.550562,0.720721,0.653465,0.59596,0.524272,0.57732,0.761905,0.594828,0.714286,0.54902,0.631068,0.515464,0.679612,0.546392,0.693878,0.568627,0.72043,0.504673,0.666667,0.642105,0.705263,0.619048,0.554348,0.675926,0.634615,0.520833,0.638889,0.467391,0.618182,0.633333,0.615385,0.522936,0.592233,0.628866,0.572917,0.528846,0.590476,0.684211,0.5625,0.615385,0.642857,0.676471,0.613861,0.606061,0.609756,0.576271,0.642105,0.657143,0.627451,0.55102,0.603774,0.691489,0.515152,0.613861,0.515789,0.580952,0.634409,0.616822,0.644231,0.739583,0.566038,0.648936,0.616162,0.643564,0.528302,0.670213,0.631579,0.533333,0.575472,0.638298,0.577982,0.593407,0.682927,0.584746,0.591837,0.666667,0.651685,0.648649,0.444444,0.554545,0.564356,0.626263,
41800,0.510204,0.647059,0.472527,0.53211,0.56383,0.584906,0.608247,0.572816,0.613861,0.676768,0.60177,0.689655,0.54902,0.602041,0.650485,0.680412,0.591837,0.676471,0.720721,0.674157,0.553191,0.660377,0.638298,0.679245,0.508929,0.693182,0.592233,0.618557,0.515789,0.685714,0.58,0.59,0.540816,0.568627,0.63,0.58,0.662791,0.614035,0.555556,0.623762,0.534653,0.646465,0.58427,0.576577,0.630435,0.592593,0.616162,0.663366,0.622642,0.638298,0.618557,0.582524,0.595745,0.584906,0.622807,0.55814,0.56,0.52,0.621359,0.515464,0.642857,0.598039,0.568807,0.648352,0.6,0.463158,0.626168,0.645161,0.623762,0.606061,0.619565,0.592593,0.741935,0.616822,0.573034,0.621622,0.614583,0.625,0.606383,0.660377,0.64,0.68,0.579439,0.591398,0.580645,0.598131,0.662791,0.622807,0.581633,0.558824,0.68932,0.649485,0.616162,0.623762,0.529412,0.561224,0.663265,0.578431,0.627907,0.578947,
42000,0.633663,0.686869,0.685393,0.603604,0.644231,0.65625,0.546296,0.641304,0.5,0.553571,0.625,0.604167,0.544554,0.545455,0.579439,0.655914,0.606742,0.612613,0.541667,0.576923,0.628571,0.484211,0.632075,0.553191,0.527473,0.541284,0.648148,0.576087,0.660194,0.659794,0.692308,0.645833,0.56383,0.54717,0.588889,0.6,0.514019,0.580645,0.565657,0.623762,0.676471,0.622449,0.592233,0.608247,0.676471,0.663265,0.590909,0.555556,0.584158,0.585859,0.572727,0.7,0.587629,0.679612,0.603774,0.606383,0.6,0.610526,0.611111,0.590909,0.605769,0.666667,0.651376,0.648352,0.629213,0.657658,0.61,0.64,0.556701,0.582524,0.65625,0.663462,0.676768,0.594059,0.494737,0.590476,0.653846,0.583333,0.596154,0.6875,0.558559,0.573034,0.622642,0.617021,0.515464,0.543689,0.57732,0.601942,0.617021,0.622642,0.545455,0.574257,0.563107,0.680412,0.673267,0.545455,0.588785,0.634409,0.626168,0.580645,
42200,0.638095,0.621053,0.693878,0.696078,0.635514,0.473118,0.471154,0.583333,0.666667,0.642857,0.553398,0.556701,0.612903,0.719626,0.591837,0.558824,0.646465,0.50495,0.568421,0.628571,0.641304,0.740741,0.680412,0.504854,0.611111,0.608696,0.537736,0.574468,0.670455,0.544643,0.579439,0.580645,0.630631,0.595506,0.636364,0.534653,0.591837,0.666667,0.528302,0.638298,0.613208,0.574468,0.632653,0.598039,0.646465,0.534653,0.555556,0.564356,0.614583,0.653846,0.56383,0.650943,0.642202,0.56044,0.611111,0.576087,0.637363,0.651376,0.638298,0.575472,0.586957,0.611111,0.603774,0.56383,0.701031,0.592233,0.566265,0.555556,0.608696,0.583333,0.622449,0.54902,0.553191,0.54717,0.666667,0.576923,0.638298,0.603774,0.559524,0.525862,0.622449,0.578431,0.702128,0.613208,0.59,0.56,0.696078,0.602041,0.666667,0.642857,0.68,0.62,0.479592,0.578431,0.544444,0.590909,0.597938,0.582524,0.578431,0.622449,
42400,0.578947,0.638095,0.663265,0.617647,0.626087,0.776471,0.655914,0.64486,0.727273,0.574257,0.628571,0.6,0.612903,0.598131,0.546392,0.61165,0.541667,0.721154,0.576087,0.592593,0.590476,0.6,0.591398,0.607477,0.617647,0.591837,0.545455,0.678571,0.628571,0.610526,0.660377,0.62766,0.617978,0.594595,0.755814,0.631579,0.566038,0.702128,0.561224,0.705882,0.615385,0.645833,0.5625,0.721154,0.675926,0.673913,0.712871,0.626263,0.6,0.590476,0.650485,0.525773,0.612903,0.448598,0.642202,0.582418,0.589474,0.619048,0.576087,0.555556,0.7,0.572727,0.626087,0.494118,0.595745,0.632075,0.589474,0.580952,0.532609,0.601852,0.584071,0.551724,0.554348,0.666667,0.623853,0.593407,0.613636,0.544643,0.59596,0.623762,0.572917,0.528846,0.666667,0.651685,0.62963,0.597826,0.681818,0.642857,0.536842,0.67619,0.604167,0.615385,0.703297,0.605505,0.60396,0.656566,0.578431,0.530612,0.581633,0.607843,
42600,0.662791,0.517544,0.585106,0.641509,0.595506,0.495495,0.604167,0.605769,0.561905,0.642105,0.588235,0.581633,0.645161,0.635514,0.574257,0.606061,0.688889,0.627273,0.534653,0.606061,0.545455,0.643564,0.605769,0.510417,0.586538,0.65625,0.614679,0.549451,0.610526,0.695238,0.52381,0.589474,0.637255,0.673469,0.636364,0.60396,0.53,0.55,0.564356,0.636364,0.549451,0.614679,0.611111,0.586957,0.623762,0.656566,0.677083,0.605769,0.738739,0.550562,0.659341,0.504587,0.62963,0.546218,0.622222,0.627273,0.60396,0.656566,0.680412,0.631068,0.529412,0.581633,0.573034,0.594595,0.568627,0.540816,0.663366,0.464646,0.546392,0.592233,0.638889,0.673913,0.579439,0.612903,0.527473,0.623853,0.581633,0.598039,0.574257,0.646465,0.642105,0.666667,0.574713,0.60177,0.568627,0.520408,0.602151,0.579439,0.554348,0.537037,0.456522,0.611111,0.580645,0.53271,0.540816,0.558824,0.528302,0.56383,0.636364,0.554455,
42800,0.546392,0.582524,0.677419,0.588785,0.633663,0.626263,0.666667,0.579439,0.612903,0.598131,0.633333,0.654545,0.55,0.64,0.689655,0.513274,0.591837,0.637255,0.555556,0.586957,0.622222,0.618182,0.557522,0.62069,0.510638,0.59434,0.594059,0.606061,0.604396,0.66055,0.63,0.73,0.5,0.528302,0.489583,0.519231,0.612245,0.588235,0.537736,0.542553,0.663043,0.638889,0.509804,0.571429,0.544554,0.707071,0.526316,0.590476,0.466667,0.663158,0.56383,0.566038,0.504762,0.642105,0.678161,0.654867,0.65625,0.625,0.55814,0.657895,0.6,0.488889,0.537634,0.682243,0.647619,0.589474,0.633929,0.613636,0.61165,0.597938,0.691589,0.634409,0.6,0.490909,0.615385,0.550459,0.577778,0.536364,0.612245,0.568627,0.578947,0.590476,0.651163,0.649123,0.690722,0.650485,0.634615,0.604167,0.537736,0.606383,0.634615,0.677083,0.613208,0.617021,0.606061,0.653465,0.627273,0.688889,0.583333,0.615385,
43000,0.588785,0.666667,0.647619,0.547368,0.554348,0.62037,0.555556,0.653465,0.649485,0.582524,0.561224,0.509804,0.568421,0.542857,0.613636,0.633929,0.587629,0.660194,0.608247,0.660194,0.520833,0.644231,0.561224,0.568627,0.678571,0.62069,0.716981,0.457447,0.663366,0.626263,0.633663,0.545455,0.683673,0.627451,0.7,0.63,0.67,0.61,0.557692,0.708333,0.590476,0.547368,0.701923,0.510417,0.693878,0.637255,0.553191,0.566038,0.646465,0.70297,0.53,0.61,0.67619,0.663158,0.520408,0.568627,0.608696,0.611765,0.614035,0.523256,0.554455,0.616162,0.68,0.68,0.590909,0.688889,0.561905,0.6,0.736264,0.614679,0.577982,0.681319,0.462963,0.673913,0.540816,0.607843,0.647619,0.642105,0.613636,0.553571,0.574257,0.565657,0.6,0.618182,0.561224,0.696078,0.569892,0.616822,0.578431,0.632653,0.625,0.583333,0.598039,0.632653,0.59633,0.648352,0.603448,0.52381,0.48,0.67,
43200,0.580357,0.602273,0.586207,0.690476,0.547826,0.611765,0.588235,0.592593,0.618557,0.61165,0.568807,0.626374,0.61165,0.597938,0.568421,0.657143,0.625,0.5625,0.641509,0.638298,0.626087,0.576471,0.592233,0.618557,0.605505,0.582418,0.555556,0.674699,0.627273,0.644444,0.49,0.58,0.584906,0.638298,0.571429,0.631579,0.533333,0.7,0.47619,0.568421,0.584158,0.666667,0.520408,0.558824,0.590909,0.553571,0.627273,0.633333,0.679612,0.525773,0.62,0.58,0.561224,0.637255,0.54023,0.504425,0.582524,0.536082,0.538462,0.541667,0.574468,0.632075,0.555556,0.594059,0.553191,0.669811,0.555556,0.584158,0.565217,0.675926,0.625,0.635417,0.466667,0.557895,0.714286,0.610526,0.605769,0.666667,0.682692,0.5625,0.628866,0.640777,0.589474,0.647619,0.565657,0.574257,0.524272,0.505155,0.614679,0.56044,0.669903,0.639175,0.530612,0.617647,0.656566,0.554455,0.587629,0.563107,0.642857,0.588235,
43400,0.57,0.63,0.541667,0.625,0.579545,0.633929,0.592233,0.639175,0.583333,0.625,0.666667,0.536842,0.5,0.575472,0.57732,0.572816,0.627451,0.663265,0.569892,0.53271,0.68,0.59,0.60396,0.555556,0.711111,0.672727,0.666667,0.70297,0.614679,0.615385,0.640777,0.649485,0.698113,0.585106,0.580952,0.610526,0.642857,0.558824,0.625,0.604167,0.576923,0.604167,0.601942,0.505155,0.621359,0.57732,0.576271,0.573171,0.626263,0.534653,0.64486,0.580645,0.619048,0.610526,0.666667,0.615385,0.605505,0.604396,0.597938,0.699029,0.578431,0.591837,0.530612,0.598039,0.561798,0.558559,0.637255,0.673469,0.548077,0.5625,0.595506,0.603604,0.60396,0.585859,0.627451,0.571429,0.6,0.66,0.526882,0.579439,0.692308,0.604167,0.564815,0.521739,0.569892,0.635514,0.638298,0.59434,0.626263,0.663366,0.51,0.56,0.589286,0.727273,0.613636,0.660714,0.628866,0.650485,0.626168,0.655914,
43600,0.706422,0.681319,0.688679,0.574468,0.615385,0.541667,0.647727,0.580357,0.60396,0.636364,0.62,0.68,0.613861,0.656566,0.54,0.61,0.617021,0.5,0.638889,0.586957,0.625,0.7,0.5,0.614583,0.525773,0.572816,0.51087,0.648148,0.644231,0.6875,0.684211,0.52381,0.611111,0.576087,0.666667,0.581395,0.559633,0.56044,0.59,0.5,0.62963,0.554348,0.704082,0.539216,0.611111,0.6,0.605769,0.677083,0.552381,0.694737,0.525773,0.631068,0.633333,0.663636,0.680851,0.613208,0.5,0.645833,0.574468,0.509434,0.681319,0.651376,0.660714,0.568182,0.588235,0.561224,0.547826,0.611765,0.597938,0.533981,0.630435,0.564815,0.709091,0.711111,0.62,0.63,0.60241,0.623932,0.640777,0.670103,0.518868,0.595745,0.673469,0.54902,0.676768,0.455446,0.607143,0.62931,0.601942,0.525773,0.662921,0.531532,0.60396,0.555556,0.591837,0.627451,0.656863,0.642857,0.59596,0.60396,
43800,0.60177,0.574713,0.554348,0.555556,0.644231,0.541667,0.625,0.552083,0.579439,0.580645,0.592593,0.630435,0.669811,0.62766,0.59375,0.548077,0.522936,0.593407,0.588235,0.632653,0.564356,0.525253,0.617391,0.647059,0.633929,0.590909,0.638889,0.663043,0.696429,0.636364,0.657407,0.673913,0.583333,0.615385,0.509804,0.693878,0.572917,0.567308,0.548077,0.635417,0.546512,0.622807,0.557895,0.657143,0.625,0.576923,0.602273,0.589286,0.58,0.51,0.59375,0.557692,0.686869,0.544554,0.606061,0.663366,0.568421,0.638095,0.568627,0.581633,0.58,0.64,0.698925,0.570093,0.591837,0.509804,0.618557,0.621359,0.645455,0.633333,0.610526,0.619048,0.711111,0.663636,0.653846,0.65625,0.508475,0.658537,0.552083,0.567308,0.633663,0.656566,0.474227,0.572816,0.632075,0.638298,0.6,0.638095,0.673469,0.5,0.62,0.6,0.647619,0.557895,0.717172,0.544554,0.622807,0.546512,0.54386,0.546512,
44000,0.588235,0.520408,0.528302,0.606383,0.549451,0.633028,0.611111,0.609091,0.556701,0.592233,0.588785,0.548387,0.666667,0.60177,0.543478,0.416667,0.617647,0.581633,0.613861,0.585859,0.54955,0.617978,0.642105,0.714286,0.65625,0.528846,0.541667,0.576923,0.574713,0.59292,0.504587,0.593407,0.51,0.57,0.528846,0.645833,0.525773,0.572816,0.679612,0.649485,0.586538,0.625,0.5,0.649123,0.577778,0.618182,0.640777,0.618557,0.592233,0.680412,0.630952,0.568966,0.54955,0.52809,0.652542,0.609756,0.622449,0.568627,0.614679,0.56044,0.554455,0.535354,0.522222,0.509091,0.609091,0.611111,0.654545,0.644444,0.510638,0.59434,0.593407,0.559633,0.656863,0.653061,0.59633,0.604396,0.604396,0.559633,0.546392,0.650485,0.644231,0.6875,0.509259,0.543478,0.536082,0.621359,0.520408,0.617647,0.625,0.538462,0.598039,0.642857,0.633333,0.645455,0.548077,0.572917,0.708333,0.528846,0.604396,0.458716,
44200,0.561905,0.673684,0.485149,0.616162,0.495575,0.770115,0.505155,0.61165,0.609524,0.642105,0.669811,0.595745,0.642105,0.590476,0.628866,0.640777,0.673469,0.666667,0.465909,0.571429,0.629213,0.576577,0.577982,0.626374,0.614679,0.593407,0.633663,0.555556,0.590476,0.452632,0.69,0.56,0.703704,0.586957,0.54902,0.591837,0.764706,0.46087,0.628571,0.589474,0.672727,0.6,0.59375,0.615385,0.666667,0.653061,0.711712,0.595506,0.591837,0.617647,0.647059,0.581633,0.663636,0.611111,0.659794,0.621359,0.648936,0.584906,0.574074,0.608696,0.563218,0.654867,0.568421,0.609524,0.537736,0.595745,0.592233,0.618557,0.629213,0.54955,0.615385,0.550459,0.579439,0.537634,0.533981,0.618557,0.645833,0.605769,0.561905,0.515789,0.556701,0.572816,0.637363,0.669725,0.676768,0.653465,0.53271,0.645161,0.605769,0.65625,0.595745,0.613208,0.484848,0.623762,0.588889,0.436364,0.590476,0.631579,0.652632,0.647619,
44400,0.541667,0.644231,0.595745,0.632075,0.673684,0.619048,0.655556,0.663636,0.639175,0.601942,0.56383,0.59434,0.556818,0.660714,0.572727,0.677778,0.651376,0.516484,0.626263,0.574257,0.608247,0.621359,0.565657,0.594059,0.552083,0.663462,0.566038,0.648936,0.504762,0.673684,0.486726,0.632184,0.518182,0.666667,0.555556,0.578313,0.574074,0.652174,0.645833,0.548077,0.648936,0.622642,0.583333,0.596154,0.556701,0.446602,0.540816,0.588235,0.54902,0.571429,0.666667,0.591837,0.564815,0.597826,0.65,0.658333,0.613861,0.676768,0.631068,0.597938,0.568627,0.653061,0.659574,0.556604,0.571429,0.605505,0.609524,0.557895,0.640777,0.494845,0.635417,0.663462,0.573034,0.63964,0.527778,0.554348,0.628571,0.526316,0.657143,0.684211,0.564356,0.515152,0.564815,0.641304,0.509615,0.75,0.612245,0.568627,0.584158,0.616162,0.574468,0.650943,0.666667,0.613861,0.516484,0.733945,0.57732,0.621359,0.705882,0.653061,
44600,0.623762,0.565657,0.62,0.54,0.575758,0.544554,0.59434,0.56383,0.558824,0.591837,0.533333,0.557895,0.607843,0.530612,0.605769,0.59375,0.626263,0.653465,0.646465,0.673267,0.561798,0.558559,0.694444,0.597826,0.54717,0.648936,0.58,0.62,0.586957,0.648148,0.545455,0.594059,0.608247,0.631068,0.666667,0.645455,0.510204,0.617647,0.479592,0.637255,0.616162,0.574257,0.686275,0.459184,0.45098,0.571429,0.551402,0.612903,0.663158,0.638095,0.629213,0.540541,0.62766,0.603774,0.552083,0.586538,0.564356,0.626263,0.568627,0.612245,0.48913,0.592593,0.576087,0.564815,0.64,0.63,0.595506,0.540541,0.61165,0.639175,0.593407,0.568807,0.53,0.59,0.59,0.69,0.698925,0.570093,0.549451,0.495413,0.596154,0.614583,0.618557,0.650485,0.541667,0.557692,0.663551,0.580645,0.609524,0.621053,0.590476,0.547368,0.581633,0.647059,0.53,0.52,0.451613,0.588785,0.616822,0.709677,
44800,0.67,0.63,0.625,0.548077,0.649485,0.699029,0.63964,0.58427,0.5,0.543478,0.601942,0.525773,0.645833,0.557692,0.62963,0.673913,0.545455,0.616071,0.725,0.5875,0.682243,0.709677,0.693182,0.651786,0.679612,0.587629,0.606383,0.584906,0.67,0.59,0.666667,0.740385,0.666667,0.633663,0.55102,0.607843,0.6,0.466667,0.662921,0.576577,0.510204,0.647059,0.533981,0.649485,0.547368,0.52381,0.556701,0.533981,0.54,0.64,0.607843,0.55102,0.470588,0.72449,0.646465,0.613861,0.585859,0.613861,0.633663,0.646465,0.636364,0.584158,0.642857,0.578431,0.490385,0.53125,0.656863,0.622449,0.64,0.65,0.540541,0.561798,0.614583,0.567308,0.685393,0.585586,0.707071,0.584158,0.631579,0.580952,0.51,0.65,0.604396,0.559633,0.531915,0.669811,0.587629,0.601942,0.572917,0.625,0.524272,0.56701,0.636364,0.580357,0.739583,0.634615,0.62,0.59,0.646465,0.534653,
45000,0.574257,0.535354,0.623853,0.582418,0.544444,0.618182,0.623932,0.53012,0.714286,0.621053,0.608247,0.669903,0.566667,0.681818,0.585106,0.603774,0.6875,0.605769,0.544444,0.645455,0.636364,0.6,0.567308,0.5625,0.435294,0.608696,0.656863,0.520408,0.569892,0.672897,0.548077,0.59375,0.47,0.54,0.56044,0.651376,0.569892,0.551402,0.616071,0.511364,0.561905,0.726316,0.595745,0.801887,0.56,0.62,0.655462,0.604938,0.6,0.609091,0.583333,0.634615,0.555556,0.554622,0.617647,0.571429,0.617978,0.531532,0.54717,0.617021,0.605769,0.635417,0.566038,0.553191,0.643564,0.585859,0.538462,0.604167,0.652632,0.590476,0.66,0.6,0.57,0.55,0.623762,0.575758,0.590476,0.610526,0.53211,0.593407,0.677083,0.615385,0.65,0.52,0.625,0.614583,0.618557,0.601942,0.572816,0.639175,0.598291,0.506024,0.645161,0.551402,0.71028,0.623656,0.614583,0.615385,0.549451,0.642202,
45200,0.591837,0.578431,0.644444,0.636364,0.64,0.66,0.649123,0.581395,0.581633,0.607843,0.566038,0.670213,0.64,0.59,0.616162,0.594059,0.628099,0.683544,0.578947,0.609524,0.614679,0.582418,0.460674,0.630631,0.638298,0.584906,0.53125,0.586538,0.431373,0.44898,0.615385,0.479167,0.56701,0.601942,0.65,0.67,0.633929,0.693182,0.692308,0.669725,0.716981,0.531915,0.65625,0.586538,0.653465,0.565657,0.54,0.63,0.561224,0.568627,0.60396,0.616162,0.644231,0.510417,0.568182,0.607143,0.62037,0.619565,0.694737,0.657143,0.572816,0.587629,0.567308,0.583333,0.632075,0.638298,0.588235,0.663265,0.660714,0.590909,0.597938,0.553398,0.613208,0.62766,0.60396,0.585859,0.584158,0.666667,0.587629,0.592233,0.607843,0.530612,0.559633,0.582418,0.593023,0.605263,0.58,0.63,0.552083,0.576923,0.649123,0.593023,0.693069,0.535354,0.596154,0.677083,0.673684,0.704762,0.657407,0.630435,
45400,0.52381,0.736842,0.56383,0.632075,0.61,0.61,0.593023,0.649123,0.57732,0.572816,0.447917,0.538462,0.621053,0.47619,0.68,0.62,0.645161,0.598131,0.609524,0.526316,0.58,0.63,0.688172,0.626168,0.54717,0.56383,0.563636,0.555556,0.623762,0.626263,0.552083,0.634615,0.577982,0.626374,0.566038,0.510638,0.5,0.571429,0.588235,0.561224,0.628866,0.660194,0.576923,0.6875,0.56701,0.728155,0.653465,0.545455,0.575758,0.524752,0.601942,0.597938,0.638298,0.632075,0.602151,0.570093,0.533981,0.56701,0.563025,0.567901,0.644231,0.541667,0.473684,0.52381,0.679612,0.56701,0.58,0.58,0.505051,0.663366,0.568421,0.590476,0.568807,0.626374,0.653061,0.568627,0.626263,0.653465,0.682243,0.548387,0.566667,0.572727,0.692308,0.60241,0.615385,0.605505,0.525773,0.631068,0.616822,0.72043,0.643564,0.626263,0.511364,0.633929,0.555556,0.597826,0.592233,0.649485,0.602273,0.580357,
45600,0.666667,0.510204,0.634409,0.64486,0.615385,0.614679,0.62,0.6,0.598131,0.537634,0.666667,0.579439,0.526882,0.551402,0.626087,0.623529,0.593407,0.568807,0.630631,0.606742,0.6,0.55,0.521739,0.537037,0.640777,0.587629,0.525773,0.553398,0.602041,0.54902,0.52809,0.594595,0.607843,0.632653,0.545455,0.653465,0.546296,0.630435,0.588235,0.642857,0.551402,0.569892,0.634409,0.570093,0.610619,0.574713,0.66,0.58,0.634615,0.625,0.628571,0.6,0.55914,0.570093,0.656863,0.581633,0.640777,0.56701,0.602151,0.635514,0.590476,0.578947,0.602041,0.598039,0.607477,0.645161,0.576087,0.564815,0.641975,0.605042,0.592233,0.546392,0.582609,0.611765,0.696629,0.666667,0.634615,0.583333,0.638095,0.642105,0.517241,0.619469,0.656863,0.571429,0.712871,0.545455,0.693694,0.617978,0.582418,0.614679,0.673469,0.627451,0.622449,0.598039,0.584906,0.617021,0.666667,0.663366,0.5,0.62,
45800,0.583333,0.619565,0.693878,0.627451,0.660194,0.597938,0.590909,0.589286,0.619048,0.673684,0.663265,0.627451,0.608696,0.62963,0.557895,0.561905,0.621359,0.474227,0.6,0.568421,0.626263,0.60396,0.669903,0.597938,0.653846,0.666667,0.566038,0.617021,0.697917,0.663462,0.62963,0.48913,0.657895,0.593023,0.683673,0.578431,0.666667,0.674157,0.715596,0.659341,0.673469,0.539216,0.610526,0.561905,0.655914,0.579439,0.556604,0.585106,0.556522,0.658824,0.673684,0.609524,0.59434,0.62766,0.467532,0.536585,0.590909,0.633333,0.6,0.55,0.572727,0.577778,0.566667,0.645455,0.592233,0.597938,0.632075,0.56383,0.578947,0.657143,0.65,0.6,0.6,0.61,0.598039,0.469388,0.6,0.6,0.540816,0.54902,0.619048,0.652632,0.62069,0.637168,0.626168,0.655914,0.589286,0.636364,0.522523,0.617978,0.60177,0.62069,0.54717,0.585106,0.554545,0.633333,0.606742,0.621622,0.57732,0.679612,
46000,0.59,0.62,0.595745,0.632075,0.582418,0.53211,0.614679,0.648352,0.588785,0.645161,0.55102,0.519608,0.653846,0.572917,0.541176,0.704348,0.604167,0.586538,0.680851,0.566038,0.628866,0.61165,0.544444,0.581818,0.677083,0.471154,0.588235,0.53913,0.7,0.65,0.678899,0.67033,0.587719,0.581395,0.646465,0.70297,0.613861,0.525253,0.635593,0.658537,0.544444,0.609091,0.677083,0.548077,0.536364,0.622222,0.579439,0.645161,0.649573,0.590361,0.504854,0.659794,0.68932,0.680412,0.60396,0.575758,0.666667,0.586538,0.642202,0.593407,0.747126,0.513274,0.586957,0.648148,0.592233,0.618557,0.633333,0.581818,0.676768,0.534653,0.635417,0.490385,0.564815,0.543478,0.628866,0.631068,0.597938,0.592233,0.578431,0.632653,0.662921,0.567568,0.505263,0.647619,0.525253,0.544554,0.60396,0.565657,0.547368,0.552381,0.478723,0.59434,0.583333,0.653846,0.560748,0.623656,0.653846,0.572917,0.59434,0.531915,
46200,0.601852,0.586957,0.630631,0.662921,0.55,0.57,0.623656,0.616822,0.564356,0.666667,0.686869,0.653465,0.528846,0.614583,0.62,0.51,0.535354,0.60396,0.557895,0.647619,0.596154,0.53125,0.591837,0.539216,0.63,0.63,0.565657,0.574257,0.677419,0.672897,0.547368,0.561905,0.561905,0.631579,0.698925,0.542056,0.58,0.63,0.663265,0.558824,0.647059,0.612245,0.612245,0.637255,0.681818,0.553571,0.579439,0.591398,0.583333,0.576087,0.642105,0.590476,0.583333,0.615385,0.625,0.635417,0.625,0.615385,0.603774,0.680851,0.607143,0.613636,0.591398,0.728972,0.66087,0.682353,0.556604,0.531915,0.642857,0.588235,0.563107,0.608247,0.623656,0.542056,0.632653,0.676471,0.604651,0.517544,0.646341,0.711864,0.533333,0.631579,0.6,0.64,0.584746,0.573171,0.684783,0.62963,0.56701,0.631068,0.614583,0.653846,0.59375,0.711538,0.55,0.61,0.613861,0.555556,0.623762,0.535354,
46400,0.56044,0.614679,0.593023,0.570175,0.591837,0.676471,0.673077,0.65625,0.549451,0.669725,0.545455,0.535714,0.677083,0.615385,0.657143,0.536842,0.575758,0.633663,0.592233,0.56701,0.682353,0.617391,0.553398,0.628866,0.606061,0.653465,0.531915,0.650943,0.476636,0.580645,0.563107,0.587629,0.619048,0.557895,0.5,0.596491,0.627451,0.571429,0.650485,0.505155,0.6,0.463158,0.648649,0.674157,0.43956,0.587156,0.554348,0.537037,0.553571,0.670455,0.525253,0.584158,0.673077,0.5625,0.554455,0.616162,0.67033,0.59633,0.688073,0.604396,0.552632,0.639535,0.6,0.54,0.584906,0.542553,0.531532,0.52809,0.663462,0.635417,0.606742,0.630631,0.550562,0.621622,0.568182,0.580357,0.681818,0.644444,0.648148,0.5,0.56701,0.572816,0.513514,0.573034,0.692308,0.550459,0.59,0.64,0.676768,0.683168,0.625,0.625,0.557522,0.655172,0.65,0.65,0.54,0.6,0.602041,0.647059,
46600,0.652174,0.518519,0.586538,0.5625,0.670213,0.566038,0.632653,0.647059,0.619565,0.574074,0.648936,0.584906,0.564356,0.626263,0.60396,0.606061,0.653465,0.59596,0.59596,0.594059,0.490909,0.544444,0.652632,0.704762,0.651685,0.621622,0.644231,0.614583,0.560748,0.516129,0.696629,0.531532,0.527473,0.614679,0.566038,0.595745,0.669903,0.659794,0.57,0.62,0.605505,0.637363,0.514286,0.6,0.686047,0.605263,0.566038,0.62766,0.69,0.57,0.711538,0.552083,0.582524,0.587629,0.57732,0.572816,0.536842,0.666667,0.494949,0.633663,0.553398,0.618557,0.663462,0.635417,0.489796,0.676471,0.685393,0.675676,0.559633,0.582418,0.471154,0.625,0.529412,0.521739,0.546296,0.521739,0.55102,0.588235,0.548077,0.770833,0.729167,0.586538,0.653846,0.645833,0.527473,0.541284,0.509259,0.521739,0.553398,0.505155,0.657143,0.547368,0.7,0.61,0.536082,0.524272,0.633663,0.565657,0.69697,0.633663,
46800,0.576923,0.645833,0.577982,0.615385,0.578431,0.612245,0.608696,0.592593,0.603774,0.585106,0.549451,0.605505,0.652174,0.648148,0.628571,0.536842,0.56383,0.537736,0.494845,0.660194,0.564103,0.722892,0.520833,0.653846,0.621053,0.647619,0.569892,0.64486,0.543689,0.587629,0.64,0.65,0.488889,0.718182,0.514563,0.608247,0.552083,0.730769,0.481132,0.542553,0.546392,0.640777,0.601942,0.56701,0.6,0.54,0.571429,0.621053,0.626374,0.651376,0.5,0.571429,0.431373,0.663265,0.542553,0.584906,0.686275,0.663265,0.601942,0.525773,0.515789,0.571429,0.514563,0.56701,0.617391,0.670588,0.581818,0.644444,0.6,0.621053,0.530612,0.676471,0.598214,0.625,0.586207,0.575221,0.485714,0.557895,0.656566,0.584158,0.6,0.547368,0.7,0.7,0.585106,0.556604,0.59,0.65,0.610526,0.561905,0.561798,0.594595,0.55914,0.514019,0.569892,0.64486,0.580645,0.598131,0.645161,0.626168,
47000,0.597938,0.582524,0.597938,0.563107,0.557692,0.541667,0.574074,0.576087,0.63,0.56,0.607477,0.569892,0.605505,0.637363,0.606061,0.693069,0.585859,0.693069,0.652174,0.623529,0.554545,0.566667,0.563107,0.536082,0.560748,0.548387,0.613636,0.642857,0.618557,0.631068,0.604167,0.567308,0.685393,0.621622,0.578431,0.683673,0.589286,0.5,0.737864,0.556701,0.673469,0.676471,0.663366,0.525253,0.638095,0.6,0.605769,0.65625,0.608247,0.592233,0.601942,0.515464,0.666667,0.615385,0.598039,0.632653,0.677083,0.596154,0.673684,0.6,0.573034,0.666667,0.646465,0.613861,0.588235,0.602041,0.618182,0.611111,0.635417,0.586538,0.646465,0.60396,0.69,0.6,0.595506,0.612613,0.588785,0.516129,0.56383,0.650943,0.516129,0.570093,0.590909,0.696429,0.695238,0.578947,0.622222,0.636364,0.623762,0.575758,0.642857,0.598039,0.613861,0.616162,0.515152,0.623762,0.622222,0.590909,0.581633,0.598039,
47200,0.598131,0.698925,0.616162,0.584158,0.514563,0.639175,0.585859,0.544554,0.623656,0.570093,0.576577,0.550562,0.634615,0.625,0.524752,0.525253,0.617978,0.621622,0.707865,0.594595,0.643564,0.525253,0.656863,0.510204,0.655556,0.636364,0.739496,0.62963,0.739583,0.596154,0.561798,0.594595,0.721154,0.541667,0.607843,0.540816,0.558824,0.602041,0.647059,0.622449,0.623853,0.604396,0.626263,0.693069,0.581395,0.675439,0.571429,0.598039,0.564356,0.535354,0.54955,0.550562,0.556701,0.533981,0.615385,0.626506,0.516854,0.576577,0.625,0.596154,0.494253,0.646018,0.693878,0.578431,0.556701,0.543689,0.574257,0.626263,0.693069,0.545455,0.616822,0.666667,0.61165,0.618557,0.505495,0.651376,0.541667,0.634615,0.625,0.509615,0.619565,0.62963,0.59434,0.531915,0.6,0.62,0.621053,0.571429,0.656566,0.584158,0.618557,0.631068,0.526786,0.568182,0.57,0.69,0.577778,0.554545,0.588235,0.591837,
47400,0.486239,0.505495,0.630435,0.601852,0.666667,0.554545,0.563218,0.619469,0.639175,0.553398,0.737864,0.690722,0.717172,0.653465,0.681818,0.678571,0.650485,0.536082,0.637255,0.632653,0.61,0.64,0.574257,0.676768,0.698113,0.680851,0.597701,0.59292,0.655914,0.64486,0.688679,0.521277,0.654206,0.612903,0.56701,0.514563,0.588235,0.561224,0.576923,0.614583,0.607477,0.72043,0.51087,0.509259,0.509804,0.581633,0.565657,0.564356,0.663043,0.611111,0.666667,0.652632,0.603774,0.56383,0.6,0.588889,0.682692,0.572917,0.581395,0.587719,0.516854,0.585586,0.631068,0.597938,0.557895,0.561905,0.60396,0.59596,0.556701,0.553398,0.694737,0.552381,0.515789,0.733333,0.495327,0.602151,0.545455,0.678571,0.707547,0.521277,0.638298,0.603774,0.6,0.541176,0.694118,0.643478,0.597826,0.546296,0.54717,0.617021,0.654867,0.586207,0.598131,0.698925,0.563107,0.484536,0.567308,0.645833,0.634615,0.5625,
47600,0.622642,0.691489,0.601942,0.525773,0.633663,0.606061,0.666667,0.641304,0.631068,0.57732,0.524752,0.646465,0.494737,0.609524,0.587629,0.640777,0.52,0.55,0.526786,0.534091,0.524272,0.628866,0.680412,0.621359,0.518182,0.377778,0.693069,0.606061,0.550459,0.626374,0.65625,0.682692,0.651786,0.625,0.73913,0.611111,0.589474,0.590476,0.642857,0.647059,0.546218,0.592593,0.59633,0.527473,0.663462,0.583333,0.636364,0.653465,0.601942,0.556701,0.72381,0.6,0.696078,0.591837,0.529412,0.581633,0.580645,0.598131,0.556701,0.669903,0.572816,0.618557,0.673267,0.525253,0.632184,0.637168,0.548077,0.65625,0.510638,0.660377,0.59,0.56,0.614583,0.605769,0.651786,0.556818,0.484211,0.552381,0.546392,0.679612,0.576923,0.572917,0.635417,0.586538,0.556701,0.592233,0.6,0.657143,0.58,0.54,0.602151,0.616822,0.707071,0.554455,0.595745,0.650943,0.676768,0.60396,0.676768,0.584158,
47800,0.56,0.61,0.505376,0.663551,0.578947,0.704762,0.631068,0.57732,0.631579,0.609524,0.594059,0.626263,0.633333,0.654545,0.595745,0.641509,0.693069,0.59596,0.576577,0.561798,0.698113,0.56383,0.631579,0.709302,0.515789,0.561905,0.614583,0.576923,0.614583,0.509615,0.626168,0.612903,0.637255,0.591837,0.704082,0.558824,0.598039,0.571429,0.582524,0.597938,0.563107,0.474227,0.63964,0.483146,0.642105,0.6,0.62037,0.619565,0.614679,0.593407,0.575221,0.632184,0.551402,0.602151,0.60396,0.606061,0.655914,0.579439,0.606061,0.564356,0.636364,0.655556,0.631068,0.525773,0.6,0.61,0.539216,0.55102,0.612245,0.529412,0.640777,0.515464,0.622642,0.553191,0.672727,0.5,0.640777,0.587629,0.644231,0.697917,0.591837,0.54902,0.563107,0.618557,0.636364,0.714286,0.598039,0.612245,0.634783,0.635294,0.616279,0.754386,0.677966,0.585366,0.515464,0.650485,0.616162,0.633663,0.526316,0.704762,
48000,0.642857,0.607843,0.605769,0.625,0.524272,0.525773,0.612245,0.588235,0.610526,0.561905,0.607843,0.612245,0.666667,0.557692,0.707071,0.643564,0.613208,0.585106,0.64486,0.645161,0.647619,0.6,0.517241,0.646018,0.593023,0.719298,0.614583,0.653846,0.505155,0.708738,0.617978,0.666667,0.653846,0.53125,0.569892,0.560748,0.663462,0.53125,0.5,0.583333,0.56044,0.697248,0.585106,0.726415,0.685714,0.663158,0.5625,0.528846,0.527473,0.53211,0.54717,0.670213,0.534653,0.565657,0.625,0.552083,0.518868,0.542553,0.613636,0.580357,0.744898,0.676471,0.514286,0.547368,0.607143,0.670455,0.63,0.62,0.598291,0.650602,0.54902,0.55102,0.646018,0.632184,0.628571,0.631579,0.666667,0.584071,0.613861,0.575758,0.608247,0.669903,0.557895,0.657143,0.55,0.56,0.64,0.55,0.714286,0.670455,0.574257,0.606061,0.556818,0.553571,0.626168,0.537634,0.587629,0.582524,0.581633,0.558824,
48200,0.597826,0.666667,0.672414,0.5,0.623656,0.579439,0.602151,0.607477,0.523364,0.548387,0.494382,0.603604,0.575472,0.574468,0.6,0.652632,0.656863,0.632653,0.622642,0.595745,0.653465,0.626263,0.70297,0.575758,0.505051,0.613861,0.601942,0.505155,0.638889,0.543478,0.598039,0.591837,0.514286,0.673684,0.553398,0.659794,0.688073,0.637363,0.663366,0.565657,0.521739,0.638889,0.715789,0.638095,0.606383,0.54717,0.631579,0.666667,0.632653,0.656863,0.649485,0.601942,0.666667,0.557895,0.657895,0.627907,0.505495,0.605505,0.53125,0.596154,0.654762,0.543103,0.592593,0.695652,0.68932,0.57732,0.694118,0.626087,0.553191,0.59434,0.645833,0.548077,0.669903,0.587629,0.678571,0.603448,0.65625,0.596154,0.673077,0.46875,0.553191,0.584906,0.590909,0.607143,0.583333,0.567308,0.60396,0.666667,0.639175,0.582524,0.56383,0.537736,0.631068,0.536082,0.708333,0.625,0.59434,0.595745,0.645833,0.557692,
48400,0.613636,0.517857,0.606383,0.584906,0.628571,0.578947,0.663636,0.655556,0.679245,0.574468,0.699029,0.587629,0.552941,0.6,0.605505,0.615385,0.5,0.680328,0.616822,0.688172,0.522222,0.618182,0.510417,0.461538,0.623656,0.570093,0.51,0.7,0.631579,0.638095,0.579545,0.696429,0.648649,0.573034,0.547368,0.590476,0.520408,0.568627,0.542857,0.578947,0.627907,0.596491,0.612245,0.617647,0.61,0.62,0.635417,0.673077,0.522936,0.67033,0.613861,0.656566,0.519608,0.602041,0.638298,0.632075,0.603448,0.642857,0.576087,0.611111,0.602041,0.647059,0.721154,0.614583,0.554545,0.7,0.494505,0.642202,0.595745,0.650943,0.727273,0.677778,0.557522,0.586207,0.6,0.652632,0.597826,0.555556,0.561404,0.55814,0.580357,0.602273,0.535714,0.670455,0.576923,0.479167,0.60396,0.565657,0.707071,0.633663,0.56,0.67,0.56383,0.566038,0.647059,0.642857,0.543478,0.583333,0.601852,0.565217,
48600,0.526882,0.691589,0.677778,0.663636,0.656566,0.633663,0.57732,0.679612,0.567308,0.5625,0.663265,0.715686,0.597938,0.572816,0.61165,0.597938,0.632075,0.553191,0.574468,0.59434,0.636364,0.544444,0.66055,0.626374,0.682692,0.666667,0.578947,0.552381,0.546392,0.621359,0.598131,0.612903,0.597826,0.555556,0.511111,0.645455,0.535354,0.643564,0.71875,0.605769,0.638554,0.65812,0.617647,0.632653,0.625,0.625,0.5625,0.596154,0.605505,0.571429,0.571429,0.529412,0.615385,0.623853,0.647059,0.632653,0.634615,0.635417,0.56044,0.59633,0.631068,0.71134,0.59596,0.534653,0.598131,0.430108,0.54023,0.672566,0.574074,0.619565,0.494845,0.621359,0.621359,0.56701,0.5,0.698113,0.655914,0.514019,0.628571,0.547368,0.681319,0.59633,0.552083,0.567308,0.634409,0.663551,0.598039,0.602041,0.539216,0.581633,0.576577,0.505618,0.568182,0.589286,0.557692,0.708333,0.548077,0.583333,0.655172,0.654867,
48800,0.708333,0.615385,0.553398,0.56701,0.681818,0.544444,0.524752,0.575758,0.628866,0.533981,0.568807,0.626374,0.62963,0.652174,0.545455,0.526786,0.618557,0.582524,0.552083,0.509615,0.544643,0.534091,0.582524,0.587629,0.623853,0.505495,0.633663,0.474747,0.616822,0.602151,0.431373,0.642857,0.540816,0.607843,0.652174,0.648148,0.585859,0.663366,0.504587,0.714286,0.583333,0.586538,0.62766,0.556604,0.505495,0.59633,0.495238,0.578947,0.65,0.52,0.650485,0.587629,0.631068,0.618557,0.511364,0.535714,0.597938,0.572816,0.663158,0.561905,0.5,0.51,0.540816,0.705882,0.596154,0.53125,0.618557,0.592233,0.572816,0.680412,0.734694,0.568627,0.607843,0.622449,0.648936,0.603774,0.546392,0.533981,0.652174,0.703704,0.568421,0.657143,0.604396,0.568807,0.54386,0.604651,0.603774,0.56383,0.565657,0.584158,0.605769,0.645833,0.618557,0.485437,0.56383,0.528302,0.616162,0.633663,0.643564,0.555556,
49000,0.530612,0.627451,0.635417,0.644231,0.626168,0.602151,0.588235,0.540816,0.630952,0.672414,0.566372,0.643678,0.598039,0.510204,0.484211,0.590476,0.646465,0.663366,0.663462,0.59375,0.59,0.57,0.576087,0.555556,0.6,0.622222,0.6,0.580952,0.646018,0.632184,0.705263,0.704762,0.6,0.547368,0.538462,0.6875,0.711111,0.509091,0.588889,0.6,0.612245,0.54902,0.552083,0.615385,0.631068,0.587629,0.616822,0.483871,0.504425,0.494253,0.63,0.6,0.617647,0.520408,0.709677,0.607477,0.603448,0.595238,0.616279,0.54386,0.709091,0.522222,0.62,0.6,0.566667,0.581818,0.721154,0.520833,0.603604,0.651685,0.639175,0.582524,0.571429,0.568421,0.641304,0.583333,0.610526,0.657143,0.53211,0.626374,0.696629,0.621622,0.589474,0.67619,0.663158,0.571429,0.556818,0.625,0.5625,0.644231,0.623762,0.525253,0.655556,0.645455,0.596154,0.583333,0.614583,0.509615,0.524752,0.545455,
49200,0.584071,0.494253,0.548077,0.6875,0.670213,0.650943,0.543478,0.537037,0.670103,0.621359,0.581197,0.614458,0.550562,0.54955,0.619048,0.637931,0.565217,0.518519,0.578431,0.612245,0.666667,0.6,0.508772,0.569767,0.607843,0.602041,0.597826,0.62037,0.670588,0.565217,0.59434,0.521277,0.547368,0.485714,0.571429,0.522727,0.526786,0.647727,0.53211,0.659341,0.536082,0.592233,0.51087,0.685185,0.577982,0.571429,0.612613,0.617978,0.609524,0.568421,0.489583,0.586538,0.57,0.66,0.55,0.6,0.623762,0.555556,0.564356,0.717172,0.535354,0.643564,0.581633,0.607843,0.62963,0.652174,0.571429,0.590909,0.57,0.57,0.552083,0.567308,0.638095,0.589474,0.637255,0.489796,0.670213,0.603774,0.543478,0.583333,0.561905,0.6,0.67619,0.515789,0.590909,0.555556,0.54955,0.640449,0.592593,0.586957,0.576087,0.648148,0.523256,0.552632,0.525773,0.660194,0.6,0.633333,0.639175,0.533981,
49400,0.559322,0.585366,0.616822,0.569892,0.557895,0.590476,0.524272,0.649485,0.577982,0.527473,0.6,0.547368,0.634409,0.663551,0.684783,0.62037,0.604396,0.587156,0.655914,0.560748,0.653846,0.645833,0.632653,0.5,0.568627,0.612245,0.557692,0.65625,0.613861,0.444444,0.693069,0.575758,0.605769,0.520833,0.514563,0.57732,0.632075,0.638298,0.628866,0.553398,0.617647,0.591837,0.528736,0.619469,0.659794,0.572816,0.591837,0.627451,0.714286,0.656863,0.66,0.57,0.570093,0.505376,0.684211,0.666667,0.645833,0.663462,0.5,0.62,0.613636,0.642857,0.614035,0.674419,0.444444,0.645455,0.619048,0.536842,0.571429,0.550459,0.59375,0.605769,0.644444,0.645455,0.565657,0.534653,0.663265,0.647059,0.666667,0.581633,0.61165,0.597938,0.5,0.574468,0.568627,0.591837,0.637363,0.605505,0.54955,0.539326,0.574468,0.660377,0.670213,0.622642,0.666667,0.604651,0.656566,0.653465,0.487805,0.559322,
49600,0.574074,0.586957,0.626168,0.709677,0.583333,0.605769,0.691489,0.603774,0.554545,0.755556,0.550459,0.593407,0.57732,0.572816,0.622449,0.539216,0.574257,0.636364,0.577586,0.559524,0.585859,0.623762,0.55814,0.640351,0.59,0.65,0.656566,0.594059,0.605505,0.703297,0.568627,0.571429,0.692308,0.708333,0.61165,0.649485,0.644231,0.5625,0.572816,0.597938,0.729167,0.596154,0.650943,0.585106,0.575472,0.468085,0.6,0.590476,0.670588,0.556522,0.639535,0.508772,0.583333,0.652174,0.646552,0.559524,0.636364,0.554455,0.593407,0.59633,0.5,0.64,0.609524,0.631579,0.634146,0.635593,0.617021,0.688679,0.613208,0.542553,0.584906,0.617021,0.611111,0.641304,0.632653,0.676471,0.566038,0.595745,0.633333,0.518182,0.51,0.57,0.631579,0.552381,0.697674,0.561404,0.566038,0.510638,0.542857,0.589474,0.490196,0.632653,0.518868,0.478723,0.611111,0.695652,0.663158,0.6,0.642857,0.607843,
49800,0.623762,0.565657,0.616822,0.548387,0.625,0.6875,0.54,0.65,0.546392,0.543689,0.543478,0.583333,0.518182,0.577778,0.584158,0.565657,0.546392,0.61165,0.613861,0.616162,0.580645,0.626168,0.616822,0.666667,0.485714,0.621053,0.645833,0.605769,0.631579,0.552381,0.606383,0.59434,0.618557,0.61165,0.702703,0.505618,0.673267,0.575758,0.675676,0.550562,0.6,0.63,0.662791,0.596491,0.716981,0.702128,0.656566,0.584158,0.650943,0.606383,0.63964,0.516854,0.587719,0.523256,0.626263,0.653465,0.538462,0.678899,0.676768,0.554455,0.693182,0.642857,0.54,0.63,0.630952,0.62931,0.589744,0.578313,0.676768,0.643564,0.619048,0.557895,0.56383,0.632075,0.53,0.69,0.595238,0.637931,0.655556,0.672727,0.495413,0.516484,0.697917,0.548077,0.604396,0.623853,0.62037,0.641304,0.613636,0.625,0.605769,0.677083,0.566038,0.542553,0.552632,0.593023,0.538462,0.541284,0.734513,0.666667,
50000,0.621053,0.6,0.594059,0.575758,0.51,0.59,0.648148,0.48913,0.584158,0.636364,0.554545,0.544444,0.615385,0.572917,0.59596,0.623762,0.622449,0.54902,0.584906,0.553191,0.638095,0.631579,0.549451,0.550459,0.642202,0.527473,0.585859,0.554455,0.597826,0.62037,0.52809,0.594595,0.571429,0.706422,0.605505,0.692308,0.575758,0.49505,0.612245,0.72549,0.637363,0.605505,0.6375,0.666667,0.558824,0.673469,0.534653,0.575758,0.533333,0.515789,0.635417,0.586538,0.632653,0.627451,0.653846,0.604167,0.65,0.53,0.558824,0.591837,0.643564,0.585859,0.608696,0.647059,0.632075,0.638298,0.730769,0.520833,0.505051,0.594059,0.566667,0.6,0.548077,0.552083,0.538462,0.568807,0.576923,0.625,0.574257,0.464646,0.670103,0.669903,0.537037,0.630435,0.548387,0.570093,0.627451,0.581633,0.578431,0.561224,0.590909,0.688889,0.608247,0.718447,0.619048,0.610526,0.605769,0.583333,0.547368,0.647619,
50200,0.597938,0.631068,0.543478,0.555556,0.631068,0.525773,0.57732,0.601942,0.631579,0.580952,0.740385,0.614583,0.602151,0.588785,0.627273,0.633333,0.640777,0.690722,0.591398,0.570093,0.590909,0.633333,0.619565,0.592593,0.666667,0.561224,0.615385,0.513761,0.518182,0.644444,0.643678,0.619469,0.628571,0.610526,0.656863,0.591837,0.660377,0.585106,0.588235,0.561224,0.595745,0.575472,0.542553,0.59434,0.580645,0.53271,0.563107,0.639175,0.602151,0.682243,0.631579,0.657143,0.576923,0.677083,0.64,0.6,0.611111,0.5,0.603774,0.585106,0.588785,0.580645,0.628571,0.6,0.590476,0.6,0.622449,0.647059,0.659794,0.582524,0.566038,0.617021,0.602041,0.558824,0.672897,0.505376,0.57,0.69,0.651685,0.648649,0.59434,0.521277,0.722772,0.606061,0.519231,0.572917,0.637255,0.530612,0.527273,0.577778,0.617021,0.679245,0.644444,0.6,0.622449,0.539216,0.551402,0.634409,0.6,0.631579,
50400,0.553191,0.613208,0.612245,0.607843,0.516484,0.431193,0.690722,0.621359,0.542857,0.684211,0.607477,0.612903,0.65625,0.692308,0.623656,0.635514,0.67,0.65,0.58,0.67,0.631579,0.638095,0.653465,0.636364,0.63,0.58,0.609091,0.544444,0.660194,0.618557,0.638298,0.537736,0.622642,0.659574,0.657658,0.651685,0.522936,0.78022,0.513514,0.52809,0.546296,0.630435,0.543689,0.505155,0.49505,0.525253,0.65,0.61,0.683168,0.535354,0.569892,0.607477,0.625,0.636364,0.607477,0.548387,0.7,0.6,0.509804,0.469388,0.5,0.596154,0.59,0.67,0.663462,0.71875,0.514851,0.59596,0.528846,0.583333,0.627451,0.510204,0.631579,0.504762,0.686275,0.571429,0.639175,0.504854,0.553571,0.647727,0.579545,0.5625,0.556701,0.699029,0.464912,0.534884,0.647059,0.643478,0.488636,0.642857,0.636364,0.60396,0.64,0.69,0.616162,0.60396,0.612613,0.52809,0.693182,0.633929,
50600,0.694737,0.619048,0.627451,0.561224,0.527273,0.522222,0.67619,0.642105,0.525253,0.584158,0.578431,0.653061,0.584158,0.606061,0.587156,0.802198,0.633028,0.615385,0.564706,0.556522,0.546392,0.61165,0.699029,0.56701,0.543478,0.675926,0.638095,0.610526,0.504762,0.463158,0.564356,0.525253,0.603604,0.606742,0.612245,0.617647,0.514563,0.608247,0.602151,0.635514,0.653465,0.626263,0.666667,0.605769,0.632653,0.568627,0.567308,0.65625,0.584158,0.535354,0.69,0.69,0.673469,0.588235,0.607843,0.55102,0.56044,0.568807,0.504673,0.537634,0.613861,0.636364,0.646465,0.643564,0.752577,0.495146,0.571429,0.519608,0.615385,0.604167,0.485714,0.663158,0.534091,0.616071,0.632075,0.617021,0.646465,0.514851,0.514019,0.526882,0.617978,0.540541,0.637255,0.540816,0.571429,0.598039,0.543689,0.649485,0.564356,0.616162,0.643564,0.505051,0.580952,0.673684,0.659341,0.577982,0.653846,0.604167,0.745098,0.714286,
50800,0.652632,0.514286,0.557895,0.52381,0.535354,0.594059,0.707547,0.5,0.584071,0.689655,0.602041,0.588235,0.446809,0.622642,0.568421,0.685714,0.617647,0.653061,0.570093,0.591398,0.527473,0.66055,0.46789,0.549451,0.514286,0.536842,0.436364,0.655556,0.494845,0.427184,0.585859,0.554455,0.642105,0.590476,0.594059,0.717172,0.597938,0.660194,0.604396,0.614679,0.597826,0.574074,0.647727,0.5625,0.573034,0.531532,0.575758,0.633663,0.578947,0.67619,0.571429,0.686275,0.675676,0.685393,0.49,0.61,0.616822,0.612903,0.576087,0.555556,0.647619,0.673684,0.58,0.71,0.696078,0.612245,0.63,0.62,0.63,0.6,0.614583,0.615385,0.552381,0.631579,0.705882,0.571429,0.565217,0.601852,0.635417,0.692308,0.592593,0.554348,0.608247,0.640777,0.60177,0.563218,0.564356,0.626263,0.55102,0.607843,0.651376,0.648352,0.545455,0.688889,0.571429,0.614679,0.542857,0.6,0.58,0.61,
51000,0.60396,0.616162,0.660714,0.511364,0.59434,0.574468,0.684211,0.6,0.717172,0.534653,0.72807,0.593023,0.515152,0.623762,0.635593,0.609756,0.674699,0.589744,0.525253,0.594059,0.682243,0.580645,0.663158,0.571429,0.686275,0.612245,0.746988,0.615385,0.696629,0.666667,0.611111,0.608696,0.738318,0.494624,0.679012,0.579832,0.63,0.65,0.653465,0.494949,0.572816,0.659794,0.666667,0.631579,0.638095,0.568421,0.57732,0.621359,0.59633,0.747253,0.531915,0.59434,0.673077,0.541667,0.609524,0.557895,0.631068,0.659794,0.55102,0.441176,0.65625,0.634615,0.645161,0.626168,0.584071,0.62069,0.494845,0.61165,0.582418,0.568807,0.561798,0.612613,0.68,0.59,0.6875,0.576923,0.580247,0.588235,0.541176,0.617391,0.533981,0.597938,0.586538,0.583333,0.5,0.584906,0.597938,0.669903,0.591837,0.656863,0.632075,0.62766,0.604167,0.644231,0.54717,0.638298,0.607843,0.642857,0.556604,0.691489,
51200,0.533333,0.572727,0.55,0.6625,0.552083,0.605769,0.520833,0.605769,0.627907,0.622807,0.641509,0.478723,0.5,0.482456,0.646018,0.689655,0.708738,0.618557,0.518519,0.532609,0.59596,0.653465,0.653061,0.637255,0.682243,0.569892,0.589474,0.685714,0.65625,0.634615,0.638095,0.663158,0.679245,0.56383,0.508772,0.569767,0.574257,0.636364,0.606838,0.506024,0.539823,0.62069,0.61,0.63,0.522936,0.527473,0.505263,0.6,0.642202,0.626374,0.625,0.583333,0.581633,0.735294,0.631579,0.485714,0.74,0.54,0.625,0.583333,0.681818,0.6875,0.633663,0.636364,0.636364,0.574257,0.611765,0.686957,0.652174,0.576471,0.539216,0.622449,0.666667,0.618182,0.686869,0.544554,0.54955,0.640449,0.615385,0.642202,0.581633,0.558824,0.621622,0.573034,0.596154,0.614583,0.627451,0.591837,0.696429,0.693182,0.56701,0.660194,0.613861,0.626263,0.615385,0.614583,0.736364,0.666667,0.7,0.65,
51400,0.666667,0.673469,0.485149,0.616162,0.576923,0.625,0.712644,0.566372,0.57,0.65,0.53211,0.615385,0.579545,0.669643,0.578947,0.619048,0.653846,0.65625,0.5,0.537037,0.584906,0.617021,0.613861,0.606061,0.576087,0.648148,0.552083,0.576923,0.56383,0.584906,0.545455,0.613861,0.582524,0.515464,0.71,0.46,0.587156,0.67033,0.587156,0.56044,0.672897,0.569892,0.728155,0.525773,0.616162,0.673267,0.571429,0.587156,0.51,0.59,0.582524,0.742268,0.619048,0.673684,0.610526,0.52381,0.623853,0.67033,0.545455,0.554455,0.617978,0.63964,0.623853,0.571429,0.608247,0.592233,0.541667,0.682692,0.595745,0.59434,0.535354,0.623762,0.655556,0.590909,0.683673,0.529412,0.563107,0.71134,0.475728,0.649485,0.632075,0.585106,0.642857,0.578431,0.616162,0.534653,0.6,0.610526,0.575758,0.613861,0.623656,0.607477,0.564356,0.616162,0.561905,0.557895,0.59,0.7,0.56,0.54,
51600,0.62069,0.610619,0.673913,0.537037,0.6,0.609524,0.662791,0.570175,0.546392,0.572816,0.653465,0.656566,0.626263,0.623762,0.626263,0.623762,0.707547,0.56383,0.607477,0.677419,0.617647,0.581633,0.692308,0.5,0.625,0.635417,0.539216,0.653061,0.585586,0.662921,0.65625,0.519231,0.569892,0.598131,0.633333,0.554545,0.660714,0.738636,0.588235,0.489796,0.636364,0.613861,0.595745,0.584906,0.6,0.52,0.659574,0.660377,0.53,0.67,0.646552,0.654762,0.59633,0.593407,0.597938,0.601942,0.613861,0.575758,0.612903,0.588785,0.598214,0.693182,0.6,0.6,0.654867,0.643678,0.559633,0.648352,0.652174,0.481481,0.6,0.65,0.598291,0.554217,0.53125,0.625,0.59,0.6,0.5,0.642857,0.592593,0.680672,0.650485,0.618557,0.56383,0.660377,0.745902,0.679487,0.652174,0.583333,0.727273,0.554455,0.585106,0.613208,0.566372,0.632184,0.570093,0.634409,0.632075,0.56383,
51800,0.56383,0.575472,0.606742,0.54955,0.580645,0.53271,0.551724,0.583333,0.582418,0.577982,0.663265,0.627451,0.563107,0.597938,0.575758,0.663366,0.632075,0.648936,0.565657,0.564356,0.604167,0.663462,0.625,0.552083,0.638889,0.608696,0.610526,0.6,0.623762,0.686869,0.656863,0.642857,0.678571,0.646552,0.636364,0.566667,0.593407,0.623853,0.666667,0.520408,0.680412,0.582524,0.637255,0.632653,0.554348,0.527778,0.541667,0.673077,0.614035,0.604651,0.579545,0.616071,0.670103,0.640777,0.594059,0.646465,0.578947,0.580952,0.571429,0.577982,0.54902,0.673469,0.586957,0.564815,0.631579,0.6,0.591837,0.588235,0.605769,0.541667,0.550562,0.567568,0.572917,0.596154,0.708738,0.639175,0.649485,0.669903,0.552083,0.576923,0.623656,0.598131,0.557895,0.571429,0.535354,0.70297,0.741935,0.64486,0.626168,0.526882,0.692308,0.46789,0.676471,0.693878,0.586538,0.541667,0.637255,0.571429,0.673913,0.611111,
52000,0.607843,0.663265,0.58,0.69,0.547826,0.6,0.545455,0.643564,0.601942,0.639175,0.539216,0.571429,0.6,0.505263,0.594059,0.737374,0.65625,0.634615,0.490566,0.617021,0.5,0.653061,0.676768,0.653465,0.67,0.59,0.616071,0.625,0.642105,0.685714,0.626506,0.615385,0.663366,0.515152,0.46729,0.645161,0.606061,0.574257,0.61165,0.494845,0.588235,0.602041,0.572917,0.644231,0.515464,0.592233,0.53271,0.623656,0.645455,0.644444,0.607843,0.612245,0.651786,0.636364,0.60396,0.656566,0.585859,0.623762,0.557692,0.5625,0.657658,0.674157,0.663043,0.546296,0.5625,0.567308,0.614583,0.625,0.54023,0.513274,0.601942,0.556701,0.635417,0.615385,0.714286,0.477064,0.628205,0.655738,0.589474,0.647619,0.648352,0.59633,0.663265,0.54902,0.478723,0.584906,0.628866,0.621359,0.652174,0.657407,0.6,0.509091,0.584906,0.691489,0.628571,0.578947,0.556962,0.479339,0.660377,0.542553,
52200,0.666667,0.6,0.676768,0.594059,0.568421,0.552381,0.58,0.61,0.574257,0.535354,0.547368,0.695238,0.630435,0.62963,0.678899,0.703297,0.698925,0.626168,0.59633,0.637363,0.56044,0.651376,0.627451,0.663265,0.587629,0.679612,0.548673,0.609195,0.54717,0.62766,0.544554,0.646465,0.514286,0.6,0.533981,0.618557,0.579439,0.677419,0.616162,0.60396,0.66,0.61,0.663551,0.634409,0.637168,0.712644,0.606742,0.693694,0.696078,0.632653,0.637255,0.642857,0.60396,0.676768,0.593023,0.552632,0.591304,0.682353,0.5,0.5,0.56,0.58,0.592593,0.663043,0.69697,0.613861,0.456311,0.618557,0.528302,0.542553,0.607843,0.581633,0.625,0.615385,0.65,0.55,0.607843,0.520408,0.595745,0.773585,0.618557,0.582524,0.615385,0.645833,0.556818,0.625,0.621359,0.721649,0.582609,0.647059,0.659341,0.559633,0.586957,0.666667,0.653846,0.5625,0.518182,0.633333,0.589474,0.657143,
52400,0.588785,0.645161,0.601942,0.639175,0.72619,0.551724,0.660194,0.56701,0.602151,0.504673,0.557895,0.609524,0.605505,0.527473,0.612903,0.588785,0.51087,0.648148,0.53211,0.615385,0.610526,0.580952,0.673469,0.54902,0.542857,0.663158,0.636364,0.663366,0.5,0.653061,0.595506,0.558559,0.59596,0.623762,0.615385,0.625,0.653465,0.666667,0.652632,0.580952,0.633663,0.585859,0.653846,0.59375,0.564356,0.616162,0.622222,0.6,0.568627,0.642857,0.62766,0.698113,0.6,0.65,0.540816,0.647059,0.52381,0.694737,0.51087,0.638889,0.533333,0.631579,0.673684,0.685714,0.598039,0.642857,0.545455,0.673267,0.517647,0.573913,0.542169,0.700855,0.591837,0.5,0.739583,0.548077,0.494624,0.682243,0.602151,0.616822,0.622449,0.588235,0.582524,0.56701,0.551402,0.677419,0.686869,0.594059,0.653465,0.555556,0.611111,0.543478,0.602041,0.607843,0.601942,0.597938,0.700935,0.634409,0.641304,0.601852,
52600,0.62,0.61,0.554455,0.505051,0.595745,0.556604,0.578947,0.561905,0.651685,0.603604,0.540816,0.617647,0.515464,0.660194,0.614583,0.605769,0.544643,0.613636,0.596154,0.572917,0.666667,0.579439,0.638095,0.589474,0.657143,0.663158,0.550562,0.540541,0.54386,0.593023,0.51,0.57,0.552083,0.644231,0.554455,0.515152,0.44,0.66,0.489362,0.556604,0.554455,0.535354,0.602151,0.588785,0.46729,0.602151,0.662921,0.585586,0.537736,0.585106,0.571429,0.577586,0.634409,0.607477,0.555556,0.554348,0.58427,0.594595,0.55914,0.551402,0.688679,0.638298,0.615385,0.645833,0.63,0.69,0.567308,0.666667,0.602273,0.607143,0.573171,0.618644,0.528846,0.583333,0.646465,0.613861,0.45098,0.653061,0.595745,0.575472,0.523364,0.666667,0.626168,0.516129,0.478261,0.675926,0.595745,0.613208,0.695652,0.601852,0.590909,0.491071,0.638298,0.584906,0.698925,0.514019,0.58,0.65,0.604167,0.596154,
52800,0.637255,0.530612,0.541284,0.527473,0.630435,0.527778,0.576577,0.606742,0.568807,0.615385,0.627273,0.6,0.550459,0.615385,0.636364,0.643564,0.658824,0.617391,0.603604,0.58427,0.630952,0.706897,0.60396,0.616162,0.654762,0.689655,0.531532,0.707865,0.582524,0.525773,0.660194,0.556701,0.581395,0.587719,0.521277,0.603774,0.455446,0.666667,0.514019,0.526882,0.59375,0.653846,0.589474,0.609524,0.583333,0.586538,0.742574,0.545455,0.574468,0.641509,0.744681,0.622642,0.581633,0.617647,0.557895,0.638095,0.650943,0.574468,0.542553,0.509434,0.592233,0.659794,0.62963,0.652174,0.65,0.55,0.542056,0.612903,0.517544,0.546512,0.631068,0.618557,0.613861,0.575758,0.696429,0.647727,0.654545,0.533333,0.56044,0.623853,0.574468,0.575472,0.613636,0.544643,0.58,0.63,0.63,0.62,0.666667,0.628319,0.657895,0.581395,0.6,0.609091,0.556701,0.543689,0.587629,0.621359,0.623656,0.551402,
53000,0.631579,0.619048,0.53125,0.567308,0.5625,0.576923,0.609195,0.60177,0.485149,0.646465,0.607843,0.55102,0.642105,0.6,0.718447,0.701031,0.670213,0.688679,0.557692,0.625,0.575758,0.60396,0.659794,0.601942,0.630435,0.518519,0.647059,0.530612,0.54717,0.553191,0.552083,0.538462,0.528846,0.552083,0.67,0.58,0.612613,0.58427,0.504762,0.589474,0.666667,0.694737,0.6,0.536842,0.48913,0.62037,0.621359,0.649485,0.510638,0.575472,0.692308,0.614679,0.578947,0.732558,0.585859,0.514851,0.617021,0.641509,0.504854,0.546392,0.616162,0.663366,0.627451,0.642857,0.677083,0.605769,0.509434,0.585106,0.46875,0.576923,0.605769,0.604167,0.598039,0.561224,0.743363,0.528736,0.517544,0.627907,0.53,0.62,0.612903,0.663551,0.554455,0.555556,0.551724,0.442478,0.702381,0.698276,0.572727,0.533333,0.662791,0.587719,0.693694,0.539326,0.631579,0.542857,0.563107,0.57732,0.715596,0.549451,
53200,0.630631,0.573034,0.54902,0.581633,0.6,0.53,0.641304,0.657407,0.578431,0.581633,0.558824,0.642857,0.67033,0.642202,0.572917,0.711538,0.546392,0.621359,0.582418,0.605505,0.54902,0.581633,0.565217,0.546296,0.55102,0.637255,0.698795,0.632479,0.56,0.57,0.572816,0.536082,0.575221,0.551724,0.597826,0.611111,0.54,0.67,0.576087,0.518519,0.685714,0.610526,0.618557,0.495146,0.514286,0.621053,0.55,0.67,0.604938,0.630252,0.555556,0.619565,0.692308,0.635417,0.609524,0.663158,0.52,0.58,0.634146,0.525424,0.642857,0.647727,0.633333,0.563636,0.66,0.6,0.552632,0.651163,0.680412,0.563107,0.673267,0.565657,0.571429,0.617647,0.677419,0.570093,0.593023,0.596491,0.556701,0.582524,0.663265,0.519608,0.582524,0.608247,0.552083,0.538462,0.656566,0.712871,0.640777,0.659794,0.56,0.64,0.591304,0.611765,0.572727,0.533333,0.587156,0.604396,0.574468,0.566038,
53400,0.704082,0.617647,0.554545,0.555556,0.543689,0.536082,0.580952,0.642105,0.571429,0.568807,0.553398,0.525773,0.638095,0.652632,0.59,0.65,0.608696,0.518519,0.648936,0.613208,0.70297,0.666667,0.619048,0.536842,0.62963,0.586957,0.692308,0.46789,0.728261,0.592593,0.704545,0.598214,0.681319,0.53211,0.735632,0.513274,0.666667,0.589474,0.69697,0.49505,0.669565,0.517647,0.638095,0.621053,0.505263,0.552381,0.630435,0.648148,0.544554,0.616162,0.584158,0.636364,0.726316,0.647619,0.5,0.635417,0.58427,0.630631,0.666667,0.557895,0.617021,0.622642,0.666667,0.571429,0.626374,0.59633,0.581633,0.637255,0.59596,0.663366,0.525424,0.536585,0.608247,0.650485,0.71028,0.602151,0.657143,0.557895,0.5,0.72093,0.622449,0.578431,0.550562,0.567568,0.56701,0.621359,0.591837,0.656863,0.574257,0.626263,0.614583,0.576923,0.59,0.61,0.695238,0.610526,0.605505,0.67033,0.484848,0.564356,
53600,0.675926,0.565217,0.568421,0.619048,0.576923,0.541667,0.602151,0.570093,0.592233,0.546392,0.571429,0.642202,0.605769,0.541667,0.578431,0.693878,0.583333,0.554348,0.606383,0.603774,0.602273,0.6875,0.628571,0.663158,0.594059,0.69697,0.574257,0.646465,0.523364,0.709677,0.609524,0.484211,0.673684,0.552381,0.656566,0.514851,0.657143,0.621053,0.558824,0.612245,0.627451,0.642857,0.635514,0.602151,0.542857,0.652632,0.521739,0.703704,0.55,0.6,0.59434,0.595745,0.49505,0.606061,0.542553,0.584906,0.54902,0.540816,0.588889,0.509091,0.683168,0.606061,0.640777,0.639175,0.625,0.509615,0.601695,0.682927,0.6,0.48,0.593407,0.633028,0.641509,0.574468,0.707865,0.576577,0.574468,0.613208,0.557895,0.67619,0.577586,0.654762,0.60177,0.701149,0.489583,0.605769,0.655914,0.626168,0.626374,0.724771,0.544554,0.585859,0.538462,0.635417,0.54902,0.581633,0.6,0.55,0.59596,0.514851,
53800,0.700935,0.634409,0.561905,0.536842,0.57732,0.543689,0.551724,0.575221,0.592233,0.597938,0.565217,0.583333,0.626263,0.544554,0.673684,0.638095,0.570093,0.602151,0.515789,0.6,0.533981,0.701031,0.657407,0.695652,0.708738,0.608247,0.552083,0.538462,0.541176,0.626087,0.688172,0.663551,0.616822,0.666667,0.646465,0.60396,0.573034,0.693694,0.561905,0.557895,0.606383,0.575472,0.630435,0.564815,0.485981,0.623656,0.542857,0.526316,0.594595,0.58427,0.61165,0.587629,0.590909,0.571429,0.575758,0.643564,0.645833,0.538462,0.608247,0.485437,0.693878,0.578431,0.634409,0.588785,0.645833,0.644231,0.563636,0.644444,0.582524,0.525773,0.517647,0.66087,0.568421,0.580952,0.663265,0.529412,0.584906,0.62766,0.590476,0.642105,0.673469,0.578431,0.631579,0.628571,0.509804,0.632653,0.568627,0.520408,0.561798,0.531532,0.592233,0.690722,0.632075,0.606383,0.663793,0.607143,0.582524,0.608247,0.690722,0.650485,
54000,0.584906,0.638298,0.598039,0.704082,0.592233,0.556701,0.676768,0.742574,0.617021,0.54717,0.588235,0.632653,0.607143,0.659091,0.631068,0.752577,0.575758,0.663366,0.55914,0.588785,0.49505,0.555556,0.578947,0.619048,0.715789,0.666667,0.649485,0.718447,0.59375,0.605769,0.46875,0.519231,0.525773,0.640777,0.55,0.52,0.509615,0.583333,0.625,0.53125,0.70297,0.434343,0.534653,0.464646,0.473214,0.5,0.541284,0.681319,0.527473,0.642202,0.57732,0.650485,0.640351,0.569767,0.621053,0.590476,0.571429,0.529412,0.670213,0.462264,0.535354,0.663366,0.616162,0.534653,0.651376,0.648352,0.5,0.678571,0.521277,0.566038,0.574468,0.566038,0.593407,0.587156,0.666667,0.536842,0.585859,0.643564,0.634615,0.739583,0.7,0.581818,0.612245,0.607843,0.651163,0.587719,0.59633,0.527473,0.686869,0.663366,0.606383,0.59434,0.673469,0.607843,0.648649,0.58427,0.617647,0.561224,0.544554,0.545455,
54200,0.702128,0.575472,0.505263,0.571429,0.588785,0.602151,0.683673,0.617647,0.675676,0.662921,0.61,0.64,0.568421,0.47619,0.613208,0.606383,0.62037,0.5,0.65625,0.634615,0.575758,0.534653,0.575472,0.510638,0.581633,0.54902,0.58,0.54,0.586957,0.601852,0.53,0.55,0.646465,0.564356,0.5,0.642857,0.535354,0.693069,0.554455,0.646465,0.608247,0.699029,0.631068,0.587629,0.505051,0.633663,0.619565,0.666667,0.516129,0.626168,0.519608,0.571429,0.656863,0.642857,0.659794,0.61165,0.627451,0.510204,0.623656,0.514019,0.57732,0.660194,0.666667,0.642857,0.6,0.61,0.537736,0.648936,0.591398,0.616822,0.618557,0.553398,0.623762,0.616162,0.65625,0.576923,0.634409,0.626168,0.623853,0.648352,0.625,0.571429,0.660194,0.597938,0.485981,0.623656,0.659794,0.61165,0.696078,0.55102,0.614035,0.604651,0.565657,0.643564,0.625,0.5,0.485149,0.606061,0.640351,0.627907,
54400,0.559524,0.637931,0.577778,0.581818,0.621053,0.571429,0.663462,0.614583,0.637363,0.59633,0.715789,0.67619,0.649485,0.553398,0.548387,0.616822,0.59596,0.673267,0.534884,0.605263,0.505155,0.61165,0.697917,0.644231,0.621359,0.618557,0.520408,0.529412,0.517544,0.674419,0.495327,0.602151,0.504762,0.631579,0.553191,0.698113,0.494949,0.623762,0.585859,0.663366,0.5625,0.576923,0.583333,0.597826,0.578947,0.561905,0.569892,0.672897,0.528846,0.614583,0.666667,0.571429,0.542857,0.684211,0.59375,0.596154,0.550459,0.659341,0.660377,0.531915,0.555556,0.608696,0.57,0.63,0.662921,0.540541,0.640777,0.639175,0.60396,0.474747,0.596154,0.5625,0.55102,0.647059,0.783019,0.617021,0.555556,0.683168,0.564103,0.674699,0.571429,0.617647,0.555556,0.643564,0.645455,0.611111,0.622222,0.636364,0.564356,0.616162,0.656566,0.584158,0.54717,0.638298,0.64,0.53,0.542553,0.54717,0.686047,0.640351,
54600,0.64486,0.677419,0.584746,0.5,0.657143,0.463158,0.65,0.68,0.615385,0.623853,0.564815,0.597826,0.653061,0.539216,0.518868,0.62766,0.666667,0.684211,0.582524,0.690722,0.546296,0.684783,0.761905,0.642105,0.595745,0.603774,0.594059,0.646465,0.57,0.68,0.642857,0.556818,0.627451,0.622449,0.540816,0.637255,0.546512,0.622807,0.565657,0.60396,0.583333,0.565217,0.57,0.52,0.457143,0.631579,0.597701,0.530973,0.597938,0.621359,0.519231,0.697917,0.555556,0.544554,0.57732,0.640777,0.645161,0.616822,0.505747,0.548673,0.617021,0.698113,0.628866,0.621359,0.613861,0.616162,0.590909,0.722222,0.565657,0.544554,0.556604,0.553191,0.580645,0.53271,0.66,0.51,0.653061,0.656863,0.564356,0.606061,0.606383,0.622642,0.546392,0.582524,0.583333,0.663043,0.592593,0.695652,0.588235,0.608696,0.68,0.59,0.59,0.56,0.569892,0.542056,0.564356,0.535354,0.6,0.644444,
54800,0.632653,0.529412,0.61,0.56,0.617391,0.541176,0.552632,0.732558,0.566372,0.517241,0.67,0.6,0.615385,0.568807,0.576087,0.592593,0.592233,0.618557,0.63964,0.449438,0.579545,0.633929,0.659794,0.601942,0.688679,0.542553,0.592233,0.597938,0.585106,0.641509,0.621053,0.533333,0.607843,0.55102,0.706422,0.549451,0.594059,0.606061,0.752577,0.543689,0.7,0.636364,0.566038,0.574468,0.6875,0.480769,0.612613,0.617978,0.595506,0.630631,0.626168,0.72043,0.6,0.704762,0.561224,0.607843,0.605769,0.635417,0.556818,0.553571,0.541284,0.692308,0.62,0.69,0.658333,0.625,0.639175,0.592233,0.641509,0.531915,0.523364,0.623656,0.613861,0.565657,0.623762,0.606061,0.617647,0.622449,0.62069,0.707965,0.578947,0.609524,0.653846,0.65625,0.595745,0.622642,0.564356,0.727273,0.596154,0.614583,0.661157,0.468354,0.67033,0.623853,0.675926,0.619565,0.617647,0.602041,0.590909,0.544643,
55000,0.608247,0.68932,0.582418,0.59633,0.587629,0.592233,0.715789,0.666667,0.556701,0.572816,0.601942,0.587629,0.59,0.58,0.514286,0.631579,0.552381,0.610526,0.539216,0.591837,0.588889,0.672727,0.557895,0.628571,0.670103,0.699029,0.530612,0.588235,0.598039,0.530612,0.626263,0.475248,0.56383,0.59434,0.616822,0.569892,0.673469,0.568627,0.627451,0.510204,0.676471,0.561224,0.663043,0.638889,0.520833,0.625,0.584158,0.616162,0.587629,0.563107,0.618557,0.592233,0.574074,0.684783,0.5625,0.5,0.621053,0.6,0.526316,0.571429,0.588785,0.688172,0.722222,0.6,0.696078,0.571429,0.628866,0.631068,0.613208,0.542553,0.480392,0.581633,0.690476,0.577586,0.634615,0.635417,0.567308,0.614583,0.597826,0.666667,0.578947,0.542857,0.565217,0.62963,0.632653,0.627451,0.544554,0.565657,0.59596,0.574257,0.647059,0.612245,0.552083,0.605769,0.650943,0.510638,0.59,0.6,0.618182,0.577778,
55200,0.571429,0.607843,0.587156,0.626374,0.558824,0.5,0.56,0.65,0.528302,0.62766,0.656863,0.673469,0.62,0.6,0.623656,0.598131,0.632653,0.598039,0.56,0.62,0.535088,0.523256,0.587629,0.504854,0.552083,0.509615,0.55,0.67,0.505618,0.657658,0.538462,0.577982,0.53,0.54,0.554455,0.515152,0.521739,0.657407,0.523364,0.634409,0.576577,0.662921,0.558824,0.510204,0.535088,0.55814,0.583333,0.586957,0.5,0.635417,0.714286,0.617647,0.579439,0.688172,0.612903,0.654206,0.584158,0.666667,0.527778,0.597826,0.59375,0.682692,0.670103,0.650485,0.585859,0.594059,0.520833,0.682692,0.62766,0.603774,0.656863,0.5,0.655914,0.64486,0.669811,0.585106,0.622222,0.581818,0.666667,0.584158,0.623656,0.635514,0.622449,0.637255,0.576923,0.677083,0.623762,0.565657,0.626263,0.693069,0.656566,0.455446,0.576923,0.604167,0.563218,0.610619,0.669643,0.602273,0.640777,0.597938,
55400,0.535354,0.613861,0.587629,0.572816,0.728155,0.56701,0.622642,0.595745,0.622222,0.590909,0.632075,0.648936,0.61165,0.546392,0.633028,0.626374,0.605769,0.583333,0.533333,0.590909,0.494845,0.563107,0.648936,0.669811,0.603604,0.629213,0.533981,0.649485,0.536842,0.685714,0.640777,0.536082,0.494737,0.628571,0.526882,0.616822,0.571429,0.652632,0.513514,0.561798,0.628571,0.610526,0.593407,0.651376,0.6,0.5,0.581633,0.617647,0.504762,0.673684,0.561905,0.757895,0.581633,0.607843,0.514851,0.545455,0.598131,0.645161,0.655556,0.509091,0.606383,0.707547,0.572917,0.576923,0.587629,0.660194,0.583333,0.586957,0.605505,0.516484,0.548387,0.607477,0.526786,0.522727,0.7,0.554545,0.52809,0.567568,0.575472,0.691489,0.603448,0.547619,0.704082,0.656863,0.47,0.55,0.693694,0.651685,0.598039,0.55102,0.69697,0.673267,0.542056,0.537634,0.647059,0.55102,0.626374,0.651376,0.564356,0.717172,
55600,0.621053,0.695238,0.613208,0.5,0.678261,0.482353,0.614583,0.605769,0.582418,0.605505,0.584158,0.616162,0.56701,0.640777,0.542857,0.642105,0.622642,0.712766,0.460784,0.612245,0.6,0.57,0.561905,0.610526,0.640351,0.674419,0.651786,0.659091,0.617647,0.632653,0.636364,0.465347,0.659794,0.553398,0.692308,0.625,0.564356,0.707071,0.570093,0.494624,0.608247,0.601942,0.581633,0.666667,0.56,0.54,0.605769,0.708333,0.586538,0.625,0.586957,0.703704,0.635417,0.528846,0.612903,0.616822,0.619469,0.528736,0.554455,0.515152,0.598131,0.634409,0.575472,0.638298,0.656863,0.632653,0.598291,0.60241,0.556604,0.606383,0.510204,0.647059,0.530612,0.647059,0.653846,0.552083,0.58,0.62,0.629213,0.621622,0.553191,0.632075,0.575758,0.564356,0.646465,0.574257,0.692308,0.53211,0.526316,0.571429,0.647059,0.612245,0.651376,0.67033,0.663366,0.575758,0.663265,0.509804,0.636364,0.633663,
55800,0.655914,0.64486,0.548387,0.53271,0.657143,0.515789,0.522936,0.615385,0.610526,0.638095,0.589474,0.514286,0.591837,0.519608,0.686869,0.683168,0.639175,0.68932,0.61,0.64,0.598214,0.659091,0.685714,0.6,0.648936,0.622642,0.524272,0.649485,0.572917,0.615385,0.561224,0.568627,0.553191,0.566038,0.516129,0.588785,0.494624,0.654206,0.62766,0.566038,0.575472,0.62766,0.655914,0.551402,0.519231,0.65625,0.583333,0.605769,0.5,0.615385,0.637255,0.653061,0.543689,0.608247,0.632653,0.509804,0.539216,0.693878,0.644444,0.527273,0.626506,0.564103,0.580952,0.568421,0.570093,0.645161,0.556604,0.56383,0.575758,0.514851,0.483871,0.542056,0.576087,0.62037,0.727273,0.405941,0.509804,0.581633,0.66,0.63,0.616162,0.564356,0.573913,0.717647,0.603774,0.638298,0.638095,0.578947,0.537736,0.659574,0.607843,0.510204,0.5625,0.682692,0.585106,0.603774,0.568807,0.615385,0.61165,0.587629,
56000,0.626168,0.741935,0.575758,0.643564,0.606299,0.520548,0.635514,0.688172,0.528846,0.65625,0.585859,0.574257,0.533981,0.608247,0.621622,0.573034,0.580645,0.598131,0.550562,0.594595,0.640777,0.628866,0.685393,0.54955,0.627907,0.605263,0.659794,0.631068,0.579832,0.654321,0.631579,0.561905,0.578431,0.642857,0.481818,0.522222,0.495327,0.55914,0.5625,0.534091,0.583333,0.619565,0.514286,0.589474,0.529412,0.693878,0.590909,0.517857,0.634615,0.5625,0.626263,0.683168,0.686047,0.605263,0.593407,0.697248,0.576923,0.59375,0.559633,0.604396,0.541284,0.615385,0.616162,0.663366,0.666667,0.578947,0.541667,0.625,0.558824,0.581633,0.587719,0.639535,0.533333,0.581818,0.692308,0.541284,0.545455,0.584158,0.631068,0.670103,0.55102,0.607843,0.621359,0.670103,0.628571,0.610526,0.632075,0.62766,0.574257,0.606061,0.706522,0.555556,0.641026,0.674699,0.650485,0.587629,0.587719,0.534884,0.612245,0.676471,
56200,0.637255,0.642857,0.608247,0.533981,0.681319,0.541284,0.569892,0.626168,0.570093,0.612903,0.541284,0.604396,0.635417,0.567308,0.561905,0.6,0.657407,0.695652,0.50495,0.606061,0.529412,0.591304,0.62037,0.619565,0.690476,0.586207,0.648649,0.550562,0.762376,0.606061,0.578431,0.540816,0.634409,0.579439,0.572816,0.608247,0.632653,0.72549,0.663462,0.59375,0.513761,0.67033,0.605769,0.572917,0.606383,0.603774,0.631068,0.556701,0.566667,0.581818,0.705882,0.642857,0.623762,0.585859,0.571429,0.673684,0.689655,0.663717,0.539216,0.663265,0.627451,0.622449,0.509804,0.520408,0.648352,0.614679,0.619048,0.612069,0.566372,0.54023,0.576087,0.611111,0.580357,0.511364,0.621849,0.567901,0.639175,0.660194,0.574257,0.575758,0.647059,0.66087,0.592233,0.587629,0.571429,0.747368,0.626263,0.633663,0.61165,0.587629,0.597938,0.553398,0.619048,0.631579,0.717172,0.554455,0.621359,0.608247,0.5625,0.663462,
56400,0.571429,0.696078,0.541667,0.557692,0.546296,0.48913,0.647059,0.663265,0.670103,0.61165,0.67,0.58,0.588235,0.571429,0.597826,0.601852,0.511364,0.580357,0.5,0.592593,0.581633,0.598039,0.685393,0.603604,0.705882,0.591837,0.586207,0.678571,0.585859,0.633663,0.67619,0.621053,0.471698,0.606383,0.622449,0.54902,0.545455,0.6875,0.553191,0.575472,0.568182,0.633929,0.634615,0.5625,0.586957,0.601852,0.650943,0.691489,0.59596,0.623762,0.616162,0.594059,0.682243,0.688172,0.538462,0.572917,0.72,0.62,0.645161,0.588785,0.686275,0.714286,0.638095,0.578947,0.538462,0.583333,0.543689,0.71134,0.686869,0.594059,0.581818,0.577778,0.696629,0.63964,0.60396,0.59596,0.61165,0.525773,0.59,0.66,0.571429,0.547368,0.64486,0.483871,0.574074,0.597826,0.550459,0.571429,0.575758,0.544554,0.585859,0.60396,0.663366,0.59596,0.67,0.54,0.574468,0.59434,0.59633,0.56044,
56600,0.618557,0.621359,0.619565,0.564815,0.561905,0.621053,0.598039,0.591837,0.618557,0.592233,0.602151,0.598131,0.656566,0.633663,0.653061,0.637255,0.676471,0.653061,0.519231,0.677083,0.610526,0.52381,0.551724,0.619469,0.65,0.57,0.564356,0.575758,0.54717,0.617021,0.649573,0.638554,0.6,0.67619,0.455556,0.636364,0.448598,0.741935,0.596154,0.552083,0.522727,0.5625,0.6,0.52381,0.586538,0.552083,0.657407,0.641304,0.612245,0.627451,0.635514,0.580645,0.655172,0.566372,0.6,0.634783,0.625,0.535714,0.542553,0.622642,0.567308,0.635417,0.570093,0.623656,0.582524,0.505155,0.613861,0.565657,0.558824,0.632653,0.630952,0.586207,0.522727,0.625,0.657658,0.505618,0.619048,0.698276,0.568421,0.685714,0.570093,0.612903,0.490196,0.622449,0.669725,0.571429,0.63,0.64,0.64,0.54,0.609524,0.663158,0.51087,0.675926,0.553191,0.575472,0.537736,0.574468,0.68,0.66,
56800,0.622449,0.637255,0.651786,0.647727,0.576087,0.546296,0.544444,0.572727,0.626263,0.623762,0.605263,0.639535,0.584906,0.617021,0.68,0.79,0.524272,0.721649,0.571429,0.598039,0.59,0.61,0.625,0.6875,0.466667,0.684211,0.536364,0.611111,0.494737,0.666667,0.568182,0.544643,0.634615,0.635417,0.613861,0.565657,0.585586,0.617978,0.650943,0.489362,0.604396,0.568807,0.673684,0.561905,0.584071,0.574713,0.556604,0.606383,0.468085,0.632075,0.57,0.65,0.635417,0.711538,0.545455,0.49505,0.590476,0.621053,0.543689,0.587629,0.60396,0.585859,0.616162,0.623762,0.71028,0.569892,0.53271,0.72043,0.605769,0.59375,0.550459,0.67033,0.615385,0.5,0.728155,0.721649,0.552381,0.568421,0.561224,0.607843,0.521739,0.537037,0.622449,0.578431,0.561905,0.610526,0.526316,0.619048,0.556604,0.680851,0.558824,0.591837,0.572727,0.477778,0.561224,0.519608,0.584906,0.574468,0.574468,0.584906,
57000,0.64,0.63,0.605769,0.583333,0.621359,0.525773,0.666667,0.610526,0.642276,0.532468,0.645833,0.615385,0.625,0.571429,0.576923,0.583333,0.521739,0.611111,0.548387,0.635514,0.619469,0.609195,0.604167,0.586538,0.71,0.63,0.595745,0.584906,0.545455,0.60396,0.477778,0.536364,0.613861,0.616162,0.650485,0.525773,0.606383,0.622642,0.561905,0.557895,0.575472,0.595745,0.643564,0.636364,0.640777,0.587629,0.656566,0.584158,0.611111,0.645455,0.642105,0.638095,0.627273,0.644444,0.556818,0.625,0.583333,0.684783,0.535088,0.651163,0.693694,0.573034,0.590476,0.578947,0.660194,0.608247,0.544554,0.636364,0.614679,0.494505,0.56,0.55,0.648936,0.537736,0.663265,0.54902,0.586538,0.677083,0.59,0.63,0.643478,0.752941,0.617647,0.622449,0.555556,0.619565,0.597826,0.62963,0.495495,0.696629,0.684211,0.580952,0.569892,0.579439,0.580357,0.568182,0.6,0.48,0.5625,0.663462,
57200,0.578947,0.581395,0.580952,0.557895,0.591837,0.54902,0.568966,0.583333,0.589286,0.681818,0.578947,0.628571,0.545455,0.623762,0.611111,0.663636,0.673077,0.65625,0.666667,0.616822,0.633028,0.626374,0.622642,0.574468,0.666667,0.630435,0.684211,0.619048,0.585106,0.641509,0.530612,0.509804,0.55102,0.519608,0.389474,0.609524,0.426966,0.720721,0.607477,0.569892,0.604396,0.669725,0.621359,0.525773,0.411765,0.530612,0.59633,0.637363,0.608247,0.650485,0.623762,0.565657,0.612903,0.64486,0.639535,0.587719,0.548387,0.579439,0.660377,0.574468,0.530612,0.578431,0.627451,0.602041,0.616162,0.653465,0.617647,0.602041,0.56383,0.566038,0.7,0.64,0.630631,0.561798,0.653846,0.510417,0.602151,0.616822,0.557692,0.635417,0.626374,0.623853,0.596154,0.604167,0.625,0.557692,0.572917,0.740385,0.616279,0.631579,0.625,0.572917,0.571429,0.673684,0.60396,0.505051,0.572917,0.528846,0.612245,0.588235,
57400,0.6,0.55,0.542857,0.536842,0.590909,0.522222,0.621622,0.494382,0.553398,0.57732,0.674699,0.632479,0.571429,0.541284,0.539326,0.576577,0.623656,0.672897,0.533333,0.6,0.695238,0.6,0.557895,0.657143,0.653846,0.635417,0.549451,0.513761,0.468085,0.622642,0.597938,0.475728,0.602041,0.607843,0.552083,0.538462,0.576087,0.675926,0.595745,0.622642,0.627451,0.602041,0.56383,0.641509,0.552381,0.526316,0.6,0.622222,0.516129,0.691589,0.653061,0.666667,0.560748,0.666667,0.632184,0.59292,0.693878,0.686275,0.586538,0.541667,0.652632,0.619048,0.571429,0.623853,0.61165,0.608247,0.580952,0.642105,0.604167,0.519231,0.623656,0.588785,0.604938,0.613445,0.630435,0.611111,0.510417,0.615385,0.582278,0.603306,0.638095,0.515789,0.557692,0.65625,0.55,0.59,0.555556,0.717391,0.596154,0.5625,0.588235,0.561224,0.640449,0.648649,0.628866,0.621359,0.6,0.695238,0.638298,0.603774,
57600,0.56383,0.54717,0.666667,0.528846,0.59596,0.564356,0.568807,0.538462,0.5,0.645833,0.61,0.53,0.588235,0.540816,0.546392,0.572816,0.666667,0.594059,0.577778,0.572727,0.558824,0.632653,0.621359,0.536082,0.747664,0.741935,0.62037,0.706522,0.530612,0.568627,0.546392,0.592233,0.642202,0.659341,0.58,0.69,0.6,0.644444,0.561224,0.509804,0.568182,0.633929,0.5,0.635417,0.55,0.62,0.587629,0.650485,0.545455,0.566667,0.612245,0.647059,0.637255,0.581633,0.520408,0.5,0.645161,0.551402,0.621622,0.617978,0.627273,0.666667,0.568966,0.666667,0.580645,0.570093,0.597938,0.68932,0.647059,0.540816,0.632653,0.5,0.652174,0.62963,0.625,0.586538,0.526316,0.609524,0.578431,0.663265,0.633028,0.67033,0.519231,0.552083,0.55914,0.579439,0.614679,0.637363,0.591837,0.627451,0.627907,0.526316,0.583333,0.586957,0.621053,0.609524,0.555556,0.633663,0.515464,0.601942,
57800,0.635417,0.576923,0.553191,0.566038,0.581633,0.666667,0.601852,0.695652,0.6,0.6,0.571429,0.598039,0.556818,0.607143,0.520408,0.607843,0.523364,0.602151,0.631579,0.619048,0.593023,0.587719,0.7,0.609091,0.59633,0.648352,0.539216,0.632653,0.61,0.68,0.495146,0.628866,0.52381,0.631579,0.544554,0.515152,0.618557,0.631068,0.523364,0.591398,0.598131,0.655914,0.495238,0.589474,0.541284,0.637363,0.616071,0.625,0.5,0.690476,0.646465,0.613861,0.640777,0.639175,0.607843,0.622449,0.633929,0.602273,0.563636,0.533333,0.581633,0.607843,0.59,0.53,0.715909,0.580357,0.63,0.55,0.578431,0.530612,0.625,0.636364,0.561224,0.588235,0.741176,0.521739,0.555556,0.554455,0.608696,0.694444,0.63964,0.719101,0.536842,0.6,0.463918,0.563107,0.63,0.68,0.602151,0.551402,0.582524,0.536082,0.588785,0.634409,0.633333,0.6,0.537736,0.574468,0.532609,0.601852,
58000,0.683673,0.607843,0.6,0.463158,0.55,0.6,0.580357,0.602273,0.597938,0.466019,0.576087,0.62963,0.53913,0.635294,0.552381,0.578947,0.585106,0.622642,0.517241,0.654867,0.46789,0.681319,0.61,0.68,0.590476,0.610526,0.59633,0.758242,0.561224,0.666667,0.673913,0.62037,0.616162,0.574257,0.54902,0.571429,0.524272,0.639175,0.5,0.590909,0.489796,0.617647,0.527778,0.619565,0.479592,0.676471,0.588235,0.591837,0.542857,0.684211,0.637255,0.653061,0.533981,0.608247,0.57732,0.563107,0.6,0.576471,0.57732,0.456311,0.595506,0.585586,0.542056,0.666667,0.614583,0.605769,0.557895,0.685714,0.666667,0.538462,0.538462,0.572917,0.646465,0.564356,0.656863,0.581633,0.533981,0.628866,0.602041,0.588235,0.625,0.576923,0.521739,0.62037,0.639535,0.552632,0.657143,0.610526,0.569892,0.682243,0.614679,0.703297,0.651376,0.615385,0.588235,0.591837,0.663265,0.588235,0.545455,0.613861,
58200,0.654206,0.580645,0.542857,0.515789,0.609756,0.525424,0.61039,0.634146,0.622222,0.536364,0.715447,0.688312,0.613861,0.636364,0.609091,0.588889,0.663636,0.577778,0.604167,0.605769,0.595506,0.675676,0.659794,0.592233,0.688172,0.588785,0.568421,0.619048,0.542056,0.709677,0.616071,0.636364,0.540816,0.607843,0.525424,0.646341,0.536082,0.699029,0.556701,0.563107,0.574257,0.555556,0.610526,0.628571,0.643564,0.626263,0.571429,0.556818,0.595506,0.675676,0.517857,0.602273,0.634783,0.717647,0.728155,0.587629,0.534653,0.575758,0.6875,0.579545,0.6,0.654545,0.605505,0.593407,0.68,0.66,0.528846,0.59375,0.595745,0.537736,0.638095,0.610526,0.585859,0.564356,0.595745,0.632075,0.619048,0.736842,0.607477,0.698925,0.537634,0.64486,0.616162,0.643564,0.585859,0.524752,0.638298,0.584906,0.582524,0.587629,0.640777,0.587629,0.621053,0.6,0.61,0.52,0.647059,0.581633,0.642105,0.619048,
58400,0.568627,0.612245,0.51,0.64,0.625,0.604167,0.65625,0.625,0.6,0.694737,0.580645,0.588785,0.637255,0.571429,0.505495,0.688073,0.505155,0.61165,0.555556,0.633663,0.622449,0.539216,0.537634,0.607477,0.663158,0.552381,0.604167,0.663462,0.591398,0.64486,0.632653,0.509804,0.453608,0.660194,0.647059,0.520408,0.637168,0.574713,0.56044,0.550459,0.566372,0.54023,0.571429,0.637255,0.656566,0.554455,0.688172,0.551402,0.610526,0.609524,0.546392,0.621359,0.589474,0.695238,0.628571,0.547368,0.645833,0.596154,0.666667,0.613861,0.663043,0.638889,0.531915,0.59434,0.695238,0.568421,0.618557,0.631068,0.659574,0.622642,0.54717,0.521277,0.603774,0.648936,0.54717,0.62766,0.594828,0.619048,0.619048,0.610526,0.56383,0.575472,0.619048,0.6,0.63,0.62,0.605769,0.59375,0.62037,0.684783,0.666667,0.584158,0.738636,0.642857,0.589474,0.609524,0.647059,0.612245,0.56701,0.679612,
58600,0.634615,0.677083,0.566038,0.510638,0.564815,0.663043,0.588235,0.591837,0.627119,0.609756,0.605505,0.626374,0.592233,0.515464,0.574257,0.707071,0.543689,0.587629,0.633333,0.6,0.494624,0.682243,0.670213,0.650943,0.714286,0.741379,0.6,0.638095,0.615385,0.605505,0.606061,0.534653,0.650485,0.587629,0.548077,0.625,0.633663,0.666667,0.59633,0.56044,0.585106,0.528302,0.644444,0.6,0.568627,0.530612,0.597938,0.669903,0.584158,0.666667,0.625,0.589286,0.680412,0.592233,0.577982,0.549451,0.576087,0.546296,0.616071,0.477273,0.580645,0.700935,0.639175,0.572816,0.643564,0.606061,0.642857,0.676471,0.618557,0.631068,0.684211,0.590476,0.575758,0.623762,0.643564,0.454545,0.648352,0.678899,0.543689,0.670103,0.554455,0.565657,0.697248,0.582418,0.433628,0.494253,0.611111,0.597826,0.62,0.61,0.556701,0.640777,0.636364,0.6,0.613861,0.565657,0.606061,0.663366,0.645161,0.523364,
58800,0.666667,0.542056,0.528736,0.575221,0.536364,0.533333,0.632075,0.670213,0.757009,0.516129,0.638889,0.532609,0.626374,0.577982,0.698113,0.617021,0.598039,0.591837,0.615385,0.552083,0.643564,0.59596,0.621622,0.617978,0.548387,0.672897,0.509804,0.540816,0.536842,0.619048,0.518868,0.521277,0.522523,0.561798,0.583333,0.519231,0.598131,0.645161,0.611765,0.573913,0.669903,0.546392,0.636364,0.655556,0.648936,0.603774,0.5,0.733333,0.568421,0.561905,0.68,0.68,0.670213,0.669811,0.62963,0.597826,0.685393,0.648649,0.678161,0.610619,0.588785,0.634409,0.52,0.63,0.683168,0.727273,0.533981,0.670103,0.656863,0.602041,0.598039,0.571429,0.663366,0.575758,0.684783,0.592593,0.663462,0.729167,0.462366,0.672897,0.569892,0.542056,0.680412,0.533981,0.564356,0.656566,0.616162,0.722772,0.515152,0.683168,0.669811,0.638298,0.59292,0.62069,0.625,0.590909,0.72449,0.539216,0.633663,0.656566,
59000,0.6,0.666667,0.580952,0.642105,0.65,0.55,0.646465,0.584158,0.628866,0.660194,0.642857,0.627451,0.612245,0.558824,0.535714,0.568182,0.574468,0.59434,0.535354,0.574257,0.59,0.53,0.582524,0.597938,0.681416,0.666667,0.556701,0.631068,0.59596,0.693069,0.597826,0.592593,0.571429,0.673684,0.575472,0.5,0.644231,0.666667,0.571429,0.578431,0.555556,0.6,0.549451,0.504587,0.526882,0.542056,0.62963,0.597826,0.534653,0.616162,0.62069,0.584071,0.595506,0.684685,0.619469,0.528736,0.63,0.63,0.63,0.58,0.628866,0.660194,0.617647,0.540816,0.584158,0.484848,0.526882,0.663551,0.596154,0.510417,0.563107,0.670103,0.583333,0.557692,0.733945,0.472527,0.643564,0.565657,0.558824,0.653061,0.55102,0.627451,0.694737,0.628571,0.591837,0.598039,0.651376,0.637363,0.625,0.541667,0.647727,0.616071,0.666667,0.528846,0.613861,0.545455,0.529915,0.626506,0.514563,0.56701,
59200,0.574468,0.641509,0.651163,0.587719,0.627273,0.588889,0.634783,0.6,0.515464,0.582524,0.606742,0.594595,0.510417,0.605769,0.631068,0.639175,0.546392,0.553398,0.65,0.56,0.629213,0.693694,0.616822,0.645161,0.53125,0.663462,0.516484,0.614679,0.608247,0.631068,0.553191,0.537736,0.617978,0.540541,0.700935,0.569892,0.548077,0.666667,0.6,0.627273,0.610526,0.485714,0.663158,0.571429,0.598039,0.602041,0.572917,0.605769,0.648936,0.518868,0.629213,0.738739,0.652632,0.657143,0.505618,0.558559,0.681416,0.666667,0.588235,0.55102,0.666667,0.682243,0.628866,0.572816,0.643564,0.525253,0.57,0.58,0.62766,0.641509,0.579545,0.571429,0.613208,0.617021,0.62037,0.586957,0.585586,0.550562,0.640777,0.628866,0.590476,0.515789,0.540816,0.598039,0.56,0.63,0.631068,0.639175,0.652174,0.623529,0.606061,0.584158,0.585859,0.693069,0.631579,0.590476,0.555556,0.60396,0.677083,0.605769,
59400,0.636364,0.688889,0.53125,0.557692,0.686869,0.514851,0.654206,0.645161,0.581633,0.656863,0.643564,0.636364,0.469388,0.539216,0.666667,0.634615,0.592233,0.556701,0.613861,0.59596,0.601852,0.630435,0.666667,0.684211,0.684783,0.62037,0.589474,0.542857,0.576577,0.707865,0.684783,0.666667,0.673913,0.62037,0.640351,0.604651,0.510417,0.673077,0.653465,0.484848,0.666667,0.662921,0.613208,0.521277,0.52,0.62,0.529412,0.591837,0.552941,0.626087,0.575758,0.584158,0.615385,0.633028,0.614583,0.605769,0.597826,0.527778,0.582418,0.59633,0.591398,0.598131,0.55102,0.647059,0.666667,0.652632,0.52,0.6,0.591837,0.558824,0.571429,0.536842,0.631579,0.628571,0.630435,0.601852,0.52,0.64,0.555556,0.673913,0.633333,0.563636,0.568627,0.591837,0.504673,0.623656,0.601942,0.628866,0.604396,0.633028,0.653846,0.604167,0.633333,0.618182,0.558824,0.510204,0.62,0.68,0.636364,0.574257,
59600,0.61165,0.608247,0.574468,0.59434,0.583333,0.528846,0.628319,0.586207,0.557692,0.604167,0.647619,0.652632,0.626168,0.55914,0.633028,0.67033,0.681818,0.588889,0.566038,0.542553,0.617647,0.581633,0.642857,0.511364,0.734694,0.647059,0.62766,0.584906,0.58,0.75,0.760417,0.519231,0.692308,0.605505,0.714286,0.589474,0.594595,0.561798,0.65,0.6,0.522222,0.636364,0.653465,0.565657,0.535354,0.574257,0.584158,0.646465,0.518868,0.542553,0.572816,0.628866,0.59633,0.659341,0.474747,0.574257,0.6,0.6,0.564356,0.535354,0.684211,0.685714,0.538462,0.622951,0.627273,0.511111,0.634615,0.645833,0.588785,0.55914,0.528736,0.522124,0.62963,0.673913,0.690909,0.6,0.608696,0.675926,0.5625,0.693182,0.577778,0.590909,0.59434,0.617021,0.535354,0.455446,0.51,0.57,0.62,0.54,0.596154,0.583333,0.632075,0.606383,0.583333,0.551724,0.55814,0.649123,0.572727,0.633333,
59800,0.658228,0.636364,0.663366,0.59596,0.566667,0.581818,0.653465,0.656566,0.590476,0.610526,0.588235,0.530612,0.523364,0.473118,0.635417,0.673077,0.541667,0.634615,0.591304,0.635294,0.632184,0.637168,0.642857,0.676471,0.721649,0.679612,0.669643,0.579545,0.578947,0.638095,0.635417,0.596154,0.701149,0.619469,0.675,0.666667,0.693878,0.598039,0.631579,0.580952,0.633028,0.615385,0.638298,0.54717,0.622642,0.56383,0.57,0.57,0.592593,0.652174,0.539216,0.693878,0.59,0.57,0.524272,0.57732,0.613208,0.606383,0.647727,0.571429,0.635417,0.615385,0.651685,0.486486,0.657143,0.578947,0.54902,0.622449,0.511628,0.596491,0.582609,0.647059,0.540816,0.656863,0.71028,0.473118,0.58,0.56,0.669811,0.638298,0.555556,0.643564,0.608247,0.572816,0.560748,0.591398,0.630435,0.611111,0.543478,0.638889,0.554455,0.59596,0.705263,0.552381,0.601695,0.597561,0.604396,0.614679,0.613208,0.585106,
60000,0.660194,0.680412,0.594059,0.575758,0.607843,0.510204,0.64,0.64,0.628866,0.61165,0.520833,0.605769,0.483516,0.541284,0.568421,0.67619,0.627273,0.6,0.605769,0.645833,0.601942,0.680412,0.679612,0.639175,0.598039,0.693878,0.622449,0.696078,0.691589,0.612903,0.755102,0.598039,0.69697,0.475248,0.67033,0.541284,0.686869,0.653465,0.571429,0.526316,0.555556,0.576087,0.548387,0.579439,0.611111,0.608696,0.571429,0.627451,0.56701,0.660194,0.744681,0.660377,0.66,0.61,0.622449,0.617647,0.464646,0.683168,0.553191,0.650943,0.56,0.58,0.641509,0.723404,0.704082,0.627451,0.5,0.660377,0.601852,0.521739,0.547368,0.628571,0.509434,0.478723,0.705882,0.520408,0.75,0.64,0.6,0.64,0.648352,0.66055,0.571429,0.589474,0.515789,0.657143,0.673469,0.617647,0.652632,0.619048,0.611111,0.543478,0.645161,0.598131,0.58,0.56,0.622222,0.663636,0.622642,0.691489,
60200,0.604396,0.605505,0.627907,0.561404,0.494382,0.531532,0.791667,0.605769,0.6,0.6,0.514286,0.673684,0.579439,0.537634,0.647059,0.714286,0.639535,0.517544,0.572917,0.567308,0.588785,0.55914,0.676768,0.574257,0.585586,0.573034,0.644231,0.5625,0.691489,0.59434,0.654206,0.483871,0.563107,0.57732,0.72,0.6,0.625,0.634615,0.696078,0.469388,0.466667,0.609091,0.481132,0.585106,0.504854,0.556701,0.679245,0.638298,0.50495,0.585859,0.609091,0.755556,0.675676,0.483146,0.561224,0.588235,0.605505,0.615385,0.572727,0.6,0.660714,0.613636,0.590909,0.598214,0.631068,0.618557,0.495238,0.642105,0.666667,0.542056,0.666667,0.618182,0.652632,0.52381,0.647059,0.530612,0.5,0.535714,0.5,0.645833,0.686869,0.564356,0.672566,0.724138,0.595238,0.681034,0.596154,0.6875,0.66,0.66,0.63,0.48,0.54717,0.62766,0.701031,0.679612,0.607143,0.602273,0.59375,0.519231,
60400,0.557895,0.6,0.578431,0.571429,0.574074,0.608696,0.606383,0.528302,0.554545,0.622222,0.642857,0.696078,0.62,0.51,0.590909,0.616071,0.622449,0.637255,0.595745,0.575472,0.54717,0.670213,0.712871,0.565657,0.663265,0.54902,0.614679,0.604396,0.544554,0.606061,0.688679,0.574468,0.514563,0.670103,0.57,0.65,0.384615,0.614583,0.553398,0.505155,0.576577,0.550562,0.684783,0.601852,0.556522,0.6,0.597938,0.514563,0.5,0.625,0.618557,0.592233,0.655914,0.691589,0.586538,0.635417,0.531915,0.603774,0.616162,0.514851,0.609091,0.633333,0.591837,0.568627,0.625,0.625,0.55102,0.588235,0.66055,0.538462,0.560748,0.634409,0.621053,0.695238,0.682692,0.53125,0.541667,0.663462,0.561224,0.627451,0.553191,0.603774,0.558824,0.612245,0.574257,0.474747,0.675214,0.710843,0.49,0.49,0.583333,0.557692,0.59,0.68,0.568421,0.495238,0.561404,0.662791,0.653846,0.552083,
60600,0.684211,0.523256,0.556604,0.574468,0.676768,0.564356,0.623762,0.575758,0.730769,0.5625,0.554455,0.555556,0.741176,0.547826,0.64,0.73,0.619048,0.652632,0.635514,0.580645,0.598039,0.581633,0.6,0.6,0.62069,0.619048,0.55,0.6,0.597938,0.601942,0.67,0.58,0.522523,0.58427,0.534884,0.570175,0.571429,0.656863,0.592233,0.556701,0.564356,0.616162,0.56701,0.679612,0.516129,0.485981,0.673684,0.704762,0.590361,0.598291,0.565217,0.657407,0.529412,0.602041,0.587629,0.631068,0.645161,0.570093,0.669811,0.585106,0.597938,0.699029,0.619565,0.666667,0.659794,0.592233,0.553191,0.641509,0.650943,0.553191,0.622449,0.617647,0.61165,0.525773,0.70297,0.555556,0.514019,0.526882,0.591837,0.607843,0.605769,0.510417,0.576923,0.625,0.438095,0.621053,0.609524,0.557895,0.598214,0.590909,0.540816,0.617647,0.606742,0.612613,0.617978,0.576577,0.60396,0.616162,0.628571,0.578947,
60800,0.625,0.65625,0.551402,0.483871,0.625,0.541667,0.666667,0.673684,0.672566,0.724138,0.613861,0.575758,0.545455,0.584158,0.712963,0.565217,0.628866,0.582524,0.663043,0.592593,0.638298,0.603774,0.633333,0.425,0.595506,0.585586,0.505155,0.631068,0.615385,0.666667,0.639175,0.563107,0.645833,0.567308,0.529412,0.632653,0.540816,0.686275,0.538462,0.5625,0.649123,0.534884,0.6,0.486957,0.514019,0.55914,0.469388,0.54902,0.652632,0.609524,0.631068,0.680412,0.574257,0.656566,0.60396,0.585859,0.676471,0.612245,0.652632,0.571429,0.588235,0.663265,0.733333,0.572727,0.631579,0.6,0.641509,0.648936,0.552083,0.451923,0.611111,0.652174,0.641509,0.595745,0.633333,0.527273,0.66087,0.541176,0.611111,0.745455,0.615385,0.5,0.638298,0.537736,0.449438,0.567568,0.454545,0.491071,0.633663,0.636364,0.606383,0.632075,0.673913,0.611111,0.587629,0.563107,0.56,0.61,0.708738,0.597938,
61000,0.608247,0.669903,0.526882,0.542056,0.595506,0.540541,0.613861,0.575758,0.627907,0.54386,0.6,0.657143,0.632653,0.676471,0.634409,0.719626,0.543478,0.555556,0.576087,0.574074,0.594059,0.626263,0.74,0.6,0.717949,0.614754,0.613861,0.616162,0.513043,0.741176,0.515152,0.594059,0.632184,0.566372,0.684783,0.638889,0.588235,0.693878,0.615385,0.559633,0.560748,0.55914,0.598039,0.479592,0.557692,0.479167,0.626374,0.642202,0.604167,0.644231,0.606383,0.632075,0.54902,0.663265,0.602273,0.633929,0.659341,0.587156,0.589474,0.6,0.525773,0.61165,0.62,0.69,0.686957,0.611765,0.601942,0.587629,0.613208,0.638298,0.588235,0.591837,0.648352,0.623853,0.646465,0.564356,0.594059,0.707071,0.62037,0.706522,0.537736,0.62766,0.642105,0.561905,0.598039,0.683673,0.62,0.62,0.666667,0.711538,0.57,0.5,0.56701,0.601942,0.604167,0.605769,0.622222,0.518182,0.563636,0.555556,
61200,0.642857,0.617647,0.596154,0.40625,0.639175,0.553398,0.704082,0.54902,0.663158,0.695238,0.586957,0.601852,0.575758,0.663366,0.608247,0.621359,0.616822,0.548387,0.554348,0.638889,0.653846,0.614583,0.711712,0.617978,0.637168,0.701149,0.56701,0.669903,0.589286,0.715909,0.591837,0.607843,0.601852,0.673913,0.602041,0.607843,0.633028,0.538462,0.557895,0.533333,0.635593,0.597561,0.608696,0.583333,0.604167,0.625,0.580952,0.631579,0.495146,0.701031,0.571429,0.590909,0.598039,0.591837,0.586538,0.572917,0.598214,0.613636,0.653061,0.519608,0.632184,0.654867,0.670213,0.613208,0.656566,0.633663,0.535714,0.545455,0.63,0.53,0.708333,0.519231,0.618557,0.601942,0.757009,0.548387,0.602273,0.616071,0.54,0.62,0.675676,0.685393,0.619048,0.621053,0.505155,0.601942,0.567797,0.597561,0.560748,0.591398,0.663551,0.602151,0.567568,0.617978,0.574257,0.525253,0.547368,0.571429,0.618557,0.572816,
61400,0.614679,0.604396,0.596154,0.583333,0.59596,0.564356,0.616279,0.570175,0.592233,0.57732,0.584906,0.648936,0.625,0.602273,0.55914,0.64486,0.59434,0.553191,0.49,0.64,0.604396,0.688073,0.631068,0.618557,0.666667,0.613861,0.585859,0.683168,0.611111,0.581818,0.513274,0.586207,0.615385,0.541667,0.56383,0.650943,0.546296,0.695652,0.530612,0.539216,0.622222,0.709091,0.59596,0.60396,0.474747,0.50495,0.558824,0.561224,0.554348,0.62037,0.683673,0.578431,0.592233,0.659794,0.603774,0.553191,0.494118,0.547826,0.5,0.571429,0.597938,0.699029,0.621053,0.657143,0.638095,0.547368,0.625,0.586538,0.517241,0.547619,0.554348,0.564815,0.589286,0.556818,0.688679,0.521277,0.578947,0.638095,0.634146,0.567797,0.6,0.48,0.551282,0.688525,0.505263,0.542857,0.536082,0.582524,0.528302,0.659574,0.638554,0.649573,0.578431,0.591837,0.563636,0.588889,0.653061,0.578431,0.611111,0.619565,
61600,0.644231,0.677083,0.52381,0.684211,0.504587,0.571429,0.666667,0.653465,0.594059,0.565657,0.617647,0.55102,0.601942,0.670103,0.608696,0.62963,0.660377,0.617021,0.581633,0.637255,0.606061,0.663366,0.695652,0.592593,0.658333,0.5375,0.596154,0.625,0.613636,0.669643,0.602041,0.627451,0.605769,0.604167,0.606061,0.623762,0.415842,0.636364,0.618557,0.621359,0.638298,0.632075,0.510417,0.711538,0.521277,0.59434,0.615385,0.625,0.519608,0.632653,0.546392,0.679612,0.663462,0.65625,0.558559,0.550562,0.532609,0.564815,0.588785,0.494624,0.621053,0.590476,0.631579,0.552381,0.673267,0.545455,0.552381,0.705263,0.473214,0.613636,0.691589,0.569892,0.523256,0.561404,0.609524,0.547368,0.610619,0.586207,0.586957,0.703704,0.554348,0.611111,0.587156,0.681319,0.515152,0.594059,0.623656,0.663551,0.638889,0.619565,0.555556,0.641304,0.653465,0.585859,0.640449,0.576577,0.641304,0.648148,0.578431,0.602041,
61800,0.675676,0.640449,0.58,0.57,0.649485,0.582524,0.585859,0.554455,0.5875,0.583333,0.572816,0.628866,0.587156,0.593407,0.572816,0.670103,0.616162,0.683168,0.556701,0.582524,0.556604,0.595745,0.71028,0.548387,0.615385,0.686747,0.56701,0.631068,0.490566,0.553191,0.580357,0.636364,0.543478,0.592593,0.575472,0.510638,0.597826,0.685185,0.585859,0.60396,0.595745,0.584906,0.55102,0.5,0.5625,0.576923,0.631579,0.709302,0.59596,0.643564,0.636364,0.653465,0.634615,0.645833,0.485981,0.591398,0.484211,0.638095,0.58,0.62,0.613861,0.666667,0.678161,0.60177,0.666667,0.584158,0.583333,0.619565,0.6,0.6,0.642105,0.609524,0.638298,0.509434,0.669811,0.542553,0.573034,0.666667,0.61165,0.597938,0.62963,0.543478,0.59434,0.659574,0.59375,0.596154,0.732673,0.565657,0.587629,0.61165,0.666667,0.550562,0.587629,0.592233,0.521739,0.657407,0.517647,0.582609,0.541667,0.644231,
62000,0.648352,0.559633,0.53125,0.461538,0.571429,0.526316,0.608247,0.61165,0.538462,0.552083,0.580357,0.670455,0.529412,0.612245,0.572727,0.711111,0.521739,0.62037,0.526882,0.626168,0.633028,0.593407,0.558824,0.602041,0.67033,0.669725,0.598131,0.591398,0.495146,0.762887,0.649485,0.61165,0.482759,0.72619,0.526316,0.666667,0.582524,0.71134,0.539216,0.540816,0.583333,0.576923,0.619565,0.592593,0.536082,0.543689,0.596154,0.65625,0.548077,0.635417,0.594059,0.626263,0.52381,0.652632,0.554348,0.5,0.580952,0.547368,0.575472,0.510638,0.640449,0.63964,0.606383,0.613208,0.613861,0.565657,0.534091,0.598214,0.637363,0.678899,0.650485,0.515464,0.470588,0.683673,0.609195,0.575221,0.63964,0.606742,0.581818,0.566667,0.526882,0.570093,0.6,0.62,0.6,0.59,0.688889,0.709091,0.533333,0.673684,0.615385,0.53125,0.535354,0.554455,0.594937,0.578512,0.552381,0.621053,0.670103,0.592233,
62200,0.694215,0.620253,0.581633,0.539216,0.536842,0.6,0.576087,0.638889,0.656566,0.50495,0.623762,0.494949,0.608247,0.543689,0.598291,0.554217,0.6,0.71,0.568182,0.625,0.535354,0.653465,0.610526,0.590476,0.621053,0.647619,0.591398,0.598131,0.537037,0.619565,0.547368,0.685714,0.541667,0.653846,0.595506,0.621622,0.59596,0.60396,0.58,0.59,0.622449,0.588235,0.605769,0.604167,0.56,0.62,0.56,0.67,0.610526,0.590476,0.616162,0.60396,0.59375,0.625,0.565217,0.509259,0.622642,0.659574,0.663265,0.5,0.556701,0.621359,0.596154,0.541667,0.6,0.557895,0.536082,0.582524,0.640777,0.525773,0.647619,0.631579,0.586957,0.564815,0.663043,0.611111,0.601852,0.684783,0.510204,0.705882,0.642202,0.582418,0.585859,0.534653,0.535354,0.544554,0.618557,0.640777,0.670213,0.698113,0.71134,0.543689,0.59,0.63,0.606383,0.537736,0.594059,0.646465,0.628571,0.494737,
62400,0.655914,0.560748,0.544554,0.616162,0.66,0.47,0.66,0.58,0.627451,0.55102,0.572917,0.644231,0.573333,0.552,0.677419,0.700935,0.614583,0.673077,0.538462,0.614679,0.548077,0.625,0.574074,0.619565,0.6875,0.596154,0.552381,0.652632,0.543689,0.608247,0.505051,0.623762,0.57,0.67,0.505376,0.682243,0.47,0.59,0.598039,0.540816,0.56383,0.584906,0.582418,0.568807,0.50495,0.666667,0.618557,0.640777,0.531915,0.603774,0.592233,0.670103,0.585586,0.640449,0.46729,0.569892,0.645161,0.626168,0.575758,0.60396,0.642857,0.705882,0.53125,0.692308,0.642857,0.539216,0.533333,0.690909,0.639175,0.563107,0.609524,0.547368,0.58,0.65,0.735849,0.553191,0.513761,0.681319,0.544554,0.606061,0.583333,0.625,0.6,0.62,0.603448,0.488095,0.659091,0.598214,0.462366,0.588785,0.6875,0.663462,0.696078,0.561224,0.607843,0.591837,0.65,0.64,0.651376,0.571429,
62600,0.559633,0.527473,0.584158,0.555556,0.644444,0.554545,0.617021,0.650943,0.605505,0.516484,0.645833,0.663462,0.590909,0.655556,0.585859,0.693069,0.650485,0.639175,0.554348,0.601852,0.607477,0.623656,0.7,0.67,0.69697,0.633663,0.598039,0.591837,0.558824,0.642857,0.520833,0.548077,0.597701,0.575221,0.617021,0.650943,0.46729,0.580645,0.515789,0.52381,0.463918,0.582524,0.619565,0.592593,0.676471,0.581633,0.590909,0.651786,0.565657,0.693069,0.618557,0.631068,0.623656,0.635514,0.547826,0.576471,0.596154,0.572917,0.627907,0.596491,0.543478,0.703704,0.568182,0.705357,0.590909,0.588889,0.58427,0.657658,0.638095,0.536842,0.595745,0.660377,0.62,0.6,0.719101,0.531532,0.670103,0.68932,0.59596,0.683168,0.634615,0.6875,0.59375,0.557692,0.435644,0.59596,0.607477,0.655914,0.584906,0.553191,0.5,0.641304,0.56044,0.633028,0.650485,0.505155,0.681319,0.513761,0.585859,0.514851,
62800,0.715789,0.666667,0.525253,0.594059,0.576577,0.595506,0.578947,0.628571,0.54717,0.606383,0.683168,0.626263,0.592233,0.515464,0.663265,0.656863,0.56,0.59,0.657143,0.663158,0.58,0.63,0.542857,0.642105,0.650485,0.649485,0.46789,0.615385,0.515464,0.650485,0.505747,0.690265,0.54321,0.672269,0.58,0.61,0.514851,0.626263,0.699029,0.525773,0.584071,0.563218,0.593407,0.559633,0.621053,0.628571,0.633663,0.646465,0.56701,0.601942,0.604396,0.59633,0.68595,0.632911,0.659091,0.526786,0.520408,0.627451,0.587629,0.631068,0.6,0.68,0.656566,0.574257,0.663366,0.666667,0.612903,0.663551,0.564356,0.545455,0.608696,0.6,0.62,0.6,0.67033,0.633028,0.494949,0.60396,0.633663,0.585859,0.57,0.66,0.575472,0.585106,0.521277,0.632075,0.539326,0.576577,0.648936,0.556604,0.534653,0.646465,0.673267,0.505051,0.622642,0.489362,0.670213,0.59434,0.588235,0.489796,
63000,0.525253,0.623762,0.628571,0.442105,0.494253,0.584071,0.617647,0.622449,0.572917,0.711538,0.617978,0.648649,0.554455,0.616162,0.653465,0.666667,0.578431,0.663265,0.574468,0.641509,0.540541,0.640449,0.60396,0.575758,0.615385,0.633028,0.571429,0.519608,0.479592,0.568627,0.555556,0.521739,0.53,0.59,0.50495,0.686869,0.590909,0.688889,0.609524,0.536842,0.537634,0.495327,0.588235,0.561224,0.609091,0.644444,0.536364,0.533333,0.567308,0.572917,0.510417,0.653846,0.636364,0.623762,0.504854,0.597938,0.556604,0.531915,0.521277,0.54717,0.528302,0.595745,0.601942,0.525773,0.663366,0.616162,0.676768,0.623762,0.582524,0.56701,0.61165,0.56701,0.53,0.62,0.66,0.64,0.538462,0.633028,0.579439,0.612903,0.62963,0.565217,0.525253,0.633663,0.616162,0.60396,0.555556,0.653465,0.611111,0.654545,0.634409,0.64486,0.627451,0.673469,0.616822,0.526882,0.564356,0.686869,0.533981,0.628866,
63200,0.524752,0.636364,0.54,0.61,0.6,0.63,0.616667,0.5875,0.602041,0.529412,0.614679,0.593407,0.615385,0.53125,0.595745,0.603774,0.642857,0.579545,0.554455,0.626263,0.601942,0.597938,0.613208,0.457447,0.608696,0.482353,0.530612,0.598039,0.697248,0.626374,0.628866,0.553398,0.635417,0.576923,0.62037,0.521739,0.574074,0.663043,0.698795,0.478632,0.622449,0.705882,0.62766,0.537736,0.533981,0.546392,0.59434,0.606383,0.535354,0.584158,0.612613,0.640449,0.608696,0.611111,0.61165,0.680412,0.55102,0.558824,0.5625,0.528846,0.585106,0.632075,0.524752,0.565657,0.690722,0.572816,0.652174,0.611111,0.694118,0.53913,0.519608,0.602041,0.66,0.6,0.682243,0.548387,0.639175,0.592233,0.56701,0.582524,0.649485,0.757282,0.597826,0.62963,0.54717,0.574468,0.596154,0.59375,0.513761,0.615385,0.663265,0.529412,0.581818,0.7,0.586207,0.548673,0.607843,0.571429,0.642202,0.659341,
63400,0.677419,0.616822,0.589474,0.609524,0.525253,0.60396,0.677419,0.682243,0.660194,0.597938,0.549451,0.688073,0.642857,0.607843,0.623932,0.698795,0.607143,0.681818,0.606383,0.698113,0.621053,0.685714,0.66055,0.637363,0.632075,0.606383,0.584158,0.575758,0.527778,0.619565,0.647619,0.578947,0.656863,0.581633,0.582524,0.670103,0.515789,0.638095,0.633333,0.572727,0.583333,0.597826,0.655556,0.545455,0.5,0.602273,0.653061,0.627451,0.550562,0.72973,0.70297,0.707071,0.67033,0.678899,0.606061,0.554455,0.666667,0.574257,0.612245,0.617647,0.552381,0.705263,0.6,0.684211,0.612245,0.588235,0.693069,0.636364,0.529412,0.608696,0.516484,0.577982,0.631579,0.666667,0.655556,0.509091,0.46,0.7,0.606061,0.643564,0.736264,0.587156,0.574257,0.545455,0.533333,0.654545,0.605505,0.648352,0.515464,0.582524,0.642105,0.552381,0.56701,0.601942,0.55,0.61,0.568627,0.653061,0.53125,0.538462,
63600,0.566038,0.648936,0.53,0.65,0.571429,0.607843,0.582609,0.611765,0.645455,0.511111,0.627451,0.591837,0.697917,0.644231,0.56383,0.679245,0.607843,0.581633,0.548387,0.663551,0.6,0.6,0.696629,0.594595,0.634783,0.576471,0.533333,0.572727,0.576087,0.555556,0.55102,0.558824,0.54,0.65,0.53,0.59,0.552083,0.711538,0.535714,0.545455,0.657407,0.51087,0.541667,0.615385,0.634615,0.635417,0.489796,0.598039,0.5,0.677083,0.585106,0.622642,0.595238,0.655172,0.575472,0.595745,0.554455,0.535354,0.518182,0.522222,0.59375,0.663462,0.625,0.557692,0.634409,0.579439,0.638298,0.603774,0.64,0.6,0.58427,0.54955,0.655556,0.563636,0.673267,0.505051,0.60396,0.585859,0.640777,0.670103,0.558824,0.602041,0.673469,0.598039,0.490385,0.5625,0.55,0.69,0.674157,0.612613,0.629213,0.576577,0.62931,0.595238,0.561905,0.652632,0.514563,0.515464,0.6,0.666667,
63800,0.59596,0.584158,0.53211,0.549451,0.546392,0.572816,0.608696,0.666667,0.628866,0.533981,0.587629,0.601942,0.55814,0.614035,0.568807,0.681319,0.608247,0.669903,0.666667,0.692308,0.604651,0.508772,0.641026,0.566265,0.609195,0.504425,0.56383,0.528302,0.59375,0.557692,0.6,0.522222,0.691489,0.584906,0.565657,0.693069,0.566667,0.636364,0.638889,0.652174,0.608247,0.650485,0.663265,0.627451,0.571429,0.603448,0.735632,0.628319,0.555556,0.584158,0.608247,0.660194,0.544554,0.636364,0.58,0.58,0.617647,0.581633,0.520408,0.558824,0.608696,0.62037,0.653061,0.558824,0.663366,0.626263,0.5,0.590909,0.6125,0.633333,0.563218,0.637168,0.572816,0.587629,0.704545,0.607143,0.555556,0.618182,0.536364,0.688889,0.524272,0.546392,0.470588,0.6,0.626263,0.60396,0.686869,0.643564,0.558824,0.602041,0.651163,0.622807,0.634409,0.579439,0.666667,0.554545,0.57,0.6,0.595506,0.657658,
64000,0.643564,0.636364,0.617021,0.584906,0.580357,0.534091,0.616162,0.653465,0.6,0.610526,0.659794,0.582524,0.596154,0.65625,0.644444,0.709091,0.67619,0.726316,0.577982,0.626374,0.692308,0.688073,0.628571,0.621053,0.556701,0.68932,0.603604,0.561798,0.54902,0.704082,0.623762,0.545455,0.510204,0.735294,0.458333,0.653846,0.5625,0.557692,0.544554,0.59596,0.596154,0.635417,0.538462,0.583333,0.485437,0.536082,0.605769,0.645833,0.489362,0.613208,0.605769,0.59375,0.590909,0.6,0.641304,0.638889,0.613861,0.646465,0.474227,0.563107,0.678899,0.582418,0.548387,0.588785,0.609524,0.557895,0.591837,0.519608,0.64486,0.494624,0.666667,0.55102,0.75,0.63,0.693069,0.565657,0.603774,0.585106,0.606383,0.650943,0.578431,0.581633,0.537634,0.588785,0.623762,0.575758,0.654545,0.611111,0.621053,0.657143,0.669643,0.511364,0.596154,0.635417,0.614035,0.627907,0.64486,0.602151,0.612903,0.579439,
64200,0.692308,0.65625,0.65,0.64,0.56701,0.553398,0.69,0.61,0.617647,0.622449,0.646465,0.594059,0.597938,0.533981,0.581633,0.686275,0.585859,0.514851,0.607843,0.653061,0.505263,0.580952,0.622642,0.531915,0.648936,0.584906,0.534653,0.656566,0.635514,0.655914,0.613636,0.607143,0.585859,0.683168,0.521008,0.580247,0.583333,0.673913,0.616162,0.534653,0.583333,0.634615,0.531915,0.613208,0.601942,0.608247,0.577982,0.648352,0.631579,0.67619,0.585106,0.59434,0.556701,0.563107,0.643564,0.626263,0.677419,0.560748,0.642202,0.56044,0.622222,0.681818,0.597938,0.533981,0.638298,0.584906,0.611111,0.690909,0.615385,0.635417,0.495575,0.666667,0.571429,0.694737,0.71134,0.601942,0.607843,0.683673,0.623853,0.626374,0.647059,0.602041,0.618182,0.677778,0.584158,0.686869,0.588235,0.693878,0.622449,0.509804,0.626263,0.633663,0.631579,0.638095,0.628571,0.484211,0.59375,0.538462,0.578947,0.609524,
64400,0.612245,0.598039,0.6,0.618182,0.540816,0.588235,0.568182,0.625,0.679612,0.556701,0.555556,0.663366,0.647619,0.652632,0.605769,0.583333,0.616162,0.534653,0.574074,0.619565,0.673913,0.666667,0.591398,0.672897,0.702128,0.59434,0.522222,0.536364,0.45679,0.537815,0.505155,0.592233,0.536364,0.566667,0.547368,0.590476,0.558824,0.683673,0.688889,0.509091,0.6,0.552381,0.708333,0.634615,0.582524,0.628866,0.618557,0.640777,0.625,0.5625,0.531915,0.707547,0.707965,0.666667,0.650943,0.56383,0.597938,0.543689,0.640351,0.604651,0.631068,0.628866,0.564356,0.666667,0.655914,0.607477,0.580645,0.700935,0.571429,0.558824,0.566038,0.606383,0.63,0.55,0.604167,0.576923,0.61165,0.546392,0.670103,0.592233,0.615385,0.605505,0.721649,0.524272,0.553191,0.603774,0.617021,0.669811,0.565217,0.62963,0.566038,0.62766,0.632653,0.627451,0.542553,0.537736,0.632653,0.558824,0.588785,0.645161,
64600,0.571429,0.550459,0.659341,0.587156,0.633663,0.616162,0.666667,0.692308,0.529412,0.573913,0.581633,0.558824,0.610169,0.560976,0.582418,0.651376,0.643564,0.575758,0.645161,0.654206,0.643564,0.666667,0.548077,0.65625,0.677083,0.653846,0.63964,0.595506,0.546296,0.619565,0.596154,0.604167,0.528846,0.614583,0.56044,0.623853,0.461538,0.708333,0.505051,0.584158,0.619469,0.62069,0.466667,0.631579,0.582609,0.623529,0.617021,0.556604,0.527273,0.744444,0.595506,0.666667,0.635417,0.701923,0.548077,0.59375,0.585859,0.584158,0.623762,0.505051,0.621053,0.657143,0.633929,0.625,0.666667,0.652174,0.657407,0.586957,0.58427,0.630631,0.57,0.64,0.747253,0.59633,0.676768,0.534653,0.485149,0.515152,0.642105,0.67619,0.610526,0.561905,0.6,0.588889,0.5,0.62,0.644444,0.654545,0.69,0.68,0.704762,0.6,0.652174,0.675926,0.59633,0.615385,0.545455,0.633333,0.644231,0.614583,
64800,0.666667,0.581633,0.529915,0.60241,0.50495,0.565657,0.611765,0.686957,0.579545,0.571429,0.479167,0.644231,0.58,0.6,0.573913,0.541176,0.604167,0.625,0.56,0.65,0.649573,0.626506,0.614583,0.605769,0.682243,0.591398,0.611111,0.7,0.516129,0.588785,0.660377,0.670213,0.605769,0.59375,0.585106,0.566038,0.606742,0.558559,0.625,0.53125,0.6875,0.596154,0.634409,0.53271,0.53012,0.564103,0.602041,0.607843,0.693878,0.647059,0.681818,0.526786,0.666667,0.578947,0.53125,0.567308,0.673469,0.578431,0.612903,0.598131,0.65625,0.653846,0.684211,0.647619,0.52381,0.747368,0.54717,0.606383,0.57,0.6,0.568182,0.633929,0.647059,0.567901,0.673077,0.541667,0.632653,0.705882,0.55102,0.627451,0.575758,0.673267,0.590909,0.566667,0.575758,0.594059,0.627451,0.653061,0.653465,0.565657,0.573034,0.513514,0.71,0.58,0.597938,0.514563,0.64486,0.612903,0.67619,0.652632,
65000,0.632075,0.638298,0.592233,0.56701,0.626263,0.594059,0.666667,0.663265,0.57,0.54,0.65,0.61,0.609524,0.557895,0.575472,0.617021,0.623656,0.514019,0.580645,0.560748,0.576087,0.62963,0.604651,0.622807,0.619048,0.694737,0.61,0.66,0.469565,0.494118,0.62,0.5,0.588889,0.554545,0.672727,0.688889,0.607843,0.673469,0.560748,0.494624,0.634409,0.607477,0.617021,0.603774,0.663934,0.628205,0.62,0.66,0.543689,0.618557,0.598131,0.602151,0.533981,0.659794,0.568421,0.571429,0.598039,0.561224,0.593407,0.541284,0.634409,0.598131,0.536842,0.571429,0.690265,0.586207,0.555556,0.584158,0.674157,0.594595,0.56701,0.533981,0.637255,0.55102,0.623656,0.551402,0.5625,0.663462,0.571429,0.633028,0.579439,0.526882,0.5625,0.693182,0.51,0.61,0.586538,0.625,0.633333,0.672727,0.617021,0.518868,0.60177,0.643678,0.591398,0.635514,0.606742,0.63964,0.62,0.55,
65200,0.6,0.589474,0.612245,0.607843,0.572816,0.556701,0.650485,0.628866,0.567308,0.65625,0.6,0.609524,0.602041,0.637255,0.54717,0.595745,0.634409,0.691589,0.587629,0.631068,0.555556,0.683168,0.62963,0.576087,0.65,0.64,0.627451,0.581633,0.602041,0.519608,0.638889,0.565217,0.597701,0.681416,0.5,0.648148,0.545455,0.683168,0.466019,0.556701,0.585859,0.594059,0.602151,0.551402,0.422222,0.590909,0.618182,0.555556,0.539216,0.612245,0.656863,0.612245,0.632075,0.595745,0.590476,0.589474,0.592233,0.597938,0.621053,0.666667,0.61165,0.659794,0.517647,0.608696,0.571429,0.637255,0.544554,0.626263,0.628866,0.621359,0.636364,0.7,0.6,0.504762,0.689655,0.566372,0.54902,0.663265,0.637255,0.653061,0.68,0.6,0.585586,0.573034,0.488889,0.636364,0.609091,0.577778,0.556604,0.595745,0.693694,0.539326,0.633028,0.67033,0.591398,0.607477,0.617021,0.603774,0.626374,0.559633,
65400,0.597938,0.61165,0.525773,0.485437,0.505155,0.650485,0.648936,0.650943,0.578947,0.609524,0.527473,0.605505,0.590909,0.616071,0.70297,0.555556,0.601942,0.649485,0.586957,0.611111,0.552381,0.578947,0.693694,0.494382,0.654867,0.655172,0.52,0.62,0.653846,0.666667,0.718182,0.644444,0.646465,0.584158,0.627451,0.612245,0.61165,0.639175,0.582524,0.515464,0.645833,0.596154,0.680851,0.509434,0.639535,0.596491,0.578431,0.591837,0.525253,0.663366,0.626263,0.663366,0.585859,0.653465,0.622449,0.647059,0.519608,0.663265,0.601942,0.628866,0.53125,0.615385,0.555556,0.563636,0.69697,0.584158,0.591398,0.616822,0.617021,0.622642,0.653846,0.625,0.670213,0.59434,0.666667,0.615385,0.64,0.54,0.45,0.65,0.567568,0.58427,0.529412,0.632653,0.575758,0.554455,0.603774,0.531915,0.631579,0.609524,0.645455,0.566667,0.587156,0.626374,0.6625,0.575,0.602151,0.626168,0.583333,0.615385,
65600,0.694737,0.6,0.555556,0.636364,0.626263,0.544554,0.516129,0.64486,0.634409,0.551402,0.621053,0.619048,0.648352,0.642202,0.552381,0.673684,0.574074,0.619565,0.571429,0.587156,0.606061,0.643564,0.638095,0.642105,0.683168,0.616162,0.62,0.68,0.704762,0.610526,0.669903,0.556701,0.776699,0.618557,0.704762,0.536842,0.556701,0.660194,0.550459,0.527473,0.533981,0.618557,0.542056,0.55914,0.606061,0.574257,0.636364,0.574257,0.571429,0.547368,0.612245,0.647059,0.589474,0.647619,0.6,0.628571,0.681818,0.6,0.615385,0.583333,0.62963,0.565217,0.548673,0.563218,0.663265,0.539216,0.607843,0.693878,0.686275,0.632653,0.606061,0.623762,0.586207,0.59292,0.663043,0.537037,0.608247,0.601942,0.627451,0.632653,0.655556,0.663636,0.592233,0.556701,0.52809,0.558559,0.666667,0.673267,0.577778,0.609091,0.752381,0.557895,0.551402,0.612903,0.561224,0.627451,0.595745,0.669811,0.649485,0.650485,
65800,0.638298,0.584906,0.669725,0.604396,0.634615,0.604167,0.612245,0.558824,0.648936,0.622642,0.621359,0.56701,0.585586,0.573034,0.619469,0.712644,0.584158,0.676768,0.578947,0.6,0.53,0.59,0.631068,0.587629,0.607843,0.653061,0.609524,0.589474,0.650943,0.606383,0.708738,0.546392,0.692308,0.614679,0.583333,0.62069,0.518519,0.608696,0.622642,0.574468,0.484536,0.631068,0.660194,0.618557,0.621622,0.606742,0.587719,0.639535,0.558824,0.581633,0.619048,0.694737,0.632653,0.656863,0.585586,0.629213,0.524752,0.646465,0.531915,0.518868,0.580952,0.621053,0.641509,0.553191,0.617021,0.509434,0.533981,0.597938,0.563107,0.587629,0.612245,0.568627,0.608696,0.611111,0.588235,0.55102,0.633028,0.604396,0.535714,0.590909,0.693069,0.575758,0.607843,0.571429,0.631579,0.590476,0.68,0.71,0.574074,0.576087,0.666667,0.60396,0.538462,0.633028,0.642105,0.533333,0.638298,0.584906,0.5,0.537037,
66000,0.686869,0.594059,0.557895,0.638095,0.633663,0.717172,0.691489,0.622642,0.601942,0.618557,0.627273,0.6,0.614035,0.523256,0.579439,0.634409,0.648936,0.632075,0.622807,0.639535,0.550459,0.593407,0.656566,0.643564,0.66,0.62,0.6875,0.605769,0.575758,0.60396,0.673267,0.666667,0.626374,0.66055,0.627451,0.591837,0.552083,0.692308,0.586957,0.574074,0.575758,0.613861,0.461538,0.552083,0.5,0.59,0.494382,0.648649,0.596491,0.604651,0.59292,0.609195,0.607477,0.602151,0.576087,0.518519,0.622642,0.56383,0.595506,0.540541,0.64,0.61,0.613861,0.656566,0.679612,0.649485,0.528846,0.645833,0.637363,0.59633,0.591837,0.568627,0.548387,0.53271,0.669811,0.606383,0.609091,0.622222,0.583333,0.619565,0.535354,0.623762,0.537037,0.521739,0.568421,0.628571,0.669811,0.617021,0.615385,0.614458,0.605769,0.635417,0.567308,0.635417,0.615385,0.587156,0.607143,0.663793,0.571429,0.513761,
66200,0.608696,0.647059,0.612903,0.579439,0.59596,0.594059,0.577778,0.609091,0.702128,0.566038,0.560345,0.547619,0.494118,0.652174,0.634409,0.635514,0.602273,0.607143,0.637168,0.632184,0.616162,0.693069,0.669811,0.659574,0.590476,0.526316,0.610526,0.666667,0.537736,0.585106,0.73913,0.518519,0.539823,0.574713,0.580952,0.631579,0.597561,0.610169,0.578431,0.510204,0.654867,0.563218,0.495238,0.442105,0.584158,0.606061,0.582524,0.628866,0.621359,0.618557,0.590476,0.652632,0.592233,0.628866,0.525253,0.693069,0.557692,0.614583,0.639175,0.601942,0.538462,0.688073,0.602151,0.476636,0.632479,0.554217,0.559524,0.62931,0.681818,0.566667,0.568421,0.657143,0.657658,0.595506,0.622642,0.553191,0.5625,0.682692,0.604167,0.692308,0.582524,0.474227,0.540541,0.494382,0.509804,0.459184,0.558824,0.612245,0.571429,0.515789,0.685185,0.630435,0.60396,0.606061,0.56,0.57,0.68,0.69,0.582524,0.670103,
66400,0.594059,0.565657,0.518519,0.588235,0.629213,0.540541,0.677419,0.616822,0.575472,0.670213,0.525253,0.623762,0.616822,0.55914,0.660194,0.742268,0.653465,0.616162,0.597938,0.572816,0.5,0.645833,0.700935,0.591398,0.72,0.63,0.595506,0.657658,0.663265,0.647059,0.680851,0.632075,0.626374,0.623853,0.574468,0.556604,0.680851,0.660377,0.556604,0.468085,0.646465,0.60396,0.571429,0.663158,0.574074,0.652174,0.6,0.58,0.56383,0.584906,0.597938,0.640777,0.581633,0.607843,0.719626,0.655914,0.597938,0.601942,0.575472,0.542553,0.522222,0.627273,0.610619,0.62069,0.570093,0.569892,0.648936,0.650943,0.680412,0.533981,0.583333,0.5,0.663265,0.656863,0.681818,0.533333,0.585106,0.622642,0.579439,0.55914,0.634615,0.635417,0.590909,0.611111,0.554348,0.648148,0.589286,0.636364,0.57,0.6,0.622951,0.5,0.59596,0.574257,0.608247,0.61165,0.52809,0.585586,0.598039,0.510204,
66600,0.625,0.5625,0.571429,0.614679,0.68932,0.71134,0.601942,0.525773,0.636364,0.544554,0.597938,0.524272,0.610619,0.551724,0.645833,0.615385,0.614583,0.538462,0.490385,0.739583,0.6,0.609524,0.645161,0.626168,0.705263,0.628571,0.561224,0.647059,0.6,0.581818,0.58,0.53,0.655556,0.563636,0.544554,0.59596,0.574468,0.641509,0.509615,0.510417,0.591398,0.635514,0.704545,0.580357,0.459184,0.578431,0.618557,0.592233,0.598131,0.698925,0.561905,0.673684,0.558824,0.530612,0.591837,0.637255,0.56,0.57,0.574074,0.576087,0.566265,0.632479,0.616822,0.655914,0.64,0.56,0.583333,0.567308,0.553398,0.597938,0.567308,0.635417,0.651685,0.648649,0.666667,0.607477,0.547009,0.674699,0.631068,0.608247,0.58,0.63,0.574257,0.59596,0.564356,0.575758,0.619048,0.642105,0.628866,0.640777,0.53,0.56,0.571429,0.578947,0.633028,0.472527,0.5,0.71875,0.621359,0.56701,
66800,0.592233,0.587629,0.58,0.63,0.555556,0.478261,0.657143,0.663158,0.619565,0.583333,0.53271,0.580645,0.633929,0.556818,0.55,0.6,0.545455,0.696429,0.685185,0.608696,0.623656,0.663551,0.585859,0.643564,0.700935,0.688172,0.588235,0.693878,0.597826,0.555556,0.464646,0.534653,0.535354,0.653465,0.616162,0.663366,0.607843,0.632653,0.640777,0.608247,0.552381,0.610526,0.582524,0.536082,0.52381,0.637931,0.575758,0.574257,0.563107,0.639175,0.565657,0.663366,0.62037,0.554348,0.56,0.63,0.602041,0.598039,0.576087,0.555556,0.676471,0.653061,0.585859,0.633663,0.601942,0.587629,0.569892,0.579439,0.580952,0.610526,0.644068,0.646341,0.618557,0.601942,0.602041,0.529412,0.52809,0.648649,0.641304,0.546296,0.59596,0.673267,0.595745,0.679245,0.510204,0.558824,0.638095,0.652632,0.5,0.633929,0.626374,0.541284,0.685714,0.642105,0.584158,0.575758,0.594828,0.630952,0.515152,0.554455,
67000,0.606061,0.584158,0.552083,0.625,0.550562,0.612613,0.68,0.65,0.685185,0.586957,0.535354,0.623762,0.538462,0.635417,0.594595,0.58427,0.594059,0.616162,0.650943,0.617021,0.645833,0.586538,0.683673,0.686275,0.61,0.61,0.534653,0.575758,0.537634,0.570093,0.571429,0.568627,0.677083,0.673077,0.604167,0.586538,0.567308,0.614583,0.559633,0.549451,0.68932,0.556701,0.660377,0.531915,0.586207,0.610619,0.583333,0.673913,0.56383,0.613208,0.62,0.64,0.539216,0.581633,0.589474,0.609524,0.659091,0.544643,0.625,0.65625,0.635417,0.682692,0.559633,0.582418,0.684783,0.666667,0.525773,0.708738,0.607477,0.569892,0.577778,0.645455,0.598039,0.602041,0.659794,0.582524,0.60396,0.59596,0.53271,0.655914,0.608696,0.611111,0.61165,0.597938,0.588785,0.580645,0.769231,0.669725,0.524752,0.686869,0.595745,0.518868,0.625,0.576923,0.610619,0.517241,0.663265,0.617647,0.72,0.57,
67200,0.571429,0.637255,0.67619,0.610526,0.58427,0.531532,0.656863,0.622449,0.582524,0.474227,0.61165,0.608247,0.630435,0.62963,0.6,0.666667,0.626263,0.653465,0.5,0.612245,0.702381,0.637931,0.650485,0.525773,0.660714,0.568182,0.643564,0.585859,0.563107,0.484536,0.676471,0.673469,0.623853,0.538462,0.6,0.611111,0.666667,0.610526,0.638298,0.622642,0.632653,0.588235,0.726415,0.659574,0.587629,0.592233,0.68932,0.639175,0.569892,0.64486,0.653465,0.616162,0.675926,0.652174,0.533333,0.589474,0.628866,0.621359,0.611111,0.663636,0.569892,0.757009,0.59633,0.637363,0.691489,0.660377,0.561224,0.676471,0.680851,0.462264,0.59375,0.586538,0.608696,0.583333,0.61,0.47,0.641304,0.648148,0.528846,0.645833,0.578313,0.555556,0.635294,0.608696,0.477778,0.563636,0.611111,0.641304,0.588235,0.653061,0.647619,0.473684,0.597938,0.631068,0.568182,0.553571,0.580357,0.625,0.587156,0.571429,
67400,0.647059,0.591837,0.525253,0.534653,0.5,0.509434,0.612245,0.539216,0.589474,0.52381,0.597826,0.694444,0.630435,0.638889,0.571429,0.663158,0.699029,0.618557,0.573034,0.675676,0.653465,0.585859,0.590909,0.655556,0.615385,0.59633,0.563107,0.701031,0.581818,0.622222,0.628866,0.572816,0.611111,0.609091,0.6,0.610526,0.594059,0.69697,0.541284,0.593407,0.578947,0.571429,0.585366,0.576271,0.635417,0.615385,0.576923,0.65625,0.580645,0.635514,0.59596,0.643564,0.612903,0.663551,0.576087,0.666667,0.653846,0.65625,0.62766,0.575472,0.666667,0.630435,0.585859,0.693069,0.675926,0.597826,0.649485,0.631068,0.584906,0.617021,0.575472,0.542553,0.590909,0.535714,0.754237,0.597561,0.578431,0.653061,0.6,0.711111,0.59375,0.625,0.606061,0.584158,0.538462,0.520833,0.621053,0.638095,0.567308,0.583333,0.663551,0.55914,0.663462,0.59375,0.679612,0.556701,0.621053,0.619048,0.611111,0.652174,
67600,0.637255,0.612245,0.662651,0.57265,0.666667,0.543478,0.584158,0.666667,0.610526,0.6,0.585106,0.603774,0.572917,0.576923,0.660194,0.680412,0.632653,0.588235,0.616162,0.742574,0.6,0.6,0.544554,0.656566,0.642202,0.725275,0.666667,0.693878,0.685714,0.610526,0.590476,0.557895,0.596154,0.625,0.731183,0.654206,0.663265,0.676471,0.611111,0.563636,0.734694,0.588235,0.590909,0.666667,0.58427,0.576577,0.669903,0.659794,0.533333,0.645455,0.59633,0.681319,0.556701,0.699029,0.484211,0.514286,0.673913,0.62037,0.52381,0.568966,0.701149,0.610619,0.547368,0.552381,0.610526,0.647619,0.724771,0.725275,0.608696,0.592593,0.509804,0.55102,0.618557,0.582524,0.673267,0.575758,0.653465,0.555556,0.675926,0.684783,0.605769,0.59375,0.7,0.62,0.5,0.707547,0.618557,0.631068,0.641304,0.638889,0.625,0.548077,0.505882,0.66087,0.663551,0.516129,0.650485,0.649485,0.59633,0.604396,
67800,0.543478,0.638889,0.620253,0.520661,0.653465,0.585859,0.642857,0.588235,0.623762,0.575758,0.56701,0.61165,0.522523,0.58427,0.589474,0.580952,0.618557,0.601942,0.542857,0.557895,0.656566,0.594059,0.623762,0.666667,0.636364,0.633929,0.625,0.568182,0.707547,0.585106,0.631579,0.52381,0.607843,0.693878,0.636364,0.533333,0.603774,0.659574,0.63,0.53,0.656863,0.530612,0.619048,0.547368,0.504762,0.515789,0.575758,0.623762,0.525773,0.640777,0.644231,0.666667,0.605769,0.583333,0.558559,0.606742,0.616822,0.602151,0.607143,0.590909,0.5,0.645455,0.50495,0.626263,0.544304,0.644628,0.525773,0.669903,0.590361,0.547009,0.635417,0.586538,0.619565,0.685185,0.715686,0.510204,0.553398,0.597938,0.691489,0.698113,0.572917,0.653846,0.580645,0.598131,0.475728,0.56701,0.616822,0.666667,0.567568,0.640449,0.594059,0.505051,0.68932,0.659794,0.666667,0.622449,0.654206,0.666667,0.629213,0.621622,
68000,0.505495,0.633028,0.65,0.55,0.54386,0.523256,0.648649,0.595506,0.606742,0.513514,0.619048,0.6,0.669811,0.542553,0.610526,0.638095,0.610619,0.655172,0.524272,0.639175,0.553398,0.701031,0.626374,0.559633,0.673469,0.696078,0.494737,0.638095,0.528846,0.447917,0.763636,0.522222,0.648936,0.679245,0.582524,0.525773,0.574257,0.616162,0.590476,0.463158,0.626087,0.6,0.615385,0.520833,0.521739,0.541176,0.635417,0.653846,0.625,0.625,0.606383,0.641509,0.537037,0.608696,0.589474,0.590476,0.613861,0.545455,0.55102,0.558824,0.582418,0.678899,0.692308,0.59375,0.6875,0.538462,0.510417,0.634615,0.574468,0.641509,0.505155,0.61165,0.613861,0.626263,0.659574,0.54717,0.608247,0.640777,0.666667,0.685393,0.623762,0.636364,0.62766,0.688679,0.556701,0.553398,0.647059,0.632653,0.575758,0.534653,0.645161,0.551402,0.631579,0.593023,0.645833,0.576923,0.537736,0.670213,0.606383,0.632075,
68200,0.581633,0.588235,0.546392,0.533981,0.642202,0.56044,0.534091,0.6875,0.685714,0.610526,0.588235,0.642857,0.675676,0.561798,0.603774,0.638298,0.61165,0.649485,0.593407,0.633028,0.608696,0.62963,0.568627,0.612245,0.655556,0.590909,0.642857,0.696078,0.536842,0.67619,0.567308,0.583333,0.575472,0.659574,0.571429,0.652632,0.484848,0.653465,0.617647,0.561224,0.556818,0.616071,0.510204,0.637255,0.457944,0.645161,0.626263,0.673267,0.445545,0.69697,0.590476,0.652632,0.684211,0.647619,0.525253,0.554455,0.622449,0.656863,0.58,0.63,0.584158,0.606061,0.548077,0.552083,0.627451,0.55102,0.628866,0.650485,0.5625,0.586538,0.563636,0.566667,0.675214,0.674699,0.673469,0.666667,0.617647,0.510204,0.640351,0.616279,0.616279,0.587719,0.592233,0.608247,0.510204,0.578431,0.67619,0.610526,0.6,0.557895,0.59633,0.516484,0.64,0.59,0.645455,0.588889,0.54717,0.606383,0.679612,0.639175,
68400,0.659091,0.6875,0.577586,0.583333,0.605769,0.541667,0.666667,0.634615,0.656863,0.55102,0.56701,0.582524,0.613861,0.666667,0.673913,0.685185,0.747475,0.653465,0.518868,0.553191,0.5625,0.653846,0.666667,0.638655,0.603774,0.62766,0.538462,0.635417,0.54902,0.77551,0.47,0.61,0.540541,0.606742,0.586538,0.666667,0.565657,0.722772,0.594059,0.636364,0.556701,0.61165,0.623656,0.607477,0.553398,0.57732,0.545455,0.611111,0.527778,0.641304,0.642857,0.686275,0.651163,0.692982,0.654545,0.622222,0.641304,0.712963,0.636364,0.633663,0.594059,0.707071,0.633333,0.609091,0.630952,0.637931,0.654545,0.588889,0.590909,0.4,0.598039,0.5,0.631579,0.628571,0.722772,0.565657,0.482456,0.662791,0.546296,0.641304,0.553191,0.641509,0.614583,0.480769,0.596154,0.53125,0.556818,0.696429,0.612245,0.647059,0.705263,0.542857,0.58427,0.576577,0.651376,0.593407,0.675439,0.651163,0.608247,0.601942,
68600,0.619565,0.583333,0.59375,0.548077,0.606742,0.603604,0.640449,0.666667,0.578512,0.56962,0.543689,0.546392,0.520408,0.558824,0.564356,0.616162,0.738739,0.662921,0.504673,0.698925,0.59434,0.712766,0.580952,0.715789,0.649485,0.718447,0.62,0.72,0.645161,0.672897,0.663265,0.5,0.64,0.59,0.6,0.55,0.542857,0.621053,0.635417,0.490385,0.53,0.56,0.605769,0.572917,0.59375,0.567308,0.580357,0.681818,0.606383,0.650943,0.5,0.682692,0.666667,0.674157,0.513761,0.692308,0.616162,0.564356,0.602151,0.542056,0.480769,0.635417,0.585106,0.490566,0.666667,0.674419,0.638298,0.660377,0.684783,0.564815,0.57732,0.582524,0.523364,0.569892,0.631068,0.597938,0.613636,0.607143,0.538462,0.651376,0.505051,0.613861,0.589474,0.6,0.519231,0.572917,0.578431,0.612245,0.573171,0.516949,0.636364,0.60396,0.603774,0.606383,0.658537,0.601695,0.678161,0.575221,0.616162,0.623762,
68800,0.585106,0.603774,0.518519,0.586957,0.539216,0.612245,0.675439,0.593023,0.582418,0.568807,0.588235,0.622449,0.650485,0.628866,0.617021,0.688679,0.610526,0.647619,0.585859,0.653465,0.576923,0.479167,0.60396,0.565657,0.548077,0.625,0.594059,0.626263,0.689655,0.619469,0.609524,0.515789,0.543689,0.546392,0.58,0.61,0.545455,0.70297,0.63,0.57,0.553398,0.618557,0.610526,0.638095,0.505495,0.550459,0.58,0.59,0.62,0.62,0.535088,0.674419,0.54717,0.691489,0.584071,0.551724,0.611111,0.509091,0.675926,0.532609,0.582418,0.587156,0.55914,0.616822,0.586957,0.62963,0.642857,0.617647,0.644231,0.53125,0.693878,0.519608,0.627273,0.577778,0.673267,0.606061,0.57732,0.728155,0.6,0.742857,0.666667,0.538462,0.612245,0.666667,0.5,0.631579,0.59,0.63,0.514851,0.69697,0.652174,0.638889,0.578431,0.571429,0.638095,0.610526,0.583333,0.608696,0.651163,0.614035,
69000,0.628866,0.563107,0.490385,0.708333,0.702128,0.584906,0.666667,0.626168,0.672897,0.634409,0.686869,0.544554,0.54717,0.574468,0.527473,0.550459,0.622642,0.574468,0.494624,0.514019,0.644231,0.697917,0.592593,0.563025,0.631068,0.505155,0.57,0.63,0.612245,0.676471,0.511628,0.596491,0.58,0.63,0.485714,0.673684,0.582524,0.608247,0.637931,0.535714,0.707547,0.574468,0.576577,0.52809,0.534091,0.642857,0.56,0.51,0.555556,0.564356,0.670103,0.669903,0.621053,0.67619,0.645161,0.654206,0.58427,0.585586,0.617647,0.510204,0.677778,0.654545,0.622449,0.676471,0.65,0.6375,0.580952,0.557895,0.556701,0.660194,0.606061,0.594059,0.614583,0.634615,0.630952,0.594828,0.53125,0.634615,0.46789,0.56044,0.589474,0.6,0.663043,0.611111,0.539326,0.558559,0.613636,0.625,0.670213,0.613208,0.633333,0.681818,0.529412,0.653061,0.535354,0.643564,0.580645,0.53271,0.606383,0.537736,
69200,0.747573,0.659794,0.622642,0.648936,0.576923,0.65625,0.737864,0.670103,0.510204,0.539216,0.556962,0.68595,0.53211,0.527473,0.58,0.62,0.614679,0.626374,0.5625,0.625,0.54902,0.642857,0.669725,0.593407,0.686275,0.714286,0.617647,0.642857,0.570093,0.55914,0.55914,0.598131,0.641509,0.617021,0.581633,0.598039,0.422222,0.636364,0.534653,0.575758,0.650943,0.62766,0.564356,0.606061,0.571429,0.627451,0.630435,0.648148,0.524272,0.56701,0.659341,0.614679,0.675926,0.630435,0.647619,0.526316,0.564706,0.530435,0.604167,0.596154,0.630631,0.685393,0.63964,0.595506,0.608696,0.601852,0.552381,0.610526,0.583333,0.471154,0.583333,0.48913,0.564815,0.586957,0.64486,0.602151,0.46,0.58,0.547368,0.742857,0.575758,0.544554,0.576087,0.583333,0.533981,0.680412,0.634409,0.607477,0.58,0.67,0.656566,0.623762,0.585859,0.594059,0.639175,0.631068,0.612903,0.551402,0.575472,0.62766,
69400,0.60177,0.632184,0.61,0.61,0.44898,0.588235,0.650485,0.639175,0.529412,0.571429,0.550562,0.612613,0.596154,0.583333,0.5,0.666667,0.561404,0.639535,0.490385,0.677083,0.63,0.69,0.636364,0.584158,0.617647,0.581633,0.564356,0.676768,0.621053,0.533333,0.54902,0.663265,0.494845,0.601942,0.553191,0.509434,0.659794,0.679612,0.59596,0.643564,0.626263,0.613861,0.55,0.63,0.536364,0.555556,0.615385,0.53211,0.660194,0.618557,0.55102,0.637255,0.63,0.7,0.577982,0.571429,0.62766,0.632075,0.545455,0.5625,0.647619,0.652632,0.627451,0.602041,0.633663,0.515152,0.533981,0.618557,0.609524,0.568421,0.495238,0.568421,0.618557,0.563107,0.656863,0.561224,0.637168,0.551724,0.576087,0.694444,0.617647,0.489796,0.672727,0.611111,0.544554,0.575758,0.72,0.62,0.623656,0.588785,0.606383,0.613208,0.582524,0.556701,0.640449,0.54955,0.556604,0.595745,0.617647,0.581633,
69600,0.590909,0.711111,0.614583,0.557692,0.538462,0.552083,0.574468,0.632075,0.622449,0.588235,0.558559,0.651685,0.527273,0.611111,0.650485,0.649485,0.647059,0.602041,0.518519,0.684783,0.557522,0.747126,0.592233,0.659794,0.635417,0.721154,0.572816,0.639175,0.576087,0.611111,0.59596,0.574257,0.475248,0.59596,0.557895,0.571429,0.536585,0.610169,0.578431,0.520408,0.7,0.666667,0.617978,0.576577,0.632653,0.54902,0.663265,0.607843,0.642105,0.609524,0.556604,0.553191,0.621053,0.590476,0.550562,0.54955,0.54717,0.574468,0.707071,0.485149,0.547368,0.628571,0.626374,0.577982,0.697248,0.582418,0.56383,0.773585,0.647059,0.581633,0.556604,0.489362,0.5625,0.704545,0.717172,0.594059,0.582524,0.628866,0.581818,0.655556,0.602041,0.539216,0.61,0.58,0.495413,0.681319,0.625,0.663462,0.622642,0.680851,0.631579,0.561905,0.625,0.625,0.642202,0.604396,0.533981,0.680412,0.591398,0.570093,
69800,0.608696,0.555556,0.55914,0.635514,0.598039,0.479592,0.561224,0.588235,0.548387,0.570093,0.574468,0.669811,0.618557,0.563107,0.721649,0.563107,0.645833,0.625,0.575472,0.585106,0.528302,0.670213,0.663158,0.52381,0.572727,0.588889,0.606061,0.633663,0.634409,0.560748,0.568421,0.52381,0.591837,0.666667,0.537736,0.606383,0.575758,0.663366,0.59596,0.574257,0.607843,0.632653,0.639175,0.572816,0.640449,0.54955,0.630435,0.601852,0.669811,0.62766,0.616822,0.623656,0.663265,0.627451,0.574074,0.608696,0.578947,0.628571,0.645161,0.598131,0.543689,0.628866,0.621359,0.56701,0.643564,0.575758,0.563218,0.619469,0.666667,0.539823,0.536082,0.592233,0.673267,0.585859,0.683673,0.578431,0.617391,0.470588,0.666667,0.654545,0.645161,0.570093,0.712871,0.535354,0.549451,0.614679,0.557692,0.614583,0.540816,0.617647,0.591837,0.598039,0.54902,0.683673,0.604167,0.519231,0.642105,0.714286,0.525253,0.594059,
70000,0.606061,0.663366,0.587719,0.534884,0.524752,0.505051,0.633333,0.545455,0.637255,0.581633,0.632479,0.590361,0.597826,0.555556,0.659341,0.605505,0.533981,0.57732,0.575758,0.663366,0.594059,0.555556,0.704762,0.547368,0.630631,0.674157,0.565217,0.537037,0.673469,0.54902,0.614583,0.519231,0.596154,0.6875,0.6,0.54,0.57732,0.660194,0.56,0.51,0.589474,0.619048,0.505263,0.638095,0.433333,0.518182,0.613861,0.636364,0.544554,0.626263,0.626168,0.580645,0.581633,0.598039,0.586538,0.697917,0.66055,0.593407,0.553191,0.556604,0.652174,0.670588,0.625,0.6875,0.663551,0.516129,0.589474,0.666667,0.635514,0.569892,0.648148,0.641304,0.56701,0.582524,0.63964,0.617978,0.446602,0.57732,0.578947,0.742857,0.680412,0.601942,0.646465,0.683168,0.64,0.61,0.606383,0.632075,0.656566,0.633663,0.628319,0.586207,0.614583,0.682692,0.591837,0.519608,0.547368,0.590476,0.663265,0.627451,
70200,0.684211,0.590476,0.6,0.526316,0.6125,0.541667,0.701923,0.583333,0.509615,0.541667,0.62037,0.597826,0.588235,0.591837,0.623762,0.626263,0.54386,0.639535,0.584158,0.626263,0.52,0.71,0.693182,0.705357,0.672727,0.7,0.561798,0.648649,0.56701,0.669903,0.683673,0.519608,0.514286,0.568421,0.537634,0.663551,0.513761,0.714286,0.556701,0.533981,0.581633,0.598039,0.659091,0.473214,0.522523,0.674157,0.526316,0.628571,0.597938,0.640777,0.663551,0.698925,0.625,0.6875,0.637363,0.669725,0.673267,0.565657,0.598039,0.561224,0.595745,0.669811,0.662921,0.666667,0.638095,0.536842,0.55814,0.622807,0.623762,0.565657,0.632075,0.712766,0.739583,0.634615,0.673077,0.552083,0.648649,0.685393,0.50495,0.69697,0.618557,0.514563,0.537634,0.607477,0.511628,0.605263,0.587629,0.592233,0.580645,0.654206,0.634615,0.614583,0.670213,0.622642,0.595745,0.518868,0.663043,0.518519,0.644231,0.59375,
70400,0.637363,0.605505,0.601942,0.608247,0.583333,0.51087,0.639175,0.650485,0.613861,0.565657,0.638298,0.603774,0.528302,0.510638,0.637255,0.704082,0.54902,0.673469,0.552941,0.6,0.519231,0.6875,0.652632,0.657143,0.685714,0.768421,0.662921,0.63964,0.695652,0.611111,0.643678,0.469027,0.653465,0.646465,0.59375,0.625,0.52809,0.657658,0.59434,0.574468,0.536842,0.657143,0.625,0.615385,0.611765,0.530435,0.615385,0.614583,0.479592,0.637255,0.581633,0.705882,0.586957,0.601852,0.432692,0.677083,0.676768,0.594059,0.552083,0.509615,0.565217,0.555556,0.634615,0.59375,0.635417,0.586538,0.556701,0.650485,0.639175,0.621359,0.509259,0.619565,0.709302,0.684211,0.602041,0.656863,0.670103,0.640777,0.605769,0.59375,0.586538,0.5625,0.584158,0.666667,0.516854,0.585586,0.660194,0.721649,0.557895,0.67619,0.597826,0.601852,0.59434,0.648936,0.546392,0.553398,0.69,0.62,0.518519,0.554348,
70600,0.6,0.6,0.601852,0.608696,0.552083,0.567308,0.584906,0.691489,0.597938,0.582524,0.577778,0.609091,0.585859,0.524752,0.542553,0.632075,0.5,0.615385,0.52809,0.621622,0.586538,0.604167,0.568807,0.604396,0.601942,0.525773,0.673684,0.619048,0.587629,0.533981,0.692308,0.520833,0.631579,0.590476,0.48,0.61,0.527273,0.677778,0.55914,0.570093,0.639175,0.563107,0.548077,0.59375,0.54,0.54,0.610526,0.619048,0.568421,0.6,0.653846,0.583333,0.568627,0.612245,0.572816,0.659794,0.582418,0.688073,0.66055,0.56044,0.590909,0.705357,0.61165,0.618557,0.601942,0.690722,0.628866,0.660194,0.592233,0.546392,0.60177,0.586207,0.539216,0.591837,0.70297,0.535354,0.581395,0.508772,0.597826,0.638889,0.623853,0.648352,0.588235,0.632653,0.518868,0.585106,0.643564,0.69697,0.536364,0.633333,0.67,0.59,0.643564,0.626263,0.744898,0.509804,0.633028,0.604396,0.575758,0.564356,
70800,0.588235,0.602041,0.516484,0.550459,0.625,0.491071,0.578431,0.612245,0.597938,0.514563,0.60177,0.586207,0.666667,0.532609,0.634615,0.697917,0.546392,0.718447,0.604396,0.651376,0.642857,0.588235,0.669903,0.659794,0.618557,0.601942,0.540816,0.529412,0.619048,0.681034,0.592233,0.57732,0.642857,0.578431,0.572727,0.655556,0.514286,0.621053,0.682692,0.541667,0.618557,0.650485,0.397727,0.625,0.543689,0.649485,0.61165,0.71134,0.520833,0.615385,0.62963,0.586957,0.53125,0.721154,0.6,0.617391,0.619048,0.568421,0.592233,0.515464,0.542553,0.575472,0.611111,0.636364,0.628571,0.621053,0.628866,0.68932,0.648936,0.509434,0.606383,0.584906,0.650485,0.618557,0.597826,0.583333,0.5625,0.673077,0.545455,0.70297,0.597938,0.514563,0.591837,0.598039,0.559633,0.56044,0.523364,0.688172,0.670213,0.603774,0.628571,0.536842,0.53211,0.593407,0.62766,0.528302,0.626168,0.634409,0.62963,0.521739,
71000,0.666667,0.584071,0.6,0.536842,0.510204,0.539216,0.742574,0.565657,0.58,0.56,0.613861,0.575758,0.505051,0.653465,0.604167,0.673077,0.62037,0.706522,0.510204,0.539216,0.727273,0.663366,0.616822,0.602151,0.6,0.690909,0.520833,0.634615,0.526882,0.607477,0.5,0.46,0.446809,0.622642,0.591837,0.647059,0.5,0.622449,0.552632,0.511628,0.59596,0.60396,0.577982,0.538462,0.543478,0.592593,0.571429,0.578947,0.567308,0.59375,0.565657,0.623762,0.637931,0.595238,0.573913,0.564706,0.556701,0.592233,0.605769,0.583333,0.542857,0.621053,0.607843,0.612245,0.609524,0.578947,0.540816,0.696078,0.561798,0.513514,0.683168,0.535354,0.538462,0.625,0.609524,0.610526,0.554455,0.707071,0.546392,0.592233,0.644231,0.614583,0.529412,0.632653,0.444444,0.5,0.663366,0.616162,0.539216,0.653061,0.61,0.58,0.59375,0.605769,0.617647,0.561224,0.594059,0.606061,0.571429,0.631579,
71200,0.688679,0.574468,0.581395,0.535088,0.505051,0.60396,0.581633,0.617647,0.631579,0.628571,0.630631,0.651685,0.6,0.47619,0.533333,0.589474,0.632653,0.627451,0.505263,0.552381,0.647727,0.5625,0.666667,0.654206,0.626263,0.633663,0.680412,0.68932,0.578431,0.622449,0.653846,0.583333,0.653061,0.539216,0.584158,0.545455,0.59375,0.711538,0.595745,0.509434,0.58,0.64,0.651786,0.659091,0.514286,0.663158,0.596491,0.627907,0.478723,0.735849,0.618557,0.61165,0.613861,0.676768,0.572727,0.622222,0.631068,0.618557,0.6,0.557895,0.558559,0.595506,0.536364,0.722222,0.663366,0.636364,0.602041,0.656863,0.68,0.54,0.697917,0.586538,0.541667,0.625,0.666667,0.514851,0.537634,0.570093,0.641509,0.659574,0.644231,0.572917,0.556604,0.595745,0.55102,0.578431,0.58,0.67,0.632075,0.606383,0.584158,0.636364,0.578431,0.632653,0.630631,0.58427,0.573034,0.558559,0.669725,0.549451,
71400,0.592593,0.576087,0.505051,0.613861,0.442105,0.533333,0.632653,0.666667,0.495238,0.621053,0.567901,0.655462,0.572917,0.615385,0.587629,0.660194,0.643564,0.666667,0.522222,0.472727,0.574257,0.656566,0.636364,0.554455,0.628571,0.536842,0.650602,0.641026,0.752809,0.504505,0.769231,0.510417,0.632184,0.60177,0.510417,0.528846,0.653846,0.71875,0.619048,0.621053,0.60396,0.646465,0.631579,0.561905,0.490385,0.5625,0.625,0.634615,0.560748,0.569892,0.6,0.6,0.663158,0.580952,0.603774,0.553191,0.711111,0.672727,0.57,0.51,0.642857,0.598039,0.585106,0.59434,0.708738,0.587629,0.603604,0.595506,0.693069,0.575758,0.546392,0.621359,0.543478,0.611111,0.715686,0.55102,0.548077,0.604167,0.554545,0.644444,0.568627,0.602041,0.670103,0.524272,0.574468,0.632075,0.59596,0.653465,0.528736,0.575221,0.637255,0.653061,0.594595,0.505618,0.576577,0.516854,0.607477,0.591398,0.642857,0.607843,
71600,0.673684,0.628571,0.625,0.520833,0.583333,0.586957,0.680412,0.679612,0.642857,0.54902,0.666667,0.557692,0.598214,0.625,0.676768,0.60396,0.62766,0.622642,0.536842,0.647619,0.651685,0.630631,0.581633,0.54902,0.549451,0.605505,0.537736,0.62766,0.554455,0.616162,0.573034,0.657658,0.552083,0.596154,0.584906,0.595745,0.5,0.711538,0.61,0.53,0.632184,0.619469,0.645833,0.548077,0.547368,0.6,0.557895,0.67619,0.514286,0.642105,0.628866,0.679612,0.67033,0.577982,0.563107,0.608247,0.669903,0.597938,0.601695,0.573171,0.573171,0.618644,0.632653,0.578431,0.666667,0.6,0.62037,0.684783,0.56383,0.603774,0.670455,0.625,0.588889,0.636364,0.736842,0.561905,0.573034,0.711712,0.555556,0.584158,0.564815,0.543478,0.62037,0.532609,0.463918,0.621359,0.585106,0.584906,0.564356,0.717172,0.737374,0.60396,0.584906,0.670213,0.536082,0.485437,0.617647,0.653061,0.752381,0.536842,
71800,0.617647,0.591837,0.582524,0.57732,0.659574,0.622642,0.553398,0.587629,0.604651,0.517544,0.590909,0.580357,0.621359,0.56701,0.649573,0.578313,0.637255,0.540816,0.622642,0.585106,0.417476,0.649485,0.617647,0.561224,0.649485,0.669903,0.568421,0.552381,0.522727,0.633929,0.57,0.62,0.561224,0.627451,0.527778,0.695652,0.48913,0.666667,0.526786,0.579545,0.594059,0.585859,0.626263,0.465347,0.636364,0.571429,0.565217,0.666667,0.509259,0.619565,0.609524,0.631579,0.677083,0.615385,0.6,0.568421,0.591837,0.588235,0.565657,0.544554,0.580952,0.652632,0.591398,0.607477,0.693878,0.529412,0.55914,0.626168,0.568421,0.6,0.567308,0.5625,0.617647,0.510204,0.68932,0.525773,0.548077,0.645833,0.563107,0.690722,0.614583,0.653846,0.603774,0.56383,0.514286,0.578947,0.684211,0.581395,0.585586,0.617978,0.54902,0.571429,0.652632,0.619048,0.669565,0.564706,0.644231,0.5,0.511628,0.587719,
72000,0.608696,0.658824,0.515464,0.582524,0.597938,0.563107,0.56,0.53,0.589474,0.638095,0.626374,0.59633,0.659574,0.59434,0.584906,0.712766,0.611111,0.654545,0.56701,0.669903,0.633333,0.645455,0.63964,0.651685,0.625,0.614583,0.616071,0.647727,0.628866,0.61165,0.586207,0.595238,0.742268,0.660194,0.55,0.67,0.585106,0.584906,0.701923,0.572917,0.718447,0.618557,0.645161,0.560748,0.638889,0.554348,0.71,0.68,0.65625,0.596154,0.583333,0.634615,0.58427,0.612613,0.60396,0.545455,0.653465,0.575758,0.543478,0.601852,0.586957,0.722222,0.678161,0.637168,0.61,0.56,0.53125,0.673077,0.594059,0.656566,0.719626,0.591398,0.612903,0.64486,0.59434,0.574468,0.509615,0.59375,0.529412,0.704082,0.613861,0.626263,0.65,0.54,0.617021,0.669811,0.625,0.653846,0.552381,0.526316,0.666667,0.622449,0.509615,0.625,0.595745,0.603774,0.631579,0.666667,0.648148,0.619565,
72200,0.625,0.6875,0.625,0.534091,0.54955,0.539326,0.626168,0.569892,0.62963,0.543478,0.67033,0.688073,0.586957,0.592593,0.633663,0.585859,0.601942,0.597938,0.676471,0.653061,0.625,0.645833,0.725275,0.651376,0.663265,0.696078,0.640777,0.628866,0.621622,0.573034,0.627907,0.640351,0.72,0.55,0.58427,0.558559,0.550459,0.604396,0.52381,0.736842,0.597561,0.618644,0.659794,0.524272,0.537736,0.585106,0.571429,0.588235,0.630435,0.62963,0.627451,0.612245,0.574074,0.619565,0.523364,0.634409,0.6,0.622222,0.53125,0.528846,0.55914,0.579439,0.606742,0.657658,0.591837,0.578431,0.634615,0.572917,0.609195,0.566372,0.556604,0.553191,0.607143,0.556818,0.73,0.52,0.53,0.62,0.606061,0.584158,0.68932,0.628866,0.617647,0.663265,0.653465,0.525253,0.590361,0.709402,0.567568,0.640449,0.648352,0.559633,0.607843,0.581633,0.522124,0.574713,0.576577,0.516854,0.727273,0.534653,
72400,0.578431,0.530612,0.539216,0.530612,0.570093,0.55914,0.627451,0.663265,0.585586,0.573034,0.6,0.69,0.537634,0.542056,0.574257,0.656566,0.59596,0.554455,0.581633,0.529412,0.582418,0.633028,0.685185,0.619565,0.65625,0.586538,0.610619,0.597701,0.528846,0.635417,0.505051,0.613861,0.692308,0.651376,0.534653,0.69697,0.559322,0.695122,0.62963,0.576087,0.694444,0.565217,0.617647,0.438776,0.56383,0.632075,0.575472,0.648936,0.607477,0.602151,0.679245,0.648936,0.607843,0.642857,0.625,0.519231,0.55102,0.529412,0.588235,0.540816,0.612613,0.606742,0.504762,0.568421,0.635417,0.653846,0.415842,0.646465,0.588235,0.72449,0.566038,0.638298,0.663265,0.617647,0.766667,0.590909,0.560748,0.623656,0.572727,0.7,0.595745,0.679245,0.602151,0.560748,0.64486,0.698925,0.659341,0.623853,0.585106,0.641509,0.614679,0.56044,0.652893,0.64557,0.58427,0.540541,0.67619,0.621053,0.6,0.571429,
72600,0.59,0.57,0.582524,0.628866,0.565657,0.623762,0.596154,0.572917,0.688679,0.553191,0.635593,0.695122,0.505495,0.605505,0.553398,0.670103,0.676768,0.584158,0.513514,0.561798,0.578431,0.612245,0.515464,0.61165,0.64486,0.591398,0.55914,0.682243,0.539823,0.701149,0.675,0.558333,0.615385,0.635417,0.583333,0.577586,0.587629,0.582524,0.648936,0.566038,0.597561,0.59322,0.605769,0.552083,0.6,0.58,0.627451,0.612245,0.666667,0.550562,0.677083,0.644231,0.598039,0.632653,0.542056,0.516129,0.567568,0.629213,0.646465,0.455446,0.646018,0.655172,0.614035,0.534884,0.656566,0.633663,0.540816,0.745098,0.645455,0.655556,0.542857,0.547368,0.574468,0.59434,0.677419,0.616822,0.557692,0.65625,0.6,0.628571,0.670103,0.592233,0.590476,0.568421,0.602151,0.588785,0.625,0.673077,0.55102,0.715686,0.595506,0.522523,0.622642,0.595745,0.663793,0.642857,0.613861,0.646465,0.532609,0.62037,
72800,0.640777,0.536082,0.644231,0.59375,0.644444,0.590909,0.676768,0.564356,0.683168,0.616162,0.619835,0.658228,0.6,0.623529,0.578431,0.612245,0.701031,0.660194,0.486239,0.593407,0.626168,0.731183,0.666667,0.625,0.652632,0.714286,0.62963,0.663043,0.669811,0.744681,0.614583,0.586538,0.547368,0.561905,0.514851,0.565657,0.617021,0.59434,0.574074,0.554348,0.589286,0.545455,0.540816,0.558824,0.609524,0.557895,0.623762,0.646465,0.575758,0.60396,0.590909,0.644444,0.613208,0.606383,0.561905,0.610526,0.633663,0.616162,0.653061,0.568627,0.666667,0.632653,0.701031,0.640777,0.641304,0.666667,0.585106,0.603774,0.631148,0.538462,0.648936,0.613208,0.592233,0.618557,0.633663,0.525253,0.617021,0.471698,0.521277,0.698113,0.68,0.58,0.567308,0.604167,0.60396,0.565657,0.61165,0.587629,0.542857,0.642105,0.606383,0.584906,0.543478,0.611111,0.695238,0.578947,0.659341,0.522936,0.592593,0.586957,
73000,0.691589,0.666667,0.670213,0.613208,0.553398,0.56701,0.653061,0.745098,0.579439,0.516129,0.680412,0.640777,0.598039,0.561224,0.555556,0.673267,0.594059,0.656566,0.574074,0.586957,0.605505,0.659341,0.653061,0.617647,0.657407,0.586957,0.683168,0.626263,0.662921,0.648649,0.632653,0.607843,0.678161,0.628319,0.762887,0.572816,0.564356,0.636364,0.655556,0.527273,0.663462,0.552083,0.654545,0.555556,0.541667,0.567308,0.579545,0.5625,0.534653,0.646465,0.560748,0.591398,0.618557,0.640777,0.613861,0.656566,0.685185,0.619565,0.627451,0.581633,0.581633,0.647059,0.619048,0.547368,0.649485,0.601942,0.557692,0.666667,0.520833,0.509615,0.521277,0.698113,0.637255,0.642857,0.583333,0.673077,0.614583,0.673077,0.587629,0.660194,0.582524,0.628866,0.566038,0.606383,0.489796,0.705882,0.604167,0.634615,0.535714,0.636364,0.607843,0.479592,0.641304,0.583333,0.601942,0.505155,0.560748,0.602151,0.7,0.666667,
73200,0.63964,0.606742,0.62963,0.673913,0.696078,0.581633,0.59596,0.623762,0.690265,0.563218,0.567308,0.572917,0.602041,0.617647,0.652174,0.62963,0.648148,0.641304,0.511628,0.587719,0.561905,0.610526,0.59434,0.574468,0.61,0.58,0.591398,0.663551,0.666667,0.607477,0.719626,0.709677,0.683168,0.646465,0.7,0.65,0.535354,0.623762,0.525253,0.534653,0.614583,0.538462,0.509804,0.489796,0.592233,0.680412,0.636364,0.607143,0.461538,0.678899,0.557895,0.647619,0.536082,0.679612,0.602151,0.598131,0.660714,0.613636,0.612069,0.52381,0.597701,0.575221,0.602041,0.568627,0.684211,0.609524,0.598039,0.663265,0.549451,0.651376,0.551402,0.634409,0.650485,0.628866,0.7,0.6,0.563107,0.546392,0.582524,0.71134,0.615385,0.614583,0.622222,0.581818,0.56044,0.651376,0.62,0.66,0.584906,0.606383,0.545455,0.544554,0.643564,0.727273,0.595745,0.622642,0.681319,0.605505,0.6,0.57,
73400,0.652174,0.638889,0.582524,0.56701,0.555556,0.564356,0.666667,0.615385,0.631068,0.587629,0.663551,0.623656,0.596491,0.662791,0.641304,0.75,0.6,0.621053,0.59375,0.634615,0.598214,0.602273,0.58,0.56,0.638889,0.673913,0.660377,0.446809,0.6,0.62,0.638298,0.59434,0.680851,0.575472,0.622642,0.56383,0.610526,0.609524,0.663158,0.552381,0.663551,0.569892,0.626263,0.623762,0.57,0.58,0.544554,0.616162,0.546392,0.601942,0.656863,0.581633,0.636364,0.598214,0.572727,0.588889,0.617647,0.5,0.583333,0.478261,0.662921,0.612613,0.633663,0.646465,0.601942,0.762887,0.515152,0.564356,0.623762,0.606061,0.611111,0.636364,0.650485,0.515464,0.544554,0.565657,0.616822,0.634409,0.581633,0.558824,0.569892,0.635514,0.56,0.56,0.556701,0.601942,0.5,0.659574,0.57,0.63,0.580952,0.621053,0.569892,0.607477,0.540816,0.607843,0.557895,0.6,0.571429,0.676471,
73600,0.663366,0.59596,0.663158,0.6,0.652632,0.514286,0.650485,0.752577,0.572917,0.615385,0.575472,0.62766,0.565657,0.633663,0.71028,0.602151,0.636364,0.485149,0.515152,0.534653,0.56701,0.582524,0.633028,0.637363,0.752475,0.656566,0.619565,0.648148,0.610526,0.638095,0.544554,0.646465,0.628866,0.621359,0.61,0.59,0.617021,0.669811,0.644231,0.458333,0.67,0.55,0.602041,0.656863,0.6,0.571429,0.72,0.62,0.612903,0.64486,0.672727,0.577778,0.65,0.57,0.484536,0.514563,0.586207,0.559524,0.588235,0.591837,0.66055,0.615385,0.692308,0.583333,0.6,0.589474,0.490196,0.632653,0.676768,0.50495,0.685185,0.532609,0.632184,0.628319,0.70297,0.505051,0.606383,0.688679,0.523364,0.612903,0.638889,0.576087,0.568627,0.520408,0.55102,0.676471,0.68932,0.587629,0.609524,0.631579,0.560748,0.55914,0.654867,0.701149,0.476636,0.602151,0.572816,0.597938,0.639175,0.640777,
73800,0.7,0.68,0.495146,0.515464,0.590476,0.621053,0.611111,0.641304,0.564356,0.69697,0.628866,0.631068,0.673684,0.628571,0.526316,0.52381,0.537736,0.595745,0.631068,0.639175,0.610526,0.647619,0.590476,0.568421,0.612903,0.607477,0.518519,0.630435,0.596154,0.59375,0.536082,0.582524,0.59596,0.663366,0.683168,0.555556,0.612245,0.686275,0.542857,0.578947,0.653846,0.53125,0.639175,0.61165,0.610526,0.590476,0.65625,0.586538,0.568627,0.602041,0.553398,0.628866,0.606061,0.663366,0.56,0.55,0.623853,0.538462,0.63964,0.539326,0.669903,0.597938,0.625,0.645833,0.644231,0.572917,0.621359,0.670103,0.494949,0.623762,0.677083,0.663462,0.542553,0.679245,0.663551,0.602151,0.59596,0.633663,0.606061,0.613861,0.659794,0.61165,0.618182,0.677778,0.477064,0.637363,0.57732,0.650485,0.573034,0.558559,0.586957,0.509259,0.575758,0.574257,0.666667,0.520408,0.636364,0.623762,0.56701,0.592233,
74000,0.52,0.62,0.674419,0.649123,0.632653,0.578431,0.612903,0.551402,0.613636,0.598214,0.69,0.62,0.708333,0.615385,0.605769,0.697917,0.670213,0.707547,0.571429,0.623853,0.652632,0.628571,0.615385,0.677083,0.643564,0.616162,0.591837,0.676471,0.666667,0.627273,0.594595,0.617978,0.570093,0.645161,0.53125,0.634615,0.536842,0.647619,0.513514,0.561798,0.595506,0.630631,0.621359,0.546392,0.430108,0.626168,0.556701,0.669903,0.566038,0.670213,0.613861,0.616162,0.646465,0.722772,0.480392,0.602041,0.677083,0.519231,0.528846,0.583333,0.586538,0.59375,0.5,0.638889,0.642857,0.676471,0.654545,0.677778,0.54717,0.638298,0.653465,0.626263,0.621622,0.617978,0.635294,0.634783,0.55102,0.578431,0.60396,0.707071,0.578431,0.612245,0.588785,0.623656,0.543689,0.639175,0.663551,0.623656,0.639175,0.61165,0.773196,0.582524,0.520833,0.644231,0.52,0.51,0.628571,0.621053,0.613208,0.606383,
74200,0.584746,0.707317,0.612903,0.560748,0.554455,0.59596,0.574074,0.586957,0.582524,0.618557,0.582524,0.525773,0.5625,0.579545,0.548077,0.635417,0.611111,0.663043,0.727273,0.673267,0.65625,0.653846,0.640777,0.587629,0.673684,0.628571,0.638095,0.642105,0.55,0.64,0.547368,0.495238,0.588235,0.612245,0.522936,0.604396,0.4375,0.644231,0.59596,0.584158,0.635417,0.557692,0.641509,0.553191,0.5,0.588235,0.741935,0.654206,0.587156,0.714286,0.584158,0.666667,0.598039,0.632653,0.712963,0.619565,0.648352,0.587156,0.554455,0.515152,0.602041,0.607843,0.584158,0.59596,0.637255,0.602041,0.628866,0.679612,0.6,0.63,0.6,0.65,0.643678,0.584071,0.659341,0.587156,0.520408,0.656863,0.606383,0.613208,0.615385,0.635417,0.571429,0.621053,0.610526,0.638095,0.515789,0.67619,0.560345,0.619048,0.73,0.56,0.672566,0.724138,0.613636,0.607143,0.6,0.633333,0.65625,0.576923,
74400,0.585106,0.622642,0.540816,0.598039,0.592593,0.576087,0.715789,0.552381,0.659574,0.622642,0.546392,0.660194,0.535354,0.554455,0.558824,0.632653,0.543478,0.657407,0.556701,0.631068,0.585859,0.60396,0.634615,0.625,0.587629,0.572816,0.642202,0.494505,0.677083,0.625,0.577778,0.518182,0.638889,0.51087,0.695238,0.6,0.610526,0.628571,0.578947,0.590476,0.64,0.61,0.602151,0.598131,0.577982,0.714286,0.521739,0.666667,0.564356,0.717172,0.60177,0.724138,0.653061,0.676471,0.583333,0.548077,0.680412,0.669903,0.52381,0.6,0.540816,0.627451,0.58,0.48,0.614583,0.557692,0.604167,0.634615,0.589474,0.638095,0.612245,0.617647,0.639175,0.650485,0.663158,0.495238,0.580357,0.602273,0.647619,0.715789,0.509259,0.554348,0.574468,0.584906,0.604396,0.651376,0.563636,0.555556,0.644444,0.554545,0.558824,0.591837,0.657143,0.589474,0.621622,0.516854,0.574257,0.666667,0.636364,0.693069,
74600,0.566667,0.636364,0.612903,0.570093,0.64,0.62,0.609524,0.589474,0.553571,0.659091,0.513761,0.626374,0.610526,0.628571,0.669811,0.574468,0.574074,0.543478,0.586957,0.518519,0.679245,0.648936,0.670213,0.641509,0.616822,0.634409,0.673267,0.505051,0.56,0.59,0.5,0.548077,0.51,0.62,0.527473,0.587156,0.571429,0.669725,0.59292,0.609195,0.542056,0.55914,0.605505,0.637363,0.554348,0.601852,0.538462,0.752294,0.666667,0.627273,0.53913,0.6,0.61,0.68,0.529412,0.5,0.606061,0.524752,0.583333,0.519231,0.546296,0.641304,0.569892,0.682243,0.57732,0.68932,0.610619,0.632184,0.578431,0.469388,0.548387,0.588785,0.6875,0.634615,0.639175,0.553398,0.527273,0.577778,0.513514,0.719101,0.55914,0.588785,0.510204,0.54902,0.514851,0.636364,0.541667,0.605769,0.583333,0.637931,0.663462,0.6875,0.51,0.58,0.552083,0.567308,0.642202,0.582418,0.578947,0.666667,
74800,0.674157,0.612613,0.648649,0.52809,0.63,0.55,0.612903,0.672897,0.62,0.49,0.592233,0.639175,0.544643,0.568182,0.636364,0.584158,0.596491,0.581395,0.592593,0.608696,0.515152,0.653465,0.660714,0.670455,0.679245,0.531915,0.466019,0.639175,0.646465,0.752475,0.586538,0.635417,0.615385,0.697248,0.548673,0.632184,0.572816,0.731959,0.587629,0.533981,0.557895,0.542857,0.652632,0.552381,0.588785,0.569892,0.616822,0.548387,0.49505,0.737374,0.626506,0.641026,0.65,0.66,0.639535,0.614035,0.63,0.63,0.62069,0.610619,0.625,0.71875,0.632184,0.663717,0.55914,0.635514,0.666667,0.616822,0.590476,0.6,0.53211,0.538462,0.542857,0.547368,0.604167,0.490385,0.641304,0.62037,0.552083,0.605769,0.615385,0.513761,0.6,0.6,0.603604,0.449438,0.547368,0.733333,0.53913,0.611765,0.585106,0.660377,0.61,0.62,0.586957,0.527778,0.62,0.5,0.580952,0.621053,
75000,0.56701,0.533981,0.532609,0.555556,0.595506,0.576577,0.568627,0.612245,0.62037,0.565217,0.652174,0.670588,0.553398,0.56701,0.588235,0.673469,0.574468,0.632075,0.574468,0.54717,0.607477,0.655914,0.56044,0.651376,0.633333,0.672727,0.626087,0.717647,0.594059,0.686869,0.632075,0.62766,0.567308,0.666667,0.545455,0.511111,0.598039,0.612245,0.635514,0.655914,0.646018,0.632184,0.641304,0.62963,0.51,0.62,0.597701,0.610619,0.505495,0.66055,0.590476,0.642105,0.63,0.75,0.622449,0.578431,0.59596,0.514851,0.65,0.58,0.59596,0.643564,0.616162,0.594059,0.616071,0.568182,0.5,0.586538,0.58,0.54,0.54,0.65,0.666667,0.712871,0.631579,0.542857,0.642105,0.571429,0.721154,0.604167,0.633663,0.545455,0.724771,0.505495,0.56701,0.592233,0.523364,0.677419,0.583333,0.692308,0.674242,0.573529,0.584071,0.551724,0.62,0.58,0.61165,0.639175,0.602041,0.656863,
75200,0.57732,0.640777,0.533981,0.628866,0.56701,0.475728,0.681818,0.644444,0.582524,0.608247,0.547826,0.635294,0.578431,0.581633,0.524272,0.680412,0.608696,0.592593,0.54717,0.702128,0.576923,0.604167,0.591837,0.558824,0.602041,0.607843,0.625,0.579545,0.69,0.6,0.568421,0.571429,0.591837,0.676471,0.655172,0.584071,0.549451,0.688073,0.518519,0.576087,0.614583,0.557692,0.538462,0.486239,0.546392,0.601942,0.568807,0.637363,0.54023,0.575221,0.5625,0.613636,0.575758,0.722772,0.58,0.65,0.594059,0.616162,0.569892,0.523364,0.578947,0.6,0.621359,0.597938,0.626263,0.613861,0.565657,0.60396,0.593407,0.550459,0.542553,0.528302,0.638095,0.631579,0.571429,0.587156,0.516949,0.646341,0.568627,0.581633,0.614679,0.538462,0.616279,0.54386,0.545455,0.643564,0.7,0.5625,0.619565,0.574074,0.666667,0.571429,0.573034,0.666667,0.608247,0.553398,0.571429,0.589474,0.568421,0.52381,
75400,0.572917,0.673077,0.520408,0.54902,0.52,0.49,0.622449,0.647059,0.663043,0.490741,0.648936,0.669811,0.62766,0.537736,0.645161,0.700935,0.682243,0.623656,0.617021,0.556604,0.54,0.65,0.543689,0.587629,0.6,0.66,0.52381,0.578947,0.650943,0.62766,0.62,0.6,0.632184,0.681416,0.597938,0.631068,0.698925,0.691589,0.631068,0.597938,0.623853,0.725275,0.622449,0.676471,0.524752,0.626263,0.545455,0.50495,0.546392,0.592233,0.616162,0.643564,0.573034,0.585586,0.580247,0.613445,0.594059,0.69697,0.558824,0.540816,0.619565,0.648148,0.623853,0.582418,0.650943,0.606383,0.54,0.59,0.613208,0.606383,0.529412,0.608696,0.567308,0.635417,0.58,0.57,0.616162,0.613861,0.591837,0.568627,0.60177,0.448276,0.669903,0.639175,0.51087,0.583333,0.771429,0.642105,0.574257,0.59596,0.617647,0.571429,0.616162,0.554455,0.571429,0.598039,0.619565,0.518519,0.521739,0.601852,
75600,0.652174,0.583333,0.688172,0.588785,0.597826,0.518519,0.568807,0.56044,0.608247,0.592233,0.672897,0.623656,0.549451,0.577982,0.728261,0.62037,0.663462,0.65625,0.554455,0.656566,0.514019,0.655914,0.631579,0.638095,0.643564,0.59596,0.575472,0.553191,0.619048,0.621053,0.641304,0.537037,0.558824,0.581633,0.585859,0.673267,0.608247,0.660194,0.628866,0.640777,0.59434,0.553191,0.57732,0.543689,0.603604,0.494382,0.679245,0.62766,0.583333,0.652174,0.646552,0.714286,0.585106,0.641509,0.653061,0.529412,0.55,0.65,0.659794,0.640777,0.66,0.59,0.618182,0.566667,0.639175,0.669903,0.59596,0.653465,0.67,0.53,0.585859,0.623762,0.617391,0.611765,0.607477,0.516129,0.555556,0.654545,0.525773,0.776699,0.555556,0.645455,0.584158,0.616162,0.591837,0.460784,0.684211,0.697674,0.59,0.68,0.557895,0.571429,0.556701,0.631068,0.576923,0.53125,0.683673,0.578431,0.596491,0.546512,
75800,0.651163,0.614035,0.525253,0.564356,0.590909,0.7,0.682692,0.677083,0.635514,0.580645,0.625,0.567308,0.631068,0.618557,0.646465,0.673267,0.649485,0.640777,0.652174,0.574074,0.571429,0.647059,0.642202,0.615385,0.578947,0.695238,0.574257,0.616162,0.703704,0.706522,0.643564,0.636364,0.695652,0.564815,0.702128,0.556604,0.638298,0.707547,0.645161,0.598131,0.59596,0.544554,0.653465,0.535354,0.611111,0.467391,0.690722,0.669903,0.475248,0.707071,0.552381,0.547368,0.633028,0.582418,0.512195,0.618644,0.544554,0.626263,0.647059,0.622449,0.636364,0.644444,0.637255,0.602041,0.515152,0.643564,0.535354,0.643564,0.494949,0.554455,0.705882,0.591304,0.6875,0.586538,0.652632,0.580952,0.482143,0.511364,0.614583,0.567308,0.556701,0.669903,0.651376,0.659341,0.542553,0.613208,0.586957,0.62963,0.610526,0.685714,0.628571,0.621053,0.642202,0.648352,0.578431,0.581633,0.530612,0.578431,0.613861,0.484848,
76000,0.670588,0.626087,0.601852,0.554348,0.539216,0.561224,0.614583,0.596154,0.672897,0.516129,0.728261,0.537037,0.591837,0.578431,0.656566,0.673267,0.626168,0.612903,0.50495,0.606061,0.598039,0.663265,0.627451,0.632653,0.648649,0.640449,0.61165,0.618557,0.592233,0.628866,0.542857,0.569231,0.643564,0.575758,0.571429,0.676471,0.505051,0.584158,0.569767,0.578947,0.552381,0.557895,0.621053,0.638095,0.608247,0.572816,0.694737,0.609524,0.573034,0.738739,0.638889,0.695652,0.588235,0.653061,0.59375,0.576923,0.631068,0.670103,0.590476,0.578947,0.578947,0.604651,0.647059,0.632653,0.634409,0.616822,0.536842,0.657143,0.595506,0.45045,0.679612,0.71134,0.575758,0.50495,0.68,0.63,0.597826,0.546296,0.6,0.6,0.520833,0.596154,0.571429,0.663158,0.571429,0.598039,0.647059,0.5,0.534653,0.646465,0.607477,0.537634,0.553398,0.556701,0.604167,0.586538,0.567308,0.739583,0.611111,0.597826,
76200,0.625,0.572917,0.632653,0.647059,0.606061,0.465347,0.52381,0.578947,0.627451,0.591837,0.563636,0.666667,0.514286,0.6,0.489362,0.603774,0.532609,0.611111,0.673684,0.638095,0.541667,0.644231,0.645455,0.566667,0.616162,0.633663,0.634615,0.604167,0.56701,0.650485,0.694737,0.695238,0.590476,0.673684,0.584906,0.62766,0.535714,0.625,0.608247,0.621359,0.618557,0.61165,0.636364,0.544444,0.566372,0.563218,0.547368,0.619048,0.533333,0.568421,0.659574,0.698113,0.666667,0.642105,0.565657,0.643564,0.62037,0.554348,0.541667,0.567308,0.520408,0.637255,0.650602,0.598291,0.587629,0.582524,0.618557,0.68932,0.52809,0.603604,0.585859,0.534653,0.688172,0.542056,0.663043,0.574074,0.563107,0.618557,0.494845,0.61165,0.557692,0.59375,0.648936,0.603774,0.525773,0.699029,0.601942,0.649485,0.632653,0.656863,0.67,0.51,0.622449,0.647059,0.579545,0.607143,0.611765,0.591304,0.566667,0.554545,
76400,0.616071,0.659091,0.515152,0.554455,0.616822,0.580645,0.717172,0.60396,0.555556,0.545455,0.623762,0.686869,0.581633,0.509804,0.495327,0.655914,0.631068,0.659794,0.458333,0.528846,0.571429,0.607843,0.618557,0.592233,0.689655,0.628319,0.613861,0.565657,0.663462,0.572917,0.603774,0.489362,0.754717,0.62766,0.708333,0.548077,0.694444,0.608696,0.571429,0.509804,0.673267,0.545455,0.582524,0.525773,0.578947,0.662791,0.505051,0.584158,0.615385,0.623853,0.588235,0.602041,0.638095,0.589474,0.526882,0.588785,0.602151,0.579439,0.451923,0.614583,0.604167,0.567308,0.592233,0.587629,0.637168,0.551724,0.56701,0.601942,0.564815,0.586957,0.63,0.6,0.458716,0.582418,0.67619,0.547368,0.61165,0.587629,0.5,0.622449,0.632075,0.670213,0.456522,0.574074,0.617391,0.505882,0.639175,0.650485,0.564356,0.59596,0.645833,0.644231,0.596154,0.625,0.574713,0.619469,0.43299,0.660194,0.568627,0.55102,
76600,0.516129,0.598131,0.561905,0.621053,0.539326,0.522523,0.636364,0.584158,0.677419,0.560748,0.666667,0.494737,0.606742,0.558559,0.641509,0.617021,0.617647,0.561224,0.509434,0.62766,0.576923,0.59375,0.525253,0.564356,0.526882,0.663551,0.570093,0.537634,0.556701,0.631068,0.581633,0.578431,0.612903,0.588785,0.585859,0.584158,0.569892,0.579439,0.547368,0.533333,0.646465,0.653465,0.672897,0.591398,0.631068,0.525773,0.707317,0.661017,0.447619,0.652632,0.549451,0.633028,0.515152,0.584158,0.576087,0.592593,0.638298,0.669811,0.623656,0.551402,0.632075,0.680851,0.61,0.57,0.62069,0.663717,0.479592,0.470588,0.543689,0.536082,0.663636,0.577778,0.630631,0.550562,0.642105,0.561905,0.604396,0.541284,0.677083,0.663462,0.659574,0.603774,0.638095,0.547368,0.592593,0.565217,0.610526,0.628571,0.59375,0.673077,0.651376,0.56044,0.607843,0.571429,0.633929,0.602273,0.57732,0.553398,0.686869,0.584158,
76800,0.580645,0.64486,0.547826,0.705882,0.596154,0.5625,0.627273,0.522222,0.567308,0.552083,0.63,0.64,0.643564,0.555556,0.53125,0.634615,0.597938,0.601942,0.633333,0.609091,0.511364,0.678571,0.568627,0.632653,0.694118,0.721739,0.683673,0.715686,0.688172,0.775701,0.6875,0.644231,0.645161,0.588785,0.64,0.56,0.669903,0.680412,0.679612,0.556701,0.56044,0.587156,0.686047,0.552632,0.528846,0.625,0.550562,0.612613,0.453488,0.640351,0.621053,0.666667,0.706522,0.62963,0.615385,0.572917,0.534091,0.5625,0.588889,0.518182,0.533981,0.628866,0.643564,0.606061,0.54902,0.612245,0.585106,0.622642,0.64,0.49,0.659574,0.641509,0.6,0.571429,0.72,0.61,0.57,0.69,0.631068,0.649485,0.735632,0.513274,0.554455,0.585859,0.491228,0.593023,0.588235,0.77551,0.619048,0.610526,0.646465,0.613861,0.568421,0.590476,0.682353,0.530435,0.577982,0.582418,0.589474,0.514286,
77000,0.601942,0.556701,0.628866,0.631068,0.571429,0.526316,0.6,0.589474,0.635417,0.653846,0.59322,0.670732,0.683168,0.575758,0.757895,0.685714,0.669725,0.67033,0.53,0.62,0.59596,0.683168,0.645833,0.701923,0.670103,0.669903,0.531915,0.603774,0.540541,0.494382,0.459184,0.578431,0.382979,0.471698,0.575758,0.594059,0.548077,0.604167,0.571429,0.5,0.606383,0.584906,0.563636,0.566667,0.51087,0.648148,0.525253,0.574257,0.565657,0.623762,0.673913,0.638889,0.65,0.6,0.597938,0.533981,0.535714,0.613636,0.598131,0.645161,0.623656,0.579439,0.630435,0.62037,0.607843,0.581633,0.527273,0.511111,0.666667,0.616279,0.651163,0.587719,0.586957,0.62037,0.605505,0.571429,0.555556,0.643564,0.638889,0.695652,0.595745,0.584906,0.58,0.54,0.527778,0.597826,0.65625,0.644231,0.626263,0.613861,0.646465,0.594059,0.62,0.61,0.618557,0.504854,0.640777,0.618557,0.622449,0.696078,
77200,0.628866,0.631068,0.639175,0.543689,0.604167,0.548077,0.572816,0.649485,0.609524,0.631579,0.522727,0.553571,0.573034,0.603604,0.688172,0.719626,0.657143,0.515789,0.55814,0.684211,0.580357,0.602273,0.734043,0.584906,0.732558,0.649123,0.621359,0.536082,0.666667,0.608696,0.588235,0.632653,0.57732,0.495146,0.641304,0.527778,0.505051,0.574257,0.60177,0.643678,0.686275,0.55102,0.596154,0.59375,0.58,0.62,0.680412,0.61165,0.456311,0.56701,0.604167,0.644231,0.538462,0.645833,0.612245,0.578431,0.519231,0.625,0.532609,0.509259,0.666667,0.634615,0.68,0.61,0.623762,0.59596,0.608247,0.650485,0.647059,0.540816,0.547619,0.5,0.615385,0.59633,0.686275,0.520408,0.636364,0.653465,0.59,0.68,0.619565,0.648148,0.653846,0.645833,0.538462,0.572917,0.63,0.61,0.557692,0.583333,0.606061,0.623762,0.543478,0.638889,0.61165,0.628866,0.628571,0.757895,0.642105,0.514286,
77400,0.672727,0.633333,0.534653,0.626263,0.580645,0.579439,0.63,0.61,0.684211,0.561905,0.635417,0.644231,0.566372,0.563218,0.606383,0.584906,0.606383,0.660377,0.575758,0.554455,0.587629,0.679612,0.698925,0.598131,0.648352,0.633028,0.536364,0.6,0.617021,0.669811,0.543689,0.618557,0.628571,0.578947,0.616162,0.60396,0.593407,0.669725,0.64,0.54,0.605769,0.479167,0.59596,0.554455,0.650485,0.608247,0.625,0.75,0.52381,0.547368,0.6,0.694737,0.568807,0.725275,0.530612,0.558824,0.610526,0.657143,0.484536,0.524272,0.663636,0.588889,0.633663,0.575758,0.680412,0.592233,0.6,0.7,0.607843,0.520408,0.630631,0.629213,0.62,0.52,0.690909,0.533333,0.62037,0.630435,0.613208,0.617021,0.586777,0.531646,0.575221,0.666667,0.605505,0.637363,0.581633,0.598039,0.549451,0.568807,0.58,0.6,0.653061,0.558824,0.64,0.59,0.685714,0.610526,0.580952,0.589474,
77600,0.62,0.65,0.571429,0.651376,0.557895,0.590476,0.666667,0.505618,0.603604,0.595506,0.602041,0.578431,0.652632,0.628571,0.6,0.666667,0.714286,0.54902,0.576923,0.59375,0.630435,0.62963,0.616822,0.548387,0.673077,0.635417,0.544554,0.606061,0.535354,0.653465,0.530973,0.482759,0.540816,0.54902,0.549451,0.605505,0.682927,0.644068,0.635417,0.596154,0.619048,0.578947,0.59596,0.594059,0.625,0.590909,0.565217,0.657407,0.607477,0.602151,0.648352,0.623853,0.741071,0.511364,0.576577,0.58427,0.572917,0.576923,0.617647,0.530612,0.616822,0.612903,0.585859,0.633663,0.621359,0.587629,0.584071,0.54023,0.540816,0.647059,0.615385,0.583333,0.663717,0.632184,0.653846,0.625,0.61157,0.632911,0.615385,0.59375,0.543689,0.690722,0.585106,0.575472,0.575758,0.613861,0.5625,0.613636,0.657143,0.652632,0.723404,0.603774,0.51,0.53,0.674157,0.612613,0.603774,0.702128,0.652632,0.647619,
77800,0.693694,0.595506,0.607477,0.602151,0.663366,0.666667,0.636364,0.625,0.510417,0.625,0.448598,0.731183,0.554545,0.588889,0.588785,0.645161,0.649485,0.650485,0.714286,0.617647,0.669811,0.670213,0.521739,0.62963,0.7,0.58,0.616071,0.636364,0.633028,0.648352,0.663717,0.563218,0.571429,0.54902,0.719626,0.580645,0.588889,0.690909,0.669811,0.56383,0.734694,0.5,0.655556,0.545455,0.608247,0.631068,0.627451,0.663265,0.576923,0.6875,0.678571,0.636364,0.505618,0.666667,0.586957,0.583333,0.688073,0.582418,0.634615,0.520833,0.565657,0.653465,0.694737,0.67619,0.64486,0.602151,0.589286,0.625,0.614583,0.528846,0.650943,0.595745,0.626263,0.623762,0.679612,0.556701,0.617647,0.602041,0.480392,0.540816,0.663158,0.571429,0.621053,0.695238,0.5,0.676471,0.627273,0.522222,0.613208,0.606383,0.654206,0.591398,0.61,0.61,0.598039,0.581633,0.610526,0.695238,0.596154,0.583333,
78000,0.663265,0.54902,0.612613,0.595506,0.557895,0.638095,0.673077,0.59375,0.634615,0.541667,0.569892,0.64486,0.652632,0.571429,0.585859,0.633663,0.55,0.65,0.555556,0.706522,0.547368,0.657143,0.6,0.645455,0.64,0.64,0.696629,0.567568,0.580645,0.579439,0.675439,0.569767,0.57732,0.504854,0.656566,0.623762,0.605769,0.677083,0.57732,0.631068,0.630435,0.601852,0.614679,0.582418,0.569892,0.560748,0.567308,0.59375,0.548387,0.626168,0.679245,0.606383,0.6,0.681818,0.59,0.62,0.616162,0.564356,0.582418,0.605505,0.579439,0.688172,0.648649,0.58427,0.672897,0.55914,0.584906,0.606383,0.591304,0.588235,0.613208,0.638298,0.6,0.571429,0.594059,0.575758,0.553191,0.650943,0.658824,0.591304,0.632653,0.627451,0.48,0.69,0.494118,0.547826,0.72381,0.684211,0.617391,0.658824,0.691589,0.526882,0.651786,0.636364,0.594059,0.575758,0.584906,0.670213,0.738095,0.603448,
78200,0.644231,0.614583,0.542056,0.655914,0.66,0.56,0.585106,0.603774,0.511111,0.618182,0.587629,0.631068,0.494845,0.543689,0.611111,0.690909,0.55102,0.637255,0.490196,0.591837,0.539216,0.561224,0.59375,0.586538,0.666667,0.653465,0.662651,0.675214,0.541667,0.586538,0.677419,0.654206,0.625,0.659091,0.666667,0.55102,0.692308,0.604167,0.682243,0.462366,0.602041,0.617647,0.605505,0.615385,0.622642,0.56383,0.598131,0.655914,0.548077,0.625,0.543689,0.56701,0.631068,0.670103,0.633663,0.555556,0.653465,0.565657,0.572816,0.57732,0.698925,0.663551,0.54023,0.584071,0.632184,0.610619,0.510417,0.673077,0.595506,0.540541,0.527778,0.673913,0.618557,0.640777,0.584158,0.575758,0.632653,0.509804,0.598039,0.72449,0.67,0.6,0.686869,0.564356,0.570175,0.55814,0.542553,0.641509,0.648936,0.650943,0.587156,0.527473,0.556701,0.631068,0.626168,0.612903,0.611111,0.554545,0.670103,0.601942,
78400,0.693069,0.666667,0.650943,0.521277,0.626263,0.594059,0.718447,0.587629,0.56701,0.553398,0.567568,0.595506,0.547368,0.514286,0.577982,0.571429,0.638889,0.619565,0.521277,0.575472,0.62,0.66,0.583333,0.625,0.6,0.684211,0.650485,0.56701,0.617647,0.510204,0.617021,0.632075,0.704762,0.652632,0.576923,0.583333,0.441176,0.622449,0.644231,0.520833,0.545455,0.522222,0.570175,0.593023,0.626374,0.550459,0.633333,0.618182,0.54717,0.691489,0.644444,0.627273,0.607843,0.581633,0.523364,0.537634,0.663366,0.606061,0.627451,0.510204,0.557895,0.590476,0.565657,0.524752,0.636364,0.673267,0.57732,0.61165,0.598039,0.561224,0.572917,0.673077,0.586538,0.666667,0.542857,0.536842,0.673469,0.558824,0.524272,0.587629,0.552632,0.581395,0.606061,0.623762,0.5,0.630435,0.549451,0.724771,0.485714,0.631579,0.617021,0.603774,0.556604,0.702128,0.570093,0.537634,0.617021,0.660377,0.61165,0.742268,
78600,0.648352,0.541284,0.614583,0.538462,0.702128,0.537736,0.641304,0.583333,0.550562,0.459459,0.585586,0.640449,0.609524,0.663158,0.59322,0.768293,0.625,0.666667,0.563107,0.56701,0.551724,0.619048,0.567568,0.674157,0.654206,0.580645,0.56701,0.533981,0.648148,0.543478,0.615385,0.552083,0.533981,0.536082,0.543689,0.639175,0.473684,0.685714,0.607477,0.537634,0.612903,0.551402,0.623762,0.646465,0.6,0.55,0.628571,0.547368,0.61,0.62,0.524752,0.676768,0.576471,0.704348,0.529412,0.622449,0.623853,0.637363,0.570093,0.55914,0.663366,0.636364,0.56383,0.613208,0.594595,0.573034,0.554455,0.616162,0.597938,0.533981,0.54902,0.632653,0.566038,0.648936,0.684685,0.617978,0.564356,0.59596,0.627451,0.653061,0.572816,0.618557,0.623762,0.676768,0.549451,0.550459,0.571429,0.642105,0.587629,0.592233,0.676768,0.534653,0.520408,0.735294,0.621053,0.571429,0.692308,0.604167,0.686275,0.581633,
78800,0.586538,0.59375,0.579832,0.592593,0.576923,0.552083,0.603774,0.62766,0.637255,0.591837,0.641509,0.56383,0.604396,0.559633,0.601942,0.690722,0.634409,0.588785,0.52381,0.578947,0.574074,0.641304,0.63,0.55,0.59596,0.584158,0.627907,0.596491,0.57732,0.514563,0.614583,0.528846,0.714286,0.642105,0.625,0.666667,0.679612,0.546392,0.548673,0.609195,0.59596,0.564356,0.596154,0.572917,0.584906,0.531915,0.587156,0.472527,0.452174,0.6,0.546392,0.631068,0.636364,0.663366,0.601942,0.546392,0.62037,0.652174,0.633028,0.648352,0.677083,0.692308,0.587156,0.582418,0.641509,0.62766,0.55102,0.666667,0.693182,0.571429,0.505155,0.514563,0.669811,0.585106,0.727273,0.594059,0.638095,0.652632,0.53,0.63,0.584158,0.515152,0.591398,0.551402,0.55102,0.607843,0.638298,0.641509,0.581395,0.596491,0.71875,0.596154,0.581395,0.587719,0.583333,0.565217,0.634409,0.626168,0.627451,0.612245,
79000,0.701031,0.699029,0.591398,0.654206,0.657143,0.547368,0.677778,0.627273,0.58427,0.558559,0.528846,0.59375,0.625,0.557692,0.645161,0.635514,0.688172,0.598131,0.519231,0.5625,0.60396,0.727273,0.71028,0.709677,0.6,0.555556,0.625,0.596154,0.659341,0.724771,0.673077,0.666667,0.609524,0.652632,0.505495,0.59633,0.5,0.62766,0.542857,0.515789,0.670103,0.631068,0.651376,0.659341,0.478723,0.613208,0.606061,0.584158,0.528846,0.666667,0.625,0.647727,0.679245,0.691489,0.612613,0.550562,0.660194,0.57732,0.634615,0.666667,0.634409,0.700935,0.564356,0.555556,0.584158,0.565657,0.58,0.57,0.565657,0.633663,0.693878,0.607843,0.555556,0.619565,0.630952,0.603448,0.58,0.62,0.54955,0.674157,0.626168,0.666667,0.594595,0.651685,0.514286,0.568421,0.60396,0.505051,0.61,0.67,0.638298,0.584906,0.636364,0.644444,0.602041,0.578431,0.55102,0.578431,0.666667,0.623762,
79200,0.62766,0.622642,0.666667,0.543103,0.589286,0.511364,0.588235,0.622449,0.552083,0.605769,0.648148,0.652174,0.65625,0.653846,0.571429,0.602273,0.61,0.65,0.504762,0.652632,0.57732,0.660194,0.568627,0.561224,0.735294,0.602041,0.616162,0.60396,0.544444,0.645455,0.707547,0.56383,0.673913,0.601852,0.598291,0.566265,0.62766,0.660377,0.673077,0.520833,0.628571,0.6,0.575758,0.554455,0.463158,0.580952,0.586538,0.71875,0.525253,0.534653,0.564706,0.66087,0.590476,0.652632,0.581633,0.568627,0.529915,0.662651,0.626263,0.60396,0.701923,0.6875,0.522222,0.654545,0.633663,0.616162,0.44,0.56,0.514851,0.626263,0.494624,0.607477,0.54902,0.653061,0.631068,0.546392,0.543478,0.583333,0.560748,0.677419,0.714286,0.556818,0.55914,0.457944,0.528846,0.5625,0.564103,0.674699,0.655172,0.566372,0.669725,0.692308,0.549451,0.688073,0.582609,0.647059,0.576923,0.552083,0.601852,0.521739,
79400,0.590476,0.568421,0.565217,0.529412,0.705263,0.657143,0.6,0.58,0.643678,0.566372,0.579439,0.741935,0.642857,0.72549,0.628866,0.61165,0.625,0.614583,0.55814,0.570175,0.635417,0.721154,0.594059,0.585859,0.626168,0.655914,0.623762,0.59596,0.544554,0.626263,0.650943,0.542553,0.522936,0.604396,0.556604,0.595745,0.61165,0.525773,0.666667,0.530612,0.578431,0.571429,0.656863,0.510204,0.627451,0.530612,0.534884,0.684211,0.584158,0.535354,0.637363,0.605505,0.635417,0.663462,0.61165,0.56701,0.60396,0.575758,0.598131,0.591398,0.616822,0.645161,0.643564,0.626263,0.659574,0.669811,0.546392,0.601942,0.622449,0.529412,0.628571,0.557895,0.57732,0.631068,0.662921,0.585586,0.615385,0.625,0.534653,0.686869,0.625,0.613636,0.615385,0.552083,0.571429,0.568421,0.609524,0.663158,0.618644,0.621951,0.636364,0.623762,0.67,0.64,0.65625,0.644231,0.605769,0.5625,0.621359,0.587629,
79600,0.610619,0.632184,0.62,0.56,0.568807,0.483516,0.546392,0.61165,0.666667,0.560748,0.606061,0.683168,0.575472,0.691489,0.663551,0.72043,0.605769,0.65625,0.633663,0.616162,0.5,0.56383,0.634615,0.635417,0.611111,0.717391,0.625,0.642857,0.576923,0.59375,0.6875,0.596154,0.666667,0.58427,0.543689,0.71134,0.6,0.580952,0.573913,0.482353,0.626168,0.602151,0.575221,0.586207,0.615385,0.550459,0.550459,0.692308,0.567308,0.635417,0.572727,0.611111,0.590476,0.557895,0.610526,0.542857,0.571429,0.621053,0.579439,0.408602,0.575758,0.623762,0.57,0.58,0.606061,0.623762,0.62766,0.632075,0.61,0.62,0.538462,0.666667,0.604167,0.548077,0.663158,0.580952,0.57,0.64,0.579439,0.677419,0.62766,0.537736,0.6,0.6,0.424528,0.5,0.590476,0.621053,0.616162,0.732673,0.635514,0.516129,0.595506,0.648649,0.578431,0.510204,0.587629,0.601942,0.618557,0.553398,
79800,0.607843,0.591837,0.598214,0.602273,0.576923,0.458333,0.654545,0.655556,0.569892,0.53271,0.697917,0.586538,0.596154,0.59375,0.5625,0.625,0.70297,0.626263,0.588889,0.609091,0.521739,0.722222,0.642202,0.67033,0.734694,0.578431,0.617021,0.650943,0.622642,0.595745,0.584906,0.617021,0.535354,0.623762,0.585106,0.641509,0.622642,0.585106,0.504854,0.536082,0.636364,0.524752,0.53271,0.655914,0.568627,0.581633,0.610526,0.638095,0.574257,0.676768,0.646465,0.594059,0.587629,0.563107,0.59375,0.586538,0.589286,0.579545,0.609524,0.589474,0.652632,0.638095,0.494624,0.64486,0.673684,0.609524,0.553191,0.603774,0.59434,0.542553,0.591304,0.623529,0.60396,0.505051,0.670103,0.553398,0.57,0.63,0.525773,0.631068,0.510638,0.603774,0.654206,0.55914,0.555556,0.527273,0.658824,0.626087,0.59633,0.714286,0.68,0.54,0.654545,0.644444,0.559633,0.604396,0.53271,0.548387,0.519608,0.571429,
80000,0.633663,0.626263,0.570093,0.569892,0.556701,0.475728,0.576577,0.595506,0.582418,0.46789,0.632075,0.702128,0.590476,0.6,0.545455,0.623762,0.645833,0.557692,0.470588,0.581633,0.556701,0.621359,0.67,0.68,0.660194,0.649485,0.639175,0.533981,0.517544,0.569767,0.484848,0.60396,0.484848,0.623762,0.608247,0.592233,0.613636,0.625,0.564356,0.474747,0.571429,0.66055,0.666667,0.480769,0.538462,0.520833,0.615385,0.666667,0.582524,0.556701,0.53271,0.655914,0.649123,0.569767,0.567568,0.651685,0.659794,0.485437,0.509615,0.583333,0.616162,0.633663,0.663462,0.510417,0.462366,0.588785,0.55914,0.635514,0.657407,0.532609,0.682692,0.635417,0.558824,0.591837,0.676768,0.623762,0.555556,0.619565,0.634615,0.572917,0.592593,0.565217,0.666667,0.586957,0.56701,0.621359,0.650943,0.531915,0.525773,0.572816,0.644231,0.510417,0.568807,0.648352,0.646465,0.574257,0.524752,0.646465,0.617391,0.588235,
80200,0.640777,0.71134,0.649485,0.61165,0.583333,0.528846,0.673469,0.607843,0.592593,0.706522,0.519231,0.635417,0.653465,0.656566,0.524272,0.618557,0.616822,0.580645,0.494624,0.682243,0.53125,0.692308,0.556701,0.592233,0.63,0.61,0.659574,0.632075,0.561905,0.631579,0.571429,0.627451,0.587719,0.593023,0.61,0.57,0.519231,0.677083,0.617978,0.63964,0.630435,0.564815,0.518519,0.586957,0.731959,0.582524,0.588235,0.608696,0.545455,0.598214,0.549451,0.642202,0.565217,0.675926,0.553398,0.608247,0.76,0.57,0.604167,0.509615,0.57,0.7,0.605769,0.541667,0.635514,0.569892,0.540541,0.617978,0.574468,0.603774,0.5625,0.605769,0.621053,0.580952,0.623762,0.626263,0.56383,0.566038,0.62766,0.641509,0.648936,0.566038,0.607843,0.561224,0.471698,0.542553,0.575758,0.60396,0.571429,0.637255,0.627451,0.581633,0.663366,0.616162,0.616822,0.612903,0.556701,0.650485,0.539474,0.58871,
80400,0.68,0.65,0.566038,0.648936,0.694737,0.552381,0.638889,0.619565,0.581633,0.598039,0.663265,0.705882,0.602273,0.598214,0.59375,0.548077,0.659794,0.582524,0.606742,0.63964,0.62766,0.584906,0.602041,0.54902,0.625,0.65625,0.561224,0.656863,0.60396,0.626263,0.542056,0.677419,0.516129,0.663551,0.538462,0.625,0.688889,0.6,0.638298,0.518868,0.587629,0.582524,0.597938,0.543689,0.521277,0.584906,0.575221,0.62069,0.488636,0.589286,0.638889,0.717391,0.53,0.66,0.617021,0.481132,0.609524,0.547368,0.707547,0.531915,0.564356,0.626263,0.518519,0.684783,0.666667,0.645455,0.612245,0.676471,0.580952,0.494737,0.579545,0.607143,0.643564,0.616162,0.644231,0.510417,0.47619,0.547368,0.527273,0.611111,0.646465,0.584158,0.682353,0.547826,0.548077,0.645833,0.578431,0.632653,0.573034,0.63964,0.565217,0.62963,0.630631,0.606742,0.606383,0.650943,0.571429,0.669725,0.659794,0.601942,
80600,0.584906,0.659574,0.666667,0.622449,0.561798,0.612613,0.636364,0.642857,0.637255,0.561224,0.606383,0.603774,0.558824,0.510204,0.659574,0.528302,0.763441,0.654206,0.621622,0.629213,0.543689,0.608247,0.731183,0.672897,0.677083,0.615385,0.575758,0.70297,0.59596,0.693069,0.65,0.52,0.613861,0.616162,0.648352,0.697248,0.510417,0.596154,0.582418,0.550459,0.634615,0.583333,0.606061,0.564356,0.534091,0.571429,0.505495,0.669725,0.543689,0.608247,0.638655,0.592593,0.586538,0.583333,0.636364,0.544554,0.703297,0.623853,0.56044,0.449541,0.570093,0.709677,0.616822,0.612903,0.609524,0.673684,0.527778,0.576087,0.605769,0.604167,0.670732,0.550847,0.60396,0.616162,0.673469,0.568627,0.62931,0.666667,0.580357,0.681818,0.584158,0.545455,0.566038,0.648936,0.444444,0.590909,0.595745,0.660377,0.524272,0.608247,0.692308,0.513761,0.587629,0.650485,0.602041,0.558824,0.657658,0.58427,0.65625,0.586538,
80800,0.669811,0.606383,0.521739,0.62963,0.676471,0.581633,0.65,0.66,0.72549,0.642857,0.622222,0.590909,0.590909,0.625,0.484536,0.563107,0.611111,0.652174,0.641509,0.56383,0.638095,0.6,0.670213,0.566038,0.715909,0.625,0.582524,0.57732,0.633028,0.648352,0.591398,0.570093,0.576923,0.583333,0.605769,0.53125,0.568421,0.67619,0.473214,0.556818,0.519608,0.602041,0.533333,0.568421,0.49505,0.626263,0.586538,0.635417,0.561905,0.652632,0.541667,0.586538,0.62037,0.543478,0.643564,0.636364,0.622642,0.595745,0.654206,0.655914,0.590476,0.652632,0.52809,0.594595,0.609524,0.631579,0.589286,0.568182,0.619565,0.638889,0.7,0.581818,0.585106,0.613208,0.691589,0.494624,0.59375,0.663462,0.607477,0.602151,0.466667,0.589474,0.648936,0.641509,0.522936,0.516484,0.5,0.670213,0.651685,0.675676,0.554348,0.555556,0.618557,0.660194,0.592233,0.443299,0.566667,0.627273,0.602273,0.580357,
81000,0.592233,0.587629,0.6,0.590476,0.585106,0.575472,0.637255,0.632653,0.666667,0.53271,0.524752,0.545455,0.56701,0.61165,0.581818,0.655556,0.631579,0.569767,0.5,0.641304,0.601942,0.690722,0.68932,0.618557,0.598039,0.581633,0.608696,0.592593,0.564356,0.555556,0.574257,0.616162,0.726316,0.590476,0.584,0.56,0.598131,0.623656,0.527778,0.576087,0.509804,0.602041,0.631579,0.628571,0.574074,0.597826,0.701923,0.645833,0.619048,0.612069,0.595745,0.679245,0.642857,0.598039,0.630435,0.666667,0.614583,0.509615,0.612903,0.542056,0.686275,0.632653,0.561224,0.617647,0.737374,0.574257,0.6,0.590476,0.597938,0.543689,0.681818,0.533333,0.660194,0.463918,0.579439,0.569892,0.561224,0.588235,0.515464,0.563107,0.627451,0.632653,0.659574,0.603774,0.59,0.59,0.524272,0.639175,0.585106,0.660377,0.59,0.59,0.617021,0.632075,0.673267,0.494949,0.653061,0.637255,0.604396,0.587156,
81200,0.645833,0.673077,0.478261,0.583333,0.607477,0.677419,0.582418,0.59633,0.637255,0.663265,0.576923,0.666667,0.597826,0.611111,0.591398,0.691589,0.6,0.642105,0.613861,0.656566,0.697917,0.576923,0.616162,0.663366,0.571429,0.647059,0.659794,0.543689,0.57,0.71,0.673469,0.607843,0.59434,0.595745,0.533981,0.597938,0.598039,0.612245,0.633028,0.483516,0.692308,0.614583,0.646465,0.584158,0.630435,0.564815,0.576087,0.546296,0.588235,0.510204,0.560748,0.688172,0.574468,0.613208,0.638095,0.621053,0.572816,0.57732,0.566038,0.585106,0.656566,0.643564,0.623529,0.634783,0.656863,0.561224,0.55102,0.617647,0.525773,0.553398,0.57,0.56,0.571429,0.578431,0.602041,0.568627,0.644444,0.654545,0.604167,0.740385,0.5,0.73,0.730337,0.684685,0.564815,0.641304,0.634615,0.59375,0.616162,0.673267,0.7,0.56,0.52,0.6,0.63,0.62,0.576923,0.635417,0.631068,0.57732,
81400,0.731959,0.699029,0.6,0.561905,0.575758,0.623762,0.651163,0.622807,0.71134,0.572816,0.666667,0.530612,0.603774,0.542553,0.64,0.66,0.567308,0.572917,0.521739,0.601852,0.527273,0.655556,0.635417,0.557692,0.684685,0.516854,0.552083,0.625,0.560748,0.634409,0.626263,0.584158,0.666667,0.771739,0.663265,0.558824,0.586538,0.625,0.525253,0.564356,0.653465,0.646465,0.60396,0.636364,0.561224,0.607843,0.628571,0.610526,0.557895,0.609524,0.630435,0.648148,0.658824,0.617391,0.6,0.542857,0.632075,0.542553,0.556701,0.650485,0.71875,0.653846,0.59375,0.548077,0.629213,0.585586,0.693069,0.575758,0.568627,0.530612,0.572917,0.528846,0.64,0.61,0.690909,0.622222,0.590909,0.589286,0.591837,0.539216,0.546296,0.467391,0.656863,0.479592,0.545455,0.693069,0.690722,0.640777,0.627451,0.653061,0.590476,0.6,0.536082,0.660194,0.575758,0.554455,0.607843,0.55102,0.7,0.609091,
81600,0.603604,0.595506,0.571429,0.539216,0.650485,0.515464,0.495146,0.649485,0.607477,0.569892,0.63964,0.629213,0.623762,0.525253,0.586957,0.601852,0.69,0.64,0.655172,0.5,0.631579,0.695238,0.663158,0.6,0.673077,0.645833,0.640449,0.531532,0.577778,0.681818,0.657658,0.573034,0.702128,0.566038,0.666667,0.605769,0.575758,0.663366,0.686869,0.554455,0.657143,0.589474,0.59633,0.604396,0.6,0.463158,0.552083,0.721154,0.606061,0.594059,0.519608,0.612245,0.568807,0.659341,0.494624,0.495327,0.670455,0.580357,0.6,0.590476,0.596154,0.666667,0.533333,0.621053,0.605769,0.59375,0.632075,0.648936,0.656863,0.571429,0.594059,0.606061,0.587629,0.660194,0.611111,0.641304,0.625,0.604167,0.545455,0.584158,0.576923,0.5,0.521739,0.564815,0.504762,0.621053,0.678899,0.648352,0.532468,0.585366,0.601942,0.587629,0.579545,0.660714,0.57732,0.543689,0.575472,0.574468,0.56383,0.566038,
81800,0.561224,0.607843,0.614583,0.509615,0.563107,0.505155,0.646465,0.653465,0.59,0.6,0.53,0.56,0.662791,0.684211,0.675926,0.73913,0.641304,0.657407,0.60396,0.59596,0.572727,0.644444,0.64,0.63,0.701923,0.572917,0.588889,0.545455,0.606061,0.633663,0.588785,0.645161,0.61,0.58,0.655172,0.548673,0.554455,0.666667,0.60396,0.545455,0.66,0.52,0.611111,0.478261,0.5,0.581818,0.580952,0.663158,0.551402,0.591398,0.610526,0.609524,0.556818,0.6875,0.597938,0.650485,0.631068,0.536082,0.563107,0.587629,0.631579,0.628571,0.673469,0.588235,0.56,0.62,0.676768,0.722772,0.574074,0.597826,0.585586,0.640449,0.59375,0.586538,0.622222,0.572727,0.575221,0.609195,0.61,0.65,0.563107,0.649485,0.648148,0.608696,0.647059,0.62963,0.51,0.6,0.657407,0.554348,0.618557,0.553398,0.617647,0.673469,0.574257,0.585859,0.572816,0.659794,0.547368,0.609524,
82000,0.706522,0.62037,0.670103,0.563107,0.576923,0.65625,0.6,0.581818,0.679245,0.585106,0.694915,0.646341,0.682692,0.59375,0.573034,0.684685,0.623762,0.59596,0.606061,0.584158,0.585106,0.650943,0.565657,0.643564,0.653846,0.614583,0.568421,0.657143,0.597826,0.657407,0.606061,0.554455,0.557692,0.65625,0.637255,0.581633,0.595745,0.556604,0.627451,0.561224,0.516484,0.568807,0.610526,0.619048,0.548387,0.542056,0.523256,0.605263,0.529412,0.602041,0.656863,0.663265,0.6,0.789474,0.628571,0.631579,0.582524,0.556701,0.602273,0.616071,0.636364,0.714286,0.59292,0.609195,0.614583,0.663462,0.549451,0.715596,0.587156,0.571429,0.637255,0.591837,0.568421,0.609524,0.669903,0.505155,0.566667,0.563636,0.5625,0.653846,0.542553,0.613208,0.566372,0.551724,0.556701,0.621359,0.611111,0.609091,0.524272,0.639175,0.666667,0.6,0.644231,0.5,0.638889,0.521739,0.583333,0.652174,0.638095,0.610526,
82200,0.553191,0.603774,0.591398,0.616822,0.588785,0.612903,0.648352,0.623853,0.650602,0.675214,0.568807,0.681319,0.593407,0.614679,0.552083,0.625,0.55102,0.637255,0.602041,0.598039,0.56701,0.640777,0.770642,0.593407,0.705882,0.602041,0.635514,0.451613,0.616162,0.534653,0.632653,0.509804,0.509259,0.663043,0.598131,0.505376,0.631579,0.638095,0.576471,0.547826,0.595745,0.622642,0.617647,0.561224,0.534653,0.525253,0.584746,0.5,0.522727,0.598214,0.636364,0.625,0.545455,0.574257,0.575758,0.623762,0.65625,0.653846,0.638298,0.584906,0.621053,0.609524,0.587156,0.593407,0.701031,0.553398,0.537037,0.673913,0.531915,0.575472,0.547368,0.657143,0.62766,0.509434,0.704082,0.578431,0.63,0.66,0.525773,0.601942,0.563107,0.556701,0.536842,0.647619,0.521277,0.59434,0.61165,0.649485,0.504762,0.684211,0.643564,0.616162,0.705263,0.638095,0.66,0.53,0.594059,0.59596,0.6875,0.5,
82400,0.622642,0.691489,0.60396,0.626263,0.586538,0.541667,0.604167,0.625,0.633663,0.59596,0.736842,0.571429,0.557692,0.65625,0.597826,0.62037,0.642105,0.657143,0.576087,0.638889,0.6,0.57,0.517857,0.625,0.663158,0.619048,0.613208,0.553191,0.585859,0.752475,0.659341,0.633028,0.685714,0.642105,0.678261,0.635294,0.590476,0.557895,0.675926,0.576087,0.613636,0.589286,0.635514,0.569892,0.584158,0.555556,0.643564,0.616162,0.521739,0.666667,0.574074,0.641304,0.540816,0.617647,0.568627,0.581633,0.537634,0.682243,0.623656,0.560748,0.679612,0.608247,0.578431,0.55102,0.632075,0.659574,0.635417,0.605769,0.623656,0.607477,0.655556,0.581818,0.69697,0.613861,0.71134,0.601942,0.757895,0.657143,0.60396,0.636364,0.650485,0.659794,0.614583,0.625,0.521277,0.59434,0.584906,0.62766,0.59375,0.605769,0.608696,0.574074,0.644231,0.645833,0.533333,0.557895,0.6,0.736842,0.546392,0.572816,
82600,0.597826,0.638889,0.614583,0.615385,0.485149,0.575758,0.614458,0.623932,0.471154,0.510417,0.65625,0.557692,0.627451,0.663265,0.612613,0.696629,0.638298,0.641509,0.653061,0.617647,0.564356,0.676768,0.642857,0.598039,0.576923,0.645833,0.595506,0.675676,0.682692,0.5625,0.583333,0.641304,0.614679,0.571429,0.615385,0.697248,0.540816,0.607843,0.561905,0.505263,0.614583,0.625,0.610526,0.609524,0.580645,0.626168,0.673684,0.657143,0.627907,0.631579,0.638095,0.642105,0.677778,0.609091,0.609524,0.547368,0.587719,0.72093,0.6,0.578947,0.660714,0.556818,0.666667,0.682692,0.690722,0.679612,0.584158,0.636364,0.60177,0.505747,0.579439,0.623656,0.59322,0.634146,0.669903,0.494845,0.623762,0.646465,0.548387,0.682243,0.601942,0.680412,0.431373,0.632653,0.551402,0.602151,0.589474,0.628571,0.60396,0.616162,0.621053,0.580952,0.522936,0.659341,0.704082,0.598039,0.59596,0.623762,0.606061,0.60396,
82800,0.602151,0.588785,0.572917,0.653846,0.633028,0.516484,0.597938,0.631068,0.642202,0.56044,0.549451,0.651376,0.558824,0.530612,0.570093,0.763441,0.677083,0.615385,0.527273,0.577778,0.621359,0.587629,0.650485,0.525773,0.59633,0.615385,0.434783,0.675926,0.526882,0.757009,0.539216,0.734694,0.546392,0.582524,0.548673,0.586207,0.452632,0.695238,0.571429,0.625,0.556701,0.582524,0.56701,0.572816,0.56701,0.592233,0.56383,0.54717,0.543689,0.608247,0.567308,0.552083,0.626263,0.722772,0.542553,0.575472,0.526316,0.580952,0.683673,0.568627,0.712963,0.608696,0.639175,0.601942,0.561905,0.631579,0.553398,0.659794,0.622449,0.519608,0.59434,0.648936,0.52381,0.684211,0.660194,0.556701,0.577778,0.690909,0.59375,0.692308,0.623853,0.626374,0.606383,0.556604,0.567308,0.604167,0.623656,0.616822,0.561798,0.648649,0.576087,0.5,0.577982,0.494505,0.589474,0.6,0.593407,0.651376,0.686275,0.714286,
83000,0.558824,0.612245,0.64486,0.44086,0.520408,0.54902,0.6,0.6,0.608333,0.55,0.614583,0.663462,0.642202,0.527473,0.605505,0.615385,0.579439,0.698925,0.510204,0.578431,0.594595,0.573034,0.637255,0.55102,0.679612,0.587629,0.611111,0.663043,0.654206,0.580645,0.669811,0.659574,0.670103,0.61165,0.623656,0.588785,0.633663,0.626263,0.575758,0.60396,0.625,0.673077,0.662921,0.558559,0.482456,0.55814,0.604396,0.688073,0.554348,0.5,0.632653,0.607843,0.578431,0.55102,0.609091,0.655556,0.630435,0.657407,0.59375,0.625,0.55,0.62,0.66055,0.659341,0.612903,0.64486,0.582524,0.628866,0.609091,0.566667,0.631068,0.536082,0.581633,0.598039,0.683673,0.529412,0.639175,0.650485,0.54,0.69,0.572917,0.615385,0.656863,0.642857,0.588235,0.693878,0.627273,0.611111,0.612245,0.578431,0.55102,0.588235,0.635417,0.519231,0.608247,0.553398,0.623762,0.565657,0.630435,0.601852,
83200,0.652174,0.583333,0.558824,0.530612,0.561798,0.576577,0.715789,0.628571,0.59,0.58,0.550459,0.483516,0.578431,0.530612,0.5625,0.567308,0.721649,0.699029,0.524272,0.639175,0.643564,0.585859,0.477778,0.645455,0.583333,0.653846,0.574257,0.69697,0.546392,0.660194,0.608696,0.592593,0.607143,0.579545,0.52381,0.705263,0.530612,0.705882,0.494624,0.579439,0.57,0.53,0.552381,0.631579,0.530612,0.578431,0.59375,0.634615,0.646465,0.613861,0.585586,0.707865,0.571429,0.684211,0.640777,0.546392,0.580952,0.515789,0.5,0.590909,0.642857,0.696078,0.663462,0.635417,0.636364,0.677778,0.569892,0.607477,0.638889,0.597826,0.527778,0.630435,0.679012,0.605042,0.780952,0.505263,0.660377,0.617021,0.626168,0.591398,0.702128,0.660377,0.657407,0.543478,0.5,0.581818,0.575758,0.613861,0.57,0.62,0.608247,0.601942,0.690722,0.601942,0.526786,0.568182,0.598039,0.693878,0.71,0.58,
83400,0.614583,0.605769,0.627451,0.632653,0.564356,0.585859,0.633663,0.717172,0.636364,0.594059,0.66055,0.703297,0.636364,0.574257,0.606061,0.554455,0.637363,0.633028,0.572917,0.596154,0.536364,0.611111,0.551724,0.646018,0.728155,0.649485,0.627451,0.622449,0.697917,0.615385,0.727273,0.464286,0.561224,0.558824,0.743363,0.609195,0.530612,0.637255,0.565217,0.518519,0.478723,0.707547,0.61,0.64,0.589474,0.628571,0.536842,0.638095,0.577778,0.627273,0.615385,0.614583,0.59596,0.663366,0.5,0.68,0.686869,0.524752,0.545455,0.623762,0.592233,0.680412,0.608247,0.650485,0.587629,0.456311,0.609524,0.663158,0.631579,0.542857,0.640777,0.57732,0.596154,0.677083,0.683673,0.558824,0.549451,0.633028,0.546392,0.572816,0.61165,0.536082,0.57732,0.543689,0.519231,0.53125,0.646465,0.633663,0.514019,0.688172,0.649485,0.631068,0.597701,0.663717,0.571429,0.580247,0.625,0.634615,0.574257,0.606061,
83600,0.582524,0.57732,0.633028,0.571429,0.653061,0.5,0.614583,0.567308,0.574468,0.584906,0.62037,0.717391,0.632653,0.480392,0.576087,0.601852,0.653465,0.59596,0.554455,0.666667,0.61,0.63,0.550562,0.63964,0.59596,0.594059,0.543478,0.638889,0.532609,0.564815,0.6,0.742857,0.660377,0.702128,0.568966,0.642857,0.629213,0.684685,0.635417,0.519231,0.536082,0.563107,0.589474,0.580952,0.679612,0.659794,0.659794,0.669903,0.651163,0.622807,0.67033,0.587156,0.627451,0.602041,0.605769,0.604167,0.505155,0.631068,0.642105,0.457143,0.558824,0.632653,0.647619,0.631579,0.592233,0.618557,0.621622,0.707865,0.596154,0.572917,0.529412,0.653061,0.588785,0.591398,0.702703,0.674157,0.571429,0.598039,0.6,0.72381,0.541284,0.626374,0.633028,0.549451,0.559633,0.648352,0.68932,0.618557,0.541667,0.567308,0.684211,0.609524,0.57377,0.538462,0.64,0.59,0.597938,0.660194,0.67619,0.557895,
83800,0.654206,0.569892,0.578431,0.510204,0.5625,0.576923,0.621053,0.638095,0.545455,0.580357,0.606061,0.653465,0.604167,0.528846,0.569892,0.579439,0.583333,0.652174,0.650943,0.680851,0.586957,0.731481,0.596154,0.59375,0.695652,0.601852,0.643564,0.636364,0.669811,0.62766,0.540816,0.558824,0.547368,0.619048,0.613333,0.648,0.575221,0.678161,0.519608,0.530612,0.628571,0.578947,0.5625,0.663462,0.554455,0.575758,0.669643,0.636364,0.6,0.6,0.660194,0.71134,0.722772,0.616162,0.572917,0.480769,0.604167,0.538462,0.6,0.48,0.634783,0.694118,0.625,0.604167,0.691358,0.571429,0.602151,0.64486,0.59434,0.595745,0.543689,0.670103,0.587629,0.543689,0.684211,0.52381,0.580645,0.626168,0.542857,0.705263,0.54878,0.618644,0.521277,0.632075,0.53271,0.634409,0.677419,0.635514,0.617978,0.612613,0.65625,0.653846,0.639175,0.61165,0.558559,0.58427,0.761364,0.633929,0.642105,0.533333,
84000,0.547368,0.628571,0.542169,0.606838,0.616162,0.554455,0.578947,0.569767,0.59375,0.615385,0.669725,0.527473,0.579439,0.548387,0.627273,0.644444,0.643564,0.626263,0.621359,0.649485,0.6,0.6,0.621053,0.504762,0.618557,0.61165,0.56701,0.699029,0.495146,0.618557,0.596154,0.604167,0.525253,0.683168,0.574468,0.632075,0.539823,0.701149,0.504762,0.6,0.666667,0.622449,0.652174,0.658824,0.546296,0.576087,0.564356,0.555556,0.613861,0.555556,0.51,0.66,0.616162,0.60396,0.685185,0.619565,0.656863,0.55102,0.575472,0.585106,0.6,0.744444,0.644231,0.53125,0.573913,0.564706,0.568807,0.648352,0.65,0.61,0.586207,0.637168,0.584906,0.521277,0.704082,0.588235,0.489362,0.622642,0.59633,0.714286,0.572727,0.566667,0.657407,0.684783,0.5,0.539216,0.657143,0.536842,0.543478,0.555556,0.648936,0.584906,0.585586,0.651685,0.565657,0.544554,0.527778,0.586957,0.584158,0.454545,
84200,0.696078,0.653061,0.5625,0.615385,0.5625,0.590909,0.62,0.63,0.62,0.59,0.666667,0.544554,0.659574,0.613208,0.601942,0.649485,0.663158,0.666667,0.574713,0.654867,0.495327,0.537634,0.663366,0.626263,0.703704,0.652174,0.636364,0.660714,0.573913,0.682353,0.643564,0.636364,0.64486,0.698925,0.631068,0.57732,0.705357,0.647727,0.59434,0.5,0.614583,0.509615,0.626168,0.569892,0.525253,0.544554,0.698925,0.579439,0.616162,0.623762,0.598214,0.636364,0.637363,0.66055,0.663265,0.627451,0.66,0.58,0.459184,0.54902,0.577778,0.581818,0.591304,0.529412,0.663158,0.571429,0.596154,0.677083,0.641509,0.510638,0.609524,0.6,0.632075,0.531915,0.584906,0.56383,0.619048,0.631579,0.647059,0.653061,0.6,0.59,0.584158,0.585859,0.561224,0.607843,0.651376,0.582418,0.619048,0.610526,0.601942,0.587629,0.59434,0.62766,0.59596,0.524752,0.568807,0.681319,0.588235,0.530612,
84400,0.540816,0.588235,0.552381,0.568421,0.554455,0.515152,0.588785,0.623656,0.556701,0.572816,0.49505,0.555556,0.603774,0.585106,0.595238,0.655172,0.595745,0.603774,0.505051,0.712871,0.685714,0.652632,0.613861,0.555556,0.509804,0.72449,0.567308,0.604167,0.445455,0.644444,0.553398,0.628866,0.584158,0.656566,0.490385,0.614583,0.571429,0.623853,0.604167,0.519231,0.596154,0.572917,0.6,0.7,0.670213,0.575472,0.725275,0.651376,0.545455,0.711111,0.567308,0.666667,0.648148,0.521739,0.504587,0.637363,0.642857,0.594828,0.669811,0.617021,0.680851,0.59434,0.604167,0.528846,0.678899,0.637363,0.580645,0.64486,0.588235,0.489796,0.606383,0.566038,0.581395,0.657895,0.682692,0.5625,0.568807,0.648352,0.60396,0.737374,0.5625,0.586538,0.554348,0.555556,0.534653,0.545455,0.654867,0.563218,0.521739,0.658824,0.642202,0.516484,0.560748,0.688172,0.635417,0.586538,0.684783,0.62037,0.588889,0.6,
84600,0.611111,0.590909,0.553398,0.608247,0.593407,0.587156,0.524752,0.666667,0.645833,0.615385,0.465347,0.626263,0.666667,0.584158,0.628866,0.737864,0.682692,0.59375,0.582418,0.651376,0.605769,0.645833,0.627451,0.622449,0.663158,0.590476,0.631579,0.619048,0.666667,0.634615,0.68,0.62,0.566038,0.574468,0.642105,0.609524,0.635417,0.644231,0.569892,0.542056,0.616162,0.643564,0.675676,0.606742,0.614583,0.634615,0.55102,0.529412,0.544554,0.585859,0.584158,0.686869,0.640777,0.57732,0.601852,0.554348,0.57732,0.582524,0.614679,0.472527,0.590476,0.6,0.652893,0.696203,0.657658,0.550562,0.637363,0.678899,0.663366,0.464646,0.677083,0.528846,0.644231,0.666667,0.608696,0.623529,0.594059,0.686869,0.61,0.62,0.51087,0.648148,0.583333,0.576923,0.553398,0.546392,0.590476,0.642105,0.634409,0.579439,0.594059,0.575758,0.597826,0.685185,0.56701,0.533981,0.578947,0.657143,0.640449,0.612613,
84800,0.552381,0.6,0.601942,0.649485,0.616822,0.505376,0.565657,0.613861,0.618557,0.592233,0.597938,0.631068,0.666667,0.663158,0.66,0.7,0.644231,0.697917,0.559633,0.626374,0.543689,0.618557,0.554622,0.580247,0.623853,0.516484,0.561798,0.54955,0.504505,0.595506,0.59,0.56,0.587629,0.582524,0.53125,0.538462,0.557895,0.647619,0.53,0.5,0.619469,0.54023,0.580645,0.551402,0.556604,0.5,0.660377,0.648936,0.524752,0.575758,0.58427,0.621622,0.604167,0.644231,0.55,0.57,0.54902,0.520408,0.560748,0.580645,0.601852,0.673913,0.69697,0.544554,0.604167,0.673077,0.455556,0.636364,0.598039,0.581633,0.604167,0.644231,0.56,0.61,0.574713,0.584071,0.538462,0.625,0.591837,0.666667,0.6,0.58,0.51087,0.592593,0.631068,0.56701,0.647619,0.642105,0.584158,0.616162,0.59596,0.594059,0.597938,0.61165,0.655914,0.598131,0.556818,0.633929,0.573034,0.522523,
85000,0.543478,0.601852,0.571429,0.568627,0.578431,0.571429,0.641509,0.648936,0.561905,0.557895,0.631068,0.608247,0.593407,0.633028,0.614583,0.663462,0.666667,0.672727,0.632075,0.691489,0.54717,0.585106,0.733333,0.663158,0.545455,0.708861,0.530612,0.715686,0.650485,0.71134,0.62963,0.565217,0.541284,0.615385,0.606061,0.574257,0.495327,0.677419,0.653465,0.474747,0.658537,0.550847,0.688679,0.606383,0.526316,0.561905,0.607477,0.698925,0.569892,0.682243,0.721154,0.708333,0.6875,0.634615,0.561905,0.547368,0.681818,0.655556,0.627451,0.561224,0.747253,0.66055,0.693069,0.575758,0.680851,0.641509,0.575758,0.60396,0.614583,0.567308,0.594828,0.595238,0.606061,0.534653,0.68932,0.628866,0.514851,0.626263,0.625,0.579545,0.598131,0.623656,0.602151,0.626168,0.571429,0.633028,0.546392,0.601942,0.588235,0.602041,0.652174,0.529412,0.663043,0.601852,0.669811,0.574468,0.613208,0.659574,0.541176,0.652174,
85200,0.5625,0.567308,0.521277,0.669811,0.558824,0.581633,0.662921,0.540541,0.634409,0.53271,0.625,0.579545,0.544554,0.656566,0.595745,0.603774,0.659794,0.61165,0.480392,0.642857,0.52,0.48,0.597938,0.601942,0.631579,0.561905,0.5625,0.715909,0.549451,0.706422,0.54955,0.539326,0.557895,0.657143,0.495495,0.617978,0.525253,0.623762,0.66087,0.576471,0.659341,0.577982,0.548387,0.616822,0.65,0.67,0.625,0.605769,0.59375,0.634615,0.580952,0.578947,0.606061,0.623762,0.49505,0.606061,0.615385,0.53211,0.582524,0.649485,0.592233,0.608247,0.533981,0.56701,0.592233,0.556701,0.621359,0.618557,0.56701,0.524272,0.606742,0.585586,0.636364,0.564356,0.738318,0.580645,0.62037,0.586957,0.550459,0.593407,0.621359,0.57732,0.638889,0.608696,0.45045,0.674157,0.563107,0.71134,0.567308,0.6875,0.71134,0.514563,0.727273,0.613861,0.56701,0.669903,0.626263,0.564356,0.663158,0.638095,
85400,0.64,0.55,0.616071,0.568182,0.586538,0.53125,0.698925,0.579439,0.572727,0.5,0.616162,0.613861,0.594595,0.52809,0.636364,0.622222,0.648649,0.550562,0.597938,0.475728,0.557377,0.679487,0.653061,0.686275,0.718447,0.587629,0.59633,0.714286,0.525253,0.554455,0.548077,0.645833,0.515464,0.631068,0.556522,0.611765,0.515464,0.68932,0.52,0.47,0.508929,0.568182,0.57732,0.621359,0.555556,0.545455,0.578313,0.598291,0.66,0.64,0.554545,0.5,0.663366,0.646465,0.589474,0.685714,0.535354,0.544554,0.613636,0.455357,0.62766,0.632075,0.592233,0.618557,0.583333,0.663462,0.657658,0.685393,0.705263,0.571429,0.692308,0.53125,0.545455,0.666667,0.700935,0.55914,0.608247,0.533981,0.588785,0.634409,0.583333,0.586538,0.626374,0.59633,0.527473,0.614679,0.572727,0.622222,0.50495,0.686869,0.651376,0.593407,0.556701,0.601942,0.67,0.56,0.567308,0.583333,0.636364,0.6,
85600,0.548387,0.504673,0.598131,0.612903,0.551402,0.655914,0.580645,0.616822,0.630631,0.539326,0.608247,0.68932,0.459184,0.705882,0.553398,0.628866,0.546512,0.605263,0.514563,0.618557,0.647059,0.683673,0.558824,0.602041,0.745455,0.622222,0.686869,0.633663,0.539216,0.602041,0.569767,0.552632,0.585859,0.574257,0.57,0.59,0.505051,0.633663,0.652174,0.518519,0.539326,0.666667,0.550562,0.540541,0.564356,0.555556,0.576271,0.573171,0.608247,0.631068,0.705357,0.590909,0.651376,0.549451,0.575221,0.551724,0.587629,0.504854,0.578431,0.510204,0.65,0.63,0.592233,0.536082,0.669811,0.670213,0.590909,0.7,0.553398,0.463918,0.618182,0.588889,0.679612,0.608247,0.705357,0.590909,0.616162,0.524752,0.575758,0.643564,0.734043,0.650943,0.670103,0.621359,0.53,0.57,0.602151,0.598131,0.49505,0.59596,0.63964,0.561798,0.67,0.59,0.631068,0.639175,0.611111,0.76087,0.611765,0.513043,
85800,0.523364,0.55914,0.57,0.54,0.485714,0.547368,0.744186,0.596491,0.632075,0.62766,0.605505,0.571429,0.592233,0.690722,0.578431,0.581633,0.622449,0.617647,0.572917,0.644231,0.695652,0.62963,0.669811,0.617021,0.621359,0.649485,0.615385,0.577982,0.6,0.578947,0.6,0.536842,0.638095,0.578947,0.603448,0.571429,0.622807,0.662791,0.505051,0.514851,0.634615,0.604167,0.521739,0.623529,0.457143,0.652632,0.672414,0.678571,0.632184,0.690265,0.614583,0.567308,0.608696,0.670588,0.545455,0.522222,0.581818,0.688889,0.673267,0.525253,0.617978,0.612613,0.586538,0.53125,0.663043,0.648148,0.531915,0.641509,0.632911,0.61157,0.59375,0.644231,0.59375,0.538462,0.662791,0.570175,0.635514,0.55914,0.623762,0.515152,0.479592,0.607843,0.61165,0.597938,0.565657,0.584158,0.586538,0.572917,0.588235,0.602041,0.650943,0.531915,0.621622,0.629213,0.646465,0.683168,0.583333,0.701923,0.567568,0.52809,
86000,0.591398,0.654206,0.53125,0.567308,0.63,0.58,0.607843,0.581633,0.56383,0.622642,0.617647,0.612245,0.555556,0.636364,0.593023,0.631579,0.631579,0.686047,0.556604,0.670213,0.565217,0.648148,0.62963,0.608696,0.57,0.65,0.545455,0.514851,0.553191,0.556604,0.572816,0.628866,0.694737,0.580952,0.504854,0.536082,0.642105,0.714286,0.545455,0.5625,0.646465,0.623762,0.697917,0.528846,0.552083,0.625,0.575758,0.613861,0.675926,0.565217,0.587629,0.563107,0.585859,0.544554,0.663462,0.625,0.597938,0.563107,0.634409,0.53271,0.655914,0.64486,0.637255,0.571429,0.666667,0.6,0.552381,0.557895,0.57732,0.601942,0.558824,0.642857,0.515789,0.67619,0.590476,0.568421,0.504587,0.527473,0.623853,0.725275,0.574257,0.616162,0.591398,0.64486,0.524272,0.670103,0.623762,0.585859,0.612245,0.598039,0.611111,0.609091,0.588235,0.540816,0.553398,0.525773,0.578431,0.561224,0.63,0.49,
86200,0.662921,0.585586,0.62963,0.597826,0.659341,0.59633,0.654206,0.612903,0.572816,0.484536,0.682692,0.645833,0.522936,0.637363,0.643564,0.636364,0.669643,0.545455,0.565657,0.524752,0.62037,0.597826,0.709302,0.649123,0.679612,0.721649,0.572816,0.597938,0.679612,0.608247,0.705882,0.653061,0.633663,0.636364,0.530612,0.598039,0.582524,0.57732,0.659341,0.577982,0.574257,0.606061,0.54717,0.595745,0.655556,0.609091,0.580645,0.64486,0.524752,0.707071,0.598131,0.698925,0.571429,0.631579,0.649485,0.592233,0.585106,0.54717,0.648649,0.505618,0.609524,0.652632,0.591304,0.541176,0.602151,0.682243,0.646552,0.607143,0.607477,0.645161,0.490196,0.489796,0.55814,0.570175,0.686869,0.584158,0.557522,0.528736,0.57,0.71,0.570093,0.55914,0.618557,0.533981,0.504854,0.639175,0.6,0.652632,0.536364,0.577778,0.64,0.66,0.648148,0.663043,0.71028,0.548387,0.617021,0.59434,0.549451,0.577982,
86400,0.646018,0.551724,0.538462,0.59633,0.697917,0.567308,0.676768,0.514851,0.587156,0.604396,0.581818,0.633333,0.659794,0.582524,0.649485,0.660194,0.504762,0.663158,0.579832,0.567901,0.6,0.58,0.68932,0.608247,0.733333,0.715789,0.607477,0.612903,0.555556,0.653465,0.64,0.59,0.638095,0.494737,0.609091,0.588889,0.565217,0.623529,0.583333,0.557692,0.55914,0.560748,0.666667,0.548077,0.58427,0.621622,0.592233,0.639175,0.564356,0.59596,0.628571,0.663158,0.605769,0.635417,0.529412,0.617391,0.568421,0.561905,0.591837,0.539216,0.684783,0.685185,0.57,0.52,0.576923,0.5625,0.626374,0.651376,0.637363,0.605505,0.554348,0.527778,0.62,0.63,0.684685,0.550562,0.644444,0.563636,0.552083,0.644231,0.591837,0.568627,0.53,0.58,0.543478,0.518519,0.666667,0.60396,0.560345,0.583333,0.654206,0.526882,0.587719,0.674419,0.534653,0.484848,0.525253,0.623762,0.71875,0.576923,
86600,0.651376,0.56044,0.626263,0.594059,0.651376,0.505495,0.601942,0.680412,0.642857,0.607843,0.607843,0.591837,0.504762,0.547368,0.537736,0.638298,0.623762,0.646465,0.547826,0.529412,0.57732,0.669903,0.723404,0.584906,0.558824,0.632653,0.621359,0.57732,0.583333,0.608696,0.511111,0.590909,0.614583,0.596154,0.545455,0.644444,0.597938,0.601942,0.688679,0.62766,0.592233,0.649485,0.613861,0.59596,0.517544,0.651163,0.702128,0.584906,0.510204,0.598039,0.660194,0.659794,0.625,0.590909,0.57732,0.631068,0.636364,0.574257,0.598131,0.548387,0.688172,0.663551,0.669811,0.648936,0.669811,0.56383,0.607843,0.642857,0.642857,0.607843,0.509804,0.693878,0.659341,0.59633,0.660194,0.680412,0.581633,0.656863,0.470588,0.581633,0.586538,0.614583,0.572917,0.625,0.623762,0.636364,0.519608,0.612245,0.611111,0.6,0.731959,0.61165,0.571429,0.568421,0.704082,0.509804,0.646465,0.653465,0.564815,0.543478,
86800,0.626263,0.544554,0.618557,0.601942,0.607843,0.602041,0.703297,0.59633,0.54902,0.591837,0.639175,0.601942,0.532609,0.574074,0.595506,0.585586,0.622449,0.627451,0.59322,0.707317,0.573171,0.610169,0.601942,0.546392,0.64,0.61,0.588785,0.741935,0.630435,0.722222,0.59596,0.564356,0.509804,0.693878,0.533981,0.587629,0.53,0.7,0.619048,0.526316,0.560748,0.591398,0.613208,0.56383,0.564356,0.585859,0.67,0.58,0.452632,0.609524,0.6875,0.663462,0.65625,0.625,0.6,0.541176,0.559633,0.527473,0.574257,0.636364,0.666667,0.653465,0.568627,0.530612,0.612245,0.578431,0.572917,0.673077,0.683673,0.696078,0.605505,0.67033,0.605769,0.604167,0.63,0.52,0.588235,0.622449,0.56701,0.592233,0.587629,0.582524,0.703297,0.669725,0.54023,0.513274,0.640449,0.666667,0.663462,0.59375,0.588235,0.581633,0.659794,0.61165,0.601942,0.597938,0.59434,0.62766,0.514563,0.628866,
87000,0.633663,0.656566,0.539216,0.704082,0.531532,0.449438,0.62037,0.586957,0.636364,0.594059,0.525253,0.663366,0.595745,0.584906,0.659794,0.699029,0.728261,0.611111,0.539216,0.72449,0.588235,0.642857,0.719626,0.709677,0.679245,0.680851,0.557692,0.614583,0.625,0.692308,0.504762,0.578947,0.412371,0.572816,0.55,0.61,0.602041,0.578431,0.583333,0.565217,0.574074,0.663043,0.593407,0.550459,0.53,0.59,0.655914,0.598131,0.539326,0.594595,0.637168,0.655172,0.585366,0.669492,0.583333,0.634615,0.606383,0.481132,0.55102,0.558824,0.640777,0.639175,0.581633,0.578431,0.636364,0.544444,0.606383,0.641509,0.632653,0.568627,0.546392,0.621359,0.675926,0.630435,0.686275,0.632653,0.608247,0.650485,0.571429,0.705882,0.56701,0.601942,0.62766,0.603774,0.630631,0.550562,0.631579,0.619048,0.590909,0.6875,0.592233,0.494845,0.597938,0.650485,0.544444,0.545455,0.552083,0.644231,0.628571,0.589474,
87200,0.597826,0.638889,0.635417,0.625,0.53913,0.576471,0.62931,0.642857,0.643564,0.626263,0.57732,0.669903,0.59375,0.538462,0.585859,0.673267,0.552083,0.615385,0.6,0.6,0.571429,0.631579,0.670103,0.61165,0.619048,0.684211,0.554348,0.592593,0.679012,0.630252,0.639175,0.592233,0.584158,0.59596,0.592593,0.521739,0.62,0.66,0.650485,0.587629,0.633929,0.613636,0.561798,0.675676,0.557692,0.604167,0.572816,0.618557,0.536364,0.677778,0.6625,0.6,0.646465,0.693069,0.561224,0.568627,0.594059,0.646465,0.477477,0.606742,0.5,0.677083,0.611111,0.663043,0.641509,0.585106,0.585106,0.575472,0.673267,0.494949,0.701754,0.639535,0.57,0.64,0.682692,0.572917,0.59633,0.604396,0.66,0.58,0.623762,0.626263,0.626263,0.643564,0.639535,0.508772,0.59375,0.615385,0.56383,0.537736,0.648352,0.614679,0.578431,0.642857,0.6,0.59,0.607843,0.663265,0.59,0.52,
87400,0.598131,0.645161,0.588785,0.526882,0.636364,0.6,0.650485,0.515464,0.6,0.621053,0.591837,0.705882,0.604167,0.509615,0.603774,0.659574,0.61,0.65,0.63,0.7,0.560748,0.795699,0.623853,0.714286,0.65625,0.576923,0.635514,0.645161,0.604167,0.605769,0.5,0.541667,0.60396,0.59596,0.540541,0.606742,0.462366,0.607477,0.539326,0.558559,0.635514,0.655914,0.555556,0.586957,0.541667,0.557692,0.603774,0.617021,0.602041,0.676471,0.625,0.653846,0.510638,0.54717,0.650485,0.546392,0.627451,0.602041,0.64486,0.645161,0.598039,0.653061,0.538462,0.614458,0.593407,0.633028,0.626263,0.683168,0.647059,0.622449,0.551402,0.591398,0.537736,0.574468,0.647059,0.506173,0.58,0.6,0.5,0.622642,0.593407,0.678899,0.612613,0.674157,0.5,0.673469,0.666667,0.673913,0.60396,0.626263,0.572727,0.622222,0.59596,0.584158,0.514851,0.626263,0.617647,0.673469,0.707865,0.585586,
87600,0.613208,0.670213,0.55914,0.616822,0.621359,0.659794,0.732673,0.545455,0.602041,0.647059,0.522124,0.643678,0.516129,0.64486,0.61165,0.71134,0.62037,0.597826,0.5,0.625,0.601852,0.663043,0.651786,0.488636,0.670103,0.524272,0.452632,0.638095,0.563107,0.56701,0.625,0.583333,0.591837,0.588235,0.618557,0.61165,0.565657,0.574257,0.583333,0.5,0.635417,0.615385,0.649123,0.639535,0.619565,0.537037,0.612903,0.598131,0.615385,0.510417,0.588235,0.663265,0.59292,0.632184,0.604167,0.567308,0.56701,0.631068,0.607477,0.591398,0.625,0.6875,0.515152,0.514851,0.616071,0.568182,0.57732,0.524272,0.605769,0.46875,0.555556,0.609091,0.544444,0.563636,0.642202,0.494505,0.610619,0.62069,0.512195,0.652542,0.554455,0.666667,0.623932,0.566265,0.550459,0.582418,0.726415,0.638298,0.61165,0.597938,0.555556,0.633663,0.64,0.64,0.576087,0.490741,0.679612,0.494845,0.5625,0.528846,
87800,0.561224,0.578431,0.615385,0.53125,0.509804,0.561224,0.707071,0.554455,0.684685,0.651685,0.59,0.5,0.582524,0.649485,0.595506,0.594595,0.57,0.62,0.4375,0.538462,0.57,0.63,0.625,0.6875,0.666667,0.597826,0.578431,0.632653,0.557895,0.619048,0.540816,0.568627,0.619048,0.663158,0.561905,0.673684,0.564815,0.48913,0.645833,0.480769,0.666667,0.755102,0.627451,0.55102,0.454545,0.571429,0.566667,0.590909,0.554455,0.616162,0.534653,0.656566,0.588235,0.663265,0.628866,0.553398,0.65,0.57,0.554545,0.544444,0.609195,0.672566,0.581633,0.588235,0.714286,0.627451,0.535088,0.593023,0.591837,0.568627,0.571429,0.631579,0.649485,0.592233,0.684211,0.504762,0.626263,0.673267,0.574257,0.585859,0.63,0.66,0.575758,0.534653,0.614583,0.519231,0.615385,0.623853,0.650943,0.62766,0.622449,0.588235,0.6,0.761905,0.645455,0.522222,0.613861,0.676768,0.637255,0.632653,
88000,0.68,0.61,0.612903,0.53271,0.518182,0.555556,0.631068,0.701031,0.576923,0.5625,0.628571,0.631579,0.515789,0.580952,0.639175,0.660194,0.669811,0.638298,0.56,0.62,0.59,0.6,0.615385,0.645833,0.647059,0.622449,0.557895,0.580952,0.594059,0.606061,0.564815,0.532609,0.619048,0.6,0.59633,0.648352,0.610169,0.743902,0.636364,0.514851,0.608247,0.631068,0.588889,0.6,0.591398,0.560748,0.545455,0.673267,0.550562,0.693694,0.669643,0.647727,0.653465,0.737374,0.54902,0.602041,0.696078,0.602041,0.6,0.419048,0.585106,0.641509,0.557522,0.689655,0.685714,0.621053,0.580357,0.693182,0.693878,0.607843,0.551402,0.623656,0.619048,0.578947,0.629213,0.576577,0.602273,0.75,0.519608,0.714286,0.638655,0.666667,0.625,0.614583,0.470588,0.591837,0.64,0.66,0.557895,0.609524,0.614583,0.692308,0.473118,0.616822,0.644231,0.510417,0.516129,0.654206,0.692308,0.623853,
88200,0.623656,0.542056,0.62069,0.575221,0.555556,0.609091,0.588889,0.636364,0.642857,0.655172,0.631068,0.628866,0.60177,0.632184,0.606061,0.653465,0.584158,0.636364,0.53,0.58,0.647059,0.704082,0.607843,0.663265,0.618557,0.631068,0.608696,0.638889,0.604396,0.623853,0.575758,0.613861,0.510417,0.490385,0.527778,0.51087,0.539216,0.653061,0.495238,0.621053,0.55914,0.579439,0.57,0.56,0.54902,0.5,0.641667,0.7125,0.616162,0.663366,0.583333,0.619565,0.634615,0.625,0.588235,0.642857,0.656566,0.524752,0.607477,0.580645,0.638095,0.631579,0.556701,0.601942,0.682692,0.677083,0.54717,0.755319,0.699029,0.608247,0.536842,0.6,0.72043,0.551402,0.62037,0.543478,0.626263,0.643564,0.622642,0.659574,0.686275,0.561224,0.580645,0.71028,0.530612,0.578431,0.679612,0.659794,0.518868,0.585106,0.614679,0.615385,0.607843,0.602041,0.588889,0.554545,0.655914,0.598131,0.638298,0.622642,
88400,0.63,0.6,0.5,0.604167,0.644231,0.572917,0.56701,0.640777,0.682692,0.645833,0.598131,0.666667,0.584158,0.616162,0.626374,0.605505,0.676768,0.524752,0.604396,0.559633,0.581633,0.647059,0.650943,0.62766,0.59596,0.633663,0.669903,0.515464,0.619048,0.642105,0.623656,0.560748,0.574257,0.636364,0.612903,0.560748,0.471264,0.743363,0.551402,0.602151,0.586538,0.604167,0.555556,0.536364,0.586538,0.729167,0.537736,0.648936,0.546392,0.708738,0.525773,0.563107,0.55914,0.654206,0.529412,0.581633,0.615385,0.504587,0.547368,0.619048,0.612245,0.647059,0.597938,0.631068,0.64,0.5,0.597938,0.650485,0.666667,0.6,0.552381,0.526316,0.597701,0.672566,0.703704,0.554348,0.641509,0.691489,0.532609,0.62037,0.574713,0.637168,0.586538,0.59375,0.609091,0.566667,0.704545,0.571429,0.521277,0.622642,0.592233,0.57732,0.637255,0.653061,0.645833,0.644231,0.518182,0.555556,0.670103,0.446602,
88600,0.611111,0.641304,0.563107,0.608247,0.609091,0.566667,0.650943,0.510638,0.694737,0.533333,0.656566,0.653465,0.622642,0.56383,0.505495,0.706422,0.587156,0.637363,0.538462,0.669725,0.59,0.59,0.581633,0.568627,0.666667,0.615385,0.526316,0.657143,0.591398,0.691589,0.647727,0.651786,0.526882,0.607477,0.533333,0.631579,0.60396,0.646465,0.541667,0.596154,0.589474,0.571429,0.616162,0.613861,0.575758,0.693069,0.556604,0.670213,0.634615,0.65625,0.616822,0.612903,0.619048,0.589474,0.691489,0.528302,0.552083,0.692308,0.663043,0.537037,0.703297,0.614679,0.571429,0.539216,0.632075,0.702128,0.673684,0.657143,0.598039,0.642857,0.594595,0.52809,0.648936,0.5,0.731959,0.563107,0.560748,0.569892,0.614583,0.538462,0.609756,0.558442,0.693069,0.565657,0.657143,0.515789,0.686275,0.602041,0.548077,0.625,0.702128,0.613208,0.60396,0.737374,0.606383,0.59434,0.626374,0.59633,0.588235,0.612245,
88800,0.595745,0.641509,0.640449,0.540541,0.631579,0.571429,0.53,0.63,0.592233,0.628866,0.593407,0.633028,0.630435,0.666667,0.647059,0.744898,0.57,0.65,0.549451,0.568807,0.546296,0.673913,0.622449,0.696078,0.758621,0.663717,0.585859,0.663366,0.567568,0.685393,0.634409,0.570093,0.55102,0.568627,0.57,0.57,0.479167,0.634615,0.561798,0.540541,0.582609,0.576471,0.533333,0.663158,0.55102,0.637255,0.659794,0.650485,0.515152,0.60396,0.60177,0.666667,0.568807,0.56044,0.548077,0.59375,0.616162,0.584158,0.638095,0.642105,0.543689,0.670103,0.592233,0.649485,0.669903,0.680412,0.59,0.66,0.627451,0.5,0.533981,0.659794,0.554545,0.533333,0.59,0.55,0.581633,0.676471,0.616822,0.602151,0.56044,0.651376,0.637168,0.54023,0.587629,0.68932,0.62037,0.586957,0.631579,0.653226,0.635417,0.557692,0.688679,0.553191,0.5,0.57,0.643564,0.727273,0.619048,0.6,
89000,0.6,0.684211,0.466019,0.57732,0.595506,0.558559,0.601942,0.639175,0.625,0.567308,0.653061,0.607843,0.64,0.47,0.62037,0.565217,0.672897,0.612903,0.608247,0.563107,0.610526,0.657143,0.61165,0.525773,0.69697,0.663366,0.631579,0.593023,0.564356,0.555556,0.621359,0.546392,0.529412,0.520408,0.575758,0.60396,0.566667,0.645455,0.56,0.55,0.572816,0.546392,0.469388,0.54902,0.55914,0.607477,0.628866,0.660194,0.47191,0.54955,0.558824,0.602041,0.566038,0.606383,0.59596,0.60396,0.621053,0.609524,0.537736,0.542553,0.646465,0.673267,0.582418,0.642202,0.607843,0.642857,0.55102,0.637255,0.662921,0.540541,0.54717,0.553191,0.552083,0.701923,0.613208,0.617021,0.567308,0.541667,0.557692,0.614583,0.631068,0.608247,0.681818,0.711111,0.457447,0.613208,0.574257,0.606061,0.584158,0.555556,0.693878,0.617647,0.5625,0.666667,0.598131,0.591398,0.56044,0.605505,0.625,0.615385,
89200,0.55102,0.637255,0.488372,0.587719,0.64486,0.516129,0.648936,0.669811,0.575758,0.554455,0.510638,0.641509,0.608696,0.527778,0.505618,0.558559,0.694118,0.591304,0.597938,0.514563,0.625,0.692308,0.684211,0.609524,0.545455,0.6875,0.554545,0.644444,0.490385,0.552083,0.581818,0.633333,0.594595,0.617978,0.588235,0.642857,0.660377,0.659574,0.554217,0.564103,0.6,0.619048,0.66,0.58,0.566038,0.62766,0.680851,0.669811,0.586207,0.681416,0.6,0.608696,0.677083,0.615385,0.694737,0.6,0.552083,0.605769,0.49505,0.626263,0.542857,0.684211,0.645161,0.682243,0.675926,0.630435,0.603604,0.696629,0.59596,0.564356,0.64486,0.623656,0.607477,0.623656,0.59633,0.450549,0.514286,0.652632,0.613861,0.737374,0.66055,0.571429,0.544444,0.627273,0.56383,0.556604,0.651685,0.63964,0.534884,0.561404,0.643564,0.59596,0.56383,0.650943,0.555556,0.49505,0.617021,0.603774,0.56701,0.61165,
89400,0.656566,0.594059,0.531915,0.584906,0.571429,0.509804,0.544643,0.511364,0.548077,0.510417,0.68,0.58,0.588235,0.602041,0.626374,0.605505,0.463158,0.619048,0.515789,0.590476,0.520833,0.634615,0.553191,0.632075,0.572917,0.692308,0.637255,0.510204,0.582524,0.56701,0.542857,0.515789,0.505263,0.6,0.526316,0.561905,0.514286,0.642105,0.586538,0.53125,0.582524,0.56701,0.571429,0.715686,0.504505,0.662921,0.56,0.64,0.483871,0.607477,0.568182,0.6875,0.72093,0.622807,0.555556,0.574257,0.66055,0.582418,0.677083,0.528846,0.642105,0.638095,0.604396,0.642202,0.617021,0.613208,0.50495,0.606061,0.557895,0.571429,0.606742,0.603604,0.633663,0.545455,0.690909,0.455556,0.580357,0.681818,0.642857,0.598039,0.554348,0.574074,0.52,0.67,0.539216,0.510204,0.602273,0.607143,0.680851,0.641509,0.544643,0.579545,0.604396,0.642202,0.612613,0.617978,0.584746,0.585366,0.648936,0.54717,
89600,0.634409,0.635514,0.552083,0.596154,0.532609,0.527778,0.613208,0.648936,0.659794,0.621359,0.666667,0.663551,0.590909,0.6,0.571429,0.666667,0.571429,0.509804,0.552083,0.740385,0.589474,0.685714,0.626168,0.623656,0.614583,0.634615,0.54902,0.540816,0.572727,0.544444,0.652174,0.574074,0.684211,0.657143,0.558824,0.714286,0.495146,0.649485,0.60396,0.59596,0.621359,0.628866,0.607477,0.526882,0.544643,0.625,0.56,0.59,0.568421,0.647619,0.550562,0.594595,0.563107,0.670103,0.514286,0.684211,0.631579,0.6,0.598039,0.642857,0.544643,0.727273,0.598039,0.632653,0.627451,0.653061,0.561905,0.652632,0.470588,0.626087,0.609091,0.622222,0.679612,0.670103,0.67619,0.631579,0.5,0.612245,0.618557,0.621359,0.661017,0.609756,0.568627,0.530612,0.524752,0.656566,0.582524,0.618557,0.659794,0.660194,0.698925,0.551402,0.572917,0.586538,0.605769,0.614583,0.609524,0.610526,0.638889,0.663043,
89800,0.605769,0.604167,0.57,0.59,0.598039,0.632653,0.701031,0.621359,0.555556,0.564356,0.61165,0.505155,0.541667,0.586538,0.54386,0.593023,0.56701,0.572816,0.561905,0.589474,0.666667,0.663158,0.67619,0.631579,0.679245,0.734043,0.592593,0.51087,0.695238,0.547368,0.722222,0.48913,0.692308,0.614583,0.595506,0.621622,0.659574,0.641509,0.589474,0.580952,0.731959,0.533981,0.582418,0.550459,0.445455,0.611111,0.56044,0.669725,0.530435,0.717647,0.558824,0.714286,0.647727,0.616071,0.621053,0.590476,0.515464,0.61165,0.602041,0.54902,0.58,0.69,0.6,0.657143,0.578431,0.530612,0.613208,0.62766,0.623529,0.591304,0.59292,0.563218,0.571429,0.578431,0.682692,0.5625,0.610619,0.666667,0.588785,0.602151,0.582524,0.57732,0.605505,0.604396,0.558824,0.602041,0.693069,0.606061,0.553398,0.587629,0.72381,0.610526,0.628571,0.652632,0.613208,0.585106,0.561905,0.642105,0.64,0.65,
90000,0.625,0.647727,0.6,0.61,0.605263,0.453488,0.610619,0.609195,0.583333,0.528846,0.576923,0.583333,0.666667,0.621053,0.56701,0.582524,0.651685,0.540541,0.5625,0.602273,0.61,0.65,0.537736,0.659574,0.72549,0.612245,0.636364,0.554455,0.576087,0.583333,0.576923,0.53125,0.654762,0.551724,0.626168,0.548387,0.618557,0.650485,0.557692,0.541667,0.634615,0.604167,0.580645,0.644737,0.521739,0.564815,0.617978,0.540541,0.574257,0.666667,0.642202,0.648352,0.564815,0.619565,0.58,0.55,0.608247,0.563107,0.513274,0.586207,0.59375,0.586538,0.622642,0.617021,0.660194,0.649485,0.584158,0.59596,0.616162,0.574257,0.627451,0.602041,0.62,0.55,0.679612,0.556701,0.731707,0.677966,0.67619,0.610526,0.657407,0.608696,0.617021,0.613208,0.567308,0.635417,0.676471,0.683673,0.594059,0.636364,0.663158,0.638095,0.578947,0.695238,0.652632,0.485714,0.518519,0.641304,0.571429,0.610526,
90200,0.612903,0.607477,0.601852,0.673913,0.649485,0.524272,0.685393,0.594595,0.598131,0.645161,0.552083,0.586538,0.57732,0.553398,0.595745,0.59434,0.704082,0.588235,0.641304,0.555556,0.545455,0.607143,0.646465,0.584158,0.622449,0.607843,0.523364,0.677419,0.525253,0.623762,0.572917,0.605769,0.586207,0.583333,0.616162,0.653465,0.572816,0.639175,0.662791,0.640351,0.623762,0.555556,0.631068,0.515464,0.552381,0.536842,0.715686,0.642857,0.552083,0.663462,0.526316,0.647619,0.621053,0.67619,0.584158,0.575758,0.61165,0.56701,0.552381,0.557895,0.589474,0.609524,0.62069,0.513274,0.625,0.644231,0.611111,0.673913,0.583333,0.554348,0.53271,0.548387,0.587719,0.593023,0.617021,0.575472,0.547368,0.638095,0.568627,0.632653,0.544554,0.616162,0.63,0.58,0.606383,0.641509,0.625,0.571429,0.616822,0.548387,0.6,0.578947,0.662921,0.684685,0.683168,0.545455,0.611111,0.609091,0.716981,0.574468,
90400,0.737374,0.554455,0.547368,0.628571,0.552083,0.519231,0.690722,0.631068,0.529412,0.540816,0.59292,0.701149,0.520833,0.615385,0.530435,0.623529,0.596154,0.65625,0.536364,0.6,0.712871,0.656566,0.652542,0.719512,0.699029,0.701031,0.539216,0.663265,0.594059,0.616162,0.657407,0.630435,0.656863,0.602041,0.764706,0.602041,0.722222,0.554545,0.635514,0.55914,0.640777,0.57732,0.651685,0.486486,0.563107,0.515464,0.56701,0.61165,0.504854,0.680412,0.566667,0.645455,0.689655,0.628319,0.589474,0.504762,0.564356,0.646465,0.630631,0.561798,0.635514,0.655914,0.607843,0.612245,0.626374,0.605505,0.546392,0.640777,0.528302,0.478723,0.579439,0.55914,0.555556,0.686747,0.71,0.67,0.484211,0.609524,0.591398,0.579439,0.629213,0.621622,0.606383,0.613208,0.59596,0.663366,0.569892,0.542056,0.574468,0.632075,0.608696,0.62963,0.608247,0.592233,0.56701,0.601942,0.568421,0.590476,0.587156,0.582418,
90600,0.610526,0.685714,0.584906,0.5,0.623656,0.560748,0.572816,0.608247,0.605769,0.59375,0.622642,0.670213,0.568627,0.540816,0.57732,0.679612,0.640777,0.587629,0.611765,0.66087,0.62069,0.60177,0.614583,0.653846,0.684783,0.611111,0.642105,0.609524,0.78,0.62,0.693069,0.555556,0.666667,0.530612,0.581633,0.480392,0.644444,0.636364,0.734694,0.441176,0.683673,0.54902,0.510417,0.528846,0.506329,0.570248,0.614583,0.548077,0.614583,0.673077,0.610526,0.552381,0.66055,0.648352,0.613861,0.545455,0.59,0.64,0.460784,0.622449,0.708738,0.721649,0.684211,0.590476,0.647619,0.6,0.546296,0.597826,0.581633,0.558824,0.58,0.61,0.619048,0.631579,0.647619,0.578947,0.62069,0.60177,0.660377,0.702128,0.673267,0.626263,0.608696,0.648148,0.505051,0.564356,0.505618,0.630631,0.679245,0.638298,0.541667,0.519231,0.538462,0.605505,0.685393,0.594595,0.638889,0.673913,0.613861,0.59596,
90800,0.62,0.58,0.647727,0.651786,0.519608,0.653061,0.59633,0.593407,0.571429,0.647059,0.593407,0.504587,0.598039,0.55102,0.561905,0.663158,0.642857,0.602273,0.541667,0.596154,0.557895,0.552381,0.669565,0.682353,0.669643,0.704545,0.544643,0.647727,0.590909,0.677778,0.605505,0.648352,0.574074,0.663043,0.638298,0.59434,0.597938,0.708738,0.597826,0.518519,0.625,0.552083,0.615385,0.510417,0.602151,0.551402,0.615385,0.651376,0.6,0.644444,0.63,0.73,0.656566,0.653465,0.591837,0.588235,0.561224,0.529412,0.54902,0.510204,0.648936,0.641509,0.554545,0.622222,0.638298,0.613208,0.59633,0.527473,0.657407,0.597826,0.669811,0.56383,0.636364,0.623762,0.637255,0.622449,0.582524,0.659794,0.557692,0.572917,0.576577,0.550562,0.588889,0.536364,0.638298,0.59434,0.696629,0.648649,0.569892,0.672897,0.604651,0.561404,0.572917,0.625,0.636364,0.526786,0.65,0.59,0.62,0.67,
91000,0.669903,0.546392,0.543689,0.56701,0.60396,0.606061,0.605769,0.645833,0.705357,0.568182,0.545455,0.613861,0.547368,0.647619,0.630435,0.657407,0.526316,0.593023,0.608696,0.62037,0.578947,0.609524,0.640777,0.690722,0.612245,0.568627,0.594059,0.686869,0.601852,0.554348,0.568421,0.561905,0.536082,0.660194,0.554348,0.555556,0.615385,0.651376,0.659341,0.587156,0.544554,0.575758,0.572917,0.663462,0.54878,0.601695,0.71,0.64,0.584158,0.616162,0.586538,0.6875,0.580645,0.626168,0.582524,0.597938,0.681319,0.623853,0.59596,0.643564,0.54717,0.62766,0.556701,0.631068,0.728261,0.675926,0.566038,0.648936,0.568627,0.530612,0.583333,0.711538,0.51087,0.62963,0.701923,0.604167,0.651685,0.621622,0.55914,0.626168,0.632075,0.659574,0.613861,0.575758,0.588889,0.6,0.57732,0.592233,0.613208,0.648936,0.759615,0.5625,0.623656,0.663551,0.572727,0.544444,0.6,0.67619,0.59,0.51,
91200,0.666667,0.597826,0.5625,0.519231,0.683168,0.585859,0.645161,0.64486,0.603774,0.702128,0.630435,0.555556,0.584158,0.565657,0.655738,0.602564,0.607843,0.612245,0.580952,0.536842,0.568421,0.571429,0.626263,0.643564,0.679612,0.659794,0.56383,0.632075,0.574257,0.656566,0.6,0.577778,0.566038,0.574468,0.691589,0.645161,0.618557,0.699029,0.578431,0.581633,0.576577,0.606742,0.6,0.63,0.572917,0.519231,0.618182,0.611111,0.55102,0.735294,0.608247,0.61165,0.619048,0.663158,0.553191,0.603774,0.585859,0.683168,0.633663,0.585859,0.72,0.58,0.640777,0.639175,0.622449,0.637255,0.54717,0.648936,0.531915,0.556604,0.542169,0.623932,0.653465,0.535354,0.623529,0.582609,0.619048,0.621053,0.565657,0.693069,0.663366,0.515152,0.567308,0.447917,0.517241,0.548673,0.614583,0.692308,0.666667,0.726316,0.639175,0.543689,0.640777,0.597938,0.639175,0.68932,0.55102,0.686275,0.659794,0.601942,
91400,0.663462,0.583333,0.631068,0.639175,0.537736,0.617021,0.614583,0.673077,0.603774,0.574468,0.594059,0.616162,0.556604,0.606383,0.659091,0.705357,0.592593,0.565217,0.619469,0.632184,0.524752,0.616162,0.572816,0.649485,0.594059,0.686869,0.54902,0.632653,0.683168,0.606061,0.686047,0.605263,0.614679,0.56044,0.626168,0.580645,0.549451,0.651376,0.587719,0.581395,0.505155,0.601942,0.677083,0.596154,0.571429,0.647059,0.679245,0.638298,0.643564,0.606061,0.549451,0.688073,0.666667,0.630435,0.622222,0.554545,0.609524,0.673684,0.544554,0.494949,0.567308,0.65625,0.625,0.625,0.691489,0.641509,0.487179,0.662651,0.626263,0.613861,0.676471,0.571429,0.574257,0.606061,0.6,0.488889,0.616162,0.49505,0.55102,0.745098,0.5625,0.509615,0.529412,0.581633,0.617391,0.576471,0.621951,0.550847,0.550562,0.621622,0.637255,0.520408,0.581818,0.588889,0.594059,0.545455,0.605505,0.648352,0.659574,0.490566,
91600,0.692308,0.577982,0.610526,0.561905,0.639175,0.631068,0.574257,0.606061,0.597826,0.592593,0.56383,0.641509,0.56383,0.584906,0.561905,0.526316,0.592593,0.554348,0.586538,0.552083,0.59633,0.582418,0.65625,0.663462,0.697248,0.582418,0.576577,0.617978,0.595745,0.490566,0.592593,0.586957,0.615385,0.5625,0.621359,0.639175,0.6,0.685714,0.6,0.638095,0.545455,0.60396,0.591398,0.598131,0.60396,0.585859,0.603774,0.62766,0.527778,0.576087,0.601942,0.639175,0.621053,0.542857,0.55,0.67,0.604396,0.587156,0.59633,0.516484,0.578431,0.663265,0.644444,0.663636,0.633663,0.636364,0.516484,0.568807,0.656566,0.475248,0.59596,0.524752,0.635514,0.580645,0.659794,0.504854,0.604167,0.644231,0.531915,0.716981,0.574468,0.59434,0.644231,0.5625,0.558824,0.632653,0.607143,0.62069,0.6,0.589474,0.571429,0.488636,0.564356,0.616162,0.653465,0.59596,0.608247,0.61165,0.566038,0.489362,
91800,0.680851,0.528302,0.545455,0.594059,0.547368,0.533333,0.666667,0.589474,0.647059,0.469388,0.547368,0.647619,0.588785,0.602151,0.656566,0.643564,0.575758,0.643564,0.494845,0.592233,0.530973,0.643678,0.646465,0.564356,0.703297,0.633028,0.66,0.59,0.703704,0.543478,0.6,0.5,0.601942,0.556701,0.630435,0.601852,0.514563,0.680412,0.541667,0.538462,0.580645,0.626168,0.5,0.583333,0.609091,0.622222,0.642857,0.607843,0.514563,0.587629,0.566038,0.617021,0.596154,0.5,0.540816,0.480392,0.54902,0.540816,0.59375,0.644231,0.610526,0.6,0.58,0.66,0.637363,0.59633,0.548077,0.635417,0.663366,0.545455,0.647059,0.693878,0.568807,0.648352,0.627451,0.5,0.52,0.58,0.595745,0.698113,0.63,0.58,0.652174,0.583333,0.536842,0.628571,0.694737,0.571429,0.490196,0.591837,0.6,0.54,0.608247,0.68932,0.637363,0.495413,0.621053,0.514286,0.651685,0.594595,
92000,0.644231,0.625,0.580952,0.621053,0.586538,0.5,0.588235,0.591837,0.621053,0.571429,0.536842,0.619048,0.504762,0.515789,0.645833,0.711538,0.704545,0.598214,0.526316,0.647619,0.612903,0.598131,0.581818,0.6,0.605769,0.645833,0.585586,0.674157,0.585106,0.650943,0.5,0.51,0.533981,0.597938,0.587629,0.640777,0.53125,0.663462,0.657658,0.573034,0.666667,0.623762,0.563107,0.649485,0.547368,0.561905,0.546392,0.640777,0.569892,0.719626,0.528736,0.716814,0.617021,0.641509,0.612613,0.550562,0.680412,0.601942,0.67,0.5,0.634615,0.625,0.5625,0.556818,0.636364,0.613861,0.643564,0.686869,0.556522,0.517647,0.544554,0.616162,0.60396,0.484848,0.739583,0.519231,0.591398,0.598131,0.533333,0.673684,0.521277,0.556604,0.589474,0.571429,0.578431,0.540816,0.62963,0.586957,0.541176,0.591304,0.6,0.642105,0.565657,0.623762,0.607843,0.602041,0.633929,0.579545,0.53211,0.593407,
92200,0.649485,0.650485,0.535354,0.564356,0.558559,0.52809,0.534091,0.589286,0.597938,0.61165,0.64486,0.55914,0.635417,0.528846,0.62766,0.735849,0.653061,0.617647,0.619048,0.621053,0.583333,0.684783,0.62,0.63,0.728395,0.672269,0.660377,0.62766,0.55102,0.637255,0.719626,0.591398,0.622642,0.617021,0.505495,0.623853,0.5,0.618182,0.494118,0.547826,0.631579,0.6,0.623853,0.615385,0.701031,0.621359,0.526316,0.761905,0.5,0.647727,0.595238,0.62931,0.560748,0.591398,0.672566,0.62069,0.617021,0.650943,0.612613,0.573034,0.678899,0.681319,0.662921,0.54955,0.625,0.589286,0.552381,0.715789,0.554545,0.611111,0.607843,0.663265,0.634146,0.694915,0.699029,0.56701,0.59,0.61,0.568421,0.714286,0.651376,0.538462,0.613861,0.616162,0.613861,0.515152,0.622642,0.595745,0.552083,0.615385,0.555556,0.576087,0.606061,0.663366,0.63964,0.52809,0.552381,0.589474,0.64,0.6,
92400,0.666667,0.596154,0.523364,0.623656,0.647059,0.622449,0.60396,0.585859,0.646465,0.554455,0.646465,0.623762,0.643564,0.545455,0.598039,0.602041,0.643564,0.606061,0.552083,0.557692,0.490909,0.566667,0.6,0.681818,0.605263,0.5,0.590476,0.547368,0.536082,0.640777,0.504505,0.516854,0.615385,0.541667,0.476636,0.580645,0.597938,0.650485,0.6,0.46,0.64,0.61,0.659574,0.537736,0.564356,0.606061,0.571429,0.633028,0.581633,0.539216,0.613861,0.686869,0.6,0.66,0.578947,0.552381,0.677083,0.596154,0.663265,0.490196,0.663366,0.646465,0.573034,0.567568,0.734694,0.607843,0.616162,0.633663,0.625,0.575,0.538462,0.577982,0.601942,0.597938,0.759615,0.614583,0.71875,0.548077,0.57,0.62,0.612245,0.598039,0.613861,0.565657,0.515152,0.683168,0.578431,0.663265,0.578431,0.632653,0.64,0.52,0.663366,0.646465,0.639175,0.514563,0.551402,0.548387,0.676768,0.544554,
92600,0.623656,0.523364,0.598131,0.602151,0.584158,0.585859,0.717172,0.584158,0.70297,0.616162,0.572816,0.618557,0.598039,0.622449,0.655914,0.672897,0.622449,0.656863,0.639175,0.61165,0.587156,0.747253,0.683168,0.666667,0.572816,0.731959,0.574074,0.673913,0.572917,0.625,0.582524,0.608247,0.648936,0.726415,0.643564,0.535354,0.681319,0.688073,0.66055,0.56044,0.640777,0.597938,0.51,0.55,0.494737,0.590476,0.570093,0.645161,0.6,0.616667,0.565657,0.60396,0.606061,0.643564,0.572917,0.586538,0.736842,0.571429,0.616822,0.55914,0.663636,0.611111,0.54,0.58,0.663043,0.657407,0.457447,0.556604,0.62963,0.565217,0.6,0.61,0.580952,0.578947,0.642202,0.626374,0.647059,0.561224,0.518182,0.577778,0.544554,0.535354,0.597826,0.509259,0.645833,0.625,0.634615,0.5625,0.57732,0.621359,0.576923,0.635417,0.677083,0.615385,0.585106,0.613208,0.576087,0.601852,0.68,0.61,
92800,0.626374,0.614679,0.5625,0.480769,0.542857,0.557895,0.571429,0.547368,0.546392,0.592233,0.628319,0.678161,0.673267,0.656566,0.55914,0.672897,0.6875,0.634615,0.504274,0.566265,0.699029,0.57732,0.66,0.69,0.68,0.56,0.51087,0.62963,0.591837,0.617647,0.683673,0.519608,0.566038,0.585106,0.603604,0.573034,0.619048,0.631579,0.663462,0.625,0.561905,0.652632,0.655556,0.636364,0.553398,0.587629,0.622449,0.598039,0.520408,0.705882,0.5,0.69,0.592593,0.630435,0.522222,0.636364,0.602151,0.626168,0.656863,0.459184,0.590361,0.606838,0.56701,0.533981,0.653846,0.583333,0.584906,0.585106,0.577982,0.538462,0.577778,0.536364,0.650485,0.659794,0.645161,0.607477,0.533333,0.663158,0.613636,0.598214,0.647059,0.571429,0.631068,0.608247,0.567568,0.617978,0.641509,0.56383,0.610526,0.571429,0.640777,0.505155,0.584906,0.574468,0.645455,0.6,0.578947,0.628571,0.576087,0.583333,
93000,0.707547,0.638298,0.541284,0.615385,0.605769,0.583333,0.626087,0.670588,0.58,0.57,0.592593,0.652174,0.53211,0.549451,0.594059,0.707071,0.640351,0.55814,0.485149,0.585859,0.666667,0.707865,0.619048,0.594828,0.634615,0.59375,0.71134,0.592233,0.707071,0.60396,0.635417,0.701923,0.590476,0.452632,0.505263,0.580952,0.623853,0.725275,0.584158,0.525253,0.566667,0.609091,0.65,0.61,0.514563,0.690722,0.61,0.74,0.577982,0.615385,0.612903,0.607477,0.670103,0.631068,0.647619,0.515789,0.623762,0.555556,0.622449,0.578431,0.6,0.58,0.637255,0.653061,0.52,0.59,0.608247,0.61165,0.560748,0.55914,0.676471,0.581633,0.598039,0.591837,0.65,0.56,0.657143,0.589474,0.595745,0.603774,0.612245,0.588235,0.637255,0.653061,0.478261,0.509259,0.581633,0.627451,0.61,0.65,0.669903,0.515464,0.583333,0.646552,0.584906,0.553191,0.715909,0.598214,0.64,0.56,
93200,0.579439,0.569892,0.626506,0.598291,0.650943,0.617021,0.615385,0.697917,0.586207,0.530973,0.54902,0.622449,0.590909,0.571429,0.5,0.663636,0.613861,0.585859,0.549451,0.633028,0.60396,0.626263,0.688679,0.574468,0.597938,0.61165,0.580952,0.568421,0.544554,0.575758,0.56044,0.66055,0.663265,0.568627,0.662791,0.614035,0.505376,0.672897,0.622449,0.637255,0.622642,0.521277,0.575758,0.574257,0.651376,0.538462,0.518868,0.62766,0.64,0.67,0.585586,0.651685,0.675214,0.650602,0.495575,0.609195,0.540541,0.629213,0.581633,0.509804,0.604167,0.653846,0.585586,0.561798,0.64,0.7,0.606383,0.59434,0.567308,0.625,0.644231,0.614583,0.625,0.616071,0.616162,0.613861,0.546392,0.640777,0.5,0.574468,0.572917,0.625,0.63,0.52,0.475728,0.515464,0.594059,0.646465,0.603774,0.648936,0.575758,0.623762,0.57732,0.660194,0.692308,0.542169,0.625,0.5,0.544444,0.6,
93400,0.596154,0.59375,0.504854,0.546392,0.62766,0.632075,0.634615,0.583333,0.546392,0.601942,0.552083,0.644231,0.535714,0.534091,0.594059,0.606061,0.65812,0.60241,0.619048,0.568421,0.612613,0.573034,0.701923,0.666667,0.657407,0.728261,0.606742,0.72973,0.686275,0.72449,0.631579,0.52381,0.628866,0.592233,0.55102,0.460784,0.558824,0.673469,0.504505,0.52809,0.651685,0.666667,0.608247,0.592233,0.673469,0.539216,0.56701,0.669903,0.539216,0.642857,0.580952,0.642105,0.638095,0.642105,0.5,0.537736,0.702128,0.584906,0.666667,0.534653,0.585859,0.574257,0.680851,0.566038,0.625,0.625,0.588235,0.642857,0.601942,0.494845,0.590476,0.578947,0.535714,0.625,0.683673,0.568627,0.607477,0.591398,0.636364,0.611111,0.657658,0.573034,0.587629,0.592233,0.580645,0.53271,0.699029,0.659794,0.56,0.6,0.5625,0.576923,0.556701,0.514563,0.528736,0.557522,0.590909,0.589286,0.6,0.547368,
93600,0.570093,0.612903,0.56701,0.601942,0.490741,0.586957,0.659574,0.575472,0.556701,0.669903,0.601852,0.565217,0.633663,0.59596,0.607843,0.591837,0.742268,0.631068,0.543689,0.659794,0.574468,0.698113,0.682692,0.583333,0.663717,0.655172,0.721649,0.621359,0.614679,0.637363,0.693069,0.59596,0.641509,0.648936,0.640777,0.649485,0.623656,0.654206,0.60396,0.555556,0.621622,0.696629,0.619048,0.551724,0.56701,0.592233,0.657143,0.621053,0.607843,0.622449,0.631579,0.651163,0.691489,0.59434,0.6,0.533333,0.647059,0.622449,0.556818,0.598214,0.659794,0.669903,0.584158,0.646465,0.681319,0.688073,0.592233,0.639175,0.614583,0.538462,0.659794,0.621359,0.5,0.6,0.706422,0.703297,0.526882,0.64486,0.481132,0.574468,0.62963,0.543478,0.62963,0.51087,0.601852,0.565217,0.663158,0.638095,0.566038,0.670213,0.647727,0.616071,0.752688,0.654206,0.659574,0.518868,0.638095,0.652632,0.621359,0.587629,
93800,0.666667,0.634615,0.555556,0.584158,0.612903,0.616822,0.632653,0.656863,0.669725,0.538462,0.536082,0.582524,0.576923,0.604167,0.539216,0.612245,0.608247,0.592233,0.607477,0.591398,0.653061,0.627451,0.6,0.504762,0.684783,0.592593,0.576577,0.561798,0.531915,0.575472,0.666667,0.605769,0.604167,0.625,0.626374,0.651376,0.525773,0.631068,0.51,0.61,0.607477,0.537634,0.67,0.58,0.66055,0.582418,0.591304,0.670588,0.557895,0.6,0.527473,0.669725,0.650485,0.649485,0.6,0.666667,0.535714,0.670455,0.539216,0.612245,0.593407,0.697248,0.670103,0.621359,0.677083,0.625,0.607843,0.683673,0.626374,0.587156,0.634615,0.666667,0.615385,0.642202,0.683673,0.588235,0.546296,0.641304,0.55914,0.551402,0.670213,0.641509,0.554545,0.655556,0.456522,0.555556,0.606383,0.641509,0.622642,0.606383,0.68,0.53,0.6875,0.636364,0.69,0.54,0.436782,0.557522,0.623762,0.626263,
94000,0.604167,0.634615,0.627907,0.657895,0.558559,0.674157,0.660194,0.659794,0.659794,0.582524,0.663551,0.634409,0.543478,0.564815,0.595506,0.711712,0.647619,0.663158,0.5,0.602041,0.625,0.586538,0.59434,0.648936,0.642857,0.676471,0.694444,0.695652,0.552083,0.673077,0.447619,0.631579,0.509091,0.6,0.536842,0.533333,0.574468,0.54717,0.609091,0.5,0.602041,0.568627,0.62069,0.59292,0.525773,0.563107,0.614679,0.67033,0.578947,0.609524,0.59,0.66,0.514851,0.636364,0.575221,0.689655,0.550562,0.630631,0.580357,0.534091,0.552941,0.565217,0.597826,0.574074,0.657407,0.641304,0.58427,0.585586,0.59434,0.574468,0.567308,0.5625,0.579545,0.5625,0.669643,0.5,0.53125,0.557692,0.61,0.56,0.573171,0.618644,0.681818,0.688889,0.494737,0.580952,0.614583,0.692308,0.558824,0.642857,0.632653,0.519608,0.603774,0.638298,0.686869,0.623762,0.646465,0.623762,0.612245,0.509804,
94200,0.571429,0.558824,0.578431,0.622449,0.537634,0.523364,0.595745,0.54717,0.59375,0.519231,0.622449,0.588235,0.590361,0.521368,0.612245,0.598039,0.648936,0.59434,0.6,0.589474,0.639175,0.61165,0.623656,0.514019,0.673684,0.590476,0.588235,0.520408,0.505747,0.637168,0.60396,0.555556,0.567308,0.5625,0.509804,0.602041,0.589474,0.619048,0.490909,0.555556,0.59596,0.633663,0.5,0.574468,0.554455,0.535354,0.623762,0.646465,0.514851,0.656566,0.555556,0.709091,0.666667,0.612245,0.609195,0.548673,0.613636,0.660714,0.61165,0.649485,0.563107,0.556701,0.673469,0.509804,0.703297,0.559633,0.518868,0.62766,0.626263,0.554455,0.669565,0.552941,0.6,0.626087,0.619048,0.526316,0.534653,0.717172,0.588235,0.571429,0.543689,0.639175,0.606061,0.663366,0.578947,0.651163,0.627451,0.612245,0.629213,0.63964,0.578431,0.5,0.679612,0.639175,0.602151,0.579439,0.592233,0.618557,0.666667,0.58427,
94400,0.7,0.59,0.617391,0.658824,0.633028,0.593407,0.594059,0.626263,0.601942,0.56701,0.536842,0.67619,0.631579,0.485714,0.598039,0.642857,0.622642,0.680851,0.655914,0.654206,0.590361,0.717949,0.682353,0.678261,0.659794,0.621359,0.592233,0.494845,0.61,0.7,0.643564,0.545455,0.682692,0.604167,0.688172,0.560748,0.647059,0.734694,0.514851,0.626263,0.53271,0.677419,0.622222,0.609091,0.474227,0.572816,0.625,0.615385,0.543689,0.670103,0.645833,0.653846,0.644231,0.708333,0.639175,0.592233,0.571429,0.670455,0.628571,0.494737,0.601852,0.619565,0.55,0.58,0.594059,0.575758,0.551402,0.612903,0.52,0.6,0.666667,0.594059,0.521739,0.576471,0.705357,0.5,0.5,0.57,0.54717,0.606383,0.637255,0.714286,0.637255,0.540816,0.650485,0.587629,0.65,0.71,0.575758,0.693069,0.64,0.6,0.616822,0.623656,0.545455,0.517857,0.589286,0.704545,0.579439,0.548387,
94600,0.55102,0.627451,0.638298,0.603774,0.584906,0.56383,0.571429,0.522936,0.617021,0.537736,0.712766,0.59434,0.590476,0.526316,0.666667,0.652174,0.616162,0.70297,0.57,0.63,0.682692,0.572917,0.561905,0.536842,0.514286,0.621053,0.54386,0.651163,0.515789,0.657143,0.67,0.56,0.627451,0.612245,0.485149,0.646465,0.598131,0.612903,0.669643,0.590909,0.619565,0.574074,0.614583,0.615385,0.597938,0.592233,0.595745,0.537736,0.683544,0.586777,0.607143,0.602273,0.676471,0.663265,0.551724,0.628319,0.686869,0.60396,0.597701,0.539823,0.677419,0.64486,0.601942,0.670103,0.650943,0.585106,0.598131,0.634409,0.62037,0.554348,0.677419,0.588785,0.623656,0.607477,0.59596,0.524752,0.563107,0.680412,0.594059,0.626263,0.552083,0.605769,0.588785,0.569892,0.565657,0.544554,0.589474,0.647619,0.56701,0.621359,0.606061,0.544554,0.565217,0.555556,0.622449,0.568627,0.62037,0.608696,0.531915,0.603774,
94800,0.582418,0.697248,0.61,0.48,0.606061,0.524752,0.570093,0.688172,0.628571,0.536842,0.638298,0.632075,0.614679,0.626374,0.621359,0.659794,0.553191,0.575472,0.510417,0.586538,0.607843,0.612245,0.699029,0.57732,0.653061,0.666667,0.570175,0.581395,0.528302,0.617021,0.563107,0.587629,0.641509,0.659574,0.519231,0.53125,0.515152,0.693069,0.505263,0.542857,0.543689,0.628866,0.636364,0.673267,0.52381,0.547368,0.539216,0.612245,0.542553,0.622642,0.619048,0.547368,0.623656,0.71028,0.458333,0.509615,0.585859,0.613861,0.587629,0.495146,0.580357,0.636364,0.571429,0.613636,0.60396,0.656566,0.55914,0.663551,0.701149,0.60177,0.58,0.63,0.566667,0.618182,0.576923,0.53125,0.57732,0.553398,0.663366,0.686869,0.609091,0.577778,0.634409,0.635514,0.553398,0.597938,0.608696,0.564815,0.547368,0.666667,0.505376,0.570093,0.522727,0.642857,0.621622,0.516854,0.637255,0.653061,0.706422,0.659341,
95000,0.627451,0.591837,0.576471,0.608696,0.657143,0.578947,0.65625,0.644231,0.533981,0.670103,0.612613,0.662921,0.546392,0.553398,0.585366,0.59322,0.622449,0.568627,0.578431,0.642857,0.50495,0.575758,0.628866,0.582524,0.547619,0.732759,0.52,0.64,0.552083,0.663462,0.590909,0.555556,0.566667,0.581818,0.60396,0.585859,0.59375,0.576923,0.580357,0.636364,0.670103,0.68932,0.571429,0.602273,0.541284,0.516484,0.609091,0.688889,0.563107,0.649485,0.518519,0.641304,0.649485,0.592233,0.718447,0.546392,0.485149,0.626263,0.536,0.613333,0.655172,0.610619,0.617647,0.581633,0.592593,0.532609,0.621359,0.659794,0.58,0.63,0.613861,0.585859,0.666667,0.540816,0.648649,0.617978,0.49505,0.646465,0.60396,0.707071,0.673267,0.636364,0.640777,0.56701,0.505882,0.582609,0.621622,0.617978,0.616071,0.636364,0.618557,0.601942,0.605042,0.604938,0.607843,0.510204,0.514851,0.646465,0.680412,0.650485,
95200,0.644231,0.53125,0.527473,0.550459,0.617978,0.54955,0.52809,0.585586,0.534884,0.535088,0.678571,0.590909,0.484536,0.582524,0.543478,0.648148,0.641304,0.527778,0.572917,0.586538,0.553398,0.597938,0.603774,0.585106,0.626087,0.694118,0.556818,0.589286,0.561798,0.621622,0.604396,0.633028,0.663265,0.578431,0.642857,0.625,0.54717,0.617021,0.64,0.53,0.666667,0.616822,0.653061,0.578431,0.578431,0.622449,0.676768,0.663366,0.607143,0.636364,0.666667,0.619469,0.606742,0.711712,0.541667,0.576923,0.634409,0.616822,0.625,0.541667,0.56044,0.642202,0.639175,0.514563,0.625,0.653846,0.455446,0.686869,0.615385,0.59375,0.569892,0.588785,0.645161,0.654206,0.619048,0.652632,0.611111,0.576087,0.523256,0.666667,0.650943,0.606383,0.65625,0.567308,0.583333,0.548077,0.61165,0.690722,0.533981,0.56701,0.678571,0.659091,0.676768,0.574257,0.59375,0.557692,0.537634,0.523364,0.59596,0.613861,
95400,0.730337,0.585586,0.62963,0.586957,0.564356,0.616162,0.608247,0.543689,0.535354,0.683168,0.538462,0.6875,0.543478,0.5,0.617647,0.663265,0.588785,0.55914,0.554455,0.616162,0.616822,0.623656,0.525253,0.60396,0.689655,0.584071,0.621359,0.587629,0.50495,0.626263,0.637255,0.642857,0.591304,0.647059,0.63,0.67,0.579439,0.612903,0.520408,0.666667,0.655914,0.551402,0.579545,0.580357,0.715686,0.561224,0.603774,0.617021,0.589474,0.542857,0.578431,0.683673,0.674157,0.630631,0.666667,0.581395,0.586957,0.574074,0.71875,0.557692,0.669643,0.715909,0.587156,0.549451,0.575472,0.595745,0.679612,0.556701,0.638889,0.576087,0.58,0.56,0.62766,0.632075,0.744681,0.603774,0.660377,0.585106,0.62069,0.619469,0.644444,0.681818,0.673684,0.580952,0.475728,0.597938,0.5625,0.586538,0.663366,0.606061,0.585859,0.594059,0.574257,0.59596,0.631068,0.57732,0.5625,0.625,0.572727,0.511111,
95600,0.69697,0.623762,0.57732,0.563107,0.537037,0.5,0.677419,0.607477,0.66,0.55,0.640449,0.594595,0.608696,0.583333,0.663158,0.685714,0.641509,0.62766,0.590476,0.610526,0.59,0.63,0.685185,0.728261,0.576923,0.645833,0.591837,0.578431,0.549451,0.642202,0.62,0.55,0.7,0.57,0.568807,0.681319,0.59,0.61,0.580645,0.551402,0.55,0.54,0.578947,0.571429,0.591837,0.627451,0.578431,0.642857,0.597938,0.601942,0.625,0.553571,0.663462,0.53125,0.581633,0.647059,0.582524,0.57732,0.578431,0.540816,0.65,0.6,0.62931,0.547619,0.605769,0.614583,0.59633,0.692308,0.587629,0.572816,0.557692,0.625,0.53125,0.663462,0.656863,0.540816,0.578431,0.5,0.533981,0.628866,0.616162,0.574257,0.644444,0.590909,0.477064,0.67033,0.60396,0.666667,0.529412,0.622449,0.659341,0.53211,0.642202,0.659341,0.681818,0.5625,0.544554,0.606061,0.643564,0.626263,
95800,0.590476,0.621053,0.605769,0.5625,0.635514,0.569892,0.712871,0.646465,0.539216,0.530612,0.568627,0.642857,0.5,0.598039,0.463918,0.660194,0.592233,0.628866,0.591398,0.635514,0.56,0.54,0.617647,0.663265,0.639175,0.601942,0.682692,0.583333,0.678571,0.560345,0.588889,0.563636,0.605769,0.59375,0.632075,0.5,0.602041,0.627451,0.755102,0.647059,0.65,0.52,0.569767,0.631579,0.653846,0.583333,0.55102,0.637255,0.511111,0.654545,0.5625,0.653846,0.613208,0.617021,0.619048,0.557895,0.591837,0.558824,0.613208,0.606383,0.625,0.625,0.514563,0.659794,0.686275,0.602041,0.645455,0.588889,0.5375,0.475,0.54902,0.602041,0.54717,0.617021,0.75,0.52,0.568966,0.571429,0.534653,0.717172,0.651163,0.649123,0.557522,0.586207,0.587629,0.592233,0.617978,0.675676,0.663462,0.572917,0.611111,0.51087,0.62766,0.641509,0.638889,0.521739,0.53125,0.538462,0.581633,0.529412,
96000,0.625,0.634615,0.57,0.58,0.604167,0.557692,0.601852,0.663043,0.535354,0.693069,0.579439,0.602151,0.595506,0.702703,0.565217,0.694444,0.580952,0.705263,0.525253,0.534653,0.631579,0.628571,0.558824,0.602041,0.638095,0.631579,0.579545,0.5625,0.588235,0.679012,0.56,0.48,0.65,0.66,0.584158,0.626263,0.663366,0.616162,0.548077,0.53125,0.545455,0.594059,0.585859,0.663366,0.607843,0.612245,0.637363,0.577982,0.51087,0.611111,0.684211,0.666667,0.652632,0.580952,0.585859,0.584158,0.479167,0.634615,0.601852,0.586957,0.558559,0.595506,0.576087,0.648148,0.648352,0.669725,0.587629,0.621359,0.471154,0.53125,0.634409,0.523364,0.59,0.54,0.731481,0.543478,0.568421,0.657143,0.572727,0.733333,0.566038,0.553191,0.69,0.65,0.61165,0.639175,0.646465,0.663366,0.56383,0.566038,0.638095,0.452632,0.616279,0.535088,0.583333,0.565217,0.555556,0.633663,0.587156,0.659341,
96200,0.643564,0.616162,0.612069,0.583333,0.515464,0.601942,0.634409,0.682243,0.606061,0.544554,0.557895,0.647619,0.627451,0.602041,0.666667,0.591837,0.597826,0.601852,0.5,0.578431,0.619048,0.673684,0.707547,0.531915,0.683761,0.626506,0.586538,0.625,0.683673,0.627451,0.561224,0.607843,0.59596,0.554455,0.505263,0.580952,0.50495,0.585859,0.576087,0.462963,0.642202,0.615385,0.610526,0.561905,0.640449,0.648649,0.504762,0.673684,0.561224,0.666667,0.655556,0.609091,0.662921,0.612613,0.591398,0.579439,0.50495,0.575758,0.654545,0.6,0.59633,0.604396,0.590476,0.515789,0.53913,0.529412,0.5,0.581633,0.54717,0.553191,0.513761,0.538462,0.6,0.533333,0.688679,0.574468,0.61,0.59,0.598131,0.709677,0.5875,0.658333,0.548077,0.677083,0.58,0.71,0.531915,0.632075,0.580952,0.568421,0.525253,0.594059,0.586538,0.635417,0.660194,0.597938,0.608247,0.61165,0.649485,0.572816,
96400,0.584158,0.545455,0.579439,0.548387,0.678899,0.582418,0.648352,0.605505,0.59,0.57,0.580645,0.607477,0.6,0.578947,0.539216,0.744898,0.747368,0.638095,0.548673,0.689655,0.612903,0.570093,0.59434,0.638298,0.647727,0.625,0.514563,0.443299,0.513514,0.606742,0.582524,0.680412,0.689655,0.619469,0.608247,0.621359,0.649485,0.572816,0.550562,0.621622,0.632075,0.585106,0.608247,0.504854,0.530612,0.480392,0.638095,0.705263,0.603774,0.585106,0.682692,0.666667,0.656566,0.584158,0.584071,0.586207,0.544444,0.636364,0.553191,0.584906,0.666667,0.615385,0.568421,0.6,0.552083,0.586538,0.524272,0.628866,0.521739,0.611111,0.574257,0.606061,0.628319,0.517241,0.706522,0.574074,0.635417,0.692308,0.63964,0.58427,0.613861,0.616162,0.603774,0.659574,0.64,0.66,0.629213,0.630631,0.583333,0.519231,0.673267,0.646465,0.653061,0.686275,0.595745,0.59434,0.608696,0.588235,0.548387,0.635514,
96600,0.639175,0.631068,0.681319,0.541284,0.701923,0.583333,0.598131,0.602151,0.564815,0.532609,0.577982,0.626374,0.570093,0.612903,0.554545,0.6,0.62,0.68,0.585859,0.633663,0.709677,0.691589,0.61,0.68,0.682353,0.608696,0.686869,0.663366,0.613861,0.59596,0.586957,0.601852,0.610526,0.580952,0.530612,0.578431,0.586957,0.657407,0.731959,0.572816,0.568627,0.581633,0.617021,0.622642,0.542857,0.621053,0.563636,0.655556,0.552083,0.615385,0.62,0.56,0.613208,0.606383,0.584906,0.574468,0.59,0.61,0.622807,0.546512,0.604167,0.682692,0.644231,0.5625,0.666667,0.6,0.5,0.696078,0.577982,0.604396,0.604167,0.557692,0.662791,0.640351,0.697917,0.634615,0.62,0.66,0.686869,0.673267,0.642202,0.516484,0.52,0.58,0.494845,0.592233,0.594059,0.575758,0.587156,0.626374,0.64,0.59,0.648649,0.640449,0.606383,0.537736,0.583333,0.586538,0.593023,0.535088,
96800,0.62,0.62,0.563107,0.639175,0.680412,0.592233,0.594059,0.666667,0.636364,0.623762,0.646018,0.62069,0.647727,0.517857,0.56701,0.679612,0.61,0.67,0.603604,0.573034,0.537736,0.617021,0.623656,0.654206,0.625,0.614583,0.530612,0.676471,0.616822,0.634409,0.544554,0.676768,0.55,0.56,0.49505,0.585859,0.5,0.62,0.572917,0.557692,0.514286,0.610526,0.61165,0.57732,0.513274,0.586207,0.5,0.555556,0.557692,0.604167,0.636364,0.663366,0.669903,0.659794,0.54902,0.581633,0.652174,0.62037,0.642105,0.571429,0.701923,0.604167,0.588235,0.591837,0.638554,0.683761,0.598039,0.653061,0.590476,0.484211,0.621622,0.550562,0.62766,0.603774,0.645833,0.605769,0.524752,0.636364,0.54,0.64,0.623529,0.608696,0.553191,0.632075,0.556701,0.61165,0.618557,0.592233,0.574074,0.630435,0.663265,0.637255,0.555556,0.576087,0.65,0.53,0.614583,0.634615,0.571429,0.5,
97000,0.656566,0.673267,0.586538,0.489583,0.657407,0.576087,0.666667,0.673267,0.660194,0.659794,0.582524,0.57732,0.602151,0.588785,0.476636,0.655914,0.591837,0.578431,0.485149,0.717172,0.639175,0.660194,0.641509,0.553191,0.680412,0.660194,0.560748,0.612903,0.621359,0.731959,0.647619,0.568421,0.612245,0.558824,0.654545,0.633333,0.58,0.64,0.563107,0.505155,0.663366,0.484848,0.692308,0.572917,0.574074,0.641304,0.610526,0.542857,0.528846,0.65625,0.516129,0.598131,0.603774,0.648936,0.597938,0.563107,0.646465,0.663366,0.566667,0.518182,0.679245,0.691489,0.626374,0.66055,0.625,0.567308,0.574074,0.641304,0.525773,0.563107,0.557895,0.609524,0.585106,0.613208,0.655914,0.588785,0.479167,0.644231,0.607843,0.673469,0.56383,0.603774,0.609524,0.6,0.590361,0.564103,0.612903,0.64486,0.525253,0.613861,0.675676,0.573034,0.576087,0.601852,0.515464,0.631068,0.536364,0.6,0.588785,0.645161,
97200,0.553191,0.603774,0.53125,0.538462,0.576087,0.592593,0.622449,0.627451,0.672566,0.517241,0.581633,0.656863,0.606383,0.518868,0.606061,0.643564,0.6,0.66,0.670103,0.553398,0.651163,0.45614,0.688679,0.62766,0.77,0.76,0.726415,0.659574,0.612613,0.662921,0.587629,0.621359,0.656566,0.673267,0.606061,0.584158,0.613636,0.633929,0.59596,0.554455,0.583333,0.603448,0.566038,0.585106,0.586538,0.5625,0.607477,0.634409,0.580247,0.605042,0.619048,0.578947,0.610526,0.552381,0.59375,0.586538,0.609091,0.555556,0.575472,0.553191,0.669903,0.57732,0.592233,0.680412,0.663158,0.552381,0.582524,0.556701,0.573034,0.513514,0.57732,0.61165,0.56383,0.566038,0.727273,0.564356,0.545455,0.594059,0.656863,0.642857,0.663366,0.585859,0.574074,0.684783,0.609524,0.642105,0.637097,0.618421,0.588235,0.581633,0.601942,0.57732,0.662651,0.555556,0.672727,0.544444,0.510204,0.490196,0.704762,0.515789,
97400,0.693878,0.666667,0.571429,0.578431,0.690722,0.543689,0.721649,0.572816,0.617021,0.566038,0.666667,0.524752,0.525773,0.61165,0.580952,0.642105,0.654206,0.612903,0.619565,0.611111,0.633929,0.681818,0.693878,0.490196,0.640351,0.534884,0.654545,0.677778,0.605769,0.572917,0.543478,0.694444,0.692308,0.677083,0.651685,0.603604,0.569892,0.598131,0.637255,0.540816,0.657407,0.554348,0.536364,0.544444,0.59434,0.606383,0.541284,0.714286,0.577778,0.645455,0.628866,0.640777,0.542056,0.655914,0.5,0.648936,0.658824,0.556522,0.61165,0.525773,0.511628,0.710526,0.523364,0.580645,0.693694,0.561798,0.616071,0.590909,0.603774,0.659574,0.595745,0.735849,0.556604,0.574468,0.727273,0.580357,0.578947,0.533333,0.494949,0.742574,0.619565,0.453704,0.628571,0.6,0.550459,0.582418,0.614458,0.598291,0.64,0.61,0.541667,0.557692,0.699029,0.680412,0.561798,0.576577,0.580645,0.616822,0.603774,0.638298,
97600,0.613861,0.656566,0.553398,0.597938,0.62037,0.51087,0.630435,0.638889,0.601942,0.536082,0.573034,0.621622,0.596154,0.510417,0.552381,0.705263,0.686047,0.570175,0.468468,0.58427,0.563107,0.57732,0.632075,0.62766,0.703704,0.722689,0.531532,0.719101,0.574074,0.706522,0.601852,0.543478,0.53,0.64,0.458333,0.586538,0.475728,0.639175,0.622642,0.521277,0.604167,0.605769,0.609524,0.568421,0.548077,0.5625,0.609195,0.566372,0.557692,0.541667,0.72973,0.617978,0.49505,0.616162,0.677778,0.472727,0.622449,0.637255,0.653846,0.583333,0.576923,0.614583,0.672,0.586667,0.641509,0.617021,0.59596,0.633663,0.572917,0.567308,0.616162,0.60396,0.726316,0.67619,0.61,0.58,0.611111,0.545455,0.55102,0.686275,0.631579,0.628571,0.542553,0.584906,0.597826,0.657407,0.673267,0.616162,0.516129,0.579439,0.7,0.554545,0.62,0.62,0.679245,0.446809,0.628866,0.553398,0.631068,0.556701,
97800,0.688172,0.616822,0.545455,0.533333,0.608247,0.592233,0.659574,0.688679,0.649485,0.631068,0.628319,0.609195,0.612245,0.607843,0.619048,0.631579,0.578947,0.580952,0.616279,0.587719,0.461538,0.642202,0.619048,0.673684,0.67619,0.663158,0.61165,0.618557,0.662921,0.531532,0.631068,0.597938,0.584906,0.723404,0.524272,0.525773,0.657407,0.652174,0.572816,0.597938,0.598039,0.479592,0.524272,0.556701,0.548077,0.5625,0.54902,0.653061,0.517544,0.627907,0.594059,0.69697,0.586538,0.677083,0.586957,0.675926,0.534653,0.59596,0.61,0.56,0.541667,0.625,0.576471,0.565217,0.605769,0.552083,0.576923,0.59375,0.621359,0.556701,0.590476,0.589474,0.772277,0.515152,0.736364,0.533333,0.635417,0.634615,0.568807,0.549451,0.595745,0.575472,0.580645,0.635514,0.49505,0.59596,0.610169,0.634146,0.579545,0.607143,0.61,0.57,0.57,0.65,0.650943,0.542553,0.585859,0.613861,0.608696,0.546296,
98000,0.59,0.62,0.61165,0.618557,0.550562,0.585586,0.634615,0.729167,0.647619,0.663158,0.714286,0.715789,0.522936,0.516484,0.521739,0.583333,0.632653,0.588235,0.632184,0.628319,0.505051,0.693069,0.623656,0.663551,0.634783,0.635294,0.598214,0.659091,0.584158,0.69697,0.657658,0.730337,0.60396,0.575758,0.519608,0.561224,0.543478,0.509259,0.530973,0.494253,0.623656,0.588785,0.5,0.54717,0.561905,0.547368,0.635514,0.602151,0.530612,0.607843,0.65625,0.605769,0.591837,0.676471,0.637255,0.530612,0.652174,0.574074,0.572816,0.546392,0.576087,0.62963,0.712871,0.707071,0.6,0.536842,0.521277,0.632075,0.676768,0.594059,0.705263,0.561905,0.646018,0.62069,0.67033,0.587156,0.63964,0.573034,0.598039,0.632653,0.659091,0.544643,0.537736,0.56383,0.58,0.57,0.598039,0.683673,0.621622,0.539326,0.596154,0.625,0.585106,0.641509,0.709677,0.514019,0.597701,0.584071,0.616071,0.613636,
98200,0.564815,0.597826,0.584071,0.655172,0.590909,0.616071,0.752294,0.659341,0.571429,0.604938,0.619469,0.586207,0.586207,0.654762,0.594059,0.535354,0.647727,0.526786,0.632184,0.557522,0.721154,0.59375,0.590476,0.536842,0.678571,0.612069,0.666667,0.594059,0.638095,0.557895,0.604167,0.634615,0.617978,0.567568,0.574468,0.575472,0.528846,0.625,0.575758,0.633663,0.584158,0.565657,0.666667,0.581633,0.534091,0.625,0.631068,0.670103,0.484848,0.683168,0.652632,0.6,0.56,0.62,0.588785,0.612903,0.641509,0.606383,0.61165,0.587629,0.651376,0.538462,0.591837,0.617647,0.606383,0.650943,0.5,0.613208,0.583333,0.586957,0.546392,0.533981,0.564815,0.608696,0.670103,0.533981,0.626263,0.584158,0.683673,0.676471,0.494624,0.53271,0.555556,0.581818,0.623656,0.616822,0.628319,0.632184,0.6,0.56,0.623762,0.585859,0.598214,0.670455,0.606061,0.584158,0.590476,0.547368,0.693069,0.626263,
98400,0.578431,0.632653,0.556701,0.601942,0.583333,0.663043,0.663366,0.585859,0.604396,0.559633,0.558824,0.642857,0.525773,0.582524,0.632479,0.60241,0.55,0.71,0.635593,0.609756,0.616162,0.534653,0.647727,0.625,0.633663,0.69697,0.694737,0.571429,0.642857,0.539216,0.633663,0.575758,0.710526,0.465116,0.623762,0.707071,0.450549,0.614679,0.544444,0.590909,0.56701,0.640777,0.550562,0.567568,0.5625,0.644231,0.621359,0.670103,0.518182,0.677778,0.669643,0.636364,0.516129,0.607477,0.572727,0.622222,0.524272,0.670103,0.602151,0.53271,0.659574,0.679245,0.627451,0.632653,0.6,0.59,0.663265,0.676471,0.638298,0.575472,0.646465,0.584158,0.584071,0.517241,0.65625,0.663462,0.54902,0.591837,0.659341,0.669725,0.589474,0.628571,0.565657,0.633663,0.616279,0.561404,0.614583,0.730769,0.495575,0.643678,0.623853,0.527473,0.631579,0.657143,0.55,0.6,0.683168,0.525253,0.575758,0.613861,
98600,0.644231,0.520833,0.628571,0.663158,0.6625,0.491667,0.670455,0.526786,0.653061,0.617647,0.606061,0.534653,0.56383,0.537736,0.625,0.669643,0.616162,0.663366,0.589744,0.662651,0.574468,0.622642,0.595745,0.632075,0.642202,0.67033,0.6875,0.634615,0.644231,0.666667,0.542857,0.589474,0.590909,0.477778,0.484536,0.582524,0.444444,0.643564,0.49505,0.636364,0.577778,0.627273,0.6,0.588889,0.545455,0.653465,0.638889,0.576087,0.593407,0.605505,0.626263,0.673267,0.611111,0.663043,0.524272,0.525773,0.595745,0.528302,0.68,0.56,0.584906,0.670213,0.642105,0.666667,0.616162,0.613861,0.565217,0.601852,0.641304,0.555556,0.528846,0.677083,0.577586,0.547619,0.663636,0.6,0.557522,0.632184,0.516129,0.682243,0.604396,0.66055,0.591837,0.637255,0.524752,0.59596,0.625,0.625,0.623762,0.575758,0.621053,0.685714,0.567308,0.583333,0.57,0.6,0.604167,0.644231,0.632653,0.647059,
98800,0.706522,0.62037,0.535354,0.534653,0.626263,0.584158,0.543478,0.592593,0.575758,0.49505,0.571429,0.54902,0.553398,0.56701,0.635417,0.586538,0.627451,0.591837,0.639175,0.495146,0.616822,0.655914,0.697674,0.622807,0.622449,0.666667,0.682927,0.584746,0.542056,0.591398,0.604167,0.5,0.641304,0.694444,0.52,0.46,0.561798,0.567568,0.649485,0.669903,0.651685,0.63964,0.574468,0.59434,0.568627,0.540816,0.595506,0.567568,0.576577,0.617978,0.555556,0.623762,0.747368,0.580952,0.648649,0.606742,0.567308,0.552083,0.55102,0.627451,0.676768,0.663366,0.552083,0.644231,0.666667,0.602041,0.587629,0.514563,0.618557,0.631068,0.62963,0.608696,0.663636,0.466667,0.673684,0.6,0.578947,0.647619,0.576923,0.583333,0.616162,0.613861,0.566667,0.563636,0.574257,0.606061,0.644231,0.604167,0.494949,0.70297,0.654762,0.603448,0.59,0.65,0.605505,0.593407,0.587629,0.621359,0.636364,0.683168,
99000,0.543478,0.601852,0.552083,0.538462,0.5625,0.634615,0.680412,0.621359,0.622222,0.581818,0.576087,0.694444,0.546296,0.597826,0.593407,0.706422,0.65,0.55,0.633028,0.615385,0.615385,0.623853,0.683168,0.535354,0.66,0.6,0.631579,0.6,0.565657,0.60396,0.646465,0.673267,0.539216,0.55102,0.680851,0.622642,0.621359,0.670103,0.634409,0.616822,0.647059,0.53913,0.688172,0.588785,0.61,0.54,0.607143,0.568182,0.605769,0.614583,0.581633,0.647059,0.564356,0.707071,0.612245,0.578431,0.614583,0.634615,0.561798,0.558559,0.642857,0.598039,0.54955,0.606742,0.623853,0.659341,0.59375,0.701923,0.551724,0.575221,0.673913,0.666667,0.557692,0.53125,0.682692,0.614583,0.578431,0.622449,0.613861,0.616162,0.581818,0.588889,0.619469,0.54023,0.510638,0.471698,0.568627,0.591837,0.509259,0.641304,0.669811,0.638298,0.601942,0.639175,0.588235,0.530435,0.65625,0.682692,0.554348,0.583333,
99200,0.663265,0.647059,0.571429,0.578947,0.731183,0.551402,0.526316,0.638095,0.557692,0.583333,0.598039,0.571429,0.571429,0.536842,0.566265,0.57265,0.525253,0.564356,0.472527,0.605505,0.623762,0.59596,0.705263,0.638095,0.669725,0.593407,0.666667,0.568966,0.574468,0.603774,0.545455,0.589286,0.555556,0.633663,0.567308,0.625,0.53,0.64,0.6,0.484211,0.607843,0.540816,0.490741,0.641304,0.578947,0.639535,0.617978,0.666667,0.55914,0.570093,0.585859,0.663366,0.622642,0.585106,0.525773,0.621359,0.660194,0.56701,0.583333,0.608696,0.602151,0.64486,0.730769,0.666667,0.512605,0.604938,0.666667,0.622449,0.635417,0.605769,0.565657,0.633663,0.617021,0.537736,0.7,0.53,0.605769,0.677083,0.670886,0.644628,0.610526,0.514286,0.601852,0.586957,0.454545,0.623762,0.534653,0.626263,0.608247,0.640777,0.628571,0.589474,0.642857,0.636364,0.626263,0.574257,0.613208,0.62766,0.64486,0.623656,
99400,0.59596,0.653465,0.603604,0.595506,0.541667,0.538462,0.59633,0.571429,0.619565,0.62963,0.536364,0.644444,0.544554,0.606061,0.518868,0.638298,0.693878,0.519608,0.631068,0.57732,0.545455,0.623762,0.56701,0.669903,0.666667,0.705263,0.5625,0.576923,0.525773,0.485437,0.526786,0.534091,0.52381,0.557895,0.536842,0.580952,0.632075,0.606383,0.616162,0.613861,0.607143,0.579545,0.568627,0.510204,0.484536,0.582524,0.580645,0.616822,0.563636,0.611111,0.582524,0.628866,0.458333,0.586538,0.5,0.5625,0.581197,0.590361,0.649485,0.631068,0.605769,0.625,0.655556,0.545455,0.72449,0.5,0.544554,0.626263,0.513514,0.516854,0.660377,0.56383,0.6,0.611111,0.69,0.51,0.63,0.66,0.478723,0.641509,0.509434,0.542553,0.632653,0.568627,0.519608,0.510204,0.646465,0.663366,0.56,0.66,0.54,0.5,0.663043,0.648148,0.571429,0.545455,0.685185,0.597826,0.722772,0.636364,
99600,0.63,0.59,0.697917,0.567308,0.6,0.466667,0.6,0.663158,0.597938,0.446602,0.614583,0.625,0.574468,0.603774,0.708333,0.644231,0.632653,0.676471,0.513274,0.586207,0.663265,0.666667,0.613861,0.666667,0.700855,0.662651,0.523364,0.548387,0.515152,0.683168,0.422222,0.454545,0.524752,0.525253,0.533333,0.6,0.532609,0.694444,0.603774,0.489362,0.631579,0.666667,0.615385,0.53211,0.59633,0.56044,0.6875,0.625,0.691589,0.645161,0.594059,0.59596,0.6,0.62,0.570093,0.55914,0.636364,0.60396,0.66055,0.505495,0.721154,0.583333,0.615385,0.572917,0.556522,0.611765,0.537736,0.648936,0.582524,0.536082,0.623762,0.686869,0.604396,0.642202,0.740385,0.572917,0.574257,0.727273,0.582418,0.59633,0.650485,0.57732,0.647059,0.591837,0.545455,0.534653,0.616071,0.545455,0.5,0.606383,0.640449,0.531532,0.588785,0.634409,0.55,0.6,0.511111,0.672727,0.634409,0.635514,
99800,0.593407,0.495413,0.608247,0.533981,0.64,0.59,0.569767,0.657895,0.580645,0.560748,0.66,0.61,0.614583,0.634615,0.65625,0.625,0.64486,0.666667,0.582524,0.608247,0.647059,0.642857,0.681818,0.655556,0.616162,0.643564,0.652632,0.628571,0.677686,0.708861,0.675926,0.641304,0.670213,0.622642,0.50495,0.59596,0.550562,0.630631,0.520408,0.490196,0.588785,0.569892,0.5625,0.509615,0.520833,0.519231,0.654206,0.505376,0.64,0.68,0.595745,0.613208,0.59434,0.585106,0.5625,0.596154,0.654206,0.55914,0.598039,0.653061,0.556701,0.631068,0.64,0.62,0.633333,0.563636,0.610526,0.552381,0.614583,0.557692,0.516484,0.66055,0.586538,0.604167,0.641304,0.555556,0.649485,0.582524,0.608247,0.679612,0.548387,0.588785,0.673913,0.601852,0.575472,0.56383,0.594059,0.666667,0.564103,0.722892,0.62,0.52,0.61165,0.639175,0.673469,0.529412,0.606061,0.613861,0.623656,0.560748,
100000,0.631579,0.685714,0.571429,0.627451,0.604167,0.625,0.605505,0.703297,0.581818,0.611111,0.631579,0.552381,0.598039,0.520408,0.615385,0.651376,0.653465,0.515152,0.58,0.68,0.573913,0.670588,0.654321,0.596639,0.64,0.65,0.49505,0.59596,0.589474,0.628571,0.645833,0.567308,0.657143,0.642105,0.62963,0.597826,0.61,0.69,0.547368,0.552381,0.606061,0.613861,0.556818,0.607143,0.504587,0.549451,0.634409,0.616822,0.574257,0.585859,0.554348,0.592593,0.553191,0.622642,0.613861,0.575758,0.571429,0.642202,0.57,0.58,0.543478,0.611111,0.663717,0.62069,0.666667,0.596154,0.608696,0.537037,0.526316,0.647619,0.630631,0.617978,0.54902,0.55102,0.641509,0.542553,0.585106,0.584906,0.573034,0.684685,0.613208,0.670213,0.588235,0.561224,0.571429,0.587156,0.591837,0.627451,0.581633,0.666667,0.625,0.666667,0.602041,0.607843,0.642857,0.539216,0.542056,0.537634,0.616071,0.693182,
