mc_step,l = 0_K,l = 0_gamma,l = 1_K,l = 1_gamma,l = 2_K,l = 2_gamma,l = 3_K,l = 3_gamma,l = 4_K,l = 4_gamma,l = 5_K,l = 5_gamma,l = 6_K,l = 6_gamma,l = 7_K,l = 7_gamma,l = 8_K,l = 8_gamma,l = 9_K,l = 9_gamma,l = 10_K,l = 10_gamma,l = 11_K,l = 11_gamma,l = 12_K,l = 12_gamma,l = 13_K,l = 13_gamma,l = 14_K,l = 14_gamma,l = 15_K,l = 15_gamma,l = 16_K,l = 16_gamma,l = 17_K,l = 17_gamma,l = 18_K,l = 18_gamma,l = 19_K,l = 19_gamma,l = 20_K,l = 20_gamma,l = 21_K,l = 21_gamma,l = 22_K,l = 22_gamma,l = 23_K,l = 23_gamma,l = 24_K,l = 24_gamma,l = 25_K,l = 25_gamma,l = 26_K,l = 26_gamma,l = 27_K,l = 27_gamma,l = 28_K,l = 28_gamma,l = 29_K,l = 29_gamma,l = 30_K,l = 30_gamma,l = 31_K,l = 31_gamma,l = 32_K,l = 32_gamma,l = 33_K,l = 33_gamma,l = 34_K,l = 34_gamma,l = 35_K,l = 35_gamma,l = 36_K,l = 36_gamma,l = 37_K,l = 37_gamma,l = 38_K,l = 38_gamma,l = 39_K,l = 39_gamma,l = 40_K,l = 40_gamma,l = 41_K,l = 41_gamma,l = 42_K,l = 42_gamma,l = 43_K,l = 43_gamma,l = 44_K,l = 44_gamma,l = 45_K,l = 45_gamma,l = 46_K,l = 46_gamma,l = 47_K,l = 47_gamma,l = 48_K,l = 48_gamma,l = 49_K,l = 49_gamma,
200,0.014,0.014,0.014,0.014,0.014,0.013901,0.0138913,0.0138148,0.014,0.014,0.0139091,0.014,0.014,0.014,0.014,0.014,0.014,0.014,0.014,0.0138936,0.014,0.014,0.014,0.014,0.014,0.014,0.014,0.0137959,0.014,0.013798,0.013901,0.013899,0.014,0.0138165,0.014,0.0137,0.014,0.0131489,0.013633,0.0134505,0.0133478,0.0124259,0.0127129,0.0117778,0.012022,0.0114312,0.0110874,0.0110103,0.0105789,0.0106129,0.01,0.01,0.0105556,0.01,0.00918868,0.00825532,0.00830233,0.0094386,0.00870588,0.00889796,0.00832692,0.00910417,0.00821569,0.00889796,0.00806593,0.00822018,0.00811765,0.00757143,0.0088,0.0086,0.008,0.00863158,0.00739806,0.0082268,0.00752273,0.008375,0.00679356,0.0063575,0.00455644,0.00499132,0.00340938,0.00298999,0.00206417,0.00220447,0.00141023,0.00137668,0.000978231,0.000931467,0.000648375,0.000630997,0.000356541,0.000467111,0.000247346,0.000305609,0.000137538,0.000222772,8.85265e-05,0.000130632,9.90099e-05,9.29917e-05,
400,0.0194667,0.0194526,0.0194571,0.0194627,0.0196,0.019321,0.0194478,0.0192026,0.01946,0.01946,0.0193463,0.0196,0.0196,0.0196,0.0194478,0.0194704,0.0196,0.0193255,0.0196,0.0191961,0.0194704,0.0194478,0.0194641,0.0193113,0.0196,0.01932,0.0196,0.0193143,0.0196,0.018697,0.0193069,0.0193322,0.0192147,0.0191913,0.0194511,0.0190508,0.0185684,0.0176571,0.0167153,0.0180835,0.0068646,0.0151727,0.00556945,0.0135135,0.00654392,0.0144499,0.00628285,0.0131123,0.00634737,0.0121566,0.0062449,0.01,0.00955441,0.00778641,0.00720958,0.00527996,0.00692699,0.00685934,0.0079159,0.00549352,0.00669357,0.00544353,0.00651112,0.00547272,0.00591502,0.00494792,0.00562109,0.00472006,0.00596948,0.00569437,0.00632,0.00586947,0.00559615,0.0054513,0.00588294,0.00614167,0.00418421,0.00424591,0.00295084,0.00383543,0.00209433,0.00251511,0.00173867,0.00170846,0.00114303,0.00120623,0.000801518,0.000799146,0.0005586,0.000561325,0.000289883,0.000424725,0.000208062,0.000278167,0.000113204,0.000209777,8.85265e-05,0.000120131,8.95804e-05,8.22242e-05,
600,0.027078,0.0270151,0.0270454,0.0272478,0.0272568,0.0270494,0.027227,0.0268836,0.027244,0.0270278,0.0269236,0.02744,0.02744,0.0272618,0.0270485,0.0272585,0.026606,0.0265087,0.02744,0.0268746,0.0268258,0.0270502,0.0266415,0.0266645,0.0272533,0.0268446,0.0272358,0.0266686,0.0272379,0.0259943,0.0266754,0.0268527,0.026538,0.0266636,0.0259053,0.0254804,0.0160416,0.02232,0.0105287,0.0217962,0.00370541,0.0181222,0.0039605,0.0151105,0.0046261,0.0167269,0.00427234,0.0145546,0.00457011,0.0121566,0.00535467,0.00833962,0.00955441,0.00704875,0.00720958,0.0046958,0.00692699,0.00527871,0.00712431,0.0046092,0.0058511,0.00444555,0.00613384,0.00407218,0.00439567,0.0036453,0.00470019,0.004159,0.00517355,0.00407597,0.00483854,0.00404829,0.00475102,0.00421139,0.00473815,0.0045959,0.00337105,0.00314378,0.00233384,0.00285527,0.00184612,0.00188086,0.00145382,0.00147315,0.000907495,0.000948264,0.000617799,0.000672435,0.000465851,0.000469363,0.000244112,0.000360005,0.000168341,0.000253441,9.334e-05,0.000186568,8.85265e-05,0.000108118,7.49218e-05,7.5829e-05,
800,0.0371205,0.0378212,0.0375597,0.0379015,0.0376144,0.0378691,0.0375732,0.0376371,0.0378389,0.0378389,0.0374238,0.038416,0.0381496,0.0378855,0.0371024,0.0378719,0.0369712,0.0371122,0.0378062,0.0373801,0.0360233,0.0375855,0.0360172,0.0370526,0.0357049,0.0370988,0.035727,0.0370639,0.0362638,0.0353311,0.0317141,0.0361291,0.0206407,0.0344203,0.0149978,0.0303338,0.0114732,0.0273213,0.00952901,0.0217962,0.00478038,0.0181222,0.00471299,0.0135994,0.00512726,0.0137675,0.0049443,0.012574,0.00530132,0.01009,0.00535467,0.00723372,0.00792927,0.00623018,0.00633189,0.0046958,0.00559063,0.00441712,0.00554728,0.00393445,0.00523915,0.00368346,0.00447707,0.00309169,0.0034677,0.00256756,0.00331487,0.00297071,0.00349073,0.00275221,0.00314505,0.00235891,0.00285061,0.00252684,0.00286223,0.002334,0.00195166,0.00179644,0.00161996,0.00166654,0.00126017,0.00110065,0.00100834,0.000961591,0.000629419,0.000660658,0.000454977,0.000478658,0.000402103,0.000335259,0.000227838,0.000268367,0.000153157,0.000194477,9.334e-05,0.000147997,7.79714e-05,9.61796e-05,6.81641e-05,6.5151e-05,
1000,0.0507582,0.0525994,0.0525836,0.0526831,0.0511994,0.0514551,0.0515081,0.0515279,0.0508245,0.0512852,0.0507519,0.0519956,0.0515575,0.0522585,0.0507959,0.0522853,0.0493998,0.0498564,0.0521649,0.0512219,0.0482926,0.0518604,0.0496737,0.0515173,0.0482867,0.0511573,0.047566,0.051133,0.0422751,0.0470816,0.0368638,0.0436468,0.0218082,0.0383054,0.0172475,0.0337172,0.0142162,0.0273213,0.0119793,0.0199608,0.00613267,0.0181222,0.00610725,0.0135994,0.00667905,0.0126281,0.00554332,0.0106617,0.00624378,0.00883123,0.00585444,0.00636567,0.00792927,0.00582967,0.00633189,0.00435429,0.00462327,0.00367696,0.00461086,0.00325997,0.00415023,0.00286408,0.00354819,0.00266617,0.00286008,0.00214849,0.0024734,0.0020238,0.00248303,0.00174502,0.00211298,0.00179472,0.00165578,0.00151133,0.00174747,0.00142211,0.00119154,0.00106076,0.00100972,0.00101024,0.000869521,0.000638379,0.000609119,0.000620321,0.000444955,0.000444443,0.000353768,0.000294703,0.000292298,0.000221411,0.000181449,0.000182731,0.000126468,0.00014851,9.334e-05,0.000105448,7.79714e-05,8.10128e-05,6.46077e-05,5.74862e-05,
1200,0.0688155,0.0700117,0.0671594,0.0725311,0.0687254,0.0698932,0.0668012,0.0686371,0.0684509,0.0703478,0.0678473,0.0722987,0.0697018,0.0698958,0.0654127,0.0706365,0.0667142,0.0692954,0.0676531,0.0677322,0.0625791,0.0681166,0.0658637,0.0682044,0.0591844,0.0626255,0.0627871,0.0618709,0.0541849,0.056674,0.0479634,0.0478914,0.0275783,0.0383054,0.0210601,0.0298638,0.0182226,0.0273213,0.0151106,0.0199608,0.00766005,0.01631,0.00735389,0.0135994,0.00747219,0.0126281,0.00642812,0.0106617,0.00715197,0.00784998,0.00630213,0.00636567,0.00690761,0.00582967,0.00561157,0.00399063,0.00462327,0.00334462,0.00419411,0.00279814,0.003433,0.0024448,0.00283092,0.00228742,0.00258882,0.00175634,0.002123,0.00164628,0.00184388,0.00145671,0.00163002,0.00119018,0.00124329,0.0010263,0.00113585,0.000951719,0.000885145,0.000681118,0.000740465,0.00067608,0.00060025,0.000493998,0.000538589,0.000454902,0.000388751,0.00033439,0.000311021,0.000228395,0.000207918,0.000201625,0.0001589,0.000163516,0.000126468,0.000124033,8.26197e-05,9.43702e-05,7.79714e-05,7.6521e-05,6.46077e-05,4.99411e-05,
1400,0.0932833,0.094834,0.091282,0.0958549,0.0912043,0.0958344,0.0874489,0.0936407,0.089964,0.0933034,0.0918305,0.0967787,0.0909792,0.089866,0.088206,0.0920331,0.0827863,0.0914452,0.0845364,0.0924895,0.0839654,0.0883409,0.0867771,0.08754,0.0758263,0.0800848,0.077539,0.075776,0.0685366,0.0666078,0.0591549,0.0503416,0.033726,0.0383054,0.0244216,0.0298638,0.0214407,0.023816,0.0181327,0.0199608,0.00941092,0.01631,0.00886969,0.0135994,0.00916487,0.0119843,0.00642812,0.0100613,0.00779564,0.00839948,0.0068089,0.00594541,0.00690761,0.00527615,0.00561157,0.00399063,0.00462327,0.00334462,0.00371115,0.00279814,0.00287306,0.0024448,0.00283092,0.00204713,0.00258882,0.00149572,0.00197846,0.00134187,0.00164978,0.00113762,0.00129786,0.00096987,0.00108404,0.000863572,0.000847522,0.000697927,0.000737621,0.00059443,0.000599776,0.000534103,0.000516686,0.000384109,0.000460249,0.000357616,0.000321568,0.000302675,0.000279919,0.000194575,0.000193364,0.000181463,0.0001589,0.000136428,0.000126468,0.000102976,8.26197e-05,7.61546e-05,7.34534e-05,7.17487e-05,5.84489e-05,4.41415e-05,
1600,0.127798,0.130871,0.125932,0.127619,0.121427,0.130257,0.116466,0.123572,0.119589,0.124158,0.118149,0.127034,0.121127,0.11114,0.115542,0.122642,0.110057,0.119276,0.111,0.119209,0.104774,0.111408,0.114939,0.108587,0.101849,0.0949576,0.0997615,0.0847514,0.0857437,0.0666078,0.0683299,0.0503416,0.0406103,0.0383054,0.0282626,0.0316495,0.0251625,0.023816,0.0225227,0.0212915,0.011179,0.01631,0.00952324,0.0128223,0.0101009,0.0112381,0.00749368,0.00843343,0.00779564,0.00839948,0.00752221,0.00594541,0.00645622,0.00527615,0.00561157,0.00399063,0.00434505,0.00352915,0.00390807,0.00279814,0.0026598,0.00230713,0.00283092,0.00204713,0.00238277,0.00149572,0.00178969,0.00124455,0.00152564,0.000937678,0.00129786,0.000886738,0.000970157,0.00075584,0.000847522,0.000645075,0.000737621,0.000521599,0.000522158,0.000502493,0.000478906,0.000343903,0.000356112,0.000327165,0.000268717,0.000237248,0.000279919,0.000167795,0.000193364,0.000147205,0.000135322,0.000117048,0.000126468,9.21688e-05,8.84031e-05,6.85391e-05,7.34534e-05,6.3167e-05,5.84489e-05,4.41415e-05,
1800,0.171544,0.169587,0.159933,0.162076,0.161745,0.164902,0.150112,0.158319,0.158136,0.159742,0.146145,0.157851,0.159378,0.140778,0.153506,0.152187,0.135953,0.151429,0.140795,0.151645,0.135602,0.1316,0.149862,0.123744,0.128351,0.100105,0.118505,0.0959956,0.102892,0.0666078,0.0781092,0.0555418,0.0502689,0.0402852,0.0330254,0.0316495,0.0276543,0.023816,0.0245702,0.0191623,0.0133943,0.0172778,0.0113485,0.0128223,0.0113173,0.0100618,0.00837172,0.00843343,0.00779564,0.00760469,0.00752221,0.0055986,0.00645622,0.00527615,0.00507713,0.00399063,0.00467732,0.00352915,0.00357007,0.00279814,0.00281025,0.00230713,0.00267421,0.00179589,0.00238277,0.00131363,0.00164022,0.00114864,0.00137308,0.000937678,0.00121443,0.000828294,0.000898672,0.000671467,0.000739227,0.000608614,0.000672241,0.000492725,0.000522158,0.000447219,0.000443109,0.000343903,0.000306536,0.000267742,0.000235873,0.000237248,0.000245417,0.000156903,0.000169044,0.000137487,0.000125507,0.000117048,0.00011957,9.21688e-05,8.84031e-05,6.33488e-05,7.34534e-05,5.65495e-05,5.84489e-05,4.75589e-05,
2000,0.212715,0.201808,0.203116,0.19287,0.202095,0.203122,0.193477,0.197555,0.199065,0.193079,0.180714,0.20126,0.191253,0.179659,0.19766,0.176044,0.165363,0.177855,0.181625,0.174391,0.169859,0.156667,0.187187,0.132432,0.156685,0.107134,0.14739,0.107626,0.115201,0.073197,0.0944332,0.0555418,0.0576823,0.0402852,0.0376617,0.0316495,0.0314532,0.023816,0.0245702,0.0181332,0.0154747,0.0172778,0.0134095,0.0128223,0.0122585,0.00941135,0.00962748,0.00843343,0.00779564,0.00647861,0.00752221,0.0055986,0.00645622,0.00472292,0.00539779,0.00399063,0.00467732,0.00326189,0.00328447,0.00279814,0.00260729,0.00230713,0.00234989,0.00179589,0.00209777,0.00141014,0.00164022,0.00123303,0.00124897,0.000990422,0.00113592,0.000782369,0.000826778,0.000611035,0.000684758,0.000608614,0.000611877,0.000438622,0.000486709,0.00040004,0.000407661,0.000299195,0.000290714,0.000267742,0.000235873,0.000206109,0.000230137,0.000156903,0.000169044,0.000125141,0.000136917,0.000105343,0.00011957,9.21688e-05,8.84031e-05,6.33488e-05,7.34534e-05,5.65495e-05,5.84489e-05,5.05854e-05,
2200,0.260985,0.259408,0.26532,0.2218,0.249597,0.239014,0.243872,0.234986,0.257955,0.244319,0.223157,0.255225,0.234236,0.230592,0.254762,0.225545,0.192507,0.213048,0.231089,0.211244,0.214023,0.183301,0.225324,0.156925,0.195377,0.121628,0.180515,0.116194,0.128554,0.0802553,0.0944332,0.060439,0.0618872,0.0402852,0.0434955,0.0316495,0.0357261,0.023816,0.0265909,0.0181332,0.0169832,0.0172778,0.0151017,0.0128223,0.0122585,0.0100388,0.0107939,0.00890781,0.00779564,0.00647861,0.00695995,0.0055986,0.00645622,0.00472292,0.00539779,0.00399063,0.00467732,0.00306116,0.00350343,0.00279814,0.00260729,0.00230713,0.00234989,0.00169183,0.00194562,0.00141014,0.00164022,0.00123303,0.00106163,0.000990422,0.00113592,0.000782369,0.000826778,0.000611035,0.000684758,0.000531736,0.000575663,0.00041196,0.000456758,0.0003392,0.000407661,0.000283942,0.00030614,0.000222593,0.000249608,0.000188054,0.000216173,0.000156903,0.000169044,0.000133484,0.000126754,9.83885e-05,0.000111927,9.21688e-05,7.91071e-05,6.33488e-05,7.34534e-05,5.65495e-05,5.84489e-05,5.05854e-05,
2400,0.317927,0.298961,0.32091,0.26616,0.293701,0.290266,0.288623,0.281071,0.305363,0.278908,0.281639,0.305366,0.28192,0.267801,0.317135,0.288913,0.244785,0.246761,0.290145,0.257333,0.254471,0.208278,0.254428,0.172919,0.240622,0.142479,0.198735,0.130187,0.145946,0.0802553,0.0944332,0.0695048,0.0691268,0.0402852,0.045981,0.0336484,0.0357261,0.023816,0.0265909,0.0181332,0.0180055,0.0152828,0.0151017,0.0117965,0.0139425,0.0100388,0.0114107,0.00890781,0.00831535,0.00647861,0.00747438,0.0055986,0.00645622,0.00472292,0.00539779,0.00354723,0.00420959,0.00306116,0.00350343,0.00279814,0.00260729,0.00230713,0.00234989,0.00177642,0.00176033,0.00129139,0.0014762,0.00114463,0.00116888,0.000990422,0.0010588,0.000782369,0.000826778,0.000611035,0.000747406,0.000531736,0.000575663,0.00041196,0.000456758,0.0003392,0.000407661,0.000283942,0.00030614,0.000222593,0.000236796,0.000174652,0.000216173,0.000156903,0.000159965,0.000133484,0.000126754,9.83885e-05,0.000101951,9.21688e-05,7.91071e-05,6.7572e-05,7.34534e-05,5.3465e-05,5.84489e-05,4.60889e-05,
2600,0.344529,0.318892,0.379191,0.309029,0.326402,0.330284,0.334405,0.326341,0.35348,0.351811,0.316601,0.33293,0.31828,0.308691,0.343252,0.331622,0.269492,0.279131,0.318022,0.302498,0.299133,0.246666,0.301117,0.198438,0.287012,0.159448,0.216124,0.130187,0.160975,0.0802553,0.101064,0.0695048,0.0691268,0.0402852,0.0487304,0.0317536,0.0334698,0.023816,0.0285341,0.0181332,0.0216066,0.0152828,0.0151017,0.0124225,0.0139425,0.0100388,0.0114107,0.0082954,0.00831535,0.00725883,0.00789939,0.00606705,0.00645622,0.00472292,0.00477785,0.00354723,0.00420959,0.00306116,0.00350343,0.00279814,0.00282685,0.00230713,0.00216286,0.00161619,0.00176033,0.00129139,0.00132858,0.00114463,0.00125029,0.000990422,0.000986714,0.000782369,0.000826778,0.000611035,0.000683765,0.000502733,0.000575663,0.00041196,0.000425659,0.0003392,0.000407661,0.000283942,0.00030614,0.000222593,0.000250955,0.000174652,0.000205016,0.000143412,0.000170117,0.000118745,0.000126754,9.83885e-05,0.000101951,7.94832e-05,7.91071e-05,6.08148e-05,7.34534e-05,5.06052e-05,5.84489e-05,4.60889e-05,
2800,0.378034,0.36585,0.458256,0.371418,0.374538,0.374103,0.365736,0.394543,0.35348,0.402248,0.387914,0.369999,0.393509,0.36014,0.391847,0.356717,0.320281,0.279131,0.318022,0.350261,0.343375,0.290518,0.332597,0.212257,0.319408,0.159448,0.216124,0.13737,0.160975,0.0802553,0.114676,0.0659615,0.0828193,0.0402852,0.0578448,0.0317536,0.0334698,0.023816,0.0316253,0.0181332,0.0216066,0.0173299,0.0151017,0.0117687,0.0139425,0.00951042,0.012249,0.00762852,0.00831535,0.00725883,0.00789939,0.00533653,0.00645622,0.00472292,0.00477785,0.00335374,0.00444771,0.00306116,0.0031701,0.0025616,0.00303343,0.00230713,0.00216286,0.00144624,0.0016453,0.00140358,0.00140059,0.00114463,0.00125029,0.000886572,0.00104592,0.000782369,0.000780363,0.000611035,0.000683765,0.000502733,0.000575663,0.00041196,0.000425659,0.0003392,0.000430152,0.000319624,0.000286572,0.000222593,0.000250955,0.000162225,0.000205016,0.000157454,0.000170117,0.000111864,0.00013998,9.83885e-05,0.000107652,7.94832e-05,8.3502e-05,6.08148e-05,8.16149e-05,5.06052e-05,5.84489e-05,4.60889e-05,
3000,0.415837,0.398369,0.458256,0.399618,0.407562,0.404871,0.404461,0.427555,0.389508,0.402248,0.427068,0.369999,0.393509,0.380398,0.391847,0.379355,0.366035,0.302637,0.366512,0.384225,0.375905,0.315419,0.352334,0.232899,0.319408,0.168982,0.216124,0.159822,0.160975,0.0878584,0.114676,0.0659615,0.0768813,0.0439709,0.0578448,0.0317536,0.0351893,0.0260144,0.0316253,0.0181332,0.0229757,0.0160345,0.0151017,0.0117687,0.0139425,0.00951042,0.012249,0.00762852,0.00831535,0.00771556,0.00789939,0.00533653,0.00645622,0.00472292,0.00450483,0.00335374,0.00469929,0.00325513,0.0031701,0.00241217,0.00284904,0.00230713,0.00216286,0.00144624,0.00179337,0.00130533,0.00140059,0.00114463,0.00109921,0.000886572,0.000969441,0.000782369,0.000845264,0.000611035,0.000618774,0.000502733,0.000575663,0.00041196,0.000448062,0.0003392,0.000387137,0.000319624,0.000286572,0.000249304,0.00022586,0.00017304,0.000205016,0.000157454,0.000170117,0.000111864,0.00013998,0.000106571,0.00010159,8.58747e-05,8.3502e-05,6.08148e-05,8.16149e-05,5.06052e-05,6.23455e-05,4.60889e-05,
3200,0.439483,0.431702,0.499499,0.451568,0.439718,0.404871,0.428882,0.466672,0.429288,0.402248,0.458358,0.424564,0.393509,0.426209,0.458506,0.413598,0.399076,0.302637,0.405093,0.406181,0.413496,0.35327,0.352334,0.270505,0.319408,0.168982,0.216124,0.147169,0.160975,0.0878584,0.114676,0.0613054,0.0835142,0.0485475,0.0578448,0.0317536,0.0351893,0.0260144,0.0298378,0.0196779,0.0229757,0.0160345,0.015903,0.0124379,0.0150048,0.00951042,0.012249,0.00762852,0.00905808,0.00730195,0.00789939,0.00533653,0.00718495,0.00472292,0.00420124,0.00354627,0.00469929,0.00289832,0.0031701,0.00241217,0.00284904,0.00230713,0.00216286,0.00144624,0.00188994,0.00130533,0.00140059,0.000966573,0.00109921,0.000886572,0.000969441,0.000782369,0.000845264,0.000653748,0.000618774,0.000502733,0.000631645,0.000386609,0.000423219,0.0003392,0.000387137,0.000319624,0.000286572,0.000249304,0.00022586,0.00017304,0.000188971,0.000148999,0.000170117,0.000111864,0.00013998,9.83144e-05,0.00010159,7.97644e-05,7.55912e-05,6.08148e-05,7.42234e-05,5.06052e-05,6.23455e-05,4.60889e-05,
3400,0.471866,0.468705,0.499499,0.484842,0.466267,0.446219,0.428882,0.508673,0.429288,0.462585,0.483038,0.448446,0.427113,0.48918,0.458506,0.413598,0.440169,0.335041,0.473958,0.406181,0.434371,0.35327,0.352334,0.270505,0.319408,0.180866,0.22975,0.147169,0.160975,0.101284,0.122692,0.0613054,0.0835142,0.0485475,0.0578448,0.0317536,0.0351893,0.0244331,0.0298378,0.0196779,0.0245074,0.0160345,0.0176736,0.0131866,0.0142004,0.00951042,0.012249,0.00762852,0.00905808,0.00730195,0.00789939,0.00533653,0.00718495,0.00508276,0.00420124,0.00379451,0.00469929,0.00289832,0.0031701,0.00241217,0.00264477,0.00197824,0.00195728,0.00144624,0.00175764,0.00137059,0.00140059,0.000966573,0.00116417,0.000886572,0.000969441,0.000782369,0.000845264,0.000653748,0.000586645,0.000502733,0.000631645,0.00035568,0.000450115,0.0003392,0.000387137,0.000291061,0.000307514,0.000249304,0.00022586,0.00017304,0.000188971,0.000148999,0.00015221,0.000118257,0.00013998,9.83144e-05,0.00010159,7.97644e-05,7.99307e-05,6.39878e-05,7.04395e-05,5.06052e-05,5.64258e-05,4.35335e-05,
3600,0.537284,0.522272,0.499499,0.51561,0.466267,0.474351,0.428882,0.478806,0.47895,0.462585,0.483038,0.448446,0.494173,0.48918,0.458506,0.438329,0.440169,0.372888,0.514583,0.43611,0.399799,0.380285,0.386185,0.270505,0.337475,0.203072,0.22975,0.147169,0.160975,0.101284,0.122692,0.0613054,0.0880695,0.0485475,0.0578448,0.033965,0.0377545,0.0223839,0.0281328,0.018228,0.0245074,0.0160345,0.0164161,0.0131866,0.0149539,0.00951042,0.012249,0.00808911,0.00848914,0.00818927,0.00789939,0.00582913,0.0076113,0.00543716,0.00464348,0.00404748,0.00439221,0.00289832,0.00346013,0.00241217,0.00264477,0.00197824,0.00211959,0.00144624,0.00175764,0.00148807,0.00140059,0.00106493,0.00116417,0.000886572,0.000969441,0.000782369,0.000800777,0.000653748,0.000586645,0.000502733,0.000631645,0.000386285,0.000450115,0.0003392,0.000387137,0.000291061,0.000307514,0.000211061,0.00022586,0.000163152,0.000188971,0.000139942,0.000142958,0.000118257,0.000128839,9.83144e-05,0.00010159,7.97644e-05,7.99307e-05,6.07256e-05,7.04395e-05,5.06052e-05,5.10469e-05,4.35335e-05,
3800,0.537284,0.522272,0.499499,0.51561,0.505281,0.533877,0.452544,0.505076,0.47895,0.501057,0.483038,0.448446,0.494173,0.535769,0.458506,0.438329,0.440169,0.372888,0.468485,0.43611,0.442346,0.331809,0.386185,0.244908,0.337475,0.191053,0.269434,0.12194,0.170664,0.101284,0.131371,0.0536162,0.0827162,0.0485475,0.0578448,0.035852,0.0377545,0.023795,0.0305599,0.018228,0.0245074,0.0160345,0.0164161,0.0131866,0.0149539,0.00951042,0.012249,0.00808911,0.00848914,0.00818927,0.00789939,0.00552233,0.00670656,0.00543716,0.00464348,0.00404748,0.00409025,0.00271996,0.00346013,0.00241217,0.00250994,0.00186116,0.00211959,0.00144624,0.00175764,0.00134762,0.00140059,0.00106493,0.00116417,0.00101732,0.000969441,0.000782369,0.000800777,0.000653748,0.000586645,0.000502733,0.000631645,0.000386285,0.000450115,0.0003392,0.000360854,0.000291061,0.000307514,0.000211061,0.000209789,0.000177428,0.000188971,0.000139942,0.000142958,0.000118257,0.0001379,9.25418e-05,0.00010159,8.45657e-05,7.99307e-05,6.4774e-05,6.52172e-05,5.06052e-05,5.10469e-05,4.35335e-05,
4000,0.462485,0.522272,0.499499,0.51561,0.438627,0.495599,0.495644,0.531659,0.47895,0.501057,0.534758,0.448446,0.494173,0.451374,0.458506,0.438329,0.440169,0.394476,0.468485,0.43611,0.442346,0.331809,0.386185,0.268439,0.337475,0.206416,0.269434,0.131471,0.189909,0.101284,0.144994,0.0599103,0.0919566,0.0485475,0.0578448,0.035852,0.0377545,0.023795,0.0305599,0.018228,0.0268907,0.0160345,0.0164161,0.0131866,0.0149539,0.00951042,0.012249,0.00868341,0.00922659,0.00765413,0.00748923,0.00606306,0.00584752,0.00543716,0.00496686,0.00404748,0.00409025,0.00271996,0.00308084,0.00241217,0.00250994,0.00186116,0.00211959,0.00144624,0.00186274,0.00134762,0.00140059,0.000963409,0.00116417,0.000936781,0.000969441,0.000711376,0.00084359,0.000653748,0.000586645,0.000502733,0.000578454,0.000356854,0.000450115,0.0003392,0.000360854,0.000291061,0.000307514,0.000211061,0.000209789,0.000187517,0.000188971,0.000139942,0.000142958,0.000105846,0.000147094,9.25418e-05,0.00010159,8.45657e-05,7.99307e-05,6.4774e-05,6.52172e-05,5.06052e-05,5.10469e-05,4.35335e-05,
4200,0.462485,0.571598,0.499499,0.475662,0.466377,0.495599,0.495644,0.531659,0.47895,0.501057,0.562232,0.448446,0.494173,0.484201,0.458506,0.438329,0.440169,0.45853,0.496685,0.43611,0.442346,0.352727,0.386185,0.268439,0.363991,0.206416,0.269434,0.138169,0.189909,0.101284,0.144994,0.05618,0.0919566,0.043165,0.0618939,0.035852,0.0377545,0.023795,0.0305599,0.0200696,0.0268907,0.0141725,0.0164161,0.0131866,0.0149539,0.0102847,0.0114403,0.00868341,0.00922659,0.00681512,0.00748923,0.00606306,0.00584752,0.00496692,0.00496686,0.00362346,0.00433296,0.00293457,0.00308084,0.00222839,0.00277234,0.00186116,0.00226089,0.00144624,0.00186274,0.00134762,0.00140059,0.000963409,0.00116417,0.00105128,0.000969441,0.000711376,0.000745013,0.000653748,0.000586645,0.000502733,0.000578454,0.000356854,0.000450115,0.000315456,0.000360854,0.000275742,0.000288822,0.000211061,0.000209789,0.000187517,0.000188971,0.000139942,0.000142958,0.000105846,0.0001569,9.25418e-05,9.03727e-05,8.45657e-05,8.60431e-05,6.4774e-05,6.52172e-05,5.58723e-05,5.47772e-05,4.64357e-05,
4400,0.462485,0.571598,0.499499,0.475662,0.466377,0.537334,0.495644,0.531659,0.47895,0.501057,0.562232,0.475162,0.494173,0.455956,0.458506,0.462088,0.473049,0.45853,0.462133,0.43611,0.442346,0.352727,0.386185,0.299118,0.363991,0.217186,0.269434,0.138169,0.189909,0.101284,0.144994,0.0615777,0.0919566,0.043165,0.0547853,0.0335343,0.0377545,0.023795,0.0330047,0.0200696,0.0247188,0.0141725,0.0191405,0.0131866,0.0149539,0.010826,0.0125051,0.00868341,0.00922659,0.00737637,0.00748923,0.00560683,0.00584752,0.00496692,0.00496686,0.00340605,0.00433296,0.00293457,0.00323638,0.00222839,0.00277234,0.00186116,0.00226089,0.00154696,0.00186274,0.00134762,0.00140059,0.00104884,0.00116417,0.00105128,0.000969441,0.000711376,0.000794681,0.000695037,0.000586645,0.000502733,0.000578454,0.000356854,0.000405104,0.000315456,0.000360854,0.000275742,0.000288822,0.000211061,0.000209789,0.000187517,0.000170974,0.000139942,0.000142958,0.000118645,0.0001569,8.60639e-05,9.03727e-05,8.45657e-05,8.60431e-05,6.4774e-05,6.52172e-05,4.59395e-05,5.47772e-05,4.64357e-05,
4600,0.490139,0.571598,0.499499,0.475662,0.510159,0.537334,0.495644,0.499343,0.47895,0.501057,0.562232,0.475162,0.494173,0.455956,0.497564,0.462088,0.507618,0.45853,0.462133,0.404223,0.442346,0.378642,0.386185,0.318072,0.363991,0.232389,0.290785,0.138169,0.189909,0.094066,0.152413,0.0615777,0.0919566,0.043165,0.0593988,0.0335343,0.0396778,0.023795,0.0311304,0.0200696,0.0259887,0.0151692,0.0191405,0.0131866,0.0149539,0.010826,0.0125051,0.00820195,0.00922659,0.00737637,0.00748923,0.00560683,0.00584752,0.00550109,0.00496686,0.00340605,0.00433296,0.00293457,0.00323638,0.00222839,0.00294712,0.00186116,0.00204481,0.00168566,0.00186274,0.00126677,0.00140059,0.00104884,0.0010849,0.00098582,0.000969441,0.000765987,0.000794681,0.000695037,0.000586645,0.000502733,0.000578454,0.000356854,0.000405104,0.000315456,0.000360854,0.000227082,0.00025994,0.000211061,0.000209789,0.000187517,0.000170974,0.000139942,0.000156632,0.000125457,0.000140287,9.05542e-05,9.941e-05,8.45657e-05,7.79115e-05,6.4774e-05,6.89612e-05,4.59395e-05,5.47772e-05,4.64357e-05,
4800,0.490139,0.571598,0.499499,0.475662,0.510159,0.537334,0.495644,0.499343,0.51088,0.46629,0.562232,0.475162,0.494173,0.496682,0.497564,0.462088,0.470801,0.45853,0.428999,0.404223,0.413441,0.378642,0.386185,0.318072,0.363991,0.232389,0.290785,0.138169,0.20257,0.094066,0.152413,0.0615777,0.0919566,0.043165,0.0593988,0.0335343,0.0396778,0.023795,0.0328814,0.0200696,0.0259887,0.0151692,0.0181647,0.0122716,0.0149539,0.010826,0.0125051,0.00820195,0.00922659,0.00737637,0.00748923,0.00560683,0.00550418,0.00510211,0.00537758,0.00340605,0.00387942,0.00272,0.00323638,0.00222839,0.00294712,0.00201006,0.00204481,0.0014609,0.00186274,0.00126677,0.00140059,0.00104884,0.0010849,0.00098582,0.000969441,0.000765987,0.000742217,0.000650612,0.000619447,0.000502733,0.000578454,0.000356854,0.000451969,0.000315456,0.000360854,0.000242956,0.00025994,0.000211061,0.000209789,0.000187517,0.000170974,0.000139942,0.000156632,0.000125457,0.000140287,9.80854e-05,9.941e-05,8.45657e-05,7.79115e-05,6.4774e-05,7.25041e-05,4.00834e-05,5.47772e-05,4.3082e-05,
5000,0.490139,0.571598,0.499499,0.475662,0.510159,0.472119,0.533276,0.499343,0.51088,0.46629,0.524062,0.475162,0.533707,0.496682,0.497564,0.462088,0.470801,0.45853,0.428999,0.369687,0.413441,0.378642,0.411931,0.318072,0.363991,0.232389,0.290785,0.148381,0.221423,0.094066,0.152413,0.0615777,0.0919566,0.043165,0.0593988,0.0335343,0.0396778,0.0252358,0.0285867,0.0200696,0.0259887,0.0151692,0.0181647,0.0122716,0.0158967,0.010826,0.0116879,0.00820195,0.0085753,0.00737637,0.00748923,0.00560683,0.00550418,0.0045919,0.00537758,0.00340605,0.00387942,0.00272,0.00323638,0.00244906,0.00257319,0.00201006,0.00232571,0.0014609,0.00173125,0.00135984,0.00131732,0.000973421,0.00102573,0.000843424,0.000969441,0.000726022,0.000742217,0.00057863,0.000619447,0.000502733,0.000530144,0.000404653,0.000409202,0.000315456,0.000360854,0.000255513,0.00023876,0.000222073,0.000234295,0.000171998,0.000170974,0.000139942,0.000156632,0.000125457,0.000140287,9.80854e-05,9.941e-05,9.02034e-05,7.79115e-05,5.65616e-05,6.52537e-05,4.2986e-05,5.47772e-05,4.3082e-05,
5200,0.521197,0.571598,0.499499,0.475662,0.466431,0.496967,0.533276,0.550627,0.51088,0.46629,0.524062,0.475162,0.482698,0.496682,0.447807,0.462088,0.470801,0.45853,0.461805,0.369687,0.390159,0.342729,0.381355,0.318072,0.385298,0.232389,0.290785,0.158274,0.221423,0.0873728,0.1411,0.0615777,0.100379,0.0376882,0.054438,0.0315653,0.0396778,0.0252358,0.0285867,0.0200696,0.0259887,0.0151692,0.0181647,0.0113543,0.0158967,0.010826,0.0108563,0.00866331,0.0085753,0.00737637,0.00810853,0.00516296,0.00550418,0.0045919,0.00537758,0.00382422,0.00387942,0.00272,0.00302062,0.00244906,0.00257319,0.00215056,0.00232571,0.0014609,0.00173125,0.00135984,0.00122025,0.00103832,0.00110179,0.000914849,0.000969441,0.000726022,0.000742217,0.000609787,0.000619447,0.000528454,0.000489516,0.000357661,0.000409202,0.000315456,0.000360854,0.000255513,0.00023876,0.000207268,0.000234295,0.000171998,0.000170974,0.000139942,0.000156632,0.000125457,0.000140287,8.922e-05,9.941e-05,9.02034e-05,7.79115e-05,6.12388e-05,6.52537e-05,4.2986e-05,5.47772e-05,4.71851e-05,
5400,0.521197,0.571598,0.499499,0.541606,0.466431,0.496967,0.533276,0.550627,0.51088,0.46629,0.555505,0.441901,0.482698,0.496682,0.447807,0.492894,0.508465,0.426433,0.461805,0.369687,0.390159,0.342729,0.357887,0.343167,0.385298,0.217919,0.290785,0.158274,0.206263,0.0873728,0.1411,0.0615777,0.0925716,0.0376882,0.0573693,0.0336696,0.0396778,0.0235867,0.0285867,0.0200696,0.0259887,0.0162777,0.0193757,0.0113543,0.0158967,0.010826,0.0108563,0.00918638,0.009121,0.00737637,0.00750244,0.00516296,0.00550418,0.0045919,0.00537758,0.00382422,0.00387942,0.00272,0.00302062,0.00232336,0.00286727,0.00215056,0.00220634,0.0014609,0.00173125,0.00135984,0.00134228,0.00110754,0.00122771,0.000841302,0.000969441,0.000671754,0.000812532,0.000609787,0.000619447,0.000528454,0.000517206,0.000357661,0.000409202,0.000315456,0.000360854,0.000255513,0.00023876,0.000207268,0.000234295,0.000171998,0.000170974,0.000139942,0.000156632,0.000125457,0.000140287,8.922e-05,0.000109989,9.02034e-05,7.79115e-05,6.74804e-05,6.10353e-05,4.61355e-05,5.90181e-05,4.26871e-05,
5600,0.477307,0.571598,0.499499,0.541606,0.466431,0.496967,0.533276,0.550627,0.51088,0.493059,0.555505,0.441901,0.482698,0.524453,0.447807,0.492894,0.508465,0.450419,0.502523,0.410456,0.426174,0.376288,0.383102,0.343167,0.385298,0.217919,0.290785,0.149481,0.206263,0.0873728,0.1411,0.0615777,0.0862333,0.0376882,0.0624935,0.0336696,0.0417326,0.0235867,0.0285867,0.0200696,0.0259887,0.0162777,0.0207339,0.0113543,0.0158967,0.010826,0.0120127,0.00860798,0.009121,0.00663873,0.00790356,0.00516296,0.00578696,0.00415794,0.00507029,0.00382422,0.00387942,0.00272,0.00302062,0.00232336,0.0026799,0.00215056,0.00220634,0.0014609,0.00173125,0.00135984,0.00124677,0.00110754,0.00122771,0.000891015,0.000969441,0.00073753,0.000812532,0.000560765,0.000667196,0.000485771,0.000517206,0.00037919,0.000409202,0.000315456,0.000360854,0.000255513,0.000262882,0.000207268,0.000234295,0.000185628,0.000181808,0.000139942,0.000156632,0.000108729,0.000140287,8.922e-05,0.000103796,9.02034e-05,7.79115e-05,6.39976e-05,6.58309e-05,4.90786e-05,5.46066e-05,3.9475e-05,
5800,0.5141,0.514438,0.499499,0.495821,0.497527,0.458882,0.505209,0.550627,0.51088,0.493059,0.555505,0.441901,0.482698,0.524453,0.470718,0.492894,0.478373,0.493695,0.502523,0.410456,0.426174,0.376288,0.383102,0.343167,0.385298,0.238035,0.271587,0.169206,0.206263,0.0873728,0.12699,0.0569218,0.07761,0.0376882,0.0581265,0.0310221,0.0440511,0.0235867,0.0285867,0.0187446,0.0239428,0.0162777,0.0192302,0.0113543,0.0158967,0.0100075,0.0120127,0.00947765,0.009121,0.00663873,0.00790356,0.00592577,0.00578696,0.00415794,0.00478917,0.00382422,0.00387942,0.00272,0.00302062,0.00245478,0.0026799,0.00215056,0.00220634,0.0014609,0.00173125,0.00135984,0.00132577,0.00110754,0.00122771,0.000891015,0.000969441,0.00073753,0.000812532,0.000521511,0.000600476,0.000485771,0.00047626,0.00037919,0.000409202,0.000315456,0.000360854,0.000255513,0.000262882,0.000218177,0.000234295,0.000185628,0.000195523,0.000150356,0.000156632,0.000115629,0.000140287,9.69174e-05,9.63538e-05,9.02034e-05,8.64818e-05,6.39976e-05,6.58309e-05,5.32696e-05,5.46066e-05,4.19536e-05,
6000,0.54484,0.514438,0.534515,0.495821,0.497527,0.500512,0.534782,0.550627,0.477854,0.493059,0.555505,0.46976,0.482698,0.449402,0.506583,0.492894,0.513245,0.462905,0.502523,0.410456,0.454586,0.376288,0.383102,0.305349,0.385298,0.238035,0.271587,0.169206,0.206263,0.0828362,0.12699,0.0614129,0.07761,0.04305,0.0635363,0.0310221,0.0440511,0.0272404,0.0259833,0.0202782,0.0239428,0.0162777,0.0165987,0.0122194,0.0143873,0.0100075,0.0111211,0.00947765,0.00843467,0.00663873,0.00790356,0.00592577,0.00617276,0.00415794,0.00519813,0.00359683,0.00387942,0.00288372,0.00317581,0.00245478,0.0026799,0.00215056,0.00220634,0.0014609,0.00193631,0.00135984,0.00132577,0.00110754,0.00122771,0.000832191,0.000909783,0.000782188,0.000812532,0.000521511,0.000600476,0.000485771,0.00047626,0.000410918,0.000385695,0.000315456,0.000342458,0.000274285,0.000285718,0.000218177,0.000234295,0.000185628,0.000195523,0.000150356,0.0001438,0.000115629,0.000140287,9.69174e-05,9.63538e-05,9.02034e-05,9.50535e-05,6.39976e-05,6.93993e-05,5.32696e-05,5.46066e-05,4.19536e-05,
6200,0.54484,0.514438,0.534515,0.462766,0.523926,0.500512,0.534782,0.550627,0.516082,0.493059,0.524225,0.46976,0.482698,0.422805,0.506583,0.492894,0.48245,0.462905,0.476905,0.444801,0.423951,0.376288,0.383102,0.324727,0.385298,0.238035,0.271587,0.157361,0.206263,0.0828362,0.137329,0.0614129,0.07761,0.04305,0.0635363,0.0310221,0.0440511,0.0247783,0.0259833,0.019211,0.0239428,0.015045,0.0165987,0.0115763,0.0143873,0.0100075,0.0111211,0.00947765,0.00893901,0.00663873,0.00790356,0.00592577,0.00617276,0.00415794,0.00519813,0.00379051,0.00387942,0.00288372,0.00317581,0.00260982,0.0026799,0.00197096,0.00220634,0.0014609,0.001662,0.00135984,0.0014473,0.00103832,0.00122771,0.000832191,0.000909783,0.000828786,0.000766778,0.000521511,0.000600476,0.000518156,0.000504522,0.000410918,0.000385695,0.000344075,0.000342458,0.000274285,0.000285718,0.000218177,0.000234295,0.000185628,0.000195523,0.000134618,0.0001438,0.000124581,0.000131775,9.20279e-05,9.00574e-05,8.43721e-05,9.50535e-05,5.79574e-05,7.49243e-05,5.32696e-05,5.08994e-05,4.19536e-05,
6400,0.54484,0.546984,0.503335,0.492134,0.523926,0.500512,0.534782,0.550627,0.568596,0.493059,0.524225,0.411156,0.537863,0.480662,0.532158,0.46139,0.434205,0.462905,0.445472,0.444801,0.465934,0.376288,0.408642,0.324727,0.385298,0.220123,0.271587,0.157361,0.206263,0.0933079,0.126804,0.0655071,0.0713415,0.04305,0.0635363,0.0310221,0.039646,0.0247783,0.0272825,0.019211,0.0213091,0.015045,0.0165987,0.0115763,0.0143873,0.0100075,0.0111211,0.00947765,0.00956305,0.00663873,0.00790356,0.00592577,0.00617276,0.00415794,0.00484076,0.00379051,0.00387942,0.00288372,0.00337791,0.00260982,0.00253832,0.00215128,0.00220634,0.0014609,0.001662,0.00135984,0.00155541,0.000965545,0.00122771,0.000781536,0.000909783,0.000878161,0.000766778,0.000561546,0.000644593,0.000573019,0.000562888,0.000378212,0.000385695,0.000344075,0.000342458,0.000274285,0.000285718,0.000218177,0.000234295,0.000164413,0.000195523,0.000126142,0.000152217,0.000124581,0.000131775,8.32252e-05,9.71941e-05,8.43721e-05,8.86003e-05,5.79574e-05,6.8961e-05,5.68209e-05,5.41082e-05,4.59159e-05,
6600,0.493164,0.494941,0.503335,0.531133,0.493364,0.500512,0.534782,0.483594,0.520181,0.493059,0.524225,0.411156,0.537863,0.441665,0.532158,0.46139,0.434205,0.462905,0.445472,0.406798,0.465934,0.417205,0.408642,0.307319,0.385298,0.235491,0.271587,0.157361,0.218049,0.0933079,0.139221,0.0655071,0.0786876,0.04305,0.0578056,0.0336178,0.0372996,0.0264301,0.0272825,0.019211,0.0213091,0.015045,0.0165987,0.0115763,0.0155911,0.0100075,0.0126911,0.00947765,0.00956305,0.00663873,0.00790356,0.00544939,0.00617276,0.00415794,0.00484076,0.00379051,0.00387942,0.00288372,0.00337791,0.00242873,0.00253832,0.00215128,0.00201722,0.0014609,0.0017728,0.00143141,0.00144981,0.000965545,0.00122771,0.000923915,0.000909783,0.000878161,0.000766778,0.000561546,0.000644593,0.000573019,0.000562888,0.000378212,0.000385695,0.000344075,0.000377362,0.000274285,0.000270623,0.000218177,0.000211981,0.000185182,0.000195523,0.000134551,0.000152217,0.000124581,0.000131775,8.32252e-05,9.71941e-05,8.43721e-05,8.86003e-05,5.79574e-05,7.25252e-05,6.0609e-05,5.41082e-05,4.59159e-05,
6800,0.517822,0.494941,0.503335,0.464873,0.461968,0.500512,0.534782,0.483594,0.520181,0.493059,0.497005,0.442849,0.537863,0.494855,0.571369,0.505332,0.434205,0.462905,0.482109,0.433918,0.465934,0.417205,0.429636,0.307319,0.385298,0.235491,0.271587,0.157361,0.218049,0.0933079,0.139221,0.0705165,0.0741911,0.04305,0.0578056,0.0336178,0.0372996,0.0248987,0.0272825,0.019211,0.0224104,0.015045,0.0165987,0.0115763,0.0155911,0.0100075,0.0114824,0.00857977,0.00956305,0.0060426,0.00790356,0.00544939,0.00617276,0.00415794,0.00484076,0.00379051,0.00387942,0.00288372,0.00358186,0.00242873,0.00253832,0.00215128,0.00191065,0.00156348,0.0017728,0.00143141,0.00144981,0.00102991,0.00122771,0.000923915,0.000909783,0.000815676,0.000766778,0.000561546,0.000644593,0.000573019,0.000562888,0.000378212,0.000366032,0.000369354,0.000377362,0.000245643,0.000256656,0.000205535,0.000211981,0.000185182,0.000195523,0.000134551,0.000169842,0.000124581,0.000140125,9.38175e-05,9.71941e-05,8.43721e-05,8.86003e-05,5.79574e-05,7.88254e-05,6.0609e-05,5.41082e-05,3.79051e-05,
7000,0.552344,0.550146,0.467247,0.497513,0.461968,0.500512,0.502695,0.483594,0.520181,0.446348,0.497005,0.442849,0.471022,0.534648,0.505017,0.442992,0.434205,0.435381,0.482109,0.433918,0.465934,0.417205,0.429636,0.307319,0.385298,0.251975,0.310226,0.157361,0.218049,0.0933079,0.123231,0.0659578,0.0741911,0.04305,0.0616593,0.0336178,0.0372996,0.0248987,0.0303201,0.019211,0.0224104,0.015045,0.0165987,0.0115763,0.0155911,0.0100075,0.0114824,0.00857977,0.00956305,0.00666481,0.00790356,0.00544939,0.00617276,0.00441957,0.00449115,0.00379051,0.00387942,0.00288372,0.00358186,0.00242873,0.00253832,0.0020227,0.00191065,0.00156348,0.0017728,0.00143141,0.00144981,0.00102991,0.00109099,0.000923915,0.000841779,0.000754299,0.000766778,0.000561546,0.000644593,0.000512823,0.000562888,0.000378212,0.000403339,0.000369354,0.000377362,0.000245643,0.000256656,0.000216524,0.000211981,0.000185182,0.000195523,0.000134551,0.000178854,0.000124581,0.00012682,9.38175e-05,9.71941e-05,8.43721e-05,8.86003e-05,6.20335e-05,7.88254e-05,6.0609e-05,5.41082e-05,4.04321e-05,
7200,0.516836,0.550146,0.467247,0.497513,0.501135,0.45973,0.457662,0.514283,0.520181,0.497984,0.497005,0.442849,0.471022,0.504096,0.449026,0.442992,0.434205,0.435381,0.482109,0.433918,0.489457,0.417205,0.429636,0.307319,0.361587,0.269544,0.328899,0.157361,0.218049,0.0933079,0.12977,0.0580688,0.0800704,0.039661,0.0651276,0.0312258,0.0372996,0.0248987,0.0303201,0.0202454,0.0224104,0.015045,0.0165987,0.0115763,0.0155911,0.0100075,0.0114824,0.00857977,0.00956305,0.00666481,0.00845604,0.0050449,0.00578842,0.00441957,0.00449115,0.00358375,0.00387942,0.00288372,0.00358186,0.00242873,0.00253832,0.0020227,0.00205064,0.00171509,0.00188531,0.00143141,0.00144981,0.00102991,0.00117509,0.00102697,0.000841779,0.000689644,0.000719591,0.000561546,0.000644593,0.000512823,0.000562888,0.000378212,0.000432814,0.000343961,0.000377362,0.000245643,0.000256656,0.000216524,0.000211981,0.000185182,0.000195523,0.000134551,0.000178854,0.000124581,0.00012682,9.38175e-05,9.71941e-05,8.43721e-05,8.86003e-05,6.20335e-05,7.88254e-05,5.48671e-05,5.41082e-05,4.04321e-05,
7400,0.516836,0.550146,0.509138,0.497513,0.501135,0.45973,0.457662,0.472939,0.520181,0.497984,0.541736,0.495991,0.471022,0.504096,0.449026,0.442992,0.471666,0.458483,0.482109,0.433918,0.489457,0.417205,0.404574,0.347506,0.338042,0.296971,0.328899,0.167852,0.218049,0.102148,0.140893,0.061125,0.0745145,0.0419162,0.0651276,0.0312258,0.0399035,0.0232035,0.0283906,0.0215951,0.0224104,0.015045,0.0165987,0.0115763,0.0155911,0.0108305,0.0122479,0.00857977,0.00956305,0.00666481,0.00782838,0.0050449,0.00578842,0.00441957,0.00449115,0.00358375,0.00387942,0.00288372,0.00358186,0.00259065,0.00269985,0.0020227,0.00205064,0.00171509,0.00188531,0.00143141,0.00144981,0.0011741,0.00117509,0.00102697,0.000841779,0.000754386,0.000719591,0.000561546,0.000644593,0.000512823,0.000523486,0.000378212,0.000432814,0.000343961,0.00040252,0.000221079,0.000256656,0.000216524,0.000233179,0.000185182,0.000175057,0.000142075,0.000178854,0.000124581,0.00012682,9.38175e-05,9.71941e-05,7.83228e-05,8.86003e-05,5.80685e-05,7.88254e-05,5.48671e-05,5.75469e-05,4.66056e-05,
7600,0.553068,0.550146,0.509138,0.47123,0.501135,0.519022,0.501249,0.472939,0.520181,0.46228,0.508398,0.495991,0.471022,0.504096,0.449026,0.442992,0.50311,0.434352,0.553157,0.433918,0.489457,0.417205,0.404574,0.347506,0.338042,0.296971,0.328899,0.167852,0.218049,0.102148,0.154555,0.061125,0.0745145,0.0419162,0.0651276,0.0312258,0.0399035,0.0232035,0.0283906,0.0215951,0.0224104,0.015045,0.0183668,0.0115763,0.0155911,0.0108305,0.0122479,0.00803956,0.00956305,0.00666481,0.00782838,0.00558746,0.00578842,0.00441957,0.00449115,0.00358375,0.00387942,0.00288372,0.00322367,0.00235602,0.00269985,0.0020227,0.00224315,0.00171509,0.00188531,0.00133991,0.00166402,0.0011741,0.00117509,0.00102697,0.000841779,0.000754386,0.000719591,0.000561546,0.000676823,0.000512823,0.000523486,0.000378212,0.000432814,0.000364729,0.00033049,0.000221079,0.000256656,0.000228836,0.000233179,0.000185182,0.000175057,0.000142075,0.000178854,0.000124581,0.00012682,9.38175e-05,9.71941e-05,7.83228e-05,8.23462e-05,5.80685e-05,7.05675e-05,5.48671e-05,5.75469e-05,4.40164e-05,
7800,0.553068,0.600576,0.509138,0.47123,0.536076,0.519022,0.52763,0.472939,0.493662,0.46228,0.508398,0.522698,0.471022,0.504096,0.449026,0.442992,0.50311,0.47027,0.483585,0.433918,0.489457,0.417205,0.450811,0.327102,0.361859,0.296971,0.328899,0.17753,0.218049,0.102148,0.154555,0.061125,0.0745145,0.0419162,0.0651276,0.0312258,0.0399035,0.0232035,0.0268134,0.0192393,0.0235687,0.016048,0.0183668,0.0115763,0.0155911,0.0108305,0.0122479,0.00803956,0.00956305,0.00706599,0.00782838,0.0060164,0.00578842,0.00441957,0.00480429,0.00328445,0.00387942,0.00325783,0.00322367,0.00235602,0.00269985,0.0020227,0.00206197,0.00150785,0.00188531,0.00133991,0.00166402,0.001249,0.00101238,0.000966668,0.000948915,0.000754386,0.000767564,0.000597183,0.000676823,0.000512823,0.000556488,0.000350897,0.000432814,0.000364729,0.00033049,0.000233063,0.000256656,0.000228836,0.000233179,0.000185182,0.000175057,0.000134445,0.000178854,0.000112123,0.000119512,9.93093e-05,8.98337e-05,7.83228e-05,8.23462e-05,5.80685e-05,7.05675e-05,5.48671e-05,6.04242e-05,4.40164e-05,
8000,0.553068,0.600576,0.509138,0.511621,0.536076,0.519022,0.52763,0.472939,0.493662,0.495755,0.478309,0.460179,0.512236,0.504096,0.475875,0.442992,0.50311,0.411603,0.483585,0.433918,0.489457,0.417205,0.450811,0.327102,0.384788,0.247776,0.328899,0.145285,0.218049,0.0919329,0.144619,0.061125,0.0804467,0.0419162,0.0651276,0.0312258,0.0429438,0.0232035,0.0268134,0.0192393,0.0235687,0.016048,0.0183668,0.0115763,0.0164629,0.0102029,0.0122479,0.00803956,0.00956305,0.00756061,0.00782838,0.00547492,0.00626448,0.00441957,0.00480429,0.00345454,0.00387942,0.00306412,0.00297955,0.00220543,0.00285172,0.0020227,0.00206197,0.00159359,0.00188531,0.00133991,0.00166402,0.001249,0.0010722,0.000895894,0.00100836,0.000754386,0.000767564,0.000597183,0.000676823,0.000512823,0.000517875,0.000350897,0.000432814,0.00033806,0.00033049,0.000233063,0.000256656,0.000228836,0.000221415,0.000185182,0.000163868,0.000151675,0.000187797,0.000112123,0.000119512,9.14913e-05,9.97627e-05,7.83228e-05,8.80628e-05,5.80685e-05,6.63716e-05,5.48671e-05,6.04242e-05,4.40164e-05,
8200,0.512015,0.600576,0.509138,0.463468,0.536076,0.519022,0.571082,0.509952,0.493662,0.495755,0.505365,0.434665,0.479885,0.504096,0.475875,0.480296,0.50311,0.411603,0.483585,0.410656,0.489457,0.417205,0.450811,0.327102,0.384788,0.247776,0.328899,0.145285,0.202235,0.10003,0.134978,0.061125,0.0804467,0.0419162,0.0685834,0.0312258,0.0429438,0.0248277,0.0268134,0.0202012,0.0235687,0.016048,0.0169847,0.0125819,0.0144874,0.0110192,0.0122479,0.00803956,0.00956305,0.00714141,0.00782838,0.00547492,0.00570467,0.00441957,0.00480429,0.00325302,0.00387942,0.00323648,0.00297955,0.00220543,0.00285172,0.00217014,0.00190582,0.00168887,0.00200495,0.00123384,0.00155073,0.00117123,0.00100787,0.000895894,0.00100836,0.000754386,0.00081074,0.000566175,0.000624523,0.000512823,0.000455069,0.000375394,0.000432814,0.00033806,0.000347884,0.000233063,0.000285988,0.000214927,0.000236873,0.000185182,0.000163868,0.000151675,0.000187797,0.000112123,0.000119512,9.14913e-05,9.97627e-05,7.43299e-05,8.80628e-05,6.32409e-05,6.63716e-05,4.88317e-05,6.04242e-05,4.17446e-05,
8400,0.555902,0.600576,0.553411,0.490731,0.482468,0.46712,0.536817,0.509952,0.493662,0.495755,0.505365,0.456609,0.479885,0.474691,0.475875,0.406719,0.470953,0.411603,0.439876,0.382424,0.489457,0.391228,0.424514,0.327102,0.384788,0.22727,0.289297,0.145285,0.212346,0.10003,0.127377,0.0654101,0.0762697,0.0419162,0.0613984,0.0312258,0.0429438,0.0265632,0.0268134,0.0202012,0.0235687,0.016048,0.0169847,0.0125819,0.0144874,0.0116518,0.0112165,0.00803956,0.00956305,0.00714141,0.00782838,0.00547492,0.00570467,0.00441957,0.00510918,0.00325302,0.00387942,0.00350565,0.003135,0.00220543,0.00285172,0.00232958,0.00190582,0.00168887,0.00200495,0.00123384,0.00155073,0.00117123,0.00109275,0.000895894,0.00107559,0.000754386,0.00081074,0.000566175,0.000624523,0.000475629,0.000455069,0.000407781,0.000432814,0.00033806,0.000323745,0.000255455,0.000261119,0.000227569,0.000253369,0.000185182,0.000163868,0.00016964,0.000177876,0.000112123,0.000119512,9.14913e-05,9.97627e-05,7.43299e-05,8.80628e-05,6.32409e-05,6.63716e-05,4.88317e-05,6.04242e-05,4.45275e-05,
8600,0.511002,0.600576,0.553411,0.490731,0.482468,0.46712,0.477544,0.468763,0.493662,0.495755,0.505365,0.456609,0.479885,0.474691,0.510741,0.406719,0.470953,0.411603,0.439876,0.382424,0.440511,0.391228,0.424514,0.327102,0.384788,0.22727,0.289297,0.145285,0.212346,0.10003,0.127377,0.0654101,0.0690059,0.0419162,0.0613984,0.0333075,0.0451315,0.0281457,0.028247,0.0202012,0.0235687,0.016048,0.0169847,0.0133815,0.0153594,0.010907,0.012582,0.0072829,0.0102298,0.00764366,0.00782838,0.00623395,0.0061659,0.0047281,0.00510918,0.00325302,0.00368165,0.00329817,0.00286806,0.00220543,0.00300418,0.00217898,0.00190582,0.00168887,0.00200495,0.00123384,0.00155073,0.00117123,0.00109275,0.000895894,0.00107559,0.000754386,0.00081074,0.000566175,0.000624523,0.000450596,0.000455069,0.000430968,0.000432814,0.00033806,0.000323745,0.000255455,0.000283501,0.000227569,0.000253369,0.000185182,0.000163868,0.00016964,0.000177876,0.000101425,0.000126235,9.14913e-05,0.000110611,7.43299e-05,8.80628e-05,6.32409e-05,6.63716e-05,4.88317e-05,6.04242e-05,4.06658e-05,
8800,0.511002,0.535156,0.553411,0.490731,0.4553,0.46712,0.528902,0.468763,0.528381,0.495755,0.505365,0.490254,0.521287,0.474691,0.510741,0.406719,0.510612,0.411603,0.439876,0.382424,0.440511,0.418697,0.424514,0.327102,0.384788,0.202224,0.289297,0.145285,0.198327,0.0915736,0.116531,0.0654101,0.0690059,0.0419162,0.0549485,0.031131,0.0424236,0.026457,0.028247,0.0202012,0.0220989,0.016048,0.018117,0.0133815,0.0153594,0.010907,0.0114403,0.00821701,0.0102298,0.00764366,0.00782838,0.00623395,0.0061659,0.00500487,0.00548254,0.00325302,0.00397475,0.00329817,0.00286806,0.00220543,0.00282639,0.00198245,0.00190582,0.00154558,0.00200495,0.00123384,0.00168746,0.00117123,0.00119871,0.000895894,0.00096803,0.000695348,0.00081074,0.000632515,0.000624523,0.000474688,0.000455069,0.000459699,0.000432814,0.00033806,0.000346514,0.000255455,0.000283501,0.000227569,0.000253369,0.000185182,0.000163868,0.00016964,0.000163322,0.000111568,0.000126235,9.14913e-05,0.000110611,7.43299e-05,8.01371e-05,7.08299e-05,6.96902e-05,4.88317e-05,5.37776e-05,4.06658e-05,
9000,0.511002,0.48164,0.553411,0.490731,0.4553,0.498261,0.568124,0.468763,0.528381,0.495755,0.505365,0.490254,0.493341,0.44796,0.510741,0.461746,0.510612,0.411603,0.439876,0.382424,0.440511,0.392627,0.424514,0.327102,0.384788,0.21638,0.289297,0.162719,0.198327,0.100372,0.126482,0.0654101,0.0776655,0.0449957,0.0452051,0.0336094,0.0399654,0.0285053,0.028247,0.0180867,0.0220989,0.0146215,0.0171635,0.0141461,0.0153594,0.010907,0.0108463,0.00821701,0.0102298,0.00828734,0.00782838,0.00675241,0.0061659,0.00500487,0.00548254,0.00325302,0.00397475,0.00329817,0.00286806,0.00220543,0.00258657,0.00198245,0.00180187,0.00154558,0.00200495,0.00123384,0.00153463,0.00117123,0.00119871,0.00083119,0.00088684,0.000739538,0.000765788,0.000632515,0.000624523,0.000508072,0.000489506,0.000493789,0.000432814,0.000368039,0.000346514,0.000255455,0.000283501,0.000213197,0.000253369,0.000175624,0.000163868,0.00015981,0.000163322,0.000117146,0.000126235,0.00010247,0.000104382,7.03452e-05,8.01371e-05,6.56786e-05,6.96902e-05,4.88317e-05,5.37776e-05,4.06658e-05,
9200,0.511002,0.48164,0.488743,0.490731,0.48999,0.524485,0.511312,0.468763,0.500571,0.495755,0.505365,0.490254,0.493341,0.491,0.510741,0.461746,0.510612,0.411603,0.498838,0.382424,0.440511,0.365895,0.424514,0.327102,0.384788,0.21638,0.289297,0.162719,0.186393,0.0932189,0.126482,0.0577909,0.0817865,0.0449957,0.0491864,0.0336094,0.0429193,0.0285053,0.0317149,0.0180867,0.0233555,0.0155466,0.0171635,0.0141461,0.0153594,0.010907,0.0108463,0.008816,0.0102298,0.0078353,0.00782838,0.00675241,0.0061659,0.00467445,0.00517382,0.00325302,0.00397475,0.00329817,0.00286806,0.00234518,0.00272766,0.00198245,0.00190128,0.00164861,0.00200495,0.00123384,0.00153463,0.00110503,0.00129004,0.00083119,0.00088684,0.000739538,0.000765788,0.000632515,0.000624523,0.000462557,0.000520475,0.000493789,0.000432814,0.000368039,0.000346514,0.000255455,0.000283501,0.000213197,0.000253369,0.000175624,0.00017856,0.00015981,0.000163322,0.000117146,0.000111905,9.51016e-05,0.000104382,7.03452e-05,8.49894e-05,7.10195e-05,6.96902e-05,5.22499e-05,5.37776e-05,4.65494e-05,
9400,0.511002,0.48164,0.488743,0.557884,0.515555,0.524485,0.511312,0.497066,0.530502,0.495755,0.539056,0.490254,0.493341,0.491,0.546601,0.461746,0.510612,0.411603,0.498838,0.382424,0.418054,0.340507,0.424514,0.327102,0.413058,0.21638,0.309493,0.148178,0.198185,0.0932189,0.141103,0.0577909,0.0874961,0.0449957,0.0541051,0.0312567,0.0429193,0.0285053,0.0289965,0.0180867,0.0233555,0.0155466,0.0171635,0.0141461,0.0153594,0.010907,0.0122163,0.0094877,0.00965378,0.00733449,0.00782838,0.00566698,0.0061659,0.00467445,0.00517382,0.00325302,0.00397475,0.00329817,0.00264704,0.00234518,0.00253938,0.00211461,0.00200434,0.00164861,0.00200495,0.00132936,0.00153463,0.00110503,0.00120758,0.000913502,0.00088684,0.000683192,0.000765788,0.000632515,0.000624523,0.000503873,0.000485039,0.000493789,0.000432814,0.000368039,0.000374865,0.000255455,0.000311546,0.000213197,0.000253369,0.000161947,0.000192775,0.00015981,0.000163322,0.000117146,0.000111905,9.51016e-05,0.000104382,7.03452e-05,9.06554e-05,7.10195e-05,6.96902e-05,5.22499e-05,5.37776e-05,4.36095e-05,
9600,0.511002,0.48164,0.462084,0.504857,0.515555,0.524485,0.552652,0.541145,0.530502,0.466646,0.499336,0.490254,0.493341,0.491,0.546601,0.436093,0.510612,0.44926,0.456363,0.382424,0.450901,0.340507,0.424514,0.327102,0.413058,0.21638,0.309493,0.139288,0.180236,0.0932189,0.133649,0.0577909,0.0874961,0.0449957,0.0578924,0.0346949,0.0429193,0.0215373,0.0311397,0.0180867,0.0233555,0.0155466,0.0171635,0.0149371,0.0153594,0.010907,0.0122163,0.0094877,0.00965378,0.00773455,0.00735253,0.00566698,0.00653458,0.00432046,0.00517382,0.00325302,0.00397475,0.00329817,0.00264704,0.00234518,0.00266758,0.00211461,0.00200434,0.00164861,0.00211896,0.00125068,0.00153463,0.000994531,0.00111613,0.000913502,0.00088684,0.000683192,0.000765788,0.000632515,0.000624523,0.000503873,0.000485039,0.000407913,0.000432814,0.000368039,0.000327717,0.000268352,0.000278818,0.000213197,0.000253369,0.000161947,0.000192775,0.00015981,0.000163322,0.00010839,0.000118572,9.00774e-05,0.000104382,7.03452e-05,8.31178e-05,7.10195e-05,7.41128e-05,5.22499e-05,5.37776e-05,4.36095e-05,
9800,0.473639,0.525753,0.462084,0.444846,0.469858,0.556329,0.506915,0.5128,0.480501,0.466646,0.473409,0.528044,0.493341,0.491,0.546601,0.436093,0.510612,0.485386,0.483833,0.428945,0.450901,0.368037,0.424514,0.327102,0.413058,0.232233,0.287472,0.139288,0.195226,0.0932189,0.133649,0.0577909,0.0812228,0.0449957,0.0578924,0.0346949,0.0460639,0.0215373,0.0311397,0.0180867,0.0233555,0.0155466,0.0171635,0.0149371,0.0153594,0.010907,0.0122163,0.0094877,0.00878896,0.00773455,0.00735253,0.00566698,0.00653458,0.00432046,0.00517382,0.00325302,0.00397475,0.00329817,0.00294956,0.00234518,0.00248344,0.00211461,0.00200434,0.00164861,0.00200893,0.00134709,0.00153463,0.00091184,0.00111613,0.000913502,0.0009432,0.000721392,0.000724827,0.000632515,0.000624523,0.000503873,0.000434225,0.000407913,0.000432814,0.000368039,0.000327717,0.000268352,0.000278818,0.000213197,0.0002347,0.000171201,0.000174351,0.00015981,0.000163322,0.00010839,0.000118572,0.000100615,0.000104382,7.03452e-05,8.31178e-05,7.10195e-05,8.12335e-05,5.50224e-05,5.37776e-05,4.36095e-05,
10000,0.473639,0.525753,0.462084,0.475826,0.469858,0.497942,0.532739,0.477886,0.480501,0.494338,0.473409,0.528044,0.543624,0.491,0.512079,0.461013,0.510612,0.485386,0.483833,0.428945,0.450901,0.368037,0.468365,0.349909,0.413058,0.254091,0.287472,0.149441,0.195226,0.0932189,0.133649,0.0577909,0.0866377,0.0449957,0.0578924,0.0373384,0.0435945,0.0215373,0.0311397,0.0180867,0.0233555,0.0155466,0.0171635,0.0149371,0.0153594,0.0114524,0.0131165,0.0094877,0.00928039,0.00706952,0.00735253,0.00566698,0.00653458,0.0040263,0.00517382,0.003438,0.00397475,0.00329817,0.00310725,0.00234518,0.00248344,0.00211461,0.00220478,0.00164861,0.00200893,0.00134709,0.00153463,0.00101466,0.00111613,0.000913502,0.0009432,0.000721392,0.000770757,0.000632515,0.000583712,0.000503873,0.00052107,0.000407913,0.000432814,0.000343989,0.000327717,0.000268352,0.000301361,0.000213197,0.0002347,0.00015226,0.000174351,0.00015981,0.000163322,0.00010839,0.000118572,0.000100615,9.67907e-05,7.03452e-05,8.31178e-05,7.10195e-05,8.12335e-05,5.50224e-05,6.03504e-05,4.68328e-05,
10200,0.473639,0.479019,0.462084,0.475826,0.469858,0.526396,0.532739,0.50379,0.50557,0.494338,0.527513,0.528044,0.509776,0.447123,0.512079,0.431896,0.510612,0.441701,0.483833,0.407263,0.420841,0.395156,0.468365,0.313186,0.379546,0.254091,0.287472,0.141546,0.195226,0.0932189,0.124124,0.0577909,0.0866377,0.0449957,0.0578924,0.0373384,0.0382874,0.0215373,0.0285919,0.0168809,0.0233555,0.0155466,0.0171635,0.0139102,0.0138995,0.0114524,0.0122111,0.0094877,0.00992912,0.00706952,0.00735253,0.00518976,0.00653458,0.0040263,0.00517382,0.00322393,0.0042787,0.00329817,0.00310725,0.00234518,0.0022351,0.00224839,0.00220478,0.00164861,0.0021733,0.00125728,0.00153463,0.00101466,0.00111613,0.000913502,0.0009432,0.000721392,0.000846227,0.000593591,0.000629833,0.000503873,0.000555808,0.000407913,0.000432814,0.000343989,0.000327717,0.000268352,0.000276806,0.000213197,0.000247739,0.00015226,0.000190445,0.00015981,0.000163322,0.00010839,0.0001247,0.000100615,9.67907e-05,7.43452e-05,7.60404e-05,6.64283e-05,8.12335e-05,5.50224e-05,6.03504e-05,4.68328e-05,
10400,0.473639,0.479019,0.494343,0.475826,0.512145,0.494812,0.571574,0.50379,0.50557,0.538658,0.527513,0.528044,0.509776,0.447123,0.512079,0.388706,0.510612,0.441701,0.483833,0.407263,0.420841,0.395156,0.384322,0.313186,0.379546,0.254091,0.287472,0.158355,0.195226,0.0932189,0.140032,0.0577909,0.0866377,0.0449957,0.0578924,0.0324844,0.0382874,0.0215373,0.0285919,0.0181177,0.0233555,0.0155466,0.0171635,0.0151747,0.0138995,0.0103638,0.0113821,0.0084868,0.00992912,0.00659822,0.00735253,0.00518976,0.00653458,0.0040263,0.00517382,0.00351921,0.00395888,0.00329817,0.00310725,0.00234518,0.00241992,0.00224839,0.00220478,0.00173676,0.00191336,0.00125728,0.00145236,0.00108559,0.00111613,0.000863675,0.0009432,0.000721392,0.000800069,0.000593591,0.000629833,0.000503873,0.000555808,0.000407913,0.000457296,0.000318105,0.000327717,0.000268352,0.000301352,0.000213197,0.000224191,0.00015226,0.000190445,0.00015981,0.000163322,0.000117645,0.000133503,9.27405e-05,9.67907e-05,8.32666e-05,7.60404e-05,6.64283e-05,7.15479e-05,5.81174e-05,5.63661e-05,4.68328e-05,
10600,0.513031,0.479019,0.494343,0.425445,0.512145,0.494812,0.571574,0.50379,0.544893,0.499482,0.492017,0.50079,0.509776,0.447123,0.512079,0.419963,0.510612,0.441701,0.439621,0.407263,0.420841,0.395156,0.384322,0.313186,0.379546,0.241137,0.287472,0.169989,0.21409,0.0932189,0.151611,0.0577909,0.0954681,0.0449957,0.0578924,0.0324844,0.0382874,0.0249311,0.0285919,0.019806,0.0233555,0.0155466,0.0171635,0.0151747,0.0138995,0.0103638,0.0121022,0.0084868,0.00992912,0.00659822,0.00786877,0.00518976,0.00653458,0.0040263,0.00490678,0.00351921,0.00395888,0.00329817,0.00327213,0.00234518,0.00241992,0.00224839,0.0023319,0.00173676,0.0020477,0.00125728,0.00145236,0.00100338,0.00121309,0.000918403,0.0009432,0.000721392,0.000800069,0.000593591,0.000629833,0.00047205,0.000555808,0.000407913,0.000487782,0.000318105,0.000327717,0.000298665,0.000301352,0.000213197,0.000224191,0.00015226,0.000190445,0.00015981,0.000163322,0.000117645,0.000126697,9.27405e-05,9.67907e-05,8.32666e-05,7.60404e-05,7.10719e-05,7.15479e-05,5.81174e-05,5.63661e-05,4.68328e-05,
10800,0.513031,0.479019,0.494343,0.425445,0.512145,0.494812,0.571574,0.50379,0.544893,0.528281,0.492017,0.50079,0.509776,0.447123,0.538796,0.419963,0.549659,0.441701,0.439621,0.458779,0.444513,0.416433,0.384322,0.34042,0.379546,0.241137,0.26718,0.179009,0.21409,0.0932189,0.139609,0.0577909,0.0954681,0.0396139,0.0578924,0.0324844,0.0382874,0.0249311,0.0285919,0.0215265,0.0233555,0.0155466,0.0171635,0.0151747,0.0146029,0.0103638,0.0130753,0.0084868,0.00940456,0.00713169,0.00786877,0.00562679,0.00653458,0.004309,0.00446071,0.00371472,0.00395888,0.00329817,0.00327213,0.00234518,0.00256409,0.00224839,0.0023319,0.00173676,0.00193416,0.0013284,0.00145236,0.00100338,0.0011428,0.000918403,0.0009432,0.000721392,0.000850842,0.000552782,0.000629833,0.00047205,0.000555808,0.000365215,0.000457411,0.000318105,0.000327717,0.000278331,0.000301352,0.000213197,0.000224191,0.00015226,0.000190445,0.00014607,0.000143192,0.000117645,0.000126697,9.89233e-05,9.67907e-05,8.32666e-05,7.60404e-05,7.10719e-05,6.54772e-05,5.81174e-05,5.2455e-05,4.44452e-05,
11000,0.481035,0.536323,0.494343,0.425445,0.512145,0.494812,0.508584,0.50379,0.544893,0.528281,0.492017,0.528791,0.509776,0.481899,0.538796,0.475381,0.509961,0.441701,0.439621,0.458779,0.444513,0.382798,0.384322,0.34042,0.411957,0.241137,0.26718,0.179009,0.250858,0.0932189,0.155153,0.0577909,0.111535,0.0396139,0.0648934,0.0324844,0.0382874,0.0249311,0.0317753,0.0215265,0.0250622,0.0155466,0.0182388,0.0151747,0.0146029,0.0103638,0.0130753,0.00746838,0.010114,0.00658438,0.00786877,0.00604019,0.00705242,0.004309,0.00446071,0.00371472,0.00395888,0.00352938,0.00327213,0.00255038,0.0026923,0.0019561,0.00221154,0.00173676,0.00193416,0.00123463,0.00136522,0.00100338,0.0011428,0.000918403,0.0009432,0.000790096,0.000850842,0.000582113,0.000629833,0.00050352,0.000555808,0.000396941,0.000457411,0.000318105,0.000327717,0.000278331,0.000301352,0.000213197,0.000236087,0.00015226,0.000190445,0.00014607,0.000151334,0.000117645,0.000126697,9.89233e-05,0.000104461,7.67116e-05,8.37228e-05,7.10719e-05,6.54772e-05,6.14537e-05,5.64818e-05,4.44452e-05,
11200,0.515942,0.536323,0.494343,0.46215,0.474898,0.467323,0.508584,0.50379,0.544893,0.528281,0.563086,0.528791,0.509776,0.481899,0.510987,0.475381,0.509961,0.486327,0.439621,0.400158,0.469657,0.382798,0.384322,0.34042,0.411957,0.241137,0.28321,0.166478,0.230691,0.101019,0.155153,0.0577909,0.111535,0.0429085,0.0567653,0.0324844,0.0413661,0.0269159,0.0317753,0.0215265,0.0250622,0.0155466,0.0165152,0.0151747,0.0146029,0.0103638,0.0123391,0.00806893,0.010114,0.00658438,0.00786877,0.00604019,0.00705242,0.00486474,0.00487247,0.00419454,0.00395888,0.00352938,0.00327213,0.0026779,0.0026923,0.0020684,0.00221154,0.00173676,0.00193416,0.0013132,0.00136522,0.00105874,0.0011428,0.000918403,0.00102457,0.000790096,0.000850842,0.000582113,0.000629833,0.00050352,0.000520704,0.000396941,0.000414183,0.000340285,0.000349565,0.000260143,0.000301352,0.000235532,0.000236087,0.000168562,0.000190445,0.00014607,0.000164902,0.000109525,0.000126697,9.89233e-05,9.45646e-05,7.67116e-05,8.37228e-05,7.10719e-05,6.54772e-05,5.78929e-05,5.23853e-05,3.85735e-05,
11400,0.515942,0.501184,0.538181,0.46215,0.474898,0.467323,0.508584,0.50379,0.544893,0.528281,0.563086,0.528791,0.551485,0.481899,0.510987,0.508568,0.509961,0.486327,0.481489,0.400158,0.469657,0.382798,0.384322,0.34042,0.411957,0.224559,0.297508,0.155837,0.21253,0.101019,0.141221,0.0577909,0.101594,0.0429085,0.0538179,0.0324844,0.0389898,0.02524,0.0285978,0.0215265,0.0226907,0.0155466,0.0181166,0.0151747,0.0137454,0.0103638,0.0123391,0.0089911,0.0108253,0.00658438,0.00727667,0.00604019,0.00705242,0.00486474,0.00487247,0.00390092,0.00395888,0.00352938,0.00327213,0.0026779,0.0026923,0.0020684,0.00221154,0.00159926,0.00169287,0.0013132,0.00136522,0.00105874,0.00120127,0.000987686,0.00102457,0.000703024,0.000893384,0.000582113,0.000629833,0.00050352,0.000520704,0.000396941,0.000441795,0.000340285,0.000349565,0.000260143,0.000301352,0.000235532,0.000236087,0.000168562,0.000169533,0.000134444,0.000164902,0.000109525,0.000126697,9.89233e-05,9.96906e-05,8.10008e-05,8.37228e-05,7.10719e-05,6.54772e-05,5.78929e-05,5.23853e-05,3.85735e-05,
11600,0.515942,0.501184,0.49286,0.506164,0.474898,0.467323,0.46052,0.54816,0.544893,0.528281,0.52629,0.528791,0.551485,0.456536,0.485157,0.548694,0.509961,0.435333,0.44575,0.400158,0.469657,0.362747,0.416285,0.363115,0.3668,0.224559,0.297508,0.155837,0.21253,0.0958689,0.13376,0.0577909,0.0939,0.0406083,0.0538179,0.0324844,0.0389898,0.02524,0.0285978,0.0215265,0.0226907,0.0169817,0.0181166,0.0141729,0.0137454,0.0103638,0.0123391,0.0089911,0.00963456,0.00658438,0.00727667,0.00555233,0.00634718,0.00486474,0.00455924,0.00351083,0.00395888,0.00352938,0.00327213,0.0026779,0.00289067,0.0020684,0.00221154,0.00159926,0.00169287,0.00124682,0.00143645,0.00099208,0.00120127,0.000987686,0.000963936,0.000703024,0.000893384,0.000582113,0.000629833,0.00050352,0.000520704,0.000396941,0.000397616,0.000319867,0.000349565,0.000260143,0.000269725,0.000222684,0.000249367,0.000179259,0.000169533,0.000134444,0.000177017,0.000116826,0.000126697,9.89233e-05,9.96906e-05,8.10008e-05,8.37228e-05,7.10719e-05,6.92004e-05,6.39185e-05,5.23853e-05,4.3852e-05,
11800,0.48678,0.501184,0.453633,0.506164,0.517012,0.467323,0.492909,0.54816,0.544893,0.528281,0.52629,0.528791,0.551485,0.456536,0.485157,0.518765,0.509961,0.396747,0.422201,0.400158,0.502488,0.362747,0.416285,0.341933,0.3668,0.24926,0.297508,0.155837,0.21253,0.0958689,0.13376,0.0577909,0.0868812,0.0406083,0.0538179,0.0324844,0.0389898,0.02524,0.0265068,0.0215265,0.0226907,0.0169817,0.0181166,0.0141729,0.013022,0.0103638,0.0123391,0.00851609,0.00963456,0.00693092,0.00727667,0.00555233,0.00634718,0.00486474,0.00455924,0.00403746,0.00395888,0.00352938,0.00327213,0.00242263,0.00289067,0.0020684,0.00221154,0.00159926,0.00169287,0.00124682,0.00151205,0.00099208,0.00112984,0.000987686,0.000963936,0.000703024,0.000834404,0.000582113,0.000629833,0.000450815,0.000520704,0.000396941,0.000397616,0.000303698,0.000349565,0.00024433,0.00030284,0.00023753,0.000227028,0.000179259,0.000179123,0.000134444,0.000177017,0.000116826,0.000126697,9.89233e-05,0.000112378,8.10008e-05,8.37228e-05,6.6926e-05,6.92004e-05,5.81788e-05,5.52249e-05,4.11172e-05,
12000,0.522265,0.501184,0.453633,0.478981,0.517012,0.493757,0.492909,0.54816,0.501997,0.528281,0.52629,0.494992,0.52337,0.480761,0.529941,0.518765,0.509961,0.396747,0.422201,0.400158,0.502488,0.337141,0.416285,0.359773,0.341582,0.24926,0.297508,0.144631,0.201561,0.0958689,0.13376,0.0577909,0.0868812,0.0406083,0.0538179,0.0324844,0.0361943,0.0267436,0.0237345,0.0215265,0.0226907,0.0178896,0.0181166,0.013228,0.013691,0.0103638,0.0109865,0.00851609,0.00963456,0.00758031,0.00727667,0.00555233,0.00634718,0.00486474,0.00455924,0.00403746,0.00395888,0.00319627,0.00327213,0.00242263,0.00262789,0.0020684,0.00221154,0.00159926,0.00169287,0.00124682,0.00151205,0.0010932,0.00112984,0.000919153,0.000963936,0.000703024,0.000834404,0.000640324,0.000629833,0.000498269,0.000520704,0.000396941,0.000397616,0.000303698,0.000349565,0.00022967,0.00030284,0.00023753,0.000248157,0.000179259,0.000179123,0.000134444,0.000177017,0.000116826,0.000126697,9.29212e-05,0.000112378,7.62069e-05,8.37228e-05,6.6926e-05,7.49907e-05,5.81788e-05,5.52249e-05,3.84891e-05,
12200,0.522265,0.501184,0.476535,0.512559,0.549773,0.493757,0.550772,0.518722,0.501997,0.484887,0.52629,0.494992,0.556584,0.480761,0.529941,0.518765,0.574865,0.459801,0.454487,0.437723,0.476041,0.337141,0.438374,0.359773,0.341582,0.24926,0.297508,0.144631,0.201561,0.0958689,0.13376,0.0612695,0.082064,0.044546,0.0495812,0.0375103,0.0331849,0.0267436,0.0254647,0.0215265,0.0211927,0.0178896,0.0181166,0.0125537,0.013691,0.00976846,0.0109865,0.00851609,0.0087736,0.00758031,0.00665101,0.00555233,0.00634718,0.00486474,0.00455924,0.00403746,0.00395888,0.00319627,0.00327213,0.00242263,0.00262789,0.0020684,0.00241569,0.0017392,0.00178197,0.00124682,0.00151205,0.0010932,0.00112984,0.000997081,0.000963936,0.000663967,0.000834404,0.000640324,0.000582754,0.000498269,0.000567568,0.000396941,0.000397616,0.000321052,0.000349565,0.00022967,0.00030284,0.000213777,0.000227432,0.000168734,0.000179123,0.000146207,0.000160228,0.000116826,0.000126697,8.4597e-05,0.000112378,8.15576e-05,8.37228e-05,6.189e-05,7.49907e-05,5.31766e-05,5.52249e-05,3.84891e-05,
12400,0.522265,0.536319,0.476535,0.461303,0.549773,0.493757,0.522345,0.518722,0.45475,0.484887,0.52629,0.494992,0.527684,0.480761,0.529941,0.441787,0.488312,0.459801,0.454487,0.437723,0.451324,0.337141,0.404066,0.340452,0.341582,0.24926,0.297508,0.144631,0.201561,0.0958689,0.13376,0.0551426,0.082064,0.0412395,0.0531955,0.0375103,0.0331849,0.0267436,0.0254647,0.0215265,0.0239641,0.0157279,0.0162096,0.0125537,0.0149796,0.0103631,0.0103872,0.00922436,0.0087736,0.00758031,0.00700661,0.00555233,0.00634718,0.00486474,0.00455924,0.00403746,0.00395888,0.00298741,0.00327213,0.00242263,0.00262789,0.00191487,0.00225783,0.00164434,0.00178197,0.00132994,0.00160307,0.0011811,0.00112984,0.000997081,0.00101846,0.000706041,0.000834404,0.000640324,0.000623491,0.000471558,0.000530876,0.000396941,0.000397616,0.000321052,0.000349565,0.00024273,0.000280968,0.000213777,0.000242594,0.00017788,0.000179123,0.000146207,0.000172393,0.000116826,0.000126697,8.4597e-05,0.000112378,8.15576e-05,9.06859e-05,6.72663e-05,8.04573e-05,5.67217e-05,5.92507e-05,3.84891e-05,
12600,0.493308,0.536319,0.476535,0.461303,0.519785,0.466424,0.522345,0.548218,0.503191,0.484887,0.52629,0.494992,0.556288,0.445608,0.529941,0.441787,0.452561,0.459801,0.454487,0.413075,0.488491,0.337141,0.425148,0.340452,0.368651,0.24926,0.321194,0.144631,0.201561,0.0867974,0.13376,0.0551426,0.082064,0.0412395,0.0586282,0.0375103,0.0331849,0.0267436,0.0254647,0.0215265,0.0239641,0.0157279,0.0180621,0.0125537,0.0158172,0.0103631,0.0117456,0.00922436,0.00946295,0.00811438,0.00700661,0.00555233,0.00567974,0.0045908,0.00417685,0.00403746,0.00395888,0.00298741,0.00297973,0.00224893,0.00262789,0.0020491,0.00225783,0.00164434,0.00178197,0.00132994,0.00160307,0.00111024,0.00120165,0.000997081,0.00101846,0.000706041,0.000834404,0.000640324,0.000658944,0.000471558,0.000530876,0.000396941,0.000424124,0.00034464,0.000349565,0.00024273,0.0002997,0.000213777,0.000242594,0.00017788,0.000179123,0.000154024,0.000172393,0.000116826,0.000126697,9.25232e-05,0.000118735,8.15576e-05,9.06859e-05,6.72663e-05,7.51455e-05,5.01724e-05,5.47637e-05,3.84891e-05,
12800,0.493308,0.536319,0.444766,0.461303,0.519785,0.466424,0.472749,0.548218,0.503191,0.484887,0.484859,0.494992,0.556288,0.445608,0.529941,0.466637,0.493965,0.459801,0.454487,0.434466,0.488491,0.337141,0.425148,0.303254,0.368651,0.24926,0.295603,0.144631,0.188678,0.0867974,0.119073,0.0597566,0.082064,0.0412395,0.0625368,0.0349862,0.0331849,0.0267436,0.0254647,0.0215265,0.0260181,0.0170524,0.0180621,0.0125537,0.0158172,0.00952604,0.0117456,0.00922436,0.00946295,0.00713389,0.00742403,0.00555233,0.00567974,0.0045908,0.00459884,0.00403746,0.00423428,0.00298741,0.00313783,0.00224893,0.00262789,0.0020491,0.00225783,0.00164434,0.00165273,0.00132994,0.00160307,0.00111024,0.0011286,0.000997081,0.00101846,0.000706041,0.000834404,0.000640324,0.000658944,0.000471558,0.000530876,0.000396941,0.000424124,0.000326132,0.000349565,0.000255394,0.000274181,0.000213777,0.000242594,0.00017788,0.000191628,0.000154024,0.000182033,0.000116826,0.000126697,9.25232e-05,0.000118735,8.15576e-05,9.06859e-05,6.72663e-05,6.91339e-05,5.01724e-05,5.47637e-05,3.84891e-05,
13000,0.493308,0.572073,0.482474,0.500599,0.519785,0.438546,0.472749,0.490881,0.452872,0.484887,0.484859,0.532992,0.556288,0.445608,0.494228,0.466637,0.493965,0.459801,0.454487,0.434466,0.449819,0.361778,0.425148,0.303254,0.368651,0.24926,0.275712,0.155828,0.199918,0.0867974,0.127433,0.0628008,0.0957414,0.0412395,0.0625368,0.0349862,0.0331849,0.0246264,0.0254647,0.0227142,0.0238105,0.0170524,0.0166245,0.0125537,0.0149677,0.0113691,0.0117456,0.00922436,0.00946295,0.00713389,0.00700597,0.00555233,0.00629935,0.00418273,0.00490543,0.00403746,0.00423428,0.00276728,0.00313783,0.00238182,0.00262789,0.00185414,0.00225783,0.00164434,0.00165273,0.00132994,0.00160307,0.00117612,0.0011286,0.000997081,0.00101846,0.000774265,0.000834404,0.000589632,0.000718022,0.000471558,0.000530876,0.000396941,0.000424124,0.000326132,0.000349565,0.000238006,0.000274181,0.000194537,0.000260279,0.00017788,0.000174273,0.000141899,0.000169674,0.000116826,0.000133151,9.25232e-05,0.00012481,8.15576e-05,9.06859e-05,6.72663e-05,6.91339e-05,4.72652e-05,5.47637e-05,4.11915e-05,
13200,0.493308,0.517397,0.482474,0.500599,0.519785,0.47044,0.472749,0.490881,0.452872,0.484887,0.484859,0.532992,0.556288,0.473887,0.494228,0.466637,0.493965,0.459801,0.423632,0.434466,0.396507,0.361778,0.425148,0.333285,0.348543,0.228785,0.300599,0.155828,0.199918,0.0923057,0.127433,0.0680893,0.082064,0.0412395,0.0625368,0.0349862,0.0353972,0.0246264,0.0254647,0.0227142,0.0238105,0.0170524,0.0166245,0.0116675,0.0149677,0.0122455,0.0117456,0.00922436,0.00946295,0.00663452,0.00736591,0.00555233,0.00629935,0.00441801,0.00490543,0.00352965,0.00423428,0.00303083,0.00313783,0.00238182,0.00262789,0.00185414,0.00243846,0.00154568,0.00165273,0.00140557,0.00141986,0.00117612,0.0011286,0.000997081,0.00101846,0.000774265,0.000834404,0.000589632,0.000718022,0.000447219,0.000530876,0.000396941,0.000453812,0.000326132,0.000368985,0.000238006,0.000274181,0.000194537,0.000260279,0.00017788,0.000183445,0.000141899,0.000169674,0.000116826,0.000143166,9.25232e-05,0.00012481,8.15576e-05,9.06859e-05,6.72663e-05,6.91339e-05,4.72652e-05,5.47637e-05,4.32899e-05,
13400,0.524614,0.551891,0.482474,0.500599,0.519785,0.47044,0.472749,0.523607,0.512093,0.484887,0.484859,0.532992,0.556288,0.499224,0.494228,0.466637,0.493965,0.459801,0.423632,0.434466,0.396507,0.361778,0.425148,0.308046,0.348543,0.248804,0.318437,0.155828,0.199918,0.0923057,0.127433,0.0680893,0.082064,0.0412395,0.0625368,0.0321604,0.0353972,0.0246264,0.0276091,0.0203346,0.0238105,0.0157692,0.0166245,0.0106707,0.0149677,0.0122455,0.0117456,0.00806419,0.00946295,0.00663452,0.00736591,0.00595913,0.00629935,0.00441801,0.00490543,0.00352965,0.00423428,0.00303083,0.00313783,0.00250917,0.00246815,0.00185414,0.00229621,0.00154568,0.00176811,0.00140557,0.00141986,0.00124644,0.0011286,0.000997081,0.00101846,0.000774265,0.000876124,0.000589632,0.000718022,0.000477034,0.000492373,0.000359068,0.000453812,0.000300041,0.000368985,0.000238006,0.000274181,0.000194537,0.000260279,0.00017788,0.000183445,0.000141899,0.000169674,0.000110563,0.000143166,8.5561e-05,0.00012481,8.15576e-05,8.07618e-05,6.72663e-05,6.91339e-05,4.48257e-05,5.47637e-05,4.32899e-05,
13600,0.524614,0.551891,0.482474,0.500599,0.546027,0.47044,0.499341,0.523607,0.512093,0.484887,0.484859,0.532992,0.556288,0.499224,0.494228,0.466637,0.493965,0.459801,0.482406,0.434466,0.396507,0.361778,0.425148,0.339205,0.348543,0.248804,0.294973,0.155828,0.199918,0.0923057,0.120726,0.0680893,0.082064,0.0412395,0.0568731,0.0282601,0.0392909,0.0246264,0.0276091,0.0203346,0.0216676,0.0157692,0.017622,0.0118445,0.0149677,0.0112709,0.0117456,0.00806419,0.00946295,0.00663452,0.00736591,0.00595913,0.00629935,0.00465422,0.00490543,0.00383219,0.00423428,0.00335175,0.00313783,0.00250917,0.00246815,0.00185414,0.00215491,0.00164872,0.00176811,0.00140557,0.00141986,0.00124644,0.0011286,0.000997081,0.00101846,0.000774265,0.000876124,0.000628941,0.000718022,0.000477034,0.000539019,0.000359068,0.000453812,0.000300041,0.000368985,0.000238006,0.000296853,0.000209533,0.000260279,0.00017788,0.000193179,0.000141899,0.000169674,0.000121832,0.000143166,9.09649e-05,0.00012481,8.15576e-05,7.44413e-05,6.72663e-05,6.91339e-05,4.72394e-05,5.47637e-05,4.32899e-05,
13800,0.524614,0.551891,0.482474,0.500599,0.505793,0.47044,0.499341,0.523607,0.512093,0.484887,0.51395,0.490352,0.556288,0.499224,0.461931,0.511887,0.493965,0.48581,0.482406,0.402217,0.420447,0.38718,0.425148,0.339205,0.297519,0.248804,0.294973,0.175956,0.184091,0.0923057,0.120726,0.0609062,0.087535,0.0412395,0.0615034,0.0282601,0.0420339,0.0246264,0.0298292,0.0203346,0.0216676,0.0157692,0.017622,0.0118445,0.0149677,0.0100354,0.0117456,0.00862951,0.00946295,0.00663452,0.00736591,0.00626529,0.00629935,0.00465422,0.00431269,0.00383219,0.00383223,0.00335175,0.00313783,0.00250917,0.00246815,0.00185414,0.00215491,0.00155712,0.00176811,0.00153207,0.00141986,0.00112731,0.00118558,0.000997081,0.00101846,0.000724211,0.000876124,0.000628941,0.000718022,0.000477034,0.000539019,0.000359068,0.000453812,0.000300041,0.000392329,0.000238006,0.000296853,0.000209533,0.000260279,0.000195298,0.000193179,0.000141899,0.000158958,0.000121832,0.000132698,9.09649e-05,0.000112902,8.15576e-05,7.44413e-05,6.72663e-05,6.55442e-05,4.72394e-05,5.47637e-05,4.32899e-05,
14000,0.524614,0.551891,0.509613,0.440912,0.505793,0.500152,0.499341,0.491385,0.512093,0.484887,0.4869,0.490352,0.439174,0.461188,0.461931,0.511887,0.493965,0.48581,0.482406,0.402217,0.420447,0.38718,0.425148,0.339205,0.297519,0.248804,0.294973,0.175956,0.197017,0.0970081,0.120726,0.0609062,0.0930729,0.0447975,0.0615034,0.0310587,0.0456853,0.0246264,0.032009,0.0203346,0.0216676,0.0157692,0.0186757,0.0118445,0.0149677,0.0100354,0.0124503,0.00923358,0.0087138,0.00663452,0.00736591,0.00626529,0.00566942,0.00428378,0.00431269,0.00383219,0.00406138,0.00335175,0.00313783,0.00250917,0.00228124,0.00185414,0.00215491,0.00166093,0.00164655,0.00153207,0.00141986,0.00112731,0.00125716,0.000865551,0.000965896,0.000724211,0.000876124,0.000628941,0.000718022,0.000535065,0.000539019,0.000387793,0.000408431,0.000300041,0.000357456,0.000238006,0.000296853,0.000209533,0.000260279,0.000195298,0.000193179,0.000134665,0.000158958,0.000121832,0.000132698,9.09649e-05,0.000112902,8.15576e-05,7.44413e-05,6.72663e-05,6.55442e-05,4.72394e-05,5.47637e-05,4.07279e-05,
14200,0.524614,0.551891,0.479036,0.476185,0.505793,0.526691,0.499341,0.544388,0.512093,0.512595,0.4869,0.490352,0.439174,0.461188,0.499495,0.511887,0.493965,0.399345,0.482406,0.402217,0.420447,0.38718,0.425148,0.31004,0.322863,0.248804,0.294973,0.175956,0.197017,0.0970081,0.120726,0.0609062,0.0930729,0.0476316,0.0579157,0.033627,0.0432717,0.0260935,0.0291803,0.0203346,0.0216676,0.0157692,0.0186757,0.0118445,0.0161487,0.0106309,0.0135822,0.00923358,0.00929472,0.00663452,0.00683779,0.00550546,0.00566942,0.00428378,0.00461503,0.00383219,0.00406138,0.00335175,0.00313783,0.00250917,0.00246988,0.00185414,0.00215491,0.00166093,0.00164655,0.00153207,0.00141986,0.00106199,0.00125716,0.000865551,0.00106434,0.000724211,0.000818379,0.000577278,0.000718022,0.000535065,0.000494411,0.000387793,0.000381919,0.000300041,0.000357456,0.000238006,0.000270197,0.000209533,0.000260279,0.000195298,0.000208633,0.000134665,0.000158958,0.000115686,0.000132698,9.09649e-05,0.000105304,7.38403e-05,7.44413e-05,6.72663e-05,6.55442e-05,4.72394e-05,5.47637e-05,4.07279e-05,
14400,0.524614,0.524047,0.479036,0.476185,0.505793,0.526691,0.499341,0.592334,0.585509,0.512595,0.4869,0.490352,0.439174,0.461188,0.499495,0.511887,0.493965,0.428685,0.482406,0.402217,0.420447,0.407881,0.425148,0.31004,0.322863,0.248804,0.316475,0.175956,0.197017,0.0970081,0.120726,0.0659717,0.0978546,0.0476316,0.0623995,0.033627,0.0432717,0.0260935,0.0310264,0.0203346,0.0216676,0.0166183,0.0212825,0.0125961,0.0161487,0.0106309,0.0135822,0.00923358,0.00929472,0.00663452,0.00683779,0.00550546,0.00566942,0.00456937,0.00461503,0.00383219,0.00427688,0.00298371,0.00313783,0.00223316,0.00260799,0.00185414,0.00195076,0.00166093,0.00153032,0.00153207,0.00141986,0.00106199,0.00116319,0.000865551,0.00100533,0.000724211,0.000818379,0.000577278,0.000673836,0.000487132,0.000494411,0.000387793,0.000381919,0.000300041,0.000401567,0.000238006,0.000270197,0.000209533,0.000234251,0.000209733,0.000208633,0.000134665,0.000158958,0.000115686,0.000120729,9.7648e-05,0.000105304,6.7387e-05,7.44413e-05,6.72663e-05,7.53759e-05,4.72394e-05,5.1441e-05,4.07279e-05,
14600,0.553398,0.524047,0.536521,0.476185,0.505793,0.526691,0.429025,0.562137,0.585509,0.473777,0.550773,0.490352,0.471635,0.419339,0.499495,0.511887,0.493965,0.428685,0.482406,0.402217,0.420447,0.407881,0.425148,0.31004,0.322863,0.248804,0.316475,0.175956,0.197017,0.104731,0.111642,0.0617068,0.0866159,0.0416656,0.0576453,0.0318571,0.0395747,0.0260935,0.0279238,0.0203346,0.0216676,0.0166183,0.0227014,0.0125961,0.0146953,0.0113751,0.0135822,0.00923358,0.00929472,0.00753437,0.00683779,0.00591372,0.00566942,0.00456937,0.00461503,0.00383219,0.00427688,0.00298371,0.00313783,0.00234789,0.00276275,0.00185414,0.00195076,0.00166093,0.0016164,0.00153207,0.00141986,0.00106199,0.00116319,0.000865551,0.00100533,0.000785903,0.000818379,0.000577278,0.000673836,0.000487132,0.000521538,0.000387793,0.000381919,0.000300041,0.000353536,0.00025792,0.000270197,0.000209533,0.000218943,0.000196174,0.000208633,0.000126929,0.000168556,0.000115686,0.000120729,9.7648e-05,9.89862e-05,6.7387e-05,6.85164e-05,6.72663e-05,7.97219e-05,4.9681e-05,5.1441e-05,4.38673e-05,
14800,0.498058,0.524047,0.536521,0.50636,0.480008,0.526691,0.450975,0.562137,0.585509,0.473777,0.550773,0.490352,0.509767,0.419339,0.499495,0.511887,0.449509,0.428685,0.482406,0.371758,0.420447,0.407881,0.425148,0.290704,0.322863,0.248804,0.316475,0.154695,0.21227,0.111387,0.117884,0.0617068,0.091776,0.0416656,0.0607896,0.0318571,0.0395747,0.0260935,0.0297854,0.0203346,0.0232744,0.0154805,0.0227014,0.0125961,0.0146953,0.0102962,0.0135822,0.00853007,0.00929472,0.00753437,0.00749476,0.00591372,0.00528124,0.00495956,0.00461503,0.00383219,0.00427688,0.00265489,0.00313783,0.00254914,0.00276275,0.00185414,0.00214583,0.00166093,0.0016164,0.00153207,0.00152515,0.00106199,0.00116319,0.000865551,0.00100533,0.000785903,0.000818379,0.000577278,0.000673836,0.000524845,0.000521538,0.000387793,0.000381919,0.000300041,0.000353536,0.00025792,0.000270197,0.000209533,0.000218943,0.000184102,0.000195356,0.000126929,0.000156382,0.000130524,0.000120729,9.7648e-05,9.89862e-05,6.7387e-05,6.85164e-05,6.3837e-05,7.43096e-05,4.9681e-05,5.1441e-05,4.38673e-05,
15000,0.498058,0.491418,0.452447,0.50636,0.480008,0.526691,0.50877,0.562137,0.585509,0.473777,0.522932,0.490352,0.472206,0.459276,0.499495,0.511887,0.478075,0.428685,0.482406,0.371758,0.420447,0.378858,0.425148,0.260222,0.357433,0.230082,0.276197,0.154695,0.21227,0.0975446,0.126521,0.058341,0.0969075,0.0416656,0.0607896,0.0318571,0.0395747,0.0245492,0.0297854,0.0187762,0.0232744,0.0154805,0.0227014,0.0125961,0.0146953,0.0102962,0.0135822,0.00853007,0.00929472,0.00693162,0.00787313,0.00591372,0.00528124,0.00469853,0.00461503,0.00383219,0.00427688,0.00265489,0.00313783,0.00254914,0.00258066,0.00185414,0.00200417,0.00166093,0.0016164,0.00140161,0.00152515,0.00106199,0.0012369,0.000865551,0.00100533,0.000785903,0.000818379,0.000577278,0.00070959,0.000524845,0.000521538,0.000409189,0.000381919,0.000300041,0.00033178,0.00025792,0.000256168,0.000209533,0.000218943,0.000184102,0.000195356,0.000126929,0.000156382,0.000140779,0.000120729,0.000102743,0.000109251,6.7387e-05,6.85164e-05,6.00068e-05,7.43096e-05,4.53842e-05,5.1441e-05,4.72635e-05,
15200,0.498058,0.518329,0.452447,0.50636,0.480008,0.55417,0.50877,0.562137,0.585509,0.473777,0.522932,0.490352,0.472206,0.49584,0.433604,0.511887,0.478075,0.428685,0.482406,0.403064,0.442384,0.378858,0.491004,0.279341,0.357433,0.242554,0.276197,0.165999,0.223776,0.09251,0.11759,0.058341,0.0914671,0.0437973,0.0607896,0.0283094,0.0395747,0.0245492,0.0297854,0.0199695,0.0232744,0.0154805,0.0212503,0.0125961,0.0134734,0.0102962,0.012418,0.00799132,0.00850898,0.00693162,0.00787313,0.00591372,0.0055542,0.00469853,0.00438174,0.00383219,0.00427688,0.00284843,0.0028736,0.00254914,0.00284138,0.00203776,0.00218773,0.0017538,0.0016164,0.00140161,0.00167603,0.00106199,0.0010851,0.000865551,0.000936882,0.000670242,0.000818379,0.000630565,0.000665923,0.000524845,0.000521538,0.000430725,0.000411124,0.000322085,0.00033178,0.00025792,0.000256168,0.000220465,0.000218943,0.000196955,0.000195356,0.000126929,0.000156382,0.000123587,0.000112207,0.000102743,0.00010021,7.34698e-05,6.85164e-05,6.00068e-05,7.43096e-05,4.87008e-05,5.1441e-05,4.72635e-05,
15400,0.498058,0.518329,0.452447,0.50636,0.480008,0.55417,0.566142,0.562137,0.544881,0.473777,0.522932,0.490352,0.50536,0.49584,0.471013,0.450252,0.478075,0.473594,0.508382,0.425736,0.442384,0.350168,0.491004,0.297963,0.323424,0.242554,0.276197,0.17438,0.223776,0.09251,0.128838,0.058341,0.0914671,0.0437973,0.0607896,0.0283094,0.0395747,0.0245492,0.0318674,0.0199695,0.0232744,0.0140842,0.0193336,0.0118507,0.0134734,0.0094767,0.012418,0.00799132,0.00850898,0.00693162,0.00787313,0.00591372,0.0055542,0.00469853,0.00438174,0.00383219,0.00427688,0.00302137,0.00306517,0.00254914,0.00261644,0.00203776,0.00218773,0.00162271,0.00176188,0.00140161,0.00167603,0.00106199,0.0010851,0.000865551,0.000936882,0.000670242,0.000818379,0.000630565,0.000665923,0.000524845,0.000521538,0.000406471,0.000411124,0.000322085,0.00033178,0.000286974,0.000256168,0.000220465,0.000218943,0.000196955,0.0001855,0.000126929,0.000156382,0.000123587,0.000118939,0.000102743,0.00010021,7.34698e-05,6.85164e-05,6.55459e-05,7.43096e-05,4.87008e-05,5.1441e-05,4.72635e-05,
15600,0.498058,0.518329,0.481072,0.50636,0.480008,0.605324,0.566142,0.562137,0.514199,0.473777,0.522932,0.490352,0.50536,0.536619,0.471013,0.450252,0.504967,0.473594,0.567853,0.39675,0.442384,0.379856,0.491004,0.297963,0.323424,0.203745,0.276197,0.17438,0.223776,0.09251,0.128838,0.058341,0.0841871,0.0488641,0.0575901,0.0283094,0.0395747,0.0245492,0.0289652,0.0211495,0.0197595,0.0140842,0.0193336,0.0118507,0.0142356,0.00998337,0.0130715,0.00799132,0.00850898,0.0072782,0.00787313,0.00643815,0.0055542,0.00469853,0.00407244,0.00383219,0.00427688,0.00318169,0.00340644,0.00282632,0.00283801,0.00186832,0.00218773,0.00162271,0.00176188,0.00140161,0.00167603,0.00106199,0.0010851,0.000865551,0.000996054,0.000670242,0.000872938,0.000630565,0.000665923,0.000493783,0.00056174,0.000406471,0.000411124,0.00034457,0.00033178,0.000286974,0.000256168,0.000220465,0.000230956,0.000196955,0.0001855,0.00014216,0.000156382,0.000123587,0.000126451,0.000102743,0.00010021,7.34698e-05,6.85164e-05,6.55459e-05,7.43096e-05,4.87008e-05,5.1441e-05,4.72635e-05,
15800,0.532828,0.518329,0.533834,0.50636,0.480008,0.5301,0.490657,0.508882,0.47057,0.473777,0.522932,0.490352,0.50536,0.488433,0.471013,0.450252,0.468242,0.473594,0.535404,0.39675,0.442384,0.379856,0.491004,0.297963,0.323424,0.203745,0.276197,0.17438,0.223776,0.09251,0.128838,0.058341,0.0841871,0.0434465,0.0612449,0.0301967,0.0395747,0.0245492,0.0289652,0.0175239,0.0197595,0.0140842,0.0203348,0.0118507,0.0142356,0.00998337,0.0120065,0.00799132,0.00850898,0.00686836,0.00741693,0.00643815,0.00584653,0.00469853,0.00435751,0.00421541,0.00427688,0.00318169,0.00340644,0.00251485,0.00283801,0.00196174,0.00218773,0.00162271,0.00163306,0.0012418,0.00150843,0.00106199,0.0010851,0.000865551,0.000996054,0.000712645,0.000761837,0.000560502,0.000665923,0.000493783,0.000520666,0.000428504,0.000411124,0.00034457,0.00033178,0.000264653,0.000256168,0.00018717,0.000212881,0.000196955,0.000195088,0.00014216,0.000156382,0.000131826,0.000115648,0.000102743,9.51012e-05,7.73682e-05,7.5368e-05,6.11762e-05,6.99748e-05,4.87008e-05,5.73973e-05,4.72635e-05,
16000,0.532828,0.484166,0.533834,0.50636,0.524682,0.5301,0.541953,0.508882,0.438218,0.43551,0.483331,0.490352,0.50536,0.488433,0.444898,0.450252,0.468242,0.473594,0.453274,0.39675,0.442384,0.351867,0.449054,0.272775,0.34733,0.203745,0.276197,0.17438,0.223776,0.0862115,0.128838,0.0512656,0.0936805,0.0378723,0.0612449,0.0301967,0.0395747,0.0260222,0.0289652,0.0175239,0.0197595,0.0149346,0.0170743,0.0118507,0.0142356,0.00998337,0.0120065,0.00753964,0.00850898,0.00744306,0.00741693,0.00608118,0.00584653,0.00494974,0.00435751,0.00421541,0.00427688,0.00318169,0.00340644,0.00251485,0.00283801,0.00185849,0.00235502,0.00162271,0.00163306,0.0012418,0.00140195,0.00114002,0.00117036,0.000916697,0.00106903,0.000712645,0.000761837,0.000560502,0.000665923,0.000493783,0.000487007,0.00039626,0.000383982,0.00034457,0.00035091,0.000264653,0.000256168,0.000211646,0.000212881,0.000170389,0.000195088,0.00014216,0.000156382,0.000131826,0.000115648,0.000102743,9.98562e-05,7.73682e-05,8.19627e-05,6.11762e-05,7.53063e-05,4.87008e-05,5.28055e-05,4.72635e-05,
16200,0.532828,0.457268,0.533834,0.50636,0.524682,0.5301,0.541953,0.508882,0.438218,0.483646,0.42349,0.490352,0.542489,0.488433,0.444898,0.450252,0.468242,0.445968,0.483492,0.425743,0.442384,0.38773,0.386877,0.293801,0.34733,0.22069,0.254581,0.17438,0.19607,0.0862115,0.128838,0.0512656,0.0828638,0.0378723,0.0556982,0.0301967,0.0395747,0.0274416,0.0289652,0.0175239,0.0197595,0.0149346,0.0170743,0.0118507,0.0127429,0.00998337,0.0126329,0.00804228,0.00850898,0.00813578,0.00741693,0.00554723,0.00616134,0.00494974,0.00435751,0.00421541,0.00427688,0.00318169,0.00340644,0.00269089,0.00283801,0.00185849,0.00250425,0.00151781,0.00163306,0.0012418,0.00140195,0.00107453,0.00129715,0.000916697,0.00106903,0.000768417,0.000761837,0.000527329,0.000665923,0.000493783,0.000487007,0.00039626,0.000383982,0.00034457,0.000329855,0.000264653,0.000256168,0.000234927,0.000212881,0.000183953,0.000195088,0.000162338,0.000156382,0.000119384,0.000122976,0.000102743,9.98562e-05,7.73682e-05,9.04936e-05,6.11762e-05,7.04651e-05,4.87008e-05,5.28055e-05,4.72635e-05,
16400,0.491129,0.504689,0.533834,0.440831,0.477795,0.5301,0.541953,0.508882,0.47357,0.483646,0.461604,0.490352,0.501939,0.488433,0.498699,0.409176,0.468242,0.445968,0.483492,0.482228,0.442384,0.38773,0.386877,0.293801,0.34733,0.233104,0.254581,0.17438,0.19607,0.0862115,0.115246,0.0512656,0.0828638,0.0378723,0.0556982,0.0301967,0.0375322,0.0299549,0.0289652,0.0175239,0.0197595,0.0149346,0.0170743,0.0118507,0.0127429,0.00998337,0.0126329,0.00804228,0.00850898,0.00813578,0.00741693,0.00554723,0.00564049,0.00462296,0.0049012,0.00400233,0.00427688,0.00318169,0.00340644,0.00269089,0.00283801,0.00185849,0.00250425,0.00151781,0.00177595,0.00130867,0.00140195,0.00107453,0.00129715,0.000802778,0.00106903,0.000768417,0.000761837,0.000527329,0.000605613,0.000493783,0.000430775,0.000370099,0.000383982,0.00034457,0.000329855,0.000264653,0.000293384,0.000234927,0.000212881,0.000183953,0.000195088,0.000137987,0.000156382,0.000119384,0.000122976,0.000102743,9.98562e-05,7.73682e-05,9.04936e-05,6.11762e-05,7.04651e-05,5.23004e-05,5.28055e-05,4.72635e-05,
16600,0.491129,0.504689,0.533834,0.481162,0.450347,0.5301,0.541953,0.476742,0.503368,0.483646,0.461604,0.445943,0.501939,0.524782,0.498699,0.43942,0.468242,0.445968,0.483492,0.482228,0.442384,0.38773,0.386877,0.293801,0.34733,0.233104,0.254581,0.163649,0.210662,0.0862115,0.115246,0.0512656,0.0828638,0.0378723,0.0556982,0.0301967,0.0395531,0.0282075,0.0289652,0.020388,0.0213039,0.015754,0.0170743,0.0129793,0.0127429,0.0106139,0.0126329,0.00804228,0.00805283,0.00813578,0.00741693,0.00554723,0.00564049,0.00462296,0.00465393,0.00425416,0.00427688,0.00318169,0.00340644,0.00269089,0.00283801,0.00185849,0.0023247,0.00151781,0.00177595,0.00130867,0.00157552,0.0011537,0.00129715,0.000848187,0.000967219,0.000768417,0.000761837,0.000527329,0.000605613,0.000493783,0.000459493,0.000370099,0.000424639,0.00034457,0.000357456,0.000264653,0.000293384,0.000234927,0.000212881,0.000183953,0.000195088,0.000149336,0.000169641,0.000119384,0.000122976,0.000102743,9.98562e-05,7.73682e-05,9.04936e-05,6.11762e-05,7.39884e-05,5.23004e-05,5.28055e-05,4.9951e-05,
16800,0.491129,0.504689,0.449653,0.513239,0.450347,0.501185,0.505822,0.524416,0.450489,0.509504,0.461604,0.445943,0.466804,0.524782,0.498699,0.43942,0.468242,0.445968,0.44262,0.441028,0.442384,0.38773,0.386877,0.293801,0.372848,0.246359,0.288526,0.163649,0.210662,0.0862115,0.115246,0.0512656,0.0875989,0.0378723,0.0524017,0.0301967,0.0395531,0.0282075,0.0289652,0.0189155,0.0213039,0.015754,0.0170743,0.0129793,0.0127429,0.0106139,0.0126329,0.0084972,0.00805283,0.00770758,0.00741693,0.00554723,0.00564049,0.00462296,0.00465393,0.00456762,0.00427688,0.00301568,0.00321179,0.00269089,0.00283801,0.00201154,0.0023247,0.00151781,0.00177595,0.00130867,0.00157552,0.00121345,0.00141218,0.000848187,0.000967219,0.000809794,0.000761837,0.000527329,0.000639475,0.000493783,0.000459493,0.000411788,0.000465816,0.00034457,0.000357456,0.000249751,0.000293384,0.000234927,0.000234871,0.000169777,0.000195088,0.000149336,0.000158555,0.000130961,0.000122976,0.000102743,0.000105867,8.51847e-05,9.04936e-05,6.84623e-05,6.86448e-05,5.55976e-05,5.80861e-05,4.59549e-05,
17000,0.461661,0.550111,0.449653,0.513239,0.450347,0.473397,0.505822,0.524416,0.450489,0.509504,0.492378,0.445943,0.466804,0.524782,0.528035,0.462346,0.468242,0.445968,0.470667,0.441028,0.442384,0.413579,0.386877,0.293801,0.372848,0.246359,0.288526,0.163649,0.210662,0.0914009,0.115246,0.0512656,0.0875989,0.0402642,0.0580998,0.0329362,0.0437664,0.0259091,0.0289652,0.0189155,0.0213039,0.015754,0.0170743,0.0118821,0.01338,0.0106139,0.0126329,0.0084972,0.00747124,0.00770758,0.00741693,0.00521004,0.00564049,0.00428494,0.00465393,0.004,0.00427688,0.00325263,0.00321179,0.0024218,0.00283801,0.00201154,0.0023247,0.001597,0.00187584,0.00141689,0.00157552,0.00113623,0.00141218,0.00078667,0.000967219,0.000740383,0.000761837,0.000527329,0.000639475,0.000465978,0.000459493,0.000411788,0.000465816,0.00034457,0.000357456,0.000263373,0.000293384,0.000215144,0.000234871,0.000183817,0.000195088,0.000149336,0.000158555,0.000130961,0.000116383,9.59597e-05,0.000105867,8.51847e-05,9.04936e-05,6.84623e-05,6.86448e-05,5.19271e-05,5.80861e-05,4.59549e-05,
17200,0.461661,0.487088,0.495575,0.481283,0.450347,0.473397,0.505822,0.524416,0.423827,0.509504,0.492378,0.445943,0.466804,0.524782,0.528035,0.501032,0.468242,0.384854,0.444571,0.441028,0.442384,0.413579,0.386877,0.293801,0.372848,0.246359,0.288526,0.163649,0.210662,0.100914,0.115246,0.0539153,0.0875989,0.0402642,0.0540684,0.0329362,0.0437664,0.0259091,0.0322755,0.0189155,0.0213039,0.015754,0.0187461,0.0118821,0.01338,0.0106139,0.0126329,0.0084972,0.00747124,0.00701094,0.00799665,0.00572643,0.00595385,0.00428494,0.00465393,0.004,0.00427688,0.0028809,0.00282506,0.002607,0.00305588,0.00201154,0.00211806,0.001597,0.00187584,0.00141689,0.00157552,0.00113623,0.00141218,0.000857471,0.000967219,0.000740383,0.000838806,0.000605149,0.000639475,0.000465978,0.000521384,0.000411788,0.000465816,0.00034457,0.000357456,0.000263373,0.000293384,0.000215144,0.000234871,0.000183817,0.000195088,0.000149336,0.000158555,0.000130961,0.000116383,0.000101493,0.000105867,8.51847e-05,8.36841e-05,6.84623e-05,6.47222e-05,5.19271e-05,5.80861e-05,4.59549e-05,
17400,0.490766,0.487088,0.527111,0.481283,0.476081,0.473397,0.543209,0.491397,0.446316,0.509504,0.457343,0.445943,0.513031,0.524782,0.528035,0.529215,0.468242,0.384854,0.444571,0.408292,0.442384,0.413579,0.386877,0.322191,0.344978,0.246359,0.288526,0.163649,0.210662,0.100914,0.133905,0.0590231,0.0875989,0.0402642,0.0582191,0.0329362,0.0437664,0.0272728,0.0322755,0.0203676,0.0213039,0.015754,0.0187461,0.0109224,0.0143604,0.0106139,0.0126329,0.0084972,0.00747124,0.00656479,0.00799665,0.00572643,0.00595385,0.00428494,0.00465393,0.00353814,0.00427688,0.0028809,0.00300435,0.002607,0.00305588,0.00201154,0.00211806,0.001597,0.00187584,0.00141689,0.00157552,0.00105452,0.00141218,0.000857471,0.000913485,0.000699998,0.000838806,0.000605149,0.000588317,0.000465978,0.000521384,0.000411788,0.000465816,0.000373922,0.000357456,0.000263373,0.000293384,0.000215144,0.000234871,0.000173945,0.000195088,0.000141582,0.000158555,0.000130961,0.000125355,9.23191e-05,9.99971e-05,8.51847e-05,8.36841e-05,6.30133e-05,6.47222e-05,5.19271e-05,5.80861e-05,4.59549e-05,
17600,0.490766,0.487088,0.527111,0.513369,0.476081,0.473397,0.475171,0.491397,0.446316,0.509504,0.457343,0.445943,0.479506,0.524782,0.528035,0.529215,0.468242,0.423782,0.467548,0.380337,0.442384,0.386842,0.386877,0.322191,0.344978,0.246359,0.288526,0.163649,0.210662,0.100914,0.154674,0.0590231,0.0875989,0.0402642,0.0582191,0.0329362,0.0437664,0.0272728,0.0349761,0.0179315,0.0213039,0.015754,0.0187461,0.0118473,0.0143604,0.00996874,0.0140766,0.0084972,0.00794391,0.00656479,0.00849876,0.00572643,0.00595385,0.00428494,0.00508353,0.00353814,0.00467167,0.00271175,0.00300435,0.002607,0.00279567,0.00201154,0.00211806,0.00169862,0.00187584,0.0013368,0.00141032,0.00099799,0.00141218,0.000857471,0.000840406,0.000741998,0.000838806,0.000605149,0.000588317,0.000511696,0.000521384,0.000411788,0.000417058,0.000346582,0.000375502,0.000232963,0.000293384,0.000215144,0.0002713,0.000185541,0.000195088,0.000141582,0.000158555,0.000130961,0.000118885,0.000101637,9.99971e-05,8.98022e-05,8.36841e-05,6.30133e-05,6.11337e-05,5.64379e-05,5.48029e-05,4.2636e-05,
17800,0.490766,0.516314,0.527111,0.513369,0.522698,0.448816,0.450646,0.462924,0.494103,0.509504,0.498834,0.468457,0.525576,0.524782,0.528035,0.488894,0.468242,0.396695,0.429785,0.401731,0.442384,0.386842,0.36275,0.322191,0.344978,0.246359,0.288526,0.163649,0.210662,0.100914,0.154674,0.0534451,0.0973522,0.0352605,0.0582191,0.0329362,0.0469568,0.0272728,0.0349761,0.0202838,0.0213039,0.015754,0.0176905,0.0118473,0.0154983,0.00996874,0.0140766,0.0084972,0.00839562,0.00691312,0.00775006,0.00604238,0.00657629,0.00428494,0.00508353,0.00353814,0.00431573,0.00271175,0.00323409,0.0023463,0.00279567,0.00211402,0.00238386,0.00159809,0.00172578,0.0013368,0.00141032,0.00099799,0.00141218,0.000857471,0.000891148,0.000741998,0.000838806,0.00056884,0.000588317,0.000511696,0.000521384,0.000366725,0.000417058,0.000346582,0.000395093,0.000232963,0.000293384,0.000215144,0.0002713,0.000185541,0.000195088,0.000155473,0.000158555,0.00011854,0.000130307,0.000101637,9.99971e-05,8.17024e-05,8.36841e-05,5.88532e-05,6.11337e-05,5.64379e-05,5.11494e-05,4.03104e-05,
18000,0.490766,0.516314,0.527111,0.513369,0.522698,0.448816,0.484981,0.487288,0.518809,0.509504,0.524247,0.496365,0.525576,0.524782,0.528035,0.488894,0.468242,0.419363,0.429785,0.401731,0.442384,0.386842,0.389327,0.322191,0.344978,0.259713,0.288526,0.163649,0.192663,0.0892621,0.154674,0.0534451,0.0973522,0.0352605,0.0582191,0.0329362,0.0521352,0.0272728,0.0349761,0.0202838,0.023253,0.0144759,0.0176905,0.0118473,0.0169006,0.00996874,0.0140766,0.0084972,0.00839562,0.00746617,0.00693884,0.00604238,0.00657629,0.00428494,0.00508353,0.00353814,0.00359368,0.00232758,0.00351237,0.00215283,0.00279567,0.00211402,0.00238386,0.00159809,0.00157281,0.0013368,0.00141032,0.00111367,0.00141218,0.000857471,0.000891148,0.000741998,0.000838806,0.00056884,0.000634735,0.000457715,0.000521384,0.000366725,0.000417058,0.000346582,0.000343964,0.000232963,0.000293384,0.000215144,0.000242902,0.000185541,0.000195088,0.000142916,0.000158555,0.00011854,0.000130307,0.000101637,9.99971e-05,8.57875e-05,7.85343e-05,6.56564e-05,6.11337e-05,5.64379e-05,5.11494e-05,4.03104e-05,
18200,0.490766,0.516314,0.467277,0.513369,0.522698,0.495738,0.484981,0.448711,0.556721,0.453246,0.524247,0.496365,0.525576,0.524782,0.528035,0.449982,0.468242,0.419363,0.466396,0.422691,0.442384,0.428907,0.411575,0.322191,0.367977,0.259713,0.288526,0.179855,0.192663,0.0892621,0.154674,0.0534451,0.10587,0.0374982,0.0582191,0.0329362,0.0521352,0.0246683,0.0349761,0.0213259,0.0253994,0.0144759,0.0176905,0.0118473,0.0169006,0.0105017,0.0127415,0.0084972,0.00839562,0.00707321,0.00693884,0.00604238,0.00618527,0.00428494,0.00508353,0.00353814,0.00359368,0.00254609,0.00351237,0.00215283,0.00279567,0.00211402,0.00238386,0.00159809,0.00170287,0.0013368,0.00141032,0.00111367,0.00141218,0.000857471,0.00100371,0.000741998,0.000838806,0.00056884,0.000634735,0.000457715,0.000569512,0.000366725,0.000417058,0.000328272,0.000343964,0.000246986,0.000274524,0.000215144,0.000242902,0.000185541,0.000195088,0.000151042,0.000158555,0.000124922,0.000117948,0.000101637,9.99971e-05,8.57875e-05,8.35108e-05,5.8096e-05,7.19359e-05,4.93395e-05,5.11494e-05,4.29977e-05,
18400,0.490766,0.516314,0.467277,0.513369,0.560994,0.495738,0.484981,0.506216,0.556721,0.453246,0.564834,0.425853,0.525576,0.524782,0.528035,0.449982,0.468242,0.451432,0.466396,0.422691,0.473396,0.428907,0.411575,0.322191,0.406138,0.259713,0.288526,0.160961,0.192663,0.100374,0.154674,0.0610114,0.0930309,0.0432998,0.0508651,0.0354456,0.0449165,0.0246683,0.0349761,0.0188125,0.0253994,0.0144759,0.019607,0.0118473,0.0153795,0.0105017,0.011977,0.0084972,0.00839562,0.00707321,0.00693884,0.00604238,0.00618527,0.00428494,0.00508353,0.00353814,0.00359368,0.00254609,0.00351237,0.00215283,0.00263872,0.00211402,0.00221699,0.00169398,0.00154996,0.00146524,0.00141032,0.00111367,0.00134018,0.000857471,0.00100371,0.000741998,0.000912765,0.00056884,0.000674751,0.000457715,0.000569512,0.000366725,0.000417058,0.000328272,0.000343964,0.000246986,0.000274524,0.000215144,0.000242902,0.000176162,0.000195088,0.000151042,0.000158555,0.000118554,0.000129345,0.000101637,0.000105514,8.57875e-05,8.35108e-05,5.8096e-05,7.19359e-05,4.93395e-05,5.11494e-05,4.06137e-05,
18600,0.526629,0.516314,0.503453,0.541196,0.515683,0.495738,0.484981,0.506216,0.512411,0.453246,0.521799,0.448266,0.525576,0.524782,0.528035,0.483827,0.509766,0.451432,0.466396,0.422691,0.473396,0.407041,0.446635,0.322191,0.406138,0.293476,0.288526,0.160961,0.223022,0.100374,0.154674,0.0610114,0.0860305,0.0432998,0.0508651,0.0336052,0.0415151,0.0246683,0.0349761,0.0203967,0.0253994,0.0144759,0.0207161,0.0118473,0.0143745,0.0105017,0.011977,0.0084972,0.00839562,0.00707321,0.00693884,0.00565616,0.00586994,0.00428494,0.00556075,0.00373933,0.00359368,0.00254609,0.00351237,0.00215283,0.00263872,0.00211402,0.00241853,0.00169398,0.00171787,0.00146524,0.00141032,0.0010023,0.00125977,0.000900344,0.00100371,0.000697478,0.000793709,0.000528687,0.000674751,0.000483606,0.000529646,0.000366725,0.000417058,0.000328272,0.000343964,0.000246986,0.000274524,0.000215144,0.000242902,0.000166395,0.000210262,0.000151042,0.000158555,9.97247e-05,0.000114325,0.000101637,0.000105514,8.57875e-05,8.35108e-05,5.8096e-05,7.19359e-05,4.93395e-05,5.11494e-05,4.37315e-05,
18800,0.480957,0.516314,0.52887,0.541196,0.515683,0.495738,0.458527,0.506216,0.512411,0.492619,0.552999,0.448266,0.525576,0.524782,0.568915,0.541705,0.545309,0.451432,0.466396,0.422691,0.498887,0.407041,0.469388,0.322191,0.406138,0.293476,0.323625,0.160961,0.208449,0.100374,0.154674,0.0551902,0.0860305,0.0432998,0.0508651,0.0309305,0.0415151,0.0246683,0.0349761,0.023144,0.0253994,0.0144759,0.0187558,0.0118473,0.0143745,0.0105017,0.011977,0.0084972,0.00910742,0.00707321,0.00638101,0.00565616,0.00586994,0.00428494,0.00512053,0.00401259,0.00359368,0.00268497,0.00321229,0.00237033,0.00263872,0.00211402,0.00241853,0.00178809,0.00171787,0.00146524,0.00141032,0.0010799,0.00137406,0.000900344,0.000945164,0.000697478,0.000793709,0.000528687,0.000674751,0.000483606,0.00055775,0.000344434,0.000417058,0.000300418,0.000361635,0.000269785,0.000274524,0.000230226,0.000242902,0.000166395,0.000210262,0.000167405,0.000158555,9.97247e-05,0.000114325,0.000101637,0.000105514,7.63334e-05,8.35108e-05,5.8096e-05,7.19359e-05,5.38585e-05,5.11494e-05,4.15252e-05,
19000,0.522342,0.516314,0.52887,0.541196,0.515683,0.553825,0.48485,0.506216,0.483944,0.528446,0.552999,0.472233,0.525576,0.524782,0.538416,0.511201,0.475631,0.416102,0.431077,0.422691,0.45142,0.381024,0.435989,0.322191,0.370246,0.293476,0.289444,0.160961,0.179266,0.100374,0.154674,0.0551902,0.0860305,0.0432998,0.0534083,0.0309305,0.0415151,0.0274876,0.0349761,0.0217198,0.0253994,0.0144759,0.0187558,0.0111915,0.0143745,0.0105017,0.011977,0.00793072,0.00847548,0.00707321,0.00638101,0.00565616,0.00586994,0.00428494,0.00463724,0.00401259,0.00384489,0.00268497,0.00321229,0.0025104,0.00240072,0.00192419,0.00241853,0.00153478,0.00171787,0.00134092,0.00141032,0.0010799,0.00137406,0.000848896,0.000945164,0.000697478,0.000793709,0.000528687,0.000674751,0.000483606,0.000515781,0.000344434,0.000373366,0.000281445,0.000361635,0.000255069,0.000292826,0.000230226,0.000223569,0.000175856,0.000192298,0.000158431,0.000158555,0.000115681,0.000114325,9.37627e-05,9.38159e-05,7.63334e-05,8.35108e-05,6.38492e-05,7.19359e-05,5.38585e-05,5.54034e-05,4.15252e-05,
19200,0.522342,0.516314,0.52887,0.541196,0.481897,0.524815,0.48485,0.506216,0.483944,0.493558,0.552999,0.472233,0.525576,0.524782,0.538416,0.511201,0.475631,0.381666,0.431077,0.422691,0.406278,0.409187,0.404919,0.2971,0.370246,0.293476,0.289444,0.160961,0.179266,0.0868586,0.154674,0.0551902,0.0802951,0.0432998,0.0534083,0.0309305,0.0415151,0.0274876,0.0349761,0.0217198,0.0253994,0.0144759,0.0187558,0.0111915,0.0155367,0.0105017,0.011977,0.00680411,0.00923251,0.00707321,0.00638101,0.00599553,0.00586994,0.00428494,0.00463724,0.00367092,0.00356375,0.00268497,0.00321229,0.0025104,0.00240072,0.00206446,0.00241853,0.00162771,0.00171787,0.00125742,0.00149401,0.0010799,0.00137406,0.000848896,0.00103771,0.000697478,0.000793709,0.000528687,0.000674751,0.000483606,0.000515781,0.000362056,0.000399368,0.000281445,0.000361635,0.000255069,0.000292826,0.000230226,0.000223569,0.000185449,0.000192298,0.000158431,0.000158555,0.000108121,0.000114325,9.37627e-05,9.38159e-05,8.09134e-05,8.35108e-05,6.38492e-05,7.19359e-05,5.02679e-05,5.54034e-05,3.7788e-05,
19400,0.522342,0.516314,0.52887,0.541196,0.481897,0.49806,0.548831,0.506216,0.51787,0.542435,0.51306,0.472233,0.498782,0.472304,0.538416,0.511201,0.475631,0.432101,0.431077,0.388249,0.406278,0.409187,0.404919,0.2971,0.370246,0.272933,0.289444,0.152036,0.179266,0.0868586,0.140852,0.0585224,0.0736189,0.0432998,0.0571645,0.0328033,0.0415151,0.0274876,0.0349761,0.0217198,0.0253994,0.0160258,0.017271,0.0111915,0.0155367,0.0112349,0.0112301,0.00742729,0.00923251,0.00751827,0.00638101,0.00599553,0.00557322,0.00470164,0.00463724,0.00367092,0.00391667,0.00284551,0.00321229,0.0025104,0.00261596,0.00190716,0.0022796,0.00162771,0.00171787,0.00125742,0.00149401,0.00120752,0.00113646,0.000848896,0.00103771,0.000768567,0.000793709,0.000528687,0.000674751,0.000483606,0.000515781,0.000362056,0.000463615,0.000281445,0.000361635,0.000255069,0.000292826,0.000230226,0.000223569,0.000185449,0.000192298,0.000158431,0.000158555,0.000108121,0.000114325,0.000100014,9.38159e-05,7.65681e-05,8.35108e-05,6.38492e-05,7.19359e-05,5.02679e-05,5.54034e-05,4.06671e-05,
19600,0.522342,0.484166,0.52887,0.541196,0.569688,0.450769,0.505625,0.506216,0.51787,0.542435,0.547264,0.472233,0.539591,0.498543,0.538416,0.434751,0.451383,0.432101,0.431077,0.354578,0.406278,0.409187,0.404919,0.2971,0.331389,0.249775,0.312599,0.152036,0.199481,0.0929223,0.140852,0.0555186,0.0736189,0.0408615,0.0571645,0.0328033,0.043611,0.0274876,0.0296569,0.0217198,0.0253994,0.0160258,0.0185823,0.0120187,0.0155367,0.0112349,0.0119016,0.00742729,0.00923251,0.00751827,0.00638101,0.00599553,0.00513201,0.00470164,0.00463724,0.00401486,0.00431284,0.00284551,0.00291041,0.0025104,0.00261596,0.00203431,0.0022796,0.00162771,0.00171787,0.00134521,0.00149401,0.00111666,0.00127142,0.000943581,0.00103771,0.000710365,0.000793709,0.000558592,0.000717367,0.000483606,0.000515781,0.000362056,0.000463615,0.000310738,0.00032206,0.000255069,0.000270021,0.000230226,0.000208525,0.000185449,0.000172077,0.000158431,0.000170948,0.000108121,0.00010051,0.000100014,9.38159e-05,7.19224e-05,8.35108e-05,6.38492e-05,7.19359e-05,5.02679e-05,5.54034e-05,3.82948e-05,
19800,0.522342,0.530034,0.52887,0.541196,0.569688,0.487425,0.464977,0.506216,0.51787,0.485506,0.547264,0.472233,0.539591,0.498543,0.538416,0.434751,0.451383,0.432101,0.468796,0.354578,0.3834,0.409187,0.404919,0.2971,0.331389,0.249775,0.312599,0.152036,0.178483,0.0929223,0.128121,0.0555186,0.0697442,0.0408615,0.0571645,0.0328033,0.043611,0.0274876,0.0296569,0.0193504,0.0253994,0.0160258,0.0185823,0.0129904,0.0142233,0.0112349,0.0130291,0.00742729,0.00923251,0.00751827,0.00638101,0.0053322,0.00556142,0.00470164,0.00463724,0.00361338,0.00454168,0.00264465,0.00291041,0.0025104,0.00261596,0.00203431,0.0022796,0.00162771,0.00171787,0.00125025,0.00149401,0.00111666,0.00127142,0.000943581,0.00103771,0.000672836,0.000846623,0.000558592,0.000677592,0.000452343,0.000515781,0.000386193,0.000421546,0.000337083,0.000345656,0.000269498,0.000270021,0.000230226,0.000208525,0.000185449,0.000172077,0.000158431,0.000170948,0.000114019,0.000105536,8.90121e-05,9.38159e-05,7.19224e-05,8.35108e-05,7.06505e-05,7.19359e-05,5.02679e-05,5.54034e-05,3.82948e-05,
20000,0.553575,0.530034,0.52887,0.541196,0.569688,0.521595,0.506664,0.506216,0.51787,0.485506,0.547264,0.499086,0.575564,0.498543,0.538416,0.434751,0.478168,0.432101,0.468796,0.377011,0.3834,0.386454,0.380306,0.2971,0.331389,0.249775,0.333439,0.152036,0.20347,0.0975684,0.128121,0.0609022,0.0741766,0.0408615,0.0604151,0.0305272,0.043611,0.0255317,0.0296569,0.0193504,0.0279147,0.0160258,0.0175861,0.0129904,0.0151246,0.0112349,0.0130291,0.00742729,0.00923251,0.00694545,0.00692138,0.0053322,0.00602676,0.00470164,0.00463724,0.00361338,0.00454168,0.00284615,0.00306484,0.0025104,0.00286963,0.00203431,0.0022796,0.00162771,0.00183796,0.00125025,0.00149401,0.0010372,0.00127142,0.000885514,0.00096853,0.000771991,0.000846623,0.000558592,0.000677592,0.000452343,0.000515781,0.000416797,0.000421546,0.000337083,0.000345656,0.000269498,0.000292888,0.000230226,0.000194248,0.000174197,0.000172077,0.000158431,0.000170948,0.00012162,0.000105536,8.90121e-05,9.38159e-05,7.19224e-05,8.35108e-05,7.51404e-05,7.19359e-05,5.02679e-05,6.13051e-05,3.82948e-05,
20200,0.519508,0.499116,0.52887,0.541196,0.537135,0.554538,0.506664,0.506216,0.51787,0.485506,0.547264,0.499086,0.575564,0.461537,0.538416,0.434751,0.439915,0.432101,0.500049,0.377011,0.3834,0.386454,0.380306,0.2971,0.350233,0.234992,0.289676,0.152036,0.192372,0.105683,0.120539,0.0609022,0.0741766,0.0429432,0.0604151,0.0305272,0.043611,0.0255317,0.0296569,0.0182051,0.0259073,0.0152173,0.0175861,0.0120457,0.0151246,0.0112349,0.0123294,0.00837993,0.00923251,0.00694545,0.00735852,0.0053322,0.00557037,0.00396489,0.00463724,0.0034058,0.00422377,0.00284615,0.00306484,0.0025104,0.00286963,0.00203431,0.0022796,0.00150444,0.00183796,0.00125025,0.00149401,0.0010372,0.00127142,0.000885514,0.00096853,0.000771991,0.000846623,0.000558592,0.000677592,0.000452343,0.00054182,0.000416797,0.000421546,0.000382027,0.000345656,0.000269498,0.000292888,0.00024719,0.000216173,0.000161176,0.000172077,0.000158431,0.000170948,0.000130134,0.000105536,8.90121e-05,9.97411e-05,7.19224e-05,8.35108e-05,6.82741e-05,7.19359e-05,5.02679e-05,6.13051e-05,3.82948e-05,
20400,0.519508,0.540389,0.562433,0.541196,0.537135,0.554538,0.506664,0.506216,0.572382,0.513249,0.59515,0.499086,0.575564,0.436751,0.538416,0.434751,0.439915,0.432101,0.500049,0.396044,0.3834,0.386454,0.380306,0.318114,0.374749,0.234992,0.289676,0.165616,0.192372,0.105683,0.130807,0.0574599,0.0741766,0.0429432,0.0604151,0.0305272,0.043611,0.0255317,0.0296569,0.0182051,0.0259073,0.0172253,0.0189798,0.0120457,0.0151246,0.0112349,0.0123294,0.00837993,0.00923251,0.00791177,0.00735852,0.0053322,0.00557037,0.00396489,0.00463724,0.00359623,0.00422377,0.00312771,0.00306484,0.00229391,0.00286963,0.00203431,0.0022796,0.00167161,0.00170618,0.00125025,0.00149401,0.0010372,0.00127142,0.000885514,0.00096853,0.000771991,0.000903064,0.000558592,0.000677592,0.00047496,0.00049677,0.000416797,0.000465708,0.000349857,0.000316788,0.000269498,0.000292888,0.000233707,0.000216173,0.000169855,0.000182466,0.000158431,0.000170948,0.000130134,0.000115358,8.90121e-05,0.000106017,7.19224e-05,8.78012e-05,6.82741e-05,7.19359e-05,5.39509e-05,6.64347e-05,3.82948e-05,
20600,0.519508,0.593302,0.495162,0.541196,0.537135,0.554538,0.506664,0.506216,0.572382,0.513249,0.59515,0.499086,0.575564,0.485379,0.490302,0.434751,0.46466,0.463677,0.500049,0.396044,0.40541,0.386454,0.356105,0.318114,0.374749,0.251548,0.259329,0.165616,0.192372,0.105683,0.130807,0.0574599,0.0795972,0.0467007,0.0604151,0.0305272,0.043611,0.0229786,0.031519,0.0182051,0.0259073,0.0172253,0.0189798,0.0120457,0.0151246,0.0112349,0.0123294,0.00837993,0.00988075,0.00791177,0.00787438,0.0053322,0.00630877,0.00426399,0.00507656,0.00332223,0.00422377,0.00312771,0.00306484,0.00229391,0.0030726,0.00203431,0.0022796,0.00167161,0.00170618,0.00125025,0.00149401,0.0010372,0.00127142,0.000885514,0.00096853,0.000771991,0.000830124,0.000558592,0.000677592,0.000516219,0.00049677,0.000416797,0.000495171,0.000349857,0.000316788,0.000269498,0.000310759,0.000233707,0.000216173,0.000169855,0.000182466,0.000158431,0.000170948,0.00012163,0.000122302,8.90121e-05,0.000106017,7.62517e-05,8.78012e-05,6.82741e-05,7.19359e-05,5.39509e-05,6.64347e-05,3.58762e-05,
20800,0.57538,0.593302,0.495162,0.5083,0.537135,0.521167,0.552724,0.433096,0.533031,0.513249,0.543978,0.499086,0.575564,0.485379,0.490302,0.49212,0.492539,0.463677,0.54189,0.375854,0.432437,0.386454,0.394683,0.280185,0.344769,0.251548,0.259329,0.165616,0.192372,0.11147,0.13995,0.0574599,0.0795972,0.0420306,0.0604151,0.0305272,0.043611,0.0229786,0.031519,0.0182051,0.0259073,0.0163188,0.0179605,0.0120457,0.0151246,0.0112349,0.0107266,0.00837993,0.00933182,0.00791177,0.00696517,0.00560139,0.00630877,0.00456247,0.00507656,0.00358327,0.00461365,0.00291268,0.00306484,0.00229391,0.0030726,0.00224604,0.0022796,0.00157267,0.00170618,0.00125025,0.00149401,0.0010372,0.00127142,0.000885514,0.00096853,0.000771991,0.000830124,0.000524217,0.000713255,0.000516219,0.00049677,0.000416797,0.000495171,0.000349857,0.000316788,0.000269498,0.000310759,0.000233707,0.000216173,0.000169855,0.000195258,0.000158431,0.000170948,0.00012163,0.000131197,8.4067e-05,9.7494e-05,7.62517e-05,8.78012e-05,7.4294e-05,7.19359e-05,5.68559e-05,6.64347e-05,3.58762e-05,
21000,0.546047,0.54608,0.495162,0.46852,0.537135,0.521167,0.552724,0.433096,0.533031,0.513249,0.47687,0.457227,0.575564,0.485379,0.529944,0.49212,0.539448,0.463677,0.49876,0.397226,0.4674,0.386454,0.394683,0.265901,0.344769,0.265427,0.259329,0.182931,0.209205,0.11147,0.13995,0.0612906,0.0851859,0.0449648,0.0604151,0.0305272,0.0414065,0.0243699,0.031519,0.0182051,0.0259073,0.0163188,0.0179605,0.0120457,0.0136121,0.0112349,0.0117261,0.00881389,0.00933182,0.00738944,0.00761905,0.00560139,0.00570631,0.00456247,0.00507656,0.00358327,0.00405813,0.0030783,0.00306484,0.00229391,0.0030726,0.00207816,0.00242466,0.00145035,0.00179924,0.00125025,0.00149401,0.0010372,0.00127142,0.0009475,0.00096853,0.000771991,0.000830124,0.000568362,0.000713255,0.000516219,0.00049677,0.00035242,0.00046434,0.000349857,0.000316788,0.000255381,0.000286295,0.000233707,0.000229871,0.000153727,0.000195258,0.000149789,0.000170948,0.000113445,0.000131197,9.3801e-05,9.7494e-05,8.31693e-05,8.16552e-05,6.38928e-05,7.59582e-05,5.68559e-05,6.64347e-05,3.58762e-05,
21200,0.546047,0.54608,0.495162,0.46852,0.505802,0.521167,0.552724,0.433096,0.533031,0.470028,0.47687,0.502458,0.575564,0.485379,0.487141,0.49212,0.539448,0.463677,0.49876,0.418893,0.4674,0.386454,0.394683,0.29757,0.374936,0.265427,0.259329,0.182931,0.209205,0.11147,0.127276,0.0612906,0.0776814,0.0449648,0.0501445,0.0305272,0.0376564,0.0243699,0.031519,0.0182051,0.0259073,0.0163188,0.016618,0.0120457,0.0136121,0.0105086,0.0107511,0.0080516,0.00933182,0.00681693,0.00704297,0.00560139,0.00601357,0.00420128,0.00477611,0.00358327,0.00405813,0.00273772,0.00306484,0.00229391,0.0030726,0.00196878,0.00229241,0.00145035,0.00179924,0.00125025,0.00149401,0.0011802,0.00127142,0.0009475,0.000871677,0.000771991,0.000830124,0.00059678,0.000713255,0.000516219,0.00049677,0.000381563,0.000492375,0.000349857,0.000316788,0.000255381,0.000286295,0.000216238,0.000249574,0.000153727,0.000195258,0.000149789,0.000180669,0.000113445,0.000118714,9.3801e-05,9.7494e-05,8.73278e-05,8.16552e-05,6.38928e-05,6.83623e-05,5.68559e-05,6.64347e-05,4.04422e-05,
21400,0.5042,0.54608,0.542736,0.507722,0.505802,0.521167,0.500244,0.473404,0.467274,0.470028,0.517592,0.502458,0.515158,0.522641,0.487141,0.458886,0.507205,0.463677,0.49876,0.418893,0.4674,0.386454,0.394683,0.29757,0.314272,0.280731,0.259329,0.162771,0.209205,0.11147,0.133759,0.0545095,0.083785,0.0420189,0.0577954,0.0305272,0.0407534,0.0231121,0.0334327,0.0182051,0.0259073,0.0163188,0.016618,0.0120457,0.0136121,0.0105086,0.0120412,0.00869573,0.0102474,0.00681693,0.00758587,0.00560139,0.00601357,0.00420128,0.00477611,0.00383528,0.00439188,0.00273772,0.00288345,0.00229391,0.0030726,0.00196878,0.00229241,0.00153817,0.00179924,0.00125025,0.00149401,0.0011802,0.00127142,0.0009475,0.000971298,0.000771991,0.000830124,0.00059678,0.000713255,0.000466922,0.00049677,0.000381563,0.000492375,0.000349857,0.000316788,0.000255381,0.000286295,0.000229367,0.000218049,0.00016544,0.000195258,0.000149789,0.000169829,0.000113445,0.000127727,0.000101754,9.7494e-05,8.05356e-05,8.16552e-05,6.38928e-05,7.35901e-05,5.68559e-05,6.24845e-05,4.04422e-05,
21600,0.5042,0.54608,0.577073,0.507722,0.505802,0.521167,0.526989,0.500182,0.49531,0.470028,0.517592,0.555096,0.515158,0.522641,0.487141,0.482462,0.507205,0.463677,0.453774,0.418893,0.436543,0.357769,0.394683,0.29757,0.346061,0.280731,0.241176,0.162771,0.209205,0.105278,0.118129,0.0545095,0.083785,0.0420189,0.0577954,0.0305272,0.0407534,0.0231121,0.031579,0.0192349,0.0259073,0.0163188,0.016618,0.0128836,0.0136121,0.0105086,0.0106714,0.00869573,0.0102474,0.00633188,0.00702279,0.00560139,0.00632252,0.00420128,0.00477611,0.00359013,0.00401665,0.00273772,0.00315156,0.00229391,0.0030726,0.00210003,0.0024758,0.00170737,0.00170248,0.00117925,0.00158302,0.0011802,0.00127142,0.0009475,0.000971298,0.000821052,0.000830124,0.00059678,0.000713255,0.000496673,0.00049677,0.000381563,0.000492375,0.000349857,0.000316788,0.000255381,0.000286295,0.000229367,0.000259842,0.00016544,0.000184431,0.000149789,0.000169829,0.000113445,0.000127727,0.000101754,8.82472e-05,8.05356e-05,8.16552e-05,6.38928e-05,6.91169e-05,5.68559e-05,6.24845e-05,4.04422e-05,
21800,0.5042,0.54608,0.533105,0.507722,0.505802,0.521167,0.526989,0.525434,0.528331,0.470028,0.546347,0.479401,0.515158,0.522641,0.52124,0.482462,0.557926,0.435857,0.453774,0.418893,0.436543,0.339029,0.394683,0.29757,0.365739,0.280731,0.27161,0.162771,0.209205,0.105278,0.125626,0.0545095,0.0774014,0.0420189,0.0577954,0.0289709,0.0456614,0.0231121,0.031579,0.0176089,0.0259073,0.0173475,0.016618,0.0128836,0.0147067,0.0105086,0.0106714,0.00773558,0.00954577,0.00633188,0.00753875,0.00560139,0.00632252,0.00420128,0.00448954,0.00376964,0.00401665,0.00289416,0.00332983,0.00243926,0.00325812,0.00210003,0.00234549,0.00154477,0.00184786,0.00128974,0.00158302,0.0011802,0.00127142,0.00101067,0.000971298,0.000821052,0.000830124,0.00059678,0.00064546,0.000496673,0.00049677,0.000404729,0.000492375,0.000349857,0.000349408,0.000255381,0.000262093,0.000229367,0.000259842,0.00016544,0.000196118,0.000149789,0.000169829,0.000106963,0.000127727,9.60239e-05,8.82472e-05,8.05356e-05,8.16552e-05,6.38928e-05,6.91169e-05,5.27323e-05,6.24845e-05,4.04422e-05,
22000,0.5042,0.54608,0.487872,0.507722,0.474676,0.521167,0.526989,0.525434,0.478221,0.470028,0.546347,0.44841,0.515158,0.467302,0.52124,0.482462,0.51493,0.435857,0.426547,0.393759,0.386652,0.339029,0.394683,0.27855,0.365739,0.248488,0.27161,0.162771,0.209205,0.105278,0.125626,0.0545095,0.0774014,0.0420189,0.0577954,0.0289709,0.0423779,0.0211132,0.031579,0.0176089,0.0259073,0.0173475,0.016618,0.0128836,0.015474,0.0105086,0.0100147,0.00773558,0.00954577,0.00633188,0.00753875,0.00560139,0.00668548,0.00455747,0.00474609,0.00408708,0.00401665,0.00289416,0.00332983,0.00243926,0.00325812,0.00210003,0.00234549,0.00144082,0.00169729,0.00128974,0.00158302,0.0011802,0.00134334,0.00101067,0.000917443,0.000767974,0.000879385,0.00059678,0.00064546,0.000496673,0.00049677,0.000404729,0.000492375,0.000349857,0.000349408,0.000255381,0.000262093,0.000217049,0.000259842,0.000174218,0.000196118,0.000149789,0.000169829,0.000106963,0.000127727,9.60239e-05,8.82472e-05,7.54492e-05,8.59879e-05,6.38928e-05,6.91169e-05,5.27323e-05,6.24845e-05,4.27532e-05,
22200,0.472756,0.54608,0.487872,0.507722,0.503495,0.486818,0.494957,0.525434,0.478221,0.470028,0.546347,0.419974,0.515158,0.440988,0.52124,0.482462,0.473533,0.435857,0.426547,0.393759,0.386652,0.364954,0.41961,0.294468,0.342464,0.248488,0.27161,0.162771,0.209205,0.0936532,0.11866,0.0515362,0.0774014,0.0420189,0.0618471,0.0264957,0.0392553,0.0199068,0.031579,0.0185804,0.0259073,0.0173475,0.016618,0.0135558,0.015474,0.0105086,0.0107466,0.00773558,0.00954577,0.00633188,0.00753875,0.00560139,0.00620615,0.00455747,0.00474609,0.00408708,0.00401665,0.00289416,0.00332983,0.00243926,0.00298269,0.001941,0.00222205,0.00144082,0.00169729,0.00136657,0.00158302,0.00106881,0.00126446,0.000904047,0.000917443,0.000767974,0.000959164,0.00059678,0.00064546,0.000496673,0.00049677,0.000359951,0.000492375,0.000349857,0.000349408,0.00022847,0.000262093,0.000201264,0.000239271,0.000185274,0.000182804,0.000149789,0.000169829,0.000116241,0.000117561,9.11286e-05,9.27622e-05,7.54492e-05,7.8249e-05,6.38928e-05,6.91169e-05,5.74424e-05,6.24845e-05,4.27532e-05,
22400,0.472756,0.496932,0.487872,0.507722,0.503495,0.486818,0.494957,0.525434,0.478221,0.470028,0.546347,0.450744,0.515158,0.440988,0.52124,0.482462,0.473533,0.435857,0.398973,0.41871,0.386652,0.364954,0.41961,0.294468,0.342464,0.248488,0.27161,0.153138,0.193463,0.0936532,0.11866,0.0515362,0.0774014,0.0420189,0.0618471,0.0287395,0.0392553,0.022745,0.031579,0.0185804,0.0259073,0.0173475,0.016618,0.0127425,0.015474,0.0105086,0.0107466,0.00773558,0.00905912,0.00679708,0.00753875,0.00560139,0.00620615,0.00455747,0.00512773,0.00385694,0.00460901,0.00322083,0.00332983,0.00221879,0.00298269,0.001941,0.00222205,0.00156065,0.00169729,0.00136657,0.00174851,0.00106881,0.00139091,0.000840764,0.000917443,0.000718328,0.000839506,0.00059678,0.00064546,0.000496673,0.00049677,0.000359951,0.000415219,0.000367519,0.000370565,0.00022847,0.000262093,0.000217286,0.000239271,0.000185274,0.000182804,0.000149789,0.000169829,0.000116241,0.000124565,8.54545e-05,9.27622e-05,7.54492e-05,7.8249e-05,6.38928e-05,6.91169e-05,5.74424e-05,6.24845e-05,3.9603e-05,
22600,0.472756,0.533341,0.487872,0.507722,0.503495,0.486818,0.529767,0.552429,0.478221,0.470028,0.546347,0.480794,0.55122,0.476267,0.52124,0.482462,0.473533,0.396719,0.398973,0.41871,0.41622,0.364954,0.447584,0.294468,0.342464,0.248488,0.27161,0.142833,0.193463,0.0936532,0.11866,0.0515362,0.081597,0.0420189,0.0618471,0.0287395,0.0435377,0.022745,0.031579,0.0185804,0.0259073,0.0173475,0.016618,0.0127425,0.013492,0.0105086,0.0116737,0.00838284,0.00905912,0.00679708,0.00753875,0.00560139,0.00657724,0.00430084,0.00512773,0.00361679,0.00460901,0.00322083,0.00332983,0.00234558,0.00298269,0.001941,0.00222205,0.00156065,0.00169729,0.00136657,0.00162719,0.00112958,0.00125182,0.000732434,0.000917443,0.000718328,0.000772688,0.00059678,0.00064546,0.000496673,0.000470624,0.000387375,0.000415219,0.000339688,0.000370565,0.000242873,0.000262093,0.000180876,0.000239271,0.000185274,0.000182804,0.000149789,0.000154652,0.000116241,0.000124565,9.94213e-05,0.000101249,7.14632e-05,7.8249e-05,6.38928e-05,6.91169e-05,5.29203e-05,6.24845e-05,3.9603e-05,
22800,0.472756,0.533341,0.487872,0.507722,0.546934,0.522584,0.529767,0.471611,0.478221,0.470028,0.546347,0.527156,0.580375,0.476267,0.469116,0.519652,0.473533,0.42026,0.398973,0.41871,0.41622,0.335094,0.447584,0.277745,0.361728,0.248488,0.27161,0.154785,0.193463,0.0936532,0.11866,0.0515362,0.081597,0.0461756,0.0540348,0.0287395,0.0382374,0.0244719,0.02971,0.0185804,0.0240498,0.0173475,0.016618,0.0127425,0.013492,0.0105086,0.0116737,0.00838284,0.00905912,0.00718548,0.00753875,0.00560139,0.00657724,0.00472196,0.00512773,0.00361679,0.00460901,0.00322083,0.00351819,0.00234558,0.00298269,0.001941,0.00222205,0.00147552,0.00169729,0.00136657,0.00146447,0.00106797,0.00139677,0.000732434,0.000917443,0.000775794,0.000772688,0.00059678,0.000680667,0.000496673,0.000494384,0.000410538,0.000415219,0.000339688,0.000347761,0.000242873,0.000279566,0.000180876,0.000239271,0.000168599,0.000200068,0.000149789,0.000154652,0.000116241,0.000124565,9.94213e-05,9.56441e-05,7.14632e-05,7.8249e-05,6.81524e-05,6.91169e-05,5.29203e-05,6.24845e-05,4.19531e-05,
23000,0.472756,0.533341,0.52518,0.507722,0.513277,0.522584,0.529767,0.471611,0.478221,0.470028,0.546347,0.527156,0.580375,0.476267,0.494377,0.519652,0.473533,0.446848,0.419115,0.41871,0.368652,0.356258,0.416448,0.277745,0.361728,0.248488,0.27161,0.163384,0.193463,0.101681,0.11866,0.0551438,0.081597,0.0432958,0.0540348,0.0287395,0.0382374,0.0244719,0.02971,0.0176156,0.0240498,0.0173475,0.016618,0.0127425,0.013492,0.0096813,0.0109276,0.00937576,0.00968932,0.00718548,0.00753875,0.00512787,0.00657724,0.00438341,0.00512773,0.00361679,0.00430174,0.00298351,0.00351819,0.00248532,0.00298269,0.001941,0.0021051,0.00147552,0.00169729,0.00136657,0.00136877,0.000998929,0.00131583,0.000732434,0.000917443,0.000775794,0.000772688,0.00059678,0.000721507,0.000496673,0.000494384,0.000410538,0.00045059,0.000339688,0.000347761,0.000242873,0.000279566,0.000201051,0.000239271,0.000168599,0.000210072,0.000140802,0.000166083,0.000116241,0.000124565,9.94213e-05,9.56441e-05,7.14632e-05,7.8249e-05,6.81524e-05,6.91169e-05,5.29203e-05,5.47483e-05,4.5486e-05,
23200,0.472756,0.533341,0.52518,0.507722,0.513277,0.522584,0.570436,0.471611,0.478221,0.43685,0.517483,0.527156,0.536424,0.476267,0.494377,0.519652,0.505102,0.446848,0.449667,0.41871,0.406732,0.356258,0.416448,0.277745,0.341997,0.248488,0.27161,0.163384,0.207472,0.0878811,0.127701,0.0551438,0.081597,0.0432958,0.0540348,0.0287395,0.0382374,0.0260175,0.02971,0.0176156,0.0261247,0.0173475,0.0191107,0.0127425,0.013492,0.00913614,0.0109276,0.00937576,0.00968932,0.00656581,0.00710797,0.00512787,0.00657724,0.00438341,0.00512773,0.00389049,0.00430174,0.00298351,0.00323152,0.00261498,0.00265574,0.001941,0.0021051,0.00147552,0.00169729,0.00136657,0.00136877,0.000998929,0.00121189,0.000732434,0.000993309,0.000775794,0.000772688,0.000642416,0.000721507,0.000459807,0.000494384,0.000410538,0.000426012,0.000339688,0.000347761,0.000257286,0.000279566,0.000201051,0.000239271,0.000168599,0.000225506,0.000140802,0.000150349,0.000126205,0.000108295,9.94213e-05,9.56441e-05,6.77526e-05,8.65342e-05,6.81524e-05,6.91169e-05,5.29203e-05,5.47483e-05,4.5486e-05,
23400,0.517976,0.494822,0.52518,0.570583,0.53894,0.522584,0.570436,0.471611,0.478221,0.43685,0.491376,0.527156,0.575835,0.476267,0.522627,0.459482,0.505102,0.446848,0.449667,0.41871,0.406732,0.374407,0.416448,0.277745,0.341997,0.248488,0.297948,0.163384,0.191235,0.0940845,0.127701,0.0551438,0.081597,0.0391613,0.0573155,0.0307643,0.0382374,0.0260175,0.02971,0.0176156,0.0261247,0.0173475,0.0204504,0.0127425,0.0142591,0.00913614,0.0115422,0.00937576,0.00968932,0.00656581,0.00710797,0.00512787,0.00657724,0.00482627,0.00512773,0.00369383,0.00430174,0.00279744,0.00323152,0.00261498,0.00265574,0.00203988,0.0021051,0.00147552,0.00169729,0.00136657,0.00160384,0.000998929,0.00121189,0.000781263,0.000927088,0.000684109,0.000772688,0.000591023,0.000721507,0.000522972,0.000550231,0.000410538,0.000426012,0.000358795,0.000347761,0.000240473,0.000279566,0.00021236,0.000239271,0.000168599,0.000225506,0.000140802,0.000150349,0.000119652,0.000115122,9.94213e-05,0.000105298,7.2998e-05,8.65342e-05,6.81524e-05,6.91169e-05,5.29203e-05,5.87393e-05,4.5486e-05,
23600,0.472201,0.545173,0.52518,0.570583,0.53894,0.522584,0.570436,0.501582,0.506599,0.43685,0.491376,0.527156,0.539981,0.476267,0.522627,0.459482,0.505102,0.446848,0.487747,0.41871,0.430082,0.374407,0.393312,0.300469,0.341997,0.231923,0.297948,0.163384,0.179761,0.101611,0.117387,0.0513526,0.081597,0.0391613,0.0573155,0.0307643,0.0405391,0.0260175,0.02971,0.0176156,0.0282255,0.0173475,0.0204504,0.0127425,0.0142591,0.0103722,0.0115422,0.00883249,0.00968932,0.00656581,0.00710797,0.00512787,0.00591951,0.00482627,0.00512773,0.00328751,0.00430174,0.00279744,0.00299524,0.00261498,0.00265574,0.00192168,0.0021051,0.00147552,0.00169729,0.00149909,0.00160384,0.000998929,0.00121189,0.000781263,0.000869364,0.000746698,0.000828883,0.000591023,0.000721507,0.000522972,0.000550231,0.000410538,0.000426012,0.000335862,0.000347761,0.000240473,0.000279566,0.000194217,0.000239271,0.000158102,0.000213637,0.000140802,0.000169013,0.000126217,0.000115122,9.94213e-05,9.91555e-05,7.90343e-05,7.98297e-05,6.40173e-05,6.45091e-05,5.29203e-05,5.87393e-05,4.5486e-05,
23800,0.505601,0.499896,0.52518,0.570583,0.53894,0.522584,0.570436,0.461259,0.506599,0.43685,0.439597,0.527156,0.539981,0.476267,0.522627,0.496062,0.505102,0.446848,0.487747,0.44976,0.454879,0.374407,0.393312,0.300469,0.341997,0.231923,0.297948,0.163384,0.179761,0.090589,0.117387,0.0513526,0.0705525,0.0391613,0.0542989,0.0307643,0.0426902,0.0260175,0.0332967,0.0176156,0.0282255,0.0162553,0.0204504,0.0127425,0.0142591,0.00933498,0.0115422,0.00883249,0.00968932,0.00656581,0.00776409,0.00553246,0.00635569,0.00427469,0.00512773,0.00328751,0.00466168,0.00279744,0.0028135,0.00278932,0.00265574,0.00172019,0.00232913,0.00147552,0.00182235,0.00128493,0.00160384,0.000998929,0.0011447,0.000781263,0.000869364,0.000746698,0.000828883,0.000591023,0.000721507,0.000522972,0.000550231,0.000410538,0.000426012,0.000354641,0.000374458,0.000240473,0.000279566,0.000211564,0.000268156,0.000158102,0.0001891,0.000140802,0.000154077,0.000126217,0.000115122,9.94213e-05,9.91555e-05,7.90343e-05,7.47878e-05,6.40173e-05,6.83797e-05,5.29203e-05,5.5215e-05,4.5486e-05,
24000,0.505601,0.499896,0.52518,0.53648,0.53894,0.522584,0.570436,0.49798,0.473495,0.43685,0.439597,0.527156,0.50071,0.476267,0.477556,0.496062,0.454592,0.446848,0.460282,0.44976,0.454879,0.401995,0.419532,0.300469,0.341997,0.231923,0.282207,0.181808,0.19549,0.090589,0.117387,0.0547762,0.0705525,0.0391613,0.0542989,0.0307643,0.0397018,0.0260175,0.0332967,0.0176156,0.0282255,0.0176319,0.0204504,0.0127425,0.0142591,0.00986302,0.0115422,0.00883249,0.00968932,0.0060355,0.00776409,0.00553246,0.00591079,0.00427469,0.00512773,0.00328751,0.00435706,0.00279744,0.00309236,0.00255848,0.00265574,0.00172019,0.00232913,0.00147552,0.00182235,0.00128493,0.00160384,0.000998929,0.00125794,0.000781263,0.000869364,0.00078506,0.000828883,0.000591023,0.000760617,0.00047911,0.000550231,0.000410538,0.000426012,0.000335976,0.000374458,0.000261676,0.000279566,0.000211564,0.000248707,0.00018363,0.0001891,0.000140802,0.000154077,0.000116023,0.000115122,8.99618e-05,9.91555e-05,7.90343e-05,7.47878e-05,6.40173e-05,6.83797e-05,5.29203e-05,6.00114e-05,4.5486e-05,
24200,0.505601,0.526623,0.52518,0.508137,0.53894,0.522584,0.497721,0.49798,0.500419,0.47786,0.493073,0.558888,0.50071,0.529186,0.510895,0.496062,0.454592,0.419025,0.497711,0.44976,0.454879,0.401995,0.419532,0.300469,0.341997,0.231923,0.282207,0.181808,0.19549,0.0963461,0.0972634,0.0595019,0.0705525,0.0370252,0.0577586,0.0324617,0.0417062,0.0260175,0.0332967,0.0176156,0.0267687,0.0176319,0.0185382,0.0127425,0.0150777,0.00986302,0.0106682,0.008359,0.00968932,0.00666779,0.00776409,0.0051312,0.00591079,0.00427469,0.00512773,0.00328751,0.00435706,0.00279744,0.00335111,0.00255848,0.00265574,0.00187756,0.00232913,0.00156902,0.00196677,0.00128493,0.00173982,0.000998929,0.00117065,0.000781263,0.000869364,0.00078506,0.000828883,0.000591023,0.000760617,0.00047911,0.00052218,0.000410538,0.000426012,0.000335976,0.000427846,0.000247403,0.000260167,0.000211564,0.000248707,0.000164409,0.000179542,0.000140802,0.000154077,0.000122814,0.000115122,9.63538e-05,9.91555e-05,7.90343e-05,7.47878e-05,6.40173e-05,7.20356e-05,5.29203e-05,6.00114e-05,4.5486e-05,
24400,0.505601,0.559883,0.52518,0.508137,0.53894,0.522584,0.497721,0.49798,0.500419,0.47786,0.493073,0.558888,0.50071,0.529186,0.538588,0.496062,0.454592,0.419025,0.497711,0.426675,0.454879,0.401995,0.419532,0.300469,0.364797,0.219272,0.282207,0.169687,0.19549,0.0963461,0.0972634,0.0595019,0.0765999,0.034297,0.0611996,0.0301342,0.0438618,0.0260175,0.0332967,0.0176156,0.0235341,0.0165468,0.0195868,0.0127425,0.0150777,0.0107053,0.0106682,0.00777315,0.00968932,0.00591404,0.00856356,0.0051312,0.00591079,0.00391071,0.00512773,0.00328751,0.00435706,0.00279744,0.00335111,0.00226983,0.00265574,0.00187756,0.002169,0.00156902,0.00196677,0.00128493,0.00173982,0.000998929,0.00117065,0.000781263,0.00082041,0.00078506,0.000828883,0.000591023,0.000688177,0.00047911,0.00052218,0.000410538,0.000402775,0.000335976,0.000378306,0.000247403,0.000260167,0.000227153,0.000248707,0.000164409,0.000179542,0.000147975,0.000154077,0.000122814,0.000115122,9.63538e-05,9.91555e-05,7.90343e-05,8.12846e-05,6.744e-05,6.71311e-05,4.86268e-05,6.00114e-05,3.96253e-05,
24600,0.44738,0.559883,0.483166,0.508137,0.53894,0.522584,0.497721,0.49798,0.500419,0.439631,0.462028,0.558888,0.50071,0.529186,0.538588,0.496062,0.454592,0.393555,0.497711,0.398507,0.454879,0.367538,0.396271,0.300469,0.364797,0.219272,0.282207,0.178172,0.19549,0.0862695,0.110625,0.0556137,0.0853542,0.037256,0.0648834,0.0301342,0.0438618,0.0260175,0.0332967,0.0206735,0.0235341,0.0165468,0.0181129,0.0127425,0.0150777,0.0112855,0.0113794,0.00869894,0.00968932,0.00591404,0.00812698,0.00540347,0.00591079,0.00419887,0.00483598,0.00328751,0.00395649,0.00279744,0.00312295,0.00226983,0.00265574,0.00187756,0.002169,0.00156902,0.00196677,0.00135067,0.00173982,0.00106552,0.00117065,0.000781263,0.000870348,0.00078506,0.000828883,0.000591023,0.000688177,0.00047911,0.00052218,0.000410538,0.000402775,0.000335976,0.000350608,0.000247403,0.000260167,0.000227153,0.00021896,0.000164409,0.000179542,0.000147975,0.00014087,0.000113765,0.000124332,0.000101172,9.91555e-05,7.90343e-05,8.12846e-05,6.16594e-05,7.06931e-05,5.28221e-05,6.00114e-05,3.96253e-05,
24800,0.44738,0.559883,0.513626,0.508137,0.601288,0.491656,0.497721,0.523962,0.500419,0.439631,0.48975,0.558888,0.50071,0.529186,0.538588,0.496062,0.454592,0.393555,0.497711,0.398507,0.488501,0.367538,0.396271,0.300469,0.364797,0.203794,0.261683,0.178172,0.185033,0.0862695,0.110625,0.0522333,0.0853542,0.041159,0.0648834,0.0317065,0.0473225,0.0244164,0.0332967,0.0206735,0.0235341,0.0165468,0.016631,0.011893,0.0150777,0.0112855,0.0113794,0.00869894,0.00890321,0.00591404,0.00764123,0.00540347,0.00622681,0.00419887,0.00519343,0.00365888,0.00415432,0.00279744,0.00335854,0.00226983,0.00265574,0.00187756,0.00247427,0.00144623,0.00196677,0.00128253,0.00173982,0.00117208,0.00117065,0.000781263,0.000948087,0.00078506,0.000785845,0.000591023,0.000752782,0.000515748,0.00052218,0.000410538,0.000354442,0.000335976,0.000319359,0.000247403,0.000273478,0.000227153,0.00021896,0.000151883,0.000179542,0.000147975,0.000148272,9.82261e-05,0.000124332,0.000101172,9.91555e-05,7.90343e-05,8.12846e-05,6.16594e-05,7.06931e-05,5.28221e-05,6.00114e-05,3.96253e-05,
25000,0.44738,0.512735,0.472334,0.508137,0.566746,0.491656,0.497721,0.523962,0.549517,0.439631,0.48975,0.558888,0.50071,0.483827,0.50738,0.496062,0.516249,0.393555,0.45876,0.398507,0.488501,0.345486,0.360382,0.300469,0.330322,0.203794,0.280001,0.178172,0.196793,0.0920208,0.110625,0.0522333,0.0916838,0.041159,0.0737247,0.0317065,0.0443712,0.0244164,0.0332967,0.0206735,0.0219804,0.0165468,0.016631,0.011893,0.0150777,0.0112855,0.0120573,0.00869894,0.00974667,0.00647728,0.00764123,0.00540347,0.00622681,0.00470273,0.00519343,0.00365888,0.00415432,0.00279744,0.00335854,0.00226983,0.00265574,0.00187756,0.00247427,0.00163275,0.00196677,0.00128253,0.00164948,0.00129905,0.00117065,0.000781263,0.000948087,0.00078506,0.000785845,0.000591023,0.000688258,0.000483174,0.00048342,0.000410538,0.000354442,0.000335976,0.000344556,0.000247403,0.000273478,0.000249648,0.00021896,0.000151883,0.000197279,0.000147975,0.000155686,0.00010412,0.000124332,9.15455e-05,9.91555e-05,7.90343e-05,8.6427e-05,6.63745e-05,6.71266e-05,5.28221e-05,5.68955e-05,3.96253e-05,
25200,0.44738,0.512735,0.472334,0.508137,0.526741,0.491656,0.497721,0.523962,0.499849,0.487258,0.48975,0.558888,0.50071,0.483827,0.537362,0.496062,0.516249,0.393555,0.45876,0.398507,0.488501,0.345486,0.386718,0.273552,0.330322,0.189293,0.280001,0.168453,0.214504,0.0920208,0.110625,0.0566038,0.0916838,0.041159,0.0630011,0.0317065,0.0443712,0.0244164,0.0281538,0.018084,0.0205595,0.0165468,0.016631,0.011893,0.0150777,0.00954243,0.0120573,0.00869894,0.00974667,0.00604965,0.00718452,0.00579558,0.00677166,0.00432289,0.00519343,0.00365888,0.00415432,0.00295285,0.00352849,0.00245995,0.00265574,0.00200899,0.00229335,0.00163275,0.00180942,0.00128253,0.0017363,0.00120008,0.00117065,0.000781263,0.000948087,0.000828956,0.000785845,0.000628474,0.000688258,0.000483174,0.000537244,0.000363505,0.00037479,0.000335976,0.000361783,0.000247403,0.000294391,0.000249648,0.00021896,0.000151883,0.000212553,0.000126954,0.000155686,0.00010412,0.000134614,9.15455e-05,9.91555e-05,8.48409e-05,8.6427e-05,7.05927e-05,7.5331e-05,5.28221e-05,6.11147e-05,3.96253e-05,
25400,0.44738,0.512735,0.509938,0.543759,0.526741,0.51988,0.527372,0.523962,0.499849,0.540044,0.456405,0.529362,0.50071,0.483827,0.537362,0.496062,0.55588,0.393555,0.45876,0.398507,0.488501,0.345486,0.421012,0.273552,0.330322,0.189293,0.280001,0.168453,0.214504,0.0920208,0.110625,0.0566038,0.0916838,0.0389525,0.0630011,0.0290364,0.0476137,0.0244164,0.0303952,0.018084,0.0205595,0.0165468,0.0177397,0.011893,0.0150777,0.00954243,0.0113586,0.00946595,0.00974667,0.00647375,0.00718452,0.00579558,0.0063246,0.00432289,0.00519343,0.00365888,0.00415432,0.00295285,0.00352849,0.00259832,0.00265574,0.00200899,0.00242235,0.00175207,0.00163842,0.00128253,0.0017363,0.00104477,0.00126342,0.000844429,0.00100172,0.000828956,0.00086864,0.000628474,0.000688258,0.000483174,0.000537244,0.000363505,0.00037479,0.000335976,0.000337151,0.000260006,0.000294391,0.000249648,0.00021896,0.000141542,0.000212553,0.000135418,0.000155686,0.000110069,0.000134614,9.15455e-05,9.19054e-05,7.51675e-05,8.6427e-05,7.05927e-05,6.98524e-05,4.98875e-05,6.11147e-05,3.74317e-05,
25600,0.478743,0.512735,0.509938,0.59755,0.500114,0.51988,0.527372,0.523962,0.499849,0.506811,0.456405,0.529362,0.50071,0.483827,0.537362,0.496062,0.473043,0.393555,0.45876,0.398507,0.456921,0.345486,0.421012,0.273552,0.352343,0.189293,0.30606,0.168453,0.214504,0.0920208,0.110625,0.0566038,0.0916838,0.0389525,0.0580948,0.0290364,0.0404978,0.0244164,0.0280934,0.018084,0.0227474,0.0165468,0.0177397,0.011893,0.0161824,0.0103714,0.0113586,0.00840928,0.00974667,0.00647375,0.00718452,0.00546923,0.00575667,0.00456871,0.00519343,0.00365888,0.00415432,0.00295285,0.00352849,0.00280726,0.00265574,0.00200899,0.00242235,0.00158571,0.00163842,0.00128253,0.00161374,0.00104477,0.00126342,0.000903539,0.000882995,0.000782102,0.00086864,0.000628474,0.000635074,0.000483174,0.000537244,0.000341695,0.000409974,0.000335976,0.000337151,0.000246068,0.000294391,0.000236419,0.00021896,0.000153246,0.000212553,0.00014837,0.00017217,0.000110069,0.000134614,9.15455e-05,9.19054e-05,8.04452e-05,8.6427e-05,7.05927e-05,6.98524e-05,5.33702e-05,6.11147e-05,4.09966e-05,
25800,0.478743,0.548404,0.482123,0.59755,0.500114,0.51988,0.527372,0.523962,0.499849,0.506811,0.456405,0.572673,0.529033,0.483827,0.490887,0.449243,0.506156,0.413233,0.45876,0.429099,0.456921,0.345486,0.421012,0.31247,0.352343,0.175565,0.30606,0.168453,0.186487,0.0920208,0.110625,0.0599759,0.0859659,0.0389525,0.0580948,0.0322386,0.0374707,0.0244164,0.0263191,0.018084,0.0206873,0.0165468,0.0177397,0.0134066,0.0161824,0.0103714,0.0102769,0.00840928,0.00974667,0.00647375,0.00768817,0.00579844,0.00575667,0.00418884,0.00519343,0.00365888,0.00415432,0.00295285,0.00352849,0.00280726,0.00265574,0.0019011,0.00224255,0.00158571,0.00179918,0.00128253,0.0014359,0.00104477,0.00118174,0.000903539,0.000882995,0.000712779,0.00086864,0.000589798,0.000635074,0.000483174,0.000537244,0.000341695,0.000375317,0.000335976,0.000337151,0.000246068,0.000294391,0.000236419,0.000240856,0.000165784,0.000197429,0.000156716,0.00017217,0.000110069,0.000134614,9.15455e-05,9.9336e-05,8.7579e-05,9.21888e-05,7.05927e-05,6.98524e-05,5.33702e-05,5.50032e-05,4.09966e-05,
26000,0.513819,0.501872,0.514265,0.59755,0.528078,0.455745,0.527372,0.523962,0.499849,0.480496,0.456405,0.529306,0.529033,0.483827,0.490887,0.449243,0.506156,0.413233,0.45876,0.402693,0.456921,0.345486,0.421012,0.31247,0.399572,0.196102,0.30606,0.179683,0.186487,0.0920208,0.129028,0.0665539,0.0916969,0.042255,0.0580948,0.0322386,0.0374707,0.0244164,0.0263191,0.018084,0.0206873,0.014968,0.0177397,0.0134066,0.0161824,0.00963927,0.0102769,0.00840928,0.00974667,0.00647375,0.00768817,0.00579844,0.00575667,0.00418884,0.00548381,0.00365888,0.00415432,0.002583,0.00352849,0.00280726,0.00265574,0.0019011,0.00224255,0.00158571,0.00179918,0.00135508,0.0014359,0.000955811,0.00125638,0.000903539,0.000882995,0.000780958,0.000777475,0.00055167,0.000635074,0.000483174,0.000577225,0.000382459,0.000406024,0.000335976,0.000337151,0.000246068,0.000294391,0.00021651,0.000240856,0.000165784,0.000214937,0.000147713,0.000157615,0.000100665,0.000134614,9.15455e-05,9.9336e-05,8.7579e-05,9.21888e-05,7.05927e-05,7.38244e-05,5.33702e-05,5.50032e-05,4.09966e-05,
26200,0.485792,0.464108,0.514265,0.59755,0.528078,0.495623,0.527372,0.462929,0.499849,0.507818,0.50661,0.529306,0.529033,0.483827,0.464525,0.449243,0.506156,0.439457,0.434123,0.423703,0.415891,0.345486,0.421012,0.333301,0.37642,0.215502,0.30606,0.179683,0.186487,0.0920208,0.115544,0.0610202,0.0916969,0.0378071,0.0619678,0.0297645,0.0374707,0.0244164,0.0287068,0.018084,0.0206873,0.014968,0.0177397,0.0134066,0.0161824,0.00963927,0.0108612,0.0089413,0.00974667,0.00647375,0.00768817,0.0052186,0.00575667,0.00418884,0.00548381,0.00365888,0.00449214,0.0027157,0.00352849,0.00251342,0.00265574,0.0019011,0.00224255,0.00158571,0.00179918,0.00143173,0.00151321,0.00102949,0.00117,0.000903539,0.000882995,0.000732899,0.000777475,0.000594195,0.000670113,0.000531064,0.000577225,0.000382459,0.000433093,0.000315083,0.000316404,0.000270162,0.000294391,0.000233667,0.000240856,0.000165784,0.000214937,0.000147713,0.000157615,0.000106685,0.000134614,9.84962e-05,9.9336e-05,8.23958e-05,8.25044e-05,7.05927e-05,6.93949e-05,5.33702e-05,5.50032e-05,4.59635e-05,
26400,0.485792,0.510915,0.514265,0.554707,0.528078,0.495623,0.527372,0.462929,0.499849,0.507818,0.54354,0.529306,0.529033,0.532708,0.464525,0.449243,0.506156,0.439457,0.467199,0.423703,0.438127,0.345486,0.443351,0.333301,0.338778,0.215502,0.30606,0.152303,0.186487,0.0828187,0.131944,0.0643279,0.0990327,0.0378071,0.0667065,0.0297645,0.0374707,0.0244164,0.0287068,0.0198749,0.0224294,0.014968,0.0177397,0.0127231,0.0161824,0.00963927,0.0108612,0.00946726,0.00974667,0.00720377,0.00710966,0.00567193,0.00575667,0.00387791,0.00496154,0.00365888,0.00400133,0.00285739,0.00352849,0.00251342,0.00265574,0.0019011,0.00224255,0.00158571,0.00179918,0.00143173,0.0013759,0.00117272,0.00108316,0.000903539,0.000882995,0.000789162,0.000699728,0.000556514,0.000631284,0.000531064,0.00052282,0.000382459,0.000433093,0.000341766,0.000316404,0.000249735,0.000273611,0.000233667,0.000253533,0.000165784,0.000214937,0.000147713,0.000146601,0.000106685,0.000124551,9.84962e-05,9.9336e-05,8.23958e-05,7.08162e-05,7.43939e-05,6.51245e-05,4.91451e-05,5.50032e-05,4.28036e-05,
26600,0.485792,0.510915,0.471133,0.584775,0.528078,0.495623,0.564143,0.462929,0.538726,0.507818,0.54354,0.574971,0.529033,0.491435,0.513422,0.449243,0.506156,0.416438,0.433221,0.400164,0.403442,0.345486,0.385037,0.333301,0.338778,0.232434,0.285854,0.152303,0.186487,0.0900654,0.131944,0.0643279,0.0911926,0.0409335,0.0667065,0.0297645,0.0374707,0.0257218,0.0326066,0.0198749,0.0224294,0.014968,0.019691,0.0127231,0.0161824,0.00901357,0.0115484,0.00946726,0.00974667,0.00720377,0.00710966,0.00567193,0.00575667,0.00387791,0.00496154,0.00391464,0.00400133,0.00313071,0.00352849,0.00251342,0.0028809,0.00179901,0.00224255,0.00158571,0.00179918,0.00143173,0.0013759,0.00117272,0.00108316,0.000903539,0.000882995,0.00073146,0.000806419,0.000556514,0.000631284,0.000486711,0.00052282,0.000382459,0.000410212,0.000341766,0.000316404,0.000249735,0.000253579,0.000181092,0.000253533,0.00017632,0.000214937,0.000147713,0.000146601,0.000113064,0.000124551,9.84962e-05,9.9336e-05,7.66785e-05,7.68202e-05,7.43939e-05,6.15064e-05,5.18257e-05,5.50032e-05,4.28036e-05,
26800,0.485792,0.48172,0.496132,0.554963,0.528078,0.463583,0.531019,0.515835,0.489751,0.507818,0.54354,0.484873,0.449138,0.491435,0.513422,0.449243,0.506156,0.416438,0.466478,0.400164,0.403442,0.345486,0.412071,0.312549,0.338778,0.232434,0.271012,0.143419,0.186487,0.0779378,0.107978,0.0560031,0.0861364,0.0409335,0.0667065,0.0316475,0.0395145,0.0271508,0.0309237,0.0198749,0.0210836,0.0158661,0.0207921,0.0127231,0.0161824,0.00996321,0.0115484,0.008915,0.00974667,0.00720377,0.00661633,0.00567193,0.00575667,0.00443386,0.00496154,0.00391464,0.00436741,0.0033788,0.00352849,0.00251342,0.0028809,0.00179901,0.00224255,0.00158571,0.00179918,0.00143173,0.0013759,0.00117272,0.00108316,0.000903539,0.000882995,0.00073146,0.000742235,0.000556514,0.000631284,0.000511717,0.000495199,0.000382459,0.000410212,0.000317842,0.000316404,0.000264668,0.000281472,0.000181092,0.000240139,0.00017632,0.000214937,0.000147713,0.000157263,0.000113064,0.000124551,0.000104747,9.9336e-05,8.54418e-05,7.68202e-05,7.43939e-05,6.15064e-05,5.18257e-05,5.84938e-05,3.85232e-05,
27000,0.485792,0.5187,0.496132,0.511275,0.481271,0.463583,0.531019,0.544851,0.489751,0.507818,0.54354,0.484873,0.476086,0.461949,0.546005,0.49791,0.506156,0.444201,0.466478,0.400164,0.374736,0.345486,0.383741,0.29632,0.338778,0.20919,0.271012,0.143419,0.186487,0.0849522,0.117696,0.0604833,0.0798382,0.0409335,0.0631305,0.0316475,0.0395145,0.0242958,0.0309237,0.0198749,0.0223397,0.0150279,0.0196977,0.0127231,0.0161824,0.00996321,0.0115484,0.00936075,0.00974667,0.00720377,0.00661633,0.00567193,0.00575667,0.00443386,0.00496154,0.00412684,0.00461813,0.0031511,0.00330844,0.00272013,0.0028809,0.0019505,0.00209758,0.00158571,0.00179918,0.00143173,0.0013759,0.00117272,0.00108316,0.000850833,0.000882995,0.00073146,0.00081566,0.000556514,0.000631284,0.00054744,0.000495199,0.000382459,0.000410212,0.000317842,0.000316404,0.00024858,0.000281472,0.000194262,0.00025348,0.00017632,0.000225788,0.000147713,0.000173292,0.000113064,0.000124551,9.94624e-05,9.9336e-05,8.54418e-05,7.68202e-05,7.43939e-05,6.15064e-05,5.72198e-05,5.84938e-05,3.85232e-05,
27200,0.512595,0.44213,0.459808,0.483387,0.537768,0.503073,0.531019,0.544851,0.489751,0.507818,0.54354,0.523474,0.476086,0.461949,0.546005,0.455663,0.460316,0.444201,0.499132,0.400164,0.395411,0.345486,0.383741,0.29632,0.338778,0.223903,0.271012,0.159607,0.186487,0.0849522,0.110971,0.0566633,0.0798382,0.0387391,0.0535294,0.0342645,0.037427,0.0242958,0.0309237,0.0198749,0.0248612,0.0150279,0.0196977,0.0127231,0.0171534,0.00996321,0.0125088,0.00885017,0.00886756,0.0065569,0.00703492,0.00567193,0.00575667,0.00505789,0.00496154,0.00412684,0.00435808,0.0031511,0.00330844,0.00272013,0.00305534,0.0019505,0.00221685,0.00158571,0.00179918,0.00133917,0.0013759,0.00117272,0.00114409,0.000896647,0.00095078,0.00073146,0.00081566,0.000586268,0.000631284,0.00054744,0.000549221,0.000382459,0.000410212,0.000317842,0.0003351,0.000276989,0.000281472,0.000194262,0.00025348,0.000166391,0.000197833,0.000147713,0.000173292,0.000113064,0.000124551,9.39476e-05,9.36597e-05,8.99387e-05,8.51735e-05,7.43939e-05,6.15064e-05,5.27153e-05,6.18363e-05,3.85232e-05,
27400,0.512595,0.44213,0.516462,0.483387,0.537768,0.443619,0.531019,0.544851,0.446099,0.541673,0.507656,0.523474,0.476086,0.516077,0.516223,0.455663,0.435208,0.444201,0.471906,0.400164,0.395411,0.345486,0.383741,0.29632,0.338778,0.223903,0.271012,0.169704,0.197747,0.0900131,0.122596,0.0566633,0.0798382,0.0387391,0.0535294,0.0308381,0.037427,0.0242958,0.0309237,0.0198749,0.0221405,0.0150279,0.0196977,0.0127231,0.0160325,0.0108287,0.0138108,0.00839898,0.00945873,0.0060537,0.00703492,0.0052798,0.00575667,0.00505789,0.00496154,0.00412684,0.00435808,0.0031511,0.00330844,0.00272013,0.00289958,0.0019505,0.00192288,0.00158571,0.00192512,0.00133917,0.0013759,0.00117272,0.00114409,0.000950446,0.00089645,0.00073146,0.00081566,0.000586268,0.000631284,0.000508488,0.000549221,0.000382459,0.000410212,0.000317842,0.0003351,0.000276989,0.000281472,0.000209728,0.000237278,0.000157022,0.000197833,0.000147713,0.000160339,0.000106795,0.000124551,9.96027e-05,0.000102618,8.09448e-05,8.51735e-05,6.83322e-05,6.15064e-05,5.27153e-05,6.18363e-05,4.12002e-05,
27600,0.512595,0.470102,0.516462,0.483387,0.537768,0.443619,0.531019,0.544851,0.475839,0.509614,0.507656,0.523474,0.449689,0.482714,0.469868,0.490508,0.435208,0.485204,0.525838,0.400164,0.416392,0.314325,0.383741,0.29632,0.359346,0.223903,0.271012,0.169704,0.197747,0.0900131,0.116231,0.0566633,0.0798382,0.0387391,0.0535294,0.0308381,0.037427,0.0242958,0.0287408,0.0198749,0.0234057,0.0150279,0.0196977,0.0127231,0.0160325,0.0108287,0.0138108,0.00839898,0.00995656,0.00651493,0.0077147,0.00567935,0.00575667,0.00505789,0.00455727,0.00412684,0.00381649,0.0031511,0.00330844,0.00236484,0.00289958,0.0019505,0.00192288,0.00158571,0.00192512,0.00133917,0.0013759,0.00108803,0.00114409,0.000895373,0.00089645,0.000691562,0.00081566,0.000586268,0.000709187,0.000508488,0.000549221,0.000406655,0.000447783,0.000345867,0.0003351,0.000276989,0.00029928,0.00019698,0.000237278,0.000164968,0.000197833,0.000147713,0.000160339,0.000114688,0.000124551,9.96027e-05,0.000102618,7.32358e-05,8.51735e-05,6.83322e-05,6.50039e-05,5.55124e-05,6.18363e-05,4.12002e-05,
27800,0.545024,0.470102,0.516462,0.483387,0.499808,0.485265,0.531019,0.544851,0.432744,0.509614,0.477197,0.523474,0.490161,0.482714,0.469868,0.453599,0.435208,0.457144,0.525838,0.400164,0.416392,0.298004,0.383741,0.29632,0.359346,0.223903,0.271012,0.169704,0.21093,0.0900131,0.116231,0.0566633,0.0798382,0.0387391,0.0567516,0.0308381,0.040635,0.027109,0.0287408,0.0208686,0.0234057,0.0150279,0.0196977,0.0127231,0.015205,0.0108287,0.0138108,0.00794085,0.00995656,0.00651493,0.0077147,0.00567935,0.00621087,0.00505789,0.00455727,0.00355186,0.00422303,0.0031511,0.00355151,0.00236484,0.00264114,0.00184575,0.00170145,0.00158571,0.00181631,0.00133917,0.0013759,0.00108803,0.00114409,0.000895373,0.000945541,0.000691562,0.00081566,0.000586268,0.000709187,0.000508488,0.000595176,0.000406655,0.000447783,0.000345867,0.000303186,0.000276989,0.000317039,0.000208907,0.000237278,0.000164968,0.000197833,0.000156154,0.000160339,0.000120944,0.000124551,9.96027e-05,0.000102618,8.08008e-05,8.51735e-05,6.83322e-05,5.92422e-05,5.88828e-05,6.18363e-05,4.44652e-05,
28000,0.577366,0.541695,0.516462,0.483387,0.499808,0.485265,0.502054,0.544851,0.47456,0.509614,0.477197,0.554883,0.465173,0.518179,0.469868,0.453599,0.435208,0.457144,0.525838,0.422918,0.416392,0.327515,0.383741,0.29632,0.336378,0.223903,0.2883,0.158795,0.194142,0.103074,0.116231,0.0566633,0.0798382,0.0387391,0.0567516,0.0308381,0.040635,0.0288294,0.0287408,0.0186645,0.0234057,0.0150279,0.0171598,0.0127231,0.015205,0.0108287,0.0126525,0.00844551,0.0105865,0.00651493,0.0077147,0.00567935,0.00621087,0.00505789,0.00455727,0.00355186,0.00422303,0.0031511,0.00378827,0.00248823,0.00264114,0.00184575,0.00187721,0.00147806,0.00181631,0.00133917,0.0013759,0.00114957,0.00114409,0.000955065,0.000945541,0.000755925,0.00081566,0.000632727,0.000709187,0.000508488,0.000595176,0.000406655,0.000416438,0.000345867,0.000303186,0.000276989,0.000317039,0.000222124,0.000237278,0.000164968,0.000197833,0.000156154,0.000160339,0.000120944,0.000111381,9.96027e-05,9.71971e-05,8.08008e-05,8.51735e-05,6.83322e-05,6.27576e-05,5.88828e-05,6.18363e-05,4.44652e-05,
28200,0.577366,0.541695,0.542286,0.483387,0.499808,0.53327,0.502054,0.515642,0.47456,0.509614,0.477197,0.554883,0.465173,0.518179,0.469868,0.453599,0.435208,0.457144,0.481736,0.422918,0.416392,0.327515,0.383741,0.29632,0.355405,0.223903,0.2883,0.145969,0.194142,0.0937389,0.108982,0.0566633,0.0798382,0.0426575,0.0567516,0.0308381,0.040635,0.0288294,0.0302403,0.0186645,0.0218762,0.0150279,0.0171598,0.0127231,0.015205,0.0108287,0.0126525,0.00844551,0.0097203,0.0060806,0.0077147,0.00567935,0.00575917,0.00505789,0.00455727,0.00355186,0.00422303,0.0031511,0.00378827,0.00274234,0.00264114,0.00184575,0.00209438,0.00136042,0.00167029,0.00133917,0.0013759,0.00104659,0.00105351,0.000832008,0.000996795,0.00071691,0.00081566,0.000632727,0.000709187,0.000508488,0.000595176,0.000406655,0.000416438,0.000345867,0.000303186,0.0002569,0.000317039,0.000222124,0.000250369,0.000181857,0.000215781,0.000156154,0.000160339,0.000120944,0.000120644,9.31637e-05,9.71971e-05,8.08008e-05,8.51735e-05,6.83322e-05,6.75952e-05,5.88828e-05,6.18363e-05,4.44652e-05,
28400,0.577366,0.541695,0.542286,0.483387,0.499808,0.53327,0.502054,0.474391,0.47456,0.509614,0.442587,0.554883,0.490838,0.491582,0.469868,0.453599,0.4583,0.457144,0.481736,0.448293,0.389777,0.369488,0.383741,0.317197,0.355405,0.244741,0.2883,0.15727,0.194142,0.0993233,0.108982,0.0566633,0.08394,0.0426575,0.0630815,0.0290392,0.040635,0.0255183,0.0302403,0.0172038,0.0218762,0.0150279,0.0171598,0.0127231,0.015205,0.00923504,0.0126525,0.00844551,0.0097203,0.0060806,0.0077147,0.00567935,0.00575917,0.00505789,0.00455727,0.00377727,0.00368471,0.00279263,0.00378827,0.00249398,0.00264114,0.00202154,0.00226469,0.00144279,0.00167029,0.00133917,0.0013759,0.00104659,0.00105351,0.000832008,0.000996795,0.00071691,0.00081566,0.000578005,0.000709187,0.000508488,0.000544677,0.000406655,0.000416438,0.000345867,0.000303186,0.0002569,0.000283766,0.000222124,0.000233678,0.000168457,0.000199764,0.000156154,0.000160339,0.000120944,0.00012679,9.31637e-05,0.000104935,8.56322e-05,8.51735e-05,6.83322e-05,7.18644e-05,5.88828e-05,6.18363e-05,4.44652e-05,
28600,0.496988,0.541695,0.542286,0.483387,0.460027,0.53327,0.502054,0.474391,0.542075,0.555133,0.442587,0.525568,0.465352,0.491582,0.469868,0.453599,0.4583,0.457144,0.507297,0.416649,0.389777,0.369488,0.383741,0.317197,0.355405,0.225262,0.256801,0.165475,0.177793,0.0917558,0.108982,0.0506988,0.08394,0.0426575,0.0573685,0.0290392,0.0446548,0.0255183,0.0302403,0.0156344,0.0218762,0.0158425,0.0171598,0.0139735,0.015205,0.00923504,0.0126525,0.00915217,0.0097203,0.0060806,0.0077147,0.00534806,0.00533481,0.00505789,0.00455727,0.00377727,0.00368471,0.00279263,0.00349477,0.00249398,0.00264114,0.00189233,0.00226469,0.00144279,0.00175744,0.00133917,0.00130528,0.00104659,0.0011305,0.000878809,0.000996795,0.00071691,0.00081566,0.000578005,0.000709187,0.00055879,0.000544677,0.000406655,0.000416438,0.000345867,0.000303186,0.0002569,0.000283766,0.000209431,0.000233678,0.000168457,0.000199764,0.000148261,0.000160339,0.000120944,0.000134371,9.31637e-05,0.000104935,8.56322e-05,8.96929e-05,6.83322e-05,7.71596e-05,5.0471e-05,5.1509e-05,4.44652e-05,
28800,0.459352,0.541695,0.542286,0.529182,0.513293,0.53327,0.502054,0.506017,0.542075,0.555133,0.473613,0.475563,0.465352,0.491582,0.469868,0.453599,0.520796,0.457144,0.507297,0.440086,0.389777,0.369488,0.425313,0.317197,0.384674,0.225262,0.279271,0.179014,0.190753,0.0917558,0.108982,0.0506988,0.089536,0.0377938,0.0573685,0.0290392,0.0446548,0.0255183,0.0302403,0.0156344,0.0233346,0.0158425,0.0171598,0.0139735,0.015205,0.00923504,0.0126525,0.00864372,0.0097203,0.0060806,0.0077147,0.00534806,0.00560155,0.00505789,0.00455727,0.00348311,0.00368471,0.00279263,0.00328957,0.00249398,0.00288493,0.00189233,0.00226469,0.00163421,0.00175744,0.00133917,0.00144722,0.00110917,0.00120587,0.00095993,0.000996795,0.00071691,0.00081566,0.000578005,0.00064536,0.00055879,0.000510276,0.000406655,0.000416438,0.000345867,0.000337338,0.000239167,0.000283766,0.000209431,0.000248485,0.000168457,0.000199764,0.000148261,0.000160339,0.000114634,0.000134371,9.31637e-05,0.000104935,8.56322e-05,8.96929e-05,6.83322e-05,7.71596e-05,5.4179e-05,5.59529e-05,4.09261e-05,
29000,0.459352,0.541695,0.542286,0.501705,0.551492,0.53327,0.544333,0.544571,0.542075,0.555133,0.402832,0.475563,0.510477,0.491582,0.469868,0.453599,0.520796,0.457144,0.541117,0.483564,0.419953,0.389516,0.387615,0.317197,0.359029,0.225262,0.296133,0.179014,0.202199,0.0990963,0.108982,0.0594057,0.089536,0.0426681,0.0573685,0.0290392,0.0446548,0.0255183,0.0320714,0.0167339,0.025713,0.0168987,0.0171598,0.0139735,0.015205,0.00923504,0.0113206,0.00864372,0.0097203,0.00650566,0.0077147,0.00505634,0.00560155,0.00505789,0.00480731,0.00348311,0.00368471,0.00294585,0.00345715,0.00249398,0.00288493,0.00189233,0.00226469,0.00163421,0.00175744,0.00124543,0.00134225,0.00104404,0.00120587,0.00095993,0.000996795,0.000780051,0.00081566,0.000578005,0.00064536,0.00055879,0.000547766,0.000406655,0.000416438,0.000367672,0.000337338,0.000239167,0.000283766,0.000209431,0.000233779,0.000168457,0.000199764,0.000159043,0.000173166,0.000126097,0.000134371,9.31637e-05,0.000104935,8.56322e-05,8.96929e-05,6.14989e-05,7.71596e-05,5.4179e-05,5.59529e-05,4.09261e-05,
29200,0.459352,0.541695,0.542286,0.501705,0.551492,0.53327,0.544333,0.544571,0.542075,0.555133,0.402832,0.475563,0.541105,0.521077,0.507857,0.485265,0.433083,0.457144,0.482259,0.44083,0.419953,0.389516,0.361533,0.317197,0.359029,0.248267,0.31279,0.192096,0.202199,0.0990963,0.108982,0.0543474,0.089536,0.0426681,0.0573685,0.0273565,0.0399592,0.0255183,0.0292129,0.0176946,0.025713,0.0142339,0.0171598,0.0122788,0.015205,0.00923504,0.0113206,0.00864372,0.0097203,0.00650566,0.0077147,0.00505634,0.00595594,0.00505789,0.00418236,0.00390108,0.00368471,0.00294585,0.00345715,0.00249398,0.00288493,0.00166367,0.00226469,0.00163421,0.00175744,0.00124543,0.00143635,0.00104404,0.00120587,0.00095993,0.000996795,0.000780051,0.00081566,0.000547583,0.00064536,0.000502911,0.000508038,0.000406655,0.000416438,0.000348581,0.000337338,0.000254272,0.000283766,0.000209431,0.000250143,0.000168457,0.000210278,0.000143896,0.000182354,0.000126097,0.000134371,0.000100617,0.000104935,8.11253e-05,9.47381e-05,6.71758e-05,7.71596e-05,5.4179e-05,5.59529e-05,4.09261e-05,
29400,0.459352,0.541695,0.542286,0.531704,0.551492,0.491053,0.487205,0.509366,0.542075,0.479433,0.429687,0.475563,0.503228,0.521077,0.507857,0.485265,0.463541,0.457144,0.424934,0.44083,0.419953,0.389516,0.361533,0.290009,0.380706,0.248267,0.31279,0.176728,0.202199,0.106421,0.103129,0.0543474,0.0781755,0.046576,0.0573685,0.0300286,0.0399592,0.0217796,0.0292129,0.0176946,0.025713,0.0142339,0.0171598,0.0122788,0.015205,0.00923504,0.0121439,0.00864372,0.0097203,0.00650566,0.00731652,0.00505634,0.00595594,0.00505789,0.00418236,0.00361363,0.00368471,0.00294585,0.00345715,0.00230756,0.00305744,0.00189303,0.00212345,0.00163421,0.00175744,0.00124543,0.00151615,0.00104404,0.00120587,0.00095993,0.000996795,0.000709846,0.000875266,0.000578385,0.00064536,0.000502911,0.000538618,0.000439355,0.000391792,0.000323976,0.000337338,0.000254272,0.000283766,0.000209431,0.000267653,0.000186987,0.000198262,0.000143896,0.000164119,0.000126097,0.000125991,8.82043e-05,0.000104935,8.11253e-05,9.47381e-05,6.71758e-05,7.71596e-05,5.4179e-05,5.59529e-05,4.62949e-05,
29600,0.485335,0.541695,0.507624,0.486277,0.551492,0.491053,0.487205,0.509366,0.493759,0.506956,0.429687,0.475563,0.503228,0.521077,0.507857,0.452914,0.463541,0.420572,0.424934,0.44083,0.419953,0.389516,0.361533,0.290009,0.361499,0.248267,0.31279,0.176728,0.202199,0.0952186,0.10905,0.0589552,0.0781755,0.051899,0.0611931,0.0324982,0.0399592,0.0230241,0.0292129,0.0190529,0.0275155,0.0142339,0.0171598,0.0122788,0.0139886,0.00969679,0.0121439,0.00864372,0.0103683,0.00650566,0.00731652,0.00505634,0.00670826,0.00505789,0.00418236,0.00393641,0.00368471,0.00294585,0.0031279,0.00211324,0.00305744,0.00189303,0.00212345,0.00163421,0.00175744,0.00124543,0.00133421,0.00113801,0.00120587,0.000869211,0.000996795,0.000709846,0.000875266,0.000578385,0.00064536,0.000502911,0.000538618,0.000415802,0.000391792,0.00028441,0.000378375,0.000269578,0.000260172,0.000209431,0.000267653,0.000186987,0.000198262,0.000143896,0.000164119,0.000126097,0.000118534,9.32198e-05,0.000104935,8.11253e-05,8.82249e-05,6.71758e-05,6.86399e-05,5.4179e-05,5.89658e-05,4.62949e-05,
29800,0.4343,0.541695,0.481745,0.486277,0.551492,0.491053,0.487205,0.509366,0.451178,0.506956,0.467013,0.500989,0.469679,0.464232,0.507857,0.4885,0.463541,0.420572,0.424934,0.44083,0.419953,0.389516,0.317847,0.290009,0.32852,0.248267,0.296327,0.176728,0.171585,0.10771,0.10905,0.0589552,0.0781755,0.0470144,0.0656539,0.0324982,0.0399592,0.0230241,0.0292129,0.0190529,0.0255427,0.0165961,0.0171598,0.0122788,0.0147418,0.00969679,0.0127678,0.00864372,0.0103683,0.00650566,0.00662182,0.00532668,0.00670826,0.00505789,0.00418236,0.00393641,0.00394302,0.00294585,0.0031279,0.00232654,0.00305744,0.00217699,0.00212345,0.00163421,0.0018514,0.00124543,0.00133421,0.00113801,0.00120587,0.000869211,0.000996795,0.000709846,0.000875266,0.000511783,0.000601173,0.000534555,0.000538618,0.000439562,0.000391792,0.000298962,0.000378375,0.000269578,0.000260172,0.000209431,0.000242426,0.000186987,0.000208271,0.000143896,0.000164119,0.000126097,0.000118534,9.32198e-05,9.8078e-05,7.58808e-05,8.82249e-05,6.23594e-05,6.86399e-05,4.92923e-05,5.89658e-05,4.96618e-05,
30000,0.4343,0.541695,0.481745,0.521725,0.551492,0.522066,0.487205,0.509366,0.451178,0.506956,0.467013,0.500989,0.469679,0.528006,0.507857,0.521067,0.513173,0.420572,0.451901,0.44083,0.452325,0.365546,0.317847,0.307519,0.32852,0.271912,0.296327,0.176728,0.171585,0.102117,0.122625,0.0559496,0.0847587,0.0389548,0.0656539,0.0280511,0.0399592,0.0230241,0.0292129,0.0190529,0.0234288,0.0144225,0.0171598,0.0122788,0.0160586,0.00969679,0.0127678,0.00864372,0.0103683,0.00650566,0.00714005,0.00532668,0.00670826,0.004782,0.00418236,0.00393641,0.00394302,0.0026643,0.0031279,0.00232654,0.00305744,0.00217699,0.00212345,0.00153131,0.00195038,0.0011775,0.00133421,0.00113801,0.00120587,0.000948821,0.00105286,0.000709846,0.000875266,0.00054249,0.000648161,0.000492926,0.000582916,0.000439562,0.000411837,0.000298962,0.000378375,0.000269578,0.000282772,0.000224775,0.000242426,0.000177109,0.000208271,0.000143896,0.000164119,0.000119589,0.000125162,0.000100887,0.000103147,7.58808e-05,8.82249e-05,6.23594e-05,6.86399e-05,4.92923e-05,5.89658e-05,4.46956e-05,
30200,0.4343,0.541695,0.481745,0.521725,0.551492,0.522066,0.549694,0.509366,0.484149,0.466822,0.467013,0.500989,0.469679,0.528006,0.507857,0.493642,0.513173,0.420572,0.451901,0.44083,0.452325,0.365546,0.299882,0.291004,0.32852,0.239492,0.296327,0.160662,0.185458,0.0938321,0.134656,0.0559496,0.0847587,0.0389548,0.0656539,0.0280511,0.0424783,0.0230241,0.0321058,0.0203886,0.0234288,0.0156941,0.0186402,0.013181,0.0160586,0.00969679,0.0127678,0.00864372,0.0103683,0.00650566,0.00642604,0.00499502,0.00670826,0.004782,0.00464707,0.00393641,0.00371651,0.00280003,0.00346675,0.00232654,0.00305744,0.00204302,0.00223163,0.00167141,0.00195038,0.00126721,0.00133421,0.00113801,0.00127329,0.000948821,0.00105286,0.000709846,0.000783319,0.00054249,0.00060626,0.000492926,0.000582916,0.000439562,0.000411837,0.000298962,0.000378375,0.000269578,0.000282772,0.000202298,0.000221239,0.000164864,0.000208271,0.000143896,0.000164119,0.000132117,0.00011594,0.000100887,0.000112173,7.58808e-05,7.99094e-05,6.74364e-05,6.86399e-05,4.6525e-05,5.55035e-05,4.46956e-05,
30400,0.460443,0.541695,0.481745,0.521725,0.551492,0.522066,0.549694,0.465706,0.513098,0.466822,0.512834,0.500989,0.493607,0.492056,0.446031,0.493642,0.469791,0.449972,0.451901,0.44083,0.452325,0.365546,0.299882,0.291004,0.362004,0.252963,0.296327,0.160662,0.185458,0.0938321,0.141682,0.0559496,0.097905,0.0389548,0.0656539,0.0280511,0.0424783,0.0230241,0.0343532,0.0203886,0.0234288,0.0156941,0.0202838,0.013181,0.0160586,0.0106203,0.0140059,0.00864372,0.0103683,0.00650566,0.00687587,0.00549452,0.00670826,0.00409127,0.00504106,0.00393641,0.00371651,0.00280003,0.00367328,0.00218168,0.00273489,0.00220421,0.00223163,0.00167141,0.00195038,0.00126721,0.00147203,0.00113801,0.00112742,0.00100555,0.00105286,0.000709846,0.000783319,0.000515121,0.00060626,0.000492926,0.000530454,0.000408793,0.000411837,0.000298962,0.00035419,0.000246546,0.000297048,0.000202298,0.000221239,0.000164864,0.000208271,0.000143896,0.000164119,0.000117529,0.000121793,0.000100887,0.000112173,7.58808e-05,7.99094e-05,5.9628e-05,6.86399e-05,4.6525e-05,5.55035e-05,4.46956e-05,
30600,0.432922,0.541695,0.481745,0.521725,0.518853,0.480096,0.549694,0.465706,0.513098,0.505883,0.48574,0.500989,0.451039,0.521255,0.446031,0.493642,0.501111,0.474201,0.50428,0.44083,0.452325,0.365546,0.325754,0.309414,0.338506,0.239432,0.296327,0.160662,0.185458,0.0938321,0.141682,0.0559496,0.097905,0.0389548,0.0656539,0.0307462,0.0424783,0.0230241,0.0343532,0.0203886,0.0234288,0.0156941,0.0190667,0.013181,0.0160586,0.00987063,0.0128362,0.00864372,0.0103683,0.00650566,0.00745489,0.00549452,0.00670826,0.00409127,0.00537713,0.00365632,0.0040769,0.0030329,0.00367328,0.00231971,0.00273489,0.00207196,0.00223163,0.00167141,0.00182572,0.00126721,0.00147203,0.00122212,0.00112742,0.000940282,0.00110828,0.000750409,0.000783319,0.000515121,0.000636867,0.000451256,0.000530454,0.000408793,0.000411837,0.000298962,0.00035419,0.000246546,0.000297048,0.000191984,0.000207625,0.000164864,0.0001906,0.000143896,0.000164119,0.000117529,0.000121793,0.000100887,0.000122527,7.58808e-05,7.99094e-05,6.63583e-05,6.86399e-05,4.6525e-05,5.55035e-05,4.46956e-05,
30800,0.473935,0.495264,0.5071,0.521725,0.518853,0.480096,0.549694,0.465706,0.567108,0.505883,0.48574,0.468251,0.451039,0.47166,0.446031,0.436947,0.501111,0.474201,0.472048,0.398887,0.452325,0.365546,0.354851,0.309414,0.338506,0.220278,0.296327,0.160662,0.196105,0.0885285,0.12896,0.0559496,0.0871731,0.0415518,0.0656539,0.0327028,0.0459127,0.0252831,0.0343532,0.0203886,0.0261977,0.0156941,0.0190667,0.013181,0.0160586,0.00987063,0.0121059,0.00864372,0.0103683,0.00696042,0.00745489,0.00549452,0.00603744,0.00441857,0.00498396,0.00365632,0.0040769,0.0030329,0.00404061,0.00245889,0.0029742,0.00207196,0.00203975,0.00167141,0.00182572,0.00134751,0.00137584,0.00111842,0.00112742,0.000883127,0.00110828,0.000750409,0.000783319,0.000515121,0.000712133,0.000481339,0.000530454,0.000408793,0.000411837,0.000298962,0.000335169,0.000227251,0.000297048,0.000191984,0.000207625,0.000179401,0.0001906,0.000152119,0.000150298,0.000117529,0.00012902,0.000100887,0.000122527,8.06553e-05,8.52367e-05,7.25342e-05,6.86399e-05,5.24065e-05,5.2315e-05,4.46956e-05,
31000,0.473935,0.495264,0.5071,0.521725,0.518853,0.449651,0.520654,0.465706,0.567108,0.474752,0.48574,0.499468,0.451039,0.503104,0.446031,0.436947,0.501111,0.389344,0.472048,0.398887,0.452325,0.388672,0.354851,0.309414,0.338506,0.234963,0.32843,0.160662,0.196105,0.0885285,0.12896,0.0594833,0.081418,0.0415518,0.0656539,0.0305226,0.0489736,0.0252831,0.0343532,0.0203886,0.0280342,0.0156941,0.0190667,0.013181,0.0160586,0.00987063,0.0121059,0.00864372,0.0103683,0.00696042,0.00745489,0.0051564,0.00638403,0.00474516,0.00498396,0.00337017,0.0040769,0.0030329,0.00404061,0.00231268,0.00271847,0.00207196,0.00203975,0.00177262,0.00182572,0.00134751,0.00137584,0.00111842,0.00112742,0.000883127,0.00110828,0.000750409,0.000783319,0.00056418,0.000673957,0.000529006,0.000530454,0.000408793,0.000411837,0.000298962,0.00035209,0.000227251,0.000297048,0.000191984,0.000225661,0.000179401,0.0001906,0.000152119,0.000141163,0.000117529,0.00012902,0.000100887,0.000102542,7.63315e-05,8.52367e-05,6.79184e-05,6.86399e-05,5.24065e-05,5.2315e-05,4.46956e-05,
31200,0.473935,0.495264,0.5071,0.521725,0.548202,0.449651,0.520654,0.465706,0.618993,0.445192,0.48574,0.499468,0.451039,0.476134,0.446031,0.436947,0.501111,0.389344,0.472048,0.398887,0.475924,0.388672,0.373958,0.309414,0.338506,0.223109,0.309866,0.138645,0.196105,0.0885285,0.12896,0.0594833,0.0914983,0.0415518,0.055441,0.0305226,0.0445864,0.0239703,0.0312833,0.0203886,0.0249759,0.0156941,0.0190667,0.013181,0.0160586,0.00925604,0.0104673,0.00864372,0.0103683,0.00696042,0.00788649,0.0051564,0.00638403,0.00474516,0.00451074,0.00337017,0.00379661,0.00325454,0.00404061,0.00231268,0.00271847,0.00207196,0.00203975,0.00188457,0.00182572,0.00121276,0.00137584,0.00111842,0.00112742,0.000932507,0.00110828,0.000709477,0.000827628,0.00056418,0.000673957,0.000529006,0.000530454,0.000408793,0.000411837,0.000298962,0.000370914,0.000240106,0.000277637,0.000191984,0.000225661,0.000179401,0.0001906,0.000152119,0.000151044,0.000117529,0.000114685,0.000100887,0.000102542,7.63315e-05,8.52367e-05,6.42138e-05,6.27565e-05,5.24065e-05,5.2315e-05,4.82897e-05,
31400,0.473935,0.495264,0.542548,0.521725,0.548202,0.449651,0.520654,0.465706,0.560158,0.445192,0.48574,0.499468,0.451039,0.506205,0.446031,0.472083,0.501111,0.423166,0.472048,0.398887,0.475924,0.388672,0.401433,0.309414,0.338506,0.223109,0.325652,0.138645,0.196105,0.0944304,0.12896,0.0676547,0.0832283,0.0415518,0.050527,0.0305226,0.0394656,0.0255683,0.0257594,0.0203886,0.0249759,0.0156941,0.0190667,0.013181,0.0147615,0.00925604,0.0104673,0.00864372,0.0103683,0.00696042,0.00832745,0.00553229,0.00638403,0.00474516,0.00451074,0.00337017,0.00357851,0.00345104,0.00425501,0.00231268,0.00271847,0.00183337,0.00219051,0.00176591,0.00182572,0.00121276,0.00137584,0.00111842,0.00112742,0.000932507,0.00110828,0.000758887,0.000777321,0.00056418,0.000673957,0.000564273,0.000530454,0.000408793,0.000411837,0.000323133,0.000370914,0.000240106,0.000277637,0.000191984,0.000225661,0.000169434,0.000210526,0.000152119,0.000151044,0.000117529,0.000114685,0.000100887,0.000102542,7.63315e-05,8.52367e-05,6.42138e-05,6.67052e-05,5.24065e-05,5.64799e-05,4.82897e-05,
31600,0.473935,0.464427,0.542548,0.565958,0.548202,0.449651,0.520654,0.503115,0.560158,0.494288,0.48574,0.499468,0.451039,0.506205,0.446031,0.472083,0.501111,0.423166,0.435872,0.398887,0.475924,0.410265,0.401433,0.309414,0.381264,0.237983,0.325652,0.138645,0.196105,0.0894416,0.14407,0.0639035,0.0876445,0.0415518,0.050527,0.0327589,0.0360828,0.0255683,0.0257594,0.0191171,0.0249759,0.0156941,0.0180446,0.013181,0.0147615,0.00925604,0.0104673,0.00864372,0.0103683,0.00696042,0.00930966,0.00581223,0.00638403,0.00436369,0.00481146,0.00358372,0.00379248,0.0032232,0.00365584,0.00231268,0.00271847,0.00183337,0.00219051,0.00176591,0.00182572,0.00121276,0.00146756,0.00111842,0.00112742,0.000932507,0.00110828,0.000715292,0.000777321,0.00056418,0.000673957,0.000564273,0.000530454,0.000408793,0.000411837,0.000323133,0.000370914,0.000255385,0.000277637,0.000191984,0.000225661,0.000169434,0.000210526,0.000152119,0.000151044,0.000117529,0.000131887,0.000100887,0.000114809,7.63315e-05,8.52367e-05,6.42138e-05,7.45085e-05,5.24065e-05,5.29575e-05,4.82897e-05,
31800,0.473935,0.464427,0.542548,0.512472,0.548202,0.449651,0.560054,0.529119,0.621594,0.494288,0.521643,0.499468,0.504758,0.466986,0.47288,0.472083,0.501111,0.423166,0.459176,0.398887,0.51089,0.369239,0.401433,0.284311,0.357802,0.237983,0.325652,0.149332,0.196105,0.0991989,0.152019,0.0639035,0.0876445,0.0439145,0.0538954,0.0327589,0.0360828,0.0255683,0.0257594,0.0191171,0.0249759,0.0165769,0.0180446,0.013181,0.0139702,0.0100828,0.0104673,0.00864372,0.00958314,0.00696042,0.00930966,0.00581223,0.00638403,0.00436369,0.00481146,0.00358372,0.0040328,0.0032232,0.00344997,0.00231268,0.00239533,0.00183337,0.00219051,0.00176591,0.00182572,0.00121276,0.00146756,0.00111842,0.00112742,0.000800402,0.00110828,0.000755965,0.000864022,0.000595916,0.000673957,0.000564273,0.000530454,0.000408793,0.000411837,0.000323133,0.000370914,0.000255385,0.000252707,0.000191984,0.000225661,0.000181371,0.000210526,0.000152119,0.000164987,0.000117529,0.000141052,0.000100887,0.000114809,7.63315e-05,8.07506e-05,6.42138e-05,6.56518e-05,5.77586e-05,5.29575e-05,4.82897e-05,
32000,0.473935,0.464427,0.576752,0.48495,0.548202,0.449651,0.519606,0.529119,0.578353,0.529178,0.521643,0.499468,0.468787,0.500873,0.47288,0.50031,0.501111,0.465918,0.492571,0.398887,0.51089,0.369239,0.379912,0.284311,0.357802,0.237983,0.325652,0.149332,0.196105,0.0991989,0.152019,0.0596917,0.0876445,0.0478088,0.0576533,0.0327589,0.0405356,0.0227703,0.0272382,0.0191171,0.0249759,0.0165769,0.0193703,0.013181,0.0139702,0.0100828,0.0104673,0.00803357,0.00958314,0.00636574,0.0085952,0.00497609,0.00593715,0.00397095,0.00481146,0.00338502,0.00424123,0.0032232,0.00344997,0.00231268,0.00239533,0.00183337,0.00219051,0.00176591,0.00182572,0.00121276,0.00146756,0.00123131,0.00112742,0.000886101,0.00104269,0.000755965,0.000793922,0.000595916,0.000673957,0.000564273,0.000530454,0.000432153,0.000411837,0.000323133,0.000333823,0.000274048,0.000252707,0.000191984,0.000225661,0.000181371,0.000183029,0.000152119,0.000150938,0.000117529,0.000148537,0.000100887,0.000114809,8.33226e-05,9.30803e-05,6.82946e-05,6.56518e-05,5.77586e-05,5.00689e-05,5.11015e-05,
32200,0.514824,0.464427,0.576752,0.48495,0.584749,0.449651,0.519606,0.529119,0.53164,0.529178,0.521643,0.499468,0.468787,0.500873,0.47288,0.50031,0.501111,0.465918,0.492571,0.42837,0.47908,0.369239,0.406402,0.310555,0.357802,0.237983,0.296479,0.149332,0.196105,0.0991989,0.152019,0.0596917,0.0876445,0.0449403,0.0619146,0.0327589,0.0405356,0.0227703,0.0307049,0.0191171,0.0249759,0.0165769,0.0193703,0.013181,0.0139702,0.0100828,0.0104673,0.00803357,0.00958314,0.00636574,0.00785847,0.00497609,0.00658274,0.00420839,0.00454511,0.00338502,0.00399022,0.00296408,0.00315725,0.00231268,0.00239533,0.00183337,0.00219051,0.00176591,0.00182572,0.00121276,0.00146756,0.00123131,0.00112742,0.000886101,0.00104269,0.000755965,0.000793922,0.000595916,0.000673957,0.000564273,0.000530454,0.000432153,0.000434717,0.000323133,0.000333823,0.000274048,0.000252707,0.000178022,0.000225661,0.000195295,0.000165732,0.000152119,0.000150938,0.000111538,0.000148537,0.000100887,0.000114809,7.49904e-05,9.30803e-05,6.82946e-05,6.56518e-05,5.77586e-05,5.63413e-05,5.11015e-05,
32400,0.514824,0.464427,0.576752,0.48495,0.584749,0.418176,0.519606,0.529119,0.53164,0.529178,0.521643,0.469907,0.468787,0.500873,0.47288,0.50031,0.501111,0.465918,0.492571,0.42837,0.445544,0.339699,0.406402,0.310555,0.357802,0.237983,0.296479,0.149332,0.209179,0.0991989,0.152019,0.0634549,0.0876445,0.0381218,0.0669554,0.0327589,0.0405356,0.0227703,0.0307049,0.0178081,0.0285949,0.0165769,0.0193703,0.0124172,0.0139702,0.0100828,0.0110005,0.00757207,0.00958314,0.00636574,0.00785847,0.00497609,0.00658274,0.00420839,0.00492095,0.00338502,0.00399022,0.00296408,0.00315725,0.00231268,0.00239533,0.00183337,0.00219051,0.0016393,0.00182572,0.00133981,0.00139337,0.00123131,0.00120258,0.000840092,0.00104269,0.000713396,0.000793922,0.00063325,0.000627193,0.000564273,0.000530454,0.000432153,0.000396185,0.00030236,0.000333823,0.000274048,0.000272031,0.000198367,0.000225661,0.000195295,0.000165732,0.000152119,0.000150938,0.000111538,0.000130652,0.000106623,0.000114809,6.89617e-05,9.30803e-05,6.44345e-05,6.56518e-05,5.77586e-05,5.63413e-05,5.11015e-05,
32600,0.514824,0.464427,0.576752,0.48495,0.584749,0.452955,0.49334,0.529119,0.502163,0.529178,0.521643,0.469907,0.444888,0.466119,0.509331,0.50031,0.472324,0.428118,0.464029,0.392442,0.445544,0.339699,0.406402,0.310555,0.336053,0.223898,0.271323,0.149332,0.209179,0.0940482,0.140436,0.0634549,0.0876445,0.0381218,0.0669554,0.0327589,0.0405356,0.0248721,0.0307049,0.0193346,0.0250673,0.0165769,0.0193703,0.0124172,0.0139702,0.00931458,0.0110005,0.008405,0.0101894,0.00636574,0.00881445,0.00527562,0.00658274,0.00479919,0.00492095,0.00338502,0.00399022,0.00296408,0.00297039,0.00231268,0.00239533,0.00183337,0.00219051,0.00176009,0.00168372,0.00133981,0.00139337,0.00123131,0.00120258,0.000840092,0.00104269,0.000749412,0.00084685,0.00058931,0.000578411,0.000564273,0.000530454,0.000432153,0.000396185,0.00030236,0.000333823,0.000288472,0.000272031,0.00018616,0.000225661,0.000178724,0.000165732,0.000152119,0.000161462,0.000111538,0.000130652,0.000106623,0.000114809,7.40144e-05,8.61227e-05,6.44345e-05,6.12341e-05,5.77586e-05,5.63413e-05,4.82132e-05,
32800,0.514824,0.464427,0.576752,0.522035,0.545401,0.452955,0.49334,0.529119,0.502163,0.502429,0.521643,0.498193,0.496355,0.438532,0.509331,0.50031,0.498564,0.459253,0.50799,0.392442,0.445544,0.356849,0.377264,0.310555,0.336053,0.206078,0.255987,0.157905,0.196799,0.0940482,0.140436,0.0601152,0.0810933,0.033366,0.0669554,0.0348314,0.0405356,0.0248721,0.0307049,0.0193346,0.0264773,0.0187447,0.0193703,0.0124172,0.0139702,0.0097891,0.0110005,0.008405,0.0101894,0.00636574,0.00881445,0.00486274,0.00658274,0.00437507,0.00492095,0.00338502,0.00399022,0.00271548,0.00297039,0.0024531,0.00239533,0.00183337,0.00219051,0.00176009,0.00168372,0.0014202,0.00139337,0.00123131,0.00120258,0.000840092,0.00104269,0.000749412,0.000741204,0.000622645,0.000611129,0.000510639,0.000530454,0.000404943,0.000396185,0.00030236,0.000333823,0.000288472,0.000272031,0.000172658,0.000225661,0.000178724,0.000165732,0.000152119,0.000175488,0.000111538,0.000130652,0.000106623,0.000105671,7.40144e-05,8.16115e-05,6.44345e-05,6.12341e-05,5.41623e-05,5.63413e-05,4.08807e-05,
33000,0.514824,0.506065,0.576752,0.522035,0.581761,0.528306,0.49334,0.529119,0.502163,0.502429,0.521643,0.526216,0.496355,0.467767,0.509331,0.538569,0.498564,0.459253,0.538469,0.392442,0.445544,0.332416,0.377264,0.310555,0.336053,0.206078,0.282078,0.173367,0.196799,0.0987963,0.131358,0.0601152,0.0733935,0.0384535,0.0623522,0.0348314,0.0405356,0.027018,0.0281548,0.0193346,0.0264773,0.0173082,0.0193703,0.0124172,0.0139702,0.0104764,0.0110005,0.008405,0.0101894,0.00679013,0.00821432,0.00515634,0.00702159,0.00437507,0.00492095,0.00338502,0.00399022,0.00271548,0.00297039,0.00230399,0.0025638,0.00183337,0.00219051,0.00176009,0.00168372,0.0014202,0.00152849,0.00123131,0.00113486,0.000890324,0.00104269,0.000749412,0.000702379,0.000622645,0.000651871,0.000510639,0.000530454,0.000404943,0.000442531,0.000333239,0.000333823,0.000312764,0.000291861,0.000186026,0.000241414,0.000195076,0.000180692,0.000152119,0.000175488,0.000121538,0.000137584,0.000106623,0.000105671,7.40144e-05,8.16115e-05,6.93619e-05,6.12341e-05,5.41623e-05,5.63413e-05,4.08807e-05,
33200,0.514824,0.506065,0.576752,0.522035,0.581761,0.478144,0.49334,0.487006,0.543249,0.532933,0.521643,0.526216,0.522009,0.511594,0.509331,0.439832,0.498564,0.459253,0.538469,0.392442,0.445544,0.332416,0.377264,0.310555,0.336053,0.217854,0.325721,0.173367,0.21871,0.0987963,0.149693,0.0601152,0.0799736,0.0384535,0.0623522,0.0324599,0.0405356,0.027018,0.0281548,0.0169983,0.0264773,0.0159743,0.0193703,0.0124172,0.0139702,0.0112807,0.0110005,0.008405,0.0101894,0.00679013,0.00821432,0.00515634,0.00654911,0.00437507,0.00492095,0.00359843,0.00399022,0.00271548,0.00326124,0.00230399,0.0025638,0.00183337,0.00219051,0.00176009,0.00168372,0.0014202,0.00152849,0.00115002,0.00113486,0.000890324,0.000961902,0.000749412,0.000746815,0.000590902,0.000651871,0.000556597,0.000582929,0.000404943,0.000442531,0.000333239,0.000333823,0.000312764,0.000291861,0.000186026,0.000241414,0.000195076,0.000180692,0.000152119,0.000160598,0.000121538,0.000137584,0.000106623,0.000105671,7.40144e-05,8.16115e-05,6.93619e-05,6.4636e-05,5.71167e-05,6.04693e-05,4.08807e-05,
33400,0.514824,0.506065,0.519077,0.522035,0.54596,0.519981,0.49334,0.487006,0.512206,0.566592,0.521643,0.526216,0.55333,0.480899,0.540171,0.439832,0.498564,0.486613,0.538469,0.392442,0.445544,0.332416,0.377264,0.310555,0.336053,0.233774,0.305212,0.184296,0.21871,0.0987963,0.126407,0.0601152,0.0799736,0.0384535,0.0623522,0.0285377,0.0405356,0.0298301,0.0259384,0.0201093,0.0244259,0.0182358,0.0193703,0.0124172,0.0146991,0.0104844,0.0110005,0.008405,0.00862849,0.00630329,0.00776626,0.00515634,0.0058942,0.00437507,0.00492095,0.00359843,0.00399022,0.00271548,0.00326124,0.00243625,0.0025638,0.0020429,0.00219051,0.00176009,0.00168372,0.0014202,0.00152849,0.00115002,0.00113486,0.000890324,0.000961902,0.000749412,0.000746815,0.000590902,0.000727284,0.000556597,0.000582929,0.000437033,0.000414933,0.000333239,0.000357099,0.000293517,0.000291861,0.000196109,0.000241414,0.000176497,0.000180692,0.000165609,0.000160598,0.000121538,0.000145839,0.000106623,0.000105671,7.40144e-05,8.16115e-05,6.57112e-05,6.4636e-05,5.71167e-05,6.04693e-05,4.08807e-05,
33600,0.514824,0.440861,0.519077,0.560183,0.514387,0.519981,0.49334,0.487006,0.512206,0.566592,0.521643,0.526216,0.513367,0.453717,0.540171,0.439832,0.47137,0.486613,0.507536,0.412435,0.445544,0.332416,0.377264,0.328024,0.309598,0.254505,0.305212,0.184296,0.204129,0.0987963,0.111728,0.0601152,0.0744754,0.0384535,0.0623522,0.0285377,0.0405356,0.0271395,0.0259384,0.0201093,0.0231465,0.0182358,0.0193703,0.0124172,0.0146991,0.0118098,0.0110005,0.008405,0.00952656,0.0069089,0.00776626,0.00515634,0.00620172,0.00437507,0.00492095,0.00359843,0.00428424,0.00271548,0.00345692,0.00260679,0.0025638,0.00192616,0.00219051,0.00176009,0.00168372,0.0014202,0.00162534,0.00115002,0.00113486,0.000890324,0.000961902,0.000708535,0.000746815,0.000590902,0.000680798,0.000556597,0.000538785,0.000437033,0.000451995,0.000366907,0.000357099,0.000293517,0.000318802,0.000227568,0.000241414,0.000176497,0.000192083,0.000165609,0.000160598,0.000121538,0.000128451,0.000113731,0.000105671,7.40144e-05,8.16115e-05,7.21584e-05,6.4636e-05,5.71167e-05,5.53386e-05,4.67093e-05,
33800,0.514824,0.529906,0.519077,0.506833,0.514387,0.519981,0.49334,0.540576,0.560928,0.566592,0.521643,0.526216,0.513367,0.453717,0.50693,0.473735,0.47137,0.486613,0.507536,0.412435,0.469535,0.332416,0.377264,0.328024,0.309598,0.240861,0.305212,0.184296,0.204129,0.105383,0.111728,0.0601152,0.0744754,0.0423728,0.0623522,0.0285377,0.042582,0.025125,0.0294477,0.0213815,0.0216502,0.0182358,0.0193703,0.013245,0.0146991,0.0118098,0.0110005,0.008405,0.0100982,0.0069089,0.00776626,0.00515634,0.00620172,0.004694,0.0045483,0.00359843,0.00428424,0.00271548,0.00345692,0.00243645,0.00279836,0.00192616,0.00219051,0.00176009,0.00180817,0.0014202,0.00173881,0.00104725,0.00120338,0.000890324,0.000961902,0.000708535,0.000746815,0.000650602,0.000680798,0.000484172,0.000538785,0.000463255,0.00048049,0.000366907,0.000390334,0.000277507,0.000300585,0.000227568,0.000225639,0.000159739,0.000192083,0.000156441,0.000160598,0.000121538,0.000120895,0.000113731,0.000112032,7.40144e-05,8.16115e-05,6.66606e-05,6.4636e-05,5.38071e-05,5.53386e-05,4.67093e-05,
34000,0.514824,0.529906,0.551916,0.506833,0.484381,0.519981,0.49334,0.489143,0.560928,0.529186,0.521643,0.496276,0.513367,0.453717,0.50693,0.473735,0.47137,0.461002,0.507536,0.388218,0.444823,0.332416,0.377264,0.328024,0.331211,0.219337,0.305212,0.174094,0.228048,0.105383,0.121783,0.0601152,0.0810798,0.0423728,0.0623522,0.0285377,0.042582,0.025125,0.0294477,0.0213815,0.023026,0.0169025,0.0193703,0.0121965,0.0146991,0.0118098,0.0118387,0.00946668,0.0100982,0.0069089,0.00776626,0.00543399,0.00620172,0.004694,0.0045483,0.00359843,0.00428424,0.00271548,0.00345692,0.00243645,0.00279836,0.00192616,0.00233655,0.00176009,0.00194593,0.0014202,0.00173881,0.00104725,0.0011171,0.000890324,0.000961902,0.000746417,0.000793982,0.000650602,0.000680798,0.000484172,0.000507149,0.000463255,0.00048049,0.000338023,0.000390334,0.000277507,0.000300585,0.000227568,0.000225639,0.000159739,0.000192083,0.0001467,0.000160598,0.000129239,0.000120895,0.000105577,0.000112032,8.07859e-05,7.65218e-05,6.66606e-05,6.4636e-05,5.38071e-05,5.53386e-05,4.67093e-05,
34200,0.514824,0.529906,0.517952,0.506833,0.450189,0.519981,0.49334,0.489143,0.560928,0.529186,0.521643,0.496276,0.567406,0.453717,0.50693,0.473735,0.47137,0.461002,0.507536,0.388218,0.444823,0.356592,0.377264,0.345288,0.313713,0.219337,0.286178,0.188412,0.228048,0.105383,0.121783,0.0543899,0.0810798,0.0423728,0.0583439,0.0285377,0.042582,0.025125,0.0278726,0.0194309,0.023026,0.0169025,0.0193703,0.0121965,0.0146991,0.0109605,0.0118387,0.00842341,0.00929442,0.00736949,0.00702734,0.00543399,0.00653566,0.00500694,0.00428298,0.00359843,0.00400728,0.00271548,0.00345692,0.00243645,0.00251852,0.00192616,0.00233655,0.00176009,0.00182013,0.0014202,0.00162289,0.00104725,0.0011171,0.000890324,0.00102905,0.000790885,0.000729565,0.000585541,0.000680798,0.000484172,0.000507149,0.000435459,0.000427436,0.000338023,0.000390334,0.000277507,0.000300585,0.000227568,0.000225639,0.000159739,0.000206772,0.0001467,0.000160598,0.000129239,0.000120895,9.9512e-05,0.000103162,8.07859e-05,7.65218e-05,6.66606e-05,6.87544e-05,5.73942e-05,5.19331e-05,4.18241e-05,
34400,0.54192,0.529906,0.517952,0.506833,0.450189,0.519981,0.49334,0.460609,0.560928,0.529186,0.521643,0.496276,0.567406,0.453717,0.50693,0.473735,0.47137,0.461002,0.47558,0.388218,0.444823,0.356592,0.377264,0.31753,0.313713,0.219337,0.286178,0.188412,0.228048,0.0911925,0.121783,0.0543899,0.0810798,0.045716,0.0547975,0.0303431,0.042582,0.0228742,0.0278726,0.0204208,0.0244803,0.0169025,0.0193703,0.0121965,0.0138682,0.0109605,0.0105233,0.00842341,0.0102239,0.00736949,0.00702734,0.00543399,0.00653566,0.00459896,0.00428298,0.00359843,0.00400728,0.00271548,0.00345692,0.0025816,0.00237888,0.00192616,0.00233655,0.00176009,0.00182013,0.00151992,0.00162289,0.00104725,0.000989124,0.000833417,0.000954419,0.000790885,0.000768571,0.000585541,0.000738792,0.000484172,0.000534264,0.000435459,0.000475636,0.000355243,0.000390334,0.000277507,0.000281153,0.000214951,0.000225639,0.000159739,0.000195307,0.0001467,0.000160598,0.000129239,0.000120895,9.23772e-05,0.000109727,8.07859e-05,8.32613e-05,6.66606e-05,6.87544e-05,5.73942e-05,5.19331e-05,4.18241e-05,
34600,0.54192,0.492201,0.517952,0.506833,0.450189,0.519981,0.49334,0.460609,0.560928,0.529186,0.426799,0.54039,0.488414,0.453717,0.50693,0.473735,0.47137,0.433934,0.47558,0.388218,0.469844,0.356592,0.357039,0.31753,0.313713,0.206653,0.25756,0.188412,0.228048,0.0987919,0.131912,0.0543899,0.0810798,0.045716,0.0575891,0.0327964,0.0377586,0.0228742,0.0278726,0.0204208,0.0228669,0.0169025,0.0203482,0.0121965,0.014839,0.0109605,0.0105233,0.00842341,0.00914651,0.00673585,0.00702734,0.00503065,0.00611315,0.00459896,0.00458323,0.00359843,0.00437082,0.00271548,0.00364035,0.00280432,0.0022576,0.00192616,0.00233655,0.00176009,0.00182013,0.00151992,0.00140849,0.00104725,0.00104476,0.000833417,0.000954419,0.000790885,0.000814835,0.000536042,0.000738792,0.000455517,0.000534264,0.000403373,0.000437982,0.000329966,0.000390334,0.000277507,0.000281153,0.000214951,0.000225639,0.000159739,0.000206848,0.0001467,0.000160598,0.000129239,0.000120895,9.23772e-05,9.98743e-05,8.85477e-05,8.32613e-05,6.12523e-05,6.87544e-05,5.73942e-05,5.19331e-05,4.18241e-05,
34800,0.508123,0.492201,0.517952,0.540621,0.492452,0.519981,0.49334,0.460609,0.560928,0.529186,0.490819,0.54039,0.533828,0.453717,0.50693,0.473735,0.47137,0.433934,0.425571,0.351281,0.469844,0.356592,0.381997,0.31753,0.336901,0.206653,0.27133,0.188412,0.208844,0.0912649,0.131912,0.0506868,0.0750615,0.045716,0.0545581,0.0327964,0.0377586,0.0203435,0.0305831,0.0204208,0.0212154,0.0169025,0.0188379,0.0121965,0.014839,0.00980426,0.0105233,0.00842341,0.0102182,0.00709599,0.00702734,0.00503065,0.00611315,0.00459896,0.00458323,0.00359843,0.00437082,0.00271548,0.00364035,0.00280432,0.00237048,0.00192616,0.00233655,0.00176009,0.00182013,0.00140631,0.00126764,0.00104725,0.00110139,0.000906901,0.00102399,0.000750065,0.000916502,0.000591413,0.000701446,0.000428771,0.00057746,0.000403373,0.000437982,0.000329966,0.00034218,0.000277507,0.000281153,0.000214951,0.000243108,0.000159739,0.000189362,0.000165501,0.000150715,0.000113351,0.000120895,9.23772e-05,9.98743e-05,8.85477e-05,8.32613e-05,6.67942e-05,6.87544e-05,5.35322e-05,5.60611e-05,4.41553e-05,
35000,0.508123,0.492201,0.517952,0.478368,0.492452,0.480076,0.49334,0.460609,0.516283,0.529186,0.490819,0.54039,0.569417,0.453717,0.50693,0.502338,0.47137,0.433934,0.425571,0.381588,0.433442,0.356592,0.381997,0.292257,0.373241,0.206653,0.257326,0.172212,0.187082,0.0912649,0.143454,0.0543908,0.0750615,0.045716,0.0545581,0.0327964,0.0377586,0.0203435,0.0305831,0.0204208,0.0226946,0.0169025,0.0188379,0.0121965,0.014839,0.00980426,0.0105233,0.00842341,0.00953064,0.00642454,0.00702734,0.00503065,0.00611315,0.00486047,0.00422284,0.00359843,0.00399865,0.00289651,0.00364035,0.00263175,0.00237048,0.00182898,0.00233655,0.00176009,0.00182013,0.00140631,0.00126764,0.00104725,0.00110139,0.000848273,0.00108522,0.000750065,0.000916502,0.000626776,0.000651005,0.000461219,0.00057746,0.000403373,0.000472215,0.000329966,0.00034218,0.000277507,0.000262978,0.000200904,0.000243108,0.000159739,0.000200501,0.00015111,0.000150715,0.000113351,0.000120895,9.23772e-05,9.98743e-05,9.35828e-05,8.32613e-05,6.67942e-05,6.87544e-05,5.35322e-05,5.60611e-05,4.41553e-05,
35200,0.508123,0.533137,0.561866,0.478368,0.544594,0.480076,0.49334,0.51255,0.572765,0.529186,0.490819,0.54039,0.569417,0.453717,0.50693,0.502338,0.446561,0.433934,0.470154,0.413722,0.407143,0.380365,0.381997,0.292257,0.373241,0.206653,0.279468,0.188225,0.187082,0.0912649,0.133983,0.051475,0.0810974,0.0409224,0.0580152,0.0327964,0.040995,0.0229132,0.0305831,0.0191007,0.0226946,0.0169025,0.0174605,0.0121965,0.014839,0.00980426,0.0112943,0.00842341,0.00953064,0.00642454,0.00758679,0.00503065,0.00611315,0.00486047,0.00445022,0.00398826,0.00399865,0.00289651,0.00364035,0.00263175,0.0025779,0.00182898,0.00233655,0.00176009,0.00182013,0.00132427,0.00126764,0.000974587,0.00110139,0.000901848,0.00108522,0.000750065,0.000916502,0.000581705,0.00060892,0.000490444,0.00057746,0.000403373,0.000472215,0.000329966,0.00034218,0.000261319,0.000262978,0.000200904,0.000243108,0.000159739,0.000200501,0.000161756,0.000150715,0.000113351,0.000120895,9.23772e-05,9.98743e-05,8.61741e-05,8.32613e-05,6.67942e-05,7.35605e-05,5.67331e-05,5.60611e-05,4.41553e-05,
35400,0.471968,0.533137,0.561866,0.478368,0.517065,0.480076,0.49334,0.453973,0.524167,0.529186,0.520268,0.54039,0.569417,0.49731,0.50693,0.502338,0.446561,0.433934,0.470154,0.445752,0.407143,0.380365,0.381997,0.292257,0.395558,0.206653,0.279468,0.17556,0.187082,0.0851237,0.133983,0.051475,0.0749186,0.0409224,0.0580152,0.0327964,0.040995,0.0229132,0.0305831,0.0191007,0.0245821,0.0169025,0.0174605,0.0130096,0.0158283,0.0104199,0.0112943,0.00842341,0.00888175,0.00642454,0.00758679,0.00540248,0.00611315,0.00459141,0.00445022,0.00398826,0.00399865,0.00289651,0.00364035,0.0024234,0.0025779,0.00199156,0.00233655,0.00176009,0.00182013,0.00132427,0.00126764,0.000974587,0.0012666,0.000970322,0.00108522,0.000750065,0.000851808,0.000581705,0.00060892,0.000490444,0.000497504,0.000403373,0.000472215,0.000329966,0.000373486,0.000261319,0.000262978,0.000219728,0.000243108,0.000159739,0.000200501,0.000161756,0.000150715,0.000120908,0.000139341,9.23772e-05,9.98743e-05,8.61741e-05,8.32613e-05,6.67942e-05,7.35605e-05,5.67331e-05,5.60611e-05,4.41553e-05,
35600,0.471968,0.533137,0.561866,0.478368,0.517065,0.480076,0.49334,0.479509,0.524167,0.529186,0.468241,0.48021,0.569417,0.49731,0.50693,0.502338,0.502153,0.433934,0.470154,0.445752,0.407143,0.380365,0.325703,0.292257,0.395558,0.206653,0.279468,0.162105,0.187082,0.0851237,0.133983,0.0463275,0.0749186,0.0409224,0.0580152,0.0327964,0.040995,0.0251049,0.0305831,0.0191007,0.0245821,0.0189776,0.0184426,0.0130096,0.0168835,0.0104199,0.0112943,0.00842341,0.00841429,0.00642454,0.00758679,0.00540248,0.00611315,0.00459141,0.00470681,0.00398826,0.00399865,0.00289651,0.00364035,0.00260252,0.0025779,0.00189108,0.00233655,0.00176009,0.00182013,0.00132427,0.00135215,0.00105564,0.0012666,0.000970322,0.00108522,0.000671026,0.000851808,0.000581705,0.00060892,0.000490444,0.000529121,0.000403373,0.000472215,0.000329966,0.000373486,0.000261319,0.000295537,0.000219728,0.000243108,0.000174007,0.000200501,0.000143129,0.000158648,0.000120908,0.000139341,0.00010397,0.000105867,8.61741e-05,8.32613e-05,6.67942e-05,6.7542e-05,5.67331e-05,5.60611e-05,4.41553e-05,
35800,0.508677,0.533137,0.561866,0.478368,0.559112,0.480076,0.49334,0.479509,0.562677,0.529186,0.468241,0.48021,0.512475,0.49731,0.50693,0.502338,0.550185,0.433934,0.501498,0.445752,0.407143,0.418757,0.325703,0.309903,0.367637,0.223944,0.279468,0.162105,0.176547,0.0937239,0.116863,0.0497517,0.0749186,0.0409224,0.0491278,0.0327964,0.0368955,0.02704,0.0305831,0.0203741,0.0245821,0.0189776,0.0166915,0.0142203,0.015734,0.011049,0.0112943,0.00842341,0.00841429,0.00642454,0.00758679,0.00540248,0.00611315,0.00459141,0.00470681,0.00398826,0.00377651,0.00289651,0.00364035,0.00260252,0.0025779,0.00179118,0.00217657,0.00176009,0.00182013,0.00132427,0.00142864,0.00105564,0.0012666,0.000970322,0.00108522,0.000718067,0.000851808,0.000581705,0.000647308,0.000490444,0.000570086,0.00038,0.000448344,0.000329966,0.000373486,0.000244616,0.000295537,0.000219728,0.000243108,0.000174007,0.000200501,0.000155962,0.000158648,0.000120908,0.000139341,0.00010397,0.000105867,8.61741e-05,8.32613e-05,6.67942e-05,6.7542e-05,5.67331e-05,5.60611e-05,4.41553e-05,
36000,0.508677,0.533137,0.530108,0.550123,0.559112,0.515346,0.49334,0.513075,0.562677,0.566178,0.520375,0.527765,0.512475,0.464812,0.542467,0.527699,0.550185,0.40879,0.469824,0.445752,0.447497,0.418757,0.325703,0.309903,0.405182,0.21,0.279468,0.179088,0.176547,0.0937239,0.127301,0.0497517,0.0799131,0.0409224,0.0527371,0.0327964,0.0425145,0.02704,0.0322579,0.0203741,0.0245821,0.0203952,0.0179546,0.0142203,0.0140149,0.011049,0.0120472,0.00842341,0.00841429,0.007073,0.00758679,0.00540248,0.00611315,0.00459141,0.00470681,0.00398826,0.00377651,0.00289651,0.00387102,0.00260252,0.00244558,0.00179118,0.00232964,0.00176009,0.00182013,0.00132427,0.00132502,0.00113893,0.0012666,0.000970322,0.00108522,0.000718067,0.000918386,0.000551847,0.000647308,0.000490444,0.000504933,0.00038,0.000448344,0.000346624,0.000373486,0.000262492,0.000295537,0.000232088,0.000243108,0.000174007,0.000200501,0.000142729,0.000158648,0.000120908,0.000126125,0.000109219,0.000105867,8.61741e-05,8.85104e-05,6.19701e-05,6.21386e-05,5.67331e-05,5.60611e-05,4.41553e-05,
36200,0.554112,0.488067,0.530108,0.497834,0.559112,0.515346,0.518686,0.513075,0.562677,0.515583,0.520375,0.498046,0.512475,0.50519,0.496609,0.527699,0.550185,0.430305,0.469824,0.398615,0.384482,0.372776,0.325703,0.327611,0.326973,0.236895,0.263059,0.191683,0.185374,0.09841,0.127301,0.0552383,0.0877537,0.0409224,0.0564099,0.0302621,0.0425145,0.02704,0.0322579,0.0203741,0.0232164,0.0181703,0.0179546,0.0123539,0.0140149,0.0116119,0.0120472,0.00842341,0.00884658,0.00663774,0.00758679,0.00569338,0.00611315,0.00459141,0.00470681,0.00349796,0.00377651,0.00308107,0.00387102,0.00260252,0.00210512,0.00195933,0.00232964,0.00176009,0.00182013,0.00124278,0.00140332,0.00113893,0.00113298,0.000970322,0.00108522,0.000718067,0.000862563,0.000551847,0.000647308,0.000490444,0.000504933,0.00038,0.000448344,0.000346624,0.000373486,0.000262492,0.000280192,0.000232088,0.000224477,0.000174007,0.000200501,0.000142729,0.000168134,0.000120908,0.000132605,0.000109219,0.000105867,8.61741e-05,8.01352e-05,6.19701e-05,6.65088e-05,5.28815e-05,5.92935e-05,4.41553e-05,
36400,0.519554,0.528208,0.530108,0.497834,0.559112,0.515346,0.518686,0.513075,0.562677,0.515583,0.520375,0.498046,0.512475,0.558368,0.496609,0.527699,0.586864,0.430305,0.469824,0.465453,0.410114,0.372776,0.357957,0.327611,0.326973,0.236895,0.263059,0.20149,0.185374,0.104334,0.14041,0.0552383,0.0950102,0.038109,0.0564099,0.0302621,0.0460718,0.02704,0.0322579,0.0203741,0.0232164,0.0181703,0.0179546,0.0123539,0.0140149,0.0116119,0.0120472,0.00842341,0.00967092,0.00663774,0.00713778,0.00534731,0.00611315,0.00408444,0.00445008,0.00349796,0.00354098,0.00324808,0.00348392,0.00231516,0.00210512,0.00195933,0.00215551,0.0016625,0.00182013,0.00132563,0.00149224,0.00107681,0.00113298,0.000897308,0.00108522,0.000675148,0.000947022,0.000551847,0.000647308,0.000490444,0.000504933,0.000402353,0.000448344,0.000346624,0.000373486,0.000262492,0.000280192,0.000232088,0.000224477,0.000174007,0.000200501,0.000142729,0.000168134,0.000111696,0.000132605,0.000100481,9.85021e-05,8.61741e-05,8.4479e-05,6.19701e-05,7.49016e-05,5.28815e-05,6.57409e-05,4.41553e-05,
36600,0.519554,0.528208,0.469377,0.497834,0.559112,0.515346,0.480186,0.513075,0.562677,0.515583,0.520375,0.498046,0.512475,0.558368,0.496609,0.527699,0.537253,0.452029,0.469824,0.465453,0.410114,0.372776,0.378092,0.354702,0.326973,0.236895,0.277573,0.18045,0.197733,0.104334,0.147623,0.0552383,0.0950102,0.0403877,0.0564099,0.0323747,0.0460718,0.0246365,0.0322579,0.0203741,0.0219291,0.0181703,0.0179546,0.0115737,0.0140149,0.0116119,0.0120472,0.00932069,0.0106001,0.00663774,0.00713778,0.00534731,0.00543539,0.00439456,0.00467776,0.00376184,0.00374128,0.00324808,0.00348392,0.00218479,0.00242089,0.00212545,0.00215551,0.00156145,0.00172256,0.00132563,0.00149224,0.0011967,0.00103174,0.000897308,0.00101061,0.000730977,0.000824466,0.000598022,0.000647308,0.000458508,0.000448568,0.000402353,0.000448344,0.000346624,0.000350784,0.000262492,0.000280192,0.000232088,0.000237175,0.000188479,0.000200501,0.000142729,0.000144166,0.000111696,0.000132605,0.000100481,9.85021e-05,8.61741e-05,8.4479e-05,6.19701e-05,6.77822e-05,5.28815e-05,6.57409e-05,4.1784e-05,
36800,0.519554,0.528208,0.469377,0.497834,0.529484,0.541424,0.480186,0.550389,0.562677,0.515583,0.520375,0.498046,0.512475,0.558368,0.496609,0.495225,0.488693,0.452029,0.469824,0.418908,0.434637,0.372776,0.378092,0.354702,0.326973,0.236895,0.277573,0.161474,0.186374,0.0879947,0.132861,0.0552383,0.0879579,0.0403877,0.0564099,0.034118,0.042652,0.0246365,0.0322579,0.0203741,0.0219291,0.0170658,0.0179546,0.0115737,0.0140149,0.0116119,0.0130434,0.00848571,0.00987838,0.00616182,0.00713778,0.00534731,0.00543539,0.00439456,0.00467776,0.00376184,0.00411139,0.00324808,0.00348392,0.00238067,0.00242089,0.00192433,0.00215551,0.00172223,0.00188806,0.00132563,0.00149224,0.0011967,0.00103174,0.000897308,0.00101061,0.000730977,0.000824466,0.000566971,0.000647308,0.000417336,0.000448568,0.000402353,0.000417014,0.000316406,0.000350784,0.000242805,0.000296203,0.000232088,0.000237175,0.000188479,0.000186125,0.00015275,0.000144166,0.000111696,0.000122563,0.000100481,9.85021e-05,8.61741e-05,8.4479e-05,6.61015e-05,6.77822e-05,5.28815e-05,6.12212e-05,4.1784e-05,
37000,0.519554,0.528208,0.469377,0.497834,0.580356,0.541424,0.480186,0.550389,0.512151,0.484244,0.520375,0.498046,0.512475,0.505092,0.496609,0.495225,0.488693,0.47485,0.469824,0.418908,0.434637,0.349836,0.378092,0.354702,0.353409,0.236895,0.296078,0.161474,0.200626,0.0827868,0.139911,0.0524223,0.0879579,0.0403877,0.0564099,0.0311757,0.0381875,0.0246365,0.0322579,0.0203741,0.0219291,0.0170658,0.0167693,0.012743,0.0155781,0.0105716,0.0130434,0.00848571,0.00901506,0.00616182,0.00713778,0.00534731,0.00598938,0.00464175,0.00494088,0.00338565,0.00411139,0.00299388,0.00348392,0.00224063,0.00242089,0.00203193,0.00215551,0.00172223,0.0016306,0.00132563,0.00149224,0.00113569,0.00114808,0.000841438,0.00101061,0.000774354,0.000885039,0.000566971,0.000647308,0.000417336,0.000479883,0.000434884,0.000417014,0.000316406,0.000321021,0.000242805,0.000296203,0.000232088,0.000237175,0.00017887,0.000186125,0.000142682,0.000155493,0.000111696,0.000129416,0.000100481,9.85021e-05,7.40394e-05,8.4479e-05,6.61015e-05,6.77822e-05,5.28815e-05,6.12212e-05,4.1784e-05,
37200,0.519554,0.470404,0.508415,0.531023,0.580356,0.541424,0.480186,0.471421,0.477636,0.484244,0.520375,0.498046,0.512475,0.505092,0.496609,0.462585,0.45643,0.47485,0.469824,0.456325,0.466398,0.349836,0.417444,0.32271,0.384749,0.215726,0.277857,0.161474,0.221644,0.0827868,0.147335,0.0524223,0.0879579,0.0403877,0.0564099,0.0311757,0.0407334,0.0269294,0.0322579,0.0203741,0.0219291,0.0170658,0.0167693,0.0115318,0.0155781,0.0105716,0.0119367,0.00801522,0.00948541,0.00616182,0.00713778,0.00534731,0.00598938,0.00464175,0.00530388,0.00338565,0.00378963,0.00299388,0.00348392,0.00224063,0.00242089,0.00203193,0.00201882,0.00172223,0.0016306,0.00132563,0.00149224,0.00113569,0.00114808,0.000841438,0.000952863,0.000774354,0.000824193,0.000537532,0.000647308,0.000447998,0.000479883,0.000434884,0.000417014,0.000316406,0.000337228,0.000242805,0.000323302,0.000232088,0.000237175,0.00017887,0.000203448,0.000142682,0.000155493,0.000117979,0.000129416,9.40586e-05,9.85021e-05,7.40394e-05,8.4479e-05,6.61015e-05,6.77822e-05,5.28815e-05,6.12212e-05,4.57807e-05,
37400,0.519554,0.470404,0.508415,0.477921,0.580356,0.541424,0.480186,0.471421,0.477636,0.484244,0.482792,0.498046,0.47831,0.505092,0.496609,0.462585,0.45643,0.47485,0.469824,0.456325,0.503044,0.349836,0.417444,0.296893,0.384749,0.22786,0.277857,0.161474,0.221644,0.0827868,0.147335,0.0602856,0.0879579,0.0403877,0.0564099,0.0263262,0.0434489,0.0269294,0.0271244,0.0203741,0.0219291,0.016135,0.0178872,0.0115318,0.0147144,0.00988822,0.0119367,0.00801522,0.00948541,0.00616182,0.00669853,0.00534731,0.00598938,0.00464175,0.00530388,0.00338565,0.00378963,0.00299388,0.00348392,0.00224063,0.00242089,0.00203193,0.00201882,0.00172223,0.0016306,0.00132563,0.00149224,0.00113569,0.00123906,0.000841438,0.000952863,0.000774354,0.000824193,0.000569784,0.000647308,0.000473198,0.000479883,0.000434884,0.000417014,0.000316406,0.000337228,0.000242805,0.000296644,0.000232088,0.000237175,0.00017887,0.000203448,0.000142682,0.000155493,0.000125007,0.000129416,8.51278e-05,9.85021e-05,7.87235e-05,8.4479e-05,6.13073e-05,6.77822e-05,5.28815e-05,6.12212e-05,4.57807e-05,
37600,0.519554,0.431474,0.508415,0.477921,0.580356,0.510486,0.480186,0.471421,0.477636,0.516527,0.482792,0.498046,0.47831,0.439121,0.496609,0.462585,0.45643,0.47485,0.469824,0.489949,0.503044,0.349836,0.417444,0.296893,0.384749,0.251131,0.277857,0.175794,0.221644,0.0827868,0.147335,0.0602856,0.0879579,0.0403877,0.0564099,0.0293694,0.0434489,0.0269294,0.024412,0.0203741,0.0219291,0.016135,0.0168762,0.0115318,0.0147144,0.00988822,0.0119367,0.00801522,0.0102136,0.00616182,0.00669853,0.00534731,0.00640926,0.00464175,0.00563887,0.00338565,0.00408055,0.00330217,0.00317424,0.00236285,0.00242089,0.00203193,0.00201882,0.00172223,0.0016306,0.00132563,0.00149224,0.00105488,0.00123906,0.000841438,0.00103423,0.000819001,0.000824193,0.000601643,0.000701818,0.000473198,0.000479883,0.0004129,0.000417014,0.000316406,0.000337228,0.000242805,0.000296644,0.000212395,0.000237175,0.00017887,0.000217011,0.000142682,0.000144429,0.000125007,0.000129416,8.51278e-05,9.85021e-05,8.50214e-05,8.4479e-05,6.13073e-05,6.03522e-05,5.28815e-05,6.12212e-05,4.57807e-05,
37800,0.559964,0.431474,0.508415,0.477921,0.54503,0.510486,0.480186,0.471421,0.50493,0.516527,0.482792,0.498046,0.525238,0.507325,0.546782,0.485939,0.45643,0.42271,0.469824,0.489949,0.503044,0.349836,0.417444,0.296893,0.360793,0.251131,0.277857,0.153044,0.221644,0.0880327,0.147335,0.0551705,0.0879579,0.0403877,0.0564099,0.0293694,0.0434489,0.0249603,0.0273414,0.0222077,0.0219291,0.016135,0.0168762,0.0105013,0.0138691,0.00988822,0.0119367,0.00801522,0.0102136,0.0065171,0.00669853,0.00594146,0.005894,0.00464175,0.00526294,0.0036011,0.00408055,0.00330217,0.00317424,0.00236285,0.00257321,0.00222231,0.00212415,0.00172223,0.0017985,0.00132563,0.00149224,0.00118321,0.00116281,0.000841438,0.00103423,0.000819001,0.000824193,0.000601643,0.000701818,0.000473198,0.000479883,0.0004129,0.000417014,0.00029969,0.000308416,0.000219776,0.000296644,0.000212395,0.000237175,0.00017887,0.000217011,0.000159176,0.000144429,0.000131738,0.000129416,8.51278e-05,9.30406e-05,8.50214e-05,8.4479e-05,6.13073e-05,6.03522e-05,5.28815e-05,5.79991e-05,4.57807e-05,
38000,0.525879,0.461931,0.508415,0.477921,0.54503,0.549674,0.480186,0.525297,0.556923,0.516527,0.482792,0.498046,0.494599,0.507325,0.546782,0.535468,0.483988,0.42271,0.469824,0.458145,0.466262,0.349836,0.450678,0.320767,0.383752,0.237179,0.277857,0.153044,0.195297,0.0942138,0.122288,0.0606875,0.0791621,0.0381847,0.0486907,0.0293694,0.0434489,0.0249603,0.028888,0.0222077,0.0219291,0.016135,0.0185174,0.0111244,0.0147012,0.00988822,0.01037,0.00844681,0.0102136,0.00611605,0.00669853,0.00594146,0.005894,0.00464175,0.00455781,0.0036011,0.00408055,0.00311622,0.00285681,0.0025274,0.00244339,0.00222231,0.00212415,0.00160168,0.0017985,0.00132563,0.00138525,0.00126628,0.00116281,0.000841438,0.00108594,0.000819001,0.000824193,0.000601643,0.000701818,0.000473198,0.000451655,0.0004129,0.000417014,0.00029969,0.000344865,0.000219776,0.000318502,0.000212395,0.000237175,0.00017887,0.000200903,0.000150213,0.0001545,0.000122184,0.000129416,8.51278e-05,9.30406e-05,8.50214e-05,8.4479e-05,6.13073e-05,6.03522e-05,5.28815e-05,6.3199e-05,4.57807e-05,
38200,0.48448,0.485463,0.508415,0.477921,0.54503,0.549674,0.480186,0.525297,0.556923,0.467334,0.482792,0.498046,0.494599,0.507325,0.489285,0.535468,0.483988,0.468348,0.469824,0.49293,0.466262,0.370958,0.450678,0.348158,0.383752,0.237179,0.277857,0.153044,0.195297,0.0942138,0.131639,0.0606875,0.0791621,0.0381847,0.0486907,0.0293694,0.0434489,0.0266244,0.028888,0.0222077,0.0233208,0.016135,0.0185174,0.0120721,0.0147012,0.00988822,0.0111956,0.00773275,0.0102136,0.00611605,0.00669853,0.00594146,0.005894,0.00424517,0.00455781,0.0036011,0.00408055,0.00284748,0.00285681,0.0025274,0.00244339,0.00222231,0.00232407,0.00160168,0.0017985,0.00132563,0.00138525,0.00126628,0.00116281,0.000841438,0.000987221,0.000819001,0.000824193,0.000601643,0.000701818,0.00050327,0.000481765,0.0004129,0.000417014,0.00029969,0.000344865,0.000219776,0.000260652,0.000212395,0.000237175,0.00017887,0.000200903,0.000159333,0.000166923,0.000111745,0.000129416,8.51278e-05,0.000100876,8.50214e-05,8.4479e-05,6.13073e-05,6.03522e-05,4.91487e-05,6.3199e-05,4.2576e-05,
38400,0.48448,0.485463,0.508415,0.437837,0.54503,0.599645,0.480186,0.489532,0.556923,0.467334,0.443622,0.527717,0.494599,0.478757,0.414728,0.535468,0.514237,0.468348,0.493543,0.49293,0.466262,0.370958,0.419326,0.348158,0.361824,0.237179,0.260968,0.153044,0.195297,0.0942138,0.131639,0.0564037,0.0791621,0.0352341,0.0486907,0.0293694,0.0434489,0.0266244,0.028888,0.0222077,0.0247784,0.016135,0.0185174,0.0132031,0.0147012,0.00919604,0.0111956,0.00840448,0.0102136,0.00578818,0.00719211,0.00594146,0.005894,0.00424517,0.00455781,0.0036011,0.00386141,0.00284748,0.00324491,0.0025274,0.00244339,0.00222231,0.00232407,0.00160168,0.0017985,0.00132563,0.00147241,0.00126628,0.00122543,0.000941358,0.000987221,0.000819001,0.000824193,0.000541479,0.000701818,0.00050327,0.000510466,0.0004129,0.000417014,0.00029969,0.000344865,0.000219776,0.000260652,0.000212395,0.000249657,0.00017887,0.000200903,0.000159333,0.000166923,0.000111745,0.000142478,9.0803e-05,0.000100876,8.50214e-05,8.4479e-05,6.45059e-05,6.03522e-05,4.91487e-05,5.90266e-05,4.2576e-05,
38600,0.510798,0.485463,0.537324,0.437837,0.54503,0.533562,0.524876,0.489532,0.556923,0.467334,0.443622,0.527717,0.463125,0.478757,0.414728,0.535468,0.54299,0.468348,0.493543,0.422906,0.426561,0.346977,0.419326,0.348158,0.314565,0.237179,0.260968,0.144426,0.195297,0.0942138,0.111162,0.0521595,0.0791621,0.0379619,0.0486907,0.0293694,0.0434489,0.0266244,0.028888,0.0234415,0.0247784,0.016135,0.0185174,0.0121829,0.0147012,0.00919604,0.0111956,0.00784418,0.0102136,0.00578818,0.00719211,0.00631452,0.005894,0.00424517,0.00455781,0.0036011,0.00365403,0.00284748,0.00351324,0.00232732,0.00244339,0.00194716,0.00232407,0.00160168,0.00189906,0.00132563,0.00147241,0.00120054,0.00122543,0.000875463,0.000987221,0.000819001,0.000824193,0.000541479,0.000701818,0.000464647,0.000510466,0.0004129,0.000417014,0.00031482,0.000344865,0.000219776,0.000278848,0.000212395,0.000249657,0.00017887,0.000188691,0.000159333,0.000166923,0.000117437,0.000142478,9.88743e-05,0.000100876,8.50214e-05,7.77552e-05,6.81739e-05,6.03522e-05,4.91487e-05,5.58623e-05,4.2576e-05,
38800,0.510798,0.485463,0.56986,0.463819,0.54503,0.506643,0.480184,0.489532,0.524929,0.467334,0.490097,0.477723,0.463125,0.507279,0.452671,0.476869,0.480627,0.468348,0.439254,0.422906,0.426561,0.346977,0.419326,0.348158,0.356507,0.237179,0.260968,0.144426,0.195297,0.0875634,0.111162,0.0521595,0.0791621,0.0379619,0.051231,0.0293694,0.0434489,0.0245053,0.028888,0.0234415,0.0230153,0.016135,0.0185174,0.0132793,0.0147012,0.00994845,0.011942,0.00826357,0.00903428,0.00624898,0.00719211,0.00631452,0.005894,0.00424517,0.00455781,0.0036011,0.00422683,0.00284748,0.00351324,0.00232732,0.00260629,0.00194716,0.00232407,0.00160168,0.00189906,0.0012507,0.0013921,0.00130558,0.00122543,0.00082365,0.000987221,0.000772883,0.000765548,0.000541479,0.000701818,0.000464647,0.000510466,0.0004129,0.000417014,0.00031482,0.000315604,0.000219776,0.000278848,0.000212395,0.000223456,0.000161886,0.000188691,0.000159333,0.000166923,0.000117437,0.000142478,9.01105e-05,0.000100876,7.42005e-05,7.77552e-05,6.4394e-05,6.03522e-05,4.91487e-05,5.58623e-05,4.2576e-05,
39000,0.444081,0.517827,0.56986,0.463819,0.51475,0.506643,0.480184,0.489532,0.459443,0.467334,0.490097,0.477723,0.463125,0.507279,0.452671,0.515425,0.439997,0.432881,0.439254,0.4012,0.426561,0.346977,0.419326,0.309715,0.356507,0.237179,0.274263,0.15303,0.18358,0.0875634,0.104583,0.0561481,0.0791621,0.0399915,0.051231,0.0293694,0.0434489,0.0263057,0.028888,0.025159,0.0230153,0.016135,0.0185174,0.0132793,0.0156813,0.00942485,0.011942,0.00826357,0.00903428,0.00666558,0.00719211,0.00631452,0.00650091,0.00424517,0.00455781,0.0036011,0.00422683,0.00269761,0.00351324,0.00232732,0.00260629,0.00182734,0.00216138,0.00168176,0.00189906,0.0012507,0.0013921,0.00130558,0.00110933,0.000917781,0.000987221,0.000772883,0.000765548,0.000541479,0.000664195,0.000492616,0.000510466,0.0004129,0.000438772,0.00034445,0.000337763,0.000219776,0.000278848,0.000212395,0.000239873,0.000172679,0.000173451,0.000173274,0.000166923,0.000125266,0.000142478,9.01105e-05,0.000100876,7.42005e-05,7.77552e-05,6.4394e-05,6.43757e-05,4.91487e-05,5.08704e-05,4.2576e-05,
39200,0.475083,0.517827,0.539256,0.42752,0.51475,0.506643,0.507194,0.489532,0.459443,0.496739,0.490097,0.477723,0.463125,0.507279,0.452671,0.442659,0.464599,0.476573,0.476008,0.4012,0.426561,0.346977,0.419326,0.338305,0.356507,0.237179,0.274263,0.15303,0.18358,0.0875634,0.109812,0.0561481,0.0791621,0.0399915,0.051231,0.0293694,0.0372937,0.0263057,0.0272863,0.0227702,0.0230153,0.0148508,0.0163906,0.0132793,0.0156813,0.00942485,0.011942,0.00875939,0.00903428,0.00666558,0.00719211,0.00571631,0.00610085,0.00470507,0.00432545,0.0036011,0.00422683,0.00269761,0.00351324,0.00232732,0.00260629,0.002097,0.00216138,0.00168176,0.00189906,0.00139552,0.0013921,0.00108715,0.00110933,0.000917781,0.000987221,0.000706231,0.000765548,0.000584587,0.000664195,0.000492616,0.000546251,0.0004129,0.000438772,0.00034445,0.000337763,0.000219776,0.000278848,0.000212395,0.000215886,0.000162759,0.000173451,0.000163667,0.000156381,0.000125266,0.000131757,9.01105e-05,0.000100876,8.05367e-05,7.77552e-05,6.77287e-05,6.43757e-05,5.27403e-05,5.08704e-05,4.2576e-05,
39400,0.525092,0.488237,0.539256,0.42752,0.483774,0.506643,0.507194,0.463767,0.459443,0.496739,0.460691,0.515941,0.463125,0.507279,0.481309,0.442659,0.429871,0.502053,0.476008,0.4012,0.426561,0.36491,0.396454,0.338305,0.356507,0.237179,0.293519,0.143502,0.18358,0.0875634,0.12112,0.0604585,0.0791621,0.0399915,0.0541128,0.0293694,0.039649,0.024552,0.0272863,0.0199063,0.0211835,0.0148508,0.0175349,0.0132793,0.0156813,0.00942485,0.011942,0.00797283,0.00903428,0.00666558,0.00719211,0.00571631,0.00610085,0.00470507,0.00432545,0.00340144,0.00388543,0.00269761,0.00351324,0.00232732,0.00239996,0.002097,0.00216138,0.00158515,0.00201855,0.00139552,0.0013921,0.00108715,0.00110933,0.000917781,0.000987221,0.000629302,0.000765548,0.000615842,0.000664195,0.000461503,0.000546251,0.0004129,0.000479608,0.000363934,0.000337763,0.000219776,0.000278848,0.000212395,0.000215886,0.000162759,0.000173451,0.000163667,0.000156381,0.000125266,0.000131757,8.26531e-05,0.000106344,8.05367e-05,7.77552e-05,6.77287e-05,6.84485e-05,5.78075e-05,5.68958e-05,4.55608e-05,
39600,0.525092,0.519126,0.539256,0.456021,0.437657,0.480494,0.471392,0.493108,0.505387,0.496739,0.460691,0.515941,0.437046,0.507279,0.481309,0.442659,0.475387,0.502053,0.476008,0.442957,0.426561,0.36491,0.396454,0.315506,0.356507,0.237179,0.293519,0.129835,0.18358,0.0875634,0.12112,0.056302,0.0791621,0.0399915,0.0541128,0.0293694,0.0366465,0.024552,0.0272863,0.0199063,0.0211835,0.0148508,0.0186442,0.012342,0.0134965,0.00942485,0.011942,0.00797283,0.00903428,0.00606993,0.00719211,0.00520549,0.00666866,0.00430585,0.00432545,0.00340144,0.00388543,0.00269761,0.00328447,0.00232732,0.00239996,0.00194665,0.00216138,0.00171196,0.00201855,0.00139552,0.0013921,0.00116314,0.00120107,0.000854684,0.000987221,0.000677612,0.000765548,0.000615842,0.000664195,0.000424771,0.000546251,0.000383754,0.000479608,0.000363934,0.000337763,0.000248164,0.000278848,0.000212395,0.000215886,0.000154531,0.000173451,0.000163667,0.000156381,0.000125266,0.000147195,9.11639e-05,0.000106344,8.05367e-05,7.77552e-05,6.77287e-05,6.84485e-05,5.78075e-05,5.68958e-05,4.55608e-05,
39800,0.579332,0.569609,0.539256,0.456021,0.437657,0.523412,0.509104,0.493108,0.543759,0.544253,0.460691,0.515941,0.437046,0.507279,0.443001,0.442659,0.475387,0.502053,0.443691,0.442957,0.426561,0.36491,0.396454,0.315506,0.356507,0.237179,0.293519,0.145048,0.18358,0.0875634,0.12112,0.056302,0.0741624,0.044562,0.0541128,0.0309277,0.0399198,0.024552,0.0288527,0.0199063,0.0211835,0.0148508,0.0186442,0.012342,0.0141779,0.00998839,0.0112255,0.007335,0.00903428,0.00566527,0.00773467,0.0056534,0.00666866,0.00430585,0.00432545,0.00340144,0.00364311,0.00269761,0.00328447,0.00232732,0.00239996,0.00194665,0.00216138,0.00171196,0.00189434,0.00139552,0.00127442,0.00109765,0.00120107,0.000921159,0.000987221,0.000626298,0.000765548,0.000615842,0.000703764,0.000424771,0.000509835,0.000359517,0.000479608,0.000363934,0.000337763,0.000248164,0.000278848,0.000198516,0.000215886,0.000154531,0.000190469,0.000154265,0.000156381,0.000115666,0.000147195,9.11639e-05,0.000106344,8.05367e-05,7.77552e-05,6.77287e-05,6.39295e-05,6.186e-05,5.68958e-05,4.25234e-05,
40000,0.545763,0.613708,0.539256,0.42722,0.471003,0.523412,0.436529,0.532184,0.497459,0.544253,0.488507,0.515941,0.488352,0.507279,0.443001,0.442659,0.475387,0.502053,0.417982,0.442957,0.426561,0.36491,0.396454,0.332495,0.329345,0.237179,0.293519,0.160648,0.18358,0.0875634,0.12112,0.0525077,0.0785447,0.044562,0.0577203,0.0309277,0.0399198,0.0223423,0.0288527,0.0199063,0.0223075,0.0148508,0.0186442,0.012342,0.0133176,0.00998839,0.0112255,0.007335,0.00903428,0.00566527,0.00773467,0.0056534,0.00666866,0.00468551,0.00432545,0.00340144,0.00364311,0.00269761,0.00328447,0.002565,0.00254442,0.00206305,0.00202487,0.00171196,0.0017891,0.00139552,0.00127442,0.00109765,0.00131107,0.000992475,0.000987221,0.00069519,0.000765548,0.000615842,0.000653306,0.000424771,0.000509835,0.000359517,0.000436443,0.000363934,0.000337763,0.000248164,0.000261688,0.000208715,0.000215886,0.000154531,0.000190469,0.000154265,0.000156381,0.000115666,0.000147195,9.11639e-05,0.000106344,8.05367e-05,8.1942e-05,6.77287e-05,6.88183e-05,6.186e-05,6.10759e-05,4.25234e-05,
40200,0.545763,0.518918,0.505198,0.42722,0.471003,0.523412,0.436529,0.504069,0.497459,0.544253,0.524397,0.464347,0.514989,0.507279,0.443001,0.442659,0.475387,0.502053,0.444508,0.442957,0.401678,0.324911,0.424206,0.312545,0.364427,0.237179,0.293519,0.142149,0.18358,0.0875634,0.12112,0.0525077,0.0785447,0.037515,0.0577203,0.0330959,0.0438286,0.0211822,0.0314757,0.0199063,0.0236413,0.0148508,0.0186442,0.012342,0.0133176,0.00998839,0.0112255,0.0077476,0.00903428,0.00641285,0.00732758,0.0056534,0.00600179,0.00468551,0.00432545,0.0036282,0.00383486,0.00269761,0.00328447,0.002565,0.00270539,0.00173539,0.00222054,0.00171196,0.0016899,0.00127711,0.00142198,0.00109765,0.00131107,0.000992475,0.000987221,0.00069519,0.000765548,0.000615842,0.000653306,0.000424771,0.000509835,0.000386909,0.000436443,0.000363934,0.000357394,0.000248164,0.000261688,0.000208715,0.000215886,0.000154531,0.000190469,0.000154265,0.000156381,0.000115666,0.000127272,9.11639e-05,0.000106344,8.05367e-05,8.1942e-05,7.22439e-05,6.88183e-05,5.83063e-05,6.10759e-05,3.9995e-05,
40400,0.592543,0.518918,0.466707,0.42722,0.504022,0.483775,0.436529,0.504069,0.497459,0.544253,0.524397,0.503449,0.514989,0.551666,0.443001,0.442659,0.475387,0.502053,0.444508,0.442957,0.380106,0.345394,0.392718,0.312545,0.364427,0.237179,0.293519,0.142149,0.199527,0.0875634,0.12112,0.0525077,0.0740565,0.0418588,0.0519483,0.0330959,0.0403223,0.0211822,0.0314757,0.0199063,0.0236413,0.0148508,0.0172035,0.012342,0.0133176,0.00893698,0.0112255,0.0082641,0.00903428,0.00598948,0.00732758,0.0056534,0.00600179,0.00435752,0.00432545,0.0036282,0.00383486,0.00269761,0.00298822,0.0027011,0.00296002,0.00173539,0.00200947,0.00161858,0.0016899,0.00127711,0.00142198,0.00109765,0.00121572,0.000992475,0.000987221,0.000648341,0.000765548,0.000615842,0.000615775,0.000454425,0.000555046,0.000386909,0.000436443,0.000363934,0.000357394,0.000231947,0.000261688,0.000208715,0.000215886,0.000154531,0.000179358,0.000154265,0.000156381,0.000125665,0.000127272,9.11639e-05,0.000106344,7.06933e-05,8.1942e-05,7.22439e-05,6.88183e-05,5.83063e-05,6.10759e-05,4.36234e-05,
40600,0.592543,0.487433,0.466707,0.469942,0.570532,0.483775,0.462886,0.504069,0.459123,0.50478,0.524397,0.472848,0.514989,0.52378,0.443001,0.442659,0.475387,0.549185,0.444508,0.418397,0.40172,0.345394,0.392718,0.331092,0.384926,0.237179,0.293519,0.149803,0.199527,0.0875634,0.12112,0.0525077,0.0740565,0.0418588,0.0519483,0.037242,0.0403223,0.0223228,0.0314757,0.0210193,0.0249053,0.0132907,0.0188564,0.012342,0.0121191,0.00956257,0.0100532,0.00881504,0.00903428,0.00598948,0.00684875,0.0056534,0.00600179,0.00435752,0.00432545,0.0036282,0.00383486,0.00269761,0.00298822,0.00241735,0.00296002,0.00185108,0.00189404,0.00161858,0.0016899,0.00127711,0.00154551,0.00109765,0.00121572,0.000926952,0.000936892,0.000648341,0.000765548,0.000615842,0.000615775,0.000454425,0.000496847,0.000386909,0.000436443,0.00038928,0.000336685,0.000231947,0.000293091,0.000208715,0.000227149,0.000171988,0.000179358,0.000154265,0.000156381,0.000110771,0.000127272,9.72415e-05,0.00011816,7.45493e-05,8.1942e-05,6.6773e-05,6.88183e-05,5.83063e-05,6.10759e-05,4.36234e-05,
40800,0.560223,0.487433,0.499288,0.469942,0.513478,0.483775,0.53714,0.504069,0.489731,0.474905,0.462423,0.472848,0.514989,0.52378,0.443001,0.442659,0.475387,0.549185,0.478772,0.418397,0.40172,0.345394,0.414933,0.352072,0.384926,0.237179,0.26277,0.149803,0.181456,0.0993006,0.129949,0.0525077,0.0792404,0.0439518,0.0487906,0.037242,0.0403223,0.0223228,0.0314757,0.0210193,0.0249053,0.0132907,0.0175254,0.0133747,0.0121191,0.0102672,0.0100532,0.00741222,0.00903428,0.00651759,0.00752698,0.0056534,0.00600179,0.00435752,0.00432545,0.0036282,0.00383486,0.00269761,0.00315814,0.00241735,0.00296002,0.00185108,0.00211357,0.00176021,0.0016899,0.00148319,0.00154551,0.00109765,0.00121572,0.000860492,0.000996165,0.000648341,0.000765548,0.000650483,0.00056283,0.000454425,0.000526556,0.000386909,0.000436443,0.000332657,0.000367488,0.000231947,0.000293091,0.000231953,0.000227149,0.000171988,0.000167401,0.000154265,0.000156381,0.000110771,0.000127272,9.72415e-05,0.00011816,7.45493e-05,8.1942e-05,6.6773e-05,6.88183e-05,5.83063e-05,5.56322e-05,4.36234e-05,
41000,0.560223,0.487433,0.499288,0.469942,0.553059,0.483775,0.53714,0.504069,0.489731,0.446038,0.490423,0.472848,0.514989,0.52378,0.443001,0.415418,0.475387,0.549185,0.522967,0.378477,0.439661,0.345394,0.414933,0.352072,0.384926,0.237179,0.295197,0.160261,0.181456,0.0993006,0.129949,0.0573546,0.0896969,0.0410501,0.0487906,0.0338759,0.045342,0.0223228,0.0314757,0.0210193,0.021723,0.0132907,0.0175254,0.0133747,0.0121191,0.00973408,0.0100532,0.00793036,0.0100948,0.00719348,0.00752698,0.0056534,0.00600179,0.00463406,0.00432545,0.0036282,0.00409051,0.00269761,0.00350977,0.00241735,0.00296002,0.00185108,0.00211357,0.00176021,0.00188758,0.00138221,0.00162928,0.00109765,0.00121572,0.000810296,0.000996165,0.000648341,0.000723791,0.000650483,0.000600352,0.000454425,0.000491793,0.000386909,0.000436443,0.000332657,0.000367488,0.000231947,0.000293091,0.000219519,0.000227149,0.000171988,0.000167401,0.000154265,0.000165273,0.000110771,0.000127272,9.72415e-05,0.00011816,6.78253e-05,8.1942e-05,6.6773e-05,6.88183e-05,5.49051e-05,5.56322e-05,4.36234e-05,
41200,0.490053,0.445929,0.532574,0.504284,0.553059,0.483775,0.53714,0.504069,0.489731,0.470216,0.490423,0.472848,0.485561,0.52378,0.443001,0.454417,0.450987,0.549185,0.482448,0.355513,0.475633,0.383771,0.381419,0.331534,0.355776,0.237179,0.295197,0.160261,0.181456,0.0889065,0.11905,0.0573546,0.0896969,0.043633,0.0487906,0.0338759,0.045342,0.0223228,0.0314757,0.0210193,0.0230995,0.0132907,0.0175254,0.0133747,0.0127621,0.010383,0.0100532,0.00793036,0.0100948,0.00677386,0.00752698,0.0056534,0.00600179,0.00503386,0.00432545,0.00338867,0.00409051,0.00287745,0.00328042,0.00241735,0.00296002,0.00185108,0.00211357,0.00176021,0.00200004,0.00138221,0.00162928,0.00116037,0.00121572,0.000810296,0.000996165,0.000723345,0.000811481,0.000687073,0.000657777,0.000480513,0.000491793,0.000386909,0.000436443,0.000332657,0.000367488,0.000231947,0.000293091,0.000219519,0.000244903,0.000171988,0.000178561,0.000154265,0.000165273,0.000110771,0.000127272,9.72415e-05,0.00011816,6.78253e-05,8.1942e-05,6.6773e-05,6.88183e-05,5.49051e-05,6.05656e-05,4.06533e-05,
41400,0.532058,0.445929,0.465,0.504284,0.553059,0.483775,0.53714,0.504069,0.489731,0.470216,0.490423,0.472848,0.522306,0.52378,0.475643,0.454417,0.450987,0.500236,0.482448,0.355513,0.445593,0.343567,0.431455,0.331534,0.355776,0.218508,0.295197,0.160261,0.181456,0.0889065,0.11905,0.0573546,0.0807272,0.043633,0.0487906,0.0338759,0.045342,0.0223228,0.0314757,0.0189174,0.0230995,0.0143488,0.0186341,0.0142663,0.0136947,0.010383,0.0100532,0.00793036,0.00937654,0.00677386,0.00752698,0.00593882,0.00600179,0.00541606,0.00432545,0.00338867,0.00409051,0.00287745,0.00328042,0.00260028,0.00274191,0.00185108,0.00211357,0.00176021,0.00183034,0.00138221,0.00143502,0.00116037,0.00121572,0.000877687,0.000931766,0.000654591,0.000811481,0.00058582,0.000657777,0.000480513,0.000491793,0.000365805,0.000436443,0.000305552,0.000367488,0.000231947,0.00027684,0.000205328,0.000244903,0.000190689,0.000178561,0.000154265,0.000165273,0.000119182,0.000127272,9.72415e-05,0.000108209,6.78253e-05,8.1942e-05,6.33689e-05,7.32084e-05,5.49051e-05,6.05656e-05,4.27243e-05,
41600,0.532058,0.46959,0.488476,0.504284,0.553059,0.483775,0.53714,0.504069,0.489731,0.470216,0.490423,0.472848,0.55535,0.481672,0.475643,0.477763,0.450987,0.412459,0.482448,0.398431,0.469417,0.343567,0.398781,0.331534,0.413378,0.218508,0.328933,0.152091,0.181456,0.0813907,0.128528,0.0542799,0.0883057,0.043633,0.0546665,0.0306466,0.0483648,0.0223228,0.0347889,0.0189174,0.0230995,0.0154382,0.0186341,0.0131369,0.0136947,0.00900614,0.0100532,0.00793036,0.00937654,0.00625184,0.00752698,0.00593882,0.00600179,0.00503068,0.00432545,0.00367403,0.00409051,0.00287745,0.00328042,0.00279913,0.00274191,0.00185108,0.00211357,0.00176021,0.00183034,0.00146119,0.00143502,0.00116037,0.00121572,0.000957986,0.000852707,0.000654591,0.000743146,0.00058582,0.000657777,0.000480513,0.000491793,0.000416865,0.000436443,0.000305552,0.000367488,0.000231947,0.000256991,0.000219744,0.000244903,0.000177977,0.000178561,0.000154265,0.000165273,0.000119182,0.000137826,9.72415e-05,0.000108209,7.2347e-05,8.61772e-05,6.33689e-05,6.18204e-05,5.49051e-05,6.05656e-05,4.27243e-05,
41800,0.484281,0.46959,0.426208,0.470048,0.553059,0.483775,0.53714,0.504069,0.489731,0.506314,0.490423,0.515241,0.527038,0.481672,0.499656,0.516181,0.450987,0.444,0.54069,0.427977,0.469417,0.36431,0.398781,0.357807,0.375731,0.238869,0.328933,0.152091,0.166176,0.0883671,0.128528,0.0542799,0.0830794,0.043633,0.0546665,0.0306466,0.0514017,0.0223228,0.0347889,0.0189174,0.02159,0.0154382,0.0186341,0.0131369,0.0136947,0.00900614,0.0100532,0.00843287,0.00937654,0.00625184,0.00752698,0.00593882,0.00600179,0.00503068,0.00432545,0.00367403,0.00409051,0.00264726,0.00328042,0.0025625,0.00274191,0.00185108,0.00211357,0.00176021,0.00183034,0.00126124,0.00143502,0.00116037,0.00121572,0.000957986,0.000852707,0.000654591,0.000848625,0.00058582,0.000657777,0.000480513,0.000491793,0.000416865,0.000436443,0.000324,0.000367488,0.000250503,0.000256991,0.000219744,0.000244903,0.000177977,0.000189773,0.000154265,0.000165273,0.000119182,0.000150137,9.72415e-05,0.000108209,7.2347e-05,8.00941e-05,6.33689e-05,6.57315e-05,5.49051e-05,6.05656e-05,4.27243e-05,
42000,0.484281,0.510383,0.462604,0.470048,0.553059,0.510987,0.508294,0.504069,0.440758,0.506314,0.490423,0.515241,0.497816,0.455399,0.499656,0.545043,0.450987,0.444,0.50915,0.427977,0.469417,0.322127,0.398781,0.357807,0.34848,0.224844,0.328933,0.152091,0.176179,0.0936509,0.140392,0.0542799,0.0830794,0.0413279,0.0546665,0.0306466,0.0469821,0.0223228,0.0347889,0.0189174,0.023241,0.0154382,0.0186341,0.0131369,0.014742,0.00957592,0.0100532,0.00843287,0.00937654,0.00625184,0.00752698,0.0065327,0.00600179,0.00543118,0.00432545,0.00367403,0.00409051,0.00264726,0.00328042,0.0025625,0.00274191,0.00197449,0.00222216,0.00176021,0.00183034,0.00133396,0.00143502,0.00116037,0.00121572,0.000957986,0.000900672,0.000696133,0.000913772,0.00058582,0.000588538,0.000480513,0.000518274,0.000416865,0.000436443,0.00035235,0.000367488,0.000250503,0.000256991,0.000219744,0.0002242,0.000167955,0.000189773,0.000154265,0.000165273,0.000119182,0.000141948,9.72415e-05,0.000108209,7.81646e-05,8.59624e-05,5.99124e-05,6.57315e-05,5.49051e-05,6.05656e-05,4.27243e-05,
42200,0.484281,0.510383,0.506032,0.515209,0.553059,0.446152,0.442802,0.504069,0.470142,0.506314,0.490423,0.515241,0.497816,0.509876,0.499656,0.545043,0.450987,0.401798,0.50915,0.427977,0.469417,0.367463,0.430848,0.323763,0.34848,0.224844,0.308453,0.152091,0.188591,0.0884666,0.140392,0.0542799,0.0830794,0.0413279,0.0546665,0.0286439,0.0469821,0.023811,0.0322946,0.0189174,0.023241,0.0154382,0.0186341,0.0131369,0.014742,0.00895016,0.0100532,0.00843287,0.00937654,0.00658848,0.00752698,0.0068655,0.00600179,0.00543118,0.00432545,0.00367403,0.00409051,0.00278326,0.00328042,0.0025625,0.00274191,0.00197449,0.00222216,0.00176021,0.00201526,0.00133396,0.00143502,0.00116037,0.00121572,0.000957986,0.000900672,0.000660643,0.000913772,0.000554871,0.000627773,0.000480513,0.000518274,0.000416865,0.000436443,0.000326228,0.000367488,0.000250503,0.000283237,0.000219744,0.0002242,0.000167955,0.000208006,0.000154265,0.000176291,0.000119182,0.000153303,9.72415e-05,9.518e-05,7.81646e-05,8.11867e-05,5.99124e-05,6.57315e-05,5.49051e-05,6.05656e-05,4.27243e-05,
42400,0.484281,0.510383,0.538046,0.515209,0.553059,0.524885,0.467561,0.504069,0.529978,0.506314,0.490423,0.515241,0.497816,0.509876,0.47287,0.545043,0.424679,0.450477,0.50915,0.427977,0.469417,0.367463,0.430848,0.323763,0.34848,0.224844,0.291628,0.164041,0.188591,0.0884666,0.148868,0.0542799,0.0830794,0.0413279,0.0631843,0.0286439,0.0469821,0.0262427,0.0322946,0.0209204,0.023241,0.0154382,0.0186341,0.0147285,0.0158613,0.0096117,0.011188,0.00843287,0.00937654,0.00658848,0.00790698,0.00635589,0.00600179,0.00460889,0.00432545,0.00367403,0.00409051,0.00278326,0.00328042,0.0025625,0.0030161,0.00197449,0.00222216,0.00157383,0.00201526,0.00133396,0.00143502,0.00116037,0.00113379,0.000957986,0.000900672,0.000660643,0.000913772,0.000591862,0.000627773,0.000480513,0.000518274,0.000393789,0.000436443,0.000326228,0.000367488,0.000232679,0.00030212,0.000231102,0.0002242,0.000167955,0.000225024,0.000154265,0.000165157,0.000128262,0.000153303,9.72415e-05,0.000105012,7.81646e-05,8.11867e-05,6.33014e-05,6.57315e-05,5.10954e-05,6.05656e-05,4.27243e-05,
42600,0.51469,0.468299,0.538046,0.515209,0.553059,0.470032,0.467561,0.504069,0.529978,0.506314,0.490423,0.515241,0.497816,0.509876,0.47287,0.545043,0.462428,0.450477,0.475879,0.427977,0.443812,0.367463,0.430848,0.294759,0.34848,0.237491,0.291628,0.155749,0.188591,0.096892,0.137526,0.0542799,0.0830794,0.0443642,0.0631843,0.0286439,0.0436933,0.0262427,0.0322946,0.0209204,0.0220662,0.0154382,0.0186341,0.0147285,0.0158613,0.0101554,0.0120504,0.00843287,0.0106774,0.00658848,0.00837618,0.00574946,0.00600179,0.00436102,0.00432545,0.00367403,0.00409051,0.0029407,0.0035442,0.0025625,0.0028032,0.00197449,0.00222216,0.00157383,0.00201526,0.00125501,0.00152595,0.00100331,0.00107301,0.000957986,0.000900672,0.000709474,0.000913772,0.000591862,0.000582243,0.000480513,0.000518274,0.000393789,0.000436443,0.000326228,0.000367488,0.000248191,0.00030212,0.000231102,0.0002242,0.000154587,0.000225024,0.000154265,0.000165157,0.000120186,0.000131308,9.72415e-05,0.000105012,7.29049e-05,7.63818e-05,6.33014e-05,6.10187e-05,5.10954e-05,6.05656e-05,4.27243e-05,
42800,0.487098,0.468299,0.579701,0.515209,0.553059,0.470032,0.498732,0.504069,0.529978,0.506314,0.490423,0.543345,0.497816,0.509876,0.515266,0.497774,0.462428,0.450477,0.475879,0.427977,0.443812,0.367463,0.430848,0.294759,0.31734,0.237491,0.291628,0.155749,0.188591,0.102759,0.137526,0.0613363,0.0747715,0.0411834,0.0562077,0.0263304,0.0436933,0.0262427,0.0302838,0.0197186,0.0234573,0.0154382,0.0169534,0.0147285,0.0149818,0.0112427,0.0111625,0.00843287,0.00925377,0.00700459,0.00837618,0.00574946,0.00543019,0.00436102,0.00466353,0.00387562,0.0043206,0.0029407,0.0035442,0.00271086,0.0028032,0.0017551,0.00208357,0.00170327,0.00201526,0.00125501,0.00152595,0.00100331,0.00107301,0.000957986,0.000983163,0.000709474,0.000913772,0.000527296,0.000582243,0.000480513,0.000518274,0.00036873,0.000436443,0.000326228,0.000367488,0.000248191,0.000317577,0.000231102,0.00024454,0.000162391,0.000225024,0.000154265,0.000154874,0.000120186,0.000131308,0.000104737,0.000105012,7.29049e-05,7.63818e-05,6.66858e-05,6.10187e-05,5.56372e-05,6.05656e-05,4.27243e-05,
43000,0.487098,0.499518,0.579701,0.488093,0.553059,0.470032,0.498732,0.531019,0.529978,0.506314,0.490423,0.494337,0.497816,0.480741,0.515266,0.497774,0.462428,0.477593,0.475879,0.453739,0.408677,0.367463,0.430848,0.294759,0.342273,0.237491,0.325743,0.133546,0.200542,0.102759,0.137526,0.0579907,0.0810279,0.0411834,0.0618285,0.0263304,0.0467519,0.0262427,0.0302838,0.0218548,0.0234573,0.0146257,0.0186814,0.0134091,0.0163883,0.0112427,0.0111625,0.00843287,0.00925377,0.00772586,0.00778985,0.00574946,0.00584392,0.00463645,0.00429235,0.00387562,0.0043206,0.0029407,0.0035442,0.00250281,0.0028032,0.0017551,0.00225026,0.00183953,0.00201526,0.00136657,0.00152595,0.00100331,0.00121922,0.000957986,0.000983163,0.000767167,0.000788551,0.00056627,0.000547783,0.000480513,0.000518274,0.00036873,0.000436443,0.000326228,0.000367488,0.000248191,0.000317577,0.000231102,0.00024454,0.000177994,0.000225024,0.000154265,0.000154874,0.000120186,0.000131308,0.000104737,0.000105012,7.29049e-05,7.63818e-05,6.66858e-05,6.10187e-05,5.13982e-05,5.32977e-05,4.5715e-05,
43200,0.487098,0.499518,0.579701,0.532254,0.524204,0.470032,0.498732,0.531019,0.529978,0.506314,0.490423,0.494337,0.497816,0.480741,0.515266,0.526218,0.462428,0.477593,0.475879,0.453739,0.408677,0.367463,0.430848,0.294759,0.342273,0.237491,0.325743,0.143522,0.200542,0.102759,0.122398,0.0579907,0.0810279,0.0411834,0.0618285,0.0263304,0.0436351,0.028867,0.0265344,0.0218548,0.0234573,0.0156007,0.0171945,0.0134091,0.0163883,0.0112427,0.0111625,0.00843287,0.00999048,0.00715239,0.00778985,0.00574946,0.00584392,0.00463645,0.0040358,0.0035052,0.0043206,0.00275274,0.0033261,0.00235682,0.0028032,0.0017551,0.00225026,0.00183953,0.00201526,0.00146197,0.00152595,0.00100331,0.00121922,0.00103072,0.000983163,0.000767167,0.000683411,0.00056627,0.000610387,0.000480513,0.000518274,0.000393312,0.000472534,0.000326228,0.000367488,0.000248191,0.000317577,0.000231102,0.00024454,0.000177994,0.000207984,0.000139634,0.000154874,0.000120186,0.000140486,0.000104737,9.77252e-05,7.29049e-05,8.07023e-05,6.66858e-05,6.10187e-05,5.13982e-05,5.32977e-05,4.5715e-05,
43400,0.487098,0.499518,0.545885,0.532254,0.524204,0.470032,0.498732,0.531019,0.529978,0.506314,0.523118,0.463116,0.448034,0.480741,0.515266,0.526218,0.462428,0.507808,0.475879,0.423207,0.441371,0.367463,0.430848,0.294759,0.380304,0.254763,0.347459,0.1583,0.200542,0.102759,0.122398,0.0579907,0.0889778,0.0411834,0.0618285,0.0263304,0.0436351,0.028867,0.0265344,0.0218548,0.0234573,0.0156007,0.0171945,0.0121373,0.0163883,0.0112427,0.0111625,0.00843287,0.00999048,0.00668501,0.00778985,0.00574946,0.00584392,0.00463645,0.00430485,0.0035052,0.0043206,0.00275274,0.0033261,0.00259021,0.0028032,0.0017551,0.00209412,0.00183953,0.00201526,0.00146197,0.00152595,0.00107702,0.00115592,0.00103072,0.000983163,0.000767167,0.000683411,0.00056627,0.000610387,0.000480513,0.000518274,0.00041691,0.000437983,0.000326228,0.00040141,0.000248191,0.000317577,0.000213016,0.00024454,0.000177994,0.000207984,0.000139634,0.000154874,0.000127802,0.000127843,0.000104737,9.77252e-05,8.21837e-05,8.07023e-05,7.07346e-05,6.10187e-05,5.3993e-05,5.32977e-05,4.82711e-05,
43600,0.538936,0.540139,0.594294,0.532254,0.524204,0.442613,0.498732,0.531019,0.529978,0.506314,0.523118,0.500165,0.448034,0.507934,0.48435,0.526218,0.462428,0.457027,0.475879,0.423207,0.441371,0.40421,0.387763,0.294759,0.352075,0.254763,0.31649,0.1583,0.200542,0.11175,0.132705,0.0535723,0.0889778,0.0411834,0.0659504,0.0263304,0.0436351,0.028867,0.0265344,0.0196693,0.0234573,0.0156007,0.0189841,0.0113995,0.0163883,0.0112427,0.0111625,0.00908291,0.00999048,0.00731832,0.00721163,0.00574946,0.00584392,0.0049315,0.0046529,0.0035052,0.00388854,0.00275274,0.0033261,0.00235563,0.00303115,0.00184527,0.00222126,0.00183953,0.00201526,0.00146197,0.00144634,0.00107702,0.00115592,0.000962675,0.000983163,0.000767167,0.000757965,0.000629188,0.000610387,0.000480513,0.000518274,0.00041691,0.000437983,0.000349097,0.000368843,0.000248191,0.000340909,0.000202156,0.000263313,0.000152264,0.000207984,0.000139634,0.000154874,0.000118316,0.000135887,9.7566e-05,9.77252e-05,8.21837e-05,8.07023e-05,7.07346e-05,6.44884e-05,5.3993e-05,5.32977e-05,4.82711e-05,
43800,0.538936,0.540139,0.594294,0.532254,0.524204,0.416794,0.498732,0.531019,0.529978,0.506314,0.523118,0.500165,0.479312,0.507934,0.48435,0.498895,0.426792,0.457027,0.475879,0.423207,0.441371,0.373996,0.387763,0.294759,0.352075,0.254763,0.31649,0.16828,0.21988,0.11175,0.140324,0.057532,0.0889778,0.0411834,0.0600019,0.0288022,0.0436351,0.028867,0.0251566,0.0196693,0.0222026,0.0156007,0.0189841,0.0120509,0.0163883,0.0112427,0.0111625,0.00908291,0.00999048,0.00665968,0.00721163,0.00574946,0.00635158,0.00465807,0.0046529,0.00372731,0.00388854,0.00275274,0.0033261,0.00235563,0.00303115,0.00184527,0.002441,0.00183953,0.00201526,0.00133011,0.00144634,0.00107702,0.00115592,0.000962675,0.000983163,0.000767167,0.000842183,0.000669228,0.000643254,0.000507542,0.000470839,0.000441315,0.000437983,0.000349097,0.000368843,0.00026223,0.000298032,0.000202156,0.000263313,0.000152264,0.000207984,0.000139634,0.000166252,0.000106484,0.000135887,9.7566e-05,9.77252e-05,8.21837e-05,9.01584e-05,6.68127e-05,6.44884e-05,5.1105e-05,5.03056e-05,4.56891e-05,
44000,0.538936,0.497148,0.551684,0.532254,0.497706,0.416794,0.498732,0.531019,0.529978,0.506314,0.523118,0.47435,0.511266,0.507934,0.456973,0.407431,0.426792,0.457027,0.475879,0.423207,0.419104,0.373996,0.387763,0.328446,0.371879,0.236636,0.298028,0.16828,0.21988,0.11175,0.126935,0.057532,0.0809698,0.0411834,0.0557325,0.0288022,0.0403962,0.028867,0.0271594,0.0196693,0.0222026,0.0156007,0.0170857,0.0120509,0.0163883,0.0112427,0.0111625,0.00908291,0.00999048,0.0071952,0.00721163,0.00574946,0.00603114,0.00432311,0.00489738,0.00372731,0.00388854,0.00275274,0.0033261,0.00235563,0.00303115,0.00172598,0.00225114,0.0016723,0.00201526,0.00133011,0.00152523,0.00107702,0.00105262,0.000962675,0.000983163,0.000767167,0.000890072,0.000704738,0.000643254,0.000507542,0.000470839,0.000441315,0.000414503,0.000366722,0.000368843,0.000285175,0.000270988,0.00019073,0.000246483,0.000152264,0.00019143,0.000139634,0.000166252,9.99313e-05,0.000135887,9.7566e-05,9.77252e-05,8.21837e-05,8.54771e-05,6.68127e-05,7.14746e-05,4.74687e-05,5.03056e-05,3.9234e-05,
44200,0.538936,0.53378,0.488323,0.532254,0.445733,0.487697,0.451429,0.531019,0.529978,0.506314,0.559637,0.47435,0.511266,0.507934,0.456973,0.407431,0.458148,0.487496,0.412068,0.423207,0.419104,0.373996,0.387763,0.328446,0.371879,0.236636,0.298028,0.16828,0.21988,0.0952818,0.138359,0.057532,0.0893666,0.0411834,0.0528913,0.0288022,0.0470497,0.0248507,0.0271594,0.0196693,0.0238174,0.0156007,0.0170857,0.0120509,0.0174808,0.0118393,0.0124094,0.00908291,0.00999048,0.0071952,0.00721163,0.00574946,0.00641493,0.00432311,0.00519021,0.00372731,0.00388854,0.00275274,0.0033261,0.00235563,0.00303115,0.00182068,0.00225114,0.0016723,0.00188978,0.00133011,0.00152523,0.00107702,0.00105262,0.000914107,0.000983163,0.000767167,0.000890072,0.000660786,0.000600787,0.000507542,0.000470839,0.000441315,0.000414503,0.00033584,0.000368843,0.000285175,0.000270988,0.000204028,0.000265404,0.000160405,0.000178549,0.000139634,0.000166252,0.000105552,0.000135887,9.7566e-05,8.6472e-05,8.21837e-05,8.54771e-05,5.58797e-05,7.14746e-05,4.74687e-05,5.29532e-05,3.9234e-05,
44400,0.507498,0.53378,0.488323,0.532254,0.478576,0.487697,0.476509,0.564811,0.529978,0.506314,0.559637,0.47435,0.511266,0.538773,0.456973,0.43912,0.481686,0.446782,0.412068,0.423207,0.419104,0.373996,0.387763,0.328446,0.371879,0.251653,0.298028,0.16828,0.198939,0.102303,0.122686,0.057532,0.0820548,0.043929,0.0528913,0.0288022,0.0470497,0.0261473,0.0271594,0.018648,0.0238174,0.0156007,0.0170857,0.0120509,0.0174808,0.0100232,0.011675,0.00908291,0.00948116,0.0071952,0.00769241,0.00574946,0.00641493,0.00432311,0.00544972,0.00394474,0.00388854,0.00296406,0.0033261,0.00235563,0.00303115,0.00191729,0.00238525,0.0016723,0.00188978,0.00133011,0.00152523,0.00107702,0.00105262,0.000817985,0.000983163,0.000815853,0.000890072,0.000660786,0.000557397,0.000507542,0.000470839,0.000408797,0.000438189,0.000364121,0.000368843,0.000260978,0.000270988,0.000204028,0.000241416,0.000184465,0.000178549,0.000139634,0.000166252,0.000105552,0.000135887,0.000102536,9.22368e-05,8.21837e-05,7.83383e-05,6.33645e-05,7.14746e-05,4.74687e-05,5.856e-05,4.13158e-05,
44600,0.507498,0.53378,0.488323,0.500319,0.478576,0.460657,0.476509,0.564811,0.529978,0.506314,0.522328,0.47435,0.511266,0.501389,0.456973,0.43912,0.481686,0.470669,0.412068,0.454214,0.419104,0.373996,0.424386,0.328446,0.352233,0.251653,0.298028,0.16828,0.198939,0.102303,0.115994,0.057532,0.0820548,0.043929,0.0564174,0.0288022,0.0428248,0.0261473,0.0238892,0.018648,0.0238174,0.0156007,0.0185598,0.010354,0.0148758,0.0100232,0.011675,0.00908291,0.01008,0.0071952,0.00769241,0.0054076,0.00641493,0.00432311,0.00544972,0.00394474,0.00388854,0.00296406,0.0033261,0.00235563,0.00269509,0.00191729,0.00238525,0.0016723,0.00188978,0.00133011,0.00152523,0.00101298,0.00105262,0.000817985,0.000983163,0.000815853,0.000827767,0.000660786,0.000557397,0.00055322,0.000517416,0.000408797,0.000416039,0.000326039,0.000368843,0.000260978,0.000270988,0.000214329,0.000227333,0.000184465,0.000189896,0.000139634,0.000166252,0.000105552,0.000135887,9.71397e-05,9.22368e-05,8.21837e-05,7.28547e-05,5.82954e-05,6.08687e-05,4.74687e-05,5.856e-05,4.58472e-05,
44800,0.543023,0.53378,0.488323,0.474341,0.478576,0.506275,0.476509,0.564811,0.47698,0.477696,0.522328,0.439141,0.511266,0.501389,0.456973,0.471577,0.455412,0.470669,0.463576,0.454214,0.453572,0.415015,0.463931,0.345455,0.380275,0.251653,0.298028,0.16828,0.212864,0.102303,0.123727,0.0656086,0.0875251,0.043929,0.0564174,0.0288022,0.0428248,0.022661,0.0253923,0.018648,0.0216787,0.0156007,0.0173345,0.010354,0.0140929,0.00925949,0.011675,0.00848326,0.00947517,0.0071952,0.00769241,0.0054076,0.00558477,0.00486129,0.00544972,0.00394474,0.00388854,0.00296406,0.0033261,0.00235563,0.00269509,0.00191729,0.00238525,0.0016723,0.00168263,0.00123866,0.00161196,0.00101298,0.00105262,0.000858884,0.000924705,0.000815853,0.000827767,0.000660786,0.000604995,0.00055322,0.000572817,0.000408797,0.000416039,0.000326039,0.000335647,0.000274027,0.000270988,0.000214329,0.000211855,0.000197343,0.000189896,0.000139634,0.000166252,0.000105552,0.000125596,9.71397e-05,9.22368e-05,8.21837e-05,8.30239e-05,5.82954e-05,6.08687e-05,4.74687e-05,5.856e-05,4.28512e-05,
45000,0.543023,0.499273,0.488323,0.474341,0.451989,0.506275,0.476509,0.525342,0.531492,0.477696,0.522328,0.469838,0.511266,0.542411,0.456973,0.471577,0.49526,0.470669,0.437822,0.454214,0.453572,0.415015,0.463931,0.345455,0.317641,0.251653,0.314975,0.154886,0.212864,0.10976,0.117303,0.0656086,0.0761469,0.0412932,0.0564174,0.0302819,0.0428248,0.022661,0.0253923,0.0169951,0.0216787,0.0175713,0.0173345,0.0124443,0.0140929,0.00925949,0.0123225,0.00848326,0.00947517,0.0071952,0.00769241,0.0054076,0.00558477,0.00486129,0.00544972,0.00394474,0.00388854,0.00276111,0.00315038,0.00235563,0.00269509,0.00191729,0.00238525,0.0016723,0.00168263,0.00123866,0.00151276,0.00101298,0.00110802,0.000858884,0.000980187,0.000815853,0.000827767,0.000660786,0.000604995,0.00055322,0.000572817,0.000408797,0.000387794,0.000326039,0.00036152,0.000274027,0.000284538,0.000197182,0.000211855,0.000197343,0.000189896,0.000139634,0.000166252,0.000105552,0.000125596,8.80109e-05,9.22368e-05,8.21837e-05,9.21799e-05,5.82954e-05,6.08687e-05,4.74687e-05,5.55998e-05,4.28512e-05,
45200,0.543023,0.499273,0.488323,0.474341,0.451989,0.536652,0.476509,0.525342,0.531492,0.477696,0.522328,0.502827,0.511266,0.542411,0.456973,0.471577,0.49526,0.509991,0.437822,0.454214,0.453572,0.415015,0.399293,0.345455,0.317641,0.251653,0.29332,0.154886,0.17697,0.0931841,0.117303,0.0576809,0.0761469,0.0412932,0.0592382,0.0324017,0.0428248,0.0247726,0.0277362,0.0181801,0.0242146,0.016375,0.0183095,0.0124443,0.0148464,0.00925949,0.0115832,0.00848326,0.00947517,0.0071952,0.00769241,0.0054076,0.00558477,0.0044258,0.00544972,0.00394474,0.00388854,0.00276111,0.00344884,0.00249023,0.00269509,0.00191729,0.00238525,0.0016723,0.00168263,0.00123866,0.00151276,0.00107707,0.0011753,0.000858884,0.000980187,0.000815853,0.000827767,0.000660786,0.000604995,0.00055322,0.000572817,0.00043605,0.000387794,0.000326039,0.00036152,0.000255013,0.000284538,0.000197182,0.000211855,0.000197343,0.000189896,0.000139634,0.000166252,0.000105552,0.000125596,8.80109e-05,0.000100821,7.68708e-05,9.21799e-05,6.2789e-05,6.53538e-05,5.24416e-05,5.87917e-05,4.28512e-05,
45400,0.50165,0.567595,0.488323,0.474341,0.451989,0.536652,0.476509,0.525342,0.531492,0.477696,0.442891,0.471883,0.511266,0.475256,0.493531,0.471577,0.49526,0.509991,0.437822,0.420746,0.453572,0.415015,0.434499,0.345455,0.30086,0.251653,0.29332,0.154886,0.17697,0.0931841,0.117303,0.0576809,0.0761469,0.0412932,0.0592382,0.0295062,0.0385423,0.0247726,0.0277362,0.0181801,0.0242146,0.0173607,0.0183095,0.0135332,0.0148464,0.0104461,0.0122025,0.00802054,0.00947517,0.00665378,0.00769241,0.0054076,0.00558477,0.0044258,0.00544972,0.00394474,0.00363182,0.00276111,0.00344884,0.00249023,0.00269509,0.00180544,0.00208396,0.00154489,0.00181659,0.00123866,0.00151276,0.00107707,0.0010637,0.000913308,0.000980187,0.000815853,0.000827767,0.000660786,0.000637096,0.00055322,0.000572817,0.000459363,0.000419687,0.000309211,0.00036152,0.000255013,0.000310803,0.000197182,0.000211855,0.000197343,0.0001758,0.000139634,0.000166252,0.000118264,0.000125596,8.80109e-05,9.18848e-05,7.68708e-05,9.21799e-05,6.2789e-05,6.53538e-05,5.24416e-05,5.87917e-05,4.28512e-05,
45600,0.535093,0.516627,0.488323,0.474341,0.451989,0.536652,0.476509,0.525342,0.531492,0.447904,0.472417,0.471883,0.473884,0.475256,0.493531,0.471577,0.49526,0.509991,0.437822,0.420746,0.453572,0.415015,0.400495,0.323704,0.30086,0.251653,0.271548,0.154886,0.17697,0.0884336,0.108868,0.0576809,0.0761469,0.0412932,0.0560071,0.0310838,0.0364725,0.0247726,0.0277362,0.0181801,0.0242146,0.0173607,0.0183095,0.0135332,0.0148464,0.0104461,0.0129346,0.00802054,0.00947517,0.00665378,0.00769241,0.0054076,0.00558477,0.0044258,0.00575961,0.00394474,0.00363182,0.00276111,0.00344884,0.00249023,0.00269509,0.00180544,0.00208396,0.00154489,0.00181659,0.00123866,0.00151276,0.00107707,0.0010637,0.000913308,0.000980187,0.000772116,0.000827767,0.000660786,0.000698658,0.000590102,0.000572817,0.000459363,0.000419687,0.000309211,0.000331601,0.000255013,0.000328476,0.000197182,0.000235768,0.000186579,0.000192272,0.000139634,0.000166252,0.000118264,0.000134824,8.80109e-05,9.18848e-05,7.68708e-05,9.21799e-05,6.2789e-05,6.97107e-05,5.57647e-05,5.29125e-05,4.28512e-05,
45800,0.535093,0.516627,0.534165,0.474341,0.479196,0.536652,0.476509,0.525342,0.531492,0.480908,0.502304,0.471883,0.473884,0.475256,0.493531,0.471577,0.49526,0.445848,0.437822,0.420746,0.453572,0.415015,0.428491,0.323704,0.31706,0.26843,0.271548,0.154886,0.194298,0.0940457,0.108868,0.0512859,0.0805554,0.0412932,0.0606934,0.0310838,0.038904,0.0266096,0.0309424,0.0192589,0.0259937,0.0163054,0.0183095,0.0135332,0.0156765,0.0104461,0.0129346,0.00802054,0.00947517,0.00704517,0.00825922,0.0054076,0.00558477,0.0044258,0.00499665,0.00369459,0.00363182,0.00276111,0.00344884,0.00249023,0.00269509,0.00180544,0.00208396,0.00154489,0.00181659,0.00123866,0.00151276,0.00107707,0.0010637,0.000965497,0.0010292,0.000772116,0.000827767,0.000660786,0.000698658,0.000513027,0.000572817,0.000459363,0.000394849,0.000293447,0.000331601,0.000268435,0.000328476,0.000197182,0.000235768,0.000197011,0.000192272,0.000139634,0.000153371,0.000118264,0.000134824,8.80109e-05,8.70305e-05,7.68708e-05,9.21799e-05,6.2789e-05,6.97107e-05,5.57647e-05,5.29125e-05,4.62627e-05,
46000,0.535093,0.516627,0.534165,0.474341,0.479196,0.500218,0.476509,0.525342,0.531492,0.480908,0.502304,0.433948,0.4994,0.475256,0.4645,0.520785,0.49526,0.445848,0.47322,0.420746,0.453572,0.415015,0.404686,0.323704,0.3415,0.233844,0.271548,0.145458,0.213728,0.098748,0.117457,0.0548928,0.0805554,0.0412932,0.0606934,0.0342845,0.038904,0.0246206,0.0309424,0.0203863,0.0245496,0.0163054,0.0197209,0.0128305,0.0146789,0.0104461,0.0129346,0.00802054,0.00947517,0.00704517,0.00747339,0.00573094,0.0060836,0.00478169,0.00499665,0.00369459,0.00387395,0.00276111,0.00344884,0.00249023,0.00309161,0.00164887,0.00208396,0.00154489,0.00181659,0.00123866,0.00151276,0.00107707,0.00114536,0.000902405,0.0010292,0.00068748,0.000827767,0.000623438,0.000698658,0.000513027,0.000572817,0.000459363,0.000394849,0.000293447,0.000352466,0.000268435,0.000297357,0.000197182,0.000218145,0.000186088,0.000192272,0.000139634,0.000145299,0.000118264,0.000118473,8.80109e-05,8.70305e-05,8.101e-05,9.21799e-05,6.2789e-05,7.34643e-05,5.57647e-05,5.29125e-05,4.31129e-05,
46200,0.535093,0.516627,0.534165,0.504187,0.479196,0.500218,0.476509,0.525342,0.531492,0.512968,0.545939,0.457149,0.463866,0.475256,0.4645,0.473914,0.463244,0.445848,0.47322,0.420746,0.453572,0.386483,0.404686,0.304028,0.3415,0.233844,0.271548,0.145458,0.230274,0.105946,0.111275,0.0548928,0.0805554,0.0412932,0.0666974,0.0322979,0.038904,0.0246206,0.0329,0.0203863,0.0245496,0.0163054,0.0197209,0.0128305,0.0158799,0.0104461,0.0129346,0.00802054,0.00947517,0.00704517,0.00747339,0.00573094,0.0060836,0.00478169,0.00499665,0.00369459,0.00387395,0.00276111,0.00344884,0.00269157,0.00309161,0.00164887,0.00208396,0.00174413,0.00192716,0.00134067,0.00151276,0.00100374,0.00114536,0.000902405,0.0010292,0.00068748,0.000827767,0.000587313,0.000698658,0.000552259,0.000572817,0.000421486,0.000394849,0.000326273,0.000328968,0.000268435,0.000297357,0.000197182,0.000218145,0.000186088,0.000208573,0.000139634,0.000145299,0.000118264,0.000118473,9.27499e-05,8.70305e-05,9.00457e-05,9.21799e-05,6.2789e-05,7.34643e-05,5.57647e-05,5.29125e-05,4.03258e-05,
46400,0.535093,0.516627,0.534165,0.504187,0.479196,0.53847,0.511331,0.554893,0.504626,0.548735,0.51616,0.427761,0.499622,0.475256,0.491043,0.443983,0.463244,0.445848,0.47322,0.420746,0.490925,0.386483,0.404686,0.304028,0.3415,0.246346,0.25306,0.152869,0.201867,0.105946,0.111275,0.0548928,0.0805554,0.0412932,0.0600277,0.0322979,0.038904,0.0246206,0.034561,0.0184527,0.0245496,0.0140741,0.0197209,0.0137819,0.0133321,0.0104461,0.0129346,0.00751554,0.00947517,0.00754154,0.00691477,0.00573094,0.00652817,0.00478169,0.00499665,0.00369459,0.0041464,0.00276111,0.00375259,0.00269157,0.00309161,0.00164887,0.00208396,0.00163948,0.00192716,0.00126365,0.00140918,0.000931557,0.00121805,0.000902405,0.0010292,0.00068748,0.000827767,0.000587313,0.000698658,0.000552259,0.000619683,0.000421486,0.000394849,0.000293646,0.000328968,0.000268435,0.00027164,0.000197182,0.000238281,0.000186088,0.000208573,0.000139634,0.000156453,0.0001281,0.000118473,9.27499e-05,8.70305e-05,9.50138e-05,9.67889e-05,6.59284e-05,6.90565e-05,5.57647e-05,5.29125e-05,4.03258e-05,
46600,0.563011,0.474531,0.534165,0.504187,0.512841,0.53847,0.511331,0.554893,0.504626,0.548735,0.51616,0.427761,0.499622,0.475256,0.491043,0.443983,0.488011,0.445848,0.47322,0.420746,0.43737,0.365011,0.425985,0.335878,0.359151,0.246346,0.25306,0.152869,0.201867,0.0970606,0.122028,0.0511343,0.0747129,0.0412932,0.0600277,0.0322979,0.0416235,0.0260928,0.034561,0.0184527,0.0245496,0.0140741,0.0180305,0.0137819,0.0144793,0.0104461,0.0129346,0.00751554,0.0103279,0.00754154,0.00768604,0.00573094,0.00652817,0.00478169,0.00499665,0.00369459,0.00388452,0.00294519,0.00335838,0.00269157,0.00309161,0.00164887,0.00221621,0.00163948,0.00171478,0.00136029,0.00152952,0.00100205,0.00121805,0.000902405,0.000896589,0.00068748,0.000769336,0.00054135,0.000661138,0.000509038,0.000619683,0.000421486,0.000374347,0.000343811,0.00037146,0.000268435,0.000286266,0.000197182,0.000220999,0.000175162,0.000189647,0.000128706,0.000156453,0.00011595,0.000125243,8.78683e-05,9.57336e-05,9.50138e-05,9.06023e-05,6.09358e-05,6.90565e-05,5.57647e-05,5.80434e-05,4.03258e-05,
46800,0.563011,0.474531,0.534165,0.504187,0.512841,0.53847,0.511331,0.554893,0.504626,0.548735,0.490069,0.427761,0.52569,0.475256,0.491043,0.415942,0.488011,0.418087,0.423459,0.446072,0.43737,0.409868,0.392261,0.353964,0.359151,0.246346,0.25306,0.152869,0.190499,0.0970606,0.122028,0.0536911,0.0664115,0.0461733,0.0548991,0.0322979,0.0416235,0.0295049,0.0304528,0.0173927,0.0232335,0.0140741,0.0180305,0.0137819,0.0144793,0.00981938,0.0129346,0.00751554,0.0103279,0.00792899,0.00691743,0.00573094,0.00542734,0.0050842,0.00470961,0.00369459,0.00421966,0.00313152,0.00335838,0.00249178,0.00283126,0.00164887,0.00202686,0.00163948,0.00171478,0.00145631,0.00152952,0.00100205,0.00121805,0.000902405,0.000834376,0.000740052,0.000769336,0.00054135,0.000661138,0.000509038,0.000548862,0.000421486,0.000395522,0.000343811,0.00037146,0.000254307,0.000314893,0.000216901,0.000220999,0.000175162,0.000189647,0.000135141,0.000156453,0.00011595,0.000125243,8.78683e-05,9.57336e-05,8.68444e-05,9.06023e-05,6.09358e-05,6.90565e-05,5.57647e-05,5.80434e-05,4.03258e-05,
47000,0.563011,0.474531,0.534165,0.504187,0.512841,0.50706,0.511331,0.554893,0.504626,0.548735,0.490069,0.427761,0.52569,0.475256,0.491043,0.454653,0.488011,0.456998,0.445552,0.446072,0.43737,0.409868,0.392261,0.331339,0.359151,0.233632,0.25306,0.152869,0.190499,0.0970606,0.122028,0.0536911,0.0720826,0.0461733,0.0548991,0.0350004,0.0416235,0.0265544,0.0346512,0.0173927,0.0249405,0.0151504,0.019173,0.0127518,0.0144793,0.00981938,0.0129346,0.00793829,0.0103279,0.00792899,0.00691743,0.00524647,0.00578916,0.0050842,0.00470961,0.00369459,0.00454492,0.00313152,0.00360584,0.00249178,0.00283126,0.00175879,0.00202686,0.00163948,0.00171478,0.00145631,0.00152952,0.00100205,0.00121805,0.000902405,0.000834376,0.000740052,0.000838577,0.00054135,0.000661138,0.000509038,0.000548862,0.000386136,0.000395522,0.000361326,0.000340305,0.000254307,0.000314893,0.000237816,0.000242047,0.000175162,0.000189647,0.000135141,0.000156453,0.00011595,0.000125243,8.78683e-05,9.57336e-05,8.68444e-05,8.29149e-05,6.09358e-05,6.90565e-05,5.57647e-05,5.80434e-05,4.03258e-05,
47200,0.563011,0.521474,0.534165,0.504187,0.469026,0.50706,0.511331,0.524127,0.504626,0.548735,0.490069,0.427761,0.52569,0.475256,0.454093,0.420669,0.488011,0.456998,0.493612,0.446072,0.43737,0.379232,0.414566,0.301587,0.379104,0.233632,0.28836,0.152869,0.21709,0.0970606,0.122028,0.0536911,0.0808156,0.0434799,0.0548991,0.0329289,0.0416235,0.0265544,0.0346512,0.0173927,0.0249405,0.0151504,0.019173,0.0139386,0.0144793,0.0105601,0.0129346,0.00793829,0.0103279,0.00741641,0.00656845,0.00524647,0.00578916,0.00474855,0.00470961,0.00369459,0.00416703,0.00313152,0.00360584,0.00249178,0.00253187,0.00175879,0.00221714,0.00163948,0.00171478,0.0013743,0.00152952,0.00100205,0.00133141,0.000853183,0.000834376,0.000789389,0.000838577,0.00054135,0.000598657,0.000535191,0.000516845,0.000386136,0.000395522,0.000328667,0.000340305,0.000254307,0.000314893,0.000221624,0.000242047,0.000175162,0.000189647,0.000135141,0.000165303,0.00011595,0.000125243,8.78683e-05,8.87245e-05,8.68444e-05,8.29149e-05,6.642e-05,6.90565e-05,5.57647e-05,5.80434e-05,4.03258e-05,
47400,0.498962,0.472192,0.534165,0.504187,0.500294,0.50706,0.511331,0.524127,0.504626,0.548735,0.557631,0.466568,0.587286,0.500665,0.491246,0.453721,0.512648,0.427788,0.493612,0.446072,0.43737,0.379232,0.414566,0.324739,0.416299,0.252521,0.28836,0.152869,0.229228,0.0970606,0.132849,0.0494643,0.0851963,0.0434799,0.0548991,0.0301156,0.0416235,0.0265544,0.0346512,0.0173927,0.0249405,0.016975,0.0174641,0.0126738,0.0131734,0.0105601,0.0129346,0.00793829,0.010979,0.00741641,0.00700634,0.0055226,0.00578916,0.00474855,0.00470961,0.00369459,0.00451161,0.00313152,0.00360584,0.00249178,0.00232135,0.00175879,0.00221714,0.00163948,0.00171478,0.0013743,0.00152952,0.00100205,0.00133141,0.000853183,0.000913423,0.000789389,0.00076796,0.000613529,0.000535994,0.000535191,0.000488654,0.000416475,0.000438059,0.000302793,0.000340305,0.000254307,0.000314893,0.000208588,0.000264828,0.000175162,0.000189647,0.000127883,0.00015657,0.00011595,0.000132114,8.78683e-05,8.87245e-05,9.54354e-05,8.29149e-05,5.87509e-05,6.90565e-05,5.57647e-05,5.80434e-05,4.03258e-05,
47600,0.498962,0.515393,0.534165,0.466763,0.500294,0.50706,0.545419,0.524127,0.504626,0.548735,0.515671,0.466568,0.525466,0.500665,0.491246,0.453721,0.471637,0.427788,0.457472,0.416672,0.404248,0.379232,0.447903,0.324739,0.382238,0.196405,0.315198,0.152869,0.229228,0.0970606,0.140322,0.0535546,0.0896082,0.0434799,0.0625372,0.0301156,0.0416235,0.0265544,0.0346512,0.0173927,0.0235991,0.016975,0.0174641,0.0117546,0.0140094,0.0105601,0.0129346,0.00836271,0.010979,0.00741641,0.00787379,0.0055226,0.00634538,0.00474855,0.00437716,0.00369459,0.00451161,0.00313152,0.00360584,0.00266597,0.00232135,0.00175879,0.00237959,0.00151694,0.00171478,0.0013743,0.0014501,0.00105842,0.00121243,0.000904696,0.000913423,0.000789389,0.00076796,0.000613529,0.00056375,0.000535191,0.000432073,0.000416475,0.000414576,0.000326899,0.000340305,0.000254307,0.000314893,0.000208588,0.000264828,0.000175162,0.000189647,0.000135191,0.00015657,0.000108993,0.000132114,8.78683e-05,9.82243e-05,9.54354e-05,8.29149e-05,6.17438e-05,7.43578e-05,5.57647e-05,6.24993e-05,4.03258e-05,
47800,0.498962,0.515393,0.48362,0.496426,0.500294,0.56018,0.545419,0.524127,0.504626,0.548735,0.515671,0.466568,0.525466,0.527974,0.491246,0.453721,0.515531,0.427788,0.457472,0.416672,0.443911,0.379232,0.447903,0.360233,0.35005,0.196405,0.315198,0.152869,0.229228,0.0882878,0.140322,0.0535546,0.0896082,0.0434799,0.0690462,0.0301156,0.0416235,0.0265544,0.0346512,0.0173927,0.0235991,0.01484,0.0174641,0.010381,0.0140094,0.0105601,0.0129346,0.00836271,0.010979,0.00741641,0.00787379,0.0055226,0.00634538,0.00474855,0.00437716,0.00369459,0.00476387,0.00313152,0.00360584,0.00266597,0.00232135,0.0018565,0.00237959,0.00140434,0.00171478,0.0013743,0.00136196,0.00105842,0.00121243,0.000840835,0.000913423,0.000722657,0.00076796,0.000613529,0.00060475,0.000481672,0.000432073,0.000416475,0.000414576,0.000358908,0.000340305,0.000241342,0.000314893,0.000208588,0.000264828,0.00019518,0.000189647,0.000135191,0.00015657,0.000108993,0.000132114,0.000101434,0.000105882,9.54354e-05,7.59056e-05,6.4861e-05,7.43578e-05,5.57647e-05,5.78941e-05,4.45504e-05,
48000,0.498962,0.515393,0.48362,0.496426,0.462408,0.5186,0.545419,0.524127,0.504626,0.548735,0.515671,0.466568,0.560497,0.527974,0.543844,0.453721,0.515531,0.427788,0.457472,0.416672,0.443911,0.379232,0.410835,0.360233,0.35005,0.219836,0.315198,0.1611,0.207487,0.097888,0.140322,0.057125,0.0944333,0.0404906,0.0690462,0.0301156,0.044265,0.0247288,0.031186,0.0173927,0.0235991,0.0162831,0.0174641,0.0116933,0.0152102,0.0112271,0.0129346,0.00776767,0.0101828,0.00691291,0.00745782,0.00591035,0.00593073,0.00474855,0.00437716,0.00369459,0.00437737,0.00295162,0.00360584,0.00266597,0.00265771,0.00199847,0.00217562,0.00133043,0.00171478,0.00147113,0.00136196,0.00105842,0.00121243,0.000883384,0.000866856,0.000722657,0.00076796,0.000613529,0.00060475,0.000481672,0.000460878,0.000416475,0.000414576,0.000358908,0.000340305,0.000258212,0.000314893,0.000220507,0.000264828,0.00019518,0.000189647,0.000135191,0.000174464,0.000116672,0.000132114,0.000101434,0.000105882,9.54354e-05,7.59056e-05,6.08159e-05,7.43578e-05,5.57647e-05,5.78941e-05,4.45504e-05,
48200,0.498962,0.549752,0.518641,0.446783,0.462408,0.5186,0.545419,0.524127,0.465953,0.520413,0.461207,0.466568,0.560497,0.527974,0.543844,0.477601,0.544846,0.427788,0.457472,0.416672,0.467644,0.379232,0.453139,0.360233,0.316813,0.219836,0.315198,0.14582,0.207487,0.0923552,0.140322,0.057125,0.086339,0.0434742,0.0690462,0.0319163,0.0481635,0.0247288,0.0331622,0.0173927,0.0217523,0.0162831,0.0194863,0.0116933,0.0152102,0.010634,0.0129346,0.00828552,0.0101828,0.007306,0.00745782,0.00591035,0.00632611,0.00474855,0.00463058,0.00369459,0.00396368,0.00295162,0.00335794,0.00266597,0.00280325,0.00188476,0.00217562,0.00145769,0.00186794,0.00147113,0.00149014,0.00105842,0.00121243,0.000883384,0.000866856,0.000685135,0.000821642,0.000613529,0.000652267,0.000481672,0.000486802,0.000416475,0.000444872,0.000311802,0.000340305,0.000258212,0.000314893,0.000220507,0.000264828,0.00019518,0.000189647,0.000144204,0.000174464,0.000116672,0.000132114,9.51183e-05,0.000105882,8.93354e-05,8.41287e-05,6.08159e-05,7.43578e-05,5.57647e-05,5.78941e-05,4.45504e-05,
48400,0.498962,0.504594,0.518641,0.446783,0.462408,0.5186,0.580128,0.553245,0.502878,0.520413,0.50688,0.466568,0.560497,0.527974,0.543844,0.477601,0.490361,0.462152,0.457472,0.453411,0.431272,0.379232,0.412545,0.310355,0.316813,0.219836,0.28683,0.160402,0.207487,0.0923552,0.140322,0.0626334,0.086339,0.0434742,0.0654122,0.0319163,0.0443301,0.0247288,0.0312672,0.0173927,0.0217523,0.0162831,0.0194863,0.0116933,0.0152102,0.010634,0.0129346,0.008891,0.00939804,0.00781983,0.00745782,0.00624468,0.00581754,0.00474855,0.00463058,0.00369459,0.00396368,0.00295162,0.00335794,0.00266597,0.00280325,0.00188476,0.00243921,0.00145769,0.00186794,0.00161824,0.00133294,0.00105842,0.00121243,0.000928386,0.000977183,0.000738423,0.000821642,0.000613529,0.000652267,0.000507023,0.000486802,0.000416475,0.000444872,0.000311802,0.000340305,0.000258212,0.00029465,0.000236043,0.000264828,0.000171596,0.000189647,0.000144204,0.000193144,0.000116672,0.000132114,0.000101777,0.000105882,8.93354e-05,8.41287e-05,6.08159e-05,7.0155e-05,5.57647e-05,5.78941e-05,4.45504e-05,
48600,0.462479,0.550809,0.55898,0.475215,0.488564,0.5186,0.580128,0.59729,0.502878,0.520413,0.538948,0.520543,0.560497,0.527974,0.543844,0.477601,0.490361,0.462152,0.457472,0.453411,0.431272,0.358163,0.437525,0.310355,0.343011,0.234492,0.28683,0.160402,0.196364,0.0923552,0.140322,0.0626334,0.086339,0.0434742,0.0595978,0.0319163,0.0414643,0.0247288,0.0349802,0.0173927,0.0217523,0.0172295,0.0194863,0.0116933,0.0152102,0.010634,0.0129346,0.008891,0.00939804,0.00781983,0.00745782,0.00580388,0.00581754,0.00474855,0.00463058,0.00369459,0.00396368,0.00295162,0.00335794,0.00266597,0.00280325,0.00209461,0.00243921,0.00136243,0.00186794,0.00134331,0.00125327,0.00113522,0.00121243,0.000928386,0.000874428,0.000738423,0.000821642,0.000613529,0.00058704,0.000556769,0.000514021,0.000380666,0.000444872,0.000295391,0.000367978,0.000258212,0.00029465,0.000236043,0.000264828,0.000182501,0.000189647,0.000144204,0.000181404,0.000116672,0.000132114,9.21707e-05,0.000105882,8.93354e-05,8.41287e-05,6.74043e-05,6.65123e-05,5.57647e-05,6.10882e-05,4.69948e-05,
48800,0.512581,0.550809,0.55898,0.475215,0.528538,0.489789,0.536475,0.59729,0.502878,0.486056,0.538948,0.520543,0.560497,0.555521,0.51418,0.442634,0.490361,0.462152,0.457472,0.41243,0.407398,0.334557,0.437525,0.310355,0.343011,0.212331,0.28683,0.140312,0.196364,0.0923552,0.11666,0.0626334,0.0812292,0.0434742,0.0627072,0.0319163,0.0414643,0.0262958,0.0316426,0.0193804,0.0217523,0.0172295,0.0194863,0.0116933,0.0137727,0.010634,0.0115796,0.008891,0.00986794,0.00719424,0.00783433,0.00580388,0.00581754,0.00474855,0.00422014,0.00345708,0.00396368,0.00295162,0.00357002,0.00266597,0.00252293,0.0019061,0.00229484,0.00150669,0.00186794,0.00125096,0.00125327,0.00113522,0.00121243,0.00100304,0.000992208,0.000738423,0.000821642,0.000613529,0.00058704,0.000556769,0.000486465,0.000355535,0.000468083,0.000326024,0.000367978,0.000272967,0.00029465,0.000236043,0.00024996,0.000182501,0.000189647,0.000144204,0.000181404,0.000116672,0.000132114,9.21707e-05,0.000105882,7.91009e-05,8.41287e-05,6.25715e-05,6.65123e-05,5.57647e-05,6.10882e-05,4.69948e-05,
49000,0.477014,0.550809,0.55898,0.475215,0.528538,0.489789,0.536475,0.56194,0.502878,0.521253,0.538948,0.520543,0.560497,0.505637,0.454643,0.442634,0.490361,0.491436,0.486504,0.41243,0.407398,0.334557,0.437525,0.310355,0.343011,0.212331,0.28683,0.140312,0.196364,0.0923552,0.12894,0.069195,0.0812292,0.041186,0.0588483,0.034709,0.0460715,0.0239053,0.0316426,0.0193804,0.0217523,0.0163511,0.0194863,0.0116933,0.0137727,0.010634,0.0115796,0.0078585,0.00892481,0.00643347,0.00783433,0.00580388,0.00581754,0.0043706,0.00468299,0.00345708,0.00396368,0.00295162,0.00357002,0.0025163,0.00279815,0.00175785,0.00229484,0.00150669,0.00186794,0.00125096,0.00140511,0.00104535,0.00121243,0.00105488,0.000992208,0.000738423,0.000821642,0.000613529,0.00058704,0.000556769,0.000486465,0.000375851,0.000436304,0.000326024,0.000403536,0.000272967,0.00029465,0.000254027,0.000265747,0.000182501,0.000189647,0.000144204,0.000181404,0.000116672,0.000132114,8.52812e-05,0.000111765,7.91009e-05,8.41287e-05,6.25715e-05,6.65123e-05,5.07244e-05,5.64915e-05,4.44314e-05,
49200,0.477014,0.492563,0.529956,0.516796,0.565648,0.51474,0.506152,0.526558,0.538131,0.521253,0.538948,0.520543,0.560497,0.480128,0.454643,0.442634,0.490361,0.451393,0.486504,0.41243,0.434558,0.334557,0.39761,0.310355,0.343011,0.212331,0.28683,0.140312,0.210225,0.0923552,0.12894,0.0637478,0.0769539,0.0364791,0.0588483,0.0320269,0.0426984,0.0239053,0.0294944,0.0205305,0.0203619,0.0163511,0.0177495,0.0126894,0.0137727,0.010634,0.0115796,0.0078585,0.00892481,0.00643347,0.00696929,0.00580388,0.00581754,0.00463284,0.00468299,0.00345708,0.00396368,0.00295162,0.00357002,0.00281114,0.00261726,0.00175785,0.00229484,0.00150669,0.00186794,0.00131623,0.00140511,0.00104535,0.00121243,0.00105488,0.000992208,0.000738423,0.000821642,0.000613529,0.00058704,0.00049541,0.000520621,0.000375851,0.000411644,0.000326024,0.000403536,0.000272967,0.000317099,0.000232635,0.000265747,0.000182501,0.000180079,0.000144204,0.000181404,0.000116672,0.000132114,8.52812e-05,0.000103188,7.91009e-05,7.78841e-05,6.6338e-05,6.65123e-05,5.07244e-05,5.64915e-05,4.14981e-05,
49400,0.477014,0.492563,0.529956,0.516796,0.565648,0.51474,0.467822,0.526558,0.538131,0.483447,0.538948,0.493146,0.560497,0.51064,0.493189,0.442634,0.490361,0.451393,0.513707,0.41243,0.457957,0.334557,0.39761,0.279319,0.343011,0.212331,0.28683,0.148204,0.210225,0.0779889,0.14094,0.0637478,0.0769539,0.0335911,0.0538205,0.0320269,0.0426984,0.0239053,0.0294944,0.0205305,0.0203619,0.0163511,0.0164846,0.0126894,0.0145962,0.010634,0.0115796,0.0078585,0.00994479,0.0067993,0.00738745,0.00580388,0.00581754,0.00419446,0.00507735,0.00368755,0.00396368,0.00313894,0.00321301,0.00281114,0.00261726,0.00175785,0.00229484,0.00161881,0.00157738,0.00131623,0.00140511,0.00097933,0.00121243,0.00105488,0.000992208,0.000738423,0.000821642,0.000613529,0.00058704,0.000463037,0.000553559,0.000375851,0.000439087,0.000326024,0.000403536,0.000272967,0.000285389,0.000232635,0.000265747,0.000182501,0.000180079,0.000144204,0.000172252,0.000109593,0.000132114,9.04302e-05,0.000110433,7.91009e-05,8.30764e-05,6.6338e-05,7.02746e-05,5.34364e-05,5.01534e-05,4.14981e-05,
49600,0.477014,0.492563,0.529956,0.573477,0.565648,0.51474,0.510623,0.526558,0.538131,0.55865,0.538948,0.493146,0.560497,0.51064,0.493189,0.415729,0.490361,0.451393,0.513707,0.41243,0.457957,0.334557,0.39761,0.279319,0.343011,0.222947,0.303055,0.148204,0.210225,0.0860449,0.14094,0.0637478,0.0840574,0.0372302,0.0538205,0.0320269,0.0426984,0.0239053,0.0294944,0.0205305,0.022992,0.0163511,0.0173244,0.0126894,0.0145962,0.00923119,0.0115796,0.0078585,0.0106468,0.0067993,0.00738745,0.0052744,0.00581754,0.0044133,0.00507735,0.00368755,0.00396368,0.00313894,0.00321301,0.00281114,0.00235554,0.00175785,0.00229484,0.00161881,0.00157738,0.00131623,0.00140511,0.00106618,0.00121243,0.000994283,0.000992208,0.000738423,0.000821642,0.000613529,0.00058704,0.000498446,0.000553559,0.000375851,0.000439087,0.000299349,0.000367217,0.000272967,0.000285389,0.000232635,0.000291704,0.000182501,0.000180079,0.000131318,0.000162409,0.000109593,0.000117608,9.04302e-05,0.000101473,6.95078e-05,8.30764e-05,7.26834e-05,7.4713e-05,5.34364e-05,5.01534e-05,4.14981e-05,
49800,0.477014,0.492563,0.529956,0.543879,0.565648,0.55978,0.479986,0.552886,0.509283,0.527192,0.508486,0.493146,0.514638,0.51064,0.493189,0.415729,0.464074,0.451393,0.513707,0.41243,0.457957,0.334557,0.39761,0.297941,0.303809,0.222947,0.303055,0.148204,0.210225,0.0860449,0.14094,0.0637478,0.0840574,0.0372302,0.059348,0.0290042,0.0458268,0.0239053,0.0317264,0.0205305,0.022992,0.0163511,0.0184122,0.0126894,0.0163037,0.0101739,0.0122346,0.0078585,0.0111892,0.0067993,0.00738745,0.00483585,0.00581754,0.00407461,0.00507735,0.00388471,0.00371977,0.0033866,0.00345967,0.00281114,0.00257503,0.00175785,0.00215715,0.00161881,0.00157738,0.00131623,0.00140511,0.00106618,0.00130551,0.000994283,0.000992208,0.000738423,0.000821642,0.000613529,0.000545947,0.000543306,0.000553559,0.000375851,0.00046348,0.00032112,0.000328811,0.00025017,0.000313334,0.000220556,0.000291704,0.000182501,0.000180079,0.000131318,0.000162409,0.000109593,0.000117608,9.74009e-05,0.000101473,6.55148e-05,8.30764e-05,7.26834e-05,7.01153e-05,5.02988e-05,5.68997e-05,4.42646e-05,
50000,0.477014,0.492563,0.529956,0.543879,0.51474,0.55978,0.479986,0.491588,0.509283,0.527192,0.508486,0.465749,0.514638,0.51064,0.493189,0.415729,0.464074,0.428381,0.513707,0.41243,0.457957,0.334557,0.377511,0.297941,0.303809,0.206778,0.303055,0.148204,0.210225,0.0860449,0.130805,0.0637478,0.0840574,0.0411923,0.059348,0.0316815,0.0458268,0.0213964,0.0317264,0.0231068,0.022992,0.0163511,0.0184122,0.0135354,0.0163037,0.0109214,0.0114351,0.0078585,0.0104432,0.00622672,0.00738745,0.00483585,0.00581754,0.00407461,0.00535075,0.00388471,0.00390575,0.00314953,0.00345967,0.00281114,0.00257503,0.00175785,0.00215715,0.00161881,0.00157738,0.00131623,0.00158885,0.000981771,0.00118155,0.000994283,0.000992208,0.000738423,0.00077898,0.000613529,0.00051235,0.000543306,0.000553559,0.000375851,0.00046348,0.000277655,0.000351862,0.000267658,0.000293605,0.000220556,0.000276648,0.000182501,0.000180079,0.000131318,0.000162409,0.000109593,0.000117608,0.000106059,0.000101473,7.32748e-05,8.30764e-05,7.26834e-05,7.01153e-05,5.02988e-05,5.3905e-05,4.42646e-05,
50200,0.477014,0.492563,0.529956,0.543879,0.51474,0.55978,0.479986,0.491588,0.509283,0.527192,0.508486,0.465749,0.514638,0.51064,0.493189,0.415729,0.464074,0.428381,0.513707,0.41243,0.457957,0.334557,0.377511,0.297941,0.303809,0.206778,0.303055,0.148204,0.210225,0.0860449,0.130805,0.0637478,0.0840574,0.0411923,0.059348,0.0316815,0.0458268,0.0213964,0.0317264,0.0231068,0.022992,0.0163511,0.0184122,0.0135354,0.0163037,0.0109214,0.0114351,0.0078585,0.0104432,0.00622672,0.00738745,0.00483585,0.00581754,0.00407461,0.00535075,0.00388471,0.00390575,0.00314953,0.00345967,0.00281114,0.00257503,0.00175785,0.00215715,0.00161881,0.00157738,0.00131623,0.00158885,0.000981771,0.00118155,0.000994283,0.000992208,0.000738423,0.00077898,0.000613529,0.00051235,0.000543306,0.000553559,0.000375851,0.00046348,0.000277655,0.000351862,0.000267658,0.000293605,0.000220556,0.000276648,0.000182501,0.000180079,0.000131318,0.000162409,0.000109593,0.000117608,0.000106059,0.000101473,7.32748e-05,8.30764e-05,7.26834e-05,7.01153e-05,5.02988e-05,5.3905e-05,4.42646e-05,
50400,0.477014,0.492563,0.529956,0.543879,0.51474,0.55978,0.479986,0.491588,0.509283,0.527192,0.508486,0.465749,0.514638,0.51064,0.493189,0.415729,0.464074,0.428381,0.513707,0.41243,0.457957,0.334557,0.377511,0.297941,0.303809,0.206778,0.303055,0.148204,0.210225,0.0860449,0.130805,0.0637478,0.0840574,0.0411923,0.059348,0.0316815,0.0458268,0.0213964,0.0317264,0.0231068,0.022992,0.0163511,0.0184122,0.0135354,0.0163037,0.0109214,0.0114351,0.0078585,0.0104432,0.00622672,0.00738745,0.00483585,0.00581754,0.00407461,0.00535075,0.00388471,0.00390575,0.00314953,0.00345967,0.00281114,0.00257503,0.00175785,0.00215715,0.00161881,0.00157738,0.00131623,0.00158885,0.000981771,0.00118155,0.000994283,0.000992208,0.000738423,0.00077898,0.000613529,0.00051235,0.000543306,0.000553559,0.000375851,0.00046348,0.000277655,0.000351862,0.000267658,0.000293605,0.000220556,0.000276648,0.000182501,0.000180079,0.000131318,0.000162409,0.000109593,0.000117608,0.000106059,0.000101473,7.32748e-05,8.30764e-05,7.26834e-05,7.01153e-05,5.02988e-05,5.3905e-05,4.42646e-05,
50600,0.477014,0.492563,0.529956,0.543879,0.51474,0.55978,0.479986,0.491588,0.509283,0.527192,0.508486,0.465749,0.514638,0.51064,0.493189,0.415729,0.464074,0.428381,0.513707,0.41243,0.457957,0.334557,0.377511,0.297941,0.303809,0.206778,0.303055,0.148204,0.210225,0.0860449,0.130805,0.0637478,0.0840574,0.0411923,0.059348,0.0316815,0.0458268,0.0213964,0.0317264,0.0231068,0.022992,0.0163511,0.0184122,0.0135354,0.0163037,0.0109214,0.0114351,0.0078585,0.0104432,0.00622672,0.00738745,0.00483585,0.00581754,0.00407461,0.00535075,0.00388471,0.00390575,0.00314953,0.00345967,0.00281114,0.00257503,0.00175785,0.00215715,0.00161881,0.00157738,0.00131623,0.00158885,0.000981771,0.00118155,0.000994283,0.000992208,0.000738423,0.00077898,0.000613529,0.00051235,0.000543306,0.000553559,0.000375851,0.00046348,0.000277655,0.000351862,0.000267658,0.000293605,0.000220556,0.000276648,0.000182501,0.000180079,0.000131318,0.000162409,0.000109593,0.000117608,0.000106059,0.000101473,7.32748e-05,8.30764e-05,7.26834e-05,7.01153e-05,5.02988e-05,5.3905e-05,4.42646e-05,
50800,0.477014,0.492563,0.529956,0.543879,0.51474,0.55978,0.479986,0.491588,0.509283,0.527192,0.508486,0.465749,0.514638,0.51064,0.493189,0.415729,0.464074,0.428381,0.513707,0.41243,0.457957,0.334557,0.377511,0.297941,0.303809,0.206778,0.303055,0.148204,0.210225,0.0860449,0.130805,0.0637478,0.0840574,0.0411923,0.059348,0.0316815,0.0458268,0.0213964,0.0317264,0.0231068,0.022992,0.0163511,0.0184122,0.0135354,0.0163037,0.0109214,0.0114351,0.0078585,0.0104432,0.00622672,0.00738745,0.00483585,0.00581754,0.00407461,0.00535075,0.00388471,0.00390575,0.00314953,0.00345967,0.00281114,0.00257503,0.00175785,0.00215715,0.00161881,0.00157738,0.00131623,0.00158885,0.000981771,0.00118155,0.000994283,0.000992208,0.000738423,0.00077898,0.000613529,0.00051235,0.000543306,0.000553559,0.000375851,0.00046348,0.000277655,0.000351862,0.000267658,0.000293605,0.000220556,0.000276648,0.000182501,0.000180079,0.000131318,0.000162409,0.000109593,0.000117608,0.000106059,0.000101473,7.32748e-05,8.30764e-05,7.26834e-05,7.01153e-05,5.02988e-05,5.3905e-05,4.42646e-05,
51000,0.477014,0.492563,0.529956,0.543879,0.51474,0.55978,0.479986,0.491588,0.509283,0.527192,0.508486,0.465749,0.514638,0.51064,0.493189,0.415729,0.464074,0.428381,0.513707,0.41243,0.457957,0.334557,0.377511,0.297941,0.303809,0.206778,0.303055,0.148204,0.210225,0.0860449,0.130805,0.0637478,0.0840574,0.0411923,0.059348,0.0316815,0.0458268,0.0213964,0.0317264,0.0231068,0.022992,0.0163511,0.0184122,0.0135354,0.0163037,0.0109214,0.0114351,0.0078585,0.0104432,0.00622672,0.00738745,0.00483585,0.00581754,0.00407461,0.00535075,0.00388471,0.00390575,0.00314953,0.00345967,0.00281114,0.00257503,0.00175785,0.00215715,0.00161881,0.00157738,0.00131623,0.00158885,0.000981771,0.00118155,0.000994283,0.000992208,0.000738423,0.00077898,0.000613529,0.00051235,0.000543306,0.000553559,0.000375851,0.00046348,0.000277655,0.000351862,0.000267658,0.000293605,0.000220556,0.000276648,0.000182501,0.000180079,0.000131318,0.000162409,0.000109593,0.000117608,0.000106059,0.000101473,7.32748e-05,8.30764e-05,7.26834e-05,7.01153e-05,5.02988e-05,5.3905e-05,4.42646e-05,
51200,0.477014,0.492563,0.529956,0.543879,0.51474,0.55978,0.479986,0.491588,0.509283,0.527192,0.508486,0.465749,0.514638,0.51064,0.493189,0.415729,0.464074,0.428381,0.513707,0.41243,0.457957,0.334557,0.377511,0.297941,0.303809,0.206778,0.303055,0.148204,0.210225,0.0860449,0.130805,0.0637478,0.0840574,0.0411923,0.059348,0.0316815,0.0458268,0.0213964,0.0317264,0.0231068,0.022992,0.0163511,0.0184122,0.0135354,0.0163037,0.0109214,0.0114351,0.0078585,0.0104432,0.00622672,0.00738745,0.00483585,0.00581754,0.00407461,0.00535075,0.00388471,0.00390575,0.00314953,0.00345967,0.00281114,0.00257503,0.00175785,0.00215715,0.00161881,0.00157738,0.00131623,0.00158885,0.000981771,0.00118155,0.000994283,0.000992208,0.000738423,0.00077898,0.000613529,0.00051235,0.000543306,0.000553559,0.000375851,0.00046348,0.000277655,0.000351862,0.000267658,0.000293605,0.000220556,0.000276648,0.000182501,0.000180079,0.000131318,0.000162409,0.000109593,0.000117608,0.000106059,0.000101473,7.32748e-05,8.30764e-05,7.26834e-05,7.01153e-05,5.02988e-05,5.3905e-05,4.42646e-05,
51400,0.477014,0.492563,0.529956,0.543879,0.51474,0.55978,0.479986,0.491588,0.509283,0.527192,0.508486,0.465749,0.514638,0.51064,0.493189,0.415729,0.464074,0.428381,0.513707,0.41243,0.457957,0.334557,0.377511,0.297941,0.303809,0.206778,0.303055,0.148204,0.210225,0.0860449,0.130805,0.0637478,0.0840574,0.0411923,0.059348,0.0316815,0.0458268,0.0213964,0.0317264,0.0231068,0.022992,0.0163511,0.0184122,0.0135354,0.0163037,0.0109214,0.0114351,0.0078585,0.0104432,0.00622672,0.00738745,0.00483585,0.00581754,0.00407461,0.00535075,0.00388471,0.00390575,0.00314953,0.00345967,0.00281114,0.00257503,0.00175785,0.00215715,0.00161881,0.00157738,0.00131623,0.00158885,0.000981771,0.00118155,0.000994283,0.000992208,0.000738423,0.00077898,0.000613529,0.00051235,0.000543306,0.000553559,0.000375851,0.00046348,0.000277655,0.000351862,0.000267658,0.000293605,0.000220556,0.000276648,0.000182501,0.000180079,0.000131318,0.000162409,0.000109593,0.000117608,0.000106059,0.000101473,7.32748e-05,8.30764e-05,7.26834e-05,7.01153e-05,5.02988e-05,5.3905e-05,4.42646e-05,
51600,0.477014,0.492563,0.529956,0.543879,0.51474,0.55978,0.479986,0.491588,0.509283,0.527192,0.508486,0.465749,0.514638,0.51064,0.493189,0.415729,0.464074,0.428381,0.513707,0.41243,0.457957,0.334557,0.377511,0.297941,0.303809,0.206778,0.303055,0.148204,0.210225,0.0860449,0.130805,0.0637478,0.0840574,0.0411923,0.059348,0.0316815,0.0458268,0.0213964,0.0317264,0.0231068,0.022992,0.0163511,0.0184122,0.0135354,0.0163037,0.0109214,0.0114351,0.0078585,0.0104432,0.00622672,0.00738745,0.00483585,0.00581754,0.00407461,0.00535075,0.00388471,0.00390575,0.00314953,0.00345967,0.00281114,0.00257503,0.00175785,0.00215715,0.00161881,0.00157738,0.00131623,0.00158885,0.000981771,0.00118155,0.000994283,0.000992208,0.000738423,0.00077898,0.000613529,0.00051235,0.000543306,0.000553559,0.000375851,0.00046348,0.000277655,0.000351862,0.000267658,0.000293605,0.000220556,0.000276648,0.000182501,0.000180079,0.000131318,0.000162409,0.000109593,0.000117608,0.000106059,0.000101473,7.32748e-05,8.30764e-05,7.26834e-05,7.01153e-05,5.02988e-05,5.3905e-05,4.42646e-05,
51800,0.477014,0.492563,0.529956,0.543879,0.51474,0.55978,0.479986,0.491588,0.509283,0.527192,0.508486,0.465749,0.514638,0.51064,0.493189,0.415729,0.464074,0.428381,0.513707,0.41243,0.457957,0.334557,0.377511,0.297941,0.303809,0.206778,0.303055,0.148204,0.210225,0.0860449,0.130805,0.0637478,0.0840574,0.0411923,0.059348,0.0316815,0.0458268,0.0213964,0.0317264,0.0231068,0.022992,0.0163511,0.0184122,0.0135354,0.0163037,0.0109214,0.0114351,0.0078585,0.0104432,0.00622672,0.00738745,0.00483585,0.00581754,0.00407461,0.00535075,0.00388471,0.00390575,0.00314953,0.00345967,0.00281114,0.00257503,0.00175785,0.00215715,0.00161881,0.00157738,0.00131623,0.00158885,0.000981771,0.00118155,0.000994283,0.000992208,0.000738423,0.00077898,0.000613529,0.00051235,0.000543306,0.000553559,0.000375851,0.00046348,0.000277655,0.000351862,0.000267658,0.000293605,0.000220556,0.000276648,0.000182501,0.000180079,0.000131318,0.000162409,0.000109593,0.000117608,0.000106059,0.000101473,7.32748e-05,8.30764e-05,7.26834e-05,7.01153e-05,5.02988e-05,5.3905e-05,4.42646e-05,
52000,0.477014,0.492563,0.529956,0.543879,0.51474,0.55978,0.479986,0.491588,0.509283,0.527192,0.508486,0.465749,0.514638,0.51064,0.493189,0.415729,0.464074,0.428381,0.513707,0.41243,0.457957,0.334557,0.377511,0.297941,0.303809,0.206778,0.303055,0.148204,0.210225,0.0860449,0.130805,0.0637478,0.0840574,0.0411923,0.059348,0.0316815,0.0458268,0.0213964,0.0317264,0.0231068,0.022992,0.0163511,0.0184122,0.0135354,0.0163037,0.0109214,0.0114351,0.0078585,0.0104432,0.00622672,0.00738745,0.00483585,0.00581754,0.00407461,0.00535075,0.00388471,0.00390575,0.00314953,0.00345967,0.00281114,0.00257503,0.00175785,0.00215715,0.00161881,0.00157738,0.00131623,0.00158885,0.000981771,0.00118155,0.000994283,0.000992208,0.000738423,0.00077898,0.000613529,0.00051235,0.000543306,0.000553559,0.000375851,0.00046348,0.000277655,0.000351862,0.000267658,0.000293605,0.000220556,0.000276648,0.000182501,0.000180079,0.000131318,0.000162409,0.000109593,0.000117608,0.000106059,0.000101473,7.32748e-05,8.30764e-05,7.26834e-05,7.01153e-05,5.02988e-05,5.3905e-05,4.42646e-05,
52200,0.477014,0.492563,0.529956,0.543879,0.51474,0.55978,0.479986,0.491588,0.509283,0.527192,0.508486,0.465749,0.514638,0.51064,0.493189,0.415729,0.464074,0.428381,0.513707,0.41243,0.457957,0.334557,0.377511,0.297941,0.303809,0.206778,0.303055,0.148204,0.210225,0.0860449,0.130805,0.0637478,0.0840574,0.0411923,0.059348,0.0316815,0.0458268,0.0213964,0.0317264,0.0231068,0.022992,0.0163511,0.0184122,0.0135354,0.0163037,0.0109214,0.0114351,0.0078585,0.0104432,0.00622672,0.00738745,0.00483585,0.00581754,0.00407461,0.00535075,0.00388471,0.00390575,0.00314953,0.00345967,0.00281114,0.00257503,0.00175785,0.00215715,0.00161881,0.00157738,0.00131623,0.00158885,0.000981771,0.00118155,0.000994283,0.000992208,0.000738423,0.00077898,0.000613529,0.00051235,0.000543306,0.000553559,0.000375851,0.00046348,0.000277655,0.000351862,0.000267658,0.000293605,0.000220556,0.000276648,0.000182501,0.000180079,0.000131318,0.000162409,0.000109593,0.000117608,0.000106059,0.000101473,7.32748e-05,8.30764e-05,7.26834e-05,7.01153e-05,5.02988e-05,5.3905e-05,4.42646e-05,
52400,0.477014,0.492563,0.529956,0.543879,0.51474,0.55978,0.479986,0.491588,0.509283,0.527192,0.508486,0.465749,0.514638,0.51064,0.493189,0.415729,0.464074,0.428381,0.513707,0.41243,0.457957,0.334557,0.377511,0.297941,0.303809,0.206778,0.303055,0.148204,0.210225,0.0860449,0.130805,0.0637478,0.0840574,0.0411923,0.059348,0.0316815,0.0458268,0.0213964,0.0317264,0.0231068,0.022992,0.0163511,0.0184122,0.0135354,0.0163037,0.0109214,0.0114351,0.0078585,0.0104432,0.00622672,0.00738745,0.00483585,0.00581754,0.00407461,0.00535075,0.00388471,0.00390575,0.00314953,0.00345967,0.00281114,0.00257503,0.00175785,0.00215715,0.00161881,0.00157738,0.00131623,0.00158885,0.000981771,0.00118155,0.000994283,0.000992208,0.000738423,0.00077898,0.000613529,0.00051235,0.000543306,0.000553559,0.000375851,0.00046348,0.000277655,0.000351862,0.000267658,0.000293605,0.000220556,0.000276648,0.000182501,0.000180079,0.000131318,0.000162409,0.000109593,0.000117608,0.000106059,0.000101473,7.32748e-05,8.30764e-05,7.26834e-05,7.01153e-05,5.02988e-05,5.3905e-05,4.42646e-05,
52600,0.477014,0.492563,0.529956,0.543879,0.51474,0.55978,0.479986,0.491588,0.509283,0.527192,0.508486,0.465749,0.514638,0.51064,0.493189,0.415729,0.464074,0.428381,0.513707,0.41243,0.457957,0.334557,0.377511,0.297941,0.303809,0.206778,0.303055,0.148204,0.210225,0.0860449,0.130805,0.0637478,0.0840574,0.0411923,0.059348,0.0316815,0.0458268,0.0213964,0.0317264,0.0231068,0.022992,0.0163511,0.0184122,0.0135354,0.0163037,0.0109214,0.0114351,0.0078585,0.0104432,0.00622672,0.00738745,0.00483585,0.00581754,0.00407461,0.00535075,0.00388471,0.00390575,0.00314953,0.00345967,0.00281114,0.00257503,0.00175785,0.00215715,0.00161881,0.00157738,0.00131623,0.00158885,0.000981771,0.00118155,0.000994283,0.000992208,0.000738423,0.00077898,0.000613529,0.00051235,0.000543306,0.000553559,0.000375851,0.00046348,0.000277655,0.000351862,0.000267658,0.000293605,0.000220556,0.000276648,0.000182501,0.000180079,0.000131318,0.000162409,0.000109593,0.000117608,0.000106059,0.000101473,7.32748e-05,8.30764e-05,7.26834e-05,7.01153e-05,5.02988e-05,5.3905e-05,4.42646e-05,
52800,0.477014,0.492563,0.529956,0.543879,0.51474,0.55978,0.479986,0.491588,0.509283,0.527192,0.508486,0.465749,0.514638,0.51064,0.493189,0.415729,0.464074,0.428381,0.513707,0.41243,0.457957,0.334557,0.377511,0.297941,0.303809,0.206778,0.303055,0.148204,0.210225,0.0860449,0.130805,0.0637478,0.0840574,0.0411923,0.059348,0.0316815,0.0458268,0.0213964,0.0317264,0.0231068,0.022992,0.0163511,0.0184122,0.0135354,0.0163037,0.0109214,0.0114351,0.0078585,0.0104432,0.00622672,0.00738745,0.00483585,0.00581754,0.00407461,0.00535075,0.00388471,0.00390575,0.00314953,0.00345967,0.00281114,0.00257503,0.00175785,0.00215715,0.00161881,0.00157738,0.00131623,0.00158885,0.000981771,0.00118155,0.000994283,0.000992208,0.000738423,0.00077898,0.000613529,0.00051235,0.000543306,0.000553559,0.000375851,0.00046348,0.000277655,0.000351862,0.000267658,0.000293605,0.000220556,0.000276648,0.000182501,0.000180079,0.000131318,0.000162409,0.000109593,0.000117608,0.000106059,0.000101473,7.32748e-05,8.30764e-05,7.26834e-05,7.01153e-05,5.02988e-05,5.3905e-05,4.42646e-05,
53000,0.477014,0.492563,0.529956,0.543879,0.51474,0.55978,0.479986,0.491588,0.509283,0.527192,0.508486,0.465749,0.514638,0.51064,0.493189,0.415729,0.464074,0.428381,0.513707,0.41243,0.457957,0.334557,0.377511,0.297941,0.303809,0.206778,0.303055,0.148204,0.210225,0.0860449,0.130805,0.0637478,0.0840574,0.0411923,0.059348,0.0316815,0.0458268,0.0213964,0.0317264,0.0231068,0.022992,0.0163511,0.0184122,0.0135354,0.0163037,0.0109214,0.0114351,0.0078585,0.0104432,0.00622672,0.00738745,0.00483585,0.00581754,0.00407461,0.00535075,0.00388471,0.00390575,0.00314953,0.00345967,0.00281114,0.00257503,0.00175785,0.00215715,0.00161881,0.00157738,0.00131623,0.00158885,0.000981771,0.00118155,0.000994283,0.000992208,0.000738423,0.00077898,0.000613529,0.00051235,0.000543306,0.000553559,0.000375851,0.00046348,0.000277655,0.000351862,0.000267658,0.000293605,0.000220556,0.000276648,0.000182501,0.000180079,0.000131318,0.000162409,0.000109593,0.000117608,0.000106059,0.000101473,7.32748e-05,8.30764e-05,7.26834e-05,7.01153e-05,5.02988e-05,5.3905e-05,4.42646e-05,
53200,0.477014,0.492563,0.529956,0.543879,0.51474,0.55978,0.479986,0.491588,0.509283,0.527192,0.508486,0.465749,0.514638,0.51064,0.493189,0.415729,0.464074,0.428381,0.513707,0.41243,0.457957,0.334557,0.377511,0.297941,0.303809,0.206778,0.303055,0.148204,0.210225,0.0860449,0.130805,0.0637478,0.0840574,0.0411923,0.059348,0.0316815,0.0458268,0.0213964,0.0317264,0.0231068,0.022992,0.0163511,0.0184122,0.0135354,0.0163037,0.0109214,0.0114351,0.0078585,0.0104432,0.00622672,0.00738745,0.00483585,0.00581754,0.00407461,0.00535075,0.00388471,0.00390575,0.00314953,0.00345967,0.00281114,0.00257503,0.00175785,0.00215715,0.00161881,0.00157738,0.00131623,0.00158885,0.000981771,0.00118155,0.000994283,0.000992208,0.000738423,0.00077898,0.000613529,0.00051235,0.000543306,0.000553559,0.000375851,0.00046348,0.000277655,0.000351862,0.000267658,0.000293605,0.000220556,0.000276648,0.000182501,0.000180079,0.000131318,0.000162409,0.000109593,0.000117608,0.000106059,0.000101473,7.32748e-05,8.30764e-05,7.26834e-05,7.01153e-05,5.02988e-05,5.3905e-05,4.42646e-05,
53400,0.477014,0.492563,0.529956,0.543879,0.51474,0.55978,0.479986,0.491588,0.509283,0.527192,0.508486,0.465749,0.514638,0.51064,0.493189,0.415729,0.464074,0.428381,0.513707,0.41243,0.457957,0.334557,0.377511,0.297941,0.303809,0.206778,0.303055,0.148204,0.210225,0.0860449,0.130805,0.0637478,0.0840574,0.0411923,0.059348,0.0316815,0.0458268,0.0213964,0.0317264,0.0231068,0.022992,0.0163511,0.0184122,0.0135354,0.0163037,0.0109214,0.0114351,0.0078585,0.0104432,0.00622672,0.00738745,0.00483585,0.00581754,0.00407461,0.00535075,0.00388471,0.00390575,0.00314953,0.00345967,0.00281114,0.00257503,0.00175785,0.00215715,0.00161881,0.00157738,0.00131623,0.00158885,0.000981771,0.00118155,0.000994283,0.000992208,0.000738423,0.00077898,0.000613529,0.00051235,0.000543306,0.000553559,0.000375851,0.00046348,0.000277655,0.000351862,0.000267658,0.000293605,0.000220556,0.000276648,0.000182501,0.000180079,0.000131318,0.000162409,0.000109593,0.000117608,0.000106059,0.000101473,7.32748e-05,8.30764e-05,7.26834e-05,7.01153e-05,5.02988e-05,5.3905e-05,4.42646e-05,
53600,0.477014,0.492563,0.529956,0.543879,0.51474,0.55978,0.479986,0.491588,0.509283,0.527192,0.508486,0.465749,0.514638,0.51064,0.493189,0.415729,0.464074,0.428381,0.513707,0.41243,0.457957,0.334557,0.377511,0.297941,0.303809,0.206778,0.303055,0.148204,0.210225,0.0860449,0.130805,0.0637478,0.0840574,0.0411923,0.059348,0.0316815,0.0458268,0.0213964,0.0317264,0.0231068,0.022992,0.0163511,0.0184122,0.0135354,0.0163037,0.0109214,0.0114351,0.0078585,0.0104432,0.00622672,0.00738745,0.00483585,0.00581754,0.00407461,0.00535075,0.00388471,0.00390575,0.00314953,0.00345967,0.00281114,0.00257503,0.00175785,0.00215715,0.00161881,0.00157738,0.00131623,0.00158885,0.000981771,0.00118155,0.000994283,0.000992208,0.000738423,0.00077898,0.000613529,0.00051235,0.000543306,0.000553559,0.000375851,0.00046348,0.000277655,0.000351862,0.000267658,0.000293605,0.000220556,0.000276648,0.000182501,0.000180079,0.000131318,0.000162409,0.000109593,0.000117608,0.000106059,0.000101473,7.32748e-05,8.30764e-05,7.26834e-05,7.01153e-05,5.02988e-05,5.3905e-05,4.42646e-05,
53800,0.477014,0.492563,0.529956,0.543879,0.51474,0.55978,0.479986,0.491588,0.509283,0.527192,0.508486,0.465749,0.514638,0.51064,0.493189,0.415729,0.464074,0.428381,0.513707,0.41243,0.457957,0.334557,0.377511,0.297941,0.303809,0.206778,0.303055,0.148204,0.210225,0.0860449,0.130805,0.0637478,0.0840574,0.0411923,0.059348,0.0316815,0.0458268,0.0213964,0.0317264,0.0231068,0.022992,0.0163511,0.0184122,0.0135354,0.0163037,0.0109214,0.0114351,0.0078585,0.0104432,0.00622672,0.00738745,0.00483585,0.00581754,0.00407461,0.00535075,0.00388471,0.00390575,0.00314953,0.00345967,0.00281114,0.00257503,0.00175785,0.00215715,0.00161881,0.00157738,0.00131623,0.00158885,0.000981771,0.00118155,0.000994283,0.000992208,0.000738423,0.00077898,0.000613529,0.00051235,0.000543306,0.000553559,0.000375851,0.00046348,0.000277655,0.000351862,0.000267658,0.000293605,0.000220556,0.000276648,0.000182501,0.000180079,0.000131318,0.000162409,0.000109593,0.000117608,0.000106059,0.000101473,7.32748e-05,8.30764e-05,7.26834e-05,7.01153e-05,5.02988e-05,5.3905e-05,4.42646e-05,
54000,0.477014,0.492563,0.529956,0.543879,0.51474,0.55978,0.479986,0.491588,0.509283,0.527192,0.508486,0.465749,0.514638,0.51064,0.493189,0.415729,0.464074,0.428381,0.513707,0.41243,0.457957,0.334557,0.377511,0.297941,0.303809,0.206778,0.303055,0.148204,0.210225,0.0860449,0.130805,0.0637478,0.0840574,0.0411923,0.059348,0.0316815,0.0458268,0.0213964,0.0317264,0.0231068,0.022992,0.0163511,0.0184122,0.0135354,0.0163037,0.0109214,0.0114351,0.0078585,0.0104432,0.00622672,0.00738745,0.00483585,0.00581754,0.00407461,0.00535075,0.00388471,0.00390575,0.00314953,0.00345967,0.00281114,0.00257503,0.00175785,0.00215715,0.00161881,0.00157738,0.00131623,0.00158885,0.000981771,0.00118155,0.000994283,0.000992208,0.000738423,0.00077898,0.000613529,0.00051235,0.000543306,0.000553559,0.000375851,0.00046348,0.000277655,0.000351862,0.000267658,0.000293605,0.000220556,0.000276648,0.000182501,0.000180079,0.000131318,0.000162409,0.000109593,0.000117608,0.000106059,0.000101473,7.32748e-05,8.30764e-05,7.26834e-05,7.01153e-05,5.02988e-05,5.3905e-05,4.42646e-05,
54200,0.477014,0.492563,0.529956,0.543879,0.51474,0.55978,0.479986,0.491588,0.509283,0.527192,0.508486,0.465749,0.514638,0.51064,0.493189,0.415729,0.464074,0.428381,0.513707,0.41243,0.457957,0.334557,0.377511,0.297941,0.303809,0.206778,0.303055,0.148204,0.210225,0.0860449,0.130805,0.0637478,0.0840574,0.0411923,0.059348,0.0316815,0.0458268,0.0213964,0.0317264,0.0231068,0.022992,0.0163511,0.0184122,0.0135354,0.0163037,0.0109214,0.0114351,0.0078585,0.0104432,0.00622672,0.00738745,0.00483585,0.00581754,0.00407461,0.00535075,0.00388471,0.00390575,0.00314953,0.00345967,0.00281114,0.00257503,0.00175785,0.00215715,0.00161881,0.00157738,0.00131623,0.00158885,0.000981771,0.00118155,0.000994283,0.000992208,0.000738423,0.00077898,0.000613529,0.00051235,0.000543306,0.000553559,0.000375851,0.00046348,0.000277655,0.000351862,0.000267658,0.000293605,0.000220556,0.000276648,0.000182501,0.000180079,0.000131318,0.000162409,0.000109593,0.000117608,0.000106059,0.000101473,7.32748e-05,8.30764e-05,7.26834e-05,7.01153e-05,5.02988e-05,5.3905e-05,4.42646e-05,
54400,0.477014,0.492563,0.529956,0.543879,0.51474,0.55978,0.479986,0.491588,0.509283,0.527192,0.508486,0.465749,0.514638,0.51064,0.493189,0.415729,0.464074,0.428381,0.513707,0.41243,0.457957,0.334557,0.377511,0.297941,0.303809,0.206778,0.303055,0.148204,0.210225,0.0860449,0.130805,0.0637478,0.0840574,0.0411923,0.059348,0.0316815,0.0458268,0.0213964,0.0317264,0.0231068,0.022992,0.0163511,0.0184122,0.0135354,0.0163037,0.0109214,0.0114351,0.0078585,0.0104432,0.00622672,0.00738745,0.00483585,0.00581754,0.00407461,0.00535075,0.00388471,0.00390575,0.00314953,0.00345967,0.00281114,0.00257503,0.00175785,0.00215715,0.00161881,0.00157738,0.00131623,0.00158885,0.000981771,0.00118155,0.000994283,0.000992208,0.000738423,0.00077898,0.000613529,0.00051235,0.000543306,0.000553559,0.000375851,0.00046348,0.000277655,0.000351862,0.000267658,0.000293605,0.000220556,0.000276648,0.000182501,0.000180079,0.000131318,0.000162409,0.000109593,0.000117608,0.000106059,0.000101473,7.32748e-05,8.30764e-05,7.26834e-05,7.01153e-05,5.02988e-05,5.3905e-05,4.42646e-05,
54600,0.477014,0.492563,0.529956,0.543879,0.51474,0.55978,0.479986,0.491588,0.509283,0.527192,0.508486,0.465749,0.514638,0.51064,0.493189,0.415729,0.464074,0.428381,0.513707,0.41243,0.457957,0.334557,0.377511,0.297941,0.303809,0.206778,0.303055,0.148204,0.210225,0.0860449,0.130805,0.0637478,0.0840574,0.0411923,0.059348,0.0316815,0.0458268,0.0213964,0.0317264,0.0231068,0.022992,0.0163511,0.0184122,0.0135354,0.0163037,0.0109214,0.0114351,0.0078585,0.0104432,0.00622672,0.00738745,0.00483585,0.00581754,0.00407461,0.00535075,0.00388471,0.00390575,0.00314953,0.00345967,0.00281114,0.00257503,0.00175785,0.00215715,0.00161881,0.00157738,0.00131623,0.00158885,0.000981771,0.00118155,0.000994283,0.000992208,0.000738423,0.00077898,0.000613529,0.00051235,0.000543306,0.000553559,0.000375851,0.00046348,0.000277655,0.000351862,0.000267658,0.000293605,0.000220556,0.000276648,0.000182501,0.000180079,0.000131318,0.000162409,0.000109593,0.000117608,0.000106059,0.000101473,7.32748e-05,8.30764e-05,7.26834e-05,7.01153e-05,5.02988e-05,5.3905e-05,4.42646e-05,
54800,0.477014,0.492563,0.529956,0.543879,0.51474,0.55978,0.479986,0.491588,0.509283,0.527192,0.508486,0.465749,0.514638,0.51064,0.493189,0.415729,0.464074,0.428381,0.513707,0.41243,0.457957,0.334557,0.377511,0.297941,0.303809,0.206778,0.303055,0.148204,0.210225,0.0860449,0.130805,0.0637478,0.0840574,0.0411923,0.059348,0.0316815,0.0458268,0.0213964,0.0317264,0.0231068,0.022992,0.0163511,0.0184122,0.0135354,0.0163037,0.0109214,0.0114351,0.0078585,0.0104432,0.00622672,0.00738745,0.00483585,0.00581754,0.00407461,0.00535075,0.00388471,0.00390575,0.00314953,0.00345967,0.00281114,0.00257503,0.00175785,0.00215715,0.00161881,0.00157738,0.00131623,0.00158885,0.000981771,0.00118155,0.000994283,0.000992208,0.000738423,0.00077898,0.000613529,0.00051235,0.000543306,0.000553559,0.000375851,0.00046348,0.000277655,0.000351862,0.000267658,0.000293605,0.000220556,0.000276648,0.000182501,0.000180079,0.000131318,0.000162409,0.000109593,0.000117608,0.000106059,0.000101473,7.32748e-05,8.30764e-05,7.26834e-05,7.01153e-05,5.02988e-05,5.3905e-05,4.42646e-05,
55000,0.477014,0.492563,0.529956,0.543879,0.51474,0.55978,0.479986,0.491588,0.509283,0.527192,0.508486,0.465749,0.514638,0.51064,0.493189,0.415729,0.464074,0.428381,0.513707,0.41243,0.457957,0.334557,0.377511,0.297941,0.303809,0.206778,0.303055,0.148204,0.210225,0.0860449,0.130805,0.0637478,0.0840574,0.0411923,0.059348,0.0316815,0.0458268,0.0213964,0.0317264,0.0231068,0.022992,0.0163511,0.0184122,0.0135354,0.0163037,0.0109214,0.0114351,0.0078585,0.0104432,0.00622672,0.00738745,0.00483585,0.00581754,0.00407461,0.00535075,0.00388471,0.00390575,0.00314953,0.00345967,0.00281114,0.00257503,0.00175785,0.00215715,0.00161881,0.00157738,0.00131623,0.00158885,0.000981771,0.00118155,0.000994283,0.000992208,0.000738423,0.00077898,0.000613529,0.00051235,0.000543306,0.000553559,0.000375851,0.00046348,0.000277655,0.000351862,0.000267658,0.000293605,0.000220556,0.000276648,0.000182501,0.000180079,0.000131318,0.000162409,0.000109593,0.000117608,0.000106059,0.000101473,7.32748e-05,8.30764e-05,7.26834e-05,7.01153e-05,5.02988e-05,5.3905e-05,4.42646e-05,
55200,0.477014,0.492563,0.529956,0.543879,0.51474,0.55978,0.479986,0.491588,0.509283,0.527192,0.508486,0.465749,0.514638,0.51064,0.493189,0.415729,0.464074,0.428381,0.513707,0.41243,0.457957,0.334557,0.377511,0.297941,0.303809,0.206778,0.303055,0.148204,0.210225,0.0860449,0.130805,0.0637478,0.0840574,0.0411923,0.059348,0.0316815,0.0458268,0.0213964,0.0317264,0.0231068,0.022992,0.0163511,0.0184122,0.0135354,0.0163037,0.0109214,0.0114351,0.0078585,0.0104432,0.00622672,0.00738745,0.00483585,0.00581754,0.00407461,0.00535075,0.00388471,0.00390575,0.00314953,0.00345967,0.00281114,0.00257503,0.00175785,0.00215715,0.00161881,0.00157738,0.00131623,0.00158885,0.000981771,0.00118155,0.000994283,0.000992208,0.000738423,0.00077898,0.000613529,0.00051235,0.000543306,0.000553559,0.000375851,0.00046348,0.000277655,0.000351862,0.000267658,0.000293605,0.000220556,0.000276648,0.000182501,0.000180079,0.000131318,0.000162409,0.000109593,0.000117608,0.000106059,0.000101473,7.32748e-05,8.30764e-05,7.26834e-05,7.01153e-05,5.02988e-05,5.3905e-05,4.42646e-05,
55400,0.477014,0.492563,0.529956,0.543879,0.51474,0.55978,0.479986,0.491588,0.509283,0.527192,0.508486,0.465749,0.514638,0.51064,0.493189,0.415729,0.464074,0.428381,0.513707,0.41243,0.457957,0.334557,0.377511,0.297941,0.303809,0.206778,0.303055,0.148204,0.210225,0.0860449,0.130805,0.0637478,0.0840574,0.0411923,0.059348,0.0316815,0.0458268,0.0213964,0.0317264,0.0231068,0.022992,0.0163511,0.0184122,0.0135354,0.0163037,0.0109214,0.0114351,0.0078585,0.0104432,0.00622672,0.00738745,0.00483585,0.00581754,0.00407461,0.00535075,0.00388471,0.00390575,0.00314953,0.00345967,0.00281114,0.00257503,0.00175785,0.00215715,0.00161881,0.00157738,0.00131623,0.00158885,0.000981771,0.00118155,0.000994283,0.000992208,0.000738423,0.00077898,0.000613529,0.00051235,0.000543306,0.000553559,0.000375851,0.00046348,0.000277655,0.000351862,0.000267658,0.000293605,0.000220556,0.000276648,0.000182501,0.000180079,0.000131318,0.000162409,0.000109593,0.000117608,0.000106059,0.000101473,7.32748e-05,8.30764e-05,7.26834e-05,7.01153e-05,5.02988e-05,5.3905e-05,4.42646e-05,
55600,0.477014,0.492563,0.529956,0.543879,0.51474,0.55978,0.479986,0.491588,0.509283,0.527192,0.508486,0.465749,0.514638,0.51064,0.493189,0.415729,0.464074,0.428381,0.513707,0.41243,0.457957,0.334557,0.377511,0.297941,0.303809,0.206778,0.303055,0.148204,0.210225,0.0860449,0.130805,0.0637478,0.0840574,0.0411923,0.059348,0.0316815,0.0458268,0.0213964,0.0317264,0.0231068,0.022992,0.0163511,0.0184122,0.0135354,0.0163037,0.0109214,0.0114351,0.0078585,0.0104432,0.00622672,0.00738745,0.00483585,0.00581754,0.00407461,0.00535075,0.00388471,0.00390575,0.00314953,0.00345967,0.00281114,0.00257503,0.00175785,0.00215715,0.00161881,0.00157738,0.00131623,0.00158885,0.000981771,0.00118155,0.000994283,0.000992208,0.000738423,0.00077898,0.000613529,0.00051235,0.000543306,0.000553559,0.000375851,0.00046348,0.000277655,0.000351862,0.000267658,0.000293605,0.000220556,0.000276648,0.000182501,0.000180079,0.000131318,0.000162409,0.000109593,0.000117608,0.000106059,0.000101473,7.32748e-05,8.30764e-05,7.26834e-05,7.01153e-05,5.02988e-05,5.3905e-05,4.42646e-05,
55800,0.477014,0.492563,0.529956,0.543879,0.51474,0.55978,0.479986,0.491588,0.509283,0.527192,0.508486,0.465749,0.514638,0.51064,0.493189,0.415729,0.464074,0.428381,0.513707,0.41243,0.457957,0.334557,0.377511,0.297941,0.303809,0.206778,0.303055,0.148204,0.210225,0.0860449,0.130805,0.0637478,0.0840574,0.0411923,0.059348,0.0316815,0.0458268,0.0213964,0.0317264,0.0231068,0.022992,0.0163511,0.0184122,0.0135354,0.0163037,0.0109214,0.0114351,0.0078585,0.0104432,0.00622672,0.00738745,0.00483585,0.00581754,0.00407461,0.00535075,0.00388471,0.00390575,0.00314953,0.00345967,0.00281114,0.00257503,0.00175785,0.00215715,0.00161881,0.00157738,0.00131623,0.00158885,0.000981771,0.00118155,0.000994283,0.000992208,0.000738423,0.00077898,0.000613529,0.00051235,0.000543306,0.000553559,0.000375851,0.00046348,0.000277655,0.000351862,0.000267658,0.000293605,0.000220556,0.000276648,0.000182501,0.000180079,0.000131318,0.000162409,0.000109593,0.000117608,0.000106059,0.000101473,7.32748e-05,8.30764e-05,7.26834e-05,7.01153e-05,5.02988e-05,5.3905e-05,4.42646e-05,
56000,0.477014,0.492563,0.529956,0.543879,0.51474,0.55978,0.479986,0.491588,0.509283,0.527192,0.508486,0.465749,0.514638,0.51064,0.493189,0.415729,0.464074,0.428381,0.513707,0.41243,0.457957,0.334557,0.377511,0.297941,0.303809,0.206778,0.303055,0.148204,0.210225,0.0860449,0.130805,0.0637478,0.0840574,0.0411923,0.059348,0.0316815,0.0458268,0.0213964,0.0317264,0.0231068,0.022992,0.0163511,0.0184122,0.0135354,0.0163037,0.0109214,0.0114351,0.0078585,0.0104432,0.00622672,0.00738745,0.00483585,0.00581754,0.00407461,0.00535075,0.00388471,0.00390575,0.00314953,0.00345967,0.00281114,0.00257503,0.00175785,0.00215715,0.00161881,0.00157738,0.00131623,0.00158885,0.000981771,0.00118155,0.000994283,0.000992208,0.000738423,0.00077898,0.000613529,0.00051235,0.000543306,0.000553559,0.000375851,0.00046348,0.000277655,0.000351862,0.000267658,0.000293605,0.000220556,0.000276648,0.000182501,0.000180079,0.000131318,0.000162409,0.000109593,0.000117608,0.000106059,0.000101473,7.32748e-05,8.30764e-05,7.26834e-05,7.01153e-05,5.02988e-05,5.3905e-05,4.42646e-05,
56200,0.477014,0.492563,0.529956,0.543879,0.51474,0.55978,0.479986,0.491588,0.509283,0.527192,0.508486,0.465749,0.514638,0.51064,0.493189,0.415729,0.464074,0.428381,0.513707,0.41243,0.457957,0.334557,0.377511,0.297941,0.303809,0.206778,0.303055,0.148204,0.210225,0.0860449,0.130805,0.0637478,0.0840574,0.0411923,0.059348,0.0316815,0.0458268,0.0213964,0.0317264,0.0231068,0.022992,0.0163511,0.0184122,0.0135354,0.0163037,0.0109214,0.0114351,0.0078585,0.0104432,0.00622672,0.00738745,0.00483585,0.00581754,0.00407461,0.00535075,0.00388471,0.00390575,0.00314953,0.00345967,0.00281114,0.00257503,0.00175785,0.00215715,0.00161881,0.00157738,0.00131623,0.00158885,0.000981771,0.00118155,0.000994283,0.000992208,0.000738423,0.00077898,0.000613529,0.00051235,0.000543306,0.000553559,0.000375851,0.00046348,0.000277655,0.000351862,0.000267658,0.000293605,0.000220556,0.000276648,0.000182501,0.000180079,0.000131318,0.000162409,0.000109593,0.000117608,0.000106059,0.000101473,7.32748e-05,8.30764e-05,7.26834e-05,7.01153e-05,5.02988e-05,5.3905e-05,4.42646e-05,
56400,0.477014,0.492563,0.529956,0.543879,0.51474,0.55978,0.479986,0.491588,0.509283,0.527192,0.508486,0.465749,0.514638,0.51064,0.493189,0.415729,0.464074,0.428381,0.513707,0.41243,0.457957,0.334557,0.377511,0.297941,0.303809,0.206778,0.303055,0.148204,0.210225,0.0860449,0.130805,0.0637478,0.0840574,0.0411923,0.059348,0.0316815,0.0458268,0.0213964,0.0317264,0.0231068,0.022992,0.0163511,0.0184122,0.0135354,0.0163037,0.0109214,0.0114351,0.0078585,0.0104432,0.00622672,0.00738745,0.00483585,0.00581754,0.00407461,0.00535075,0.00388471,0.00390575,0.00314953,0.00345967,0.00281114,0.00257503,0.00175785,0.00215715,0.00161881,0.00157738,0.00131623,0.00158885,0.000981771,0.00118155,0.000994283,0.000992208,0.000738423,0.00077898,0.000613529,0.00051235,0.000543306,0.000553559,0.000375851,0.00046348,0.000277655,0.000351862,0.000267658,0.000293605,0.000220556,0.000276648,0.000182501,0.000180079,0.000131318,0.000162409,0.000109593,0.000117608,0.000106059,0.000101473,7.32748e-05,8.30764e-05,7.26834e-05,7.01153e-05,5.02988e-05,5.3905e-05,4.42646e-05,
56600,0.477014,0.492563,0.529956,0.543879,0.51474,0.55978,0.479986,0.491588,0.509283,0.527192,0.508486,0.465749,0.514638,0.51064,0.493189,0.415729,0.464074,0.428381,0.513707,0.41243,0.457957,0.334557,0.377511,0.297941,0.303809,0.206778,0.303055,0.148204,0.210225,0.0860449,0.130805,0.0637478,0.0840574,0.0411923,0.059348,0.0316815,0.0458268,0.0213964,0.0317264,0.0231068,0.022992,0.0163511,0.0184122,0.0135354,0.0163037,0.0109214,0.0114351,0.0078585,0.0104432,0.00622672,0.00738745,0.00483585,0.00581754,0.00407461,0.00535075,0.00388471,0.00390575,0.00314953,0.00345967,0.00281114,0.00257503,0.00175785,0.00215715,0.00161881,0.00157738,0.00131623,0.00158885,0.000981771,0.00118155,0.000994283,0.000992208,0.000738423,0.00077898,0.000613529,0.00051235,0.000543306,0.000553559,0.000375851,0.00046348,0.000277655,0.000351862,0.000267658,0.000293605,0.000220556,0.000276648,0.000182501,0.000180079,0.000131318,0.000162409,0.000109593,0.000117608,0.000106059,0.000101473,7.32748e-05,8.30764e-05,7.26834e-05,7.01153e-05,5.02988e-05,5.3905e-05,4.42646e-05,
56800,0.477014,0.492563,0.529956,0.543879,0.51474,0.55978,0.479986,0.491588,0.509283,0.527192,0.508486,0.465749,0.514638,0.51064,0.493189,0.415729,0.464074,0.428381,0.513707,0.41243,0.457957,0.334557,0.377511,0.297941,0.303809,0.206778,0.303055,0.148204,0.210225,0.0860449,0.130805,0.0637478,0.0840574,0.0411923,0.059348,0.0316815,0.0458268,0.0213964,0.0317264,0.0231068,0.022992,0.0163511,0.0184122,0.0135354,0.0163037,0.0109214,0.0114351,0.0078585,0.0104432,0.00622672,0.00738745,0.00483585,0.00581754,0.00407461,0.00535075,0.00388471,0.00390575,0.00314953,0.00345967,0.00281114,0.00257503,0.00175785,0.00215715,0.00161881,0.00157738,0.00131623,0.00158885,0.000981771,0.00118155,0.000994283,0.000992208,0.000738423,0.00077898,0.000613529,0.00051235,0.000543306,0.000553559,0.000375851,0.00046348,0.000277655,0.000351862,0.000267658,0.000293605,0.000220556,0.000276648,0.000182501,0.000180079,0.000131318,0.000162409,0.000109593,0.000117608,0.000106059,0.000101473,7.32748e-05,8.30764e-05,7.26834e-05,7.01153e-05,5.02988e-05,5.3905e-05,4.42646e-05,
57000,0.477014,0.492563,0.529956,0.543879,0.51474,0.55978,0.479986,0.491588,0.509283,0.527192,0.508486,0.465749,0.514638,0.51064,0.493189,0.415729,0.464074,0.428381,0.513707,0.41243,0.457957,0.334557,0.377511,0.297941,0.303809,0.206778,0.303055,0.148204,0.210225,0.0860449,0.130805,0.0637478,0.0840574,0.0411923,0.059348,0.0316815,0.0458268,0.0213964,0.0317264,0.0231068,0.022992,0.0163511,0.0184122,0.0135354,0.0163037,0.0109214,0.0114351,0.0078585,0.0104432,0.00622672,0.00738745,0.00483585,0.00581754,0.00407461,0.00535075,0.00388471,0.00390575,0.00314953,0.00345967,0.00281114,0.00257503,0.00175785,0.00215715,0.00161881,0.00157738,0.00131623,0.00158885,0.000981771,0.00118155,0.000994283,0.000992208,0.000738423,0.00077898,0.000613529,0.00051235,0.000543306,0.000553559,0.000375851,0.00046348,0.000277655,0.000351862,0.000267658,0.000293605,0.000220556,0.000276648,0.000182501,0.000180079,0.000131318,0.000162409,0.000109593,0.000117608,0.000106059,0.000101473,7.32748e-05,8.30764e-05,7.26834e-05,7.01153e-05,5.02988e-05,5.3905e-05,4.42646e-05,
57200,0.477014,0.492563,0.529956,0.543879,0.51474,0.55978,0.479986,0.491588,0.509283,0.527192,0.508486,0.465749,0.514638,0.51064,0.493189,0.415729,0.464074,0.428381,0.513707,0.41243,0.457957,0.334557,0.377511,0.297941,0.303809,0.206778,0.303055,0.148204,0.210225,0.0860449,0.130805,0.0637478,0.0840574,0.0411923,0.059348,0.0316815,0.0458268,0.0213964,0.0317264,0.0231068,0.022992,0.0163511,0.0184122,0.0135354,0.0163037,0.0109214,0.0114351,0.0078585,0.0104432,0.00622672,0.00738745,0.00483585,0.00581754,0.00407461,0.00535075,0.00388471,0.00390575,0.00314953,0.00345967,0.00281114,0.00257503,0.00175785,0.00215715,0.00161881,0.00157738,0.00131623,0.00158885,0.000981771,0.00118155,0.000994283,0.000992208,0.000738423,0.00077898,0.000613529,0.00051235,0.000543306,0.000553559,0.000375851,0.00046348,0.000277655,0.000351862,0.000267658,0.000293605,0.000220556,0.000276648,0.000182501,0.000180079,0.000131318,0.000162409,0.000109593,0.000117608,0.000106059,0.000101473,7.32748e-05,8.30764e-05,7.26834e-05,7.01153e-05,5.02988e-05,5.3905e-05,4.42646e-05,
57400,0.477014,0.492563,0.529956,0.543879,0.51474,0.55978,0.479986,0.491588,0.509283,0.527192,0.508486,0.465749,0.514638,0.51064,0.493189,0.415729,0.464074,0.428381,0.513707,0.41243,0.457957,0.334557,0.377511,0.297941,0.303809,0.206778,0.303055,0.148204,0.210225,0.0860449,0.130805,0.0637478,0.0840574,0.0411923,0.059348,0.0316815,0.0458268,0.0213964,0.0317264,0.0231068,0.022992,0.0163511,0.0184122,0.0135354,0.0163037,0.0109214,0.0114351,0.0078585,0.0104432,0.00622672,0.00738745,0.00483585,0.00581754,0.00407461,0.00535075,0.00388471,0.00390575,0.00314953,0.00345967,0.00281114,0.00257503,0.00175785,0.00215715,0.00161881,0.00157738,0.00131623,0.00158885,0.000981771,0.00118155,0.000994283,0.000992208,0.000738423,0.00077898,0.000613529,0.00051235,0.000543306,0.000553559,0.000375851,0.00046348,0.000277655,0.000351862,0.000267658,0.000293605,0.000220556,0.000276648,0.000182501,0.000180079,0.000131318,0.000162409,0.000109593,0.000117608,0.000106059,0.000101473,7.32748e-05,8.30764e-05,7.26834e-05,7.01153e-05,5.02988e-05,5.3905e-05,4.42646e-05,
57600,0.477014,0.492563,0.529956,0.543879,0.51474,0.55978,0.479986,0.491588,0.509283,0.527192,0.508486,0.465749,0.514638,0.51064,0.493189,0.415729,0.464074,0.428381,0.513707,0.41243,0.457957,0.334557,0.377511,0.297941,0.303809,0.206778,0.303055,0.148204,0.210225,0.0860449,0.130805,0.0637478,0.0840574,0.0411923,0.059348,0.0316815,0.0458268,0.0213964,0.0317264,0.0231068,0.022992,0.0163511,0.0184122,0.0135354,0.0163037,0.0109214,0.0114351,0.0078585,0.0104432,0.00622672,0.00738745,0.00483585,0.00581754,0.00407461,0.00535075,0.00388471,0.00390575,0.00314953,0.00345967,0.00281114,0.00257503,0.00175785,0.00215715,0.00161881,0.00157738,0.00131623,0.00158885,0.000981771,0.00118155,0.000994283,0.000992208,0.000738423,0.00077898,0.000613529,0.00051235,0.000543306,0.000553559,0.000375851,0.00046348,0.000277655,0.000351862,0.000267658,0.000293605,0.000220556,0.000276648,0.000182501,0.000180079,0.000131318,0.000162409,0.000109593,0.000117608,0.000106059,0.000101473,7.32748e-05,8.30764e-05,7.26834e-05,7.01153e-05,5.02988e-05,5.3905e-05,4.42646e-05,
57800,0.477014,0.492563,0.529956,0.543879,0.51474,0.55978,0.479986,0.491588,0.509283,0.527192,0.508486,0.465749,0.514638,0.51064,0.493189,0.415729,0.464074,0.428381,0.513707,0.41243,0.457957,0.334557,0.377511,0.297941,0.303809,0.206778,0.303055,0.148204,0.210225,0.0860449,0.130805,0.0637478,0.0840574,0.0411923,0.059348,0.0316815,0.0458268,0.0213964,0.0317264,0.0231068,0.022992,0.0163511,0.0184122,0.0135354,0.0163037,0.0109214,0.0114351,0.0078585,0.0104432,0.00622672,0.00738745,0.00483585,0.00581754,0.00407461,0.00535075,0.00388471,0.00390575,0.00314953,0.00345967,0.00281114,0.00257503,0.00175785,0.00215715,0.00161881,0.00157738,0.00131623,0.00158885,0.000981771,0.00118155,0.000994283,0.000992208,0.000738423,0.00077898,0.000613529,0.00051235,0.000543306,0.000553559,0.000375851,0.00046348,0.000277655,0.000351862,0.000267658,0.000293605,0.000220556,0.000276648,0.000182501,0.000180079,0.000131318,0.000162409,0.000109593,0.000117608,0.000106059,0.000101473,7.32748e-05,8.30764e-05,7.26834e-05,7.01153e-05,5.02988e-05,5.3905e-05,4.42646e-05,
58000,0.477014,0.492563,0.529956,0.543879,0.51474,0.55978,0.479986,0.491588,0.509283,0.527192,0.508486,0.465749,0.514638,0.51064,0.493189,0.415729,0.464074,0.428381,0.513707,0.41243,0.457957,0.334557,0.377511,0.297941,0.303809,0.206778,0.303055,0.148204,0.210225,0.0860449,0.130805,0.0637478,0.0840574,0.0411923,0.059348,0.0316815,0.0458268,0.0213964,0.0317264,0.0231068,0.022992,0.0163511,0.0184122,0.0135354,0.0163037,0.0109214,0.0114351,0.0078585,0.0104432,0.00622672,0.00738745,0.00483585,0.00581754,0.00407461,0.00535075,0.00388471,0.00390575,0.00314953,0.00345967,0.00281114,0.00257503,0.00175785,0.00215715,0.00161881,0.00157738,0.00131623,0.00158885,0.000981771,0.00118155,0.000994283,0.000992208,0.000738423,0.00077898,0.000613529,0.00051235,0.000543306,0.000553559,0.000375851,0.00046348,0.000277655,0.000351862,0.000267658,0.000293605,0.000220556,0.000276648,0.000182501,0.000180079,0.000131318,0.000162409,0.000109593,0.000117608,0.000106059,0.000101473,7.32748e-05,8.30764e-05,7.26834e-05,7.01153e-05,5.02988e-05,5.3905e-05,4.42646e-05,
58200,0.477014,0.492563,0.529956,0.543879,0.51474,0.55978,0.479986,0.491588,0.509283,0.527192,0.508486,0.465749,0.514638,0.51064,0.493189,0.415729,0.464074,0.428381,0.513707,0.41243,0.457957,0.334557,0.377511,0.297941,0.303809,0.206778,0.303055,0.148204,0.210225,0.0860449,0.130805,0.0637478,0.0840574,0.0411923,0.059348,0.0316815,0.0458268,0.0213964,0.0317264,0.0231068,0.022992,0.0163511,0.0184122,0.0135354,0.0163037,0.0109214,0.0114351,0.0078585,0.0104432,0.00622672,0.00738745,0.00483585,0.00581754,0.00407461,0.00535075,0.00388471,0.00390575,0.00314953,0.00345967,0.00281114,0.00257503,0.00175785,0.00215715,0.00161881,0.00157738,0.00131623,0.00158885,0.000981771,0.00118155,0.000994283,0.000992208,0.000738423,0.00077898,0.000613529,0.00051235,0.000543306,0.000553559,0.000375851,0.00046348,0.000277655,0.000351862,0.000267658,0.000293605,0.000220556,0.000276648,0.000182501,0.000180079,0.000131318,0.000162409,0.000109593,0.000117608,0.000106059,0.000101473,7.32748e-05,8.30764e-05,7.26834e-05,7.01153e-05,5.02988e-05,5.3905e-05,4.42646e-05,
58400,0.477014,0.492563,0.529956,0.543879,0.51474,0.55978,0.479986,0.491588,0.509283,0.527192,0.508486,0.465749,0.514638,0.51064,0.493189,0.415729,0.464074,0.428381,0.513707,0.41243,0.457957,0.334557,0.377511,0.297941,0.303809,0.206778,0.303055,0.148204,0.210225,0.0860449,0.130805,0.0637478,0.0840574,0.0411923,0.059348,0.0316815,0.0458268,0.0213964,0.0317264,0.0231068,0.022992,0.0163511,0.0184122,0.0135354,0.0163037,0.0109214,0.0114351,0.0078585,0.0104432,0.00622672,0.00738745,0.00483585,0.00581754,0.00407461,0.00535075,0.00388471,0.00390575,0.00314953,0.00345967,0.00281114,0.00257503,0.00175785,0.00215715,0.00161881,0.00157738,0.00131623,0.00158885,0.000981771,0.00118155,0.000994283,0.000992208,0.000738423,0.00077898,0.000613529,0.00051235,0.000543306,0.000553559,0.000375851,0.00046348,0.000277655,0.000351862,0.000267658,0.000293605,0.000220556,0.000276648,0.000182501,0.000180079,0.000131318,0.000162409,0.000109593,0.000117608,0.000106059,0.000101473,7.32748e-05,8.30764e-05,7.26834e-05,7.01153e-05,5.02988e-05,5.3905e-05,4.42646e-05,
58600,0.477014,0.492563,0.529956,0.543879,0.51474,0.55978,0.479986,0.491588,0.509283,0.527192,0.508486,0.465749,0.514638,0.51064,0.493189,0.415729,0.464074,0.428381,0.513707,0.41243,0.457957,0.334557,0.377511,0.297941,0.303809,0.206778,0.303055,0.148204,0.210225,0.0860449,0.130805,0.0637478,0.0840574,0.0411923,0.059348,0.0316815,0.0458268,0.0213964,0.0317264,0.0231068,0.022992,0.0163511,0.0184122,0.0135354,0.0163037,0.0109214,0.0114351,0.0078585,0.0104432,0.00622672,0.00738745,0.00483585,0.00581754,0.00407461,0.00535075,0.00388471,0.00390575,0.00314953,0.00345967,0.00281114,0.00257503,0.00175785,0.00215715,0.00161881,0.00157738,0.00131623,0.00158885,0.000981771,0.00118155,0.000994283,0.000992208,0.000738423,0.00077898,0.000613529,0.00051235,0.000543306,0.000553559,0.000375851,0.00046348,0.000277655,0.000351862,0.000267658,0.000293605,0.000220556,0.000276648,0.000182501,0.000180079,0.000131318,0.000162409,0.000109593,0.000117608,0.000106059,0.000101473,7.32748e-05,8.30764e-05,7.26834e-05,7.01153e-05,5.02988e-05,5.3905e-05,4.42646e-05,
58800,0.477014,0.492563,0.529956,0.543879,0.51474,0.55978,0.479986,0.491588,0.509283,0.527192,0.508486,0.465749,0.514638,0.51064,0.493189,0.415729,0.464074,0.428381,0.513707,0.41243,0.457957,0.334557,0.377511,0.297941,0.303809,0.206778,0.303055,0.148204,0.210225,0.0860449,0.130805,0.0637478,0.0840574,0.0411923,0.059348,0.0316815,0.0458268,0.0213964,0.0317264,0.0231068,0.022992,0.0163511,0.0184122,0.0135354,0.0163037,0.0109214,0.0114351,0.0078585,0.0104432,0.00622672,0.00738745,0.00483585,0.00581754,0.00407461,0.00535075,0.00388471,0.00390575,0.00314953,0.00345967,0.00281114,0.00257503,0.00175785,0.00215715,0.00161881,0.00157738,0.00131623,0.00158885,0.000981771,0.00118155,0.000994283,0.000992208,0.000738423,0.00077898,0.000613529,0.00051235,0.000543306,0.000553559,0.000375851,0.00046348,0.000277655,0.000351862,0.000267658,0.000293605,0.000220556,0.000276648,0.000182501,0.000180079,0.000131318,0.000162409,0.000109593,0.000117608,0.000106059,0.000101473,7.32748e-05,8.30764e-05,7.26834e-05,7.01153e-05,5.02988e-05,5.3905e-05,4.42646e-05,
59000,0.477014,0.492563,0.529956,0.543879,0.51474,0.55978,0.479986,0.491588,0.509283,0.527192,0.508486,0.465749,0.514638,0.51064,0.493189,0.415729,0.464074,0.428381,0.513707,0.41243,0.457957,0.334557,0.377511,0.297941,0.303809,0.206778,0.303055,0.148204,0.210225,0.0860449,0.130805,0.0637478,0.0840574,0.0411923,0.059348,0.0316815,0.0458268,0.0213964,0.0317264,0.0231068,0.022992,0.0163511,0.0184122,0.0135354,0.0163037,0.0109214,0.0114351,0.0078585,0.0104432,0.00622672,0.00738745,0.00483585,0.00581754,0.00407461,0.00535075,0.00388471,0.00390575,0.00314953,0.00345967,0.00281114,0.00257503,0.00175785,0.00215715,0.00161881,0.00157738,0.00131623,0.00158885,0.000981771,0.00118155,0.000994283,0.000992208,0.000738423,0.00077898,0.000613529,0.00051235,0.000543306,0.000553559,0.000375851,0.00046348,0.000277655,0.000351862,0.000267658,0.000293605,0.000220556,0.000276648,0.000182501,0.000180079,0.000131318,0.000162409,0.000109593,0.000117608,0.000106059,0.000101473,7.32748e-05,8.30764e-05,7.26834e-05,7.01153e-05,5.02988e-05,5.3905e-05,4.42646e-05,
59200,0.477014,0.492563,0.529956,0.543879,0.51474,0.55978,0.479986,0.491588,0.509283,0.527192,0.508486,0.465749,0.514638,0.51064,0.493189,0.415729,0.464074,0.428381,0.513707,0.41243,0.457957,0.334557,0.377511,0.297941,0.303809,0.206778,0.303055,0.148204,0.210225,0.0860449,0.130805,0.0637478,0.0840574,0.0411923,0.059348,0.0316815,0.0458268,0.0213964,0.0317264,0.0231068,0.022992,0.0163511,0.0184122,0.0135354,0.0163037,0.0109214,0.0114351,0.0078585,0.0104432,0.00622672,0.00738745,0.00483585,0.00581754,0.00407461,0.00535075,0.00388471,0.00390575,0.00314953,0.00345967,0.00281114,0.00257503,0.00175785,0.00215715,0.00161881,0.00157738,0.00131623,0.00158885,0.000981771,0.00118155,0.000994283,0.000992208,0.000738423,0.00077898,0.000613529,0.00051235,0.000543306,0.000553559,0.000375851,0.00046348,0.000277655,0.000351862,0.000267658,0.000293605,0.000220556,0.000276648,0.000182501,0.000180079,0.000131318,0.000162409,0.000109593,0.000117608,0.000106059,0.000101473,7.32748e-05,8.30764e-05,7.26834e-05,7.01153e-05,5.02988e-05,5.3905e-05,4.42646e-05,
59400,0.477014,0.492563,0.529956,0.543879,0.51474,0.55978,0.479986,0.491588,0.509283,0.527192,0.508486,0.465749,0.514638,0.51064,0.493189,0.415729,0.464074,0.428381,0.513707,0.41243,0.457957,0.334557,0.377511,0.297941,0.303809,0.206778,0.303055,0.148204,0.210225,0.0860449,0.130805,0.0637478,0.0840574,0.0411923,0.059348,0.0316815,0.0458268,0.0213964,0.0317264,0.0231068,0.022992,0.0163511,0.0184122,0.0135354,0.0163037,0.0109214,0.0114351,0.0078585,0.0104432,0.00622672,0.00738745,0.00483585,0.00581754,0.00407461,0.00535075,0.00388471,0.00390575,0.00314953,0.00345967,0.00281114,0.00257503,0.00175785,0.00215715,0.00161881,0.00157738,0.00131623,0.00158885,0.000981771,0.00118155,0.000994283,0.000992208,0.000738423,0.00077898,0.000613529,0.00051235,0.000543306,0.000553559,0.000375851,0.00046348,0.000277655,0.000351862,0.000267658,0.000293605,0.000220556,0.000276648,0.000182501,0.000180079,0.000131318,0.000162409,0.000109593,0.000117608,0.000106059,0.000101473,7.32748e-05,8.30764e-05,7.26834e-05,7.01153e-05,5.02988e-05,5.3905e-05,4.42646e-05,
59600,0.477014,0.492563,0.529956,0.543879,0.51474,0.55978,0.479986,0.491588,0.509283,0.527192,0.508486,0.465749,0.514638,0.51064,0.493189,0.415729,0.464074,0.428381,0.513707,0.41243,0.457957,0.334557,0.377511,0.297941,0.303809,0.206778,0.303055,0.148204,0.210225,0.0860449,0.130805,0.0637478,0.0840574,0.0411923,0.059348,0.0316815,0.0458268,0.0213964,0.0317264,0.0231068,0.022992,0.0163511,0.0184122,0.0135354,0.0163037,0.0109214,0.0114351,0.0078585,0.0104432,0.00622672,0.00738745,0.00483585,0.00581754,0.00407461,0.00535075,0.00388471,0.00390575,0.00314953,0.00345967,0.00281114,0.00257503,0.00175785,0.00215715,0.00161881,0.00157738,0.00131623,0.00158885,0.000981771,0.00118155,0.000994283,0.000992208,0.000738423,0.00077898,0.000613529,0.00051235,0.000543306,0.000553559,0.000375851,0.00046348,0.000277655,0.000351862,0.000267658,0.000293605,0.000220556,0.000276648,0.000182501,0.000180079,0.000131318,0.000162409,0.000109593,0.000117608,0.000106059,0.000101473,7.32748e-05,8.30764e-05,7.26834e-05,7.01153e-05,5.02988e-05,5.3905e-05,4.42646e-05,
59800,0.477014,0.492563,0.529956,0.543879,0.51474,0.55978,0.479986,0.491588,0.509283,0.527192,0.508486,0.465749,0.514638,0.51064,0.493189,0.415729,0.464074,0.428381,0.513707,0.41243,0.457957,0.334557,0.377511,0.297941,0.303809,0.206778,0.303055,0.148204,0.210225,0.0860449,0.130805,0.0637478,0.0840574,0.0411923,0.059348,0.0316815,0.0458268,0.0213964,0.0317264,0.0231068,0.022992,0.0163511,0.0184122,0.0135354,0.0163037,0.0109214,0.0114351,0.0078585,0.0104432,0.00622672,0.00738745,0.00483585,0.00581754,0.00407461,0.00535075,0.00388471,0.00390575,0.00314953,0.00345967,0.00281114,0.00257503,0.00175785,0.00215715,0.00161881,0.00157738,0.00131623,0.00158885,0.000981771,0.00118155,0.000994283,0.000992208,0.000738423,0.00077898,0.000613529,0.00051235,0.000543306,0.000553559,0.000375851,0.00046348,0.000277655,0.000351862,0.000267658,0.000293605,0.000220556,0.000276648,0.000182501,0.000180079,0.000131318,0.000162409,0.000109593,0.000117608,0.000106059,0.000101473,7.32748e-05,8.30764e-05,7.26834e-05,7.01153e-05,5.02988e-05,5.3905e-05,4.42646e-05,
60000,0.477014,0.492563,0.529956,0.543879,0.51474,0.55978,0.479986,0.491588,0.509283,0.527192,0.508486,0.465749,0.514638,0.51064,0.493189,0.415729,0.464074,0.428381,0.513707,0.41243,0.457957,0.334557,0.377511,0.297941,0.303809,0.206778,0.303055,0.148204,0.210225,0.0860449,0.130805,0.0637478,0.0840574,0.0411923,0.059348,0.0316815,0.0458268,0.0213964,0.0317264,0.0231068,0.022992,0.0163511,0.0184122,0.0135354,0.0163037,0.0109214,0.0114351,0.0078585,0.0104432,0.00622672,0.00738745,0.00483585,0.00581754,0.00407461,0.00535075,0.00388471,0.00390575,0.00314953,0.00345967,0.00281114,0.00257503,0.00175785,0.00215715,0.00161881,0.00157738,0.00131623,0.00158885,0.000981771,0.00118155,0.000994283,0.000992208,0.000738423,0.00077898,0.000613529,0.00051235,0.000543306,0.000553559,0.000375851,0.00046348,0.000277655,0.000351862,0.000267658,0.000293605,0.000220556,0.000276648,0.000182501,0.000180079,0.000131318,0.000162409,0.000109593,0.000117608,0.000106059,0.000101473,7.32748e-05,8.30764e-05,7.26834e-05,7.01153e-05,5.02988e-05,5.3905e-05,4.42646e-05,
60200,0.477014,0.492563,0.529956,0.543879,0.51474,0.55978,0.479986,0.491588,0.509283,0.527192,0.508486,0.465749,0.514638,0.51064,0.493189,0.415729,0.464074,0.428381,0.513707,0.41243,0.457957,0.334557,0.377511,0.297941,0.303809,0.206778,0.303055,0.148204,0.210225,0.0860449,0.130805,0.0637478,0.0840574,0.0411923,0.059348,0.0316815,0.0458268,0.0213964,0.0317264,0.0231068,0.022992,0.0163511,0.0184122,0.0135354,0.0163037,0.0109214,0.0114351,0.0078585,0.0104432,0.00622672,0.00738745,0.00483585,0.00581754,0.00407461,0.00535075,0.00388471,0.00390575,0.00314953,0.00345967,0.00281114,0.00257503,0.00175785,0.00215715,0.00161881,0.00157738,0.00131623,0.00158885,0.000981771,0.00118155,0.000994283,0.000992208,0.000738423,0.00077898,0.000613529,0.00051235,0.000543306,0.000553559,0.000375851,0.00046348,0.000277655,0.000351862,0.000267658,0.000293605,0.000220556,0.000276648,0.000182501,0.000180079,0.000131318,0.000162409,0.000109593,0.000117608,0.000106059,0.000101473,7.32748e-05,8.30764e-05,7.26834e-05,7.01153e-05,5.02988e-05,5.3905e-05,4.42646e-05,
60400,0.477014,0.492563,0.529956,0.543879,0.51474,0.55978,0.479986,0.491588,0.509283,0.527192,0.508486,0.465749,0.514638,0.51064,0.493189,0.415729,0.464074,0.428381,0.513707,0.41243,0.457957,0.334557,0.377511,0.297941,0.303809,0.206778,0.303055,0.148204,0.210225,0.0860449,0.130805,0.0637478,0.0840574,0.0411923,0.059348,0.0316815,0.0458268,0.0213964,0.0317264,0.0231068,0.022992,0.0163511,0.0184122,0.0135354,0.0163037,0.0109214,0.0114351,0.0078585,0.0104432,0.00622672,0.00738745,0.00483585,0.00581754,0.00407461,0.00535075,0.00388471,0.00390575,0.00314953,0.00345967,0.00281114,0.00257503,0.00175785,0.00215715,0.00161881,0.00157738,0.00131623,0.00158885,0.000981771,0.00118155,0.000994283,0.000992208,0.000738423,0.00077898,0.000613529,0.00051235,0.000543306,0.000553559,0.000375851,0.00046348,0.000277655,0.000351862,0.000267658,0.000293605,0.000220556,0.000276648,0.000182501,0.000180079,0.000131318,0.000162409,0.000109593,0.000117608,0.000106059,0.000101473,7.32748e-05,8.30764e-05,7.26834e-05,7.01153e-05,5.02988e-05,5.3905e-05,4.42646e-05,
60600,0.477014,0.492563,0.529956,0.543879,0.51474,0.55978,0.479986,0.491588,0.509283,0.527192,0.508486,0.465749,0.514638,0.51064,0.493189,0.415729,0.464074,0.428381,0.513707,0.41243,0.457957,0.334557,0.377511,0.297941,0.303809,0.206778,0.303055,0.148204,0.210225,0.0860449,0.130805,0.0637478,0.0840574,0.0411923,0.059348,0.0316815,0.0458268,0.0213964,0.0317264,0.0231068,0.022992,0.0163511,0.0184122,0.0135354,0.0163037,0.0109214,0.0114351,0.0078585,0.0104432,0.00622672,0.00738745,0.00483585,0.00581754,0.00407461,0.00535075,0.00388471,0.00390575,0.00314953,0.00345967,0.00281114,0.00257503,0.00175785,0.00215715,0.00161881,0.00157738,0.00131623,0.00158885,0.000981771,0.00118155,0.000994283,0.000992208,0.000738423,0.00077898,0.000613529,0.00051235,0.000543306,0.000553559,0.000375851,0.00046348,0.000277655,0.000351862,0.000267658,0.000293605,0.000220556,0.000276648,0.000182501,0.000180079,0.000131318,0.000162409,0.000109593,0.000117608,0.000106059,0.000101473,7.32748e-05,8.30764e-05,7.26834e-05,7.01153e-05,5.02988e-05,5.3905e-05,4.42646e-05,
60800,0.477014,0.492563,0.529956,0.543879,0.51474,0.55978,0.479986,0.491588,0.509283,0.527192,0.508486,0.465749,0.514638,0.51064,0.493189,0.415729,0.464074,0.428381,0.513707,0.41243,0.457957,0.334557,0.377511,0.297941,0.303809,0.206778,0.303055,0.148204,0.210225,0.0860449,0.130805,0.0637478,0.0840574,0.0411923,0.059348,0.0316815,0.0458268,0.0213964,0.0317264,0.0231068,0.022992,0.0163511,0.0184122,0.0135354,0.0163037,0.0109214,0.0114351,0.0078585,0.0104432,0.00622672,0.00738745,0.00483585,0.00581754,0.00407461,0.00535075,0.00388471,0.00390575,0.00314953,0.00345967,0.00281114,0.00257503,0.00175785,0.00215715,0.00161881,0.00157738,0.00131623,0.00158885,0.000981771,0.00118155,0.000994283,0.000992208,0.000738423,0.00077898,0.000613529,0.00051235,0.000543306,0.000553559,0.000375851,0.00046348,0.000277655,0.000351862,0.000267658,0.000293605,0.000220556,0.000276648,0.000182501,0.000180079,0.000131318,0.000162409,0.000109593,0.000117608,0.000106059,0.000101473,7.32748e-05,8.30764e-05,7.26834e-05,7.01153e-05,5.02988e-05,5.3905e-05,4.42646e-05,
61000,0.477014,0.492563,0.529956,0.543879,0.51474,0.55978,0.479986,0.491588,0.509283,0.527192,0.508486,0.465749,0.514638,0.51064,0.493189,0.415729,0.464074,0.428381,0.513707,0.41243,0.457957,0.334557,0.377511,0.297941,0.303809,0.206778,0.303055,0.148204,0.210225,0.0860449,0.130805,0.0637478,0.0840574,0.0411923,0.059348,0.0316815,0.0458268,0.0213964,0.0317264,0.0231068,0.022992,0.0163511,0.0184122,0.0135354,0.0163037,0.0109214,0.0114351,0.0078585,0.0104432,0.00622672,0.00738745,0.00483585,0.00581754,0.00407461,0.00535075,0.00388471,0.00390575,0.00314953,0.00345967,0.00281114,0.00257503,0.00175785,0.00215715,0.00161881,0.00157738,0.00131623,0.00158885,0.000981771,0.00118155,0.000994283,0.000992208,0.000738423,0.00077898,0.000613529,0.00051235,0.000543306,0.000553559,0.000375851,0.00046348,0.000277655,0.000351862,0.000267658,0.000293605,0.000220556,0.000276648,0.000182501,0.000180079,0.000131318,0.000162409,0.000109593,0.000117608,0.000106059,0.000101473,7.32748e-05,8.30764e-05,7.26834e-05,7.01153e-05,5.02988e-05,5.3905e-05,4.42646e-05,
61200,0.477014,0.492563,0.529956,0.543879,0.51474,0.55978,0.479986,0.491588,0.509283,0.527192,0.508486,0.465749,0.514638,0.51064,0.493189,0.415729,0.464074,0.428381,0.513707,0.41243,0.457957,0.334557,0.377511,0.297941,0.303809,0.206778,0.303055,0.148204,0.210225,0.0860449,0.130805,0.0637478,0.0840574,0.0411923,0.059348,0.0316815,0.0458268,0.0213964,0.0317264,0.0231068,0.022992,0.0163511,0.0184122,0.0135354,0.0163037,0.0109214,0.0114351,0.0078585,0.0104432,0.00622672,0.00738745,0.00483585,0.00581754,0.00407461,0.00535075,0.00388471,0.00390575,0.00314953,0.00345967,0.00281114,0.00257503,0.00175785,0.00215715,0.00161881,0.00157738,0.00131623,0.00158885,0.000981771,0.00118155,0.000994283,0.000992208,0.000738423,0.00077898,0.000613529,0.00051235,0.000543306,0.000553559,0.000375851,0.00046348,0.000277655,0.000351862,0.000267658,0.000293605,0.000220556,0.000276648,0.000182501,0.000180079,0.000131318,0.000162409,0.000109593,0.000117608,0.000106059,0.000101473,7.32748e-05,8.30764e-05,7.26834e-05,7.01153e-05,5.02988e-05,5.3905e-05,4.42646e-05,
61400,0.477014,0.492563,0.529956,0.543879,0.51474,0.55978,0.479986,0.491588,0.509283,0.527192,0.508486,0.465749,0.514638,0.51064,0.493189,0.415729,0.464074,0.428381,0.513707,0.41243,0.457957,0.334557,0.377511,0.297941,0.303809,0.206778,0.303055,0.148204,0.210225,0.0860449,0.130805,0.0637478,0.0840574,0.0411923,0.059348,0.0316815,0.0458268,0.0213964,0.0317264,0.0231068,0.022992,0.0163511,0.0184122,0.0135354,0.0163037,0.0109214,0.0114351,0.0078585,0.0104432,0.00622672,0.00738745,0.00483585,0.00581754,0.00407461,0.00535075,0.00388471,0.00390575,0.00314953,0.00345967,0.00281114,0.00257503,0.00175785,0.00215715,0.00161881,0.00157738,0.00131623,0.00158885,0.000981771,0.00118155,0.000994283,0.000992208,0.000738423,0.00077898,0.000613529,0.00051235,0.000543306,0.000553559,0.000375851,0.00046348,0.000277655,0.000351862,0.000267658,0.000293605,0.000220556,0.000276648,0.000182501,0.000180079,0.000131318,0.000162409,0.000109593,0.000117608,0.000106059,0.000101473,7.32748e-05,8.30764e-05,7.26834e-05,7.01153e-05,5.02988e-05,5.3905e-05,4.42646e-05,
61600,0.477014,0.492563,0.529956,0.543879,0.51474,0.55978,0.479986,0.491588,0.509283,0.527192,0.508486,0.465749,0.514638,0.51064,0.493189,0.415729,0.464074,0.428381,0.513707,0.41243,0.457957,0.334557,0.377511,0.297941,0.303809,0.206778,0.303055,0.148204,0.210225,0.0860449,0.130805,0.0637478,0.0840574,0.0411923,0.059348,0.0316815,0.0458268,0.0213964,0.0317264,0.0231068,0.022992,0.0163511,0.0184122,0.0135354,0.0163037,0.0109214,0.0114351,0.0078585,0.0104432,0.00622672,0.00738745,0.00483585,0.00581754,0.00407461,0.00535075,0.00388471,0.00390575,0.00314953,0.00345967,0.00281114,0.00257503,0.00175785,0.00215715,0.00161881,0.00157738,0.00131623,0.00158885,0.000981771,0.00118155,0.000994283,0.000992208,0.000738423,0.00077898,0.000613529,0.00051235,0.000543306,0.000553559,0.000375851,0.00046348,0.000277655,0.000351862,0.000267658,0.000293605,0.000220556,0.000276648,0.000182501,0.000180079,0.000131318,0.000162409,0.000109593,0.000117608,0.000106059,0.000101473,7.32748e-05,8.30764e-05,7.26834e-05,7.01153e-05,5.02988e-05,5.3905e-05,4.42646e-05,
61800,0.477014,0.492563,0.529956,0.543879,0.51474,0.55978,0.479986,0.491588,0.509283,0.527192,0.508486,0.465749,0.514638,0.51064,0.493189,0.415729,0.464074,0.428381,0.513707,0.41243,0.457957,0.334557,0.377511,0.297941,0.303809,0.206778,0.303055,0.148204,0.210225,0.0860449,0.130805,0.0637478,0.0840574,0.0411923,0.059348,0.0316815,0.0458268,0.0213964,0.0317264,0.0231068,0.022992,0.0163511,0.0184122,0.0135354,0.0163037,0.0109214,0.0114351,0.0078585,0.0104432,0.00622672,0.00738745,0.00483585,0.00581754,0.00407461,0.00535075,0.00388471,0.00390575,0.00314953,0.00345967,0.00281114,0.00257503,0.00175785,0.00215715,0.00161881,0.00157738,0.00131623,0.00158885,0.000981771,0.00118155,0.000994283,0.000992208,0.000738423,0.00077898,0.000613529,0.00051235,0.000543306,0.000553559,0.000375851,0.00046348,0.000277655,0.000351862,0.000267658,0.000293605,0.000220556,0.000276648,0.000182501,0.000180079,0.000131318,0.000162409,0.000109593,0.000117608,0.000106059,0.000101473,7.32748e-05,8.30764e-05,7.26834e-05,7.01153e-05,5.02988e-05,5.3905e-05,4.42646e-05,
62000,0.477014,0.492563,0.529956,0.543879,0.51474,0.55978,0.479986,0.491588,0.509283,0.527192,0.508486,0.465749,0.514638,0.51064,0.493189,0.415729,0.464074,0.428381,0.513707,0.41243,0.457957,0.334557,0.377511,0.297941,0.303809,0.206778,0.303055,0.148204,0.210225,0.0860449,0.130805,0.0637478,0.0840574,0.0411923,0.059348,0.0316815,0.0458268,0.0213964,0.0317264,0.0231068,0.022992,0.0163511,0.0184122,0.0135354,0.0163037,0.0109214,0.0114351,0.0078585,0.0104432,0.00622672,0.00738745,0.00483585,0.00581754,0.00407461,0.00535075,0.00388471,0.00390575,0.00314953,0.00345967,0.00281114,0.00257503,0.00175785,0.00215715,0.00161881,0.00157738,0.00131623,0.00158885,0.000981771,0.00118155,0.000994283,0.000992208,0.000738423,0.00077898,0.000613529,0.00051235,0.000543306,0.000553559,0.000375851,0.00046348,0.000277655,0.000351862,0.000267658,0.000293605,0.000220556,0.000276648,0.000182501,0.000180079,0.000131318,0.000162409,0.000109593,0.000117608,0.000106059,0.000101473,7.32748e-05,8.30764e-05,7.26834e-05,7.01153e-05,5.02988e-05,5.3905e-05,4.42646e-05,
62200,0.477014,0.492563,0.529956,0.543879,0.51474,0.55978,0.479986,0.491588,0.509283,0.527192,0.508486,0.465749,0.514638,0.51064,0.493189,0.415729,0.464074,0.428381,0.513707,0.41243,0.457957,0.334557,0.377511,0.297941,0.303809,0.206778,0.303055,0.148204,0.210225,0.0860449,0.130805,0.0637478,0.0840574,0.0411923,0.059348,0.0316815,0.0458268,0.0213964,0.0317264,0.0231068,0.022992,0.0163511,0.0184122,0.0135354,0.0163037,0.0109214,0.0114351,0.0078585,0.0104432,0.00622672,0.00738745,0.00483585,0.00581754,0.00407461,0.00535075,0.00388471,0.00390575,0.00314953,0.00345967,0.00281114,0.00257503,0.00175785,0.00215715,0.00161881,0.00157738,0.00131623,0.00158885,0.000981771,0.00118155,0.000994283,0.000992208,0.000738423,0.00077898,0.000613529,0.00051235,0.000543306,0.000553559,0.000375851,0.00046348,0.000277655,0.000351862,0.000267658,0.000293605,0.000220556,0.000276648,0.000182501,0.000180079,0.000131318,0.000162409,0.000109593,0.000117608,0.000106059,0.000101473,7.32748e-05,8.30764e-05,7.26834e-05,7.01153e-05,5.02988e-05,5.3905e-05,4.42646e-05,
62400,0.477014,0.492563,0.529956,0.543879,0.51474,0.55978,0.479986,0.491588,0.509283,0.527192,0.508486,0.465749,0.514638,0.51064,0.493189,0.415729,0.464074,0.428381,0.513707,0.41243,0.457957,0.334557,0.377511,0.297941,0.303809,0.206778,0.303055,0.148204,0.210225,0.0860449,0.130805,0.0637478,0.0840574,0.0411923,0.059348,0.0316815,0.0458268,0.0213964,0.0317264,0.0231068,0.022992,0.0163511,0.0184122,0.0135354,0.0163037,0.0109214,0.0114351,0.0078585,0.0104432,0.00622672,0.00738745,0.00483585,0.00581754,0.00407461,0.00535075,0.00388471,0.00390575,0.00314953,0.00345967,0.00281114,0.00257503,0.00175785,0.00215715,0.00161881,0.00157738,0.00131623,0.00158885,0.000981771,0.00118155,0.000994283,0.000992208,0.000738423,0.00077898,0.000613529,0.00051235,0.000543306,0.000553559,0.000375851,0.00046348,0.000277655,0.000351862,0.000267658,0.000293605,0.000220556,0.000276648,0.000182501,0.000180079,0.000131318,0.000162409,0.000109593,0.000117608,0.000106059,0.000101473,7.32748e-05,8.30764e-05,7.26834e-05,7.01153e-05,5.02988e-05,5.3905e-05,4.42646e-05,
62600,0.477014,0.492563,0.529956,0.543879,0.51474,0.55978,0.479986,0.491588,0.509283,0.527192,0.508486,0.465749,0.514638,0.51064,0.493189,0.415729,0.464074,0.428381,0.513707,0.41243,0.457957,0.334557,0.377511,0.297941,0.303809,0.206778,0.303055,0.148204,0.210225,0.0860449,0.130805,0.0637478,0.0840574,0.0411923,0.059348,0.0316815,0.0458268,0.0213964,0.0317264,0.0231068,0.022992,0.0163511,0.0184122,0.0135354,0.0163037,0.0109214,0.0114351,0.0078585,0.0104432,0.00622672,0.00738745,0.00483585,0.00581754,0.00407461,0.00535075,0.00388471,0.00390575,0.00314953,0.00345967,0.00281114,0.00257503,0.00175785,0.00215715,0.00161881,0.00157738,0.00131623,0.00158885,0.000981771,0.00118155,0.000994283,0.000992208,0.000738423,0.00077898,0.000613529,0.00051235,0.000543306,0.000553559,0.000375851,0.00046348,0.000277655,0.000351862,0.000267658,0.000293605,0.000220556,0.000276648,0.000182501,0.000180079,0.000131318,0.000162409,0.000109593,0.000117608,0.000106059,0.000101473,7.32748e-05,8.30764e-05,7.26834e-05,7.01153e-05,5.02988e-05,5.3905e-05,4.42646e-05,
62800,0.477014,0.492563,0.529956,0.543879,0.51474,0.55978,0.479986,0.491588,0.509283,0.527192,0.508486,0.465749,0.514638,0.51064,0.493189,0.415729,0.464074,0.428381,0.513707,0.41243,0.457957,0.334557,0.377511,0.297941,0.303809,0.206778,0.303055,0.148204,0.210225,0.0860449,0.130805,0.0637478,0.0840574,0.0411923,0.059348,0.0316815,0.0458268,0.0213964,0.0317264,0.0231068,0.022992,0.0163511,0.0184122,0.0135354,0.0163037,0.0109214,0.0114351,0.0078585,0.0104432,0.00622672,0.00738745,0.00483585,0.00581754,0.00407461,0.00535075,0.00388471,0.00390575,0.00314953,0.00345967,0.00281114,0.00257503,0.00175785,0.00215715,0.00161881,0.00157738,0.00131623,0.00158885,0.000981771,0.00118155,0.000994283,0.000992208,0.000738423,0.00077898,0.000613529,0.00051235,0.000543306,0.000553559,0.000375851,0.00046348,0.000277655,0.000351862,0.000267658,0.000293605,0.000220556,0.000276648,0.000182501,0.000180079,0.000131318,0.000162409,0.000109593,0.000117608,0.000106059,0.000101473,7.32748e-05,8.30764e-05,7.26834e-05,7.01153e-05,5.02988e-05,5.3905e-05,4.42646e-05,
63000,0.477014,0.492563,0.529956,0.543879,0.51474,0.55978,0.479986,0.491588,0.509283,0.527192,0.508486,0.465749,0.514638,0.51064,0.493189,0.415729,0.464074,0.428381,0.513707,0.41243,0.457957,0.334557,0.377511,0.297941,0.303809,0.206778,0.303055,0.148204,0.210225,0.0860449,0.130805,0.0637478,0.0840574,0.0411923,0.059348,0.0316815,0.0458268,0.0213964,0.0317264,0.0231068,0.022992,0.0163511,0.0184122,0.0135354,0.0163037,0.0109214,0.0114351,0.0078585,0.0104432,0.00622672,0.00738745,0.00483585,0.00581754,0.00407461,0.00535075,0.00388471,0.00390575,0.00314953,0.00345967,0.00281114,0.00257503,0.00175785,0.00215715,0.00161881,0.00157738,0.00131623,0.00158885,0.000981771,0.00118155,0.000994283,0.000992208,0.000738423,0.00077898,0.000613529,0.00051235,0.000543306,0.000553559,0.000375851,0.00046348,0.000277655,0.000351862,0.000267658,0.000293605,0.000220556,0.000276648,0.000182501,0.000180079,0.000131318,0.000162409,0.000109593,0.000117608,0.000106059,0.000101473,7.32748e-05,8.30764e-05,7.26834e-05,7.01153e-05,5.02988e-05,5.3905e-05,4.42646e-05,
63200,0.477014,0.492563,0.529956,0.543879,0.51474,0.55978,0.479986,0.491588,0.509283,0.527192,0.508486,0.465749,0.514638,0.51064,0.493189,0.415729,0.464074,0.428381,0.513707,0.41243,0.457957,0.334557,0.377511,0.297941,0.303809,0.206778,0.303055,0.148204,0.210225,0.0860449,0.130805,0.0637478,0.0840574,0.0411923,0.059348,0.0316815,0.0458268,0.0213964,0.0317264,0.0231068,0.022992,0.0163511,0.0184122,0.0135354,0.0163037,0.0109214,0.0114351,0.0078585,0.0104432,0.00622672,0.00738745,0.00483585,0.00581754,0.00407461,0.00535075,0.00388471,0.00390575,0.00314953,0.00345967,0.00281114,0.00257503,0.00175785,0.00215715,0.00161881,0.00157738,0.00131623,0.00158885,0.000981771,0.00118155,0.000994283,0.000992208,0.000738423,0.00077898,0.000613529,0.00051235,0.000543306,0.000553559,0.000375851,0.00046348,0.000277655,0.000351862,0.000267658,0.000293605,0.000220556,0.000276648,0.000182501,0.000180079,0.000131318,0.000162409,0.000109593,0.000117608,0.000106059,0.000101473,7.32748e-05,8.30764e-05,7.26834e-05,7.01153e-05,5.02988e-05,5.3905e-05,4.42646e-05,
63400,0.477014,0.492563,0.529956,0.543879,0.51474,0.55978,0.479986,0.491588,0.509283,0.527192,0.508486,0.465749,0.514638,0.51064,0.493189,0.415729,0.464074,0.428381,0.513707,0.41243,0.457957,0.334557,0.377511,0.297941,0.303809,0.206778,0.303055,0.148204,0.210225,0.0860449,0.130805,0.0637478,0.0840574,0.0411923,0.059348,0.0316815,0.0458268,0.0213964,0.0317264,0.0231068,0.022992,0.0163511,0.0184122,0.0135354,0.0163037,0.0109214,0.0114351,0.0078585,0.0104432,0.00622672,0.00738745,0.00483585,0.00581754,0.00407461,0.00535075,0.00388471,0.00390575,0.00314953,0.00345967,0.00281114,0.00257503,0.00175785,0.00215715,0.00161881,0.00157738,0.00131623,0.00158885,0.000981771,0.00118155,0.000994283,0.000992208,0.000738423,0.00077898,0.000613529,0.00051235,0.000543306,0.000553559,0.000375851,0.00046348,0.000277655,0.000351862,0.000267658,0.000293605,0.000220556,0.000276648,0.000182501,0.000180079,0.000131318,0.000162409,0.000109593,0.000117608,0.000106059,0.000101473,7.32748e-05,8.30764e-05,7.26834e-05,7.01153e-05,5.02988e-05,5.3905e-05,4.42646e-05,
63600,0.477014,0.492563,0.529956,0.543879,0.51474,0.55978,0.479986,0.491588,0.509283,0.527192,0.508486,0.465749,0.514638,0.51064,0.493189,0.415729,0.464074,0.428381,0.513707,0.41243,0.457957,0.334557,0.377511,0.297941,0.303809,0.206778,0.303055,0.148204,0.210225,0.0860449,0.130805,0.0637478,0.0840574,0.0411923,0.059348,0.0316815,0.0458268,0.0213964,0.0317264,0.0231068,0.022992,0.0163511,0.0184122,0.0135354,0.0163037,0.0109214,0.0114351,0.0078585,0.0104432,0.00622672,0.00738745,0.00483585,0.00581754,0.00407461,0.00535075,0.00388471,0.00390575,0.00314953,0.00345967,0.00281114,0.00257503,0.00175785,0.00215715,0.00161881,0.00157738,0.00131623,0.00158885,0.000981771,0.00118155,0.000994283,0.000992208,0.000738423,0.00077898,0.000613529,0.00051235,0.000543306,0.000553559,0.000375851,0.00046348,0.000277655,0.000351862,0.000267658,0.000293605,0.000220556,0.000276648,0.000182501,0.000180079,0.000131318,0.000162409,0.000109593,0.000117608,0.000106059,0.000101473,7.32748e-05,8.30764e-05,7.26834e-05,7.01153e-05,5.02988e-05,5.3905e-05,4.42646e-05,
63800,0.477014,0.492563,0.529956,0.543879,0.51474,0.55978,0.479986,0.491588,0.509283,0.527192,0.508486,0.465749,0.514638,0.51064,0.493189,0.415729,0.464074,0.428381,0.513707,0.41243,0.457957,0.334557,0.377511,0.297941,0.303809,0.206778,0.303055,0.148204,0.210225,0.0860449,0.130805,0.0637478,0.0840574,0.0411923,0.059348,0.0316815,0.0458268,0.0213964,0.0317264,0.0231068,0.022992,0.0163511,0.0184122,0.0135354,0.0163037,0.0109214,0.0114351,0.0078585,0.0104432,0.00622672,0.00738745,0.00483585,0.00581754,0.00407461,0.00535075,0.00388471,0.00390575,0.00314953,0.00345967,0.00281114,0.00257503,0.00175785,0.00215715,0.00161881,0.00157738,0.00131623,0.00158885,0.000981771,0.00118155,0.000994283,0.000992208,0.000738423,0.00077898,0.000613529,0.00051235,0.000543306,0.000553559,0.000375851,0.00046348,0.000277655,0.000351862,0.000267658,0.000293605,0.000220556,0.000276648,0.000182501,0.000180079,0.000131318,0.000162409,0.000109593,0.000117608,0.000106059,0.000101473,7.32748e-05,8.30764e-05,7.26834e-05,7.01153e-05,5.02988e-05,5.3905e-05,4.42646e-05,
64000,0.477014,0.492563,0.529956,0.543879,0.51474,0.55978,0.479986,0.491588,0.509283,0.527192,0.508486,0.465749,0.514638,0.51064,0.493189,0.415729,0.464074,0.428381,0.513707,0.41243,0.457957,0.334557,0.377511,0.297941,0.303809,0.206778,0.303055,0.148204,0.210225,0.0860449,0.130805,0.0637478,0.0840574,0.0411923,0.059348,0.0316815,0.0458268,0.0213964,0.0317264,0.0231068,0.022992,0.0163511,0.0184122,0.0135354,0.0163037,0.0109214,0.0114351,0.0078585,0.0104432,0.00622672,0.00738745,0.00483585,0.00581754,0.00407461,0.00535075,0.00388471,0.00390575,0.00314953,0.00345967,0.00281114,0.00257503,0.00175785,0.00215715,0.00161881,0.00157738,0.00131623,0.00158885,0.000981771,0.00118155,0.000994283,0.000992208,0.000738423,0.00077898,0.000613529,0.00051235,0.000543306,0.000553559,0.000375851,0.00046348,0.000277655,0.000351862,0.000267658,0.000293605,0.000220556,0.000276648,0.000182501,0.000180079,0.000131318,0.000162409,0.000109593,0.000117608,0.000106059,0.000101473,7.32748e-05,8.30764e-05,7.26834e-05,7.01153e-05,5.02988e-05,5.3905e-05,4.42646e-05,
64200,0.477014,0.492563,0.529956,0.543879,0.51474,0.55978,0.479986,0.491588,0.509283,0.527192,0.508486,0.465749,0.514638,0.51064,0.493189,0.415729,0.464074,0.428381,0.513707,0.41243,0.457957,0.334557,0.377511,0.297941,0.303809,0.206778,0.303055,0.148204,0.210225,0.0860449,0.130805,0.0637478,0.0840574,0.0411923,0.059348,0.0316815,0.0458268,0.0213964,0.0317264,0.0231068,0.022992,0.0163511,0.0184122,0.0135354,0.0163037,0.0109214,0.0114351,0.0078585,0.0104432,0.00622672,0.00738745,0.00483585,0.00581754,0.00407461,0.00535075,0.00388471,0.00390575,0.00314953,0.00345967,0.00281114,0.00257503,0.00175785,0.00215715,0.00161881,0.00157738,0.00131623,0.00158885,0.000981771,0.00118155,0.000994283,0.000992208,0.000738423,0.00077898,0.000613529,0.00051235,0.000543306,0.000553559,0.000375851,0.00046348,0.000277655,0.000351862,0.000267658,0.000293605,0.000220556,0.000276648,0.000182501,0.000180079,0.000131318,0.000162409,0.000109593,0.000117608,0.000106059,0.000101473,7.32748e-05,8.30764e-05,7.26834e-05,7.01153e-05,5.02988e-05,5.3905e-05,4.42646e-05,
64400,0.477014,0.492563,0.529956,0.543879,0.51474,0.55978,0.479986,0.491588,0.509283,0.527192,0.508486,0.465749,0.514638,0.51064,0.493189,0.415729,0.464074,0.428381,0.513707,0.41243,0.457957,0.334557,0.377511,0.297941,0.303809,0.206778,0.303055,0.148204,0.210225,0.0860449,0.130805,0.0637478,0.0840574,0.0411923,0.059348,0.0316815,0.0458268,0.0213964,0.0317264,0.0231068,0.022992,0.0163511,0.0184122,0.0135354,0.0163037,0.0109214,0.0114351,0.0078585,0.0104432,0.00622672,0.00738745,0.00483585,0.00581754,0.00407461,0.00535075,0.00388471,0.00390575,0.00314953,0.00345967,0.00281114,0.00257503,0.00175785,0.00215715,0.00161881,0.00157738,0.00131623,0.00158885,0.000981771,0.00118155,0.000994283,0.000992208,0.000738423,0.00077898,0.000613529,0.00051235,0.000543306,0.000553559,0.000375851,0.00046348,0.000277655,0.000351862,0.000267658,0.000293605,0.000220556,0.000276648,0.000182501,0.000180079,0.000131318,0.000162409,0.000109593,0.000117608,0.000106059,0.000101473,7.32748e-05,8.30764e-05,7.26834e-05,7.01153e-05,5.02988e-05,5.3905e-05,4.42646e-05,
64600,0.477014,0.492563,0.529956,0.543879,0.51474,0.55978,0.479986,0.491588,0.509283,0.527192,0.508486,0.465749,0.514638,0.51064,0.493189,0.415729,0.464074,0.428381,0.513707,0.41243,0.457957,0.334557,0.377511,0.297941,0.303809,0.206778,0.303055,0.148204,0.210225,0.0860449,0.130805,0.0637478,0.0840574,0.0411923,0.059348,0.0316815,0.0458268,0.0213964,0.0317264,0.0231068,0.022992,0.0163511,0.0184122,0.0135354,0.0163037,0.0109214,0.0114351,0.0078585,0.0104432,0.00622672,0.00738745,0.00483585,0.00581754,0.00407461,0.00535075,0.00388471,0.00390575,0.00314953,0.00345967,0.00281114,0.00257503,0.00175785,0.00215715,0.00161881,0.00157738,0.00131623,0.00158885,0.000981771,0.00118155,0.000994283,0.000992208,0.000738423,0.00077898,0.000613529,0.00051235,0.000543306,0.000553559,0.000375851,0.00046348,0.000277655,0.000351862,0.000267658,0.000293605,0.000220556,0.000276648,0.000182501,0.000180079,0.000131318,0.000162409,0.000109593,0.000117608,0.000106059,0.000101473,7.32748e-05,8.30764e-05,7.26834e-05,7.01153e-05,5.02988e-05,5.3905e-05,4.42646e-05,
64800,0.477014,0.492563,0.529956,0.543879,0.51474,0.55978,0.479986,0.491588,0.509283,0.527192,0.508486,0.465749,0.514638,0.51064,0.493189,0.415729,0.464074,0.428381,0.513707,0.41243,0.457957,0.334557,0.377511,0.297941,0.303809,0.206778,0.303055,0.148204,0.210225,0.0860449,0.130805,0.0637478,0.0840574,0.0411923,0.059348,0.0316815,0.0458268,0.0213964,0.0317264,0.0231068,0.022992,0.0163511,0.0184122,0.0135354,0.0163037,0.0109214,0.0114351,0.0078585,0.0104432,0.00622672,0.00738745,0.00483585,0.00581754,0.00407461,0.00535075,0.00388471,0.00390575,0.00314953,0.00345967,0.00281114,0.00257503,0.00175785,0.00215715,0.00161881,0.00157738,0.00131623,0.00158885,0.000981771,0.00118155,0.000994283,0.000992208,0.000738423,0.00077898,0.000613529,0.00051235,0.000543306,0.000553559,0.000375851,0.00046348,0.000277655,0.000351862,0.000267658,0.000293605,0.000220556,0.000276648,0.000182501,0.000180079,0.000131318,0.000162409,0.000109593,0.000117608,0.000106059,0.000101473,7.32748e-05,8.30764e-05,7.26834e-05,7.01153e-05,5.02988e-05,5.3905e-05,4.42646e-05,
65000,0.477014,0.492563,0.529956,0.543879,0.51474,0.55978,0.479986,0.491588,0.509283,0.527192,0.508486,0.465749,0.514638,0.51064,0.493189,0.415729,0.464074,0.428381,0.513707,0.41243,0.457957,0.334557,0.377511,0.297941,0.303809,0.206778,0.303055,0.148204,0.210225,0.0860449,0.130805,0.0637478,0.0840574,0.0411923,0.059348,0.0316815,0.0458268,0.0213964,0.0317264,0.0231068,0.022992,0.0163511,0.0184122,0.0135354,0.0163037,0.0109214,0.0114351,0.0078585,0.0104432,0.00622672,0.00738745,0.00483585,0.00581754,0.00407461,0.00535075,0.00388471,0.00390575,0.00314953,0.00345967,0.00281114,0.00257503,0.00175785,0.00215715,0.00161881,0.00157738,0.00131623,0.00158885,0.000981771,0.00118155,0.000994283,0.000992208,0.000738423,0.00077898,0.000613529,0.00051235,0.000543306,0.000553559,0.000375851,0.00046348,0.000277655,0.000351862,0.000267658,0.000293605,0.000220556,0.000276648,0.000182501,0.000180079,0.000131318,0.000162409,0.000109593,0.000117608,0.000106059,0.000101473,7.32748e-05,8.30764e-05,7.26834e-05,7.01153e-05,5.02988e-05,5.3905e-05,4.42646e-05,
65200,0.477014,0.492563,0.529956,0.543879,0.51474,0.55978,0.479986,0.491588,0.509283,0.527192,0.508486,0.465749,0.514638,0.51064,0.493189,0.415729,0.464074,0.428381,0.513707,0.41243,0.457957,0.334557,0.377511,0.297941,0.303809,0.206778,0.303055,0.148204,0.210225,0.0860449,0.130805,0.0637478,0.0840574,0.0411923,0.059348,0.0316815,0.0458268,0.0213964,0.0317264,0.0231068,0.022992,0.0163511,0.0184122,0.0135354,0.0163037,0.0109214,0.0114351,0.0078585,0.0104432,0.00622672,0.00738745,0.00483585,0.00581754,0.00407461,0.00535075,0.00388471,0.00390575,0.00314953,0.00345967,0.00281114,0.00257503,0.00175785,0.00215715,0.00161881,0.00157738,0.00131623,0.00158885,0.000981771,0.00118155,0.000994283,0.000992208,0.000738423,0.00077898,0.000613529,0.00051235,0.000543306,0.000553559,0.000375851,0.00046348,0.000277655,0.000351862,0.000267658,0.000293605,0.000220556,0.000276648,0.000182501,0.000180079,0.000131318,0.000162409,0.000109593,0.000117608,0.000106059,0.000101473,7.32748e-05,8.30764e-05,7.26834e-05,7.01153e-05,5.02988e-05,5.3905e-05,4.42646e-05,
65400,0.477014,0.492563,0.529956,0.543879,0.51474,0.55978,0.479986,0.491588,0.509283,0.527192,0.508486,0.465749,0.514638,0.51064,0.493189,0.415729,0.464074,0.428381,0.513707,0.41243,0.457957,0.334557,0.377511,0.297941,0.303809,0.206778,0.303055,0.148204,0.210225,0.0860449,0.130805,0.0637478,0.0840574,0.0411923,0.059348,0.0316815,0.0458268,0.0213964,0.0317264,0.0231068,0.022992,0.0163511,0.0184122,0.0135354,0.0163037,0.0109214,0.0114351,0.0078585,0.0104432,0.00622672,0.00738745,0.00483585,0.00581754,0.00407461,0.00535075,0.00388471,0.00390575,0.00314953,0.00345967,0.00281114,0.00257503,0.00175785,0.00215715,0.00161881,0.00157738,0.00131623,0.00158885,0.000981771,0.00118155,0.000994283,0.000992208,0.000738423,0.00077898,0.000613529,0.00051235,0.000543306,0.000553559,0.000375851,0.00046348,0.000277655,0.000351862,0.000267658,0.000293605,0.000220556,0.000276648,0.000182501,0.000180079,0.000131318,0.000162409,0.000109593,0.000117608,0.000106059,0.000101473,7.32748e-05,8.30764e-05,7.26834e-05,7.01153e-05,5.02988e-05,5.3905e-05,4.42646e-05,
65600,0.477014,0.492563,0.529956,0.543879,0.51474,0.55978,0.479986,0.491588,0.509283,0.527192,0.508486,0.465749,0.514638,0.51064,0.493189,0.415729,0.464074,0.428381,0.513707,0.41243,0.457957,0.334557,0.377511,0.297941,0.303809,0.206778,0.303055,0.148204,0.210225,0.0860449,0.130805,0.0637478,0.0840574,0.0411923,0.059348,0.0316815,0.0458268,0.0213964,0.0317264,0.0231068,0.022992,0.0163511,0.0184122,0.0135354,0.0163037,0.0109214,0.0114351,0.0078585,0.0104432,0.00622672,0.00738745,0.00483585,0.00581754,0.00407461,0.00535075,0.00388471,0.00390575,0.00314953,0.00345967,0.00281114,0.00257503,0.00175785,0.00215715,0.00161881,0.00157738,0.00131623,0.00158885,0.000981771,0.00118155,0.000994283,0.000992208,0.000738423,0.00077898,0.000613529,0.00051235,0.000543306,0.000553559,0.000375851,0.00046348,0.000277655,0.000351862,0.000267658,0.000293605,0.000220556,0.000276648,0.000182501,0.000180079,0.000131318,0.000162409,0.000109593,0.000117608,0.000106059,0.000101473,7.32748e-05,8.30764e-05,7.26834e-05,7.01153e-05,5.02988e-05,5.3905e-05,4.42646e-05,
65800,0.477014,0.492563,0.529956,0.543879,0.51474,0.55978,0.479986,0.491588,0.509283,0.527192,0.508486,0.465749,0.514638,0.51064,0.493189,0.415729,0.464074,0.428381,0.513707,0.41243,0.457957,0.334557,0.377511,0.297941,0.303809,0.206778,0.303055,0.148204,0.210225,0.0860449,0.130805,0.0637478,0.0840574,0.0411923,0.059348,0.0316815,0.0458268,0.0213964,0.0317264,0.0231068,0.022992,0.0163511,0.0184122,0.0135354,0.0163037,0.0109214,0.0114351,0.0078585,0.0104432,0.00622672,0.00738745,0.00483585,0.00581754,0.00407461,0.00535075,0.00388471,0.00390575,0.00314953,0.00345967,0.00281114,0.00257503,0.00175785,0.00215715,0.00161881,0.00157738,0.00131623,0.00158885,0.000981771,0.00118155,0.000994283,0.000992208,0.000738423,0.00077898,0.000613529,0.00051235,0.000543306,0.000553559,0.000375851,0.00046348,0.000277655,0.000351862,0.000267658,0.000293605,0.000220556,0.000276648,0.000182501,0.000180079,0.000131318,0.000162409,0.000109593,0.000117608,0.000106059,0.000101473,7.32748e-05,8.30764e-05,7.26834e-05,7.01153e-05,5.02988e-05,5.3905e-05,4.42646e-05,
66000,0.477014,0.492563,0.529956,0.543879,0.51474,0.55978,0.479986,0.491588,0.509283,0.527192,0.508486,0.465749,0.514638,0.51064,0.493189,0.415729,0.464074,0.428381,0.513707,0.41243,0.457957,0.334557,0.377511,0.297941,0.303809,0.206778,0.303055,0.148204,0.210225,0.0860449,0.130805,0.0637478,0.0840574,0.0411923,0.059348,0.0316815,0.0458268,0.0213964,0.0317264,0.0231068,0.022992,0.0163511,0.0184122,0.0135354,0.0163037,0.0109214,0.0114351,0.0078585,0.0104432,0.00622672,0.00738745,0.00483585,0.00581754,0.00407461,0.00535075,0.00388471,0.00390575,0.00314953,0.00345967,0.00281114,0.00257503,0.00175785,0.00215715,0.00161881,0.00157738,0.00131623,0.00158885,0.000981771,0.00118155,0.000994283,0.000992208,0.000738423,0.00077898,0.000613529,0.00051235,0.000543306,0.000553559,0.000375851,0.00046348,0.000277655,0.000351862,0.000267658,0.000293605,0.000220556,0.000276648,0.000182501,0.000180079,0.000131318,0.000162409,0.000109593,0.000117608,0.000106059,0.000101473,7.32748e-05,8.30764e-05,7.26834e-05,7.01153e-05,5.02988e-05,5.3905e-05,4.42646e-05,
66200,0.477014,0.492563,0.529956,0.543879,0.51474,0.55978,0.479986,0.491588,0.509283,0.527192,0.508486,0.465749,0.514638,0.51064,0.493189,0.415729,0.464074,0.428381,0.513707,0.41243,0.457957,0.334557,0.377511,0.297941,0.303809,0.206778,0.303055,0.148204,0.210225,0.0860449,0.130805,0.0637478,0.0840574,0.0411923,0.059348,0.0316815,0.0458268,0.0213964,0.0317264,0.0231068,0.022992,0.0163511,0.0184122,0.0135354,0.0163037,0.0109214,0.0114351,0.0078585,0.0104432,0.00622672,0.00738745,0.00483585,0.00581754,0.00407461,0.00535075,0.00388471,0.00390575,0.00314953,0.00345967,0.00281114,0.00257503,0.00175785,0.00215715,0.00161881,0.00157738,0.00131623,0.00158885,0.000981771,0.00118155,0.000994283,0.000992208,0.000738423,0.00077898,0.000613529,0.00051235,0.000543306,0.000553559,0.000375851,0.00046348,0.000277655,0.000351862,0.000267658,0.000293605,0.000220556,0.000276648,0.000182501,0.000180079,0.000131318,0.000162409,0.000109593,0.000117608,0.000106059,0.000101473,7.32748e-05,8.30764e-05,7.26834e-05,7.01153e-05,5.02988e-05,5.3905e-05,4.42646e-05,
66400,0.477014,0.492563,0.529956,0.543879,0.51474,0.55978,0.479986,0.491588,0.509283,0.527192,0.508486,0.465749,0.514638,0.51064,0.493189,0.415729,0.464074,0.428381,0.513707,0.41243,0.457957,0.334557,0.377511,0.297941,0.303809,0.206778,0.303055,0.148204,0.210225,0.0860449,0.130805,0.0637478,0.0840574,0.0411923,0.059348,0.0316815,0.0458268,0.0213964,0.0317264,0.0231068,0.022992,0.0163511,0.0184122,0.0135354,0.0163037,0.0109214,0.0114351,0.0078585,0.0104432,0.00622672,0.00738745,0.00483585,0.00581754,0.00407461,0.00535075,0.00388471,0.00390575,0.00314953,0.00345967,0.00281114,0.00257503,0.00175785,0.00215715,0.00161881,0.00157738,0.00131623,0.00158885,0.000981771,0.00118155,0.000994283,0.000992208,0.000738423,0.00077898,0.000613529,0.00051235,0.000543306,0.000553559,0.000375851,0.00046348,0.000277655,0.000351862,0.000267658,0.000293605,0.000220556,0.000276648,0.000182501,0.000180079,0.000131318,0.000162409,0.000109593,0.000117608,0.000106059,0.000101473,7.32748e-05,8.30764e-05,7.26834e-05,7.01153e-05,5.02988e-05,5.3905e-05,4.42646e-05,
66600,0.477014,0.492563,0.529956,0.543879,0.51474,0.55978,0.479986,0.491588,0.509283,0.527192,0.508486,0.465749,0.514638,0.51064,0.493189,0.415729,0.464074,0.428381,0.513707,0.41243,0.457957,0.334557,0.377511,0.297941,0.303809,0.206778,0.303055,0.148204,0.210225,0.0860449,0.130805,0.0637478,0.0840574,0.0411923,0.059348,0.0316815,0.0458268,0.0213964,0.0317264,0.0231068,0.022992,0.0163511,0.0184122,0.0135354,0.0163037,0.0109214,0.0114351,0.0078585,0.0104432,0.00622672,0.00738745,0.00483585,0.00581754,0.00407461,0.00535075,0.00388471,0.00390575,0.00314953,0.00345967,0.00281114,0.00257503,0.00175785,0.00215715,0.00161881,0.00157738,0.00131623,0.00158885,0.000981771,0.00118155,0.000994283,0.000992208,0.000738423,0.00077898,0.000613529,0.00051235,0.000543306,0.000553559,0.000375851,0.00046348,0.000277655,0.000351862,0.000267658,0.000293605,0.000220556,0.000276648,0.000182501,0.000180079,0.000131318,0.000162409,0.000109593,0.000117608,0.000106059,0.000101473,7.32748e-05,8.30764e-05,7.26834e-05,7.01153e-05,5.02988e-05,5.3905e-05,4.42646e-05,
66800,0.477014,0.492563,0.529956,0.543879,0.51474,0.55978,0.479986,0.491588,0.509283,0.527192,0.508486,0.465749,0.514638,0.51064,0.493189,0.415729,0.464074,0.428381,0.513707,0.41243,0.457957,0.334557,0.377511,0.297941,0.303809,0.206778,0.303055,0.148204,0.210225,0.0860449,0.130805,0.0637478,0.0840574,0.0411923,0.059348,0.0316815,0.0458268,0.0213964,0.0317264,0.0231068,0.022992,0.0163511,0.0184122,0.0135354,0.0163037,0.0109214,0.0114351,0.0078585,0.0104432,0.00622672,0.00738745,0.00483585,0.00581754,0.00407461,0.00535075,0.00388471,0.00390575,0.00314953,0.00345967,0.00281114,0.00257503,0.00175785,0.00215715,0.00161881,0.00157738,0.00131623,0.00158885,0.000981771,0.00118155,0.000994283,0.000992208,0.000738423,0.00077898,0.000613529,0.00051235,0.000543306,0.000553559,0.000375851,0.00046348,0.000277655,0.000351862,0.000267658,0.000293605,0.000220556,0.000276648,0.000182501,0.000180079,0.000131318,0.000162409,0.000109593,0.000117608,0.000106059,0.000101473,7.32748e-05,8.30764e-05,7.26834e-05,7.01153e-05,5.02988e-05,5.3905e-05,4.42646e-05,
67000,0.477014,0.492563,0.529956,0.543879,0.51474,0.55978,0.479986,0.491588,0.509283,0.527192,0.508486,0.465749,0.514638,0.51064,0.493189,0.415729,0.464074,0.428381,0.513707,0.41243,0.457957,0.334557,0.377511,0.297941,0.303809,0.206778,0.303055,0.148204,0.210225,0.0860449,0.130805,0.0637478,0.0840574,0.0411923,0.059348,0.0316815,0.0458268,0.0213964,0.0317264,0.0231068,0.022992,0.0163511,0.0184122,0.0135354,0.0163037,0.0109214,0.0114351,0.0078585,0.0104432,0.00622672,0.00738745,0.00483585,0.00581754,0.00407461,0.00535075,0.00388471,0.00390575,0.00314953,0.00345967,0.00281114,0.00257503,0.00175785,0.00215715,0.00161881,0.00157738,0.00131623,0.00158885,0.000981771,0.00118155,0.000994283,0.000992208,0.000738423,0.00077898,0.000613529,0.00051235,0.000543306,0.000553559,0.000375851,0.00046348,0.000277655,0.000351862,0.000267658,0.000293605,0.000220556,0.000276648,0.000182501,0.000180079,0.000131318,0.000162409,0.000109593,0.000117608,0.000106059,0.000101473,7.32748e-05,8.30764e-05,7.26834e-05,7.01153e-05,5.02988e-05,5.3905e-05,4.42646e-05,
67200,0.477014,0.492563,0.529956,0.543879,0.51474,0.55978,0.479986,0.491588,0.509283,0.527192,0.508486,0.465749,0.514638,0.51064,0.493189,0.415729,0.464074,0.428381,0.513707,0.41243,0.457957,0.334557,0.377511,0.297941,0.303809,0.206778,0.303055,0.148204,0.210225,0.0860449,0.130805,0.0637478,0.0840574,0.0411923,0.059348,0.0316815,0.0458268,0.0213964,0.0317264,0.0231068,0.022992,0.0163511,0.0184122,0.0135354,0.0163037,0.0109214,0.0114351,0.0078585,0.0104432,0.00622672,0.00738745,0.00483585,0.00581754,0.00407461,0.00535075,0.00388471,0.00390575,0.00314953,0.00345967,0.00281114,0.00257503,0.00175785,0.00215715,0.00161881,0.00157738,0.00131623,0.00158885,0.000981771,0.00118155,0.000994283,0.000992208,0.000738423,0.00077898,0.000613529,0.00051235,0.000543306,0.000553559,0.000375851,0.00046348,0.000277655,0.000351862,0.000267658,0.000293605,0.000220556,0.000276648,0.000182501,0.000180079,0.000131318,0.000162409,0.000109593,0.000117608,0.000106059,0.000101473,7.32748e-05,8.30764e-05,7.26834e-05,7.01153e-05,5.02988e-05,5.3905e-05,4.42646e-05,
67400,0.477014,0.492563,0.529956,0.543879,0.51474,0.55978,0.479986,0.491588,0.509283,0.527192,0.508486,0.465749,0.514638,0.51064,0.493189,0.415729,0.464074,0.428381,0.513707,0.41243,0.457957,0.334557,0.377511,0.297941,0.303809,0.206778,0.303055,0.148204,0.210225,0.0860449,0.130805,0.0637478,0.0840574,0.0411923,0.059348,0.0316815,0.0458268,0.0213964,0.0317264,0.0231068,0.022992,0.0163511,0.0184122,0.0135354,0.0163037,0.0109214,0.0114351,0.0078585,0.0104432,0.00622672,0.00738745,0.00483585,0.00581754,0.00407461,0.00535075,0.00388471,0.00390575,0.00314953,0.00345967,0.00281114,0.00257503,0.00175785,0.00215715,0.00161881,0.00157738,0.00131623,0.00158885,0.000981771,0.00118155,0.000994283,0.000992208,0.000738423,0.00077898,0.000613529,0.00051235,0.000543306,0.000553559,0.000375851,0.00046348,0.000277655,0.000351862,0.000267658,0.000293605,0.000220556,0.000276648,0.000182501,0.000180079,0.000131318,0.000162409,0.000109593,0.000117608,0.000106059,0.000101473,7.32748e-05,8.30764e-05,7.26834e-05,7.01153e-05,5.02988e-05,5.3905e-05,4.42646e-05,
67600,0.477014,0.492563,0.529956,0.543879,0.51474,0.55978,0.479986,0.491588,0.509283,0.527192,0.508486,0.465749,0.514638,0.51064,0.493189,0.415729,0.464074,0.428381,0.513707,0.41243,0.457957,0.334557,0.377511,0.297941,0.303809,0.206778,0.303055,0.148204,0.210225,0.0860449,0.130805,0.0637478,0.0840574,0.0411923,0.059348,0.0316815,0.0458268,0.0213964,0.0317264,0.0231068,0.022992,0.0163511,0.0184122,0.0135354,0.0163037,0.0109214,0.0114351,0.0078585,0.0104432,0.00622672,0.00738745,0.00483585,0.00581754,0.00407461,0.00535075,0.00388471,0.00390575,0.00314953,0.00345967,0.00281114,0.00257503,0.00175785,0.00215715,0.00161881,0.00157738,0.00131623,0.00158885,0.000981771,0.00118155,0.000994283,0.000992208,0.000738423,0.00077898,0.000613529,0.00051235,0.000543306,0.000553559,0.000375851,0.00046348,0.000277655,0.000351862,0.000267658,0.000293605,0.000220556,0.000276648,0.000182501,0.000180079,0.000131318,0.000162409,0.000109593,0.000117608,0.000106059,0.000101473,7.32748e-05,8.30764e-05,7.26834e-05,7.01153e-05,5.02988e-05,5.3905e-05,4.42646e-05,
67800,0.477014,0.492563,0.529956,0.543879,0.51474,0.55978,0.479986,0.491588,0.509283,0.527192,0.508486,0.465749,0.514638,0.51064,0.493189,0.415729,0.464074,0.428381,0.513707,0.41243,0.457957,0.334557,0.377511,0.297941,0.303809,0.206778,0.303055,0.148204,0.210225,0.0860449,0.130805,0.0637478,0.0840574,0.0411923,0.059348,0.0316815,0.0458268,0.0213964,0.0317264,0.0231068,0.022992,0.0163511,0.0184122,0.0135354,0.0163037,0.0109214,0.0114351,0.0078585,0.0104432,0.00622672,0.00738745,0.00483585,0.00581754,0.00407461,0.00535075,0.00388471,0.00390575,0.00314953,0.00345967,0.00281114,0.00257503,0.00175785,0.00215715,0.00161881,0.00157738,0.00131623,0.00158885,0.000981771,0.00118155,0.000994283,0.000992208,0.000738423,0.00077898,0.000613529,0.00051235,0.000543306,0.000553559,0.000375851,0.00046348,0.000277655,0.000351862,0.000267658,0.000293605,0.000220556,0.000276648,0.000182501,0.000180079,0.000131318,0.000162409,0.000109593,0.000117608,0.000106059,0.000101473,7.32748e-05,8.30764e-05,7.26834e-05,7.01153e-05,5.02988e-05,5.3905e-05,4.42646e-05,
68000,0.477014,0.492563,0.529956,0.543879,0.51474,0.55978,0.479986,0.491588,0.509283,0.527192,0.508486,0.465749,0.514638,0.51064,0.493189,0.415729,0.464074,0.428381,0.513707,0.41243,0.457957,0.334557,0.377511,0.297941,0.303809,0.206778,0.303055,0.148204,0.210225,0.0860449,0.130805,0.0637478,0.0840574,0.0411923,0.059348,0.0316815,0.0458268,0.0213964,0.0317264,0.0231068,0.022992,0.0163511,0.0184122,0.0135354,0.0163037,0.0109214,0.0114351,0.0078585,0.0104432,0.00622672,0.00738745,0.00483585,0.00581754,0.00407461,0.00535075,0.00388471,0.00390575,0.00314953,0.00345967,0.00281114,0.00257503,0.00175785,0.00215715,0.00161881,0.00157738,0.00131623,0.00158885,0.000981771,0.00118155,0.000994283,0.000992208,0.000738423,0.00077898,0.000613529,0.00051235,0.000543306,0.000553559,0.000375851,0.00046348,0.000277655,0.000351862,0.000267658,0.000293605,0.000220556,0.000276648,0.000182501,0.000180079,0.000131318,0.000162409,0.000109593,0.000117608,0.000106059,0.000101473,7.32748e-05,8.30764e-05,7.26834e-05,7.01153e-05,5.02988e-05,5.3905e-05,4.42646e-05,
68200,0.477014,0.492563,0.529956,0.543879,0.51474,0.55978,0.479986,0.491588,0.509283,0.527192,0.508486,0.465749,0.514638,0.51064,0.493189,0.415729,0.464074,0.428381,0.513707,0.41243,0.457957,0.334557,0.377511,0.297941,0.303809,0.206778,0.303055,0.148204,0.210225,0.0860449,0.130805,0.0637478,0.0840574,0.0411923,0.059348,0.0316815,0.0458268,0.0213964,0.0317264,0.0231068,0.022992,0.0163511,0.0184122,0.0135354,0.0163037,0.0109214,0.0114351,0.0078585,0.0104432,0.00622672,0.00738745,0.00483585,0.00581754,0.00407461,0.00535075,0.00388471,0.00390575,0.00314953,0.00345967,0.00281114,0.00257503,0.00175785,0.00215715,0.00161881,0.00157738,0.00131623,0.00158885,0.000981771,0.00118155,0.000994283,0.000992208,0.000738423,0.00077898,0.000613529,0.00051235,0.000543306,0.000553559,0.000375851,0.00046348,0.000277655,0.000351862,0.000267658,0.000293605,0.000220556,0.000276648,0.000182501,0.000180079,0.000131318,0.000162409,0.000109593,0.000117608,0.000106059,0.000101473,7.32748e-05,8.30764e-05,7.26834e-05,7.01153e-05,5.02988e-05,5.3905e-05,4.42646e-05,
68400,0.477014,0.492563,0.529956,0.543879,0.51474,0.55978,0.479986,0.491588,0.509283,0.527192,0.508486,0.465749,0.514638,0.51064,0.493189,0.415729,0.464074,0.428381,0.513707,0.41243,0.457957,0.334557,0.377511,0.297941,0.303809,0.206778,0.303055,0.148204,0.210225,0.0860449,0.130805,0.0637478,0.0840574,0.0411923,0.059348,0.0316815,0.0458268,0.0213964,0.0317264,0.0231068,0.022992,0.0163511,0.0184122,0.0135354,0.0163037,0.0109214,0.0114351,0.0078585,0.0104432,0.00622672,0.00738745,0.00483585,0.00581754,0.00407461,0.00535075,0.00388471,0.00390575,0.00314953,0.00345967,0.00281114,0.00257503,0.00175785,0.00215715,0.00161881,0.00157738,0.00131623,0.00158885,0.000981771,0.00118155,0.000994283,0.000992208,0.000738423,0.00077898,0.000613529,0.00051235,0.000543306,0.000553559,0.000375851,0.00046348,0.000277655,0.000351862,0.000267658,0.000293605,0.000220556,0.000276648,0.000182501,0.000180079,0.000131318,0.000162409,0.000109593,0.000117608,0.000106059,0.000101473,7.32748e-05,8.30764e-05,7.26834e-05,7.01153e-05,5.02988e-05,5.3905e-05,4.42646e-05,
68600,0.477014,0.492563,0.529956,0.543879,0.51474,0.55978,0.479986,0.491588,0.509283,0.527192,0.508486,0.465749,0.514638,0.51064,0.493189,0.415729,0.464074,0.428381,0.513707,0.41243,0.457957,0.334557,0.377511,0.297941,0.303809,0.206778,0.303055,0.148204,0.210225,0.0860449,0.130805,0.0637478,0.0840574,0.0411923,0.059348,0.0316815,0.0458268,0.0213964,0.0317264,0.0231068,0.022992,0.0163511,0.0184122,0.0135354,0.0163037,0.0109214,0.0114351,0.0078585,0.0104432,0.00622672,0.00738745,0.00483585,0.00581754,0.00407461,0.00535075,0.00388471,0.00390575,0.00314953,0.00345967,0.00281114,0.00257503,0.00175785,0.00215715,0.00161881,0.00157738,0.00131623,0.00158885,0.000981771,0.00118155,0.000994283,0.000992208,0.000738423,0.00077898,0.000613529,0.00051235,0.000543306,0.000553559,0.000375851,0.00046348,0.000277655,0.000351862,0.000267658,0.000293605,0.000220556,0.000276648,0.000182501,0.000180079,0.000131318,0.000162409,0.000109593,0.000117608,0.000106059,0.000101473,7.32748e-05,8.30764e-05,7.26834e-05,7.01153e-05,5.02988e-05,5.3905e-05,4.42646e-05,
68800,0.477014,0.492563,0.529956,0.543879,0.51474,0.55978,0.479986,0.491588,0.509283,0.527192,0.508486,0.465749,0.514638,0.51064,0.493189,0.415729,0.464074,0.428381,0.513707,0.41243,0.457957,0.334557,0.377511,0.297941,0.303809,0.206778,0.303055,0.148204,0.210225,0.0860449,0.130805,0.0637478,0.0840574,0.0411923,0.059348,0.0316815,0.0458268,0.0213964,0.0317264,0.0231068,0.022992,0.0163511,0.0184122,0.0135354,0.0163037,0.0109214,0.0114351,0.0078585,0.0104432,0.00622672,0.00738745,0.00483585,0.00581754,0.00407461,0.00535075,0.00388471,0.00390575,0.00314953,0.00345967,0.00281114,0.00257503,0.00175785,0.00215715,0.00161881,0.00157738,0.00131623,0.00158885,0.000981771,0.00118155,0.000994283,0.000992208,0.000738423,0.00077898,0.000613529,0.00051235,0.000543306,0.000553559,0.000375851,0.00046348,0.000277655,0.000351862,0.000267658,0.000293605,0.000220556,0.000276648,0.000182501,0.000180079,0.000131318,0.000162409,0.000109593,0.000117608,0.000106059,0.000101473,7.32748e-05,8.30764e-05,7.26834e-05,7.01153e-05,5.02988e-05,5.3905e-05,4.42646e-05,
69000,0.477014,0.492563,0.529956,0.543879,0.51474,0.55978,0.479986,0.491588,0.509283,0.527192,0.508486,0.465749,0.514638,0.51064,0.493189,0.415729,0.464074,0.428381,0.513707,0.41243,0.457957,0.334557,0.377511,0.297941,0.303809,0.206778,0.303055,0.148204,0.210225,0.0860449,0.130805,0.0637478,0.0840574,0.0411923,0.059348,0.0316815,0.0458268,0.0213964,0.0317264,0.0231068,0.022992,0.0163511,0.0184122,0.0135354,0.0163037,0.0109214,0.0114351,0.0078585,0.0104432,0.00622672,0.00738745,0.00483585,0.00581754,0.00407461,0.00535075,0.00388471,0.00390575,0.00314953,0.00345967,0.00281114,0.00257503,0.00175785,0.00215715,0.00161881,0.00157738,0.00131623,0.00158885,0.000981771,0.00118155,0.000994283,0.000992208,0.000738423,0.00077898,0.000613529,0.00051235,0.000543306,0.000553559,0.000375851,0.00046348,0.000277655,0.000351862,0.000267658,0.000293605,0.000220556,0.000276648,0.000182501,0.000180079,0.000131318,0.000162409,0.000109593,0.000117608,0.000106059,0.000101473,7.32748e-05,8.30764e-05,7.26834e-05,7.01153e-05,5.02988e-05,5.3905e-05,4.42646e-05,
69200,0.477014,0.492563,0.529956,0.543879,0.51474,0.55978,0.479986,0.491588,0.509283,0.527192,0.508486,0.465749,0.514638,0.51064,0.493189,0.415729,0.464074,0.428381,0.513707,0.41243,0.457957,0.334557,0.377511,0.297941,0.303809,0.206778,0.303055,0.148204,0.210225,0.0860449,0.130805,0.0637478,0.0840574,0.0411923,0.059348,0.0316815,0.0458268,0.0213964,0.0317264,0.0231068,0.022992,0.0163511,0.0184122,0.0135354,0.0163037,0.0109214,0.0114351,0.0078585,0.0104432,0.00622672,0.00738745,0.00483585,0.00581754,0.00407461,0.00535075,0.00388471,0.00390575,0.00314953,0.00345967,0.00281114,0.00257503,0.00175785,0.00215715,0.00161881,0.00157738,0.00131623,0.00158885,0.000981771,0.00118155,0.000994283,0.000992208,0.000738423,0.00077898,0.000613529,0.00051235,0.000543306,0.000553559,0.000375851,0.00046348,0.000277655,0.000351862,0.000267658,0.000293605,0.000220556,0.000276648,0.000182501,0.000180079,0.000131318,0.000162409,0.000109593,0.000117608,0.000106059,0.000101473,7.32748e-05,8.30764e-05,7.26834e-05,7.01153e-05,5.02988e-05,5.3905e-05,4.42646e-05,
69400,0.477014,0.492563,0.529956,0.543879,0.51474,0.55978,0.479986,0.491588,0.509283,0.527192,0.508486,0.465749,0.514638,0.51064,0.493189,0.415729,0.464074,0.428381,0.513707,0.41243,0.457957,0.334557,0.377511,0.297941,0.303809,0.206778,0.303055,0.148204,0.210225,0.0860449,0.130805,0.0637478,0.0840574,0.0411923,0.059348,0.0316815,0.0458268,0.0213964,0.0317264,0.0231068,0.022992,0.0163511,0.0184122,0.0135354,0.0163037,0.0109214,0.0114351,0.0078585,0.0104432,0.00622672,0.00738745,0.00483585,0.00581754,0.00407461,0.00535075,0.00388471,0.00390575,0.00314953,0.00345967,0.00281114,0.00257503,0.00175785,0.00215715,0.00161881,0.00157738,0.00131623,0.00158885,0.000981771,0.00118155,0.000994283,0.000992208,0.000738423,0.00077898,0.000613529,0.00051235,0.000543306,0.000553559,0.000375851,0.00046348,0.000277655,0.000351862,0.000267658,0.000293605,0.000220556,0.000276648,0.000182501,0.000180079,0.000131318,0.000162409,0.000109593,0.000117608,0.000106059,0.000101473,7.32748e-05,8.30764e-05,7.26834e-05,7.01153e-05,5.02988e-05,5.3905e-05,4.42646e-05,
69600,0.477014,0.492563,0.529956,0.543879,0.51474,0.55978,0.479986,0.491588,0.509283,0.527192,0.508486,0.465749,0.514638,0.51064,0.493189,0.415729,0.464074,0.428381,0.513707,0.41243,0.457957,0.334557,0.377511,0.297941,0.303809,0.206778,0.303055,0.148204,0.210225,0.0860449,0.130805,0.0637478,0.0840574,0.0411923,0.059348,0.0316815,0.0458268,0.0213964,0.0317264,0.0231068,0.022992,0.0163511,0.0184122,0.0135354,0.0163037,0.0109214,0.0114351,0.0078585,0.0104432,0.00622672,0.00738745,0.00483585,0.00581754,0.00407461,0.00535075,0.00388471,0.00390575,0.00314953,0.00345967,0.00281114,0.00257503,0.00175785,0.00215715,0.00161881,0.00157738,0.00131623,0.00158885,0.000981771,0.00118155,0.000994283,0.000992208,0.000738423,0.00077898,0.000613529,0.00051235,0.000543306,0.000553559,0.000375851,0.00046348,0.000277655,0.000351862,0.000267658,0.000293605,0.000220556,0.000276648,0.000182501,0.000180079,0.000131318,0.000162409,0.000109593,0.000117608,0.000106059,0.000101473,7.32748e-05,8.30764e-05,7.26834e-05,7.01153e-05,5.02988e-05,5.3905e-05,4.42646e-05,
69800,0.477014,0.492563,0.529956,0.543879,0.51474,0.55978,0.479986,0.491588,0.509283,0.527192,0.508486,0.465749,0.514638,0.51064,0.493189,0.415729,0.464074,0.428381,0.513707,0.41243,0.457957,0.334557,0.377511,0.297941,0.303809,0.206778,0.303055,0.148204,0.210225,0.0860449,0.130805,0.0637478,0.0840574,0.0411923,0.059348,0.0316815,0.0458268,0.0213964,0.0317264,0.0231068,0.022992,0.0163511,0.0184122,0.0135354,0.0163037,0.0109214,0.0114351,0.0078585,0.0104432,0.00622672,0.00738745,0.00483585,0.00581754,0.00407461,0.00535075,0.00388471,0.00390575,0.00314953,0.00345967,0.00281114,0.00257503,0.00175785,0.00215715,0.00161881,0.00157738,0.00131623,0.00158885,0.000981771,0.00118155,0.000994283,0.000992208,0.000738423,0.00077898,0.000613529,0.00051235,0.000543306,0.000553559,0.000375851,0.00046348,0.000277655,0.000351862,0.000267658,0.000293605,0.000220556,0.000276648,0.000182501,0.000180079,0.000131318,0.000162409,0.000109593,0.000117608,0.000106059,0.000101473,7.32748e-05,8.30764e-05,7.26834e-05,7.01153e-05,5.02988e-05,5.3905e-05,4.42646e-05,
70000,0.477014,0.492563,0.529956,0.543879,0.51474,0.55978,0.479986,0.491588,0.509283,0.527192,0.508486,0.465749,0.514638,0.51064,0.493189,0.415729,0.464074,0.428381,0.513707,0.41243,0.457957,0.334557,0.377511,0.297941,0.303809,0.206778,0.303055,0.148204,0.210225,0.0860449,0.130805,0.0637478,0.0840574,0.0411923,0.059348,0.0316815,0.0458268,0.0213964,0.0317264,0.0231068,0.022992,0.0163511,0.0184122,0.0135354,0.0163037,0.0109214,0.0114351,0.0078585,0.0104432,0.00622672,0.00738745,0.00483585,0.00581754,0.00407461,0.00535075,0.00388471,0.00390575,0.00314953,0.00345967,0.00281114,0.00257503,0.00175785,0.00215715,0.00161881,0.00157738,0.00131623,0.00158885,0.000981771,0.00118155,0.000994283,0.000992208,0.000738423,0.00077898,0.000613529,0.00051235,0.000543306,0.000553559,0.000375851,0.00046348,0.000277655,0.000351862,0.000267658,0.000293605,0.000220556,0.000276648,0.000182501,0.000180079,0.000131318,0.000162409,0.000109593,0.000117608,0.000106059,0.000101473,7.32748e-05,8.30764e-05,7.26834e-05,7.01153e-05,5.02988e-05,5.3905e-05,4.42646e-05,
70200,0.477014,0.492563,0.529956,0.543879,0.51474,0.55978,0.479986,0.491588,0.509283,0.527192,0.508486,0.465749,0.514638,0.51064,0.493189,0.415729,0.464074,0.428381,0.513707,0.41243,0.457957,0.334557,0.377511,0.297941,0.303809,0.206778,0.303055,0.148204,0.210225,0.0860449,0.130805,0.0637478,0.0840574,0.0411923,0.059348,0.0316815,0.0458268,0.0213964,0.0317264,0.0231068,0.022992,0.0163511,0.0184122,0.0135354,0.0163037,0.0109214,0.0114351,0.0078585,0.0104432,0.00622672,0.00738745,0.00483585,0.00581754,0.00407461,0.00535075,0.00388471,0.00390575,0.00314953,0.00345967,0.00281114,0.00257503,0.00175785,0.00215715,0.00161881,0.00157738,0.00131623,0.00158885,0.000981771,0.00118155,0.000994283,0.000992208,0.000738423,0.00077898,0.000613529,0.00051235,0.000543306,0.000553559,0.000375851,0.00046348,0.000277655,0.000351862,0.000267658,0.000293605,0.000220556,0.000276648,0.000182501,0.000180079,0.000131318,0.000162409,0.000109593,0.000117608,0.000106059,0.000101473,7.32748e-05,8.30764e-05,7.26834e-05,7.01153e-05,5.02988e-05,5.3905e-05,4.42646e-05,
70400,0.477014,0.492563,0.529956,0.543879,0.51474,0.55978,0.479986,0.491588,0.509283,0.527192,0.508486,0.465749,0.514638,0.51064,0.493189,0.415729,0.464074,0.428381,0.513707,0.41243,0.457957,0.334557,0.377511,0.297941,0.303809,0.206778,0.303055,0.148204,0.210225,0.0860449,0.130805,0.0637478,0.0840574,0.0411923,0.059348,0.0316815,0.0458268,0.0213964,0.0317264,0.0231068,0.022992,0.0163511,0.0184122,0.0135354,0.0163037,0.0109214,0.0114351,0.0078585,0.0104432,0.00622672,0.00738745,0.00483585,0.00581754,0.00407461,0.00535075,0.00388471,0.00390575,0.00314953,0.00345967,0.00281114,0.00257503,0.00175785,0.00215715,0.00161881,0.00157738,0.00131623,0.00158885,0.000981771,0.00118155,0.000994283,0.000992208,0.000738423,0.00077898,0.000613529,0.00051235,0.000543306,0.000553559,0.000375851,0.00046348,0.000277655,0.000351862,0.000267658,0.000293605,0.000220556,0.000276648,0.000182501,0.000180079,0.000131318,0.000162409,0.000109593,0.000117608,0.000106059,0.000101473,7.32748e-05,8.30764e-05,7.26834e-05,7.01153e-05,5.02988e-05,5.3905e-05,4.42646e-05,
70600,0.477014,0.492563,0.529956,0.543879,0.51474,0.55978,0.479986,0.491588,0.509283,0.527192,0.508486,0.465749,0.514638,0.51064,0.493189,0.415729,0.464074,0.428381,0.513707,0.41243,0.457957,0.334557,0.377511,0.297941,0.303809,0.206778,0.303055,0.148204,0.210225,0.0860449,0.130805,0.0637478,0.0840574,0.0411923,0.059348,0.0316815,0.0458268,0.0213964,0.0317264,0.0231068,0.022992,0.0163511,0.0184122,0.0135354,0.0163037,0.0109214,0.0114351,0.0078585,0.0104432,0.00622672,0.00738745,0.00483585,0.00581754,0.00407461,0.00535075,0.00388471,0.00390575,0.00314953,0.00345967,0.00281114,0.00257503,0.00175785,0.00215715,0.00161881,0.00157738,0.00131623,0.00158885,0.000981771,0.00118155,0.000994283,0.000992208,0.000738423,0.00077898,0.000613529,0.00051235,0.000543306,0.000553559,0.000375851,0.00046348,0.000277655,0.000351862,0.000267658,0.000293605,0.000220556,0.000276648,0.000182501,0.000180079,0.000131318,0.000162409,0.000109593,0.000117608,0.000106059,0.000101473,7.32748e-05,8.30764e-05,7.26834e-05,7.01153e-05,5.02988e-05,5.3905e-05,4.42646e-05,
70800,0.477014,0.492563,0.529956,0.543879,0.51474,0.55978,0.479986,0.491588,0.509283,0.527192,0.508486,0.465749,0.514638,0.51064,0.493189,0.415729,0.464074,0.428381,0.513707,0.41243,0.457957,0.334557,0.377511,0.297941,0.303809,0.206778,0.303055,0.148204,0.210225,0.0860449,0.130805,0.0637478,0.0840574,0.0411923,0.059348,0.0316815,0.0458268,0.0213964,0.0317264,0.0231068,0.022992,0.0163511,0.0184122,0.0135354,0.0163037,0.0109214,0.0114351,0.0078585,0.0104432,0.00622672,0.00738745,0.00483585,0.00581754,0.00407461,0.00535075,0.00388471,0.00390575,0.00314953,0.00345967,0.00281114,0.00257503,0.00175785,0.00215715,0.00161881,0.00157738,0.00131623,0.00158885,0.000981771,0.00118155,0.000994283,0.000992208,0.000738423,0.00077898,0.000613529,0.00051235,0.000543306,0.000553559,0.000375851,0.00046348,0.000277655,0.000351862,0.000267658,0.000293605,0.000220556,0.000276648,0.000182501,0.000180079,0.000131318,0.000162409,0.000109593,0.000117608,0.000106059,0.000101473,7.32748e-05,8.30764e-05,7.26834e-05,7.01153e-05,5.02988e-05,5.3905e-05,4.42646e-05,
71000,0.477014,0.492563,0.529956,0.543879,0.51474,0.55978,0.479986,0.491588,0.509283,0.527192,0.508486,0.465749,0.514638,0.51064,0.493189,0.415729,0.464074,0.428381,0.513707,0.41243,0.457957,0.334557,0.377511,0.297941,0.303809,0.206778,0.303055,0.148204,0.210225,0.0860449,0.130805,0.0637478,0.0840574,0.0411923,0.059348,0.0316815,0.0458268,0.0213964,0.0317264,0.0231068,0.022992,0.0163511,0.0184122,0.0135354,0.0163037,0.0109214,0.0114351,0.0078585,0.0104432,0.00622672,0.00738745,0.00483585,0.00581754,0.00407461,0.00535075,0.00388471,0.00390575,0.00314953,0.00345967,0.00281114,0.00257503,0.00175785,0.00215715,0.00161881,0.00157738,0.00131623,0.00158885,0.000981771,0.00118155,0.000994283,0.000992208,0.000738423,0.00077898,0.000613529,0.00051235,0.000543306,0.000553559,0.000375851,0.00046348,0.000277655,0.000351862,0.000267658,0.000293605,0.000220556,0.000276648,0.000182501,0.000180079,0.000131318,0.000162409,0.000109593,0.000117608,0.000106059,0.000101473,7.32748e-05,8.30764e-05,7.26834e-05,7.01153e-05,5.02988e-05,5.3905e-05,4.42646e-05,
71200,0.477014,0.492563,0.529956,0.543879,0.51474,0.55978,0.479986,0.491588,0.509283,0.527192,0.508486,0.465749,0.514638,0.51064,0.493189,0.415729,0.464074,0.428381,0.513707,0.41243,0.457957,0.334557,0.377511,0.297941,0.303809,0.206778,0.303055,0.148204,0.210225,0.0860449,0.130805,0.0637478,0.0840574,0.0411923,0.059348,0.0316815,0.0458268,0.0213964,0.0317264,0.0231068,0.022992,0.0163511,0.0184122,0.0135354,0.0163037,0.0109214,0.0114351,0.0078585,0.0104432,0.00622672,0.00738745,0.00483585,0.00581754,0.00407461,0.00535075,0.00388471,0.00390575,0.00314953,0.00345967,0.00281114,0.00257503,0.00175785,0.00215715,0.00161881,0.00157738,0.00131623,0.00158885,0.000981771,0.00118155,0.000994283,0.000992208,0.000738423,0.00077898,0.000613529,0.00051235,0.000543306,0.000553559,0.000375851,0.00046348,0.000277655,0.000351862,0.000267658,0.000293605,0.000220556,0.000276648,0.000182501,0.000180079,0.000131318,0.000162409,0.000109593,0.000117608,0.000106059,0.000101473,7.32748e-05,8.30764e-05,7.26834e-05,7.01153e-05,5.02988e-05,5.3905e-05,4.42646e-05,
71400,0.477014,0.492563,0.529956,0.543879,0.51474,0.55978,0.479986,0.491588,0.509283,0.527192,0.508486,0.465749,0.514638,0.51064,0.493189,0.415729,0.464074,0.428381,0.513707,0.41243,0.457957,0.334557,0.377511,0.297941,0.303809,0.206778,0.303055,0.148204,0.210225,0.0860449,0.130805,0.0637478,0.0840574,0.0411923,0.059348,0.0316815,0.0458268,0.0213964,0.0317264,0.0231068,0.022992,0.0163511,0.0184122,0.0135354,0.0163037,0.0109214,0.0114351,0.0078585,0.0104432,0.00622672,0.00738745,0.00483585,0.00581754,0.00407461,0.00535075,0.00388471,0.00390575,0.00314953,0.00345967,0.00281114,0.00257503,0.00175785,0.00215715,0.00161881,0.00157738,0.00131623,0.00158885,0.000981771,0.00118155,0.000994283,0.000992208,0.000738423,0.00077898,0.000613529,0.00051235,0.000543306,0.000553559,0.000375851,0.00046348,0.000277655,0.000351862,0.000267658,0.000293605,0.000220556,0.000276648,0.000182501,0.000180079,0.000131318,0.000162409,0.000109593,0.000117608,0.000106059,0.000101473,7.32748e-05,8.30764e-05,7.26834e-05,7.01153e-05,5.02988e-05,5.3905e-05,4.42646e-05,
71600,0.477014,0.492563,0.529956,0.543879,0.51474,0.55978,0.479986,0.491588,0.509283,0.527192,0.508486,0.465749,0.514638,0.51064,0.493189,0.415729,0.464074,0.428381,0.513707,0.41243,0.457957,0.334557,0.377511,0.297941,0.303809,0.206778,0.303055,0.148204,0.210225,0.0860449,0.130805,0.0637478,0.0840574,0.0411923,0.059348,0.0316815,0.0458268,0.0213964,0.0317264,0.0231068,0.022992,0.0163511,0.0184122,0.0135354,0.0163037,0.0109214,0.0114351,0.0078585,0.0104432,0.00622672,0.00738745,0.00483585,0.00581754,0.00407461,0.00535075,0.00388471,0.00390575,0.00314953,0.00345967,0.00281114,0.00257503,0.00175785,0.00215715,0.00161881,0.00157738,0.00131623,0.00158885,0.000981771,0.00118155,0.000994283,0.000992208,0.000738423,0.00077898,0.000613529,0.00051235,0.000543306,0.000553559,0.000375851,0.00046348,0.000277655,0.000351862,0.000267658,0.000293605,0.000220556,0.000276648,0.000182501,0.000180079,0.000131318,0.000162409,0.000109593,0.000117608,0.000106059,0.000101473,7.32748e-05,8.30764e-05,7.26834e-05,7.01153e-05,5.02988e-05,5.3905e-05,4.42646e-05,
71800,0.477014,0.492563,0.529956,0.543879,0.51474,0.55978,0.479986,0.491588,0.509283,0.527192,0.508486,0.465749,0.514638,0.51064,0.493189,0.415729,0.464074,0.428381,0.513707,0.41243,0.457957,0.334557,0.377511,0.297941,0.303809,0.206778,0.303055,0.148204,0.210225,0.0860449,0.130805,0.0637478,0.0840574,0.0411923,0.059348,0.0316815,0.0458268,0.0213964,0.0317264,0.0231068,0.022992,0.0163511,0.0184122,0.0135354,0.0163037,0.0109214,0.0114351,0.0078585,0.0104432,0.00622672,0.00738745,0.00483585,0.00581754,0.00407461,0.00535075,0.00388471,0.00390575,0.00314953,0.00345967,0.00281114,0.00257503,0.00175785,0.00215715,0.00161881,0.00157738,0.00131623,0.00158885,0.000981771,0.00118155,0.000994283,0.000992208,0.000738423,0.00077898,0.000613529,0.00051235,0.000543306,0.000553559,0.000375851,0.00046348,0.000277655,0.000351862,0.000267658,0.000293605,0.000220556,0.000276648,0.000182501,0.000180079,0.000131318,0.000162409,0.000109593,0.000117608,0.000106059,0.000101473,7.32748e-05,8.30764e-05,7.26834e-05,7.01153e-05,5.02988e-05,5.3905e-05,4.42646e-05,
72000,0.477014,0.492563,0.529956,0.543879,0.51474,0.55978,0.479986,0.491588,0.509283,0.527192,0.508486,0.465749,0.514638,0.51064,0.493189,0.415729,0.464074,0.428381,0.513707,0.41243,0.457957,0.334557,0.377511,0.297941,0.303809,0.206778,0.303055,0.148204,0.210225,0.0860449,0.130805,0.0637478,0.0840574,0.0411923,0.059348,0.0316815,0.0458268,0.0213964,0.0317264,0.0231068,0.022992,0.0163511,0.0184122,0.0135354,0.0163037,0.0109214,0.0114351,0.0078585,0.0104432,0.00622672,0.00738745,0.00483585,0.00581754,0.00407461,0.00535075,0.00388471,0.00390575,0.00314953,0.00345967,0.00281114,0.00257503,0.00175785,0.00215715,0.00161881,0.00157738,0.00131623,0.00158885,0.000981771,0.00118155,0.000994283,0.000992208,0.000738423,0.00077898,0.000613529,0.00051235,0.000543306,0.000553559,0.000375851,0.00046348,0.000277655,0.000351862,0.000267658,0.000293605,0.000220556,0.000276648,0.000182501,0.000180079,0.000131318,0.000162409,0.000109593,0.000117608,0.000106059,0.000101473,7.32748e-05,8.30764e-05,7.26834e-05,7.01153e-05,5.02988e-05,5.3905e-05,4.42646e-05,
72200,0.477014,0.492563,0.529956,0.543879,0.51474,0.55978,0.479986,0.491588,0.509283,0.527192,0.508486,0.465749,0.514638,0.51064,0.493189,0.415729,0.464074,0.428381,0.513707,0.41243,0.457957,0.334557,0.377511,0.297941,0.303809,0.206778,0.303055,0.148204,0.210225,0.0860449,0.130805,0.0637478,0.0840574,0.0411923,0.059348,0.0316815,0.0458268,0.0213964,0.0317264,0.0231068,0.022992,0.0163511,0.0184122,0.0135354,0.0163037,0.0109214,0.0114351,0.0078585,0.0104432,0.00622672,0.00738745,0.00483585,0.00581754,0.00407461,0.00535075,0.00388471,0.00390575,0.00314953,0.00345967,0.00281114,0.00257503,0.00175785,0.00215715,0.00161881,0.00157738,0.00131623,0.00158885,0.000981771,0.00118155,0.000994283,0.000992208,0.000738423,0.00077898,0.000613529,0.00051235,0.000543306,0.000553559,0.000375851,0.00046348,0.000277655,0.000351862,0.000267658,0.000293605,0.000220556,0.000276648,0.000182501,0.000180079,0.000131318,0.000162409,0.000109593,0.000117608,0.000106059,0.000101473,7.32748e-05,8.30764e-05,7.26834e-05,7.01153e-05,5.02988e-05,5.3905e-05,4.42646e-05,
72400,0.477014,0.492563,0.529956,0.543879,0.51474,0.55978,0.479986,0.491588,0.509283,0.527192,0.508486,0.465749,0.514638,0.51064,0.493189,0.415729,0.464074,0.428381,0.513707,0.41243,0.457957,0.334557,0.377511,0.297941,0.303809,0.206778,0.303055,0.148204,0.210225,0.0860449,0.130805,0.0637478,0.0840574,0.0411923,0.059348,0.0316815,0.0458268,0.0213964,0.0317264,0.0231068,0.022992,0.0163511,0.0184122,0.0135354,0.0163037,0.0109214,0.0114351,0.0078585,0.0104432,0.00622672,0.00738745,0.00483585,0.00581754,0.00407461,0.00535075,0.00388471,0.00390575,0.00314953,0.00345967,0.00281114,0.00257503,0.00175785,0.00215715,0.00161881,0.00157738,0.00131623,0.00158885,0.000981771,0.00118155,0.000994283,0.000992208,0.000738423,0.00077898,0.000613529,0.00051235,0.000543306,0.000553559,0.000375851,0.00046348,0.000277655,0.000351862,0.000267658,0.000293605,0.000220556,0.000276648,0.000182501,0.000180079,0.000131318,0.000162409,0.000109593,0.000117608,0.000106059,0.000101473,7.32748e-05,8.30764e-05,7.26834e-05,7.01153e-05,5.02988e-05,5.3905e-05,4.42646e-05,
72600,0.477014,0.492563,0.529956,0.543879,0.51474,0.55978,0.479986,0.491588,0.509283,0.527192,0.508486,0.465749,0.514638,0.51064,0.493189,0.415729,0.464074,0.428381,0.513707,0.41243,0.457957,0.334557,0.377511,0.297941,0.303809,0.206778,0.303055,0.148204,0.210225,0.0860449,0.130805,0.0637478,0.0840574,0.0411923,0.059348,0.0316815,0.0458268,0.0213964,0.0317264,0.0231068,0.022992,0.0163511,0.0184122,0.0135354,0.0163037,0.0109214,0.0114351,0.0078585,0.0104432,0.00622672,0.00738745,0.00483585,0.00581754,0.00407461,0.00535075,0.00388471,0.00390575,0.00314953,0.00345967,0.00281114,0.00257503,0.00175785,0.00215715,0.00161881,0.00157738,0.00131623,0.00158885,0.000981771,0.00118155,0.000994283,0.000992208,0.000738423,0.00077898,0.000613529,0.00051235,0.000543306,0.000553559,0.000375851,0.00046348,0.000277655,0.000351862,0.000267658,0.000293605,0.000220556,0.000276648,0.000182501,0.000180079,0.000131318,0.000162409,0.000109593,0.000117608,0.000106059,0.000101473,7.32748e-05,8.30764e-05,7.26834e-05,7.01153e-05,5.02988e-05,5.3905e-05,4.42646e-05,
72800,0.477014,0.492563,0.529956,0.543879,0.51474,0.55978,0.479986,0.491588,0.509283,0.527192,0.508486,0.465749,0.514638,0.51064,0.493189,0.415729,0.464074,0.428381,0.513707,0.41243,0.457957,0.334557,0.377511,0.297941,0.303809,0.206778,0.303055,0.148204,0.210225,0.0860449,0.130805,0.0637478,0.0840574,0.0411923,0.059348,0.0316815,0.0458268,0.0213964,0.0317264,0.0231068,0.022992,0.0163511,0.0184122,0.0135354,0.0163037,0.0109214,0.0114351,0.0078585,0.0104432,0.00622672,0.00738745,0.00483585,0.00581754,0.00407461,0.00535075,0.00388471,0.00390575,0.00314953,0.00345967,0.00281114,0.00257503,0.00175785,0.00215715,0.00161881,0.00157738,0.00131623,0.00158885,0.000981771,0.00118155,0.000994283,0.000992208,0.000738423,0.00077898,0.000613529,0.00051235,0.000543306,0.000553559,0.000375851,0.00046348,0.000277655,0.000351862,0.000267658,0.000293605,0.000220556,0.000276648,0.000182501,0.000180079,0.000131318,0.000162409,0.000109593,0.000117608,0.000106059,0.000101473,7.32748e-05,8.30764e-05,7.26834e-05,7.01153e-05,5.02988e-05,5.3905e-05,4.42646e-05,
73000,0.477014,0.492563,0.529956,0.543879,0.51474,0.55978,0.479986,0.491588,0.509283,0.527192,0.508486,0.465749,0.514638,0.51064,0.493189,0.415729,0.464074,0.428381,0.513707,0.41243,0.457957,0.334557,0.377511,0.297941,0.303809,0.206778,0.303055,0.148204,0.210225,0.0860449,0.130805,0.0637478,0.0840574,0.0411923,0.059348,0.0316815,0.0458268,0.0213964,0.0317264,0.0231068,0.022992,0.0163511,0.0184122,0.0135354,0.0163037,0.0109214,0.0114351,0.0078585,0.0104432,0.00622672,0.00738745,0.00483585,0.00581754,0.00407461,0.00535075,0.00388471,0.00390575,0.00314953,0.00345967,0.00281114,0.00257503,0.00175785,0.00215715,0.00161881,0.00157738,0.00131623,0.00158885,0.000981771,0.00118155,0.000994283,0.000992208,0.000738423,0.00077898,0.000613529,0.00051235,0.000543306,0.000553559,0.000375851,0.00046348,0.000277655,0.000351862,0.000267658,0.000293605,0.000220556,0.000276648,0.000182501,0.000180079,0.000131318,0.000162409,0.000109593,0.000117608,0.000106059,0.000101473,7.32748e-05,8.30764e-05,7.26834e-05,7.01153e-05,5.02988e-05,5.3905e-05,4.42646e-05,
73200,0.477014,0.492563,0.529956,0.543879,0.51474,0.55978,0.479986,0.491588,0.509283,0.527192,0.508486,0.465749,0.514638,0.51064,0.493189,0.415729,0.464074,0.428381,0.513707,0.41243,0.457957,0.334557,0.377511,0.297941,0.303809,0.206778,0.303055,0.148204,0.210225,0.0860449,0.130805,0.0637478,0.0840574,0.0411923,0.059348,0.0316815,0.0458268,0.0213964,0.0317264,0.0231068,0.022992,0.0163511,0.0184122,0.0135354,0.0163037,0.0109214,0.0114351,0.0078585,0.0104432,0.00622672,0.00738745,0.00483585,0.00581754,0.00407461,0.00535075,0.00388471,0.00390575,0.00314953,0.00345967,0.00281114,0.00257503,0.00175785,0.00215715,0.00161881,0.00157738,0.00131623,0.00158885,0.000981771,0.00118155,0.000994283,0.000992208,0.000738423,0.00077898,0.000613529,0.00051235,0.000543306,0.000553559,0.000375851,0.00046348,0.000277655,0.000351862,0.000267658,0.000293605,0.000220556,0.000276648,0.000182501,0.000180079,0.000131318,0.000162409,0.000109593,0.000117608,0.000106059,0.000101473,7.32748e-05,8.30764e-05,7.26834e-05,7.01153e-05,5.02988e-05,5.3905e-05,4.42646e-05,
73400,0.477014,0.492563,0.529956,0.543879,0.51474,0.55978,0.479986,0.491588,0.509283,0.527192,0.508486,0.465749,0.514638,0.51064,0.493189,0.415729,0.464074,0.428381,0.513707,0.41243,0.457957,0.334557,0.377511,0.297941,0.303809,0.206778,0.303055,0.148204,0.210225,0.0860449,0.130805,0.0637478,0.0840574,0.0411923,0.059348,0.0316815,0.0458268,0.0213964,0.0317264,0.0231068,0.022992,0.0163511,0.0184122,0.0135354,0.0163037,0.0109214,0.0114351,0.0078585,0.0104432,0.00622672,0.00738745,0.00483585,0.00581754,0.00407461,0.00535075,0.00388471,0.00390575,0.00314953,0.00345967,0.00281114,0.00257503,0.00175785,0.00215715,0.00161881,0.00157738,0.00131623,0.00158885,0.000981771,0.00118155,0.000994283,0.000992208,0.000738423,0.00077898,0.000613529,0.00051235,0.000543306,0.000553559,0.000375851,0.00046348,0.000277655,0.000351862,0.000267658,0.000293605,0.000220556,0.000276648,0.000182501,0.000180079,0.000131318,0.000162409,0.000109593,0.000117608,0.000106059,0.000101473,7.32748e-05,8.30764e-05,7.26834e-05,7.01153e-05,5.02988e-05,5.3905e-05,4.42646e-05,
73600,0.477014,0.492563,0.529956,0.543879,0.51474,0.55978,0.479986,0.491588,0.509283,0.527192,0.508486,0.465749,0.514638,0.51064,0.493189,0.415729,0.464074,0.428381,0.513707,0.41243,0.457957,0.334557,0.377511,0.297941,0.303809,0.206778,0.303055,0.148204,0.210225,0.0860449,0.130805,0.0637478,0.0840574,0.0411923,0.059348,0.0316815,0.0458268,0.0213964,0.0317264,0.0231068,0.022992,0.0163511,0.0184122,0.0135354,0.0163037,0.0109214,0.0114351,0.0078585,0.0104432,0.00622672,0.00738745,0.00483585,0.00581754,0.00407461,0.00535075,0.00388471,0.00390575,0.00314953,0.00345967,0.00281114,0.00257503,0.00175785,0.00215715,0.00161881,0.00157738,0.00131623,0.00158885,0.000981771,0.00118155,0.000994283,0.000992208,0.000738423,0.00077898,0.000613529,0.00051235,0.000543306,0.000553559,0.000375851,0.00046348,0.000277655,0.000351862,0.000267658,0.000293605,0.000220556,0.000276648,0.000182501,0.000180079,0.000131318,0.000162409,0.000109593,0.000117608,0.000106059,0.000101473,7.32748e-05,8.30764e-05,7.26834e-05,7.01153e-05,5.02988e-05,5.3905e-05,4.42646e-05,
73800,0.477014,0.492563,0.529956,0.543879,0.51474,0.55978,0.479986,0.491588,0.509283,0.527192,0.508486,0.465749,0.514638,0.51064,0.493189,0.415729,0.464074,0.428381,0.513707,0.41243,0.457957,0.334557,0.377511,0.297941,0.303809,0.206778,0.303055,0.148204,0.210225,0.0860449,0.130805,0.0637478,0.0840574,0.0411923,0.059348,0.0316815,0.0458268,0.0213964,0.0317264,0.0231068,0.022992,0.0163511,0.0184122,0.0135354,0.0163037,0.0109214,0.0114351,0.0078585,0.0104432,0.00622672,0.00738745,0.00483585,0.00581754,0.00407461,0.00535075,0.00388471,0.00390575,0.00314953,0.00345967,0.00281114,0.00257503,0.00175785,0.00215715,0.00161881,0.00157738,0.00131623,0.00158885,0.000981771,0.00118155,0.000994283,0.000992208,0.000738423,0.00077898,0.000613529,0.00051235,0.000543306,0.000553559,0.000375851,0.00046348,0.000277655,0.000351862,0.000267658,0.000293605,0.000220556,0.000276648,0.000182501,0.000180079,0.000131318,0.000162409,0.000109593,0.000117608,0.000106059,0.000101473,7.32748e-05,8.30764e-05,7.26834e-05,7.01153e-05,5.02988e-05,5.3905e-05,4.42646e-05,
74000,0.477014,0.492563,0.529956,0.543879,0.51474,0.55978,0.479986,0.491588,0.509283,0.527192,0.508486,0.465749,0.514638,0.51064,0.493189,0.415729,0.464074,0.428381,0.513707,0.41243,0.457957,0.334557,0.377511,0.297941,0.303809,0.206778,0.303055,0.148204,0.210225,0.0860449,0.130805,0.0637478,0.0840574,0.0411923,0.059348,0.0316815,0.0458268,0.0213964,0.0317264,0.0231068,0.022992,0.0163511,0.0184122,0.0135354,0.0163037,0.0109214,0.0114351,0.0078585,0.0104432,0.00622672,0.00738745,0.00483585,0.00581754,0.00407461,0.00535075,0.00388471,0.00390575,0.00314953,0.00345967,0.00281114,0.00257503,0.00175785,0.00215715,0.00161881,0.00157738,0.00131623,0.00158885,0.000981771,0.00118155,0.000994283,0.000992208,0.000738423,0.00077898,0.000613529,0.00051235,0.000543306,0.000553559,0.000375851,0.00046348,0.000277655,0.000351862,0.000267658,0.000293605,0.000220556,0.000276648,0.000182501,0.000180079,0.000131318,0.000162409,0.000109593,0.000117608,0.000106059,0.000101473,7.32748e-05,8.30764e-05,7.26834e-05,7.01153e-05,5.02988e-05,5.3905e-05,4.42646e-05,
74200,0.477014,0.492563,0.529956,0.543879,0.51474,0.55978,0.479986,0.491588,0.509283,0.527192,0.508486,0.465749,0.514638,0.51064,0.493189,0.415729,0.464074,0.428381,0.513707,0.41243,0.457957,0.334557,0.377511,0.297941,0.303809,0.206778,0.303055,0.148204,0.210225,0.0860449,0.130805,0.0637478,0.0840574,0.0411923,0.059348,0.0316815,0.0458268,0.0213964,0.0317264,0.0231068,0.022992,0.0163511,0.0184122,0.0135354,0.0163037,0.0109214,0.0114351,0.0078585,0.0104432,0.00622672,0.00738745,0.00483585,0.00581754,0.00407461,0.00535075,0.00388471,0.00390575,0.00314953,0.00345967,0.00281114,0.00257503,0.00175785,0.00215715,0.00161881,0.00157738,0.00131623,0.00158885,0.000981771,0.00118155,0.000994283,0.000992208,0.000738423,0.00077898,0.000613529,0.00051235,0.000543306,0.000553559,0.000375851,0.00046348,0.000277655,0.000351862,0.000267658,0.000293605,0.000220556,0.000276648,0.000182501,0.000180079,0.000131318,0.000162409,0.000109593,0.000117608,0.000106059,0.000101473,7.32748e-05,8.30764e-05,7.26834e-05,7.01153e-05,5.02988e-05,5.3905e-05,4.42646e-05,
74400,0.477014,0.492563,0.529956,0.543879,0.51474,0.55978,0.479986,0.491588,0.509283,0.527192,0.508486,0.465749,0.514638,0.51064,0.493189,0.415729,0.464074,0.428381,0.513707,0.41243,0.457957,0.334557,0.377511,0.297941,0.303809,0.206778,0.303055,0.148204,0.210225,0.0860449,0.130805,0.0637478,0.0840574,0.0411923,0.059348,0.0316815,0.0458268,0.0213964,0.0317264,0.0231068,0.022992,0.0163511,0.0184122,0.0135354,0.0163037,0.0109214,0.0114351,0.0078585,0.0104432,0.00622672,0.00738745,0.00483585,0.00581754,0.00407461,0.00535075,0.00388471,0.00390575,0.00314953,0.00345967,0.00281114,0.00257503,0.00175785,0.00215715,0.00161881,0.00157738,0.00131623,0.00158885,0.000981771,0.00118155,0.000994283,0.000992208,0.000738423,0.00077898,0.000613529,0.00051235,0.000543306,0.000553559,0.000375851,0.00046348,0.000277655,0.000351862,0.000267658,0.000293605,0.000220556,0.000276648,0.000182501,0.000180079,0.000131318,0.000162409,0.000109593,0.000117608,0.000106059,0.000101473,7.32748e-05,8.30764e-05,7.26834e-05,7.01153e-05,5.02988e-05,5.3905e-05,4.42646e-05,
74600,0.477014,0.492563,0.529956,0.543879,0.51474,0.55978,0.479986,0.491588,0.509283,0.527192,0.508486,0.465749,0.514638,0.51064,0.493189,0.415729,0.464074,0.428381,0.513707,0.41243,0.457957,0.334557,0.377511,0.297941,0.303809,0.206778,0.303055,0.148204,0.210225,0.0860449,0.130805,0.0637478,0.0840574,0.0411923,0.059348,0.0316815,0.0458268,0.0213964,0.0317264,0.0231068,0.022992,0.0163511,0.0184122,0.0135354,0.0163037,0.0109214,0.0114351,0.0078585,0.0104432,0.00622672,0.00738745,0.00483585,0.00581754,0.00407461,0.00535075,0.00388471,0.00390575,0.00314953,0.00345967,0.00281114,0.00257503,0.00175785,0.00215715,0.00161881,0.00157738,0.00131623,0.00158885,0.000981771,0.00118155,0.000994283,0.000992208,0.000738423,0.00077898,0.000613529,0.00051235,0.000543306,0.000553559,0.000375851,0.00046348,0.000277655,0.000351862,0.000267658,0.000293605,0.000220556,0.000276648,0.000182501,0.000180079,0.000131318,0.000162409,0.000109593,0.000117608,0.000106059,0.000101473,7.32748e-05,8.30764e-05,7.26834e-05,7.01153e-05,5.02988e-05,5.3905e-05,4.42646e-05,
74800,0.477014,0.492563,0.529956,0.543879,0.51474,0.55978,0.479986,0.491588,0.509283,0.527192,0.508486,0.465749,0.514638,0.51064,0.493189,0.415729,0.464074,0.428381,0.513707,0.41243,0.457957,0.334557,0.377511,0.297941,0.303809,0.206778,0.303055,0.148204,0.210225,0.0860449,0.130805,0.0637478,0.0840574,0.0411923,0.059348,0.0316815,0.0458268,0.0213964,0.0317264,0.0231068,0.022992,0.0163511,0.0184122,0.0135354,0.0163037,0.0109214,0.0114351,0.0078585,0.0104432,0.00622672,0.00738745,0.00483585,0.00581754,0.00407461,0.00535075,0.00388471,0.00390575,0.00314953,0.00345967,0.00281114,0.00257503,0.00175785,0.00215715,0.00161881,0.00157738,0.00131623,0.00158885,0.000981771,0.00118155,0.000994283,0.000992208,0.000738423,0.00077898,0.000613529,0.00051235,0.000543306,0.000553559,0.000375851,0.00046348,0.000277655,0.000351862,0.000267658,0.000293605,0.000220556,0.000276648,0.000182501,0.000180079,0.000131318,0.000162409,0.000109593,0.000117608,0.000106059,0.000101473,7.32748e-05,8.30764e-05,7.26834e-05,7.01153e-05,5.02988e-05,5.3905e-05,4.42646e-05,
75000,0.477014,0.492563,0.529956,0.543879,0.51474,0.55978,0.479986,0.491588,0.509283,0.527192,0.508486,0.465749,0.514638,0.51064,0.493189,0.415729,0.464074,0.428381,0.513707,0.41243,0.457957,0.334557,0.377511,0.297941,0.303809,0.206778,0.303055,0.148204,0.210225,0.0860449,0.130805,0.0637478,0.0840574,0.0411923,0.059348,0.0316815,0.0458268,0.0213964,0.0317264,0.0231068,0.022992,0.0163511,0.0184122,0.0135354,0.0163037,0.0109214,0.0114351,0.0078585,0.0104432,0.00622672,0.00738745,0.00483585,0.00581754,0.00407461,0.00535075,0.00388471,0.00390575,0.00314953,0.00345967,0.00281114,0.00257503,0.00175785,0.00215715,0.00161881,0.00157738,0.00131623,0.00158885,0.000981771,0.00118155,0.000994283,0.000992208,0.000738423,0.00077898,0.000613529,0.00051235,0.000543306,0.000553559,0.000375851,0.00046348,0.000277655,0.000351862,0.000267658,0.000293605,0.000220556,0.000276648,0.000182501,0.000180079,0.000131318,0.000162409,0.000109593,0.000117608,0.000106059,0.000101473,7.32748e-05,8.30764e-05,7.26834e-05,7.01153e-05,5.02988e-05,5.3905e-05,4.42646e-05,
75200,0.477014,0.492563,0.529956,0.543879,0.51474,0.55978,0.479986,0.491588,0.509283,0.527192,0.508486,0.465749,0.514638,0.51064,0.493189,0.415729,0.464074,0.428381,0.513707,0.41243,0.457957,0.334557,0.377511,0.297941,0.303809,0.206778,0.303055,0.148204,0.210225,0.0860449,0.130805,0.0637478,0.0840574,0.0411923,0.059348,0.0316815,0.0458268,0.0213964,0.0317264,0.0231068,0.022992,0.0163511,0.0184122,0.0135354,0.0163037,0.0109214,0.0114351,0.0078585,0.0104432,0.00622672,0.00738745,0.00483585,0.00581754,0.00407461,0.00535075,0.00388471,0.00390575,0.00314953,0.00345967,0.00281114,0.00257503,0.00175785,0.00215715,0.00161881,0.00157738,0.00131623,0.00158885,0.000981771,0.00118155,0.000994283,0.000992208,0.000738423,0.00077898,0.000613529,0.00051235,0.000543306,0.000553559,0.000375851,0.00046348,0.000277655,0.000351862,0.000267658,0.000293605,0.000220556,0.000276648,0.000182501,0.000180079,0.000131318,0.000162409,0.000109593,0.000117608,0.000106059,0.000101473,7.32748e-05,8.30764e-05,7.26834e-05,7.01153e-05,5.02988e-05,5.3905e-05,4.42646e-05,
75400,0.477014,0.492563,0.529956,0.543879,0.51474,0.55978,0.479986,0.491588,0.509283,0.527192,0.508486,0.465749,0.514638,0.51064,0.493189,0.415729,0.464074,0.428381,0.513707,0.41243,0.457957,0.334557,0.377511,0.297941,0.303809,0.206778,0.303055,0.148204,0.210225,0.0860449,0.130805,0.0637478,0.0840574,0.0411923,0.059348,0.0316815,0.0458268,0.0213964,0.0317264,0.0231068,0.022992,0.0163511,0.0184122,0.0135354,0.0163037,0.0109214,0.0114351,0.0078585,0.0104432,0.00622672,0.00738745,0.00483585,0.00581754,0.00407461,0.00535075,0.00388471,0.00390575,0.00314953,0.00345967,0.00281114,0.00257503,0.00175785,0.00215715,0.00161881,0.00157738,0.00131623,0.00158885,0.000981771,0.00118155,0.000994283,0.000992208,0.000738423,0.00077898,0.000613529,0.00051235,0.000543306,0.000553559,0.000375851,0.00046348,0.000277655,0.000351862,0.000267658,0.000293605,0.000220556,0.000276648,0.000182501,0.000180079,0.000131318,0.000162409,0.000109593,0.000117608,0.000106059,0.000101473,7.32748e-05,8.30764e-05,7.26834e-05,7.01153e-05,5.02988e-05,5.3905e-05,4.42646e-05,
75600,0.477014,0.492563,0.529956,0.543879,0.51474,0.55978,0.479986,0.491588,0.509283,0.527192,0.508486,0.465749,0.514638,0.51064,0.493189,0.415729,0.464074,0.428381,0.513707,0.41243,0.457957,0.334557,0.377511,0.297941,0.303809,0.206778,0.303055,0.148204,0.210225,0.0860449,0.130805,0.0637478,0.0840574,0.0411923,0.059348,0.0316815,0.0458268,0.0213964,0.0317264,0.0231068,0.022992,0.0163511,0.0184122,0.0135354,0.0163037,0.0109214,0.0114351,0.0078585,0.0104432,0.00622672,0.00738745,0.00483585,0.00581754,0.00407461,0.00535075,0.00388471,0.00390575,0.00314953,0.00345967,0.00281114,0.00257503,0.00175785,0.00215715,0.00161881,0.00157738,0.00131623,0.00158885,0.000981771,0.00118155,0.000994283,0.000992208,0.000738423,0.00077898,0.000613529,0.00051235,0.000543306,0.000553559,0.000375851,0.00046348,0.000277655,0.000351862,0.000267658,0.000293605,0.000220556,0.000276648,0.000182501,0.000180079,0.000131318,0.000162409,0.000109593,0.000117608,0.000106059,0.000101473,7.32748e-05,8.30764e-05,7.26834e-05,7.01153e-05,5.02988e-05,5.3905e-05,4.42646e-05,
75800,0.477014,0.492563,0.529956,0.543879,0.51474,0.55978,0.479986,0.491588,0.509283,0.527192,0.508486,0.465749,0.514638,0.51064,0.493189,0.415729,0.464074,0.428381,0.513707,0.41243,0.457957,0.334557,0.377511,0.297941,0.303809,0.206778,0.303055,0.148204,0.210225,0.0860449,0.130805,0.0637478,0.0840574,0.0411923,0.059348,0.0316815,0.0458268,0.0213964,0.0317264,0.0231068,0.022992,0.0163511,0.0184122,0.0135354,0.0163037,0.0109214,0.0114351,0.0078585,0.0104432,0.00622672,0.00738745,0.00483585,0.00581754,0.00407461,0.00535075,0.00388471,0.00390575,0.00314953,0.00345967,0.00281114,0.00257503,0.00175785,0.00215715,0.00161881,0.00157738,0.00131623,0.00158885,0.000981771,0.00118155,0.000994283,0.000992208,0.000738423,0.00077898,0.000613529,0.00051235,0.000543306,0.000553559,0.000375851,0.00046348,0.000277655,0.000351862,0.000267658,0.000293605,0.000220556,0.000276648,0.000182501,0.000180079,0.000131318,0.000162409,0.000109593,0.000117608,0.000106059,0.000101473,7.32748e-05,8.30764e-05,7.26834e-05,7.01153e-05,5.02988e-05,5.3905e-05,4.42646e-05,
76000,0.477014,0.492563,0.529956,0.543879,0.51474,0.55978,0.479986,0.491588,0.509283,0.527192,0.508486,0.465749,0.514638,0.51064,0.493189,0.415729,0.464074,0.428381,0.513707,0.41243,0.457957,0.334557,0.377511,0.297941,0.303809,0.206778,0.303055,0.148204,0.210225,0.0860449,0.130805,0.0637478,0.0840574,0.0411923,0.059348,0.0316815,0.0458268,0.0213964,0.0317264,0.0231068,0.022992,0.0163511,0.0184122,0.0135354,0.0163037,0.0109214,0.0114351,0.0078585,0.0104432,0.00622672,0.00738745,0.00483585,0.00581754,0.00407461,0.00535075,0.00388471,0.00390575,0.00314953,0.00345967,0.00281114,0.00257503,0.00175785,0.00215715,0.00161881,0.00157738,0.00131623,0.00158885,0.000981771,0.00118155,0.000994283,0.000992208,0.000738423,0.00077898,0.000613529,0.00051235,0.000543306,0.000553559,0.000375851,0.00046348,0.000277655,0.000351862,0.000267658,0.000293605,0.000220556,0.000276648,0.000182501,0.000180079,0.000131318,0.000162409,0.000109593,0.000117608,0.000106059,0.000101473,7.32748e-05,8.30764e-05,7.26834e-05,7.01153e-05,5.02988e-05,5.3905e-05,4.42646e-05,
76200,0.477014,0.492563,0.529956,0.543879,0.51474,0.55978,0.479986,0.491588,0.509283,0.527192,0.508486,0.465749,0.514638,0.51064,0.493189,0.415729,0.464074,0.428381,0.513707,0.41243,0.457957,0.334557,0.377511,0.297941,0.303809,0.206778,0.303055,0.148204,0.210225,0.0860449,0.130805,0.0637478,0.0840574,0.0411923,0.059348,0.0316815,0.0458268,0.0213964,0.0317264,0.0231068,0.022992,0.0163511,0.0184122,0.0135354,0.0163037,0.0109214,0.0114351,0.0078585,0.0104432,0.00622672,0.00738745,0.00483585,0.00581754,0.00407461,0.00535075,0.00388471,0.00390575,0.00314953,0.00345967,0.00281114,0.00257503,0.00175785,0.00215715,0.00161881,0.00157738,0.00131623,0.00158885,0.000981771,0.00118155,0.000994283,0.000992208,0.000738423,0.00077898,0.000613529,0.00051235,0.000543306,0.000553559,0.000375851,0.00046348,0.000277655,0.000351862,0.000267658,0.000293605,0.000220556,0.000276648,0.000182501,0.000180079,0.000131318,0.000162409,0.000109593,0.000117608,0.000106059,0.000101473,7.32748e-05,8.30764e-05,7.26834e-05,7.01153e-05,5.02988e-05,5.3905e-05,4.42646e-05,
76400,0.477014,0.492563,0.529956,0.543879,0.51474,0.55978,0.479986,0.491588,0.509283,0.527192,0.508486,0.465749,0.514638,0.51064,0.493189,0.415729,0.464074,0.428381,0.513707,0.41243,0.457957,0.334557,0.377511,0.297941,0.303809,0.206778,0.303055,0.148204,0.210225,0.0860449,0.130805,0.0637478,0.0840574,0.0411923,0.059348,0.0316815,0.0458268,0.0213964,0.0317264,0.0231068,0.022992,0.0163511,0.0184122,0.0135354,0.0163037,0.0109214,0.0114351,0.0078585,0.0104432,0.00622672,0.00738745,0.00483585,0.00581754,0.00407461,0.00535075,0.00388471,0.00390575,0.00314953,0.00345967,0.00281114,0.00257503,0.00175785,0.00215715,0.00161881,0.00157738,0.00131623,0.00158885,0.000981771,0.00118155,0.000994283,0.000992208,0.000738423,0.00077898,0.000613529,0.00051235,0.000543306,0.000553559,0.000375851,0.00046348,0.000277655,0.000351862,0.000267658,0.000293605,0.000220556,0.000276648,0.000182501,0.000180079,0.000131318,0.000162409,0.000109593,0.000117608,0.000106059,0.000101473,7.32748e-05,8.30764e-05,7.26834e-05,7.01153e-05,5.02988e-05,5.3905e-05,4.42646e-05,
76600,0.477014,0.492563,0.529956,0.543879,0.51474,0.55978,0.479986,0.491588,0.509283,0.527192,0.508486,0.465749,0.514638,0.51064,0.493189,0.415729,0.464074,0.428381,0.513707,0.41243,0.457957,0.334557,0.377511,0.297941,0.303809,0.206778,0.303055,0.148204,0.210225,0.0860449,0.130805,0.0637478,0.0840574,0.0411923,0.059348,0.0316815,0.0458268,0.0213964,0.0317264,0.0231068,0.022992,0.0163511,0.0184122,0.0135354,0.0163037,0.0109214,0.0114351,0.0078585,0.0104432,0.00622672,0.00738745,0.00483585,0.00581754,0.00407461,0.00535075,0.00388471,0.00390575,0.00314953,0.00345967,0.00281114,0.00257503,0.00175785,0.00215715,0.00161881,0.00157738,0.00131623,0.00158885,0.000981771,0.00118155,0.000994283,0.000992208,0.000738423,0.00077898,0.000613529,0.00051235,0.000543306,0.000553559,0.000375851,0.00046348,0.000277655,0.000351862,0.000267658,0.000293605,0.000220556,0.000276648,0.000182501,0.000180079,0.000131318,0.000162409,0.000109593,0.000117608,0.000106059,0.000101473,7.32748e-05,8.30764e-05,7.26834e-05,7.01153e-05,5.02988e-05,5.3905e-05,4.42646e-05,
76800,0.477014,0.492563,0.529956,0.543879,0.51474,0.55978,0.479986,0.491588,0.509283,0.527192,0.508486,0.465749,0.514638,0.51064,0.493189,0.415729,0.464074,0.428381,0.513707,0.41243,0.457957,0.334557,0.377511,0.297941,0.303809,0.206778,0.303055,0.148204,0.210225,0.0860449,0.130805,0.0637478,0.0840574,0.0411923,0.059348,0.0316815,0.0458268,0.0213964,0.0317264,0.0231068,0.022992,0.0163511,0.0184122,0.0135354,0.0163037,0.0109214,0.0114351,0.0078585,0.0104432,0.00622672,0.00738745,0.00483585,0.00581754,0.00407461,0.00535075,0.00388471,0.00390575,0.00314953,0.00345967,0.00281114,0.00257503,0.00175785,0.00215715,0.00161881,0.00157738,0.00131623,0.00158885,0.000981771,0.00118155,0.000994283,0.000992208,0.000738423,0.00077898,0.000613529,0.00051235,0.000543306,0.000553559,0.000375851,0.00046348,0.000277655,0.000351862,0.000267658,0.000293605,0.000220556,0.000276648,0.000182501,0.000180079,0.000131318,0.000162409,0.000109593,0.000117608,0.000106059,0.000101473,7.32748e-05,8.30764e-05,7.26834e-05,7.01153e-05,5.02988e-05,5.3905e-05,4.42646e-05,
77000,0.477014,0.492563,0.529956,0.543879,0.51474,0.55978,0.479986,0.491588,0.509283,0.527192,0.508486,0.465749,0.514638,0.51064,0.493189,0.415729,0.464074,0.428381,0.513707,0.41243,0.457957,0.334557,0.377511,0.297941,0.303809,0.206778,0.303055,0.148204,0.210225,0.0860449,0.130805,0.0637478,0.0840574,0.0411923,0.059348,0.0316815,0.0458268,0.0213964,0.0317264,0.0231068,0.022992,0.0163511,0.0184122,0.0135354,0.0163037,0.0109214,0.0114351,0.0078585,0.0104432,0.00622672,0.00738745,0.00483585,0.00581754,0.00407461,0.00535075,0.00388471,0.00390575,0.00314953,0.00345967,0.00281114,0.00257503,0.00175785,0.00215715,0.00161881,0.00157738,0.00131623,0.00158885,0.000981771,0.00118155,0.000994283,0.000992208,0.000738423,0.00077898,0.000613529,0.00051235,0.000543306,0.000553559,0.000375851,0.00046348,0.000277655,0.000351862,0.000267658,0.000293605,0.000220556,0.000276648,0.000182501,0.000180079,0.000131318,0.000162409,0.000109593,0.000117608,0.000106059,0.000101473,7.32748e-05,8.30764e-05,7.26834e-05,7.01153e-05,5.02988e-05,5.3905e-05,4.42646e-05,
77200,0.477014,0.492563,0.529956,0.543879,0.51474,0.55978,0.479986,0.491588,0.509283,0.527192,0.508486,0.465749,0.514638,0.51064,0.493189,0.415729,0.464074,0.428381,0.513707,0.41243,0.457957,0.334557,0.377511,0.297941,0.303809,0.206778,0.303055,0.148204,0.210225,0.0860449,0.130805,0.0637478,0.0840574,0.0411923,0.059348,0.0316815,0.0458268,0.0213964,0.0317264,0.0231068,0.022992,0.0163511,0.0184122,0.0135354,0.0163037,0.0109214,0.0114351,0.0078585,0.0104432,0.00622672,0.00738745,0.00483585,0.00581754,0.00407461,0.00535075,0.00388471,0.00390575,0.00314953,0.00345967,0.00281114,0.00257503,0.00175785,0.00215715,0.00161881,0.00157738,0.00131623,0.00158885,0.000981771,0.00118155,0.000994283,0.000992208,0.000738423,0.00077898,0.000613529,0.00051235,0.000543306,0.000553559,0.000375851,0.00046348,0.000277655,0.000351862,0.000267658,0.000293605,0.000220556,0.000276648,0.000182501,0.000180079,0.000131318,0.000162409,0.000109593,0.000117608,0.000106059,0.000101473,7.32748e-05,8.30764e-05,7.26834e-05,7.01153e-05,5.02988e-05,5.3905e-05,4.42646e-05,
77400,0.477014,0.492563,0.529956,0.543879,0.51474,0.55978,0.479986,0.491588,0.509283,0.527192,0.508486,0.465749,0.514638,0.51064,0.493189,0.415729,0.464074,0.428381,0.513707,0.41243,0.457957,0.334557,0.377511,0.297941,0.303809,0.206778,0.303055,0.148204,0.210225,0.0860449,0.130805,0.0637478,0.0840574,0.0411923,0.059348,0.0316815,0.0458268,0.0213964,0.0317264,0.0231068,0.022992,0.0163511,0.0184122,0.0135354,0.0163037,0.0109214,0.0114351,0.0078585,0.0104432,0.00622672,0.00738745,0.00483585,0.00581754,0.00407461,0.00535075,0.00388471,0.00390575,0.00314953,0.00345967,0.00281114,0.00257503,0.00175785,0.00215715,0.00161881,0.00157738,0.00131623,0.00158885,0.000981771,0.00118155,0.000994283,0.000992208,0.000738423,0.00077898,0.000613529,0.00051235,0.000543306,0.000553559,0.000375851,0.00046348,0.000277655,0.000351862,0.000267658,0.000293605,0.000220556,0.000276648,0.000182501,0.000180079,0.000131318,0.000162409,0.000109593,0.000117608,0.000106059,0.000101473,7.32748e-05,8.30764e-05,7.26834e-05,7.01153e-05,5.02988e-05,5.3905e-05,4.42646e-05,
77600,0.477014,0.492563,0.529956,0.543879,0.51474,0.55978,0.479986,0.491588,0.509283,0.527192,0.508486,0.465749,0.514638,0.51064,0.493189,0.415729,0.464074,0.428381,0.513707,0.41243,0.457957,0.334557,0.377511,0.297941,0.303809,0.206778,0.303055,0.148204,0.210225,0.0860449,0.130805,0.0637478,0.0840574,0.0411923,0.059348,0.0316815,0.0458268,0.0213964,0.0317264,0.0231068,0.022992,0.0163511,0.0184122,0.0135354,0.0163037,0.0109214,0.0114351,0.0078585,0.0104432,0.00622672,0.00738745,0.00483585,0.00581754,0.00407461,0.00535075,0.00388471,0.00390575,0.00314953,0.00345967,0.00281114,0.00257503,0.00175785,0.00215715,0.00161881,0.00157738,0.00131623,0.00158885,0.000981771,0.00118155,0.000994283,0.000992208,0.000738423,0.00077898,0.000613529,0.00051235,0.000543306,0.000553559,0.000375851,0.00046348,0.000277655,0.000351862,0.000267658,0.000293605,0.000220556,0.000276648,0.000182501,0.000180079,0.000131318,0.000162409,0.000109593,0.000117608,0.000106059,0.000101473,7.32748e-05,8.30764e-05,7.26834e-05,7.01153e-05,5.02988e-05,5.3905e-05,4.42646e-05,
77800,0.477014,0.492563,0.529956,0.543879,0.51474,0.55978,0.479986,0.491588,0.509283,0.527192,0.508486,0.465749,0.514638,0.51064,0.493189,0.415729,0.464074,0.428381,0.513707,0.41243,0.457957,0.334557,0.377511,0.297941,0.303809,0.206778,0.303055,0.148204,0.210225,0.0860449,0.130805,0.0637478,0.0840574,0.0411923,0.059348,0.0316815,0.0458268,0.0213964,0.0317264,0.0231068,0.022992,0.0163511,0.0184122,0.0135354,0.0163037,0.0109214,0.0114351,0.0078585,0.0104432,0.00622672,0.00738745,0.00483585,0.00581754,0.00407461,0.00535075,0.00388471,0.00390575,0.00314953,0.00345967,0.00281114,0.00257503,0.00175785,0.00215715,0.00161881,0.00157738,0.00131623,0.00158885,0.000981771,0.00118155,0.000994283,0.000992208,0.000738423,0.00077898,0.000613529,0.00051235,0.000543306,0.000553559,0.000375851,0.00046348,0.000277655,0.000351862,0.000267658,0.000293605,0.000220556,0.000276648,0.000182501,0.000180079,0.000131318,0.000162409,0.000109593,0.000117608,0.000106059,0.000101473,7.32748e-05,8.30764e-05,7.26834e-05,7.01153e-05,5.02988e-05,5.3905e-05,4.42646e-05,
78000,0.477014,0.492563,0.529956,0.543879,0.51474,0.55978,0.479986,0.491588,0.509283,0.527192,0.508486,0.465749,0.514638,0.51064,0.493189,0.415729,0.464074,0.428381,0.513707,0.41243,0.457957,0.334557,0.377511,0.297941,0.303809,0.206778,0.303055,0.148204,0.210225,0.0860449,0.130805,0.0637478,0.0840574,0.0411923,0.059348,0.0316815,0.0458268,0.0213964,0.0317264,0.0231068,0.022992,0.0163511,0.0184122,0.0135354,0.0163037,0.0109214,0.0114351,0.0078585,0.0104432,0.00622672,0.00738745,0.00483585,0.00581754,0.00407461,0.00535075,0.00388471,0.00390575,0.00314953,0.00345967,0.00281114,0.00257503,0.00175785,0.00215715,0.00161881,0.00157738,0.00131623,0.00158885,0.000981771,0.00118155,0.000994283,0.000992208,0.000738423,0.00077898,0.000613529,0.00051235,0.000543306,0.000553559,0.000375851,0.00046348,0.000277655,0.000351862,0.000267658,0.000293605,0.000220556,0.000276648,0.000182501,0.000180079,0.000131318,0.000162409,0.000109593,0.000117608,0.000106059,0.000101473,7.32748e-05,8.30764e-05,7.26834e-05,7.01153e-05,5.02988e-05,5.3905e-05,4.42646e-05,
78200,0.477014,0.492563,0.529956,0.543879,0.51474,0.55978,0.479986,0.491588,0.509283,0.527192,0.508486,0.465749,0.514638,0.51064,0.493189,0.415729,0.464074,0.428381,0.513707,0.41243,0.457957,0.334557,0.377511,0.297941,0.303809,0.206778,0.303055,0.148204,0.210225,0.0860449,0.130805,0.0637478,0.0840574,0.0411923,0.059348,0.0316815,0.0458268,0.0213964,0.0317264,0.0231068,0.022992,0.0163511,0.0184122,0.0135354,0.0163037,0.0109214,0.0114351,0.0078585,0.0104432,0.00622672,0.00738745,0.00483585,0.00581754,0.00407461,0.00535075,0.00388471,0.00390575,0.00314953,0.00345967,0.00281114,0.00257503,0.00175785,0.00215715,0.00161881,0.00157738,0.00131623,0.00158885,0.000981771,0.00118155,0.000994283,0.000992208,0.000738423,0.00077898,0.000613529,0.00051235,0.000543306,0.000553559,0.000375851,0.00046348,0.000277655,0.000351862,0.000267658,0.000293605,0.000220556,0.000276648,0.000182501,0.000180079,0.000131318,0.000162409,0.000109593,0.000117608,0.000106059,0.000101473,7.32748e-05,8.30764e-05,7.26834e-05,7.01153e-05,5.02988e-05,5.3905e-05,4.42646e-05,
78400,0.477014,0.492563,0.529956,0.543879,0.51474,0.55978,0.479986,0.491588,0.509283,0.527192,0.508486,0.465749,0.514638,0.51064,0.493189,0.415729,0.464074,0.428381,0.513707,0.41243,0.457957,0.334557,0.377511,0.297941,0.303809,0.206778,0.303055,0.148204,0.210225,0.0860449,0.130805,0.0637478,0.0840574,0.0411923,0.059348,0.0316815,0.0458268,0.0213964,0.0317264,0.0231068,0.022992,0.0163511,0.0184122,0.0135354,0.0163037,0.0109214,0.0114351,0.0078585,0.0104432,0.00622672,0.00738745,0.00483585,0.00581754,0.00407461,0.00535075,0.00388471,0.00390575,0.00314953,0.00345967,0.00281114,0.00257503,0.00175785,0.00215715,0.00161881,0.00157738,0.00131623,0.00158885,0.000981771,0.00118155,0.000994283,0.000992208,0.000738423,0.00077898,0.000613529,0.00051235,0.000543306,0.000553559,0.000375851,0.00046348,0.000277655,0.000351862,0.000267658,0.000293605,0.000220556,0.000276648,0.000182501,0.000180079,0.000131318,0.000162409,0.000109593,0.000117608,0.000106059,0.000101473,7.32748e-05,8.30764e-05,7.26834e-05,7.01153e-05,5.02988e-05,5.3905e-05,4.42646e-05,
78600,0.477014,0.492563,0.529956,0.543879,0.51474,0.55978,0.479986,0.491588,0.509283,0.527192,0.508486,0.465749,0.514638,0.51064,0.493189,0.415729,0.464074,0.428381,0.513707,0.41243,0.457957,0.334557,0.377511,0.297941,0.303809,0.206778,0.303055,0.148204,0.210225,0.0860449,0.130805,0.0637478,0.0840574,0.0411923,0.059348,0.0316815,0.0458268,0.0213964,0.0317264,0.0231068,0.022992,0.0163511,0.0184122,0.0135354,0.0163037,0.0109214,0.0114351,0.0078585,0.0104432,0.00622672,0.00738745,0.00483585,0.00581754,0.00407461,0.00535075,0.00388471,0.00390575,0.00314953,0.00345967,0.00281114,0.00257503,0.00175785,0.00215715,0.00161881,0.00157738,0.00131623,0.00158885,0.000981771,0.00118155,0.000994283,0.000992208,0.000738423,0.00077898,0.000613529,0.00051235,0.000543306,0.000553559,0.000375851,0.00046348,0.000277655,0.000351862,0.000267658,0.000293605,0.000220556,0.000276648,0.000182501,0.000180079,0.000131318,0.000162409,0.000109593,0.000117608,0.000106059,0.000101473,7.32748e-05,8.30764e-05,7.26834e-05,7.01153e-05,5.02988e-05,5.3905e-05,4.42646e-05,
78800,0.477014,0.492563,0.529956,0.543879,0.51474,0.55978,0.479986,0.491588,0.509283,0.527192,0.508486,0.465749,0.514638,0.51064,0.493189,0.415729,0.464074,0.428381,0.513707,0.41243,0.457957,0.334557,0.377511,0.297941,0.303809,0.206778,0.303055,0.148204,0.210225,0.0860449,0.130805,0.0637478,0.0840574,0.0411923,0.059348,0.0316815,0.0458268,0.0213964,0.0317264,0.0231068,0.022992,0.0163511,0.0184122,0.0135354,0.0163037,0.0109214,0.0114351,0.0078585,0.0104432,0.00622672,0.00738745,0.00483585,0.00581754,0.00407461,0.00535075,0.00388471,0.00390575,0.00314953,0.00345967,0.00281114,0.00257503,0.00175785,0.00215715,0.00161881,0.00157738,0.00131623,0.00158885,0.000981771,0.00118155,0.000994283,0.000992208,0.000738423,0.00077898,0.000613529,0.00051235,0.000543306,0.000553559,0.000375851,0.00046348,0.000277655,0.000351862,0.000267658,0.000293605,0.000220556,0.000276648,0.000182501,0.000180079,0.000131318,0.000162409,0.000109593,0.000117608,0.000106059,0.000101473,7.32748e-05,8.30764e-05,7.26834e-05,7.01153e-05,5.02988e-05,5.3905e-05,4.42646e-05,
79000,0.477014,0.492563,0.529956,0.543879,0.51474,0.55978,0.479986,0.491588,0.509283,0.527192,0.508486,0.465749,0.514638,0.51064,0.493189,0.415729,0.464074,0.428381,0.513707,0.41243,0.457957,0.334557,0.377511,0.297941,0.303809,0.206778,0.303055,0.148204,0.210225,0.0860449,0.130805,0.0637478,0.0840574,0.0411923,0.059348,0.0316815,0.0458268,0.0213964,0.0317264,0.0231068,0.022992,0.0163511,0.0184122,0.0135354,0.0163037,0.0109214,0.0114351,0.0078585,0.0104432,0.00622672,0.00738745,0.00483585,0.00581754,0.00407461,0.00535075,0.00388471,0.00390575,0.00314953,0.00345967,0.00281114,0.00257503,0.00175785,0.00215715,0.00161881,0.00157738,0.00131623,0.00158885,0.000981771,0.00118155,0.000994283,0.000992208,0.000738423,0.00077898,0.000613529,0.00051235,0.000543306,0.000553559,0.000375851,0.00046348,0.000277655,0.000351862,0.000267658,0.000293605,0.000220556,0.000276648,0.000182501,0.000180079,0.000131318,0.000162409,0.000109593,0.000117608,0.000106059,0.000101473,7.32748e-05,8.30764e-05,7.26834e-05,7.01153e-05,5.02988e-05,5.3905e-05,4.42646e-05,
79200,0.477014,0.492563,0.529956,0.543879,0.51474,0.55978,0.479986,0.491588,0.509283,0.527192,0.508486,0.465749,0.514638,0.51064,0.493189,0.415729,0.464074,0.428381,0.513707,0.41243,0.457957,0.334557,0.377511,0.297941,0.303809,0.206778,0.303055,0.148204,0.210225,0.0860449,0.130805,0.0637478,0.0840574,0.0411923,0.059348,0.0316815,0.0458268,0.0213964,0.0317264,0.0231068,0.022992,0.0163511,0.0184122,0.0135354,0.0163037,0.0109214,0.0114351,0.0078585,0.0104432,0.00622672,0.00738745,0.00483585,0.00581754,0.00407461,0.00535075,0.00388471,0.00390575,0.00314953,0.00345967,0.00281114,0.00257503,0.00175785,0.00215715,0.00161881,0.00157738,0.00131623,0.00158885,0.000981771,0.00118155,0.000994283,0.000992208,0.000738423,0.00077898,0.000613529,0.00051235,0.000543306,0.000553559,0.000375851,0.00046348,0.000277655,0.000351862,0.000267658,0.000293605,0.000220556,0.000276648,0.000182501,0.000180079,0.000131318,0.000162409,0.000109593,0.000117608,0.000106059,0.000101473,7.32748e-05,8.30764e-05,7.26834e-05,7.01153e-05,5.02988e-05,5.3905e-05,4.42646e-05,
79400,0.477014,0.492563,0.529956,0.543879,0.51474,0.55978,0.479986,0.491588,0.509283,0.527192,0.508486,0.465749,0.514638,0.51064,0.493189,0.415729,0.464074,0.428381,0.513707,0.41243,0.457957,0.334557,0.377511,0.297941,0.303809,0.206778,0.303055,0.148204,0.210225,0.0860449,0.130805,0.0637478,0.0840574,0.0411923,0.059348,0.0316815,0.0458268,0.0213964,0.0317264,0.0231068,0.022992,0.0163511,0.0184122,0.0135354,0.0163037,0.0109214,0.0114351,0.0078585,0.0104432,0.00622672,0.00738745,0.00483585,0.00581754,0.00407461,0.00535075,0.00388471,0.00390575,0.00314953,0.00345967,0.00281114,0.00257503,0.00175785,0.00215715,0.00161881,0.00157738,0.00131623,0.00158885,0.000981771,0.00118155,0.000994283,0.000992208,0.000738423,0.00077898,0.000613529,0.00051235,0.000543306,0.000553559,0.000375851,0.00046348,0.000277655,0.000351862,0.000267658,0.000293605,0.000220556,0.000276648,0.000182501,0.000180079,0.000131318,0.000162409,0.000109593,0.000117608,0.000106059,0.000101473,7.32748e-05,8.30764e-05,7.26834e-05,7.01153e-05,5.02988e-05,5.3905e-05,4.42646e-05,
79600,0.477014,0.492563,0.529956,0.543879,0.51474,0.55978,0.479986,0.491588,0.509283,0.527192,0.508486,0.465749,0.514638,0.51064,0.493189,0.415729,0.464074,0.428381,0.513707,0.41243,0.457957,0.334557,0.377511,0.297941,0.303809,0.206778,0.303055,0.148204,0.210225,0.0860449,0.130805,0.0637478,0.0840574,0.0411923,0.059348,0.0316815,0.0458268,0.0213964,0.0317264,0.0231068,0.022992,0.0163511,0.0184122,0.0135354,0.0163037,0.0109214,0.0114351,0.0078585,0.0104432,0.00622672,0.00738745,0.00483585,0.00581754,0.00407461,0.00535075,0.00388471,0.00390575,0.00314953,0.00345967,0.00281114,0.00257503,0.00175785,0.00215715,0.00161881,0.00157738,0.00131623,0.00158885,0.000981771,0.00118155,0.000994283,0.000992208,0.000738423,0.00077898,0.000613529,0.00051235,0.000543306,0.000553559,0.000375851,0.00046348,0.000277655,0.000351862,0.000267658,0.000293605,0.000220556,0.000276648,0.000182501,0.000180079,0.000131318,0.000162409,0.000109593,0.000117608,0.000106059,0.000101473,7.32748e-05,8.30764e-05,7.26834e-05,7.01153e-05,5.02988e-05,5.3905e-05,4.42646e-05,
79800,0.477014,0.492563,0.529956,0.543879,0.51474,0.55978,0.479986,0.491588,0.509283,0.527192,0.508486,0.465749,0.514638,0.51064,0.493189,0.415729,0.464074,0.428381,0.513707,0.41243,0.457957,0.334557,0.377511,0.297941,0.303809,0.206778,0.303055,0.148204,0.210225,0.0860449,0.130805,0.0637478,0.0840574,0.0411923,0.059348,0.0316815,0.0458268,0.0213964,0.0317264,0.0231068,0.022992,0.0163511,0.0184122,0.0135354,0.0163037,0.0109214,0.0114351,0.0078585,0.0104432,0.00622672,0.00738745,0.00483585,0.00581754,0.00407461,0.00535075,0.00388471,0.00390575,0.00314953,0.00345967,0.00281114,0.00257503,0.00175785,0.00215715,0.00161881,0.00157738,0.00131623,0.00158885,0.000981771,0.00118155,0.000994283,0.000992208,0.000738423,0.00077898,0.000613529,0.00051235,0.000543306,0.000553559,0.000375851,0.00046348,0.000277655,0.000351862,0.000267658,0.000293605,0.000220556,0.000276648,0.000182501,0.000180079,0.000131318,0.000162409,0.000109593,0.000117608,0.000106059,0.000101473,7.32748e-05,8.30764e-05,7.26834e-05,7.01153e-05,5.02988e-05,5.3905e-05,4.42646e-05,
80000,0.477014,0.492563,0.529956,0.543879,0.51474,0.55978,0.479986,0.491588,0.509283,0.527192,0.508486,0.465749,0.514638,0.51064,0.493189,0.415729,0.464074,0.428381,0.513707,0.41243,0.457957,0.334557,0.377511,0.297941,0.303809,0.206778,0.303055,0.148204,0.210225,0.0860449,0.130805,0.0637478,0.0840574,0.0411923,0.059348,0.0316815,0.0458268,0.0213964,0.0317264,0.0231068,0.022992,0.0163511,0.0184122,0.0135354,0.0163037,0.0109214,0.0114351,0.0078585,0.0104432,0.00622672,0.00738745,0.00483585,0.00581754,0.00407461,0.00535075,0.00388471,0.00390575,0.00314953,0.00345967,0.00281114,0.00257503,0.00175785,0.00215715,0.00161881,0.00157738,0.00131623,0.00158885,0.000981771,0.00118155,0.000994283,0.000992208,0.000738423,0.00077898,0.000613529,0.00051235,0.000543306,0.000553559,0.000375851,0.00046348,0.000277655,0.000351862,0.000267658,0.000293605,0.000220556,0.000276648,0.000182501,0.000180079,0.000131318,0.000162409,0.000109593,0.000117608,0.000106059,0.000101473,7.32748e-05,8.30764e-05,7.26834e-05,7.01153e-05,5.02988e-05,5.3905e-05,4.42646e-05,
80200,0.477014,0.492563,0.529956,0.543879,0.51474,0.55978,0.479986,0.491588,0.509283,0.527192,0.508486,0.465749,0.514638,0.51064,0.493189,0.415729,0.464074,0.428381,0.513707,0.41243,0.457957,0.334557,0.377511,0.297941,0.303809,0.206778,0.303055,0.148204,0.210225,0.0860449,0.130805,0.0637478,0.0840574,0.0411923,0.059348,0.0316815,0.0458268,0.0213964,0.0317264,0.0231068,0.022992,0.0163511,0.0184122,0.0135354,0.0163037,0.0109214,0.0114351,0.0078585,0.0104432,0.00622672,0.00738745,0.00483585,0.00581754,0.00407461,0.00535075,0.00388471,0.00390575,0.00314953,0.00345967,0.00281114,0.00257503,0.00175785,0.00215715,0.00161881,0.00157738,0.00131623,0.00158885,0.000981771,0.00118155,0.000994283,0.000992208,0.000738423,0.00077898,0.000613529,0.00051235,0.000543306,0.000553559,0.000375851,0.00046348,0.000277655,0.000351862,0.000267658,0.000293605,0.000220556,0.000276648,0.000182501,0.000180079,0.000131318,0.000162409,0.000109593,0.000117608,0.000106059,0.000101473,7.32748e-05,8.30764e-05,7.26834e-05,7.01153e-05,5.02988e-05,5.3905e-05,4.42646e-05,
80400,0.477014,0.492563,0.529956,0.543879,0.51474,0.55978,0.479986,0.491588,0.509283,0.527192,0.508486,0.465749,0.514638,0.51064,0.493189,0.415729,0.464074,0.428381,0.513707,0.41243,0.457957,0.334557,0.377511,0.297941,0.303809,0.206778,0.303055,0.148204,0.210225,0.0860449,0.130805,0.0637478,0.0840574,0.0411923,0.059348,0.0316815,0.0458268,0.0213964,0.0317264,0.0231068,0.022992,0.0163511,0.0184122,0.0135354,0.0163037,0.0109214,0.0114351,0.0078585,0.0104432,0.00622672,0.00738745,0.00483585,0.00581754,0.00407461,0.00535075,0.00388471,0.00390575,0.00314953,0.00345967,0.00281114,0.00257503,0.00175785,0.00215715,0.00161881,0.00157738,0.00131623,0.00158885,0.000981771,0.00118155,0.000994283,0.000992208,0.000738423,0.00077898,0.000613529,0.00051235,0.000543306,0.000553559,0.000375851,0.00046348,0.000277655,0.000351862,0.000267658,0.000293605,0.000220556,0.000276648,0.000182501,0.000180079,0.000131318,0.000162409,0.000109593,0.000117608,0.000106059,0.000101473,7.32748e-05,8.30764e-05,7.26834e-05,7.01153e-05,5.02988e-05,5.3905e-05,4.42646e-05,
80600,0.477014,0.492563,0.529956,0.543879,0.51474,0.55978,0.479986,0.491588,0.509283,0.527192,0.508486,0.465749,0.514638,0.51064,0.493189,0.415729,0.464074,0.428381,0.513707,0.41243,0.457957,0.334557,0.377511,0.297941,0.303809,0.206778,0.303055,0.148204,0.210225,0.0860449,0.130805,0.0637478,0.0840574,0.0411923,0.059348,0.0316815,0.0458268,0.0213964,0.0317264,0.0231068,0.022992,0.0163511,0.0184122,0.0135354,0.0163037,0.0109214,0.0114351,0.0078585,0.0104432,0.00622672,0.00738745,0.00483585,0.00581754,0.00407461,0.00535075,0.00388471,0.00390575,0.00314953,0.00345967,0.00281114,0.00257503,0.00175785,0.00215715,0.00161881,0.00157738,0.00131623,0.00158885,0.000981771,0.00118155,0.000994283,0.000992208,0.000738423,0.00077898,0.000613529,0.00051235,0.000543306,0.000553559,0.000375851,0.00046348,0.000277655,0.000351862,0.000267658,0.000293605,0.000220556,0.000276648,0.000182501,0.000180079,0.000131318,0.000162409,0.000109593,0.000117608,0.000106059,0.000101473,7.32748e-05,8.30764e-05,7.26834e-05,7.01153e-05,5.02988e-05,5.3905e-05,4.42646e-05,
80800,0.477014,0.492563,0.529956,0.543879,0.51474,0.55978,0.479986,0.491588,0.509283,0.527192,0.508486,0.465749,0.514638,0.51064,0.493189,0.415729,0.464074,0.428381,0.513707,0.41243,0.457957,0.334557,0.377511,0.297941,0.303809,0.206778,0.303055,0.148204,0.210225,0.0860449,0.130805,0.0637478,0.0840574,0.0411923,0.059348,0.0316815,0.0458268,0.0213964,0.0317264,0.0231068,0.022992,0.0163511,0.0184122,0.0135354,0.0163037,0.0109214,0.0114351,0.0078585,0.0104432,0.00622672,0.00738745,0.00483585,0.00581754,0.00407461,0.00535075,0.00388471,0.00390575,0.00314953,0.00345967,0.00281114,0.00257503,0.00175785,0.00215715,0.00161881,0.00157738,0.00131623,0.00158885,0.000981771,0.00118155,0.000994283,0.000992208,0.000738423,0.00077898,0.000613529,0.00051235,0.000543306,0.000553559,0.000375851,0.00046348,0.000277655,0.000351862,0.000267658,0.000293605,0.000220556,0.000276648,0.000182501,0.000180079,0.000131318,0.000162409,0.000109593,0.000117608,0.000106059,0.000101473,7.32748e-05,8.30764e-05,7.26834e-05,7.01153e-05,5.02988e-05,5.3905e-05,4.42646e-05,
81000,0.477014,0.492563,0.529956,0.543879,0.51474,0.55978,0.479986,0.491588,0.509283,0.527192,0.508486,0.465749,0.514638,0.51064,0.493189,0.415729,0.464074,0.428381,0.513707,0.41243,0.457957,0.334557,0.377511,0.297941,0.303809,0.206778,0.303055,0.148204,0.210225,0.0860449,0.130805,0.0637478,0.0840574,0.0411923,0.059348,0.0316815,0.0458268,0.0213964,0.0317264,0.0231068,0.022992,0.0163511,0.0184122,0.0135354,0.0163037,0.0109214,0.0114351,0.0078585,0.0104432,0.00622672,0.00738745,0.00483585,0.00581754,0.00407461,0.00535075,0.00388471,0.00390575,0.00314953,0.00345967,0.00281114,0.00257503,0.00175785,0.00215715,0.00161881,0.00157738,0.00131623,0.00158885,0.000981771,0.00118155,0.000994283,0.000992208,0.000738423,0.00077898,0.000613529,0.00051235,0.000543306,0.000553559,0.000375851,0.00046348,0.000277655,0.000351862,0.000267658,0.000293605,0.000220556,0.000276648,0.000182501,0.000180079,0.000131318,0.000162409,0.000109593,0.000117608,0.000106059,0.000101473,7.32748e-05,8.30764e-05,7.26834e-05,7.01153e-05,5.02988e-05,5.3905e-05,4.42646e-05,
81200,0.477014,0.492563,0.529956,0.543879,0.51474,0.55978,0.479986,0.491588,0.509283,0.527192,0.508486,0.465749,0.514638,0.51064,0.493189,0.415729,0.464074,0.428381,0.513707,0.41243,0.457957,0.334557,0.377511,0.297941,0.303809,0.206778,0.303055,0.148204,0.210225,0.0860449,0.130805,0.0637478,0.0840574,0.0411923,0.059348,0.0316815,0.0458268,0.0213964,0.0317264,0.0231068,0.022992,0.0163511,0.0184122,0.0135354,0.0163037,0.0109214,0.0114351,0.0078585,0.0104432,0.00622672,0.00738745,0.00483585,0.00581754,0.00407461,0.00535075,0.00388471,0.00390575,0.00314953,0.00345967,0.00281114,0.00257503,0.00175785,0.00215715,0.00161881,0.00157738,0.00131623,0.00158885,0.000981771,0.00118155,0.000994283,0.000992208,0.000738423,0.00077898,0.000613529,0.00051235,0.000543306,0.000553559,0.000375851,0.00046348,0.000277655,0.000351862,0.000267658,0.000293605,0.000220556,0.000276648,0.000182501,0.000180079,0.000131318,0.000162409,0.000109593,0.000117608,0.000106059,0.000101473,7.32748e-05,8.30764e-05,7.26834e-05,7.01153e-05,5.02988e-05,5.3905e-05,4.42646e-05,
81400,0.477014,0.492563,0.529956,0.543879,0.51474,0.55978,0.479986,0.491588,0.509283,0.527192,0.508486,0.465749,0.514638,0.51064,0.493189,0.415729,0.464074,0.428381,0.513707,0.41243,0.457957,0.334557,0.377511,0.297941,0.303809,0.206778,0.303055,0.148204,0.210225,0.0860449,0.130805,0.0637478,0.0840574,0.0411923,0.059348,0.0316815,0.0458268,0.0213964,0.0317264,0.0231068,0.022992,0.0163511,0.0184122,0.0135354,0.0163037,0.0109214,0.0114351,0.0078585,0.0104432,0.00622672,0.00738745,0.00483585,0.00581754,0.00407461,0.00535075,0.00388471,0.00390575,0.00314953,0.00345967,0.00281114,0.00257503,0.00175785,0.00215715,0.00161881,0.00157738,0.00131623,0.00158885,0.000981771,0.00118155,0.000994283,0.000992208,0.000738423,0.00077898,0.000613529,0.00051235,0.000543306,0.000553559,0.000375851,0.00046348,0.000277655,0.000351862,0.000267658,0.000293605,0.000220556,0.000276648,0.000182501,0.000180079,0.000131318,0.000162409,0.000109593,0.000117608,0.000106059,0.000101473,7.32748e-05,8.30764e-05,7.26834e-05,7.01153e-05,5.02988e-05,5.3905e-05,4.42646e-05,
81600,0.477014,0.492563,0.529956,0.543879,0.51474,0.55978,0.479986,0.491588,0.509283,0.527192,0.508486,0.465749,0.514638,0.51064,0.493189,0.415729,0.464074,0.428381,0.513707,0.41243,0.457957,0.334557,0.377511,0.297941,0.303809,0.206778,0.303055,0.148204,0.210225,0.0860449,0.130805,0.0637478,0.0840574,0.0411923,0.059348,0.0316815,0.0458268,0.0213964,0.0317264,0.0231068,0.022992,0.0163511,0.0184122,0.0135354,0.0163037,0.0109214,0.0114351,0.0078585,0.0104432,0.00622672,0.00738745,0.00483585,0.00581754,0.00407461,0.00535075,0.00388471,0.00390575,0.00314953,0.00345967,0.00281114,0.00257503,0.00175785,0.00215715,0.00161881,0.00157738,0.00131623,0.00158885,0.000981771,0.00118155,0.000994283,0.000992208,0.000738423,0.00077898,0.000613529,0.00051235,0.000543306,0.000553559,0.000375851,0.00046348,0.000277655,0.000351862,0.000267658,0.000293605,0.000220556,0.000276648,0.000182501,0.000180079,0.000131318,0.000162409,0.000109593,0.000117608,0.000106059,0.000101473,7.32748e-05,8.30764e-05,7.26834e-05,7.01153e-05,5.02988e-05,5.3905e-05,4.42646e-05,
81800,0.477014,0.492563,0.529956,0.543879,0.51474,0.55978,0.479986,0.491588,0.509283,0.527192,0.508486,0.465749,0.514638,0.51064,0.493189,0.415729,0.464074,0.428381,0.513707,0.41243,0.457957,0.334557,0.377511,0.297941,0.303809,0.206778,0.303055,0.148204,0.210225,0.0860449,0.130805,0.0637478,0.0840574,0.0411923,0.059348,0.0316815,0.0458268,0.0213964,0.0317264,0.0231068,0.022992,0.0163511,0.0184122,0.0135354,0.0163037,0.0109214,0.0114351,0.0078585,0.0104432,0.00622672,0.00738745,0.00483585,0.00581754,0.00407461,0.00535075,0.00388471,0.00390575,0.00314953,0.00345967,0.00281114,0.00257503,0.00175785,0.00215715,0.00161881,0.00157738,0.00131623,0.00158885,0.000981771,0.00118155,0.000994283,0.000992208,0.000738423,0.00077898,0.000613529,0.00051235,0.000543306,0.000553559,0.000375851,0.00046348,0.000277655,0.000351862,0.000267658,0.000293605,0.000220556,0.000276648,0.000182501,0.000180079,0.000131318,0.000162409,0.000109593,0.000117608,0.000106059,0.000101473,7.32748e-05,8.30764e-05,7.26834e-05,7.01153e-05,5.02988e-05,5.3905e-05,4.42646e-05,
82000,0.477014,0.492563,0.529956,0.543879,0.51474,0.55978,0.479986,0.491588,0.509283,0.527192,0.508486,0.465749,0.514638,0.51064,0.493189,0.415729,0.464074,0.428381,0.513707,0.41243,0.457957,0.334557,0.377511,0.297941,0.303809,0.206778,0.303055,0.148204,0.210225,0.0860449,0.130805,0.0637478,0.0840574,0.0411923,0.059348,0.0316815,0.0458268,0.0213964,0.0317264,0.0231068,0.022992,0.0163511,0.0184122,0.0135354,0.0163037,0.0109214,0.0114351,0.0078585,0.0104432,0.00622672,0.00738745,0.00483585,0.00581754,0.00407461,0.00535075,0.00388471,0.00390575,0.00314953,0.00345967,0.00281114,0.00257503,0.00175785,0.00215715,0.00161881,0.00157738,0.00131623,0.00158885,0.000981771,0.00118155,0.000994283,0.000992208,0.000738423,0.00077898,0.000613529,0.00051235,0.000543306,0.000553559,0.000375851,0.00046348,0.000277655,0.000351862,0.000267658,0.000293605,0.000220556,0.000276648,0.000182501,0.000180079,0.000131318,0.000162409,0.000109593,0.000117608,0.000106059,0.000101473,7.32748e-05,8.30764e-05,7.26834e-05,7.01153e-05,5.02988e-05,5.3905e-05,4.42646e-05,
82200,0.477014,0.492563,0.529956,0.543879,0.51474,0.55978,0.479986,0.491588,0.509283,0.527192,0.508486,0.465749,0.514638,0.51064,0.493189,0.415729,0.464074,0.428381,0.513707,0.41243,0.457957,0.334557,0.377511,0.297941,0.303809,0.206778,0.303055,0.148204,0.210225,0.0860449,0.130805,0.0637478,0.0840574,0.0411923,0.059348,0.0316815,0.0458268,0.0213964,0.0317264,0.0231068,0.022992,0.0163511,0.0184122,0.0135354,0.0163037,0.0109214,0.0114351,0.0078585,0.0104432,0.00622672,0.00738745,0.00483585,0.00581754,0.00407461,0.00535075,0.00388471,0.00390575,0.00314953,0.00345967,0.00281114,0.00257503,0.00175785,0.00215715,0.00161881,0.00157738,0.00131623,0.00158885,0.000981771,0.00118155,0.000994283,0.000992208,0.000738423,0.00077898,0.000613529,0.00051235,0.000543306,0.000553559,0.000375851,0.00046348,0.000277655,0.000351862,0.000267658,0.000293605,0.000220556,0.000276648,0.000182501,0.000180079,0.000131318,0.000162409,0.000109593,0.000117608,0.000106059,0.000101473,7.32748e-05,8.30764e-05,7.26834e-05,7.01153e-05,5.02988e-05,5.3905e-05,4.42646e-05,
82400,0.477014,0.492563,0.529956,0.543879,0.51474,0.55978,0.479986,0.491588,0.509283,0.527192,0.508486,0.465749,0.514638,0.51064,0.493189,0.415729,0.464074,0.428381,0.513707,0.41243,0.457957,0.334557,0.377511,0.297941,0.303809,0.206778,0.303055,0.148204,0.210225,0.0860449,0.130805,0.0637478,0.0840574,0.0411923,0.059348,0.0316815,0.0458268,0.0213964,0.0317264,0.0231068,0.022992,0.0163511,0.0184122,0.0135354,0.0163037,0.0109214,0.0114351,0.0078585,0.0104432,0.00622672,0.00738745,0.00483585,0.00581754,0.00407461,0.00535075,0.00388471,0.00390575,0.00314953,0.00345967,0.00281114,0.00257503,0.00175785,0.00215715,0.00161881,0.00157738,0.00131623,0.00158885,0.000981771,0.00118155,0.000994283,0.000992208,0.000738423,0.00077898,0.000613529,0.00051235,0.000543306,0.000553559,0.000375851,0.00046348,0.000277655,0.000351862,0.000267658,0.000293605,0.000220556,0.000276648,0.000182501,0.000180079,0.000131318,0.000162409,0.000109593,0.000117608,0.000106059,0.000101473,7.32748e-05,8.30764e-05,7.26834e-05,7.01153e-05,5.02988e-05,5.3905e-05,4.42646e-05,
82600,0.477014,0.492563,0.529956,0.543879,0.51474,0.55978,0.479986,0.491588,0.509283,0.527192,0.508486,0.465749,0.514638,0.51064,0.493189,0.415729,0.464074,0.428381,0.513707,0.41243,0.457957,0.334557,0.377511,0.297941,0.303809,0.206778,0.303055,0.148204,0.210225,0.0860449,0.130805,0.0637478,0.0840574,0.0411923,0.059348,0.0316815,0.0458268,0.0213964,0.0317264,0.0231068,0.022992,0.0163511,0.0184122,0.0135354,0.0163037,0.0109214,0.0114351,0.0078585,0.0104432,0.00622672,0.00738745,0.00483585,0.00581754,0.00407461,0.00535075,0.00388471,0.00390575,0.00314953,0.00345967,0.00281114,0.00257503,0.00175785,0.00215715,0.00161881,0.00157738,0.00131623,0.00158885,0.000981771,0.00118155,0.000994283,0.000992208,0.000738423,0.00077898,0.000613529,0.00051235,0.000543306,0.000553559,0.000375851,0.00046348,0.000277655,0.000351862,0.000267658,0.000293605,0.000220556,0.000276648,0.000182501,0.000180079,0.000131318,0.000162409,0.000109593,0.000117608,0.000106059,0.000101473,7.32748e-05,8.30764e-05,7.26834e-05,7.01153e-05,5.02988e-05,5.3905e-05,4.42646e-05,
82800,0.477014,0.492563,0.529956,0.543879,0.51474,0.55978,0.479986,0.491588,0.509283,0.527192,0.508486,0.465749,0.514638,0.51064,0.493189,0.415729,0.464074,0.428381,0.513707,0.41243,0.457957,0.334557,0.377511,0.297941,0.303809,0.206778,0.303055,0.148204,0.210225,0.0860449,0.130805,0.0637478,0.0840574,0.0411923,0.059348,0.0316815,0.0458268,0.0213964,0.0317264,0.0231068,0.022992,0.0163511,0.0184122,0.0135354,0.0163037,0.0109214,0.0114351,0.0078585,0.0104432,0.00622672,0.00738745,0.00483585,0.00581754,0.00407461,0.00535075,0.00388471,0.00390575,0.00314953,0.00345967,0.00281114,0.00257503,0.00175785,0.00215715,0.00161881,0.00157738,0.00131623,0.00158885,0.000981771,0.00118155,0.000994283,0.000992208,0.000738423,0.00077898,0.000613529,0.00051235,0.000543306,0.000553559,0.000375851,0.00046348,0.000277655,0.000351862,0.000267658,0.000293605,0.000220556,0.000276648,0.000182501,0.000180079,0.000131318,0.000162409,0.000109593,0.000117608,0.000106059,0.000101473,7.32748e-05,8.30764e-05,7.26834e-05,7.01153e-05,5.02988e-05,5.3905e-05,4.42646e-05,
83000,0.477014,0.492563,0.529956,0.543879,0.51474,0.55978,0.479986,0.491588,0.509283,0.527192,0.508486,0.465749,0.514638,0.51064,0.493189,0.415729,0.464074,0.428381,0.513707,0.41243,0.457957,0.334557,0.377511,0.297941,0.303809,0.206778,0.303055,0.148204,0.210225,0.0860449,0.130805,0.0637478,0.0840574,0.0411923,0.059348,0.0316815,0.0458268,0.0213964,0.0317264,0.0231068,0.022992,0.0163511,0.0184122,0.0135354,0.0163037,0.0109214,0.0114351,0.0078585,0.0104432,0.00622672,0.00738745,0.00483585,0.00581754,0.00407461,0.00535075,0.00388471,0.00390575,0.00314953,0.00345967,0.00281114,0.00257503,0.00175785,0.00215715,0.00161881,0.00157738,0.00131623,0.00158885,0.000981771,0.00118155,0.000994283,0.000992208,0.000738423,0.00077898,0.000613529,0.00051235,0.000543306,0.000553559,0.000375851,0.00046348,0.000277655,0.000351862,0.000267658,0.000293605,0.000220556,0.000276648,0.000182501,0.000180079,0.000131318,0.000162409,0.000109593,0.000117608,0.000106059,0.000101473,7.32748e-05,8.30764e-05,7.26834e-05,7.01153e-05,5.02988e-05,5.3905e-05,4.42646e-05,
83200,0.477014,0.492563,0.529956,0.543879,0.51474,0.55978,0.479986,0.491588,0.509283,0.527192,0.508486,0.465749,0.514638,0.51064,0.493189,0.415729,0.464074,0.428381,0.513707,0.41243,0.457957,0.334557,0.377511,0.297941,0.303809,0.206778,0.303055,0.148204,0.210225,0.0860449,0.130805,0.0637478,0.0840574,0.0411923,0.059348,0.0316815,0.0458268,0.0213964,0.0317264,0.0231068,0.022992,0.0163511,0.0184122,0.0135354,0.0163037,0.0109214,0.0114351,0.0078585,0.0104432,0.00622672,0.00738745,0.00483585,0.00581754,0.00407461,0.00535075,0.00388471,0.00390575,0.00314953,0.00345967,0.00281114,0.00257503,0.00175785,0.00215715,0.00161881,0.00157738,0.00131623,0.00158885,0.000981771,0.00118155,0.000994283,0.000992208,0.000738423,0.00077898,0.000613529,0.00051235,0.000543306,0.000553559,0.000375851,0.00046348,0.000277655,0.000351862,0.000267658,0.000293605,0.000220556,0.000276648,0.000182501,0.000180079,0.000131318,0.000162409,0.000109593,0.000117608,0.000106059,0.000101473,7.32748e-05,8.30764e-05,7.26834e-05,7.01153e-05,5.02988e-05,5.3905e-05,4.42646e-05,
83400,0.477014,0.492563,0.529956,0.543879,0.51474,0.55978,0.479986,0.491588,0.509283,0.527192,0.508486,0.465749,0.514638,0.51064,0.493189,0.415729,0.464074,0.428381,0.513707,0.41243,0.457957,0.334557,0.377511,0.297941,0.303809,0.206778,0.303055,0.148204,0.210225,0.0860449,0.130805,0.0637478,0.0840574,0.0411923,0.059348,0.0316815,0.0458268,0.0213964,0.0317264,0.0231068,0.022992,0.0163511,0.0184122,0.0135354,0.0163037,0.0109214,0.0114351,0.0078585,0.0104432,0.00622672,0.00738745,0.00483585,0.00581754,0.00407461,0.00535075,0.00388471,0.00390575,0.00314953,0.00345967,0.00281114,0.00257503,0.00175785,0.00215715,0.00161881,0.00157738,0.00131623,0.00158885,0.000981771,0.00118155,0.000994283,0.000992208,0.000738423,0.00077898,0.000613529,0.00051235,0.000543306,0.000553559,0.000375851,0.00046348,0.000277655,0.000351862,0.000267658,0.000293605,0.000220556,0.000276648,0.000182501,0.000180079,0.000131318,0.000162409,0.000109593,0.000117608,0.000106059,0.000101473,7.32748e-05,8.30764e-05,7.26834e-05,7.01153e-05,5.02988e-05,5.3905e-05,4.42646e-05,
83600,0.477014,0.492563,0.529956,0.543879,0.51474,0.55978,0.479986,0.491588,0.509283,0.527192,0.508486,0.465749,0.514638,0.51064,0.493189,0.415729,0.464074,0.428381,0.513707,0.41243,0.457957,0.334557,0.377511,0.297941,0.303809,0.206778,0.303055,0.148204,0.210225,0.0860449,0.130805,0.0637478,0.0840574,0.0411923,0.059348,0.0316815,0.0458268,0.0213964,0.0317264,0.0231068,0.022992,0.0163511,0.0184122,0.0135354,0.0163037,0.0109214,0.0114351,0.0078585,0.0104432,0.00622672,0.00738745,0.00483585,0.00581754,0.00407461,0.00535075,0.00388471,0.00390575,0.00314953,0.00345967,0.00281114,0.00257503,0.00175785,0.00215715,0.00161881,0.00157738,0.00131623,0.00158885,0.000981771,0.00118155,0.000994283,0.000992208,0.000738423,0.00077898,0.000613529,0.00051235,0.000543306,0.000553559,0.000375851,0.00046348,0.000277655,0.000351862,0.000267658,0.000293605,0.000220556,0.000276648,0.000182501,0.000180079,0.000131318,0.000162409,0.000109593,0.000117608,0.000106059,0.000101473,7.32748e-05,8.30764e-05,7.26834e-05,7.01153e-05,5.02988e-05,5.3905e-05,4.42646e-05,
83800,0.477014,0.492563,0.529956,0.543879,0.51474,0.55978,0.479986,0.491588,0.509283,0.527192,0.508486,0.465749,0.514638,0.51064,0.493189,0.415729,0.464074,0.428381,0.513707,0.41243,0.457957,0.334557,0.377511,0.297941,0.303809,0.206778,0.303055,0.148204,0.210225,0.0860449,0.130805,0.0637478,0.0840574,0.0411923,0.059348,0.0316815,0.0458268,0.0213964,0.0317264,0.0231068,0.022992,0.0163511,0.0184122,0.0135354,0.0163037,0.0109214,0.0114351,0.0078585,0.0104432,0.00622672,0.00738745,0.00483585,0.00581754,0.00407461,0.00535075,0.00388471,0.00390575,0.00314953,0.00345967,0.00281114,0.00257503,0.00175785,0.00215715,0.00161881,0.00157738,0.00131623,0.00158885,0.000981771,0.00118155,0.000994283,0.000992208,0.000738423,0.00077898,0.000613529,0.00051235,0.000543306,0.000553559,0.000375851,0.00046348,0.000277655,0.000351862,0.000267658,0.000293605,0.000220556,0.000276648,0.000182501,0.000180079,0.000131318,0.000162409,0.000109593,0.000117608,0.000106059,0.000101473,7.32748e-05,8.30764e-05,7.26834e-05,7.01153e-05,5.02988e-05,5.3905e-05,4.42646e-05,
84000,0.477014,0.492563,0.529956,0.543879,0.51474,0.55978,0.479986,0.491588,0.509283,0.527192,0.508486,0.465749,0.514638,0.51064,0.493189,0.415729,0.464074,0.428381,0.513707,0.41243,0.457957,0.334557,0.377511,0.297941,0.303809,0.206778,0.303055,0.148204,0.210225,0.0860449,0.130805,0.0637478,0.0840574,0.0411923,0.059348,0.0316815,0.0458268,0.0213964,0.0317264,0.0231068,0.022992,0.0163511,0.0184122,0.0135354,0.0163037,0.0109214,0.0114351,0.0078585,0.0104432,0.00622672,0.00738745,0.00483585,0.00581754,0.00407461,0.00535075,0.00388471,0.00390575,0.00314953,0.00345967,0.00281114,0.00257503,0.00175785,0.00215715,0.00161881,0.00157738,0.00131623,0.00158885,0.000981771,0.00118155,0.000994283,0.000992208,0.000738423,0.00077898,0.000613529,0.00051235,0.000543306,0.000553559,0.000375851,0.00046348,0.000277655,0.000351862,0.000267658,0.000293605,0.000220556,0.000276648,0.000182501,0.000180079,0.000131318,0.000162409,0.000109593,0.000117608,0.000106059,0.000101473,7.32748e-05,8.30764e-05,7.26834e-05,7.01153e-05,5.02988e-05,5.3905e-05,4.42646e-05,
84200,0.477014,0.492563,0.529956,0.543879,0.51474,0.55978,0.479986,0.491588,0.509283,0.527192,0.508486,0.465749,0.514638,0.51064,0.493189,0.415729,0.464074,0.428381,0.513707,0.41243,0.457957,0.334557,0.377511,0.297941,0.303809,0.206778,0.303055,0.148204,0.210225,0.0860449,0.130805,0.0637478,0.0840574,0.0411923,0.059348,0.0316815,0.0458268,0.0213964,0.0317264,0.0231068,0.022992,0.0163511,0.0184122,0.0135354,0.0163037,0.0109214,0.0114351,0.0078585,0.0104432,0.00622672,0.00738745,0.00483585,0.00581754,0.00407461,0.00535075,0.00388471,0.00390575,0.00314953,0.00345967,0.00281114,0.00257503,0.00175785,0.00215715,0.00161881,0.00157738,0.00131623,0.00158885,0.000981771,0.00118155,0.000994283,0.000992208,0.000738423,0.00077898,0.000613529,0.00051235,0.000543306,0.000553559,0.000375851,0.00046348,0.000277655,0.000351862,0.000267658,0.000293605,0.000220556,0.000276648,0.000182501,0.000180079,0.000131318,0.000162409,0.000109593,0.000117608,0.000106059,0.000101473,7.32748e-05,8.30764e-05,7.26834e-05,7.01153e-05,5.02988e-05,5.3905e-05,4.42646e-05,
84400,0.477014,0.492563,0.529956,0.543879,0.51474,0.55978,0.479986,0.491588,0.509283,0.527192,0.508486,0.465749,0.514638,0.51064,0.493189,0.415729,0.464074,0.428381,0.513707,0.41243,0.457957,0.334557,0.377511,0.297941,0.303809,0.206778,0.303055,0.148204,0.210225,0.0860449,0.130805,0.0637478,0.0840574,0.0411923,0.059348,0.0316815,0.0458268,0.0213964,0.0317264,0.0231068,0.022992,0.0163511,0.0184122,0.0135354,0.0163037,0.0109214,0.0114351,0.0078585,0.0104432,0.00622672,0.00738745,0.00483585,0.00581754,0.00407461,0.00535075,0.00388471,0.00390575,0.00314953,0.00345967,0.00281114,0.00257503,0.00175785,0.00215715,0.00161881,0.00157738,0.00131623,0.00158885,0.000981771,0.00118155,0.000994283,0.000992208,0.000738423,0.00077898,0.000613529,0.00051235,0.000543306,0.000553559,0.000375851,0.00046348,0.000277655,0.000351862,0.000267658,0.000293605,0.000220556,0.000276648,0.000182501,0.000180079,0.000131318,0.000162409,0.000109593,0.000117608,0.000106059,0.000101473,7.32748e-05,8.30764e-05,7.26834e-05,7.01153e-05,5.02988e-05,5.3905e-05,4.42646e-05,
84600,0.477014,0.492563,0.529956,0.543879,0.51474,0.55978,0.479986,0.491588,0.509283,0.527192,0.508486,0.465749,0.514638,0.51064,0.493189,0.415729,0.464074,0.428381,0.513707,0.41243,0.457957,0.334557,0.377511,0.297941,0.303809,0.206778,0.303055,0.148204,0.210225,0.0860449,0.130805,0.0637478,0.0840574,0.0411923,0.059348,0.0316815,0.0458268,0.0213964,0.0317264,0.0231068,0.022992,0.0163511,0.0184122,0.0135354,0.0163037,0.0109214,0.0114351,0.0078585,0.0104432,0.00622672,0.00738745,0.00483585,0.00581754,0.00407461,0.00535075,0.00388471,0.00390575,0.00314953,0.00345967,0.00281114,0.00257503,0.00175785,0.00215715,0.00161881,0.00157738,0.00131623,0.00158885,0.000981771,0.00118155,0.000994283,0.000992208,0.000738423,0.00077898,0.000613529,0.00051235,0.000543306,0.000553559,0.000375851,0.00046348,0.000277655,0.000351862,0.000267658,0.000293605,0.000220556,0.000276648,0.000182501,0.000180079,0.000131318,0.000162409,0.000109593,0.000117608,0.000106059,0.000101473,7.32748e-05,8.30764e-05,7.26834e-05,7.01153e-05,5.02988e-05,5.3905e-05,4.42646e-05,
84800,0.477014,0.492563,0.529956,0.543879,0.51474,0.55978,0.479986,0.491588,0.509283,0.527192,0.508486,0.465749,0.514638,0.51064,0.493189,0.415729,0.464074,0.428381,0.513707,0.41243,0.457957,0.334557,0.377511,0.297941,0.303809,0.206778,0.303055,0.148204,0.210225,0.0860449,0.130805,0.0637478,0.0840574,0.0411923,0.059348,0.0316815,0.0458268,0.0213964,0.0317264,0.0231068,0.022992,0.0163511,0.0184122,0.0135354,0.0163037,0.0109214,0.0114351,0.0078585,0.0104432,0.00622672,0.00738745,0.00483585,0.00581754,0.00407461,0.00535075,0.00388471,0.00390575,0.00314953,0.00345967,0.00281114,0.00257503,0.00175785,0.00215715,0.00161881,0.00157738,0.00131623,0.00158885,0.000981771,0.00118155,0.000994283,0.000992208,0.000738423,0.00077898,0.000613529,0.00051235,0.000543306,0.000553559,0.000375851,0.00046348,0.000277655,0.000351862,0.000267658,0.000293605,0.000220556,0.000276648,0.000182501,0.000180079,0.000131318,0.000162409,0.000109593,0.000117608,0.000106059,0.000101473,7.32748e-05,8.30764e-05,7.26834e-05,7.01153e-05,5.02988e-05,5.3905e-05,4.42646e-05,
85000,0.477014,0.492563,0.529956,0.543879,0.51474,0.55978,0.479986,0.491588,0.509283,0.527192,0.508486,0.465749,0.514638,0.51064,0.493189,0.415729,0.464074,0.428381,0.513707,0.41243,0.457957,0.334557,0.377511,0.297941,0.303809,0.206778,0.303055,0.148204,0.210225,0.0860449,0.130805,0.0637478,0.0840574,0.0411923,0.059348,0.0316815,0.0458268,0.0213964,0.0317264,0.0231068,0.022992,0.0163511,0.0184122,0.0135354,0.0163037,0.0109214,0.0114351,0.0078585,0.0104432,0.00622672,0.00738745,0.00483585,0.00581754,0.00407461,0.00535075,0.00388471,0.00390575,0.00314953,0.00345967,0.00281114,0.00257503,0.00175785,0.00215715,0.00161881,0.00157738,0.00131623,0.00158885,0.000981771,0.00118155,0.000994283,0.000992208,0.000738423,0.00077898,0.000613529,0.00051235,0.000543306,0.000553559,0.000375851,0.00046348,0.000277655,0.000351862,0.000267658,0.000293605,0.000220556,0.000276648,0.000182501,0.000180079,0.000131318,0.000162409,0.000109593,0.000117608,0.000106059,0.000101473,7.32748e-05,8.30764e-05,7.26834e-05,7.01153e-05,5.02988e-05,5.3905e-05,4.42646e-05,
85200,0.477014,0.492563,0.529956,0.543879,0.51474,0.55978,0.479986,0.491588,0.509283,0.527192,0.508486,0.465749,0.514638,0.51064,0.493189,0.415729,0.464074,0.428381,0.513707,0.41243,0.457957,0.334557,0.377511,0.297941,0.303809,0.206778,0.303055,0.148204,0.210225,0.0860449,0.130805,0.0637478,0.0840574,0.0411923,0.059348,0.0316815,0.0458268,0.0213964,0.0317264,0.0231068,0.022992,0.0163511,0.0184122,0.0135354,0.0163037,0.0109214,0.0114351,0.0078585,0.0104432,0.00622672,0.00738745,0.00483585,0.00581754,0.00407461,0.00535075,0.00388471,0.00390575,0.00314953,0.00345967,0.00281114,0.00257503,0.00175785,0.00215715,0.00161881,0.00157738,0.00131623,0.00158885,0.000981771,0.00118155,0.000994283,0.000992208,0.000738423,0.00077898,0.000613529,0.00051235,0.000543306,0.000553559,0.000375851,0.00046348,0.000277655,0.000351862,0.000267658,0.000293605,0.000220556,0.000276648,0.000182501,0.000180079,0.000131318,0.000162409,0.000109593,0.000117608,0.000106059,0.000101473,7.32748e-05,8.30764e-05,7.26834e-05,7.01153e-05,5.02988e-05,5.3905e-05,4.42646e-05,
85400,0.477014,0.492563,0.529956,0.543879,0.51474,0.55978,0.479986,0.491588,0.509283,0.527192,0.508486,0.465749,0.514638,0.51064,0.493189,0.415729,0.464074,0.428381,0.513707,0.41243,0.457957,0.334557,0.377511,0.297941,0.303809,0.206778,0.303055,0.148204,0.210225,0.0860449,0.130805,0.0637478,0.0840574,0.0411923,0.059348,0.0316815,0.0458268,0.0213964,0.0317264,0.0231068,0.022992,0.0163511,0.0184122,0.0135354,0.0163037,0.0109214,0.0114351,0.0078585,0.0104432,0.00622672,0.00738745,0.00483585,0.00581754,0.00407461,0.00535075,0.00388471,0.00390575,0.00314953,0.00345967,0.00281114,0.00257503,0.00175785,0.00215715,0.00161881,0.00157738,0.00131623,0.00158885,0.000981771,0.00118155,0.000994283,0.000992208,0.000738423,0.00077898,0.000613529,0.00051235,0.000543306,0.000553559,0.000375851,0.00046348,0.000277655,0.000351862,0.000267658,0.000293605,0.000220556,0.000276648,0.000182501,0.000180079,0.000131318,0.000162409,0.000109593,0.000117608,0.000106059,0.000101473,7.32748e-05,8.30764e-05,7.26834e-05,7.01153e-05,5.02988e-05,5.3905e-05,4.42646e-05,
85600,0.477014,0.492563,0.529956,0.543879,0.51474,0.55978,0.479986,0.491588,0.509283,0.527192,0.508486,0.465749,0.514638,0.51064,0.493189,0.415729,0.464074,0.428381,0.513707,0.41243,0.457957,0.334557,0.377511,0.297941,0.303809,0.206778,0.303055,0.148204,0.210225,0.0860449,0.130805,0.0637478,0.0840574,0.0411923,0.059348,0.0316815,0.0458268,0.0213964,0.0317264,0.0231068,0.022992,0.0163511,0.0184122,0.0135354,0.0163037,0.0109214,0.0114351,0.0078585,0.0104432,0.00622672,0.00738745,0.00483585,0.00581754,0.00407461,0.00535075,0.00388471,0.00390575,0.00314953,0.00345967,0.00281114,0.00257503,0.00175785,0.00215715,0.00161881,0.00157738,0.00131623,0.00158885,0.000981771,0.00118155,0.000994283,0.000992208,0.000738423,0.00077898,0.000613529,0.00051235,0.000543306,0.000553559,0.000375851,0.00046348,0.000277655,0.000351862,0.000267658,0.000293605,0.000220556,0.000276648,0.000182501,0.000180079,0.000131318,0.000162409,0.000109593,0.000117608,0.000106059,0.000101473,7.32748e-05,8.30764e-05,7.26834e-05,7.01153e-05,5.02988e-05,5.3905e-05,4.42646e-05,
85800,0.477014,0.492563,0.529956,0.543879,0.51474,0.55978,0.479986,0.491588,0.509283,0.527192,0.508486,0.465749,0.514638,0.51064,0.493189,0.415729,0.464074,0.428381,0.513707,0.41243,0.457957,0.334557,0.377511,0.297941,0.303809,0.206778,0.303055,0.148204,0.210225,0.0860449,0.130805,0.0637478,0.0840574,0.0411923,0.059348,0.0316815,0.0458268,0.0213964,0.0317264,0.0231068,0.022992,0.0163511,0.0184122,0.0135354,0.0163037,0.0109214,0.0114351,0.0078585,0.0104432,0.00622672,0.00738745,0.00483585,0.00581754,0.00407461,0.00535075,0.00388471,0.00390575,0.00314953,0.00345967,0.00281114,0.00257503,0.00175785,0.00215715,0.00161881,0.00157738,0.00131623,0.00158885,0.000981771,0.00118155,0.000994283,0.000992208,0.000738423,0.00077898,0.000613529,0.00051235,0.000543306,0.000553559,0.000375851,0.00046348,0.000277655,0.000351862,0.000267658,0.000293605,0.000220556,0.000276648,0.000182501,0.000180079,0.000131318,0.000162409,0.000109593,0.000117608,0.000106059,0.000101473,7.32748e-05,8.30764e-05,7.26834e-05,7.01153e-05,5.02988e-05,5.3905e-05,4.42646e-05,
86000,0.477014,0.492563,0.529956,0.543879,0.51474,0.55978,0.479986,0.491588,0.509283,0.527192,0.508486,0.465749,0.514638,0.51064,0.493189,0.415729,0.464074,0.428381,0.513707,0.41243,0.457957,0.334557,0.377511,0.297941,0.303809,0.206778,0.303055,0.148204,0.210225,0.0860449,0.130805,0.0637478,0.0840574,0.0411923,0.059348,0.0316815,0.0458268,0.0213964,0.0317264,0.0231068,0.022992,0.0163511,0.0184122,0.0135354,0.0163037,0.0109214,0.0114351,0.0078585,0.0104432,0.00622672,0.00738745,0.00483585,0.00581754,0.00407461,0.00535075,0.00388471,0.00390575,0.00314953,0.00345967,0.00281114,0.00257503,0.00175785,0.00215715,0.00161881,0.00157738,0.00131623,0.00158885,0.000981771,0.00118155,0.000994283,0.000992208,0.000738423,0.00077898,0.000613529,0.00051235,0.000543306,0.000553559,0.000375851,0.00046348,0.000277655,0.000351862,0.000267658,0.000293605,0.000220556,0.000276648,0.000182501,0.000180079,0.000131318,0.000162409,0.000109593,0.000117608,0.000106059,0.000101473,7.32748e-05,8.30764e-05,7.26834e-05,7.01153e-05,5.02988e-05,5.3905e-05,4.42646e-05,
86200,0.477014,0.492563,0.529956,0.543879,0.51474,0.55978,0.479986,0.491588,0.509283,0.527192,0.508486,0.465749,0.514638,0.51064,0.493189,0.415729,0.464074,0.428381,0.513707,0.41243,0.457957,0.334557,0.377511,0.297941,0.303809,0.206778,0.303055,0.148204,0.210225,0.0860449,0.130805,0.0637478,0.0840574,0.0411923,0.059348,0.0316815,0.0458268,0.0213964,0.0317264,0.0231068,0.022992,0.0163511,0.0184122,0.0135354,0.0163037,0.0109214,0.0114351,0.0078585,0.0104432,0.00622672,0.00738745,0.00483585,0.00581754,0.00407461,0.00535075,0.00388471,0.00390575,0.00314953,0.00345967,0.00281114,0.00257503,0.00175785,0.00215715,0.00161881,0.00157738,0.00131623,0.00158885,0.000981771,0.00118155,0.000994283,0.000992208,0.000738423,0.00077898,0.000613529,0.00051235,0.000543306,0.000553559,0.000375851,0.00046348,0.000277655,0.000351862,0.000267658,0.000293605,0.000220556,0.000276648,0.000182501,0.000180079,0.000131318,0.000162409,0.000109593,0.000117608,0.000106059,0.000101473,7.32748e-05,8.30764e-05,7.26834e-05,7.01153e-05,5.02988e-05,5.3905e-05,4.42646e-05,
86400,0.477014,0.492563,0.529956,0.543879,0.51474,0.55978,0.479986,0.491588,0.509283,0.527192,0.508486,0.465749,0.514638,0.51064,0.493189,0.415729,0.464074,0.428381,0.513707,0.41243,0.457957,0.334557,0.377511,0.297941,0.303809,0.206778,0.303055,0.148204,0.210225,0.0860449,0.130805,0.0637478,0.0840574,0.0411923,0.059348,0.0316815,0.0458268,0.0213964,0.0317264,0.0231068,0.022992,0.0163511,0.0184122,0.0135354,0.0163037,0.0109214,0.0114351,0.0078585,0.0104432,0.00622672,0.00738745,0.00483585,0.00581754,0.00407461,0.00535075,0.00388471,0.00390575,0.00314953,0.00345967,0.00281114,0.00257503,0.00175785,0.00215715,0.00161881,0.00157738,0.00131623,0.00158885,0.000981771,0.00118155,0.000994283,0.000992208,0.000738423,0.00077898,0.000613529,0.00051235,0.000543306,0.000553559,0.000375851,0.00046348,0.000277655,0.000351862,0.000267658,0.000293605,0.000220556,0.000276648,0.000182501,0.000180079,0.000131318,0.000162409,0.000109593,0.000117608,0.000106059,0.000101473,7.32748e-05,8.30764e-05,7.26834e-05,7.01153e-05,5.02988e-05,5.3905e-05,4.42646e-05,
86600,0.477014,0.492563,0.529956,0.543879,0.51474,0.55978,0.479986,0.491588,0.509283,0.527192,0.508486,0.465749,0.514638,0.51064,0.493189,0.415729,0.464074,0.428381,0.513707,0.41243,0.457957,0.334557,0.377511,0.297941,0.303809,0.206778,0.303055,0.148204,0.210225,0.0860449,0.130805,0.0637478,0.0840574,0.0411923,0.059348,0.0316815,0.0458268,0.0213964,0.0317264,0.0231068,0.022992,0.0163511,0.0184122,0.0135354,0.0163037,0.0109214,0.0114351,0.0078585,0.0104432,0.00622672,0.00738745,0.00483585,0.00581754,0.00407461,0.00535075,0.00388471,0.00390575,0.00314953,0.00345967,0.00281114,0.00257503,0.00175785,0.00215715,0.00161881,0.00157738,0.00131623,0.00158885,0.000981771,0.00118155,0.000994283,0.000992208,0.000738423,0.00077898,0.000613529,0.00051235,0.000543306,0.000553559,0.000375851,0.00046348,0.000277655,0.000351862,0.000267658,0.000293605,0.000220556,0.000276648,0.000182501,0.000180079,0.000131318,0.000162409,0.000109593,0.000117608,0.000106059,0.000101473,7.32748e-05,8.30764e-05,7.26834e-05,7.01153e-05,5.02988e-05,5.3905e-05,4.42646e-05,
86800,0.477014,0.492563,0.529956,0.543879,0.51474,0.55978,0.479986,0.491588,0.509283,0.527192,0.508486,0.465749,0.514638,0.51064,0.493189,0.415729,0.464074,0.428381,0.513707,0.41243,0.457957,0.334557,0.377511,0.297941,0.303809,0.206778,0.303055,0.148204,0.210225,0.0860449,0.130805,0.0637478,0.0840574,0.0411923,0.059348,0.0316815,0.0458268,0.0213964,0.0317264,0.0231068,0.022992,0.0163511,0.0184122,0.0135354,0.0163037,0.0109214,0.0114351,0.0078585,0.0104432,0.00622672,0.00738745,0.00483585,0.00581754,0.00407461,0.00535075,0.00388471,0.00390575,0.00314953,0.00345967,0.00281114,0.00257503,0.00175785,0.00215715,0.00161881,0.00157738,0.00131623,0.00158885,0.000981771,0.00118155,0.000994283,0.000992208,0.000738423,0.00077898,0.000613529,0.00051235,0.000543306,0.000553559,0.000375851,0.00046348,0.000277655,0.000351862,0.000267658,0.000293605,0.000220556,0.000276648,0.000182501,0.000180079,0.000131318,0.000162409,0.000109593,0.000117608,0.000106059,0.000101473,7.32748e-05,8.30764e-05,7.26834e-05,7.01153e-05,5.02988e-05,5.3905e-05,4.42646e-05,
87000,0.477014,0.492563,0.529956,0.543879,0.51474,0.55978,0.479986,0.491588,0.509283,0.527192,0.508486,0.465749,0.514638,0.51064,0.493189,0.415729,0.464074,0.428381,0.513707,0.41243,0.457957,0.334557,0.377511,0.297941,0.303809,0.206778,0.303055,0.148204,0.210225,0.0860449,0.130805,0.0637478,0.0840574,0.0411923,0.059348,0.0316815,0.0458268,0.0213964,0.0317264,0.0231068,0.022992,0.0163511,0.0184122,0.0135354,0.0163037,0.0109214,0.0114351,0.0078585,0.0104432,0.00622672,0.00738745,0.00483585,0.00581754,0.00407461,0.00535075,0.00388471,0.00390575,0.00314953,0.00345967,0.00281114,0.00257503,0.00175785,0.00215715,0.00161881,0.00157738,0.00131623,0.00158885,0.000981771,0.00118155,0.000994283,0.000992208,0.000738423,0.00077898,0.000613529,0.00051235,0.000543306,0.000553559,0.000375851,0.00046348,0.000277655,0.000351862,0.000267658,0.000293605,0.000220556,0.000276648,0.000182501,0.000180079,0.000131318,0.000162409,0.000109593,0.000117608,0.000106059,0.000101473,7.32748e-05,8.30764e-05,7.26834e-05,7.01153e-05,5.02988e-05,5.3905e-05,4.42646e-05,
87200,0.477014,0.492563,0.529956,0.543879,0.51474,0.55978,0.479986,0.491588,0.509283,0.527192,0.508486,0.465749,0.514638,0.51064,0.493189,0.415729,0.464074,0.428381,0.513707,0.41243,0.457957,0.334557,0.377511,0.297941,0.303809,0.206778,0.303055,0.148204,0.210225,0.0860449,0.130805,0.0637478,0.0840574,0.0411923,0.059348,0.0316815,0.0458268,0.0213964,0.0317264,0.0231068,0.022992,0.0163511,0.0184122,0.0135354,0.0163037,0.0109214,0.0114351,0.0078585,0.0104432,0.00622672,0.00738745,0.00483585,0.00581754,0.00407461,0.00535075,0.00388471,0.00390575,0.00314953,0.00345967,0.00281114,0.00257503,0.00175785,0.00215715,0.00161881,0.00157738,0.00131623,0.00158885,0.000981771,0.00118155,0.000994283,0.000992208,0.000738423,0.00077898,0.000613529,0.00051235,0.000543306,0.000553559,0.000375851,0.00046348,0.000277655,0.000351862,0.000267658,0.000293605,0.000220556,0.000276648,0.000182501,0.000180079,0.000131318,0.000162409,0.000109593,0.000117608,0.000106059,0.000101473,7.32748e-05,8.30764e-05,7.26834e-05,7.01153e-05,5.02988e-05,5.3905e-05,4.42646e-05,
87400,0.477014,0.492563,0.529956,0.543879,0.51474,0.55978,0.479986,0.491588,0.509283,0.527192,0.508486,0.465749,0.514638,0.51064,0.493189,0.415729,0.464074,0.428381,0.513707,0.41243,0.457957,0.334557,0.377511,0.297941,0.303809,0.206778,0.303055,0.148204,0.210225,0.0860449,0.130805,0.0637478,0.0840574,0.0411923,0.059348,0.0316815,0.0458268,0.0213964,0.0317264,0.0231068,0.022992,0.0163511,0.0184122,0.0135354,0.0163037,0.0109214,0.0114351,0.0078585,0.0104432,0.00622672,0.00738745,0.00483585,0.00581754,0.00407461,0.00535075,0.00388471,0.00390575,0.00314953,0.00345967,0.00281114,0.00257503,0.00175785,0.00215715,0.00161881,0.00157738,0.00131623,0.00158885,0.000981771,0.00118155,0.000994283,0.000992208,0.000738423,0.00077898,0.000613529,0.00051235,0.000543306,0.000553559,0.000375851,0.00046348,0.000277655,0.000351862,0.000267658,0.000293605,0.000220556,0.000276648,0.000182501,0.000180079,0.000131318,0.000162409,0.000109593,0.000117608,0.000106059,0.000101473,7.32748e-05,8.30764e-05,7.26834e-05,7.01153e-05,5.02988e-05,5.3905e-05,4.42646e-05,
87600,0.477014,0.492563,0.529956,0.543879,0.51474,0.55978,0.479986,0.491588,0.509283,0.527192,0.508486,0.465749,0.514638,0.51064,0.493189,0.415729,0.464074,0.428381,0.513707,0.41243,0.457957,0.334557,0.377511,0.297941,0.303809,0.206778,0.303055,0.148204,0.210225,0.0860449,0.130805,0.0637478,0.0840574,0.0411923,0.059348,0.0316815,0.0458268,0.0213964,0.0317264,0.0231068,0.022992,0.0163511,0.0184122,0.0135354,0.0163037,0.0109214,0.0114351,0.0078585,0.0104432,0.00622672,0.00738745,0.00483585,0.00581754,0.00407461,0.00535075,0.00388471,0.00390575,0.00314953,0.00345967,0.00281114,0.00257503,0.00175785,0.00215715,0.00161881,0.00157738,0.00131623,0.00158885,0.000981771,0.00118155,0.000994283,0.000992208,0.000738423,0.00077898,0.000613529,0.00051235,0.000543306,0.000553559,0.000375851,0.00046348,0.000277655,0.000351862,0.000267658,0.000293605,0.000220556,0.000276648,0.000182501,0.000180079,0.000131318,0.000162409,0.000109593,0.000117608,0.000106059,0.000101473,7.32748e-05,8.30764e-05,7.26834e-05,7.01153e-05,5.02988e-05,5.3905e-05,4.42646e-05,
87800,0.477014,0.492563,0.529956,0.543879,0.51474,0.55978,0.479986,0.491588,0.509283,0.527192,0.508486,0.465749,0.514638,0.51064,0.493189,0.415729,0.464074,0.428381,0.513707,0.41243,0.457957,0.334557,0.377511,0.297941,0.303809,0.206778,0.303055,0.148204,0.210225,0.0860449,0.130805,0.0637478,0.0840574,0.0411923,0.059348,0.0316815,0.0458268,0.0213964,0.0317264,0.0231068,0.022992,0.0163511,0.0184122,0.0135354,0.0163037,0.0109214,0.0114351,0.0078585,0.0104432,0.00622672,0.00738745,0.00483585,0.00581754,0.00407461,0.00535075,0.00388471,0.00390575,0.00314953,0.00345967,0.00281114,0.00257503,0.00175785,0.00215715,0.00161881,0.00157738,0.00131623,0.00158885,0.000981771,0.00118155,0.000994283,0.000992208,0.000738423,0.00077898,0.000613529,0.00051235,0.000543306,0.000553559,0.000375851,0.00046348,0.000277655,0.000351862,0.000267658,0.000293605,0.000220556,0.000276648,0.000182501,0.000180079,0.000131318,0.000162409,0.000109593,0.000117608,0.000106059,0.000101473,7.32748e-05,8.30764e-05,7.26834e-05,7.01153e-05,5.02988e-05,5.3905e-05,4.42646e-05,
88000,0.477014,0.492563,0.529956,0.543879,0.51474,0.55978,0.479986,0.491588,0.509283,0.527192,0.508486,0.465749,0.514638,0.51064,0.493189,0.415729,0.464074,0.428381,0.513707,0.41243,0.457957,0.334557,0.377511,0.297941,0.303809,0.206778,0.303055,0.148204,0.210225,0.0860449,0.130805,0.0637478,0.0840574,0.0411923,0.059348,0.0316815,0.0458268,0.0213964,0.0317264,0.0231068,0.022992,0.0163511,0.0184122,0.0135354,0.0163037,0.0109214,0.0114351,0.0078585,0.0104432,0.00622672,0.00738745,0.00483585,0.00581754,0.00407461,0.00535075,0.00388471,0.00390575,0.00314953,0.00345967,0.00281114,0.00257503,0.00175785,0.00215715,0.00161881,0.00157738,0.00131623,0.00158885,0.000981771,0.00118155,0.000994283,0.000992208,0.000738423,0.00077898,0.000613529,0.00051235,0.000543306,0.000553559,0.000375851,0.00046348,0.000277655,0.000351862,0.000267658,0.000293605,0.000220556,0.000276648,0.000182501,0.000180079,0.000131318,0.000162409,0.000109593,0.000117608,0.000106059,0.000101473,7.32748e-05,8.30764e-05,7.26834e-05,7.01153e-05,5.02988e-05,5.3905e-05,4.42646e-05,
88200,0.477014,0.492563,0.529956,0.543879,0.51474,0.55978,0.479986,0.491588,0.509283,0.527192,0.508486,0.465749,0.514638,0.51064,0.493189,0.415729,0.464074,0.428381,0.513707,0.41243,0.457957,0.334557,0.377511,0.297941,0.303809,0.206778,0.303055,0.148204,0.210225,0.0860449,0.130805,0.0637478,0.0840574,0.0411923,0.059348,0.0316815,0.0458268,0.0213964,0.0317264,0.0231068,0.022992,0.0163511,0.0184122,0.0135354,0.0163037,0.0109214,0.0114351,0.0078585,0.0104432,0.00622672,0.00738745,0.00483585,0.00581754,0.00407461,0.00535075,0.00388471,0.00390575,0.00314953,0.00345967,0.00281114,0.00257503,0.00175785,0.00215715,0.00161881,0.00157738,0.00131623,0.00158885,0.000981771,0.00118155,0.000994283,0.000992208,0.000738423,0.00077898,0.000613529,0.00051235,0.000543306,0.000553559,0.000375851,0.00046348,0.000277655,0.000351862,0.000267658,0.000293605,0.000220556,0.000276648,0.000182501,0.000180079,0.000131318,0.000162409,0.000109593,0.000117608,0.000106059,0.000101473,7.32748e-05,8.30764e-05,7.26834e-05,7.01153e-05,5.02988e-05,5.3905e-05,4.42646e-05,
88400,0.477014,0.492563,0.529956,0.543879,0.51474,0.55978,0.479986,0.491588,0.509283,0.527192,0.508486,0.465749,0.514638,0.51064,0.493189,0.415729,0.464074,0.428381,0.513707,0.41243,0.457957,0.334557,0.377511,0.297941,0.303809,0.206778,0.303055,0.148204,0.210225,0.0860449,0.130805,0.0637478,0.0840574,0.0411923,0.059348,0.0316815,0.0458268,0.0213964,0.0317264,0.0231068,0.022992,0.0163511,0.0184122,0.0135354,0.0163037,0.0109214,0.0114351,0.0078585,0.0104432,0.00622672,0.00738745,0.00483585,0.00581754,0.00407461,0.00535075,0.00388471,0.00390575,0.00314953,0.00345967,0.00281114,0.00257503,0.00175785,0.00215715,0.00161881,0.00157738,0.00131623,0.00158885,0.000981771,0.00118155,0.000994283,0.000992208,0.000738423,0.00077898,0.000613529,0.00051235,0.000543306,0.000553559,0.000375851,0.00046348,0.000277655,0.000351862,0.000267658,0.000293605,0.000220556,0.000276648,0.000182501,0.000180079,0.000131318,0.000162409,0.000109593,0.000117608,0.000106059,0.000101473,7.32748e-05,8.30764e-05,7.26834e-05,7.01153e-05,5.02988e-05,5.3905e-05,4.42646e-05,
88600,0.477014,0.492563,0.529956,0.543879,0.51474,0.55978,0.479986,0.491588,0.509283,0.527192,0.508486,0.465749,0.514638,0.51064,0.493189,0.415729,0.464074,0.428381,0.513707,0.41243,0.457957,0.334557,0.377511,0.297941,0.303809,0.206778,0.303055,0.148204,0.210225,0.0860449,0.130805,0.0637478,0.0840574,0.0411923,0.059348,0.0316815,0.0458268,0.0213964,0.0317264,0.0231068,0.022992,0.0163511,0.0184122,0.0135354,0.0163037,0.0109214,0.0114351,0.0078585,0.0104432,0.00622672,0.00738745,0.00483585,0.00581754,0.00407461,0.00535075,0.00388471,0.00390575,0.00314953,0.00345967,0.00281114,0.00257503,0.00175785,0.00215715,0.00161881,0.00157738,0.00131623,0.00158885,0.000981771,0.00118155,0.000994283,0.000992208,0.000738423,0.00077898,0.000613529,0.00051235,0.000543306,0.000553559,0.000375851,0.00046348,0.000277655,0.000351862,0.000267658,0.000293605,0.000220556,0.000276648,0.000182501,0.000180079,0.000131318,0.000162409,0.000109593,0.000117608,0.000106059,0.000101473,7.32748e-05,8.30764e-05,7.26834e-05,7.01153e-05,5.02988e-05,5.3905e-05,4.42646e-05,
88800,0.477014,0.492563,0.529956,0.543879,0.51474,0.55978,0.479986,0.491588,0.509283,0.527192,0.508486,0.465749,0.514638,0.51064,0.493189,0.415729,0.464074,0.428381,0.513707,0.41243,0.457957,0.334557,0.377511,0.297941,0.303809,0.206778,0.303055,0.148204,0.210225,0.0860449,0.130805,0.0637478,0.0840574,0.0411923,0.059348,0.0316815,0.0458268,0.0213964,0.0317264,0.0231068,0.022992,0.0163511,0.0184122,0.0135354,0.0163037,0.0109214,0.0114351,0.0078585,0.0104432,0.00622672,0.00738745,0.00483585,0.00581754,0.00407461,0.00535075,0.00388471,0.00390575,0.00314953,0.00345967,0.00281114,0.00257503,0.00175785,0.00215715,0.00161881,0.00157738,0.00131623,0.00158885,0.000981771,0.00118155,0.000994283,0.000992208,0.000738423,0.00077898,0.000613529,0.00051235,0.000543306,0.000553559,0.000375851,0.00046348,0.000277655,0.000351862,0.000267658,0.000293605,0.000220556,0.000276648,0.000182501,0.000180079,0.000131318,0.000162409,0.000109593,0.000117608,0.000106059,0.000101473,7.32748e-05,8.30764e-05,7.26834e-05,7.01153e-05,5.02988e-05,5.3905e-05,4.42646e-05,
89000,0.477014,0.492563,0.529956,0.543879,0.51474,0.55978,0.479986,0.491588,0.509283,0.527192,0.508486,0.465749,0.514638,0.51064,0.493189,0.415729,0.464074,0.428381,0.513707,0.41243,0.457957,0.334557,0.377511,0.297941,0.303809,0.206778,0.303055,0.148204,0.210225,0.0860449,0.130805,0.0637478,0.0840574,0.0411923,0.059348,0.0316815,0.0458268,0.0213964,0.0317264,0.0231068,0.022992,0.0163511,0.0184122,0.0135354,0.0163037,0.0109214,0.0114351,0.0078585,0.0104432,0.00622672,0.00738745,0.00483585,0.00581754,0.00407461,0.00535075,0.00388471,0.00390575,0.00314953,0.00345967,0.00281114,0.00257503,0.00175785,0.00215715,0.00161881,0.00157738,0.00131623,0.00158885,0.000981771,0.00118155,0.000994283,0.000992208,0.000738423,0.00077898,0.000613529,0.00051235,0.000543306,0.000553559,0.000375851,0.00046348,0.000277655,0.000351862,0.000267658,0.000293605,0.000220556,0.000276648,0.000182501,0.000180079,0.000131318,0.000162409,0.000109593,0.000117608,0.000106059,0.000101473,7.32748e-05,8.30764e-05,7.26834e-05,7.01153e-05,5.02988e-05,5.3905e-05,4.42646e-05,
89200,0.477014,0.492563,0.529956,0.543879,0.51474,0.55978,0.479986,0.491588,0.509283,0.527192,0.508486,0.465749,0.514638,0.51064,0.493189,0.415729,0.464074,0.428381,0.513707,0.41243,0.457957,0.334557,0.377511,0.297941,0.303809,0.206778,0.303055,0.148204,0.210225,0.0860449,0.130805,0.0637478,0.0840574,0.0411923,0.059348,0.0316815,0.0458268,0.0213964,0.0317264,0.0231068,0.022992,0.0163511,0.0184122,0.0135354,0.0163037,0.0109214,0.0114351,0.0078585,0.0104432,0.00622672,0.00738745,0.00483585,0.00581754,0.00407461,0.00535075,0.00388471,0.00390575,0.00314953,0.00345967,0.00281114,0.00257503,0.00175785,0.00215715,0.00161881,0.00157738,0.00131623,0.00158885,0.000981771,0.00118155,0.000994283,0.000992208,0.000738423,0.00077898,0.000613529,0.00051235,0.000543306,0.000553559,0.000375851,0.00046348,0.000277655,0.000351862,0.000267658,0.000293605,0.000220556,0.000276648,0.000182501,0.000180079,0.000131318,0.000162409,0.000109593,0.000117608,0.000106059,0.000101473,7.32748e-05,8.30764e-05,7.26834e-05,7.01153e-05,5.02988e-05,5.3905e-05,4.42646e-05,
89400,0.477014,0.492563,0.529956,0.543879,0.51474,0.55978,0.479986,0.491588,0.509283,0.527192,0.508486,0.465749,0.514638,0.51064,0.493189,0.415729,0.464074,0.428381,0.513707,0.41243,0.457957,0.334557,0.377511,0.297941,0.303809,0.206778,0.303055,0.148204,0.210225,0.0860449,0.130805,0.0637478,0.0840574,0.0411923,0.059348,0.0316815,0.0458268,0.0213964,0.0317264,0.0231068,0.022992,0.0163511,0.0184122,0.0135354,0.0163037,0.0109214,0.0114351,0.0078585,0.0104432,0.00622672,0.00738745,0.00483585,0.00581754,0.00407461,0.00535075,0.00388471,0.00390575,0.00314953,0.00345967,0.00281114,0.00257503,0.00175785,0.00215715,0.00161881,0.00157738,0.00131623,0.00158885,0.000981771,0.00118155,0.000994283,0.000992208,0.000738423,0.00077898,0.000613529,0.00051235,0.000543306,0.000553559,0.000375851,0.00046348,0.000277655,0.000351862,0.000267658,0.000293605,0.000220556,0.000276648,0.000182501,0.000180079,0.000131318,0.000162409,0.000109593,0.000117608,0.000106059,0.000101473,7.32748e-05,8.30764e-05,7.26834e-05,7.01153e-05,5.02988e-05,5.3905e-05,4.42646e-05,
89600,0.477014,0.492563,0.529956,0.543879,0.51474,0.55978,0.479986,0.491588,0.509283,0.527192,0.508486,0.465749,0.514638,0.51064,0.493189,0.415729,0.464074,0.428381,0.513707,0.41243,0.457957,0.334557,0.377511,0.297941,0.303809,0.206778,0.303055,0.148204,0.210225,0.0860449,0.130805,0.0637478,0.0840574,0.0411923,0.059348,0.0316815,0.0458268,0.0213964,0.0317264,0.0231068,0.022992,0.0163511,0.0184122,0.0135354,0.0163037,0.0109214,0.0114351,0.0078585,0.0104432,0.00622672,0.00738745,0.00483585,0.00581754,0.00407461,0.00535075,0.00388471,0.00390575,0.00314953,0.00345967,0.00281114,0.00257503,0.00175785,0.00215715,0.00161881,0.00157738,0.00131623,0.00158885,0.000981771,0.00118155,0.000994283,0.000992208,0.000738423,0.00077898,0.000613529,0.00051235,0.000543306,0.000553559,0.000375851,0.00046348,0.000277655,0.000351862,0.000267658,0.000293605,0.000220556,0.000276648,0.000182501,0.000180079,0.000131318,0.000162409,0.000109593,0.000117608,0.000106059,0.000101473,7.32748e-05,8.30764e-05,7.26834e-05,7.01153e-05,5.02988e-05,5.3905e-05,4.42646e-05,
89800,0.477014,0.492563,0.529956,0.543879,0.51474,0.55978,0.479986,0.491588,0.509283,0.527192,0.508486,0.465749,0.514638,0.51064,0.493189,0.415729,0.464074,0.428381,0.513707,0.41243,0.457957,0.334557,0.377511,0.297941,0.303809,0.206778,0.303055,0.148204,0.210225,0.0860449,0.130805,0.0637478,0.0840574,0.0411923,0.059348,0.0316815,0.0458268,0.0213964,0.0317264,0.0231068,0.022992,0.0163511,0.0184122,0.0135354,0.0163037,0.0109214,0.0114351,0.0078585,0.0104432,0.00622672,0.00738745,0.00483585,0.00581754,0.00407461,0.00535075,0.00388471,0.00390575,0.00314953,0.00345967,0.00281114,0.00257503,0.00175785,0.00215715,0.00161881,0.00157738,0.00131623,0.00158885,0.000981771,0.00118155,0.000994283,0.000992208,0.000738423,0.00077898,0.000613529,0.00051235,0.000543306,0.000553559,0.000375851,0.00046348,0.000277655,0.000351862,0.000267658,0.000293605,0.000220556,0.000276648,0.000182501,0.000180079,0.000131318,0.000162409,0.000109593,0.000117608,0.000106059,0.000101473,7.32748e-05,8.30764e-05,7.26834e-05,7.01153e-05,5.02988e-05,5.3905e-05,4.42646e-05,
90000,0.477014,0.492563,0.529956,0.543879,0.51474,0.55978,0.479986,0.491588,0.509283,0.527192,0.508486,0.465749,0.514638,0.51064,0.493189,0.415729,0.464074,0.428381,0.513707,0.41243,0.457957,0.334557,0.377511,0.297941,0.303809,0.206778,0.303055,0.148204,0.210225,0.0860449,0.130805,0.0637478,0.0840574,0.0411923,0.059348,0.0316815,0.0458268,0.0213964,0.0317264,0.0231068,0.022992,0.0163511,0.0184122,0.0135354,0.0163037,0.0109214,0.0114351,0.0078585,0.0104432,0.00622672,0.00738745,0.00483585,0.00581754,0.00407461,0.00535075,0.00388471,0.00390575,0.00314953,0.00345967,0.00281114,0.00257503,0.00175785,0.00215715,0.00161881,0.00157738,0.00131623,0.00158885,0.000981771,0.00118155,0.000994283,0.000992208,0.000738423,0.00077898,0.000613529,0.00051235,0.000543306,0.000553559,0.000375851,0.00046348,0.000277655,0.000351862,0.000267658,0.000293605,0.000220556,0.000276648,0.000182501,0.000180079,0.000131318,0.000162409,0.000109593,0.000117608,0.000106059,0.000101473,7.32748e-05,8.30764e-05,7.26834e-05,7.01153e-05,5.02988e-05,5.3905e-05,4.42646e-05,
90200,0.477014,0.492563,0.529956,0.543879,0.51474,0.55978,0.479986,0.491588,0.509283,0.527192,0.508486,0.465749,0.514638,0.51064,0.493189,0.415729,0.464074,0.428381,0.513707,0.41243,0.457957,0.334557,0.377511,0.297941,0.303809,0.206778,0.303055,0.148204,0.210225,0.0860449,0.130805,0.0637478,0.0840574,0.0411923,0.059348,0.0316815,0.0458268,0.0213964,0.0317264,0.0231068,0.022992,0.0163511,0.0184122,0.0135354,0.0163037,0.0109214,0.0114351,0.0078585,0.0104432,0.00622672,0.00738745,0.00483585,0.00581754,0.00407461,0.00535075,0.00388471,0.00390575,0.00314953,0.00345967,0.00281114,0.00257503,0.00175785,0.00215715,0.00161881,0.00157738,0.00131623,0.00158885,0.000981771,0.00118155,0.000994283,0.000992208,0.000738423,0.00077898,0.000613529,0.00051235,0.000543306,0.000553559,0.000375851,0.00046348,0.000277655,0.000351862,0.000267658,0.000293605,0.000220556,0.000276648,0.000182501,0.000180079,0.000131318,0.000162409,0.000109593,0.000117608,0.000106059,0.000101473,7.32748e-05,8.30764e-05,7.26834e-05,7.01153e-05,5.02988e-05,5.3905e-05,4.42646e-05,
90400,0.477014,0.492563,0.529956,0.543879,0.51474,0.55978,0.479986,0.491588,0.509283,0.527192,0.508486,0.465749,0.514638,0.51064,0.493189,0.415729,0.464074,0.428381,0.513707,0.41243,0.457957,0.334557,0.377511,0.297941,0.303809,0.206778,0.303055,0.148204,0.210225,0.0860449,0.130805,0.0637478,0.0840574,0.0411923,0.059348,0.0316815,0.0458268,0.0213964,0.0317264,0.0231068,0.022992,0.0163511,0.0184122,0.0135354,0.0163037,0.0109214,0.0114351,0.0078585,0.0104432,0.00622672,0.00738745,0.00483585,0.00581754,0.00407461,0.00535075,0.00388471,0.00390575,0.00314953,0.00345967,0.00281114,0.00257503,0.00175785,0.00215715,0.00161881,0.00157738,0.00131623,0.00158885,0.000981771,0.00118155,0.000994283,0.000992208,0.000738423,0.00077898,0.000613529,0.00051235,0.000543306,0.000553559,0.000375851,0.00046348,0.000277655,0.000351862,0.000267658,0.000293605,0.000220556,0.000276648,0.000182501,0.000180079,0.000131318,0.000162409,0.000109593,0.000117608,0.000106059,0.000101473,7.32748e-05,8.30764e-05,7.26834e-05,7.01153e-05,5.02988e-05,5.3905e-05,4.42646e-05,
90600,0.477014,0.492563,0.529956,0.543879,0.51474,0.55978,0.479986,0.491588,0.509283,0.527192,0.508486,0.465749,0.514638,0.51064,0.493189,0.415729,0.464074,0.428381,0.513707,0.41243,0.457957,0.334557,0.377511,0.297941,0.303809,0.206778,0.303055,0.148204,0.210225,0.0860449,0.130805,0.0637478,0.0840574,0.0411923,0.059348,0.0316815,0.0458268,0.0213964,0.0317264,0.0231068,0.022992,0.0163511,0.0184122,0.0135354,0.0163037,0.0109214,0.0114351,0.0078585,0.0104432,0.00622672,0.00738745,0.00483585,0.00581754,0.00407461,0.00535075,0.00388471,0.00390575,0.00314953,0.00345967,0.00281114,0.00257503,0.00175785,0.00215715,0.00161881,0.00157738,0.00131623,0.00158885,0.000981771,0.00118155,0.000994283,0.000992208,0.000738423,0.00077898,0.000613529,0.00051235,0.000543306,0.000553559,0.000375851,0.00046348,0.000277655,0.000351862,0.000267658,0.000293605,0.000220556,0.000276648,0.000182501,0.000180079,0.000131318,0.000162409,0.000109593,0.000117608,0.000106059,0.000101473,7.32748e-05,8.30764e-05,7.26834e-05,7.01153e-05,5.02988e-05,5.3905e-05,4.42646e-05,
90800,0.477014,0.492563,0.529956,0.543879,0.51474,0.55978,0.479986,0.491588,0.509283,0.527192,0.508486,0.465749,0.514638,0.51064,0.493189,0.415729,0.464074,0.428381,0.513707,0.41243,0.457957,0.334557,0.377511,0.297941,0.303809,0.206778,0.303055,0.148204,0.210225,0.0860449,0.130805,0.0637478,0.0840574,0.0411923,0.059348,0.0316815,0.0458268,0.0213964,0.0317264,0.0231068,0.022992,0.0163511,0.0184122,0.0135354,0.0163037,0.0109214,0.0114351,0.0078585,0.0104432,0.00622672,0.00738745,0.00483585,0.00581754,0.00407461,0.00535075,0.00388471,0.00390575,0.00314953,0.00345967,0.00281114,0.00257503,0.00175785,0.00215715,0.00161881,0.00157738,0.00131623,0.00158885,0.000981771,0.00118155,0.000994283,0.000992208,0.000738423,0.00077898,0.000613529,0.00051235,0.000543306,0.000553559,0.000375851,0.00046348,0.000277655,0.000351862,0.000267658,0.000293605,0.000220556,0.000276648,0.000182501,0.000180079,0.000131318,0.000162409,0.000109593,0.000117608,0.000106059,0.000101473,7.32748e-05,8.30764e-05,7.26834e-05,7.01153e-05,5.02988e-05,5.3905e-05,4.42646e-05,
91000,0.477014,0.492563,0.529956,0.543879,0.51474,0.55978,0.479986,0.491588,0.509283,0.527192,0.508486,0.465749,0.514638,0.51064,0.493189,0.415729,0.464074,0.428381,0.513707,0.41243,0.457957,0.334557,0.377511,0.297941,0.303809,0.206778,0.303055,0.148204,0.210225,0.0860449,0.130805,0.0637478,0.0840574,0.0411923,0.059348,0.0316815,0.0458268,0.0213964,0.0317264,0.0231068,0.022992,0.0163511,0.0184122,0.0135354,0.0163037,0.0109214,0.0114351,0.0078585,0.0104432,0.00622672,0.00738745,0.00483585,0.00581754,0.00407461,0.00535075,0.00388471,0.00390575,0.00314953,0.00345967,0.00281114,0.00257503,0.00175785,0.00215715,0.00161881,0.00157738,0.00131623,0.00158885,0.000981771,0.00118155,0.000994283,0.000992208,0.000738423,0.00077898,0.000613529,0.00051235,0.000543306,0.000553559,0.000375851,0.00046348,0.000277655,0.000351862,0.000267658,0.000293605,0.000220556,0.000276648,0.000182501,0.000180079,0.000131318,0.000162409,0.000109593,0.000117608,0.000106059,0.000101473,7.32748e-05,8.30764e-05,7.26834e-05,7.01153e-05,5.02988e-05,5.3905e-05,4.42646e-05,
91200,0.477014,0.492563,0.529956,0.543879,0.51474,0.55978,0.479986,0.491588,0.509283,0.527192,0.508486,0.465749,0.514638,0.51064,0.493189,0.415729,0.464074,0.428381,0.513707,0.41243,0.457957,0.334557,0.377511,0.297941,0.303809,0.206778,0.303055,0.148204,0.210225,0.0860449,0.130805,0.0637478,0.0840574,0.0411923,0.059348,0.0316815,0.0458268,0.0213964,0.0317264,0.0231068,0.022992,0.0163511,0.0184122,0.0135354,0.0163037,0.0109214,0.0114351,0.0078585,0.0104432,0.00622672,0.00738745,0.00483585,0.00581754,0.00407461,0.00535075,0.00388471,0.00390575,0.00314953,0.00345967,0.00281114,0.00257503,0.00175785,0.00215715,0.00161881,0.00157738,0.00131623,0.00158885,0.000981771,0.00118155,0.000994283,0.000992208,0.000738423,0.00077898,0.000613529,0.00051235,0.000543306,0.000553559,0.000375851,0.00046348,0.000277655,0.000351862,0.000267658,0.000293605,0.000220556,0.000276648,0.000182501,0.000180079,0.000131318,0.000162409,0.000109593,0.000117608,0.000106059,0.000101473,7.32748e-05,8.30764e-05,7.26834e-05,7.01153e-05,5.02988e-05,5.3905e-05,4.42646e-05,
91400,0.477014,0.492563,0.529956,0.543879,0.51474,0.55978,0.479986,0.491588,0.509283,0.527192,0.508486,0.465749,0.514638,0.51064,0.493189,0.415729,0.464074,0.428381,0.513707,0.41243,0.457957,0.334557,0.377511,0.297941,0.303809,0.206778,0.303055,0.148204,0.210225,0.0860449,0.130805,0.0637478,0.0840574,0.0411923,0.059348,0.0316815,0.0458268,0.0213964,0.0317264,0.0231068,0.022992,0.0163511,0.0184122,0.0135354,0.0163037,0.0109214,0.0114351,0.0078585,0.0104432,0.00622672,0.00738745,0.00483585,0.00581754,0.00407461,0.00535075,0.00388471,0.00390575,0.00314953,0.00345967,0.00281114,0.00257503,0.00175785,0.00215715,0.00161881,0.00157738,0.00131623,0.00158885,0.000981771,0.00118155,0.000994283,0.000992208,0.000738423,0.00077898,0.000613529,0.00051235,0.000543306,0.000553559,0.000375851,0.00046348,0.000277655,0.000351862,0.000267658,0.000293605,0.000220556,0.000276648,0.000182501,0.000180079,0.000131318,0.000162409,0.000109593,0.000117608,0.000106059,0.000101473,7.32748e-05,8.30764e-05,7.26834e-05,7.01153e-05,5.02988e-05,5.3905e-05,4.42646e-05,
91600,0.477014,0.492563,0.529956,0.543879,0.51474,0.55978,0.479986,0.491588,0.509283,0.527192,0.508486,0.465749,0.514638,0.51064,0.493189,0.415729,0.464074,0.428381,0.513707,0.41243,0.457957,0.334557,0.377511,0.297941,0.303809,0.206778,0.303055,0.148204,0.210225,0.0860449,0.130805,0.0637478,0.0840574,0.0411923,0.059348,0.0316815,0.0458268,0.0213964,0.0317264,0.0231068,0.022992,0.0163511,0.0184122,0.0135354,0.0163037,0.0109214,0.0114351,0.0078585,0.0104432,0.00622672,0.00738745,0.00483585,0.00581754,0.00407461,0.00535075,0.00388471,0.00390575,0.00314953,0.00345967,0.00281114,0.00257503,0.00175785,0.00215715,0.00161881,0.00157738,0.00131623,0.00158885,0.000981771,0.00118155,0.000994283,0.000992208,0.000738423,0.00077898,0.000613529,0.00051235,0.000543306,0.000553559,0.000375851,0.00046348,0.000277655,0.000351862,0.000267658,0.000293605,0.000220556,0.000276648,0.000182501,0.000180079,0.000131318,0.000162409,0.000109593,0.000117608,0.000106059,0.000101473,7.32748e-05,8.30764e-05,7.26834e-05,7.01153e-05,5.02988e-05,5.3905e-05,4.42646e-05,
91800,0.477014,0.492563,0.529956,0.543879,0.51474,0.55978,0.479986,0.491588,0.509283,0.527192,0.508486,0.465749,0.514638,0.51064,0.493189,0.415729,0.464074,0.428381,0.513707,0.41243,0.457957,0.334557,0.377511,0.297941,0.303809,0.206778,0.303055,0.148204,0.210225,0.0860449,0.130805,0.0637478,0.0840574,0.0411923,0.059348,0.0316815,0.0458268,0.0213964,0.0317264,0.0231068,0.022992,0.0163511,0.0184122,0.0135354,0.0163037,0.0109214,0.0114351,0.0078585,0.0104432,0.00622672,0.00738745,0.00483585,0.00581754,0.00407461,0.00535075,0.00388471,0.00390575,0.00314953,0.00345967,0.00281114,0.00257503,0.00175785,0.00215715,0.00161881,0.00157738,0.00131623,0.00158885,0.000981771,0.00118155,0.000994283,0.000992208,0.000738423,0.00077898,0.000613529,0.00051235,0.000543306,0.000553559,0.000375851,0.00046348,0.000277655,0.000351862,0.000267658,0.000293605,0.000220556,0.000276648,0.000182501,0.000180079,0.000131318,0.000162409,0.000109593,0.000117608,0.000106059,0.000101473,7.32748e-05,8.30764e-05,7.26834e-05,7.01153e-05,5.02988e-05,5.3905e-05,4.42646e-05,
92000,0.477014,0.492563,0.529956,0.543879,0.51474,0.55978,0.479986,0.491588,0.509283,0.527192,0.508486,0.465749,0.514638,0.51064,0.493189,0.415729,0.464074,0.428381,0.513707,0.41243,0.457957,0.334557,0.377511,0.297941,0.303809,0.206778,0.303055,0.148204,0.210225,0.0860449,0.130805,0.0637478,0.0840574,0.0411923,0.059348,0.0316815,0.0458268,0.0213964,0.0317264,0.0231068,0.022992,0.0163511,0.0184122,0.0135354,0.0163037,0.0109214,0.0114351,0.0078585,0.0104432,0.00622672,0.00738745,0.00483585,0.00581754,0.00407461,0.00535075,0.00388471,0.00390575,0.00314953,0.00345967,0.00281114,0.00257503,0.00175785,0.00215715,0.00161881,0.00157738,0.00131623,0.00158885,0.000981771,0.00118155,0.000994283,0.000992208,0.000738423,0.00077898,0.000613529,0.00051235,0.000543306,0.000553559,0.000375851,0.00046348,0.000277655,0.000351862,0.000267658,0.000293605,0.000220556,0.000276648,0.000182501,0.000180079,0.000131318,0.000162409,0.000109593,0.000117608,0.000106059,0.000101473,7.32748e-05,8.30764e-05,7.26834e-05,7.01153e-05,5.02988e-05,5.3905e-05,4.42646e-05,
92200,0.477014,0.492563,0.529956,0.543879,0.51474,0.55978,0.479986,0.491588,0.509283,0.527192,0.508486,0.465749,0.514638,0.51064,0.493189,0.415729,0.464074,0.428381,0.513707,0.41243,0.457957,0.334557,0.377511,0.297941,0.303809,0.206778,0.303055,0.148204,0.210225,0.0860449,0.130805,0.0637478,0.0840574,0.0411923,0.059348,0.0316815,0.0458268,0.0213964,0.0317264,0.0231068,0.022992,0.0163511,0.0184122,0.0135354,0.0163037,0.0109214,0.0114351,0.0078585,0.0104432,0.00622672,0.00738745,0.00483585,0.00581754,0.00407461,0.00535075,0.00388471,0.00390575,0.00314953,0.00345967,0.00281114,0.00257503,0.00175785,0.00215715,0.00161881,0.00157738,0.00131623,0.00158885,0.000981771,0.00118155,0.000994283,0.000992208,0.000738423,0.00077898,0.000613529,0.00051235,0.000543306,0.000553559,0.000375851,0.00046348,0.000277655,0.000351862,0.000267658,0.000293605,0.000220556,0.000276648,0.000182501,0.000180079,0.000131318,0.000162409,0.000109593,0.000117608,0.000106059,0.000101473,7.32748e-05,8.30764e-05,7.26834e-05,7.01153e-05,5.02988e-05,5.3905e-05,4.42646e-05,
92400,0.477014,0.492563,0.529956,0.543879,0.51474,0.55978,0.479986,0.491588,0.509283,0.527192,0.508486,0.465749,0.514638,0.51064,0.493189,0.415729,0.464074,0.428381,0.513707,0.41243,0.457957,0.334557,0.377511,0.297941,0.303809,0.206778,0.303055,0.148204,0.210225,0.0860449,0.130805,0.0637478,0.0840574,0.0411923,0.059348,0.0316815,0.0458268,0.0213964,0.0317264,0.0231068,0.022992,0.0163511,0.0184122,0.0135354,0.0163037,0.0109214,0.0114351,0.0078585,0.0104432,0.00622672,0.00738745,0.00483585,0.00581754,0.00407461,0.00535075,0.00388471,0.00390575,0.00314953,0.00345967,0.00281114,0.00257503,0.00175785,0.00215715,0.00161881,0.00157738,0.00131623,0.00158885,0.000981771,0.00118155,0.000994283,0.000992208,0.000738423,0.00077898,0.000613529,0.00051235,0.000543306,0.000553559,0.000375851,0.00046348,0.000277655,0.000351862,0.000267658,0.000293605,0.000220556,0.000276648,0.000182501,0.000180079,0.000131318,0.000162409,0.000109593,0.000117608,0.000106059,0.000101473,7.32748e-05,8.30764e-05,7.26834e-05,7.01153e-05,5.02988e-05,5.3905e-05,4.42646e-05,
92600,0.477014,0.492563,0.529956,0.543879,0.51474,0.55978,0.479986,0.491588,0.509283,0.527192,0.508486,0.465749,0.514638,0.51064,0.493189,0.415729,0.464074,0.428381,0.513707,0.41243,0.457957,0.334557,0.377511,0.297941,0.303809,0.206778,0.303055,0.148204,0.210225,0.0860449,0.130805,0.0637478,0.0840574,0.0411923,0.059348,0.0316815,0.0458268,0.0213964,0.0317264,0.0231068,0.022992,0.0163511,0.0184122,0.0135354,0.0163037,0.0109214,0.0114351,0.0078585,0.0104432,0.00622672,0.00738745,0.00483585,0.00581754,0.00407461,0.00535075,0.00388471,0.00390575,0.00314953,0.00345967,0.00281114,0.00257503,0.00175785,0.00215715,0.00161881,0.00157738,0.00131623,0.00158885,0.000981771,0.00118155,0.000994283,0.000992208,0.000738423,0.00077898,0.000613529,0.00051235,0.000543306,0.000553559,0.000375851,0.00046348,0.000277655,0.000351862,0.000267658,0.000293605,0.000220556,0.000276648,0.000182501,0.000180079,0.000131318,0.000162409,0.000109593,0.000117608,0.000106059,0.000101473,7.32748e-05,8.30764e-05,7.26834e-05,7.01153e-05,5.02988e-05,5.3905e-05,4.42646e-05,
92800,0.477014,0.492563,0.529956,0.543879,0.51474,0.55978,0.479986,0.491588,0.509283,0.527192,0.508486,0.465749,0.514638,0.51064,0.493189,0.415729,0.464074,0.428381,0.513707,0.41243,0.457957,0.334557,0.377511,0.297941,0.303809,0.206778,0.303055,0.148204,0.210225,0.0860449,0.130805,0.0637478,0.0840574,0.0411923,0.059348,0.0316815,0.0458268,0.0213964,0.0317264,0.0231068,0.022992,0.0163511,0.0184122,0.0135354,0.0163037,0.0109214,0.0114351,0.0078585,0.0104432,0.00622672,0.00738745,0.00483585,0.00581754,0.00407461,0.00535075,0.00388471,0.00390575,0.00314953,0.00345967,0.00281114,0.00257503,0.00175785,0.00215715,0.00161881,0.00157738,0.00131623,0.00158885,0.000981771,0.00118155,0.000994283,0.000992208,0.000738423,0.00077898,0.000613529,0.00051235,0.000543306,0.000553559,0.000375851,0.00046348,0.000277655,0.000351862,0.000267658,0.000293605,0.000220556,0.000276648,0.000182501,0.000180079,0.000131318,0.000162409,0.000109593,0.000117608,0.000106059,0.000101473,7.32748e-05,8.30764e-05,7.26834e-05,7.01153e-05,5.02988e-05,5.3905e-05,4.42646e-05,
93000,0.477014,0.492563,0.529956,0.543879,0.51474,0.55978,0.479986,0.491588,0.509283,0.527192,0.508486,0.465749,0.514638,0.51064,0.493189,0.415729,0.464074,0.428381,0.513707,0.41243,0.457957,0.334557,0.377511,0.297941,0.303809,0.206778,0.303055,0.148204,0.210225,0.0860449,0.130805,0.0637478,0.0840574,0.0411923,0.059348,0.0316815,0.0458268,0.0213964,0.0317264,0.0231068,0.022992,0.0163511,0.0184122,0.0135354,0.0163037,0.0109214,0.0114351,0.0078585,0.0104432,0.00622672,0.00738745,0.00483585,0.00581754,0.00407461,0.00535075,0.00388471,0.00390575,0.00314953,0.00345967,0.00281114,0.00257503,0.00175785,0.00215715,0.00161881,0.00157738,0.00131623,0.00158885,0.000981771,0.00118155,0.000994283,0.000992208,0.000738423,0.00077898,0.000613529,0.00051235,0.000543306,0.000553559,0.000375851,0.00046348,0.000277655,0.000351862,0.000267658,0.000293605,0.000220556,0.000276648,0.000182501,0.000180079,0.000131318,0.000162409,0.000109593,0.000117608,0.000106059,0.000101473,7.32748e-05,8.30764e-05,7.26834e-05,7.01153e-05,5.02988e-05,5.3905e-05,4.42646e-05,
93200,0.477014,0.492563,0.529956,0.543879,0.51474,0.55978,0.479986,0.491588,0.509283,0.527192,0.508486,0.465749,0.514638,0.51064,0.493189,0.415729,0.464074,0.428381,0.513707,0.41243,0.457957,0.334557,0.377511,0.297941,0.303809,0.206778,0.303055,0.148204,0.210225,0.0860449,0.130805,0.0637478,0.0840574,0.0411923,0.059348,0.0316815,0.0458268,0.0213964,0.0317264,0.0231068,0.022992,0.0163511,0.0184122,0.0135354,0.0163037,0.0109214,0.0114351,0.0078585,0.0104432,0.00622672,0.00738745,0.00483585,0.00581754,0.00407461,0.00535075,0.00388471,0.00390575,0.00314953,0.00345967,0.00281114,0.00257503,0.00175785,0.00215715,0.00161881,0.00157738,0.00131623,0.00158885,0.000981771,0.00118155,0.000994283,0.000992208,0.000738423,0.00077898,0.000613529,0.00051235,0.000543306,0.000553559,0.000375851,0.00046348,0.000277655,0.000351862,0.000267658,0.000293605,0.000220556,0.000276648,0.000182501,0.000180079,0.000131318,0.000162409,0.000109593,0.000117608,0.000106059,0.000101473,7.32748e-05,8.30764e-05,7.26834e-05,7.01153e-05,5.02988e-05,5.3905e-05,4.42646e-05,
93400,0.477014,0.492563,0.529956,0.543879,0.51474,0.55978,0.479986,0.491588,0.509283,0.527192,0.508486,0.465749,0.514638,0.51064,0.493189,0.415729,0.464074,0.428381,0.513707,0.41243,0.457957,0.334557,0.377511,0.297941,0.303809,0.206778,0.303055,0.148204,0.210225,0.0860449,0.130805,0.0637478,0.0840574,0.0411923,0.059348,0.0316815,0.0458268,0.0213964,0.0317264,0.0231068,0.022992,0.0163511,0.0184122,0.0135354,0.0163037,0.0109214,0.0114351,0.0078585,0.0104432,0.00622672,0.00738745,0.00483585,0.00581754,0.00407461,0.00535075,0.00388471,0.00390575,0.00314953,0.00345967,0.00281114,0.00257503,0.00175785,0.00215715,0.00161881,0.00157738,0.00131623,0.00158885,0.000981771,0.00118155,0.000994283,0.000992208,0.000738423,0.00077898,0.000613529,0.00051235,0.000543306,0.000553559,0.000375851,0.00046348,0.000277655,0.000351862,0.000267658,0.000293605,0.000220556,0.000276648,0.000182501,0.000180079,0.000131318,0.000162409,0.000109593,0.000117608,0.000106059,0.000101473,7.32748e-05,8.30764e-05,7.26834e-05,7.01153e-05,5.02988e-05,5.3905e-05,4.42646e-05,
93600,0.477014,0.492563,0.529956,0.543879,0.51474,0.55978,0.479986,0.491588,0.509283,0.527192,0.508486,0.465749,0.514638,0.51064,0.493189,0.415729,0.464074,0.428381,0.513707,0.41243,0.457957,0.334557,0.377511,0.297941,0.303809,0.206778,0.303055,0.148204,0.210225,0.0860449,0.130805,0.0637478,0.0840574,0.0411923,0.059348,0.0316815,0.0458268,0.0213964,0.0317264,0.0231068,0.022992,0.0163511,0.0184122,0.0135354,0.0163037,0.0109214,0.0114351,0.0078585,0.0104432,0.00622672,0.00738745,0.00483585,0.00581754,0.00407461,0.00535075,0.00388471,0.00390575,0.00314953,0.00345967,0.00281114,0.00257503,0.00175785,0.00215715,0.00161881,0.00157738,0.00131623,0.00158885,0.000981771,0.00118155,0.000994283,0.000992208,0.000738423,0.00077898,0.000613529,0.00051235,0.000543306,0.000553559,0.000375851,0.00046348,0.000277655,0.000351862,0.000267658,0.000293605,0.000220556,0.000276648,0.000182501,0.000180079,0.000131318,0.000162409,0.000109593,0.000117608,0.000106059,0.000101473,7.32748e-05,8.30764e-05,7.26834e-05,7.01153e-05,5.02988e-05,5.3905e-05,4.42646e-05,
93800,0.477014,0.492563,0.529956,0.543879,0.51474,0.55978,0.479986,0.491588,0.509283,0.527192,0.508486,0.465749,0.514638,0.51064,0.493189,0.415729,0.464074,0.428381,0.513707,0.41243,0.457957,0.334557,0.377511,0.297941,0.303809,0.206778,0.303055,0.148204,0.210225,0.0860449,0.130805,0.0637478,0.0840574,0.0411923,0.059348,0.0316815,0.0458268,0.0213964,0.0317264,0.0231068,0.022992,0.0163511,0.0184122,0.0135354,0.0163037,0.0109214,0.0114351,0.0078585,0.0104432,0.00622672,0.00738745,0.00483585,0.00581754,0.00407461,0.00535075,0.00388471,0.00390575,0.00314953,0.00345967,0.00281114,0.00257503,0.00175785,0.00215715,0.00161881,0.00157738,0.00131623,0.00158885,0.000981771,0.00118155,0.000994283,0.000992208,0.000738423,0.00077898,0.000613529,0.00051235,0.000543306,0.000553559,0.000375851,0.00046348,0.000277655,0.000351862,0.000267658,0.000293605,0.000220556,0.000276648,0.000182501,0.000180079,0.000131318,0.000162409,0.000109593,0.000117608,0.000106059,0.000101473,7.32748e-05,8.30764e-05,7.26834e-05,7.01153e-05,5.02988e-05,5.3905e-05,4.42646e-05,
94000,0.477014,0.492563,0.529956,0.543879,0.51474,0.55978,0.479986,0.491588,0.509283,0.527192,0.508486,0.465749,0.514638,0.51064,0.493189,0.415729,0.464074,0.428381,0.513707,0.41243,0.457957,0.334557,0.377511,0.297941,0.303809,0.206778,0.303055,0.148204,0.210225,0.0860449,0.130805,0.0637478,0.0840574,0.0411923,0.059348,0.0316815,0.0458268,0.0213964,0.0317264,0.0231068,0.022992,0.0163511,0.0184122,0.0135354,0.0163037,0.0109214,0.0114351,0.0078585,0.0104432,0.00622672,0.00738745,0.00483585,0.00581754,0.00407461,0.00535075,0.00388471,0.00390575,0.00314953,0.00345967,0.00281114,0.00257503,0.00175785,0.00215715,0.00161881,0.00157738,0.00131623,0.00158885,0.000981771,0.00118155,0.000994283,0.000992208,0.000738423,0.00077898,0.000613529,0.00051235,0.000543306,0.000553559,0.000375851,0.00046348,0.000277655,0.000351862,0.000267658,0.000293605,0.000220556,0.000276648,0.000182501,0.000180079,0.000131318,0.000162409,0.000109593,0.000117608,0.000106059,0.000101473,7.32748e-05,8.30764e-05,7.26834e-05,7.01153e-05,5.02988e-05,5.3905e-05,4.42646e-05,
94200,0.477014,0.492563,0.529956,0.543879,0.51474,0.55978,0.479986,0.491588,0.509283,0.527192,0.508486,0.465749,0.514638,0.51064,0.493189,0.415729,0.464074,0.428381,0.513707,0.41243,0.457957,0.334557,0.377511,0.297941,0.303809,0.206778,0.303055,0.148204,0.210225,0.0860449,0.130805,0.0637478,0.0840574,0.0411923,0.059348,0.0316815,0.0458268,0.0213964,0.0317264,0.0231068,0.022992,0.0163511,0.0184122,0.0135354,0.0163037,0.0109214,0.0114351,0.0078585,0.0104432,0.00622672,0.00738745,0.00483585,0.00581754,0.00407461,0.00535075,0.00388471,0.00390575,0.00314953,0.00345967,0.00281114,0.00257503,0.00175785,0.00215715,0.00161881,0.00157738,0.00131623,0.00158885,0.000981771,0.00118155,0.000994283,0.000992208,0.000738423,0.00077898,0.000613529,0.00051235,0.000543306,0.000553559,0.000375851,0.00046348,0.000277655,0.000351862,0.000267658,0.000293605,0.000220556,0.000276648,0.000182501,0.000180079,0.000131318,0.000162409,0.000109593,0.000117608,0.000106059,0.000101473,7.32748e-05,8.30764e-05,7.26834e-05,7.01153e-05,5.02988e-05,5.3905e-05,4.42646e-05,
94400,0.477014,0.492563,0.529956,0.543879,0.51474,0.55978,0.479986,0.491588,0.509283,0.527192,0.508486,0.465749,0.514638,0.51064,0.493189,0.415729,0.464074,0.428381,0.513707,0.41243,0.457957,0.334557,0.377511,0.297941,0.303809,0.206778,0.303055,0.148204,0.210225,0.0860449,0.130805,0.0637478,0.0840574,0.0411923,0.059348,0.0316815,0.0458268,0.0213964,0.0317264,0.0231068,0.022992,0.0163511,0.0184122,0.0135354,0.0163037,0.0109214,0.0114351,0.0078585,0.0104432,0.00622672,0.00738745,0.00483585,0.00581754,0.00407461,0.00535075,0.00388471,0.00390575,0.00314953,0.00345967,0.00281114,0.00257503,0.00175785,0.00215715,0.00161881,0.00157738,0.00131623,0.00158885,0.000981771,0.00118155,0.000994283,0.000992208,0.000738423,0.00077898,0.000613529,0.00051235,0.000543306,0.000553559,0.000375851,0.00046348,0.000277655,0.000351862,0.000267658,0.000293605,0.000220556,0.000276648,0.000182501,0.000180079,0.000131318,0.000162409,0.000109593,0.000117608,0.000106059,0.000101473,7.32748e-05,8.30764e-05,7.26834e-05,7.01153e-05,5.02988e-05,5.3905e-05,4.42646e-05,
94600,0.477014,0.492563,0.529956,0.543879,0.51474,0.55978,0.479986,0.491588,0.509283,0.527192,0.508486,0.465749,0.514638,0.51064,0.493189,0.415729,0.464074,0.428381,0.513707,0.41243,0.457957,0.334557,0.377511,0.297941,0.303809,0.206778,0.303055,0.148204,0.210225,0.0860449,0.130805,0.0637478,0.0840574,0.0411923,0.059348,0.0316815,0.0458268,0.0213964,0.0317264,0.0231068,0.022992,0.0163511,0.0184122,0.0135354,0.0163037,0.0109214,0.0114351,0.0078585,0.0104432,0.00622672,0.00738745,0.00483585,0.00581754,0.00407461,0.00535075,0.00388471,0.00390575,0.00314953,0.00345967,0.00281114,0.00257503,0.00175785,0.00215715,0.00161881,0.00157738,0.00131623,0.00158885,0.000981771,0.00118155,0.000994283,0.000992208,0.000738423,0.00077898,0.000613529,0.00051235,0.000543306,0.000553559,0.000375851,0.00046348,0.000277655,0.000351862,0.000267658,0.000293605,0.000220556,0.000276648,0.000182501,0.000180079,0.000131318,0.000162409,0.000109593,0.000117608,0.000106059,0.000101473,7.32748e-05,8.30764e-05,7.26834e-05,7.01153e-05,5.02988e-05,5.3905e-05,4.42646e-05,
94800,0.477014,0.492563,0.529956,0.543879,0.51474,0.55978,0.479986,0.491588,0.509283,0.527192,0.508486,0.465749,0.514638,0.51064,0.493189,0.415729,0.464074,0.428381,0.513707,0.41243,0.457957,0.334557,0.377511,0.297941,0.303809,0.206778,0.303055,0.148204,0.210225,0.0860449,0.130805,0.0637478,0.0840574,0.0411923,0.059348,0.0316815,0.0458268,0.0213964,0.0317264,0.0231068,0.022992,0.0163511,0.0184122,0.0135354,0.0163037,0.0109214,0.0114351,0.0078585,0.0104432,0.00622672,0.00738745,0.00483585,0.00581754,0.00407461,0.00535075,0.00388471,0.00390575,0.00314953,0.00345967,0.00281114,0.00257503,0.00175785,0.00215715,0.00161881,0.00157738,0.00131623,0.00158885,0.000981771,0.00118155,0.000994283,0.000992208,0.000738423,0.00077898,0.000613529,0.00051235,0.000543306,0.000553559,0.000375851,0.00046348,0.000277655,0.000351862,0.000267658,0.000293605,0.000220556,0.000276648,0.000182501,0.000180079,0.000131318,0.000162409,0.000109593,0.000117608,0.000106059,0.000101473,7.32748e-05,8.30764e-05,7.26834e-05,7.01153e-05,5.02988e-05,5.3905e-05,4.42646e-05,
95000,0.477014,0.492563,0.529956,0.543879,0.51474,0.55978,0.479986,0.491588,0.509283,0.527192,0.508486,0.465749,0.514638,0.51064,0.493189,0.415729,0.464074,0.428381,0.513707,0.41243,0.457957,0.334557,0.377511,0.297941,0.303809,0.206778,0.303055,0.148204,0.210225,0.0860449,0.130805,0.0637478,0.0840574,0.0411923,0.059348,0.0316815,0.0458268,0.0213964,0.0317264,0.0231068,0.022992,0.0163511,0.0184122,0.0135354,0.0163037,0.0109214,0.0114351,0.0078585,0.0104432,0.00622672,0.00738745,0.00483585,0.00581754,0.00407461,0.00535075,0.00388471,0.00390575,0.00314953,0.00345967,0.00281114,0.00257503,0.00175785,0.00215715,0.00161881,0.00157738,0.00131623,0.00158885,0.000981771,0.00118155,0.000994283,0.000992208,0.000738423,0.00077898,0.000613529,0.00051235,0.000543306,0.000553559,0.000375851,0.00046348,0.000277655,0.000351862,0.000267658,0.000293605,0.000220556,0.000276648,0.000182501,0.000180079,0.000131318,0.000162409,0.000109593,0.000117608,0.000106059,0.000101473,7.32748e-05,8.30764e-05,7.26834e-05,7.01153e-05,5.02988e-05,5.3905e-05,4.42646e-05,
95200,0.477014,0.492563,0.529956,0.543879,0.51474,0.55978,0.479986,0.491588,0.509283,0.527192,0.508486,0.465749,0.514638,0.51064,0.493189,0.415729,0.464074,0.428381,0.513707,0.41243,0.457957,0.334557,0.377511,0.297941,0.303809,0.206778,0.303055,0.148204,0.210225,0.0860449,0.130805,0.0637478,0.0840574,0.0411923,0.059348,0.0316815,0.0458268,0.0213964,0.0317264,0.0231068,0.022992,0.0163511,0.0184122,0.0135354,0.0163037,0.0109214,0.0114351,0.0078585,0.0104432,0.00622672,0.00738745,0.00483585,0.00581754,0.00407461,0.00535075,0.00388471,0.00390575,0.00314953,0.00345967,0.00281114,0.00257503,0.00175785,0.00215715,0.00161881,0.00157738,0.00131623,0.00158885,0.000981771,0.00118155,0.000994283,0.000992208,0.000738423,0.00077898,0.000613529,0.00051235,0.000543306,0.000553559,0.000375851,0.00046348,0.000277655,0.000351862,0.000267658,0.000293605,0.000220556,0.000276648,0.000182501,0.000180079,0.000131318,0.000162409,0.000109593,0.000117608,0.000106059,0.000101473,7.32748e-05,8.30764e-05,7.26834e-05,7.01153e-05,5.02988e-05,5.3905e-05,4.42646e-05,
95400,0.477014,0.492563,0.529956,0.543879,0.51474,0.55978,0.479986,0.491588,0.509283,0.527192,0.508486,0.465749,0.514638,0.51064,0.493189,0.415729,0.464074,0.428381,0.513707,0.41243,0.457957,0.334557,0.377511,0.297941,0.303809,0.206778,0.303055,0.148204,0.210225,0.0860449,0.130805,0.0637478,0.0840574,0.0411923,0.059348,0.0316815,0.0458268,0.0213964,0.0317264,0.0231068,0.022992,0.0163511,0.0184122,0.0135354,0.0163037,0.0109214,0.0114351,0.0078585,0.0104432,0.00622672,0.00738745,0.00483585,0.00581754,0.00407461,0.00535075,0.00388471,0.00390575,0.00314953,0.00345967,0.00281114,0.00257503,0.00175785,0.00215715,0.00161881,0.00157738,0.00131623,0.00158885,0.000981771,0.00118155,0.000994283,0.000992208,0.000738423,0.00077898,0.000613529,0.00051235,0.000543306,0.000553559,0.000375851,0.00046348,0.000277655,0.000351862,0.000267658,0.000293605,0.000220556,0.000276648,0.000182501,0.000180079,0.000131318,0.000162409,0.000109593,0.000117608,0.000106059,0.000101473,7.32748e-05,8.30764e-05,7.26834e-05,7.01153e-05,5.02988e-05,5.3905e-05,4.42646e-05,
95600,0.477014,0.492563,0.529956,0.543879,0.51474,0.55978,0.479986,0.491588,0.509283,0.527192,0.508486,0.465749,0.514638,0.51064,0.493189,0.415729,0.464074,0.428381,0.513707,0.41243,0.457957,0.334557,0.377511,0.297941,0.303809,0.206778,0.303055,0.148204,0.210225,0.0860449,0.130805,0.0637478,0.0840574,0.0411923,0.059348,0.0316815,0.0458268,0.0213964,0.0317264,0.0231068,0.022992,0.0163511,0.0184122,0.0135354,0.0163037,0.0109214,0.0114351,0.0078585,0.0104432,0.00622672,0.00738745,0.00483585,0.00581754,0.00407461,0.00535075,0.00388471,0.00390575,0.00314953,0.00345967,0.00281114,0.00257503,0.00175785,0.00215715,0.00161881,0.00157738,0.00131623,0.00158885,0.000981771,0.00118155,0.000994283,0.000992208,0.000738423,0.00077898,0.000613529,0.00051235,0.000543306,0.000553559,0.000375851,0.00046348,0.000277655,0.000351862,0.000267658,0.000293605,0.000220556,0.000276648,0.000182501,0.000180079,0.000131318,0.000162409,0.000109593,0.000117608,0.000106059,0.000101473,7.32748e-05,8.30764e-05,7.26834e-05,7.01153e-05,5.02988e-05,5.3905e-05,4.42646e-05,
95800,0.477014,0.492563,0.529956,0.543879,0.51474,0.55978,0.479986,0.491588,0.509283,0.527192,0.508486,0.465749,0.514638,0.51064,0.493189,0.415729,0.464074,0.428381,0.513707,0.41243,0.457957,0.334557,0.377511,0.297941,0.303809,0.206778,0.303055,0.148204,0.210225,0.0860449,0.130805,0.0637478,0.0840574,0.0411923,0.059348,0.0316815,0.0458268,0.0213964,0.0317264,0.0231068,0.022992,0.0163511,0.0184122,0.0135354,0.0163037,0.0109214,0.0114351,0.0078585,0.0104432,0.00622672,0.00738745,0.00483585,0.00581754,0.00407461,0.00535075,0.00388471,0.00390575,0.00314953,0.00345967,0.00281114,0.00257503,0.00175785,0.00215715,0.00161881,0.00157738,0.00131623,0.00158885,0.000981771,0.00118155,0.000994283,0.000992208,0.000738423,0.00077898,0.000613529,0.00051235,0.000543306,0.000553559,0.000375851,0.00046348,0.000277655,0.000351862,0.000267658,0.000293605,0.000220556,0.000276648,0.000182501,0.000180079,0.000131318,0.000162409,0.000109593,0.000117608,0.000106059,0.000101473,7.32748e-05,8.30764e-05,7.26834e-05,7.01153e-05,5.02988e-05,5.3905e-05,4.42646e-05,
96000,0.477014,0.492563,0.529956,0.543879,0.51474,0.55978,0.479986,0.491588,0.509283,0.527192,0.508486,0.465749,0.514638,0.51064,0.493189,0.415729,0.464074,0.428381,0.513707,0.41243,0.457957,0.334557,0.377511,0.297941,0.303809,0.206778,0.303055,0.148204,0.210225,0.0860449,0.130805,0.0637478,0.0840574,0.0411923,0.059348,0.0316815,0.0458268,0.0213964,0.0317264,0.0231068,0.022992,0.0163511,0.0184122,0.0135354,0.0163037,0.0109214,0.0114351,0.0078585,0.0104432,0.00622672,0.00738745,0.00483585,0.00581754,0.00407461,0.00535075,0.00388471,0.00390575,0.00314953,0.00345967,0.00281114,0.00257503,0.00175785,0.00215715,0.00161881,0.00157738,0.00131623,0.00158885,0.000981771,0.00118155,0.000994283,0.000992208,0.000738423,0.00077898,0.000613529,0.00051235,0.000543306,0.000553559,0.000375851,0.00046348,0.000277655,0.000351862,0.000267658,0.000293605,0.000220556,0.000276648,0.000182501,0.000180079,0.000131318,0.000162409,0.000109593,0.000117608,0.000106059,0.000101473,7.32748e-05,8.30764e-05,7.26834e-05,7.01153e-05,5.02988e-05,5.3905e-05,4.42646e-05,
96200,0.477014,0.492563,0.529956,0.543879,0.51474,0.55978,0.479986,0.491588,0.509283,0.527192,0.508486,0.465749,0.514638,0.51064,0.493189,0.415729,0.464074,0.428381,0.513707,0.41243,0.457957,0.334557,0.377511,0.297941,0.303809,0.206778,0.303055,0.148204,0.210225,0.0860449,0.130805,0.0637478,0.0840574,0.0411923,0.059348,0.0316815,0.0458268,0.0213964,0.0317264,0.0231068,0.022992,0.0163511,0.0184122,0.0135354,0.0163037,0.0109214,0.0114351,0.0078585,0.0104432,0.00622672,0.00738745,0.00483585,0.00581754,0.00407461,0.00535075,0.00388471,0.00390575,0.00314953,0.00345967,0.00281114,0.00257503,0.00175785,0.00215715,0.00161881,0.00157738,0.00131623,0.00158885,0.000981771,0.00118155,0.000994283,0.000992208,0.000738423,0.00077898,0.000613529,0.00051235,0.000543306,0.000553559,0.000375851,0.00046348,0.000277655,0.000351862,0.000267658,0.000293605,0.000220556,0.000276648,0.000182501,0.000180079,0.000131318,0.000162409,0.000109593,0.000117608,0.000106059,0.000101473,7.32748e-05,8.30764e-05,7.26834e-05,7.01153e-05,5.02988e-05,5.3905e-05,4.42646e-05,
96400,0.477014,0.492563,0.529956,0.543879,0.51474,0.55978,0.479986,0.491588,0.509283,0.527192,0.508486,0.465749,0.514638,0.51064,0.493189,0.415729,0.464074,0.428381,0.513707,0.41243,0.457957,0.334557,0.377511,0.297941,0.303809,0.206778,0.303055,0.148204,0.210225,0.0860449,0.130805,0.0637478,0.0840574,0.0411923,0.059348,0.0316815,0.0458268,0.0213964,0.0317264,0.0231068,0.022992,0.0163511,0.0184122,0.0135354,0.0163037,0.0109214,0.0114351,0.0078585,0.0104432,0.00622672,0.00738745,0.00483585,0.00581754,0.00407461,0.00535075,0.00388471,0.00390575,0.00314953,0.00345967,0.00281114,0.00257503,0.00175785,0.00215715,0.00161881,0.00157738,0.00131623,0.00158885,0.000981771,0.00118155,0.000994283,0.000992208,0.000738423,0.00077898,0.000613529,0.00051235,0.000543306,0.000553559,0.000375851,0.00046348,0.000277655,0.000351862,0.000267658,0.000293605,0.000220556,0.000276648,0.000182501,0.000180079,0.000131318,0.000162409,0.000109593,0.000117608,0.000106059,0.000101473,7.32748e-05,8.30764e-05,7.26834e-05,7.01153e-05,5.02988e-05,5.3905e-05,4.42646e-05,
96600,0.477014,0.492563,0.529956,0.543879,0.51474,0.55978,0.479986,0.491588,0.509283,0.527192,0.508486,0.465749,0.514638,0.51064,0.493189,0.415729,0.464074,0.428381,0.513707,0.41243,0.457957,0.334557,0.377511,0.297941,0.303809,0.206778,0.303055,0.148204,0.210225,0.0860449,0.130805,0.0637478,0.0840574,0.0411923,0.059348,0.0316815,0.0458268,0.0213964,0.0317264,0.0231068,0.022992,0.0163511,0.0184122,0.0135354,0.0163037,0.0109214,0.0114351,0.0078585,0.0104432,0.00622672,0.00738745,0.00483585,0.00581754,0.00407461,0.00535075,0.00388471,0.00390575,0.00314953,0.00345967,0.00281114,0.00257503,0.00175785,0.00215715,0.00161881,0.00157738,0.00131623,0.00158885,0.000981771,0.00118155,0.000994283,0.000992208,0.000738423,0.00077898,0.000613529,0.00051235,0.000543306,0.000553559,0.000375851,0.00046348,0.000277655,0.000351862,0.000267658,0.000293605,0.000220556,0.000276648,0.000182501,0.000180079,0.000131318,0.000162409,0.000109593,0.000117608,0.000106059,0.000101473,7.32748e-05,8.30764e-05,7.26834e-05,7.01153e-05,5.02988e-05,5.3905e-05,4.42646e-05,
96800,0.477014,0.492563,0.529956,0.543879,0.51474,0.55978,0.479986,0.491588,0.509283,0.527192,0.508486,0.465749,0.514638,0.51064,0.493189,0.415729,0.464074,0.428381,0.513707,0.41243,0.457957,0.334557,0.377511,0.297941,0.303809,0.206778,0.303055,0.148204,0.210225,0.0860449,0.130805,0.0637478,0.0840574,0.0411923,0.059348,0.0316815,0.0458268,0.0213964,0.0317264,0.0231068,0.022992,0.0163511,0.0184122,0.0135354,0.0163037,0.0109214,0.0114351,0.0078585,0.0104432,0.00622672,0.00738745,0.00483585,0.00581754,0.00407461,0.00535075,0.00388471,0.00390575,0.00314953,0.00345967,0.00281114,0.00257503,0.00175785,0.00215715,0.00161881,0.00157738,0.00131623,0.00158885,0.000981771,0.00118155,0.000994283,0.000992208,0.000738423,0.00077898,0.000613529,0.00051235,0.000543306,0.000553559,0.000375851,0.00046348,0.000277655,0.000351862,0.000267658,0.000293605,0.000220556,0.000276648,0.000182501,0.000180079,0.000131318,0.000162409,0.000109593,0.000117608,0.000106059,0.000101473,7.32748e-05,8.30764e-05,7.26834e-05,7.01153e-05,5.02988e-05,5.3905e-05,4.42646e-05,
97000,0.477014,0.492563,0.529956,0.543879,0.51474,0.55978,0.479986,0.491588,0.509283,0.527192,0.508486,0.465749,0.514638,0.51064,0.493189,0.415729,0.464074,0.428381,0.513707,0.41243,0.457957,0.334557,0.377511,0.297941,0.303809,0.206778,0.303055,0.148204,0.210225,0.0860449,0.130805,0.0637478,0.0840574,0.0411923,0.059348,0.0316815,0.0458268,0.0213964,0.0317264,0.0231068,0.022992,0.0163511,0.0184122,0.0135354,0.0163037,0.0109214,0.0114351,0.0078585,0.0104432,0.00622672,0.00738745,0.00483585,0.00581754,0.00407461,0.00535075,0.00388471,0.00390575,0.00314953,0.00345967,0.00281114,0.00257503,0.00175785,0.00215715,0.00161881,0.00157738,0.00131623,0.00158885,0.000981771,0.00118155,0.000994283,0.000992208,0.000738423,0.00077898,0.000613529,0.00051235,0.000543306,0.000553559,0.000375851,0.00046348,0.000277655,0.000351862,0.000267658,0.000293605,0.000220556,0.000276648,0.000182501,0.000180079,0.000131318,0.000162409,0.000109593,0.000117608,0.000106059,0.000101473,7.32748e-05,8.30764e-05,7.26834e-05,7.01153e-05,5.02988e-05,5.3905e-05,4.42646e-05,
97200,0.477014,0.492563,0.529956,0.543879,0.51474,0.55978,0.479986,0.491588,0.509283,0.527192,0.508486,0.465749,0.514638,0.51064,0.493189,0.415729,0.464074,0.428381,0.513707,0.41243,0.457957,0.334557,0.377511,0.297941,0.303809,0.206778,0.303055,0.148204,0.210225,0.0860449,0.130805,0.0637478,0.0840574,0.0411923,0.059348,0.0316815,0.0458268,0.0213964,0.0317264,0.0231068,0.022992,0.0163511,0.0184122,0.0135354,0.0163037,0.0109214,0.0114351,0.0078585,0.0104432,0.00622672,0.00738745,0.00483585,0.00581754,0.00407461,0.00535075,0.00388471,0.00390575,0.00314953,0.00345967,0.00281114,0.00257503,0.00175785,0.00215715,0.00161881,0.00157738,0.00131623,0.00158885,0.000981771,0.00118155,0.000994283,0.000992208,0.000738423,0.00077898,0.000613529,0.00051235,0.000543306,0.000553559,0.000375851,0.00046348,0.000277655,0.000351862,0.000267658,0.000293605,0.000220556,0.000276648,0.000182501,0.000180079,0.000131318,0.000162409,0.000109593,0.000117608,0.000106059,0.000101473,7.32748e-05,8.30764e-05,7.26834e-05,7.01153e-05,5.02988e-05,5.3905e-05,4.42646e-05,
97400,0.477014,0.492563,0.529956,0.543879,0.51474,0.55978,0.479986,0.491588,0.509283,0.527192,0.508486,0.465749,0.514638,0.51064,0.493189,0.415729,0.464074,0.428381,0.513707,0.41243,0.457957,0.334557,0.377511,0.297941,0.303809,0.206778,0.303055,0.148204,0.210225,0.0860449,0.130805,0.0637478,0.0840574,0.0411923,0.059348,0.0316815,0.0458268,0.0213964,0.0317264,0.0231068,0.022992,0.0163511,0.0184122,0.0135354,0.0163037,0.0109214,0.0114351,0.0078585,0.0104432,0.00622672,0.00738745,0.00483585,0.00581754,0.00407461,0.00535075,0.00388471,0.00390575,0.00314953,0.00345967,0.00281114,0.00257503,0.00175785,0.00215715,0.00161881,0.00157738,0.00131623,0.00158885,0.000981771,0.00118155,0.000994283,0.000992208,0.000738423,0.00077898,0.000613529,0.00051235,0.000543306,0.000553559,0.000375851,0.00046348,0.000277655,0.000351862,0.000267658,0.000293605,0.000220556,0.000276648,0.000182501,0.000180079,0.000131318,0.000162409,0.000109593,0.000117608,0.000106059,0.000101473,7.32748e-05,8.30764e-05,7.26834e-05,7.01153e-05,5.02988e-05,5.3905e-05,4.42646e-05,
97600,0.477014,0.492563,0.529956,0.543879,0.51474,0.55978,0.479986,0.491588,0.509283,0.527192,0.508486,0.465749,0.514638,0.51064,0.493189,0.415729,0.464074,0.428381,0.513707,0.41243,0.457957,0.334557,0.377511,0.297941,0.303809,0.206778,0.303055,0.148204,0.210225,0.0860449,0.130805,0.0637478,0.0840574,0.0411923,0.059348,0.0316815,0.0458268,0.0213964,0.0317264,0.0231068,0.022992,0.0163511,0.0184122,0.0135354,0.0163037,0.0109214,0.0114351,0.0078585,0.0104432,0.00622672,0.00738745,0.00483585,0.00581754,0.00407461,0.00535075,0.00388471,0.00390575,0.00314953,0.00345967,0.00281114,0.00257503,0.00175785,0.00215715,0.00161881,0.00157738,0.00131623,0.00158885,0.000981771,0.00118155,0.000994283,0.000992208,0.000738423,0.00077898,0.000613529,0.00051235,0.000543306,0.000553559,0.000375851,0.00046348,0.000277655,0.000351862,0.000267658,0.000293605,0.000220556,0.000276648,0.000182501,0.000180079,0.000131318,0.000162409,0.000109593,0.000117608,0.000106059,0.000101473,7.32748e-05,8.30764e-05,7.26834e-05,7.01153e-05,5.02988e-05,5.3905e-05,4.42646e-05,
97800,0.477014,0.492563,0.529956,0.543879,0.51474,0.55978,0.479986,0.491588,0.509283,0.527192,0.508486,0.465749,0.514638,0.51064,0.493189,0.415729,0.464074,0.428381,0.513707,0.41243,0.457957,0.334557,0.377511,0.297941,0.303809,0.206778,0.303055,0.148204,0.210225,0.0860449,0.130805,0.0637478,0.0840574,0.0411923,0.059348,0.0316815,0.0458268,0.0213964,0.0317264,0.0231068,0.022992,0.0163511,0.0184122,0.0135354,0.0163037,0.0109214,0.0114351,0.0078585,0.0104432,0.00622672,0.00738745,0.00483585,0.00581754,0.00407461,0.00535075,0.00388471,0.00390575,0.00314953,0.00345967,0.00281114,0.00257503,0.00175785,0.00215715,0.00161881,0.00157738,0.00131623,0.00158885,0.000981771,0.00118155,0.000994283,0.000992208,0.000738423,0.00077898,0.000613529,0.00051235,0.000543306,0.000553559,0.000375851,0.00046348,0.000277655,0.000351862,0.000267658,0.000293605,0.000220556,0.000276648,0.000182501,0.000180079,0.000131318,0.000162409,0.000109593,0.000117608,0.000106059,0.000101473,7.32748e-05,8.30764e-05,7.26834e-05,7.01153e-05,5.02988e-05,5.3905e-05,4.42646e-05,
98000,0.477014,0.492563,0.529956,0.543879,0.51474,0.55978,0.479986,0.491588,0.509283,0.527192,0.508486,0.465749,0.514638,0.51064,0.493189,0.415729,0.464074,0.428381,0.513707,0.41243,0.457957,0.334557,0.377511,0.297941,0.303809,0.206778,0.303055,0.148204,0.210225,0.0860449,0.130805,0.0637478,0.0840574,0.0411923,0.059348,0.0316815,0.0458268,0.0213964,0.0317264,0.0231068,0.022992,0.0163511,0.0184122,0.0135354,0.0163037,0.0109214,0.0114351,0.0078585,0.0104432,0.00622672,0.00738745,0.00483585,0.00581754,0.00407461,0.00535075,0.00388471,0.00390575,0.00314953,0.00345967,0.00281114,0.00257503,0.00175785,0.00215715,0.00161881,0.00157738,0.00131623,0.00158885,0.000981771,0.00118155,0.000994283,0.000992208,0.000738423,0.00077898,0.000613529,0.00051235,0.000543306,0.000553559,0.000375851,0.00046348,0.000277655,0.000351862,0.000267658,0.000293605,0.000220556,0.000276648,0.000182501,0.000180079,0.000131318,0.000162409,0.000109593,0.000117608,0.000106059,0.000101473,7.32748e-05,8.30764e-05,7.26834e-05,7.01153e-05,5.02988e-05,5.3905e-05,4.42646e-05,
98200,0.477014,0.492563,0.529956,0.543879,0.51474,0.55978,0.479986,0.491588,0.509283,0.527192,0.508486,0.465749,0.514638,0.51064,0.493189,0.415729,0.464074,0.428381,0.513707,0.41243,0.457957,0.334557,0.377511,0.297941,0.303809,0.206778,0.303055,0.148204,0.210225,0.0860449,0.130805,0.0637478,0.0840574,0.0411923,0.059348,0.0316815,0.0458268,0.0213964,0.0317264,0.0231068,0.022992,0.0163511,0.0184122,0.0135354,0.0163037,0.0109214,0.0114351,0.0078585,0.0104432,0.00622672,0.00738745,0.00483585,0.00581754,0.00407461,0.00535075,0.00388471,0.00390575,0.00314953,0.00345967,0.00281114,0.00257503,0.00175785,0.00215715,0.00161881,0.00157738,0.00131623,0.00158885,0.000981771,0.00118155,0.000994283,0.000992208,0.000738423,0.00077898,0.000613529,0.00051235,0.000543306,0.000553559,0.000375851,0.00046348,0.000277655,0.000351862,0.000267658,0.000293605,0.000220556,0.000276648,0.000182501,0.000180079,0.000131318,0.000162409,0.000109593,0.000117608,0.000106059,0.000101473,7.32748e-05,8.30764e-05,7.26834e-05,7.01153e-05,5.02988e-05,5.3905e-05,4.42646e-05,
98400,0.477014,0.492563,0.529956,0.543879,0.51474,0.55978,0.479986,0.491588,0.509283,0.527192,0.508486,0.465749,0.514638,0.51064,0.493189,0.415729,0.464074,0.428381,0.513707,0.41243,0.457957,0.334557,0.377511,0.297941,0.303809,0.206778,0.303055,0.148204,0.210225,0.0860449,0.130805,0.0637478,0.0840574,0.0411923,0.059348,0.0316815,0.0458268,0.0213964,0.0317264,0.0231068,0.022992,0.0163511,0.0184122,0.0135354,0.0163037,0.0109214,0.0114351,0.0078585,0.0104432,0.00622672,0.00738745,0.00483585,0.00581754,0.00407461,0.00535075,0.00388471,0.00390575,0.00314953,0.00345967,0.00281114,0.00257503,0.00175785,0.00215715,0.00161881,0.00157738,0.00131623,0.00158885,0.000981771,0.00118155,0.000994283,0.000992208,0.000738423,0.00077898,0.000613529,0.00051235,0.000543306,0.000553559,0.000375851,0.00046348,0.000277655,0.000351862,0.000267658,0.000293605,0.000220556,0.000276648,0.000182501,0.000180079,0.000131318,0.000162409,0.000109593,0.000117608,0.000106059,0.000101473,7.32748e-05,8.30764e-05,7.26834e-05,7.01153e-05,5.02988e-05,5.3905e-05,4.42646e-05,
98600,0.477014,0.492563,0.529956,0.543879,0.51474,0.55978,0.479986,0.491588,0.509283,0.527192,0.508486,0.465749,0.514638,0.51064,0.493189,0.415729,0.464074,0.428381,0.513707,0.41243,0.457957,0.334557,0.377511,0.297941,0.303809,0.206778,0.303055,0.148204,0.210225,0.0860449,0.130805,0.0637478,0.0840574,0.0411923,0.059348,0.0316815,0.0458268,0.0213964,0.0317264,0.0231068,0.022992,0.0163511,0.0184122,0.0135354,0.0163037,0.0109214,0.0114351,0.0078585,0.0104432,0.00622672,0.00738745,0.00483585,0.00581754,0.00407461,0.00535075,0.00388471,0.00390575,0.00314953,0.00345967,0.00281114,0.00257503,0.00175785,0.00215715,0.00161881,0.00157738,0.00131623,0.00158885,0.000981771,0.00118155,0.000994283,0.000992208,0.000738423,0.00077898,0.000613529,0.00051235,0.000543306,0.000553559,0.000375851,0.00046348,0.000277655,0.000351862,0.000267658,0.000293605,0.000220556,0.000276648,0.000182501,0.000180079,0.000131318,0.000162409,0.000109593,0.000117608,0.000106059,0.000101473,7.32748e-05,8.30764e-05,7.26834e-05,7.01153e-05,5.02988e-05,5.3905e-05,4.42646e-05,
98800,0.477014,0.492563,0.529956,0.543879,0.51474,0.55978,0.479986,0.491588,0.509283,0.527192,0.508486,0.465749,0.514638,0.51064,0.493189,0.415729,0.464074,0.428381,0.513707,0.41243,0.457957,0.334557,0.377511,0.297941,0.303809,0.206778,0.303055,0.148204,0.210225,0.0860449,0.130805,0.0637478,0.0840574,0.0411923,0.059348,0.0316815,0.0458268,0.0213964,0.0317264,0.0231068,0.022992,0.0163511,0.0184122,0.0135354,0.0163037,0.0109214,0.0114351,0.0078585,0.0104432,0.00622672,0.00738745,0.00483585,0.00581754,0.00407461,0.00535075,0.00388471,0.00390575,0.00314953,0.00345967,0.00281114,0.00257503,0.00175785,0.00215715,0.00161881,0.00157738,0.00131623,0.00158885,0.000981771,0.00118155,0.000994283,0.000992208,0.000738423,0.00077898,0.000613529,0.00051235,0.000543306,0.000553559,0.000375851,0.00046348,0.000277655,0.000351862,0.000267658,0.000293605,0.000220556,0.000276648,0.000182501,0.000180079,0.000131318,0.000162409,0.000109593,0.000117608,0.000106059,0.000101473,7.32748e-05,8.30764e-05,7.26834e-05,7.01153e-05,5.02988e-05,5.3905e-05,4.42646e-05,
99000,0.477014,0.492563,0.529956,0.543879,0.51474,0.55978,0.479986,0.491588,0.509283,0.527192,0.508486,0.465749,0.514638,0.51064,0.493189,0.415729,0.464074,0.428381,0.513707,0.41243,0.457957,0.334557,0.377511,0.297941,0.303809,0.206778,0.303055,0.148204,0.210225,0.0860449,0.130805,0.0637478,0.0840574,0.0411923,0.059348,0.0316815,0.0458268,0.0213964,0.0317264,0.0231068,0.022992,0.0163511,0.0184122,0.0135354,0.0163037,0.0109214,0.0114351,0.0078585,0.0104432,0.00622672,0.00738745,0.00483585,0.00581754,0.00407461,0.00535075,0.00388471,0.00390575,0.00314953,0.00345967,0.00281114,0.00257503,0.00175785,0.00215715,0.00161881,0.00157738,0.00131623,0.00158885,0.000981771,0.00118155,0.000994283,0.000992208,0.000738423,0.00077898,0.000613529,0.00051235,0.000543306,0.000553559,0.000375851,0.00046348,0.000277655,0.000351862,0.000267658,0.000293605,0.000220556,0.000276648,0.000182501,0.000180079,0.000131318,0.000162409,0.000109593,0.000117608,0.000106059,0.000101473,7.32748e-05,8.30764e-05,7.26834e-05,7.01153e-05,5.02988e-05,5.3905e-05,4.42646e-05,
99200,0.477014,0.492563,0.529956,0.543879,0.51474,0.55978,0.479986,0.491588,0.509283,0.527192,0.508486,0.465749,0.514638,0.51064,0.493189,0.415729,0.464074,0.428381,0.513707,0.41243,0.457957,0.334557,0.377511,0.297941,0.303809,0.206778,0.303055,0.148204,0.210225,0.0860449,0.130805,0.0637478,0.0840574,0.0411923,0.059348,0.0316815,0.0458268,0.0213964,0.0317264,0.0231068,0.022992,0.0163511,0.0184122,0.0135354,0.0163037,0.0109214,0.0114351,0.0078585,0.0104432,0.00622672,0.00738745,0.00483585,0.00581754,0.00407461,0.00535075,0.00388471,0.00390575,0.00314953,0.00345967,0.00281114,0.00257503,0.00175785,0.00215715,0.00161881,0.00157738,0.00131623,0.00158885,0.000981771,0.00118155,0.000994283,0.000992208,0.000738423,0.00077898,0.000613529,0.00051235,0.000543306,0.000553559,0.000375851,0.00046348,0.000277655,0.000351862,0.000267658,0.000293605,0.000220556,0.000276648,0.000182501,0.000180079,0.000131318,0.000162409,0.000109593,0.000117608,0.000106059,0.000101473,7.32748e-05,8.30764e-05,7.26834e-05,7.01153e-05,5.02988e-05,5.3905e-05,4.42646e-05,
99400,0.477014,0.492563,0.529956,0.543879,0.51474,0.55978,0.479986,0.491588,0.509283,0.527192,0.508486,0.465749,0.514638,0.51064,0.493189,0.415729,0.464074,0.428381,0.513707,0.41243,0.457957,0.334557,0.377511,0.297941,0.303809,0.206778,0.303055,0.148204,0.210225,0.0860449,0.130805,0.0637478,0.0840574,0.0411923,0.059348,0.0316815,0.0458268,0.0213964,0.0317264,0.0231068,0.022992,0.0163511,0.0184122,0.0135354,0.0163037,0.0109214,0.0114351,0.0078585,0.0104432,0.00622672,0.00738745,0.00483585,0.00581754,0.00407461,0.00535075,0.00388471,0.00390575,0.00314953,0.00345967,0.00281114,0.00257503,0.00175785,0.00215715,0.00161881,0.00157738,0.00131623,0.00158885,0.000981771,0.00118155,0.000994283,0.000992208,0.000738423,0.00077898,0.000613529,0.00051235,0.000543306,0.000553559,0.000375851,0.00046348,0.000277655,0.000351862,0.000267658,0.000293605,0.000220556,0.000276648,0.000182501,0.000180079,0.000131318,0.000162409,0.000109593,0.000117608,0.000106059,0.000101473,7.32748e-05,8.30764e-05,7.26834e-05,7.01153e-05,5.02988e-05,5.3905e-05,4.42646e-05,
99600,0.477014,0.492563,0.529956,0.543879,0.51474,0.55978,0.479986,0.491588,0.509283,0.527192,0.508486,0.465749,0.514638,0.51064,0.493189,0.415729,0.464074,0.428381,0.513707,0.41243,0.457957,0.334557,0.377511,0.297941,0.303809,0.206778,0.303055,0.148204,0.210225,0.0860449,0.130805,0.0637478,0.0840574,0.0411923,0.059348,0.0316815,0.0458268,0.0213964,0.0317264,0.0231068,0.022992,0.0163511,0.0184122,0.0135354,0.0163037,0.0109214,0.0114351,0.0078585,0.0104432,0.00622672,0.00738745,0.00483585,0.00581754,0.00407461,0.00535075,0.00388471,0.00390575,0.00314953,0.00345967,0.00281114,0.00257503,0.00175785,0.00215715,0.00161881,0.00157738,0.00131623,0.00158885,0.000981771,0.00118155,0.000994283,0.000992208,0.000738423,0.00077898,0.000613529,0.00051235,0.000543306,0.000553559,0.000375851,0.00046348,0.000277655,0.000351862,0.000267658,0.000293605,0.000220556,0.000276648,0.000182501,0.000180079,0.000131318,0.000162409,0.000109593,0.000117608,0.000106059,0.000101473,7.32748e-05,8.30764e-05,7.26834e-05,7.01153e-05,5.02988e-05,5.3905e-05,4.42646e-05,
99800,0.477014,0.492563,0.529956,0.543879,0.51474,0.55978,0.479986,0.491588,0.509283,0.527192,0.508486,0.465749,0.514638,0.51064,0.493189,0.415729,0.464074,0.428381,0.513707,0.41243,0.457957,0.334557,0.377511,0.297941,0.303809,0.206778,0.303055,0.148204,0.210225,0.0860449,0.130805,0.0637478,0.0840574,0.0411923,0.059348,0.0316815,0.0458268,0.0213964,0.0317264,0.0231068,0.022992,0.0163511,0.0184122,0.0135354,0.0163037,0.0109214,0.0114351,0.0078585,0.0104432,0.00622672,0.00738745,0.00483585,0.00581754,0.00407461,0.00535075,0.00388471,0.00390575,0.00314953,0.00345967,0.00281114,0.00257503,0.00175785,0.00215715,0.00161881,0.00157738,0.00131623,0.00158885,0.000981771,0.00118155,0.000994283,0.000992208,0.000738423,0.00077898,0.000613529,0.00051235,0.000543306,0.000553559,0.000375851,0.00046348,0.000277655,0.000351862,0.000267658,0.000293605,0.000220556,0.000276648,0.000182501,0.000180079,0.000131318,0.000162409,0.000109593,0.000117608,0.000106059,0.000101473,7.32748e-05,8.30764e-05,7.26834e-05,7.01153e-05,5.02988e-05,5.3905e-05,4.42646e-05,
100000,0.477014,0.492563,0.529956,0.543879,0.51474,0.55978,0.479986,0.491588,0.509283,0.527192,0.508486,0.465749,0.514638,0.51064,0.493189,0.415729,0.464074,0.428381,0.513707,0.41243,0.457957,0.334557,0.377511,0.297941,0.303809,0.206778,0.303055,0.148204,0.210225,0.0860449,0.130805,0.0637478,0.0840574,0.0411923,0.059348,0.0316815,0.0458268,0.0213964,0.0317264,0.0231068,0.022992,0.0163511,0.0184122,0.0135354,0.0163037,0.0109214,0.0114351,0.0078585,0.0104432,0.00622672,0.00738745,0.00483585,0.00581754,0.00407461,0.00535075,0.00388471,0.00390575,0.00314953,0.00345967,0.00281114,0.00257503,0.00175785,0.00215715,0.00161881,0.00157738,0.00131623,0.00158885,0.000981771,0.00118155,0.000994283,0.000992208,0.000738423,0.00077898,0.000613529,0.00051235,0.000543306,0.000553559,0.000375851,0.00046348,0.000277655,0.000351862,0.000267658,0.000293605,0.000220556,0.000276648,0.000182501,0.000180079,0.000131318,0.000162409,0.000109593,0.000117608,0.000106059,0.000101473,7.32748e-05,8.30764e-05,7.26834e-05,7.01153e-05,5.02988e-05,5.3905e-05,4.42646e-05,
