mc_step,l = 0_K,l = 0_gamma,l = 1_K,l = 1_gamma,l = 2_K,l = 2_gamma,l = 3_K,l = 3_gamma,l = 4_K,l = 4_gamma,l = 5_K,l = 5_gamma,l = 6_K,l = 6_gamma,l = 7_K,l = 7_gamma,l = 8_K,l = 8_gamma,l = 9_K,l = 9_gamma,l = 10_K,l = 10_gamma,l = 11_K,l = 11_gamma,l = 12_K,l = 12_gamma,l = 13_K,l = 13_gamma,l = 14_K,l = 14_gamma,l = 15_K,l = 15_gamma,l = 16_K,l = 16_gamma,l = 17_K,l = 17_gamma,l = 18_K,l = 18_gamma,l = 19_K,l = 19_gamma,l = 20_K,l = 20_gamma,l = 21_K,l = 21_gamma,l = 22_K,l = 22_gamma,l = 23_K,l = 23_gamma,l = 24_K,l = 24_gamma,l = 25_K,l = 25_gamma,l = 26_K,l = 26_gamma,l = 27_K,l = 27_gamma,l = 28_K,l = 28_gamma,l = 29_K,l = 29_gamma,l = 30_K,l = 30_gamma,l = 31_K,l = 31_gamma,l = 32_K,l = 32_gamma,l = 33_K,l = 33_gamma,l = 34_K,l = 34_gamma,l = 35_K,l = 35_gamma,l = 36_K,l = 36_gamma,l = 37_K,l = 37_gamma,l = 38_K,l = 38_gamma,l = 39_K,l = 39_gamma,l = 40_K,l = 40_gamma,l = 41_K,l = 41_gamma,l = 42_K,l = 42_gamma,l = 43_K,l = 43_gamma,l = 44_K,l = 44_gamma,l = 45_K,l = 45_gamma,l = 46_K,l = 46_gamma,l = 47_K,l = 47_gamma,l = 48_K,l = 48_gamma,l = 49_K,l = 49_gamma,
200,0.990291,0.979381,1,0.989474,0.971698,0.968085,0.978495,0.981308,0.990291,0.927835,0.989691,0.980583,0.990099,0.979798,0.989011,1,0.990991,0.988764,0.98913,0.972222,0.990476,0.978947,0.978261,1,0.990291,0.989691,0.99115,0.988506,0.989899,0.980198,0.980583,0.979381,0.972477,0.945055,0.979167,0.961538,0.961165,0.927835,0.934579,0.870968,0.910891,0.858586,0.815217,0.796296,0.891304,0.712963,0.715789,0.704762,0.696078,0.602041,0.708333,0.548077,0.479592,0.647059,0.428571,0.529412,0.407407,0.51087,0.337209,0.552632,0.376238,0.565657,0.476636,0.44086,0.39,0.44,0.407767,0.494845,0.428571,0.421053,0.368421,0.333333,0.397959,0.470588,0.423077,0.5,0.410256,0.542169,0.46,0.57,0.52809,0.459459,0.54,0.46,0.494737,0.352381,0.467391,0.527778,0.46,0.41,0.481818,0.477778,0.477778,0.536364,0.513761,0.494505,0.443478,0.435294,0.494624,0.35514,
400,0.968085,0.981132,0.960396,0.969697,0.978261,1,0.989011,1,0.9375,0.980769,0.961538,0.96875,0.980392,0.979592,0.979592,0.990196,1,0.959184,1,0.990654,0.973913,0.976471,0.964912,0.965116,0.988095,0.956897,0.972222,0.967391,0.9375,0.980769,0.96,0.97,0.971154,0.979167,0.961905,0.926316,0.86,0.82,0.858491,0.787234,0.422018,0.791209,0.423077,0.59375,0.431579,0.647619,0.410526,0.52381,0.466667,0.442105,0.536082,0.446602,0.531915,0.481132,0.666667,0.378947,0.619565,0.25,0.505155,0.320388,0.461538,0.284404,0.40566,0.37234,0.329897,0.368932,0.392157,0.306122,0.261261,0.314607,0.307692,0.229358,0.237113,0.368932,0.247525,0.232323,0.340206,0.242718,0.390476,0.326316,0.357143,0.333333,0.356436,0.434343,0.436893,0.371134,0.412371,0.436893,0.428571,0.456897,0.533333,0.452632,0.456311,0.484536,0.59,0.37,0.49505,0.464646,0.546512,0.473684,
600,0.978495,1,0.979167,0.990385,0.980769,0.989583,0.990741,1,1,0.990909,0.979798,1,1,1,0.990099,0.969697,0.977528,0.963964,0.989899,1,0.953488,0.973684,0.951456,0.989691,0.958333,0.980769,0.988372,1,1,0.971698,0.969388,0.911765,0.911765,0.938776,0.64,0.77,0.75,0.721154,0.773196,0.533981,0.825688,0.472527,0.731183,0.579439,0.796117,0.628866,0.744898,0.480392,0.67033,0.513761,0.548077,0.447917,0.505155,0.349515,0.55102,0.45098,0.457447,0.358491,0.415929,0.333333,0.455556,0.209091,0.287129,0.151515,0.392523,0.16129,0.241071,0.181818,0.298969,0.174757,0.191489,0.169811,0.145833,0.0673077,0.150538,0.102804,0.135922,0.0618557,0.142857,0.127451,0.196262,0.16129,0.233645,0.129032,0.193548,0.130841,0.247706,0.0989011,0.311828,0.224299,0.425926,0.315217,0.45283,0.255319,0.355556,0.463636,0.51087,0.351852,0.61165,0.42268,
800,0.979592,0.970588,0.989247,0.981308,1,0.967742,0.982456,0.965116,0.990196,0.989796,0.978495,0.971963,1,0.970874,0.978947,0.952381,0.988889,0.981818,0.989583,0.980769,0.989011,0.981651,0.989899,0.970297,0.956044,0.954128,0.970297,0.949495,1,0.93578,0.93617,0.773585,0.893204,0.680412,0.886598,0.553398,0.838384,0.633663,0.805825,0.618557,0.774775,0.640449,0.762887,0.669903,0.745283,0.595745,0.656566,0.485149,0.625,0.548077,0.413043,0.527778,0.566038,0.531915,0.495327,0.483871,0.5,0.446809,0.608696,0.435294,0.413462,0.395833,0.39604,0.454545,0.447917,0.288462,0.323529,0.214286,0.411765,0.265306,0.342857,0.252632,0.342593,0.184783,0.31068,0.175258,0.301887,0.234043,0.23301,0.113402,0.168317,0.222222,0.280374,0.258065,0.280374,0.247312,0.324074,0.282609,0.380952,0.294737,0.326087,0.296296,0.407407,0.402174,0.467391,0.416667,0.612245,0.470588,0.617647,0.5,
1000,0.969388,0.990196,0.974138,0.988095,0.980392,0.94898,0.972222,0.934783,0.989899,0.910891,0.990476,0.957895,0.990476,0.978947,0.990385,0.9375,1,0.960396,0.97,0.97,0.975904,0.940171,0.936842,0.952381,0.928571,0.852941,0.92381,0.842105,0.831776,0.752688,0.77551,0.72549,0.804124,0.737864,0.78,0.7,0.691589,0.677419,0.650485,0.721649,0.715517,0.702381,0.691589,0.623656,0.698925,0.598131,0.632653,0.666667,0.630435,0.703704,0.616162,0.50495,0.626263,0.633663,0.544643,0.534091,0.373737,0.475248,0.53211,0.505495,0.524752,0.414141,0.506024,0.358974,0.404255,0.424528,0.5,0.343137,0.304348,0.361111,0.296703,0.284404,0.401961,0.285714,0.311828,0.205607,0.343137,0.27551,0.364486,0.215054,0.448276,0.22619,0.355769,0.291667,0.407407,0.358696,0.441441,0.382022,0.354545,0.388889,0.444444,0.369565,0.533333,0.442105,0.531532,0.41573,0.536082,0.485437,0.586957,0.481481,
1200,0.969072,0.951456,0.97,0.94,0.910891,0.959596,0.95098,0.94898,0.931373,0.94898,0.953704,0.978261,0.897959,0.980392,0.938144,0.961165,0.939394,0.970297,0.94,0.94,0.90625,0.971154,0.915888,0.935484,0.857143,0.899083,0.918367,0.892157,0.836735,0.803922,0.763441,0.794393,0.673469,0.784314,0.714286,0.625,0.829545,0.714286,0.71875,0.692308,0.757282,0.649485,0.704082,0.607843,0.643564,0.525253,0.586957,0.574074,0.633333,0.536364,0.648352,0.550459,0.578313,0.495726,0.509615,0.510417,0.608696,0.592593,0.571429,0.386364,0.550562,0.522523,0.513514,0.41573,0.43617,0.5,0.520833,0.490385,0.489362,0.45283,0.475248,0.535354,0.488372,0.438596,0.422222,0.518182,0.318681,0.33945,0.365591,0.411215,0.37963,0.391304,0.412844,0.461538,0.617978,0.423423,0.5625,0.519231,0.59375,0.519231,0.520408,0.421569,0.516854,0.432432,0.544444,0.454545,0.556522,0.611765,0.578431,0.683673,
1400,0.939394,0.940594,0.936842,0.942857,0.927083,0.971154,0.941176,0.918367,0.981818,0.944444,0.926606,0.934066,0.967391,0.944444,0.939394,0.920792,0.938776,0.941176,0.970588,0.857143,0.982759,0.880952,0.989474,0.866667,0.902655,0.804598,0.84375,0.740385,0.8,0.733333,0.795918,0.715686,0.790698,0.692982,0.791667,0.730769,0.78,0.68,0.6375,0.625,0.69697,0.643564,0.677083,0.576923,0.677778,0.645455,0.645833,0.528846,0.646465,0.574257,0.657143,0.578947,0.61,0.5,0.524272,0.587629,0.581633,0.558824,0.54386,0.488372,0.574257,0.545455,0.53125,0.576923,0.54902,0.44898,0.472222,0.521739,0.574074,0.467391,0.586957,0.472222,0.452632,0.514286,0.45283,0.319149,0.495495,0.516854,0.466019,0.43299,0.53,0.51,0.486726,0.425287,0.478723,0.5,0.550459,0.494505,0.680412,0.582524,0.580357,0.545455,0.606061,0.514851,0.6,0.58,0.563107,0.556701,0.55,0.61,
1600,0.881188,0.909091,0.942308,0.895833,0.884211,0.895238,0.96875,0.932692,0.894231,0.927083,0.90566,0.914894,0.957447,0.877358,0.862745,0.928571,0.817308,0.9375,0.834951,0.917526,0.913043,0.787037,0.908163,0.823529,0.877358,0.819149,0.817204,0.785047,0.784314,0.826531,0.7,0.63,0.769231,0.635417,0.698925,0.728972,0.702703,0.685393,0.72381,0.610526,0.72549,0.581633,0.653465,0.565657,0.642202,0.615385,0.724771,0.582418,0.598039,0.612245,0.509804,0.571429,0.694737,0.485714,0.627451,0.520408,0.494253,0.59292,0.55914,0.53271,0.553398,0.639175,0.570093,0.580645,0.597938,0.621359,0.65625,0.528846,0.518519,0.456522,0.65625,0.548077,0.44086,0.476636,0.568627,0.510204,0.551724,0.40708,0.618557,0.475728,0.509434,0.521277,0.563218,0.548673,0.5,0.586538,0.474747,0.544554,0.581818,0.533333,0.558824,0.530612,0.571429,0.598039,0.485714,0.568421,0.63,0.55,0.62,0.57,
1800,0.93,0.9,0.882353,0.918367,0.912621,0.938144,0.895238,0.947368,0.933333,0.918182,0.920792,0.888889,0.885965,0.860465,0.913043,0.898148,0.91,0.8,0.891304,0.861111,0.882353,0.877551,0.880952,0.827586,0.936842,0.819048,0.888889,0.836364,0.875,0.669643,0.864078,0.721649,0.742857,0.694737,0.681319,0.688073,0.675676,0.595506,0.631068,0.628866,0.642857,0.607843,0.699115,0.643678,0.704082,0.617647,0.635514,0.634409,0.654545,0.611111,0.663265,0.656863,0.529412,0.540816,0.597938,0.524272,0.747475,0.60396,0.54023,0.530973,0.580645,0.523364,0.5625,0.528846,0.49,0.48,0.530612,0.529412,0.59,0.49,0.523364,0.419355,0.618557,0.466019,0.556701,0.582524,0.433628,0.482759,0.480769,0.541667,0.560748,0.516129,0.582609,0.423529,0.595506,0.531532,0.509615,0.479167,0.612245,0.607843,0.494737,0.580952,0.537037,0.576087,0.604651,0.5,0.57732,0.572816,0.485714,0.547368,
2000,0.895833,0.923077,0.848214,0.965909,0.85567,0.893204,0.913978,0.878505,0.860465,0.885965,0.810526,0.904762,0.911765,0.857143,0.87,0.87,0.835165,0.853211,0.827957,0.88785,0.9,0.818182,0.816514,0.846154,0.774194,0.728972,0.846154,0.759036,0.772277,0.757576,0.695238,0.694737,0.717172,0.663366,0.673267,0.676768,0.726316,0.580952,0.642857,0.715909,0.639175,0.601942,0.516854,0.63964,0.520833,0.586538,0.659341,0.522936,0.605769,0.572917,0.683168,0.626263,0.608247,0.572816,0.561905,0.684211,0.625,0.598214,0.589286,0.625,0.528846,0.510417,0.55,0.54,0.568807,0.593407,0.677083,0.528846,0.53211,0.626374,0.552381,0.631579,0.554545,0.455556,0.509615,0.583333,0.494845,0.514563,0.555556,0.546218,0.563636,0.588889,0.609524,0.578947,0.522222,0.590909,0.588235,0.622449,0.584071,0.551724,0.591837,0.558824,0.58,0.5,0.659574,0.556604,0.514286,0.536842,0.557895,0.590476,
2200,0.820755,0.787234,0.871287,0.858586,0.842697,0.801802,0.876404,0.747748,0.866667,0.8,0.846154,0.8125,0.8125,0.817308,0.826531,0.843137,0.83,0.82,0.759615,0.760417,0.77451,0.785714,0.841584,0.646465,0.794118,0.77551,0.677419,0.682243,0.657407,0.663043,0.795918,0.686275,0.752688,0.616822,0.683673,0.627451,0.597938,0.563107,0.583333,0.644231,0.61,0.61,0.61,0.53,0.566667,0.727273,0.584158,0.717172,0.588235,0.602041,0.643564,0.676768,0.663462,0.666667,0.630435,0.574074,0.59375,0.625,0.588235,0.683673,0.611111,0.6,0.580357,0.647727,0.574074,0.641304,0.581633,0.578431,0.593407,0.633028,0.541667,0.538462,0.6,0.741176,0.552083,0.625,0.62766,0.5,0.57732,0.553398,0.6,0.57,0.663462,0.572917,0.578431,0.591837,0.611765,0.617391,0.5,0.54717,0.52381,0.642105,0.626263,0.544554,0.581818,0.555556,0.563107,0.536082,0.522523,0.719101,
2400,0.773196,0.786408,0.765432,0.764706,0.784314,0.836735,0.794393,0.817204,0.87963,0.847826,0.815534,0.804124,0.762887,0.786408,0.811881,0.757576,0.808511,0.773585,0.738318,0.752688,0.78125,0.826923,0.747748,0.752809,0.831683,0.767677,0.745283,0.702128,0.703704,0.641304,0.627451,0.622449,0.573171,0.618644,0.57,0.61,0.617021,0.613208,0.651685,0.612613,0.634409,0.598131,0.657658,0.662921,0.605769,0.604167,0.616822,0.666667,0.571429,0.610526,0.552083,0.538462,0.727273,0.633663,0.516129,0.598131,0.614035,0.488372,0.607843,0.612245,0.519231,0.645833,0.621053,0.666667,0.570175,0.511628,0.576923,0.583333,0.553191,0.537736,0.612903,0.663551,0.688679,0.56383,0.62963,0.5,0.58,0.68,0.59596,0.50495,0.545455,0.522222,0.494949,0.613861,0.522936,0.582418,0.613636,0.553571,0.659794,0.533981,0.64,0.55,0.563107,0.536082,0.552381,0.568421,0.59375,0.576923,0.638889,0.565217,
2600,0.775701,0.741935,0.726415,0.648936,0.801887,0.808511,0.783505,0.796117,0.727273,0.714286,0.840909,0.767857,0.715686,0.72449,0.808081,0.792079,0.80198,0.787879,0.730435,0.870588,0.714286,0.780488,0.759259,0.76087,0.65625,0.692308,0.633663,0.575758,0.597938,0.669903,0.683673,0.568627,0.622449,0.627451,0.62037,0.619565,0.647619,0.631579,0.644231,0.65625,0.672897,0.548387,0.621053,0.638095,0.536082,0.592233,0.640777,0.57732,0.594595,0.550562,0.637255,0.591837,0.504673,0.655914,0.613636,0.535714,0.618182,0.611111,0.547009,0.638554,0.672897,0.537634,0.514851,0.646465,0.612903,0.654206,0.628866,0.61165,0.608247,0.601942,0.569892,0.560748,0.587629,0.504854,0.54955,0.606742,0.616162,0.623762,0.571429,0.652632,0.584906,0.542553,0.479592,0.598039,0.62963,0.586957,0.66055,0.527473,0.5,0.51,0.617978,0.765766,0.520408,0.656863,0.650943,0.638298,0.669903,0.57732,0.518519,0.579832,
2800,0.726316,0.72381,0.745455,0.744444,0.72381,0.715789,0.759615,0.71875,0.706522,0.759259,0.789474,0.638095,0.745283,0.723404,0.728972,0.731183,0.694737,0.657143,0.69,0.69,0.721649,0.669903,0.595506,0.765766,0.69697,0.821782,0.729167,0.730769,0.686275,0.714286,0.669903,0.690722,0.694737,0.6,0.708333,0.567308,0.666667,0.570093,0.729167,0.538462,0.678899,0.626374,0.615385,0.520833,0.564815,0.565217,0.688679,0.648936,0.633663,0.555556,0.594828,0.559524,0.525773,0.543689,0.515789,0.6,0.565657,0.564356,0.621622,0.550562,0.509434,0.638298,0.62931,0.535714,0.631579,0.511628,0.472527,0.633028,0.489796,0.696078,0.680851,0.584906,0.532609,0.574074,0.585859,0.564356,0.5,0.540816,0.554455,0.646465,0.576087,0.62037,0.59375,0.528846,0.67033,0.577982,0.465909,0.625,0.528846,0.6875,0.589474,0.561905,0.650485,0.608247,0.583333,0.557692,0.71,0.72,0.722772,0.525253,
3000,0.72549,0.693878,0.623762,0.727273,0.702703,0.606742,0.536842,0.752381,0.644231,0.708333,0.666667,0.785714,0.648352,0.688073,0.73,0.63,0.692308,0.752294,0.670103,0.708738,0.717172,0.683168,0.692308,0.605505,0.752212,0.643678,0.640449,0.612613,0.623656,0.607477,0.715596,0.626374,0.568182,0.616071,0.714286,0.589474,0.537634,0.691589,0.673469,0.627451,0.631579,0.704762,0.717172,0.683168,0.58,0.49,0.6875,0.596154,0.676768,0.594059,0.545455,0.544554,0.686275,0.622449,0.686869,0.524752,0.592233,0.639175,0.504673,0.655914,0.606742,0.693694,0.625,0.604167,0.554217,0.581197,0.56,0.61,0.568182,0.625,0.564356,0.606061,0.653465,0.525253,0.572917,0.653846,0.59,0.56,0.585106,0.59434,0.514019,0.623656,0.628866,0.699029,0.603774,0.62766,0.622449,0.647059,0.613636,0.589286,0.556701,0.563107,0.65,0.56,0.538462,0.510417,0.587629,0.514563,0.609756,0.610169,
3200,0.634615,0.697917,0.635417,0.682692,0.67,0.59,0.686275,0.561224,0.7,0.7,0.631068,0.639175,0.708333,0.625,0.527473,0.577982,0.707865,0.63964,0.689655,0.72619,0.660194,0.649485,0.693878,0.696078,0.596154,0.541667,0.546392,0.563107,0.6,0.495238,0.53,0.61,0.518519,0.576087,0.468085,0.669811,0.565217,0.62037,0.553191,0.641509,0.548077,0.65625,0.54,0.58,0.539823,0.689655,0.537037,0.597826,0.67,0.51,0.605769,0.625,0.530612,0.598039,0.673469,0.72549,0.592233,0.494845,0.585859,0.574257,0.631579,0.6,0.576923,0.572917,0.691489,0.632075,0.712766,0.59434,0.569892,0.588785,0.436893,0.525773,0.666667,0.554455,0.541667,0.509615,0.553398,0.597938,0.509259,0.706522,0.55102,0.627451,0.594059,0.565657,0.707865,0.612613,0.575758,0.584158,0.611111,0.532609,0.604167,0.548077,0.626168,0.666667,0.621359,0.659794,0.575758,0.60396,0.70297,0.525253,
3400,0.646018,0.701149,0.628866,0.650485,0.682692,0.729167,0.649485,0.601942,0.669811,0.723404,0.659574,0.641509,0.692982,0.662791,0.685185,0.630435,0.655556,0.690909,0.684783,0.62037,0.655556,0.645455,0.650485,0.649485,0.685714,0.673684,0.657407,0.619565,0.71,0.64,0.666667,0.623762,0.701923,0.552083,0.701754,0.55814,0.634615,0.604167,0.603774,0.585106,0.644231,0.666667,0.651786,0.602273,0.704545,0.633929,0.553398,0.546392,0.591837,0.607843,0.666667,0.568421,0.613636,0.571429,0.628866,0.504854,0.652174,0.638889,0.575472,0.638298,0.542056,0.548387,0.5,0.521739,0.553191,0.660377,0.485437,0.57732,0.610526,0.580952,0.571429,0.637255,0.561224,0.578431,0.529412,0.55102,0.676471,0.602041,0.56701,0.543689,0.537736,0.617021,0.6,0.59,0.670103,0.563107,0.647059,0.62963,0.655914,0.579439,0.6875,0.548077,0.561798,0.675676,0.601852,0.630435,0.592233,0.587629,0.567568,0.629213,
3600,0.726316,0.638095,0.732673,0.636364,0.673684,0.733333,0.640777,0.628866,0.648352,0.623853,0.649485,0.650485,0.584906,0.670213,0.559524,0.724138,0.61165,0.721649,0.558824,0.55102,0.585106,0.707547,0.633663,0.59596,0.72,0.68,0.623762,0.666667,0.598214,0.670455,0.634615,0.53125,0.539823,0.632184,0.666667,0.572727,0.642202,0.527473,0.530612,0.666667,0.628571,0.589474,0.677083,0.615385,0.572727,0.555556,0.663462,0.5625,0.656566,0.653465,0.656863,0.653061,0.61,0.63,0.565657,0.554455,0.578947,0.604651,0.670455,0.5625,0.56044,0.642202,0.589474,0.609524,0.56,0.61,0.552381,0.610526,0.606383,0.566038,0.557692,0.604167,0.57732,0.533981,0.618182,0.666667,0.552381,0.621053,0.598039,0.540816,0.572727,0.622222,0.571429,0.568182,0.545455,0.7,0.604167,0.567308,0.691489,0.584906,0.584158,0.606061,0.583333,0.586957,0.669903,0.701031,0.552381,0.652632,0.494845,0.621359,
3800,0.592233,0.515464,0.666667,0.701923,0.607843,0.581633,0.585106,0.566038,0.623656,0.579439,0.622222,0.590909,0.634615,0.71875,0.659341,0.651376,0.644231,0.5625,0.712766,0.537736,0.659574,0.584906,0.717172,0.643564,0.575472,0.521277,0.566038,0.585106,0.577778,0.572727,0.603774,0.56383,0.728155,0.453608,0.636364,0.5,0.582418,0.522936,0.628571,0.452632,0.678161,0.584071,0.594059,0.666667,0.65625,0.567308,0.55102,0.617647,0.646465,0.554455,0.632479,0.566265,0.666667,0.536842,0.552083,0.586538,0.539216,0.642857,0.604167,0.596154,0.619048,0.694737,0.578431,0.530612,0.535354,0.633663,0.56383,0.556604,0.59375,0.509615,0.642105,0.619048,0.53271,0.655914,0.65625,0.567308,0.518868,0.691489,0.578431,0.683673,0.623762,0.575758,0.61,0.56,0.490385,0.5625,0.571429,0.480392,0.538462,0.635417,0.574468,0.518868,0.519231,0.5,0.659794,0.669903,0.566667,0.581818,0.541176,0.634783,
4000,0.637168,0.632184,0.696629,0.612613,0.607143,0.613636,0.602041,0.696078,0.548387,0.663551,0.653465,0.636364,0.62,0.56,0.64486,0.569892,0.641304,0.601852,0.547368,0.466667,0.55102,0.588235,0.673684,0.542857,0.614679,0.549451,0.74,0.63,0.662921,0.648649,0.596154,0.65625,0.473684,0.619048,0.495327,0.72043,0.689655,0.610619,0.686275,0.653061,0.55,0.64,0.539326,0.63964,0.616279,0.649123,0.654206,0.655914,0.598131,0.645161,0.5,0.554545,0.564815,0.586957,0.65625,0.5,0.628866,0.572816,0.577982,0.549451,0.47619,0.526316,0.582609,0.541176,0.58427,0.603604,0.556701,0.543689,0.544643,0.602273,0.663043,0.638889,0.60177,0.574713,0.56701,0.475728,0.653061,0.558824,0.619565,0.527778,0.622642,0.712766,0.546392,0.543689,0.575472,0.5,0.551402,0.602151,0.577586,0.535714,0.546392,0.553398,0.679487,0.590164,0.525773,0.543689,0.59596,0.594059,0.681818,0.655556,
4200,0.695652,0.62963,0.653465,0.59596,0.561224,0.637255,0.635514,0.655914,0.67033,0.53211,0.525253,0.633663,0.727273,0.633663,0.67619,0.6,0.645833,0.557692,0.698925,0.607477,0.540816,0.607843,0.657143,0.6,0.621053,0.638095,0.694737,0.666667,0.606061,0.534653,0.546392,0.679612,0.536842,0.580952,0.596154,0.541667,0.56383,0.650943,0.46988,0.564103,0.55,0.51,0.550847,0.47561,0.555556,0.534653,0.537736,0.56383,0.5,0.62963,0.554455,0.565657,0.6,0.685714,0.601852,0.619565,0.62,0.72,0.615385,0.550459,0.617647,0.632653,0.6,0.66,0.561905,0.663158,0.579439,0.666667,0.7,0.61,0.632653,0.647059,0.509434,0.617021,0.561905,0.631579,0.494737,0.561905,0.673267,0.626263,0.651376,0.604396,0.669903,0.597938,0.6,0.58,0.584158,0.535354,0.587629,0.679612,0.552083,0.509615,0.586538,0.572917,0.649351,0.601626,0.5,0.527778,0.647619,0.621053,
4400,0.583333,0.6875,0.516484,0.587156,0.659091,0.553571,0.613636,0.633929,0.663158,0.457143,0.640777,0.639175,0.531915,0.528302,0.608696,0.611111,0.550459,0.681319,0.621359,0.639175,0.614583,0.586538,0.628866,0.718447,0.580645,0.663551,0.462366,0.607477,0.56044,0.669725,0.546392,0.728155,0.604167,0.625,0.415094,0.617021,0.471154,0.614583,0.545455,0.584158,0.544554,0.636364,0.619565,0.666667,0.54,0.56,0.54,0.65,0.6,0.67,0.666667,0.522124,0.509615,0.583333,0.554455,0.636364,0.627273,0.7,0.581633,0.578431,0.622807,0.627907,0.673469,0.637255,0.621359,0.505155,0.610526,0.638095,0.553398,0.670103,0.471698,0.62766,0.523256,0.631579,0.555556,0.521008,0.582524,0.56701,0.526786,0.465909,0.56701,0.533981,0.62766,0.528302,0.5,0.655172,0.614583,0.682692,0.568627,0.408163,0.571429,0.676471,0.614679,0.637363,0.603774,0.574468,0.635514,0.602151,0.6,0.6,
4600,0.526882,0.607477,0.647619,0.631579,0.58,0.65,0.607143,0.689655,0.605769,0.760417,0.579439,0.688172,0.602041,0.656863,0.587629,0.640777,0.567568,0.662921,0.640777,0.618557,0.6,0.621053,0.6,0.67,0.543689,0.680412,0.583333,0.608696,0.693694,0.561798,0.587629,0.475728,0.524272,0.659794,0.640351,0.593023,0.590909,0.598214,0.553191,0.603774,0.548387,0.616822,0.552083,0.538462,0.65625,0.625,0.542553,0.716981,0.648936,0.5,0.56,0.7,0.633663,0.59596,0.546296,0.684783,0.652632,0.495238,0.677778,0.563636,0.618557,0.533981,0.531915,0.641509,0.592233,0.608247,0.50495,0.59596,0.536082,0.553398,0.583333,0.682692,0.628866,0.631068,0.556604,0.531915,0.611111,0.518182,0.576087,0.583333,0.587629,0.582524,0.626374,0.59633,0.612903,0.579439,0.584158,0.676768,0.626263,0.673267,0.54023,0.637168,0.481481,0.554348,0.613861,0.616162,0.563107,0.536082,0.666667,0.596154,
4800,0.603774,0.62766,0.701031,0.563107,0.62037,0.554348,0.676471,0.530612,0.601942,0.628866,0.676471,0.683673,0.55102,0.598039,0.617021,0.679245,0.522936,0.516484,0.663793,0.75,0.636364,0.633333,0.554455,0.59596,0.628319,0.551724,0.61,0.63,0.467391,0.638889,0.61165,0.649485,0.646465,0.663366,0.754902,0.602041,0.606061,0.594059,0.660377,0.62766,0.634615,0.583333,0.575221,0.563218,0.594059,0.585859,0.606061,0.574257,0.622642,0.606383,0.525773,0.621359,0.65,0.58,0.64486,0.612903,0.565657,0.544554,0.55814,0.535088,0.542056,0.580645,0.702128,0.650943,0.528846,0.645833,0.571429,0.652632,0.555556,0.630435,0.56044,0.642202,0.613861,0.646465,0.544643,0.693182,0.699029,0.515464,0.601852,0.565217,0.608247,0.572816,0.574713,0.59292,0.616162,0.623762,0.607843,0.632653,0.564356,0.626263,0.553398,0.618557,0.638298,0.622642,0.595506,0.54955,0.563218,0.575221,0.579439,0.516129,
5000,0.572917,0.673077,0.56,0.62,0.518519,0.532609,0.571429,0.631579,0.543689,0.628866,0.555556,0.6,0.651786,0.636364,0.621622,0.606742,0.633663,0.59596,0.505376,0.598131,0.592233,0.628866,0.622222,0.645455,0.612245,0.647059,0.730337,0.531532,0.656863,0.540816,0.640777,0.43299,0.639175,0.563107,0.634409,0.485981,0.656863,0.561224,0.578431,0.602041,0.649485,0.572816,0.690722,0.640777,0.651685,0.522523,0.623529,0.556522,0.619048,0.589474,0.642105,0.552381,0.593407,0.59633,0.645161,0.607477,0.538462,0.708333,0.638298,0.632075,0.61,0.52,0.628571,0.705263,0.474747,0.673267,0.564356,0.535354,0.554348,0.592593,0.514851,0.565657,0.6,0.55,0.554455,0.535354,0.581818,0.6,0.510417,0.663462,0.579545,0.508929,0.566667,0.627273,0.54902,0.561224,0.534653,0.525253,0.570093,0.666667,0.68,0.55,0.577982,0.571429,0.6,0.6,0.547368,0.619048,0.55,0.58,
5200,0.693878,0.656863,0.556818,0.669643,0.59434,0.574468,0.5625,0.596154,0.586207,0.575221,0.688889,0.581818,0.610526,0.590476,0.556701,0.650485,0.647619,0.694737,0.666667,0.651685,0.69697,0.693069,0.584158,0.636364,0.547368,0.590476,0.614583,0.644231,0.659574,0.54717,0.621053,0.647619,0.642202,0.571429,0.653846,0.604167,0.556701,0.592233,0.519231,0.677083,0.653061,0.598039,0.704082,0.715686,0.560748,0.537634,0.615385,0.552083,0.603774,0.553191,0.596154,0.666667,0.601852,0.641304,0.644444,0.618182,0.55814,0.631579,0.639175,0.563107,0.683168,0.606061,0.646465,0.514851,0.677778,0.563636,0.548077,0.59375,0.51,0.61,0.660194,0.618557,0.609091,0.644444,0.591837,0.598039,0.698925,0.635514,0.580247,0.705882,0.625,0.653846,0.619048,0.586207,0.626263,0.584158,0.625,0.5625,0.553191,0.622642,0.490196,0.591837,0.663158,0.657143,0.633663,0.575758,0.592233,0.597938,0.592593,0.608696,
5400,0.592233,0.515464,0.63,0.58,0.578947,0.542857,0.670455,0.553571,0.657143,0.589474,0.6,0.542857,0.633663,0.535354,0.61,0.6,0.584158,0.575758,0.525773,0.631068,0.577778,0.581818,0.644231,0.59375,0.617021,0.603774,0.632653,0.647059,0.656863,0.683673,0.666667,0.704082,0.729167,0.653846,0.640777,0.628866,0.570093,0.634409,0.669811,0.574468,0.604167,0.605769,0.479592,0.490196,0.574074,0.695652,0.643564,0.535354,0.648936,0.556604,0.613636,0.508929,0.505263,0.571429,0.596154,0.635417,0.652632,0.580952,0.531915,0.59434,0.647059,0.683673,0.585859,0.524752,0.536364,0.566667,0.604651,0.640351,0.705263,0.580952,0.622642,0.585106,0.677419,0.607477,0.581633,0.617647,0.510417,0.567308,0.684783,0.657407,0.60396,0.484848,0.65,0.65,0.663551,0.483871,0.61165,0.597938,0.65,0.7,0.561798,0.540541,0.576923,0.645833,0.621359,0.515464,0.584158,0.616162,0.602041,0.676471,
5600,0.612245,0.676471,0.514851,0.585859,0.598131,0.655914,0.593023,0.535088,0.616071,0.625,0.590476,0.694737,0.571429,0.613636,0.564815,0.565217,0.672897,0.473118,0.662921,0.576577,0.554455,0.575758,0.5,0.546296,0.536082,0.592233,0.505263,0.657143,0.564356,0.676768,0.538462,0.604167,0.709677,0.598131,0.607843,0.632653,0.6,0.688889,0.654545,0.633333,0.729412,0.530435,0.515789,0.647619,0.505618,0.63964,0.645833,0.596154,0.540816,0.637255,0.73,0.63,0.657143,0.568421,0.622449,0.607843,0.634783,0.741176,0.598039,0.622449,0.613861,0.636364,0.615385,0.651376,0.656566,0.574257,0.598131,0.602151,0.602041,0.490196,0.646465,0.594059,0.494845,0.650485,0.571429,0.621053,0.621053,0.67619,0.556604,0.531915,0.618557,0.679612,0.582524,0.690722,0.570093,0.698925,0.707071,0.693069,0.588889,0.654545,0.61,0.61,0.49505,0.575758,0.581633,0.627451,0.54717,0.553191,0.652174,0.527778,
5800,0.533333,0.6,0.58,0.63,0.611765,0.608696,0.584906,0.56383,0.58427,0.54955,0.56,0.58,0.605769,0.614583,0.602151,0.551402,0.647059,0.642857,0.618557,0.553398,0.673267,0.69697,0.548387,0.635514,0.572727,0.588889,0.580357,0.556818,0.592233,0.587629,0.649573,0.638554,0.598131,0.591398,0.568421,0.580952,0.548077,0.5625,0.52,0.55,0.541284,0.626374,0.571429,0.577982,0.614583,0.557692,0.52809,0.585586,0.547368,0.571429,0.539216,0.632653,0.553571,0.556818,0.659341,0.623853,0.564706,0.573913,0.51,0.6,0.619565,0.62963,0.552381,0.642105,0.681818,0.577778,0.75,0.682692,0.52809,0.666667,0.56044,0.577982,0.495327,0.612903,0.542056,0.634409,0.585859,0.564356,0.633929,0.568182,0.576923,0.5625,0.634615,0.572917,0.645833,0.682692,0.58,0.63,0.527778,0.48913,0.619469,0.528736,0.6,0.571429,0.612245,0.686275,0.565657,0.693069,0.563107,0.597938,
6000,0.611111,0.663636,0.62069,0.566372,0.630252,0.654321,0.56,0.67,0.5,0.65625,0.619048,0.663158,0.579439,0.505376,0.601852,0.576087,0.651685,0.630631,0.593407,0.642202,0.602151,0.53271,0.642857,0.676471,0.715909,0.633929,0.691589,0.612903,0.59434,0.553191,0.669903,0.56701,0.59375,0.663462,0.69697,0.683168,0.633663,0.505051,0.626168,0.645161,0.657407,0.608696,0.583333,0.608696,0.536082,0.592233,0.663158,0.657143,0.656863,0.622449,0.504762,0.536842,0.62037,0.641304,0.529412,0.693878,0.660377,0.553191,0.711538,0.520833,0.571429,0.681818,0.582524,0.649485,0.663158,0.619048,0.540816,0.607843,0.659091,0.616071,0.653061,0.539216,0.623762,0.494949,0.648936,0.622642,0.673469,0.539216,0.626263,0.60396,0.64,0.61,0.535088,0.534884,0.656863,0.632653,0.587629,0.621359,0.575472,0.638298,0.659341,0.642202,0.602273,0.678571,0.6,0.6,0.566038,0.574468,0.533333,0.645455,
6200,0.666667,0.576087,0.616162,0.544554,0.655914,0.560748,0.591398,0.635514,0.627273,0.622222,0.62766,0.603774,0.604938,0.714286,0.635514,0.623656,0.657407,0.608696,0.693069,0.636364,0.571429,0.568627,0.673267,0.686869,0.64486,0.612903,0.698925,0.719626,0.64486,0.526882,0.638095,0.663158,0.609195,0.654867,0.615385,0.604167,0.646552,0.642857,0.673469,0.598039,0.613861,0.727273,0.686047,0.596491,0.604167,0.538462,0.657407,0.51087,0.619565,0.518519,0.581633,0.578431,0.735849,0.56383,0.657143,0.578947,0.607143,0.508621,0.572816,0.608247,0.701923,0.645833,0.568807,0.659341,0.617647,0.612245,0.602041,0.578431,0.648352,0.669725,0.705882,0.612245,0.59434,0.521277,0.592233,0.587629,0.68,0.66,0.677083,0.663462,0.647059,0.581633,0.62037,0.478261,0.495238,0.589474,0.587156,0.56044,0.602041,0.578431,0.586538,0.677083,0.625,0.586538,0.684783,0.537037,0.657658,0.595506,0.588235,0.653061,
6400,0.64486,0.569892,0.626168,0.55914,0.606061,0.564356,0.55,0.62,0.652632,0.609524,0.695238,0.589474,0.616071,0.613636,0.59434,0.606383,0.590476,0.536842,0.628571,0.589474,0.521277,0.603774,0.504762,0.526316,0.695652,0.703704,0.578313,0.555556,0.633663,0.636364,0.575472,0.617021,0.554545,0.533333,0.592233,0.587629,0.572917,0.653846,0.626168,0.774194,0.61,0.61,0.552083,0.615385,0.571429,0.617647,0.64,0.59,0.715909,0.625,0.564356,0.626263,0.596154,0.666667,0.587629,0.553398,0.594828,0.630952,0.626263,0.712871,0.581818,0.666667,0.587629,0.572816,0.588785,0.569892,0.556701,0.601942,0.690722,0.582524,0.587156,0.615385,0.705263,0.542857,0.638889,0.673913,0.571429,0.557895,0.663043,0.638889,0.636364,0.673267,0.654545,0.633333,0.670213,0.584906,0.645455,0.566667,0.557895,0.685714,0.586538,0.5625,0.69697,0.554455,0.571429,0.579545,0.546392,0.601942,0.557895,0.628571,
6600,0.602041,0.529412,0.580357,0.636364,0.590476,0.547368,0.641304,0.564815,0.633333,0.563636,0.50495,0.636364,0.542056,0.612903,0.59633,0.593407,0.526316,0.647619,0.602151,0.551402,0.617978,0.666667,0.645833,0.605769,0.526882,0.588785,0.605769,0.552083,0.490566,0.56383,0.540816,0.54902,0.630631,0.550562,0.603774,0.56383,0.550459,0.538462,0.666667,0.544554,0.646552,0.583333,0.637363,0.66055,0.590476,0.768421,0.631068,0.56701,0.57732,0.708738,0.617391,0.6,0.528302,0.56383,0.612245,0.598039,0.601942,0.618557,0.632653,0.647059,0.569767,0.605263,0.529412,0.642857,0.63,0.55,0.615385,0.614679,0.6,0.53,0.628571,0.536842,0.660194,0.721649,0.6,0.547368,0.525773,0.601942,0.576087,0.564815,0.585859,0.633663,0.670213,0.603774,0.6,0.581818,0.60396,0.535354,0.63,0.62,0.594059,0.676768,0.666667,0.560748,0.5,0.6,0.505618,0.54955,0.587629,0.553398,
6800,0.51,0.61,0.678899,0.626374,0.625,0.583333,0.494505,0.669725,0.610526,0.6,0.580952,0.547368,0.608696,0.592593,0.636364,0.642857,0.563107,0.546392,0.514286,0.6,0.571429,0.477273,0.626168,0.612903,0.701923,0.520833,0.554348,0.564815,0.6,0.622222,0.505155,0.553398,0.636364,0.544554,0.53211,0.637363,0.616162,0.544554,0.485437,0.659794,0.569892,0.598131,0.656566,0.653465,0.571429,0.617647,0.621359,0.608247,0.50495,0.59596,0.73913,0.62963,0.466667,0.636364,0.531915,0.566038,0.684783,0.583333,0.568627,0.632653,0.650485,0.618557,0.615385,0.65625,0.619048,0.673684,0.601942,0.546392,0.571429,0.578947,0.463158,0.657143,0.645455,0.6,0.66,0.66,0.685393,0.648649,0.45,0.59,0.62,0.57,0.612245,0.617647,0.707865,0.666667,0.571429,0.578947,0.580952,0.578947,0.617021,0.613208,0.646465,0.574257,0.553191,0.59434,0.680412,0.572816,0.630631,0.595506,
7000,0.642857,0.588235,0.565657,0.564356,0.494845,0.68932,0.651163,0.561404,0.561905,0.673684,0.638298,0.613208,0.581633,0.656863,0.6,0.628571,0.542553,0.641509,0.649485,0.533981,0.536842,0.666667,0.618557,0.601942,0.590476,0.526316,0.553571,0.511364,0.652632,0.685714,0.663158,0.609524,0.6,0.611111,0.564356,0.59596,0.473118,0.607477,0.558824,0.591837,0.55102,0.647059,0.529412,0.673469,0.634615,0.604167,0.596154,0.583333,0.71,0.52,0.597826,0.62963,0.631068,0.628866,0.574713,0.557522,0.607477,0.569892,0.566038,0.595745,0.537634,0.579439,0.477778,0.627273,0.581818,0.588889,0.6,0.655556,0.586957,0.638889,0.591398,0.579439,0.654545,0.588889,0.640777,0.680412,0.482143,0.579545,0.617647,0.510204,0.466667,0.610526,0.55914,0.607477,0.555556,0.594059,0.598039,0.622449,0.543478,0.657407,0.673684,0.552381,0.592593,0.565217,0.666667,0.621053,0.616279,0.570175,0.607477,0.591398,
7200,0.606742,0.585586,0.519231,0.625,0.663866,0.604938,0.699029,0.57732,0.583333,0.646552,0.542056,0.623656,0.580357,0.568182,0.55,0.62,0.663158,0.647619,0.613861,0.606061,0.636364,0.574257,0.650943,0.606383,0.591837,0.647059,0.603604,0.47191,0.656566,0.60396,0.635514,0.602151,0.615385,0.604167,0.693878,0.539216,0.705882,0.612245,0.589286,0.647727,0.49,0.62,0.75,0.641304,0.55914,0.514019,0.57732,0.592233,0.53125,0.576923,0.587629,0.543689,0.614035,0.569767,0.659794,0.572816,0.54023,0.566372,0.677083,0.605769,0.659794,0.582524,0.677419,0.654206,0.515464,0.601942,0.581395,0.578947,0.526316,0.580952,0.588889,0.609091,0.571429,0.663158,0.648352,0.550459,0.646465,0.623762,0.588235,0.561224,0.663462,0.666667,0.584071,0.655172,0.617647,0.459184,0.525253,0.564356,0.584158,0.555556,0.651786,0.602273,0.582418,0.605505,0.526316,0.6,0.545455,0.588889,0.5,0.634615,
7400,0.464646,0.554455,0.5625,0.586538,0.558824,0.612245,0.554545,0.566667,0.650602,0.632479,0.607843,0.663265,0.576087,0.537037,0.607843,0.591837,0.570093,0.666667,0.62037,0.673913,0.565217,0.703704,0.640777,0.556701,0.574074,0.673913,0.601942,0.742268,0.550459,0.648352,0.526316,0.685714,0.538462,0.577982,0.593407,0.697248,0.638298,0.669811,0.676471,0.591837,0.673469,0.568627,0.660194,0.57732,0.584158,0.606061,0.6,0.568421,0.556701,0.61165,0.587629,0.640777,0.601942,0.556701,0.574468,0.584906,0.457447,0.622642,0.44898,0.588235,0.510417,0.605769,0.588235,0.540816,0.619835,0.493671,0.648649,0.573034,0.613861,0.636364,0.627451,0.581633,0.669725,0.56044,0.565657,0.60396,0.564706,0.608696,0.669903,0.680412,0.652632,0.590476,0.605769,0.71875,0.649485,0.650485,0.623762,0.525253,0.59596,0.623762,0.532609,0.62037,0.470588,0.5,0.622449,0.617647,0.586957,0.537037,0.65,0.62,
7600,0.582524,0.587629,0.64486,0.569892,0.568421,0.438095,0.605769,0.583333,0.617978,0.585586,0.605769,0.489583,0.583333,0.634615,0.544554,0.505051,0.666667,0.615385,0.617391,0.588235,0.612069,0.52381,0.627451,0.632653,0.567308,0.645833,0.616822,0.591398,0.571429,0.568421,0.704082,0.686275,0.729167,0.567308,0.574713,0.548673,0.584158,0.515152,0.565217,0.564815,0.530612,0.568627,0.571429,0.647059,0.71875,0.663462,0.646018,0.528736,0.69697,0.623762,0.553191,0.660377,0.663462,0.5625,0.666667,0.60396,0.63964,0.629213,0.587629,0.553398,0.594059,0.626263,0.643678,0.60177,0.636364,0.598214,0.585859,0.673267,0.625,0.557692,0.647619,0.652632,0.57732,0.601942,0.607477,0.634409,0.621359,0.608247,0.555556,0.619565,0.701923,0.59375,0.650485,0.56701,0.626263,0.633663,0.58427,0.621622,0.640777,0.587629,0.686747,0.666667,0.652632,0.590476,0.479592,0.686275,0.630435,0.592593,0.596154,0.604167,
7800,0.69,0.6,0.617021,0.650943,0.66,0.67,0.647619,0.6,0.60396,0.606061,0.666667,0.727273,0.568421,0.67619,0.641509,0.553191,0.622807,0.651163,0.6,0.61,0.654545,0.644444,0.572816,0.484536,0.505155,0.563107,0.54,0.61,0.564356,0.686869,0.571429,0.617647,0.529412,0.612245,0.531532,0.707865,0.451923,0.708333,0.481132,0.595745,0.528302,0.585106,0.442105,0.590476,0.536082,0.650485,0.567568,0.561798,0.566372,0.655172,0.663366,0.555556,0.595506,0.567568,0.571429,0.578947,0.588235,0.561224,0.626263,0.643564,0.596491,0.674419,0.580645,0.626168,0.6,0.51,0.582524,0.43299,0.639175,0.543689,0.669903,0.649485,0.608247,0.582524,0.686747,0.700855,0.630952,0.663793,0.576923,0.583333,0.582524,0.639175,0.537736,0.542553,0.533981,0.597938,0.630435,0.611111,0.66,0.56,0.595745,0.679245,0.586957,0.62963,0.673267,0.444444,0.603604,0.606742,0.576087,0.648148,
8000,0.663462,0.65625,0.598131,0.591398,0.551402,0.55914,0.619048,0.452632,0.656566,0.584158,0.548387,0.64486,0.673913,0.675926,0.633333,0.627273,0.55914,0.691589,0.56383,0.603774,0.5,0.583333,0.597826,0.722222,0.598039,0.632653,0.659341,0.568807,0.606383,0.5,0.593407,0.568807,0.544554,0.535354,0.56701,0.572816,0.685393,0.621622,0.677419,0.654206,0.640777,0.670103,0.555556,0.643564,0.481818,0.611111,0.660377,0.595745,0.525253,0.534653,0.552381,0.494737,0.677419,0.654206,0.5,0.673469,0.697248,0.681319,0.575758,0.722772,0.659574,0.59434,0.632653,0.666667,0.608247,0.640777,0.593407,0.559633,0.69,0.66,0.551724,0.548673,0.623656,0.663551,0.673684,0.533333,0.544554,0.606061,0.714286,0.431373,0.556604,0.62766,0.592593,0.663043,0.596154,0.520833,0.705882,0.693878,0.587629,0.504854,0.534653,0.555556,0.555556,0.630435,0.590909,0.633333,0.670213,0.698113,0.55,0.56,
8200,0.680851,0.537736,0.653465,0.636364,0.597826,0.583333,0.532609,0.555556,0.669725,0.505495,0.625,0.557692,0.494949,0.564356,0.545455,0.613861,0.652174,0.583333,0.655172,0.690476,0.627451,0.581633,0.670103,0.582524,0.650943,0.648936,0.641304,0.481481,0.692308,0.467213,0.71,0.51,0.68,0.5,0.638889,0.5,0.666667,0.596154,0.673469,0.539216,0.614583,0.615385,0.58,0.54,0.717391,0.481481,0.563636,0.566667,0.586538,0.604167,0.618557,0.650485,0.678899,0.571429,0.602273,0.526786,0.638095,0.578947,0.648148,0.586957,0.635514,0.548387,0.642105,0.6,0.606383,0.669811,0.622222,0.627273,0.622449,0.696078,0.669725,0.615385,0.678571,0.636364,0.514286,0.610526,0.59434,0.595745,0.587156,0.714286,0.527778,0.576087,0.619565,0.583333,0.582524,0.618557,0.59434,0.62766,0.5,0.660714,0.595238,0.491379,0.505747,0.59292,0.565657,0.663366,0.625,0.625,0.575221,0.655172,
8400,0.583333,0.641304,0.61,0.56,0.5,0.556818,0.663158,0.619048,0.631579,0.609524,0.564356,0.505051,0.56383,0.584906,0.589474,0.638095,0.571429,0.568627,0.716981,0.617021,0.71,0.61,0.558824,0.55102,0.666667,0.60396,0.691589,0.516129,0.569892,0.700935,0.619048,0.62931,0.614679,0.67033,0.670213,0.566038,0.633663,0.555556,0.59375,0.557692,0.589474,0.657143,0.542857,0.589474,0.55102,0.598039,0.62069,0.637168,0.636364,0.584158,0.555556,0.563636,0.572917,0.528846,0.666667,0.486726,0.631068,0.505155,0.682243,0.623656,0.574468,0.566038,0.597826,0.62963,0.672897,0.677419,0.627451,0.622449,0.556818,0.553571,0.573034,0.657658,0.571429,0.509804,0.617647,0.55102,0.59375,0.596154,0.543478,0.703704,0.592593,0.565217,0.632075,0.62766,0.588785,0.698925,0.67,0.58,0.582609,0.635294,0.525253,0.623762,0.62766,0.575472,0.576923,0.635417,0.612245,0.539216,0.62069,0.575221,
8600,0.591837,0.656863,0.505495,0.522936,0.575758,0.594059,0.622642,0.56383,0.530612,0.647059,0.612245,0.558824,0.647059,0.540816,0.636364,0.712871,0.514019,0.526882,0.591837,0.607843,0.607843,0.55102,0.645161,0.654206,0.616279,0.684211,0.594059,0.59596,0.666667,0.576923,0.62963,0.543478,0.686869,0.673267,0.642857,0.568627,0.734043,0.622642,0.611111,0.554348,0.66055,0.615385,0.64486,0.623656,0.572917,0.644231,0.598039,0.612245,0.709677,0.635514,0.601942,0.597938,0.609091,0.588889,0.617647,0.591837,0.559633,0.571429,0.626374,0.486239,0.601852,0.565217,0.7,0.627273,0.550459,0.582418,0.540541,0.640449,0.582524,0.597938,0.54,0.6,0.648352,0.623853,0.568182,0.517857,0.485437,0.587629,0.489362,0.59434,0.62,0.61,0.685393,0.567568,0.582418,0.541284,0.515464,0.563107,0.616822,0.548387,0.613861,0.69697,0.684211,0.685714,0.602151,0.588785,0.524272,0.628866,0.625,0.572917,
8800,0.621053,0.495238,0.632184,0.628319,0.65,0.68,0.58427,0.657658,0.555556,0.554455,0.54955,0.52809,0.686747,0.598291,0.634409,0.607477,0.54902,0.683673,0.5,0.663462,0.670213,0.537736,0.579832,0.666667,0.612245,0.607843,0.616071,0.693182,0.622642,0.56383,0.621359,0.56701,0.513514,0.606742,0.517544,0.697674,0.569892,0.598131,0.592233,0.525773,0.55914,0.560748,0.628571,0.578947,0.648649,0.674157,0.583333,0.576923,0.622449,0.647059,0.616822,0.645161,0.6,0.62,0.590476,0.621053,0.525253,0.534653,0.633333,0.636364,0.715789,0.6,0.597826,0.592593,0.630952,0.603448,0.654867,0.666667,0.578431,0.602041,0.58,0.55,0.552083,0.576923,0.557692,0.65625,0.62766,0.622642,0.612903,0.616822,0.494949,0.693069,0.505495,0.642202,0.6,0.533333,0.616822,0.634409,0.655914,0.570093,0.617284,0.596639,0.62963,0.565217,0.591837,0.529412,0.625,0.65625,0.597938,0.524272,
9000,0.59,0.53,0.666667,0.612245,0.546296,0.619565,0.62037,0.695652,0.519231,0.520833,0.691489,0.641509,0.577778,0.545455,0.762376,0.565657,0.618557,0.572816,0.67,0.62,0.606742,0.603604,0.666667,0.653061,0.53,0.61,0.538462,0.6875,0.617647,0.591837,0.644444,0.672727,0.615385,0.642202,0.578947,0.67619,0.564356,0.59596,0.5,0.568627,0.597938,0.601942,0.588889,0.590909,0.54386,0.662791,0.509434,0.574468,0.606742,0.594595,0.515152,0.683168,0.539216,0.683673,0.6,0.64,0.673267,0.606061,0.644068,0.621951,0.542553,0.537736,0.609091,0.588889,0.634615,0.65625,0.531915,0.584906,0.642857,0.607843,0.607143,0.659091,0.634615,0.625,0.59375,0.586538,0.583333,0.576087,0.54878,0.59322,0.697917,0.567308,0.57,0.61,0.685185,0.608696,0.57,0.63,0.613636,0.5625,0.510204,0.519608,0.666667,0.619565,0.533333,0.515789,0.576087,0.648148,0.595745,0.660377,
9200,0.641509,0.648936,0.572917,0.625,0.623762,0.555556,0.631579,0.647619,0.614583,0.615385,0.533333,0.621053,0.564356,0.616162,0.601942,0.587629,0.637255,0.581633,0.515152,0.564356,0.574713,0.522124,0.633028,0.516484,0.609524,0.547368,0.623656,0.542056,0.522936,0.681319,0.632653,0.607843,0.580645,0.579439,0.714286,0.6,0.625,0.645833,0.676768,0.564356,0.670103,0.582524,0.581633,0.617647,0.662338,0.577236,0.536842,0.6,0.55,0.77,0.626263,0.623762,0.552381,0.557895,0.585859,0.574257,0.55102,0.558824,0.62766,0.613208,0.623656,0.598131,0.641509,0.712766,0.54,0.56,0.656863,0.591837,0.712963,0.630435,0.613861,0.606061,0.580645,0.682243,0.611111,0.654545,0.53125,0.615385,0.60396,0.555556,0.59,0.51,0.598131,0.516129,0.605505,0.692308,0.675926,0.706522,0.566038,0.585106,0.607477,0.634409,0.63,0.63,0.606383,0.660377,0.629213,0.558559,0.707547,0.659574,
9400,0.538462,0.75,0.57732,0.640777,0.679612,0.556701,0.650485,0.628866,0.701031,0.640777,0.590909,0.588889,0.617021,0.707547,0.602151,0.64486,0.608696,0.564815,0.565657,0.594059,0.526316,0.647619,0.445652,0.611111,0.541176,0.669565,0.537736,0.617021,0.572727,0.644444,0.576923,0.645833,0.633929,0.590909,0.556701,0.533981,0.563636,0.6,0.53,0.63,0.55814,0.552632,0.587629,0.601942,0.691489,0.603774,0.55914,0.626168,0.537736,0.659574,0.622642,0.648936,0.571429,0.647059,0.6375,0.616667,0.675926,0.630435,0.56962,0.586777,0.5,0.613208,0.625,0.586538,0.568807,0.681319,0.626168,0.655914,0.571429,0.5,0.568627,0.663265,0.576923,0.645833,0.571429,0.557895,0.632653,0.686275,0.625,0.480769,0.564356,0.454545,0.557692,0.666667,0.515152,0.554455,0.548077,0.71875,0.617647,0.581633,0.595745,0.641509,0.617021,0.481132,0.631068,0.536082,0.637363,0.568807,0.576577,0.651685,
9600,0.666667,0.557692,0.613636,0.660714,0.597938,0.592233,0.5,0.5625,0.604167,0.692308,0.628866,0.61165,0.676768,0.574257,0.670588,0.53913,0.613861,0.585859,0.644231,0.604167,0.642105,0.571429,0.666667,0.630435,0.655914,0.635514,0.504587,0.725275,0.7,0.69,0.68932,0.597938,0.555556,0.623762,0.616071,0.534091,0.560748,0.688172,0.623853,0.593407,0.608247,0.514563,0.634409,0.570093,0.59434,0.542553,0.577778,0.563636,0.711111,0.545455,0.543689,0.56701,0.595745,0.509434,0.594059,0.59596,0.598039,0.693878,0.607843,0.622449,0.574257,0.59596,0.58,0.47,0.650943,0.574468,0.644444,0.681818,0.636364,0.588889,0.630435,0.611111,0.5625,0.673077,0.62069,0.699115,0.691489,0.556604,0.65625,0.605769,0.64486,0.623656,0.638298,0.603774,0.572816,0.587629,0.539216,0.571429,0.654206,0.526882,0.65,0.55,0.564815,0.543478,0.612613,0.752809,0.62963,0.597826,0.56701,0.533981,
9800,0.536842,0.571429,0.642105,0.619048,0.604167,0.663462,0.540541,0.617978,0.59,0.64,0.650943,0.553191,0.59,0.57,0.533333,0.609091,0.554455,0.626263,0.695238,0.578947,0.619048,0.631579,0.580952,0.578947,0.54902,0.571429,0.682243,0.526882,0.525253,0.524752,0.611111,0.48913,0.678899,0.593407,0.635417,0.586538,0.572816,0.56701,0.659341,0.59633,0.612245,0.627451,0.657143,0.557895,0.66055,0.626374,0.650485,0.587629,0.545455,0.613861,0.636364,0.514851,0.62963,0.652174,0.551402,0.677419,0.511364,0.526786,0.604167,0.519231,0.533981,0.57732,0.609091,0.644444,0.592233,0.649485,0.563636,0.622222,0.535354,0.633663,0.589474,0.628571,0.514563,0.639175,0.619565,0.490741,0.640777,0.525773,0.6,0.581818,0.614583,0.576923,0.51,0.57,0.62963,0.684783,0.65625,0.548077,0.653061,0.568627,0.553398,0.587629,0.589474,0.666667,0.646018,0.632184,0.648148,0.608696,0.564356,0.525253,
10000,0.623656,0.607477,0.586957,0.648148,0.622222,0.618182,0.56,0.59,0.619048,0.642105,0.627451,0.632653,0.545455,0.544444,0.537634,0.626168,0.636364,0.445545,0.59633,0.593407,0.666667,0.653465,0.686275,0.44898,0.553398,0.525773,0.567568,0.674157,0.659794,0.640777,0.726316,0.752381,0.623762,0.575758,0.59,0.65,0.643564,0.626263,0.66055,0.549451,0.59292,0.54023,0.543689,0.639175,0.602041,0.598039,0.650485,0.608247,0.579545,0.580357,0.676768,0.683168,0.66,0.66,0.550562,0.630631,0.586207,0.619469,0.594059,0.747475,0.564356,0.545455,0.63,0.67,0.580952,0.6,0.597826,0.583333,0.571429,0.5,0.59596,0.663366,0.584158,0.494949,0.528846,0.583333,0.594059,0.606061,0.627451,0.591837,0.549451,0.678899,0.505155,0.563107,0.601852,0.619565,0.576923,0.572917,0.513761,0.626374,0.673684,0.533333,0.695238,0.568421,0.606383,0.660377,0.59,0.58,0.653061,0.529412,
10200,0.526316,0.533333,0.65625,0.663462,0.548077,0.541667,0.614583,0.490385,0.525773,0.553398,0.543689,0.587629,0.621622,0.595506,0.60396,0.626263,0.571429,0.617647,0.564356,0.565657,0.547368,0.666667,0.625,0.616071,0.568627,0.632653,0.657143,0.6,0.561224,0.519608,0.609195,0.530973,0.682692,0.59375,0.650485,0.484536,0.692308,0.522936,0.509804,0.55102,0.55102,0.588235,0.587629,0.563107,0.61165,0.597938,0.561224,0.54902,0.670103,0.475728,0.623656,0.672897,0.509434,0.574468,0.595745,0.575472,0.510417,0.711538,0.538462,0.587156,0.607843,0.55102,0.644231,0.645833,0.592593,0.576087,0.590476,0.568421,0.542553,0.698113,0.627451,0.581633,0.544444,0.627273,0.673267,0.585859,0.653061,0.676471,0.545455,0.544554,0.6,0.580952,0.657143,0.631579,0.52381,0.6,0.638298,0.59434,0.616822,0.655914,0.592233,0.597938,0.657407,0.521739,0.611111,0.565217,0.677083,0.605769,0.523364,0.645161,
10400,0.684211,0.561905,0.554217,0.521368,0.646465,0.445545,0.666667,0.586538,0.572917,0.605769,0.640777,0.618557,0.62,0.55,0.566667,0.581818,0.574257,0.575758,0.642857,0.578431,0.582524,0.587629,0.628571,0.663158,0.603774,0.670213,0.59292,0.701149,0.627451,0.612245,0.537736,0.648936,0.495146,0.670103,0.537736,0.670213,0.489362,0.632075,0.609524,0.621053,0.59375,0.634615,0.543689,0.608247,0.574257,0.616162,0.588235,0.602041,0.544554,0.646465,0.654206,0.516129,0.634615,0.552083,0.659574,0.566038,0.59596,0.594059,0.615385,0.614583,0.618557,0.621359,0.635417,0.596154,0.626263,0.485149,0.651376,0.538462,0.5,0.673913,0.578947,0.6,0.608696,0.592593,0.5625,0.568182,0.62766,0.518868,0.701031,0.61165,0.686869,0.594059,0.633663,0.646465,0.578431,0.469388,0.619048,0.589474,0.598039,0.632653,0.612245,0.656863,0.636364,0.633663,0.587629,0.660194,0.663265,0.568627,0.579545,0.598214,
10600,0.677419,0.570093,0.641509,0.606383,0.59434,0.702128,0.646465,0.653465,0.589286,0.579545,0.576577,0.58427,0.563218,0.654867,0.576471,0.66087,0.519608,0.663265,0.663366,0.565657,0.692308,0.625,0.514286,0.694737,0.627907,0.578947,0.673267,0.535354,0.574074,0.641304,0.564356,0.606061,0.526316,0.657143,0.72043,0.691589,0.539216,0.693878,0.471154,0.614583,0.672897,0.634409,0.660377,0.617021,0.577982,0.538462,0.577982,0.516484,0.598039,0.571429,0.552083,0.625,0.558824,0.5,0.580645,0.551402,0.62963,0.630435,0.65,0.58,0.616822,0.623656,0.556604,0.5,0.56701,0.582524,0.578313,0.529915,0.641304,0.555556,0.632075,0.553191,0.591837,0.686275,0.597701,0.60177,0.607843,0.622449,0.669903,0.57732,0.642857,0.588235,0.548387,0.504673,0.607843,0.653061,0.672897,0.591398,0.657143,0.589474,0.575221,0.471264,0.524752,0.616162,0.609524,0.673684,0.608247,0.582524,0.585859,0.594059,
10800,0.535354,0.524752,0.68,0.58,0.673267,0.565657,0.475728,0.639175,0.622449,0.568627,0.675926,0.597826,0.539216,0.602041,0.575758,0.653465,0.7,0.618182,0.538462,0.5,0.517544,0.546512,0.662921,0.657658,0.61165,0.597938,0.607843,0.581633,0.659794,0.495146,0.627451,0.561224,0.559524,0.560345,0.533333,0.627273,0.64486,0.591398,0.685714,0.610526,0.561905,0.536842,0.626374,0.513761,0.59,0.63,0.534653,0.646465,0.546392,0.631068,0.57732,0.631068,0.653465,0.646465,0.591837,0.637255,0.5625,0.519231,0.641026,0.540984,0.607843,0.622449,0.586957,0.666667,0.58,0.65,0.62931,0.547619,0.595745,0.584906,0.669903,0.536082,0.704545,0.660714,0.565657,0.60396,0.67,0.61,0.635294,0.608696,0.637255,0.602041,0.625,0.579545,0.745098,0.714286,0.617647,0.561224,0.56701,0.572816,0.558824,0.55102,0.6,0.619048,0.663043,0.648148,0.614679,0.626374,0.6,0.718182,
11000,0.631068,0.680412,0.519608,0.612245,0.592233,0.587629,0.613208,0.62766,0.694737,0.6,0.614679,0.593407,0.588785,0.612903,0.6,0.511111,0.56,0.57,0.564815,0.619565,0.640777,0.649485,0.46789,0.527473,0.533333,0.581818,0.485981,0.569892,0.554217,0.632479,0.560748,0.612903,0.663366,0.606061,0.592593,0.597826,0.608247,0.533981,0.690909,0.622222,0.541284,0.648352,0.642105,0.619048,0.626374,0.651376,0.62963,0.597826,0.683544,0.603306,0.523364,0.634409,0.519608,0.5,0.641509,0.574468,0.567308,0.65625,0.587156,0.582418,0.673684,0.561905,0.732558,0.605263,0.594059,0.535354,0.582418,0.688073,0.7,0.6,0.566038,0.670213,0.566038,0.542553,0.66,0.71,0.626263,0.485149,0.607843,0.571429,0.604167,0.596154,0.602273,0.580357,0.59375,0.5,0.588235,0.469388,0.621053,0.590476,0.563107,0.649485,0.61165,0.618557,0.572917,0.596154,0.55102,0.598039,0.598039,0.693878,
11200,0.601942,0.556701,0.591837,0.568627,0.613861,0.69697,0.634615,0.583333,0.693878,0.588235,0.572816,0.536082,0.585859,0.564356,0.659341,0.550459,0.621359,0.618557,0.529412,0.582609,0.535354,0.623762,0.587629,0.631068,0.703704,0.619565,0.622642,0.62766,0.601942,0.680412,0.630435,0.574074,0.655172,0.630952,0.591837,0.598039,0.638298,0.566038,0.605769,0.625,0.5,0.603774,0.554348,0.648148,0.565217,0.527778,0.532609,0.685185,0.611111,0.590909,0.622642,0.531915,0.651685,0.630631,0.61,0.6,0.62037,0.478261,0.59292,0.586207,0.553191,0.622642,0.467391,0.518519,0.728155,0.618557,0.561905,0.578947,0.721649,0.582524,0.597826,0.537037,0.574257,0.616162,0.560748,0.612903,0.595745,0.566038,0.547826,0.564706,0.602041,0.627451,0.647059,0.622449,0.628571,0.642105,0.594059,0.686869,0.481132,0.531915,0.705263,0.552381,0.546392,0.660194,0.552381,0.589474,0.597701,0.610619,0.554348,0.546296,
11400,0.518868,0.553191,0.596154,0.59375,0.552083,0.461538,0.638095,0.547368,0.55102,0.509804,0.548077,0.510417,0.613861,0.505051,0.583333,0.630435,0.670213,0.566038,0.659574,0.54717,0.616162,0.594059,0.621359,0.494845,0.546392,0.563107,0.581633,0.539216,0.473684,0.571429,0.589286,0.579545,0.54902,0.530612,0.5,0.575472,0.69697,0.554455,0.59,0.62,0.494949,0.544554,0.71134,0.592233,0.576577,0.505618,0.650943,0.531915,0.574468,0.632075,0.517241,0.654867,0.470588,0.695652,0.625,0.557692,0.622642,0.56383,0.524272,0.670103,0.639175,0.601942,0.625,0.5625,0.608247,0.504854,0.518519,0.619565,0.568182,0.580357,0.552381,0.557895,0.621359,0.515464,0.606383,0.566038,0.659574,0.59434,0.536082,0.631068,0.555556,0.574257,0.65,0.55,0.584906,0.638298,0.643564,0.545455,0.583333,0.596154,0.584158,0.565657,0.647619,0.631579,0.686047,0.578947,0.637255,0.591837,0.545455,0.511111,
11600,0.663551,0.602151,0.58427,0.594595,0.591398,0.663551,0.634615,0.666667,0.538462,0.614583,0.62037,0.706522,0.552083,0.605769,0.522222,0.618182,0.546296,0.521739,0.528302,0.638298,0.586777,0.620253,0.601852,0.521739,0.558824,0.632653,0.633663,0.676768,0.645833,0.711538,0.594595,0.561798,0.565657,0.613861,0.677419,0.570093,0.56701,0.543689,0.560748,0.666667,0.660194,0.649485,0.583333,0.608696,0.572917,0.605769,0.686275,0.632653,0.604396,0.568807,0.680851,0.575472,0.618182,0.7,0.537634,0.719626,0.676471,0.704082,0.670213,0.603774,0.685393,0.630631,0.637255,0.622449,0.574074,0.652174,0.666667,0.561224,0.55102,0.578431,0.597938,0.563107,0.582524,0.659794,0.622449,0.568627,0.580952,0.652632,0.631068,0.608247,0.544444,0.7,0.666667,0.602041,0.578947,0.619048,0.6,0.495238,0.626087,0.564706,0.58,0.69,0.494624,0.738318,0.689655,0.469027,0.606061,0.60396,0.694737,0.657143,
11800,0.637168,0.62069,0.534653,0.565657,0.615385,0.635417,0.65625,0.509615,0.54321,0.630252,0.701149,0.610619,0.610526,0.628571,0.635514,0.602151,0.537736,0.617021,0.584158,0.626263,0.612245,0.578431,0.58427,0.684685,0.631579,0.571429,0.612903,0.560748,0.518519,0.619565,0.646552,0.511905,0.589286,0.568182,0.618557,0.495146,0.443396,0.648936,0.60396,0.555556,0.59375,0.625,0.535354,0.60396,0.573034,0.63964,0.643564,0.69697,0.602273,0.589286,0.62037,0.641304,0.652632,0.533333,0.571429,0.637255,0.608247,0.621359,0.673684,0.638095,0.584158,0.616162,0.560976,0.661017,0.564815,0.673913,0.637255,0.622449,0.572816,0.639175,0.603604,0.483146,0.505155,0.660194,0.594059,0.565657,0.663462,0.697917,0.635417,0.615385,0.685714,0.505263,0.529412,0.669565,0.564815,0.543478,0.577586,0.559524,0.568182,0.633929,0.633333,0.636364,0.574074,0.652174,0.576087,0.555556,0.623656,0.635514,0.580645,0.588785,
12000,0.623656,0.616822,0.676471,0.530612,0.556701,0.61165,0.649485,0.679612,0.684783,0.685185,0.514286,0.652632,0.596154,0.65625,0.6,0.581818,0.642857,0.588235,0.541667,0.596154,0.627273,0.488889,0.530612,0.607843,0.615385,0.59375,0.558824,0.571429,0.660377,0.56383,0.666667,0.563636,0.701923,0.520833,0.653465,0.565657,0.584906,0.659574,0.594059,0.666667,0.610526,0.695238,0.587629,0.640777,0.590909,0.7,0.613861,0.616162,0.544554,0.616162,0.571429,0.568627,0.527778,0.663043,0.589474,0.533333,0.663366,0.59596,0.63,0.56,0.555556,0.641304,0.631068,0.608247,0.601942,0.56701,0.62,0.61,0.47619,0.621053,0.536364,0.533333,0.575221,0.586207,0.576923,0.489583,0.557895,0.552381,0.60177,0.609195,0.55102,0.647059,0.653061,0.558824,0.632653,0.607843,0.535354,0.60396,0.621622,0.58427,0.613861,0.676768,0.721649,0.563107,0.565657,0.633663,0.504762,0.589474,0.549451,0.623853,
12200,0.7,0.655556,0.659794,0.61165,0.602151,0.64486,0.644444,0.627273,0.509804,0.540816,0.584158,0.616162,0.64486,0.569892,0.623762,0.626263,0.576087,0.592593,0.715789,0.6,0.59322,0.670732,0.733333,0.642105,0.712963,0.630435,0.663043,0.407407,0.626168,0.634409,0.650485,0.536082,0.655172,0.566372,0.679612,0.57732,0.726415,0.553191,0.704082,0.568627,0.634615,0.625,0.590909,0.588889,0.525773,0.68932,0.572917,0.596154,0.554348,0.583333,0.663366,0.585859,0.75,0.552083,0.542857,0.568421,0.58,0.65,0.477778,0.527273,0.61,0.61,0.724771,0.648352,0.557895,0.571429,0.62,0.64,0.531915,0.518868,0.610526,0.590476,0.587156,0.56044,0.571429,0.515789,0.579439,0.55914,0.524752,0.656566,0.622449,0.558824,0.592233,0.56701,0.626168,0.580645,0.613208,0.734043,0.590476,0.652632,0.621053,0.628571,0.6,0.53913,0.533333,0.557895,0.62069,0.628319,0.598039,0.591837,
12400,0.591398,0.514019,0.579439,0.645161,0.692308,0.677083,0.495146,0.587629,0.5625,0.653846,0.567308,0.65625,0.603604,0.58427,0.633663,0.565657,0.576923,0.645833,0.579439,0.666667,0.577778,0.636364,0.556818,0.660714,0.615385,0.666667,0.612613,0.595506,0.64,0.62,0.462963,0.597826,0.557692,0.53125,0.581633,0.588235,0.612903,0.588785,0.660714,0.590909,0.65,0.58,0.676768,0.663366,0.67,0.53,0.545455,0.544643,0.62037,0.576087,0.576923,0.625,0.568966,0.583333,0.612069,0.571429,0.638095,0.568421,0.634615,0.510417,0.57732,0.572816,0.452632,0.666667,0.553398,0.536082,0.57732,0.621359,0.555556,0.663366,0.543689,0.628866,0.558824,0.510204,0.563636,0.733333,0.543478,0.592593,0.626168,0.688172,0.613208,0.606383,0.63964,0.58427,0.519608,0.581633,0.614035,0.651163,0.657143,0.568421,0.59633,0.604396,0.574074,0.619565,0.55,0.58,0.659341,0.568807,0.6,0.57,
12600,0.553398,0.597938,0.533981,0.618557,0.54902,0.561224,0.708738,0.618557,0.660194,0.639175,0.634409,0.663551,0.585859,0.544554,0.617978,0.558559,0.591398,0.64486,0.594059,0.494949,0.504762,0.652632,0.705882,0.561224,0.603774,0.521277,0.589474,0.6,0.526882,0.588785,0.61,0.62,0.63,0.56,0.488889,0.636364,0.489796,0.54902,0.612903,0.607477,0.64,0.72,0.524272,0.680412,0.595238,0.698276,0.634409,0.588785,0.585106,0.632075,0.62766,0.622642,0.618557,0.61165,0.655914,0.579439,0.617021,0.537736,0.645455,0.655556,0.660377,0.617021,0.61,0.52,0.626263,0.633663,0.623529,0.530435,0.581818,0.588889,0.663043,0.712963,0.5,0.603774,0.527273,0.611111,0.595238,0.603448,0.73,0.62,0.566038,0.585106,0.541667,0.586538,0.69,0.54,0.612245,0.617647,0.690722,0.592233,0.568627,0.540816,0.566038,0.62766,0.5,0.659574,0.7375,0.508333,0.636364,0.607595,
12800,0.621053,0.590476,0.544444,0.663636,0.514286,0.578947,0.646465,0.485149,0.53271,0.569892,0.546392,0.572816,0.616162,0.613861,0.6,0.6,0.657143,0.589474,0.606061,0.623762,0.697917,0.663462,0.614458,0.606838,0.549451,0.587156,0.621622,0.550562,0.655172,0.547619,0.571429,0.557895,0.414141,0.594059,0.560748,0.580645,0.618182,0.611111,0.536082,0.514563,0.575472,0.595745,0.580952,0.6,0.505051,0.50495,0.591837,0.72549,0.592593,0.565217,0.680851,0.584906,0.587156,0.516484,0.53,0.67,0.581633,0.529412,0.62,0.59,0.477477,0.651685,0.611111,0.563636,0.514563,0.546392,0.626168,0.655914,0.563107,0.556701,0.514563,0.628866,0.646465,0.623762,0.606061,0.564356,0.6,0.55,0.625,0.552083,0.582418,0.513761,0.548077,0.541667,0.61165,0.659794,0.621053,0.580952,0.54955,0.573034,0.546296,0.576087,0.666667,0.652174,0.59633,0.582418,0.582524,0.597938,0.548673,0.62069,
13000,0.588785,0.537634,0.639175,0.650485,0.66,0.55,0.654206,0.645161,0.505155,0.621359,0.711538,0.625,0.581818,0.566667,0.657658,0.674157,0.655914,0.616822,0.526316,0.628571,0.568421,0.638095,0.565657,0.633663,0.645455,0.533333,0.555556,0.683168,0.561224,0.519608,0.59,0.64,0.63,0.59,0.606383,0.632075,0.62,0.57,0.574257,0.535354,0.642105,0.580952,0.609524,0.557895,0.543689,0.639175,0.648649,0.595506,0.575221,0.563218,0.691489,0.632075,0.59,0.59,0.539326,0.540541,0.645833,0.576923,0.568627,0.632653,0.557692,0.604167,0.706522,0.592593,0.626374,0.623853,0.56383,0.537736,0.625,0.682692,0.642202,0.626374,0.663265,0.568627,0.590476,0.568421,0.678899,0.494505,0.606383,0.528302,0.494737,0.590476,0.54955,0.561798,0.616822,0.602151,0.592593,0.565217,0.5,0.596491,0.583333,0.663793,0.591837,0.617647,0.642202,0.659341,0.602041,0.598039,0.578431,0.602041,
13200,0.662921,0.594595,0.653061,0.607843,0.631068,0.56701,0.554348,0.555556,0.555556,0.652174,0.613861,0.565657,0.633663,0.585859,0.698113,0.478723,0.527473,0.614679,0.605505,0.615385,0.626168,0.602151,0.575472,0.510638,0.568421,0.619048,0.539216,0.683673,0.589474,0.533333,0.55102,0.666667,0.582418,0.541284,0.520833,0.644231,0.617021,0.660377,0.715686,0.663265,0.585106,0.603774,0.55102,0.617647,0.68,0.59,0.646552,0.52381,0.571429,0.545455,0.582524,0.618557,0.598039,0.581633,0.703704,0.641304,0.586538,0.614583,0.619048,0.673684,0.64,0.51,0.630631,0.629213,0.578431,0.663265,0.605769,0.614583,0.584906,0.521277,0.585859,0.524752,0.653061,0.578431,0.638298,0.584906,0.574257,0.59596,0.576923,0.677083,0.642857,0.529412,0.56383,0.575472,0.6,0.52,0.619565,0.546296,0.734177,0.561983,0.61165,0.56701,0.535354,0.613861,0.61039,0.569106,0.509804,0.714286,0.542553,0.613208,
13400,0.542553,0.641509,0.609524,0.547368,0.59633,0.626374,0.617647,0.632653,0.554455,0.555556,0.602041,0.588235,0.582418,0.559633,0.574713,0.663717,0.69,0.61,0.673267,0.656566,0.575758,0.633663,0.591398,0.766355,0.570093,0.709677,0.578947,0.619048,0.651786,0.579545,0.607477,0.580645,0.573034,0.594595,0.623529,0.626087,0.587629,0.708738,0.50495,0.474747,0.631068,0.453608,0.568627,0.520408,0.631068,0.639175,0.678571,0.704545,0.612245,0.54902,0.509259,0.663043,0.643478,0.576471,0.609091,0.6,0.572917,0.586538,0.585859,0.564356,0.679245,0.638298,0.4375,0.568182,0.585106,0.528302,0.537736,0.670213,0.693878,0.705882,0.641509,0.680851,0.670103,0.61165,0.649485,0.68932,0.556701,0.572816,0.582524,0.587629,0.579439,0.623656,0.659091,0.616071,0.69,0.56,0.56,0.64,0.57732,0.563107,0.64,0.56,0.617647,0.5,0.571429,0.6,0.648352,0.587156,0.62,0.63,
13600,0.642857,0.607843,0.54902,0.632653,0.545455,0.594059,0.642857,0.637255,0.606061,0.633663,0.653846,0.604167,0.571429,0.568627,0.530973,0.528736,0.561905,0.621053,0.477778,0.563636,0.485714,0.610526,0.636364,0.622222,0.571429,0.636364,0.591837,0.617647,0.647619,0.589474,0.656863,0.653061,0.659574,0.669811,0.59434,0.670213,0.609195,0.646018,0.494253,0.654867,0.585859,0.594059,0.520408,0.578431,0.591398,0.682243,0.575472,0.606383,0.715686,0.693878,0.603604,0.674157,0.617021,0.688679,0.538462,0.550459,0.626374,0.605505,0.637363,0.642202,0.546512,0.657895,0.603774,0.531915,0.554348,0.694444,0.647619,0.610526,0.618182,0.544444,0.585586,0.516854,0.554455,0.646465,0.54,0.55,0.60177,0.655172,0.59375,0.634615,0.641304,0.592593,0.622222,0.527273,0.567308,0.604167,0.550562,0.558559,0.686275,0.561224,0.715909,0.669643,0.616162,0.643564,0.685714,0.6,0.628571,0.547368,0.59596,0.712871,
13800,0.610526,0.628571,0.670213,0.566038,0.556604,0.617021,0.537037,0.652174,0.680851,0.59434,0.592593,0.619565,0.614035,0.697674,0.541667,0.682692,0.626168,0.72043,0.617021,0.566038,0.635514,0.537634,0.568627,0.683673,0.585859,0.594059,0.597826,0.601852,0.584906,0.787234,0.494382,0.612613,0.521277,0.650943,0.681319,0.651376,0.666667,0.589474,0.602041,0.666667,0.673077,0.65625,0.633663,0.59596,0.622222,0.563636,0.609524,0.578947,0.601852,0.641304,0.555556,0.564356,0.58,0.64,0.548673,0.609195,0.608247,0.660194,0.586957,0.537037,0.5625,0.596154,0.616162,0.623762,0.526316,0.638095,0.66,0.58,0.533333,0.642105,0.616162,0.663366,0.533333,0.557895,0.619048,0.568421,0.633028,0.615385,0.613636,0.580357,0.634615,0.572917,0.638298,0.603774,0.622642,0.585106,0.582609,0.611765,0.55914,0.626168,0.617391,0.552941,0.616162,0.574257,0.597938,0.563107,0.589474,0.6,0.6,0.6,
14000,0.623656,0.64486,0.584906,0.585106,0.692308,0.59633,0.711712,0.629213,0.570093,0.569892,0.568966,0.52381,0.623656,0.570093,0.650485,0.536082,0.610526,0.571429,0.690722,0.572816,0.653846,0.625,0.534653,0.555556,0.537037,0.565217,0.64486,0.623656,0.574257,0.585859,0.536842,0.590476,0.67619,0.621053,0.612245,0.539216,0.666667,0.6,0.648148,0.543478,0.53,0.62,0.582418,0.642202,0.539216,0.520408,0.660377,0.659574,0.644231,0.635417,0.6,0.542857,0.568627,0.622449,0.613861,0.59596,0.554348,0.601852,0.711712,0.629213,0.588235,0.673469,0.601942,0.659794,0.63,0.67,0.663551,0.602151,0.676471,0.510204,0.643564,0.59596,0.612245,0.656863,0.585859,0.623762,0.577982,0.505495,0.587629,0.61165,0.644231,0.625,0.580645,0.654206,0.639175,0.572816,0.625,0.583333,0.576923,0.604167,0.606061,0.653465,0.618557,0.631068,0.556701,0.495146,0.564815,0.586957,0.672566,0.689655,
14200,0.627273,0.722222,0.571429,0.598039,0.611111,0.608696,0.660194,0.701031,0.555556,0.524752,0.525862,0.678571,0.576923,0.583333,0.530612,0.676471,0.588235,0.641975,0.598039,0.55102,0.607477,0.569892,0.533981,0.546392,0.62,0.49,0.483871,0.514019,0.59434,0.712766,0.575472,0.617021,0.632075,0.553191,0.56383,0.481132,0.612903,0.607477,0.631068,0.57732,0.582524,0.597938,0.7,0.577778,0.6875,0.567308,0.582524,0.639175,0.463158,0.580952,0.608696,0.611765,0.541667,0.548077,0.622449,0.627451,0.688172,0.672897,0.520833,0.663462,0.542056,0.602151,0.617021,0.537736,0.60396,0.626263,0.590476,0.684211,0.602151,0.551402,0.694444,0.565217,0.636364,0.564356,0.663158,0.514286,0.6,0.6,0.62766,0.54717,0.644231,0.625,0.675926,0.597826,0.547368,0.638095,0.644444,0.645455,0.618182,0.611111,0.612245,0.490196,0.608696,0.583333,0.578431,0.642857,0.510204,0.5,0.643678,0.566372,
14400,0.536082,0.514563,0.660714,0.647727,0.633028,0.450549,0.605769,0.552083,0.552083,0.605769,0.638298,0.528302,0.598039,0.479592,0.571429,0.607843,0.550562,0.720721,0.576577,0.707865,0.609524,0.473684,0.587629,0.543689,0.556701,0.61165,0.692308,0.59375,0.568421,0.52381,0.663462,0.604167,0.683168,0.59596,0.652632,0.552381,0.532609,0.601852,0.663551,0.591398,0.557895,0.685714,0.524272,0.628866,0.566667,0.627273,0.638298,0.556604,0.580952,0.642105,0.610526,0.542857,0.565217,0.574074,0.666667,0.50495,0.536082,0.572816,0.591837,0.686275,0.621053,0.638095,0.623529,0.556522,0.653465,0.545455,0.53211,0.604396,0.642857,0.625,0.553398,0.597938,0.53,0.63,0.564103,0.698795,0.558824,0.642857,0.578431,0.704082,0.663158,0.666667,0.62963,0.619565,0.59375,0.653846,0.694737,0.714286,0.62,0.58,0.645161,0.598131,0.65,0.54,0.505495,0.642202,0.598039,0.663265,0.6,0.588889,
14600,0.650485,0.587629,0.626087,0.647059,0.494505,0.577982,0.565657,0.584158,0.703297,0.678899,0.565657,0.643564,0.602041,0.676471,0.478261,0.685185,0.515152,0.554455,0.572816,0.57732,0.65,0.71,0.588235,0.55102,0.538462,0.66055,0.571429,0.614679,0.581818,0.666667,0.5,0.583333,0.494253,0.619469,0.588235,0.55102,0.505263,0.619048,0.607843,0.632653,0.605769,0.458333,0.616162,0.633663,0.568421,0.590476,0.662791,0.605263,0.574468,0.613208,0.593407,0.541284,0.59596,0.584158,0.631068,0.649485,0.578431,0.602041,0.536364,0.566667,0.658824,0.547826,0.696429,0.590909,0.610619,0.724138,0.578947,0.495238,0.585859,0.554455,0.615385,0.568807,0.714286,0.519608,0.62,0.6,0.585106,0.556604,0.584158,0.575758,0.581633,0.666667,0.617647,0.540816,0.682692,0.635417,0.509804,0.561224,0.550459,0.593407,0.585586,0.606742,0.550459,0.659341,0.601942,0.649485,0.62766,0.566038,0.625,0.541667,
14800,0.59596,0.633663,0.557692,0.53125,0.613208,0.755319,0.610526,0.647619,0.635417,0.615385,0.528846,0.59375,0.572727,0.644444,0.654867,0.609195,0.673267,0.555556,0.489796,0.627451,0.62,0.59,0.494949,0.574257,0.59375,0.576923,0.521277,0.613208,0.555556,0.564356,0.582524,0.505155,0.622449,0.607843,0.62,0.58,0.588889,0.5,0.592233,0.57732,0.623762,0.676768,0.596154,0.583333,0.580952,0.652632,0.571429,0.536842,0.647619,0.568421,0.484211,0.657143,0.678571,0.545455,0.623853,0.56044,0.533333,0.6,0.661017,0.585366,0.594059,0.646465,0.578431,0.591837,0.598039,0.540816,0.54717,0.659574,0.60396,0.585859,0.525253,0.613861,0.5625,0.634615,0.526882,0.551402,0.621053,0.619048,0.608247,0.601942,0.585859,0.574257,0.560748,0.623656,0.61157,0.708861,0.576923,0.583333,0.59,0.58,0.519608,0.55102,0.610526,0.533333,0.666667,0.526316,0.696629,0.585586,0.719626,0.55914,
15000,0.533333,0.673684,0.660377,0.638298,0.625,0.682692,0.608247,0.61165,0.6,0.6,0.536842,0.6,0.613861,0.646465,0.568182,0.535714,0.613208,0.553191,0.690722,0.582524,0.626263,0.584158,0.621359,0.628866,0.674419,0.684211,0.643564,0.626263,0.544643,0.625,0.652632,0.609524,0.642105,0.6,0.572816,0.71134,0.68932,0.628866,0.714286,0.612069,0.59596,0.683168,0.58,0.63,0.580645,0.616822,0.530435,0.658824,0.634615,0.625,0.705263,0.52381,0.621359,0.587629,0.666667,0.681416,0.619565,0.546296,0.613861,0.585859,0.572816,0.618557,0.613861,0.545455,0.631068,0.597938,0.608247,0.563107,0.637363,0.559633,0.644231,0.520833,0.544643,0.579545,0.663636,0.611111,0.59292,0.724138,0.607477,0.591398,0.62069,0.584071,0.646465,0.594059,0.568627,0.540816,0.615385,0.614679,0.518868,0.638298,0.606061,0.594059,0.678899,0.681319,0.553191,0.622642,0.522222,0.627273,0.59,0.48,
15200,0.5625,0.490385,0.565217,0.527778,0.582418,0.486239,0.623762,0.616162,0.54717,0.606383,0.605505,0.582418,0.568627,0.673469,0.688073,0.56044,0.606061,0.574257,0.621053,0.590476,0.696629,0.603604,0.647619,0.631579,0.587629,0.543689,0.62,0.47,0.54,0.52,0.666667,0.591837,0.540816,0.54902,0.570175,0.523256,0.648936,0.622642,0.641304,0.675926,0.64486,0.580645,0.762887,0.650485,0.584906,0.521277,0.521277,0.650943,0.578431,0.744898,0.626263,0.514851,0.682243,0.602151,0.519608,0.632653,0.645161,0.616822,0.67033,0.577982,0.598039,0.663265,0.648148,0.717391,0.628866,0.650485,0.596154,0.552083,0.611111,0.663636,0.767677,0.60396,0.593407,0.66055,0.605505,0.516484,0.621359,0.505155,0.63,0.62,0.663366,0.525253,0.598131,0.645161,0.490909,0.622222,0.647059,0.581633,0.521739,0.657407,0.55914,0.560748,0.471154,0.583333,0.641304,0.611111,0.66,0.68,0.583333,0.557692,
15400,0.560345,0.702381,0.59596,0.633663,0.643564,0.575758,0.530612,0.617647,0.605042,0.604938,0.653465,0.535354,0.648649,0.595506,0.613861,0.545455,0.568421,0.6,0.685393,0.594595,0.57732,0.572816,0.663265,0.627451,0.6,0.644444,0.608696,0.675926,0.685714,0.621053,0.52,0.65,0.616162,0.653465,0.64486,0.655914,0.650485,0.628866,0.574713,0.628319,0.622642,0.585106,0.580952,0.631579,0.480769,0.645833,0.660194,0.56701,0.649485,0.582524,0.53271,0.688172,0.582524,0.57732,0.617647,0.591837,0.680412,0.592233,0.582418,0.550459,0.594059,0.545455,0.685185,0.565217,0.581633,0.539216,0.69,0.58,0.553398,0.57732,0.539216,0.612245,0.540541,0.685393,0.630631,0.494382,0.529412,0.565217,0.690265,0.551724,0.546512,0.657895,0.67033,0.642202,0.715789,0.647619,0.651163,0.482456,0.565217,0.592593,0.534653,0.585859,0.546296,0.652174,0.541667,0.596154,0.657407,0.641304,0.580357,0.659091,
15600,0.566372,0.54023,0.472527,0.614679,0.644231,0.635417,0.527273,0.666667,0.593407,0.623853,0.663366,0.565657,0.683168,0.646465,0.67,0.71,0.679612,0.494845,0.509804,0.591837,0.638554,0.641026,0.681319,0.605505,0.67619,0.589474,0.633663,0.646465,0.524272,0.618557,0.50495,0.606061,0.578431,0.581633,0.581633,0.578431,0.564356,0.616162,0.561224,0.5,0.584158,0.585859,0.568627,0.642857,0.690265,0.689655,0.539216,0.520408,0.533981,0.556701,0.614583,0.644231,0.57732,0.563107,0.638095,0.621053,0.546392,0.650485,0.657407,0.576087,0.631068,0.670103,0.647059,0.663265,0.557692,0.572917,0.642105,0.580952,0.572727,0.588889,0.652632,0.657143,0.663462,0.645833,0.615385,0.642202,0.663158,0.695238,0.612245,0.627451,0.53125,0.605769,0.612245,0.607843,0.505051,0.633663,0.585859,0.633663,0.613208,0.553191,0.632075,0.585106,0.59434,0.574468,0.625,0.636364,0.59,0.59,0.585106,0.641509,
15800,0.636364,0.622222,0.52,0.68,0.648936,0.575472,0.576577,0.483146,0.53,0.64,0.61,0.67,0.494118,0.547826,0.650943,0.574468,0.530612,0.588235,0.64,0.45,0.589474,0.590476,0.73,0.66,0.643564,0.69697,0.68932,0.71134,0.618557,0.631068,0.660194,0.618557,0.663551,0.55914,0.570093,0.526882,0.565657,0.584158,0.605769,0.614583,0.602151,0.53271,0.6,0.578947,0.533981,0.597938,0.686869,0.534653,0.6,0.6,0.584158,0.59596,0.543478,0.518519,0.628571,0.578947,0.636364,0.544554,0.597701,0.504425,0.670103,0.524272,0.619048,0.631579,0.660377,0.670213,0.631068,0.515464,0.650485,0.649485,0.530612,0.588235,0.6,0.6,0.588235,0.626087,0.587629,0.61165,0.693694,0.58427,0.575758,0.594059,0.616279,0.657895,0.571429,0.588235,0.613445,0.679012,0.591398,0.523364,0.640449,0.567568,0.622642,0.585106,0.631068,0.628866,0.535354,0.673267,0.557692,0.5,
16000,0.616071,0.590909,0.715686,0.602041,0.641509,0.606383,0.659574,0.566038,0.639175,0.679612,0.704762,0.610526,0.642202,0.582418,0.557522,0.597701,0.612245,0.519608,0.726316,0.628571,0.593407,0.642202,0.573034,0.594595,0.597938,0.601942,0.702703,0.674157,0.592593,0.576087,0.606383,0.528302,0.568421,0.6,0.627451,0.591837,0.636364,0.553571,0.516129,0.607477,0.569892,0.598131,0.54902,0.591837,0.605769,0.708333,0.623853,0.615385,0.584158,0.646465,0.575472,0.670213,0.542553,0.575472,0.617391,0.576471,0.616162,0.544554,0.588785,0.666667,0.55102,0.637255,0.653846,0.5625,0.631068,0.628866,0.632653,0.568627,0.65625,0.557692,0.515789,0.561905,0.54,0.61,0.608696,0.666667,0.592233,0.670103,0.568627,0.540816,0.588889,0.645455,0.649485,0.553398,0.649485,0.669903,0.572917,0.557692,0.657407,0.652174,0.515152,0.653465,0.711538,0.552083,0.52,0.64,0.613861,0.59596,0.538462,0.572917,
16200,0.702128,0.632075,0.606742,0.657658,0.654762,0.577586,0.527273,0.555556,0.530612,0.607843,0.516854,0.567568,0.597938,0.563107,0.6,0.515789,0.602041,0.598039,0.636364,0.623762,0.594595,0.685393,0.5,0.541667,0.552381,0.463158,0.601852,0.641304,0.631579,0.604651,0.59633,0.736264,0.601942,0.649485,0.550459,0.67033,0.524272,0.680412,0.547368,0.666667,0.548077,0.583333,0.621053,0.628571,0.631068,0.515464,0.557692,0.677083,0.615385,0.633028,0.520408,0.598039,0.510638,0.688679,0.617647,0.591837,0.666667,0.663265,0.576923,0.572917,0.585859,0.70297,0.71875,0.605769,0.626168,0.623656,0.678161,0.690265,0.590164,0.487179,0.649485,0.640777,0.637363,0.651376,0.641509,0.648936,0.581633,0.568627,0.543689,0.484536,0.674157,0.594595,0.514851,0.636364,0.483516,0.633028,0.62,0.62,0.62963,0.543478,0.612613,0.550562,0.514851,0.636364,0.583333,0.605769,0.635514,0.516129,0.588235,0.581633,
16400,0.572917,0.615385,0.527473,0.678899,0.571429,0.578431,0.613861,0.545455,0.695238,0.515789,0.568627,0.520408,0.585859,0.653465,0.546296,0.521739,0.607143,0.577586,0.529412,0.622449,0.535354,0.554455,0.561224,0.578431,0.680412,0.601942,0.640351,0.616279,0.57732,0.533981,0.68932,0.556701,0.605769,0.614583,0.528846,0.645833,0.619565,0.601852,0.613636,0.651786,0.602041,0.54902,0.747253,0.605505,0.474747,0.554455,0.588785,0.612903,0.659794,0.533981,0.578512,0.64557,0.563218,0.646018,0.654545,0.711111,0.634409,0.579439,0.459184,0.647059,0.69,0.64,0.540816,0.617647,0.61165,0.639175,0.537736,0.553191,0.623762,0.616162,0.608247,0.553398,0.638095,0.526316,0.638298,0.537736,0.555556,0.554545,0.556604,0.574468,0.550459,0.637363,0.495413,0.604396,0.622222,0.536364,0.561905,0.578947,0.653465,0.636364,0.754545,0.6,0.528736,0.539823,0.622222,0.636364,0.59596,0.60396,0.522124,0.655172,
16600,0.533981,0.71134,0.679612,0.556701,0.561905,0.494737,0.621053,0.619048,0.660194,0.525773,0.651376,0.56044,0.666667,0.6,0.55,0.57,0.575758,0.574257,0.693069,0.666667,0.619048,0.610526,0.611111,0.554348,0.505051,0.574257,0.62069,0.646018,0.694737,0.72381,0.677083,0.663462,0.602041,0.696078,0.636364,0.633333,0.655914,0.560748,0.609524,0.610526,0.632653,0.647059,0.506173,0.537815,0.72,0.6,0.588235,0.622449,0.546392,0.650485,0.597826,0.694444,0.658824,0.617391,0.579439,0.580645,0.593407,0.559633,0.536082,0.61165,0.465347,0.666667,0.52,0.63,0.605769,0.604167,0.60396,0.555556,0.578431,0.571429,0.68,0.61,0.607477,0.612903,0.715686,0.540816,0.6,0.526316,0.676768,0.514851,0.608247,0.543689,0.696078,0.591837,0.529412,0.612245,0.53271,0.677419,0.62,0.56,0.577778,0.618182,0.623932,0.626506,0.561798,0.63964,0.616279,0.578947,0.602041,0.529412,
16800,0.591398,0.654206,0.504587,0.505495,0.524272,0.618557,0.550459,0.67033,0.528846,0.572917,0.542857,0.673684,0.622449,0.480392,0.52381,0.631579,0.611111,0.627273,0.574074,0.630435,0.614035,0.534884,0.640777,0.71134,0.653465,0.474747,0.672727,0.622222,0.635514,0.473118,0.587629,0.61165,0.594937,0.652893,0.622642,0.606383,0.538462,0.552083,0.604396,0.522936,0.65625,0.653846,0.588235,0.571429,0.71134,0.61165,0.612245,0.588235,0.619469,0.54023,0.653846,0.645833,0.644231,0.635417,0.625,0.5625,0.638298,0.575472,0.631068,0.618557,0.587629,0.582524,0.525253,0.653465,0.588235,0.591837,0.53125,0.596154,0.545455,0.564356,0.628866,0.679612,0.675676,0.561798,0.530612,0.617647,0.598039,0.530612,0.515789,0.67619,0.657143,0.652632,0.66,0.63,0.617647,0.591837,0.661157,0.531646,0.644231,0.677083,0.575472,0.638298,0.588235,0.540816,0.718182,0.611111,0.633663,0.606061,0.588235,0.602041,
17000,0.654206,0.505376,0.610619,0.701149,0.715517,0.690476,0.65,0.63,0.586538,0.583333,0.585106,0.660377,0.532609,0.638889,0.627273,0.655556,0.584158,0.505051,0.590476,0.631579,0.576087,0.601852,0.663636,0.666667,0.632911,0.661157,0.621622,0.595506,0.638095,0.589474,0.561224,0.588235,0.553191,0.613208,0.57,0.55,0.675676,0.58427,0.583333,0.596154,0.542169,0.589744,0.528302,0.638298,0.581633,0.578431,0.598131,0.537634,0.597938,0.495146,0.589474,0.533333,0.601942,0.608247,0.642857,0.598039,0.546296,0.641304,0.632653,0.617647,0.684211,0.580952,0.647619,0.642105,0.57732,0.601942,0.550459,0.505495,0.6,0.63,0.638095,0.547368,0.608696,0.647059,0.641509,0.723404,0.572917,0.576923,0.574074,0.652174,0.574257,0.69697,0.590909,0.517857,0.611111,0.563636,0.514563,0.618557,0.544554,0.626263,0.556818,0.571429,0.57732,0.61165,0.607477,0.623656,0.571429,0.684211,0.571429,0.547368,
17200,0.605769,0.666667,0.714286,0.621053,0.657407,0.673913,0.638298,0.575472,0.64,0.61,0.623762,0.545455,0.67619,0.631579,0.7,0.536364,0.6,0.726316,0.642857,0.686275,0.566038,0.648936,0.575758,0.49505,0.561905,0.557895,0.564815,0.652174,0.590909,0.5625,0.71875,0.576923,0.598039,0.612245,0.59434,0.43617,0.566667,0.518182,0.590476,0.684211,0.683673,0.509804,0.609524,0.631579,0.595745,0.59434,0.494737,0.609524,0.6,0.64,0.626374,0.66055,0.633663,0.606061,0.638298,0.566038,0.659574,0.59434,0.686869,0.574257,0.5625,0.471154,0.621359,0.546392,0.561798,0.54955,0.676471,0.561224,0.642105,0.647619,0.581395,0.570175,0.666667,0.635514,0.55,0.59,0.596154,0.604167,0.56701,0.679612,0.546512,0.552632,0.764045,0.63964,0.714286,0.557895,0.663366,0.545455,0.59375,0.586538,0.544554,0.575758,0.666667,0.576087,0.443299,0.669903,0.69,0.54,0.673267,0.626263,
17400,0.642857,0.598039,0.524752,0.585859,0.537037,0.586957,0.60177,0.597701,0.580952,0.610526,0.635514,0.623656,0.65,0.65,0.59322,0.573171,0.605769,0.5625,0.614679,0.582418,0.615385,0.645833,0.6,0.568421,0.545455,0.574257,0.568807,0.637363,0.643678,0.725664,0.650485,0.505155,0.663366,0.545455,0.643564,0.565657,0.596154,0.614583,0.628866,0.504854,0.652174,0.62963,0.669565,0.6,0.717172,0.554455,0.692982,0.581395,0.580645,0.551402,0.566038,0.648936,0.576087,0.62963,0.552941,0.582609,0.632075,0.531915,0.635417,0.586538,0.470588,0.642857,0.581818,0.455556,0.662651,0.564103,0.628571,0.642105,0.534653,0.585859,0.630435,0.666667,0.609091,0.533333,0.602273,0.598214,0.631068,0.505155,0.579439,0.580645,0.545455,0.534653,0.575758,0.732673,0.655914,0.579439,0.612069,0.559524,0.563636,0.6,0.55814,0.570175,0.673684,0.619048,0.682243,0.688172,0.549451,0.587156,0.64,0.64,
17600,0.504762,0.515789,0.659574,0.641509,0.515789,0.561905,0.676768,0.693069,0.606061,0.633663,0.5,0.528302,0.556604,0.56383,0.462264,0.691489,0.540816,0.647059,0.655556,0.563636,0.560748,0.645161,0.6,0.590476,0.6125,0.741667,0.514851,0.555556,0.576087,0.685185,0.548387,0.654206,0.505051,0.633663,0.578431,0.571429,0.583333,0.605769,0.585106,0.641509,0.622642,0.606383,0.563636,0.488889,0.59434,0.702128,0.525862,0.607143,0.581633,0.686275,0.715596,0.582418,0.623762,0.606061,0.606061,0.564356,0.576087,0.611111,0.670103,0.68932,0.613208,0.595745,0.609524,0.642105,0.561905,0.568421,0.6,0.727273,0.514286,0.589474,0.7,0.581818,0.594595,0.606742,0.63,0.62,0.584158,0.626263,0.60177,0.632184,0.613861,0.505051,0.55,0.57,0.596491,0.569767,0.618182,0.633333,0.488636,0.616071,0.608247,0.660194,0.611765,0.582609,0.695238,0.631579,0.514563,0.56701,0.531915,0.566038,
17800,0.565217,0.694444,0.602151,0.654206,0.6,0.59,0.553191,0.575472,0.509804,0.653061,0.683673,0.666667,0.631068,0.608247,0.59,0.52,0.642105,0.72381,0.577778,0.590909,0.55814,0.614035,0.533898,0.621951,0.582418,0.614679,0.585859,0.564356,0.582418,0.651376,0.546392,0.679612,0.59596,0.663366,0.622222,0.636364,0.69697,0.554455,0.647059,0.66087,0.542857,0.694737,0.602151,0.560748,0.592233,0.57732,0.633663,0.626263,0.518519,0.605042,0.555556,0.608696,0.648352,0.605505,0.612245,0.519608,0.489796,0.568627,0.614679,0.516484,0.569892,0.635514,0.538462,0.587156,0.61165,0.597938,0.528846,0.614583,0.649485,0.592233,0.652632,0.590476,0.510417,0.625,0.585586,0.629213,0.530612,0.705882,0.576087,0.611111,0.666667,0.635514,0.561224,0.519608,0.568421,0.619048,0.605769,0.59375,0.642202,0.626374,0.505376,0.579439,0.5625,0.586538,0.622449,0.470588,0.53,0.62,0.596154,0.583333,
18000,0.7,0.554545,0.470588,0.479592,0.542169,0.57265,0.598039,0.540816,0.643564,0.646465,0.546392,0.660194,0.565657,0.683168,0.613861,0.545455,0.522222,0.563636,0.490909,0.588889,0.70297,0.545455,0.644231,0.614583,0.680412,0.592233,0.55,0.58,0.543689,0.453608,0.533981,0.680412,0.584071,0.62069,0.659574,0.669811,0.5375,0.65,0.551724,0.619469,0.59596,0.663366,0.594059,0.575758,0.614583,0.605769,0.616162,0.623762,0.637255,0.530612,0.618557,0.669903,0.690909,0.622222,0.55,0.58,0.59375,0.634615,0.676768,0.514851,0.643564,0.535354,0.621053,0.704762,0.586207,0.60177,0.62069,0.59292,0.585586,0.617978,0.571429,0.547368,0.538462,0.577982,0.633929,0.556818,0.598039,0.612245,0.59633,0.615385,0.54902,0.653061,0.575472,0.585106,0.623853,0.56044,0.616071,0.590909,0.695238,0.621053,0.682353,0.53913,0.55,0.53,0.662791,0.657895,0.619048,0.589474,0.637363,0.59633,
18200,0.553398,0.546392,0.666667,0.622449,0.592233,0.608247,0.53211,0.604396,0.708333,0.644231,0.569892,0.598131,0.566667,0.545455,0.75,0.64,0.663462,0.583333,0.44,0.54,0.6,0.666667,0.678899,0.505495,0.566038,0.606383,0.528846,0.5625,0.621053,0.628571,0.575758,0.49505,0.593407,0.522936,0.59596,0.554455,0.564706,0.53913,0.62766,0.556604,0.622642,0.56383,0.612245,0.588235,0.65,0.52,0.619048,0.589474,0.634409,0.626168,0.486486,0.550562,0.573034,0.702703,0.647727,0.5625,0.632075,0.5,0.5625,0.659091,0.683673,0.656863,0.561224,0.5,0.62963,0.641304,0.592233,0.546392,0.677419,0.654206,0.5,0.462963,0.666667,0.641304,0.515789,0.657143,0.602151,0.607477,0.556522,0.611765,0.645455,0.577778,0.411215,0.655914,0.552381,0.642105,0.59,0.61,0.656863,0.602041,0.622642,0.659574,0.537634,0.672897,0.568421,0.638095,0.615385,0.59375,0.575758,0.613861,
18400,0.660194,0.649485,0.649485,0.582524,0.755814,0.517544,0.598039,0.622449,0.59434,0.691489,0.610526,0.6,0.656566,0.663366,0.510417,0.625,0.554455,0.545455,0.75,0.53,0.536842,0.638095,0.612245,0.715686,0.553398,0.536082,0.59434,0.62766,0.534653,0.525253,0.62037,0.554348,0.6,0.54,0.587629,0.601942,0.574257,0.626263,0.585106,0.528302,0.676768,0.554455,0.709677,0.607477,0.574713,0.619469,0.683168,0.555556,0.712644,0.716814,0.66,0.56,0.65,0.5,0.519608,0.540816,0.598039,0.663265,0.509259,0.597826,0.636364,0.524752,0.693878,0.617647,0.566667,0.572727,0.589474,0.609524,0.685714,0.621053,0.613861,0.626263,0.747253,0.577982,0.592593,0.630435,0.62766,0.603774,0.61165,0.628866,0.676768,0.663366,0.578431,0.612245,0.576923,0.635417,0.574257,0.606061,0.536842,0.542857,0.556701,0.533981,0.592593,0.565217,0.663462,0.604167,0.695238,0.642105,0.542056,0.580645,
18600,0.525773,0.718447,0.659341,0.559633,0.635514,0.645161,0.657143,0.578947,0.590476,0.578947,0.617647,0.622449,0.52,0.53,0.563107,0.649485,0.607477,0.526882,0.646465,0.633663,0.603774,0.521277,0.619565,0.666667,0.588785,0.645161,0.482759,0.513274,0.576923,0.5625,0.56,0.53,0.626374,0.53211,0.65,0.67,0.49505,0.555556,0.627451,0.663265,0.59633,0.626374,0.53271,0.645161,0.445545,0.525253,0.641509,0.5,0.536082,0.601942,0.622449,0.529412,0.574468,0.54717,0.666667,0.578947,0.626263,0.613861,0.696078,0.663265,0.490741,0.630435,0.646465,0.643564,0.55102,0.558824,0.540816,0.627451,0.530612,0.588235,0.609524,0.6,0.574468,0.575472,0.627451,0.581633,0.59,0.6,0.547368,0.504762,0.669811,0.617021,0.565217,0.574074,0.64,0.59,0.62,0.54,0.598039,0.663265,0.603774,0.617021,0.581633,0.637255,0.597701,0.60177,0.508929,0.715909,0.603774,0.595745,
18800,0.616162,0.514851,0.556701,0.543689,0.614679,0.549451,0.538462,0.614583,0.6,0.52381,0.525773,0.563107,0.62,0.6,0.580645,0.672897,0.646465,0.623762,0.572816,0.587629,0.548387,0.579439,0.586538,0.447917,0.542553,0.603774,0.757282,0.536082,0.704082,0.490196,0.568421,0.533333,0.595506,0.612613,0.587629,0.533981,0.657143,0.547368,0.6,0.628571,0.592233,0.556701,0.653846,0.59375,0.688073,0.604396,0.509804,0.622449,0.666667,0.684783,0.554455,0.585859,0.666667,0.536842,0.577982,0.56044,0.663462,0.65625,0.598131,0.55914,0.67619,0.652632,0.622449,0.588235,0.5,0.585106,0.586957,0.657407,0.601942,0.515464,0.59375,0.615385,0.536364,0.511111,0.633028,0.626374,0.622222,0.681818,0.638889,0.641304,0.598039,0.632653,0.591398,0.626168,0.616822,0.677419,0.715686,0.571429,0.617021,0.641509,0.593407,0.550459,0.638095,0.578947,0.647727,0.616071,0.719101,0.54955,0.542056,0.645161,
19000,0.5625,0.557692,0.606061,0.584158,0.543478,0.657407,0.59375,0.634615,0.62766,0.566038,0.693069,0.656566,0.619048,0.547368,0.747748,0.741573,0.610526,0.6,0.528846,0.697917,0.666667,0.662791,0.605505,0.648352,0.614583,0.663462,0.61,0.72,0.666667,0.684783,0.606383,0.584906,0.590476,0.642105,0.57,0.66,0.65625,0.615385,0.6875,0.602273,0.578947,0.6,0.504673,0.688172,0.584158,0.59596,0.55814,0.570175,0.591398,0.542056,0.587629,0.533981,0.490196,0.622449,0.73,0.57,0.6,0.52,0.551724,0.619469,0.594059,0.565657,0.666667,0.567308,0.57,0.66,0.688172,0.672897,0.614583,0.576923,0.525253,0.70297,0.628319,0.62069,0.656566,0.574257,0.519608,0.673469,0.557522,0.735632,0.542857,0.673684,0.59596,0.554455,0.591837,0.558824,0.610526,0.638095,0.632075,0.56383,0.524272,0.546392,0.633929,0.647727,0.480769,0.552083,0.564103,0.614458,0.633663,0.545455,
19200,0.587156,0.648352,0.686275,0.612245,0.480769,0.645833,0.632075,0.648936,0.616071,0.727273,0.662921,0.648649,0.588235,0.663265,0.534653,0.646465,0.568627,0.673469,0.57732,0.572816,0.635417,0.596154,0.557692,0.6875,0.587629,0.621359,0.567308,0.635417,0.554348,0.638889,0.67,0.68,0.726316,0.666667,0.56383,0.603774,0.596154,0.5625,0.59434,0.62766,0.584158,0.505051,0.612245,0.54902,0.54902,0.683673,0.638298,0.698113,0.526882,0.570093,0.67,0.59,0.602151,0.635514,0.663462,0.520833,0.571429,0.621053,0.494624,0.457944,0.71,0.6,0.540816,0.686275,0.622642,0.489362,0.598214,0.556818,0.63,0.59,0.647619,0.652632,0.617021,0.613208,0.604167,0.634615,0.634615,0.572917,0.564356,0.545455,0.534653,0.606061,0.607843,0.55102,0.604396,0.59633,0.520833,0.567308,0.514851,0.626263,0.575758,0.663366,0.718447,0.57732,0.677083,0.605769,0.581818,0.7,0.511364,0.642857,
19400,0.53271,0.655914,0.572816,0.587629,0.655914,0.607477,0.635417,0.625,0.542553,0.679245,0.592233,0.587629,0.663462,0.604167,0.516484,0.577982,0.615385,0.59375,0.59434,0.659574,0.570093,0.655914,0.606383,0.584906,0.578947,0.580952,0.583333,0.543478,0.588235,0.663265,0.45098,0.642857,0.556701,0.650485,0.5,0.6,0.535354,0.663366,0.616822,0.591398,0.580645,0.570093,0.625,0.660714,0.676471,0.581633,0.635294,0.66087,0.764706,0.520408,0.569892,0.626168,0.674419,0.587719,0.477064,0.648352,0.558824,0.744898,0.546392,0.68932,0.606383,0.575472,0.607843,0.632653,0.604167,0.586538,0.613861,0.585859,0.626374,0.623853,0.670103,0.572816,0.628866,0.669903,0.577778,0.627273,0.612245,0.539216,0.59292,0.528736,0.653465,0.545455,0.610526,0.695238,0.626168,0.645161,0.705263,0.561905,0.61,0.59,0.752294,0.582418,0.607843,0.653061,0.569892,0.570093,0.536842,0.504762,0.595745,0.688679,
19600,0.695652,0.635294,0.525253,0.663366,0.669903,0.608247,0.649485,0.582524,0.572727,0.611111,0.627273,0.622222,0.554455,0.575758,0.698925,0.663551,0.676471,0.540816,0.592593,0.554348,0.582418,0.59633,0.545455,0.653465,0.604396,0.66055,0.635417,0.605769,0.689655,0.566372,0.644231,0.708333,0.67,0.61,0.701923,0.572917,0.604167,0.557692,0.590909,0.535714,0.552083,0.615385,0.495413,0.549451,0.663265,0.607843,0.608696,0.601852,0.575472,0.670213,0.584158,0.636364,0.530612,0.607843,0.554348,0.685185,0.574468,0.59434,0.581633,0.647059,0.572816,0.731959,0.666667,0.569767,0.547826,0.6,0.646465,0.564356,0.53125,0.605769,0.557692,0.510417,0.54955,0.629213,0.608247,0.631068,0.617021,0.603774,0.622642,0.702128,0.540816,0.637255,0.576923,0.65625,0.579439,0.55914,0.604396,0.651376,0.698925,0.579439,0.62963,0.597826,0.555556,0.521739,0.659091,0.678571,0.680851,0.603774,0.692308,0.66055,
19800,0.568627,0.591837,0.516129,0.616822,0.587719,0.709302,0.558559,0.494382,0.576923,0.541667,0.535354,0.663366,0.510417,0.605769,0.552083,0.653846,0.596154,0.604167,0.597701,0.610619,0.548077,0.5625,0.536842,0.571429,0.509804,0.591837,0.518868,0.606383,0.616822,0.569892,0.532609,0.62037,0.580952,0.621053,0.478261,0.601852,0.595745,0.54717,0.62,0.56,0.607843,0.683673,0.666667,0.565217,0.602041,0.656863,0.579439,0.655914,0.52,0.61,0.516854,0.594595,0.576923,0.666667,0.607843,0.653061,0.554455,0.626263,0.652174,0.574074,0.516129,0.598131,0.52,0.62,0.570093,0.634409,0.56383,0.54717,0.59434,0.638298,0.534653,0.626263,0.655914,0.616822,0.638095,0.578947,0.642105,0.580952,0.473118,0.607477,0.655172,0.557522,0.583333,0.5,0.565217,0.592593,0.536082,0.650485,0.59434,0.574468,0.653465,0.525253,0.559633,0.648352,0.582609,0.447059,0.612903,0.542056,0.643678,0.637168,
20000,0.641509,0.56383,0.604167,0.548077,0.572816,0.608247,0.617647,0.632653,0.61165,0.556701,0.670588,0.608696,0.70297,0.585859,0.648352,0.513761,0.574074,0.597826,0.570093,0.505376,0.653465,0.575758,0.659574,0.509434,0.597701,0.566372,0.637255,0.510204,0.604167,0.567308,0.630631,0.483146,0.685185,0.532609,0.666667,0.554455,0.615385,0.633028,0.582418,0.678899,0.565657,0.534653,0.663551,0.666667,0.59434,0.617021,0.659341,0.577982,0.632653,0.578431,0.583333,0.7,0.65,0.52,0.655556,0.545455,0.520833,0.519231,0.673469,0.539216,0.566038,0.553191,0.628866,0.572816,0.569892,0.579439,0.622449,0.54902,0.68932,0.639175,0.619565,0.564815,0.530612,0.568627,0.603774,0.521277,0.580645,0.523364,0.606061,0.594059,0.742857,0.578947,0.560748,0.634409,0.591837,0.588235,0.56,0.59,0.736842,0.647619,0.443396,0.56383,0.586207,0.584071,0.515152,0.643564,0.62766,0.509434,0.676471,0.612245,
20200,0.626263,0.534653,0.632075,0.606383,0.592233,0.515464,0.588889,0.609091,0.641667,0.65,0.619048,0.586207,0.558824,0.622449,0.583333,0.605769,0.49,0.73,0.575472,0.62766,0.62963,0.597826,0.6,0.64,0.610526,0.571429,0.504762,0.536842,0.597826,0.5,0.638298,0.622642,0.458333,0.586538,0.583333,0.663462,0.647059,0.714286,0.594059,0.69697,0.56044,0.642202,0.582418,0.614679,0.580952,0.631579,0.605263,0.5,0.601942,0.536082,0.532609,0.592593,0.557895,0.552381,0.593407,0.651376,0.74,0.57,0.604396,0.642202,0.552083,0.701923,0.583333,0.538462,0.625,0.567308,0.564356,0.555556,0.586538,0.635417,0.660194,0.597938,0.630435,0.62037,0.601852,0.619565,0.607477,0.569892,0.630435,0.555556,0.607843,0.642857,0.62037,0.630435,0.636364,0.574257,0.57732,0.572816,0.556604,0.595745,0.640449,0.522523,0.489362,0.556604,0.597938,0.601942,0.544554,0.606061,0.635417,0.634615,
20400,0.648936,0.54717,0.647619,0.694737,0.642857,0.588235,0.715686,0.581633,0.62,0.41,0.563107,0.525773,0.59375,0.615385,0.653465,0.69697,0.677083,0.576923,0.69697,0.623762,0.660194,0.690722,0.590476,0.673684,0.683673,0.54902,0.642202,0.582418,0.575472,0.638298,0.67619,0.589474,0.570093,0.580645,0.443396,0.638298,0.636364,0.601626,0.545455,0.683168,0.635514,0.580645,0.677419,0.607477,0.524272,0.587629,0.605769,0.541667,0.621053,0.542857,0.537634,0.560748,0.487179,0.771084,0.652174,0.62037,0.533333,0.6875,0.534653,0.606061,0.630952,0.594828,0.601942,0.618557,0.730337,0.648649,0.68,0.63,0.59633,0.604396,0.582418,0.66055,0.684211,0.561905,0.53,0.58,0.628319,0.494253,0.663366,0.565657,0.543689,0.618557,0.660194,0.56701,0.625,0.602273,0.58,0.57,0.55914,0.560748,0.669811,0.617021,0.635294,0.678261,0.55,0.62,0.630631,0.662921,0.54386,0.546512,
20600,0.538462,0.651376,0.666667,0.576923,0.579439,0.526882,0.57,0.62,0.59596,0.712871,0.534091,0.589286,0.571429,0.519608,0.62963,0.48913,0.61165,0.628866,0.67,0.62,0.543478,0.648148,0.628319,0.666667,0.593407,0.752294,0.568421,0.590476,0.59,0.66,0.617978,0.675676,0.604651,0.614035,0.711111,0.618182,0.666667,0.612245,0.640777,0.57732,0.656566,0.574257,0.594595,0.595506,0.548077,0.520833,0.535354,0.60396,0.684211,0.647619,0.584906,0.680851,0.676471,0.632653,0.54717,0.659574,0.717391,0.731481,0.635417,0.548077,0.615385,0.559633,0.604396,0.651376,0.53125,0.548077,0.615385,0.614583,0.583333,0.615385,0.643564,0.555556,0.616162,0.524752,0.663551,0.677419,0.693069,0.636364,0.621053,0.647619,0.556604,0.62766,0.606742,0.54955,0.540816,0.568627,0.528736,0.548673,0.509615,0.5625,0.647059,0.602041,0.546512,0.526316,0.615385,0.604167,0.634409,0.588785,0.632653,0.647059,
20800,0.578431,0.602041,0.672897,0.612903,0.645833,0.625,0.595745,0.603774,0.742857,0.536842,0.592233,0.505155,0.589474,0.561905,0.602151,0.570093,0.673077,0.614583,0.590361,0.538462,0.663158,0.552381,0.633929,0.579545,0.63,0.5,0.688172,0.626168,0.407767,0.556701,0.568627,0.602041,0.485149,0.545455,0.531532,0.674157,0.586538,0.5625,0.686275,0.510204,0.480392,0.612245,0.54717,0.617021,0.567568,0.550562,0.52381,0.610526,0.691489,0.566038,0.574468,0.603774,0.64486,0.688172,0.534653,0.585859,0.542056,0.537634,0.60396,0.656566,0.59633,0.571429,0.598039,0.653061,0.553398,0.587629,0.522523,0.651685,0.54717,0.670213,0.494253,0.628319,0.568421,0.628571,0.566038,0.56383,0.6,0.611111,0.593407,0.623853,0.568421,0.590476,0.518182,0.655556,0.597701,0.637168,0.633333,0.618182,0.65625,0.490385,0.642857,0.558824,0.71028,0.55914,0.598039,0.622449,0.626168,0.612903,0.641509,0.648936,
21000,0.515152,0.514851,0.542857,0.547368,0.672897,0.569892,0.576923,0.625,0.647059,0.612245,0.636364,0.633929,0.515789,0.657143,0.622222,0.627273,0.58,0.6,0.534653,0.555556,0.570093,0.569892,0.539216,0.612245,0.575758,0.633663,0.659574,0.641509,0.642105,0.571429,0.576923,0.614583,0.605769,0.59375,0.663265,0.686275,0.640777,0.649485,0.56383,0.54717,0.649485,0.699029,0.574257,0.636364,0.596154,0.625,0.637255,0.622449,0.515789,0.533333,0.673077,0.479167,0.567308,0.59375,0.534091,0.491071,0.5,0.66,0.520833,0.548077,0.681416,0.62069,0.619048,0.631579,0.551724,0.672566,0.575758,0.485149,0.670103,0.660194,0.564815,0.663043,0.495327,0.655914,0.657895,0.627907,0.60396,0.616162,0.54955,0.561798,0.649485,0.582524,0.633333,0.572727,0.622807,0.662791,0.606742,0.621622,0.485437,0.628866,0.639535,0.596491,0.554217,0.709402,0.631068,0.57732,0.703297,0.577982,0.583333,0.586957,
21200,0.570093,0.645161,0.642105,0.695238,0.616162,0.643564,0.590476,0.663158,0.577982,0.527473,0.589474,0.580952,0.59633,0.626374,0.582524,0.597938,0.58427,0.603604,0.547368,0.647619,0.583333,0.576923,0.701923,0.635417,0.628571,0.631579,0.594059,0.727273,0.651685,0.657658,0.670213,0.566038,0.65625,0.586538,0.59,0.46,0.614583,0.519231,0.575758,0.544554,0.575758,0.534653,0.550562,0.612613,0.571429,0.642202,0.604167,0.653846,0.514286,0.652632,0.607477,0.569892,0.516129,0.607477,0.744186,0.578947,0.635294,0.6,0.642857,0.617647,0.663158,0.619048,0.525773,0.572816,0.608247,0.640777,0.612903,0.654206,0.564815,0.597826,0.548077,0.604167,0.634615,0.552083,0.565217,0.555556,0.533898,0.597561,0.647727,0.544643,0.610526,0.542857,0.60396,0.656566,0.571429,0.519608,0.541284,0.56044,0.550459,0.615385,0.58427,0.603604,0.707547,0.638298,0.543478,0.601852,0.729167,0.653846,0.615385,0.651376,
21400,0.611111,0.663043,0.612613,0.58427,0.650943,0.712766,0.61,0.65,0.590476,0.663158,0.642857,0.607843,0.544554,0.585859,0.575472,0.648936,0.59375,0.567308,0.675676,0.595506,0.54955,0.539326,0.536082,0.504854,0.633663,0.494949,0.625,0.604167,0.58,0.7,0.637363,0.688073,0.543689,0.618557,0.64,0.55,0.593407,0.513761,0.522222,0.7,0.578947,0.628571,0.641304,0.675926,0.55914,0.626168,0.578947,0.571429,0.622449,0.676471,0.614679,0.615385,0.6,0.530435,0.699029,0.57732,0.65625,0.596154,0.583333,0.597826,0.55,0.61,0.653846,0.614583,0.578947,0.534884,0.680851,0.54717,0.663043,0.611111,0.58427,0.558559,0.663043,0.592593,0.552381,0.547368,0.610526,0.6,0.663158,0.628571,0.533898,0.573171,0.663366,0.535354,0.635514,0.537634,0.642202,0.615385,0.648352,0.651376,0.64486,0.591398,0.588785,0.591398,0.644231,0.625,0.52381,0.547368,0.626374,0.605505,
21600,0.63,0.58,0.653465,0.606061,0.72043,0.588785,0.685714,0.621053,0.58,0.65,0.650485,0.618557,0.663717,0.586207,0.572917,0.509615,0.520408,0.529412,0.589474,0.67619,0.648352,0.587156,0.628571,0.568421,0.622642,0.574468,0.608247,0.640777,0.685714,0.526316,0.61165,0.608247,0.642857,0.656863,0.617647,0.561224,0.515464,0.621359,0.648936,0.603774,0.613861,0.616162,0.47,0.6,0.567308,0.59375,0.592233,0.505155,0.583333,0.653846,0.55,0.58,0.645833,0.625,0.542553,0.584906,0.593407,0.550459,0.615385,0.635417,0.557895,0.495238,0.594059,0.616162,0.578431,0.612245,0.581818,0.588889,0.618557,0.679612,0.672897,0.55914,0.574468,0.462264,0.578431,0.612245,0.57,0.66,0.65625,0.615385,0.578947,0.638095,0.628571,0.631579,0.704082,0.598039,0.669903,0.56701,0.704082,0.607843,0.718447,0.639175,0.540541,0.617978,0.567568,0.674157,0.574257,0.565657,0.659574,0.622642,
21800,0.610526,0.609524,0.626168,0.612903,0.534091,0.660714,0.642105,0.6,0.574074,0.554348,0.588235,0.591837,0.638298,0.566038,0.490196,0.642857,0.591837,0.676471,0.678161,0.539823,0.565217,0.509259,0.689655,0.504425,0.608696,0.611111,0.663043,0.537037,0.652632,0.542857,0.6,0.6,0.676471,0.653061,0.719101,0.648649,0.686869,0.613861,0.63964,0.550562,0.617647,0.591837,0.608696,0.583333,0.608696,0.611111,0.637255,0.591837,0.551402,0.612903,0.685185,0.521739,0.669903,0.649485,0.568182,0.580357,0.680851,0.584906,0.628866,0.669903,0.602041,0.686275,0.578947,0.651163,0.65,0.61,0.539216,0.714286,0.585859,0.574257,0.586538,0.614583,0.609195,0.654867,0.553398,0.608247,0.717391,0.592593,0.55,0.61,0.610526,0.6,0.635417,0.615385,0.553571,0.693182,0.644231,0.59375,0.636364,0.584158,0.485437,0.597938,0.577982,0.494505,0.632653,0.519608,0.717391,0.62037,0.653061,0.627451,
22000,0.666667,0.644231,0.530973,0.54023,0.505051,0.594059,0.602041,0.529412,0.533333,0.642105,0.583333,0.586538,0.765957,0.584906,0.63964,0.629213,0.644231,0.489583,0.48,0.63,0.613208,0.648936,0.622449,0.705882,0.666667,0.589474,0.67033,0.614679,0.590476,0.6,0.63,0.47,0.647619,0.473684,0.622642,0.585106,0.528846,0.666667,0.673913,0.509259,0.619565,0.638889,0.611111,0.641304,0.693069,0.535354,0.638298,0.650943,0.688172,0.542056,0.628866,0.553398,0.614679,0.571429,0.588785,0.623656,0.533333,0.545455,0.585859,0.584158,0.554455,0.646465,0.659574,0.59434,0.59633,0.637363,0.56383,0.584906,0.553191,0.59434,0.697917,0.557692,0.584158,0.686869,0.572816,0.618557,0.529412,0.634783,0.511364,0.580357,0.574468,0.650943,0.632653,0.470588,0.574074,0.608696,0.521277,0.622642,0.597938,0.514563,0.583333,0.641304,0.613861,0.626263,0.606061,0.623762,0.55914,0.514019,0.647059,0.622449,
22200,0.663158,0.571429,0.60177,0.54023,0.60396,0.646465,0.555556,0.618182,0.568627,0.663265,0.708738,0.505155,0.586957,0.675926,0.564356,0.707071,0.585859,0.653465,0.627907,0.578947,0.602151,0.672897,0.546392,0.485437,0.572917,0.663462,0.595238,0.594828,0.612903,0.570093,0.584158,0.565657,0.64,0.7,0.595745,0.528302,0.53125,0.644231,0.389474,0.571429,0.557895,0.6,0.633663,0.656566,0.532609,0.703704,0.72381,0.694737,0.578431,0.653061,0.65625,0.673077,0.588235,0.6,0.622642,0.606383,0.58,0.62,0.632653,0.666667,0.567797,0.646341,0.563107,0.546392,0.546392,0.601942,0.595506,0.666667,0.585859,0.524752,0.541284,0.681319,0.5625,0.567308,0.587629,0.553398,0.594059,0.616162,0.657407,0.565217,0.589474,0.609524,0.53,0.61,0.551724,0.566372,0.55914,0.663551,0.530612,0.617647,0.563636,0.633333,0.552381,0.705263,0.686275,0.653061,0.513761,0.659341,0.588889,0.654545,
22400,0.590476,0.684211,0.570093,0.602151,0.579545,0.589286,0.65625,0.509615,0.691489,0.528302,0.558824,0.602041,0.55,0.52,0.625,0.576923,0.635417,0.451923,0.594937,0.677686,0.604396,0.651376,0.552381,0.578947,0.490196,0.530612,0.631068,0.670103,0.68932,0.608247,0.74,0.61,0.71875,0.596154,0.72,0.62,0.736842,0.552381,0.654206,0.580645,0.598214,0.659091,0.670455,0.625,0.623762,0.515152,0.729167,0.528846,0.610526,0.628571,0.652174,0.601852,0.632075,0.638298,0.5625,0.625,0.649485,0.640777,0.571429,0.587156,0.631579,0.52381,0.602273,0.535714,0.670213,0.622642,0.670103,0.61165,0.585859,0.544554,0.541667,0.673077,0.574713,0.637168,0.683673,0.568627,0.560748,0.666667,0.5625,0.625,0.590476,0.684211,0.622642,0.606383,0.619565,0.62037,0.646465,0.673267,0.625,0.583333,0.590476,0.663158,0.579439,0.634409,0.554455,0.575758,0.576923,0.5625,0.526882,0.598131,
22600,0.515152,0.574257,0.585586,0.606742,0.587156,0.571429,0.494845,0.650485,0.545455,0.613861,0.567308,0.677083,0.516484,0.651376,0.662921,0.693694,0.574074,0.652174,0.61165,0.639175,0.674157,0.603604,0.66,0.7,0.612903,0.635514,0.541667,0.634615,0.447917,0.692308,0.543478,0.648148,0.529412,0.622449,0.469388,0.705882,0.631579,0.704762,0.632653,0.519608,0.642857,0.647059,0.666667,0.526316,0.593407,0.495413,0.553571,0.636364,0.6,0.590909,0.556818,0.517857,0.6,0.611111,0.528846,0.59375,0.651786,0.647727,0.606061,0.584158,0.555556,0.609091,0.679612,0.587629,0.5625,0.613636,0.560748,0.55914,0.505155,0.660194,0.690722,0.592233,0.545455,0.693069,0.551724,0.504425,0.663265,0.529412,0.62,0.6,0.587719,0.627907,0.639175,0.640777,0.647059,0.571429,0.684685,0.494382,0.48913,0.62037,0.537037,0.402174,0.568966,0.607143,0.552381,0.547368,0.673077,0.59375,0.568182,0.553571,
22800,0.6875,0.596154,0.519231,0.645833,0.568627,0.632653,0.605263,0.651163,0.693069,0.535354,0.475728,0.639175,0.55102,0.686275,0.557895,0.580952,0.59596,0.594059,0.674157,0.504505,0.570093,0.580645,0.632075,0.574468,0.609091,0.622222,0.721649,0.572816,0.55102,0.578431,0.627451,0.581633,0.615385,0.53125,0.578947,0.593023,0.659574,0.632075,0.653465,0.555556,0.63964,0.606742,0.591837,0.529412,0.56701,0.660194,0.53211,0.604396,0.448598,0.612903,0.584158,0.565657,0.555556,0.653465,0.619048,0.621053,0.572727,0.533333,0.53125,0.557692,0.557895,0.533333,0.505051,0.594059,0.53,0.66,0.568421,0.52381,0.598214,0.636364,0.617021,0.566038,0.638889,0.619565,0.56383,0.660377,0.583333,0.721154,0.574468,0.632075,0.590476,0.568421,0.657143,0.631579,0.541284,0.593407,0.653465,0.585859,0.645161,0.570093,0.56,0.7,0.633663,0.464646,0.648936,0.632075,0.55914,0.579439,0.653465,0.545455,
23000,0.649123,0.604651,0.628571,0.621053,0.612245,0.676471,0.638095,0.557895,0.538462,0.65625,0.690722,0.660194,0.606742,0.594595,0.633663,0.525253,0.59,0.66,0.609091,0.577778,0.578431,0.55102,0.613208,0.521277,0.576087,0.601852,0.621053,0.580952,0.659574,0.650943,0.538462,0.614583,0.515464,0.592233,0.59596,0.594059,0.606383,0.5,0.676768,0.673267,0.588235,0.591837,0.582524,0.587629,0.525253,0.653465,0.653846,0.583333,0.637363,0.541284,0.509804,0.642857,0.6875,0.615385,0.536842,0.590476,0.653061,0.627451,0.652632,0.609524,0.538462,0.572917,0.617647,0.612245,0.56383,0.660377,0.646018,0.609195,0.628571,0.589474,0.597701,0.522124,0.58,0.56,0.553191,0.603774,0.464646,0.485149,0.552083,0.644231,0.58427,0.567568,0.614583,0.615385,0.612613,0.662921,0.729167,0.701923,0.622449,0.598039,0.647619,0.621053,0.634615,0.572917,0.566372,0.597701,0.556701,0.737864,0.608247,0.640777,
23200,0.563107,0.659794,0.72,0.69,0.597701,0.460177,0.494737,0.666667,0.557895,0.638095,0.541667,0.586538,0.619565,0.564815,0.617978,0.567568,0.730337,0.63964,0.514019,0.55914,0.575758,0.554455,0.642105,0.685714,0.616822,0.655914,0.550562,0.738739,0.431373,0.653061,0.495146,0.690722,0.438776,0.627451,0.514851,0.676768,0.472727,0.7,0.586957,0.537037,0.576923,0.645833,0.552083,0.615385,0.557895,0.666667,0.554348,0.62037,0.683168,0.666667,0.580645,0.682243,0.591398,0.607477,0.564706,0.565217,0.594828,0.571429,0.7,0.477778,0.581633,0.647059,0.548077,0.645833,0.666667,0.652632,0.572917,0.644231,0.583333,0.619565,0.608247,0.572816,0.563107,0.57732,0.545455,0.60396,0.666667,0.623762,0.64486,0.623656,0.564356,0.505051,0.616822,0.602151,0.655914,0.598131,0.595745,0.566038,0.648148,0.576087,0.514563,0.731959,0.704762,0.673684,0.631579,0.685714,0.626168,0.548387,0.617021,0.613208,
23400,0.648148,0.630435,0.613636,0.616071,0.606383,0.5,0.555556,0.544554,0.444444,0.630435,0.672566,0.597701,0.51,0.56,0.568627,0.530612,0.625,0.634615,0.597701,0.610619,0.52,0.69,0.49,0.67,0.614583,0.634615,0.419355,0.53271,0.615385,0.510417,0.56383,0.59434,0.572917,0.740385,0.5,0.633333,0.484211,0.561905,0.510638,0.698113,0.591304,0.611765,0.557522,0.632184,0.613208,0.478723,0.56383,0.622642,0.542553,0.669811,0.537634,0.654206,0.566038,0.744681,0.58427,0.621622,0.567901,0.596639,0.604396,0.614679,0.509615,0.520833,0.690722,0.640777,0.54717,0.468085,0.575472,0.56383,0.72973,0.595506,0.663366,0.505051,0.602041,0.637255,0.545455,0.564356,0.588235,0.632653,0.602273,0.553571,0.634615,0.625,0.639175,0.650485,0.682353,0.486957,0.489796,0.647059,0.670455,0.571429,0.709677,0.542056,0.572917,0.567308,0.590909,0.571429,0.57,0.63,0.628866,0.563107,
23600,0.552083,0.567308,0.686275,0.581633,0.528846,0.635417,0.62,0.58,0.64,0.62,0.56383,0.650943,0.602151,0.607477,0.552381,0.6,0.488095,0.586207,0.567308,0.697917,0.510417,0.653846,0.584158,0.59596,0.490385,0.552083,0.632653,0.5,0.525773,0.456311,0.5,0.447917,0.576087,0.638889,0.554348,0.592593,0.602151,0.588785,0.565657,0.613861,0.711538,0.625,0.446602,0.525773,0.514019,0.709677,0.553398,0.536082,0.639175,0.631068,0.640449,0.576577,0.583333,0.586538,0.560748,0.634409,0.533981,0.525773,0.54717,0.638298,0.608696,0.638889,0.650485,0.608247,0.60396,0.525253,0.567308,0.510417,0.628866,0.543689,0.586207,0.610619,0.54023,0.60177,0.522523,0.595506,0.71134,0.533981,0.648148,0.663043,0.541667,0.586538,0.634615,0.6875,0.584906,0.606383,0.609091,0.555556,0.620253,0.578512,0.602151,0.588785,0.572917,0.605769,0.550459,0.593407,0.514019,0.580645,0.582418,0.513761,
23800,0.556701,0.466019,0.557895,0.619048,0.619565,0.759259,0.505495,0.605505,0.59596,0.564356,0.495238,0.547368,0.657658,0.516854,0.608247,0.669903,0.566667,0.618182,0.532609,0.583333,0.627451,0.530612,0.566265,0.623932,0.660194,0.618557,0.574468,0.632075,0.660377,0.638298,0.659794,0.679612,0.677083,0.615385,0.580645,0.514019,0.602151,0.64486,0.637255,0.510204,0.574257,0.515152,0.566667,0.645455,0.608247,0.660194,0.568807,0.604396,0.566038,0.606383,0.609091,0.588889,0.556604,0.531915,0.609524,0.652632,0.584158,0.636364,0.679245,0.670213,0.601942,0.670103,0.693069,0.616162,0.544554,0.616162,0.635514,0.612903,0.532609,0.611111,0.584158,0.636364,0.76,0.63,0.622449,0.676471,0.536082,0.650485,0.571429,0.627451,0.545455,0.617886,0.618182,0.6,0.591837,0.529412,0.554455,0.626263,0.608696,0.648148,0.586538,0.635417,0.596154,0.604167,0.484211,0.72381,0.559633,0.604396,0.584906,0.638298,
24000,0.561905,0.610526,0.564356,0.575758,0.666667,0.485981,0.631579,0.685714,0.663158,0.552381,0.540541,0.561798,0.586957,0.601852,0.609091,0.566667,0.582418,0.587156,0.596154,0.520833,0.53,0.51,0.672727,0.577778,0.623656,0.607477,0.62766,0.566038,0.642105,0.590476,0.654206,0.602151,0.692308,0.552083,0.633929,0.568182,0.657658,0.494382,0.613861,0.626263,0.58427,0.675676,0.626263,0.633663,0.628866,0.61165,0.605769,0.604167,0.64,0.6,0.635417,0.557692,0.5,0.54,0.653061,0.617647,0.541667,0.673077,0.590476,0.642105,0.63,0.7,0.551402,0.666667,0.619565,0.574074,0.615385,0.677083,0.536842,0.67619,0.623762,0.535354,0.605769,0.625,0.663043,0.611111,0.64486,0.688172,0.571429,0.556818,0.659794,0.621359,0.731959,0.631068,0.56,0.65,0.571429,0.621053,0.613208,0.702128,0.608247,0.631068,0.62766,0.632075,0.622449,0.490196,0.647059,0.608696,0.630435,0.675926,
24200,0.585859,0.574257,0.692308,0.605505,0.604396,0.651376,0.673267,0.616162,0.663366,0.565657,0.679612,0.536082,0.53211,0.626374,0.555556,0.6,0.655172,0.60177,0.5625,0.528846,0.615385,0.625,0.568182,0.5625,0.580645,0.588785,0.631579,0.647619,0.653061,0.666667,0.657143,0.473684,0.72449,0.578431,0.675926,0.630435,0.698925,0.598131,0.643564,0.616162,0.735849,0.606383,0.663366,0.636364,0.715596,0.648352,0.593407,0.522936,0.640777,0.56701,0.715909,0.535714,0.522222,0.527273,0.590476,0.568421,0.617021,0.509434,0.628866,0.543689,0.604651,0.517544,0.536082,0.543689,0.514851,0.626263,0.625,0.644231,0.626263,0.524752,0.63,0.67,0.590476,0.6,0.672727,0.544444,0.56701,0.533981,0.6,0.589474,0.605042,0.518519,0.625,0.604167,0.536082,0.533981,0.509615,0.59375,0.731959,0.660194,0.517241,0.539823,0.553398,0.639175,0.642202,0.56044,0.659794,0.582524,0.666667,0.626168,
24400,0.614583,0.625,0.479592,0.558824,0.62069,0.610619,0.617647,0.602041,0.5,0.574468,0.683168,0.555556,0.505747,0.654867,0.56701,0.504854,0.445545,0.59596,0.588785,0.688172,0.640777,0.597938,0.543689,0.505155,0.666667,0.490385,0.57,0.56,0.57265,0.578313,0.613861,0.626263,0.546392,0.660194,0.605505,0.582418,0.59375,0.634615,0.56701,0.631068,0.542056,0.612903,0.55,0.71,0.61165,0.680412,0.652632,0.72381,0.555556,0.633663,0.62,0.59,0.606383,0.481132,0.59375,0.471154,0.585859,0.594059,0.53211,0.582418,0.634615,0.520833,0.589474,0.609524,0.561224,0.696078,0.586538,0.708333,0.621053,0.628571,0.652174,0.601852,0.618557,0.592233,0.601942,0.639175,0.617021,0.566038,0.608696,0.635294,0.584158,0.656566,0.556818,0.642857,0.463636,0.677778,0.639535,0.5,0.55102,0.598039,0.676768,0.643564,0.555556,0.608696,0.652632,0.571429,0.557895,0.647619,0.577778,0.509091,
24600,0.509615,0.604167,0.673267,0.636364,0.55814,0.614035,0.608247,0.68932,0.598039,0.622449,0.581818,0.633333,0.737864,0.597938,0.62766,0.613208,0.744898,0.568627,0.71875,0.644231,0.737374,0.544554,0.587156,0.725275,0.602041,0.666667,0.583333,0.634615,0.666667,0.663717,0.705357,0.613636,0.680412,0.533981,0.662921,0.567568,0.65,0.63,0.641026,0.674699,0.561224,0.607843,0.565657,0.574257,0.505051,0.60396,0.568627,0.653061,0.609091,0.6,0.591398,0.579439,0.62037,0.608696,0.609091,0.633333,0.574257,0.646465,0.627907,0.570175,0.6,0.681818,0.670103,0.621359,0.617647,0.571429,0.635514,0.591398,0.535088,0.581395,0.598131,0.731183,0.641304,0.62963,0.601852,0.597826,0.643564,0.626263,0.534653,0.535354,0.618557,0.572816,0.607843,0.602041,0.653061,0.627451,0.663366,0.515152,0.64486,0.516129,0.582418,0.577982,0.531915,0.660377,0.527778,0.597826,0.5,0.588235,0.604396,0.614679,
24800,0.567308,0.604167,0.607477,0.591398,0.71028,0.591398,0.64,0.64,0.591398,0.579439,0.651685,0.666667,0.63,0.58,0.521277,0.632075,0.530612,0.568627,0.59375,0.634615,0.56383,0.716981,0.621053,0.561905,0.625,0.6875,0.528736,0.699115,0.62766,0.688679,0.551402,0.741935,0.46,0.63,0.597826,0.546296,0.582524,0.587629,0.645455,0.644444,0.495575,0.574713,0.571429,0.625,0.659794,0.621359,0.587156,0.582418,0.628571,0.621053,0.617647,0.55102,0.660194,0.731959,0.468085,0.660377,0.612903,0.616822,0.572816,0.639175,0.616822,0.623656,0.62,0.64,0.645833,0.615385,0.552083,0.538462,0.715686,0.632653,0.543689,0.56701,0.586957,0.546296,0.56383,0.566038,0.557692,0.583333,0.607477,0.569892,0.579439,0.612903,0.608696,0.576471,0.494737,0.704762,0.594595,0.719101,0.580952,0.589474,0.598039,0.602041,0.597938,0.572816,0.6,0.61,0.625,0.605769,0.6,0.647059,
25000,0.589286,0.613636,0.536082,0.524272,0.495327,0.612903,0.585106,0.54717,0.656566,0.633663,0.623762,0.646465,0.540816,0.647059,0.581395,0.570175,0.682692,0.59375,0.643564,0.717172,0.656566,0.554455,0.654545,0.622222,0.605505,0.571429,0.650943,0.702128,0.5,0.614583,0.514563,0.639175,0.542553,0.650943,0.580645,0.560748,0.591837,0.617647,0.666667,0.622449,0.727273,0.544554,0.633663,0.585859,0.626263,0.693069,0.520408,0.647059,0.673684,0.590476,0.575758,0.584158,0.5,0.608696,0.58,0.6,0.652174,0.546296,0.697674,0.561404,0.622449,0.666667,0.585859,0.613861,0.631579,0.628571,0.626263,0.564356,0.672566,0.770115,0.574713,0.654867,0.550562,0.63964,0.61,0.64,0.6875,0.673077,0.56,0.62,0.572917,0.625,0.608696,0.592593,0.625,0.615385,0.56,0.61,0.569892,0.607477,0.670103,0.572816,0.539326,0.585586,0.612245,0.627451,0.581633,0.588235,0.526882,0.71028,
25200,0.686869,0.653465,0.607477,0.634409,0.6,0.609524,0.621053,0.533333,0.623853,0.593407,0.551724,0.619048,0.55102,0.676471,0.627907,0.631579,0.663265,0.617647,0.563107,0.536082,0.593023,0.517544,0.539326,0.558559,0.642202,0.626374,0.693878,0.558824,0.653061,0.637255,0.630631,0.629213,0.591837,0.558824,0.631068,0.556701,0.584906,0.56383,0.53125,0.634615,0.652174,0.601852,0.524752,0.626263,0.542857,0.494737,0.628571,0.547368,0.61,0.62,0.626374,0.614679,0.606742,0.63964,0.715686,0.632653,0.686869,0.732673,0.606061,0.633663,0.6,0.545455,0.583333,0.721154,0.673267,0.686869,0.544554,0.606061,0.568627,0.673469,0.5,0.511111,0.617021,0.603774,0.617978,0.576577,0.569767,0.631579,0.662791,0.631579,0.608696,0.546296,0.548673,0.597701,0.686275,0.530612,0.651786,0.556818,0.619048,0.694737,0.572917,0.634615,0.5,0.574074,0.71134,0.621359,0.648148,0.630435,0.569892,0.598131,
25400,0.563107,0.536082,0.669811,0.670213,0.622807,0.546512,0.70297,0.707071,0.607143,0.590909,0.550562,0.648649,0.563107,0.546392,0.55914,0.570093,0.531915,0.603774,0.632075,0.648936,0.647619,0.652632,0.66,0.63,0.616822,0.655914,0.58,0.59,0.619048,0.577586,0.431818,0.553571,0.504673,0.591398,0.45,0.62,0.529412,0.612245,0.581395,0.649123,0.556701,0.61165,0.630435,0.638889,0.558824,0.55102,0.576923,0.625,0.610526,0.580952,0.510204,0.607843,0.627273,0.644444,0.58,0.63,0.670103,0.631068,0.586957,0.583333,0.574074,0.608696,0.563636,0.633333,0.557692,0.489583,0.484536,0.533981,0.606383,0.59434,0.702128,0.528302,0.54321,0.546218,0.595745,0.603774,0.607477,0.55914,0.632075,0.617021,0.546296,0.641304,0.618557,0.68932,0.61,0.6,0.610526,0.609524,0.648936,0.490566,0.432692,0.666667,0.645161,0.542056,0.641509,0.702128,0.556701,0.621359,0.678161,0.610619,
25600,0.626263,0.50495,0.68932,0.556701,0.53,0.65,0.554455,0.545455,0.65,0.63,0.451923,0.583333,0.678899,0.505495,0.59,0.63,0.688172,0.626168,0.659574,0.632075,0.640777,0.597938,0.666667,0.615385,0.578947,0.628571,0.597938,0.640777,0.679245,0.5,0.639175,0.475728,0.657143,0.610526,0.56701,0.572816,0.515789,0.609524,0.59375,0.663462,0.466667,0.518182,0.592233,0.639175,0.644444,0.581818,0.640449,0.54955,0.5625,0.625,0.63964,0.707865,0.552381,0.610526,0.616162,0.584158,0.559322,0.609756,0.618644,0.621951,0.588235,0.663265,0.639175,0.68932,0.683673,0.647059,0.6,0.563636,0.577778,0.663636,0.673684,0.609524,0.673469,0.627451,0.582609,0.705882,0.588785,0.677419,0.571429,0.598039,0.648936,0.660377,0.597826,0.555556,0.71028,0.666667,0.588785,0.580645,0.621359,0.556701,0.656863,0.591837,0.634615,0.583333,0.626087,0.623529,0.652632,0.542857,0.641509,0.585106,
25800,0.59,0.72,0.52,0.62,0.658824,0.643478,0.567308,0.645833,0.56701,0.640777,0.594059,0.616162,0.520408,0.637255,0.63,0.59,0.548387,0.504673,0.590476,0.610526,0.544554,0.59596,0.552083,0.567308,0.693069,0.545455,0.706522,0.518519,0.598039,0.653061,0.626374,0.614679,0.607843,0.540816,0.793814,0.514563,0.809091,0.622222,0.66,0.58,0.666667,0.579439,0.580645,0.626168,0.6,0.575,0.633028,0.604396,0.62963,0.576087,0.688889,0.654545,0.633929,0.704545,0.581633,0.54902,0.553191,0.613208,0.572816,0.659794,0.663043,0.638889,0.558559,0.595506,0.579439,0.580645,0.606838,0.590361,0.556818,0.526786,0.607843,0.612245,0.516129,0.672897,0.575472,0.648936,0.597826,0.564815,0.637168,0.609195,0.663043,0.638889,0.57,0.6,0.610526,0.52381,0.572816,0.556701,0.612245,0.617647,0.663462,0.59375,0.653061,0.617647,0.612245,0.598039,0.663265,0.637255,0.528302,0.638298,
26000,0.621053,0.647619,0.583333,0.634615,0.583333,0.557692,0.552381,0.557895,0.61165,0.731959,0.642857,0.647059,0.612903,0.626168,0.663366,0.545455,0.6,0.65,0.553191,0.566038,0.626168,0.623656,0.566038,0.531915,0.63,0.57,0.530612,0.666667,0.647619,0.642105,0.666667,0.607477,0.670103,0.601942,0.616162,0.60396,0.586538,0.614583,0.602273,0.5,0.572727,0.666667,0.608247,0.553398,0.625,0.5625,0.43299,0.68932,0.573034,0.567568,0.637255,0.602041,0.634615,0.53125,0.632075,0.585106,0.612903,0.654206,0.563107,0.587629,0.602041,0.558824,0.53,0.53,0.602041,0.54902,0.699029,0.701031,0.610619,0.574713,0.578947,0.590476,0.581633,0.637255,0.632653,0.647059,0.542056,0.580645,0.641509,0.531915,0.58,0.56,0.586538,0.625,0.666667,0.612245,0.516484,0.550459,0.574074,0.532609,0.636364,0.574257,0.555556,0.630435,0.62,0.63,0.65625,0.615385,0.526882,0.700935,
26200,0.532609,0.611111,0.542056,0.623656,0.630631,0.573034,0.6,0.6,0.685185,0.652174,0.617391,0.564706,0.635514,0.569892,0.635417,0.644231,0.634615,0.677083,0.546392,0.650485,0.597938,0.61165,0.64,0.54,0.54717,0.585106,0.6,0.53913,0.481818,0.588889,0.621053,0.647619,0.533333,0.610526,0.6,0.66,0.589286,0.704545,0.574257,0.545455,0.663551,0.55914,0.66055,0.648352,0.692308,0.541667,0.640449,0.603604,0.645161,0.635514,0.66,0.62,0.629213,0.630631,0.618557,0.708738,0.610526,0.619048,0.609524,0.484211,0.504673,0.505376,0.605769,0.552083,0.663265,0.647059,0.663366,0.606061,0.563636,0.522222,0.580952,0.642105,0.568627,0.591837,0.556701,0.621359,0.546296,0.673913,0.623656,0.598131,0.513761,0.637363,0.645455,0.577778,0.536842,0.609524,0.652174,0.583333,0.606061,0.683168,0.541284,0.604396,0.567308,0.666667,0.580952,0.578947,0.53125,0.538462,0.728155,0.43299,
26400,0.67033,0.59633,0.62963,0.554348,0.645161,0.542056,0.57,0.64,0.419048,0.494737,0.623853,0.56044,0.630631,0.606742,0.641304,0.62037,0.580645,0.635514,0.565657,0.574257,0.540541,0.606742,0.572816,0.556701,0.585586,0.606742,0.669565,0.588235,0.637255,0.571429,0.68932,0.690722,0.698925,0.579439,0.612903,0.598131,0.557895,0.552381,0.618557,0.631068,0.654321,0.672269,0.57732,0.601942,0.686275,0.663265,0.616822,0.548387,0.533333,0.681818,0.565217,0.611111,0.712963,0.684783,0.522222,0.6,0.55102,0.647059,0.63,0.58,0.584906,0.606383,0.528302,0.723404,0.622449,0.627451,0.597938,0.621359,0.55914,0.607477,0.518072,0.675214,0.598039,0.571429,0.580952,0.6,0.669811,0.542553,0.568627,0.714286,0.666667,0.576923,0.56044,0.577982,0.656566,0.673267,0.515789,0.619048,0.571429,0.598039,0.616071,0.545455,0.575472,0.606383,0.557692,0.5625,0.575221,0.678161,0.584906,0.574468,
26600,0.607477,0.602151,0.546392,0.621359,0.623656,0.691589,0.566038,0.648936,0.692308,0.52459,0.650943,0.62766,0.59375,0.596154,0.616822,0.569892,0.545455,0.554455,0.651163,0.447368,0.656863,0.489796,0.574257,0.585859,0.572727,0.622222,0.610526,0.485714,0.669903,0.587629,0.602151,0.579439,0.637168,0.597701,0.684211,0.616279,0.572917,0.615385,0.62,0.62,0.585859,0.554455,0.564356,0.585859,0.572917,0.596154,0.608247,0.61165,0.686869,0.544554,0.576923,0.65625,0.550562,0.540541,0.655914,0.682243,0.572727,0.588889,0.558824,0.622449,0.568627,0.602041,0.55914,0.551402,0.611111,0.672727,0.525253,0.534653,0.46729,0.473118,0.56,0.64,0.6,0.610526,0.54902,0.602041,0.585586,0.58427,0.645833,0.596154,0.590476,0.463158,0.619469,0.551724,0.553191,0.650943,0.607843,0.612245,0.65,0.52,0.581633,0.715686,0.719512,0.576271,0.625,0.541667,0.585106,0.603774,0.638298,0.537736,
26800,0.72549,0.612245,0.655556,0.563636,0.550562,0.585586,0.638095,0.568421,0.628866,0.601942,0.542169,0.598291,0.666667,0.626168,0.55102,0.578431,0.509259,0.576087,0.616162,0.584158,0.602041,0.578431,0.554545,0.6,0.580645,0.64486,0.642105,0.6,0.555556,0.485149,0.559633,0.43956,0.56383,0.575472,0.651685,0.54955,0.626374,0.53211,0.597938,0.737864,0.552083,0.605769,0.56,0.61,0.515789,0.552381,0.666667,0.742574,0.528302,0.648936,0.555556,0.597826,0.485149,0.686869,0.53211,0.626374,0.602041,0.715686,0.663551,0.634409,0.586207,0.584071,0.603448,0.583333,0.51,0.61,0.591837,0.568627,0.560748,0.602151,0.6,0.609091,0.572816,0.597938,0.527473,0.522936,0.644231,0.583333,0.575221,0.586207,0.6,0.621053,0.494845,0.601942,0.505376,0.598131,0.692308,0.678899,0.5,0.6875,0.552083,0.557692,0.584906,0.585106,0.696078,0.602041,0.534091,0.678571,0.607477,0.623656,
27000,0.572816,0.690722,0.548387,0.560748,0.60396,0.59596,0.61,0.53,0.514851,0.636364,0.637255,0.622449,0.615385,0.605505,0.623762,0.717172,0.588889,0.509091,0.541667,0.701923,0.550459,0.604396,0.648649,0.606742,0.495146,0.659794,0.648936,0.650943,0.666667,0.573034,0.610526,0.67619,0.535354,0.673267,0.538462,0.583333,0.523364,0.591398,0.568182,0.642857,0.527473,0.568807,0.641304,0.546296,0.591398,0.46729,0.597701,0.584071,0.580952,0.526316,0.473118,0.607477,0.618557,0.524272,0.621359,0.659794,0.527273,0.633333,0.646465,0.673267,0.61,0.57,0.554688,0.513889,0.621622,0.662921,0.641304,0.611111,0.602151,0.616822,0.606383,0.518868,0.626263,0.643564,0.6,0.619048,0.485437,0.587629,0.68932,0.628866,0.587629,0.572816,0.630952,0.517241,0.543478,0.657407,0.569892,0.654206,0.633333,0.627273,0.629213,0.612613,0.539823,0.597701,0.61165,0.597938,0.655556,0.554545,0.530612,0.656863,
27200,0.642105,0.495238,0.638095,0.652632,0.572816,0.556701,0.561798,0.576577,0.659341,0.577982,0.69,0.68,0.6,0.59,0.592593,0.663043,0.611111,0.609091,0.67033,0.66055,0.62963,0.608696,0.553571,0.636364,0.659794,0.572816,0.494845,0.601942,0.59596,0.60396,0.605263,0.686047,0.692308,0.479167,0.637363,0.504587,0.565657,0.574257,0.494949,0.623762,0.489583,0.567308,0.572917,0.778846,0.626263,0.693069,0.655556,0.581818,0.54955,0.651685,0.621053,0.533333,0.619565,0.592593,0.609091,0.633333,0.555556,0.544554,0.673684,0.580952,0.686869,0.584158,0.547368,0.552381,0.648352,0.66055,0.663462,0.666667,0.646465,0.554455,0.606061,0.514851,0.55,0.69,0.593407,0.504587,0.606383,0.537736,0.56701,0.601942,0.682692,0.65625,0.686869,0.544554,0.617647,0.459184,0.642857,0.607843,0.606061,0.574257,0.613861,0.565657,0.544554,0.626263,0.707071,0.663366,0.561224,0.637255,0.641304,0.601852,
27400,0.54,0.68,0.577982,0.56044,0.582524,0.587629,0.514851,0.575758,0.686047,0.54386,0.577778,0.618182,0.621622,0.561798,0.543478,0.546296,0.690722,0.582524,0.564356,0.555556,0.63,0.68,0.535354,0.623762,0.632479,0.566265,0.572816,0.587629,0.586538,0.739583,0.553398,0.721649,0.679612,0.670103,0.678899,0.692308,0.591304,0.623529,0.651376,0.615385,0.633028,0.538462,0.62037,0.597826,0.55102,0.637255,0.56044,0.587156,0.62,0.62,0.597938,0.543689,0.645161,0.560748,0.641509,0.574468,0.540984,0.602564,0.545455,0.594059,0.592233,0.649485,0.63,0.51,0.625,0.552083,0.566667,0.472727,0.627451,0.530612,0.565657,0.673267,0.680412,0.660194,0.705263,0.67619,0.635417,0.548077,0.531915,0.528302,0.648148,0.543478,0.608247,0.582524,0.568627,0.591837,0.573034,0.495495,0.591837,0.558824,0.653846,0.666667,0.655172,0.637168,0.596154,0.604167,0.54902,0.561224,0.641509,0.648936,
27600,0.6,0.589474,0.65625,0.730769,0.709677,0.514019,0.677083,0.634615,0.642857,0.578431,0.565217,0.574074,0.60396,0.59596,0.630435,0.62963,0.581633,0.588235,0.47619,0.631579,0.609091,0.688889,0.673469,0.617647,0.720721,0.640449,0.644444,0.654545,0.568627,0.479592,0.552381,0.484211,0.564103,0.57377,0.536364,0.555556,0.615385,0.635417,0.542553,0.54717,0.58,0.6,0.628866,0.621359,0.663551,0.537634,0.623656,0.626168,0.62,0.51,0.736264,0.522936,0.67619,0.578947,0.56044,0.53211,0.638889,0.554348,0.568421,0.590476,0.623656,0.579439,0.59,0.6,0.617021,0.584906,0.632479,0.638554,0.663265,0.617647,0.546512,0.622807,0.608247,0.572816,0.598039,0.530612,0.612903,0.588785,0.601852,0.706522,0.606061,0.673267,0.586957,0.657407,0.621053,0.742857,0.52,0.62,0.666667,0.610526,0.536082,0.543689,0.602041,0.529412,0.657895,0.523256,0.527473,0.53211,0.680851,0.679245,
27800,0.613861,0.575758,0.510638,0.603774,0.545455,0.683168,0.684211,0.647619,0.712871,0.606061,0.617647,0.612245,0.648352,0.614679,0.690265,0.563218,0.521739,0.601852,0.709677,0.560748,0.592233,0.515464,0.545455,0.642857,0.61,0.52,0.54902,0.653061,0.510417,0.538462,0.648148,0.728261,0.530973,0.586207,0.636364,0.722772,0.652632,0.685714,0.657143,0.652632,0.556818,0.633929,0.663366,0.585859,0.542553,0.660377,0.596154,0.59375,0.585859,0.663366,0.618557,0.592233,0.534653,0.585859,0.609524,0.568421,0.527473,0.568807,0.55102,0.617647,0.692308,0.645833,0.662921,0.567568,0.542553,0.603774,0.605263,0.616279,0.585859,0.633663,0.642857,0.617647,0.622642,0.617021,0.519608,0.642857,0.691667,0.5875,0.650485,0.670103,0.674157,0.630631,0.582418,0.633028,0.673077,0.541667,0.604396,0.541284,0.59434,0.617021,0.666667,0.613861,0.552381,0.568421,0.59375,0.576923,0.637255,0.653061,0.523364,0.548387,
28000,0.609524,0.663158,0.473684,0.466667,0.543478,0.611111,0.518868,0.638298,0.567308,0.604167,0.622449,0.617647,0.6,0.65,0.662921,0.522523,0.59375,0.605769,0.673469,0.588235,0.676768,0.693069,0.631579,0.657143,0.540816,0.568627,0.645833,0.576923,0.651786,0.647727,0.639175,0.679612,0.505618,0.477477,0.613861,0.636364,0.53125,0.528846,0.663462,0.65625,0.5625,0.568182,0.591837,0.568627,0.582418,0.550459,0.638298,0.622642,0.62037,0.630435,0.554622,0.691358,0.603604,0.561798,0.64486,0.623656,0.597701,0.681416,0.59292,0.609195,0.577778,0.572727,0.60396,0.59596,0.527473,0.541284,0.636364,0.564356,0.676768,0.534653,0.588235,0.622449,0.57,0.47,0.75,0.71875,0.527473,0.587156,0.470588,0.591837,0.656863,0.581633,0.504673,0.591398,0.583333,0.630435,0.666667,0.510204,0.62,0.66,0.657895,0.581395,0.666667,0.608696,0.516129,0.64486,0.615385,0.633028,0.514851,0.555556,
28200,0.546512,0.552632,0.694737,0.590476,0.631068,0.680412,0.533981,0.515464,0.549451,0.715596,0.62037,0.663043,0.555556,0.60396,0.591398,0.626168,0.704762,0.705263,0.586207,0.575221,0.555556,0.594059,0.645161,0.626168,0.576923,0.625,0.72549,0.642857,0.7,0.67,0.633663,0.686869,0.729167,0.615385,0.697917,0.605769,0.774194,0.598131,0.652632,0.67619,0.659341,0.568807,0.505376,0.542056,0.642857,0.519608,0.633028,0.549451,0.673267,0.606061,0.576471,0.565217,0.685185,0.695652,0.621622,0.550562,0.59596,0.643564,0.647059,0.714286,0.606061,0.584158,0.75,0.56,0.69,0.54,0.56701,0.669903,0.505155,0.640777,0.621359,0.670103,0.59,0.58,0.556701,0.592233,0.57732,0.601942,0.608247,0.563107,0.568421,0.647619,0.666667,0.692308,0.575758,0.524752,0.569892,0.542056,0.540541,0.539326,0.643678,0.566372,0.591837,0.588235,0.542056,0.55914,0.643564,0.666667,0.7,0.618182,
28400,0.6,0.57,0.699029,0.587629,0.540816,0.627451,0.535714,0.590909,0.53271,0.580645,0.67033,0.577982,0.494382,0.603604,0.678161,0.654867,0.630435,0.648148,0.535354,0.613861,0.653061,0.578431,0.477778,0.618182,0.59,0.66,0.584158,0.545455,0.636364,0.651786,0.626168,0.526882,0.72807,0.581395,0.722772,0.59596,0.694737,0.695238,0.646552,0.571429,0.56044,0.688073,0.59,0.64,0.613636,0.625,0.572917,0.567308,0.522727,0.535714,0.582524,0.597938,0.592233,0.484536,0.669811,0.531915,0.641304,0.518519,0.595506,0.630631,0.538462,0.65625,0.518868,0.734043,0.622449,0.647059,0.601942,0.587629,0.588235,0.591837,0.536364,0.622222,0.56044,0.669725,0.545455,0.633663,0.598039,0.663265,0.612903,0.439252,0.542857,0.589474,0.592233,0.57732,0.558824,0.591837,0.533981,0.680412,0.645833,0.605769,0.587719,0.511628,0.619048,0.589474,0.54955,0.629213,0.670213,0.59434,0.673913,0.592593,
28600,0.653846,0.677083,0.617647,0.540816,0.626374,0.623853,0.639175,0.669903,0.623656,0.598131,0.472527,0.53211,0.586538,0.604167,0.463158,0.619048,0.546392,0.660194,0.584071,0.586207,0.64486,0.655914,0.598131,0.655914,0.604396,0.587156,0.64,0.54,0.607477,0.580645,0.673469,0.441176,0.682692,0.5625,0.62,0.57,0.557895,0.609524,0.622642,0.510638,0.583333,0.630435,0.636364,0.611111,0.534653,0.565657,0.585859,0.574257,0.612245,0.637255,0.606838,0.554217,0.679612,0.546392,0.606061,0.584158,0.609524,0.505263,0.504854,0.618557,0.682692,0.635417,0.621053,0.580952,0.637255,0.622449,0.591398,0.598131,0.627451,0.673469,0.682692,0.708333,0.578431,0.561224,0.632075,0.617021,0.717391,0.712963,0.644444,0.6,0.6,0.718182,0.592233,0.525773,0.655556,0.545455,0.645161,0.588785,0.652632,0.628571,0.565217,0.741176,0.587156,0.593407,0.612245,0.647059,0.58,0.58,0.545455,0.5625,
28800,0.635514,0.655914,0.567308,0.604167,0.622642,0.574468,0.645833,0.634615,0.642105,0.619048,0.569892,0.53271,0.650485,0.56701,0.609091,0.6,0.574713,0.584071,0.716981,0.521277,0.711111,0.527273,0.645455,0.611111,0.635514,0.569892,0.585859,0.564356,0.619565,0.5,0.616822,0.645161,0.547368,0.685714,0.486239,0.626374,0.568421,0.561905,0.61165,0.618557,0.54717,0.542553,0.670213,0.603774,0.722222,0.609091,0.669903,0.57732,0.567901,0.579832,0.61165,0.597938,0.547368,0.52381,0.634783,0.552941,0.586957,0.611111,0.56383,0.556604,0.590476,0.621053,0.634615,0.5625,0.628571,0.684211,0.519608,0.653061,0.648936,0.641509,0.654867,0.528736,0.551402,0.612903,0.592593,0.565217,0.58,0.61,0.577586,0.666667,0.578431,0.571429,0.587629,0.640777,0.630631,0.573034,0.583333,0.597826,0.505155,0.669903,0.514563,0.597938,0.464646,0.544554,0.672897,0.698925,0.627907,0.552632,0.663158,0.6,
29000,0.634409,0.588785,0.626263,0.60396,0.578431,0.520408,0.628866,0.553398,0.625,0.598214,0.617647,0.653061,0.56,0.6,0.62,0.67,0.588235,0.632653,0.626263,0.475248,0.514286,0.515789,0.655172,0.530973,0.54386,0.55814,0.525773,0.504854,0.633663,0.69697,0.610526,0.580952,0.721154,0.59375,0.575472,0.606383,0.564815,0.554348,0.619048,0.515789,0.597701,0.663717,0.684211,0.552381,0.590909,0.571429,0.61,0.58,0.554455,0.707071,0.598039,0.561224,0.617647,0.632653,0.681319,0.688073,0.654206,0.741935,0.633663,0.606061,0.686869,0.60396,0.59434,0.659574,0.642105,0.666667,0.542169,0.564103,0.59633,0.714286,0.669811,0.56383,0.626168,0.623656,0.595745,0.650943,0.679612,0.546392,0.632653,0.627451,0.561905,0.547368,0.592233,0.597938,0.583333,0.596154,0.612903,0.64486,0.547368,0.647619,0.638095,0.589474,0.592233,0.628866,0.584158,0.545455,0.632653,0.519608,0.642857,0.647059,
29200,0.663551,0.494624,0.5625,0.636364,0.643678,0.548673,0.650485,0.546392,0.527473,0.577982,0.655172,0.610619,0.641509,0.606383,0.54717,0.531915,0.626374,0.669725,0.568182,0.678571,0.618182,0.555556,0.583333,0.548077,0.602041,0.470588,0.593023,0.570175,0.489796,0.588235,0.510204,0.578431,0.490741,0.684783,0.611765,0.591304,0.566667,0.645455,0.551402,0.537634,0.530612,0.519608,0.43299,0.592233,0.590476,0.557895,0.575472,0.691489,0.607477,0.580645,0.534653,0.626263,0.521739,0.601852,0.591837,0.5,0.556701,0.592233,0.622222,0.545455,0.656863,0.653061,0.568421,0.542857,0.616822,0.548387,0.57,0.6,0.613861,0.545455,0.583333,0.509615,0.619048,0.536842,0.540541,0.606742,0.582418,0.66055,0.64486,0.602151,0.528302,0.617021,0.63,0.67,0.574468,0.5,0.659794,0.669903,0.610526,0.628571,0.584906,0.542553,0.642857,0.676471,0.615385,0.645833,0.516854,0.657658,0.54,0.65,
29400,0.553191,0.613208,0.607143,0.590909,0.556818,0.669643,0.608696,0.62963,0.57732,0.650485,0.717172,0.534653,0.580952,0.547368,0.616071,0.568182,0.634615,0.489583,0.544554,0.747475,0.569892,0.588785,0.635417,0.548077,0.663462,0.645833,0.652174,0.62037,0.659341,0.651376,0.590909,0.625,0.56,0.63,0.622642,0.638298,0.59,0.58,0.605769,0.614583,0.597938,0.747573,0.662921,0.612613,0.584906,0.62766,0.486239,0.692308,0.688073,0.681319,0.476744,0.570175,0.5,0.666667,0.606061,0.613861,0.618182,0.566667,0.617021,0.660377,0.571429,0.557895,0.578947,0.616279,0.6,0.611765,0.647059,0.581633,0.596154,0.625,0.627451,0.653061,0.550459,0.637363,0.532609,0.527778,0.568807,0.615385,0.594059,0.565657,0.584906,0.670213,0.653846,0.53125,0.573034,0.684685,0.554348,0.62963,0.532609,0.555556,0.642202,0.615385,0.62037,0.554348,0.56701,0.524272,0.585106,0.556604,0.694737,0.704762,
29600,0.555556,0.609091,0.604167,0.701923,0.659794,0.504854,0.63,0.64,0.530973,0.632184,0.542056,0.677419,0.626263,0.643564,0.591837,0.617647,0.602273,0.660714,0.56701,0.650485,0.62,0.57,0.633663,0.636364,0.586538,0.614583,0.686869,0.584158,0.738636,0.5625,0.76,0.66,0.589474,0.552381,0.633663,0.535354,0.604396,0.522936,0.641304,0.62037,0.648649,0.685393,0.652174,0.574074,0.619048,0.652632,0.568627,0.530612,0.571429,0.610526,0.663043,0.694444,0.62963,0.597826,0.587156,0.615385,0.618557,0.533981,0.642857,0.647727,0.474227,0.61165,0.576923,0.552083,0.574468,0.641509,0.609195,0.548673,0.663462,0.697917,0.558824,0.622449,0.639175,0.621359,0.575758,0.712871,0.531915,0.650943,0.634615,0.604167,0.564356,0.666667,0.676768,0.623762,0.57732,0.650485,0.617647,0.520408,0.615385,0.59375,0.568421,0.580952,0.642202,0.571429,0.515464,0.504854,0.650485,0.597938,0.62037,0.586957,
29800,0.535714,0.579545,0.577982,0.659341,0.552381,0.610526,0.622449,0.54902,0.623656,0.53271,0.630631,0.539326,0.59375,0.605769,0.551402,0.505376,0.710526,0.639535,0.623656,0.654206,0.635417,0.586538,0.554348,0.638889,0.634615,0.614583,0.616822,0.655914,0.604396,0.486239,0.614679,0.56044,0.536842,0.485714,0.53271,0.612903,0.544554,0.606061,0.586957,0.62963,0.558824,0.581633,0.682243,0.666667,0.597826,0.574074,0.591837,0.588235,0.590476,0.494737,0.654762,0.508621,0.673469,0.647059,0.617021,0.556604,0.553191,0.622642,0.639175,0.553398,0.591837,0.598039,0.5625,0.567308,0.646465,0.772277,0.623853,0.604396,0.61,0.56,0.686047,0.614035,0.531915,0.603774,0.566038,0.595745,0.519608,0.489796,0.582524,0.628866,0.54717,0.521277,0.520408,0.637255,0.57,0.61,0.595745,0.622642,0.62766,0.641509,0.651376,0.692308,0.586957,0.62037,0.585586,0.606742,0.590476,0.642105,0.523256,0.631579,
30000,0.516854,0.585586,0.574713,0.59292,0.548387,0.700935,0.666667,0.714286,0.71875,0.634615,0.588889,0.636364,0.642857,0.577586,0.653465,0.606061,0.656863,0.540816,0.702703,0.52809,0.577982,0.67033,0.611111,0.581081,0.606742,0.630631,0.597826,0.583333,0.546392,0.699029,0.59434,0.638298,0.623932,0.614458,0.495327,0.655914,0.53125,0.634615,0.524272,0.649485,0.576087,0.518519,0.643678,0.584071,0.520408,0.598039,0.541667,0.615385,0.590909,0.588889,0.619048,0.672414,0.606383,0.575472,0.611111,0.563636,0.59,0.67,0.575758,0.70297,0.571429,0.568421,0.622642,0.595745,0.707071,0.534653,0.715686,0.653061,0.541667,0.596154,0.471698,0.531915,0.605769,0.5625,0.535354,0.594059,0.647619,0.589474,0.598131,0.602151,0.556701,0.582524,0.65625,0.548077,0.638889,0.652174,0.735632,0.681416,0.708738,0.649485,0.66055,0.582418,0.589286,0.625,0.592233,0.659794,0.6,0.57,0.612245,0.558824,
30200,0.551402,0.55914,0.627273,0.555556,0.601852,0.630435,0.627451,0.714286,0.533333,0.578947,0.536082,0.650485,0.630631,0.606742,0.653061,0.539216,0.55814,0.596491,0.537634,0.691589,0.588889,0.618182,0.740385,0.625,0.613861,0.505051,0.690909,0.633333,0.6,0.590476,0.545455,0.663366,0.540816,0.607843,0.579545,0.607143,0.571429,0.647059,0.580952,0.652632,0.612245,0.656863,0.623853,0.637363,0.656863,0.591837,0.648936,0.528302,0.601942,0.649485,0.582524,0.628866,0.700935,0.634409,0.526316,0.590476,0.62037,0.532609,0.622642,0.531915,0.555556,0.673267,0.55914,0.579439,0.637255,0.510204,0.585859,0.613861,0.650485,0.639175,0.462366,0.663551,0.628866,0.621359,0.608247,0.533981,0.586538,0.520833,0.6,0.578947,0.68932,0.618557,0.617647,0.683673,0.586538,0.510417,0.59292,0.597701,0.630952,0.663793,0.632653,0.588235,0.586538,0.708333,0.56701,0.601942,0.607843,0.632653,0.634409,0.71028,
30400,0.533333,0.527273,0.510417,0.557692,0.602041,0.529412,0.578947,0.674419,0.623853,0.648352,0.62,0.57,0.643564,0.626263,0.528302,0.648936,0.571429,0.522936,0.534653,0.575758,0.59,0.57,0.643564,0.646465,0.581633,0.735294,0.540816,0.676471,0.588235,0.561224,0.635514,0.580645,0.66,0.58,0.558824,0.622449,0.551724,0.584071,0.700935,0.645161,0.555556,0.579832,0.605769,0.604167,0.722772,0.69697,0.663366,0.626263,0.581818,0.655556,0.609524,0.536842,0.625,0.586538,0.596154,0.65625,0.680851,0.603774,0.666667,0.598131,0.565657,0.445545,0.549451,0.53211,0.581633,0.588235,0.618557,0.543689,0.550459,0.615385,0.67,0.62,0.650943,0.606383,0.597826,0.546296,0.658537,0.677966,0.666667,0.653061,0.548673,0.655172,0.561224,0.588235,0.608247,0.572816,0.589474,0.619048,0.651685,0.576577,0.563107,0.525773,0.69,0.68,0.522222,0.681818,0.584906,0.585106,0.655556,0.554545,
30600,0.588235,0.632653,0.67033,0.559633,0.574468,0.59434,0.527273,0.622222,0.611111,0.645455,0.578947,0.6,0.663158,0.609524,0.641509,0.659574,0.568421,0.657143,0.576087,0.574074,0.585106,0.650943,0.666667,0.732673,0.567308,0.604167,0.6,0.72381,0.639175,0.592233,0.618557,0.68932,0.525253,0.683168,0.617647,0.632653,0.685393,0.612613,0.58,0.56,0.575221,0.597701,0.539216,0.653061,0.598131,0.634409,0.642202,0.637363,0.636364,0.534653,0.666667,0.608696,0.710843,0.623932,0.635294,0.591304,0.60396,0.616162,0.54,0.55,0.484211,0.619048,0.608247,0.601942,0.495413,0.56044,0.488636,0.633929,0.622449,0.607843,0.682692,0.479167,0.593407,0.486239,0.714286,0.588235,0.709677,0.579439,0.552083,0.596154,0.477273,0.669643,0.588235,0.622449,0.5,0.691489,0.571429,0.715517,0.673913,0.62963,0.692982,0.616279,0.626263,0.663366,0.585106,0.650943,0.622642,0.617021,0.663717,0.494253,
30800,0.675676,0.539326,0.631579,0.542857,0.62766,0.613208,0.590476,0.684211,0.6,0.554545,0.652632,0.590476,0.645455,0.577778,0.576471,0.591304,0.607843,0.683673,0.541284,0.527473,0.552083,0.625,0.457143,0.505263,0.634409,0.616822,0.694118,0.66087,0.516129,0.635514,0.510204,0.637255,0.50495,0.727273,0.541667,0.615385,0.520833,0.663462,0.547368,0.72381,0.569892,0.542056,0.608247,0.592233,0.535714,0.534091,0.648936,0.688679,0.642857,0.647059,0.617647,0.642857,0.719626,0.666667,0.628571,0.515789,0.579545,0.598214,0.563107,0.505155,0.564815,0.597826,0.569892,0.514019,0.585586,0.595506,0.684211,0.552381,0.611111,0.597826,0.64,0.53,0.602151,0.616822,0.660377,0.648936,0.586538,0.510417,0.64,0.59,0.680851,0.566038,0.553398,0.690722,0.694444,0.565217,0.532609,0.564815,0.55814,0.587719,0.54,0.6,0.616822,0.55914,0.569892,0.570093,0.616822,0.623656,0.638095,0.589474,
31000,0.653846,0.631148,0.524752,0.535354,0.640777,0.56701,0.607843,0.5,0.674419,0.649123,0.625,0.5875,0.574468,0.575472,0.64,0.68,0.528302,0.606383,0.578947,0.616279,0.590909,0.544444,0.545455,0.594059,0.632075,0.478723,0.61,0.57,0.716981,0.585106,0.647619,0.652632,0.712871,0.525253,0.752475,0.656566,0.712871,0.626263,0.625,0.572917,0.60396,0.565657,0.561798,0.585586,0.68,0.57,0.553398,0.680412,0.642202,0.538462,0.584906,0.553191,0.565657,0.712871,0.585106,0.688679,0.583333,0.596154,0.56044,0.633028,0.534884,0.631579,0.50495,0.59596,0.6,0.514286,0.650943,0.617021,0.536364,0.644444,0.5,0.558824,0.663366,0.69697,0.529412,0.642857,0.552083,0.605769,0.596154,0.6875,0.619048,0.736842,0.64,0.65,0.546296,0.565217,0.587629,0.553398,0.701149,0.59292,0.672897,0.55914,0.588235,0.555556,0.516129,0.560748,0.570093,0.569892,0.609524,0.578947,
31200,0.588235,0.652174,0.62037,0.652174,0.593407,0.688073,0.679245,0.531915,0.686869,0.574257,0.552083,0.538462,0.568182,0.625,0.681416,0.62069,0.685185,0.73913,0.618644,0.573171,0.568966,0.666667,0.6,0.581818,0.591398,0.607477,0.533333,0.609091,0.5,0.63,0.604396,0.449541,0.545455,0.544643,0.627451,0.55102,0.6,0.547368,0.642857,0.586207,0.56701,0.553398,0.57,0.51,0.58427,0.495495,0.663636,0.577778,0.551402,0.548387,0.520408,0.529412,0.546296,0.445652,0.636364,0.643564,0.607843,0.612245,0.517544,0.569767,0.539216,0.673469,0.59434,0.595745,0.538462,0.677083,0.61165,0.659794,0.666667,0.640449,0.634409,0.635514,0.590909,0.651786,0.691489,0.537736,0.514019,0.623656,0.603774,0.531915,0.626374,0.522936,0.513761,0.516484,0.557692,0.541667,0.5,0.612245,0.510638,0.584906,0.52381,0.557895,0.58427,0.576577,0.62069,0.566372,0.556701,0.631068,0.535714,0.670455,
31400,0.574074,0.543478,0.585859,0.534653,0.67,0.68,0.613861,0.545455,0.643678,0.60177,0.540816,0.558824,0.603774,0.62766,0.552083,0.759615,0.6,0.578947,0.60396,0.585859,0.45098,0.673469,0.632653,0.627451,0.574468,0.59434,0.663366,0.545455,0.636364,0.643564,0.648936,0.584906,0.669903,0.525773,0.557522,0.701149,0.62037,0.51087,0.652174,0.601852,0.70297,0.59596,0.688073,0.582418,0.495238,0.547368,0.678571,0.560345,0.721154,0.71875,0.660377,0.617021,0.625,0.666667,0.602273,0.535714,0.480392,0.510204,0.652174,0.62037,0.653465,0.545455,0.72,0.64,0.62963,0.576087,0.583333,0.653846,0.6,0.711111,0.5625,0.647727,0.604167,0.634615,0.578947,0.593023,0.524272,0.690722,0.54717,0.606383,0.621053,0.6,0.534884,0.640351,0.680412,0.582524,0.571429,0.631579,0.5,0.648936,0.597938,0.563107,0.504673,0.602151,0.612903,0.579439,0.72043,0.616822,0.690722,0.553398,
31600,0.605263,0.604651,0.604396,0.633028,0.596154,0.4375,0.679612,0.690722,0.588785,0.55914,0.615385,0.614583,0.607843,0.561224,0.636364,0.554455,0.558559,0.505618,0.591837,0.509804,0.598039,0.469388,0.612245,0.607843,0.669903,0.649485,0.490566,0.659574,0.579545,0.633929,0.647059,0.673469,0.601942,0.618557,0.625,0.59375,0.631579,0.657143,0.606742,0.666667,0.67,0.57,0.574713,0.654867,0.53,0.65,0.581197,0.53012,0.544444,0.645455,0.609524,0.621053,0.505618,0.612613,0.694444,0.586957,0.601942,0.670103,0.626263,0.574257,0.598039,0.612245,0.56383,0.632075,0.625,0.6625,0.561798,0.630631,0.574257,0.636364,0.706522,0.564815,0.545455,0.554455,0.565657,0.663366,0.602041,0.686275,0.678571,0.647727,0.598131,0.580645,0.761468,0.538462,0.534884,0.657895,0.653465,0.616162,0.656566,0.554455,0.612245,0.607843,0.638889,0.532609,0.595745,0.603774,0.555556,0.572727,0.610526,0.619048,
31800,0.5,0.6,0.569892,0.560748,0.642857,0.607843,0.552083,0.644231,0.517544,0.593023,0.619048,0.652632,0.648936,0.603774,0.552381,0.494737,0.619048,0.473684,0.697917,0.653846,0.618557,0.475728,0.693878,0.578431,0.651376,0.549451,0.647059,0.479592,0.659794,0.572816,0.721154,0.510417,0.635593,0.573171,0.587156,0.527473,0.607477,0.634409,0.566372,0.62069,0.528846,0.4375,0.528846,0.59375,0.7,0.677778,0.59375,0.740385,0.605042,0.666667,0.568421,0.590476,0.648148,0.652174,0.474227,0.592233,0.511364,0.544643,0.617021,0.622642,0.633663,0.636364,0.551724,0.59292,0.73,0.46,0.52,0.57,0.571429,0.431579,0.663462,0.666667,0.541667,0.625,0.607843,0.571429,0.623529,0.530435,0.657407,0.663043,0.616822,0.505376,0.602273,0.5625,0.606383,0.59434,0.568421,0.561905,0.5625,0.545455,0.684783,0.611111,0.623529,0.573913,0.617021,0.396226,0.60396,0.585859,0.548077,0.604167,
32000,0.539216,0.632653,0.55,0.61,0.684211,0.638095,0.477273,0.616071,0.672727,0.577778,0.702381,0.612069,0.618182,0.633333,0.63,0.56,0.567568,0.573034,0.421569,0.622449,0.64486,0.623656,0.640777,0.546392,0.631068,0.639175,0.616822,0.55914,0.666667,0.565217,0.552083,0.644231,0.71134,0.660194,0.625,0.53125,0.552083,0.625,0.480392,0.561224,0.545455,0.49505,0.546392,0.572816,0.577778,0.636364,0.59596,0.524752,0.546392,0.61165,0.632653,0.598039,0.554545,0.566667,0.546296,0.521739,0.648148,0.684783,0.72043,0.626168,0.708738,0.608247,0.6,0.557895,0.602041,0.519608,0.505618,0.531532,0.592593,0.728261,0.564356,0.686869,0.626168,0.591398,0.68,0.61,0.604167,0.634615,0.57,0.51,0.623762,0.545455,0.613861,0.646465,0.643564,0.656566,0.622449,0.578431,0.693878,0.598039,0.607843,0.540816,0.53125,0.519231,0.617978,0.693694,0.66,0.55,0.597826,0.592593,
32200,0.617021,0.650943,0.617647,0.561224,0.520408,0.558824,0.626263,0.584158,0.544444,0.645455,0.586207,0.59292,0.666667,0.653061,0.586538,0.583333,0.645161,0.598131,0.588235,0.622449,0.6,0.590909,0.653465,0.666667,0.568627,0.642857,0.582524,0.597938,0.568807,0.582418,0.75,0.62,0.574468,0.556604,0.542056,0.462366,0.575758,0.60396,0.72093,0.657895,0.673267,0.676768,0.643564,0.616162,0.517544,0.569767,0.561224,0.578431,0.617647,0.622449,0.554455,0.565657,0.634409,0.64486,0.647059,0.653061,0.640777,0.536082,0.6,0.580952,0.608696,0.648148,0.593023,0.587719,0.452381,0.663793,0.683673,0.558824,0.551402,0.602151,0.627273,0.611111,0.626263,0.60396,0.55,0.6,0.568627,0.612245,0.614679,0.571429,0.627451,0.622449,0.52,0.62,0.533981,0.536082,0.61,0.54,0.542857,0.610526,0.574074,0.619565,0.672414,0.583333,0.663717,0.563218,0.580645,0.607477,0.569106,0.467532,
32400,0.673684,0.628571,0.685714,0.621053,0.683673,0.617647,0.636364,0.534653,0.568421,0.571429,0.546296,0.608696,0.650943,0.62766,0.557895,0.638095,0.638298,0.518868,0.578431,0.581633,0.628571,0.589474,0.59375,0.644231,0.573034,0.63964,0.49,0.56,0.609524,0.484211,0.556522,0.635294,0.616822,0.666667,0.702128,0.613208,0.564815,0.51087,0.61165,0.608247,0.559633,0.648352,0.646341,0.652542,0.605769,0.666667,0.650485,0.608247,0.637255,0.540816,0.590476,0.505263,0.642857,0.676471,0.621359,0.649485,0.68,0.66,0.58,0.58,0.56044,0.633028,0.574468,0.632075,0.644231,0.635417,0.721154,0.645833,0.542857,0.621053,0.527473,0.623853,0.583333,0.597826,0.545455,0.666667,0.536082,0.640777,0.653061,0.578431,0.62037,0.608696,0.657143,0.610526,0.614583,0.625,0.616822,0.645161,0.593407,0.633028,0.53271,0.580645,0.638298,0.603774,0.63,0.66,0.52381,0.631579,0.622449,0.656863,
32600,0.639175,0.543689,0.542857,0.610526,0.647059,0.693878,0.635514,0.634409,0.6,0.609524,0.54,0.52,0.606061,0.663366,0.584158,0.606061,0.594059,0.666667,0.538462,0.605505,0.663462,0.635417,0.635514,0.591398,0.602041,0.686275,0.71,0.63,0.605769,0.6875,0.69697,0.584158,0.580952,0.642105,0.546392,0.679612,0.640449,0.621622,0.605769,0.59375,0.65,0.74,0.581818,0.555556,0.7,0.69,0.617647,0.55102,0.630435,0.601852,0.568627,0.632653,0.5,0.669811,0.693694,0.573034,0.608247,0.621359,0.584906,0.574468,0.622449,0.676471,0.621359,0.71134,0.666667,0.674157,0.516484,0.53211,0.619565,0.546296,0.647059,0.653061,0.572917,0.605769,0.533333,0.636364,0.623762,0.626263,0.583333,0.576087,0.62766,0.556604,0.673267,0.636364,0.65,0.73,0.569892,0.598131,0.647059,0.663265,0.548387,0.654206,0.6,0.533333,0.631068,0.597938,0.573034,0.657658,0.52381,0.646552,
32800,0.676768,0.613861,0.609091,0.577778,0.578947,0.5,0.574468,0.54717,0.525253,0.613861,0.494845,0.621359,0.55,0.61,0.602041,0.588235,0.588235,0.673469,0.686869,0.613861,0.582418,0.59633,0.46,0.57,0.541667,0.682692,0.564706,0.608696,0.546392,0.669903,0.510638,0.603774,0.567568,0.606742,0.623853,0.604396,0.483871,0.728972,0.623656,0.523364,0.525773,0.563107,0.53012,0.589744,0.615385,0.550459,0.607143,0.579545,0.653061,0.666667,0.5,0.622642,0.64486,0.483871,0.637255,0.663265,0.588889,0.645455,0.652174,0.62037,0.635417,0.548077,0.633663,0.585859,0.576923,0.645833,0.701031,0.582524,0.601942,0.484536,0.618557,0.61165,0.6,0.621053,0.572917,0.615385,0.769231,0.5625,0.587629,0.582524,0.54955,0.617978,0.623762,0.555556,0.642857,0.558824,0.633663,0.565657,0.55102,0.588235,0.576923,0.635417,0.601852,0.652174,0.544554,0.616162,0.572727,0.6,0.561224,0.54902,
33000,0.586538,0.541667,0.572816,0.536082,0.505747,0.584071,0.633663,0.636364,0.673077,0.583333,0.715686,0.622449,0.58427,0.540541,0.640777,0.556701,0.619565,0.574074,0.588785,0.655914,0.652632,0.533333,0.666667,0.576923,0.696429,0.636364,0.548387,0.626168,0.483516,0.669725,0.588235,0.663265,0.575472,0.542553,0.535714,0.590909,0.583333,0.608696,0.553191,0.566038,0.519231,0.677083,0.62963,0.554348,0.582524,0.536082,0.544554,0.616162,0.577778,0.581818,0.486239,0.681319,0.540816,0.588235,0.691489,0.584906,0.630631,0.550562,0.568421,0.685714,0.515789,0.552381,0.525862,0.583333,0.651786,0.579545,0.602273,0.633929,0.705882,0.704348,0.531915,0.669811,0.634615,0.604167,0.627451,0.612245,0.590476,0.578947,0.62,0.62,0.638095,0.578947,0.594828,0.630952,0.691589,0.569892,0.591837,0.666667,0.584071,0.528736,0.647727,0.625,0.699029,0.649485,0.693878,0.676471,0.553191,0.54717,0.639175,0.679612,
33200,0.58,0.68,0.618557,0.699029,0.59633,0.692308,0.619048,0.557895,0.558824,0.653061,0.615385,0.587156,0.582524,0.701031,0.6,0.663636,0.645161,0.64486,0.568182,0.607143,0.575472,0.723404,0.680851,0.584906,0.528846,0.53125,0.516129,0.514019,0.566038,0.489362,0.485437,0.618557,0.505495,0.59633,0.625,0.59375,0.576923,0.614583,0.618182,0.522222,0.674157,0.522523,0.627451,0.612245,0.61165,0.659794,0.669811,0.521277,0.609195,0.628319,0.650943,0.542553,0.574074,0.663043,0.595745,0.566038,0.666667,0.591837,0.587156,0.604396,0.677419,0.570093,0.6,0.566667,0.7,0.61,0.539216,0.571429,0.50495,0.59596,0.598039,0.571429,0.62766,0.59434,0.565657,0.445545,0.575472,0.595745,0.5,0.44898,0.650485,0.556701,0.64486,0.634409,0.571429,0.557895,0.53271,0.645161,0.5625,0.605769,0.62931,0.619048,0.705882,0.632653,0.607843,0.653061,0.574713,0.610619,0.561224,0.529412,
33400,0.655914,0.654206,0.677419,0.626168,0.525253,0.60396,0.633333,0.681818,0.634615,0.541667,0.677083,0.721154,0.505376,0.607477,0.564815,0.608696,0.533333,0.636364,0.552083,0.519231,0.480392,0.622449,0.607843,0.55102,0.557692,0.666667,0.594059,0.626263,0.728261,0.62963,0.675926,0.554348,0.704082,0.637255,0.647059,0.714286,0.621053,0.638095,0.646465,0.623762,0.53271,0.731183,0.645161,0.616822,0.598214,0.590909,0.580645,0.635514,0.563107,0.649485,0.656566,0.623762,0.635417,0.490385,0.59375,0.605769,0.608696,0.555556,0.632653,0.598039,0.581395,0.649123,0.56383,0.54717,0.5,0.692308,0.525253,0.594059,0.612903,0.598131,0.625,0.535714,0.704762,0.589474,0.673267,0.727273,0.6,0.536364,0.727273,0.625,0.705357,0.647727,0.602041,0.647059,0.634615,0.552083,0.631579,0.55814,0.625,0.576923,0.609524,0.642105,0.636364,0.622222,0.627451,0.530612,0.645161,0.64486,0.62963,0.706522,
33600,0.628571,0.610526,0.601852,0.543478,0.607843,0.683673,0.634615,0.625,0.649485,0.592233,0.54902,0.581633,0.56383,0.584906,0.535714,0.545455,0.634615,0.65625,0.535354,0.564356,0.593407,0.66055,0.465517,0.547619,0.568807,0.67033,0.538462,0.572917,0.53271,0.645161,0.604167,0.625,0.610619,0.563218,0.62,0.65,0.485437,0.670103,0.536364,0.555556,0.617647,0.632653,0.640449,0.603604,0.575758,0.554455,0.553571,0.556818,0.514019,0.526882,0.617647,0.704082,0.697917,0.596154,0.654545,0.644444,0.670213,0.54717,0.544444,0.590909,0.64,0.62,0.650943,0.638298,0.67,0.67,0.54717,0.638298,0.578947,0.47619,0.622642,0.56383,0.56701,0.582524,0.597938,0.543689,0.59596,0.683168,0.613861,0.666667,0.642857,0.693182,0.553398,0.56701,0.62,0.57,0.636364,0.544643,0.629213,0.594595,0.556701,0.669903,0.574074,0.652174,0.56,0.56,0.588785,0.623656,0.642202,0.527473,
33800,0.572816,0.608247,0.544554,0.686869,0.555556,0.60241,0.613861,0.575758,0.509091,0.544444,0.693878,0.607843,0.556604,0.521277,0.533333,0.631579,0.526316,0.561905,0.568627,0.561224,0.633333,0.627273,0.718447,0.628866,0.525253,0.524752,0.628571,0.652632,0.583333,0.652174,0.621053,0.6,0.504854,0.587629,0.684211,0.546512,0.567308,0.645833,0.601852,0.619565,0.736842,0.590476,0.576923,0.552083,0.572816,0.587629,0.617391,0.588235,0.628571,0.610526,0.673913,0.675926,0.617021,0.679245,0.586538,0.625,0.646018,0.482759,0.609091,0.477778,0.581395,0.649123,0.663265,0.627451,0.519608,0.571429,0.585859,0.564356,0.638889,0.641304,0.695238,0.505263,0.566667,0.636364,0.580952,0.631579,0.610526,0.619048,0.641509,0.617021,0.693878,0.627451,0.602273,0.571429,0.509804,0.591837,0.5,0.601852,0.672727,0.533333,0.54955,0.58427,0.663158,0.504762,0.56701,0.592233,0.59,0.59,0.6,0.555556,
34000,0.569892,0.728972,0.615385,0.481928,0.62963,0.456522,0.618182,0.611111,0.659794,0.601942,0.590476,0.557895,0.65,0.52,0.61,0.63,0.645833,0.586538,0.650943,0.617021,0.57732,0.660194,0.581633,0.578431,0.618557,0.621359,0.722222,0.608696,0.635514,0.612903,0.715909,0.714286,0.609524,0.547368,0.606061,0.50495,0.659794,0.631068,0.659574,0.622642,0.628866,0.543689,0.630631,0.573034,0.535354,0.584158,0.541667,0.5,0.633663,0.616162,0.663366,0.454545,0.646465,0.584158,0.579545,0.580357,0.567568,0.674157,0.579545,0.625,0.60396,0.616162,0.543478,0.694444,0.669725,0.527473,0.535354,0.554455,0.516129,0.691589,0.65625,0.692308,0.545455,0.633663,0.55914,0.626168,0.705263,0.561905,0.553191,0.707547,0.52381,0.610526,0.630631,0.629213,0.678899,0.604396,0.68,0.55,0.662651,0.623932,0.494118,0.626087,0.555556,0.50495,0.614583,0.615385,0.567308,0.604167,0.6,0.6,
34200,0.54,0.59,0.618557,0.631068,0.578947,0.590476,0.614679,0.516484,0.656863,0.540816,0.706422,0.692308,0.59434,0.648936,0.72449,0.5,0.631068,0.546392,0.632653,0.598039,0.59596,0.60396,0.614583,0.653846,0.575472,0.542553,0.617647,0.510204,0.634615,0.5,0.615385,0.40625,0.666667,0.644231,0.66087,0.6,0.631579,0.571429,0.652632,0.561905,0.556604,0.5,0.613208,0.457447,0.641304,0.648148,0.587719,0.581395,0.601942,0.71134,0.554455,0.59596,0.6,0.51,0.640777,0.597938,0.588235,0.622449,0.56,0.59,0.677083,0.567308,0.678161,0.477876,0.575472,0.606383,0.666667,0.673077,0.669903,0.659794,0.49505,0.656566,0.662791,0.570175,0.617647,0.602041,0.573034,0.603604,0.577778,0.627273,0.640449,0.594595,0.527273,0.6,0.604651,0.587719,0.640449,0.585586,0.565217,0.675926,0.672897,0.526882,0.621359,0.628866,0.56701,0.621359,0.530973,0.632184,0.576923,0.572917,
34400,0.593407,0.486239,0.656566,0.613861,0.647619,0.684211,0.634615,0.625,0.617021,0.679245,0.583333,0.456897,0.559322,0.695122,0.614583,0.653846,0.605769,0.645833,0.579439,0.591398,0.592593,0.619565,0.59596,0.633663,0.633663,0.59596,0.59596,0.574257,0.572917,0.586538,0.536842,0.647619,0.680851,0.650943,0.606383,0.575472,0.663551,0.537634,0.636364,0.683168,0.617391,0.588235,0.602041,0.637255,0.61,0.58,0.621359,0.742268,0.647059,0.581633,0.58427,0.54955,0.703297,0.633028,0.652632,0.495238,0.552632,0.616279,0.616162,0.653465,0.717172,0.60396,0.524272,0.57732,0.59633,0.571429,0.688889,0.536364,0.59596,0.574257,0.663366,0.585859,0.615385,0.5625,0.489362,0.660377,0.627907,0.614035,0.586538,0.614583,0.552941,0.565217,0.555556,0.630435,0.54902,0.581633,0.642202,0.626374,0.490566,0.531915,0.736264,0.633028,0.531532,0.494382,0.566667,0.581818,0.576923,0.583333,0.63,0.51,
34600,0.623853,0.538462,0.556604,0.680851,0.647619,0.610526,0.695652,0.592593,0.575758,0.613861,0.568807,0.648352,0.650943,0.574468,0.565217,0.703704,0.553191,0.575472,0.663717,0.632184,0.69,0.58,0.585106,0.641509,0.663866,0.679012,0.634409,0.635514,0.660194,0.628866,0.576923,0.604167,0.593407,0.59633,0.53125,0.615385,0.571429,0.558824,0.567308,0.520833,0.527473,0.633028,0.677419,0.607477,0.59,0.51,0.592233,0.515464,0.715789,0.514286,0.660377,0.744681,0.484848,0.673267,0.61165,0.680412,0.521277,0.613208,0.56,0.65,0.582524,0.639175,0.575758,0.594059,0.610526,0.552381,0.528302,0.531915,0.54902,0.581633,0.607843,0.632653,0.52381,0.557895,0.638298,0.650943,0.580645,0.635514,0.542857,0.631579,0.58,0.55,0.595745,0.566038,0.525,0.516667,0.587156,0.56044,0.584158,0.606061,0.638889,0.630435,0.5,0.6875,0.596154,0.677083,0.576577,0.595506,0.588235,0.642857,
34800,0.576087,0.666667,0.649485,0.572816,0.612613,0.550562,0.615385,0.708333,0.596154,0.65625,0.511364,0.625,0.6,0.633333,0.521739,0.611111,0.603774,0.56383,0.587629,0.592233,0.653061,0.558824,0.59596,0.633663,0.619565,0.666667,0.584906,0.531915,0.633663,0.565657,0.575758,0.70297,0.568421,0.561905,0.509615,0.510417,0.524752,0.69697,0.484211,0.638095,0.633663,0.575758,0.551402,0.645161,0.601942,0.608247,0.608696,0.601852,0.550459,0.56044,0.519231,0.604167,0.58,0.52,0.558333,0.675,0.59,0.6,0.564356,0.656566,0.590476,0.642105,0.612069,0.630952,0.663462,0.489583,0.646552,0.642857,0.62766,0.509434,0.642857,0.578431,0.557895,0.609524,0.588235,0.55102,0.55914,0.53271,0.565217,0.509259,0.560748,0.55914,0.649485,0.640777,0.542553,0.575472,0.585859,0.554455,0.586538,0.635417,0.614583,0.625,0.56,0.7,0.57732,0.572816,0.587629,0.582524,0.525253,0.663366,
35000,0.621622,0.573034,0.615385,0.677083,0.606061,0.564356,0.612903,0.616822,0.606383,0.584906,0.572917,0.576923,0.571429,0.54902,0.557692,0.520833,0.543689,0.56701,0.553398,0.56701,0.634409,0.570093,0.55102,0.598039,0.696629,0.585586,0.757576,0.623762,0.568421,0.580952,0.46729,0.623656,0.616822,0.677419,0.581818,0.688889,0.691489,0.528302,0.6,0.55,0.630252,0.617284,0.573171,0.567797,0.719101,0.576577,0.613861,0.626263,0.580645,0.588785,0.509434,0.542553,0.631579,0.552381,0.52381,0.610526,0.5,0.63,0.690909,0.577778,0.475248,0.636364,0.656863,0.632653,0.627451,0.622449,0.66055,0.516484,0.694737,0.638095,0.525253,0.465347,0.610526,0.495238,0.581633,0.54902,0.54717,0.62766,0.606061,0.663366,0.684211,0.571429,0.559633,0.549451,0.685393,0.612613,0.663462,0.53125,0.509804,0.632653,0.633028,0.604396,0.72973,0.573034,0.576923,0.65625,0.585106,0.584906,0.628866,0.747573,
35200,0.534653,0.585859,0.677083,0.586538,0.56044,0.605505,0.626087,0.576471,0.602041,0.617647,0.565217,0.592593,0.548077,0.635417,0.601852,0.673913,0.653846,0.552083,0.556604,0.553191,0.522727,0.535714,0.666667,0.622449,0.545455,0.613861,0.520833,0.634615,0.542056,0.526882,0.567308,0.53125,0.529412,0.591837,0.682243,0.666667,0.590476,0.684211,0.638298,0.688679,0.657407,0.641304,0.652174,0.666667,0.593407,0.559633,0.66055,0.615385,0.633663,0.656566,0.617647,0.602041,0.602151,0.607477,0.598131,0.505376,0.693878,0.568627,0.485981,0.602151,0.588785,0.580645,0.5625,0.673077,0.5625,0.670455,0.598039,0.642857,0.582278,0.619835,0.646465,0.683168,0.57732,0.679612,0.505155,0.640777,0.5,0.6,0.548387,0.570093,0.524752,0.505051,0.651685,0.72973,0.605769,0.604167,0.553571,0.659091,0.669643,0.545455,0.634409,0.616822,0.568421,0.6,0.588235,0.581633,0.672897,0.645161,0.627451,0.489796,
35400,0.619565,0.638889,0.592593,0.597826,0.670103,0.563107,0.601942,0.57732,0.588785,0.591398,0.586538,0.59375,0.602151,0.607477,0.631068,0.639175,0.563636,0.6,0.595745,0.641509,0.619565,0.601852,0.574074,0.586957,0.5,0.638298,0.619565,0.740741,0.6,0.72381,0.55814,0.622807,0.566038,0.680851,0.557692,0.635417,0.571429,0.62963,0.622449,0.578431,0.472527,0.697248,0.49505,0.646465,0.45283,0.606383,0.494624,0.570093,0.629213,0.540541,0.578947,0.674419,0.57732,0.621359,0.554455,0.555556,0.57732,0.699029,0.512821,0.542169,0.484211,0.619048,0.525773,0.572816,0.641304,0.592593,0.598039,0.632653,0.623762,0.626263,0.622449,0.529412,0.626263,0.643564,0.63,0.58,0.608696,0.601852,0.531915,0.660377,0.701149,0.637168,0.61,0.57,0.65625,0.615385,0.613636,0.607143,0.569892,0.616822,0.660714,0.602273,0.660714,0.625,0.616162,0.524752,0.51087,0.592593,0.62766,0.59434,
35600,0.69,0.59,0.53125,0.548077,0.650485,0.618557,0.531915,0.584906,0.565657,0.613861,0.566265,0.615385,0.598039,0.642857,0.637168,0.563218,0.662791,0.631579,0.6125,0.55,0.579439,0.655914,0.673077,0.614583,0.62,0.54,0.531915,0.603774,0.663462,0.625,0.59375,0.557692,0.539326,0.459459,0.709091,0.544444,0.595745,0.490566,0.666667,0.522124,0.647619,0.547368,0.586207,0.557522,0.639175,0.524272,0.648649,0.516854,0.590909,0.589286,0.623656,0.607477,0.598039,0.602041,0.654545,0.555556,0.575758,0.594059,0.648352,0.623853,0.617021,0.632075,0.546392,0.728155,0.62,0.65,0.61165,0.659794,0.595745,0.679245,0.764151,0.670213,0.581818,0.6,0.647619,0.705263,0.666667,0.652174,0.652174,0.564706,0.5,0.62766,0.525773,0.524272,0.610526,0.647619,0.555556,0.545455,0.57732,0.679612,0.649485,0.543689,0.480392,0.602041,0.613861,0.555556,0.576923,0.552083,0.69697,0.50495,
35800,0.533333,0.572727,0.584158,0.535354,0.631579,0.619048,0.693069,0.636364,0.556701,0.533981,0.527778,0.630435,0.597938,0.660194,0.690722,0.543689,0.659574,0.528302,0.650943,0.521277,0.612245,0.647059,0.47619,0.637931,0.616279,0.605263,0.597938,0.631068,0.544554,0.606061,0.638655,0.604938,0.574468,0.660377,0.517241,0.583333,0.571429,0.647059,0.576471,0.617391,0.62,0.66,0.6,0.555556,0.682927,0.559322,0.581197,0.614458,0.563218,0.575221,0.584906,0.659574,0.6,0.631579,0.59,0.58,0.557692,0.645833,0.606383,0.556604,0.663551,0.698925,0.656566,0.623762,0.606061,0.594059,0.594059,0.676768,0.583333,0.567308,0.608696,0.648148,0.53271,0.645161,0.568421,0.580952,0.587719,0.5,0.643564,0.616162,0.586957,0.546296,0.653846,0.604167,0.637255,0.561224,0.526316,0.552381,0.642857,0.696078,0.575758,0.633663,0.639175,0.601942,0.59596,0.544554,0.613861,0.59596,0.590909,0.705357,
36000,0.619565,0.592593,0.55102,0.558824,0.53125,0.682692,0.597938,0.572816,0.602151,0.598131,0.670103,0.621359,0.538462,0.6875,0.577982,0.582418,0.524752,0.656566,0.595745,0.575472,0.72381,0.526316,0.598039,0.612245,0.631579,0.533333,0.602041,0.578431,0.487805,0.627119,0.554348,0.592593,0.582524,0.556701,0.580952,0.642105,0.601942,0.659794,0.674419,0.605263,0.6,0.64,0.598039,0.571429,0.592233,0.597938,0.528846,0.541667,0.6,0.51,0.53271,0.591398,0.619565,0.685185,0.495413,0.67033,0.557895,0.571429,0.597826,0.564815,0.677778,0.545455,0.580952,0.610526,0.632075,0.691489,0.642202,0.571429,0.645833,0.663462,0.548077,0.635417,0.663636,0.566667,0.684211,0.609524,0.602041,0.745098,0.639535,0.552632,0.609524,0.536842,0.606061,0.643564,0.650485,0.587629,0.699029,0.587629,0.576923,0.604167,0.572816,0.721649,0.585859,0.594059,0.57732,0.592233,0.666667,0.523364,0.617647,0.622449,
36200,0.613636,0.553571,0.516854,0.72973,0.608696,0.592593,0.56,0.5,0.656863,0.714286,0.61,0.6,0.633333,0.636364,0.622222,0.609091,0.654762,0.603448,0.558559,0.606742,0.521739,0.564815,0.514019,0.666667,0.610526,0.590476,0.616162,0.633663,0.650485,0.56701,0.660194,0.659794,0.606742,0.63964,0.568627,0.673469,0.54902,0.510204,0.635417,0.615385,0.572816,0.556701,0.747664,0.634409,0.59596,0.613861,0.609524,0.568421,0.612245,0.647059,0.684783,0.574074,0.650602,0.512821,0.611111,0.5,0.587719,0.627907,0.626506,0.606838,0.581633,0.617647,0.638095,0.610526,0.537634,0.64486,0.576923,0.645833,0.585106,0.566038,0.634409,0.523364,0.626263,0.564356,0.572816,0.597938,0.557692,0.583333,0.598039,0.632653,0.54,0.58,0.557895,0.590476,0.605769,0.625,0.550562,0.684685,0.653465,0.575758,0.565657,0.60396,0.553191,0.613208,0.621053,0.561905,0.62,0.61,0.719626,0.602151,
36400,0.587629,0.572816,0.602041,0.656863,0.540816,0.617647,0.4375,0.673077,0.527273,0.555556,0.586207,0.610619,0.591398,0.542056,0.612245,0.617647,0.578947,0.552381,0.650943,0.659574,0.701031,0.660194,0.617647,0.622449,0.6,0.609524,0.641304,0.62037,0.68,0.61,0.546392,0.524272,0.533981,0.57732,0.653061,0.607843,0.558559,0.640449,0.563218,0.584071,0.594595,0.52809,0.62,0.63,0.627451,0.653061,0.604651,0.719298,0.528736,0.60177,0.651786,0.556818,0.702128,0.650943,0.604167,0.721154,0.6,0.62,0.616162,0.594059,0.580952,0.547368,0.669725,0.604396,0.653061,0.637255,0.631579,0.662791,0.621053,0.561905,0.546296,0.608696,0.575472,0.62766,0.584906,0.595745,0.5625,0.557692,0.595506,0.54955,0.670103,0.582524,0.628319,0.609195,0.587156,0.571429,0.56,0.56,0.677778,0.627273,0.525253,0.514851,0.670588,0.556522,0.565657,0.663366,0.542857,0.631579,0.5,0.666667,
36600,0.660377,0.606383,0.627273,0.655556,0.627451,0.479592,0.630435,0.657407,0.610526,0.580952,0.56701,0.631068,0.587629,0.553398,0.57732,0.621359,0.610619,0.701149,0.524752,0.59596,0.505051,0.613861,0.657407,0.630435,0.609195,0.628319,0.616071,0.534091,0.6,0.533333,0.619565,0.564815,0.645833,0.548077,0.567308,0.583333,0.581818,0.633333,0.602151,0.654206,0.640777,0.608247,0.663636,0.6,0.526882,0.64486,0.568627,0.642857,0.669903,0.57732,0.584158,0.555556,0.54,0.66,0.638298,0.54717,0.536364,0.522222,0.606383,0.584906,0.61,0.69,0.596154,0.46875,0.65,0.53,0.643564,0.59596,0.616162,0.574257,0.621359,0.659794,0.480392,0.653061,0.7,0.61,0.59633,0.604396,0.647619,0.547368,0.64,0.55,0.528302,0.62766,0.633663,0.505051,0.60396,0.646465,0.586538,0.697917,0.645161,0.570093,0.6,0.663158,0.641304,0.62963,0.591837,0.637255,0.606383,0.566038,
36800,0.579439,0.580645,0.653465,0.545455,0.4875,0.658333,0.585859,0.594059,0.597938,0.543689,0.521277,0.669811,0.525773,0.543689,0.477876,0.62069,0.533333,0.578947,0.663265,0.656863,0.598291,0.578313,0.519231,0.645833,0.509615,0.677083,0.554455,0.686869,0.594828,0.642857,0.530435,0.541176,0.553191,0.59434,0.490385,0.583333,0.65,0.67,0.510417,0.634615,0.640449,0.684685,0.588235,0.591837,0.649485,0.601942,0.558824,0.55102,0.592233,0.57732,0.75,0.4375,0.686275,0.571429,0.643678,0.610619,0.543478,0.666667,0.578947,0.6,0.56701,0.669903,0.603774,0.606383,0.648352,0.59633,0.685714,0.631579,0.652174,0.472222,0.572917,0.634615,0.695652,0.576471,0.608247,0.679612,0.551402,0.569892,0.578431,0.602041,0.5625,0.605769,0.680412,0.592233,0.663043,0.657407,0.588785,0.655914,0.477876,0.551724,0.663265,0.568627,0.567797,0.756098,0.581633,0.705882,0.675,0.591667,0.66,0.53,
37000,0.684685,0.651685,0.632653,0.539216,0.705882,0.663265,0.683168,0.69697,0.6,0.589474,0.663158,0.6,0.707547,0.585106,0.608696,0.574074,0.612903,0.53271,0.610526,0.638095,0.604651,0.552632,0.675439,0.697674,0.646465,0.663366,0.627451,0.571429,0.618182,0.633333,0.590476,0.694737,0.518519,0.521739,0.703297,0.587156,0.617021,0.59434,0.635417,0.605769,0.591837,0.54902,0.603774,0.606383,0.686869,0.663366,0.632653,0.578431,0.56701,0.621359,0.529412,0.571429,0.524752,0.59596,0.595506,0.630631,0.544554,0.666667,0.672897,0.537634,0.628866,0.543689,0.587629,0.61165,0.52381,0.526316,0.606383,0.603774,0.594059,0.656566,0.5,0.548077,0.601852,0.684783,0.642857,0.568966,0.565657,0.524752,0.555556,0.652174,0.577586,0.619048,0.553571,0.590909,0.55,0.56,0.654545,0.688889,0.579439,0.526882,0.628866,0.592233,0.641304,0.564815,0.58,0.63,0.563107,0.546392,0.632653,0.637255,
37200,0.56701,0.563107,0.666667,0.663366,0.618182,0.588889,0.574257,0.636364,0.59596,0.534653,0.593407,0.605505,0.592593,0.554348,0.618557,0.631068,0.591837,0.686275,0.65625,0.625,0.6,0.621053,0.675325,0.560976,0.618557,0.572816,0.60396,0.565657,0.533333,0.536364,0.59,0.48,0.707547,0.606383,0.590476,0.684211,0.59375,0.605769,0.648148,0.673913,0.722222,0.554348,0.494737,0.647619,0.632653,0.637255,0.77,0.58,0.576471,0.608696,0.521739,0.657407,0.676768,0.524752,0.533333,0.673684,0.707965,0.632184,0.642857,0.627451,0.581967,0.602564,0.546296,0.608696,0.694737,0.619048,0.584158,0.606061,0.542553,0.556604,0.692308,0.59375,0.630631,0.662921,0.577982,0.505495,0.589474,0.619048,0.53125,0.644231,0.6,0.673684,0.505155,0.621359,0.605505,0.571429,0.591837,0.568627,0.642857,0.617647,0.578431,0.612245,0.544554,0.575758,0.702128,0.54717,0.535354,0.663366,0.637363,0.559633,
37400,0.524272,0.690722,0.510638,0.613208,0.685185,0.532609,0.582418,0.577982,0.653465,0.59596,0.514286,0.494737,0.640777,0.56701,0.604167,0.471154,0.691489,0.622642,0.505376,0.598131,0.572816,0.639175,0.673469,0.686275,0.585859,0.574257,0.626263,0.574257,0.705882,0.540816,0.676471,0.632653,0.722892,0.666667,0.59434,0.574468,0.615385,0.71875,0.612245,0.558824,0.627451,0.561224,0.596154,0.572917,0.582524,0.536082,0.505495,0.550459,0.534653,0.686869,0.601852,0.706522,0.481132,0.56383,0.642202,0.615385,0.61165,0.597938,0.636364,0.643564,0.62766,0.698113,0.577982,0.681319,0.533981,0.587629,0.621053,0.657143,0.57,0.64,0.615385,0.552083,0.602151,0.485981,0.553398,0.639175,0.580645,0.654206,0.676471,0.632653,0.602041,0.490196,0.640777,0.690722,0.648148,0.630435,0.589474,0.590476,0.602041,0.607843,0.653846,0.622951,0.527778,0.597826,0.555556,0.586957,0.622222,0.590909,0.633028,0.648352,
37600,0.5,0.529412,0.605769,0.614583,0.634409,0.691589,0.574257,0.464646,0.580952,0.652632,0.683673,0.588235,0.583333,0.5875,0.617021,0.632075,0.617021,0.518868,0.570093,0.677419,0.606061,0.653465,0.566038,0.62766,0.666667,0.612245,0.56701,0.61165,0.578431,0.683673,0.459184,0.656863,0.55914,0.728972,0.636364,0.584158,0.635417,0.5,0.636364,0.571429,0.57732,0.650485,0.530612,0.588235,0.603774,0.585106,0.577778,0.536364,0.666667,0.557895,0.577586,0.52381,0.584158,0.59596,0.604938,0.563025,0.56701,0.592233,0.639535,0.596491,0.613445,0.567901,0.626374,0.605505,0.586538,0.59375,0.630435,0.518519,0.566265,0.623932,0.586538,0.53125,0.639175,0.68932,0.554455,0.59596,0.653846,0.541667,0.677419,0.560748,0.622222,0.690909,0.64486,0.72043,0.539326,0.612613,0.579832,0.654321,0.601942,0.494845,0.627119,0.585366,0.605769,0.635417,0.515789,0.580952,0.581633,0.588235,0.56701,0.660194,
37800,0.652174,0.666667,0.709091,0.477778,0.666667,0.576087,0.704762,0.684211,0.59434,0.595745,0.648936,0.556604,0.636364,0.744444,0.644444,0.654545,0.675926,0.706522,0.669811,0.542553,0.626168,0.55914,0.538462,0.552083,0.647059,0.632653,0.682243,0.634409,0.731959,0.728155,0.567308,0.666667,0.532609,0.657407,0.636364,0.564356,0.530612,0.656863,0.627273,0.555556,0.566038,0.56383,0.539216,0.561224,0.694444,0.652174,0.613636,0.714286,0.572816,0.515464,0.653465,0.585859,0.573034,0.684685,0.629213,0.648649,0.568627,0.571429,0.558824,0.581633,0.571429,0.627451,0.552381,0.578947,0.617021,0.584906,0.614583,0.644231,0.621053,0.647619,0.576087,0.666667,0.638298,0.59434,0.676471,0.602041,0.645833,0.625,0.607843,0.591837,0.660194,0.587629,0.59596,0.613861,0.682353,0.686957,0.57,0.5,0.602041,0.578431,0.531915,0.688679,0.676471,0.602041,0.75,0.589286,0.608696,0.555556,0.578947,0.590476,
38000,0.571429,0.550459,0.613861,0.59596,0.574468,0.584906,0.598039,0.5,0.575472,0.648936,0.583333,0.619565,0.666667,0.526316,0.569892,0.672897,0.580645,0.598131,0.621951,0.576271,0.564356,0.515152,0.526316,0.514286,0.591398,0.635514,0.539326,0.513514,0.570175,0.627907,0.616162,0.663366,0.640777,0.628866,0.582609,0.635294,0.633929,0.579545,0.636364,0.633663,0.606061,0.564356,0.650943,0.553191,0.605769,0.583333,0.684211,0.542857,0.744444,0.663636,0.559633,0.571429,0.582524,0.618557,0.582418,0.559633,0.63,0.56,0.647619,0.589474,0.530612,0.558824,0.66087,0.588235,0.633028,0.549451,0.605505,0.549451,0.631579,0.628571,0.505747,0.610619,0.633929,0.545455,0.669811,0.56383,0.618557,0.631068,0.516484,0.614679,0.591837,0.578431,0.584158,0.545455,0.552941,0.469565,0.586538,0.541667,0.6,0.623529,0.514851,0.676768,0.644231,0.479167,0.61165,0.515464,0.542056,0.623656,0.552083,0.615385,
38200,0.621359,0.525773,0.490741,0.619565,0.641304,0.564815,0.588235,0.55102,0.5625,0.653846,0.561224,0.637255,0.612903,0.598131,0.574074,0.630435,0.566038,0.574468,0.64,0.57,0.526882,0.626168,0.596154,0.625,0.633663,0.59596,0.574468,0.59434,0.529412,0.634783,0.681319,0.633028,0.644231,0.614583,0.633663,0.555556,0.659574,0.575472,0.595745,0.537736,0.669725,0.648352,0.55,0.59,0.537736,0.531915,0.588785,0.580645,0.589474,0.609524,0.527473,0.541284,0.621053,0.504762,0.641304,0.564815,0.588235,0.561224,0.62963,0.576087,0.489583,0.519231,0.612903,0.588785,0.568627,0.591837,0.659574,0.622642,0.546392,0.640777,0.653465,0.646465,0.54,0.66,0.514286,0.652632,0.519231,0.666667,0.639175,0.563107,0.541284,0.626374,0.696078,0.561224,0.54,0.64,0.617021,0.575472,0.685185,0.565217,0.645833,0.557692,0.5,0.510638,0.618557,0.592233,0.6,0.619048,0.636364,0.643564,
38400,0.647619,0.631579,0.537634,0.560748,0.657143,0.621053,0.54902,0.663265,0.598131,0.580645,0.511628,0.614035,0.529412,0.608696,0.741573,0.603604,0.550459,0.549451,0.659794,0.621359,0.648936,0.669811,0.603604,0.617978,0.543689,0.639175,0.673267,0.666667,0.545455,0.655556,0.509434,0.680851,0.535088,0.581395,0.625,0.479167,0.695652,0.583333,0.541667,0.548077,0.543103,0.630952,0.628866,0.631068,0.465347,0.545455,0.631068,0.597938,0.59434,0.638298,0.635417,0.634615,0.586957,0.611111,0.556701,0.61165,0.653846,0.583333,0.488636,0.651786,0.704082,0.637255,0.616071,0.613636,0.572816,0.649485,0.67,0.65,0.736842,0.666667,0.660194,0.649485,0.742574,0.575758,0.555556,0.613861,0.564356,0.535354,0.632184,0.654867,0.555556,0.586957,0.576923,0.520833,0.527778,0.673913,0.611111,0.586957,0.571429,0.697248,0.59633,0.637363,0.656863,0.642857,0.59,0.54,0.581633,0.627451,0.616162,0.683168,
38600,0.520833,0.615385,0.72549,0.642857,0.682353,0.6,0.613861,0.505051,0.607843,0.632653,0.65625,0.625,0.608696,0.546296,0.615385,0.635417,0.592233,0.556701,0.522727,0.580357,0.568421,0.6,0.652174,0.592593,0.638298,0.622642,0.546392,0.650485,0.636364,0.544444,0.540541,0.58427,0.637363,0.559633,0.601942,0.525773,0.601942,0.639175,0.584906,0.680851,0.509434,0.574468,0.505263,0.695238,0.652174,0.635294,0.618182,0.6,0.578947,0.590476,0.580645,0.579439,0.585859,0.643564,0.584906,0.521277,0.559633,0.593407,0.640777,0.659794,0.594595,0.595506,0.488095,0.663793,0.645833,0.625,0.541284,0.549451,0.606061,0.514851,0.648936,0.537736,0.650943,0.478723,0.561905,0.631579,0.597938,0.524272,0.62,0.62,0.62069,0.575221,0.646465,0.594059,0.640777,0.546392,0.495327,0.655914,0.572816,0.536082,0.598039,0.591837,0.513043,0.588235,0.576923,0.666667,0.69697,0.554455,0.601942,0.56701,
38800,0.634615,0.59375,0.64,0.53,0.453608,0.61165,0.639175,0.660194,0.62766,0.575472,0.602151,0.616822,0.569767,0.649123,0.598039,0.632653,0.619048,0.568421,0.571429,0.589474,0.619048,0.536842,0.604167,0.528846,0.71875,0.576923,0.659574,0.54717,0.589474,0.609524,0.72449,0.539216,0.603774,0.510638,0.56383,0.679245,0.530612,0.568627,0.524752,0.494949,0.617647,0.540816,0.67619,0.484211,0.564356,0.656566,0.585859,0.574257,0.509804,0.602041,0.60396,0.59596,0.591304,0.6,0.688073,0.67033,0.537037,0.619565,0.633028,0.637363,0.645833,0.557692,0.634615,0.510417,0.597701,0.646018,0.505155,0.524272,0.5625,0.567308,0.651163,0.640351,0.62766,0.669811,0.552381,0.578947,0.554455,0.565657,0.637363,0.53211,0.590476,0.621053,0.621622,0.606742,0.557895,0.6,0.673684,0.552381,0.5,0.63,0.59434,0.702128,0.571429,0.647059,0.490196,0.571429,0.533981,0.525773,0.613208,0.638298,
39000,0.621359,0.57732,0.586538,0.697917,0.548387,0.579439,0.574713,0.548673,0.612069,0.678571,0.642202,0.67033,0.572816,0.57732,0.663462,0.6875,0.649485,0.495146,0.66087,0.623529,0.594059,0.555556,0.49505,0.646465,0.67033,0.605505,0.606061,0.60396,0.663551,0.612903,0.610526,0.561905,0.700935,0.516129,0.62,0.61,0.72043,0.570093,0.646465,0.564356,0.637255,0.642857,0.612903,0.616822,0.607477,0.591398,0.581197,0.578313,0.54902,0.653061,0.613208,0.62766,0.66055,0.659341,0.690909,0.633333,0.621359,0.628866,0.684211,0.533333,0.563107,0.618557,0.735849,0.542553,0.566667,0.463636,0.616822,0.580645,0.597826,0.62963,0.6,0.619048,0.602041,0.588235,0.583333,0.641304,0.606061,0.70297,0.543478,0.592593,0.586538,0.552083,0.520833,0.480769,0.58,0.63,0.590361,0.564103,0.539326,0.594595,0.64,0.51,0.693069,0.636364,0.63,0.69,0.632653,0.54902,0.554348,0.518519,
39200,0.610526,0.628571,0.536082,0.553398,0.587629,0.533981,0.566265,0.649573,0.55,0.6,0.618182,0.655556,0.618557,0.640777,0.484536,0.563107,0.43956,0.504587,0.489796,0.558824,0.626374,0.559633,0.653846,0.572917,0.586538,0.645833,0.62,0.59,0.528846,0.614583,0.469565,0.564706,0.568627,0.591837,0.603774,0.531915,0.590909,0.6,0.708738,0.608247,0.592233,0.546392,0.666667,0.6,0.572816,0.680412,0.538462,0.645833,0.590476,0.610526,0.649485,0.650485,0.636364,0.6,0.553571,0.602273,0.626168,0.516129,0.672727,0.622222,0.652174,0.472222,0.676471,0.581633,0.558824,0.755102,0.575758,0.663366,0.545455,0.644444,0.585859,0.633663,0.573034,0.522523,0.5,0.59434,0.68,0.69,0.588785,0.526882,0.606383,0.669811,0.586538,0.5,0.515789,0.638095,0.582418,0.522936,0.585859,0.693069,0.588235,0.591837,0.542857,0.536842,0.683168,0.636364,0.568421,0.657143,0.524752,0.606061,
39400,0.673469,0.54902,0.586207,0.60177,0.622449,0.666667,0.552083,0.596154,0.641509,0.531915,0.548387,0.654206,0.58427,0.612613,0.586538,0.5,0.588785,0.72043,0.62766,0.641509,0.642105,0.533333,0.570093,0.580645,0.541667,0.625,0.580952,0.6,0.650943,0.617021,0.709302,0.605263,0.621359,0.670103,0.699029,0.618557,0.63964,0.651685,0.698113,0.638298,0.63,0.68,0.56701,0.61165,0.641304,0.5,0.631068,0.587629,0.539216,0.530612,0.55914,0.607477,0.571429,0.589474,0.556604,0.585106,0.565657,0.623762,0.536082,0.543689,0.545455,0.622222,0.558559,0.460674,0.598131,0.612903,0.641509,0.659574,0.571429,0.669725,0.540541,0.606742,0.598039,0.602041,0.613861,0.666667,0.571429,0.705882,0.704082,0.588235,0.54902,0.704082,0.591667,0.675,0.707071,0.594059,0.638889,0.619565,0.588785,0.602151,0.552941,0.582609,0.568627,0.653061,0.575472,0.585106,0.677419,0.663551,0.618557,0.601942,
39600,0.59596,0.613861,0.59596,0.534653,0.609091,0.655556,0.576577,0.662921,0.528736,0.513274,0.548387,0.570093,0.547368,0.609524,0.554348,0.546296,0.666667,0.630435,0.6,0.684211,0.574257,0.69697,0.541284,0.505495,0.5,0.663265,0.592233,0.546392,0.572917,0.682692,0.660194,0.618557,0.550459,0.582418,0.655914,0.663551,0.5,0.6,0.712963,0.619565,0.653061,0.656863,0.642857,0.656863,0.685185,0.576087,0.627451,0.55102,0.607477,0.591398,0.679612,0.618557,0.630631,0.617978,0.663636,0.611111,0.62766,0.622642,0.642202,0.67033,0.55102,0.617647,0.587156,0.659341,0.590909,0.669643,0.636364,0.60396,0.568421,0.619048,0.678161,0.60177,0.634409,0.682243,0.594059,0.585859,0.644444,0.509091,0.70297,0.646465,0.602151,0.579439,0.56,0.54,0.717647,0.626087,0.538462,0.604167,0.590361,0.615385,0.561905,0.6,0.555556,0.60396,0.568421,0.514286,0.626263,0.594059,0.625,0.541667,
39800,0.654545,0.566667,0.62963,0.641304,0.54955,0.438202,0.584906,0.574468,0.698925,0.64486,0.593407,0.559633,0.609524,0.526316,0.59375,0.586538,0.582609,0.611765,0.59596,0.554455,0.621053,0.552381,0.621359,0.628866,0.656566,0.60396,0.581633,0.578431,0.666667,0.514851,0.602151,0.64486,0.608696,0.564815,0.45977,0.539823,0.616162,0.554455,0.638095,0.642105,0.677083,0.615385,0.576923,0.541667,0.529412,0.571429,0.582524,0.57732,0.577778,0.581818,0.623656,0.64486,0.598039,0.561224,0.5,0.658537,0.608696,0.583333,0.597938,0.640777,0.613861,0.616162,0.505618,0.612613,0.591398,0.616822,0.597938,0.68932,0.655556,0.572727,0.609091,0.588889,0.641304,0.685185,0.572727,0.622222,0.582418,0.550459,0.59375,0.634615,0.669903,0.56701,0.583333,0.663043,0.608247,0.592233,0.673267,0.555556,0.598039,0.612245,0.572816,0.556701,0.604396,0.642202,0.568182,0.491071,0.590909,0.677778,0.702128,0.603774,
40000,0.645455,0.688889,0.642857,0.607843,0.531532,0.561798,0.54902,0.653061,0.504348,0.682353,0.656566,0.534653,0.60396,0.616162,0.633028,0.626374,0.656566,0.613861,0.581395,0.622807,0.612245,0.509804,0.572816,0.690722,0.568421,0.571429,0.554348,0.62963,0.617647,0.683673,0.542056,0.677419,0.545455,0.623762,0.59,0.66,0.587629,0.543689,0.44086,0.64486,0.522936,0.549451,0.666667,0.536364,0.63,0.66,0.660194,0.721649,0.639535,0.535088,0.6,0.542857,0.639175,0.640777,0.612245,0.607843,0.663366,0.686869,0.614583,0.596154,0.752577,0.640777,0.525253,0.683168,0.510204,0.627451,0.621359,0.546392,0.568627,0.561224,0.541667,0.625,0.580952,0.473684,0.582524,0.57732,0.625,0.5625,0.542857,0.652632,0.58,0.6,0.585859,0.60396,0.580645,0.588785,0.587156,0.549451,0.607143,0.522727,0.621622,0.595506,0.592233,0.680412,0.556604,0.648936,0.561798,0.63964,0.628571,0.610526,
40200,0.617978,0.603604,0.659794,0.592233,0.673077,0.604167,0.644444,0.581818,0.598039,0.530612,0.65625,0.596154,0.676768,0.60396,0.626168,0.698925,0.586957,0.601852,0.647619,0.652632,0.630631,0.550562,0.587629,0.601942,0.62766,0.59434,0.626263,0.643564,0.554455,0.616162,0.601852,0.619565,0.6875,0.605769,0.591837,0.647059,0.597938,0.679612,0.652632,0.619048,0.6,0.589474,0.576087,0.62963,0.585106,0.613208,0.578431,0.571429,0.528302,0.659574,0.591304,0.611765,0.617284,0.554622,0.588785,0.483871,0.527778,0.641304,0.650485,0.608247,0.555556,0.594059,0.591398,0.560748,0.623762,0.656566,0.631068,0.525773,0.510417,0.567308,0.633028,0.604396,0.585586,0.629213,0.656863,0.540816,0.481132,0.595745,0.631068,0.56701,0.516129,0.598131,0.589474,0.695238,0.518868,0.56383,0.618557,0.621359,0.673267,0.555556,0.646465,0.60396,0.603774,0.648936,0.485149,0.555556,0.627451,0.561224,0.623762,0.616162,
40400,0.631068,0.618557,0.675214,0.506024,0.584071,0.551724,0.609524,0.536842,0.656566,0.594059,0.638298,0.679245,0.688679,0.62766,0.666667,0.697674,0.639175,0.533981,0.534653,0.646465,0.584158,0.59596,0.606061,0.49505,0.641304,0.574074,0.571429,0.6,0.5,0.666667,0.526786,0.602273,0.618182,0.711111,0.648352,0.59633,0.59434,0.648936,0.495146,0.505155,0.612903,0.588785,0.495413,0.604396,0.582418,0.66055,0.606061,0.584158,0.693069,0.666667,0.63,0.68,0.535354,0.663366,0.576923,0.541667,0.596154,0.65625,0.608247,0.592233,0.602041,0.578431,0.674157,0.576577,0.591837,0.558824,0.575758,0.544554,0.569892,0.579439,0.623853,0.67033,0.692308,0.605505,0.669903,0.639175,0.611111,0.5,0.584158,0.575758,0.669811,0.617021,0.66055,0.67033,0.528846,0.614583,0.538462,0.614583,0.623762,0.575758,0.565217,0.62037,0.64,0.67,0.612903,0.64486,0.59596,0.643564,0.544444,0.554545,
40600,0.553191,0.537736,0.594059,0.626263,0.673469,0.656863,0.643564,0.626263,0.666667,0.633663,0.571429,0.557895,0.581818,0.722222,0.657407,0.478261,0.509259,0.673913,0.540816,0.568627,0.637255,0.602041,0.628571,0.526316,0.625,0.596154,0.509804,0.632653,0.582278,0.603306,0.55102,0.666667,0.534091,0.651786,0.494737,0.695238,0.494949,0.524752,0.673469,0.627451,0.666667,0.619565,0.563107,0.639175,0.657658,0.573034,0.559524,0.551724,0.692308,0.633028,0.685714,0.568421,0.685714,0.694737,0.58427,0.621622,0.586538,0.53125,0.590909,0.588889,0.530612,0.637255,0.552381,0.663158,0.670103,0.572816,0.67619,0.663158,0.657143,0.6,0.570093,0.698925,0.618182,0.544444,0.495146,0.546392,0.633663,0.59596,0.565217,0.638889,0.583333,0.663043,0.53125,0.557692,0.628571,0.610526,0.571429,0.62931,0.546392,0.631068,0.72,0.56,0.533333,0.627273,0.583333,0.615385,0.512605,0.580247,0.643564,0.646465,
40800,0.603774,0.595745,0.571429,0.647727,0.663043,0.648148,0.647059,0.571429,0.626263,0.574257,0.638095,0.589474,0.628866,0.563107,0.533333,0.557895,0.568807,0.549451,0.595745,0.481132,0.707071,0.60396,0.616162,0.693069,0.595745,0.584906,0.605769,0.53125,0.561905,0.505263,0.595745,0.528302,0.625,0.509615,0.621359,0.556701,0.575758,0.623762,0.586538,0.666667,0.554455,0.535354,0.57,0.58,0.662921,0.585586,0.552381,0.589474,0.649123,0.627907,0.475728,0.546392,0.584071,0.528736,0.546296,0.641304,0.681319,0.642202,0.62766,0.622642,0.616822,0.580645,0.737374,0.594059,0.623762,0.565657,0.615385,0.59375,0.613208,0.606383,0.546512,0.535088,0.531915,0.641509,0.653061,0.627451,0.558824,0.632653,0.567308,0.614583,0.598039,0.571429,0.608247,0.621359,0.574468,0.698113,0.651163,0.631579,0.632075,0.574468,0.616162,0.613861,0.554348,0.574074,0.55914,0.700935,0.643564,0.565657,0.611111,0.641304,
41000,0.586538,0.5625,0.614583,0.653846,0.610619,0.666667,0.65,0.56,0.621053,0.685714,0.597826,0.425926,0.56383,0.669811,0.524752,0.707071,0.62037,0.565217,0.622642,0.638298,0.606742,0.603604,0.715909,0.625,0.634409,0.53271,0.683673,0.686275,0.57,0.52,0.571429,0.482759,0.542857,0.515789,0.649485,0.572816,0.597938,0.533981,0.632653,0.607843,0.604167,0.586538,0.688172,0.64486,0.543478,0.574074,0.545455,0.677778,0.64486,0.602151,0.628866,0.621359,0.584158,0.575758,0.605505,0.659341,0.656566,0.613861,0.554455,0.545455,0.601852,0.630435,0.52,0.57,0.648936,0.59434,0.570093,0.623656,0.676768,0.554455,0.495238,0.621053,0.557692,0.75,0.524272,0.556701,0.632653,0.607843,0.663265,0.519608,0.572917,0.538462,0.695652,0.62037,0.505155,0.524272,0.633028,0.494505,0.489796,0.588235,0.610526,0.533333,0.663043,0.564815,0.606838,0.638554,0.632653,0.529412,0.627273,0.611111,
41200,0.586538,0.541667,0.615385,0.625,0.678899,0.538462,0.543478,0.592593,0.591398,0.53271,0.659574,0.641509,0.458333,0.596154,0.510204,0.647059,0.65,0.71,0.670213,0.575472,0.656566,0.613861,0.571429,0.578947,0.59375,0.605769,0.622449,0.568627,0.516854,0.585586,0.527778,0.597826,0.564815,0.597826,0.639175,0.640777,0.622449,0.578431,0.521277,0.613208,0.61,0.55,0.610526,0.552381,0.657658,0.730337,0.64,0.53,0.494505,0.59633,0.557895,0.619048,0.567308,0.479167,0.631068,0.608247,0.545455,0.544444,0.533333,0.694737,0.542857,0.652632,0.528846,0.552083,0.663366,0.59596,0.592593,0.706522,0.488095,0.594828,0.663043,0.675926,0.505263,0.542857,0.54717,0.510638,0.588785,0.580645,0.530612,0.686275,0.656863,0.530612,0.601626,0.623377,0.714286,0.631579,0.660377,0.638298,0.692308,0.552083,0.6,0.672727,0.603774,0.638298,0.578947,0.647619,0.574257,0.575758,0.626168,0.655914,
41400,0.56044,0.623853,0.567308,0.729167,0.541667,0.625,0.659794,0.650485,0.54717,0.531915,0.678261,0.564706,0.640449,0.513514,0.548077,0.520833,0.460674,0.648649,0.75,0.586538,0.564356,0.616162,0.65625,0.663462,0.621053,0.561905,0.602151,0.53271,0.663265,0.588235,0.645833,0.586538,0.666667,0.607477,0.673684,0.638095,0.631579,0.581395,0.676471,0.581633,0.536842,0.638095,0.588235,0.489796,0.52,0.58,0.543689,0.639175,0.586957,0.564815,0.582524,0.690722,0.523364,0.505376,0.607843,0.561224,0.621622,0.561798,0.683168,0.59596,0.601852,0.673913,0.5625,0.557692,0.553571,0.590909,0.633028,0.571429,0.583333,0.596154,0.638889,0.630435,0.569892,0.598131,0.688679,0.595745,0.638889,0.641304,0.628866,0.747573,0.554545,0.544444,0.590476,0.547368,0.588235,0.581633,0.555556,0.590909,0.626263,0.60396,0.571429,0.605505,0.572917,0.528846,0.58,0.58,0.606383,0.641509,0.587629,0.563107,
41600,0.6,0.652632,0.552083,0.615385,0.537037,0.597826,0.571429,0.612069,0.625,0.616071,0.580357,0.738636,0.53271,0.580645,0.609524,0.642105,0.75,0.653846,0.578431,0.530612,0.609091,0.566667,0.598039,0.612245,0.65625,0.605769,0.576923,0.5625,0.700935,0.623656,0.669903,0.680412,0.64,0.7,0.625,0.614583,0.548387,0.626168,0.505376,0.663551,0.627119,0.585366,0.648936,0.660377,0.717391,0.537037,0.609524,0.547368,0.653846,0.625,0.609524,0.589474,0.663366,0.656566,0.546392,0.68932,0.621053,0.542857,0.669903,0.597938,0.648936,0.622642,0.59375,0.663462,0.568421,0.571429,0.557692,0.59375,0.673469,0.647059,0.669421,0.632911,0.611765,0.573913,0.556701,0.61165,0.688073,0.604396,0.574468,0.622642,0.621622,0.595506,0.528846,0.572917,0.674157,0.684685,0.550562,0.630631,0.628866,0.699029,0.558824,0.561224,0.514563,0.628866,0.62963,0.641304,0.575472,0.510638,0.644231,0.541667,
41800,0.594059,0.555556,0.655556,0.572727,0.611111,0.597826,0.49,0.52,0.606383,0.584906,0.531915,0.603774,0.63,0.59,0.74,0.56,0.591837,0.558824,0.56,0.53,0.630435,0.648148,0.647059,0.632653,0.568807,0.582418,0.676471,0.673469,0.581633,0.598039,0.646465,0.742574,0.555556,0.524752,0.581633,0.666667,0.651685,0.630631,0.532609,0.722222,0.715789,0.666667,0.63,0.66,0.5,0.509804,0.673684,0.514286,0.647059,0.632653,0.666667,0.514019,0.586207,0.637168,0.632653,0.568627,0.569892,0.691589,0.568421,0.657143,0.649485,0.495146,0.533981,0.515464,0.608247,0.640777,0.574713,0.619469,0.543478,0.638889,0.556701,0.592233,0.603448,0.607143,0.572917,0.596154,0.683673,0.598039,0.518519,0.543478,0.604167,0.596154,0.657658,0.629213,0.58,0.49,0.615385,0.645833,0.670103,0.466019,0.761905,0.578947,0.642857,0.598039,0.737864,0.57732,0.654545,0.655556,0.565657,0.564356,
42000,0.661017,0.634146,0.54717,0.574468,0.632075,0.606383,0.663265,0.637255,0.63,0.65,0.533333,0.589474,0.72381,0.663158,0.578313,0.57265,0.536842,0.647619,0.5625,0.568182,0.58,0.62,0.53012,0.547009,0.53125,0.615385,0.516854,0.621622,0.659794,0.679612,0.571429,0.545455,0.583333,0.634615,0.524752,0.484848,0.65,0.69,0.592233,0.56701,0.552083,0.682692,0.626506,0.623932,0.697917,0.625,0.632075,0.617021,0.567797,0.646341,0.473684,0.657143,0.594828,0.595238,0.546392,0.514563,0.66,0.6,0.514851,0.59596,0.57,0.6,0.614583,0.596154,0.578431,0.622449,0.520833,0.596154,0.541667,0.576923,0.618557,0.650485,0.633663,0.616162,0.566667,0.636364,0.558559,0.640449,0.670103,0.640777,0.541667,0.5,0.556604,0.595745,0.554455,0.555556,0.653465,0.616162,0.660377,0.56383,0.555556,0.563636,0.712644,0.610619,0.609524,0.557895,0.627451,0.612245,0.622642,0.574468,
42200,0.533333,0.645455,0.52,0.57,0.66055,0.494505,0.584906,0.574468,0.591398,0.579439,0.638095,0.526316,0.613208,0.595745,0.75,0.644231,0.617391,0.541176,0.653465,0.666667,0.597938,0.650485,0.55102,0.686275,0.650943,0.712766,0.59596,0.712871,0.40404,0.50495,0.566667,0.590909,0.670455,0.5625,0.657143,0.621053,0.626263,0.544554,0.582524,0.546392,0.489796,0.54902,0.652632,0.609524,0.59292,0.586207,0.529412,0.571429,0.572816,0.546392,0.62766,0.632075,0.580645,0.64486,0.673684,0.628571,0.571429,0.658537,0.622642,0.521277,0.646465,0.673267,0.606383,0.669811,0.546392,0.524272,0.607843,0.653061,0.657407,0.478261,0.609524,0.6,0.638095,0.610526,0.658333,0.6,0.644444,0.645455,0.585586,0.550562,0.637255,0.755102,0.565217,0.583333,0.64,0.64,0.567308,0.614583,0.505051,0.574257,0.552632,0.523256,0.564706,0.643478,0.574257,0.555556,0.709677,0.53271,0.575758,0.653465,
42400,0.578947,0.616279,0.663793,0.630952,0.638889,0.619565,0.636364,0.584158,0.58427,0.54955,0.559633,0.582418,0.607477,0.55914,0.525773,0.640777,0.715596,0.615385,0.602151,0.560748,0.575758,0.663366,0.608696,0.574074,0.56701,0.640777,0.536842,0.628571,0.673913,0.601852,0.59,0.52,0.575221,0.563218,0.663265,0.627451,0.601942,0.587629,0.628866,0.553398,0.666667,0.58427,0.536842,0.67619,0.59633,0.604396,0.669643,0.522727,0.625,0.678571,0.534091,0.598214,0.625,0.604167,0.646465,0.594059,0.526316,0.552381,0.539326,0.522523,0.590909,0.544643,0.593407,0.66055,0.5,0.510417,0.590476,0.568421,0.693694,0.685393,0.614679,0.648352,0.596154,0.614583,0.586538,0.625,0.532609,0.703704,0.622449,0.568627,0.584906,0.574468,0.607477,0.548387,0.598039,0.612245,0.505882,0.617391,0.65625,0.625,0.590476,0.6,0.618182,0.677778,0.524272,0.649485,0.516129,0.626168,0.660377,0.606383,
42600,0.636364,0.660714,0.59,0.55,0.504762,0.694737,0.714286,0.666667,0.666667,0.653061,0.590361,0.700855,0.666667,0.584158,0.607477,0.688172,0.56701,0.631068,0.690722,0.669903,0.597938,0.524272,0.564356,0.636364,0.519608,0.530612,0.576923,0.604167,0.676471,0.673469,0.588889,0.681818,0.649485,0.582524,0.535714,0.647727,0.587629,0.61165,0.707865,0.603604,0.55,0.62,0.663551,0.634409,0.585859,0.594059,0.526316,0.619048,0.607843,0.632653,0.478723,0.613208,0.632653,0.676471,0.7,0.7,0.574257,0.646465,0.608247,0.737864,0.509615,0.645833,0.606742,0.504505,0.632184,0.610619,0.690722,0.475728,0.619048,0.589474,0.584158,0.585859,0.650943,0.659574,0.572816,0.628866,0.603774,0.670213,0.641304,0.574074,0.567901,0.638655,0.556604,0.62766,0.612245,0.656863,0.58,0.66,0.676471,0.55102,0.55102,0.627451,0.654206,0.505376,0.637363,0.559633,0.63,0.62,0.543103,0.559524,
42800,0.647059,0.561224,0.574713,0.539823,0.634615,0.583333,0.585859,0.584158,0.542553,0.584906,0.648352,0.541284,0.641026,0.554217,0.558824,0.612245,0.564815,0.630435,0.533333,0.618182,0.494737,0.666667,0.465347,0.656566,0.693069,0.686869,0.552632,0.55814,0.524752,0.616162,0.540541,0.617978,0.613861,0.616162,0.536082,0.679612,0.633929,0.613636,0.682243,0.602151,0.543689,0.608247,0.652632,0.6,0.516484,0.568807,0.655914,0.682243,0.553398,0.57732,0.654545,0.644444,0.425532,0.622642,0.628571,0.6,0.615385,0.635417,0.53125,0.663462,0.641509,0.5,0.68,0.66,0.613208,0.585106,0.611111,0.663043,0.57,0.64,0.670103,0.572816,0.591304,0.517647,0.546392,0.572816,0.547368,0.657143,0.655914,0.579439,0.6,0.611765,0.653846,0.5625,0.670213,0.650943,0.625,0.605769,0.6,0.67,0.504762,0.557895,0.659794,0.601942,0.573034,0.621622,0.578431,0.653061,0.596154,0.677083,
43000,0.602041,0.539216,0.563107,0.57732,0.63964,0.662921,0.607143,0.602273,0.555556,0.623762,0.617647,0.591837,0.608247,0.572816,0.62,0.69,0.569892,0.542056,0.535354,0.534653,0.726316,0.590476,0.647619,0.526316,0.555556,0.564356,0.585859,0.524752,0.702128,0.603774,0.676768,0.594059,0.660194,0.57732,0.617647,0.44898,0.728261,0.583333,0.618182,0.666667,0.523364,0.655914,0.553398,0.597938,0.578947,0.657143,0.669903,0.597938,0.574257,0.606061,0.663043,0.555556,0.68,0.65,0.651685,0.567568,0.62931,0.630952,0.576923,0.625,0.653061,0.696078,0.631579,0.571429,0.552083,0.576923,0.533333,0.621053,0.587629,0.631068,0.558824,0.612245,0.537634,0.654206,0.572917,0.634615,0.55102,0.490196,0.609091,0.477778,0.570093,0.580645,0.494382,0.630631,0.5,0.581633,0.656863,0.653061,0.594059,0.59596,0.589474,0.638095,0.556604,0.62766,0.598131,0.569892,0.684783,0.518519,0.635417,0.586538,
43200,0.55,0.63,0.52809,0.603604,0.586957,0.527778,0.571429,0.54902,0.572816,0.752577,0.596154,0.666667,0.545455,0.468354,0.516129,0.598131,0.555556,0.630435,0.581633,0.647059,0.524272,0.608247,0.582524,0.639175,0.602273,0.544643,0.653061,0.578431,0.553398,0.649485,0.59,0.57,0.555556,0.590909,0.626263,0.673267,0.565217,0.564815,0.526882,0.598131,0.474227,0.553398,0.460784,0.591837,0.520833,0.586538,0.518519,0.565217,0.6,0.6,0.613861,0.575758,0.625,0.579545,0.572816,0.639175,0.566372,0.678161,0.655914,0.476636,0.583333,0.62931,0.5625,0.636364,0.635417,0.663462,0.644068,0.621951,0.637255,0.693878,0.603774,0.638298,0.71134,0.572816,0.548077,0.583333,0.628319,0.574713,0.657407,0.597826,0.566265,0.581197,0.635417,0.605769,0.575758,0.683168,0.528302,0.659574,0.532609,0.62963,0.598039,0.612245,0.565217,0.574074,0.670103,0.621359,0.57,0.7,0.622807,0.534884,
43400,0.69,0.59,0.639175,0.640777,0.607843,0.663265,0.691489,0.632075,0.59596,0.50495,0.6,0.65,0.541667,0.625,0.646465,0.564356,0.623853,0.582418,0.625,0.651786,0.645833,0.644231,0.615385,0.614458,0.66,0.53,0.71,0.68,0.618557,0.631068,0.663462,0.510417,0.485437,0.649485,0.637168,0.517241,0.464646,0.564356,0.6,0.590476,0.741935,0.570093,0.63,0.58,0.63,0.61,0.653465,0.676768,0.673469,0.588235,0.594059,0.656566,0.618557,0.456311,0.578431,0.459184,0.563218,0.575221,0.601852,0.630435,0.62766,0.518868,0.653465,0.59596,0.619565,0.62037,0.627451,0.581633,0.645161,0.570093,0.5,0.574468,0.609195,0.557522,0.629213,0.63964,0.659574,0.575472,0.530435,0.623529,0.617978,0.621622,0.584158,0.626263,0.554455,0.616162,0.637255,0.571429,0.653846,0.5625,0.592233,0.443299,0.582524,0.56701,0.633333,0.563636,0.663551,0.612903,0.632653,0.647059,
43600,0.613636,0.473214,0.604396,0.614679,0.634409,0.598131,0.606061,0.554455,0.586538,0.645833,0.475728,0.56701,0.633333,0.572727,0.643678,0.60177,0.551402,0.591398,0.6875,0.576923,0.666667,0.608696,0.603774,0.638298,0.568421,0.514286,0.53,0.66,0.58,0.63,0.606742,0.585586,0.639175,0.61165,0.66,0.71,0.585586,0.640449,0.635514,0.516129,0.607843,0.55102,0.712871,0.545455,0.660377,0.574468,0.516854,0.63964,0.494624,0.654206,0.636364,0.673267,0.608696,0.657407,0.465347,0.616162,0.669903,0.546392,0.574257,0.545455,0.608696,0.666667,0.578431,0.571429,0.636364,0.622222,0.648148,0.641304,0.529915,0.614458,0.663366,0.606061,0.59434,0.638298,0.639175,0.572816,0.576923,0.677083,0.590476,0.673684,0.58427,0.621622,0.626263,0.623762,0.60396,0.575758,0.655914,0.579439,0.548077,0.59375,0.607143,0.670455,0.580645,0.579439,0.585859,0.564356,0.56,0.63,0.590476,0.6,
43800,0.59596,0.673267,0.715686,0.612245,0.612903,0.588785,0.563107,0.536082,0.631068,0.57732,0.770642,0.56044,0.565657,0.643564,0.647059,0.565217,0.662921,0.720721,0.516484,0.614679,0.583333,0.586538,0.718447,0.587629,0.653465,0.59596,0.696429,0.488636,0.6,0.536842,0.680412,0.398058,0.59375,0.528846,0.594059,0.575758,0.64486,0.698925,0.697248,0.692308,0.603774,0.585106,0.576087,0.638889,0.650485,0.628866,0.584071,0.528736,0.680412,0.601942,0.578431,0.663265,0.56701,0.660194,0.556522,0.635294,0.622449,0.598039,0.65,0.7,0.623656,0.588785,0.644444,0.645455,0.651163,0.596491,0.698113,0.531915,0.643564,0.575758,0.589474,0.571429,0.630435,0.611111,0.61,0.47,0.622222,0.554545,0.5,0.528846,0.57,0.63,0.678571,0.613636,0.612903,0.514019,0.578431,0.663265,0.657143,0.505263,0.576923,0.677083,0.59596,0.574257,0.621359,0.57732,0.546296,0.684783,0.611765,0.634783,
44000,0.574257,0.616162,0.598131,0.645161,0.572816,0.56701,0.424242,0.683168,0.545455,0.683168,0.568421,0.571429,0.520833,0.653846,0.597826,0.592593,0.554348,0.611111,0.6,0.565217,0.635417,0.605769,0.596154,0.59375,0.553191,0.641509,0.510638,0.716981,0.644231,0.645833,0.602041,0.637255,0.672897,0.645161,0.556818,0.5625,0.6,0.555556,0.655556,0.518182,0.495495,0.494382,0.586957,0.583333,0.621053,0.52381,0.672897,0.741935,0.554455,0.545455,0.640777,0.515464,0.65,0.54,0.655914,0.598131,0.62766,0.603774,0.666667,0.712871,0.601942,0.608247,0.54,0.55,0.62,0.71,0.565657,0.70297,0.537634,0.542056,0.662921,0.504505,0.527778,0.641304,0.676471,0.704082,0.609524,0.568421,0.587629,0.582524,0.575472,0.553191,0.495575,0.574713,0.626168,0.55914,0.569892,0.476636,0.629213,0.657658,0.571429,0.578947,0.55,0.65,0.520833,0.509615,0.59633,0.637363,0.61165,0.608247,
44200,0.621053,0.580952,0.523364,0.483871,0.707865,0.558559,0.531532,0.550562,0.568421,0.6,0.553398,0.57732,0.646465,0.623762,0.612245,0.617647,0.536082,0.543689,0.515789,0.571429,0.643678,0.663717,0.60396,0.515152,0.49,0.66,0.651376,0.615385,0.583333,0.543478,0.63964,0.573034,0.584906,0.595745,0.622449,0.607843,0.673469,0.607843,0.583333,0.521739,0.645833,0.557692,0.663265,0.637255,0.693878,0.529412,0.632075,0.553191,0.623656,0.504673,0.742574,0.535354,0.621622,0.550562,0.636364,0.633663,0.61165,0.628866,0.68,0.55,0.588235,0.673469,0.55102,0.54902,0.591398,0.551402,0.572816,0.731959,0.629032,0.592105,0.46789,0.571429,0.587156,0.527473,0.59434,0.56383,0.650485,0.587629,0.613861,0.666667,0.578947,0.657143,0.673913,0.611111,0.582524,0.618557,0.572816,0.56701,0.489583,0.615385,0.549451,0.614679,0.608696,0.592593,0.605505,0.703297,0.516484,0.541284,0.539823,0.632184,
44400,0.515789,0.647619,0.613208,0.62766,0.5125,0.6,0.637168,0.609195,0.612613,0.640449,0.663366,0.585859,0.588235,0.582609,0.670213,0.660377,0.509804,0.561224,0.614583,0.663462,0.5,0.481132,0.646465,0.70297,0.715686,0.622449,0.631068,0.639175,0.623656,0.691589,0.734043,0.641509,0.622449,0.480392,0.640777,0.608247,0.56383,0.556604,0.62,0.55,0.595745,0.584906,0.568807,0.571429,0.601852,0.554348,0.685185,0.652174,0.656566,0.613861,0.684783,0.601852,0.680851,0.556604,0.644444,0.572727,0.645161,0.579439,0.580645,0.514019,0.565657,0.584158,0.625,0.604167,0.558824,0.581633,0.617021,0.528302,0.703704,0.619565,0.75,0.630435,0.505263,0.590476,0.650943,0.638298,0.607843,0.581633,0.463158,0.542857,0.515464,0.563107,0.623853,0.637363,0.607477,0.591398,0.610526,0.638095,0.663265,0.617647,0.632075,0.606383,0.594595,0.595506,0.618557,0.631068,0.686869,0.60396,0.613861,0.636364,
44600,0.62766,0.622642,0.607477,0.580645,0.616822,0.655914,0.715686,0.622449,0.659341,0.550459,0.525,0.583333,0.670455,0.544643,0.666667,0.564356,0.623656,0.626168,0.679245,0.521277,0.57,0.59,0.60241,0.649573,0.652632,0.638095,0.62069,0.663717,0.608247,0.669903,0.618557,0.669903,0.636364,0.644444,0.625,0.645833,0.594059,0.666667,0.574468,0.613208,0.646465,0.613861,0.545455,0.574257,0.651163,0.614035,0.60396,0.626263,0.55102,0.568627,0.663265,0.539216,0.580357,0.704545,0.679612,0.659794,0.660377,0.585106,0.53125,0.605769,0.640449,0.648649,0.604167,0.625,0.595745,0.632075,0.585859,0.574257,0.611111,0.554348,0.592233,0.690722,0.642857,0.558824,0.550459,0.582418,0.614679,0.571429,0.669903,0.618557,0.656566,0.60396,0.576087,0.675926,0.64,0.62,0.528846,0.666667,0.680412,0.592233,0.59,0.58,0.584906,0.595745,0.621359,0.608247,0.576923,0.552083,0.644231,0.59375,
44800,0.731183,0.635514,0.604396,0.577982,0.697248,0.571429,0.65625,0.605769,0.646465,0.485149,0.681818,0.544444,0.537736,0.648936,0.574257,0.545455,0.615385,0.625,0.62766,0.660377,0.714286,0.642202,0.521739,0.685185,0.569892,0.64486,0.677419,0.560748,0.68,0.57,0.585106,0.622642,0.638889,0.565217,0.698925,0.607477,0.585106,0.537736,0.610526,0.6,0.705263,0.609524,0.606383,0.528302,0.504202,0.617284,0.594595,0.494382,0.592233,0.608247,0.603604,0.629213,0.659341,0.550459,0.537037,0.565217,0.53125,0.625,0.534653,0.575758,0.611111,0.532609,0.588235,0.55102,0.590476,0.536842,0.505051,0.653465,0.580952,0.631579,0.57,0.58,0.584071,0.701149,0.642105,0.619048,0.62963,0.554622,0.670213,0.584906,0.571429,0.6,0.574074,0.576087,0.514019,0.580645,0.622642,0.585106,0.596154,0.614583,0.647619,0.621053,0.578431,0.561224,0.584746,0.536585,0.452632,0.561905,0.556604,0.531915,
45000,0.59,0.67,0.625,0.625,0.577586,0.559524,0.602041,0.627451,0.595745,0.59434,0.520833,0.538462,0.623762,0.666667,0.627907,0.508772,0.688679,0.5,0.54386,0.523256,0.53271,0.591398,0.726316,0.552381,0.610526,0.533333,0.520408,0.490196,0.524752,0.555556,0.564815,0.48913,0.561905,0.642105,0.557692,0.59375,0.616822,0.612903,0.542056,0.677419,0.681818,0.588889,0.635514,0.634409,0.505263,0.685714,0.602151,0.514019,0.570093,0.55914,0.580952,0.610526,0.53,0.64,0.511111,0.590909,0.540816,0.568627,0.663462,0.5,0.646552,0.630952,0.653465,0.616162,0.752212,0.643678,0.674419,0.54386,0.538462,0.572917,0.613208,0.521277,0.683333,0.625,0.631068,0.608247,0.571429,0.536842,0.646018,0.655172,0.643564,0.535354,0.606061,0.653465,0.731959,0.61165,0.604396,0.623853,0.598131,0.602151,0.609524,0.568421,0.55102,0.656863,0.676471,0.632653,0.653465,0.545455,0.666667,0.520408,
45200,0.555556,0.564356,0.654545,0.644444,0.588235,0.653061,0.510417,0.596154,0.504425,0.678161,0.6,0.6,0.666667,0.591837,0.61,0.57,0.558824,0.642857,0.626374,0.541284,0.572816,0.628866,0.57,0.51,0.60396,0.59596,0.585859,0.524752,0.538462,0.550459,0.649485,0.592233,0.625,0.583333,0.55,0.58,0.601852,0.532609,0.605769,0.635417,0.601942,0.597938,0.55,0.7,0.573034,0.558559,0.514019,0.655914,0.612903,0.719626,0.50495,0.606061,0.621053,0.542857,0.6375,0.55,0.643564,0.656566,0.533333,0.554545,0.682243,0.591398,0.625,0.615385,0.473684,0.67619,0.520833,0.480769,0.524272,0.680412,0.581633,0.637255,0.604396,0.59633,0.612613,0.662921,0.571429,0.6,0.683168,0.666667,0.48913,0.574074,0.606383,0.603774,0.686275,0.540816,0.666667,0.615385,0.553191,0.622642,0.606061,0.653465,0.515464,0.504854,0.611111,0.597826,0.588889,0.563636,0.529412,0.693878,
45400,0.552941,0.704348,0.598131,0.655914,0.591837,0.578431,0.645161,0.663551,0.647059,0.612245,0.617978,0.666667,0.6875,0.605769,0.597938,0.640777,0.595745,0.575472,0.548387,0.616822,0.669903,0.701031,0.616162,0.683168,0.584906,0.691489,0.648352,0.623853,0.604167,0.644231,0.594059,0.666667,0.505263,0.609524,0.472527,0.587156,0.591304,0.6,0.647727,0.5625,0.627273,0.722222,0.709091,0.566667,0.686275,0.642857,0.63964,0.550562,0.576923,0.479167,0.59375,0.605769,0.585859,0.574257,0.592233,0.57732,0.72449,0.637255,0.626374,0.623853,0.546296,0.478261,0.597938,0.572816,0.686869,0.673267,0.546512,0.587719,0.69,0.47,0.639175,0.582524,0.652632,0.571429,0.533981,0.608247,0.510417,0.586538,0.645455,0.644444,0.691589,0.580645,0.546512,0.605263,0.494505,0.642202,0.554455,0.626263,0.636364,0.693069,0.602151,0.635514,0.5625,0.670455,0.525253,0.643564,0.586957,0.583333,0.6,0.61,
45600,0.560748,0.494624,0.604167,0.615385,0.69697,0.514851,0.49505,0.585859,0.63,0.64,0.625,0.5625,0.604167,0.567308,0.554545,0.5,0.480769,0.520833,0.646552,0.678571,0.475728,0.639175,0.607477,0.602151,0.504762,0.589474,0.533333,0.642105,0.553398,0.597938,0.611111,0.672727,0.55102,0.705882,0.615385,0.572917,0.521739,0.675926,0.536082,0.640777,0.580952,0.621053,0.587629,0.563107,0.684211,0.627907,0.553571,0.613636,0.590909,0.555556,0.596154,0.614583,0.58,0.67,0.666667,0.641304,0.489362,0.566038,0.571429,0.610526,0.586538,0.645833,0.644231,0.614583,0.669811,0.553191,0.630435,0.648148,0.566667,0.663636,0.629213,0.540541,0.561905,0.547368,0.602151,0.514019,0.556604,0.638298,0.623853,0.571429,0.656566,0.60396,0.66,0.57,0.567308,0.6875,0.590476,0.684211,0.670213,0.54717,0.589474,0.590476,0.623656,0.588785,0.617021,0.603774,0.670103,0.708738,0.654762,0.603448,
45800,0.619469,0.666667,0.609524,0.684211,0.617391,0.541176,0.632653,0.539216,0.6,0.536842,0.583333,0.586957,0.563218,0.610619,0.553398,0.608247,0.721649,0.601942,0.666667,0.663462,0.543478,0.555556,0.59596,0.613861,0.65,0.54,0.62037,0.478261,0.638298,0.622642,0.561224,0.647059,0.626168,0.55914,0.591398,0.607477,0.614679,0.571429,0.621622,0.730337,0.613208,0.553191,0.509804,0.622449,0.604167,0.605769,0.660194,0.618557,0.636364,0.566667,0.611765,0.669565,0.649485,0.553398,0.597826,0.555556,0.682692,0.59375,0.617647,0.591837,0.605505,0.626374,0.63,0.58,0.602041,0.558824,0.610526,0.609524,0.684211,0.714286,0.615385,0.552083,0.509091,0.677778,0.588785,0.591398,0.590909,0.633333,0.587629,0.621359,0.636364,0.594059,0.621359,0.608247,0.612903,0.616822,0.62766,0.575472,0.584906,0.638298,0.574257,0.626263,0.59,0.63,0.569892,0.588785,0.583333,0.644231,0.680851,0.632075,
46000,0.583333,0.652174,0.568182,0.651786,0.588889,0.545455,0.690265,0.712644,0.657407,0.532609,0.567308,0.53125,0.641509,0.723404,0.628571,0.673684,0.610526,0.72381,0.542553,0.584906,0.554455,0.575758,0.548077,0.604167,0.443299,0.466019,0.565657,0.564356,0.560748,0.602151,0.556701,0.669903,0.454545,0.633663,0.539216,0.663265,0.489583,0.5,0.602151,0.616822,0.62,0.64,0.590476,0.568421,0.617021,0.688679,0.663265,0.588235,0.59633,0.516484,0.65,0.6,0.595745,0.603774,0.537736,0.638298,0.589474,0.628571,0.680412,0.553398,0.525773,0.572816,0.509804,0.571429,0.582524,0.515464,0.642202,0.626374,0.670455,0.544643,0.591398,0.579439,0.612245,0.529412,0.638298,0.669811,0.5,0.589286,0.595745,0.650943,0.645161,0.598131,0.593407,0.541284,0.557692,0.5625,0.567797,0.634146,0.557692,0.59375,0.520833,0.615385,0.518868,0.595745,0.58,0.66,0.67,0.66,0.536842,0.580952,
46200,0.5,0.561224,0.6,0.628571,0.6,0.619048,0.555556,0.653465,0.755319,0.603774,0.592233,0.649485,0.652632,0.561905,0.618557,0.631068,0.614583,0.625,0.659091,0.589286,0.604396,0.559633,0.612903,0.616822,0.544643,0.613636,0.565657,0.663366,0.64,0.57,0.711712,0.696629,0.705882,0.734694,0.638298,0.584906,0.770642,0.604396,0.645833,0.538462,0.666667,0.594059,0.636364,0.623762,0.550459,0.472527,0.606061,0.554455,0.638298,0.669811,0.663265,0.607843,0.538462,0.678899,0.666667,0.682243,0.52809,0.540541,0.543689,0.608247,0.535354,0.70297,0.715686,0.642857,0.561905,0.663158,0.583333,0.586538,0.551402,0.569892,0.542056,0.612903,0.558824,0.591837,0.591304,0.658824,0.606383,0.622642,0.62963,0.619565,0.574713,0.628319,0.585106,0.566038,0.553398,0.546392,0.59633,0.659341,0.533981,0.525773,0.617284,0.689076,0.584906,0.574468,0.585859,0.643564,0.464646,0.534653,0.62766,0.584906,
46400,0.619048,0.505263,0.545455,0.607143,0.5625,0.625,0.6,0.52,0.548673,0.586207,0.623656,0.607477,0.602041,0.529412,0.557895,0.6,0.606061,0.653465,0.542553,0.622642,0.536842,0.638095,0.615385,0.522936,0.642202,0.615385,0.597826,0.537037,0.642202,0.604396,0.553191,0.40566,0.642105,0.590476,0.726415,0.489362,0.641509,0.489362,0.630435,0.638889,0.646341,0.5,0.643678,0.548673,0.566372,0.505747,0.53,0.53,0.534653,0.616162,0.563636,0.633333,0.527473,0.559633,0.5625,0.644231,0.626374,0.633028,0.633663,0.636364,0.6875,0.625,0.525773,0.514563,0.566038,0.56383,0.626374,0.633028,0.557692,0.552083,0.622807,0.627907,0.632075,0.595745,0.598039,0.642857,0.569892,0.514019,0.546392,0.660194,0.603604,0.651685,0.622642,0.595745,0.638298,0.584906,0.554455,0.59596,0.53,0.55,0.617647,0.479592,0.652174,0.574074,0.606383,0.566038,0.612903,0.485981,0.695652,0.555556,
46600,0.60396,0.575758,0.605769,0.510417,0.54955,0.539326,0.621359,0.505155,0.553191,0.59434,0.586538,0.572917,0.564356,0.626263,0.633333,0.590909,0.672727,0.533333,0.623762,0.505051,0.609091,0.566667,0.527273,0.644444,0.714286,0.705263,0.60396,0.636364,0.520833,0.538462,0.544554,0.626263,0.638889,0.695652,0.484848,0.594059,0.536082,0.669903,0.638095,0.494737,0.645833,0.567308,0.528302,0.585106,0.566667,0.681818,0.595745,0.688679,0.646465,0.653465,0.695238,0.621053,0.652174,0.601852,0.477064,0.593407,0.653465,0.646465,0.544554,0.606061,0.62766,0.660377,0.5,0.618182,0.635417,0.605769,0.712871,0.626263,0.557522,0.517241,0.623762,0.565657,0.654545,0.5,0.666667,0.644231,0.663366,0.636364,0.652174,0.576471,0.549451,0.605505,0.544554,0.575758,0.495495,0.640449,0.58,0.62,0.642105,0.590476,0.692308,0.635417,0.586957,0.62037,0.621359,0.659794,0.533981,0.71134,0.53271,0.688172,
46800,0.6,0.677778,0.558559,0.651685,0.602273,0.633929,0.54,0.59,0.602151,0.607477,0.61165,0.659794,0.612245,0.578431,0.64,0.66,0.623762,0.585859,0.632075,0.585106,0.677778,0.518182,0.76699,0.597938,0.609524,0.631579,0.648148,0.663043,0.666667,0.634615,0.634409,0.738318,0.640449,0.666667,0.622449,0.588235,0.584906,0.489362,0.712644,0.59292,0.581633,0.647059,0.581633,0.637255,0.611111,0.663636,0.614679,0.56044,0.605769,0.583333,0.5,0.65,0.617021,0.518868,0.642857,0.578431,0.635417,0.509615,0.601852,0.652174,0.584158,0.656566,0.563218,0.619469,0.578431,0.581633,0.676471,0.55102,0.657143,0.631579,0.653465,0.606061,0.656566,0.564356,0.54902,0.642857,0.639175,0.601942,0.634409,0.495327,0.522727,0.6875,0.666667,0.652632,0.701923,0.604167,0.605042,0.555556,0.574257,0.636364,0.666667,0.554455,0.711538,0.635417,0.631579,0.504762,0.683673,0.676471,0.597938,0.621359,
47000,0.586538,0.458333,0.59,0.62,0.60177,0.632184,0.730337,0.702703,0.59596,0.584158,0.670213,0.509434,0.564815,0.673913,0.588235,0.602041,0.650943,0.617021,0.582524,0.515464,0.613861,0.636364,0.585106,0.698113,0.594059,0.606061,0.505155,0.718447,0.574257,0.59596,0.568627,0.602041,0.611111,0.51087,0.616822,0.698925,0.594059,0.727273,0.538462,0.541667,0.693182,0.642857,0.656566,0.584158,0.61,0.57,0.608247,0.621359,0.538462,0.614583,0.602041,0.578431,0.597826,0.546296,0.588235,0.632653,0.553398,0.639175,0.643564,0.585859,0.609195,0.619469,0.670213,0.518868,0.566667,0.581818,0.576087,0.611111,0.633028,0.615385,0.657407,0.652174,0.557692,0.552083,0.62766,0.566038,0.650485,0.608247,0.66,0.58,0.609524,0.557895,0.561404,0.55814,0.590476,0.642105,0.609091,0.611111,0.614583,0.528846,0.494845,0.582524,0.565657,0.623762,0.524272,0.556701,0.647619,0.673684,0.628571,0.621053,
47200,0.553398,0.57732,0.648148,0.684783,0.616071,0.602273,0.560748,0.623656,0.538462,0.678899,0.637363,0.614679,0.612245,0.529412,0.550459,0.527473,0.561224,0.705882,0.514851,0.727273,0.684211,0.619048,0.59375,0.557692,0.625,0.663462,0.7,0.62,0.63,0.66,0.537736,0.638298,0.653465,0.616162,0.641304,0.583333,0.583333,0.625,0.673077,0.635417,0.56701,0.553398,0.474227,0.660194,0.643564,0.555556,0.640449,0.576577,0.64,0.66,0.609524,0.557895,0.683168,0.626263,0.648936,0.566038,0.607477,0.645161,0.61165,0.659794,0.615385,0.572917,0.644231,0.6875,0.518519,0.597826,0.573034,0.558559,0.59,0.59,0.552083,0.538462,0.571429,0.605505,0.548387,0.616822,0.534091,0.526786,0.560748,0.580645,0.626168,0.580645,0.595506,0.657658,0.683673,0.539216,0.569892,0.514019,0.644231,0.614583,0.623762,0.575758,0.554348,0.453704,0.602041,0.578431,0.628571,0.631579,0.623656,0.514019,
47400,0.645833,0.653846,0.6,0.654545,0.485437,0.670103,0.640777,0.556701,0.57,0.51,0.542857,0.526316,0.582524,0.680412,0.470588,0.540816,0.528302,0.723404,0.595506,0.612613,0.53211,0.604396,0.6,0.563636,0.613208,0.702128,0.730769,0.59375,0.56,0.6,0.63,0.69,0.577778,0.645455,0.584906,0.62766,0.685714,0.610526,0.545455,0.663366,0.56701,0.61165,0.666667,0.644231,0.567308,0.604167,0.563636,0.544444,0.60396,0.606061,0.581633,0.656863,0.518868,0.648936,0.632653,0.637255,0.607477,0.569892,0.568627,0.602041,0.634615,0.677083,0.521277,0.603774,0.578947,0.647619,0.59375,0.586538,0.509804,0.632653,0.642857,0.676471,0.555556,0.736364,0.683761,0.554217,0.58,0.65,0.484536,0.563107,0.659794,0.543689,0.619048,0.463158,0.549451,0.568807,0.525253,0.564356,0.618557,0.601942,0.547368,0.580952,0.545455,0.564356,0.615385,0.633028,0.584158,0.555556,0.543689,0.628866,
47600,0.578947,0.666667,0.514563,0.56701,0.692308,0.59633,0.627451,0.581633,0.536842,0.628571,0.673077,0.614583,0.592233,0.546392,0.630631,0.58427,0.54,0.6,0.654762,0.646552,0.65,0.65,0.56044,0.614679,0.585106,0.603774,0.580952,0.610526,0.575758,0.633663,0.581818,0.611111,0.558824,0.612245,0.62,0.56,0.701923,0.65625,0.621359,0.639175,0.647619,0.631579,0.57732,0.61165,0.58,0.63,0.546392,0.61165,0.609195,0.637168,0.5,0.591837,0.589474,0.561905,0.596154,0.583333,0.634615,0.583333,0.61,0.61,0.635514,0.612903,0.7,0.57,0.536082,0.524272,0.609091,0.566667,0.583333,0.673077,0.510417,0.634615,0.588785,0.602151,0.59375,0.586538,0.548077,0.739583,0.621053,0.666667,0.575472,0.659574,0.672897,0.55914,0.576923,0.604167,0.62766,0.575472,0.476636,0.602151,0.609524,0.568421,0.646465,0.70297,0.591837,0.598039,0.683168,0.585859,0.64486,0.612903,
47800,0.651163,0.622807,0.57732,0.572816,0.604396,0.614679,0.57,0.56,0.556818,0.678571,0.595506,0.675676,0.642857,0.607843,0.66,0.69,0.632075,0.489362,0.551402,0.612903,0.621053,0.561905,0.591837,0.529412,0.569892,0.542056,0.519231,0.59375,0.649485,0.553398,0.6,0.663158,0.568966,0.595238,0.71875,0.557692,0.56044,0.651376,0.598214,0.715909,0.54717,0.648936,0.522727,0.598214,0.582418,0.577982,0.584158,0.666667,0.663462,0.625,0.505051,0.514851,0.636364,0.663366,0.630631,0.573034,0.654206,0.634409,0.59,0.51,0.606383,0.556604,0.674419,0.614035,0.5625,0.596154,0.54902,0.591837,0.543478,0.62037,0.544444,0.563636,0.704082,0.578431,0.656566,0.653465,0.590476,0.536842,0.514563,0.659794,0.693878,0.5,0.68,0.63,0.68,0.71,0.637255,0.704082,0.62963,0.586957,0.588785,0.516129,0.552083,0.673077,0.663551,0.666667,0.59,0.56,0.653465,0.606061,
48000,0.583333,0.532609,0.7,0.56,0.540816,0.647059,0.648649,0.651685,0.656863,0.683673,0.528302,0.595745,0.642202,0.604396,0.637931,0.571429,0.6,0.463158,0.62,0.56,0.630435,0.601852,0.546392,0.640777,0.632075,0.659574,0.537037,0.586957,0.619048,0.557895,0.606383,0.575472,0.61165,0.515464,0.572917,0.576923,0.588235,0.53913,0.574713,0.539823,0.565657,0.673267,0.621359,0.57732,0.477273,0.589286,0.526316,0.55814,0.596154,0.65625,0.641026,0.508197,0.647727,0.5625,0.607843,0.571429,0.582418,0.642202,0.586538,0.5625,0.673469,0.607843,0.51087,0.546296,0.635514,0.548387,0.669811,0.680851,0.625,0.576923,0.699029,0.546392,0.61,0.54,0.613208,0.574468,0.598131,0.655914,0.718447,0.536082,0.50495,0.606061,0.44898,0.598039,0.580645,0.626168,0.658824,0.617391,0.660194,0.659794,0.673684,0.609524,0.607843,0.571429,0.564356,0.565657,0.569892,0.476636,0.587629,0.708738,
48200,0.516854,0.576577,0.575472,0.553191,0.646465,0.554455,0.632075,0.521277,0.625,0.645833,0.611111,0.663043,0.683168,0.606061,0.588235,0.530612,0.59375,0.576923,0.727273,0.643564,0.514019,0.645161,0.656863,0.612245,0.59,0.58,0.564815,0.565217,0.526882,0.579439,0.543478,0.574074,0.56701,0.68932,0.510204,0.607843,0.553398,0.639175,0.628866,0.572816,0.525773,0.563107,0.578431,0.591837,0.612069,0.535714,0.592593,0.608696,0.627273,0.655556,0.62037,0.608696,0.53,0.52,0.623656,0.607477,0.65,0.57,0.607843,0.663265,0.623762,0.505051,0.627907,0.675439,0.54,0.56,0.578947,0.552381,0.525253,0.643564,0.546392,0.592233,0.538462,0.53125,0.53125,0.576923,0.5,0.519231,0.6,0.54,0.645161,0.560748,0.622222,0.581818,0.604396,0.623853,0.605769,0.489583,0.58,0.61,0.516484,0.559633,0.655556,0.527273,0.593407,0.59633,0.56,0.58,0.564706,0.617391,
48400,0.572727,0.611111,0.605505,0.626374,0.68,0.66,0.605769,0.59375,0.61165,0.628866,0.58,0.61,0.582524,0.628866,0.646465,0.544554,0.520408,0.627451,0.57,0.55,0.7,0.54,0.602273,0.5625,0.631068,0.608247,0.59375,0.567308,0.604167,0.663462,0.608696,0.592593,0.613208,0.56383,0.642857,0.525862,0.566038,0.62766,0.590909,0.633929,0.626263,0.514851,0.656863,0.673469,0.567308,0.541667,0.58,0.56,0.583333,0.576087,0.682243,0.602151,0.646465,0.683168,0.683673,0.617647,0.611111,0.618182,0.645455,0.611111,0.626374,0.633028,0.628571,0.642105,0.648649,0.606742,0.544643,0.545455,0.648148,0.565217,0.643564,0.676768,0.59375,0.692308,0.663043,0.527778,0.618557,0.660194,0.564815,0.641304,0.62037,0.565217,0.586957,0.592593,0.454545,0.643564,0.526316,0.561905,0.62,0.7,0.635514,0.655914,0.625,0.596154,0.631068,0.670103,0.457447,0.679245,0.643564,0.565657,
48600,0.618557,0.563107,0.558824,0.489796,0.601852,0.532609,0.634409,0.663551,0.650943,0.691489,0.601942,0.71134,0.6,0.554545,0.598039,0.622449,0.623762,0.606061,0.571429,0.568421,0.505263,0.542857,0.525253,0.514851,0.62931,0.547619,0.544554,0.616162,0.598039,0.591837,0.571429,0.541284,0.587629,0.504854,0.623853,0.615385,0.554348,0.648148,0.59633,0.582418,0.638095,0.589474,0.559633,0.637363,0.519608,0.714286,0.685393,0.603604,0.595745,0.556604,0.606742,0.621622,0.638889,0.467391,0.673469,0.617647,0.486239,0.582418,0.65625,0.576923,0.565657,0.633663,0.680412,0.563107,0.653061,0.539216,0.54955,0.629213,0.537037,0.641304,0.61,0.62,0.461538,0.520833,0.519231,0.604167,0.738636,0.508929,0.637255,0.632653,0.638095,0.515789,0.62766,0.622642,0.74,0.59,0.554348,0.555556,0.590476,0.610526,0.588235,0.632653,0.601852,0.565217,0.643564,0.606061,0.714286,0.578431,0.606061,0.564356,
48800,0.626168,0.55914,0.660714,0.625,0.481132,0.659574,0.640777,0.597938,0.546512,0.570175,0.633333,0.5,0.520408,0.686275,0.63964,0.674157,0.740741,0.684783,0.56701,0.592233,0.735294,0.673469,0.638889,0.652174,0.591398,0.64486,0.576471,0.591304,0.594595,0.730337,0.566372,0.574713,0.605769,0.520833,0.663158,0.609524,0.728155,0.525773,0.678899,0.505495,0.646465,0.554455,0.589474,0.647619,0.659091,0.571429,0.622642,0.521277,0.642857,0.598039,0.601942,0.56701,0.613208,0.648936,0.669903,0.628866,0.630435,0.518519,0.682692,0.677083,0.675926,0.597826,0.520408,0.54902,0.698925,0.672897,0.648936,0.603774,0.738318,0.516129,0.474747,0.60396,0.575472,0.585106,0.66,0.69,0.555556,0.60396,0.708333,0.605769,0.588889,0.581818,0.581633,0.480392,0.590476,0.568421,0.59,0.55,0.583333,0.521739,0.59633,0.659341,0.692308,0.642202,0.627451,0.5,0.597701,0.557522,0.549451,0.550459,
49000,0.578431,0.642857,0.576577,0.606742,0.633663,0.656566,0.626506,0.589744,0.524752,0.575758,0.610619,0.563218,0.510204,0.558824,0.548673,0.655172,0.58,0.64,0.630435,0.564815,0.570093,0.580645,0.628571,0.642105,0.54,0.66,0.473214,0.522727,0.478723,0.5,0.531915,0.566038,0.619048,0.631579,0.571429,0.715789,0.555556,0.662651,0.515789,0.533333,0.597938,0.669903,0.609091,0.522222,0.663265,0.627451,0.651786,0.704545,0.613861,0.585859,0.633663,0.606061,0.633663,0.69697,0.617978,0.54955,0.703297,0.614679,0.617021,0.632075,0.634615,0.604167,0.611111,0.630435,0.548077,0.635417,0.542056,0.623656,0.60396,0.646465,0.672897,0.591398,0.718447,0.628866,0.504673,0.634409,0.666667,0.576923,0.519608,0.479592,0.647727,0.571429,0.586538,0.71875,0.639175,0.61165,0.578313,0.589744,0.548077,0.625,0.587156,0.549451,0.584158,0.646465,0.644231,0.604167,0.678161,0.522124,0.622807,0.593023,
49200,0.652632,0.657143,0.60396,0.666667,0.719101,0.594595,0.685714,0.6,0.648936,0.603774,0.564815,0.586957,0.510417,0.480769,0.659574,0.518868,0.515789,0.571429,0.630435,0.555556,0.584906,0.617021,0.641304,0.5,0.648649,0.595506,0.615385,0.65625,0.6,0.53,0.6,0.57,0.504854,0.587629,0.594059,0.59596,0.419048,0.578947,0.595506,0.657658,0.632653,0.578431,0.590909,0.666667,0.537736,0.648936,0.575758,0.554455,0.587629,0.631068,0.609195,0.654867,0.622449,0.617647,0.510204,0.617647,0.644231,0.635417,0.646465,0.613861,0.57732,0.592233,0.67,0.62,0.537736,0.670213,0.605769,0.697917,0.632075,0.702128,0.666667,0.6,0.705882,0.612245,0.615385,0.59375,0.589474,0.638095,0.663043,0.62037,0.553398,0.57732,0.575472,0.56383,0.604167,0.576923,0.557692,0.645833,0.540816,0.539216,0.603604,0.606742,0.589474,0.695238,0.635514,0.666667,0.545455,0.613861,0.621053,0.638095,
49400,0.63,0.65,0.597826,0.592593,0.580645,0.616822,0.594059,0.505051,0.638298,0.59434,0.57732,0.543689,0.686047,0.596491,0.580645,0.588785,0.57732,0.601942,0.505376,0.579439,0.627451,0.55102,0.591837,0.598039,0.598131,0.580645,0.757576,0.623762,0.605769,0.635417,0.625,0.538462,0.742857,0.621053,0.642105,0.657143,0.663265,0.72549,0.596639,0.666667,0.635514,0.602151,0.63,0.59,0.605769,0.604167,0.663551,0.666667,0.625,0.663462,0.657407,0.673913,0.678899,0.67033,0.6,0.6,0.569892,0.663551,0.643564,0.545455,0.648936,0.669811,0.64,0.62,0.672897,0.623656,0.548077,0.59375,0.540541,0.561798,0.688679,0.542553,0.547368,0.485714,0.626374,0.605505,0.555556,0.630435,0.634615,0.614583,0.574074,0.684783,0.583333,0.594828,0.61,0.65,0.632653,0.637255,0.716981,0.638298,0.554455,0.585859,0.647619,0.621053,0.54023,0.584071,0.588785,0.634409,0.625,0.596154,
49600,0.572917,0.557692,0.614583,0.567308,0.587629,0.679612,0.682353,0.66087,0.6625,0.558333,0.526882,0.607477,0.530612,0.617647,0.608247,0.631068,0.636364,0.642857,0.5,0.636364,0.653465,0.616162,0.673077,0.59375,0.685714,0.505263,0.554348,0.555556,0.656566,0.633663,0.682243,0.731183,0.586957,0.675926,0.552941,0.608696,0.546296,0.521739,0.510204,0.598039,0.686275,0.602041,0.631068,0.618557,0.558824,0.602041,0.540541,0.561798,0.70297,0.626263,0.579439,0.602151,0.617021,0.518868,0.576271,0.621951,0.537634,0.672897,0.619565,0.583333,0.557522,0.494253,0.662921,0.513514,0.572917,0.548077,0.642857,0.656863,0.583333,0.644231,0.592233,0.597938,0.575472,0.670213,0.638889,0.597826,0.608247,0.572816,0.57732,0.699029,0.552381,0.610526,0.691589,0.526882,0.613445,0.567901,0.663462,0.6875,0.571429,0.637255,0.622807,0.616279,0.555556,0.653465,0.591837,0.54902,0.610526,0.52381,0.556701,0.572816,
49800,0.595745,0.59434,0.505376,0.598131,0.574257,0.59596,0.48913,0.583333,0.561404,0.639535,0.57,0.62,0.604167,0.471154,0.650943,0.617021,0.607843,0.612245,0.707547,0.691489,0.548077,0.645833,0.595745,0.688679,0.644231,0.6875,0.541667,0.644231,0.648352,0.541284,0.533981,0.57732,0.563636,0.555556,0.643564,0.575758,0.613208,0.638298,0.610526,0.6,0.608247,0.621359,0.637363,0.568807,0.559633,0.593407,0.638095,0.578947,0.473214,0.454545,0.556604,0.606383,0.604167,0.605769,0.646552,0.607143,0.637363,0.633028,0.545455,0.49505,0.540816,0.558824,0.555556,0.652174,0.6,0.621053,0.666667,0.530612,0.638889,0.641304,0.479592,0.637255,0.582609,0.611765,0.679612,0.556701,0.581818,0.566667,0.609524,0.610526,0.66087,0.635294,0.542857,0.673684,0.636364,0.524752,0.594059,0.474747,0.645161,0.691589,0.588235,0.540816,0.582524,0.57732,0.575758,0.60396,0.553398,0.608247,0.653846,0.635417,
50000,0.584158,0.686869,0.597826,0.592593,0.644231,0.520833,0.643678,0.619469,0.627451,0.540816,0.663158,0.628571,0.688172,0.626168,0.575758,0.60396,0.623656,0.626168,0.622642,0.606383,0.673469,0.617647,0.641509,0.553191,0.688172,0.570093,0.611111,0.565217,0.657895,0.662791,0.601942,0.628866,0.679245,0.606383,0.734043,0.471698,0.581395,0.649123,0.601852,0.608696,0.522936,0.604396,0.702128,0.490566,0.679612,0.639175,0.566038,0.606383,0.681416,0.609195,0.567308,0.53125,0.648352,0.752294,0.66055,0.538462,0.607143,0.715909,0.604396,0.614679,0.612245,0.627451,0.53,0.62,0.603774,0.670213,0.623656,0.560748,0.52381,0.652632,0.663366,0.636364,0.576923,0.65625,0.54902,0.489796,0.596154,0.697917,0.572917,0.634615,0.628571,0.694737,0.550562,0.576577,0.578947,0.542857,0.623853,0.615385,0.657407,0.597826,0.533333,0.609091,0.619565,0.601852,0.625,0.625,0.576087,0.648148,0.604396,0.623853,
50200,0.563107,0.556701,0.602041,0.647059,0.494845,0.582524,0.637255,0.632653,0.656863,0.530612,0.653465,0.757576,0.61,0.66,0.6,0.63,0.602041,0.637255,0.585859,0.633663,0.54,0.47,0.614583,0.538462,0.592233,0.57732,0.649485,0.718447,0.650943,0.43617,0.657407,0.456522,0.547368,0.504762,0.608696,0.546296,0.618557,0.514563,0.621053,0.704762,0.621359,0.57732,0.640777,0.546392,0.677419,0.616822,0.612903,0.542056,0.57,0.55,0.601942,0.690722,0.65812,0.542169,0.602151,0.579439,0.586207,0.575221,0.558559,0.662921,0.520408,0.676471,0.711538,0.6875,0.644444,0.627273,0.601942,0.56701,0.679245,0.542553,0.535354,0.574257,0.626263,0.524752,0.617021,0.54717,0.630631,0.573034,0.57,0.57,0.698925,0.598131,0.514851,0.575758,0.525253,0.653465,0.621622,0.651685,0.608696,0.481481,0.652174,0.564815,0.538462,0.604167,0.56701,0.631068,0.534653,0.585859,0.625,0.572917,
50400,0.565657,0.465347,0.700935,0.634409,0.617647,0.642857,0.572917,0.634615,0.616822,0.55914,0.652632,0.628571,0.627451,0.653061,0.581633,0.607843,0.613636,0.607143,0.700855,0.674699,0.59434,0.585106,0.5,0.603774,0.578431,0.581633,0.681818,0.677778,0.633333,0.609091,0.563107,0.680412,0.584906,0.691489,0.560748,0.602151,0.548077,0.708333,0.575221,0.54023,0.669903,0.484536,0.50495,0.585859,0.618557,0.553398,0.59375,0.528846,0.534653,0.686869,0.515464,0.679612,0.654206,0.516129,0.607843,0.673469,0.639175,0.504854,0.588235,0.591837,0.56701,0.68932,0.673077,0.677083,0.647059,0.602041,0.686869,0.613861,0.591398,0.495327,0.606061,0.623762,0.536842,0.67619,0.65,0.61,0.601852,0.532609,0.509259,0.630435,0.53125,0.692308,0.631579,0.657143,0.538462,0.572917,0.538462,0.59375,0.627451,0.591837,0.672566,0.655172,0.49505,0.555556,0.637255,0.612245,0.660377,0.62766,0.591837,0.588235,
50600,0.598039,0.622449,0.626087,0.588235,0.608247,0.572816,0.565217,0.555556,0.636364,0.574257,0.663636,0.555556,0.585859,0.693069,0.663717,0.632184,0.62037,0.554348,0.606061,0.564356,0.645455,0.688889,0.59375,0.653846,0.571429,0.705263,0.663043,0.740741,0.670213,0.613208,0.509615,0.6875,0.577586,0.571429,0.62,0.68,0.681818,0.535714,0.685714,0.547368,0.580952,0.631579,0.592233,0.639175,0.558824,0.571429,0.673267,0.565657,0.574074,0.576087,0.594059,0.535354,0.666667,0.554455,0.610526,0.571429,0.603774,0.553191,0.598214,0.647727,0.57,0.7,0.617647,0.55102,0.64,0.6,0.632653,0.578431,0.636364,0.544554,0.638095,0.589474,0.603774,0.617021,0.594595,0.606742,0.606061,0.554455,0.669811,0.531915,0.55102,0.627451,0.628571,0.673684,0.670103,0.660194,0.525862,0.619048,0.561224,0.607843,0.655914,0.616822,0.592593,0.532609,0.663462,0.583333,0.625,0.596154,0.602041,0.578431,
50800,0.631068,0.515464,0.515789,0.552381,0.555556,0.597826,0.575758,0.653465,0.598214,0.568182,0.660377,0.585106,0.663717,0.643678,0.552083,0.634615,0.592593,0.543478,0.725275,0.458716,0.520833,0.644231,0.64486,0.623656,0.575758,0.435644,0.674157,0.603604,0.58,0.55,0.621053,0.485714,0.53211,0.582418,0.552941,0.582609,0.634615,0.583333,0.579439,0.55914,0.612613,0.595506,0.62,0.63,0.623762,0.585859,0.571429,0.529412,0.554348,0.601852,0.625,0.572917,0.69,0.62,0.580952,0.610526,0.605769,0.614583,0.642202,0.582418,0.572727,0.666667,0.641304,0.657407,0.572917,0.519231,0.633028,0.67033,0.572816,0.659794,0.591837,0.627451,0.536082,0.601942,0.709677,0.616822,0.625,0.53125,0.553398,0.649485,0.601942,0.56701,0.484211,0.628571,0.54717,0.606383,0.623762,0.606061,0.660377,0.62766,0.613208,0.595745,0.553191,0.632075,0.635514,0.72043,0.54717,0.606383,0.546392,0.699029,
51000,0.552381,0.494737,0.592593,0.619565,0.64,0.6,0.518987,0.545455,0.672727,0.7,0.650943,0.691489,0.582418,0.633028,0.647727,0.625,0.60396,0.59596,0.62,0.57,0.530612,0.637255,0.550847,0.682927,0.554455,0.575758,0.663462,0.635417,0.682692,0.65625,0.543689,0.494845,0.634615,0.604167,0.542056,0.569892,0.554348,0.537037,0.662791,0.614035,0.631579,0.542857,0.586538,0.583333,0.646552,0.666667,0.59633,0.516484,0.56701,0.621359,0.631579,0.685714,0.679612,0.57732,0.585106,0.660377,0.547368,0.533333,0.557522,0.666667,0.640777,0.536082,0.72381,0.684211,0.65,0.65,0.691589,0.612903,0.579439,0.494624,0.707865,0.558559,0.50495,0.59596,0.54717,0.553191,0.645455,0.522222,0.514286,0.621053,0.61165,0.628866,0.59,0.65,0.57,0.63,0.563107,0.618557,0.585586,0.573034,0.683168,0.606061,0.637255,0.642857,0.622642,0.553191,0.560748,0.591398,0.576923,0.541667,
51200,0.628571,0.589474,0.67619,0.568421,0.673267,0.535354,0.6,0.6,0.683168,0.515152,0.582524,0.597938,0.581633,0.578431,0.646465,0.613861,0.613861,0.59596,0.644068,0.560976,0.632653,0.617647,0.635417,0.634615,0.625,0.528846,0.653846,0.677083,0.696629,0.684685,0.592233,0.608247,0.5,0.6,0.513761,0.67033,0.641509,0.606383,0.60396,0.616162,0.625,0.590909,0.613636,0.633929,0.625,0.572917,0.543689,0.618557,0.545455,0.566667,0.557692,0.479167,0.646465,0.574257,0.530973,0.609195,0.605505,0.593407,0.643564,0.636364,0.632653,0.558824,0.666667,0.772277,0.572816,0.474227,0.6,0.522222,0.682243,0.55914,0.693069,0.59596,0.597826,0.564815,0.595745,0.688679,0.594059,0.515152,0.617647,0.530612,0.572816,0.474227,0.610526,0.504762,0.561798,0.63964,0.529412,0.591837,0.702128,0.584906,0.663366,0.686869,0.564815,0.532609,0.704545,0.616071,0.464286,0.663793,0.645161,0.579439,
51400,0.580952,0.505263,0.638298,0.584906,0.634615,0.572917,0.647059,0.520408,0.608696,0.564815,0.50495,0.59596,0.636364,0.70297,0.639535,0.596491,0.610526,0.6,0.7,0.62,0.696078,0.581633,0.518072,0.538462,0.544444,0.563636,0.62931,0.559524,0.626168,0.602151,0.623656,0.654206,0.543689,0.505155,0.460784,0.663265,0.494845,0.61165,0.596154,0.635417,0.616822,0.655914,0.526316,0.561905,0.616822,0.537634,0.625,0.663462,0.5625,0.663462,0.709677,0.551402,0.637363,0.477064,0.61165,0.57732,0.634615,0.583333,0.635417,0.653846,0.58,0.57,0.545455,0.653465,0.553191,0.556604,0.642857,0.607843,0.639175,0.631068,0.525773,0.524272,0.554455,0.69697,0.546296,0.663043,0.631068,0.659794,0.607477,0.666667,0.611111,0.641304,0.633663,0.676768,0.533981,0.608247,0.679245,0.585106,0.6,0.657143,0.690722,0.640777,0.5,0.5,0.672897,0.634409,0.592233,0.639175,0.59596,0.534653,
51600,0.669643,0.511364,0.679612,0.474227,0.607843,0.622449,0.602041,0.666667,0.670732,0.584746,0.62,0.64,0.670103,0.650485,0.570093,0.591398,0.543689,0.515464,0.699029,0.639175,0.590476,0.663158,0.566667,0.609091,0.641304,0.574074,0.688679,0.648936,0.741573,0.585586,0.612903,0.663551,0.657407,0.641304,0.633028,0.637363,0.653465,0.565657,0.63,0.58,0.6,0.62,0.663462,0.583333,0.608247,0.669903,0.556604,0.542553,0.573034,0.63964,0.623762,0.525253,0.699029,0.42268,0.568182,0.607143,0.6,0.66,0.616162,0.643564,0.58427,0.720721,0.659091,0.642857,0.632653,0.607843,0.583333,0.557692,0.686957,0.482353,0.555556,0.681818,0.515789,0.657143,0.598214,0.511364,0.586538,0.59375,0.634615,0.625,0.561224,0.647059,0.636364,0.607143,0.558824,0.602041,0.625,0.586538,0.635514,0.602151,0.628571,0.6,0.67619,0.568421,0.603774,0.648936,0.542857,0.652632,0.604167,0.663462,
51800,0.542056,0.580645,0.660194,0.515464,0.489796,0.607843,0.561224,0.519608,0.607843,0.571429,0.592233,0.649485,0.663462,0.6875,0.590909,0.625,0.633028,0.604396,0.634409,0.64486,0.628866,0.553398,0.495327,0.634409,0.585859,0.613861,0.597826,0.583333,0.488372,0.552632,0.551402,0.516129,0.466667,0.526316,0.554455,0.626263,0.630631,0.58427,0.451613,0.616822,0.547368,0.514286,0.625,0.59375,0.570093,0.655914,0.597938,0.601942,0.61165,0.628866,0.585106,0.641509,0.584906,0.553191,0.586207,0.619469,0.53125,0.576923,0.52381,0.652632,0.610619,0.632184,0.645161,0.654206,0.591398,0.542056,0.556701,0.68932,0.574257,0.606061,0.615385,0.65625,0.617647,0.683673,0.647059,0.642857,0.54902,0.581633,0.480392,0.622449,0.639175,0.640777,0.56383,0.660377,0.628866,0.621359,0.60396,0.616162,0.60396,0.484848,0.575472,0.553191,0.615385,0.587156,0.561905,0.652632,0.645833,0.663462,0.612245,0.568627,
52000,0.628571,0.6,0.572917,0.528846,0.566667,0.663636,0.584158,0.575758,0.666667,0.586538,0.655172,0.681416,0.647059,0.608696,0.617978,0.54955,0.515464,0.650485,0.585859,0.584158,0.645833,0.653846,0.504348,0.588235,0.623656,0.588785,0.623853,0.626374,0.758621,0.557522,0.608247,0.582524,0.55102,0.598039,0.615385,0.669725,0.546392,0.563107,0.5625,0.636364,0.546296,0.543478,0.521739,0.601852,0.688679,0.638298,0.669811,0.617021,0.5625,0.548077,0.556701,0.592233,0.666667,0.60396,0.50495,0.555556,0.596154,0.510417,0.614035,0.604651,0.585586,0.617978,0.571429,0.589474,0.571429,0.578431,0.6,0.58,0.653061,0.578431,0.594595,0.58427,0.64,0.59,0.568627,0.673469,0.568807,0.681319,0.540816,0.627451,0.602273,0.589286,0.657143,0.568421,0.604167,0.653846,0.602041,0.568627,0.494505,0.66055,0.70297,0.717172,0.52381,0.568421,0.606061,0.564356,0.639535,0.657895,0.683168,0.585859,
52200,0.608247,0.572816,0.659574,0.603774,0.651685,0.648649,0.547619,0.62069,0.630435,0.574074,0.568182,0.571429,0.505155,0.737864,0.617021,0.707547,0.636364,0.607143,0.63,0.53,0.49505,0.525253,0.590909,0.633929,0.557895,0.52381,0.636364,0.556962,0.556604,0.617021,0.598039,0.581633,0.54717,0.606383,0.571429,0.588235,0.636364,0.5625,0.672897,0.655914,0.578431,0.653061,0.586957,0.666667,0.55814,0.614035,0.638655,0.432099,0.580645,0.607477,0.683168,0.565657,0.594059,0.494949,0.545455,0.6,0.626374,0.559633,0.484848,0.673267,0.644231,0.59375,0.618182,0.6,0.6,0.588235,0.580645,0.598131,0.618557,0.533981,0.613208,0.638298,0.55,0.58,0.578947,0.67619,0.586538,0.520833,0.563636,0.455556,0.616162,0.623762,0.688172,0.560748,0.632653,0.715686,0.652174,0.638889,0.555556,0.623762,0.669811,0.595745,0.597938,0.621359,0.586207,0.535714,0.604396,0.688073,0.54023,0.584071,
52400,0.526316,0.619048,0.588785,0.55914,0.636364,0.554455,0.601942,0.505155,0.594059,0.636364,0.610526,0.542857,0.614583,0.605769,0.556701,0.669903,0.575221,0.54023,0.539326,0.594595,0.647727,0.607143,0.541176,0.530435,0.5,0.635417,0.679612,0.587629,0.491228,0.697674,0.638095,0.621053,0.544554,0.646465,0.607143,0.704545,0.696429,0.556818,0.649485,0.582524,0.574257,0.636364,0.583333,0.663462,0.632184,0.557522,0.636364,0.524752,0.575758,0.673267,0.580645,0.654206,0.575758,0.594059,0.533981,0.57732,0.587629,0.592233,0.56701,0.601942,0.59,0.63,0.6,0.66,0.538462,0.541667,0.59596,0.574257,0.521277,0.509434,0.638298,0.509434,0.6,0.688889,0.611111,0.581818,0.641304,0.546296,0.585106,0.622642,0.663636,0.477778,0.632653,0.578431,0.609091,0.6,0.614679,0.593407,0.703704,0.673913,0.613861,0.606061,0.505495,0.550459,0.64486,0.634409,0.530612,0.627451,0.68,0.62,
52600,0.581395,0.54386,0.62963,0.576087,0.659794,0.572816,0.604938,0.630252,0.63,0.55,0.621359,0.628866,0.627451,0.612245,0.621359,0.546392,0.653061,0.588235,0.706522,0.583333,0.688679,0.521277,0.5625,0.490385,0.650485,0.525773,0.574713,0.566372,0.690722,0.563107,0.662791,0.596491,0.633028,0.549451,0.692308,0.614583,0.656566,0.534653,0.645833,0.605769,0.604167,0.625,0.617647,0.663265,0.561224,0.598039,0.566038,0.670213,0.589474,0.638095,0.618557,0.456311,0.602041,0.568627,0.693069,0.59596,0.636364,0.643564,0.62766,0.54717,0.625,0.697917,0.570093,0.591398,0.646465,0.584158,0.626263,0.564356,0.650485,0.618557,0.663551,0.505376,0.574257,0.555556,0.610526,0.657143,0.626263,0.643564,0.646465,0.554455,0.638298,0.509434,0.524752,0.616162,0.632653,0.529412,0.588235,0.612245,0.642105,0.72381,0.633929,0.636364,0.561798,0.54955,0.641509,0.585106,0.522936,0.703297,0.642857,0.578431,
52800,0.444444,0.493976,0.59633,0.549451,0.691667,0.5625,0.588785,0.548387,0.66,0.6,0.62069,0.637168,0.640777,0.618557,0.585859,0.584158,0.642857,0.607843,0.670103,0.582524,0.643564,0.636364,0.593023,0.5,0.541667,0.519231,0.584158,0.646465,0.555556,0.619565,0.604651,0.649123,0.546392,0.61165,0.607143,0.636364,0.523364,0.602151,0.607843,0.591837,0.653061,0.627451,0.566667,0.645455,0.646465,0.564356,0.578947,0.581395,0.544444,0.590909,0.598039,0.673469,0.585859,0.60396,0.677419,0.64486,0.54902,0.571429,0.688679,0.595745,0.57,0.54,0.677419,0.728972,0.673913,0.62037,0.611111,0.6,0.652632,0.495238,0.580645,0.579439,0.556604,0.670213,0.619048,0.715789,0.592593,0.586957,0.625,0.635417,0.557692,0.572917,0.56,0.62,0.565217,0.638889,0.574468,0.528302,0.590476,0.589474,0.6,0.681818,0.532609,0.611111,0.604396,0.642202,0.522936,0.648352,0.608247,0.543689,
53000,0.52381,0.536842,0.66,0.49,0.534653,0.606061,0.62,0.59,0.585859,0.564356,0.618557,0.582524,0.645833,0.548077,0.529412,0.55102,0.697248,0.615385,0.569892,0.542056,0.584158,0.575758,0.64,0.63,0.526882,0.523364,0.594595,0.539326,0.666667,0.60396,0.659091,0.580357,0.659341,0.605505,0.477273,0.589286,0.63,0.53,0.709677,0.626168,0.663462,0.625,0.485437,0.546392,0.520408,0.588235,0.551402,0.55914,0.541667,0.605769,0.554348,0.527778,0.578947,0.685714,0.663366,0.686869,0.568627,0.561224,0.57,0.66,0.520833,0.548077,0.631068,0.701031,0.692308,0.4375,0.606742,0.576577,0.538462,0.520833,0.557895,0.628571,0.481013,0.619835,0.582418,0.715596,0.638889,0.586957,0.522222,0.654545,0.554455,0.454545,0.621053,0.514286,0.640777,0.680412,0.628319,0.689655,0.6,0.6,0.628866,0.543689,0.593023,0.649123,0.591398,0.514019,0.726415,0.680851,0.618557,0.621359,
53200,0.583333,0.467391,0.607143,0.603448,0.46875,0.634615,0.617021,0.622642,0.60396,0.575758,0.707317,0.618644,0.622807,0.651163,0.519608,0.612245,0.55914,0.551402,0.552083,0.634615,0.544444,0.690909,0.573333,0.632,0.56701,0.621359,0.601942,0.43299,0.619048,0.526316,0.591398,0.448598,0.641304,0.601852,0.578947,0.619048,0.574074,0.619565,0.609091,0.577778,0.662921,0.54955,0.576577,0.696629,0.602041,0.637255,0.617978,0.63964,0.655914,0.607477,0.489362,0.603774,0.644444,0.509091,0.558824,0.602041,0.60396,0.636364,0.563107,0.731959,0.622222,0.663636,0.688679,0.542553,0.586957,0.472222,0.565217,0.518519,0.585859,0.574257,0.561905,0.621053,0.625,0.653846,0.561798,0.675676,0.48,0.52,0.606061,0.584158,0.527473,0.59633,0.543689,0.56701,0.504854,0.639175,0.567308,0.572917,0.615385,0.614583,0.565217,0.583333,0.534884,0.631579,0.72043,0.551402,0.568807,0.593407,0.571429,0.513761,
53400,0.617647,0.479592,0.588889,0.618182,0.682243,0.666667,0.652174,0.564706,0.544554,0.585859,0.617647,0.642857,0.701149,0.548673,0.62963,0.586957,0.6,0.588889,0.666667,0.568421,0.484848,0.594059,0.677419,0.570093,0.513761,0.648352,0.639175,0.679612,0.638095,0.578947,0.69,0.58,0.5625,0.579545,0.569892,0.682243,0.546392,0.533981,0.55914,0.635514,0.543478,0.601852,0.517544,0.569767,0.590476,0.642105,0.521277,0.518868,0.553398,0.57732,0.525253,0.60396,0.553191,0.622642,0.634409,0.607477,0.640777,0.587629,0.61165,0.639175,0.677083,0.567308,0.59596,0.623762,0.571429,0.486239,0.640449,0.594595,0.659341,0.605505,0.659091,0.5625,0.479167,0.567308,0.684211,0.6,0.619048,0.631579,0.607477,0.688172,0.615385,0.552083,0.606061,0.60396,0.569892,0.682243,0.561798,0.594595,0.583333,0.641304,0.63,0.6,0.537037,0.619565,0.654762,0.586207,0.561905,0.610526,0.590476,0.6,
53600,0.543478,0.555556,0.558559,0.674157,0.586207,0.628319,0.601852,0.51087,0.57,0.58,0.557895,0.609524,0.634615,0.541667,0.622449,0.686275,0.626168,0.688172,0.573034,0.657658,0.581633,0.558824,0.55102,0.676471,0.580952,0.515789,0.556701,0.582524,0.571429,0.623853,0.608696,0.435185,0.552632,0.686047,0.510204,0.735294,0.657143,0.578947,0.659091,0.553571,0.657658,0.651685,0.568421,0.619048,0.656566,0.633663,0.556818,0.571429,0.621359,0.618557,0.551724,0.571429,0.554455,0.565657,0.587156,0.604396,0.619048,0.589474,0.589286,0.670455,0.685393,0.594595,0.623762,0.666667,0.603604,0.58427,0.582524,0.494845,0.623529,0.6,0.630631,0.640449,0.578431,0.642857,0.617021,0.566038,0.612245,0.588235,0.618557,0.601942,0.65,0.59,0.616162,0.653465,0.6,0.561905,0.545455,0.6,0.608247,0.553398,0.659794,0.582524,0.602151,0.53271,0.714286,0.6,0.5625,0.586538,0.528736,0.628319,
53800,0.575758,0.465347,0.621053,0.561905,0.494737,0.657143,0.59,0.52,0.623762,0.565657,0.589474,0.590476,0.582524,0.659794,0.572816,0.639175,0.554455,0.585859,0.699029,0.57732,0.606383,0.613208,0.630435,0.657407,0.598039,0.704082,0.685393,0.666667,0.708738,0.618557,0.639175,0.543689,0.57732,0.524272,0.536364,0.588889,0.676768,0.534653,0.76699,0.525773,0.648936,0.584906,0.627451,0.55102,0.644231,0.520833,0.585859,0.613861,0.571429,0.588235,0.707071,0.633663,0.697917,0.528846,0.612245,0.647059,0.622642,0.585106,0.635417,0.625,0.553191,0.566038,0.623656,0.598131,0.608696,0.527778,0.663366,0.565657,0.64,0.57,0.689655,0.628319,0.578431,0.683673,0.604167,0.644231,0.55,0.54,0.631579,0.638095,0.633333,0.518182,0.663462,0.71875,0.626263,0.584158,0.60396,0.636364,0.637255,0.571429,0.572816,0.628866,0.54902,0.632653,0.537634,0.700935,0.571429,0.656863,0.586538,0.5,
54000,0.669811,0.457447,0.632075,0.585106,0.473684,0.571429,0.553398,0.608247,0.577982,0.637363,0.571429,0.676471,0.646465,0.613861,0.642857,0.637255,0.632075,0.574468,0.605769,0.572917,0.557895,0.571429,0.616822,0.634409,0.566038,0.521277,0.651376,0.604396,0.634409,0.616822,0.729412,0.53913,0.565217,0.648148,0.466667,0.652632,0.509259,0.554348,0.613861,0.727273,0.430108,0.607477,0.524752,0.606061,0.505155,0.631068,0.605769,0.635417,0.694737,0.628571,0.616822,0.580645,0.673267,0.59596,0.543689,0.608247,0.675439,0.5,0.680412,0.621359,0.670213,0.622642,0.656566,0.554455,0.657658,0.505618,0.632184,0.539823,0.56701,0.621359,0.628571,0.631579,0.61,0.61,0.638095,0.652632,0.666667,0.513274,0.566038,0.585106,0.623762,0.616162,0.575472,0.62766,0.705882,0.643478,0.55914,0.635514,0.580645,0.579439,0.613861,0.676768,0.551402,0.548387,0.628866,0.61165,0.548077,0.572917,0.708738,0.721649,
54200,0.6,0.533333,0.672897,0.569892,0.597938,0.572816,0.61165,0.659794,0.603774,0.56383,0.572816,0.628866,0.587156,0.593407,0.571429,0.6,0.666667,0.571429,0.621053,0.6,0.519608,0.704082,0.614583,0.653846,0.580952,0.578947,0.632075,0.638298,0.650943,0.638298,0.639175,0.504854,0.612245,0.607843,0.653465,0.686869,0.466667,0.589474,0.576923,0.65625,0.514019,0.623656,0.57732,0.640777,0.552381,0.568421,0.552083,0.567308,0.5,0.62037,0.55814,0.596491,0.606061,0.633663,0.601942,0.515464,0.573034,0.54955,0.577982,0.593407,0.603774,0.680851,0.577778,0.590909,0.571429,0.539216,0.538462,0.583333,0.635417,0.480769,0.561224,0.647059,0.574257,0.575758,0.55,0.58,0.537736,0.617021,0.561905,0.663158,0.587719,0.604651,0.714286,0.547368,0.538462,0.633028,0.653061,0.558824,0.623656,0.523364,0.662921,0.711712,0.615385,0.520833,0.55102,0.656863,0.484848,0.633663,0.56383,0.584906,
54400,0.662921,0.504505,0.557895,0.657143,0.615385,0.53125,0.66,0.58,0.60177,0.609195,0.648649,0.595506,0.568627,0.704082,0.479592,0.647059,0.65625,0.576923,0.576577,0.617978,0.609524,0.621053,0.645455,0.722222,0.638095,0.642105,0.775281,0.648649,0.669725,0.615385,0.728972,0.494624,0.578947,0.666667,0.645833,0.644231,0.580645,0.53271,0.685714,0.621053,0.517241,0.690476,0.568627,0.632653,0.585106,0.688679,0.621359,0.597938,0.537634,0.654206,0.550562,0.693694,0.633663,0.454545,0.652632,0.657143,0.542553,0.537736,0.606061,0.663366,0.584906,0.691489,0.596154,0.645833,0.605505,0.461538,0.704082,0.598039,0.621359,0.608247,0.651376,0.582418,0.557692,0.65625,0.71028,0.612903,0.639344,0.512821,0.595506,0.657658,0.534653,0.565657,0.656566,0.653465,0.596154,0.697917,0.666667,0.554545,0.62,0.65,0.59633,0.648352,0.627273,0.544444,0.616822,0.591398,0.518868,0.617021,0.688889,0.609091,
54600,0.605769,0.552083,0.676471,0.55102,0.591398,0.588785,0.535354,0.673267,0.57732,0.61165,0.549451,0.614679,0.553398,0.71134,0.578947,0.704762,0.60396,0.626263,0.677083,0.538462,0.66,0.61,0.536842,0.714286,0.534091,0.589286,0.754098,0.717949,0.654206,0.741935,0.666667,0.636364,0.63,0.71,0.537736,0.606383,0.478723,0.575472,0.637168,0.689655,0.55814,0.596491,0.617647,0.632653,0.568182,0.526786,0.61,0.59,0.628571,0.578947,0.660377,0.585106,0.682927,0.627119,0.630435,0.62963,0.488095,0.543103,0.612613,0.651685,0.603604,0.685393,0.586538,0.59375,0.627451,0.530612,0.683673,0.607843,0.633663,0.606061,0.607143,0.613636,0.566038,0.585106,0.670103,0.650485,0.552083,0.519231,0.649123,0.674419,0.655556,0.554545,0.561224,0.627451,0.651376,0.582418,0.5625,0.548077,0.63,0.59,0.663043,0.638889,0.490909,0.533333,0.567568,0.685393,0.528736,0.575221,0.563107,0.556701,
54800,0.580952,0.494737,0.64,0.53,0.591837,0.705882,0.576471,0.547826,0.612245,0.509804,0.545455,0.613861,0.543478,0.611111,0.559633,0.703297,0.666667,0.595506,0.704082,0.558824,0.55,0.61,0.612245,0.539216,0.646465,0.683168,0.62,0.55,0.63,0.68,0.75,0.607143,0.536842,0.714286,0.604396,0.559633,0.578431,0.561224,0.727273,0.60396,0.536842,0.638095,0.528846,0.510417,0.551402,0.623656,0.57732,0.533981,0.641509,0.585106,0.514563,0.618557,0.591837,0.54902,0.578947,0.6,0.578431,0.530612,0.642105,0.67619,0.561224,0.637255,0.558442,0.577236,0.525773,0.543689,0.607143,0.511364,0.56,0.45,0.540541,0.595506,0.531915,0.5,0.622642,0.670213,0.615385,0.552083,0.529412,0.653061,0.616162,0.554455,0.592593,0.576087,0.61,0.53,0.55914,0.588785,0.642105,0.6,0.627451,0.5,0.572917,0.625,0.616279,0.54386,0.649485,0.592233,0.519608,0.540816,
55000,0.553191,0.556604,0.572816,0.587629,0.580952,0.505263,0.513761,0.648352,0.75,0.552083,0.632479,0.566265,0.604167,0.615385,0.574074,0.586957,0.72381,0.757895,0.663043,0.611111,0.619565,0.555556,0.527473,0.605505,0.57,0.56,0.631579,0.511628,0.700935,0.494624,0.602041,0.539216,0.649485,0.533981,0.616822,0.634409,0.682692,0.572917,0.698925,0.626168,0.567568,0.619048,0.61165,0.628866,0.538462,0.623853,0.642105,0.571429,0.55914,0.672897,0.6,0.54,0.597826,0.546296,0.563636,0.677778,0.656863,0.612245,0.530612,0.676471,0.70297,0.59596,0.608247,0.592233,0.602041,0.656863,0.597938,0.631068,0.730337,0.621622,0.551724,0.646018,0.484536,0.650485,0.642105,0.704762,0.630435,0.592593,0.598214,0.590909,0.673077,0.604167,0.581633,0.656863,0.526882,0.560748,0.59434,0.457447,0.593407,0.651376,0.580645,0.672897,0.466019,0.628866,0.607143,0.681818,0.587629,0.68932,0.601942,0.556701,
55200,0.54386,0.569767,0.618182,0.533333,0.677083,0.576923,0.494949,0.554455,0.58,0.44,0.53125,0.548077,0.557692,0.666667,0.627907,0.605263,0.619048,0.642105,0.633333,0.581818,0.554455,0.676768,0.583333,0.653846,0.639175,0.543689,0.744186,0.614035,0.760417,0.644231,0.659794,0.582524,0.581633,0.598039,0.550562,0.558559,0.590476,0.526316,0.602041,0.705882,0.619048,0.610526,0.587629,0.61165,0.537736,0.585106,0.602151,0.607477,0.552941,0.547826,0.650485,0.628866,0.585859,0.584158,0.592233,0.628866,0.56701,0.572816,0.632653,0.676471,0.524272,0.628866,0.647619,0.547368,0.59,0.62,0.680412,0.563107,0.62963,0.565217,0.583333,0.653846,0.583333,0.62931,0.673267,0.636364,0.712871,0.515152,0.516484,0.623853,0.682243,0.645161,0.659794,0.601942,0.584071,0.666667,0.525253,0.524752,0.641509,0.606383,0.675676,0.606742,0.578431,0.561224,0.578947,0.590476,0.584906,0.691489,0.646465,0.623762,
55400,0.581633,0.5,0.584158,0.525253,0.568627,0.418367,0.56701,0.592233,0.606061,0.613861,0.571429,0.556818,0.626168,0.698925,0.561224,0.558824,0.575758,0.613861,0.70297,0.59596,0.655914,0.588785,0.585586,0.696629,0.510204,0.558824,0.538462,0.583333,0.588235,0.582609,0.554545,0.666667,0.505263,0.6,0.540816,0.715686,0.678161,0.619469,0.634615,0.59375,0.602151,0.579439,0.604396,0.59633,0.560748,0.634409,0.597938,0.572816,0.521739,0.62963,0.656566,0.574257,0.722772,0.494949,0.621622,0.640449,0.584158,0.575758,0.640351,0.616279,0.713043,0.623529,0.544554,0.656566,0.636364,0.622222,0.56,0.62,0.673469,0.539216,0.615385,0.71875,0.647059,0.632653,0.642857,0.637255,0.606061,0.683168,0.608696,0.494118,0.670103,0.533981,0.605505,0.56044,0.568966,0.619048,0.61165,0.649485,0.596154,0.71875,0.663366,0.656566,0.59,0.65,0.683168,0.555556,0.625,0.625,0.674419,0.578947,
55600,0.659574,0.59434,0.684685,0.516854,0.55102,0.598039,0.647059,0.663265,0.663158,0.561905,0.642857,0.529412,0.567308,0.614583,0.563107,0.649485,0.576087,0.62037,0.614583,0.576923,0.625,0.583333,0.589474,0.609524,0.611111,0.590909,0.57732,0.68932,0.622642,0.585106,0.719101,0.585586,0.466667,0.589474,0.659341,0.715596,0.489362,0.556604,0.639535,0.666667,0.623656,0.551402,0.546392,0.660194,0.574074,0.608696,0.696203,0.570248,0.52,0.6,0.589474,0.647619,0.657407,0.565217,0.554455,0.636364,0.615385,0.59375,0.606383,0.622642,0.632653,0.568627,0.663158,0.619048,0.583333,0.619565,0.545455,0.534653,0.636364,0.566667,0.629213,0.63964,0.558824,0.602041,0.619048,0.6,0.71134,0.592233,0.5,0.625,0.548077,0.572917,0.55,0.62,0.62037,0.673913,0.642105,0.552381,0.626168,0.580645,0.709402,0.578313,0.568421,0.609524,0.610526,0.52381,0.65,0.53,0.542857,0.578947,
55800,0.632653,0.578431,0.643564,0.616162,0.669903,0.56701,0.615385,0.6875,0.617647,0.581633,0.623853,0.659341,0.578947,0.609524,0.613861,0.676768,0.632075,0.606383,0.653846,0.583333,0.586538,0.552083,0.639175,0.747573,0.614583,0.653846,0.613861,0.686869,0.546392,0.718447,0.549451,0.550459,0.505051,0.524752,0.564356,0.545455,0.565217,0.592593,0.617647,0.561224,0.613861,0.59596,0.568421,0.609524,0.587629,0.669903,0.603774,0.585106,0.584158,0.606061,0.6,0.619048,0.680412,0.572816,0.644231,0.604167,0.584906,0.521277,0.6875,0.538462,0.515464,0.563107,0.50495,0.686869,0.615385,0.66055,0.706422,0.549451,0.729167,0.519231,0.580952,0.652632,0.536842,0.647619,0.612903,0.523364,0.56701,0.543689,0.5,0.57,0.632653,0.607843,0.686275,0.663265,0.555556,0.623762,0.520408,0.627451,0.59596,0.584158,0.73,0.68,0.58,0.55,0.597938,0.592233,0.64,0.64,0.663158,0.6,
56000,0.7,0.43,0.72449,0.666667,0.654545,0.666667,0.605769,0.583333,0.588889,0.563636,0.619048,0.578947,0.588785,0.698925,0.561905,0.589474,0.698925,0.728972,0.606061,0.554455,0.548387,0.588785,0.531532,0.674157,0.55,0.63,0.597938,0.631068,0.594595,0.595506,0.598039,0.540816,0.66,0.57,0.554455,0.616162,0.59,0.63,0.587719,0.627907,0.581818,0.5,0.578431,0.653061,0.571429,0.623853,0.517857,0.590909,0.606742,0.585586,0.572917,0.634615,0.627273,0.533333,0.640777,0.628866,0.616071,0.5,0.683168,0.555556,0.553398,0.618557,0.646552,0.678571,0.696078,0.591837,0.70339,0.560976,0.642202,0.56044,0.519231,0.677083,0.539216,0.540816,0.636364,0.633333,0.615385,0.59633,0.541284,0.593407,0.541284,0.604396,0.574468,0.54717,0.584906,0.542553,0.663551,0.591398,0.552381,0.578947,0.612903,0.663551,0.596154,0.520833,0.526786,0.613636,0.612245,0.529412,0.590909,0.611111,
56200,0.677083,0.519231,0.636364,0.60396,0.703297,0.633028,0.614583,0.625,0.673267,0.616162,0.57732,0.631068,0.634615,0.645833,0.635514,0.655914,0.680851,0.556604,0.6,0.49,0.595506,0.693694,0.59375,0.673077,0.554455,0.616162,0.6,0.590476,0.625,0.471154,0.468085,0.575472,0.453608,0.699029,0.441441,0.685393,0.576087,0.611111,0.586538,0.635417,0.592593,0.576087,0.514019,0.698925,0.580952,0.578947,0.629213,0.603604,0.555556,0.636364,0.72619,0.594828,0.604167,0.538462,0.63,0.69,0.619048,0.578947,0.560748,0.602151,0.598214,0.556818,0.619048,0.631579,0.581633,0.539216,0.584906,0.531915,0.604167,0.615385,0.5,0.62069,0.549451,0.651376,0.572917,0.615385,0.666667,0.504673,0.622449,0.558824,0.613208,0.56383,0.64,0.64,0.61,0.57,0.615385,0.604167,0.663158,0.67619,0.660377,0.638298,0.560748,0.591398,0.591837,0.617647,0.638889,0.586957,0.639175,0.660194,
56400,0.518868,0.542553,0.584158,0.616162,0.577982,0.582418,0.59434,0.585106,0.636364,0.564356,0.593407,0.651376,0.558824,0.663265,0.579439,0.580645,0.615385,0.71875,0.647727,0.553571,0.509434,0.542553,0.659091,0.508929,0.638095,0.610526,0.622222,0.572727,0.509804,0.612245,0.534653,0.636364,0.571429,0.706422,0.517241,0.630952,0.567308,0.729167,0.60396,0.656566,0.589474,0.647619,0.605505,0.637363,0.630435,0.685185,0.592593,0.619565,0.535714,0.625,0.605769,0.666667,0.582418,0.449541,0.576087,0.638889,0.546392,0.504854,0.583333,0.567308,0.54,0.56,0.580952,0.726316,0.560748,0.580645,0.579545,0.580357,0.666667,0.493976,0.561798,0.603604,0.587156,0.626374,0.54955,0.573034,0.666667,0.544554,0.622642,0.638298,0.607143,0.625,0.673469,0.617647,0.616162,0.633663,0.643564,0.626263,0.663551,0.580645,0.614583,0.596154,0.635417,0.548077,0.613861,0.646465,0.659091,0.660714,0.6,0.488889,
56600,0.547368,0.571429,0.644444,0.536364,0.583333,0.653846,0.610526,0.6,0.63,0.59,0.623853,0.527473,0.672897,0.677419,0.505376,0.616822,0.583333,0.586538,0.656863,0.571429,0.584158,0.606061,0.524272,0.628866,0.625,0.567308,0.579545,0.616071,0.6,0.688889,0.511364,0.535714,0.425926,0.597826,0.505051,0.564356,0.526316,0.561905,0.62,0.69,0.559633,0.582418,0.514563,0.690722,0.565217,0.574074,0.539216,0.632653,0.534091,0.642857,0.60396,0.575758,0.65625,0.576923,0.5,0.625,0.548077,0.572917,0.56383,0.622642,0.583333,0.615385,0.556604,0.648936,0.6,0.53,0.621053,0.619048,0.542553,0.584906,0.578431,0.642857,0.52,0.56,0.672727,0.644444,0.618557,0.640777,0.50495,0.636364,0.595745,0.603774,0.608247,0.601942,0.642857,0.670455,0.608696,0.583333,0.480392,0.622449,0.592233,0.56701,0.539326,0.567568,0.598039,0.602041,0.617978,0.711712,0.551402,0.548387,
56800,0.640449,0.504505,0.612903,0.551402,0.607843,0.591837,0.561224,0.676471,0.601942,0.628866,0.638298,0.603774,0.627273,0.588889,0.631579,0.647619,0.617021,0.584906,0.638095,0.547368,0.603774,0.553191,0.614583,0.442308,0.571429,0.519608,0.651685,0.594595,0.617647,0.479592,0.628866,0.485437,0.536082,0.495146,0.648352,0.651376,0.602151,0.663551,0.7,0.655556,0.511111,0.636364,0.530612,0.647059,0.539216,0.622449,0.539326,0.54955,0.553398,0.618557,0.629213,0.513514,0.595745,0.660377,0.598039,0.602041,0.525773,0.495146,0.585106,0.613208,0.583333,0.596154,0.6,0.68,0.625,0.571429,0.61,0.59,0.592593,0.576087,0.628571,0.589474,0.572917,0.605769,0.673469,0.607843,0.615385,0.510417,0.682243,0.494624,0.524752,0.59596,0.54902,0.673469,0.626263,0.643564,0.656863,0.642857,0.652174,0.722222,0.550562,0.585586,0.489583,0.586538,0.651786,0.625,0.61,0.66,0.549451,0.59633,
57000,0.632184,0.584071,0.616162,0.653465,0.505495,0.568807,0.633028,0.582418,0.645161,0.560748,0.604167,0.605769,0.546392,0.669903,0.648148,0.565217,0.557895,0.580952,0.736842,0.533333,0.564815,0.619565,0.581633,0.656863,0.571429,0.614679,0.679245,0.510638,0.597701,0.548673,0.616162,0.49505,0.586538,0.59375,0.603774,0.62766,0.603306,0.56962,0.654762,0.603448,0.628571,0.631579,0.617021,0.59434,0.589474,0.657143,0.555556,0.544554,0.567308,0.572917,0.556522,0.658824,0.557522,0.609195,0.541284,0.593407,0.583333,0.586538,0.53,0.59,0.615385,0.566265,0.644231,0.625,0.6,0.526316,0.670103,0.563107,0.57732,0.631068,0.5,0.62963,0.638298,0.679245,0.631068,0.639175,0.592593,0.630435,0.583333,0.673077,0.60396,0.707071,0.565217,0.62037,0.640449,0.612613,0.602041,0.598039,0.553398,0.525773,0.560345,0.642857,0.518182,0.544444,0.632653,0.647059,0.650485,0.639175,0.557692,0.572917,
57200,0.58,0.52,0.640777,0.618557,0.570093,0.591398,0.62069,0.557522,0.614679,0.681319,0.653846,0.572917,0.548387,0.560748,0.607843,0.591837,0.627451,0.602041,0.64,0.56,0.606061,0.623762,0.576923,0.645833,0.563107,0.608247,0.631579,0.552381,0.712963,0.532609,0.655172,0.595238,0.647619,0.484211,0.536082,0.61165,0.625,0.634615,0.6,0.67619,0.545455,0.588889,0.690476,0.594828,0.578947,0.628571,0.616162,0.544554,0.623656,0.570093,0.663462,0.5625,0.590909,0.733333,0.552083,0.634615,0.587629,0.582524,0.537037,0.597826,0.6,0.638095,0.585859,0.584158,0.606061,0.613861,0.626263,0.574257,0.681818,0.660714,0.604396,0.614679,0.57732,0.679612,0.553571,0.647727,0.622222,0.663636,0.547619,0.62069,0.601852,0.652174,0.615385,0.645833,0.635294,0.643478,0.606061,0.722772,0.6,0.494737,0.673077,0.666667,0.557895,0.619048,0.642202,0.67033,0.597701,0.663717,0.619565,0.564815,
57400,0.601942,0.381443,0.638095,0.589474,0.598039,0.581633,0.531915,0.584906,0.603604,0.595506,0.588785,0.505376,0.704082,0.578431,0.566038,0.659574,0.695122,0.669492,0.574257,0.666667,0.614679,0.637363,0.515789,0.571429,0.637255,0.561224,0.528302,0.56383,0.628866,0.582524,0.539326,0.540541,0.568421,0.590476,0.504673,0.580645,0.537736,0.670213,0.53271,0.591398,0.571429,0.568421,0.5,0.704082,0.590476,0.568421,0.575472,0.553191,0.583333,0.567308,0.666667,0.622449,0.558333,0.5875,0.470588,0.571429,0.574468,0.584906,0.605769,0.625,0.681319,0.559633,0.473684,0.619048,0.646465,0.50495,0.564356,0.606061,0.647059,0.581633,0.717172,0.60396,0.634409,0.635514,0.632075,0.489362,0.606742,0.576577,0.596154,0.53125,0.56701,0.543689,0.539216,0.663265,0.55,0.53,0.64,0.58,0.56383,0.622642,0.72043,0.607477,0.618557,0.621359,0.602041,0.509804,0.51,0.64,0.505155,0.640777,
57600,0.598039,0.520408,0.608247,0.572816,0.533333,0.505263,0.681818,0.535714,0.548077,0.427083,0.670103,0.737864,0.596491,0.662791,0.554348,0.685185,0.608696,0.638889,0.511364,0.571429,0.542553,0.54717,0.675926,0.532609,0.597938,0.514563,0.677083,0.653846,0.640777,0.639175,0.752577,0.504854,0.634615,0.489583,0.578431,0.663265,0.712963,0.565217,0.711538,0.625,0.594059,0.606061,0.589474,0.571429,0.517857,0.590909,0.712871,0.474747,0.578431,0.673469,0.514851,0.646465,0.626374,0.495413,0.578947,0.638095,0.589286,0.590909,0.636364,0.613861,0.57,0.67,0.592593,0.597826,0.62069,0.619469,0.642857,0.529412,0.640351,0.662791,0.646341,0.627119,0.618557,0.582524,0.606742,0.648649,0.619565,0.583333,0.56701,0.621359,0.648148,0.608696,0.552083,0.663462,0.616071,0.613636,0.561224,0.568627,0.638889,0.597826,0.537634,0.616822,0.578431,0.520408,0.650485,0.639175,0.6,0.6,0.54386,0.651163,
57800,0.592233,0.505155,0.583333,0.615385,0.490566,0.553191,0.510204,0.588235,0.684211,0.488372,0.602041,0.696078,0.607477,0.698925,0.597938,0.640777,0.701031,0.572816,0.649485,0.640777,0.574074,0.597826,0.622449,0.607843,0.590909,0.553571,0.626263,0.584158,0.605769,0.53125,0.638298,0.537736,0.514563,0.597938,0.478723,0.660377,0.511905,0.551724,0.590909,0.488889,0.639175,0.563107,0.695652,0.657407,0.568807,0.637363,0.568421,0.533333,0.632075,0.56383,0.614583,0.557692,0.691489,0.603774,0.479592,0.637255,0.483516,0.559633,0.673077,0.729167,0.634615,0.583333,0.646465,0.613861,0.632653,0.588235,0.672414,0.607143,0.56,0.59,0.556818,0.589286,0.597701,0.59292,0.597826,0.685185,0.698113,0.638298,0.595506,0.603604,0.544643,0.602273,0.663551,0.623656,0.627907,0.692982,0.640777,0.56701,0.625,0.568182,0.654206,0.623656,0.560345,0.511905,0.617647,0.540816,0.609091,0.611111,0.6,0.536842,
58000,0.553398,0.546392,0.623853,0.527473,0.67,0.55,0.598039,0.530612,0.57732,0.621359,0.59,0.68,0.510417,0.701923,0.587629,0.592233,0.580357,0.670455,0.58,0.6,0.504854,0.618557,0.645833,0.615385,0.62,0.7,0.690909,0.588889,0.694737,0.619048,0.666667,0.55814,0.677419,0.46729,0.642857,0.637255,0.576,0.653333,0.659794,0.650485,0.551402,0.645161,0.585859,0.554455,0.621053,0.628571,0.64486,0.526882,0.522936,0.549451,0.653465,0.555556,0.61,0.52,0.598039,0.642857,0.508929,0.590909,0.542553,0.584906,0.643564,0.585859,0.68932,0.57732,0.735294,0.540816,0.669811,0.542553,0.693069,0.626263,0.568421,0.638095,0.622449,0.539216,0.704082,0.578431,0.632653,0.607843,0.59596,0.60396,0.552083,0.596154,0.642857,0.607843,0.541176,0.608696,0.654545,0.544444,0.576087,0.648148,0.660194,0.670103,0.513761,0.571429,0.582418,0.550459,0.566667,0.581818,0.585859,0.524752,
58200,0.637255,0.540816,0.581818,0.511111,0.589286,0.602273,0.617647,0.653061,0.607477,0.537634,0.627907,0.578947,0.61165,0.587629,0.581633,0.627451,0.601852,0.576087,0.649485,0.582524,0.590476,0.694737,0.577982,0.659341,0.598039,0.530612,0.62766,0.660377,0.649485,0.650485,0.622807,0.55814,0.55,0.58,0.64,0.6,0.54,0.59,0.675,0.5625,0.627451,0.5,0.64,0.71,0.647619,0.610526,0.5,0.635417,0.542553,0.613208,0.568627,0.55102,0.616279,0.649123,0.552381,0.684211,0.511628,0.614035,0.653061,0.637255,0.634615,0.65625,0.55,0.6,0.609524,0.6,0.554455,0.565657,0.556701,0.543689,0.638095,0.621053,0.62037,0.565217,0.635417,0.711538,0.535354,0.544554,0.616071,0.556818,0.514286,0.642105,0.527273,0.644444,0.666667,0.578947,0.581633,0.607843,0.659794,0.640777,0.65625,0.625,0.474747,0.554455,0.623932,0.518072,0.636364,0.613861,0.5625,0.644231,
58400,0.557692,0.479167,0.55814,0.587719,0.627907,0.605263,0.582418,0.477064,0.614583,0.538462,0.494505,0.697248,0.691589,0.612903,0.609091,0.622222,0.602151,0.757009,0.58,0.61,0.483146,0.666667,0.596154,0.604167,0.645833,0.682692,0.676768,0.722772,0.580645,0.71028,0.622449,0.696078,0.404494,0.702703,0.526316,0.639535,0.658824,0.591304,0.616162,0.50495,0.565217,0.546296,0.518519,0.641304,0.547368,0.685714,0.583333,0.548077,0.658537,0.59322,0.645833,0.625,0.659341,0.550459,0.449541,0.659341,0.62,0.57,0.602041,0.666667,0.518519,0.521739,0.539216,0.693878,0.587629,0.640777,0.536082,0.514563,0.587629,0.533981,0.719626,0.677419,0.55,0.59,0.631068,0.57732,0.626374,0.651376,0.548077,0.583333,0.663265,0.598039,0.669903,0.639175,0.543478,0.62037,0.518182,0.655556,0.596154,0.53125,0.649485,0.679612,0.586538,0.583333,0.574468,0.566038,0.494624,0.607477,0.55,0.51,
58600,0.625,0.538462,0.67033,0.605505,0.556604,0.638298,0.616822,0.634409,0.523364,0.602151,0.542553,0.632075,0.579439,0.677419,0.539326,0.540541,0.581818,0.677778,0.592593,0.51087,0.5,0.698276,0.536082,0.650485,0.545455,0.566667,0.644231,0.708333,0.7,0.65,0.651685,0.648649,0.6,0.588889,0.673267,0.626263,0.57732,0.592233,0.639175,0.582524,0.617021,0.660377,0.644231,0.635417,0.59375,0.644231,0.635514,0.655914,0.607843,0.612245,0.509804,0.520408,0.663793,0.559524,0.57,0.57,0.601942,0.628866,0.638095,0.673684,0.666667,0.663366,0.65625,0.586538,0.596491,0.523256,0.6,0.588889,0.635294,0.53913,0.615385,0.697917,0.597826,0.694444,0.591837,0.588235,0.601852,0.619565,0.586957,0.62963,0.615385,0.541667,0.571429,0.637255,0.609091,0.655556,0.55102,0.666667,0.601852,0.673913,0.65,0.66,0.490385,0.59375,0.622807,0.593023,0.613861,0.59596,0.626168,0.526882,
58800,0.610526,0.495238,0.545455,0.594059,0.544554,0.616162,0.63964,0.674157,0.638095,0.515789,0.647619,0.589474,0.550562,0.612613,0.49,0.56,0.648148,0.652174,0.618557,0.495146,0.564706,0.547826,0.568182,0.589286,0.61,0.6,0.663043,0.601852,0.65625,0.538462,0.680412,0.601942,0.6,0.52381,0.53,0.48,0.632075,0.680851,0.631579,0.638095,0.666667,0.574257,0.623656,0.663551,0.60396,0.555556,0.504673,0.612903,0.642105,0.495238,0.598039,0.653061,0.564706,0.504348,0.538462,0.698795,0.663265,0.490196,0.622642,0.62766,0.519608,0.632653,0.534653,0.535354,0.623853,0.516484,0.699029,0.587629,0.616162,0.544554,0.61,0.61,0.622449,0.705882,0.533333,0.621053,0.631068,0.608247,0.596154,0.552083,0.618557,0.621359,0.61165,0.587629,0.61,0.62,0.625,0.586538,0.534653,0.575758,0.674157,0.630631,0.556701,0.601942,0.643564,0.666667,0.584158,0.636364,0.545455,0.534653,
59000,0.578947,0.52381,0.631579,0.666667,0.680851,0.603774,0.6,0.552381,0.54023,0.584071,0.583333,0.576087,0.55102,0.666667,0.617284,0.537815,0.595745,0.679245,0.633028,0.681319,0.638095,0.526316,0.651786,0.5,0.529412,0.561224,0.592593,0.543478,0.653846,0.572917,0.621359,0.494845,0.597826,0.592593,0.571429,0.642202,0.666667,0.615385,0.585106,0.537736,0.59434,0.574468,0.627273,0.666667,0.605505,0.472527,0.650943,0.531915,0.619565,0.601852,0.54,0.67,0.741176,0.53913,0.602041,0.647059,0.527473,0.559633,0.649485,0.640777,0.533981,0.608247,0.630435,0.685185,0.548077,0.479167,0.59633,0.593407,0.653465,0.636364,0.65,0.63,0.542056,0.526882,0.617647,0.571429,0.598131,0.612903,0.489796,0.705882,0.568807,0.549451,0.56383,0.603774,0.587719,0.55814,0.554455,0.545455,0.584158,0.626263,0.744681,0.556604,0.546392,0.563107,0.657407,0.597826,0.547619,0.689655,0.642105,0.580952,
59200,0.707865,0.513514,0.582524,0.690722,0.595745,0.622642,0.678899,0.648352,0.570093,0.548387,0.59596,0.554455,0.568627,0.673469,0.629213,0.585586,0.57,0.67,0.648649,0.640449,0.54,0.69,0.647619,0.621053,0.633929,0.568182,0.635417,0.538462,0.633333,0.672727,0.66,0.54,0.553191,0.509434,0.660377,0.648936,0.632653,0.607843,0.670455,0.5625,0.685393,0.648649,0.59,0.58,0.54902,0.612245,0.68,0.55,0.564706,0.591304,0.675926,0.543478,0.626263,0.60396,0.485149,0.616162,0.663636,0.455556,0.55102,0.578431,0.582524,0.628866,0.544554,0.636364,0.582418,0.587156,0.631579,0.561905,0.622222,0.572727,0.601942,0.56701,0.62,0.65,0.591837,0.656863,0.641304,0.611111,0.580952,0.610526,0.627451,0.530612,0.533333,0.6,0.557692,0.583333,0.55102,0.676471,0.553191,0.54717,0.56044,0.568807,0.585859,0.643564,0.633028,0.549451,0.60241,0.555556,0.586207,0.607143,
59400,0.57732,0.533981,0.633333,0.525,0.574074,0.75,0.586957,0.611111,0.663462,0.614583,0.572727,0.566667,0.666667,0.722772,0.583333,0.625,0.59,0.64,0.563107,0.525773,0.6,0.663158,0.555556,0.623762,0.589474,0.647619,0.645161,0.551402,0.59596,0.633663,0.612245,0.578431,0.513514,0.561798,0.471154,0.572917,0.71,0.54,0.682243,0.516129,0.556604,0.542553,0.5625,0.576923,0.644444,0.572727,0.663158,0.580952,0.589474,0.609524,0.653465,0.545455,0.60177,0.586207,0.541667,0.576923,0.69697,0.534653,0.53271,0.698925,0.632075,0.617021,0.612613,0.674157,0.669903,0.618557,0.583333,0.554348,0.647059,0.540816,0.597938,0.621359,0.520833,0.644231,0.663636,0.5,0.58,0.56,0.631579,0.67619,0.669811,0.521277,0.679245,0.680851,0.568421,0.609524,0.616162,0.653465,0.646465,0.534653,0.673913,0.611111,0.48913,0.611111,0.666667,0.60396,0.50495,0.666667,0.592233,0.505155,
59600,0.573034,0.54955,0.614583,0.653846,0.656863,0.591837,0.59434,0.531915,0.697674,0.526316,0.659794,0.621359,0.586957,0.601852,0.557895,0.6,0.594595,0.595506,0.545455,0.555556,0.622222,0.636364,0.577982,0.582418,0.613208,0.617021,0.632075,0.648936,0.602041,0.54902,0.714286,0.5,0.704082,0.588235,0.75,0.677083,0.692308,0.59633,0.657407,0.597826,0.578313,0.606838,0.62963,0.647059,0.586538,0.53125,0.631068,0.618557,0.627907,0.578947,0.611765,0.513043,0.589474,0.485714,0.672897,0.655914,0.535354,0.584158,0.611111,0.652174,0.680412,0.61165,0.580645,0.71028,0.652174,0.472222,0.571429,0.607843,0.64,0.67,0.571429,0.631579,0.567308,0.645833,0.659794,0.601942,0.5,0.637255,0.552632,0.709302,0.639175,0.572816,0.603774,0.638298,0.578431,0.520408,0.556701,0.601942,0.603774,0.617021,0.673913,0.601852,0.525862,0.619048,0.673913,0.675926,0.57732,0.640777,0.666667,0.60396,
59800,0.636364,0.554455,0.682692,0.59375,0.612245,0.617647,0.647619,0.494737,0.633028,0.505495,0.694444,0.586957,0.66087,0.564706,0.521739,0.62963,0.485437,0.515464,0.556701,0.592233,0.515152,0.673267,0.56,0.68,0.714286,0.642105,0.582524,0.670103,0.650943,0.510638,0.62,0.59,0.590909,0.598214,0.691489,0.584906,0.647619,0.631579,0.632184,0.663717,0.63,0.6,0.623529,0.678261,0.703297,0.53211,0.554455,0.444444,0.5625,0.567308,0.57732,0.631068,0.650943,0.585106,0.504762,0.642105,0.55,0.62,0.6,0.6,0.578431,0.653061,0.576087,0.657407,0.563636,0.6,0.645833,0.653846,0.66,0.59,0.566038,0.62766,0.577982,0.604396,0.575758,0.584158,0.602041,0.54902,0.552083,0.567308,0.685714,0.568421,0.549451,0.59633,0.584906,0.56383,0.56701,0.669903,0.576087,0.611111,0.66,0.5,0.557895,0.552381,0.563107,0.639175,0.585106,0.575472,0.59,0.56,
60000,0.690722,0.533981,0.523364,0.580645,0.6,0.554545,0.651376,0.648352,0.651685,0.63964,0.612245,0.588235,0.640777,0.71134,0.609091,0.655556,0.591837,0.617647,0.642857,0.588235,0.5,0.663636,0.552381,0.642105,0.527273,0.655556,0.707547,0.606383,0.616162,0.60396,0.648936,0.5,0.584158,0.606061,0.635417,0.596154,0.576577,0.617978,0.636364,0.607143,0.638655,0.654321,0.616162,0.60396,0.568421,0.657143,0.589474,0.552381,0.539823,0.643678,0.666667,0.561224,0.656566,0.524752,0.56383,0.641509,0.621053,0.6,0.626168,0.591398,0.610526,0.638095,0.626374,0.59633,0.638554,0.615385,0.67619,0.505263,0.690476,0.534483,0.590909,0.678571,0.6,0.633333,0.640777,0.608247,0.553191,0.556604,0.484211,0.666667,0.568807,0.538462,0.635593,0.54878,0.666667,0.616822,0.628205,0.57377,0.595506,0.648649,0.55102,0.578431,0.477064,0.505495,0.686275,0.632653,0.631068,0.649485,0.515152,0.60396,
60200,0.610526,0.52381,0.584906,0.521277,0.59375,0.596154,0.619565,0.601852,0.607143,0.602273,0.555556,0.641304,0.564356,0.737374,0.549451,0.623853,0.62766,0.669811,0.596491,0.593023,0.52,0.7,0.679612,0.608247,0.541284,0.593407,0.682692,0.677083,0.618557,0.563107,0.734043,0.584906,0.520833,0.682692,0.577982,0.681319,0.602041,0.686275,0.571429,0.637255,0.642105,0.609524,0.59596,0.584158,0.609524,0.663158,0.458716,0.692308,0.521739,0.574074,0.551402,0.569892,0.684211,0.514286,0.565217,0.583333,0.6,0.527273,0.62931,0.666667,0.632184,0.699115,0.6,0.663158,0.568182,0.642857,0.71,0.61,0.578947,0.619048,0.601942,0.608247,0.539326,0.594595,0.637255,0.673469,0.6,0.56,0.62037,0.597826,0.566372,0.563218,0.698795,0.564103,0.529412,0.581633,0.6,0.568421,0.558824,0.622449,0.701031,0.61165,0.605769,0.5,0.637255,0.591837,0.52,0.51,0.635294,0.582609,
60400,0.584158,0.545455,0.683673,0.637255,0.615385,0.495413,0.609524,0.515789,0.577982,0.571429,0.592593,0.652174,0.62766,0.688679,0.510204,0.647059,0.61,0.61,0.580645,0.551402,0.525773,0.660194,0.612613,0.651685,0.628571,0.568421,0.71134,0.601942,0.581818,0.6,0.696203,0.487603,0.594059,0.585859,0.623656,0.588785,0.598039,0.602041,0.682692,0.677083,0.6,0.517647,0.557895,0.647619,0.597938,0.601942,0.579439,0.55914,0.546392,0.601942,0.581633,0.637255,0.636364,0.574257,0.59434,0.638298,0.636364,0.589286,0.62069,0.672566,0.59375,0.557692,0.524272,0.587629,0.56383,0.613208,0.571429,0.578431,0.573034,0.603604,0.608247,0.640777,0.631579,0.542857,0.684211,0.552381,0.587629,0.563107,0.552083,0.519231,0.575758,0.544554,0.617021,0.575472,0.54902,0.530612,0.583333,0.641304,0.652632,0.590476,0.603774,0.521277,0.610526,0.504762,0.657143,0.642105,0.511364,0.625,0.636364,0.623762,
60600,0.552083,0.557692,0.589474,0.514286,0.618557,0.61165,0.670213,0.518868,0.669725,0.483516,0.728261,0.592593,0.639175,0.669903,0.669811,0.62766,0.69,0.55,0.672727,0.6,0.616162,0.60396,0.642857,0.647059,0.601942,0.639175,0.615385,0.645833,0.614583,0.596154,0.673469,0.598039,0.622449,0.656863,0.575758,0.643564,0.694737,0.638095,0.541667,0.644231,0.61165,0.536082,0.697917,0.596154,0.435185,0.554348,0.579439,0.569892,0.663551,0.580645,0.598131,0.537634,0.641304,0.564815,0.51087,0.611111,0.495146,0.639175,0.561224,0.607843,0.566038,0.638298,0.576923,0.6875,0.621359,0.618557,0.638298,0.603774,0.622222,0.636364,0.551724,0.681416,0.647059,0.634783,0.617647,0.571429,0.574468,0.537736,0.676768,0.60396,0.609524,0.578947,0.560748,0.655914,0.674157,0.684685,0.644231,0.645833,0.590909,0.644444,0.741935,0.654206,0.561224,0.509804,0.605263,0.639535,0.561905,0.684211,0.648148,0.663043,
60800,0.673684,0.495238,0.622642,0.585106,0.663265,0.598039,0.625,0.635417,0.528302,0.595745,0.561905,0.610526,0.588235,0.673469,0.442105,0.628571,0.642857,0.613636,0.622449,0.578431,0.564706,0.617391,0.655556,0.6,0.605769,0.583333,0.721154,0.614583,0.627451,0.561224,0.571429,0.539216,0.54902,0.622449,0.610526,0.647619,0.694737,0.695238,0.706522,0.62963,0.59,0.68,0.62766,0.575472,0.541667,0.557692,0.597826,0.611111,0.57,0.65,0.646018,0.643678,0.686275,0.489796,0.585859,0.60396,0.566372,0.586207,0.653846,0.645833,0.574257,0.626263,0.590476,0.621053,0.679612,0.56701,0.523256,0.578947,0.598039,0.632653,0.579545,0.589286,0.505051,0.613861,0.688889,0.581818,0.548077,0.583333,0.572917,0.634615,0.56701,0.592233,0.634615,0.59375,0.574468,0.622642,0.581633,0.666667,0.553398,0.556701,0.672566,0.666667,0.663043,0.592593,0.69,0.62,0.68932,0.587629,0.55914,0.588785,
61000,0.548077,0.5,0.59596,0.564356,0.589474,0.6,0.605505,0.56044,0.544554,0.707071,0.583333,0.615385,0.653465,0.686869,0.660377,0.585106,0.648936,0.584906,0.602041,0.529412,0.653061,0.637255,0.520833,0.586538,0.635514,0.580645,0.622642,0.62766,0.505051,0.613861,0.602041,0.598039,0.556818,0.616071,0.5,0.613208,0.56701,0.621359,0.61165,0.628866,0.648936,0.59434,0.714286,0.539216,0.638889,0.652174,0.585859,0.584158,0.605505,0.604396,0.504505,0.606742,0.559633,0.516484,0.538462,0.605505,0.693182,0.642857,0.557895,0.561905,0.585859,0.584158,0.633663,0.666667,0.563636,0.544444,0.666667,0.6,0.708738,0.701031,0.666667,0.622449,0.613861,0.626263,0.638298,0.641509,0.535714,0.590909,0.568421,0.638095,0.543478,0.611111,0.58427,0.666667,0.59596,0.752475,0.614583,0.625,0.704082,0.656863,0.658824,0.591304,0.571429,0.480392,0.546392,0.553398,0.59596,0.594059,0.63,0.6,
61200,0.539216,0.540816,0.628866,0.621359,0.616822,0.602151,0.669903,0.639175,0.627451,0.663265,0.659794,0.650485,0.62766,0.613208,0.571429,0.686275,0.606383,0.632075,0.634615,0.541667,0.565657,0.643564,0.514563,0.597938,0.53125,0.567308,0.654206,0.591398,0.680672,0.506173,0.645455,0.622222,0.563218,0.646018,0.598039,0.591837,0.627119,0.585366,0.648936,0.575472,0.628571,0.536842,0.520833,0.625,0.666667,0.568421,0.530435,0.482353,0.568807,0.582418,0.5,0.605769,0.583333,0.615385,0.649485,0.631068,0.634783,0.552941,0.643564,0.59596,0.495495,0.685393,0.586538,0.645833,0.65,0.56,0.646465,0.594059,0.660194,0.56701,0.616162,0.673267,0.571429,0.589474,0.621053,0.628571,0.672897,0.569892,0.531915,0.650943,0.554545,0.544444,0.736842,0.609524,0.603604,0.606742,0.565657,0.653465,0.590476,0.578947,0.605769,0.59375,0.564815,0.630435,0.623853,0.549451,0.54717,0.62766,0.616279,0.614035,
61400,0.614583,0.557692,0.666667,0.561224,0.607843,0.540816,0.59,0.56,0.604396,0.614679,0.587629,0.669903,0.542553,0.641509,0.540816,0.647059,0.663265,0.54902,0.650485,0.546392,0.505495,0.550459,0.635294,0.547826,0.57265,0.60241,0.626263,0.653465,0.579439,0.602151,0.672897,0.645161,0.578947,0.523256,0.561404,0.639535,0.576923,0.572917,0.625,0.567308,0.557692,0.604167,0.579439,0.591398,0.591837,0.676471,0.588235,0.622449,0.580247,0.563025,0.526316,0.6,0.635417,0.673077,0.642105,0.561905,0.572917,0.567308,0.528736,0.628319,0.58,0.65,0.504274,0.698795,0.545455,0.554455,0.565657,0.524752,0.63,0.55,0.608247,0.747573,0.575758,0.653465,0.630435,0.694444,0.552083,0.519231,0.590909,0.598214,0.62766,0.584906,0.666667,0.6,0.628866,0.485437,0.65,0.54,0.627451,0.591837,0.642105,0.628571,0.505376,0.635514,0.616162,0.633663,0.552941,0.626087,0.587629,0.679612,
61600,0.535354,0.455446,0.561224,0.598039,0.641304,0.62963,0.572917,0.538462,0.651786,0.636364,0.65625,0.548077,0.608247,0.631068,0.575472,0.670213,0.674419,0.570175,0.649485,0.621359,0.62,0.56,0.586957,0.648148,0.489796,0.647059,0.728155,0.57732,0.634615,0.645833,0.714286,0.607843,0.646465,0.683168,0.582524,0.608247,0.623762,0.636364,0.718447,0.659794,0.685393,0.54955,0.698925,0.616822,0.609091,0.544444,0.591398,0.560748,0.515152,0.50495,0.625,0.572917,0.587156,0.516484,0.56383,0.622642,0.55,0.6,0.602273,0.517857,0.583333,0.663462,0.574257,0.747475,0.677083,0.576923,0.669811,0.574468,0.59,0.57,0.584906,0.606383,0.58,0.71,0.617391,0.705882,0.644231,0.510417,0.634409,0.64486,0.571429,0.631579,0.625,0.465909,0.582524,0.608247,0.625,0.490385,0.581633,0.666667,0.678899,0.604396,0.609091,0.455556,0.69,0.58,0.693878,0.637255,0.542553,0.632075,
61800,0.656863,0.530612,0.666667,0.642105,0.63,0.65,0.674699,0.615385,0.578947,0.561905,0.558824,0.581633,0.645833,0.557692,0.686869,0.643564,0.663462,0.583333,0.683761,0.542169,0.657895,0.593023,0.643564,0.555556,0.578947,0.666667,0.654206,0.698925,0.602273,0.660714,0.644231,0.5625,0.61,0.61,0.608247,0.728155,0.648352,0.605505,0.628571,0.589474,0.653465,0.555556,0.659794,0.640777,0.575758,0.574257,0.613208,0.648936,0.587629,0.68932,0.574713,0.619469,0.615385,0.645833,0.607843,0.632653,0.606061,0.683168,0.54,0.54,0.582418,0.623853,0.695238,0.684211,0.575758,0.594059,0.563107,0.639175,0.642857,0.578431,0.555556,0.647059,0.654545,0.744444,0.555556,0.633663,0.647059,0.54321,0.542056,0.548387,0.594059,0.616162,0.75,0.651786,0.585106,0.622642,0.533981,0.556701,0.626168,0.612903,0.65,0.7,0.586957,0.648148,0.527778,0.576087,0.657407,0.619565,0.604167,0.548077,
62000,0.528302,0.478723,0.656863,0.602041,0.537037,0.586957,0.596154,0.5625,0.622449,0.54902,0.618557,0.669903,0.567308,0.552083,0.625,0.634615,0.659794,0.592233,0.643564,0.515152,0.543689,0.57732,0.654545,0.566667,0.54717,0.670213,0.673469,0.686275,0.672269,0.555556,0.745098,0.622449,0.676768,0.49505,0.61165,0.546392,0.638095,0.568421,0.58,0.62,0.649485,0.572816,0.513761,0.56044,0.552381,0.621053,0.565657,0.574257,0.561798,0.657658,0.569892,0.598131,0.678899,0.56044,0.604167,0.644231,0.565657,0.594059,0.576087,0.648148,0.635417,0.548077,0.581818,0.555556,0.590476,0.557895,0.6,0.56,0.606383,0.641509,0.598131,0.602151,0.638298,0.650943,0.621622,0.58427,0.613861,0.505051,0.5,0.638298,0.669903,0.525773,0.60177,0.586207,0.670103,0.660194,0.607477,0.655914,0.621359,0.649485,0.556701,0.631068,0.528846,0.5625,0.613861,0.565657,0.627273,0.644444,0.524752,0.616162,
62200,0.556701,0.582524,0.616162,0.544554,0.641026,0.554217,0.523364,0.451613,0.563107,0.57732,0.686275,0.591837,0.66,0.64,0.569892,0.635514,0.63964,0.595506,0.663366,0.59596,0.582524,0.587629,0.62069,0.642857,0.52,0.57,0.591837,0.539216,0.688679,0.56383,0.654206,0.526882,0.597938,0.621359,0.575758,0.683168,0.581633,0.647059,0.62963,0.597826,0.563107,0.639175,0.572917,0.605769,0.655914,0.53271,0.634409,0.598131,0.568421,0.580952,0.622449,0.578431,0.603448,0.607143,0.565217,0.62037,0.655914,0.429907,0.568807,0.615385,0.62766,0.632075,0.56383,0.650943,0.566038,0.585106,0.703704,0.565217,0.628866,0.621359,0.679012,0.630252,0.523364,0.623656,0.584158,0.59596,0.56,0.52,0.640351,0.662791,0.555556,0.543478,0.693878,0.705882,0.549451,0.59633,0.59633,0.527473,0.627451,0.683673,0.673469,0.647059,0.589474,0.52381,0.603774,0.468085,0.603448,0.75,0.745098,0.5,
62400,0.666667,0.589474,0.583333,0.596154,0.543689,0.597938,0.638298,0.584906,0.55102,0.598039,0.666667,0.557692,0.605505,0.527473,0.633028,0.538462,0.643678,0.610619,0.588785,0.677419,0.545455,0.633333,0.586538,0.739583,0.58,0.57,0.666667,0.719101,0.663636,0.566667,0.391304,0.490741,0.41,0.57,0.517647,0.591304,0.537634,0.616822,0.615385,0.642202,0.588235,0.571429,0.594059,0.565657,0.550562,0.657658,0.525253,0.613861,0.612245,0.588235,0.571429,0.676471,0.591837,0.54902,0.645161,0.579439,0.494737,0.552381,0.580952,0.589474,0.530612,0.676471,0.64486,0.666667,0.607843,0.55102,0.688073,0.648352,0.75,0.53,0.673077,0.729167,0.57,0.65,0.619048,0.568421,0.597938,0.582524,0.51,0.6,0.675,0.508333,0.596491,0.697674,0.529412,0.612245,0.601852,0.728261,0.621053,0.638095,0.589286,0.579545,0.581633,0.480392,0.576923,0.666667,0.578947,0.616279,0.623762,0.626263,
62600,0.58427,0.486486,0.648148,0.576087,0.653846,0.604167,0.601942,0.525773,0.575758,0.475248,0.570093,0.688172,0.616162,0.712871,0.56,0.69,0.588235,0.632653,0.582418,0.568807,0.652632,0.6,0.61,0.58,0.524752,0.545455,0.666667,0.576087,0.583333,0.596154,0.62766,0.584906,0.520408,0.54902,0.640449,0.621622,0.589474,0.580952,0.631579,0.685714,0.628571,0.673684,0.64,0.59,0.592233,0.659794,0.631068,0.546392,0.52381,0.610526,0.583333,0.554348,0.626168,0.537634,0.508929,0.647727,0.510204,0.578431,0.597938,0.592233,0.610526,0.590476,0.673469,0.588235,0.625,0.598214,0.583333,0.576923,0.571429,0.607843,0.673684,0.571429,0.625,0.645833,0.589474,0.619048,0.640777,0.57732,0.621359,0.628866,0.649485,0.543689,0.551724,0.584071,0.709091,0.611111,0.614583,0.615385,0.699029,0.628866,0.587629,0.533981,0.552381,0.494737,0.541176,0.6,0.525253,0.60396,0.605769,0.552083,
62800,0.60396,0.444444,0.660714,0.556818,0.669811,0.617021,0.625,0.604167,0.61165,0.618557,0.6875,0.586538,0.677778,0.618182,0.617021,0.745283,0.634615,0.59375,0.638298,0.575472,0.555556,0.633663,0.605263,0.697674,0.576087,0.675926,0.68932,0.57732,0.676768,0.594059,0.612903,0.607477,0.614583,0.605769,0.509804,0.602041,0.55102,0.588235,0.655914,0.654206,0.619048,0.515789,0.609091,0.555556,0.574468,0.575472,0.616822,0.580645,0.578947,0.523256,0.605769,0.614583,0.59375,0.596154,0.623762,0.656566,0.622449,0.45098,0.663158,0.638095,0.582524,0.608247,0.56,0.77,0.568421,0.628571,0.663366,0.545455,0.617647,0.632653,0.568182,0.580357,0.56044,0.614679,0.574257,0.585859,0.604167,0.576923,0.516854,0.567568,0.534091,0.696429,0.597938,0.669903,0.563107,0.608247,0.608696,0.592593,0.645161,0.663551,0.572917,0.682692,0.563107,0.57732,0.509434,0.521277,0.589474,0.628571,0.682353,0.626087,
63000,0.611111,0.481818,0.701754,0.616279,0.695652,0.638889,0.586538,0.541667,0.66055,0.626374,0.645833,0.596154,0.568807,0.725275,0.587629,0.601942,0.536842,0.714286,0.575221,0.586207,0.556604,0.531915,0.612069,0.52381,0.558824,0.5,0.741935,0.560748,0.553398,0.680412,0.611111,0.619565,0.534653,0.59596,0.510204,0.490196,0.561905,0.589474,0.690476,0.586207,0.612903,0.635514,0.623656,0.579439,0.541284,0.582418,0.673469,0.617647,0.6,0.571429,0.54386,0.674419,0.652632,0.590476,0.584906,0.585106,0.494382,0.594595,0.576923,0.614583,0.56,0.62,0.538462,0.625,0.613861,0.565657,0.635514,0.591398,0.626263,0.584158,0.644231,0.635417,0.54717,0.553191,0.558824,0.55102,0.551402,0.55914,0.652174,0.648148,0.57,0.61,0.66055,0.593407,0.557895,0.647619,0.505495,0.642202,0.59,0.6,0.647059,0.663265,0.603774,0.531915,0.634409,0.579439,0.596154,0.645833,0.55,0.57,
63200,0.676768,0.534653,0.622807,0.627907,0.53012,0.564103,0.634615,0.645833,0.596154,0.625,0.617978,0.513514,0.568627,0.693878,0.536842,0.704762,0.563636,0.6,0.62,0.63,0.595745,0.556604,0.626168,0.655914,0.56383,0.669811,0.663717,0.701149,0.708333,0.6375,0.632184,0.60177,0.5625,0.625,0.57,0.57,0.576923,0.541667,0.567308,0.583333,0.484848,0.613861,0.510638,0.650943,0.537634,0.53271,0.57,0.56,0.598039,0.581633,0.56701,0.61165,0.636364,0.613861,0.651376,0.648352,0.577982,0.67033,0.693878,0.656863,0.505263,0.6,0.554455,0.656566,0.576577,0.573034,0.610619,0.505747,0.705882,0.55102,0.584906,0.542553,0.591837,0.637255,0.6,0.590909,0.72,0.61,0.534653,0.606061,0.648649,0.573034,0.61,0.66,0.557895,0.666667,0.59434,0.56383,0.666667,0.636364,0.669811,0.659574,0.57,0.53,0.690909,0.611111,0.48913,0.675926,0.682692,0.59375,
63400,0.57732,0.466019,0.568627,0.571429,0.52,0.63,0.538462,0.59375,0.524752,0.585859,0.616071,0.579545,0.677083,0.615385,0.571429,0.568421,0.66,0.58,0.626087,0.6,0.54,0.71,0.571429,0.686275,0.56,0.65,0.552381,0.589474,0.617978,0.504505,0.633663,0.494949,0.56,0.52,0.555556,0.594059,0.536842,0.590476,0.568627,0.683673,0.608696,0.611111,0.6,0.685714,0.676768,0.564356,0.570093,0.580645,0.615385,0.666667,0.615385,0.53125,0.717391,0.527778,0.544643,0.613636,0.632653,0.617647,0.623853,0.604396,0.573913,0.635294,0.511628,0.614035,0.631579,0.590476,0.604396,0.577982,0.623762,0.505051,0.678899,0.582418,0.49505,0.59596,0.65625,0.576923,0.615385,0.587156,0.585106,0.660377,0.556604,0.691489,0.7,0.633333,0.477064,0.461538,0.588235,0.489796,0.59,0.62,0.648352,0.623853,0.573913,0.494118,0.673077,0.645833,0.563107,0.57732,0.617021,0.641509,
63600,0.520408,0.5,0.693878,0.578431,0.49,0.57,0.5,0.614035,0.631579,0.609524,0.653465,0.606061,0.662651,0.623932,0.649485,0.68932,0.484848,0.683168,0.650943,0.542553,0.543689,0.546392,0.613636,0.5625,0.62766,0.59434,0.659574,0.537736,0.64486,0.634409,0.705882,0.591837,0.71875,0.576923,0.609524,0.715789,0.684211,0.657143,0.628866,0.61165,0.64,0.54,0.646552,0.619048,0.525773,0.631068,0.444444,0.554348,0.608247,0.631068,0.556818,0.616071,0.639175,0.582524,0.551402,0.645161,0.625,0.519231,0.65,0.58,0.657658,0.617978,0.697917,0.605769,0.595745,0.575472,0.641304,0.537037,0.575758,0.594059,0.695652,0.62037,0.534653,0.59596,0.59596,0.584158,0.584906,0.606383,0.606383,0.528302,0.6,0.56,0.558824,0.540816,0.638095,0.694737,0.610526,0.609524,0.650943,0.585106,0.5,0.509804,0.601942,0.484536,0.666667,0.586538,0.561905,0.642105,0.59596,0.633663,
63800,0.542857,0.505263,0.581197,0.578313,0.524272,0.546392,0.607843,0.540816,0.642857,0.594828,0.612245,0.656863,0.673267,0.757576,0.595506,0.603604,0.638095,0.684211,0.697917,0.576923,0.543689,0.597938,0.583333,0.480769,0.525253,0.544554,0.651163,0.535088,0.6,0.457143,0.65,0.51,0.708738,0.56701,0.653465,0.454545,0.623656,0.588785,0.626087,0.623529,0.62,0.66,0.631068,0.608247,0.71875,0.711538,0.559524,0.543103,0.58,0.59,0.517857,0.625,0.75,0.615385,0.615385,0.677083,0.591398,0.635514,0.602151,0.514019,0.54,0.58,0.654762,0.681034,0.533333,0.642105,0.608696,0.552941,0.610526,0.590476,0.6,0.59,0.540541,0.505618,0.659091,0.642857,0.505747,0.628319,0.681818,0.607143,0.581633,0.539216,0.597826,0.648148,0.61165,0.659794,0.579439,0.526882,0.588235,0.591837,0.5,0.59434,0.5,0.54,0.644231,0.604167,0.576471,0.608696,0.646465,0.574257,
64000,0.527273,0.511111,0.666667,0.504673,0.634409,0.598131,0.6,0.561905,0.586957,0.666667,0.697917,0.596154,0.614679,0.593407,0.530612,0.686275,0.6,0.634783,0.6,0.635294,0.584906,0.62766,0.516129,0.635514,0.542553,0.528302,0.678899,0.582418,0.699029,0.587629,0.653465,0.535354,0.6875,0.596154,0.632653,0.627451,0.637363,0.605505,0.638889,0.641304,0.66055,0.549451,0.663551,0.55914,0.736842,0.657143,0.534483,0.583333,0.58,0.64,0.604167,0.644231,0.611111,0.572727,0.646465,0.60396,0.61165,0.649485,0.602273,0.633929,0.569767,0.675439,0.718447,0.659794,0.5625,0.586538,0.628866,0.592233,0.628866,0.61165,0.636364,0.613861,0.548077,0.541667,0.591837,0.656863,0.656863,0.581633,0.6,0.58,0.6,0.666667,0.594059,0.59596,0.675926,0.641304,0.613636,0.651786,0.602041,0.578431,0.61165,0.597938,0.505155,0.582524,0.695238,0.568421,0.556604,0.606383,0.628866,0.601942,
64200,0.509615,0.40625,0.543689,0.474227,0.606383,0.566038,0.611111,0.618182,0.637363,0.550459,0.47619,0.684211,0.588235,0.663265,0.598131,0.677419,0.564815,0.728261,0.656863,0.602041,0.524272,0.505155,0.62037,0.630435,0.490196,0.581633,0.648649,0.58427,0.625,0.75,0.639175,0.582524,0.557895,0.72381,0.598039,0.632653,0.646465,0.623762,0.680412,0.650485,0.543478,0.601852,0.5625,0.613636,0.563636,0.655556,0.543478,0.601852,0.60396,0.626263,0.638095,0.526316,0.607143,0.488636,0.557895,0.638095,0.514851,0.575758,0.602273,0.625,0.646465,0.633663,0.59596,0.712871,0.611111,0.543478,0.561905,0.547368,0.612245,0.529412,0.597938,0.61165,0.604167,0.605769,0.626263,0.712871,0.646465,0.60396,0.576087,0.564815,0.607477,0.516129,0.513514,0.696629,0.539326,0.522523,0.693182,0.669643,0.555556,0.576087,0.701923,0.625,0.585859,0.594059,0.697248,0.593407,0.676471,0.663265,0.610526,0.580952,
64400,0.64486,0.516129,0.621359,0.57732,0.57,0.56,0.534653,0.575758,0.675439,0.511628,0.622642,0.659574,0.548077,0.625,0.509804,0.632653,0.62931,0.702381,0.669565,0.482353,0.514563,0.639175,0.71134,0.68932,0.578947,0.628571,0.628571,0.631579,0.673469,0.578431,0.719626,0.548387,0.653846,0.604167,0.723404,0.584906,0.734694,0.627451,0.642857,0.666667,0.704762,0.578947,0.545455,0.683168,0.679612,0.608247,0.648148,0.554348,0.666667,0.651163,0.678571,0.590909,0.613861,0.575758,0.56,0.62,0.617978,0.585586,0.570093,0.591398,0.628571,0.6,0.596154,0.552083,0.547826,0.623529,0.54717,0.595745,0.721154,0.614583,0.596154,0.541667,0.619048,0.594828,0.642105,0.666667,0.647619,0.536842,0.576577,0.550562,0.540816,0.637255,0.682353,0.626087,0.519608,0.591837,0.673913,0.62963,0.5625,0.568182,0.648936,0.641509,0.528302,0.585106,0.637255,0.693878,0.623762,0.686869,0.597826,0.537037,
64600,0.645833,0.596154,0.617021,0.641509,0.638095,0.642105,0.537037,0.565217,0.591837,0.519608,0.541667,0.625,0.597938,0.68932,0.609524,0.631579,0.666667,0.576087,0.60177,0.54023,0.530973,0.643678,0.673913,0.574074,0.646465,0.633663,0.648936,0.660377,0.683673,0.735294,0.706522,0.62963,0.588889,0.590909,0.630435,0.666667,0.633333,0.6,0.656863,0.581633,0.6,0.577778,0.636364,0.625,0.625,0.572917,0.622449,0.568627,0.550562,0.630631,0.576471,0.626087,0.663462,0.541667,0.609524,0.642105,0.634146,0.467532,0.627273,0.611111,0.652174,0.583333,0.602273,0.642857,0.67,0.54,0.614583,0.509615,0.706522,0.564815,0.586538,0.541667,0.53,0.57,0.636364,0.633663,0.619048,0.621053,0.619048,0.655172,0.617021,0.622642,0.612245,0.598039,0.57732,0.601942,0.651163,0.640351,0.535354,0.623762,0.567568,0.617978,0.626374,0.605505,0.59375,0.625,0.649485,0.592233,0.520408,0.617647,
64800,0.489796,0.539216,0.663366,0.606061,0.563636,0.588889,0.59292,0.505747,0.678899,0.56044,0.608333,0.6125,0.570175,0.72093,0.525253,0.574257,0.656863,0.642857,0.546392,0.582524,0.568421,0.619048,0.510417,0.663462,0.591837,0.607843,0.592233,0.608247,0.531915,0.679245,0.470588,0.622449,0.521277,0.688679,0.542553,0.641509,0.558824,0.642857,0.580645,0.71028,0.644068,0.621951,0.601942,0.680412,0.602041,0.617647,0.65625,0.538462,0.509804,0.734694,0.567568,0.629213,0.715789,0.590476,0.56,0.63,0.629213,0.567568,0.688889,0.572727,0.637255,0.704082,0.559633,0.604396,0.66087,0.6,0.633929,0.602273,0.618182,0.577778,0.603774,0.585106,0.563107,0.701031,0.53125,0.634615,0.638889,0.456522,0.505747,0.575221,0.604396,0.568807,0.654545,0.677778,0.573034,0.585586,0.590909,0.622222,0.602041,0.529412,0.706522,0.722222,0.571429,0.54902,0.51087,0.611111,0.550459,0.67033,0.55102,0.529412,
65000,0.659341,0.550459,0.703297,0.605505,0.580645,0.588785,0.542056,0.591398,0.612245,0.539216,0.672897,0.731183,0.660194,0.628866,0.642857,0.617647,0.54902,0.622449,0.617021,0.54717,0.534483,0.619048,0.556701,0.631068,0.509434,0.62766,0.693694,0.606742,0.666667,0.642857,0.682353,0.530435,0.613861,0.484848,0.638095,0.652632,0.575472,0.542553,0.632184,0.619469,0.596154,0.625,0.566038,0.617021,0.571429,0.637255,0.605769,0.59375,0.585586,0.640449,0.622807,0.627907,0.640777,0.515464,0.571429,0.589474,0.59,0.6,0.75,0.659091,0.561798,0.576577,0.61165,0.525773,0.55914,0.523364,0.634615,0.625,0.650943,0.553191,0.648649,0.629213,0.676471,0.663265,0.654762,0.594828,0.606742,0.594595,0.556701,0.524272,0.623656,0.542056,0.622449,0.598039,0.572727,0.611111,0.639175,0.631068,0.565657,0.584158,0.63,0.57,0.54,0.53,0.645833,0.519231,0.553398,0.659794,0.565217,0.638889,
65200,0.597938,0.485437,0.711538,0.635417,0.568182,0.553571,0.636364,0.514851,0.62963,0.543478,0.669903,0.628866,0.547368,0.666667,0.561798,0.666667,0.607843,0.571429,0.659794,0.582524,0.530612,0.598039,0.578431,0.632653,0.515152,0.465347,0.721154,0.541667,0.651376,0.571429,0.616822,0.591398,0.595745,0.603774,0.5,0.680851,0.606061,0.544554,0.704082,0.656863,0.647619,0.642105,0.586538,0.6875,0.663265,0.568627,0.638889,0.597826,0.673077,0.635417,0.663158,0.561905,0.534091,0.553571,0.541284,0.538462,0.594059,0.555556,0.582524,0.597938,0.583333,0.586957,0.622642,0.680851,0.568421,0.609524,0.678899,0.648352,0.656566,0.653465,0.607477,0.602151,0.602564,0.598361,0.6,0.55,0.59,0.55,0.546296,0.663043,0.525253,0.574257,0.656566,0.584158,0.646018,0.597701,0.575221,0.632184,0.635417,0.528846,0.548077,0.59375,0.411111,0.581818,0.649573,0.626506,0.598214,0.568182,0.68,0.55,
65400,0.666667,0.548077,0.597938,0.61165,0.61,0.64,0.636364,0.669643,0.666667,0.489796,0.603604,0.651685,0.582609,0.611765,0.663043,0.657407,0.613208,0.595745,0.628866,0.679612,0.55914,0.588785,0.561905,0.673684,0.61,0.5,0.638095,0.631579,0.635514,0.612903,0.677083,0.480769,0.670213,0.622642,0.557895,0.533333,0.591398,0.663551,0.714286,0.587156,0.633028,0.626374,0.655556,0.654545,0.663158,0.647619,0.596154,0.552083,0.519231,0.635417,0.595745,0.641509,0.637363,0.559633,0.540541,0.674157,0.677419,0.635514,0.616071,0.579545,0.638095,0.621053,0.56044,0.706422,0.574074,0.673913,0.638095,0.6,0.627451,0.530612,0.673684,0.571429,0.602041,0.568627,0.694444,0.521739,0.622642,0.521277,0.69,0.62,0.634409,0.504673,0.65625,0.615385,0.547368,0.685714,0.617647,0.632653,0.473118,0.682243,0.608696,0.694118,0.504854,0.57732,0.585859,0.663366,0.554455,0.616162,0.547368,0.580952,
65600,0.53,0.58,0.628866,0.601942,0.51087,0.537037,0.543478,0.62963,0.635417,0.586538,0.567568,0.573034,0.703297,0.678899,0.604396,0.614679,0.613861,0.717172,0.645455,0.533333,0.54955,0.629213,0.604167,0.625,0.580645,0.626168,0.712963,0.619565,0.659794,0.669903,0.605769,0.625,0.574074,0.641304,0.575758,0.633663,0.518519,0.565217,0.718447,0.597938,0.545455,0.571429,0.611111,0.645455,0.659794,0.68932,0.596491,0.546512,0.565657,0.60396,0.681416,0.574713,0.618557,0.592233,0.542553,0.603774,0.6,0.622222,0.54386,0.581395,0.57732,0.601942,0.594059,0.606061,0.648352,0.53211,0.640449,0.63964,0.676768,0.613861,0.58,0.56,0.546392,0.533981,0.505051,0.584158,0.494949,0.564356,0.55102,0.539216,0.56,0.54,0.612245,0.637255,0.666667,0.693069,0.555556,0.478261,0.615385,0.625,0.670103,0.660194,0.625,0.607143,0.676471,0.561224,0.55914,0.523364,0.625,0.59375,
65800,0.669725,0.538462,0.578947,0.561905,0.528846,0.666667,0.589286,0.522727,0.553191,0.613208,0.6,0.609091,0.566038,0.585106,0.571429,0.637931,0.607477,0.580645,0.688679,0.510638,0.653061,0.705882,0.663366,0.666667,0.54717,0.606383,0.606383,0.698113,0.646465,0.623762,0.712871,0.545455,0.506024,0.641026,0.556604,0.659574,0.582524,0.628866,0.59434,0.712766,0.59434,0.574468,0.552083,0.644231,0.650485,0.659794,0.608247,0.660194,0.585586,0.651685,0.666667,0.632653,0.569892,0.53271,0.658537,0.584746,0.616162,0.633663,0.563107,0.628866,0.630252,0.592593,0.59375,0.634615,0.608247,0.601942,0.586538,0.635417,0.683673,0.529412,0.56,0.64,0.578431,0.510204,0.608696,0.657407,0.556604,0.585106,0.62037,0.652174,0.580645,0.616822,0.547368,0.628571,0.543103,0.75,0.554545,0.677778,0.650485,0.731959,0.645833,0.615385,0.604651,0.508772,0.588785,0.741935,0.663265,0.696078,0.557522,0.528736,
66000,0.57732,0.553398,0.686869,0.564356,0.638889,0.619565,0.529412,0.653061,0.604167,0.605769,0.54386,0.662791,0.669903,0.628866,0.588889,0.581818,0.583333,0.543478,0.587629,0.592233,0.584906,0.56383,0.621053,0.628571,0.603604,0.550562,0.650943,0.617021,0.673469,0.568627,0.56701,0.495146,0.59434,0.648936,0.581633,0.588235,0.566038,0.712766,0.571429,0.568807,0.577778,0.718182,0.565217,0.638889,0.559633,0.494505,0.601942,0.649485,0.606742,0.621622,0.589744,0.650602,0.688172,0.523364,0.614583,0.586538,0.527473,0.587156,0.548077,0.6875,0.551724,0.59292,0.669565,0.682353,0.566667,0.609091,0.577982,0.626374,0.557692,0.552083,0.632075,0.585106,0.6,0.663158,0.571429,0.53211,0.59,0.57,0.576923,0.59375,0.6,0.580952,0.651786,0.636364,0.574074,0.576087,0.6,0.557895,0.538462,0.583333,0.628571,0.631579,0.55914,0.560748,0.61165,0.536082,0.59,0.63,0.56701,0.572816,
66200,0.683673,0.588235,0.692308,0.604167,0.640777,0.546392,0.595745,0.603774,0.684685,0.662921,0.543478,0.62037,0.652174,0.703704,0.590476,0.684211,0.6,0.631579,0.673267,0.636364,0.60396,0.636364,0.59,0.64,0.51,0.59,0.615385,0.650602,0.63964,0.58427,0.636364,0.555556,0.632184,0.619469,0.626263,0.70297,0.526882,0.607477,0.5875,0.475,0.653061,0.558824,0.494845,0.621359,0.680412,0.572816,0.625,0.6875,0.621053,0.619048,0.548673,0.54023,0.744898,0.480392,0.61165,0.587629,0.52381,0.589474,0.619048,0.536842,0.582418,0.669725,0.674157,0.540541,0.543478,0.574074,0.602041,0.705882,0.644231,0.552083,0.550562,0.630631,0.594059,0.636364,0.639175,0.61165,0.663462,0.572917,0.555556,0.672727,0.61,0.55,0.520833,0.586538,0.484211,0.514286,0.642105,0.695238,0.598039,0.632653,0.608696,0.675926,0.650485,0.587629,0.677419,0.598131,0.62931,0.595238,0.591837,0.627451,
66400,0.578431,0.571429,0.670213,0.632075,0.606061,0.623762,0.615385,0.6875,0.59596,0.574257,0.603774,0.617021,0.574713,0.646018,0.584071,0.643678,0.666667,0.590909,0.752577,0.621359,0.616162,0.60396,0.647059,0.626087,0.685714,0.631579,0.695238,0.652632,0.669811,0.638298,0.701149,0.548673,0.66055,0.626374,0.642105,0.542857,0.666667,0.623762,0.714286,0.586207,0.59434,0.606383,0.693694,0.696629,0.741176,0.66087,0.626168,0.451613,0.543478,0.648148,0.666667,0.564356,0.703704,0.51087,0.632653,0.627451,0.65,0.63,0.608696,0.62037,0.678899,0.67033,0.642202,0.637363,0.538462,0.604167,0.653465,0.555556,0.552381,0.589474,0.574257,0.656566,0.52381,0.652632,0.514286,0.673684,0.519608,0.55102,0.629213,0.621622,0.638889,0.641304,0.515789,0.619048,0.686869,0.673267,0.505051,0.524752,0.513274,0.597701,0.611111,0.563636,0.528736,0.557522,0.594059,0.535354,0.541667,0.634615,0.561905,0.536842,
66600,0.575758,0.534653,0.663636,0.6,0.608247,0.475728,0.576087,0.592593,0.613208,0.638298,0.669811,0.62766,0.663366,0.585859,0.561905,0.610526,0.569892,0.626168,0.660714,0.659091,0.613636,0.580357,0.604396,0.513761,0.537037,0.619565,0.666667,0.483146,0.712963,0.619565,0.677419,0.560748,0.582524,0.608247,0.557692,0.489583,0.685714,0.505263,0.604396,0.568807,0.592233,0.536082,0.568627,0.591837,0.561224,0.666667,0.644444,0.590909,0.618557,0.582524,0.617647,0.602041,0.617647,0.561224,0.565217,0.658824,0.505051,0.554455,0.602041,0.705882,0.574257,0.606061,0.632653,0.627451,0.614583,0.538462,0.585106,0.622642,0.591837,0.637255,0.551402,0.591398,0.630435,0.601852,0.677419,0.616822,0.612613,0.561798,0.574468,0.613208,0.623656,0.439252,0.564356,0.646465,0.516484,0.614679,0.623656,0.672897,0.596154,0.583333,0.602041,0.617647,0.521368,0.542169,0.684211,0.6,0.621359,0.597938,0.557692,0.583333,
66800,0.614679,0.615385,0.7,0.61,0.669811,0.638298,0.612245,0.686275,0.580357,0.625,0.615385,0.583333,0.69697,0.544554,0.55914,0.588785,0.596154,0.697917,0.72549,0.622449,0.622642,0.62766,0.588889,0.6,0.509615,0.5625,0.612245,0.617647,0.615385,0.559633,0.638095,0.652632,0.518519,0.571429,0.515464,0.631068,0.666667,0.530612,0.6,0.73,0.461538,0.520833,0.558824,0.571429,0.633929,0.625,0.575758,0.60396,0.604167,0.586538,0.586538,0.614583,0.628571,0.652632,0.623762,0.707071,0.547619,0.508621,0.649485,0.572816,0.673077,0.59375,0.54,0.63,0.554455,0.535354,0.714286,0.610526,0.614583,0.509615,0.623762,0.666667,0.574074,0.641304,0.715789,0.619048,0.6,0.547368,0.61,0.54,0.575472,0.542553,0.60396,0.626263,0.565657,0.633663,0.626374,0.587156,0.631068,0.670103,0.603604,0.573034,0.526786,0.534091,0.666667,0.586538,0.558824,0.673469,0.650485,0.597938,
67000,0.66,0.56,0.612245,0.705882,0.715596,0.516484,0.59,0.55,0.583333,0.605769,0.617391,0.694118,0.611111,0.597826,0.64,0.65,0.567568,0.617978,0.598131,0.537634,0.571429,0.53211,0.55914,0.626168,0.522727,0.571429,0.621622,0.573034,0.696429,0.522727,0.722222,0.652174,0.517647,0.6,0.574074,0.619565,0.659794,0.631068,0.642202,0.736264,0.574257,0.666667,0.564356,0.616162,0.584906,0.744681,0.619048,0.578947,0.563107,0.608247,0.575758,0.663366,0.58427,0.630631,0.590476,0.631579,0.633663,0.545455,0.53,0.57,0.597826,0.555556,0.616822,0.752688,0.575758,0.554455,0.705882,0.652174,0.576923,0.583333,0.591837,0.696078,0.605505,0.637363,0.595745,0.641509,0.529412,0.591837,0.569892,0.53271,0.637255,0.612245,0.570093,0.569892,0.574468,0.669811,0.61,0.65,0.58,0.64,0.568182,0.714286,0.529412,0.632653,0.618557,0.61165,0.623656,0.588785,0.55,0.62,
67200,0.644444,0.545455,0.610526,0.580952,0.553398,0.556701,0.622222,0.709091,0.610169,0.585366,0.643564,0.585859,0.554348,0.685185,0.611111,0.554545,0.632653,0.54902,0.612613,0.561798,0.612245,0.578431,0.6,0.638095,0.654762,0.586207,0.677083,0.528846,0.677778,0.627273,0.71875,0.586538,0.659794,0.592233,0.68,0.6,0.566667,0.525,0.677083,0.557692,0.638095,0.642105,0.548077,0.635417,0.622642,0.617021,0.590476,0.631579,0.648148,0.51087,0.597938,0.572816,0.67,0.6,0.557895,0.647619,0.715517,0.47619,0.614583,0.644231,0.650943,0.617021,0.64486,0.688172,0.712871,0.585859,0.603774,0.542553,0.607843,0.622449,0.57,0.62,0.576087,0.62037,0.578947,0.638095,0.728972,0.580645,0.53913,0.635294,0.653465,0.585859,0.57,0.62,0.634615,0.59375,0.579439,0.634409,0.663366,0.616162,0.591837,0.598039,0.533981,0.618557,0.659794,0.572816,0.621053,0.619048,0.597938,0.621359,
67400,0.580645,0.551402,0.578431,0.55102,0.621359,0.536082,0.60396,0.575758,0.607843,0.581633,0.514286,0.547368,0.55,0.63,0.505495,0.550459,0.622449,0.637255,0.638095,0.673684,0.631068,0.649485,0.520408,0.588235,0.585859,0.60396,0.714286,0.504587,0.614583,0.548077,0.725275,0.504587,0.63,0.65,0.631579,0.590476,0.688679,0.595745,0.621359,0.587629,0.607843,0.632653,0.613208,0.617021,0.633333,0.590909,0.637255,0.571429,0.54902,0.653061,0.548077,0.572917,0.659341,0.577982,0.576923,0.5625,0.574713,0.59292,0.644231,0.625,0.525773,0.660194,0.69,0.62,0.52,0.55,0.631579,0.590476,0.589474,0.533333,0.63,0.69,0.494845,0.660194,0.623762,0.686869,0.63,0.63,0.592233,0.690722,0.638889,0.608696,0.622449,0.607843,0.582418,0.614679,0.537736,0.595745,0.64,0.55,0.642857,0.686275,0.59375,0.567308,0.57732,0.699029,0.614679,0.582418,0.6,0.563636,
67600,0.621359,0.463918,0.625,0.520833,0.645833,0.576923,0.616822,0.55914,0.628571,0.494737,0.612245,0.696078,0.6,0.714286,0.656566,0.584158,0.638298,0.59434,0.673267,0.59596,0.649485,0.640777,0.619565,0.675926,0.485714,0.589474,0.71,0.6,0.67619,0.663158,0.566667,0.545455,0.612245,0.647059,0.553191,0.622642,0.632653,0.519608,0.587629,0.592233,0.589474,0.638095,0.622449,0.617647,0.56044,0.633028,0.592233,0.608247,0.555556,0.586957,0.563218,0.530973,0.701754,0.639535,0.636364,0.633333,0.488636,0.544643,0.601852,0.663043,0.607843,0.714286,0.707317,0.516949,0.582418,0.59633,0.627451,0.642857,0.670588,0.530435,0.578431,0.653061,0.677083,0.663462,0.528846,0.65625,0.55914,0.654206,0.561798,0.504505,0.62766,0.641509,0.542553,0.679245,0.652542,0.621951,0.683168,0.626263,0.580952,0.621053,0.636364,0.722772,0.494845,0.592233,0.676768,0.623762,0.550459,0.637363,0.582524,0.597938,
67800,0.551724,0.442478,0.707547,0.5,0.666667,0.576923,0.595745,0.537736,0.608247,0.572816,0.62,0.54,0.530612,0.627451,0.568627,0.653061,0.521277,0.660377,0.585366,0.669492,0.644231,0.614583,0.691489,0.707547,0.551724,0.559524,0.662791,0.570175,0.646018,0.586207,0.591398,0.663551,0.584158,0.636364,0.531532,0.505618,0.591837,0.558824,0.659574,0.613208,0.583333,0.576087,0.535354,0.70297,0.591837,0.5,0.464912,0.581395,0.554455,0.585859,0.650943,0.595745,0.68,0.61,0.54902,0.632653,0.60396,0.656566,0.523256,0.701754,0.533333,0.663158,0.586957,0.694444,0.653061,0.637255,0.615385,0.541667,0.698113,0.510638,0.505376,0.560748,0.67,0.62,0.607843,0.602041,0.59596,0.584158,0.585106,0.59434,0.654545,0.566667,0.614583,0.605769,0.575758,0.643564,0.646465,0.544554,0.53,0.59,0.6,0.7,0.557522,0.643678,0.603604,0.606742,0.612903,0.616822,0.571429,0.541284,
68000,0.615385,0.520833,0.709091,0.577778,0.653846,0.583333,0.530612,0.578431,0.57,0.67,0.585106,0.632075,0.684211,0.685714,0.621053,0.6,0.58,0.64,0.559633,0.604396,0.598131,0.634409,0.618557,0.61165,0.57,0.6,0.663551,0.569892,0.663265,0.607843,0.574468,0.528302,0.560748,0.677419,0.551724,0.666667,0.549451,0.614679,0.525253,0.613861,0.626263,0.574257,0.558824,0.561224,0.574468,0.622642,0.586207,0.642857,0.477876,0.609195,0.540816,0.558824,0.536842,0.561905,0.533333,0.652632,0.635417,0.596154,0.51,0.59,0.604396,0.715596,0.565217,0.740741,0.589474,0.638095,0.606061,0.534653,0.610619,0.609195,0.712871,0.646465,0.505051,0.653465,0.64,0.63,0.63,0.6,0.525773,0.563107,0.697917,0.5,0.603774,0.606383,0.666667,0.568421,0.5,0.530612,0.653465,0.59596,0.552941,0.634783,0.589474,0.590476,0.631579,0.619048,0.568627,0.571429,0.663366,0.555556,
68200,0.544643,0.556818,0.576577,0.629213,0.60396,0.646465,0.597826,0.555556,0.614583,0.663462,0.646018,0.689655,0.626263,0.613861,0.563107,0.546392,0.640449,0.702703,0.6875,0.596154,0.54902,0.632653,0.605769,0.625,0.480392,0.530612,0.590909,0.642857,0.635417,0.644231,0.591837,0.568627,0.604396,0.577982,0.558824,0.632653,0.539216,0.591837,0.568421,0.542857,0.536842,0.466667,0.594059,0.606061,0.682692,0.645833,0.555556,0.521739,0.548077,0.59375,0.536082,0.640777,0.653465,0.555556,0.591837,0.598039,0.676768,0.663366,0.554455,0.626263,0.571429,0.656863,0.615385,0.614583,0.617021,0.613208,0.589286,0.590909,0.696429,0.693182,0.568182,0.526786,0.548077,0.614583,0.584158,0.505051,0.62766,0.59434,0.602041,0.794118,0.554348,0.574074,0.569892,0.588785,0.659091,0.625,0.614583,0.605769,0.605769,0.625,0.579439,0.548387,0.579545,0.473214,0.589474,0.542857,0.566038,0.723404,0.59375,0.596154,
68400,0.563636,0.622222,0.59596,0.60396,0.675926,0.586957,0.612245,0.607843,0.509434,0.595745,0.607843,0.622449,0.705882,0.617391,0.536082,0.68932,0.574468,0.613208,0.611765,0.556522,0.673267,0.575758,0.613861,0.636364,0.653061,0.598039,0.631068,0.701031,0.666667,0.672566,0.601942,0.546392,0.553191,0.603774,0.612245,0.578431,0.494845,0.582524,0.693878,0.54902,0.627273,0.533333,0.659794,0.640777,0.682692,0.625,0.57732,0.650485,0.587629,0.631068,0.523364,0.645161,0.579439,0.548387,0.614679,0.626374,0.62037,0.543478,0.585106,0.650943,0.68,0.59,0.67619,0.568421,0.69697,0.534653,0.657658,0.617978,0.638298,0.54717,0.618644,0.682927,0.660194,0.649485,0.579545,0.651786,0.655914,0.64486,0.640449,0.648649,0.529412,0.571429,0.711111,0.563636,0.575472,0.595745,0.572816,0.56701,0.644444,0.545455,0.692308,0.677083,0.518519,0.543478,0.56383,0.556604,0.607843,0.612245,0.692308,0.458333,
68600,0.660377,0.5,0.612903,0.598131,0.547368,0.542857,0.574074,0.532609,0.567308,0.625,0.65625,0.576923,0.602151,0.672897,0.617647,0.704082,0.666667,0.653846,0.547368,0.571429,0.64,0.64,0.652632,0.628571,0.619565,0.657407,0.663462,0.604167,0.686275,0.653061,0.6,0.557895,0.561224,0.696078,0.587156,0.648352,0.573034,0.657658,0.693069,0.636364,0.688073,0.725275,0.609524,0.6,0.556818,0.633929,0.58,0.59,0.546392,0.631068,0.642105,0.628571,0.537736,0.510638,0.68,0.63,0.622449,0.637255,0.571429,0.656863,0.690722,0.601942,0.6,0.622222,0.6,0.609524,0.653061,0.607843,0.647059,0.622449,0.622642,0.574468,0.543689,0.618557,0.607477,0.602151,0.684211,0.628571,0.541667,0.586538,0.669725,0.637363,0.62963,0.619565,0.62766,0.584906,0.510204,0.617647,0.60396,0.606061,0.594059,0.686869,0.590476,0.505263,0.494624,0.607477,0.571429,0.655172,0.654206,0.602151,
68800,0.679612,0.587629,0.68932,0.628866,0.545455,0.544554,0.60396,0.525253,0.6,0.66,0.575758,0.584158,0.608247,0.679612,0.553398,0.628866,0.561905,0.547368,0.607143,0.672414,0.586538,0.625,0.621053,0.695238,0.57732,0.650485,0.663551,0.655914,0.575472,0.585106,0.524752,0.565657,0.543689,0.618557,0.527473,0.669725,0.534653,0.676768,0.575758,0.683168,0.618557,0.61165,0.56,0.64,0.584158,0.585859,0.613861,0.575758,0.541667,0.663462,0.605769,0.708333,0.575472,0.585106,0.576087,0.583333,0.587629,0.572816,0.580357,0.556818,0.606742,0.558559,0.71028,0.602151,0.7,0.588889,0.657143,0.536842,0.601942,0.608247,0.625,0.583333,0.566038,0.617021,0.650485,0.670103,0.591837,0.666667,0.628571,0.673684,0.59596,0.60396,0.597938,0.699029,0.450549,0.559633,0.604167,0.528846,0.596154,0.65625,0.614583,0.576923,0.53,0.55,0.584158,0.575758,0.619048,0.536842,0.594595,0.595506,
69000,0.634615,0.520833,0.669725,0.648352,0.583333,0.528846,0.580645,0.579439,0.553398,0.56701,0.62766,0.764151,0.581818,0.677778,0.553398,0.639175,0.574074,0.586957,0.56044,0.633028,0.58,0.62,0.568627,0.632653,0.558824,0.602041,0.663462,0.572917,0.680412,0.621359,0.659794,0.466019,0.483146,0.540541,0.626168,0.580645,0.633663,0.545455,0.669903,0.587629,0.676768,0.544554,0.604651,0.675439,0.549451,0.651376,0.616162,0.673267,0.544554,0.676768,0.573171,0.550847,0.6,0.547368,0.638889,0.554348,0.594059,0.616162,0.575472,0.585106,0.634615,0.572917,0.614679,0.659341,0.612903,0.570093,0.656863,0.520408,0.717172,0.594059,0.609091,0.633333,0.581395,0.631579,0.590476,0.642105,0.532609,0.574074,0.55,0.63,0.591837,0.588235,0.542553,0.660377,0.526882,0.588785,0.484211,0.561905,0.62037,0.586957,0.645161,0.588785,0.630631,0.629213,0.61165,0.56701,0.650943,0.755319,0.540816,0.480392,
69200,0.43299,0.495146,0.590476,0.610526,0.510204,0.627451,0.5,0.605769,0.5,0.583333,0.5625,0.605769,0.634615,0.625,0.59,0.56,0.580645,0.626168,0.659574,0.45283,0.536082,0.572816,0.53,0.61,0.527273,0.611111,0.596154,0.708333,0.554455,0.555556,0.581395,0.561404,0.568627,0.622449,0.596154,0.541667,0.578431,0.663265,0.636364,0.6,0.568966,0.52381,0.597826,0.62963,0.593407,0.53211,0.583333,0.525,0.586957,0.648148,0.673469,0.607843,0.6875,0.586538,0.607843,0.540816,0.546296,0.576087,0.56,0.62,0.561224,0.666667,0.634409,0.728972,0.62963,0.565217,0.724771,0.626374,0.692308,0.604167,0.56,0.68,0.529412,0.612245,0.571429,0.656863,0.61165,0.505155,0.59434,0.553191,0.59596,0.574257,0.595745,0.613208,0.636364,0.643564,0.638095,0.631579,0.627119,0.585366,0.683673,0.607843,0.576923,0.5,0.65,0.71,0.663462,0.520833,0.673077,0.5625,
69400,0.704762,0.494737,0.623762,0.545455,0.615385,0.568807,0.53012,0.598291,0.681319,0.669725,0.534884,0.596491,0.647727,0.625,0.64486,0.623656,0.570093,0.731183,0.678899,0.527473,0.619048,0.6,0.55914,0.551402,0.666667,0.604651,0.701149,0.654867,0.776471,0.626087,0.666667,0.633663,0.595745,0.688679,0.567308,0.635417,0.576471,0.556522,0.475728,0.680412,0.546296,0.597826,0.643564,0.636364,0.565217,0.527778,0.48913,0.611111,0.584906,0.585106,0.541284,0.549451,0.617647,0.561224,0.67619,0.547368,0.59434,0.542553,0.632653,0.656863,0.606061,0.594059,0.528302,0.648936,0.598131,0.569892,0.554545,0.588889,0.626263,0.514851,0.621359,0.608247,0.493976,0.649573,0.592233,0.649485,0.548077,0.5625,0.613445,0.592593,0.578947,0.561905,0.612903,0.64486,0.479592,0.598039,0.705882,0.673469,0.621359,0.639175,0.690909,0.555556,0.45283,0.617021,0.707547,0.531915,0.59,0.55,0.653061,0.568627,
69600,0.548077,0.53125,0.557692,0.614583,0.64,0.57,0.613208,0.574468,0.586538,0.583333,0.622642,0.659574,0.663636,0.633333,0.565657,0.673267,0.670213,0.660377,0.688172,0.570093,0.556701,0.640777,0.58,0.65,0.49505,0.636364,0.679012,0.647059,0.509434,0.56383,0.570093,0.516129,0.6,0.63,0.535354,0.633663,0.558824,0.571429,0.622449,0.676471,0.633663,0.636364,0.643564,0.585859,0.578947,0.590476,0.608247,0.514563,0.642857,0.627451,0.609524,0.715789,0.601852,0.532609,0.519231,0.666667,0.64486,0.526882,0.534653,0.636364,0.627451,0.642857,0.603448,0.630952,0.61,0.65,0.575758,0.594059,0.563636,0.633333,0.622222,0.581818,0.428571,0.617647,0.588889,0.545455,0.647059,0.6,0.594595,0.617978,0.584158,0.575758,0.626263,0.544554,0.607843,0.602041,0.65625,0.586538,0.561224,0.647059,0.611111,0.576087,0.578431,0.642857,0.740741,0.51087,0.666667,0.633663,0.640777,0.556701,
69800,0.55914,0.523364,0.58427,0.567568,0.59375,0.615385,0.60396,0.484848,0.575758,0.60396,0.568421,0.67619,0.642202,0.692308,0.505495,0.513761,0.584158,0.707071,0.708738,0.659794,0.536082,0.679612,0.62963,0.663043,0.608247,0.660194,0.631068,0.525773,0.647059,0.612245,0.567308,0.53125,0.591837,0.578431,0.456311,0.597938,0.586538,0.614583,0.647619,0.547368,0.704762,0.610526,0.527473,0.623853,0.592233,0.597938,0.65,0.52,0.581633,0.627451,0.612245,0.588235,0.574074,0.565217,0.572727,0.555556,0.539326,0.594595,0.666667,0.615385,0.585106,0.641509,0.657407,0.673913,0.505376,0.551402,0.553191,0.603774,0.647059,0.571429,0.566038,0.595745,0.561404,0.604651,0.606061,0.584158,0.550562,0.612613,0.648649,0.617978,0.5,0.635417,0.666667,0.622449,0.669903,0.639175,0.584158,0.545455,0.54,0.59,0.619048,0.610526,0.601942,0.618557,0.634615,0.677083,0.5,0.583333,0.5,0.488889,
70000,0.637363,0.440367,0.58,0.57,0.644444,0.663636,0.5,0.66,0.616822,0.591398,0.643564,0.565657,0.62766,0.59434,0.568182,0.625,0.515152,0.564356,0.606383,0.556604,0.56701,0.572816,0.601942,0.639175,0.617021,0.707547,0.666667,0.690265,0.634409,0.504673,0.71028,0.505376,0.59375,0.567308,0.546392,0.601942,0.53,0.57,0.561905,0.684211,0.58427,0.594595,0.527473,0.59633,0.544554,0.616162,0.535354,0.594059,0.554455,0.636364,0.54023,0.654867,0.649123,0.546512,0.494382,0.612613,0.560748,0.516129,0.594059,0.616162,0.585859,0.60396,0.609524,0.610526,0.618182,0.544444,0.659794,0.601942,0.608696,0.574074,0.54,0.62,0.510638,0.688679,0.616162,0.712871,0.5,0.566038,0.608247,0.61165,0.579545,0.642857,0.582524,0.628866,0.575758,0.564356,0.631068,0.56701,0.677083,0.538462,0.663636,0.622222,0.450549,0.614679,0.656566,0.653465,0.59434,0.62766,0.536082,0.601942,
70200,0.67,0.47,0.641509,0.531915,0.613636,0.633929,0.580952,0.536842,0.60396,0.484848,0.581633,0.656863,0.448598,0.741935,0.650943,0.670213,0.623656,0.635514,0.575758,0.633663,0.606383,0.735849,0.572816,0.659794,0.548077,0.635417,0.629213,0.594595,0.563107,0.587629,0.64,0.51,0.47,0.63,0.510417,0.663462,0.484211,0.561905,0.604167,0.625,0.60396,0.565657,0.693182,0.482143,0.603774,0.595745,0.629213,0.594595,0.604651,0.587719,0.522523,0.595506,0.615385,0.59375,0.602151,0.672897,0.608247,0.631068,0.643564,0.606061,0.481818,0.555556,0.644231,0.59375,0.628571,0.6,0.663636,0.511111,0.558559,0.573034,0.619048,0.631579,0.632075,0.702128,0.542553,0.556604,0.59375,0.557692,0.558559,0.606742,0.7,0.588889,0.543478,0.666667,0.61165,0.639175,0.565657,0.544554,0.622222,0.545455,0.603774,0.595745,0.494737,0.590476,0.632075,0.648936,0.515789,0.714286,0.619048,0.652632,
70400,0.56338,0.51938,0.571429,0.589474,0.718447,0.57732,0.593407,0.550459,0.613861,0.656566,0.59633,0.494505,0.632653,0.627451,0.622449,0.470588,0.62037,0.586957,0.584071,0.597701,0.558824,0.612245,0.524272,0.556701,0.610526,0.619048,0.699029,0.659794,0.630435,0.648148,0.666667,0.663265,0.533333,0.621053,0.615385,0.577982,0.657895,0.627907,0.660377,0.691489,0.704762,0.515789,0.557895,0.647619,0.597701,0.654867,0.606742,0.666667,0.575472,0.648936,0.553191,0.603774,0.625,0.53125,0.617021,0.622642,0.608247,0.543689,0.649123,0.604651,0.550459,0.604396,0.594059,0.707071,0.628571,0.536842,0.618182,0.566667,0.673267,0.585859,0.585106,0.603774,0.613636,0.616071,0.622449,0.627451,0.62,0.58,0.582524,0.618557,0.565657,0.544554,0.463918,0.631068,0.655172,0.60177,0.609524,0.589474,0.62,0.63,0.653061,0.529412,0.564815,0.5,0.638298,0.566038,0.540816,0.686275,0.619048,0.589474,
70600,0.631068,0.639175,0.632653,0.509804,0.6,0.581818,0.574074,0.597826,0.663366,0.606061,0.634409,0.588785,0.564356,0.646465,0.613208,0.553191,0.6,0.618182,0.609524,0.6,0.554545,0.577778,0.65,0.55,0.528302,0.617021,0.537736,0.659574,0.652174,0.611111,0.650485,0.546392,0.611111,0.608696,0.610526,0.657143,0.635417,0.634615,0.59,0.64,0.673684,0.542857,0.558824,0.591837,0.552083,0.644231,0.626263,0.49505,0.615385,0.577982,0.545455,0.663366,0.660714,0.5,0.527778,0.630435,0.71875,0.567308,0.5,0.62766,0.611111,0.521739,0.616162,0.623762,0.606383,0.528302,0.617647,0.561224,0.582524,0.639175,0.62,0.63,0.632653,0.627451,0.606383,0.679245,0.544643,0.602273,0.576923,0.583333,0.609524,0.557895,0.625,0.541667,0.628866,0.582524,0.638095,0.578947,0.646465,0.623762,0.645161,0.672897,0.554348,0.555556,0.681818,0.526786,0.568421,0.619048,0.6,0.517647,
70800,0.553398,0.505155,0.663793,0.511905,0.628571,0.589474,0.606061,0.574257,0.740385,0.583333,0.640777,0.505155,0.57732,0.660194,0.54,0.63,0.638298,0.632075,0.63,0.58,0.538462,0.59375,0.556604,0.585106,0.520833,0.538462,0.673267,0.626263,0.55914,0.626168,0.577586,0.511905,0.52381,0.6,0.48,0.56,0.554545,0.611111,0.631068,0.649485,0.595506,0.585586,0.537736,0.744681,0.55102,0.529412,0.62766,0.528302,0.598131,0.580645,0.659341,0.633028,0.602151,0.542056,0.581633,0.735294,0.534653,0.616162,0.463918,0.572816,0.579439,0.634409,0.568421,0.666667,0.680851,0.613208,0.688172,0.560748,0.657143,0.631579,0.607843,0.632653,0.528846,0.625,0.655172,0.619469,0.554545,0.588889,0.675926,0.521739,0.549451,0.541284,0.634409,0.635514,0.622449,0.588235,0.686869,0.564356,0.564356,0.59596,0.585859,0.564356,0.537634,0.523364,0.647619,0.621053,0.597938,0.621359,0.614583,0.528846,
71000,0.616162,0.465347,0.580952,0.6,0.494949,0.544554,0.57,0.57,0.541667,0.625,0.60396,0.717172,0.666667,0.626168,0.559322,0.658537,0.588235,0.591837,0.66055,0.604396,0.595745,0.688679,0.64486,0.55914,0.585859,0.772277,0.635417,0.567308,0.580645,0.626168,0.653061,0.539216,0.555556,0.586957,0.474747,0.594059,0.58,0.56,0.65625,0.586538,0.568966,0.619048,0.607843,0.622449,0.66,0.64,0.634615,0.65625,0.587156,0.604396,0.527473,0.59633,0.6875,0.576923,0.606061,0.643564,0.591398,0.523364,0.597826,0.555556,0.525773,0.485437,0.587629,0.61165,0.646465,0.50495,0.655914,0.607477,0.615385,0.5625,0.566372,0.655172,0.527473,0.59633,0.578947,0.590476,0.569892,0.560748,0.526882,0.607477,0.666667,0.538462,0.654206,0.741935,0.572917,0.711538,0.510417,0.548077,0.556604,0.606383,0.697674,0.649123,0.604651,0.596491,0.633333,0.554545,0.554455,0.636364,0.658537,0.627119,
71200,0.633333,0.536364,0.573034,0.540541,0.65,0.6,0.59633,0.582418,0.613208,0.585106,0.53,0.59,0.660194,0.628866,0.613636,0.669643,0.572917,0.634615,0.660714,0.590909,0.592593,0.673913,0.578947,0.685714,0.605263,0.569767,0.612903,0.504673,0.695238,0.578947,0.663462,0.46875,0.670103,0.61165,0.642202,0.549451,0.598039,0.602041,0.608696,0.564815,0.653465,0.545455,0.640449,0.720721,0.554348,0.611111,0.613861,0.626263,0.650485,0.57732,0.695652,0.740741,0.478261,0.555556,0.63,0.57,0.603604,0.58427,0.635514,0.698925,0.679612,0.670103,0.584906,0.62766,0.519231,0.5625,0.616822,0.569892,0.71028,0.602151,0.595506,0.540541,0.598131,0.612903,0.644231,0.541667,0.488889,0.609091,0.602151,0.570093,0.553191,0.5,0.518987,0.652893,0.489583,0.615385,0.5625,0.634615,0.596154,0.59375,0.617391,0.658824,0.647619,0.663158,0.711538,0.59375,0.561224,0.676471,0.59375,0.490385,
71400,0.622222,0.472727,0.57732,0.543689,0.596154,0.583333,0.65,0.64,0.616162,0.584158,0.568807,0.681319,0.666667,0.539326,0.527273,0.644444,0.6,0.526316,0.62,0.57,0.485981,0.602151,0.688073,0.604396,0.541667,0.567308,0.594595,0.595506,0.598039,0.561224,0.489796,0.578431,0.647059,0.602041,0.514851,0.666667,0.549451,0.587156,0.654545,0.6,0.634615,0.635417,0.563107,0.639175,0.536082,0.563107,0.62,0.52,0.612245,0.607843,0.626168,0.602151,0.588235,0.469388,0.591837,0.617647,0.59,0.6,0.686747,0.589744,0.571429,0.617647,0.609091,0.6,0.645833,0.548077,0.584906,0.595745,0.637363,0.541284,0.640449,0.585586,0.572917,0.721154,0.54023,0.637168,0.601942,0.587629,0.554348,0.666667,0.632653,0.539216,0.550459,0.494505,0.598039,0.561224,0.626087,0.458824,0.669903,0.639175,0.712871,0.59596,0.517241,0.504425,0.659574,0.603774,0.514563,0.659794,0.515152,0.524752,
71600,0.663158,0.580952,0.669903,0.628866,0.596154,0.604167,0.545455,0.633663,0.623762,0.535354,0.648936,0.59434,0.590164,0.705128,0.557692,0.625,0.596491,0.651163,0.605505,0.56044,0.60396,0.616162,0.561224,0.607843,0.5625,0.586538,0.631068,0.587629,0.53,0.66,0.556701,0.495146,0.59633,0.582418,0.583333,0.548077,0.56,0.66,0.576577,0.617978,0.651786,0.556818,0.669903,0.649485,0.479167,0.586538,0.61165,0.597938,0.633929,0.602273,0.59596,0.613861,0.633663,0.585859,0.566667,0.618182,0.537634,0.607477,0.666667,0.682243,0.602041,0.568627,0.548387,0.700935,0.619048,0.536842,0.637363,0.541284,0.568182,0.544643,0.561905,0.694737,0.605769,0.604167,0.6,0.55,0.580952,0.463158,0.553398,0.628866,0.557895,0.590476,0.641509,0.659574,0.560748,0.612903,0.582524,0.505155,0.585106,0.641509,0.693694,0.606742,0.494505,0.577982,0.675926,0.554348,0.645833,0.576923,0.634409,0.579439,
71800,0.596491,0.55814,0.666667,0.631579,0.636364,0.511111,0.606061,0.613861,0.641509,0.691489,0.673469,0.509804,0.607477,0.580645,0.574468,0.59434,0.60396,0.69697,0.595745,0.613208,0.59,0.62,0.660194,0.690722,0.607843,0.642857,0.685714,0.589474,0.585106,0.641509,0.692308,0.572917,0.56,0.59,0.648936,0.622642,0.657658,0.629213,0.663462,0.677083,0.616071,0.625,0.614583,0.576923,0.553398,0.608247,0.613861,0.59596,0.581818,0.577778,0.608247,0.669903,0.634615,0.5625,0.686275,0.591837,0.580645,0.560748,0.682243,0.548387,0.575758,0.574257,0.677083,0.548077,0.554217,0.632479,0.588889,0.627273,0.632653,0.558824,0.615385,0.642202,0.68932,0.690722,0.622807,0.639535,0.578947,0.628571,0.575472,0.585106,0.574257,0.585859,0.583333,0.538462,0.568421,0.533333,0.63,0.56,0.567568,0.651685,0.726415,0.648936,0.63,0.57,0.616071,0.625,0.572816,0.752577,0.566038,0.638298,
72000,0.598039,0.55102,0.68932,0.57732,0.701031,0.524272,0.651786,0.602273,0.646465,0.613861,0.616822,0.645161,0.633663,0.606061,0.588235,0.602041,0.591837,0.598039,0.638095,0.610526,0.617647,0.602041,0.637363,0.724771,0.579439,0.612903,0.615385,0.666667,0.634783,0.611765,0.707317,0.677966,0.590476,0.6,0.639175,0.61165,0.631068,0.587629,0.745283,0.553191,0.525773,0.524272,0.45283,0.606383,0.607843,0.591837,0.634615,0.65625,0.442308,0.666667,0.604396,0.577982,0.68,0.59,0.607843,0.632653,0.571429,0.536842,0.586538,0.708333,0.602151,0.64486,0.601852,0.684783,0.610619,0.632184,0.632653,0.656863,0.644444,0.627273,0.552083,0.625,0.569892,0.682243,0.597938,0.601942,0.53,0.54,0.619565,0.666667,0.653846,0.572917,0.66,0.66,0.57732,0.728155,0.564815,0.771739,0.640449,0.585586,0.586538,0.614583,0.59434,0.510638,0.673684,0.619048,0.630631,0.561798,0.636364,0.669643,
72200,0.645833,0.528846,0.605769,0.59375,0.622449,0.637255,0.602151,0.588785,0.579832,0.679012,0.60241,0.649573,0.679612,0.608247,0.663043,0.564815,0.634409,0.691589,0.683673,0.558824,0.484848,0.653465,0.615385,0.729167,0.5,0.458333,0.563636,0.544444,0.590909,0.655556,0.580645,0.457944,0.57732,0.61165,0.58,0.66,0.574257,0.575758,0.623762,0.626263,0.592233,0.515464,0.510638,0.688679,0.538462,0.651376,0.542373,0.609756,0.536842,0.657143,0.598039,0.602041,0.617978,0.531532,0.607843,0.602041,0.60396,0.646465,0.59,0.7,0.578431,0.632653,0.547368,0.657143,0.533333,0.463158,0.647059,0.581633,0.541667,0.567308,0.644231,0.677083,0.566038,0.659574,0.650485,0.628866,0.625,0.552083,0.563107,0.618557,0.650485,0.597938,0.595745,0.556604,0.516129,0.560748,0.638298,0.669811,0.663636,0.611111,0.673267,0.656566,0.559633,0.505495,0.578431,0.561224,0.580952,0.694737,0.651685,0.621622,
72400,0.632184,0.486726,0.649123,0.616279,0.632653,0.656863,0.59633,0.571429,0.697674,0.631579,0.564356,0.575758,0.571429,0.627451,0.516129,0.542056,0.53271,0.591398,0.653465,0.525253,0.6,0.609524,0.568627,0.602041,0.540541,0.595506,0.618557,0.68932,0.584906,0.638298,0.566038,0.574468,0.660714,0.590909,0.530612,0.617647,0.653061,0.54902,0.647059,0.632653,0.568807,0.626374,0.59596,0.673267,0.540816,0.54902,0.556522,0.564706,0.607477,0.526882,0.574468,0.632075,0.688679,0.478723,0.685185,0.532609,0.60396,0.535354,0.618557,0.640777,0.689655,0.511905,0.645833,0.634615,0.636364,0.577778,0.714286,0.578947,0.675676,0.606742,0.670213,0.584906,0.608696,0.611111,0.571429,0.6,0.619048,0.526316,0.53125,0.653846,0.618557,0.601942,0.58,0.62,0.612903,0.719626,0.612245,0.637255,0.623762,0.616162,0.650943,0.638298,0.575758,0.584158,0.619048,0.684211,0.495413,0.56044,0.656863,0.612245,
72600,0.564356,0.545455,0.509615,0.614583,0.549451,0.550459,0.688889,0.545455,0.59633,0.692308,0.603774,0.680851,0.614583,0.634615,0.588235,0.540816,0.611765,0.617391,0.612903,0.654206,0.652632,0.647619,0.632075,0.56383,0.621359,0.670103,0.598039,0.704082,0.637168,0.689655,0.444444,0.653465,0.52381,0.589474,0.529412,0.612245,0.537736,0.553191,0.456311,0.659794,0.619048,0.663158,0.505155,0.572816,0.53125,0.605769,0.444444,0.544554,0.592233,0.762887,0.55102,0.637255,0.686047,0.535088,0.578947,0.619048,0.6,0.628571,0.575758,0.633663,0.62766,0.59434,0.520408,0.656863,0.538462,0.642202,0.617021,0.54717,0.626263,0.564356,0.557522,0.678161,0.568182,0.642857,0.657143,0.694737,0.546296,0.565217,0.613636,0.633929,0.59633,0.549451,0.615385,0.520833,0.60396,0.626263,0.582524,0.628866,0.570093,0.548387,0.578947,0.552381,0.495327,0.548387,0.524752,0.69697,0.653465,0.555556,0.561798,0.63964,
72800,0.660194,0.505155,0.696078,0.561224,0.554455,0.646465,0.485437,0.597938,0.590476,0.526316,0.587629,0.592233,0.59375,0.663462,0.5625,0.528846,0.622807,0.627907,0.647619,0.6,0.595506,0.666667,0.596639,0.506173,0.589474,0.6,0.637255,0.663265,0.494382,0.63964,0.55102,0.607843,0.669903,0.639175,0.515152,0.60396,0.576923,0.635417,0.621359,0.690722,0.677778,0.609091,0.53125,0.663462,0.44186,0.657895,0.601942,0.597938,0.602151,0.560748,0.609524,0.6,0.63,0.59,0.540816,0.676471,0.618557,0.679612,0.56,0.64,0.528846,0.572917,0.626263,0.693069,0.699029,0.597938,0.719626,0.526882,0.71134,0.640777,0.561905,0.557895,0.605505,0.626374,0.611111,0.597826,0.712766,0.584906,0.642202,0.637363,0.548077,0.635417,0.527473,0.66055,0.545455,0.633333,0.588785,0.677419,0.609524,0.589474,0.637255,0.571429,0.545455,0.584158,0.631579,0.590476,0.65,0.58,0.578947,0.571429,
73000,0.59633,0.549451,0.630435,0.555556,0.670455,0.5625,0.642857,0.588235,0.585586,0.606742,0.708333,0.615385,0.612903,0.682243,0.566038,0.617021,0.677083,0.596154,0.612903,0.514019,0.530612,0.588235,0.646552,0.619048,0.491228,0.627907,0.639535,0.605263,0.550459,0.593407,0.583333,0.605769,0.605769,0.697917,0.518182,0.566667,0.705882,0.683673,0.564356,0.686869,0.62963,0.586957,0.652632,0.590476,0.594059,0.575758,0.577778,0.572727,0.632653,0.54902,0.62,0.63,0.588785,0.591398,0.646018,0.597701,0.612245,0.519608,0.580952,0.610526,0.640777,0.57732,0.623853,0.615385,0.591837,0.529412,0.586957,0.62963,0.666667,0.448598,0.657407,0.586957,0.646465,0.60396,0.712871,0.666667,0.65,0.58,0.570093,0.473118,0.522222,0.636364,0.592233,0.556701,0.628319,0.655172,0.625,0.583333,0.621359,0.639175,0.627451,0.663265,0.473118,0.542056,0.690909,0.577778,0.558824,0.653061,0.574074,0.576087,
73200,0.676471,0.591837,0.71028,0.580645,0.550562,0.558559,0.656863,0.520408,0.604651,0.570175,0.666667,0.619565,0.669725,0.681319,0.670588,0.643478,0.602151,0.570093,0.742268,0.640777,0.598039,0.55102,0.504673,0.623656,0.546392,0.582524,0.54,0.66,0.568627,0.632653,0.697248,0.571429,0.52,0.64,0.636364,0.554455,0.637931,0.559524,0.563107,0.670103,0.580645,0.635514,0.585859,0.633663,0.613208,0.744681,0.591837,0.607843,0.605505,0.516484,0.565217,0.62037,0.65625,0.509615,0.598039,0.632653,0.585106,0.54717,0.52,0.54,0.545455,0.577778,0.684783,0.574074,0.572917,0.586538,0.62,0.62,0.655914,0.560748,0.647619,0.621053,0.605769,0.729167,0.596154,0.645833,0.565657,0.633663,0.544444,0.663636,0.566667,0.563636,0.585859,0.663366,0.582418,0.623853,0.65,0.56,0.526316,0.666667,0.595745,0.650943,0.631068,0.56701,0.674157,0.54955,0.460674,0.594595,0.590476,0.568421,
73400,0.65625,0.509615,0.649485,0.553398,0.614679,0.56044,0.541667,0.596154,0.62963,0.630435,0.642105,0.561905,0.585106,0.660377,0.616162,0.544554,0.589474,0.609524,0.606742,0.558559,0.588889,0.627273,0.495413,0.67033,0.6,0.6,0.571429,0.631579,0.565657,0.60396,0.61165,0.587629,0.623762,0.555556,0.537736,0.585106,0.568421,0.638095,0.597938,0.640777,0.56,0.57,0.523364,0.677419,0.516484,0.752294,0.579545,0.526786,0.598131,0.655914,0.565217,0.657407,0.660377,0.56383,0.533333,0.684211,0.563636,0.488889,0.578431,0.704082,0.6,0.589474,0.59292,0.655172,0.594595,0.58427,0.580645,0.579439,0.666667,0.643564,0.67619,0.589474,0.61165,0.57732,0.57,0.59,0.56962,0.578512,0.57,0.6,0.6,0.511111,0.633663,0.525253,0.640449,0.684685,0.6,0.578947,0.69,0.63,0.675926,0.608696,0.509615,0.541667,0.655914,0.53271,0.623656,0.607477,0.606061,0.633663,
73600,0.569767,0.508772,0.628866,0.563107,0.505747,0.619469,0.625,0.596154,0.56701,0.582524,0.704082,0.54902,0.686869,0.60396,0.568421,0.504762,0.5,0.565217,0.677419,0.551402,0.524752,0.636364,0.614583,0.586538,0.583333,0.630435,0.655914,0.616822,0.652893,0.607595,0.514851,0.69697,0.558824,0.602041,0.511628,0.535088,0.535714,0.602273,0.529412,0.561224,0.647059,0.520408,0.577778,0.581818,0.614583,0.576923,0.705263,0.542857,0.60396,0.535354,0.518868,0.606383,0.610526,0.52381,0.673913,0.62963,0.585106,0.603774,0.473684,0.651163,0.647059,0.602041,0.673469,0.637255,0.59596,0.564356,0.666667,0.609091,0.714286,0.568421,0.584906,0.553191,0.697917,0.605769,0.584158,0.656566,0.602151,0.551402,0.581818,0.633333,0.612245,0.598039,0.70297,0.656566,0.536842,0.580952,0.555556,0.565217,0.571429,0.587156,0.62037,0.565217,0.53,0.62,0.615385,0.635417,0.670732,0.627119,0.55914,0.626168,
73800,0.637255,0.591837,0.568627,0.5,0.587156,0.582418,0.635417,0.644231,0.666667,0.534884,0.646465,0.613861,0.594059,0.666667,0.615385,0.541667,0.594059,0.666667,0.616162,0.653465,0.635514,0.634409,0.609524,0.694737,0.634615,0.65625,0.643564,0.666667,0.611111,0.630435,0.666667,0.615385,0.614035,0.604651,0.525773,0.601942,0.619565,0.564815,0.55,0.62,0.582418,0.651376,0.553191,0.688679,0.612245,0.578431,0.510417,0.557692,0.602041,0.598039,0.597826,0.601852,0.569767,0.5,0.58427,0.612613,0.55,0.56,0.56044,0.541284,0.621359,0.670103,0.618182,0.633333,0.598131,0.655914,0.574468,0.54717,0.670213,0.613208,0.625,0.659091,0.62,0.62,0.602041,0.627451,0.63964,0.426966,0.605769,0.604167,0.59,0.52,0.548077,0.5625,0.587156,0.626374,0.59596,0.524752,0.68932,0.659794,0.677083,0.644231,0.519608,0.663265,0.607477,0.569892,0.566372,0.666667,0.680412,0.631068,
74000,0.553398,0.453608,0.672269,0.54321,0.71875,0.596154,0.494624,0.588785,0.605263,0.581395,0.623762,0.666667,0.719512,0.669492,0.584746,0.670732,0.625,0.6875,0.619565,0.564815,0.6,0.72,0.519608,0.632653,0.537736,0.574468,0.630952,0.62069,0.518868,0.648936,0.618557,0.563107,0.473684,0.685714,0.602041,0.686275,0.580952,0.621053,0.666667,0.612245,0.58,0.64,0.590476,0.747368,0.575472,0.585106,0.630631,0.640449,0.635417,0.653846,0.561905,0.589474,0.690909,0.622222,0.60396,0.575758,0.560748,0.623656,0.54902,0.612245,0.59322,0.573171,0.613861,0.636364,0.65,0.58,0.552083,0.576923,0.568627,0.581633,0.526316,0.647619,0.59375,0.615385,0.625,0.715909,0.54902,0.632653,0.637255,0.622449,0.633333,0.554545,0.623762,0.606061,0.696078,0.642857,0.678161,0.619469,0.529915,0.674699,0.62,0.59,0.568627,0.540816,0.622642,0.585106,0.570093,0.698925,0.571429,0.673684,
74200,0.490741,0.543478,0.617021,0.622642,0.532609,0.62037,0.559633,0.593407,0.700935,0.591398,0.613208,0.553191,0.631579,0.685714,0.586957,0.740741,0.655914,0.598131,0.604396,0.522936,0.598039,0.693878,0.484848,0.613861,0.638298,0.584906,0.626263,0.673267,0.575758,0.564356,0.571429,0.519608,0.578431,0.744898,0.605769,0.552083,0.585106,0.556604,0.649123,0.534884,0.655172,0.575221,0.674157,0.603604,0.675439,0.697674,0.726415,0.553191,0.553571,0.659091,0.55,0.61,0.653061,0.598039,0.554455,0.646465,0.48,0.5,0.632653,0.617647,0.558824,0.561224,0.610526,0.647619,0.669903,0.670103,0.588235,0.55102,0.741573,0.54955,0.655914,0.616822,0.587629,0.708738,0.718447,0.649485,0.616162,0.594059,0.590909,0.644444,0.715686,0.561224,0.505263,0.485714,0.571429,0.602273,0.656566,0.584158,0.601942,0.56701,0.584906,0.648936,0.509804,0.602041,0.607477,0.612903,0.686869,0.544554,0.590909,0.580357,
74400,0.553398,0.515464,0.64,0.52,0.570093,0.526882,0.602273,0.526786,0.505051,0.514851,0.638095,0.6,0.529412,0.591837,0.669725,0.43956,0.617021,0.641509,0.675676,0.573034,0.510417,0.615385,0.570093,0.580645,0.59596,0.544554,0.59434,0.595745,0.648936,0.641509,0.656566,0.60396,0.673469,0.558824,0.618557,0.631068,0.458333,0.692308,0.628571,0.652632,0.489362,0.603774,0.575472,0.734043,0.592593,0.576087,0.563636,0.577778,0.54,0.62,0.59596,0.663366,0.594059,0.59596,0.663043,0.601852,0.550459,0.571429,0.535714,0.636364,0.67619,0.642105,0.589474,0.657143,0.524272,0.597938,0.696078,0.591837,0.602151,0.682243,0.514286,0.610526,0.612245,0.607843,0.686869,0.60396,0.590476,0.6,0.603774,0.680851,0.688889,0.490909,0.531915,0.575472,0.635514,0.580645,0.55914,0.654206,0.590909,0.644444,0.67,0.63,0.626263,0.524752,0.679612,0.639175,0.636364,0.623762,0.597826,0.555556,
74600,0.602151,0.551402,0.648148,0.565217,0.585106,0.660377,0.594059,0.626263,0.582418,0.541284,0.592593,0.586957,0.68,0.68,0.618182,0.566667,0.628571,0.557895,0.595745,0.603774,0.555556,0.597826,0.596154,0.65625,0.57732,0.660194,0.59434,0.659574,0.684783,0.62963,0.604396,0.568807,0.425532,0.679245,0.552381,0.621053,0.63,0.72,0.608696,0.62037,0.619565,0.555556,0.595745,0.632075,0.607843,0.612245,0.655556,0.654545,0.66055,0.659341,0.594059,0.606061,0.695238,0.494737,0.648936,0.650943,0.606383,0.537736,0.59,0.67,0.570093,0.580645,0.544643,0.647727,0.56044,0.651376,0.602041,0.54902,0.680412,0.640777,0.627451,0.612245,0.626263,0.643564,0.659574,0.613208,0.622642,0.62766,0.601942,0.639175,0.653465,0.626263,0.596154,0.614583,0.612245,0.607843,0.541667,0.605769,0.653846,0.645833,0.634783,0.576471,0.544643,0.613636,0.602041,0.598039,0.632075,0.56383,0.548387,0.626168,
74800,0.6,0.590476,0.68,0.55,0.65,0.6,0.60241,0.547009,0.706422,0.571429,0.58,0.62,0.672897,0.709677,0.62,0.62,0.565217,0.592593,0.613208,0.478723,0.682692,0.583333,0.625,0.579545,0.563107,0.618557,0.695238,0.621053,0.538462,0.559633,0.65812,0.506024,0.621359,0.680412,0.648148,0.543478,0.663158,0.657143,0.742857,0.610526,0.682353,0.591304,0.538462,0.642202,0.521277,0.603774,0.588235,0.622449,0.604396,0.504587,0.689655,0.539823,0.655556,0.590909,0.538462,0.587156,0.516129,0.53271,0.666667,0.543478,0.565657,0.613861,0.587629,0.631068,0.625,0.636364,0.557692,0.53125,0.642105,0.638095,0.623853,0.637363,0.6,0.578947,0.653846,0.583333,0.511111,0.581818,0.634615,0.59375,0.548077,0.510417,0.574468,0.59434,0.669725,0.615385,0.733333,0.6,0.625,0.635417,0.590476,0.663158,0.593407,0.495413,0.633333,0.6,0.533333,0.642105,0.666667,0.571429,
75000,0.595238,0.534483,0.627907,0.622807,0.450549,0.623853,0.6,0.68,0.602041,0.607843,0.631068,0.556701,0.574257,0.636364,0.65,0.69,0.553191,0.603774,0.675439,0.546512,0.633663,0.565657,0.61,0.61,0.511364,0.571429,0.666667,0.615385,0.645161,0.607477,0.571429,0.54902,0.606383,0.566038,0.5,0.617021,0.621359,0.618557,0.631068,0.556701,0.51087,0.648148,0.557895,0.647619,0.642105,0.638095,0.61165,0.56701,0.591837,0.696078,0.53211,0.604396,0.572727,0.644444,0.515152,0.673267,0.557895,0.571429,0.733333,0.642105,0.607843,0.693878,0.596154,0.59375,0.617391,0.564706,0.545455,0.613861,0.585859,0.554455,0.546296,0.597826,0.529412,0.695652,0.55,0.57,0.588785,0.473118,0.539326,0.666667,0.541667,0.596154,0.606383,0.679245,0.580952,0.568421,0.576087,0.62963,0.630435,0.537037,0.59434,0.574468,0.607843,0.459184,0.61165,0.618557,0.591304,0.658824,0.611765,0.634783,
75200,0.542857,0.547368,0.585106,0.54717,0.597938,0.466019,0.567308,0.447917,0.572917,0.538462,0.635514,0.473118,0.625,0.6875,0.648936,0.566038,0.645161,0.738318,0.6,0.554545,0.6,0.561905,0.559633,0.67033,0.515789,0.67619,0.659574,0.537736,0.64486,0.55914,0.654206,0.494624,0.59375,0.567308,0.533333,0.684211,0.511628,0.561404,0.632075,0.595745,0.637255,0.602041,0.554455,0.555556,0.608247,0.61165,0.555556,0.630435,0.510417,0.673077,0.460784,0.510204,0.625,0.634615,0.591398,0.691589,0.647619,0.526316,0.71028,0.612903,0.480769,0.583333,0.631579,0.6,0.589474,0.6,0.563636,0.566667,0.590909,0.535714,0.581818,0.611111,0.576087,0.675926,0.656863,0.591837,0.567568,0.573034,0.616822,0.55914,0.638889,0.652174,0.546392,0.553398,0.625,0.544643,0.689655,0.72619,0.6,0.69,0.648352,0.669725,0.582609,0.564706,0.656566,0.564356,0.620253,0.702479,0.451613,0.579439,
75400,0.489583,0.596154,0.568421,0.628571,0.640777,0.556701,0.552381,0.505263,0.656863,0.561224,0.590909,0.655556,0.621359,0.649485,0.593407,0.59633,0.652174,0.601852,0.673469,0.519608,0.56383,0.5,0.62963,0.663043,0.605769,0.65625,0.669811,0.595745,0.504348,0.623529,0.607477,0.44086,0.669725,0.516484,0.686869,0.60396,0.568807,0.593407,0.712766,0.603774,0.650485,0.515464,0.543478,0.564815,0.59434,0.648936,0.60396,0.646465,0.6,0.609524,0.627273,0.655556,0.666667,0.616822,0.704082,0.637255,0.494737,0.590476,0.530435,0.658824,0.563218,0.646018,0.683673,0.578431,0.676471,0.653061,0.601942,0.556701,0.650485,0.57732,0.572816,0.639175,0.616162,0.722772,0.54,0.67,0.598039,0.602041,0.489583,0.596154,0.576471,0.6,0.565217,0.62037,0.626168,0.666667,0.637168,0.597701,0.619048,0.631579,0.684211,0.6,0.526316,0.609524,0.631579,0.639535,0.614583,0.653846,0.519608,0.602041,
75600,0.682692,0.510417,0.631068,0.57732,0.57732,0.601942,0.581818,0.666667,0.641667,0.65,0.62069,0.637168,0.647619,0.547368,0.535088,0.581395,0.571429,0.705882,0.686869,0.633663,0.635417,0.615385,0.548387,0.607477,0.545455,0.574257,0.673684,0.619048,0.617978,0.522523,0.582524,0.556701,0.563107,0.618557,0.608247,0.592233,0.556818,0.535714,0.658537,0.610169,0.551402,0.516129,0.653061,0.637255,0.660194,0.690722,0.606383,0.613208,0.472527,0.642202,0.644231,0.53125,0.555556,0.536364,0.594059,0.565657,0.557692,0.625,0.58,0.64,0.636364,0.644444,0.56701,0.61165,0.666667,0.534653,0.561224,0.558824,0.568966,0.52381,0.663551,0.602151,0.53271,0.602151,0.622642,0.62766,0.567568,0.573034,0.584158,0.636364,0.686275,0.479592,0.607843,0.653061,0.583333,0.576087,0.607477,0.55914,0.515152,0.673267,0.494382,0.567568,0.510417,0.557692,0.692308,0.677083,0.494737,0.657143,0.57,0.6,
75800,0.607143,0.534091,0.634615,0.552083,0.604167,0.596154,0.581633,0.490196,0.614035,0.604651,0.578947,0.52381,0.62963,0.630435,0.515152,0.623762,0.655914,0.588785,0.636364,0.50495,0.560976,0.584746,0.650485,0.680412,0.571429,0.588235,0.666667,0.663551,0.638298,0.669811,0.566667,0.581818,0.636364,0.574257,0.588235,0.495652,0.548387,0.654206,0.557692,0.5625,0.692308,0.5625,0.552941,0.686957,0.601942,0.628866,0.603774,0.595745,0.510638,0.641509,0.567308,0.5625,0.697917,0.538462,0.626263,0.613861,0.579545,0.598214,0.550562,0.54955,0.633028,0.593407,0.569892,0.616822,0.679612,0.628866,0.686869,0.544554,0.648936,0.518868,0.527778,0.586957,0.5,0.552083,0.663366,0.69697,0.564356,0.535354,0.55914,0.560748,0.686275,0.622449,0.534653,0.585859,0.606383,0.59434,0.548387,0.635514,0.568182,0.625,0.659574,0.622642,0.504202,0.604938,0.626263,0.60396,0.644231,0.635417,0.538462,0.53125,
76000,0.572917,0.461538,0.613861,0.606061,0.588889,0.572727,0.6,0.638095,0.533333,0.581818,0.636364,0.663366,0.586538,0.552083,0.735632,0.610619,0.565657,0.623762,0.637255,0.581633,0.564356,0.717172,0.558824,0.581633,0.570093,0.731183,0.657143,0.621053,0.53125,0.528846,0.663636,0.544444,0.533898,0.707317,0.568627,0.591837,0.587156,0.648352,0.67619,0.547368,0.588235,0.641975,0.606061,0.584158,0.690265,0.632184,0.490196,0.612245,0.632075,0.638298,0.663636,0.644444,0.526882,0.551402,0.56701,0.533981,0.617021,0.59434,0.640351,0.639535,0.588785,0.677419,0.642857,0.594828,0.672897,0.569892,0.598039,0.591837,0.581395,0.526316,0.642857,0.637255,0.56,0.62,0.663717,0.62069,0.56701,0.504854,0.598039,0.591837,0.50495,0.505051,0.68,0.54,0.666667,0.631579,0.631068,0.608247,0.56,0.53,0.677419,0.588785,0.583333,0.615385,0.614679,0.593407,0.571429,0.678899,0.566038,0.56383,
76200,0.574257,0.535354,0.553571,0.522727,0.584906,0.659574,0.559633,0.637363,0.63,0.64,0.645455,0.566667,0.554455,0.616162,0.644231,0.604167,0.6,0.55,0.659574,0.613208,0.574713,0.610619,0.653846,0.614583,0.602273,0.625,0.701031,0.533981,0.623932,0.674699,0.651685,0.540541,0.552381,0.557895,0.6,0.59,0.561224,0.666667,0.642105,0.619048,0.584906,0.574468,0.575758,0.574257,0.55102,0.529412,0.639175,0.640777,0.678161,0.566372,0.549451,0.651376,0.684211,0.495238,0.54717,0.712766,0.479592,0.5,0.585859,0.722772,0.54,0.6,0.572727,0.722222,0.585859,0.574257,0.67033,0.541284,0.568421,0.533333,0.567568,0.662921,0.536082,0.660194,0.617647,0.755102,0.621359,0.56701,0.653061,0.666667,0.521277,0.603774,0.622222,0.6,0.568807,0.538462,0.608247,0.601942,0.617978,0.603604,0.540816,0.568627,0.553571,0.613636,0.617021,0.584906,0.61,0.55,0.61165,0.608247,
76400,0.553398,0.453608,0.635294,0.573913,0.577778,0.709091,0.638298,0.641509,0.649485,0.669903,0.584158,0.575758,0.623656,0.551402,0.520833,0.625,0.650602,0.615385,0.666667,0.608696,0.62069,0.619469,0.683168,0.616162,0.530612,0.568627,0.673267,0.69697,0.75,0.758929,0.721154,0.625,0.654762,0.612069,0.663551,0.591398,0.645833,0.615385,0.645833,0.519231,0.692308,0.6875,0.630435,0.657407,0.638095,0.6,0.566038,0.542553,0.533333,0.545455,0.5625,0.673077,0.613208,0.691489,0.553191,0.679245,0.581395,0.587719,0.521277,0.613208,0.552381,0.557895,0.628571,0.589474,0.669725,0.549451,0.656863,0.489796,0.625,0.552083,0.569767,0.657895,0.653465,0.59596,0.678899,0.582418,0.537736,0.574468,0.514563,0.515464,0.660714,0.681818,0.577778,0.572727,0.59,0.66,0.609524,0.621053,0.590476,0.578947,0.699029,0.628866,0.527778,0.478261,0.59,0.59,0.656863,0.642857,0.584906,0.617021,
76600,0.618557,0.533981,0.5,0.638889,0.597701,0.646018,0.674157,0.504505,0.572816,0.536082,0.552381,0.589474,0.64,0.66,0.548387,0.523364,0.628866,0.631068,0.614679,0.593407,0.537815,0.666667,0.645455,0.611111,0.652632,0.590476,0.695238,0.6,0.706422,0.67033,0.58,0.51,0.65625,0.605769,0.54902,0.591837,0.628571,0.6,0.626263,0.693069,0.537736,0.585106,0.666667,0.584158,0.614679,0.659341,0.528846,0.53125,0.586207,0.642857,0.587629,0.553398,0.534653,0.555556,0.53211,0.692308,0.557692,0.5625,0.576087,0.611111,0.626263,0.633663,0.673077,0.666667,0.673077,0.510417,0.663462,0.625,0.645161,0.598131,0.605769,0.65625,0.579439,0.634409,0.655914,0.616822,0.543478,0.648148,0.568807,0.571429,0.640777,0.536082,0.616162,0.524752,0.68,0.65,0.637363,0.59633,0.596154,0.489583,0.571429,0.610526,0.494845,0.631068,0.638889,0.673913,0.54717,0.691489,0.585859,0.485149,
76800,0.568421,0.514286,0.6,0.504348,0.617391,0.552941,0.586957,0.574074,0.606061,0.623762,0.610526,0.609524,0.680412,0.718447,0.586538,0.583333,0.683673,0.578431,0.544444,0.663636,0.702128,0.688679,0.61,0.65,0.62,0.63,0.598131,0.505376,0.604167,0.548077,0.666667,0.564356,0.67,0.58,0.669565,0.552941,0.651786,0.579545,0.585586,0.550562,0.652174,0.601852,0.586538,0.625,0.598214,0.579545,0.648148,0.521739,0.608696,0.62963,0.6875,0.528846,0.59633,0.571429,0.541667,0.586538,0.68932,0.56701,0.6,0.695238,0.686869,0.673267,0.650943,0.638298,0.632653,0.5,0.59633,0.593407,0.666667,0.547368,0.597826,0.62963,0.571429,0.673684,0.673077,0.510417,0.663366,0.616162,0.516129,0.64486,0.604651,0.535088,0.673077,0.572917,0.685714,0.621053,0.653061,0.558824,0.604167,0.596154,0.72,0.64,0.54386,0.581395,0.617021,0.59434,0.489362,0.641509,0.60396,0.535354,
77000,0.689655,0.52381,0.556701,0.582524,0.610526,0.638095,0.576923,0.541667,0.565657,0.514851,0.475728,0.639175,0.575758,0.693069,0.564356,0.666667,0.632653,0.666667,0.648148,0.554348,0.614679,0.626374,0.53125,0.653846,0.597826,0.685185,0.636364,0.644444,0.673267,0.646465,0.552083,0.634615,0.515789,0.619048,0.539216,0.632653,0.56,0.68,0.494624,0.579439,0.638095,0.694737,0.597826,0.5,0.587629,0.563107,0.5875,0.65,0.582418,0.669725,0.544554,0.59596,0.692308,0.504587,0.61165,0.659794,0.625,0.666667,0.663043,0.666667,0.522936,0.747253,0.637363,0.66055,0.633663,0.575758,0.586538,0.572917,0.581633,0.5,0.572816,0.608247,0.541667,0.653846,0.639175,0.524272,0.579439,0.645161,0.524752,0.626263,0.563218,0.628319,0.653061,0.598039,0.53125,0.576923,0.575472,0.595745,0.632653,0.617647,0.516129,0.523364,0.531915,0.641509,0.636364,0.594059,0.613636,0.651786,0.607843,0.612245,
77200,0.645161,0.560748,0.59,0.64,0.5625,0.681818,0.58,0.53,0.587629,0.582524,0.572917,0.644231,0.617021,0.613208,0.569892,0.588785,0.637255,0.673469,0.67619,0.547368,0.575758,0.673267,0.695238,0.652632,0.682692,0.583333,0.6875,0.590909,0.631068,0.56701,0.616071,0.568182,0.626168,0.634409,0.67,0.6,0.660194,0.618557,0.628866,0.582524,0.648352,0.669725,0.513274,0.609195,0.544554,0.636364,0.59375,0.567308,0.592593,0.565217,0.476636,0.580645,0.6,0.6,0.577586,0.654762,0.704082,0.558824,0.629213,0.576577,0.625,0.669643,0.598214,0.534091,0.654867,0.632184,0.688679,0.680851,0.555556,0.627273,0.666667,0.605769,0.554455,0.606061,0.701923,0.604167,0.58427,0.657658,0.61165,0.597938,0.647619,0.621053,0.6,0.6,0.568421,0.638095,0.601942,0.57732,0.583333,0.625,0.70297,0.575758,0.509615,0.541667,0.681416,0.689655,0.635417,0.625,0.58427,0.522523,
77400,0.64,0.6,0.59,0.62,0.539216,0.530612,0.557692,0.645833,0.582524,0.670103,0.557895,0.647619,0.602041,0.627451,0.580645,0.616822,0.56701,0.61165,0.669565,0.611765,0.563636,0.6,0.543689,0.649485,0.56701,0.514563,0.657143,0.610526,0.59596,0.643564,0.56701,0.495146,0.46,0.65,0.568421,0.580952,0.525773,0.621359,0.651786,0.647727,0.64486,0.473118,0.479592,0.578431,0.598214,0.625,0.63,0.68,0.504854,0.628866,0.6,0.527273,0.649573,0.60241,0.576087,0.601852,0.556701,0.563107,0.616822,0.602151,0.669903,0.618557,0.572816,0.690722,0.594828,0.607143,0.623656,0.551402,0.602273,0.526786,0.62069,0.654867,0.553191,0.650943,0.613861,0.636364,0.590909,0.607143,0.527473,0.669725,0.673267,0.666667,0.582524,0.731959,0.604167,0.5,0.567568,0.550562,0.704762,0.621053,0.628866,0.708738,0.513761,0.593407,0.703704,0.608696,0.525253,0.653465,0.520833,0.586538,
77600,0.609091,0.533333,0.660714,0.465909,0.672897,0.55914,0.610619,0.574713,0.6,0.6,0.669725,0.615385,0.638298,0.745283,0.576923,0.5625,0.621951,0.567797,0.55,0.64,0.387097,0.607477,0.625,0.634615,0.63,0.6,0.6,0.545455,0.71028,0.709677,0.633663,0.545455,0.538462,0.59375,0.521277,0.641509,0.570093,0.580645,0.628866,0.650485,0.666667,0.565217,0.520833,0.759615,0.587629,0.640777,0.6,0.590909,0.535354,0.544554,0.554545,0.633333,0.580645,0.635514,0.573034,0.630631,0.584906,0.617021,0.639175,0.592233,0.62963,0.554348,0.605505,0.582418,0.578947,0.552381,0.609524,0.6,0.626374,0.559633,0.691589,0.548387,0.514851,0.555556,0.603774,0.585106,0.608696,0.611111,0.637255,0.622449,0.598039,0.744898,0.490196,0.642857,0.482759,0.725664,0.625,0.714286,0.607595,0.561983,0.655172,0.672566,0.552381,0.631579,0.563218,0.610619,0.603774,0.638298,0.642857,0.588235,
77800,0.605769,0.708333,0.626263,0.544554,0.568421,0.571429,0.653061,0.588235,0.660194,0.608247,0.633663,0.646465,0.56,0.61,0.646465,0.643564,0.58,0.54,0.606061,0.534653,0.56044,0.633028,0.640777,0.587629,0.638298,0.650943,0.598039,0.561224,0.621359,0.556701,0.509804,0.612245,0.581395,0.570175,0.541667,0.673077,0.541667,0.538462,0.585106,0.603774,0.633929,0.647727,0.50495,0.565657,0.642857,0.568627,0.566038,0.521277,0.631068,0.649485,0.574257,0.707071,0.614583,0.625,0.5,0.652174,0.657407,0.5,0.656863,0.602041,0.598214,0.659091,0.632184,0.716814,0.53211,0.582418,0.673469,0.598039,0.650943,0.56383,0.566038,0.56383,0.543689,0.680412,0.593407,0.541284,0.578947,0.580952,0.537037,0.619565,0.694737,0.638095,0.654206,0.526882,0.642857,0.693182,0.55914,0.598131,0.534653,0.606061,0.654545,0.677778,0.5,0.55,0.638298,0.622642,0.602041,0.637255,0.591398,0.570093,
78000,0.604396,0.550459,0.583333,0.576923,0.650943,0.56383,0.579545,0.580357,0.633663,0.636364,0.54717,0.531915,0.697674,0.701754,0.568421,0.6,0.631579,0.6,0.65625,0.548077,0.539216,0.602041,0.571429,0.610526,0.653846,0.5625,0.606383,0.528302,0.686869,0.514851,0.686869,0.49505,0.578431,0.602041,0.56701,0.533981,0.583333,0.608696,0.626374,0.614679,0.571429,0.54902,0.563107,0.649485,0.591837,0.598039,0.619048,0.484211,0.555556,0.630435,0.587719,0.616279,0.644231,0.65625,0.571429,0.577982,0.591837,0.558824,0.58,0.65,0.619565,0.638889,0.647619,0.642105,0.64486,0.569892,0.628319,0.574713,0.680412,0.621359,0.591304,0.741176,0.52,0.64,0.597826,0.611111,0.594059,0.676768,0.591398,0.64486,0.66,0.58,0.617021,0.669811,0.618182,0.655556,0.53271,0.612903,0.606838,0.590361,0.632653,0.686275,0.60396,0.515152,0.633028,0.549451,0.544554,0.616162,0.635294,0.608696,
78200,0.568421,0.580952,0.653846,0.666667,0.628866,0.582524,0.57732,0.533981,0.626087,0.682353,0.688889,0.6,0.481132,0.638298,0.6,0.568421,0.619565,0.62963,0.604167,0.625,0.621053,0.6,0.632075,0.659574,0.551724,0.637168,0.587156,0.549451,0.607477,0.645161,0.461538,0.614679,0.495146,0.587629,0.47561,0.661017,0.598131,0.666667,0.603604,0.651685,0.46729,0.645161,0.505051,0.693069,0.563107,0.57732,0.474747,0.623762,0.455446,0.707071,0.536842,0.561905,0.604396,0.513761,0.636364,0.673267,0.659794,0.621359,0.676471,0.653061,0.612245,0.568627,0.56701,0.601942,0.704545,0.651786,0.614583,0.490385,0.591398,0.46729,0.681319,0.669725,0.495146,0.659794,0.565657,0.633663,0.587629,0.582524,0.644628,0.531646,0.608696,0.611111,0.650943,0.574468,0.560748,0.505376,0.57732,0.61165,0.591837,0.666667,0.653846,0.635417,0.534653,0.494949,0.625,0.677083,0.608247,0.543689,0.585859,0.60396,
78400,0.686747,0.555556,0.647619,0.631579,0.535088,0.534884,0.544554,0.656566,0.605769,0.583333,0.546392,0.582524,0.468085,0.566038,0.515789,0.628571,0.584906,0.62766,0.602041,0.598039,0.570093,0.623656,0.588235,0.612245,0.655914,0.616822,0.653846,0.604167,0.610619,0.574713,0.49505,0.585859,0.533333,0.581818,0.5,0.576923,0.568807,0.43956,0.696078,0.72449,0.638889,0.456522,0.520408,0.72549,0.686869,0.584158,0.656863,0.653061,0.586538,0.59375,0.669903,0.556701,0.530435,0.6,0.528302,0.5,0.652174,0.555556,0.622642,0.617021,0.636364,0.49505,0.505495,0.697248,0.53125,0.576923,0.523256,0.649123,0.691489,0.566038,0.586538,0.614583,0.59375,0.567308,0.61165,0.71134,0.575758,0.574257,0.545455,0.60396,0.582524,0.639175,0.683673,0.627451,0.59,0.64,0.596154,0.572917,0.61,0.64,0.704762,0.631579,0.523364,0.494624,0.683673,0.598039,0.575472,0.62766,0.627451,0.653061,
78600,0.640777,0.515464,0.65,0.62,0.6,0.62,0.61165,0.515464,0.628866,0.514563,0.62766,0.528302,0.633663,0.646465,0.621053,0.52381,0.54023,0.530973,0.682353,0.556522,0.477876,0.712644,0.64,0.65,0.57732,0.728155,0.598039,0.663265,0.597938,0.699029,0.720721,0.561798,0.615385,0.697248,0.616822,0.602151,0.519231,0.65625,0.618557,0.699029,0.474227,0.504854,0.597938,0.572816,0.59375,0.625,0.540816,0.539216,0.548387,0.598131,0.62963,0.630435,0.561224,0.607843,0.488372,0.666667,0.584158,0.59596,0.602041,0.558824,0.565657,0.564356,0.669811,0.702128,0.6,0.495652,0.666667,0.581633,0.626263,0.633663,0.568182,0.598214,0.59434,0.56383,0.707547,0.56383,0.521739,0.638889,0.632653,0.647059,0.457143,0.547368,0.708333,0.480769,0.515152,0.633663,0.579545,0.625,0.636364,0.554455,0.708738,0.628866,0.509804,0.632653,0.621053,0.485714,0.54717,0.617021,0.557692,0.708333,
78800,0.575472,0.553191,0.626168,0.569892,0.652632,0.609524,0.638095,0.494737,0.546296,0.673913,0.612245,0.676471,0.636364,0.580357,0.552083,0.634615,0.62,0.64,0.603604,0.494382,0.592233,0.670103,0.585106,0.641509,0.58,0.59,0.63964,0.595506,0.564356,0.555556,0.598039,0.653061,0.690265,0.586207,0.559633,0.637363,0.673469,0.607843,0.727273,0.60396,0.579439,0.623656,0.6,0.58,0.683673,0.676471,0.59375,0.519231,0.566667,0.727273,0.638298,0.59434,0.622642,0.531915,0.563636,0.644444,0.586957,0.583333,0.485437,0.670103,0.663462,0.572917,0.71,0.66,0.528302,0.62766,0.745098,0.632653,0.688889,0.563636,0.548387,0.607477,0.460784,0.520408,0.598039,0.602041,0.631579,0.542857,0.53271,0.602151,0.587629,0.514563,0.518519,0.728261,0.510638,0.669811,0.596154,0.604167,0.663462,0.604167,0.692308,0.590361,0.595745,0.603774,0.659794,0.592233,0.6,0.609524,0.654545,0.577778,
79000,0.560345,0.47619,0.638889,0.565217,0.552381,0.568421,0.566265,0.529915,0.651376,0.626374,0.563636,0.611111,0.633663,0.656566,0.530612,0.637255,0.682353,0.652174,0.708333,0.528846,0.663043,0.62963,0.517241,0.690476,0.666667,0.632653,0.787611,0.678161,0.58,0.75,0.574257,0.626263,0.541667,0.596154,0.582524,0.618557,0.613861,0.636364,0.59633,0.549451,0.75,0.625,0.6,0.642105,0.590476,0.631579,0.653465,0.636364,0.66,0.62,0.611111,0.586957,0.642857,0.558824,0.607843,0.642857,0.6,0.54,0.558559,0.550562,0.636364,0.60396,0.625,0.673077,0.630435,0.537037,0.573034,0.558559,0.533333,0.621053,0.55102,0.686275,0.59375,0.576923,0.597938,0.601942,0.5,0.592593,0.521277,0.584906,0.54717,0.574468,0.621359,0.608247,0.6,0.741176,0.6,0.566667,0.642202,0.593407,0.598039,0.653061,0.59,0.58,0.736364,0.655556,0.545455,0.613861,0.537037,0.554348,
79200,0.601852,0.619565,0.54,0.61,0.695238,0.578947,0.490909,0.522222,0.617647,0.632653,0.589474,0.619048,0.635417,0.692308,0.618182,0.611111,0.543478,0.527778,0.755814,0.561404,0.515464,0.61165,0.617021,0.509434,0.564706,0.573913,0.557895,0.514286,0.645455,0.455556,0.62766,0.490566,0.663158,0.590476,0.533981,0.597938,0.662921,0.648649,0.628571,0.494737,0.640777,0.587629,0.616822,0.55914,0.645833,0.528846,0.580645,0.579439,0.54717,0.542553,0.612245,0.539216,0.752475,0.575758,0.616279,0.684211,0.580952,0.568421,0.695238,0.536842,0.648352,0.651376,0.609524,0.663158,0.642857,0.579545,0.606383,0.641509,0.578431,0.561224,0.585859,0.623762,0.618182,0.577778,0.693069,0.666667,0.52,0.61,0.557522,0.678161,0.650485,0.556701,0.519231,0.59375,0.617021,0.575472,0.634409,0.598131,0.589474,0.52381,0.587629,0.533981,0.44,0.57,0.666667,0.591837,0.67,0.65,0.612245,0.647059,
79400,0.63,0.45,0.64,0.62,0.60396,0.606061,0.577982,0.615385,0.637363,0.651376,0.489796,0.647059,0.577586,0.761905,0.666667,0.557522,0.655914,0.672897,0.714286,0.577982,0.539216,0.632653,0.606061,0.574257,0.574713,0.530973,0.714286,0.557895,0.59434,0.5,0.607477,0.451613,0.563107,0.597938,0.711538,0.572917,0.681319,0.605505,0.643564,0.575758,0.612245,0.647059,0.670213,0.660377,0.51087,0.5,0.553191,0.556604,0.710526,0.639535,0.6,0.655556,0.588235,0.530612,0.590476,0.6,0.673267,0.646465,0.589474,0.666667,0.54,0.56,0.608247,0.621359,0.561224,0.617647,0.622449,0.529412,0.588235,0.612245,0.62,0.6,0.447917,0.634615,0.538462,0.678899,0.51,0.5,0.621359,0.587629,0.622222,0.545455,0.591837,0.607843,0.5625,0.548077,0.561224,0.568627,0.611111,0.609091,0.58427,0.648649,0.574713,0.557522,0.663158,0.6,0.509615,0.520833,0.695238,0.610526,
79600,0.614583,0.480769,0.59434,0.606383,0.571429,0.525862,0.54717,0.62766,0.602041,0.72549,0.709677,0.626168,0.735294,0.72449,0.585106,0.641509,0.640449,0.612613,0.601942,0.536082,0.669903,0.639175,0.604167,0.538462,0.604167,0.586538,0.633333,0.654545,0.68932,0.525773,0.663462,0.572917,0.623529,0.547826,0.494624,0.598131,0.549451,0.669725,0.601852,0.586957,0.70297,0.636364,0.626263,0.623762,0.576577,0.629213,0.561224,0.558824,0.601852,0.554348,0.581633,0.568627,0.659574,0.518868,0.629213,0.648649,0.617647,0.561224,0.659574,0.622642,0.633028,0.637363,0.627273,0.655556,0.58427,0.504505,0.567308,0.59375,0.593023,0.605263,0.610526,0.714286,0.53125,0.576923,0.650485,0.597938,0.553398,0.56701,0.53125,0.509615,0.641509,0.553191,0.625,0.634615,0.581633,0.578431,0.583333,0.528846,0.61165,0.670103,0.616822,0.698925,0.590909,0.535714,0.574257,0.505051,0.619469,0.62069,0.578947,0.590476,
79800,0.6,0.571429,0.648936,0.556604,0.629213,0.603604,0.534653,0.626263,0.653465,0.575758,0.567308,0.635417,0.64486,0.580645,0.55102,0.578431,0.598039,0.734694,0.715789,0.638095,0.613861,0.676768,0.650943,0.659574,0.587629,0.631068,0.631068,0.659794,0.592233,0.608247,0.488889,0.518182,0.527778,0.554348,0.567568,0.595506,0.669811,0.606383,0.638889,0.608696,0.561905,0.568421,0.595745,0.613208,0.561798,0.576577,0.565217,0.62037,0.60396,0.616162,0.666667,0.579439,0.707547,0.680851,0.539216,0.561224,0.597403,0.536585,0.52381,0.715789,0.588889,0.627273,0.563025,0.765432,0.645833,0.605769,0.59,0.59,0.747664,0.548387,0.666667,0.615385,0.612903,0.635514,0.638889,0.576087,0.622449,0.558824,0.509615,0.65625,0.554348,0.601852,0.564356,0.59596,0.56,0.57,0.632653,0.598039,0.594059,0.59596,0.670588,0.678261,0.598039,0.479592,0.645833,0.596154,0.533333,0.509091,0.504762,0.568421,
80000,0.62,0.55,0.584158,0.555556,0.651685,0.594595,0.571429,0.647059,0.58,0.46,0.643678,0.522124,0.587629,0.679612,0.589474,0.561905,0.606383,0.603774,0.571429,0.568421,0.59633,0.626374,0.641509,0.659574,0.470588,0.55102,0.622449,0.745098,0.691489,0.59434,0.610526,0.52381,0.588235,0.581633,0.639175,0.601942,0.541667,0.586538,0.744681,0.54717,0.606061,0.544554,0.632479,0.60241,0.574713,0.619469,0.544643,0.545455,0.602041,0.558824,0.582524,0.597938,0.626263,0.50495,0.638298,0.632075,0.552381,0.578947,0.565217,0.657407,0.56,0.67,0.607143,0.659091,0.576923,0.65625,0.558559,0.550562,0.655914,0.635514,0.593407,0.642202,0.617647,0.591837,0.628866,0.621359,0.541667,0.596154,0.511628,0.54386,0.561905,0.610526,0.621053,0.647619,0.541284,0.648352,0.663636,0.588889,0.69,0.69,0.614583,0.653846,0.64486,0.580645,0.675214,0.650602,0.541667,0.567308,0.525773,0.533981,
80200,0.631068,0.57732,0.56383,0.669811,0.568421,0.6,0.556604,0.553191,0.550459,0.582418,0.606061,0.663366,0.5625,0.579545,0.49,0.7,0.653061,0.686275,0.625,0.65625,0.612613,0.651685,0.59,0.58,0.59375,0.557692,0.71875,0.557692,0.557895,0.590476,0.614583,0.519231,0.651163,0.640351,0.596154,0.65625,0.623853,0.659341,0.670103,0.582524,0.63,0.6,0.631579,0.6,0.647541,0.641026,0.6,0.536842,0.544444,0.636364,0.695652,0.638889,0.663043,0.546296,0.705882,0.693878,0.527778,0.565217,0.701754,0.627907,0.57732,0.601942,0.602041,0.558824,0.549451,0.577982,0.622449,0.54902,0.688073,0.538462,0.633929,0.704545,0.49505,0.656566,0.580645,0.588785,0.7,0.558333,0.588785,0.666667,0.548387,0.570093,0.635417,0.653846,0.672727,0.677778,0.663043,0.574074,0.525773,0.631068,0.679612,0.659794,0.5,0.583333,0.654545,0.611111,0.631579,0.542857,0.583333,0.576087,
80400,0.615385,0.489583,0.547368,0.561905,0.65625,0.663462,0.608696,0.62037,0.631579,0.604651,0.626087,0.694118,0.634409,0.626168,0.56383,0.575472,0.66,0.63,0.561905,0.610526,0.607477,0.55914,0.564356,0.535354,0.590909,0.517857,0.72,0.52,0.688172,0.607477,0.685393,0.567568,0.666667,0.663636,0.676768,0.534653,0.633929,0.613636,0.660714,0.590909,0.666667,0.49505,0.569892,0.607477,0.611111,0.690909,0.608247,0.466019,0.58427,0.567568,0.557895,0.6,0.673077,0.510417,0.643564,0.686869,0.543689,0.536082,0.541667,0.538462,0.57,0.64,0.653061,0.686275,0.558824,0.571429,0.707071,0.544554,0.535354,0.623762,0.57732,0.553398,0.565217,0.694444,0.656566,0.594059,0.526882,0.560748,0.535354,0.524752,0.663366,0.666667,0.663158,0.657143,0.5625,0.634615,0.54902,0.683673,0.528736,0.575221,0.489796,0.607843,0.552083,0.634615,0.689655,0.619469,0.53271,0.612903,0.601942,0.608247,
80600,0.626168,0.473118,0.546512,0.675439,0.451923,0.645833,0.575472,0.62766,0.576087,0.62037,0.579832,0.604938,0.670455,0.633929,0.513043,0.658824,0.663366,0.606061,0.59596,0.60396,0.543689,0.628866,0.655462,0.62963,0.598039,0.673469,0.684211,0.638095,0.617978,0.666667,0.666667,0.673469,0.669903,0.639175,0.603604,0.719101,0.65,0.64,0.626263,0.623762,0.591398,0.607477,0.621622,0.606742,0.609524,0.642105,0.657143,0.557895,0.585859,0.633663,0.539326,0.567568,0.677778,0.463636,0.652632,0.52381,0.55102,0.588235,0.615385,0.635417,0.611111,0.718182,0.619048,0.578947,0.643678,0.60177,0.666667,0.615385,0.629213,0.54955,0.638889,0.597826,0.588785,0.752688,0.675439,0.639535,0.657143,0.610526,0.679612,0.680412,0.663158,0.704762,0.69,0.65,0.553398,0.690722,0.609195,0.610619,0.575758,0.673267,0.613861,0.565657,0.6,0.578947,0.626374,0.522936,0.62037,0.554348,0.52809,0.594595,
80800,0.590476,0.484211,0.5,0.62766,0.591837,0.529412,0.663158,0.590476,0.650485,0.525773,0.688172,0.682243,0.616162,0.752475,0.572917,0.634615,0.634409,0.607477,0.711538,0.614583,0.625,0.645833,0.570093,0.655914,0.586957,0.564815,0.686275,0.530612,0.61157,0.64557,0.696078,0.602041,0.581633,0.647059,0.616162,0.554455,0.572917,0.625,0.652632,0.561905,0.535354,0.633663,0.518519,0.663043,0.565657,0.584158,0.627451,0.653061,0.54902,0.642857,0.57732,0.601942,0.69697,0.60396,0.603774,0.553191,0.609091,0.588889,0.67619,0.652632,0.55,0.66,0.605769,0.708333,0.636364,0.485149,0.653846,0.552083,0.578947,0.52381,0.592233,0.556701,0.612245,0.578431,0.635294,0.6,0.518072,0.606838,0.694118,0.565217,0.622449,0.617647,0.544554,0.535354,0.606383,0.59434,0.65625,0.576923,0.607843,0.612245,0.651376,0.604396,0.522222,0.518182,0.641304,0.574074,0.626263,0.663366,0.581633,0.676471,
81000,0.626087,0.635294,0.606838,0.554217,0.647059,0.602041,0.555556,0.544554,0.572816,0.494845,0.631068,0.649485,0.605769,0.666667,0.585586,0.617978,0.616162,0.584158,0.60396,0.656566,0.596154,0.666667,0.657143,0.631579,0.538462,0.635417,0.626168,0.688172,0.714286,0.673684,0.653465,0.505051,0.623656,0.523364,0.657407,0.608696,0.681416,0.689655,0.642857,0.627451,0.601942,0.494845,0.666667,0.545455,0.566038,0.542553,0.546392,0.485437,0.60396,0.555556,0.6,0.64,0.701031,0.485437,0.582524,0.57732,0.669811,0.648936,0.5625,0.634615,0.574257,0.656566,0.585106,0.622642,0.54,0.55,0.657407,0.576087,0.611111,0.554348,0.593407,0.715596,0.568627,0.642857,0.566667,0.725,0.704762,0.6,0.588235,0.612245,0.565217,0.537037,0.688889,0.636364,0.564356,0.606061,0.612245,0.637255,0.625,0.625,0.712766,0.613208,0.51,0.54,0.565657,0.60396,0.636364,0.673267,0.663158,0.619048,
81200,0.617021,0.632075,0.59434,0.510638,0.535354,0.663366,0.490566,0.542553,0.613208,0.595745,0.598039,0.663265,0.581395,0.578947,0.57,0.58,0.67,0.55,0.613208,0.617021,0.701923,0.5625,0.669903,0.618557,0.524752,0.565657,0.663158,0.590476,0.688889,0.563636,0.737864,0.525773,0.70297,0.59596,0.6,0.52381,0.579439,0.569892,0.62931,0.678571,0.655914,0.663551,0.642202,0.725275,0.587156,0.626374,0.715789,0.609524,0.612613,0.629213,0.641026,0.626506,0.659574,0.575472,0.614583,0.596154,0.543689,0.618557,0.655914,0.598131,0.570093,0.580645,0.634615,0.645833,0.662651,0.555556,0.663366,0.636364,0.542056,0.634409,0.557522,0.563218,0.596154,0.65625,0.655556,0.7,0.606061,0.584158,0.602273,0.580357,0.568807,0.648352,0.590909,0.688889,0.636364,0.5625,0.616279,0.684211,0.607843,0.683673,0.61165,0.639175,0.49,0.57,0.6,0.547368,0.641304,0.703704,0.580645,0.523364,
81400,0.61165,0.639175,0.608247,0.553398,0.63964,0.52809,0.54,0.54,0.524752,0.545455,0.663265,0.627451,0.578947,0.647619,0.595745,0.59434,0.612245,0.568627,0.652632,0.52381,0.637255,0.571429,0.583333,0.576087,0.607843,0.653061,0.548387,0.598131,0.636364,0.5,0.649485,0.495146,0.652632,0.609524,0.536082,0.592233,0.594059,0.606061,0.522222,0.590909,0.571429,0.627451,0.645161,0.691589,0.616071,0.625,0.597701,0.681416,0.598039,0.510204,0.545455,0.594059,0.676471,0.469388,0.603774,0.638298,0.647059,0.581633,0.6,0.609524,0.56044,0.614679,0.634783,0.611765,0.67033,0.53211,0.622951,0.474359,0.699029,0.56701,0.631068,0.659794,0.544444,0.563636,0.639175,0.660194,0.63,0.63,0.53913,0.611765,0.606061,0.564356,0.61,0.51,0.6,0.672727,0.555556,0.623762,0.642857,0.627451,0.61165,0.680412,0.602041,0.519608,0.559524,0.568966,0.637255,0.632653,0.540816,0.529412,
81600,0.559633,0.538462,0.611111,0.586957,0.576923,0.5625,0.463918,0.660194,0.67619,0.6,0.6,0.64,0.636364,0.594059,0.638095,0.557895,0.618557,0.631068,0.533333,0.609091,0.533981,0.536082,0.471264,0.637168,0.524752,0.585859,0.574468,0.650943,0.602151,0.626168,0.602151,0.588785,0.564356,0.606061,0.626263,0.564356,0.55102,0.598039,0.653846,0.541667,0.62,0.55,0.584158,0.656566,0.576923,0.614583,0.597938,0.543689,0.568807,0.549451,0.505263,0.619048,0.718182,0.455556,0.59434,0.606383,0.621053,0.580952,0.666667,0.672897,0.591837,0.627451,0.597938,0.61165,0.575758,0.584158,0.715686,0.632653,0.636364,0.607143,0.583333,0.615385,0.617978,0.648649,0.532609,0.648148,0.55,0.54,0.613861,0.656566,0.641304,0.601852,0.567797,0.670732,0.591837,0.578431,0.609524,0.6,0.572917,0.711538,0.588235,0.573913,0.505051,0.564356,0.577778,0.718182,0.548077,0.635417,0.636364,0.577778,
81800,0.477064,0.483516,0.613861,0.535354,0.577778,0.6,0.56701,0.601942,0.647619,0.557895,0.595745,0.566038,0.525773,0.660194,0.627907,0.596491,0.673684,0.542857,0.625,0.538462,0.631579,0.639535,0.617978,0.702703,0.575758,0.633663,0.623853,0.648352,0.523256,0.517544,0.513274,0.505747,0.513761,0.582418,0.525253,0.60396,0.53,0.6,0.663043,0.490741,0.60177,0.724138,0.572727,0.544444,0.565657,0.673267,0.565657,0.633663,0.574257,0.515152,0.6,0.619048,0.621622,0.47191,0.504854,0.57732,0.520408,0.627451,0.537634,0.626168,0.623656,0.71028,0.680851,0.641509,0.659341,0.568807,0.625,0.557692,0.676471,0.5,0.711111,0.690909,0.59375,0.682692,0.568421,0.628571,0.567308,0.604167,0.588235,0.6,0.657407,0.5,0.613636,0.625,0.586207,0.59292,0.582524,0.536082,0.571429,0.637255,0.614583,0.673077,0.528846,0.53125,0.565657,0.584158,0.561224,0.656863,0.6,0.533333,
82000,0.622222,0.509091,0.673684,0.609524,0.515152,0.673267,0.617284,0.605042,0.588785,0.602151,0.63,0.57,0.642857,0.607843,0.54717,0.553191,0.651376,0.593407,0.641304,0.583333,0.572727,0.533333,0.646465,0.60396,0.66,0.68,0.597938,0.699029,0.647059,0.612245,0.633028,0.626374,0.563636,0.511111,0.484848,0.60396,0.55914,0.607477,0.544554,0.646465,0.604167,0.692308,0.622449,0.598039,0.584906,0.648936,0.625,0.53125,0.55914,0.551402,0.610526,0.67619,0.608247,0.631068,0.636364,0.651786,0.585106,0.650943,0.586538,0.697917,0.64,0.65,0.586538,0.635417,0.5625,0.477273,0.692308,0.53125,0.643564,0.585859,0.56,0.65,0.580952,0.526316,0.590476,0.557895,0.574713,0.530973,0.582524,0.618557,0.594828,0.619048,0.56701,0.582524,0.557895,0.571429,0.542373,0.621951,0.574074,0.630435,0.656863,0.510204,0.602273,0.544643,0.60396,0.575758,0.588235,0.561224,0.602041,0.647059,
82200,0.514286,0.463158,0.623656,0.64486,0.666667,0.544554,0.578947,0.666667,0.559633,0.56044,0.67619,0.610526,0.626168,0.55914,0.666667,0.616822,0.59596,0.643564,0.642202,0.582418,0.677083,0.653846,0.612069,0.52381,0.421053,0.6,0.619565,0.638889,0.463918,0.553398,0.678161,0.628319,0.638095,0.673684,0.611111,0.586957,0.558824,0.622449,0.56383,0.650943,0.62766,0.632075,0.608696,0.648148,0.616822,0.526882,0.57732,0.592233,0.565217,0.648148,0.560748,0.612903,0.674157,0.54955,0.543689,0.57732,0.60396,0.535354,0.704082,0.666667,0.545455,0.666667,0.494737,0.695238,0.653846,0.604167,0.589286,0.625,0.717172,0.544554,0.632479,0.590361,0.54717,0.712766,0.571429,0.637255,0.660377,0.62766,0.588235,0.489796,0.57732,0.669903,0.576923,0.541667,0.611765,0.626087,0.631579,0.616279,0.666667,0.543103,0.653465,0.525253,0.552632,0.593023,0.730337,0.585586,0.55914,0.682243,0.685714,0.642105,
82400,0.701923,0.489583,0.57732,0.650485,0.574257,0.575758,0.675676,0.58427,0.564356,0.525253,0.584158,0.666667,0.619048,0.694737,0.631068,0.659794,0.606742,0.612613,0.615385,0.590164,0.607477,0.591398,0.6,0.609091,0.580645,0.523364,0.525773,0.640777,0.5625,0.653846,0.546392,0.553398,0.435644,0.555556,0.513761,0.615385,0.625,0.59375,0.630631,0.539326,0.666667,0.613861,0.616162,0.594059,0.557895,0.561905,0.587629,0.61165,0.58,0.63,0.630435,0.546296,0.607843,0.571429,0.558559,0.651685,0.578947,0.619048,0.638095,0.694737,0.612245,0.637255,0.677083,0.576923,0.565217,0.666667,0.576923,0.625,0.59,0.54,0.637363,0.587156,0.602151,0.635514,0.59633,0.67033,0.597938,0.631068,0.639175,0.563107,0.558559,0.573034,0.626263,0.673267,0.572581,0.631579,0.516484,0.577982,0.649573,0.650602,0.554348,0.657407,0.5,0.567308,0.6,0.53913,0.564815,0.619565,0.633028,0.615385,
82600,0.614583,0.528846,0.663366,0.575758,0.635514,0.55914,0.631068,0.618557,0.670213,0.698113,0.613861,0.646465,0.583333,0.586538,0.527778,0.586957,0.632653,0.598039,0.673913,0.564815,0.572816,0.597938,0.5625,0.511364,0.540816,0.558824,0.579439,0.602151,0.590476,0.589474,0.669903,0.494845,0.568421,0.571429,0.62037,0.597826,0.645833,0.634615,0.673913,0.601852,0.666667,0.618182,0.553571,0.704545,0.62766,0.556604,0.613636,0.571429,0.564356,0.575758,0.568421,0.571429,0.663462,0.59375,0.580645,0.570093,0.580645,0.598131,0.638095,0.6,0.707071,0.594059,0.556701,0.699029,0.6,0.58,0.728155,0.474227,0.643478,0.576471,0.648936,0.603774,0.53,0.66,0.56701,0.601942,0.647059,0.561224,0.621359,0.505155,0.582524,0.597938,0.53125,0.634615,0.541667,0.675,0.614679,0.626374,0.642857,0.627451,0.632653,0.656863,0.544554,0.545455,0.666667,0.622449,0.532609,0.675926,0.606061,0.564356,
82800,0.68595,0.594937,0.648148,0.652174,0.619048,0.652632,0.551402,0.569892,0.576923,0.614583,0.616162,0.633663,0.538462,0.577982,0.582524,0.546392,0.701149,0.672566,0.673913,0.62963,0.622222,0.6,0.653465,0.636364,0.610619,0.632184,0.610526,0.685714,0.660194,0.546392,0.50495,0.464646,0.552083,0.528846,0.505747,0.628319,0.592593,0.532609,0.644231,0.5625,0.556701,0.61165,0.602041,0.607843,0.565217,0.611111,0.586957,0.5,0.65,0.63,0.569892,0.53271,0.465347,0.464646,0.540816,0.647059,0.547368,0.533333,0.548077,0.625,0.64,0.63,0.646018,0.655172,0.601942,0.484536,0.591837,0.529412,0.601852,0.521739,0.62037,0.565217,0.673684,0.609524,0.59434,0.510638,0.589474,0.590476,0.592593,0.571429,0.556701,0.524272,0.652174,0.601852,0.57,0.65,0.623762,0.636364,0.578947,0.67619,0.558824,0.602041,0.60396,0.656566,0.612903,0.570093,0.613861,0.626263,0.594059,0.636364,
83000,0.582524,0.515464,0.638298,0.632075,0.538462,0.510417,0.6,0.589474,0.581818,0.544444,0.633663,0.646465,0.590909,0.6875,0.585106,0.613208,0.621053,0.714286,0.618557,0.524272,0.574713,0.584071,0.656566,0.663366,0.673684,0.590476,0.685714,0.578947,0.551402,0.591398,0.552083,0.557692,0.604167,0.673077,0.602041,0.588235,0.598039,0.602041,0.585859,0.643564,0.589474,0.52381,0.663366,0.656566,0.551402,0.548387,0.645833,0.586538,0.602151,0.53271,0.474747,0.544554,0.613208,0.56383,0.605263,0.686047,0.631068,0.484536,0.6,0.59,0.66,0.65,0.58427,0.621622,0.57732,0.592233,0.619048,0.484211,0.617021,0.575472,0.505495,0.633028,0.627451,0.591837,0.524272,0.701031,0.636364,0.594059,0.575472,0.659574,0.682692,0.520833,0.6,0.6,0.603774,0.691489,0.572917,0.682692,0.583333,0.576923,0.669811,0.585106,0.581633,0.607843,0.53,0.68,0.702128,0.679245,0.621359,0.639175,
83200,0.510204,0.519608,0.64,0.49,0.663636,0.6,0.60396,0.616162,0.642857,0.556818,0.659574,0.622642,0.590909,0.741071,0.572816,0.659794,0.569892,0.700935,0.601852,0.608696,0.597938,0.533981,0.529412,0.714286,0.676768,0.633663,0.596154,0.604167,0.522523,0.561798,0.473118,0.588785,0.457627,0.621951,0.469388,0.607843,0.545455,0.683168,0.622807,0.627907,0.463158,0.628571,0.626374,0.678899,0.607477,0.698925,0.585859,0.564356,0.595745,0.603774,0.64,0.47,0.62,0.52,0.564815,0.565217,0.546296,0.608696,0.572917,0.653846,0.578947,0.686047,0.654762,0.784483,0.648148,0.521739,0.594059,0.575758,0.586538,0.583333,0.540541,0.617978,0.533981,0.608247,0.540816,0.72549,0.608247,0.582524,0.53125,0.625,0.608696,0.703704,0.641509,0.670213,0.436782,0.60177,0.584906,0.617021,0.5,0.548077,0.608696,0.555556,0.529412,0.571429,0.66,0.65,0.522936,0.549451,0.56,0.47,
83400,0.642857,0.5,0.524272,0.608247,0.550562,0.531532,0.685714,0.568421,0.662791,0.552632,0.59434,0.638298,0.537634,0.579439,0.625,0.59375,0.636364,0.611111,0.673684,0.561905,0.566667,0.572727,0.614583,0.644231,0.517544,0.55814,0.56,0.62,0.574468,0.613208,0.592233,0.608247,0.5,0.597826,0.558824,0.612245,0.585106,0.584906,0.557522,0.586207,0.553571,0.545455,0.51,0.59,0.54321,0.537815,0.548387,0.53271,0.518182,0.533333,0.55914,0.607477,0.623853,0.637363,0.589474,0.666667,0.602564,0.680328,0.52809,0.63964,0.633663,0.666667,0.54902,0.602041,0.648148,0.51087,0.559633,0.604396,0.697248,0.549451,0.566038,0.5,0.552381,0.547368,0.5,0.635417,0.525253,0.514851,0.617978,0.603604,0.628571,0.547368,0.583333,0.586538,0.611111,0.663043,0.605769,0.510417,0.696078,0.602041,0.617021,0.650943,0.588785,0.55914,0.765306,0.598039,0.649485,0.631068,0.59375,0.519231,
83600,0.564103,0.433735,0.635294,0.582609,0.61,0.62,0.481481,0.576087,0.524272,0.57732,0.610619,0.597701,0.613208,0.595745,0.590909,0.577778,0.541667,0.509615,0.650485,0.639175,0.618557,0.572816,0.563636,0.611111,0.55914,0.64486,0.653061,0.647059,0.653061,0.578431,0.537634,0.64486,0.651685,0.585586,0.530612,0.588235,0.594059,0.626263,0.669725,0.714286,0.628866,0.621359,0.575758,0.584158,0.612613,0.662921,0.623853,0.626374,0.5,0.603774,0.663462,0.645833,0.642857,0.519608,0.546512,0.622807,0.576577,0.550562,0.615385,0.614679,0.534091,0.633929,0.56,0.7,0.617647,0.602041,0.59,0.55,0.610619,0.643678,0.553398,0.628866,0.645833,0.567308,0.613861,0.616162,0.581633,0.588235,0.669643,0.681818,0.663043,0.62037,0.547368,0.609524,0.62766,0.632075,0.614679,0.593407,0.574468,0.556604,0.641509,0.606383,0.477064,0.549451,0.542056,0.580645,0.648352,0.66055,0.732558,0.535088,
83800,0.615385,0.604167,0.59375,0.615385,0.625,0.528846,0.650485,0.597938,0.657143,0.6,0.489362,0.603774,0.61165,0.701031,0.574257,0.646465,0.505263,0.657143,0.707071,0.633663,0.608247,0.601942,0.673684,0.6,0.558824,0.622449,0.659794,0.660194,0.575221,0.574713,0.660714,0.579545,0.615385,0.59375,0.623656,0.663551,0.510204,0.588235,0.545455,0.683168,0.550459,0.648352,0.618557,0.572816,0.555556,0.663636,0.697248,0.593407,0.616162,0.613861,0.526316,0.628571,0.523364,0.505376,0.654545,0.588889,0.554455,0.606061,0.654206,0.634409,0.622449,0.578431,0.621053,0.714286,0.656566,0.564356,0.688679,0.638298,0.625,0.538462,0.569767,0.666667,0.6,0.65,0.614679,0.648352,0.534884,0.552632,0.504762,0.684211,0.510417,0.605769,0.705263,0.619048,0.591837,0.529412,0.516854,0.603604,0.542857,0.589474,0.598291,0.566265,0.57732,0.524272,0.673469,0.617647,0.55,0.6,0.563107,0.57732,
84000,0.579439,0.473118,0.699029,0.56701,0.561798,0.603604,0.576923,0.557377,0.561905,0.557895,0.56383,0.622642,0.571429,0.6,0.571429,0.666667,0.655556,0.663636,0.673684,0.647619,0.585106,0.528302,0.52381,0.726316,0.537634,0.53271,0.564103,0.622951,0.59375,0.615385,0.524272,0.597938,0.552381,0.673684,0.544554,0.535354,0.578313,0.623932,0.585106,0.660377,0.581633,0.666667,0.638298,0.622642,0.583333,0.706522,0.597826,0.583333,0.548387,0.682243,0.631579,0.590476,0.693694,0.561798,0.588889,0.6,0.670588,0.591304,0.627451,0.642857,0.556701,0.504854,0.565657,0.594059,0.653846,0.677083,0.648649,0.629213,0.637255,0.479592,0.543103,0.714286,0.561798,0.648649,0.623762,0.656566,0.505051,0.643564,0.533333,0.673684,0.55914,0.570093,0.6875,0.625,0.6,0.56,0.590909,0.622222,0.59,0.66,0.67,0.58,0.673469,0.588235,0.663043,0.592593,0.534653,0.737374,0.583333,0.673077,
84200,0.536842,0.485714,0.61165,0.546392,0.616822,0.655914,0.62,0.53,0.621359,0.618557,0.681416,0.609195,0.644444,0.672727,0.606061,0.613861,0.595745,0.575472,0.670103,0.563107,0.590909,0.622222,0.529412,0.632653,0.601942,0.670103,0.755102,0.558824,0.669903,0.57732,0.666667,0.584158,0.652632,0.628571,0.607843,0.571429,0.55,0.56,0.680412,0.669903,0.633663,0.575758,0.708333,0.615385,0.56701,0.61165,0.598291,0.614458,0.56044,0.568807,0.525253,0.574257,0.592233,0.56701,0.547368,0.590476,0.644444,0.618182,0.631068,0.680412,0.642857,0.676471,0.650943,0.670213,0.540816,0.539216,0.673077,0.583333,0.602041,0.647059,0.617647,0.581633,0.541284,0.604396,0.592233,0.649485,0.521277,0.566038,0.602041,0.656863,0.597938,0.650485,0.568627,0.642857,0.644444,0.636364,0.533333,0.568421,0.585106,0.632075,0.663265,0.696078,0.652632,0.580952,0.663366,0.676768,0.611111,0.619565,0.607477,0.55914,
84400,0.645161,0.598131,0.593407,0.678899,0.548077,0.520833,0.490196,0.581633,0.598131,0.569892,0.59434,0.638298,0.663158,0.561905,0.574257,0.646465,0.606061,0.594059,0.618557,0.621359,0.530612,0.647059,0.64,0.67,0.634615,0.65625,0.731183,0.672897,0.682692,0.666667,0.632075,0.638298,0.510417,0.673077,0.580357,0.579545,0.508929,0.579545,0.509259,0.619565,0.534247,0.590551,0.66087,0.623529,0.670213,0.603774,0.618557,0.621359,0.548673,0.574713,0.585859,0.564356,0.679012,0.630252,0.62,0.54,0.54,0.5,0.598131,0.569892,0.56,0.58,0.66,0.61,0.59375,0.663462,0.581395,0.561404,0.715686,0.581633,0.59596,0.613861,0.535088,0.593023,0.541284,0.681319,0.59375,0.653846,0.56,0.68,0.633663,0.555556,0.584158,0.676768,0.514286,0.684211,0.566038,0.595745,0.695652,0.583333,0.608247,0.640777,0.49505,0.606061,0.669492,0.658537,0.457143,0.694737,0.618557,0.514563,
84600,0.5,0.603774,0.535714,0.534091,0.514286,0.621053,0.595506,0.567568,0.651685,0.567568,0.626087,0.623529,0.59633,0.659341,0.543689,0.639175,0.59375,0.644231,0.525253,0.584158,0.5,0.647059,0.580645,0.570093,0.588889,0.490909,0.637255,0.55102,0.685714,0.557895,0.623762,0.535354,0.558824,0.591837,0.537634,0.560748,0.555556,0.652174,0.57732,0.621359,0.566038,0.595745,0.615385,0.59375,0.516484,0.614679,0.54955,0.606742,0.644444,0.6,0.628571,0.726316,0.583333,0.490385,0.617978,0.612613,0.622642,0.489362,0.632653,0.519608,0.60177,0.643678,0.594059,0.636364,0.608247,0.621359,0.52,0.67,0.623762,0.545455,0.59596,0.574257,0.526786,0.681818,0.614679,0.549451,0.645833,0.567308,0.576087,0.583333,0.636364,0.517857,0.62037,0.630435,0.564706,0.608696,0.561905,0.642105,0.613208,0.606383,0.632075,0.648936,0.431818,0.553571,0.688679,0.574468,0.570093,0.623656,0.566038,0.542553,
84800,0.490385,0.572917,0.676768,0.455446,0.527473,0.587156,0.494737,0.609524,0.655914,0.691589,0.648148,0.695652,0.539216,0.622449,0.47,0.64,0.546296,0.695652,0.663265,0.598039,0.49,0.59,0.615385,0.746988,0.543689,0.556701,0.66,0.7,0.572816,0.680412,0.533333,0.6,0.436782,0.619469,0.463918,0.679612,0.52,0.62,0.540816,0.598039,0.571429,0.631579,0.54902,0.632653,0.58,0.64,0.575472,0.574468,0.539326,0.576577,0.597826,0.564815,0.617021,0.575472,0.576923,0.708333,0.623762,0.515152,0.628571,0.631579,0.556522,0.541176,0.692308,0.635417,0.721154,0.552083,0.651376,0.593407,0.55,0.58,0.563636,0.711111,0.544554,0.686869,0.65625,0.586538,0.617978,0.540541,0.516129,0.523364,0.644231,0.520833,0.575758,0.613861,0.576577,0.606742,0.605769,0.65625,0.656863,0.571429,0.60396,0.575758,0.611111,0.590909,0.601852,0.576087,0.538462,0.604167,0.688679,0.585106,
85000,0.666667,0.509091,0.615385,0.604167,0.578947,0.593023,0.642857,0.598039,0.628571,0.578947,0.615385,0.739583,0.612245,0.558824,0.554348,0.574074,0.564356,0.616162,0.635514,0.548387,0.606383,0.584906,0.614583,0.644231,0.673267,0.585859,0.614583,0.615385,0.604167,0.519231,0.607843,0.540816,0.519608,0.520408,0.582418,0.66055,0.606557,0.551282,0.518868,0.765957,0.584158,0.646465,0.56044,0.633028,0.57,0.7,0.618182,0.566667,0.5,0.574074,0.597938,0.61165,0.61,0.5,0.615385,0.577982,0.539823,0.586207,0.565657,0.623762,0.523364,0.741935,0.629213,0.594595,0.568421,0.590476,0.623762,0.525253,0.575,0.533333,0.61,0.59,0.572917,0.653846,0.494845,0.650485,0.647619,0.610526,0.628866,0.61165,0.540541,0.58427,0.649351,0.617886,0.553398,0.57732,0.586957,0.648148,0.552632,0.639535,0.655914,0.579439,0.552083,0.605769,0.688679,0.56383,0.643564,0.575758,0.488636,0.589286,
85200,0.655556,0.463636,0.561224,0.568627,0.571429,0.6,0.584158,0.575758,0.692308,0.605505,0.670103,0.563107,0.607477,0.645161,0.623853,0.659341,0.576577,0.651685,0.583333,0.519231,0.550459,0.648352,0.663636,0.522222,0.594595,0.550562,0.633663,0.656566,0.677083,0.653846,0.631068,0.608247,0.528302,0.659574,0.56701,0.621359,0.633028,0.714286,0.621359,0.597938,0.585106,0.584906,0.597561,0.567797,0.530612,0.696078,0.553398,0.525773,0.515152,0.653465,0.540816,0.656863,0.650943,0.553191,0.623762,0.676768,0.568627,0.561224,0.515152,0.594059,0.669643,0.681818,0.606383,0.669811,0.67,0.64,0.66,0.59,0.715789,0.638095,0.663043,0.592593,0.528736,0.637168,0.621359,0.680412,0.570093,0.516129,0.621359,0.608247,0.647059,0.55102,0.548673,0.563218,0.520408,0.588235,0.553398,0.412371,0.64,0.65,0.555556,0.645455,0.571429,0.589474,0.601942,0.628866,0.612903,0.626168,0.555556,0.554455,
85400,0.645833,0.509615,0.540816,0.696078,0.674157,0.630631,0.564356,0.515152,0.591398,0.616822,0.666667,0.623762,0.660194,0.690722,0.584158,0.616162,0.656863,0.602041,0.645833,0.625,0.641509,0.702128,0.536082,0.669903,0.587629,0.582524,0.673267,0.575758,0.744898,0.588235,0.705263,0.514286,0.627119,0.597561,0.573034,0.585586,0.515464,0.563107,0.642857,0.656863,0.612903,0.598131,0.638095,0.610526,0.556522,0.635294,0.509804,0.540816,0.613636,0.517857,0.510204,0.588235,0.632075,0.5,0.59375,0.567308,0.495327,0.494624,0.683673,0.666667,0.598039,0.693878,0.598039,0.581633,0.613861,0.535354,0.68932,0.608247,0.58,0.57,0.62766,0.556604,0.598131,0.612903,0.638095,0.6,0.568182,0.571429,0.520833,0.625,0.56,0.54,0.621053,0.714286,0.588889,0.572727,0.611111,0.684783,0.59,0.6,0.640777,0.659794,0.59,0.49,0.55914,0.598131,0.593023,0.622807,0.613208,0.542553,
85600,0.622807,0.534884,0.65625,0.634615,0.570175,0.604651,0.5,0.567308,0.557692,0.59375,0.683673,0.529412,0.598039,0.591837,0.582418,0.59633,0.524272,0.618557,0.682692,0.614583,0.556604,0.617021,0.623762,0.585859,0.5625,0.522727,0.709677,0.598131,0.586957,0.611111,0.636364,0.533333,0.540816,0.598039,0.463158,0.628571,0.543478,0.657407,0.632479,0.626506,0.552381,0.547368,0.66055,0.648352,0.637363,0.678899,0.569892,0.542056,0.568421,0.552381,0.53271,0.526882,0.636364,0.475248,0.60177,0.586207,0.607843,0.591837,0.601852,0.673913,0.633333,0.690909,0.615385,0.708333,0.533333,0.581818,0.588235,0.581633,0.740385,0.53125,0.588235,0.632653,0.587629,0.563107,0.53,0.57,0.631068,0.608247,0.572816,0.597938,0.615385,0.479167,0.692308,0.59633,0.683168,0.656566,0.611111,0.618182,0.606383,0.566038,0.622222,0.663636,0.594059,0.626263,0.654206,0.698925,0.494737,0.638095,0.54902,0.530612,
85800,0.613636,0.526786,0.640777,0.546392,0.603774,0.617021,0.663158,0.6,0.56383,0.632075,0.69,0.63,0.601942,0.628866,0.59596,0.554455,0.509434,0.617021,0.632653,0.568627,0.62069,0.654867,0.547619,0.689655,0.584158,0.636364,0.685185,0.652174,0.688073,0.67033,0.561905,0.642105,0.603774,0.744681,0.62037,0.663043,0.622642,0.595745,0.653846,0.6875,0.561905,0.526316,0.645833,0.653846,0.59633,0.725275,0.59596,0.584158,0.558824,0.602041,0.605769,0.666667,0.680851,0.566038,0.523364,0.580645,0.578431,0.520408,0.590476,0.547368,0.608696,0.611111,0.6,0.666667,0.54386,0.627907,0.617647,0.469388,0.569892,0.579439,0.638095,0.705263,0.609091,0.533333,0.595745,0.566038,0.580952,0.589474,0.557522,0.586207,0.535354,0.554455,0.636364,0.598214,0.560748,0.569892,0.65625,0.663462,0.648148,0.586957,0.612903,0.551402,0.527778,0.5,0.607143,0.568182,0.586538,0.5,0.584071,0.517241,
86000,0.561224,0.568627,0.634615,0.65625,0.601852,0.652174,0.602041,0.627451,0.633028,0.648352,0.623932,0.698795,0.53,0.57,0.588889,0.572727,0.571429,0.568182,0.61,0.6,0.561798,0.612613,0.552083,0.653846,0.58,0.62,0.656863,0.673469,0.62963,0.728261,0.632653,0.45098,0.480392,0.612245,0.418182,0.655556,0.572917,0.673077,0.494949,0.623762,0.737864,0.608247,0.588889,0.654545,0.545455,0.594059,0.61165,0.628866,0.584158,0.636364,0.58,0.56,0.638095,0.578947,0.592593,0.630435,0.579439,0.537634,0.673913,0.657407,0.604396,0.66055,0.589474,0.647619,0.615385,0.651376,0.621053,0.6,0.617647,0.642857,0.565217,0.648148,0.5,0.653061,0.663265,0.627451,0.623932,0.626506,0.518519,0.630435,0.622642,0.606383,0.604167,0.673077,0.632653,0.558824,0.669811,0.648936,0.613208,0.595745,0.607843,0.693878,0.466667,0.490909,0.631068,0.71134,0.582524,0.618557,0.628571,0.631579,
86200,0.585106,0.490566,0.643564,0.59596,0.623656,0.542056,0.559524,0.655172,0.627451,0.540816,0.66,0.69,0.614583,0.663462,0.565217,0.62037,0.639175,0.699029,0.62,0.57,0.565657,0.594059,0.548387,0.588785,0.581818,0.5,0.679612,0.608247,0.670213,0.54717,0.632653,0.558824,0.568182,0.616071,0.67,0.48,0.654545,0.566667,0.585859,0.633663,0.723404,0.575472,0.652174,0.564815,0.511111,0.6,0.596154,0.510417,0.526316,0.580952,0.657143,0.578947,0.613208,0.521277,0.606061,0.643564,0.62766,0.528302,0.584158,0.646465,0.650485,0.463918,0.657658,0.696629,0.65,0.59,0.56383,0.509434,0.637255,0.673469,0.62963,0.597826,0.557522,0.597701,0.604167,0.567308,0.683168,0.59596,0.59434,0.595745,0.566667,0.563636,0.56962,0.677686,0.580952,0.673684,0.5,0.597826,0.650485,0.701031,0.651685,0.63964,0.544554,0.616162,0.652632,0.67619,0.574468,0.566038,0.595506,0.594595,
86400,0.575758,0.554455,0.616162,0.564356,0.588235,0.602041,0.598039,0.591837,0.628866,0.601942,0.663366,0.636364,0.590476,0.536842,0.524272,0.56701,0.595506,0.576577,0.518868,0.595745,0.475728,0.597938,0.519608,0.612245,0.565657,0.613861,0.59596,0.683168,0.653846,0.666667,0.66,0.68,0.612613,0.550562,0.614679,0.637363,0.60396,0.59596,0.575758,0.683168,0.59633,0.681319,0.65,0.591667,0.638095,0.557895,0.550562,0.54955,0.54955,0.550562,0.530612,0.686275,0.67033,0.623853,0.575758,0.623762,0.626374,0.59633,0.586538,0.6875,0.619565,0.657407,0.569767,0.649123,0.510417,0.567308,0.56383,0.660377,0.64486,0.623656,0.554455,0.686869,0.663158,0.552381,0.628571,0.536842,0.585859,0.594059,0.586538,0.604167,0.607843,0.571429,0.54878,0.59322,0.558559,0.550562,0.558824,0.55102,0.617021,0.59434,0.618182,0.644444,0.542857,0.568421,0.610619,0.54023,0.576923,0.614583,0.59434,0.659574,
86600,0.656863,0.55102,0.608247,0.543689,0.616822,0.612903,0.69,0.63,0.564356,0.575758,0.610526,0.619048,0.658824,0.713043,0.568421,0.742857,0.68,0.71,0.663462,0.541667,0.62,0.61,0.634615,0.625,0.585106,0.528302,0.688889,0.527273,0.734694,0.558824,0.648352,0.53211,0.561905,0.494737,0.595745,0.575472,0.556604,0.62766,0.666667,0.615385,0.548673,0.689655,0.613861,0.626263,0.644737,0.620968,0.549451,0.605505,0.650485,0.639175,0.693069,0.616162,0.70297,0.646465,0.588889,0.6,0.581633,0.5,0.612903,0.626168,0.566038,0.595745,0.663265,0.666667,0.595745,0.613208,0.561905,0.610526,0.645833,0.480769,0.617647,0.642857,0.515789,0.67619,0.581818,0.655556,0.50495,0.565657,0.638298,0.632075,0.64486,0.623656,0.565657,0.623762,0.673913,0.648148,0.539216,0.602041,0.586957,0.62963,0.69697,0.613861,0.52,0.6,0.603774,0.638298,0.586538,0.5625,0.56701,0.601942,
86800,0.643564,0.454545,0.717172,0.633663,0.648936,0.603774,0.608696,0.564815,0.640777,0.587629,0.704762,0.536842,0.642105,0.619048,0.595745,0.59434,0.609524,0.652632,0.677083,0.625,0.558824,0.632653,0.574713,0.725664,0.53211,0.714286,0.648649,0.606742,0.579439,0.688172,0.693878,0.480392,0.526882,0.542056,0.49505,0.565657,0.552083,0.576923,0.67,0.59,0.614583,0.586538,0.505155,0.582524,0.528846,0.59375,0.601942,0.618557,0.588889,0.618182,0.646465,0.683168,0.537037,0.543478,0.556701,0.728155,0.545455,0.534653,0.589286,0.625,0.536585,0.618644,0.582524,0.649485,0.454545,0.60396,0.67,0.59,0.585859,0.60396,0.650943,0.553191,0.490196,0.663265,0.68932,0.680412,0.65625,0.538462,0.574713,0.60177,0.634409,0.579439,0.639175,0.572816,0.652174,0.601852,0.607843,0.5,0.601942,0.608247,0.552381,0.631579,0.636364,0.643564,0.732558,0.622807,0.636364,0.653465,0.598039,0.632653,
87000,0.606061,0.623762,0.628866,0.563107,0.545455,0.655556,0.575472,0.617021,0.592233,0.659794,0.587629,0.640777,0.56701,0.669903,0.556701,0.650485,0.607843,0.632653,0.597826,0.592593,0.555556,0.6,0.54902,0.602041,0.574713,0.557522,0.7,0.64,0.67,0.62,0.628571,0.536842,0.609195,0.530973,0.613861,0.575758,0.656566,0.554455,0.594595,0.561798,0.568807,0.582418,0.505263,0.6,0.66,0.6,0.65,0.5,0.567308,0.604167,0.536842,0.638095,0.643564,0.515152,0.6,0.58,0.592233,0.57732,0.5,0.71,0.605769,0.6875,0.533333,0.563636,0.5625,0.608333,0.615385,0.513761,0.631579,0.52381,0.607143,0.579545,0.518868,0.553191,0.602041,0.588235,0.55,0.66,0.611111,0.73913,0.592593,0.630435,0.707071,0.623762,0.528736,0.504425,0.71,0.64,0.48913,0.555556,0.666667,0.634615,0.563107,0.484536,0.663717,0.563218,0.538462,0.666667,0.643564,0.575758,
87200,0.636364,0.475248,0.730769,0.65625,0.574468,0.603774,0.530612,0.45098,0.56,0.52,0.584906,0.574468,0.663043,0.592593,0.547619,0.594828,0.601942,0.639175,0.56701,0.553398,0.585859,0.653465,0.670103,0.621359,0.604167,0.653846,0.707965,0.597701,0.653061,0.539216,0.720721,0.483146,0.587629,0.650485,0.641509,0.585106,0.643564,0.626263,0.614679,0.56044,0.594828,0.583333,0.583333,0.576087,0.638298,0.641509,0.604167,0.509615,0.577982,0.516484,0.728155,0.587629,0.677083,0.509615,0.610526,0.619048,0.54717,0.62766,0.645833,0.644231,0.634615,0.5625,0.666667,0.594059,0.564356,0.515152,0.697248,0.648352,0.641304,0.564815,0.569767,0.640351,0.49505,0.626263,0.626374,0.522936,0.59,0.63,0.641509,0.585106,0.531532,0.539326,0.59633,0.571429,0.560345,0.559524,0.553398,0.556701,0.509434,0.585106,0.585106,0.622642,0.504673,0.494624,0.640777,0.587629,0.683673,0.627451,0.557692,0.541667,
87400,0.553398,0.57732,0.590476,0.621053,0.653846,0.604167,0.564356,0.59596,0.597701,0.610619,0.595506,0.585586,0.554455,0.676768,0.6,0.654545,0.62766,0.575472,0.602151,0.514019,0.673469,0.54902,0.541284,0.626374,0.642857,0.636364,0.677419,0.71028,0.578431,0.642857,0.608247,0.543689,0.692308,0.614583,0.592233,0.556701,0.560345,0.666667,0.614583,0.567308,0.594059,0.484848,0.695652,0.62037,0.5,0.555556,0.539216,0.653061,0.656863,0.663265,0.516129,0.616822,0.53125,0.519231,0.62766,0.688679,0.58,0.59,0.533981,0.536082,0.712766,0.603774,0.670455,0.642857,0.568627,0.683673,0.565657,0.574257,0.659794,0.543689,0.640777,0.597938,0.572816,0.731959,0.65,0.65,0.579439,0.655914,0.544643,0.579545,0.554545,0.644444,0.575758,0.623762,0.632184,0.637168,0.6,0.645455,0.625,0.644231,0.715517,0.630952,0.598131,0.591398,0.586538,0.552083,0.580645,0.635514,0.66055,0.56044,
87600,0.548387,0.542056,0.585106,0.537736,0.660377,0.56383,0.6,0.644444,0.6,0.526316,0.630631,0.561798,0.649485,0.699029,0.566038,0.595745,0.591837,0.686275,0.663043,0.592593,0.679245,0.585106,0.62766,0.59434,0.5625,0.590909,0.621359,0.587629,0.615385,0.568807,0.670103,0.495146,0.514851,0.686869,0.48,0.63,0.56383,0.54717,0.554455,0.646465,0.575758,0.594059,0.573034,0.63964,0.589286,0.659091,0.593407,0.605505,0.672727,0.644444,0.61165,0.701031,0.694737,0.533333,0.579439,0.677419,0.574257,0.515152,0.582418,0.623853,0.618557,0.660194,0.642857,0.656863,0.590909,0.622222,0.594059,0.565657,0.552381,0.642105,0.648936,0.641509,0.62,0.68,0.59375,0.567308,0.574257,0.565657,0.543689,0.597938,0.652174,0.611111,0.603774,0.531915,0.56,0.69,0.531915,0.603774,0.535354,0.613861,0.602151,0.663551,0.545455,0.564356,0.647059,0.479592,0.579545,0.616071,0.56962,0.586777,
87800,0.568421,0.590476,0.582278,0.586777,0.592593,0.532609,0.613208,0.531915,0.59596,0.49505,0.659574,0.613208,0.611111,0.545455,0.618182,0.588889,0.659574,0.698113,0.666667,0.627907,0.494382,0.612613,0.6,0.505263,0.583333,0.644231,0.711712,0.505618,0.617647,0.581633,0.653846,0.479167,0.533333,0.505263,0.6,0.609091,0.645161,0.607477,0.744898,0.598039,0.568627,0.693878,0.494845,0.650485,0.514019,0.591398,0.566038,0.56383,0.619048,0.652632,0.666667,0.523364,0.561798,0.513514,0.580952,0.6,0.474747,0.633663,0.568627,0.632653,0.678899,0.648352,0.515464,0.61165,0.657658,0.539326,0.660194,0.597938,0.685185,0.543478,0.591398,0.560748,0.572917,0.615385,0.598131,0.612903,0.580357,0.625,0.652174,0.576471,0.612903,0.560748,0.578947,0.685714,0.613861,0.616162,0.6,0.571429,0.669903,0.690722,0.6875,0.586538,0.577982,0.593407,0.630435,0.611111,0.590909,0.633929,0.610526,0.628571,
88000,0.639175,0.601942,0.654545,0.677778,0.60396,0.646465,0.613636,0.571429,0.541667,0.596154,0.645455,0.6,0.575472,0.659574,0.509615,0.645833,0.617978,0.675676,0.623656,0.635514,0.533333,0.642105,0.641509,0.542553,0.546392,0.601942,0.627273,0.588889,0.602273,0.571429,0.645161,0.560748,0.518519,0.586957,0.514851,0.626263,0.676768,0.574257,0.711538,0.583333,0.579439,0.55914,0.605505,0.626374,0.551724,0.628319,0.519608,0.571429,0.538462,0.541284,0.59434,0.595745,0.533333,0.515789,0.566038,0.62766,0.5,0.5,0.576577,0.58427,0.642857,0.637255,0.631068,0.57732,0.655556,0.545455,0.613861,0.676768,0.595238,0.586207,0.53,0.61,0.61,0.72,0.582418,0.577982,0.605769,0.53125,0.636364,0.580357,0.653846,0.572917,0.604396,0.633028,0.605769,0.614583,0.526786,0.556818,0.734694,0.588235,0.617647,0.602041,0.604167,0.538462,0.537037,0.608696,0.568627,0.612245,0.634409,0.579439,
88200,0.572917,0.567308,0.663265,0.558824,0.523256,0.692982,0.594059,0.555556,0.569892,0.672897,0.622222,0.618182,0.651376,0.681319,0.576923,0.5625,0.56,0.61,0.670103,0.601942,0.574468,0.613208,0.53,0.63,0.607477,0.55914,0.626374,0.568807,0.552083,0.471154,0.581633,0.529412,0.608696,0.623529,0.533333,0.663158,0.580952,0.663158,0.616279,0.552632,0.621359,0.618557,0.627451,0.612245,0.650485,0.587629,0.560748,0.666667,0.5,0.529412,0.605505,0.626374,0.642857,0.598039,0.53,0.56,0.663265,0.656863,0.612245,0.656863,0.623377,0.569106,0.61,0.65,0.598039,0.622449,0.561798,0.576577,0.608247,0.660194,0.635417,0.644231,0.530612,0.539216,0.560748,0.623656,0.602151,0.588785,0.568627,0.591837,0.652632,0.609524,0.663158,0.638095,0.488636,0.723214,0.626263,0.613861,0.61,0.64,0.584906,0.734043,0.604167,0.625,0.583333,0.596154,0.554545,0.577778,0.682692,0.5625,
88400,0.53125,0.567308,0.650485,0.597938,0.547368,0.657143,0.625,0.509615,0.60241,0.547009,0.606383,0.679245,0.663043,0.657407,0.646465,0.653465,0.6,0.610526,0.642202,0.637363,0.548077,0.583333,0.643678,0.610619,0.58,0.54,0.737864,0.649485,0.663265,0.627451,0.660194,0.628866,0.5,0.574074,0.581633,0.647059,0.458824,0.53913,0.712871,0.585859,0.609091,0.566667,0.483516,0.651376,0.56701,0.640777,0.480392,0.561224,0.544554,0.59596,0.630631,0.539326,0.708333,0.538462,0.574468,0.679245,0.564356,0.59596,0.556701,0.68932,0.705882,0.602041,0.57732,0.640777,0.69697,0.50495,0.670588,0.547826,0.650485,0.670103,0.636364,0.625,0.574468,0.59434,0.621359,0.597938,0.529412,0.602041,0.621359,0.608247,0.569892,0.635514,0.580357,0.625,0.576923,0.614583,0.60396,0.626263,0.6,0.642105,0.679245,0.606383,0.460674,0.495495,0.632653,0.647059,0.495146,0.670103,0.494382,0.567568,
88600,0.636364,0.508929,0.652632,0.590476,0.617647,0.642857,0.590476,0.589474,0.591837,0.578431,0.557895,0.571429,0.604167,0.653846,0.505155,0.621359,0.569767,0.596491,0.643564,0.575758,0.660194,0.536082,0.613208,0.62766,0.656566,0.643564,0.659574,0.650943,0.663158,0.552381,0.59375,0.567308,0.604167,0.625,0.543478,0.574074,0.570093,0.483871,0.706522,0.675926,0.634409,0.514019,0.619469,0.609195,0.518182,0.6,0.514286,0.610526,0.596491,0.616279,0.656863,0.581633,0.721154,0.552083,0.585859,0.584158,0.64,0.59,0.578947,0.542857,0.54,0.64,0.591398,0.654206,0.663462,0.625,0.706522,0.574074,0.62037,0.478261,0.670103,0.708738,0.586538,0.614583,0.615385,0.587156,0.596154,0.635417,0.542056,0.612903,0.627451,0.632653,0.557692,0.625,0.558824,0.642857,0.616071,0.602273,0.590909,0.651786,0.613861,0.676768,0.596154,0.677083,0.504762,0.694737,0.688172,0.588785,0.505495,0.587156,
88800,0.561983,0.544304,0.66,0.59,0.572727,0.6,0.616822,0.602151,0.571429,0.605505,0.59,0.57,0.677778,0.590909,0.616822,0.55914,0.561224,0.54902,0.609524,0.6,0.505376,0.626168,0.540816,0.607843,0.592233,0.484536,0.653061,0.607843,0.591398,0.514019,0.563107,0.536082,0.559633,0.549451,0.537037,0.793478,0.621359,0.597938,0.66055,0.582418,0.55102,0.588235,0.636364,0.643564,0.598131,0.677419,0.56,0.6,0.591837,0.509804,0.553191,0.59434,0.656863,0.591837,0.514563,0.608247,0.617978,0.558559,0.604167,0.596154,0.604396,0.651376,0.561905,0.684211,0.651163,0.578947,0.606061,0.60396,0.551402,0.731183,0.660377,0.702128,0.648148,0.684783,0.553398,0.618557,0.638298,0.566038,0.587629,0.660194,0.666667,0.561798,0.621053,0.638095,0.638298,0.622642,0.584746,0.54878,0.582418,0.697248,0.677165,0.60274,0.54,0.62,0.5625,0.5,0.560345,0.738095,0.564356,0.616162,
89000,0.574468,0.641509,0.537736,0.595745,0.609524,0.6,0.651163,0.587719,0.6,0.58,0.58427,0.540541,0.544554,0.656566,0.575472,0.489362,0.585106,0.650943,0.59375,0.528846,0.509434,0.595745,0.587629,0.631068,0.612245,0.627451,0.615385,0.614583,0.603774,0.595745,0.743119,0.43956,0.589286,0.5,0.683673,0.617647,0.584906,0.553191,0.634409,0.635514,0.6,0.588235,0.588235,0.55102,0.592233,0.587629,0.603774,0.585106,0.56,0.65,0.56701,0.592233,0.696629,0.576577,0.574468,0.59434,0.674419,0.447368,0.483516,0.651376,0.631579,0.638095,0.566038,0.553191,0.676471,0.642857,0.602151,0.598131,0.666667,0.475248,0.682692,0.604167,0.656863,0.581633,0.670588,0.695652,0.53125,0.644231,0.59,0.59,0.609091,0.566667,0.659341,0.651376,0.617978,0.630631,0.51,0.65,0.640351,0.581395,0.722772,0.585859,0.560748,0.548387,0.659341,0.504587,0.509615,0.666667,0.473684,0.580952,
89200,0.672897,0.55914,0.589286,0.545455,0.635417,0.586538,0.60396,0.555556,0.606742,0.603604,0.58,0.67,0.554455,0.626263,0.591837,0.666667,0.647619,0.673684,0.625,0.65625,0.5,0.614583,0.514563,0.680412,0.610169,0.536585,0.64,0.56,0.682692,0.59375,0.759259,0.630435,0.706422,0.571429,0.653061,0.54902,0.54023,0.548673,0.647059,0.540816,0.611111,0.627273,0.530612,0.705882,0.594059,0.525253,0.637363,0.577982,0.641509,0.680851,0.652632,0.619048,0.69697,0.544554,0.47191,0.594595,0.68932,0.546392,0.597938,0.563107,0.566038,0.56383,0.623762,0.707071,0.539216,0.540816,0.568627,0.520408,0.629213,0.54955,0.56044,0.633028,0.540541,0.603175,0.597701,0.637168,0.66,0.54,0.545455,0.60396,0.654321,0.596639,0.612069,0.583333,0.574468,0.613208,0.597938,0.495146,0.570093,0.580645,0.56,0.71,0.583333,0.597826,0.62766,0.584906,0.597938,0.650485,0.488372,0.596491,
89400,0.654867,0.45977,0.583333,0.586538,0.537736,0.457447,0.657407,0.554348,0.589474,0.571429,0.572917,0.548077,0.6,0.571429,0.59633,0.615385,0.731092,0.604938,0.547619,0.525862,0.591837,0.588235,0.522124,0.689655,0.653061,0.607843,0.75,0.61,0.682243,0.602151,0.655556,0.536364,0.707547,0.62766,0.575758,0.544554,0.681416,0.563218,0.595506,0.666667,0.591837,0.647059,0.6,0.621053,0.605263,0.593023,0.524272,0.597938,0.585106,0.509434,0.614583,0.701923,0.715909,0.616071,0.575472,0.638298,0.646465,0.594059,0.505618,0.612613,0.574257,0.676768,0.518519,0.641304,0.574074,0.576087,0.670103,0.495146,0.628866,0.601942,0.648936,0.603774,0.56701,0.650485,0.636364,0.655556,0.59375,0.548077,0.59375,0.567308,0.587156,0.56044,0.675926,0.641304,0.479167,0.596154,0.679612,0.536082,0.676471,0.530612,0.641304,0.564815,0.504762,0.6,0.601942,0.649485,0.524272,0.57732,0.685185,0.630435,
89600,0.607477,0.580645,0.688889,0.581818,0.625,0.538462,0.54,0.58,0.581633,0.568627,0.520408,0.676471,0.640777,0.670103,0.598039,0.642857,0.638298,0.566038,0.676471,0.571429,0.596491,0.593023,0.633028,0.43956,0.527273,0.588889,0.581818,0.533333,0.621359,0.56701,0.683168,0.515152,0.563636,0.644444,0.602151,0.719626,0.568421,0.647619,0.62766,0.632075,0.590909,0.6,0.575758,0.663366,0.610526,0.647619,0.520833,0.586538,0.494624,0.485981,0.563107,0.556701,0.663366,0.535354,0.490385,0.572917,0.67033,0.486239,0.652632,0.666667,0.622642,0.585106,0.521277,0.641509,0.617021,0.622642,0.623853,0.615385,0.597938,0.563107,0.618182,0.633333,0.556701,0.572816,0.566038,0.62766,0.575472,0.62766,0.553571,0.681818,0.634783,0.517647,0.64,0.7,0.5625,0.556818,0.634409,0.626168,0.580952,0.589474,0.694444,0.673913,0.597826,0.5,0.696429,0.568182,0.640777,0.71134,0.570175,0.639535,
89800,0.659574,0.566038,0.585859,0.574257,0.743119,0.571429,0.576577,0.606742,0.625,0.635417,0.49505,0.525253,0.563107,0.670103,0.504762,0.621053,0.65,0.59,0.634409,0.607477,0.557692,0.552083,0.617978,0.666667,0.601942,0.597938,0.65625,0.634615,0.704762,0.621053,0.628571,0.505263,0.555556,0.619565,0.61,0.6,0.551724,0.566372,0.641304,0.537037,0.505155,0.601942,0.591398,0.542056,0.582524,0.690722,0.53913,0.611765,0.505155,0.533981,0.555556,0.554455,0.568627,0.44898,0.515464,0.601942,0.611111,0.618182,0.564815,0.576087,0.678571,0.659091,0.625,0.71875,0.637255,0.581633,0.584158,0.515152,0.653061,0.588235,0.587629,0.650485,0.574074,0.608696,0.61,0.61,0.56044,0.477064,0.532609,0.546296,0.525253,0.564356,0.577586,0.535714,0.430108,0.616822,0.669811,0.606383,0.673684,0.552381,0.622807,0.511628,0.541667,0.538462,0.643564,0.69697,0.61,0.59,0.603774,0.5,
90000,0.59375,0.509615,0.646018,0.563218,0.62766,0.622642,0.639175,0.533981,0.673684,0.580952,0.723404,0.726415,0.657143,0.684211,0.533333,0.627273,0.721739,0.623529,0.623656,0.53271,0.578947,0.552381,0.612245,0.607843,0.583333,0.567308,0.617021,0.575472,0.538462,0.53211,0.59,0.54,0.576087,0.574074,0.510204,0.637255,0.5625,0.602273,0.646341,0.59322,0.628319,0.54023,0.595745,0.632075,0.622222,0.590909,0.663551,0.634409,0.582418,0.577982,0.55102,0.676471,0.586538,0.5625,0.530612,0.519608,0.582609,0.682353,0.643564,0.717172,0.516129,0.64486,0.476636,0.623656,0.513761,0.483516,0.572727,0.644444,0.669903,0.56701,0.659794,0.669903,0.533333,0.6,0.639175,0.553398,0.617647,0.663265,0.525773,0.572816,0.62963,0.565217,0.6,0.59,0.636364,0.607143,0.561798,0.621622,0.574468,0.509434,0.669811,0.617021,0.640351,0.616279,0.666667,0.576087,0.592233,0.639175,0.659341,0.559633,
90200,0.625,0.477273,0.623656,0.560748,0.561224,0.509804,0.655914,0.542056,0.621053,0.571429,0.58427,0.585586,0.607843,0.622449,0.635514,0.698925,0.641509,0.585106,0.546392,0.543689,0.574074,0.619565,0.555556,0.554348,0.580952,0.631579,0.652174,0.555556,0.601942,0.587629,0.679612,0.587629,0.634615,0.625,0.568627,0.602041,0.55102,0.647059,0.57,0.67,0.565217,0.576471,0.56044,0.59633,0.595745,0.622642,0.530612,0.607843,0.621053,0.514286,0.564356,0.59596,0.679612,0.680412,0.578313,0.666667,0.670213,0.632075,0.656863,0.673469,0.666667,0.596154,0.648936,0.537736,0.541176,0.582609,0.596154,0.53125,0.642857,0.54902,0.583333,0.701923,0.65,0.64,0.631579,0.552381,0.573034,0.594595,0.663366,0.535354,0.613636,0.580357,0.696078,0.622449,0.648649,0.640449,0.626263,0.60396,0.607477,0.569892,0.666667,0.564356,0.515464,0.553398,0.595506,0.621622,0.572816,0.608247,0.65,0.55,
90400,0.473118,0.523364,0.51,0.66,0.473684,0.685714,0.593023,0.552632,0.586957,0.62037,0.575221,0.586207,0.607477,0.698925,0.494505,0.651376,0.592105,0.556452,0.594059,0.565657,0.577778,0.636364,0.53,0.61,0.59633,0.56044,0.586207,0.584071,0.628866,0.563107,0.55102,0.519608,0.54717,0.56383,0.586957,0.555556,0.653061,0.598039,0.547368,0.666667,0.583333,0.557692,0.673077,0.697917,0.616162,0.653465,0.691489,0.584906,0.63,0.59,0.56044,0.559633,0.673684,0.552381,0.577778,0.590909,0.646465,0.574257,0.585106,0.641509,0.48913,0.564815,0.526882,0.626168,0.641509,0.617021,0.619048,0.642105,0.636364,0.594059,0.611111,0.618182,0.596154,0.645833,0.641304,0.611111,0.510417,0.548077,0.63,0.6,0.577982,0.527473,0.622642,0.489362,0.612245,0.72549,0.55102,0.617647,0.648649,0.595506,0.666667,0.663717,0.557692,0.552083,0.545455,0.623762,0.634409,0.570093,0.617978,0.513514,
90600,0.645161,0.514019,0.626263,0.60396,0.524752,0.59596,0.646465,0.564356,0.55914,0.607477,0.645455,0.544444,0.591837,0.578431,0.635514,0.612903,0.59633,0.516484,0.601852,0.586957,0.652174,0.601852,0.619048,0.589474,0.662791,0.570175,0.653061,0.519608,0.547368,0.533333,0.606383,0.481132,0.632653,0.627451,0.617647,0.622449,0.526316,0.590476,0.623762,0.515152,0.70297,0.555556,0.566038,0.56383,0.703704,0.586957,0.541667,0.576923,0.520833,0.548077,0.628571,0.589474,0.712871,0.525253,0.636364,0.616071,0.663265,0.5,0.537736,0.56383,0.652174,0.564815,0.650943,0.638298,0.57732,0.572816,0.617978,0.594595,0.712644,0.619469,0.588889,0.618182,0.684685,0.685393,0.659574,0.745283,0.606742,0.684685,0.564815,0.586957,0.617647,0.683673,0.54023,0.584071,0.57732,0.61165,0.614583,0.586538,0.619048,0.536842,0.54955,0.58427,0.621053,0.542857,0.566265,0.547009,0.62,0.61,0.709677,0.654206,
90800,0.6,0.589474,0.656863,0.632653,0.638095,0.631579,0.634783,0.588235,0.588785,0.569892,0.605769,0.59375,0.632075,0.638298,0.601942,0.701031,0.696078,0.683673,0.625,0.634615,0.573034,0.612613,0.5,0.64,0.594059,0.646465,0.61,0.61,0.572816,0.628866,0.6,0.55,0.55914,0.504673,0.6,0.609524,0.543689,0.618557,0.699029,0.597938,0.576471,0.695652,0.61165,0.57732,0.565217,0.611111,0.47191,0.540541,0.584906,0.648936,0.597938,0.543689,0.602041,0.607843,0.625,0.596154,0.52809,0.594595,0.610526,0.647619,0.6,0.663158,0.715517,0.642857,0.63,0.59,0.68,0.52,0.564356,0.656566,0.56044,0.642202,0.488636,0.6875,0.659574,0.537736,0.622449,0.607843,0.571429,0.607843,0.628866,0.533981,0.580952,0.610526,0.59292,0.609195,0.613861,0.585859,0.67619,0.568421,0.609091,0.577778,0.617021,0.518868,0.591398,0.635514,0.546392,0.572816,0.616162,0.623762,
91000,0.593407,0.522936,0.652174,0.541176,0.615385,0.65625,0.495238,0.631579,0.57732,0.669903,0.657143,0.747368,0.567308,0.625,0.648649,0.674157,0.628866,0.621359,0.685393,0.531532,0.572816,0.670103,0.51,0.57,0.464646,0.544554,0.715789,0.609524,0.617021,0.537736,0.556701,0.475728,0.533981,0.505155,0.657143,0.526316,0.603604,0.595506,0.575472,0.617021,0.6,0.642105,0.622449,0.578431,0.418182,0.644444,0.645833,0.567308,0.57,0.67,0.611111,0.717391,0.653846,0.541667,0.57,0.56,0.607477,0.55914,0.619048,0.589474,0.694118,0.591304,0.527778,0.663043,0.631579,0.590476,0.601942,0.618557,0.706522,0.537037,0.623656,0.560748,0.51,0.63,0.607143,0.625,0.536842,0.571429,0.611765,0.521739,0.666667,0.586538,0.702128,0.575472,0.524272,0.742268,0.656863,0.530612,0.591398,0.579439,0.645161,0.588785,0.555556,0.590909,0.650485,0.639175,0.657895,0.662791,0.51,0.53,
91200,0.553191,0.556604,0.6,0.522222,0.54717,0.606383,0.608696,0.611111,0.588889,0.563636,0.669725,0.637363,0.676768,0.663366,0.56044,0.633028,0.673469,0.54902,0.682692,0.5625,0.606383,0.632075,0.576923,0.645833,0.526316,0.428571,0.697248,0.615385,0.647059,0.5,0.591398,0.598131,0.558824,0.561224,0.628571,0.515789,0.516854,0.648649,0.707547,0.606383,0.707071,0.60396,0.653465,0.636364,0.527273,0.7,0.538462,0.651376,0.556701,0.563107,0.6,0.63,0.584416,0.585366,0.655914,0.598131,0.564815,0.532609,0.618557,0.699029,0.67033,0.504587,0.494253,0.663717,0.649485,0.533981,0.575758,0.633663,0.525253,0.633663,0.583333,0.646552,0.606061,0.742574,0.669811,0.659574,0.52809,0.621622,0.521277,0.566038,0.65625,0.509615,0.714286,0.642202,0.632479,0.60241,0.563107,0.649485,0.598039,0.642857,0.555556,0.597826,0.568627,0.591837,0.632653,0.588235,0.663265,0.588235,0.60396,0.555556,
91400,0.640777,0.56701,0.697917,0.586538,0.545455,0.566667,0.62963,0.597826,0.610526,0.628571,0.669811,0.56383,0.646465,0.613861,0.612245,0.578431,0.697917,0.615385,0.569106,0.571429,0.533333,0.645455,0.542056,0.569892,0.518519,0.619565,0.576577,0.595506,0.705263,0.714286,0.588235,0.591837,0.542857,0.621053,0.605769,0.572917,0.59434,0.617021,0.601942,0.639175,0.623656,0.663551,0.633028,0.593407,0.582524,0.57732,0.590909,0.555556,0.623656,0.579439,0.574257,0.606061,0.640449,0.477477,0.56,0.6,0.692982,0.534884,0.543478,0.583333,0.638095,0.589474,0.621359,0.618557,0.596154,0.489583,0.597561,0.59322,0.637363,0.504587,0.601942,0.608247,0.6,0.609524,0.582524,0.639175,0.728972,0.591398,0.568421,0.590476,0.693069,0.626263,0.601942,0.659794,0.544554,0.626263,0.606061,0.623762,0.616071,0.568182,0.654867,0.643678,0.504673,0.483871,0.592233,0.494845,0.541667,0.605769,0.554348,0.527778,
91600,0.611111,0.472727,0.614458,0.581197,0.643564,0.555556,0.535714,0.613636,0.638095,0.631579,0.659091,0.5625,0.606383,0.679245,0.504762,0.621053,0.623762,0.656566,0.659574,0.59434,0.575758,0.623762,0.58,0.51,0.60396,0.646465,0.626087,0.470588,0.563107,0.608247,0.613208,0.531915,0.632075,0.648936,0.581633,0.666667,0.527778,0.565217,0.53,0.64,0.544554,0.565657,0.511111,0.7,0.587629,0.640777,0.480392,0.540816,0.663366,0.656566,0.527473,0.59633,0.550459,0.571429,0.54902,0.602041,0.564356,0.515152,0.510417,0.567308,0.683673,0.607843,0.672897,0.591398,0.613861,0.666667,0.625,0.653846,0.56044,0.577982,0.574468,0.650943,0.653465,0.656566,0.648148,0.652174,0.526316,0.523256,0.619048,0.547368,0.558824,0.428571,0.6,0.67619,0.690722,0.650485,0.623853,0.593407,0.643564,0.535354,0.679612,0.546392,0.609195,0.539823,0.631068,0.56701,0.75,0.603448,0.616822,0.623656,
91800,0.57732,0.572816,0.640777,0.536082,0.615385,0.65625,0.680851,0.641509,0.653061,0.558824,0.686869,0.643564,0.563107,0.618557,0.631579,0.6,0.575758,0.653465,0.6,0.552941,0.546392,0.621359,0.535354,0.653465,0.550562,0.63964,0.641304,0.62963,0.673077,0.552083,0.649123,0.662791,0.589286,0.613636,0.61165,0.618557,0.613861,0.575758,0.523256,0.561404,0.718447,0.608247,0.578947,0.546512,0.590476,0.736842,0.538462,0.59633,0.506024,0.598291,0.581818,0.544444,0.611765,0.591304,0.622222,0.563636,0.623762,0.585859,0.582524,0.618557,0.60396,0.545455,0.52439,0.601695,0.613861,0.616162,0.627451,0.642857,0.533333,0.536842,0.563107,0.670103,0.595238,0.655172,0.744681,0.622642,0.613208,0.542553,0.654762,0.612069,0.644231,0.53125,0.612245,0.647059,0.672897,0.72043,0.584071,0.655172,0.6875,0.556818,0.701923,0.697917,0.550459,0.582418,0.675439,0.581395,0.677083,0.586538,0.591398,0.457944,
92000,0.612903,0.551402,0.692308,0.59375,0.572816,0.587629,0.704762,0.694737,0.650943,0.43617,0.632653,0.637255,0.663265,0.627451,0.574074,0.652174,0.648352,0.642202,0.644231,0.614583,0.560748,0.591398,0.646465,0.683168,0.625,0.580357,0.666667,0.71028,0.647619,0.631579,0.612613,0.662921,0.633929,0.613636,0.666667,0.654545,0.6,0.57,0.588235,0.5,0.584906,0.574468,0.635417,0.682692,0.556701,0.631068,0.616822,0.688172,0.609091,0.555556,0.511364,0.616071,0.593407,0.53211,0.578947,0.552381,0.550562,0.504505,0.57,0.64,0.55,0.57,0.648936,0.650943,0.519231,0.583333,0.601942,0.57732,0.622449,0.539216,0.659091,0.535714,0.640351,0.604651,0.666667,0.652632,0.650485,0.639175,0.62766,0.54717,0.585586,0.505618,0.593407,0.633028,0.666667,0.635514,0.566667,0.672727,0.686869,0.534653,0.643564,0.616162,0.451613,0.542056,0.641509,0.638298,0.608247,0.543689,0.541176,0.565217,
92200,0.646465,0.623762,0.605769,0.65625,0.63,0.59,0.494845,0.563107,0.561905,0.631579,0.621849,0.62963,0.541284,0.549451,0.654206,0.623656,0.724138,0.548673,0.679245,0.595745,0.581197,0.674699,0.622222,0.618182,0.565657,0.564356,0.71028,0.623656,0.647619,0.526316,0.592233,0.505155,0.585106,0.641509,0.601942,0.587629,0.727273,0.607143,0.701031,0.640777,0.642105,0.580952,0.659794,0.61165,0.558824,0.44898,0.514286,0.547368,0.663265,0.598039,0.59375,0.586538,0.69,0.54,0.52,0.56,0.648352,0.486239,0.585586,0.674157,0.575758,0.524752,0.650485,0.57732,0.640777,0.587629,0.588235,0.653061,0.645161,0.663551,0.686869,0.554455,0.613208,0.62766,0.679612,0.474227,0.669725,0.637363,0.59375,0.605769,0.578431,0.561224,0.56044,0.623853,0.612613,0.606742,0.490566,0.56383,0.587629,0.640777,0.6,0.591304,0.595745,0.5,0.627451,0.653061,0.526882,0.682243,0.625,0.576923,
92400,0.64486,0.55914,0.568182,0.526786,0.510204,0.656863,0.658824,0.66087,0.568627,0.581633,0.666667,0.6,0.657143,0.652632,0.648649,0.651685,0.601942,0.659794,0.581818,0.611111,0.625,0.614583,0.648936,0.688679,0.525773,0.650485,0.576087,0.675926,0.54023,0.628319,0.552941,0.547826,0.553191,0.59434,0.421569,0.510204,0.494737,0.657143,0.533333,0.673684,0.55,0.53,0.580952,0.568421,0.609524,0.610526,0.489362,0.575472,0.571429,0.614679,0.606383,0.641509,0.621849,0.530864,0.601852,0.554348,0.608696,0.583333,0.67,0.54,0.59596,0.643564,0.663366,0.69697,0.644231,0.552083,0.597701,0.628319,0.680851,0.54717,0.575758,0.60396,0.643564,0.666667,0.617021,0.632075,0.513043,0.576471,0.691589,0.634409,0.565657,0.554455,0.5,0.607143,0.639175,0.718447,0.6,0.568421,0.606061,0.613861,0.556701,0.640777,0.505495,0.559633,0.530973,0.609195,0.594828,0.619048,0.65625,0.576923,
92600,0.575221,0.586207,0.643564,0.606061,0.602041,0.607843,0.656863,0.612245,0.71028,0.677419,0.586207,0.610619,0.728155,0.56701,0.575,0.5875,0.627451,0.55102,0.597826,0.537037,0.608696,0.546296,0.594059,0.757576,0.625,0.633929,0.634409,0.570093,0.645161,0.71028,0.680412,0.601942,0.4875,0.541667,0.479167,0.634615,0.489583,0.673077,0.637363,0.623853,0.534653,0.626263,0.545455,0.613861,0.5625,0.557692,0.68932,0.556701,0.552083,0.615385,0.514563,0.597938,0.645161,0.607477,0.6,0.682353,0.571429,0.647059,0.582418,0.605505,0.585106,0.679245,0.666667,0.654206,0.61,0.47,0.651685,0.576577,0.571429,0.529412,0.535714,0.761364,0.579545,0.571429,0.679612,0.618557,0.607477,0.548387,0.576471,0.678261,0.633028,0.582418,0.586538,0.645833,0.623853,0.703297,0.659794,0.631068,0.67033,0.513761,0.6,0.589474,0.615385,0.559633,0.53125,0.634615,0.546512,0.561404,0.581818,0.577778,
92800,0.494382,0.540541,0.614679,0.593407,0.576923,0.625,0.444444,0.673267,0.535354,0.524752,0.638095,0.610526,0.6,0.695238,0.612903,0.626168,0.627273,0.711111,0.637363,0.541284,0.598039,0.510204,0.674157,0.630631,0.596491,0.686047,0.71,0.59,0.646341,0.576271,0.590476,0.505263,0.534653,0.636364,0.546392,0.582524,0.6,0.568421,0.614583,0.596154,0.639535,0.596491,0.547368,0.628571,0.697248,0.582418,0.597826,0.583333,0.515789,0.609524,0.597826,0.611111,0.59292,0.574713,0.653061,0.588235,0.714286,0.631579,0.60396,0.585859,0.637931,0.690476,0.595745,0.679245,0.546392,0.631068,0.6,0.657143,0.612613,0.617978,0.573171,0.652542,0.542553,0.688679,0.705263,0.590476,0.673469,0.558824,0.565657,0.633663,0.55,0.61,0.522523,0.595506,0.526316,0.504762,0.609524,0.589474,0.594059,0.636364,0.584746,0.54878,0.529412,0.581633,0.606383,0.698113,0.641026,0.626506,0.631579,0.638095,
93000,0.582524,0.443299,0.605505,0.56044,0.617647,0.55102,0.654206,0.602151,0.64486,0.591398,0.594595,0.617978,0.543689,0.690722,0.670213,0.613208,0.571429,0.670455,0.618557,0.514563,0.630435,0.648148,0.59375,0.538462,0.532609,0.555556,0.583333,0.51087,0.516484,0.633028,0.621622,0.573034,0.564815,0.521739,0.58,0.66,0.5,0.574468,0.69697,0.584158,0.623932,0.53012,0.628866,0.621359,0.561224,0.607843,0.698925,0.551402,0.542857,0.589474,0.615385,0.510417,0.484211,0.447619,0.653846,0.65625,0.556701,0.495146,0.673077,0.6875,0.61165,0.649485,0.581633,0.656863,0.633663,0.606061,0.591837,0.666667,0.641304,0.601852,0.614679,0.659341,0.596639,0.555556,0.581633,0.705882,0.588785,0.580645,0.590476,0.610526,0.588235,0.55102,0.610526,0.628571,0.615385,0.642202,0.6875,0.653846,0.581633,0.54902,0.633333,0.627273,0.479592,0.529412,0.633028,0.637363,0.656566,0.633663,0.598131,0.569892,
93200,0.63,0.53,0.67619,0.715789,0.546392,0.631068,0.597826,0.564815,0.656566,0.534653,0.622449,0.578431,0.635417,0.634615,0.526882,0.607477,0.617978,0.585586,0.642202,0.604396,0.66,0.65,0.622449,0.598039,0.535354,0.613861,0.705882,0.6,0.659794,0.650485,0.653846,0.635417,0.623932,0.518072,0.585106,0.679245,0.625,0.604167,0.574074,0.543478,0.663636,0.622222,0.6,0.685714,0.659341,0.633028,0.622449,0.54902,0.617647,0.653061,0.564356,0.565657,0.638298,0.59434,0.634409,0.635514,0.548077,0.510417,0.666667,0.663636,0.628571,0.610526,0.653465,0.656566,0.647059,0.567901,0.630435,0.675926,0.603774,0.617021,0.631068,0.670103,0.608696,0.527778,0.631068,0.628866,0.547368,0.533333,0.580645,0.570093,0.629921,0.575342,0.597826,0.666667,0.651685,0.621622,0.533333,0.590909,0.571429,0.605505,0.578431,0.622449,0.561798,0.558559,0.533333,0.631579,0.561798,0.63964,0.655914,0.654206,
93400,0.513043,0.494118,0.486239,0.538462,0.606383,0.679245,0.544444,0.609091,0.592233,0.608247,0.67033,0.66055,0.646465,0.653465,0.59596,0.584158,0.666667,0.630435,0.75,0.58,0.6875,0.586538,0.623656,0.485981,0.598039,0.571429,0.625,0.480769,0.649485,0.563107,0.718447,0.618557,0.597826,0.638889,0.445652,0.592593,0.591304,0.694118,0.564815,0.586957,0.557692,0.677083,0.581633,0.568627,0.55814,0.614035,0.586538,0.552083,0.588235,0.489796,0.656566,0.613861,0.560748,0.473118,0.59,0.62,0.6,0.536842,0.553191,0.622642,0.646465,0.683168,0.612613,0.674157,0.555556,0.6,0.519231,0.510417,0.649485,0.543689,0.65625,0.625,0.546296,0.630435,0.61,0.6,0.618557,0.524272,0.51,0.63,0.585106,0.622642,0.59596,0.514851,0.567568,0.617978,0.515152,0.623762,0.47619,0.610526,0.556701,0.640777,0.521277,0.556604,0.587156,0.692308,0.619048,0.673684,0.623762,0.555556,
93600,0.570175,0.488372,0.619565,0.574074,0.618557,0.533981,0.566265,0.555556,0.590476,0.663158,0.695238,0.663158,0.572917,0.634615,0.5625,0.636364,0.593407,0.605505,0.632653,0.588235,0.657143,0.610526,0.597701,0.584071,0.505747,0.575221,0.582524,0.546392,0.555556,0.619565,0.666667,0.55102,0.611111,0.490909,0.71875,0.596154,0.570093,0.569892,0.591398,0.635514,0.5,0.519231,0.596491,0.651163,0.555556,0.565217,0.61,0.5,0.645833,0.625,0.655914,0.607477,0.673077,0.510417,0.61,0.65,0.61,0.59,0.62,0.65,0.554348,0.583333,0.567568,0.651685,0.673684,0.666667,0.616162,0.643564,0.586538,0.666667,0.565657,0.673267,0.604167,0.576923,0.666667,0.652632,0.56044,0.559633,0.581633,0.705882,0.570093,0.591398,0.564356,0.626263,0.505495,0.633028,0.581197,0.518072,0.628571,0.631579,0.62963,0.608696,0.464646,0.485149,0.569892,0.523364,0.524752,0.626263,0.571429,0.568807,
93800,0.62766,0.613208,0.626263,0.693069,0.56701,0.543689,0.628319,0.563218,0.564356,0.585859,0.601852,0.586957,0.537736,0.680851,0.641304,0.601852,0.607143,0.613636,0.694737,0.647619,0.5625,0.557692,0.58427,0.693694,0.552083,0.653846,0.602151,0.654206,0.598039,0.663265,0.601852,0.543478,0.524272,0.649485,0.564356,0.686869,0.584158,0.626263,0.571429,0.59633,0.585586,0.719101,0.525773,0.61165,0.625,0.682692,0.481481,0.673913,0.556701,0.553398,0.531915,0.716981,0.61165,0.556701,0.575472,0.617021,0.584071,0.528736,0.625,0.625,0.601942,0.618557,0.617978,0.558559,0.636364,0.651786,0.639344,0.564103,0.653061,0.588235,0.617647,0.642857,0.609091,0.655556,0.575758,0.683168,0.587629,0.553398,0.65625,0.548077,0.655172,0.522124,0.625,0.59375,0.645833,0.634615,0.622222,0.627273,0.54023,0.663717,0.556818,0.598214,0.570093,0.569892,0.686869,0.60396,0.578947,0.609524,0.666667,0.554348,
94000,0.553398,0.494845,0.609524,0.652632,0.636364,0.598214,0.613861,0.676768,0.623656,0.598131,0.535354,0.712871,0.657407,0.73913,0.505263,0.628571,0.551402,0.580645,0.662921,0.576577,0.578947,0.533333,0.55914,0.719626,0.582524,0.556701,0.635514,0.526882,0.657658,0.606742,0.636364,0.49505,0.587156,0.582418,0.524752,0.69697,0.639175,0.533981,0.6,0.590476,0.582524,0.556701,0.554455,0.606061,0.577778,0.636364,0.669725,0.593407,0.588889,0.636364,0.666667,0.633663,0.613208,0.489362,0.59375,0.653846,0.632075,0.62766,0.613636,0.678571,0.666667,0.701923,0.64486,0.655914,0.598039,0.622449,0.62037,0.51087,0.604167,0.605769,0.610526,0.552381,0.589286,0.693182,0.597938,0.640777,0.564706,0.6,0.579439,0.666667,0.615385,0.587156,0.602041,0.647059,0.602041,0.666667,0.524752,0.575758,0.580952,0.6,0.614583,0.615385,0.621053,0.485714,0.565217,0.583333,0.57,0.71,0.60396,0.484848,
94200,0.635514,0.569892,0.674157,0.567568,0.581633,0.607843,0.473684,0.619048,0.594059,0.565657,0.639175,0.669903,0.615385,0.59375,0.597938,0.640777,0.648148,0.673913,0.685714,0.484211,0.630435,0.555556,0.61,0.66,0.692308,0.635417,0.67619,0.547368,0.607843,0.622449,0.62,0.56,0.647059,0.602041,0.638095,0.589474,0.533981,0.618557,0.647059,0.602041,0.586538,0.510417,0.649123,0.569767,0.625,0.663462,0.68,0.61,0.578947,0.514286,0.635417,0.653846,0.704082,0.607843,0.636364,0.722772,0.567308,0.572917,0.607477,0.655914,0.626263,0.653465,0.578947,0.523256,0.518868,0.606383,0.676471,0.602041,0.731183,0.588785,0.698795,0.623932,0.514851,0.626263,0.591837,0.529412,0.632075,0.712766,0.538462,0.59633,0.509804,0.653061,0.638554,0.564103,0.652174,0.62963,0.633663,0.656566,0.692308,0.520833,0.694444,0.608696,0.585859,0.524752,0.608696,0.564815,0.631579,0.647619,0.621359,0.649485,
94400,0.59,0.57,0.631579,0.609524,0.561224,0.509804,0.604167,0.548077,0.762376,0.656566,0.598039,0.683673,0.735632,0.690265,0.592105,0.580645,0.659794,0.582524,0.618557,0.601942,0.52809,0.675676,0.618182,0.677778,0.632653,0.656863,0.676471,0.663265,0.670213,0.518868,0.673077,0.541667,0.571429,0.726316,0.5,0.65625,0.466667,0.557895,0.701031,0.582524,0.715517,0.571429,0.57,0.64,0.616279,0.622807,0.526882,0.579439,0.568421,0.685714,0.5,0.641509,0.73494,0.538462,0.576087,0.62037,0.571429,0.589474,0.584158,0.646465,0.606383,0.556604,0.565657,0.643564,0.61,0.58,0.57,0.56,0.676471,0.591837,0.672727,0.633333,0.465347,0.686869,0.7,0.609091,0.602041,0.509804,0.583333,0.653846,0.598039,0.5,0.586207,0.548673,0.64486,0.655914,0.649485,0.514563,0.576923,0.59375,0.663158,0.619048,0.574713,0.619469,0.591837,0.588235,0.571429,0.578947,0.586538,0.552083,
94600,0.679612,0.536082,0.596154,0.541667,0.637931,0.642857,0.663043,0.555556,0.649485,0.61165,0.594059,0.707071,0.612903,0.551402,0.621622,0.662921,0.566667,0.6,0.679612,0.57732,0.588235,0.561224,0.54,0.63,0.557692,0.5625,0.643564,0.606061,0.683168,0.565657,0.686869,0.514851,0.634409,0.607477,0.56383,0.575472,0.576923,0.59375,0.72449,0.637255,0.656566,0.623762,0.567797,0.560976,0.572917,0.615385,0.555556,0.6,0.647059,0.602041,0.632653,0.539216,0.586207,0.464286,0.603604,0.674157,0.650943,0.521277,0.594595,0.640449,0.647059,0.565217,0.530612,0.627451,0.650943,0.62766,0.635514,0.548387,0.613208,0.617021,0.640777,0.690722,0.515464,0.582524,0.645833,0.596154,0.657658,0.516854,0.564356,0.575758,0.673684,0.590476,0.634409,0.682243,0.618557,0.563107,0.607143,0.602273,0.695238,0.568421,0.663265,0.568627,0.524272,0.701031,0.644231,0.53125,0.566038,0.56383,0.590476,0.578947,
94800,0.591837,0.529412,0.633663,0.545455,0.607477,0.537634,0.666667,0.672897,0.582609,0.564706,0.623762,0.646465,0.626168,0.623656,0.569892,0.579439,0.53,0.62,0.612613,0.561798,0.568421,0.590476,0.630435,0.75,0.61165,0.618557,0.630631,0.606742,0.505495,0.587156,0.609524,0.6,0.62766,0.641509,0.707317,0.635593,0.60177,0.586207,0.59596,0.613861,0.545455,0.5625,0.477778,0.636364,0.494737,0.6,0.65,0.67,0.524752,0.676768,0.659574,0.650943,0.571429,0.578947,0.647059,0.626087,0.592233,0.608247,0.559633,0.637363,0.571429,0.557895,0.65,0.64,0.608247,0.582524,0.610526,0.533333,0.67,0.51,0.603774,0.62766,0.535714,0.579545,0.666667,0.6,0.585106,0.603774,0.618557,0.61165,0.683673,0.568627,0.581395,0.631579,0.632075,0.5,0.571429,0.627451,0.611765,0.626087,0.558824,0.683673,0.558824,0.581633,0.648148,0.619565,0.578947,0.609524,0.577982,0.659341,
95000,0.57,0.5,0.585106,0.632075,0.588235,0.591837,0.594059,0.59596,0.5,0.51087,0.740385,0.65625,0.612245,0.647059,0.542553,0.622642,0.597701,0.548673,0.619469,0.597701,0.5625,0.659091,0.707865,0.63964,0.633663,0.626263,0.69697,0.633663,0.637931,0.678571,0.645833,0.615385,0.569892,0.672897,0.575758,0.623762,0.646465,0.683168,0.631068,0.597938,0.674157,0.684685,0.619565,0.574074,0.591398,0.579439,0.556604,0.585106,0.605769,0.59375,0.531915,0.584906,0.625,0.5,0.611111,0.51087,0.635593,0.52439,0.465347,0.555556,0.701923,0.583333,0.552381,0.536842,0.646018,0.586207,0.64,0.57,0.643564,0.535354,0.505155,0.582524,0.622642,0.62766,0.574468,0.613208,0.627451,0.5,0.618557,0.601942,0.561224,0.607843,0.563107,0.525773,0.544444,0.654545,0.62766,0.669811,0.495413,0.538462,0.558559,0.58427,0.650485,0.587629,0.69,0.61,0.623656,0.691589,0.613208,0.553191,
95200,0.597938,0.524272,0.69,0.48,0.653465,0.484848,0.57,0.67,0.6875,0.663462,0.649485,0.553398,0.626263,0.613861,0.68,0.58,0.536082,0.572816,0.592233,0.57732,0.653846,0.645833,0.583333,0.615385,0.581633,0.656863,0.669903,0.57732,0.663551,0.72043,0.55,0.62,0.617021,0.660377,0.542056,0.623656,0.6,0.631579,0.634615,0.541667,0.5,0.65625,0.553398,0.628866,0.619469,0.494253,0.602041,0.598039,0.544643,0.488636,0.597938,0.553398,0.584158,0.484848,0.542553,0.688679,0.626263,0.594059,0.70297,0.717172,0.684211,0.55814,0.68,0.62,0.695652,0.583333,0.657407,0.586957,0.637255,0.561224,0.63,0.67,0.5,0.705882,0.616822,0.516129,0.55814,0.587719,0.540816,0.705882,0.597701,0.557522,0.553398,0.742268,0.636364,0.683168,0.645161,0.672897,0.685185,0.51087,0.643564,0.646465,0.626263,0.485149,0.68,0.55,0.663366,0.606061,0.525773,0.524272,
95400,0.59375,0.480769,0.636364,0.50495,0.631068,0.536082,0.553398,0.597938,0.621359,0.587629,0.588889,0.609091,0.637255,0.632653,0.628866,0.679612,0.657658,0.640449,0.6,0.588889,0.622449,0.578431,0.628571,0.568421,0.532609,0.638889,0.696078,0.653061,0.591837,0.588235,0.556604,0.659574,0.480769,0.572917,0.52809,0.738739,0.563636,0.633333,0.707547,0.638298,0.543689,0.628866,0.603604,0.685393,0.6,0.618182,0.575758,0.574257,0.575221,0.563218,0.606061,0.633663,0.651376,0.483516,0.505051,0.554455,0.518182,0.666667,0.639175,0.640777,0.568627,0.632653,0.659341,0.697248,0.557895,0.571429,0.59,0.56,0.65,0.54,0.628571,0.631579,0.692308,0.65625,0.579439,0.580645,0.699029,0.556701,0.61,0.63,0.640449,0.657658,0.666667,0.565217,0.639175,0.592233,0.602151,0.579439,0.663158,0.6,0.653061,0.627451,0.566372,0.632184,0.575758,0.643564,0.505051,0.60396,0.583333,0.596154,
95600,0.557692,0.479167,0.618557,0.621359,0.612903,0.560748,0.625,0.613636,0.546392,0.553398,0.5,0.625,0.677419,0.64486,0.58427,0.585586,0.621359,0.546392,0.553398,0.670103,0.663265,0.627451,0.626263,0.554455,0.570093,0.526882,0.702128,0.650943,0.683168,0.565657,0.663043,0.648148,0.595506,0.513514,0.697248,0.505495,0.655556,0.536364,0.698113,0.521277,0.663551,0.602151,0.511905,0.543103,0.561224,0.529412,0.645161,0.598131,0.582524,0.618557,0.628571,0.610526,0.563107,0.505155,0.571429,0.696078,0.60177,0.574713,0.631579,0.72381,0.730769,0.5625,0.618557,0.601942,0.588889,0.554545,0.59375,0.567308,0.655914,0.626168,0.638298,0.603774,0.564815,0.663043,0.6,0.561905,0.605505,0.648352,0.65625,0.605769,0.632653,0.54902,0.552083,0.596154,0.648352,0.642202,0.516129,0.560748,0.672897,0.612903,0.68,0.6,0.50495,0.555556,0.582609,0.482353,0.621053,0.695238,0.636364,0.574257,
95800,0.542553,0.537736,0.647059,0.612245,0.621359,0.597938,0.646465,0.574257,0.505376,0.588785,0.675676,0.58427,0.638095,0.642105,0.603774,0.670213,0.591837,0.529412,0.694737,0.495238,0.613208,0.648936,0.653846,0.604167,0.588889,0.581818,0.561905,0.547368,0.554348,0.583333,0.704082,0.598039,0.528302,0.531915,0.457447,0.575472,0.483146,0.63964,0.557692,0.59375,0.635417,0.548077,0.54,0.65,0.584906,0.638298,0.514286,0.547368,0.646465,0.554455,0.652174,0.611111,0.639175,0.572816,0.568421,0.638095,0.631068,0.57732,0.616162,0.564356,0.682353,0.565217,0.602041,0.627451,0.563218,0.628319,0.5,0.642857,0.72381,0.621053,0.648352,0.53211,0.524272,0.690722,0.646465,0.594059,0.683168,0.535354,0.585586,0.561798,0.572816,0.546392,0.571429,0.578431,0.634615,0.625,0.628571,0.642105,0.625,0.59375,0.645161,0.654206,0.530612,0.568627,0.622642,0.585106,0.519231,0.614583,0.602151,0.588785,
96000,0.556522,0.611765,0.588235,0.561224,0.672897,0.516129,0.541176,0.591304,0.644231,0.604167,0.638889,0.543478,0.636364,0.6875,0.653465,0.646465,0.711538,0.572917,0.595745,0.556604,0.673469,0.617647,0.504854,0.608247,0.551724,0.522124,0.572917,0.509615,0.594595,0.539326,0.563107,0.618557,0.581633,0.509804,0.560748,0.666667,0.54717,0.691489,0.66,0.62,0.666667,0.588785,0.647059,0.622449,0.557692,0.625,0.632075,0.489362,0.537634,0.495327,0.607477,0.612903,0.616162,0.574257,0.510638,0.603774,0.621359,0.628866,0.649485,0.708738,0.615385,0.604167,0.631068,0.597938,0.566667,0.590909,0.547368,0.552381,0.648,0.466667,0.549451,0.587156,0.621053,0.609524,0.68,0.63,0.611111,0.618182,0.598131,0.688172,0.561224,0.588235,0.663551,0.602151,0.598131,0.623656,0.646465,0.554455,0.606383,0.650943,0.593023,0.596491,0.536082,0.582524,0.575472,0.585106,0.634615,0.65625,0.545455,0.554455,
96200,0.621622,0.438202,0.605263,0.430233,0.607843,0.673469,0.612069,0.547619,0.590476,0.642105,0.568807,0.615385,0.522936,0.637363,0.543478,0.694444,0.606061,0.544554,0.68932,0.56701,0.685185,0.782609,0.638889,0.565217,0.632653,0.627451,0.638298,0.688679,0.669903,0.608247,0.663366,0.565657,0.582524,0.618557,0.5,0.625,0.686869,0.544554,0.612903,0.700935,0.642857,0.54902,0.572816,0.56701,0.660194,0.649485,0.617021,0.641509,0.638298,0.584906,0.547368,0.552381,0.686869,0.613861,0.623853,0.505495,0.640777,0.484536,0.56,0.56,0.6,0.638095,0.617021,0.575472,0.565657,0.653465,0.61165,0.701031,0.731092,0.666667,0.614679,0.648352,0.432692,0.635417,0.55102,0.666667,0.610526,0.504762,0.609524,0.568421,0.695652,0.583333,0.522936,0.648352,0.623762,0.656566,0.564356,0.626263,0.659091,0.633929,0.58,0.65,0.539216,0.612245,0.627907,0.561404,0.548387,0.691589,0.6,0.5,
96400,0.647059,0.530612,0.666667,0.52809,0.546512,0.570175,0.477273,0.5,0.604396,0.59633,0.663265,0.656863,0.636364,0.623762,0.617647,0.510204,0.630435,0.648148,0.623656,0.560748,0.556604,0.638298,0.637255,0.632653,0.590909,0.622222,0.633663,0.676768,0.6,0.647619,0.589474,0.647619,0.588235,0.602041,0.54902,0.755102,0.56044,0.669725,0.588235,0.602041,0.563107,0.690722,0.53,0.62,0.524752,0.59596,0.598039,0.520408,0.571429,0.59633,0.553398,0.608247,0.681818,0.660714,0.628866,0.669903,0.554455,0.535354,0.586957,0.611111,0.594059,0.666667,0.591398,0.635514,0.60396,0.515152,0.609091,0.611111,0.677419,0.626168,0.563107,0.628866,0.578431,0.571429,0.65,0.66,0.594059,0.636364,0.531915,0.632075,0.652632,0.647619,0.542553,0.660377,0.607477,0.591398,0.576087,0.546296,0.540541,0.494382,0.721154,0.75,0.529412,0.602041,0.588235,0.5,0.530435,0.623529,0.649485,0.621359,
96600,0.552381,0.526316,0.536585,0.669492,0.581633,0.568627,0.647619,0.568421,0.642105,0.647619,0.60241,0.615385,0.574074,0.663043,0.613208,0.56383,0.602151,0.607477,0.606383,0.603774,0.616071,0.522727,0.568421,0.647619,0.657143,0.526316,0.631579,0.552381,0.676768,0.564356,0.56383,0.632075,0.67,0.52,0.489362,0.641509,0.653465,0.686869,0.592593,0.576087,0.586957,0.583333,0.588889,0.554545,0.54,0.64,0.669811,0.638298,0.531532,0.617978,0.585586,0.662921,0.584906,0.606383,0.569892,0.616822,0.607843,0.540816,0.57732,0.61165,0.576471,0.634783,0.673077,0.677083,0.688172,0.626168,0.53,0.55,0.650485,0.546392,0.619048,0.621053,0.568807,0.692308,0.6875,0.634615,0.574468,0.490566,0.586538,0.572917,0.606061,0.554455,0.612613,0.573034,0.622642,0.595745,0.642857,0.613636,0.666667,0.588785,0.632075,0.62766,0.555556,0.472727,0.72381,0.642105,0.609524,0.610526,0.678899,0.747253,
96800,0.568627,0.5,0.663265,0.627451,0.575472,0.531915,0.545455,0.524752,0.618557,0.543689,0.631579,0.628571,0.611111,0.695652,0.567797,0.597561,0.5625,0.586538,0.6,0.533333,0.485981,0.569892,0.663793,0.666667,0.55,0.57,0.601942,0.639175,0.590476,0.610526,0.572917,0.548077,0.522727,0.598214,0.619048,0.525862,0.631068,0.57732,0.62766,0.641509,0.586957,0.592593,0.613208,0.638298,0.653465,0.575758,0.581633,0.490196,0.628866,0.699029,0.676768,0.564356,0.606383,0.537736,0.54,0.65,0.711538,0.5625,0.529412,0.673469,0.702128,0.632075,0.619565,0.601852,0.59434,0.638298,0.760417,0.567308,0.643478,0.517647,0.666667,0.652174,0.54,0.64,0.575758,0.623762,0.547619,0.560345,0.64,0.55,0.596491,0.476744,0.523256,0.675439,0.642105,0.590476,0.505155,0.68932,0.652632,0.647619,0.67619,0.621053,0.542553,0.584906,0.617021,0.603774,0.622642,0.574468,0.644231,0.520833,
97000,0.537634,0.514019,0.663366,0.616162,0.606061,0.60396,0.569767,0.552632,0.640449,0.630631,0.565217,0.555556,0.614035,0.662791,0.653061,0.666667,0.632075,0.648936,0.622642,0.56383,0.623656,0.504673,0.679612,0.690722,0.523364,0.634409,0.649485,0.708738,0.655172,0.628319,0.61,0.57,0.652632,0.638095,0.609195,0.619469,0.59,0.55,0.65625,0.625,0.628319,0.54023,0.593407,0.559633,0.610526,0.657143,0.571429,0.673684,0.622449,0.509804,0.616822,0.655914,0.590909,0.598214,0.59,0.71,0.571429,0.610526,0.626263,0.584158,0.616162,0.653465,0.566038,0.638298,0.633929,0.568182,0.638298,0.59434,0.639175,0.601942,0.663158,0.580952,0.471698,0.510638,0.631579,0.695238,0.59434,0.553191,0.61,0.6,0.628319,0.436782,0.656863,0.632653,0.598039,0.632653,0.494382,0.657658,0.595745,0.556604,0.643564,0.656566,0.54717,0.553191,0.633663,0.646465,0.536082,0.708738,0.59375,0.5,
97200,0.584906,0.489362,0.633663,0.535354,0.663462,0.520833,0.637168,0.678161,0.636364,0.584158,0.666667,0.575221,0.648649,0.752809,0.676768,0.653465,0.650943,0.680851,0.71134,0.650485,0.578431,0.622449,0.54023,0.681416,0.663551,0.602151,0.679012,0.621849,0.722772,0.545455,0.69697,0.554455,0.597938,0.621359,0.55102,0.676471,0.575758,0.534653,0.553398,0.618557,0.571429,0.656863,0.631579,0.580952,0.59375,0.586538,0.515464,0.601942,0.485437,0.587629,0.631068,0.639175,0.574468,0.613208,0.6,0.638095,0.514019,0.537634,0.670103,0.582524,0.574074,0.652174,0.554545,0.633333,0.545455,0.511111,0.623656,0.607477,0.663158,0.514286,0.595745,0.54717,0.509804,0.520408,0.63,0.61,0.582524,0.494845,0.581633,0.656863,0.638889,0.608696,0.568627,0.581633,0.5,0.554545,0.627273,0.644444,0.617021,0.641509,0.691489,0.575472,0.561224,0.529412,0.53,0.52,0.679612,0.649485,0.652174,0.62037,
97400,0.521739,0.518519,0.681818,0.6,0.54902,0.653061,0.619048,0.473684,0.622449,0.676471,0.58427,0.621622,0.54717,0.659574,0.692982,0.662791,0.5,0.653846,0.56044,0.678899,0.62,0.65,0.576087,0.638889,0.653846,0.677083,0.680412,0.669903,0.652174,0.675926,0.597938,0.61165,0.566667,0.609091,0.5,0.658333,0.706422,0.637363,0.648352,0.550459,0.610526,0.6,0.572917,0.615385,0.653061,0.607843,0.563107,0.680412,0.637255,0.581633,0.640777,0.597938,0.542553,0.528302,0.586957,0.657407,0.609091,0.566667,0.622642,0.638298,0.619565,0.657407,0.62963,0.673913,0.688172,0.626168,0.65,0.66,0.645161,0.523364,0.590909,0.571429,0.677083,0.615385,0.526316,0.619048,0.643678,0.681416,0.678161,0.628319,0.495495,0.651685,0.509615,0.572917,0.64,0.59,0.638298,0.584906,0.569892,0.626168,0.656863,0.704082,0.490909,0.633333,0.657143,0.610526,0.566372,0.62069,0.633663,0.686869,
97600,0.660377,0.553191,0.639175,0.592233,0.565657,0.594059,0.621622,0.629213,0.655172,0.557522,0.616162,0.673267,0.641509,0.606383,0.537736,0.702128,0.607477,0.634409,0.6,0.545455,0.666667,0.672727,0.515789,0.628571,0.54023,0.539823,0.59596,0.60396,0.565217,0.555556,0.561224,0.637255,0.656566,0.623762,0.580952,0.663158,0.57,0.56,0.574468,0.622642,0.686869,0.574257,0.525,0.666667,0.510417,0.663462,0.587629,0.543689,0.49,0.62,0.55914,0.570093,0.6,0.61,0.601942,0.597938,0.607595,0.553719,0.642857,0.460784,0.622449,0.607843,0.685714,0.684211,0.579545,0.553571,0.616162,0.514851,0.7,0.61,0.569767,0.692982,0.576923,0.604167,0.546392,0.61165,0.553191,0.613208,0.515464,0.660194,0.6,0.61,0.570093,0.698925,0.536082,0.718447,0.54902,0.632653,0.536082,0.660194,0.578947,0.685714,0.613208,0.595745,0.613861,0.535354,0.616162,0.673267,0.62,0.54,
97800,0.644231,0.5,0.557895,0.571429,0.669725,0.659341,0.556818,0.625,0.657658,0.595506,0.677083,0.625,0.608247,0.621359,0.525253,0.594059,0.63964,0.640449,0.7,0.645455,0.542857,0.663158,0.62963,0.641304,0.514851,0.585859,0.62963,0.576087,0.614679,0.538462,0.505155,0.524272,0.489796,0.637255,0.505263,0.638095,0.475248,0.727273,0.544554,0.545455,0.647727,0.598214,0.494505,0.697248,0.579439,0.623656,0.638889,0.565217,0.555556,0.594059,0.559633,0.615385,0.616162,0.633663,0.524752,0.656566,0.651163,0.526316,0.581633,0.617647,0.524272,0.618557,0.601942,0.659794,0.52381,0.515789,0.703297,0.66055,0.659794,0.504854,0.555556,0.712871,0.552381,0.715789,0.590909,0.642857,0.615385,0.5625,0.564356,0.555556,0.568421,0.590476,0.59434,0.553191,0.556604,0.531915,0.724138,0.566372,0.585586,0.674157,0.72449,0.578431,0.571429,0.480392,0.683168,0.585859,0.604938,0.605042,0.612245,0.558824,
98000,0.678899,0.527473,0.525253,0.60396,0.653061,0.617647,0.616162,0.633663,0.63,0.57,0.547368,0.609524,0.690722,0.650485,0.675926,0.565217,0.594059,0.464646,0.663265,0.647059,0.59375,0.615385,0.582524,0.618557,0.633929,0.715909,0.630435,0.648148,0.666667,0.693878,0.565657,0.534653,0.579439,0.645161,0.58427,0.693694,0.634615,0.583333,0.62,0.63,0.640777,0.608247,0.609195,0.60177,0.544554,0.636364,0.55102,0.54902,0.556701,0.650485,0.611111,0.618182,0.638095,0.578947,0.529412,0.642857,0.63,0.56,0.53,0.66,0.54717,0.553191,0.564815,0.673913,0.597938,0.553398,0.666667,0.546512,0.645833,0.576923,0.595745,0.650943,0.553191,0.679245,0.673267,0.636364,0.605263,0.604651,0.622449,0.54902,0.574713,0.663717,0.595745,0.613208,0.582524,0.649485,0.679612,0.536082,0.522727,0.660714,0.67033,0.688073,0.585106,0.556604,0.645455,0.588889,0.537736,0.670213,0.605505,0.659341,
98200,0.643678,0.486726,0.609756,0.584746,0.607477,0.634409,0.569892,0.654206,0.625,0.576923,0.575472,0.670213,0.568807,0.615385,0.603774,0.553191,0.697248,0.67033,0.643564,0.69697,0.585859,0.732673,0.645161,0.672897,0.595745,0.566038,0.663462,0.65625,0.72,0.69,0.67619,0.578947,0.556701,0.543689,0.548077,0.645833,0.510204,0.647059,0.708333,0.673077,0.662921,0.540541,0.528736,0.672566,0.572727,0.633333,0.521739,0.555556,0.575758,0.534653,0.621053,0.619048,0.516129,0.570093,0.574468,0.650943,0.68,0.6,0.632653,0.676471,0.509615,0.614583,0.632653,0.617647,0.560345,0.583333,0.611111,0.618182,0.58,0.69,0.531915,0.632075,0.589474,0.685714,0.619469,0.54023,0.56383,0.613208,0.642105,0.609524,0.666667,0.632653,0.584906,0.702128,0.591398,0.607477,0.558824,0.612245,0.676768,0.633663,0.635417,0.673077,0.509091,0.566667,0.619565,0.611111,0.515152,0.60396,0.580952,0.547368,
98400,0.574257,0.636364,0.585106,0.584906,0.639175,0.553398,0.566372,0.574713,0.631068,0.597938,0.634615,0.645833,0.623762,0.626263,0.589474,0.542857,0.626168,0.602151,0.623762,0.59596,0.543478,0.694444,0.642105,0.590476,0.563218,0.654867,0.555556,0.584158,0.592233,0.587629,0.651376,0.615385,0.62963,0.586957,0.544554,0.656566,0.637255,0.622449,0.663265,0.588235,0.572816,0.659794,0.682692,0.614583,0.535354,0.49505,0.597938,0.504854,0.637255,0.581633,0.700935,0.55914,0.666667,0.534653,0.639175,0.61165,0.557692,0.5,0.548387,0.691589,0.542553,0.660377,0.588235,0.683673,0.654545,0.611111,0.606383,0.613208,0.622222,0.627273,0.574074,0.673913,0.580645,0.635514,0.519608,0.55102,0.554455,0.636364,0.515152,0.594059,0.574468,0.528302,0.569892,0.635514,0.5,0.655556,0.574468,0.575472,0.627907,0.657895,0.61165,0.680412,0.596154,0.5625,0.672566,0.597701,0.59375,0.644231,0.663462,0.635417,
98600,0.57,0.58,0.679612,0.515464,0.553398,0.536082,0.566038,0.702128,0.634615,0.5625,0.740385,0.666667,0.602151,0.672897,0.65,0.591667,0.637255,0.530612,0.576087,0.574074,0.63,0.57,0.59375,0.653846,0.598291,0.53012,0.619565,0.527778,0.544643,0.5,0.676471,0.571429,0.539216,0.520408,0.560748,0.634409,0.641509,0.531915,0.725275,0.633028,0.542553,0.584906,0.552381,0.557895,0.624,0.586667,0.617647,0.520408,0.663265,0.607843,0.480392,0.632653,0.650943,0.617021,0.601942,0.639175,0.558824,0.632653,0.575221,0.528736,0.660714,0.556818,0.625,0.666667,0.568807,0.637363,0.57732,0.572816,0.638095,0.557895,0.695238,0.673684,0.545455,0.677778,0.545455,0.554455,0.646552,0.666667,0.575758,0.633663,0.594059,0.545455,0.68,0.6,0.67619,0.6,0.680412,0.572816,0.709402,0.638554,0.679612,0.618557,0.516393,0.576923,0.598039,0.540816,0.588889,0.654545,0.516484,0.614679,
98800,0.54955,0.595506,0.701031,0.485437,0.586538,0.65625,0.640449,0.576577,0.654206,0.548387,0.717172,0.60396,0.75,0.652174,0.672727,0.633333,0.716814,0.609195,0.61165,0.587629,0.607143,0.568966,0.574257,0.666667,0.465517,0.488095,0.6,0.5,0.659574,0.518868,0.675676,0.539326,0.623656,0.588785,0.656863,0.571429,0.559633,0.505495,0.710526,0.616279,0.673913,0.527778,0.555556,0.663366,0.598039,0.622449,0.53,0.65,0.640777,0.680412,0.572816,0.649485,0.543689,0.525773,0.614679,0.637363,0.537037,0.565217,0.645455,0.6,0.642857,0.598039,0.653465,0.666667,0.617021,0.575472,0.590476,0.568421,0.62766,0.650943,0.591837,0.647059,0.625,0.682692,0.608696,0.657407,0.591398,0.616822,0.581633,0.647059,0.625,0.571429,0.58,0.67,0.647619,0.610526,0.653061,0.578431,0.555556,0.653465,0.59434,0.585106,0.46,0.52,0.6875,0.653846,0.525773,0.68932,0.561798,0.540541,
99000,0.591837,0.568627,0.566038,0.617021,0.56383,0.509434,0.514563,0.597938,0.691589,0.580645,0.584746,0.512195,0.619048,0.694737,0.544643,0.590909,0.545455,0.574257,0.606061,0.574257,0.62766,0.59434,0.628866,0.640777,0.578431,0.704082,0.663462,0.604167,0.591398,0.616822,0.683761,0.457831,0.614583,0.480769,0.619565,0.62963,0.586538,0.53125,0.64,0.65,0.609195,0.59292,0.623656,0.495327,0.612245,0.588235,0.525253,0.564356,0.615385,0.677083,0.56701,0.543689,0.633663,0.626263,0.565217,0.675926,0.602041,0.656863,0.619565,0.675926,0.616822,0.602151,0.547368,0.638095,0.652174,0.564815,0.641509,0.648936,0.583333,0.596154,0.598039,0.520408,0.533981,0.71134,0.595745,0.641509,0.592233,0.556701,0.597938,0.601942,0.563636,0.577778,0.648936,0.660377,0.569767,0.614035,0.703297,0.587156,0.520833,0.605769,0.666667,0.584158,0.560748,0.55914,0.648936,0.509434,0.572816,0.659794,0.541176,0.617391,
99200,0.59375,0.625,0.559633,0.626374,0.49,0.7,0.604167,0.528846,0.586538,0.5625,0.603774,0.617021,0.634615,0.666667,0.581633,0.617647,0.631068,0.690722,0.621359,0.536082,0.595506,0.594595,0.572816,0.670103,0.630252,0.604938,0.71,0.54,0.650943,0.510638,0.554455,0.505051,0.470085,0.518072,0.455446,0.565657,0.643564,0.575758,0.656863,0.571429,0.632075,0.585106,0.69697,0.613861,0.663366,0.585859,0.628866,0.543689,0.682353,0.565217,0.598039,0.704082,0.6,0.552381,0.545455,0.663366,0.639175,0.495146,0.675926,0.619565,0.645161,0.626168,0.62037,0.652174,0.565217,0.546296,0.730769,0.708333,0.643678,0.584071,0.586957,0.657407,0.546392,0.699029,0.55,0.61,0.69697,0.633663,0.534091,0.616071,0.609524,0.526316,0.685393,0.612613,0.595506,0.630631,0.640777,0.494845,0.59434,0.521277,0.578431,0.622449,0.6,0.53,0.590909,0.6875,0.54717,0.595745,0.584158,0.565657,
99400,0.574713,0.646018,0.552083,0.596154,0.555556,0.563636,0.54717,0.606383,0.638298,0.528302,0.570175,0.651163,0.542553,0.59434,0.504854,0.587629,0.542553,0.59434,0.544554,0.646465,0.683673,0.598039,0.580645,0.654206,0.59375,0.663462,0.642857,0.617647,0.574713,0.548673,0.585859,0.485149,0.568182,0.544643,0.557692,0.5625,0.609195,0.59292,0.587719,0.616279,0.530612,0.558824,0.731959,0.61165,0.67033,0.614679,0.656863,0.581633,0.675926,0.532609,0.63964,0.550562,0.571429,0.558824,0.685185,0.597826,0.561404,0.465116,0.641509,0.606383,0.59,0.68,0.656863,0.602041,0.59434,0.62766,0.585106,0.688679,0.611111,0.532609,0.622449,0.588235,0.546296,0.695652,0.60396,0.636364,0.611111,0.5,0.585106,0.566038,0.573171,0.59322,0.60177,0.655172,0.533333,0.690909,0.655914,0.551402,0.67,0.67,0.619565,0.62037,0.572917,0.509615,0.621359,0.56701,0.541667,0.605769,0.563107,0.608247,
99600,0.622642,0.5,0.537037,0.532609,0.606061,0.70297,0.530612,0.578431,0.676768,0.564356,0.631579,0.561905,0.666667,0.728972,0.581633,0.588235,0.574074,0.608696,0.585859,0.633663,0.57732,0.699029,0.548387,0.570093,0.560748,0.645161,0.636364,0.643564,0.647059,0.683673,0.71875,0.625,0.747475,0.613861,0.71,0.58,0.45098,0.653061,0.693182,0.678571,0.607477,0.688172,0.628571,0.652632,0.584906,0.680851,0.548077,0.677083,0.607843,0.602041,0.633333,0.627273,0.68,0.51,0.584158,0.626263,0.604651,0.587719,0.549451,0.724771,0.626263,0.633663,0.617021,0.650943,0.642105,0.6,0.711111,0.5,0.696078,0.622449,0.623853,0.626374,0.537736,0.62766,0.682692,0.625,0.525773,0.553398,0.625,0.625,0.685393,0.621622,0.561798,0.621622,0.637255,0.653061,0.613636,0.5625,0.594059,0.686869,0.666667,0.632653,0.535354,0.514851,0.679612,0.628866,0.694737,0.628571,0.645161,0.588785,
99800,0.598131,0.612903,0.642857,0.617647,0.53,0.67,0.55102,0.696078,0.611111,0.6,0.583333,0.673913,0.617978,0.630631,0.558333,0.5875,0.61,0.59,0.635417,0.596154,0.597938,0.61165,0.614679,0.604396,0.574257,0.656566,0.672727,0.633333,0.568627,0.642857,0.626374,0.504587,0.591837,0.568627,0.603604,0.58427,0.530612,0.578431,0.577778,0.590909,0.632653,0.598039,0.698925,0.635514,0.623529,0.626087,0.514563,0.56701,0.515789,0.590476,0.590909,0.633333,0.702128,0.575472,0.568421,0.571429,0.57732,0.572816,0.553398,0.597938,0.645455,0.611111,0.63,0.68,0.577982,0.593407,0.636364,0.594059,0.701149,0.522124,0.593407,0.623853,0.565657,0.594059,0.575758,0.524752,0.62963,0.630435,0.524272,0.618557,0.582418,0.642202,0.637168,0.712644,0.58,0.63,0.603774,0.595745,0.656566,0.60396,0.628571,0.568421,0.459184,0.578431,0.673684,0.485714,0.57,0.71,0.611765,0.530435,
100000,0.556701,0.504854,0.6,0.580952,0.596154,0.53125,0.578947,0.514286,0.64,0.56,0.616162,0.673267,0.584158,0.636364,0.575472,0.585106,0.552083,0.557692,0.67619,0.610526,0.52381,0.578947,0.536585,0.610169,0.657658,0.617978,0.645833,0.596154,0.663366,0.565657,0.558559,0.483146,0.608696,0.666667,0.642202,0.593407,0.688172,0.672897,0.59596,0.683168,0.543689,0.463918,0.57732,0.679612,0.555556,0.565217,0.617647,0.581633,0.6,0.609524,0.533333,0.642105,0.583333,0.538462,0.489362,0.613208,0.626168,0.537634,0.628571,0.652632,0.495238,0.547368,0.645161,0.64486,0.616162,0.514851,0.622449,0.54902,0.578947,0.552381,0.61165,0.443299,0.603774,0.659574,0.705882,0.683673,0.697248,0.67033,0.666667,0.572727,0.583333,0.596154,0.650485,0.56701,0.626168,0.709677,0.630435,0.583333,0.6,0.542857,0.561798,0.666667,0.634615,0.53125,0.587156,0.593407,0.632075,0.638298,0.618182,0.611111,
