mc_step,l = 0_K,l = 0_gamma,l = 1_K,l = 1_gamma,l = 2_K,l = 2_gamma,l = 3_K,l = 3_gamma,l = 4_K,l = 4_gamma,l = 5_K,l = 5_gamma,l = 6_K,l = 6_gamma,l = 7_K,l = 7_gamma,l = 8_K,l = 8_gamma,l = 9_K,l = 9_gamma,l = 10_K,l = 10_gamma,l = 11_K,l = 11_gamma,l = 12_K,l = 12_gamma,l = 13_K,l = 13_gamma,l = 14_K,l = 14_gamma,l = 15_K,l = 15_gamma,l = 16_K,l = 16_gamma,l = 17_K,l = 17_gamma,l = 18_K,l = 18_gamma,l = 19_K,l = 19_gamma,l = 20_K,l = 20_gamma,l = 21_K,l = 21_gamma,l = 22_K,l = 22_gamma,l = 23_K,l = 23_gamma,l = 24_K,l = 24_gamma,l = 25_K,l = 25_gamma,l = 26_K,l = 26_gamma,l = 27_K,l = 27_gamma,l = 28_K,l = 28_gamma,l = 29_K,l = 29_gamma,l = 30_K,l = 30_gamma,l = 31_K,l = 31_gamma,l = 32_K,l = 32_gamma,l = 33_K,l = 33_gamma,l = 34_K,l = 34_gamma,l = 35_K,l = 35_gamma,l = 36_K,l = 36_gamma,l = 37_K,l = 37_gamma,l = 38_K,l = 38_gamma,l = 39_K,l = 39_gamma,l = 40_K,l = 40_gamma,l = 41_K,l = 41_gamma,l = 42_K,l = 42_gamma,l = 43_K,l = 43_gamma,l = 44_K,l = 44_gamma,l = 45_K,l = 45_gamma,l = 46_K,l = 46_gamma,l = 47_K,l = 47_gamma,l = 48_K,l = 48_gamma,l = 49_K,l = 49_gamma,
200,0.0139029,0.0137938,0.014,0.0138947,0.013717,0.0136809,0.0137849,0.0138131,0.0139029,0.0132784,0.0138969,0.0138058,0.013901,0.013798,0.0138901,0.014,0.0139099,0.0138876,0.0138913,0.0137222,0.0139048,0.0137895,0.0137826,0.014,0.0139029,0.0138969,0.0139115,0.0138851,0.013899,0.013802,0.0138058,0.0137938,0.0137248,0.0134505,0.0137917,0.0136154,0.0136117,0.0132784,0.0133458,0.0127097,0.0131089,0.0125859,0.0121522,0.011963,0.012913,0.0111296,0.0111579,0.0110476,0.0109608,0.01,0.0110833,0.00948077,0.00879592,0.01,0.00828571,0.00929412,0.00807407,0.0091087,0.00737209,0.01,0.00776238,0.01,0.00876636,0.0084086,0.0079,0.0084,0.00807767,0.00894845,0.00828571,0.00821053,0.00768421,0.00733333,0.00797959,0.00870588,0.00823077,0.009,0.00693913,0.00806884,0.00491009,0.00570941,0.00353256,0.00327134,0.00238526,0.00218226,0.00151361,0.00127279,0.000978231,0.00104633,0.000646597,0.000609004,0.000442,0.000439975,0.000293317,0.000312894,0.000203561,0.000199271,0.000125269,0.000124054,8.85766e-05,7.47664e-05,
400,0.0190204,0.0190511,0.0190455,0.0190316,0.0189056,0.0191532,0.0191474,0.0193383,0.0185951,0.0183343,0.0189212,0.0188967,0.0191888,0.0190356,0.0191627,0.0194627,0.0194739,0.0188759,0.0194478,0.0190829,0.0191039,0.0189808,0.0188121,0.0191116,0.0192986,0.0188567,0.0190897,0.0189863,0.0185899,0.0190573,0.0187759,0.0188975,0.0188188,0.0185505,0.0187829,0.0180583,0.0171507,0.0161996,0.0167956,0.0150894,0.0107758,0.0149924,0.0100022,0.011963,0.0107382,0.0111296,0.00904377,0.0102059,0.00949935,0.00842105,0.0103749,0.00802644,0.00819705,0.00881132,0.0088381,0.00723963,0.00807407,0.00592065,0.00667288,0.00720388,0.00668759,0.00684404,0.0070627,0.0064943,0.00576619,0.00645903,0.00639878,0.0063187,0.00547902,0.0058673,0.00543806,0.00461529,0.0050839,0.00669423,0.00532963,0.00569091,0.00513639,0.00518599,0.00388131,0.00414683,0.00267466,0.00239898,0.0018043,0.00182076,0.00126673,0.000981488,0.000794686,0.000875669,0.000535751,0.000521853,0.000412534,0.000375137,0.00025117,0.000276766,0.000203561,0.000153439,0.000112122,0.000107262,8.38388e-05,6.53222e-05,
600,0.0262195,0.0266715,0.026267,0.0264612,0.0261042,0.026615,0.0266291,0.0270736,0.0260332,0.0255014,0.0261074,0.0264554,0.0268643,0.0266498,0.026638,0.0266581,0.0268258,0.025746,0.0270305,0.026716,0.025857,0.0260736,0.0254237,0.0265593,0.0262139,0.0260367,0.0265036,0.0265808,0.0260259,0.0261409,0.0257115,0.0247891,0.0246858,0.024835,0.0187829,0.0211282,0.0197233,0.0181622,0.0197045,0.0140932,0.0132077,0.0130813,0.0113143,0.011963,0.0128442,0.0111296,0.0103542,0.00898519,0.0101674,0.00769483,0.00983622,0.00680575,0.0074196,0.00660421,0.0088381,0.00616078,0.00692309,0.00449076,0.0054446,0.00528285,0.0057216,0.00416864,0.00485299,0.00358171,0.00456984,0.00362539,0.00410208,0.00367634,0.00382967,0.00337227,0.00321655,0.00262984,0.00277496,0.00312827,0.00293416,0.00286141,0.0027527,0.00239518,0.002107,0.00218725,0.00159479,0.00134652,0.00114328,0.000963239,0.000751863,0.000521014,0.000514723,0.000436872,0.000381363,0.000325792,0.000340722,0.000268304,0.000214206,0.00018137,0.000153801,0.000132515,0.000102129,8.06455e-05,8.38388e-05,5.37393e-05,
800,0.0361722,0.0365557,0.0364913,0.0365511,0.0365459,0.0364024,0.0368136,0.0369587,0.0361913,0.0354417,0.0359889,0.0362958,0.0376101,0.0365335,0.0367324,0.0360519,0.0372581,0.0355763,0.0375612,0.0368886,0.0359156,0.0360247,0.0353363,0.0363941,0.0355472,0.035257,0.0363178,0.0358707,0.0364362,0.0349185,0.034355,0.0290921,0.0319238,0.0268321,0.0241661,0.0211282,0.024425,0.0181622,0.0237602,0.0140932,0.0155161,0.0130813,0.0131572,0.0127992,0.0147102,0.0111296,0.0109399,0.00795323,0.0101674,0.00729529,0.00799727,0.00631422,0.0074196,0.00615456,0.00791299,0.00544534,0.00623078,0.00380281,0.0054446,0.00441273,0.0046543,0.00331754,0.00386317,0.00306073,0.00387484,0.00249594,0.00296797,0.00225832,0.00310879,0.00224359,0.00238944,0.00171632,0.00206067,0.00182936,0.00208525,0.00164605,0.00193209,0.00151865,0.00133375,0.00112294,0.000906349,0.000837838,0.000777861,0.000633874,0.000511548,0.000337259,0.000372698,0.000298213,0.000297826,0.00022634,0.000247394,0.000186819,0.000172951,0.00014549,0.000133406,0.000108221,0.000102129,7.0209e-05,8.38388e-05,4.83654e-05,
1000,0.0495337,0.0508195,0.0501441,0.0507364,0.0504477,0.0491061,0.0505164,0.0493318,0.0503022,0.0464603,0.0500417,0.0492859,0.0522959,0.0503778,0.0510722,0.0482194,0.0521613,0.0483978,0.0514588,0.0505374,0.0494164,0.0482792,0.0472391,0.0492186,0.047227,0.044175,0.0480778,0.0445552,0.0448812,0.0402502,0.0403846,0.0327429,0.0384402,0.0305312,0.028516,0.023241,0.026662,0.0195683,0.0249597,0.0158076,0.0173085,0.0144205,0.0143623,0.0127992,0.0161654,0.0111296,0.0109399,0.00848344,0.0101674,0.00805184,0.00799727,0.00571406,0.0074196,0.00615456,0.00747495,0.00508644,0.00482099,0.0033284,0.00507497,0.0039957,0.00430408,0.00270095,0.00350013,0.00232302,0.00311636,0.00205797,0.00267118,0.00167824,0.00218967,0.00170762,0.00166473,0.00117466,0.00165258,0.00125442,0.00148434,0.000996859,0.00143581,0.00102586,0.00101963,0.000690668,0.000768834,0.000524646,0.000587883,0.000438429,0.000413028,0.000255877,0.000313603,0.000233209,0.000224723,0.000178557,0.000208911,0.00014377,0.000161421,0.000122518,0.000124272,8.8279e-05,9.56007e-05,6.21657e-05,8.38388e-05,4.26332e-05,
1200,0.0678153,0.0686804,0.0686974,0.0679868,0.0661315,0.0667644,0.0682467,0.0665476,0.066971,0.0626739,0.0677417,0.0679289,0.067878,0.0695411,0.068342,0.0656345,0.0698645,0.0663194,0.0689548,0.0677202,0.0645502,0.0661982,0.0621613,0.0657307,0.059371,0.057387,0.0633842,0.0575723,0.0555062,0.0484581,0.0469851,0.0391079,0.0412643,0.0361586,0.031775,0.023241,0.0327822,0.0218047,0.0279237,0.0172668,0.0200308,0.0144205,0.0158571,0.0127992,0.0161654,0.0102977,0.0109399,0.00848344,0.0101674,0.00753945,0.00799727,0.00571406,0.0074196,0.00551281,0.00679933,0.00463078,0.00482099,0.0033284,0.00507497,0.00314208,0.00430408,0.00249169,0.00319741,0.00189496,0.00260581,0.00185218,0.00245971,0.00149428,0.00194741,0.00145631,0.00145705,0.00109872,0.0014681,0.00105195,0.00122046,0.000915298,0.00103189,0.000758572,0.000780622,0.00056028,0.000599405,0.000415155,0.000477858,0.000377724,0.000413028,0.000210695,0.000313603,0.000214373,0.000224723,0.000164135,0.000192283,0.000118117,0.000148,0.000101988,0.000117368,7.54384e-05,9.56007e-05,6.21657e-05,8.38388e-05,4.62004e-05,
1400,0.0908313,0.0920725,0.0918376,0.0912965,0.087762,0.0915443,0.0915309,0.0877342,0.0925417,0.0842616,0.0898665,0.0906216,0.0928158,0.0934942,0.0915368,0.0866895,0.0935329,0.088946,0.0945086,0.0851339,0.0892573,0.0847968,0.0863716,0.0832589,0.07734,0.0691282,0.0788341,0.0656545,0.0666074,0.0549191,0.0561904,0.0436321,0.0491334,0.0395207,0.0378652,0.0262802,0.038683,0.0235491,0.0279237,0.0172668,0.0219732,0.0144205,0.0170795,0.0127992,0.0174227,0.0102977,0.0109399,0.00787981,0.0101674,0.00753945,0.00845426,0.00571406,0.0074196,0.00496153,0.00628443,0.00463078,0.00482099,0.0033284,0.00479006,0.00279133,0.00430408,0.00235578,0.00297759,0.00189496,0.00247296,0.00157246,0.00214541,0.00137734,0.00194741,0.00126319,0.00145705,0.000958326,0.00125175,0.000961781,0.00104084,0.000658236,0.00092405,0.0006955,0.000676034,0.000466708,0.000557447,0.000377791,0.000423729,0.000311731,0.000362937,0.000189625,0.000313603,0.000191758,0.000242794,0.000164135,0.000192283,0.000111674,0.000148,9.33039e-05,0.000117368,7.54384e-05,9.56007e-05,6.21657e-05,8.38388e-05,4.62004e-05,
1600,0.116372,0.120531,0.123274,0.118305,0.112705,0.118572,0.125283,0.116923,0.11977,0.111822,0.117335,0.119158,0.125992,0.119426,0.115588,0.115173,0.113858,0.118965,0.116714,0.112166,0.117199,0.100657,0.112988,0.10187,0.0987909,0.0842776,0.0959572,0.0778037,0.0788841,0.06736,0.0618094,0.0436321,0.0574482,0.0395207,0.041611,0.0296697,0.0426558,0.02556,0.0313809,0.0172668,0.0247306,0.0144205,0.0179926,0.0127992,0.0174227,0.0102977,0.0123049,0.00787981,0.0101674,0.00753945,0.00769172,0.00571406,0.0081225,0.00439449,0.00628443,0.00426221,0.00431118,0.0033284,0.00479006,0.00260351,0.00430408,0.00235578,0.00297759,0.00189496,0.00247296,0.00157246,0.00226609,0.00127933,0.00178873,0.00108195,0.00153901,0.000908567,0.00105255,0.000843132,0.00104084,0.000599129,0.00092405,0.000561324,0.000676034,0.000408709,0.000506961,0.00034805,0.000423729,0.00029573,0.000326643,0.000189625,0.000274324,0.000181126,0.000242794,0.000153193,0.000192283,0.000103925,0.000148,9.33039e-05,0.000103954,7.54384e-05,9.56007e-05,6.21657e-05,8.38388e-05,4.62004e-05,
1800,0.154775,0.156691,0.158081,0.15597,0.147939,0.158666,0.162271,0.157538,0.159694,0.147402,0.154975,0.153581,0.162022,0.150532,0.151772,0.149512,0.149154,0.142758,0.150713,0.141454,0.15029,0.128594,0.144732,0.125054,0.132068,0.102738,0.123678,0.0961937,0.100577,0.0720511,0.0781319,0.0489399,0.0656551,0.0432647,0.0449947,0.0322828,0.0458839,0.02556,0.0313809,0.0172668,0.0247306,0.0144205,0.019776,0.0127992,0.0192361,0.0102977,0.0123049,0.00787981,0.010722,0.00753945,0.00817834,0.00603898,0.00754915,0.00413441,0.00628443,0.00393944,0.00494697,0.0033284,0.00450375,0.00242379,0.00430408,0.00217524,0.00297759,0.00176012,0.00220094,0.00138377,0.00210885,0.00118903,0.00178873,0.000962938,0.00142107,0.000744439,0.00105255,0.000730168,0.00104084,0.000599129,0.000770314,0.000495514,0.00059543,0.000384868,0.000506961,0.000318858,0.000423729,0.000243543,0.000326643,0.000176642,0.000249529,0.00015924,0.000242794,0.000153193,0.000172043,0.000103925,0.000138681,9.33039e-05,0.000103954,6.78946e-05,9.56007e-05,6.21657e-05,7.42572e-05,4.37688e-05,
2000,0.200562,0.207314,0.197319,0.21304,0.185762,0.205188,0.213221,0.201413,0.201288,0.189554,0.187602,0.200387,0.212535,0.18924,0.19275,0.18988,0.18423,0.178906,0.185069,0.182172,0.195377,0.156651,0.176069,0.155836,0.155073,0.115989,0.154122,0.111492,0.117904,0.0834046,0.085573,0.0535764,0.0733481,0.0460063,0.0482913,0.034761,0.0516797,0.02556,0.0313809,0.0192681,0.0247306,0.0144205,0.0181317,0.0127992,0.0177132,0.0102977,0.013035,0.00727256,0.010722,0.00753945,0.00885852,0.00603898,0.00754915,0.00413441,0.00628443,0.00427118,0.00494697,0.0033284,0.00450375,0.00242379,0.00399783,0.00198037,0.00297759,0.00165451,0.00220094,0.00138377,0.00227141,0.00110442,0.00166729,0.000962938,0.00142107,0.000744439,0.00105255,0.0006247,0.000946765,0.000599129,0.000689312,0.000453178,0.00059543,0.000364169,0.000506961,0.000318858,0.000423729,0.000243543,0.000301238,0.000176642,0.000249529,0.00015924,0.000242794,0.000153193,0.000172043,0.000103925,0.000138681,8.39735e-05,0.000110147,6.78946e-05,8.74064e-05,5.82394e-05,7.42572e-05,4.37688e-05,
2200,0.244837,0.24613,0.250849,0.268129,0.230846,0.246595,0.272156,0.231171,0.254965,0.227465,0.23378,0.242969,0.257698,0.230363,0.236414,0.236047,0.226603,0.218266,0.214608,0.211395,0.229472,0.185744,0.218604,0.155836,0.185176,0.136346,0.166054,0.120661,0.124673,0.0886628,0.102338,0.0581986,0.0845474,0.0460063,0.052332,0.034761,0.0516797,0.02556,0.0313809,0.0192681,0.0247306,0.0144205,0.0181317,0.0119033,0.0177132,0.0116083,0.013035,0.0081247,0.010722,0.00753945,0.00885852,0.00650258,0.00802823,0.00441004,0.00628443,0.00427118,0.00494697,0.0033284,0.00450375,0.0026266,0.00399783,0.00198037,0.00297759,0.00165451,0.00220094,0.00138377,0.00227141,0.00110442,0.00166729,0.000962938,0.00133817,0.000698627,0.00105255,0.000712892,0.000946765,0.000599129,0.000689312,0.000407861,0.00059543,0.000364169,0.000506961,0.000318858,0.000450619,0.000243543,0.000301238,0.000176642,0.000249529,0.00015924,0.000218515,0.0001451,0.000158935,0.000103925,0.000138681,7.93176e-05,0.000110147,6.78946e-05,8.74064e-05,5.45169e-05,6.85039e-05,4.89817e-05,
2400,0.287242,0.292011,0.292348,0.312292,0.273394,0.304972,0.325061,0.281383,0.326261,0.283836,0.284168,0.292565,0.299674,0.273305,0.286505,0.273242,0.273852,0.256153,0.244293,0.243672,0.271064,0.227893,0.250903,0.17965,0.228078,0.159208,0.190179,0.132984,0.137602,0.0886628,0.102338,0.0581986,0.0845474,0.0460063,0.052332,0.034761,0.0516797,0.02556,0.0330028,0.0192681,0.0247306,0.0144205,0.0191771,0.0126522,0.0177132,0.0116083,0.013035,0.00866635,0.010722,0.00753945,0.00885852,0.00610242,0.00905001,0.00441004,0.00575734,0.00427118,0.00494697,0.00295686,0.00450375,0.0026266,0.00367492,0.00198037,0.00297759,0.00176482,0.00220094,0.00126148,0.00227141,0.00110442,0.00166729,0.000902981,0.00133817,0.000743026,0.00114589,0.000712892,0.000946765,0.000539216,0.000689312,0.000440489,0.00059543,0.000329555,0.000479309,0.000294058,0.000403281,0.000243543,0.000278023,0.000176642,0.000249529,0.00015924,0.00023158,0.00013552,0.000158935,0.000103925,0.000138681,7.42478e-05,0.000110147,6.78946e-05,8.74064e-05,5.45169e-05,6.85039e-05,4.89817e-05,
2600,0.337711,0.333457,0.329305,0.312292,0.328589,0.368562,0.384712,0.336566,0.367785,0.316275,0.352627,0.341674,0.334342,0.307328,0.346122,0.325727,0.329165,0.304279,0.276157,0.309607,0.302043,0.269025,0.290861,0.20855,0.240907,0.173904,0.190179,0.132984,0.137602,0.0948605,0.110901,0.0581986,0.0845474,0.0460063,0.052332,0.034761,0.0516797,0.02556,0.0330028,0.020352,0.0265334,0.0136763,0.0191771,0.0126522,0.016581,0.0116083,0.013035,0.00866635,0.010722,0.00753945,0.00885852,0.00610242,0.0081873,0.00465662,0.00575734,0.0039966,0.00494697,0.00295686,0.00426509,0.0026266,0.00394282,0.00185687,0.00272405,0.00176482,0.00220094,0.00132986,0.00227141,0.00110442,0.00166729,0.000902981,0.00133817,0.000743026,0.00114589,0.000645064,0.000899,0.000539216,0.000689312,0.000440489,0.00059543,0.0003469,0.000479309,0.000277166,0.000354723,0.000243543,0.000278023,0.000176642,0.000264638,0.00014769,0.000208422,0.000123323,0.000158935,0.000121152,0.000127643,7.84697e-05,0.000115759,6.78946e-05,9.35163e-05,5.45169e-05,6.29221e-05,4.89817e-05,
2800,0.380369,0.374742,0.377204,0.357401,0.369272,0.411238,0.446117,0.376534,0.406962,0.366644,0.41944,0.341674,0.382916,0.345254,0.390762,0.368456,0.360349,0.321666,0.301011,0.337472,0.338786,0.287831,0.290861,0.24312,0.264268,0.212473,0.214744,0.150374,0.149474,0.105702,0.118654,0.0634785,0.0925572,0.0460063,0.0580013,0.034761,0.055125,0.02556,0.0372657,0.0190995,0.0286268,0.0136763,0.0191771,0.0116506,0.016581,0.0116083,0.014191,0.00866635,0.010722,0.00753945,0.00885852,0.00610242,0.00757958,0.0043944,0.00527252,0.0039966,0.00494697,0.00295686,0.00426509,0.0026266,0.00358573,0.00185687,0.00272405,0.00165136,0.00220094,0.00121234,0.00198187,0.00110442,0.00148355,0.000989738,0.00144636,0.000743026,0.00106866,0.000645064,0.000899,0.000539216,0.000620381,0.00041442,0.00059543,0.0003469,0.000479309,0.000277166,0.000354723,0.000226214,0.000297576,0.000176642,0.000229153,0.00014769,0.000193592,0.000134114,0.000158935,0.000121152,0.000134087,7.84697e-05,0.000115759,6.78946e-05,0.000103803,6.10589e-05,7.06472e-05,4.53205e-05,
3000,0.428102,0.409922,0.377204,0.402888,0.407197,0.411238,0.417942,0.43391,0.406962,0.406364,0.447403,0.405127,0.382916,0.375662,0.441561,0.368456,0.393612,0.370654,0.322113,0.374168,0.378483,0.311769,0.31771,0.24312,0.304493,0.212473,0.214744,0.150374,0.149474,0.105702,0.13237,0.0634785,0.0925572,0.0460063,0.0646301,0.034761,0.0516871,0.027901,0.0400036,0.0190995,0.0286268,0.015109,0.0214241,0.0126196,0.016581,0.0103314,0.0154327,0.00866635,0.0115451,0.00753945,0.00837532,0.00576407,0.0082335,0.0043944,0.00573053,0.00369587,0.00494697,0.00295686,0.00385852,0.00277347,0.00358573,0.00203084,0.00272405,0.00165136,0.00220094,0.00121234,0.00198187,0.00110442,0.00148355,0.000989738,0.00144636,0.000743026,0.0011258,0.000596847,0.000899,0.000568251,0.000620381,0.00041442,0.00059543,0.0003469,0.000438097,0.000277166,0.000354723,0.000248615,0.000297576,0.000176642,0.000229153,0.00014769,0.000193592,0.000134114,0.000158935,0.000121152,0.000140792,7.84697e-05,0.000108635,6.18123e-05,0.000103803,5.58422e-05,7.06472e-05,4.53205e-05,
3200,0.428102,0.450061,0.377204,0.436204,0.4357,0.411238,0.453999,0.43391,0.447659,0.447001,0.447403,0.405127,0.424399,0.375662,0.409536,0.368456,0.436069,0.370654,0.350992,0.421384,0.401265,0.311769,0.347536,0.266479,0.304493,0.200079,0.203232,0.150374,0.149474,0.0946282,0.123104,0.0634785,0.0850155,0.0460063,0.0561044,0.0371878,0.0516871,0.027901,0.0400036,0.0190995,0.0271404,0.0159589,0.0201387,0.0126196,0.0155832,0.0112577,0.014461,0.00866635,0.0123533,0.0068609,0.00837532,0.00576407,0.0076622,0.0043944,0.00615155,0.00415966,0.00494697,0.00264593,0.00385852,0.00277347,0.00358573,0.00203084,0.00272405,0.00165136,0.0024023,0.00121234,0.00220535,0.00110442,0.00148355,0.000989738,0.00121045,0.000687874,0.00120085,0.000596847,0.000846559,0.000516889,0.000620381,0.00041442,0.0005414,0.000383852,0.000438097,0.000277166,0.000354723,0.000248615,0.000329675,0.000176642,0.000229153,0.00014769,0.000193592,0.000125076,0.000158935,0.000114862,0.000140792,8.3701e-05,0.000108635,6.55083e-05,0.000103803,5.58422e-05,7.79218e-05,4.19329e-05,
3400,0.428102,0.495584,0.377204,0.458226,0.47173,0.464356,0.453999,0.43391,0.47891,0.502162,0.474057,0.405127,0.46386,0.39925,0.444422,0.368456,0.460295,0.40435,0.38075,0.421384,0.423557,0.311769,0.365081,0.266479,0.330592,0.214821,0.214899,0.150374,0.165916,0.0946282,0.131311,0.0634785,0.0936805,0.0460063,0.0618133,0.0371878,0.0516871,0.027901,0.0400036,0.0190995,0.0271404,0.0170228,0.0211816,0.0126196,0.0172124,0.0112577,0.014461,0.00820176,0.0123533,0.0068609,0.00893368,0.00576407,0.0076622,0.0043944,0.00615155,0.00376389,0.00520508,0.00264593,0.00385852,0.00277347,0.00337796,0.00192603,0.00245165,0.00152213,0.0024023,0.00128553,0.0019527,0.00110442,0.00148355,0.000989738,0.00121045,0.000687874,0.00120085,0.000596847,0.000786802,0.000516889,0.000667822,0.00041442,0.0005414,0.000362237,0.00041082,0.000277166,0.000354723,0.000248615,0.000352786,0.000176642,0.000229153,0.00014769,0.000204417,0.000125076,0.000172841,0.000108898,0.000140792,9.00352e-05,0.000108635,6.55083e-05,0.000103803,5.58422e-05,7.79218e-05,4.19329e-05,
3600,0.482178,0.495584,0.427249,0.458226,0.506489,0.52627,0.453999,0.43391,0.47891,0.502162,0.474057,0.42558,0.46386,0.427282,0.444422,0.414196,0.460295,0.453539,0.38075,0.421384,0.423557,0.345299,0.365081,0.266479,0.370263,0.232007,0.214899,0.160399,0.165916,0.101295,0.131311,0.0591144,0.0880431,0.0460063,0.0659342,0.0371878,0.0516871,0.0258775,0.0372278,0.0203728,0.0271404,0.0170228,0.0228143,0.0126196,0.0172124,0.0112577,0.0153787,0.00820176,0.0130521,0.00722772,0.00944167,0.00606991,0.0076622,0.0043944,0.00615155,0.00376389,0.00520508,0.00264593,0.00413037,0.00277347,0.00337796,0.00192603,0.00245165,0.00152213,0.0024023,0.00128553,0.0019527,0.00110442,0.00148355,0.000989738,0.00121045,0.000687874,0.00120085,0.000557443,0.000786802,0.000551349,0.000667822,0.00041442,0.0005414,0.000340799,0.00041082,0.000277166,0.000354723,0.000248615,0.000333543,0.000194306,0.000229153,0.00014769,0.000223119,0.000125076,0.000172841,0.000108898,0.000140792,9.00352e-05,0.000116229,7.21267e-05,0.000103803,5.87813e-05,6.9728e-05,4.19329e-05,
3800,0.482178,0.453689,0.455732,0.50493,0.506489,0.52627,0.453999,0.43391,0.47891,0.502162,0.474057,0.42558,0.46386,0.478022,0.470794,0.435475,0.460295,0.453539,0.423686,0.395147,0.448791,0.345299,0.407859,0.266479,0.370263,0.213743,0.214899,0.160399,0.165916,0.101295,0.131311,0.0591144,0.0993263,0.0392713,0.0659342,0.033469,0.0516871,0.0238832,0.0372278,0.0173705,0.0292618,0.0170228,0.0228143,0.0134609,0.0181806,0.0112577,0.0153787,0.00820176,0.0130521,0.00722772,0.00944167,0.00606991,0.00817301,0.00411686,0.00615155,0.00376389,0.00488869,0.00264593,0.00413037,0.00277347,0.00337796,0.00210849,0.00245165,0.00141651,0.002247,0.00128553,0.0019527,0.00110442,0.00148355,0.000900281,0.00121045,0.000687874,0.00112005,0.000588612,0.000831059,0.000551349,0.00061364,0.000452335,0.0005414,0.000369315,0.00041082,0.000277166,0.000354723,0.000248615,0.000296982,0.000194306,0.000229153,0.000130026,0.000209388,0.000125076,0.000172841,0.000100063,0.00012942,8.10316e-05,0.000123179,7.71686e-05,0.000103803,5.87813e-05,6.56263e-05,4.19329e-05,
4000,0.482178,0.453689,0.499769,0.50493,0.506489,0.52627,0.453999,0.4756,0.454192,0.534075,0.499402,0.42558,0.46386,0.478022,0.470794,0.435475,0.460295,0.453539,0.401386,0.342461,0.448791,0.345299,0.437911,0.251251,0.370263,0.202938,0.244984,0.160399,0.176355,0.101295,0.131311,0.0624395,0.0867798,0.0392713,0.0590326,0.0374996,0.0563211,0.0238832,0.0404396,0.0182922,0.0292618,0.0170228,0.0214301,0.0134609,0.0181806,0.0112577,0.0162123,0.00866035,0.0130521,0.00722772,0.0084975,0.00606991,0.00817301,0.00411686,0.00649758,0.0033875,0.00488869,0.00264593,0.00413037,0.00263327,0.00295974,0.00195313,0.00245165,0.00133318,0.002247,0.00128553,0.0019527,0.00104223,0.00140143,0.000900281,0.00128676,0.000687874,0.00112005,0.000588612,0.000831059,0.000482832,0.0006462,0.000452335,0.0005414,0.000342642,0.00041082,0.00030842,0.000335707,0.000234616,0.000296982,0.000174876,0.000229153,0.000130026,0.000209388,0.000117035,0.000163576,0.000100063,0.000139707,8.10316e-05,0.000114036,7.28231e-05,0.000103803,5.87813e-05,7.09957e-05,4.42625e-05,
4200,0.528299,0.453689,0.52649,0.50493,0.506489,0.52627,0.453999,0.502192,0.486136,0.497817,0.462073,0.42558,0.522897,0.478022,0.506664,0.435475,0.460295,0.453539,0.441093,0.342461,0.42223,0.345299,0.462935,0.251251,0.370263,0.202938,0.268194,0.171093,0.176355,0.0946759,0.124271,0.0674105,0.081299,0.0392713,0.0590326,0.0353122,0.0563211,0.0250999,0.0351776,0.0182922,0.0292618,0.0154908,0.0214301,0.0117865,0.0181806,0.010522,0.0152029,0.00866035,0.0117468,0.00722772,0.0084975,0.00606991,0.00817301,0.00446974,0.00649758,0.0033875,0.00488869,0.00296344,0.00413037,0.00263327,0.00295974,0.00195313,0.00245165,0.00141318,0.002247,0.00136673,0.0019527,0.00111172,0.00154157,0.000900281,0.00128676,0.000687874,0.00101861,0.000588612,0.000831059,0.000482832,0.000578179,0.000452335,0.000581067,0.000342642,0.000431926,0.00030842,0.000359174,0.000234616,0.000296982,0.000174876,0.000229153,0.00012162,0.000209388,0.000126353,0.000163576,9.10185e-05,0.000139707,8.10316e-05,0.000114036,7.28231e-05,9.34228e-05,5.4536e-05,7.09957e-05,4.42625e-05,
4400,0.528299,0.493387,0.482519,0.50493,0.536417,0.52627,0.453999,0.502192,0.516839,0.4267,0.462073,0.42558,0.487296,0.443749,0.506664,0.435475,0.460295,0.49042,0.441093,0.342461,0.42223,0.345299,0.462935,0.281011,0.370263,0.215835,0.231281,0.171093,0.176355,0.101277,0.117609,0.0760495,0.081299,0.0392713,0.0481172,0.0353122,0.0490644,0.0250999,0.0332588,0.0182922,0.0276393,0.0154908,0.0214301,0.0125722,0.0170898,0.010522,0.0142907,0.00909337,0.0117468,0.00773366,0.009064,0.00559721,0.0074343,0.00446974,0.00649758,0.0033875,0.00488869,0.00325979,0.00413037,0.00263327,0.00295974,0.00195313,0.00263177,0.00141318,0.002247,0.0012371,0.0019527,0.00111172,0.00154157,0.000963394,0.00112167,0.000687874,0.000940437,0.000588612,0.000831059,0.000444692,0.000578179,0.000452335,0.000538525,0.000296697,0.000431926,0.000288059,0.000359174,0.000217794,0.000267283,0.000184524,0.000229153,0.000131677,0.000209388,0.000102114,0.000163576,9.79788e-05,0.000139707,8.10316e-05,0.000114036,7.28231e-05,9.34228e-05,5.4536e-05,7.09957e-05,4.42625e-05,
4600,0.489671,0.493387,0.482519,0.50493,0.536417,0.552584,0.453999,0.547216,0.516839,0.49515,0.462073,0.463105,0.487296,0.468982,0.506664,0.435475,0.460295,0.521278,0.441093,0.342461,0.42223,0.345299,0.462935,0.300682,0.349413,0.233191,0.231281,0.171093,0.192879,0.101277,0.117609,0.0665987,0.0751424,0.0416195,0.0481172,0.0353122,0.0490644,0.0250999,0.0332588,0.0182922,0.0262128,0.0154908,0.0214301,0.0117986,0.0180511,0.010522,0.0134698,0.0101571,0.0117468,0.0069603,0.009064,0.00615693,0.0074343,0.00446974,0.00614863,0.0036747,0.00514599,0.00291829,0.00445162,0.00263327,0.00295974,0.00182419,0.00245258,0.00141318,0.002247,0.0012371,0.0017671,0.00111172,0.00144303,0.000963394,0.00112167,0.000744755,0.000940437,0.000588612,0.000831059,0.000414415,0.000578179,0.000415325,0.000538525,0.000296697,0.000431926,0.000288059,0.000359174,0.000217794,0.000267283,0.000184524,0.000229153,0.000141785,0.000209388,0.000109595,0.000153799,9.79788e-05,0.000123149,8.10316e-05,0.000114036,7.28231e-05,9.34228e-05,5.10502e-05,7.57288e-05,4.42625e-05,
4800,0.489671,0.493387,0.531269,0.50493,0.536417,0.552584,0.488717,0.509246,0.516839,0.49515,0.497408,0.501854,0.487296,0.468982,0.506664,0.469985,0.424823,0.477743,0.469232,0.39383,0.42223,0.345299,0.462935,0.300682,0.349413,0.233191,0.231281,0.171093,0.167301,0.101277,0.117609,0.0665987,0.0751424,0.0442568,0.0555706,0.0353122,0.0490644,0.0250999,0.0352669,0.0182922,0.0262128,0.0154908,0.0214301,0.0117986,0.0180511,0.010522,0.0134698,0.0101571,0.0117468,0.0069603,0.00839121,0.00615693,0.00780601,0.00446974,0.00614863,0.0036747,0.00514599,0.00275648,0.00445162,0.00246234,0.00278824,0.00182419,0.00270306,0.00148517,0.00208712,0.0012371,0.0017671,0.00117023,0.00144303,0.000963394,0.00112167,0.000744755,0.000940437,0.000588612,0.000785054,0.000453031,0.000635436,0.000380215,0.000538525,0.000296697,0.000431926,0.000288059,0.000359174,0.000217794,0.000267283,0.000184524,0.000229153,0.000141785,0.000209388,0.000109595,0.000153799,9.79788e-05,0.000123149,8.10316e-05,0.000114036,6.91492e-05,9.34228e-05,5.10502e-05,7.57288e-05,4.05502e-05,
5000,0.489671,0.529442,0.531269,0.50493,0.492709,0.515344,0.488717,0.509246,0.487735,0.49515,0.497408,0.501854,0.51253,0.468982,0.506664,0.469985,0.424823,0.477743,0.424832,0.39383,0.42223,0.345299,0.462935,0.300682,0.349413,0.233191,0.261425,0.159378,0.176814,0.0952832,0.117609,0.055476,0.0751424,0.0442568,0.0555706,0.0312859,0.0518543,0.0250999,0.0352669,0.0182922,0.0262128,0.0154908,0.0233742,0.0117986,0.018984,0.00970681,0.0134698,0.0101571,0.0117468,0.0069603,0.00839121,0.00615693,0.00780601,0.00446974,0.00614863,0.0036747,0.00482931,0.0030551,0.00445162,0.00246234,0.00278824,0.00167825,0.00270306,0.0016415,0.0018257,0.00132774,0.0017671,0.00109458,0.00144303,0.000963394,0.00102616,0.000744755,0.000940437,0.000588612,0.000785054,0.000423744,0.000635436,0.000380215,0.000490282,0.000315526,0.000431926,0.000261825,0.000359174,0.000217794,0.000253657,0.000184524,0.000214178,0.000131187,0.000209388,0.000116902,0.000166103,9.79788e-05,0.000123149,8.10316e-05,0.000114036,6.91492e-05,8.85058e-05,5.10502e-05,7.57288e-05,4.05502e-05,
5200,0.53564,0.559548,0.531269,0.540094,0.492709,0.515344,0.488717,0.509246,0.487735,0.49515,0.541622,0.501854,0.51253,0.468982,0.506664,0.493712,0.424823,0.523003,0.453154,0.414185,0.463173,0.377436,0.462935,0.300682,0.331023,0.233191,0.261425,0.159378,0.187348,0.0902494,0.117609,0.055476,0.0751424,0.0442568,0.0585629,0.0312859,0.0518543,0.0250999,0.0324184,0.0197023,0.0276037,0.0154908,0.0258071,0.0131635,0.018984,0.00910144,0.0134698,0.0101571,0.0117468,0.0069603,0.00839121,0.0065674,0.00780601,0.00446974,0.00614863,0.0036747,0.00482931,0.0030551,0.00445162,0.00246234,0.00302013,0.00167825,0.00270306,0.00150173,0.0019677,0.00132774,0.00167535,0.00109458,0.00131316,0.000963394,0.00108793,0.000744755,0.000940437,0.000588612,0.000785054,0.000423744,0.000698296,0.000380215,0.000490282,0.000348934,0.000431926,0.000275923,0.000359174,0.000217794,0.000253657,0.000184524,0.000214178,0.000131187,0.000209388,0.000116902,0.000147864,9.79788e-05,0.000130927,8.5662e-05,0.000114036,6.91492e-05,8.85058e-05,5.10502e-05,7.57288e-05,4.05502e-05,
5400,0.53564,0.512246,0.531269,0.540094,0.492709,0.485896,0.523149,0.509246,0.515606,0.49515,0.541622,0.473177,0.51253,0.438664,0.506664,0.493712,0.424823,0.523003,0.419518,0.414185,0.463173,0.377436,0.462935,0.300682,0.331023,0.233191,0.261425,0.159378,0.198001,0.0978009,0.12545,0.06125,0.0848483,0.0466399,0.0585629,0.0312859,0.0518543,0.0250999,0.0346816,0.0197023,0.0276037,0.0154908,0.0226997,0.0117181,0.018984,0.00997201,0.0134698,0.0095005,0.0117468,0.0069603,0.00839121,0.00596929,0.0070665,0.00446974,0.00614863,0.0036747,0.00508349,0.0030551,0.00414853,0.00246234,0.00302013,0.00181868,0.00270306,0.00138873,0.00184248,0.00132774,0.00167535,0.00109458,0.00145139,0.000963394,0.00108793,0.000744755,0.00101325,0.000588612,0.000785054,0.000423744,0.000635741,0.000380215,0.000531849,0.000368966,0.000431926,0.00024415,0.000377132,0.000228684,0.000269777,0.000163095,0.000214178,0.000131187,0.000219858,0.000128592,0.000147864,9.2153e-05,0.000130927,8.5662e-05,0.000114036,6.33036e-05,8.85058e-05,5.10502e-05,7.57288e-05,4.36511e-05,
5600,0.53564,0.551417,0.486032,0.540094,0.492709,0.513064,0.523149,0.47619,0.515606,0.49515,0.541622,0.518004,0.51253,0.438664,0.506664,0.493712,0.455792,0.456643,0.445914,0.414185,0.463173,0.377436,0.416641,0.284534,0.309865,0.233191,0.236659,0.168486,0.198001,0.105309,0.11773,0.06125,0.0941542,0.0466399,0.0585629,0.0312859,0.0518543,0.027331,0.0365733,0.0197023,0.0311759,0.0144131,0.0207881,0.0117181,0.0171923,0.00997201,0.0134698,0.0095005,0.0110516,0.0069603,0.00948207,0.00596929,0.0074703,0.00446974,0.00614863,0.0036747,0.00508349,0.00348641,0.00414853,0.00246234,0.00302013,0.00181868,0.00270306,0.00146008,0.0019467,0.00132774,0.00167535,0.00109458,0.00145139,0.000857609,0.00108793,0.000744755,0.000906698,0.000618329,0.000785054,0.000423744,0.000635741,0.000409184,0.000531849,0.000343845,0.000431926,0.000263587,0.000377132,0.00024943,0.000269777,0.00017923,0.000237111,0.000143397,0.000219858,0.000135606,0.000147864,9.2153e-05,0.000117186,8.5662e-05,0.000114036,6.33036e-05,8.383e-05,5.10502e-05,7.96799e-05,4.04985e-05,
5800,0.499931,0.551417,0.486032,0.540094,0.492709,0.513064,0.523149,0.47619,0.515606,0.47017,0.541622,0.518004,0.51253,0.438664,0.506664,0.493712,0.455792,0.456643,0.445914,0.414185,0.497109,0.414036,0.395137,0.284534,0.309865,0.233191,0.236659,0.168486,0.198001,0.105309,0.11773,0.06125,0.0941542,0.0466399,0.0585629,0.0312859,0.0491619,0.027331,0.0336474,0.0197023,0.0293454,0.0144131,0.0207881,0.0117181,0.0171923,0.00997201,0.0125011,0.0095005,0.01047,0.0069603,0.00890571,0.00596929,0.0074703,0.00446974,0.0065135,0.0036747,0.00508349,0.00348641,0.00377516,0.00246234,0.00302013,0.00181868,0.00270306,0.00146008,0.00210598,0.00132774,0.00192665,0.00118509,0.00134702,0.000914783,0.00108793,0.000744755,0.000811791,0.000618329,0.000739565,0.000423744,0.000635741,0.000409184,0.000531849,0.000343845,0.000431926,0.000263587,0.000377132,0.00024943,0.000269777,0.00019405,0.000237111,0.000143397,0.000203979,0.000120571,0.000147864,8.55858e-05,0.000117186,8.5662e-05,0.000114036,6.87651e-05,8.383e-05,5.58014e-05,7.96799e-05,4.04985e-05,
6000,0.499931,0.586508,0.486032,0.540094,0.492709,0.540935,0.523149,0.509523,0.464045,0.496617,0.541622,0.55072,0.51253,0.397156,0.506664,0.493712,0.479349,0.456643,0.445914,0.414185,0.497109,0.386175,0.395137,0.306293,0.345781,0.233191,0.258334,0.168486,0.198001,0.105309,0.12596,0.06125,0.0941542,0.0495997,0.0642417,0.0338879,0.0491619,0.024736,0.0336474,0.0197023,0.03103,0.0144131,0.0207881,0.0117181,0.0160934,0.00997201,0.0132907,0.0100434,0.0110653,0.0069603,0.00805755,0.00559229,0.0074703,0.00446974,0.00605372,0.00401968,0.00539041,0.00348641,0.00419624,0.0022674,0.00302013,0.00196748,0.00270306,0.00146008,0.00223899,0.00132774,0.00181262,0.00118509,0.00142662,0.000914783,0.00114566,0.000699486,0.000811791,0.000553373,0.000739565,0.000423744,0.000682448,0.000384312,0.000531849,0.000343845,0.000431926,0.000263587,0.000352652,0.000233188,0.000285118,0.00019405,0.000237111,0.000143397,0.000203979,0.000120571,0.000156638,8.55858e-05,0.000117186,9.23926e-05,0.000114036,6.87651e-05,8.383e-05,5.58014e-05,7.43679e-05,4.04985e-05,
6200,0.533259,0.586508,0.486032,0.510149,0.520259,0.540935,0.523149,0.509523,0.464045,0.496617,0.541622,0.55072,0.51253,0.442545,0.506664,0.493712,0.506867,0.456643,0.487415,0.414185,0.497109,0.386175,0.424088,0.3329,0.345781,0.233191,0.28389,0.188641,0.198001,0.0976088,0.12596,0.0651185,0.0941542,0.0523211,0.0642417,0.0338879,0.0491619,0.024736,0.0361195,0.0197023,0.03103,0.0162475,0.0225769,0.0117181,0.0160934,0.00935835,0.0140537,0.00914822,0.0110653,0.00639316,0.00805755,0.00559229,0.00848513,0.00446974,0.00639965,0.00401968,0.00539041,0.00316782,0.00419624,0.0022674,0.00332795,0.00196748,0.00270306,0.00154672,0.00223899,0.00132774,0.00181262,0.00118509,0.00142662,0.000978566,0.00126696,0.000699486,0.000811791,0.00050981,0.000739565,0.000423744,0.000737044,0.000407371,0.000572846,0.000365665,0.000431926,0.000263587,0.000352652,0.0002048,0.000255248,0.00019405,0.000237111,0.000143397,0.000203979,0.000120571,0.000156638,9.2183e-05,0.000117186,9.23926e-05,0.000123704,6.44354e-05,8.86635e-05,5.58014e-05,7.43679e-05,4.26474e-05,
6400,0.533259,0.586508,0.486032,0.510149,0.520259,0.540935,0.523149,0.509523,0.488469,0.496617,0.593205,0.55072,0.51253,0.442545,0.506664,0.493712,0.506867,0.427803,0.487415,0.414185,0.457974,0.386175,0.383699,0.30837,0.378856,0.257374,0.28389,0.188641,0.198001,0.0976088,0.12596,0.0651185,0.0941542,0.048833,0.0642417,0.0338879,0.0491619,0.0260679,0.0361195,0.0231343,0.03103,0.0162475,0.0225769,0.0117181,0.0160934,0.00935835,0.0140537,0.00914822,0.0123479,0.00639316,0.00805755,0.00559229,0.00848513,0.00476772,0.00639965,0.00401968,0.00539041,0.00316782,0.00419624,0.00252333,0.00332795,0.00209864,0.00270306,0.00154672,0.00223899,0.00132774,0.00181262,0.00118509,0.00155604,0.000978566,0.00126696,0.000699486,0.000897243,0.000480678,0.000739565,0.000455064,0.000737044,0.000407371,0.00060896,0.000365665,0.000431926,0.0002829,0.000371887,0.0002048,0.00027317,0.00019405,0.000237111,0.000143397,0.000203979,0.000130906,0.000156638,9.2183e-05,0.00012855,9.23926e-05,0.000123704,6.44354e-05,8.39104e-05,5.58014e-05,7.43679e-05,4.26474e-05,
6600,0.533259,0.545107,0.486032,0.510149,0.520259,0.512464,0.523149,0.509523,0.488469,0.496617,0.536822,0.55072,0.482832,0.442545,0.506664,0.493712,0.469519,0.427803,0.487415,0.414185,0.457974,0.41192,0.383699,0.30837,0.351154,0.257374,0.28389,0.188641,0.176333,0.0976088,0.118505,0.0617987,0.0941542,0.048833,0.0642417,0.0338879,0.0491619,0.0244637,0.0385275,0.0218516,0.03103,0.0162475,0.0225769,0.0124276,0.0160934,0.0109345,0.0140537,0.00914822,0.0123479,0.00708834,0.00805755,0.00559229,0.00787676,0.00476772,0.00639965,0.00401968,0.00539041,0.00316782,0.00419624,0.00252333,0.00332795,0.00209864,0.00251226,0.00154672,0.00223899,0.00132774,0.00181262,0.00118509,0.00155604,0.000910067,0.00126696,0.000655308,0.000951251,0.000539152,0.000739565,0.000431114,0.000682335,0.000407371,0.00060896,0.000365665,0.000431926,0.0002829,0.000397999,0.0002048,0.00027317,0.00019405,0.000237111,0.000134127,0.000203979,0.000130906,0.000156638,9.92597e-05,0.00013712,9.23926e-05,0.000111334,6.44354e-05,7.59908e-05,5.29862e-05,7.43679e-05,4.26474e-05,
6800,0.485266,0.545107,0.524379,0.510149,0.520259,0.512464,0.46796,0.54505,0.488469,0.496617,0.536822,0.521735,0.482832,0.442545,0.506664,0.493712,0.469519,0.404869,0.445637,0.414185,0.457974,0.361367,0.383699,0.30837,0.386945,0.236998,0.28389,0.188641,0.176333,0.0976088,0.107265,0.0617987,0.0941542,0.0461254,0.0598803,0.0338879,0.0491619,0.0231073,0.0341136,0.0231582,0.03103,0.0162475,0.0238539,0.0130921,0.0160934,0.0109345,0.0140537,0.00914822,0.0111742,0.00708834,0.0091786,0.00559229,0.00682653,0.00476772,0.00596393,0.00401968,0.00584743,0.00316782,0.00419624,0.00252333,0.00349596,0.00209864,0.00251226,0.00163372,0.00223899,0.00142557,0.00181262,0.00112156,0.00155604,0.000910067,0.00109359,0.000692754,0.000951251,0.000539152,0.000783939,0.00045698,0.000740602,0.000407371,0.000517616,0.000365665,0.000431926,0.0002829,0.000397999,0.0002048,0.000302635,0.000206987,0.000237111,0.000134127,0.000203979,0.000130906,0.000156638,9.92597e-05,0.00013712,9.23926e-05,0.000111334,6.44354e-05,8.21014e-05,5.29862e-05,7.43679e-05,4.26474e-05,
7000,0.485266,0.545107,0.524379,0.510149,0.465551,0.558238,0.491902,0.54505,0.488469,0.533209,0.536822,0.521735,0.482832,0.467709,0.506664,0.493712,0.442547,0.404869,0.445637,0.386841,0.42905,0.385458,0.383699,0.30837,0.386945,0.219535,0.28389,0.17192,0.185614,0.105975,0.11404,0.0617987,0.0941542,0.0461254,0.0598803,0.0338879,0.0429241,0.0231073,0.0341136,0.0231582,0.03103,0.0162475,0.0221701,0.0140539,0.0160934,0.0109345,0.0140537,0.00914822,0.0124034,0.00652127,0.0091786,0.00559229,0.00682653,0.00476772,0.00596393,0.00401968,0.00584743,0.00316782,0.00419624,0.00252333,0.00327794,0.00209864,0.0022052,0.00163372,0.00223899,0.00142557,0.00181262,0.00118387,0.00155604,0.000910067,0.00109359,0.000692754,0.00100314,0.000539152,0.000783939,0.000493727,0.000653317,0.000407371,0.000517616,0.00033283,0.000374336,0.0002829,0.000397999,0.0002048,0.000302635,0.000206987,0.000237111,0.000134127,0.00019245,0.000138421,0.00016818,9.92597e-05,0.00013712,9.23926e-05,0.000118756,6.44354e-05,8.21014e-05,5.29862e-05,7.43679e-05,4.26474e-05,
7200,0.485266,0.545107,0.482026,0.510149,0.495284,0.558238,0.540615,0.54505,0.488469,0.533209,0.505716,0.521735,0.482832,0.467709,0.506664,0.493712,0.470497,0.404869,0.445637,0.386841,0.42905,0.385458,0.403245,0.30837,0.386945,0.219535,0.28389,0.149899,0.196113,0.105975,0.11404,0.0617987,0.0941542,0.0461254,0.0655018,0.0318281,0.047469,0.0231073,0.0341136,0.0231582,0.0276167,0.0162475,0.0254957,0.0140539,0.0160934,0.00999433,0.0140537,0.00914822,0.0115507,0.00652127,0.0091786,0.00527738,0.00682653,0.00476772,0.00632053,0.00401968,0.00549793,0.00316782,0.00451969,0.00252333,0.00347394,0.00209864,0.00237593,0.00172228,0.00204971,0.00142557,0.00181262,0.00118387,0.00144139,0.000910067,0.00109359,0.000692754,0.00100314,0.000573203,0.000783939,0.000493727,0.000653317,0.000407371,0.000517616,0.00033283,0.000398092,0.00030176,0.000397999,0.0002161,0.000302635,0.00017784,0.000219387,0.000134127,0.00019245,0.000138421,0.000176889,9.92597e-05,0.00013712,9.23926e-05,0.000110005,6.44354e-05,7.76231e-05,5.29862e-05,6.69311e-05,4.26474e-05,
7400,0.419584,0.545107,0.482026,0.510149,0.495284,0.558238,0.540615,0.54505,0.513186,0.533209,0.505716,0.554743,0.482832,0.438261,0.506664,0.493712,0.470497,0.43186,0.445637,0.415434,0.42905,0.425431,0.403245,0.30837,0.386945,0.235762,0.28389,0.171225,0.196113,0.105975,0.105637,0.0670957,0.0883601,0.0461254,0.0655018,0.0349233,0.047469,0.0247205,0.0367223,0.0231582,0.0296457,0.0162475,0.0270304,0.0140539,0.0160934,0.00999433,0.0140537,0.00914822,0.0115507,0.00652127,0.0091786,0.00527738,0.00682653,0.00476772,0.00632053,0.00401968,0.00471418,0.00316782,0.00383713,0.00252333,0.00316273,0.00209864,0.00237593,0.00162035,0.00204971,0.00127399,0.00181262,0.00118387,0.00144139,0.000910067,0.00109359,0.000692754,0.00107308,0.000573203,0.000783939,0.000493727,0.000653317,0.000407371,0.000553799,0.000359594,0.000419044,0.00030176,0.000397999,0.000241761,0.000302635,0.000186818,0.000219387,0.000124101,0.00019245,0.000138421,0.000164969,9.92597e-05,0.000119375,8.31534e-05,0.000110005,6.44354e-05,7.76231e-05,4.965e-05,7.02776e-05,4.26474e-05,
7600,0.419584,0.545107,0.482026,0.510149,0.495284,0.467857,0.540615,0.54505,0.513186,0.533209,0.505716,0.49349,0.482832,0.438261,0.478572,0.446835,0.501864,0.43186,0.445637,0.415434,0.42905,0.393017,0.403245,0.30837,0.386945,0.235762,0.28389,0.171225,0.196113,0.105975,0.116632,0.0728844,0.0997733,0.0461254,0.0655018,0.0331308,0.047469,0.022623,0.0367223,0.0231582,0.0275887,0.0162475,0.0270304,0.0140539,0.0180045,0.0106286,0.0140537,0.00849627,0.0126707,0.00652127,0.0091786,0.00559601,0.00725975,0.00476772,0.0067419,0.00401968,0.00471418,0.00316782,0.00383713,0.00252333,0.00316273,0.00209864,0.00237593,0.00162035,0.00204971,0.00127399,0.00181262,0.00127061,0.00144139,0.000910067,0.00109359,0.000729215,0.00107308,0.000573203,0.000783939,0.000493727,0.000653317,0.000407371,0.000553799,0.000359594,0.000461754,0.00030176,0.000418092,0.000241761,0.000302635,0.000186818,0.000219387,0.000124101,0.00019245,0.000138421,0.000179279,0.000105877,0.000125658,8.31534e-05,9.67598e-05,6.99946e-05,7.76231e-05,4.965e-05,7.02776e-05,4.26474e-05,
7800,0.457346,0.545107,0.482026,0.536137,0.525001,0.500607,0.540615,0.54505,0.513186,0.533209,0.53943,0.556298,0.482832,0.471652,0.478572,0.446835,0.501864,0.453955,0.445637,0.415434,0.452452,0.393017,0.403245,0.272765,0.350245,0.235762,0.266856,0.171225,0.196113,0.115181,0.116632,0.0728844,0.0927305,0.0461254,0.061017,0.0367044,0.04044,0.0250738,0.0323572,0.0231582,0.0256106,0.0162475,0.0227624,0.0140539,0.0168537,0.0111652,0.0140537,0.00849627,0.0126707,0.00688107,0.00976021,0.00559601,0.00725975,0.00476772,0.0067419,0.00401968,0.00471418,0.00316782,0.00383713,0.00252333,0.00316273,0.00225482,0.00237593,0.00162035,0.00204971,0.00115933,0.00181262,0.0010584,0.00144139,0.00085882,0.00117003,0.000729215,0.00107308,0.000573203,0.000851943,0.000543522,0.000653317,0.000433358,0.000553799,0.000359594,0.000461754,0.00030176,0.00039206,0.000227873,0.000282656,0.000186818,0.000219387,0.000124101,0.000203997,0.000138421,0.000179279,0.000114267,0.000125658,8.31534e-05,0.000103849,5.91065e-05,7.76231e-05,4.965e-05,7.02776e-05,4.26474e-05,
8000,0.48637,0.575769,0.482026,0.536137,0.525001,0.500607,0.540615,0.464727,0.542215,0.533209,0.511589,0.556298,0.51852,0.507463,0.478572,0.446835,0.501864,0.495532,0.445637,0.415434,0.407207,0.393017,0.403245,0.306103,0.350245,0.235762,0.282692,0.171225,0.196113,0.103663,0.116632,0.0728844,0.087589,0.0431436,0.061017,0.0367044,0.0438933,0.0250738,0.0348623,0.0244135,0.0256106,0.0173865,0.0227624,0.0140539,0.0148619,0.0111652,0.0149022,0.00849627,0.0117236,0.00643141,0.00976021,0.00500696,0.00782179,0.00502616,0.00606771,0.004315,0.00517262,0.00342543,0.00383713,0.00283312,0.00335115,0.00225482,0.00237593,0.00172837,0.00204971,0.00115933,0.00181262,0.0010584,0.00157111,0.000910349,0.00117003,0.000691786,0.00107308,0.000609631,0.000914718,0.000507287,0.000617093,0.000433358,0.00061709,0.000298956,0.000461754,0.00030176,0.00039206,0.000242239,0.000282656,0.000172028,0.000242616,0.000135751,0.000203997,0.000125251,0.000167564,0.000114267,0.000125658,8.31534e-05,0.000103849,5.91065e-05,8.30732e-05,5.45213e-05,7.02776e-05,4.26474e-05,
8200,0.525693,0.53992,0.507797,0.536137,0.525001,0.500607,0.504182,0.464727,0.580021,0.482818,0.511589,0.556298,0.464049,0.507463,0.452468,0.446835,0.528048,0.495532,0.470224,0.453021,0.407207,0.393017,0.431514,0.306103,0.368088,0.235762,0.282692,0.150932,0.214216,0.089898,0.129461,0.0663248,0.0945961,0.0388292,0.061017,0.033034,0.0468195,0.0250738,0.0374236,0.0229295,0.0256106,0.0173865,0.0227624,0.0132107,0.0166065,0.0098419,0.0149022,0.00849627,0.0117236,0.00643141,0.00976021,0.00525974,0.00843892,0.00502616,0.00606771,0.00399908,0.00517262,0.00342543,0.00383713,0.00283312,0.00335115,0.00213844,0.00237593,0.00172837,0.00204971,0.00124027,0.00181262,0.0010584,0.00157111,0.000997814,0.00125161,0.000691786,0.00115739,0.000609631,0.000836314,0.000507287,0.000617093,0.000433358,0.00061709,0.000333123,0.000428405,0.00030176,0.00039206,0.000242239,0.000282656,0.000172028,0.000242616,0.000135751,0.000183597,0.000132855,0.000167564,0.000101855,0.000113814,8.31534e-05,0.000103849,6.28519e-05,8.30732e-05,5.45213e-05,7.02776e-05,4.50003e-05,
8400,0.525693,0.53992,0.507797,0.536137,0.472501,0.500607,0.536025,0.464727,0.580021,0.482818,0.511589,0.503478,0.464049,0.507463,0.452468,0.446835,0.528048,0.495532,0.525231,0.453021,0.452,0.393017,0.431514,0.306103,0.392627,0.235762,0.308583,0.138273,0.214216,0.0989718,0.129461,0.0663248,0.0945961,0.0415601,0.0653011,0.033034,0.0468195,0.0250738,0.0374236,0.0229295,0.0256106,0.0183801,0.0214617,0.0132107,0.0166065,0.0098419,0.0149022,0.00849627,0.0117236,0.00643141,0.00976021,0.00525974,0.00843892,0.00466853,0.00647222,0.00354609,0.00517262,0.00310054,0.00415271,0.00283312,0.00335115,0.00213844,0.00237593,0.00172837,0.00219913,0.00133629,0.00181262,0.0010584,0.00157111,0.000997814,0.00125161,0.000731673,0.00115739,0.000554645,0.000836314,0.000507287,0.000617093,0.000433358,0.000582211,0.000367669,0.000428405,0.00030176,0.00039206,0.000242239,0.000282656,0.000189046,0.0002596,0.000135751,0.000183597,0.000132855,0.000155039,0.000101855,0.000113814,8.31534e-05,0.000103849,6.28519e-05,8.30732e-05,5.12073e-05,7.02776e-05,4.50003e-05,
8600,0.525693,0.570621,0.459808,0.49482,0.472501,0.500607,0.536025,0.464727,0.539775,0.482818,0.511589,0.503478,0.464049,0.477429,0.452468,0.497269,0.482646,0.4593,0.525231,0.453021,0.452,0.393017,0.431514,0.322695,0.392627,0.255615,0.308583,0.138273,0.228497,0.0989718,0.129461,0.062576,0.102814,0.0446051,0.0653011,0.033034,0.0530953,0.0250738,0.0374236,0.0229295,0.0271613,0.0183801,0.0214617,0.0132107,0.0166065,0.0098419,0.0149022,0.00849627,0.0130094,0.00643141,0.00976021,0.00525974,0.00843892,0.00466853,0.00647222,0.00354609,0.00517262,0.00310054,0.00415271,0.00251082,0.00335115,0.00213844,0.00261352,0.00172837,0.00219913,0.00133629,0.00170484,0.0010584,0.00157111,0.000997814,0.00117652,0.000731673,0.00115739,0.000554645,0.000836314,0.000465617,0.000546397,0.000433358,0.000517797,0.000367669,0.000428405,0.00030176,0.000425539,0.000242239,0.000282656,0.000177946,0.000237654,0.000135751,0.000183597,0.000125998,0.000155039,0.000111732,0.000123399,9.02808e-05,0.000103849,6.28519e-05,7.67823e-05,5.12073e-05,7.02776e-05,4.50003e-05,
8800,0.525693,0.510842,0.459808,0.49482,0.496126,0.540655,0.536025,0.491522,0.539775,0.482818,0.485779,0.467272,0.504304,0.477429,0.452468,0.497269,0.45804,0.497731,0.472708,0.48177,0.483736,0.368546,0.431514,0.344208,0.392627,0.255615,0.308583,0.151157,0.228497,0.0989718,0.129461,0.062576,0.0939216,0.0446051,0.0599166,0.0362605,0.0530953,0.0250738,0.0374236,0.0212275,0.0271613,0.0183801,0.0214617,0.0132107,0.0166065,0.0105717,0.0149022,0.00849627,0.0130094,0.00643141,0.00976021,0.00525974,0.00843892,0.00466853,0.00647222,0.00354609,0.00478598,0.00289793,0.00415271,0.00251082,0.00373918,0.00213844,0.00261352,0.00172837,0.00219913,0.00133629,0.00179838,0.00112896,0.00157111,0.000997814,0.00117652,0.000731673,0.00115739,0.000554645,0.000836314,0.000491808,0.000546397,0.000433358,0.000517797,0.000367669,0.000383401,0.000329844,0.000385323,0.000242239,0.000282656,0.000166083,0.000237654,0.000135751,0.000193863,0.000125998,0.000155039,0.000111732,0.000123399,9.02808e-05,0.000103849,5.84153e-05,7.67823e-05,5.40877e-05,7.02776e-05,4.15925e-05,
9000,0.525693,0.475083,0.490461,0.49482,0.469482,0.540655,0.536025,0.538537,0.496177,0.444595,0.530223,0.467272,0.504304,0.451388,0.525938,0.497269,0.45804,0.497731,0.505797,0.48177,0.483736,0.368546,0.460282,0.362472,0.365143,0.255615,0.289593,0.164384,0.228497,0.0989718,0.129461,0.067127,0.0939216,0.0446051,0.0599166,0.0390232,0.0530953,0.0250738,0.0336812,0.0212275,0.0271613,0.0183801,0.0214617,0.0132107,0.0156743,0.0112356,0.0135526,0.00849627,0.0130094,0.00643141,0.00893207,0.00569718,0.00792597,0.00505916,0.00647222,0.00354609,0.00513664,0.00289793,0.00415271,0.00251082,0.00352437,0.00200529,0.00261352,0.00172837,0.00219913,0.00141145,0.00167594,0.00112896,0.00157111,0.000997814,0.00117652,0.000774908,0.00115739,0.000554645,0.000836314,0.000491808,0.000546397,0.000433358,0.000491275,0.000367669,0.000420942,0.000329844,0.000385323,0.000242239,0.000306734,0.000166083,0.000237654,0.000135751,0.000193863,0.000125998,0.000141117,0.00010275,0.000131625,9.02808e-05,9.69258e-05,5.34961e-05,7.67823e-05,5.40877e-05,7.02776e-05,4.41038e-05,
9200,0.525693,0.475083,0.490461,0.49482,0.469482,0.540655,0.536025,0.538537,0.496177,0.444595,0.494874,0.467272,0.504304,0.451388,0.525938,0.497269,0.45804,0.497731,0.462881,0.48177,0.483736,0.339845,0.460282,0.3322,0.365143,0.242162,0.289593,0.154859,0.210888,0.10702,0.129461,0.067127,0.0939216,0.0446051,0.0667643,0.0390232,0.0530953,0.0250738,0.0362669,0.0212275,0.0290654,0.0183801,0.0214617,0.0132107,0.0166513,0.0112356,0.0126966,0.00849627,0.0130094,0.00752475,0.00893207,0.00569718,0.00792597,0.00505916,0.00647222,0.00354609,0.00513664,0.00289793,0.00415271,0.00251082,0.00352437,0.00200529,0.00261352,0.00192327,0.00206718,0.00141145,0.00177124,0.00112896,0.00174859,0.000997814,0.00117652,0.000774908,0.00115739,0.000600261,0.000836314,0.000518634,0.000508833,0.000433358,0.000491275,0.000367669,0.000420942,0.000300158,0.000385323,0.000221922,0.000306734,0.000181414,0.000255698,0.000150212,0.000193863,0.000125998,0.000141117,0.00010275,0.000131625,9.02808e-05,9.69258e-05,5.6726e-05,7.67823e-05,5.40877e-05,7.78358e-05,4.67312e-05,
9400,0.493343,0.546345,0.490461,0.49482,0.506858,0.540655,0.563086,0.538537,0.546307,0.444595,0.494874,0.467272,0.504304,0.499933,0.525938,0.497269,0.45804,0.497731,0.462881,0.48177,0.448092,0.339845,0.389238,0.3322,0.343664,0.259008,0.271562,0.154859,0.210888,0.10702,0.129461,0.067127,0.0939216,0.0446051,0.0667643,0.036447,0.0530953,0.0250738,0.0337282,0.0212275,0.0290654,0.0183801,0.0214617,0.0132107,0.0181748,0.0112356,0.0126966,0.00849627,0.0121994,0.00797304,0.00893207,0.00569718,0.00792597,0.00505916,0.00647222,0.00354609,0.00552664,0.00289793,0.00415271,0.00251082,0.00317193,0.00200529,0.00261352,0.00192327,0.00206718,0.00152623,0.00177124,0.00119209,0.00174859,0.000898033,0.00117652,0.000823933,0.00115739,0.000600261,0.000836314,0.000518634,0.000508833,0.000470746,0.000491275,0.000323831,0.000420942,0.000256499,0.000385323,0.000236717,0.000280708,0.000181414,0.000242421,0.00016805,0.000193863,0.000125998,0.000141117,0.00010275,0.000131625,7.95493e-05,9.69258e-05,5.31003e-05,7.67823e-05,5.40877e-05,7.78358e-05,4.91466e-05,
9600,0.526233,0.546345,0.490461,0.524863,0.506858,0.540655,0.506778,0.538537,0.546307,0.485635,0.494874,0.467272,0.543018,0.499933,0.563063,0.467001,0.45804,0.497731,0.462881,0.48177,0.448092,0.339845,0.415188,0.3322,0.36288,0.259008,0.245652,0.174259,0.231977,0.116652,0.141025,0.067127,0.0939216,0.0446051,0.0667643,0.0340448,0.0530953,0.0272846,0.0337282,0.0212275,0.0290654,0.0168097,0.0214617,0.0132107,0.0181748,0.0105901,0.0126966,0.00849627,0.0135549,0.00753814,0.0084291,0.00569718,0.00792597,0.00460097,0.00647222,0.00354609,0.00552664,0.00316998,0.00415271,0.00251082,0.00317193,0.00200529,0.00261352,0.00167325,0.00217249,0.00152623,0.00177124,0.00128962,0.00174859,0.000898033,0.00117652,0.000823933,0.00115739,0.000644126,0.000836314,0.000570039,0.000555385,0.000470746,0.000518909,0.000323831,0.000420942,0.000256499,0.000385323,0.000236717,0.000280708,0.000181414,0.000227686,0.00016805,0.000204371,0.000116786,0.000148173,0.00010275,0.000131625,7.5053e-05,9.69258e-05,6.12144e-05,7.67823e-05,5.40877e-05,7.78358e-05,4.59019e-05,
9800,0.492997,0.546345,0.490461,0.524863,0.506858,0.574966,0.476645,0.538537,0.546307,0.485635,0.520085,0.467272,0.543018,0.499933,0.525526,0.467001,0.45804,0.497731,0.506965,0.48177,0.448092,0.339845,0.415188,0.3322,0.34438,0.259008,0.265855,0.161517,0.214637,0.107874,0.141025,0.0596846,0.101332,0.0446051,0.0667643,0.0340448,0.0530953,0.0272846,0.0357297,0.0212275,0.0290654,0.0168097,0.0226881,0.0132107,0.0192753,0.0105901,0.0133376,0.00849627,0.0128155,0.00753814,0.0084291,0.00521208,0.00792597,0.00484102,0.00647222,0.00382062,0.00503678,0.00293789,0.00415271,0.00230802,0.00296253,0.00200529,0.00261352,0.00167325,0.00217249,0.00152623,0.00177124,0.00128962,0.00163555,0.000898033,0.00117652,0.000823933,0.00105851,0.000644126,0.000836314,0.000507757,0.000555385,0.000435804,0.000518909,0.000323831,0.000420942,0.000256499,0.000350644,0.000236717,0.000280708,0.000196795,0.000240493,0.000159324,0.000215216,0.000116786,0.000148173,0.00010275,0.000131625,8.00566e-05,9.69258e-05,6.12144e-05,7.67823e-05,5.40877e-05,7.78358e-05,4.24709e-05,
10000,0.492997,0.546345,0.490461,0.524863,0.506858,0.574966,0.476645,0.538537,0.546307,0.485635,0.520085,0.467272,0.513399,0.472159,0.492751,0.467001,0.45804,0.420854,0.506965,0.48177,0.477965,0.358015,0.451008,0.282031,0.34438,0.239783,0.265855,0.173495,0.227471,0.107874,0.158838,0.0687794,0.101332,0.0446051,0.0667643,0.035747,0.0530953,0.0272846,0.0378931,0.0201545,0.0290654,0.015805,0.0214105,0.0132107,0.0192753,0.0105901,0.014011,0.00849627,0.0128155,0.00753814,0.00907618,0.00564556,0.00840153,0.00513148,0.00647222,0.00382062,0.00503678,0.00293789,0.00415271,0.0026484,0.00296253,0.00189591,0.00261352,0.00179037,0.00217249,0.00152623,0.00177124,0.00128962,0.00163555,0.00080823,0.00117652,0.000876143,0.00105851,0.00057646,0.000776807,0.000507757,0.000555385,0.000435804,0.000518909,0.000323831,0.000399664,0.000276736,0.000317387,0.000236717,0.000280708,0.000196795,0.000240493,0.000159324,0.000196656,0.000116786,0.000159091,9.59e-05,0.000144161,8.00566e-05,9.69258e-05,6.49104e-05,7.67823e-05,5.40877e-05,8.19659e-05,3.94729e-05,
10200,0.456671,0.509922,0.51805,0.558172,0.480541,0.541426,0.476645,0.479505,0.505756,0.485635,0.490799,0.467272,0.513399,0.472159,0.492751,0.467001,0.45804,0.420854,0.506965,0.48177,0.452809,0.381883,0.451008,0.282031,0.34438,0.239783,0.281046,0.173495,0.227471,0.0992019,0.158838,0.0640318,0.109711,0.0446051,0.0701349,0.0316195,0.0579964,0.0251819,0.0344753,0.0201545,0.0290654,0.015805,0.0214105,0.0132107,0.0192753,0.0105901,0.014011,0.00806313,0.013714,0.00660137,0.00907618,0.0060571,0.00764064,0.00513148,0.00647222,0.00382062,0.00458557,0.00326558,0.00389715,0.0026484,0.00296253,0.00189591,0.00261352,0.00179037,0.00217249,0.00152623,0.00177124,0.00128962,0.00154159,0.000887528,0.00117652,0.000876143,0.000999705,0.00057646,0.000833721,0.000507757,0.000584855,0.00046913,0.000490605,0.000305876,0.000399664,0.000276736,0.000335524,0.000236717,0.000259321,0.000196795,0.000240493,0.000159324,0.000196656,0.000123316,0.000159091,9.59e-05,0.000152437,7.37913e-05,9.69258e-05,6.49104e-05,8.27009e-05,5.40877e-05,7.56844e-05,3.94729e-05,
10400,0.495127,0.509922,0.51805,0.514281,0.480541,0.4578,0.508421,0.479505,0.505756,0.485635,0.490799,0.467272,0.513399,0.472159,0.492751,0.467001,0.45804,0.420854,0.506965,0.48177,0.452809,0.381883,0.451008,0.299843,0.34438,0.256618,0.281046,0.191044,0.227471,0.0992019,0.148949,0.0640318,0.0982075,0.047732,0.065768,0.0338396,0.0515798,0.0251819,0.0344753,0.0201545,0.0290654,0.015805,0.0202049,0.0132107,0.0192753,0.0105901,0.014011,0.00806313,0.0129536,0.00660137,0.00956816,0.00554909,0.00764064,0.00513148,0.0068578,0.00382062,0.00458557,0.00326558,0.00389715,0.0026484,0.00296253,0.00189591,0.00261352,0.00179037,0.00217249,0.00135094,0.00186224,0.00121026,0.00138743,0.000953127,0.00117652,0.000876143,0.000999705,0.00057646,0.000833721,0.000507757,0.000584855,0.000431069,0.000540172,0.000305876,0.000434382,0.000276736,0.000335524,0.000236717,0.000259321,0.000171091,0.000240493,0.000159324,0.000196656,0.000123316,0.000159091,0.000101353,0.000152437,7.37913e-05,9.69258e-05,6.88176e-05,8.7933e-05,5.40877e-05,7.56844e-05,3.94729e-05,
10600,0.53346,0.509922,0.51805,0.514281,0.480541,0.504554,0.508421,0.505142,0.505756,0.485635,0.490799,0.467272,0.513399,0.498065,0.492751,0.495427,0.421217,0.447479,0.53909,0.48177,0.494607,0.381883,0.41235,0.32825,0.34438,0.256618,0.301638,0.178693,0.227471,0.0992019,0.148949,0.0640318,0.0909712,0.0504596,0.0736884,0.0369389,0.0484445,0.0275459,0.0300333,0.0201545,0.0311842,0.015805,0.0214248,0.0132107,0.0192753,0.00993841,0.014011,0.00738973,0.0129536,0.00660137,0.00956816,0.00554909,0.00764064,0.00461833,0.0068578,0.00382062,0.00458557,0.00326558,0.00409201,0.0026484,0.00296253,0.00189591,0.00261352,0.00161134,0.00217249,0.00135094,0.00186224,0.00112544,0.00138743,0.000953127,0.00117652,0.000876143,0.000999705,0.000626194,0.000833721,0.000507757,0.000584855,0.000431069,0.000577931,0.000305876,0.000434382,0.000276736,0.000318206,0.000214151,0.000259321,0.000180169,0.000258025,0.000159324,0.000207893,0.000123316,0.000159091,8.83053e-05,0.000140966,7.37913e-05,9.69258e-05,7.38884e-05,8.7933e-05,5.40877e-05,7.56844e-05,3.94729e-05,
10800,0.498973,0.471552,0.559494,0.514281,0.515748,0.504554,0.445239,0.505142,0.505756,0.485635,0.528063,0.467272,0.482193,0.498065,0.492751,0.521915,0.463339,0.447479,0.505915,0.433593,0.453824,0.361457,0.438295,0.347176,0.34438,0.256618,0.301638,0.178693,0.241073,0.0888001,0.148949,0.0640318,0.0909712,0.0504596,0.0687759,0.0369389,0.0484445,0.0275459,0.0326076,0.0201545,0.0311842,0.0148068,0.0214248,0.0120714,0.0192753,0.00993841,0.0130954,0.00738973,0.0122592,0.00660137,0.00956816,0.00554909,0.00804914,0.00461833,0.0068578,0.00382062,0.00458557,0.00300182,0.00409201,0.0024921,0.00296253,0.00189591,0.00261352,0.00171876,0.00217249,0.00141849,0.00186224,0.00106649,0.00138743,0.000953127,0.00125876,0.000820142,0.00110422,0.000664213,0.000833721,0.000507757,0.000625795,0.000431069,0.000577931,0.000305876,0.000434382,0.000276736,0.000318206,0.000214151,0.000296947,0.00020076,0.000258025,0.000159324,0.000207893,0.000123316,0.000159091,8.83053e-05,0.000140966,7.37913e-05,0.000103036,7.38884e-05,8.7933e-05,5.40877e-05,7.56844e-05,4.41379e-05,
11000,0.498973,0.50947,0.514515,0.514281,0.515748,0.504554,0.445239,0.505142,0.55367,0.485635,0.528063,0.467272,0.482193,0.498065,0.492751,0.475523,0.463339,0.447479,0.505915,0.433593,0.453824,0.361457,0.380392,0.321996,0.321421,0.256618,0.267246,0.178693,0.241073,0.0888001,0.148949,0.0640318,0.0967357,0.0504596,0.0687759,0.0369389,0.0484445,0.0257274,0.0355719,0.0201545,0.0293532,0.0148068,0.0214248,0.0120714,0.0192753,0.010449,0.0130954,0.00738973,0.0132833,0.00660137,0.0088349,0.00554909,0.00740206,0.0041565,0.0068578,0.00382062,0.00458557,0.00317068,0.00409201,0.0024921,0.00318082,0.00189591,0.00295996,0.00171876,0.00217249,0.00132679,0.00186224,0.00116042,0.00152617,0.000953127,0.00125876,0.000877726,0.00110422,0.000626056,0.000883745,0.00056361,0.000625795,0.00038156,0.000577931,0.000305876,0.000434382,0.000276736,0.000318206,0.000214151,0.000296947,0.000180684,0.000258025,0.000138514,0.000207893,0.000123316,0.000159091,8.83053e-05,0.000140966,7.37913e-05,0.000103036,7.38884e-05,8.7933e-05,5.40877e-05,7.56844e-05,4.82815e-05,
11200,0.498973,0.50947,0.514515,0.514281,0.515748,0.55348,0.445239,0.505142,0.605647,0.485635,0.528063,0.437405,0.482193,0.498065,0.521991,0.475523,0.463339,0.447479,0.470203,0.433593,0.424486,0.361457,0.380392,0.321996,0.354754,0.256618,0.267246,0.178693,0.241073,0.0959408,0.148949,0.0640318,0.102073,0.0504596,0.0687759,0.0369389,0.0484445,0.0257274,0.0355719,0.0201545,0.0264179,0.0148068,0.0214248,0.0120714,0.0192753,0.00969436,0.0122129,0.00801922,0.0132833,0.00660137,0.0088349,0.00517128,0.00778464,0.0041565,0.0068578,0.00382062,0.00458557,0.00278468,0.00409201,0.0024921,0.00318082,0.00189591,0.00256745,0.00157871,0.00245091,0.00132679,0.00186224,0.00116042,0.00171183,0.000953127,0.00125876,0.000822462,0.00110422,0.000626056,0.000883745,0.00056361,0.000625795,0.00038156,0.000547778,0.000305876,0.000434382,0.000276736,0.000318206,0.000214151,0.000296947,0.000180684,0.000258025,0.000150547,0.000183181,0.00011492,0.000175837,8.83053e-05,0.000133409,7.82331e-05,0.000103036,7.38884e-05,8.7933e-05,5.40877e-05,7.56844e-05,4.56886e-05,
11400,0.458491,0.50947,0.514515,0.514281,0.515748,0.476845,0.445239,0.478555,0.605647,0.441832,0.500644,0.398221,0.482193,0.450774,0.521991,0.475523,0.495871,0.447479,0.498215,0.410686,0.424486,0.361457,0.380392,0.288137,0.335736,0.256618,0.267246,0.167832,0.210621,0.0959408,0.148949,0.0640318,0.0968691,0.0469583,0.0618983,0.0369389,0.0531422,0.0257274,0.0355719,0.0201545,0.0236427,0.0139858,0.0238102,0.0120714,0.0192753,0.00877938,0.012835,0.00747323,0.0132833,0.00660137,0.00810374,0.00545501,0.00677721,0.00455408,0.0068578,0.00382062,0.00458557,0.00278468,0.00378213,0.0026668,0.00318082,0.00189591,0.00256745,0.00157871,0.00245091,0.00120055,0.0017105,0.00116042,0.00171183,0.000953127,0.00125876,0.000822462,0.00110422,0.000573132,0.000883745,0.00056361,0.000663076,0.00038156,0.000512766,0.000305876,0.000434382,0.000276736,0.000334117,0.000214151,0.000296947,0.000180684,0.000258025,0.000142335,0.000183181,0.00011492,0.000175837,8.83053e-05,0.000133409,7.82331e-05,0.000111902,7.38884e-05,8.7933e-05,5.40877e-05,7.15561e-05,4.16274e-05,
11600,0.487628,0.50947,0.514515,0.514281,0.515748,0.507149,0.445239,0.510459,0.568376,0.441832,0.500644,0.44064,0.482193,0.450774,0.481392,0.475523,0.469241,0.412459,0.462494,0.410686,0.424486,0.361457,0.380392,0.265587,0.335736,0.256618,0.267246,0.180716,0.210621,0.106642,0.148949,0.0640318,0.0968691,0.0469583,0.0666904,0.0369389,0.0531422,0.0242787,0.0355719,0.0214981,0.0250658,0.0139858,0.0238102,0.0120714,0.0192753,0.00877938,0.0139424,0.00747323,0.0132833,0.00660137,0.00875893,0.00545501,0.00677721,0.00500949,0.00643011,0.00427767,0.00493623,0.00307451,0.00404769,0.0026668,0.00345244,0.00189591,0.00256745,0.00157871,0.00245091,0.00126319,0.00182453,0.00116042,0.00171183,0.000953127,0.00125876,0.000822462,0.00110422,0.000607401,0.000883745,0.00056361,0.000663076,0.000401642,0.000512766,0.000305876,0.00041025,0.00030441,0.000356391,0.000214151,0.000296947,0.000180684,0.000258025,0.000127424,0.000183181,0.00011492,0.000175837,9.62528e-05,0.000119351,8.90541e-05,0.000121935,6.4211e-05,8.7933e-05,5.40877e-05,7.83351e-05,4.40061e-05,
11800,0.487628,0.50947,0.480893,0.514281,0.515748,0.507149,0.470284,0.464321,0.536098,0.441832,0.551284,0.44064,0.482193,0.450774,0.481392,0.475523,0.440024,0.412459,0.462494,0.410686,0.424486,0.361457,0.380392,0.288078,0.335736,0.256618,0.267246,0.180716,0.19346,0.106642,0.148949,0.0583909,0.0968691,0.0469583,0.0666904,0.0330657,0.0448199,0.0242787,0.0355719,0.0214981,0.0250658,0.0139858,0.022271,0.0120714,0.0192753,0.00877938,0.0139424,0.00819791,0.0132833,0.00660137,0.00875893,0.00545501,0.00713391,0.00467552,0.00643011,0.00427767,0.00493623,0.00307451,0.00434594,0.0026668,0.00345244,0.00189591,0.00256745,0.00167504,0.00245091,0.00135655,0.00182453,0.00116042,0.00171183,0.000953127,0.00125876,0.000726354,0.000999489,0.000643963,0.000883745,0.00056361,0.000705156,0.00044097,0.000512766,0.000305876,0.000445414,0.000275571,0.000331234,0.000229049,0.000296947,0.000170471,0.000258025,0.000127424,0.000183181,0.00011492,0.000175837,9.62528e-05,0.000119351,9.37004e-05,0.000121935,6.4211e-05,8.7933e-05,5.40877e-05,7.83351e-05,4.40061e-05,
12000,0.487628,0.50947,0.517667,0.478596,0.515748,0.507149,0.470284,0.501287,0.58155,0.47947,0.504031,0.463832,0.482193,0.47613,0.481392,0.475523,0.440024,0.412459,0.435515,0.410686,0.424486,0.321295,0.353998,0.288078,0.335736,0.256618,0.267246,0.180716,0.20514,0.106642,0.158878,0.0583909,0.106742,0.0432408,0.070256,0.0330657,0.0448199,0.025725,0.0355719,0.0229313,0.0250658,0.0153178,0.022271,0.0120714,0.0192753,0.00965732,0.0139424,0.00819791,0.0125468,0.00660137,0.00875893,0.00545501,0.00661868,0.00497028,0.00643011,0.00399249,0.00524902,0.00307451,0.00434594,0.0026668,0.00345244,0.00189591,0.00256745,0.00167504,0.00245091,0.00135655,0.00182453,0.00116042,0.00149989,0.000953127,0.00117866,0.00067793,0.000999489,0.000643963,0.000883745,0.000501378,0.000705156,0.00044097,0.000512766,0.000305876,0.000445414,0.000275571,0.00034881,0.000229049,0.000296947,0.000170471,0.000241344,0.000127424,0.000183181,0.00011492,0.000175837,0.000103642,0.00013387,9.37004e-05,0.000121935,6.4211e-05,7.95584e-05,5.40877e-05,7.43753e-05,4.40061e-05,
12200,0.536391,0.537774,0.548621,0.478596,0.515748,0.507149,0.470284,0.501287,0.529097,0.451093,0.504031,0.463832,0.482193,0.47613,0.481392,0.475523,0.440024,0.412459,0.485943,0.410686,0.424486,0.344021,0.401197,0.288078,0.373662,0.256618,0.284094,0.145911,0.20514,0.106642,0.166899,0.0546587,0.112632,0.0432408,0.0758492,0.0330657,0.0504858,0.025725,0.0392743,0.0229313,0.0250658,0.0153178,0.022271,0.0120714,0.0178445,0.0105199,0.0139424,0.00819791,0.0125468,0.00660137,0.00931395,0.00545501,0.00761148,0.00497028,0.00606268,0.00399249,0.00524902,0.00322824,0.00381477,0.00247285,0.00345244,0.00189591,0.00288779,0.00167504,0.00245091,0.00135655,0.00182453,0.00116042,0.00139777,0.000875798,0.00117866,0.00067793,0.000999489,0.000643963,0.000883745,0.000459157,0.000705156,0.00044097,0.000474181,0.000323179,0.000445414,0.000275571,0.00034881,0.000229049,0.000296947,0.000170471,0.000241344,0.000144504,0.000183181,0.000120968,0.000175837,0.000103642,0.00013387,8.79969e-05,0.000113806,6.4211e-05,7.95584e-05,5.40877e-05,7.43753e-05,4.40061e-05,
12400,0.536391,0.491536,0.548621,0.478596,0.563356,0.546242,0.420972,0.501287,0.529097,0.475383,0.504031,0.489923,0.482193,0.47613,0.481392,0.475523,0.440024,0.412459,0.485943,0.438065,0.424486,0.344021,0.401197,0.305568,0.373662,0.273726,0.284094,0.145911,0.20514,0.106642,0.144028,0.0546587,0.112632,0.040268,0.0758492,0.0330657,0.0504858,0.025725,0.0416588,0.0229313,0.0263191,0.0153178,0.0239807,0.0128363,0.0190936,0.00978352,0.0131819,0.0077441,0.0125468,0.00660137,0.00931395,0.00545501,0.00761148,0.00497028,0.00606268,0.00399249,0.00524902,0.00322824,0.00381477,0.00225133,0.00345244,0.00189591,0.00246222,0.00178671,0.00245091,0.00126984,0.00182453,0.00116042,0.00139777,0.000931294,0.00111228,0.00067793,0.000999489,0.000586138,0.000883745,0.000520377,0.000665299,0.00044097,0.000474181,0.000351674,0.000445414,0.000275571,0.00034881,0.000229049,0.000273075,0.000170471,0.000241344,0.000151897,0.000193649,0.000120968,0.000175837,0.000103642,0.00013387,8.79969e-05,0.000113806,6.4211e-05,8.42795e-05,5.40877e-05,7.43753e-05,4.40061e-05,
12600,0.536391,0.491536,0.512401,0.478596,0.534636,0.546242,0.466748,0.501287,0.560945,0.475383,0.504031,0.521058,0.482193,0.449731,0.481392,0.475523,0.440024,0.412459,0.485943,0.392046,0.384058,0.362127,0.443677,0.305568,0.373662,0.252178,0.284094,0.145911,0.190141,0.106642,0.144028,0.0546587,0.112632,0.040268,0.0674216,0.0330657,0.0449221,0.0244136,0.0416588,0.0229313,0.0263191,0.0171559,0.0221646,0.0138685,0.0190936,0.010745,0.0131819,0.0077441,0.0125468,0.00660137,0.00931395,0.00545501,0.00761148,0.00497028,0.00640167,0.00399249,0.00524902,0.00302724,0.00381477,0.0023764,0.00366089,0.00189591,0.00246222,0.00164377,0.00245091,0.00126984,0.00182453,0.00107969,0.00139777,0.000931294,0.00118241,0.000754511,0.00089954,0.000586138,0.000819472,0.000520377,0.000665299,0.00044097,0.000535825,0.000351674,0.000445414,0.000275571,0.000328462,0.000229049,0.000297652,0.000160243,0.000241344,0.000151897,0.000211217,0.000120968,0.000175837,9.7508e-05,0.00013387,8.79969e-05,0.000102425,6.80363e-05,9.58679e-05,4.91297e-05,7.43753e-05,4.40061e-05,
12800,0.536391,0.491536,0.483934,0.509052,0.48881,0.546242,0.466748,0.443713,0.523199,0.475383,0.477011,0.521058,0.482193,0.449731,0.481392,0.475523,0.465169,0.412459,0.485943,0.392046,0.421664,0.385108,0.443677,0.305568,0.354774,0.252178,0.284094,0.145911,0.200631,0.101056,0.144028,0.0546587,0.091698,0.040268,0.0674216,0.0330657,0.0449221,0.0244136,0.0389961,0.0209721,0.0263191,0.0171559,0.0221646,0.0138685,0.0172807,0.0097237,0.0131819,0.0087159,0.0125468,0.00660137,0.010067,0.00545501,0.00761148,0.00455518,0.00595355,0.00427196,0.00524902,0.00281355,0.00381477,0.0023764,0.00321235,0.0019939,0.00246222,0.00164377,0.00224151,0.00120177,0.00182453,0.00114006,0.00139777,0.000931294,0.00108139,0.000754511,0.00089954,0.000586138,0.000819472,0.000520377,0.000665299,0.00044097,0.000535825,0.000351674,0.000445414,0.000251806,0.000311408,0.000215688,0.000297652,0.000169825,0.000241344,0.000151897,0.000200561,0.000120968,0.000166394,9.7508e-05,0.000142795,9.2588e-05,0.000102425,6.80363e-05,9.58679e-05,4.91297e-05,7.05578e-05,4.40061e-05,
13000,0.536391,0.460881,0.483934,0.534752,0.518139,0.546242,0.492048,0.443713,0.473576,0.475383,0.530216,0.521058,0.482193,0.449731,0.509148,0.510786,0.491178,0.412459,0.450137,0.392046,0.421664,0.385108,0.443677,0.305568,0.354774,0.235366,0.284094,0.158046,0.200631,0.0929318,0.144028,0.0546587,0.091698,0.040268,0.0674216,0.0330657,0.0449221,0.0244136,0.0389961,0.0196164,0.0263191,0.0171559,0.0221646,0.0138685,0.0163076,0.0097237,0.0131819,0.0087159,0.0125468,0.00660137,0.010988,0.00545501,0.00761148,0.00455518,0.00559232,0.00401796,0.00524902,0.00281355,0.00381477,0.0023764,0.00321235,0.0019939,0.0027245,0.00164377,0.00224151,0.00120177,0.00182453,0.00106908,0.00139777,0.00100831,0.00108139,0.000754511,0.00095645,0.000586138,0.000819472,0.000520377,0.000717791,0.00039445,0.000535825,0.00032646,0.000398528,0.000251806,0.000295697,0.000215688,0.000297652,0.000169825,0.000241344,0.000151897,0.000180505,0.000120968,0.000166394,0.000103728,0.000142795,9.2588e-05,0.000102425,7.20737e-05,9.58679e-05,4.91297e-05,7.05578e-05,4.40061e-05,
13200,0.570142,0.460881,0.509612,0.534752,0.518139,0.546242,0.492048,0.443713,0.473576,0.500185,0.530216,0.521058,0.482193,0.449731,0.559102,0.44884,0.455554,0.412459,0.450137,0.392046,0.421664,0.385108,0.443677,0.278262,0.354774,0.235366,0.266825,0.171271,0.200631,0.0867363,0.144028,0.0583026,0.091698,0.0379036,0.062084,0.0330657,0.0449221,0.0258876,0.0435074,0.0208574,0.0263191,0.0171559,0.0221646,0.0138685,0.0176122,0.0097237,0.0131819,0.00805183,0.0125468,0.00624129,0.010988,0.00545501,0.00761148,0.00455518,0.00617227,0.00401796,0.00524902,0.00281355,0.00381477,0.0025515,0.00321235,0.00181445,0.0027245,0.00164377,0.00224151,0.0012778,0.00182453,0.00106908,0.00139777,0.000928928,0.00108139,0.000697736,0.0010072,0.000586138,0.000819472,0.000520377,0.000717791,0.00039445,0.000535825,0.000351624,0.000398528,0.000234032,0.000295697,0.000215688,0.000297652,0.000156239,0.000241344,0.00014374,0.000204724,0.000120968,0.000166394,0.000103728,0.000133564,9.2588e-05,0.000102425,7.20737e-05,8.7221e-05,5.47445e-05,6.65045e-05,4.40061e-05,
13400,0.537389,0.460881,0.509612,0.506607,0.518139,0.546242,0.492048,0.443713,0.473576,0.500185,0.530216,0.521058,0.482193,0.449731,0.559102,0.477438,0.496554,0.412459,0.483117,0.414223,0.421664,0.385108,0.443677,0.324553,0.354774,0.26118,0.266825,0.171271,0.211021,0.0867363,0.144028,0.0583026,0.091698,0.0379036,0.062084,0.0330657,0.0449221,0.0287026,0.039372,0.018245,0.0263191,0.0146445,0.0221646,0.0127647,0.0176122,0.0097237,0.0142176,0.00889362,0.0125468,0.00592311,0.00999096,0.00579891,0.00761148,0.00455518,0.00617227,0.00401796,0.00524902,0.00281355,0.00381477,0.0025515,0.00346691,0.00181445,0.00228177,0.00164377,0.00224151,0.00118618,0.00171093,0.00114414,0.00152899,0.00102729,0.00108139,0.000754149,0.00107781,0.000586138,0.000819472,0.000566858,0.000717791,0.00039445,0.000535825,0.000351624,0.000398528,0.000234032,0.00031317,0.000215688,0.000324441,0.000156239,0.000241344,0.00014374,0.000204724,0.000120968,0.000166394,0.000103728,0.000133564,8.33292e-05,0.000102425,7.20737e-05,8.7221e-05,5.47445e-05,6.65045e-05,4.40061e-05,
13600,0.537389,0.460881,0.483632,0.506607,0.489876,0.546242,0.492048,0.443713,0.473576,0.500185,0.558766,0.521058,0.482193,0.449731,0.520509,0.443414,0.496554,0.412459,0.42407,0.414223,0.373474,0.385108,0.443677,0.324553,0.354774,0.26118,0.266825,0.171271,0.211021,0.0867363,0.152218,0.0613962,0.0971609,0.0405497,0.062084,0.0353874,0.0449221,0.0287026,0.0352085,0.019246,0.0263191,0.0146445,0.0204005,0.0127647,0.0176122,0.0105234,0.0142176,0.00889362,0.0139983,0.00647915,0.00999096,0.00622894,0.00761148,0.00495913,0.00579244,0.00401796,0.00524902,0.00281355,0.00381477,0.0025515,0.00328147,0.0019195,0.00228177,0.00153186,0.00224151,0.00129821,0.00171093,0.00114414,0.00152899,0.000970214,0.00108139,0.000691444,0.00107781,0.000586138,0.000770304,0.000566858,0.000717791,0.000416212,0.000535825,0.000351624,0.000398528,0.000234032,0.00031317,0.000200001,0.000324441,0.000156239,0.000241344,0.00014374,0.000222387,0.000120968,0.000185681,0.000110952,0.000133564,8.33292e-05,0.000111205,7.20737e-05,8.7221e-05,5.18632e-05,6.65045e-05,4.89731e-05,
13800,0.537389,0.460881,0.517589,0.506607,0.489876,0.546242,0.461068,0.466863,0.511865,0.500185,0.558766,0.521058,0.482193,0.493658,0.490146,0.480081,0.496554,0.462132,0.42407,0.414223,0.373474,0.361091,0.443677,0.351709,0.354774,0.26118,0.266825,0.171271,0.211021,0.102976,0.136141,0.0613962,0.0895121,0.0426155,0.0671326,0.0372054,0.0479169,0.0287026,0.0352085,0.0205291,0.0282425,0.0154682,0.0204005,0.0127647,0.0176122,0.0105234,0.0142176,0.00889362,0.0139983,0.00647915,0.00999096,0.00622894,0.00761148,0.00495913,0.00549512,0.00401796,0.00524902,0.00298291,0.00381477,0.00239085,0.00328147,0.0019195,0.00228177,0.00153186,0.00207635,0.00129821,0.00181359,0.00114414,0.00142706,0.000970214,0.00108139,0.000735259,0.00100595,0.000586138,0.000770304,0.000566858,0.000717791,0.000416212,0.000535825,0.000351624,0.000398528,0.000234032,0.00031317,0.000200001,0.000324441,0.000156239,0.000241344,0.00014374,0.000222387,0.000120968,0.000185681,0.000110952,0.000133564,8.33292e-05,0.000111205,7.20737e-05,8.7221e-05,5.18632e-05,6.65045e-05,4.89731e-05,
14000,0.537389,0.460881,0.517589,0.506607,0.535096,0.546242,0.512574,0.466863,0.511865,0.500185,0.558766,0.481358,0.482193,0.493658,0.514891,0.449395,0.496554,0.462132,0.462542,0.414223,0.393584,0.361091,0.414684,0.351709,0.332436,0.26118,0.266825,0.171271,0.211021,0.102976,0.127543,0.0613962,0.096332,0.0426155,0.0671326,0.0349439,0.0511114,0.0287026,0.0352085,0.0193687,0.0262655,0.0154682,0.0204005,0.0127647,0.0165417,0.00968583,0.015076,0.00942345,0.0139983,0.00647915,0.00999096,0.005873,0.00761148,0.00495913,0.00549512,0.00401796,0.00524902,0.00298291,0.00424092,0.00239085,0.00328147,0.00206053,0.00228177,0.00162345,0.00207635,0.00138909,0.00192884,0.00114414,0.00153619,0.000883092,0.00108139,0.000735259,0.00100595,0.000619467,0.000770304,0.000566858,0.000717791,0.000376878,0.000535825,0.000351624,0.000398528,0.000234032,0.00031317,0.000210842,0.000324441,0.000156239,0.000241344,0.00014374,0.000222387,0.000120968,0.000185681,0.000116884,0.000133564,8.33292e-05,0.000111205,6.45164e-05,8.7221e-05,5.18632e-05,7.13305e-05,5.33638e-05,
14200,0.537389,0.517211,0.517589,0.506607,0.535096,0.546242,0.543428,0.514031,0.511865,0.462548,0.51734,0.519179,0.482193,0.493658,0.479164,0.483761,0.496554,0.462132,0.462542,0.414223,0.393584,0.361091,0.387307,0.332855,0.332436,0.23245,0.235839,0.156545,0.211021,0.114589,0.127543,0.0613962,0.096332,0.0426155,0.0671326,0.0307902,0.0511114,0.0287026,0.0352085,0.0193687,0.0262655,0.0154682,0.0224406,0.0127647,0.0179891,0.00968583,0.015076,0.00942345,0.0120828,0.00647915,0.00999096,0.005873,0.00716748,0.00470164,0.00549512,0.00401796,0.00571184,0.00320035,0.00390518,0.00254258,0.00309133,0.00206053,0.00228177,0.00152237,0.00207635,0.00138909,0.00192884,0.00124049,0.00153619,0.000883092,0.00118352,0.000735259,0.00100595,0.000619467,0.000818955,0.00051827,0.000717791,0.000376878,0.000535825,0.000333048,0.000398528,0.000234032,0.000336948,0.000210842,0.000307365,0.000156239,0.000241344,0.00014374,0.000222387,0.000120968,0.000185681,0.00010405,0.000133564,8.33292e-05,0.000111205,6.45164e-05,7.93889e-05,4.66769e-05,7.13305e-05,5.33638e-05,
14400,0.50304,0.473022,0.549014,0.506607,0.535096,0.464605,0.543428,0.514031,0.511865,0.462548,0.51734,0.481955,0.482193,0.434218,0.479164,0.483761,0.496554,0.517921,0.462542,0.458903,0.393584,0.315479,0.387307,0.314111,0.332436,0.23245,0.257609,0.156545,0.211021,0.105858,0.135637,0.0613962,0.104344,0.0426155,0.0706659,0.0307902,0.0476669,0.0287026,0.0374461,0.0193687,0.0262655,0.0167941,0.0207412,0.0127647,0.0179891,0.00968583,0.015076,0.00942345,0.0120828,0.00647915,0.00999096,0.0055374,0.00716748,0.00470164,0.00586147,0.00363605,0.00534675,0.00320035,0.00390518,0.00276194,0.00309133,0.00206053,0.00228177,0.00152237,0.00218736,0.00131332,0.00179789,0.00124049,0.00153619,0.000883092,0.00118352,0.000735259,0.000935537,0.000619467,0.000818955,0.000569473,0.000717791,0.000376878,0.000535825,0.000367712,0.000423699,0.000249634,0.000336948,0.000210842,0.000307365,0.000164652,0.000264209,0.000160167,0.000222387,0.000120968,0.000185681,0.00010405,0.000140242,7.83295e-05,0.000100695,6.45164e-05,7.93889e-05,4.96299e-05,7.13305e-05,5.33638e-05,
14600,0.528437,0.473022,0.549014,0.506607,0.478646,0.464605,0.543428,0.514031,0.564739,0.499042,0.51734,0.481955,0.482193,0.467422,0.420831,0.52497,0.454422,0.517921,0.462542,0.458903,0.413263,0.350182,0.387307,0.314111,0.311978,0.246525,0.257609,0.156545,0.211021,0.112915,0.122073,0.0613962,0.0933097,0.0426155,0.0706659,0.0307902,0.0431511,0.0287026,0.0374461,0.0193687,0.0262655,0.0144149,0.0207412,0.0127647,0.0179891,0.00968583,0.0160227,0.00942345,0.0120828,0.00647915,0.00999096,0.00521227,0.00716748,0.00470164,0.00586147,0.00363605,0.00534675,0.00320035,0.00365667,0.00276194,0.00327317,0.00195302,0.0025018,0.00152237,0.00218736,0.00147635,0.00179789,0.00111053,0.00153619,0.000883092,0.00118352,0.000735259,0.00104246,0.000569667,0.000818955,0.000569473,0.000717791,0.000376878,0.000535825,0.000367712,0.000423699,0.000266276,0.000336948,0.000198364,0.000332782,0.000164652,0.000240378,0.000160167,0.000222387,0.000120968,0.000185681,0.00010405,0.000140242,8.29776e-05,0.000100695,6.45164e-05,7.93889e-05,4.96299e-05,7.13305e-05,5.02509e-05,
14800,0.528437,0.473022,0.549014,0.471778,0.478646,0.536768,0.543428,0.514031,0.564739,0.499042,0.48053,0.481955,0.482193,0.467422,0.443921,0.52497,0.487717,0.517921,0.411568,0.458903,0.413263,0.350182,0.34662,0.314111,0.311978,0.246525,0.237329,0.156545,0.211021,0.112915,0.122073,0.0555731,0.0933097,0.0426155,0.0706659,0.0307902,0.0431511,0.0258323,0.0374461,0.0193687,0.0262655,0.0155215,0.0207412,0.0127647,0.0179891,0.0101956,0.0160227,0.00882828,0.0120828,0.00647915,0.00883411,0.00551012,0.00773064,0.00444519,0.00586147,0.00363605,0.0049903,0.00320035,0.00387979,0.00276194,0.00327317,0.00195302,0.0025018,0.00152237,0.00218736,0.00138898,0.00170291,0.00117669,0.00153619,0.000883092,0.00109505,0.000735259,0.00104246,0.000569667,0.000759074,0.000569473,0.000717791,0.000376878,0.000535825,0.000367712,0.000423699,0.000266276,0.000336948,0.000198364,0.000332782,0.000182576,0.000240378,0.000160167,0.000222387,0.000120968,0.000170753,0.00010405,0.000140242,7.74458e-05,0.000107408,5.97626e-05,8.70602e-05,4.96299e-05,7.98635e-05,5.02509e-05,
15000,0.493207,0.507876,0.582163,0.471778,0.478646,0.581154,0.543428,0.514031,0.564739,0.499042,0.45018,0.481955,0.482193,0.467422,0.443921,0.491222,0.487717,0.517921,0.448906,0.458903,0.413263,0.350182,0.34662,0.314111,0.335195,0.267285,0.237329,0.156545,0.199339,0.112915,0.128498,0.0555731,0.0933097,0.0426155,0.0706659,0.0342184,0.0470054,0.0258323,0.0417256,0.0193687,0.0262655,0.0168124,0.0207412,0.0127647,0.0179891,0.0101956,0.014908,0.0093476,0.0120828,0.00647915,0.00976402,0.0050903,0.00773064,0.00444519,0.00625223,0.00393208,0.0049903,0.00302848,0.00387979,0.00276194,0.00327317,0.00195302,0.0025018,0.00143933,0.00218736,0.00138898,0.00170291,0.00117669,0.00153619,0.000883092,0.00109505,0.000677051,0.000984749,0.000569667,0.000807379,0.000569473,0.000717791,0.000423663,0.000535825,0.000367712,0.000423699,0.000266276,0.000336948,0.000198364,0.000332782,0.00017177,0.000240378,0.000160167,0.000204344,0.000120968,0.000170753,0.00010405,0.000151307,8.37435e-05,0.000107408,5.97626e-05,8.02888e-05,4.96299e-05,7.98635e-05,4.42208e-05,
15200,0.493207,0.452205,0.582163,0.437705,0.478646,0.515041,0.543428,0.514031,0.534904,0.499042,0.45018,0.481955,0.482193,0.501764,0.483018,0.491222,0.487717,0.517921,0.448906,0.458903,0.453197,0.350182,0.34662,0.314111,0.335195,0.252234,0.237329,0.136194,0.187379,0.103882,0.137064,0.0555731,0.0877873,0.0404429,0.0706659,0.0315923,0.0470054,0.0258323,0.0417256,0.0208393,0.0262655,0.0168124,0.0241196,0.0134092,0.0179891,0.00939298,0.0137344,0.00982379,0.0120828,0.00741797,0.00976402,0.00465687,0.00836643,0.00444519,0.0057496,0.00393208,0.0049903,0.00302848,0.00415265,0.00276194,0.00327317,0.00207658,0.0025018,0.0016083,0.00218736,0.0014591,0.00170291,0.00117669,0.00153619,0.000939289,0.00127867,0.000677051,0.000984749,0.000604161,0.000807379,0.000521912,0.000717791,0.000383481,0.000535825,0.000367712,0.000450547,0.000246373,0.000336948,0.000198364,0.000296478,0.00017177,0.000240378,0.000160167,0.000188352,0.000127912,0.000170753,0.00010405,0.000131812,8.37435e-05,0.000107408,5.97626e-05,8.51062e-05,5.36003e-05,7.98635e-05,4.42208e-05,
15400,0.493207,0.498502,0.582163,0.437705,0.478646,0.515041,0.505721,0.514031,0.534904,0.499042,0.474249,0.450798,0.482193,0.501764,0.483018,0.464428,0.487717,0.517921,0.48724,0.458903,0.453197,0.350182,0.368549,0.314111,0.335195,0.252234,0.237329,0.146534,0.20344,0.103882,0.126099,0.0583517,0.0877873,0.0426052,0.0706659,0.0333588,0.0493784,0.0258323,0.0417256,0.0208393,0.0262655,0.0168124,0.0241196,0.0134092,0.0158442,0.00939298,0.0145612,0.00982379,0.0120828,0.00741797,0.009107,0.00506747,0.00836643,0.00444519,0.0057496,0.00393208,0.00539158,0.00302848,0.00415265,0.00276194,0.00327317,0.00196331,0.00271491,0.0016083,0.00218736,0.00137041,0.00185617,0.00117669,0.00153619,0.000939289,0.00120094,0.000677051,0.000926196,0.000655752,0.000807379,0.000466789,0.000667123,0.000383481,0.000584191,0.000367712,0.000426448,0.000260636,0.000360645,0.000198364,0.000330807,0.00017177,0.000252676,0.000141341,0.000188352,0.000127912,0.000159595,0.00010405,0.000124733,8.81128e-05,0.000101143,5.97626e-05,8.99919e-05,5.36003e-05,7.98635e-05,4.68339e-05,
15600,0.493207,0.468707,0.507953,0.437705,0.478646,0.515041,0.468941,0.5483,0.534904,0.499042,0.504301,0.450798,0.522296,0.501764,0.51683,0.515515,0.526544,0.463459,0.443293,0.458903,0.453197,0.350182,0.398519,0.314111,0.360734,0.252234,0.237329,0.146534,0.188034,0.103882,0.114114,0.0583517,0.0877873,0.0426052,0.0706659,0.0333588,0.0493784,0.0258323,0.0417256,0.0187554,0.0262655,0.0168124,0.0241196,0.0134092,0.0172744,0.0102351,0.0136761,0.0090419,0.0112851,0.00741797,0.009107,0.00506747,0.00836643,0.00444519,0.0057496,0.00393208,0.00510255,0.00318138,0.00439105,0.00276194,0.00327317,0.00210094,0.00271491,0.00171004,0.00218736,0.00137041,0.00185617,0.00117669,0.00153619,0.000939289,0.00126415,0.000715739,0.000984974,0.000655752,0.000807379,0.000466789,0.000709257,0.000420002,0.000584191,0.000367712,0.00039713,0.000260636,0.000360645,0.000198364,0.000299397,0.00017177,0.000252676,0.000141341,0.000188352,0.000127912,0.000159595,0.00010405,0.000124733,8.81128e-05,0.000101143,5.97626e-05,8.99919e-05,5.36003e-05,7.98635e-05,4.68339e-05,
15800,0.493207,0.468707,0.467317,0.472722,0.478646,0.515041,0.468941,0.484229,0.497461,0.499042,0.504301,0.482354,0.466994,0.475585,0.543159,0.515515,0.490009,0.463459,0.443293,0.390067,0.453197,0.350182,0.450327,0.332958,0.360734,0.276693,0.258527,0.16285,0.188034,0.103882,0.120983,0.0583517,0.0933663,0.0426052,0.0706659,0.0309197,0.0493784,0.0258323,0.0417256,0.0187554,0.0262655,0.0156811,0.0241196,0.0134092,0.016134,0.0102351,0.0148641,0.00845104,0.0112851,0.00741797,0.009107,0.00506747,0.00789354,0.00408299,0.0057496,0.00393208,0.00510255,0.00300498,0.00439105,0.00249797,0.00350263,0.00194184,0.00271491,0.00171004,0.00231943,0.00146663,0.00185617,0.00107722,0.00161374,0.000939289,0.00117643,0.000715739,0.000984974,0.000655752,0.000807379,0.000466789,0.000709257,0.000420002,0.000638926,0.000367712,0.00039713,0.000260636,0.000360645,0.000209848,0.000299397,0.00017177,0.000252676,0.000152508,0.000188352,0.00011811,0.000159595,0.00010405,0.000124733,8.81128e-05,0.000101143,5.97626e-05,8.41742e-05,5.75274e-05,7.98635e-05,4.21505e-05,
16000,0.493207,0.468707,0.521379,0.472722,0.478646,0.515041,0.496878,0.484229,0.497461,0.538772,0.557132,0.482354,0.466994,0.475585,0.543159,0.515515,0.490009,0.4262,0.499287,0.390067,0.453197,0.350182,0.450327,0.332958,0.360734,0.276693,0.285079,0.174926,0.188034,0.103882,0.120983,0.054168,0.0933663,0.0426052,0.0706659,0.0309197,0.0493784,0.0258323,0.0382261,0.0187554,0.0262655,0.0156811,0.02289,0.0134092,0.016134,0.0113439,0.0148641,0.00845104,0.0112851,0.00741797,0.009107,0.00542327,0.00744009,0.00408299,0.0057496,0.00393208,0.00510255,0.00283837,0.00439105,0.0026645,0.00350263,0.00194184,0.0028611,0.00171004,0.00231943,0.00146663,0.00185617,0.00107722,0.00170451,0.000939289,0.00107737,0.000715739,0.000925875,0.000655752,0.000807379,0.000497908,0.000709257,0.000449446,0.000638926,0.000345949,0.00039713,0.000260636,0.000360645,0.000209848,0.000299397,0.000183777,0.000252676,0.000152508,0.000199165,0.000124272,0.000146054,0.000109613,0.000138645,8.81128e-05,9.30513e-05,5.97626e-05,8.41742e-05,5.75274e-05,7.49488e-05,4.21505e-05,
16200,0.543578,0.468707,0.521379,0.499978,0.504858,0.515041,0.460742,0.484229,0.462943,0.538772,0.510809,0.482354,0.466994,0.475585,0.543159,0.472103,0.490009,0.4262,0.499287,0.390067,0.453197,0.380085,0.405294,0.313535,0.360734,0.23883,0.285079,0.174926,0.188034,0.103882,0.120983,0.0615492,0.0933663,0.0426052,0.0706659,0.0330942,0.0456391,0.0279095,0.0362142,0.0200058,0.0249017,0.0156811,0.02289,0.0134092,0.016134,0.0103849,0.0148641,0.00910248,0.0112851,0.00741797,0.00838216,0.00542327,0.00677523,0.00444506,0.0057496,0.00393208,0.00544272,0.00301794,0.00439105,0.0026645,0.00350263,0.0021418,0.00320086,0.00171004,0.00231943,0.00146663,0.00200125,0.00117445,0.00170451,0.000833318,0.00107737,0.000715739,0.000925875,0.000689442,0.000807379,0.000497908,0.000709257,0.000449446,0.000602948,0.000306005,0.00042658,0.000260636,0.000329937,0.000209848,0.000264522,0.000183777,0.000252676,0.000152508,0.000199165,0.000117248,0.000146054,0.000109613,0.00012684,8.81128e-05,9.30513e-05,5.97626e-05,8.41742e-05,5.27026e-05,7.49488e-05,4.21505e-05,
16400,0.543578,0.468707,0.483564,0.539425,0.504858,0.515041,0.460742,0.457816,0.507033,0.493402,0.510809,0.443963,0.466994,0.501012,0.513989,0.435156,0.490009,0.4262,0.464044,0.390067,0.423899,0.380085,0.405294,0.313535,0.389742,0.23883,0.285079,0.174926,0.188034,0.0970237,0.131789,0.0615492,0.0933663,0.0426052,0.0656377,0.0330942,0.0456391,0.0279095,0.0362142,0.0210418,0.0249017,0.0148817,0.0262606,0.0134092,0.0141131,0.0103849,0.0148641,0.00910248,0.0119599,0.00692824,0.00838216,0.00542327,0.00677523,0.00444506,0.00606321,0.00436898,0.00544272,0.00301794,0.00377271,0.0026645,0.00381787,0.0021418,0.00301142,0.00171004,0.00231943,0.00146663,0.00187665,0.00117445,0.00170451,0.000833318,0.00107737,0.000715739,0.000925875,0.000638641,0.000807379,0.000466906,0.000709257,0.000449446,0.000602948,0.000306005,0.00042658,0.000260636,0.00029543,0.000209848,0.000264522,0.000172083,0.000252676,0.000152508,0.000209813,0.000117248,0.000168626,0.000109613,0.000117801,8.28104e-05,9.30513e-05,5.97626e-05,8.41742e-05,5.27026e-05,6.91121e-05,4.4476e-05,
16600,0.507691,0.520893,0.522062,0.539425,0.504858,0.460826,0.460742,0.457816,0.537553,0.456778,0.537053,0.443963,0.498127,0.501012,0.513989,0.435156,0.490009,0.4262,0.507232,0.416072,0.423899,0.380085,0.405294,0.313535,0.352736,0.23883,0.285079,0.174926,0.205848,0.109036,0.141947,0.0654552,0.0933663,0.0466986,0.0656377,0.0330942,0.048191,0.0279095,0.0362142,0.0210418,0.0249017,0.0148817,0.0237967,0.0125753,0.0158067,0.0103849,0.0148641,0.00910248,0.0113187,0.00727802,0.00838216,0.00593547,0.00717377,0.00444506,0.00606321,0.00436898,0.00544272,0.00301794,0.00353157,0.0026645,0.00330378,0.00228458,0.0027705,0.00171004,0.00231943,0.00146663,0.00187665,0.00117445,0.00170451,0.000833318,0.00116356,0.000715739,0.000925875,0.000638641,0.000900782,0.000439273,0.000709257,0.000416329,0.000649235,0.000279949,0.00042658,0.00024596,0.000323814,0.000209848,0.00024585,0.000172083,0.000235674,0.000164315,0.000209813,0.000117248,0.000168626,0.000109613,0.000117801,8.28104e-05,9.30513e-05,5.97626e-05,8.41742e-05,5.27026e-05,6.91121e-05,4.13365e-05,
16800,0.507691,0.549128,0.47225,0.488447,0.466626,0.460826,0.460742,0.490014,0.499304,0.456778,0.506364,0.476676,0.498127,0.441087,0.474828,0.435156,0.490009,0.4262,0.507232,0.416072,0.423899,0.355335,0.405294,0.348444,0.371595,0.208916,0.305812,0.174926,0.205848,0.0952015,0.141947,0.0654552,0.0933663,0.0491686,0.0656377,0.0330942,0.0452254,0.0279095,0.0362142,0.0194202,0.0263024,0.015683,0.0237967,0.0125753,0.0175666,0.0103849,0.0148641,0.00910248,0.0113187,0.00684301,0.0088335,0.00593547,0.00717377,0.00444506,0.00606321,0.00436898,0.00544272,0.00301794,0.00353157,0.0026645,0.00330378,0.00228458,0.00256342,0.00180147,0.00231943,0.00146663,0.00174763,0.00117445,0.00161154,0.000833318,0.00116356,0.000772721,0.000995942,0.000638641,0.000838278,0.000439273,0.000709257,0.000387441,0.000594563,0.000301278,0.000450956,0.000258905,0.000343243,0.000209848,0.00024585,0.000172083,0.000250087,0.000153084,0.000209813,0.000126286,0.000168626,0.000109613,0.000117801,7.79094e-05,0.000104048,5.97626e-05,8.41742e-05,5.27026e-05,6.91121e-05,4.13365e-05,
17000,0.535211,0.497167,0.47225,0.537853,0.520529,0.50252,0.483779,0.490014,0.499304,0.456778,0.506364,0.505456,0.464557,0.441087,0.474828,0.459331,0.490009,0.385733,0.507232,0.416072,0.423899,0.355335,0.431086,0.371674,0.371595,0.221693,0.305812,0.174926,0.205848,0.0952015,0.141947,0.0654552,0.0933663,0.0491686,0.0656377,0.0330942,0.0486478,0.0279095,0.0362142,0.0194202,0.0247813,0.015683,0.0220905,0.0125753,0.0175666,0.0103849,0.0148641,0.0085348,0.0113187,0.00612549,0.0088335,0.00553977,0.00717377,0.00444506,0.00606321,0.00436898,0.00515042,0.00301794,0.00353157,0.0026645,0.00358199,0.00228458,0.00256342,0.00180147,0.00231943,0.00146663,0.00174763,0.00106346,0.00161154,0.000833318,0.00116356,0.000732051,0.000995942,0.000638641,0.000838278,0.000493481,0.000709257,0.000387441,0.000594563,0.000316997,0.000450956,0.000284011,0.000343243,0.000192611,0.00024585,0.000172083,0.00022872,0.000153084,0.00019818,0.000126286,0.000168626,0.000109613,0.000117801,7.79094e-05,0.000104048,5.97626e-05,8.41742e-05,5.71407e-05,6.91121e-05,3.91609e-05,
17200,0.535211,0.530312,0.526222,0.537853,0.550411,0.539663,0.483779,0.490014,0.499304,0.456778,0.506364,0.477886,0.499952,0.441087,0.522311,0.430101,0.490009,0.434457,0.507232,0.451968,0.423899,0.355335,0.431086,0.332667,0.371595,0.221693,0.305812,0.184053,0.205848,0.0952015,0.158804,0.0654552,0.0933663,0.0491686,0.0656377,0.0276724,0.0486478,0.025626,0.0362142,0.0210556,0.0268549,0.0142684,0.0220905,0.0125753,0.0175666,0.0103849,0.0132995,0.0085348,0.0113187,0.00612549,0.0088335,0.00587521,0.00717377,0.00444506,0.00606321,0.00436898,0.00545726,0.00301794,0.00383835,0.0026645,0.00358199,0.00199022,0.00256342,0.0017049,0.00231943,0.00139264,0.00188127,0.00106346,0.00161154,0.000833318,0.00116356,0.000732051,0.00106234,0.000638641,0.000838278,0.000493481,0.000709257,0.000387441,0.000594563,0.000342234,0.000426835,0.000284011,0.00039955,0.000192611,0.000273947,0.000172083,0.000243213,0.000144734,0.00019818,0.000126286,0.000159276,0.000109613,0.000125654,7.79094e-05,8.77438e-05,6.39402e-05,9.17499e-05,5.37122e-05,7.41758e-05,3.91609e-05,
17400,0.535211,0.530312,0.486625,0.537853,0.515756,0.539663,0.483779,0.490014,0.499304,0.456778,0.506364,0.477886,0.52495,0.463141,0.522311,0.430101,0.490009,0.434457,0.507232,0.451968,0.423899,0.355335,0.431086,0.332667,0.351326,0.221693,0.305812,0.184053,0.205848,0.107165,0.166821,0.0592471,0.0992826,0.0464867,0.0656377,0.0276724,0.0486478,0.025626,0.0362142,0.0190522,0.028256,0.0142684,0.0236272,0.0125753,0.019625,0.0103849,0.0145361,0.0085348,0.0113187,0.00612549,0.0088335,0.00587521,0.00717377,0.00444506,0.00606321,0.00436898,0.00545726,0.00281246,0.00383835,0.0026645,0.00311844,0.00199022,0.00256342,0.00145864,0.00246474,0.00139264,0.00188127,0.00106346,0.00150623,0.000833318,0.00116356,0.000780854,0.00106234,0.000596065,0.000838278,0.000493481,0.000709257,0.000350694,0.000594563,0.000342234,0.000403553,0.000265452,0.00039955,0.000218165,0.000289265,0.000172083,0.000243213,0.000144734,0.00019818,0.000126286,0.000159276,0.000109613,0.000134913,7.79094e-05,9.49601e-05,6.95779e-05,8.7112e-05,5.37122e-05,7.41758e-05,3.91609e-05,
17600,0.484238,0.485654,0.515615,0.537853,0.472324,0.539663,0.520917,0.53562,0.499304,0.456778,0.455727,0.443622,0.52495,0.463141,0.45037,0.469451,0.461008,0.434457,0.535411,0.451968,0.423899,0.355335,0.431086,0.332667,0.351326,0.253099,0.279772,0.184053,0.205848,0.116294,0.158211,0.0624586,0.0898558,0.0464867,0.0656377,0.0276724,0.0486478,0.025626,0.0362142,0.0190522,0.028256,0.0142684,0.0236272,0.0111781,0.019625,0.0114455,0.0134584,0.0085348,0.0113187,0.00665396,0.00985463,0.00587521,0.00717377,0.00444506,0.00606321,0.00436898,0.00545726,0.00281246,0.00410744,0.00290249,0.00311844,0.00199022,0.00256342,0.00145864,0.00246474,0.00139264,0.00188127,0.00119881,0.00137713,0.000833318,0.00127991,0.000780854,0.00106234,0.000596065,0.000838278,0.000493481,0.000709257,0.000350694,0.000594563,0.000342234,0.000403553,0.000240247,0.00039955,0.000218165,0.000289265,0.000172083,0.000243213,0.000144734,0.00017611,0.000126286,0.000159276,0.000116211,0.000134913,7.79094e-05,0.000104004,6.95779e-05,7.96694e-05,5.37122e-05,6.91255e-05,3.91609e-05,
17800,0.484238,0.531521,0.515615,0.567008,0.472324,0.539663,0.520917,0.53562,0.454269,0.481015,0.49386,0.473197,0.52495,0.463141,0.45037,0.431895,0.461008,0.488247,0.535411,0.451968,0.423899,0.355335,0.40259,0.332667,0.351326,0.253099,0.279772,0.184053,0.205848,0.122268,0.149729,0.067431,0.0898558,0.0494324,0.0656377,0.0276724,0.0533652,0.025626,0.0362142,0.0202119,0.0266413,0.0156202,0.0236272,0.0111781,0.019625,0.0114455,0.0134584,0.0085348,0.0103964,0.00665396,0.00985463,0.00587521,0.00717377,0.00444506,0.00606321,0.00401775,0.00485585,0.00281246,0.00410744,0.00266009,0.00311844,0.00199022,0.00240567,0.00145864,0.00246474,0.00139264,0.00174741,0.00119881,0.00137713,0.000833318,0.00134727,0.000780854,0.00096717,0.000596065,0.000838278,0.000493481,0.000660043,0.000387826,0.000594563,0.000342234,0.000430456,0.000240247,0.00039955,0.000200626,0.000289265,0.000172083,0.000243213,0.000144734,0.00017611,0.000126286,0.000144205,0.000116211,0.000134913,7.79094e-05,0.000104004,6.05737e-05,7.40926e-05,5.37122e-05,6.91255e-05,3.91609e-05,
18000,0.532662,0.531521,0.448889,0.498735,0.445009,0.539663,0.520917,0.50392,0.454269,0.481015,0.467385,0.501681,0.52495,0.50166,0.45037,0.408337,0.425152,0.488247,0.477003,0.451968,0.467548,0.335953,0.40259,0.332667,0.379577,0.253099,0.279772,0.184053,0.194256,0.104369,0.139844,0.0728533,0.0898558,0.0494324,0.0695481,0.0296043,0.0500299,0.0269073,0.0362142,0.0202119,0.0266413,0.01661,0.0236272,0.0111781,0.019625,0.0114455,0.0134584,0.0085348,0.0103964,0.00619226,0.00985463,0.0062859,0.00782593,0.00444506,0.00606321,0.00401775,0.00485585,0.00281246,0.00442275,0.00243359,0.00311844,0.00186156,0.00240567,0.00161144,0.00246474,0.00139264,0.00174741,0.00119881,0.00137713,0.000833318,0.00134727,0.000739757,0.000907652,0.000596065,0.000838278,0.000493481,0.000660043,0.000387826,0.000594563,0.000342234,0.000408512,0.000252995,0.00039955,0.000200626,0.000289265,0.000172083,0.000243213,0.000144734,0.000192882,0.000126286,0.000156081,0.000109137,0.000134913,7.24557e-05,0.000110534,6.40806e-05,7.40926e-05,5.37122e-05,6.91255e-05,3.91609e-05,
18200,0.532662,0.503027,0.478815,0.498735,0.445009,0.539663,0.485552,0.50392,0.503482,0.481015,0.467385,0.501681,0.52495,0.474297,0.517925,0.408337,0.452133,0.488247,0.400682,0.42485,0.467548,0.35835,0.434354,0.301228,0.379577,0.253099,0.259865,0.184053,0.194256,0.104369,0.139844,0.0652073,0.0898558,0.0456229,0.0695481,0.0296043,0.0500299,0.0252695,0.0362142,0.0202119,0.0266413,0.01661,0.0236272,0.0111781,0.0206062,0.0105299,0.0134584,0.0085348,0.0103964,0.00619226,0.00873599,0.0062859,0.00782593,0.00490158,0.00606321,0.00401775,0.00485585,0.00253122,0.00442275,0.00257739,0.00337937,0.00196742,0.00240567,0.0014503,0.00246474,0.00139264,0.00174741,0.00113455,0.00148374,0.000878489,0.00121255,0.000638383,0.000968162,0.000596065,0.000767686,0.00052168,0.000660043,0.000387826,0.000594563,0.000342234,0.000408512,0.000252995,0.000324121,0.000211844,0.000289265,0.000172083,0.000243213,0.000144734,0.00020385,0.000126286,0.000156081,0.000115639,0.000126499,7.77376e-05,0.000110534,6.40806e-05,7.40926e-05,5.37122e-05,6.91255e-05,3.91609e-05,
18400,0.564725,0.503027,0.478815,0.498735,0.514347,0.495164,0.485552,0.50392,0.503482,0.525023,0.467385,0.501681,0.554644,0.504351,0.471528,0.408337,0.452133,0.461615,0.460785,0.395111,0.438019,0.35835,0.434354,0.336076,0.379577,0.236922,0.259865,0.184053,0.181562,0.096568,0.139844,0.0652073,0.0898558,0.0428856,0.0695481,0.0296043,0.0500299,0.0252695,0.0362142,0.0187628,0.0286865,0.01661,0.0262186,0.0111781,0.0206062,0.0105299,0.0145777,0.0085348,0.0115675,0.0069156,0.00926015,0.0062859,0.00821723,0.00441142,0.00557578,0.00377996,0.00485585,0.00269136,0.00402143,0.00257739,0.00337937,0.00181937,0.00263151,0.0014503,0.00246474,0.00139264,0.00174741,0.00113455,0.00161092,0.000878489,0.00121255,0.000638383,0.00111073,0.000596065,0.000767686,0.00052168,0.000660043,0.000387826,0.000594563,0.000342234,0.000439872,0.000269026,0.000324121,0.000211844,0.000289265,0.000172083,0.000243213,0.000144734,0.000190976,0.00011907,0.000156081,0.000108005,0.000126499,7.77376e-05,0.000117549,6.40806e-05,8.1149e-05,5.37122e-05,6.51201e-05,3.91609e-05,
18600,0.522807,0.562609,0.507228,0.498735,0.514347,0.495164,0.513298,0.50392,0.503482,0.525023,0.467385,0.501681,0.510272,0.469047,0.471528,0.408337,0.452133,0.427863,0.460785,0.395111,0.438019,0.33014,0.434354,0.358481,0.379577,0.236922,0.229398,0.168091,0.181562,0.096568,0.139844,0.0606428,0.0898558,0.0399741,0.0730255,0.0316765,0.0447792,0.0252695,0.0362142,0.0199498,0.0286865,0.01661,0.0244544,0.0111781,0.0174235,0.0097428,0.0145777,0.00768132,0.0108282,0.0069156,0.00926015,0.00584219,0.00821723,0.00417837,0.0059475,0.00377996,0.00485585,0.00269136,0.0044078,0.00274045,0.00301014,0.00181937,0.00263151,0.0014503,0.00246474,0.00139264,0.00164399,0.00113455,0.00149914,0.000878489,0.00121255,0.000638383,0.00111073,0.000596065,0.000767686,0.00052168,0.000660043,0.000387826,0.00056327,0.00030964,0.00047058,0.000269026,0.000324121,0.000211844,0.000289265,0.000172083,0.000243213,0.00013605,0.000190976,0.000126603,0.000156081,0.000108005,0.000126499,7.77376e-05,0.000117549,6.40806e-05,7.37586e-05,5.9938e-05,6.51201e-05,3.91609e-05,
18800,0.522807,0.514704,0.507228,0.470651,0.514347,0.470134,0.48171,0.50392,0.503482,0.485021,0.432692,0.501681,0.510272,0.469047,0.471528,0.438104,0.452133,0.427863,0.460785,0.395111,0.415411,0.33014,0.434354,0.303962,0.357772,0.236922,0.265479,0.157347,0.20046,0.0859645,0.139844,0.0565999,0.0898558,0.0399741,0.0730255,0.0295853,0.047338,0.0239395,0.0362142,0.0199498,0.0286865,0.01661,0.0257711,0.0111781,0.018958,0.0097428,0.0132629,0.00768132,0.01155,0.00750192,0.00926015,0.00584219,0.00876504,0.00391447,0.0059475,0.00377996,0.00516401,0.00284275,0.0044078,0.00274045,0.00323949,0.00191513,0.00263151,0.0014503,0.00221827,0.00139264,0.00164399,0.00119968,0.00149914,0.000804225,0.00121255,0.000638383,0.00104004,0.000543081,0.000767686,0.00052168,0.000660043,0.000419557,0.00056327,0.00030964,0.00047058,0.000269026,0.000324121,0.000211844,0.000289265,0.000185405,0.00027135,0.00013605,0.000190976,0.000126603,0.000156081,0.000108005,0.000126499,7.77376e-05,0.000117549,6.40806e-05,8.25434e-05,5.69141e-05,6.13468e-05,3.91609e-05,
19000,0.522807,0.514704,0.507228,0.470651,0.485275,0.497123,0.48171,0.50392,0.503482,0.485021,0.472963,0.530059,0.510272,0.44436,0.541195,0.500127,0.452133,0.427863,0.427998,0.433799,0.443105,0.350869,0.434354,0.303962,0.357772,0.251957,0.265479,0.176228,0.213824,0.0932527,0.139844,0.0565999,0.0898558,0.0399741,0.0730255,0.0313604,0.0500008,0.0239395,0.0393829,0.0199498,0.0286865,0.01661,0.0233144,0.0121636,0.018958,0.0097428,0.0132629,0.00768132,0.01155,0.00706723,0.00926015,0.00545649,0.00780261,0.00391447,0.00672067,0.00377996,0.00516401,0.00261533,0.0044078,0.00274045,0.00323949,0.00191513,0.00280694,0.0014503,0.00221827,0.0014762,0.00178895,0.00128713,0.00149914,0.000804225,0.00112191,0.000704117,0.00104004,0.000543081,0.000811111,0.00052168,0.000606981,0.000450382,0.00056327,0.000351637,0.00044369,0.000288849,0.000324121,0.000211844,0.000289265,0.000185405,0.00027135,0.00013605,0.000190976,0.000126603,0.000144261,0.000102215,0.000126499,7.77376e-05,0.000103534,6.40806e-05,8.25434e-05,5.69141e-05,6.13468e-05,3.70249e-05,
19200,0.522807,0.514704,0.550989,0.470651,0.427416,0.497123,0.48171,0.50392,0.503482,0.546751,0.502722,0.530059,0.510272,0.472473,0.50583,0.500127,0.452133,0.459298,0.427998,0.433799,0.443105,0.350869,0.434354,0.330559,0.357772,0.251957,0.265479,0.176228,0.213824,0.0932527,0.149634,0.0611279,0.101206,0.042639,0.0730255,0.0313604,0.0500008,0.0239395,0.0393829,0.0199498,0.0286865,0.0150329,0.0233144,0.0115435,0.0179915,0.010558,0.0132629,0.00843496,0.0107055,0.00706723,0.00990836,0.00545649,0.00780261,0.00391447,0.00714718,0.00348072,0.00516401,0.00261533,0.00394332,0.00235115,0.00359583,0.00191513,0.00264081,0.00157542,0.00221827,0.00131287,0.00178895,0.00128713,0.00149914,0.000804225,0.00112191,0.000741176,0.00104004,0.000543081,0.000811111,0.00052168,0.000606981,0.000450382,0.00056327,0.000332457,0.000414696,0.000288849,0.000324121,0.000211844,0.000289265,0.000185405,0.000249868,0.00013605,0.000174714,0.000126603,0.000144261,0.000108692,0.000141482,7.77376e-05,0.000111514,6.40806e-05,8.25434e-05,6.26055e-05,5.59092e-05,3.70249e-05,
19400,0.487628,0.543483,0.550989,0.470651,0.451314,0.497123,0.48171,0.50392,0.474558,0.590079,0.502722,0.530059,0.542655,0.472473,0.463585,0.500127,0.452133,0.459298,0.427998,0.459642,0.443105,0.370488,0.434354,0.330559,0.357772,0.251957,0.265479,0.166267,0.213824,0.0991524,0.127335,0.0611279,0.101206,0.0447917,0.0657229,0.0313604,0.0467684,0.0254565,0.0393829,0.0199498,0.0286865,0.0150329,0.0233144,0.0122444,0.0193673,0.010558,0.0132629,0.00894839,0.0124688,0.00650474,0.00990836,0.00545649,0.00838326,0.00391447,0.00626853,0.00348072,0.00516401,0.00299428,0.00373193,0.00256116,0.00359583,0.00191513,0.00264081,0.00157542,0.00221827,0.00131287,0.00178895,0.00128713,0.00149914,0.000804225,0.00120056,0.000741176,0.00104004,0.000581044,0.000811111,0.00052168,0.000606981,0.000423006,0.00056327,0.000308765,0.000436868,0.000273094,0.000324121,0.00023202,0.000289265,0.000185405,0.00027617,0.00013605,0.000174714,0.000126603,0.000166231,0.000108692,0.000141482,8.18624e-05,0.000111514,6.40806e-05,7.73301e-05,5.6643e-05,5.59092e-05,4.03082e-05,
19600,0.53427,0.543483,0.509804,0.500475,0.482862,0.497123,0.48171,0.50392,0.474558,0.590079,0.502722,0.530059,0.542655,0.472473,0.509445,0.531911,0.486708,0.432115,0.427998,0.459642,0.443105,0.370488,0.410662,0.348232,0.357772,0.267213,0.265479,0.166267,0.232994,0.0991524,0.127335,0.0677501,0.10829,0.0447917,0.0724216,0.0313604,0.0467684,0.0254565,0.0393829,0.0186673,0.0286865,0.0150329,0.0208761,0.0116254,0.0205926,0.010558,0.0132629,0.00894839,0.0124688,0.00696146,0.00990836,0.00545649,0.00780157,0.00391447,0.00626853,0.00377722,0.00516401,0.00299428,0.00373193,0.00256116,0.00359583,0.00216785,0.00281687,0.00157542,0.00210253,0.00131287,0.00178895,0.00128713,0.00139608,0.000804225,0.00120056,0.000674779,0.000987573,0.000581044,0.000811111,0.00052168,0.000606981,0.000423006,0.00056327,0.000340298,0.000411013,0.000273094,0.000324121,0.000245071,0.000289265,0.000185405,0.00027617,0.000143039,0.000191998,0.000126603,0.000166231,0.000108692,0.000141482,7.54558e-05,0.000118104,6.91155e-05,8.35823e-05,5.6643e-05,6.10701e-05,4.27489e-05,
19800,0.53427,0.543483,0.467046,0.500475,0.482862,0.55146,0.48171,0.450697,0.474558,0.555657,0.470223,0.563647,0.494042,0.472473,0.509445,0.560552,0.486708,0.432115,0.427998,0.459642,0.420098,0.370488,0.384725,0.348232,0.325502,0.267213,0.24394,0.166267,0.232994,0.0991524,0.118754,0.0677501,0.10829,0.0447917,0.0636051,0.0313604,0.0467684,0.0241116,0.0393829,0.0186673,0.0286865,0.0162907,0.0222678,0.0116254,0.0205926,0.0111584,0.0132629,0.00944873,0.0114713,0.00696146,0.00908452,0.00545649,0.00780157,0.00417543,0.00626853,0.00397765,0.00516401,0.00299428,0.00392664,0.00256116,0.00329424,0.00216785,0.00259152,0.00157542,0.00210253,0.00131287,0.00178895,0.00121913,0.00139608,0.000804225,0.00112211,0.000674779,0.00104279,0.000581044,0.000811111,0.00052168,0.000606981,0.000423006,0.000491801,0.000340298,0.000433689,0.000273094,0.000324121,0.000220564,0.000289265,0.000185405,0.000258518,0.000150261,0.000191998,0.000126603,0.000175119,0.000100567,0.000141482,7.54558e-05,0.000118104,5.85449e-05,8.35823e-05,5.33609e-05,6.10701e-05,4.27489e-05,
20000,0.53427,0.543483,0.467046,0.474488,0.482862,0.55146,0.48171,0.450697,0.474558,0.555657,0.503415,0.563647,0.544914,0.472473,0.509445,0.512211,0.486708,0.432115,0.427998,0.416149,0.442559,0.370488,0.407645,0.316694,0.325502,0.267213,0.24394,0.151337,0.232994,0.0991524,0.118754,0.0598333,0.117515,0.0417731,0.0678454,0.0313604,0.0467684,0.0241116,0.0393829,0.0201402,0.0286865,0.0152262,0.0236829,0.0124005,0.0205926,0.0111584,0.0140499,0.00944873,0.0114713,0.00696146,0.00908452,0.00600214,0.00819165,0.0038414,0.00661679,0.00376068,0.00475519,0.00275244,0.00421513,0.00240548,0.00329424,0.00216785,0.00259152,0.00157542,0.00210253,0.00131287,0.00178895,0.00115698,0.00152077,0.000804225,0.00112211,0.000674779,0.000970435,0.000581044,0.000811111,0.000480612,0.000606981,0.000390588,0.000491801,0.000340298,0.000495645,0.000273094,0.000324121,0.000220564,0.000289265,0.000185405,0.000258518,0.000150261,0.000218271,0.000126603,0.000147694,0.000100567,0.000141482,7.54558e-05,0.000108083,5.85449e-05,8.35823e-05,4.85282e-05,6.57401e-05,4.27489e-05,
20200,0.53427,0.507968,0.467046,0.474488,0.482862,0.504842,0.48171,0.450697,0.474558,0.58344,0.503415,0.563647,0.544914,0.472473,0.509445,0.512211,0.43317,0.48829,0.427998,0.416149,0.442559,0.370488,0.407645,0.316694,0.325502,0.267213,0.220707,0.141779,0.232994,0.0892372,0.118754,0.0598333,0.100867,0.0417731,0.0678454,0.0333506,0.0467684,0.0268672,0.0393829,0.0220931,0.0286865,0.0152262,0.0236829,0.0124005,0.0205926,0.0111584,0.0140499,0.00850385,0.0114713,0.0065165,0.0084723,0.00600214,0.00819165,0.0038414,0.00661679,0.00395389,0.00542092,0.00275244,0.00421513,0.00240548,0.00329424,0.0023888,0.00259152,0.00147848,0.00210253,0.00131287,0.00178895,0.00115698,0.00152077,0.000804225,0.00118965,0.000674779,0.000970435,0.000581044,0.000811111,0.000480612,0.000606981,0.000390588,0.000491801,0.000340298,0.000495645,0.000273094,0.000324121,0.000220564,0.000289265,0.000185405,0.000258518,0.000150261,0.000218271,0.000126603,0.000147694,9.27757e-05,0.000125829,7.54558e-05,0.000108083,5.85449e-05,7.89481e-05,4.85282e-05,6.57401e-05,4.27489e-05,
20400,0.53427,0.481132,0.467046,0.51944,0.482862,0.504842,0.537438,0.450697,0.474558,0.472587,0.503415,0.521809,0.544914,0.472473,0.536682,0.56188,0.46656,0.48829,0.469501,0.416149,0.469198,0.404099,0.407645,0.340029,0.352738,0.253591,0.220707,0.141779,0.232994,0.0892372,0.127802,0.0598333,0.100867,0.0417731,0.0572206,0.0333506,0.0467684,0.0268672,0.0372347,0.0239306,0.0286865,0.0152262,0.0255165,0.0124005,0.0190332,0.0111584,0.0140499,0.0080078,0.0114713,0.00614413,0.00794392,0.00600214,0.00726746,0.0044986,0.00696201,0.00395389,0.00505952,0.00299327,0.00393968,0.00240548,0.00329424,0.0023888,0.00259152,0.00147848,0.00237657,0.00131287,0.00193206,0.00115698,0.00152077,0.000804225,0.00118965,0.000715637,0.00105216,0.000581044,0.000754333,0.000480612,0.000606981,0.000349285,0.000522965,0.000340298,0.000467735,0.000273094,0.000343631,0.000220564,0.000289265,0.000185405,0.000258518,0.000150261,0.000218271,0.000126603,0.000158005,9.27757e-05,0.000125829,8.1361e-05,0.000108083,5.85449e-05,7.89481e-05,5.15817e-05,6.20495e-05,4.04623e-05,
20600,0.501392,0.505851,0.498182,0.51944,0.482862,0.467929,0.537438,0.450697,0.474558,0.525928,0.470235,0.521809,0.544914,0.434489,0.536682,0.499585,0.46656,0.48829,0.502366,0.416149,0.442678,0.404099,0.407645,0.362698,0.352738,0.292211,0.220707,0.141779,0.232994,0.0945914,0.127802,0.0643612,0.100867,0.0417731,0.0635784,0.0333506,0.0498863,0.0268672,0.0372347,0.0239306,0.0303092,0.0152262,0.0255165,0.0124005,0.0180449,0.010275,0.0131416,0.0080078,0.0124373,0.00614413,0.00794392,0.00648742,0.00782321,0.0044986,0.00659421,0.00418944,0.00565346,0.00338683,0.00393968,0.00228058,0.00329424,0.0023888,0.00259152,0.00155443,0.00221318,0.0012447,0.00193206,0.00115698,0.00152077,0.000804225,0.00118965,0.000715637,0.00105216,0.000537322,0.000802272,0.00051782,0.000663472,0.000349285,0.000522965,0.000340298,0.000467735,0.000273094,0.000343631,0.000209436,0.000272145,0.000185405,0.000240095,0.000142548,0.000198543,0.000126603,0.000158005,9.27757e-05,0.000119098,7.5366e-05,0.000108083,5.85449e-05,7.89481e-05,5.15817e-05,6.20495e-05,4.04623e-05,
20800,0.501392,0.505851,0.534498,0.51944,0.482862,0.467929,0.537438,0.450697,0.542352,0.492711,0.470235,0.472318,0.544914,0.434489,0.536682,0.499585,0.500655,0.48829,0.502366,0.39054,0.470637,0.404099,0.407645,0.362698,0.352738,0.26299,0.240168,0.141779,0.188205,0.0945914,0.127802,0.0643612,0.0892824,0.0394946,0.0592253,0.0358238,0.0498863,0.0268672,0.0404472,0.0217817,0.026684,0.0152262,0.0241684,0.0124005,0.0180449,0.010275,0.0121403,0.0080078,0.0135752,0.00614413,0.00794392,0.00648742,0.00782321,0.00489525,0.0061633,0.00418944,0.00532588,0.00317561,0.00393968,0.00240958,0.00329424,0.0023888,0.00259152,0.00163691,0.00221318,0.0012447,0.00178237,0.00121678,0.00144043,0.000860692,0.00106385,0.000715637,0.00105216,0.000537322,0.000802272,0.00051782,0.000663472,0.000349285,0.000522965,0.000340298,0.000467735,0.000273094,0.000315516,0.000221072,0.000272145,0.000185405,0.000240095,0.000142548,0.000209711,0.000112725,0.000158005,9.27757e-05,0.000132233,7.5366e-05,0.000108083,5.85449e-05,7.89481e-05,5.15817e-05,6.20495e-05,4.04623e-05,
21000,0.45885,0.462779,0.503956,0.492101,0.518062,0.467929,0.537438,0.450697,0.542352,0.492711,0.470235,0.472318,0.499026,0.459317,0.536682,0.499585,0.500655,0.48829,0.469538,0.39054,0.470637,0.404099,0.382867,0.362698,0.352738,0.26299,0.254475,0.141779,0.188205,0.0945914,0.127802,0.0643612,0.0892824,0.0394946,0.0629722,0.0389144,0.0498863,0.0268672,0.0404472,0.020631,0.026684,0.016734,0.0241684,0.0124005,0.0180449,0.010275,0.0121403,0.0080078,0.012432,0.00573452,0.00852444,0.00570353,0.00782321,0.00489525,0.00575708,0.00373309,0.00479329,0.00336615,0.00362779,0.00228447,0.00356245,0.0023888,0.00259152,0.00163691,0.00221318,0.00133503,0.00178237,0.00107703,0.00154141,0.0009125,0.00106385,0.000760753,0.000942024,0.000567366,0.00084872,0.00051782,0.000663472,0.000349285,0.000496581,0.000340298,0.000467735,0.000273094,0.000315516,0.000221072,0.000272145,0.000197047,0.000240095,0.000142548,0.000185686,0.000112725,0.000158005,9.27757e-05,0.000132233,8.36112e-05,0.000108083,5.85449e-05,8.71031e-05,5.15817e-05,6.20495e-05,4.04623e-05,
21200,0.45885,0.462779,0.503956,0.538968,0.518062,0.467929,0.537438,0.479162,0.542352,0.456976,0.470235,0.472318,0.499026,0.459317,0.536682,0.499585,0.500655,0.48829,0.444826,0.39054,0.470637,0.404099,0.42189,0.362698,0.352738,0.26299,0.254475,0.159824,0.197932,0.100045,0.136775,0.0643612,0.0943046,0.0394946,0.0629722,0.0334664,0.0498863,0.0246972,0.0404472,0.0194871,0.026684,0.0156405,0.0241684,0.0124005,0.0180449,0.010275,0.0121403,0.00843899,0.0113664,0.00603633,0.00852444,0.00570353,0.00716707,0.00489525,0.00658717,0.00373309,0.00479329,0.00336615,0.00362779,0.00228447,0.00378744,0.0023888,0.00239916,0.00163691,0.00221318,0.00133503,0.00178237,0.00113541,0.00154141,0.0009125,0.00100861,0.000760753,0.000942024,0.000567366,0.00084872,0.00051782,0.000619616,0.000349285,0.000496581,0.00032146,0.000467735,0.000257489,0.000315516,0.000233577,0.000272145,0.000181206,0.000225997,0.000142548,0.000185686,0.000112725,0.000158005,9.27757e-05,0.000146454,8.36112e-05,0.000101974,5.85449e-05,9.8354e-05,5.43592e-05,6.20495e-05,4.25411e-05,
21400,0.45885,0.491954,0.503956,0.538968,0.544453,0.520695,0.537438,0.50312,0.542352,0.485838,0.470235,0.472318,0.471358,0.459317,0.536682,0.499585,0.500655,0.48829,0.478488,0.39054,0.446893,0.379581,0.394924,0.328189,0.352738,0.235363,0.254475,0.159824,0.197932,0.11005,0.136775,0.0700297,0.0889942,0.0394946,0.0629722,0.0334664,0.0498863,0.0225673,0.0373013,0.0214358,0.026684,0.0156405,0.0241684,0.013342,0.0180449,0.010275,0.0121403,0.00843899,0.0113664,0.00649794,0.00852444,0.00570353,0.00716707,0.00455471,0.00723949,0.00373309,0.00506292,0.00336615,0.00362779,0.00228447,0.00378744,0.0023888,0.00252834,0.00163691,0.00221318,0.0012481,0.00192648,0.00107543,0.00163859,0.0009125,0.00100861,0.000760753,0.00100141,0.000567366,0.00084872,0.000490567,0.000619616,0.000349285,0.000527944,0.00032146,0.000436817,0.000257489,0.000335509,0.000218477,0.000272145,0.000169905,0.000225997,0.000142548,0.000185686,0.000118516,0.000158005,9.27757e-05,0.000146454,8.36112e-05,0.000101974,5.85449e-05,9.08603e-05,5.14982e-05,6.20495e-05,4.25411e-05,
21600,0.45885,0.491954,0.5309,0.538968,0.610022,0.520695,0.583504,0.50312,0.542352,0.51013,0.493975,0.472318,0.501391,0.459317,0.536682,0.45443,0.460807,0.453822,0.478488,0.420295,0.446893,0.379581,0.394924,0.328189,0.352738,0.235363,0.254475,0.159824,0.214898,0.101941,0.136775,0.0700297,0.0889942,0.0417403,0.0629722,0.0334664,0.0456691,0.0225673,0.0373013,0.0214358,0.026684,0.0156405,0.0210265,0.013342,0.0180449,0.010275,0.0121403,0.00763859,0.0113664,0.00684782,0.00852444,0.00570353,0.00716707,0.00455471,0.00682361,0.00373309,0.00506292,0.00336615,0.00362779,0.00228447,0.00378744,0.00213854,0.00252834,0.00163691,0.00221318,0.0012481,0.00192648,0.00107543,0.00163859,0.000985146,0.00108214,0.000760753,0.00100141,0.000489219,0.00084872,0.000490567,0.000619616,0.000370242,0.000557641,0.00032146,0.000436817,0.000257489,0.000335509,0.000218477,0.00030047,0.000169905,0.000241795,0.000142548,0.000205012,0.000118516,0.00017672,9.27757e-05,0.000137746,8.36112e-05,0.000101974,6.28864e-05,9.08603e-05,5.14982e-05,6.5746e-05,4.25411e-05,
21800,0.45885,0.491954,0.5309,0.538968,0.569816,0.552309,0.583504,0.50312,0.542352,0.51013,0.493975,0.472318,0.501391,0.459317,0.477753,0.45443,0.460807,0.488526,0.515887,0.395003,0.446893,0.345137,0.430331,0.296822,0.352738,0.235363,0.270519,0.149761,0.226208,0.0961157,0.136775,0.0700297,0.0957996,0.0439551,0.0704723,0.0334664,0.0496363,0.0225673,0.0373013,0.0214358,0.026684,0.0156405,0.0210265,0.013342,0.0180449,0.010275,0.0121403,0.00763859,0.0113664,0.00684782,0.0092506,0.00525716,0.00766807,0.00455471,0.00682361,0.00373309,0.00547226,0.00336615,0.00362779,0.00244416,0.00378744,0.00232305,0.00252834,0.00172066,0.00232384,0.0012481,0.00180938,0.00119833,0.00163859,0.000985146,0.00108214,0.000760753,0.00100141,0.000516062,0.00084872,0.000490567,0.000692353,0.000370242,0.000557641,0.00032146,0.000436817,0.000257489,0.000335509,0.000218477,0.00030047,0.000185737,0.000241795,0.000142548,0.000205012,0.000118516,0.000156475,9.27757e-05,0.000137746,7.47906e-05,0.000101974,5.78308e-05,0.000101527,5.14982e-05,6.92346e-05,4.25411e-05,
22000,0.48944,0.491954,0.494254,0.506754,0.515712,0.552309,0.583504,0.467606,0.506195,0.51013,0.493975,0.472318,0.584601,0.459317,0.477753,0.45443,0.460807,0.434585,0.453981,0.395003,0.446893,0.345137,0.430331,0.32825,0.376254,0.235363,0.289544,0.149761,0.226208,0.0961157,0.136775,0.0609258,0.0957996,0.0384029,0.0704723,0.0334664,0.0461045,0.0240718,0.0400583,0.0194907,0.026684,0.0156405,0.0210265,0.013342,0.0197244,0.00961076,0.0121403,0.00802772,0.0123686,0.00645103,0.0092506,0.00525716,0.00766807,0.00455471,0.00682361,0.00373309,0.00510744,0.00318254,0.00362779,0.00244416,0.00378744,0.00232305,0.00267897,0.00172066,0.00232384,0.0012481,0.00180938,0.00119833,0.00163859,0.000985146,0.0011881,0.000760753,0.00100141,0.000560891,0.00084872,0.000490567,0.000643481,0.000370242,0.000508214,0.00032146,0.000436817,0.000270606,0.000335509,0.000190203,0.00030047,0.000185737,0.00022276,0.000142548,0.000205012,0.000108391,0.000156475,9.27757e-05,0.000137746,7.47906e-05,0.000101974,5.78308e-05,0.000101527,4.70703e-05,6.92346e-05,4.25411e-05,
22200,0.520352,0.491954,0.494254,0.476465,0.515712,0.552309,0.583504,0.467606,0.506195,0.542403,0.547689,0.427521,0.584601,0.494192,0.477753,0.503086,0.460807,0.45782,0.453981,0.395003,0.446893,0.370297,0.407261,0.290645,0.376254,0.250299,0.289544,0.149761,0.226208,0.0961157,0.136775,0.0609258,0.0957996,0.0422432,0.0704723,0.0310669,0.0429348,0.0240718,0.031625,0.0194907,0.026684,0.0156405,0.0210265,0.0140967,0.0183951,0.0106074,0.0136434,0.00878824,0.0123686,0.00679333,0.00977094,0.00564134,0.00766807,0.00455471,0.00682361,0.00373309,0.00510744,0.00318254,0.00362779,0.0026071,0.00378744,0.00232305,0.00267897,0.00162842,0.00219926,0.0012481,0.00180938,0.00127822,0.00163859,0.000911016,0.00111834,0.000822617,0.00100141,0.000560891,0.00084872,0.000490567,0.000643481,0.000370242,0.000537389,0.00032146,0.000436817,0.000270606,0.000312023,0.000190203,0.00030047,0.000185737,0.00022276,0.000151607,0.000190787,0.000108391,0.000156475,9.27757e-05,0.000137746,8.26633e-05,0.000110772,6.08994e-05,9.2771e-05,4.98635e-05,6.92346e-05,4.48615e-05,
22400,0.520352,0.533381,0.494254,0.476465,0.515712,0.552309,0.616326,0.425341,0.552507,0.503514,0.547689,0.427521,0.584601,0.454656,0.477753,0.503086,0.460807,0.390027,0.453981,0.425689,0.446893,0.389321,0.407261,0.290645,0.33494,0.232931,0.289544,0.16026,0.246413,0.0961157,0.155924,0.0609258,0.107176,0.0422432,0.0789289,0.0310669,0.0488101,0.0240718,0.0333392,0.0194907,0.026684,0.0165647,0.0225079,0.0140967,0.0183951,0.00970741,0.0154057,0.00816293,0.0123686,0.00679333,0.0102807,0.00564134,0.00766807,0.00455471,0.00682361,0.00373309,0.00510744,0.00318254,0.00362779,0.0026071,0.00378744,0.00214605,0.00267897,0.00152374,0.00235368,0.0012481,0.00193622,0.00127822,0.00163859,0.000860504,0.0010531,0.000882731,0.00100141,0.000560891,0.000919735,0.000490567,0.000643481,0.000394925,0.000537389,0.00032146,0.000436817,0.000293394,0.000312023,0.000190203,0.00030047,0.000185737,0.00022276,0.000162715,0.000190787,0.000108391,0.000156475,9.86352e-05,0.000137746,8.26633e-05,0.000110772,6.08994e-05,9.2771e-05,4.98635e-05,6.41723e-05,4.48615e-05,
22600,0.476201,0.533381,0.494254,0.476465,0.515712,0.552309,0.551516,0.446815,0.52237,0.503514,0.547689,0.460475,0.535777,0.478015,0.507813,0.550222,0.460807,0.410377,0.453981,0.425689,0.480033,0.389321,0.431697,0.319709,0.33494,0.232931,0.272654,0.16026,0.208938,0.104988,0.147111,0.0609258,0.0996105,0.0422432,0.0686198,0.0343564,0.0488101,0.0265936,0.0333392,0.0179238,0.026684,0.0165647,0.0240085,0.013058,0.0183951,0.00869214,0.0154057,0.00816293,0.0123686,0.00679333,0.0102807,0.00517794,0.00766807,0.00455471,0.00633808,0.00373309,0.00537193,0.00318254,0.00362779,0.0026071,0.00378744,0.00214605,0.00289225,0.00152374,0.00235368,0.0012481,0.00193622,0.00127822,0.00148317,0.000912302,0.00114864,0.000882731,0.00094679,0.000613093,0.000919735,0.000443681,0.000684191,0.000367048,0.000537389,0.00032146,0.000436817,0.000293394,0.000312023,0.000190203,0.00030047,0.000185737,0.000241625,0.00014553,0.000169634,0.000108391,0.000146623,7.91226e-05,0.000137746,8.26633e-05,0.000110772,5.76942e-05,9.95505e-05,4.98635e-05,6.41723e-05,4.48615e-05,
22800,0.517868,0.533381,0.454333,0.476465,0.515712,0.552309,0.551516,0.469675,0.570987,0.470964,0.479627,0.460475,0.535777,0.519255,0.507813,0.550222,0.460807,0.410377,0.487647,0.385038,0.480033,0.389321,0.431697,0.319709,0.33494,0.232931,0.305822,0.16026,0.208938,0.104988,0.147111,0.0609258,0.0996105,0.039339,0.0686198,0.0343564,0.051718,0.0265936,0.0351217,0.0179238,0.026684,0.0165647,0.0240085,0.0121362,0.0183951,0.00921535,0.0143598,0.00816293,0.010496,0.00679333,0.0102807,0.00517794,0.00766807,0.00479823,0.00633808,0.00373309,0.00537193,0.00297037,0.00337838,0.0026071,0.00378744,0.00200298,0.00261763,0.00152374,0.00218892,0.00132298,0.00193622,0.00118083,0.00148317,0.000912302,0.00114864,0.000882731,0.00094679,0.000613093,0.000919735,0.000470469,0.000684191,0.000411517,0.000537389,0.00032146,0.000436817,0.000293394,0.000329853,0.000190203,0.000282828,0.000185737,0.000254543,0.00014553,0.000169634,0.000108391,0.000146623,8.70349e-05,0.000137746,7.14746e-05,0.000110772,5.76942e-05,9.95505e-05,4.98635e-05,6.76033e-05,4.24146e-05,
23000,0.517868,0.533381,0.454333,0.476465,0.515712,0.594544,0.551516,0.469675,0.535849,0.497455,0.52314,0.488193,0.535777,0.519255,0.507813,0.509094,0.460807,0.434999,0.487647,0.385038,0.480033,0.389321,0.431697,0.294541,0.33494,0.232931,0.305822,0.16026,0.221385,0.110336,0.138058,0.0609258,0.0911898,0.039339,0.0686198,0.0343564,0.051718,0.0239343,0.0378179,0.019237,0.026684,0.0165647,0.0240085,0.0121362,0.0170201,0.00970806,0.015133,0.00816293,0.010496,0.00639446,0.00935345,0.00517794,0.00833902,0.00479823,0.00593778,0.00373309,0.00565697,0.00297037,0.00355619,0.0026071,0.00355437,0.00200298,0.00261763,0.00152374,0.00218892,0.00140286,0.00193622,0.00118083,0.00148317,0.000912302,0.00114864,0.000813988,0.00094679,0.000613093,0.000919735,0.000470469,0.000591584,0.000364254,0.000537389,0.00032146,0.000436817,0.000293394,0.000329853,0.000190203,0.000282828,0.000197424,0.000287422,0.000160362,0.000169634,0.000108391,0.000146623,8.70349e-05,0.000137746,7.14746e-05,0.000110772,5.76942e-05,9.95505e-05,5.67379e-05,6.76033e-05,4.24146e-05,
23200,0.517868,0.565274,0.508853,0.519347,0.515712,0.511413,0.493462,0.500987,0.535849,0.497455,0.492623,0.488193,0.535777,0.519255,0.507813,0.509094,0.520867,0.434999,0.445718,0.385038,0.480033,0.389321,0.431697,0.319787,0.33494,0.245955,0.305822,0.182494,0.184054,0.116191,0.123582,0.0664531,0.0764878,0.039339,0.062777,0.0369938,0.0451357,0.0263277,0.0378179,0.0180258,0.026684,0.0165647,0.0240085,0.0121362,0.0170201,0.0103553,0.015133,0.00816293,0.0113689,0.00682076,0.00935345,0.00560379,0.00833902,0.00479823,0.00593778,0.00373309,0.00565697,0.00297037,0.00391181,0.00228846,0.00355437,0.00200298,0.00248171,0.00152374,0.00233485,0.00147669,0.00193622,0.00118083,0.00148317,0.000912302,0.00114864,0.000813988,0.00094679,0.000613093,0.000869568,0.000470469,0.000631022,0.000364254,0.000537389,0.00032146,0.000436817,0.000265536,0.000329853,0.000190203,0.000298642,0.000197424,0.000287422,0.000160362,0.000169634,0.000108391,0.000134096,9.85199e-05,0.000152176,7.67411e-05,0.000110772,6.26394e-05,9.95505e-05,5.38094e-05,6.76033e-05,4.24146e-05,
23400,0.517868,0.565274,0.508853,0.519347,0.515712,0.460272,0.493462,0.473209,0.452495,0.497455,0.528371,0.488193,0.487557,0.519255,0.507813,0.473769,0.520867,0.434999,0.445718,0.385038,0.441631,0.42436,0.38421,0.342172,0.33494,0.245955,0.250577,0.170214,0.184054,0.105782,0.123582,0.0664531,0.0764878,0.0448615,0.0564993,0.0369938,0.0399094,0.0263277,0.0344385,0.0197944,0.026684,0.0165647,0.0240085,0.0121362,0.0170201,0.00909941,0.015133,0.00816293,0.0107158,0.00729692,0.00877012,0.00590755,0.00833902,0.00549245,0.00593778,0.00373309,0.00565697,0.00297037,0.00391181,0.00228846,0.00323311,0.00184441,0.00270686,0.00152374,0.0022115,0.0012819,0.00193622,0.00118083,0.00167559,0.000912302,0.00122143,0.0007367,0.00094679,0.000613093,0.000822137,0.000470469,0.000631022,0.000364254,0.000537389,0.00032146,0.000436817,0.000265536,0.000329853,0.000199806,0.000323236,0.000175106,0.000255747,0.000160362,0.000181586,0.000108391,0.000148803,9.28113e-05,0.000152176,7.67411e-05,0.000110772,6.26394e-05,9.95505e-05,5.38094e-05,6.76033e-05,4.24146e-05,
23600,0.517868,0.565274,0.552754,0.519347,0.479017,0.460272,0.493462,0.473209,0.452495,0.497455,0.528371,0.513064,0.487557,0.519255,0.507813,0.473769,0.462579,0.434999,0.445718,0.422739,0.402068,0.44721,0.38421,0.342172,0.298225,0.245955,0.250577,0.153192,0.170392,0.0905824,0.111224,0.0563467,0.0764878,0.0448615,0.0564993,0.0369938,0.0399094,0.0263277,0.0344385,0.0197944,0.0296603,0.0165647,0.0203256,0.0112354,0.0155567,0.0100974,0.015133,0.00764117,0.0107158,0.00729692,0.00877012,0.00590755,0.00833902,0.00549245,0.00593778,0.00373309,0.0052835,0.00274989,0.00370515,0.00228846,0.00323311,0.00184441,0.00284352,0.00152374,0.0022115,0.00118608,0.00193622,0.00107505,0.00167559,0.000860929,0.00122143,0.0007367,0.0008902,0.000613093,0.00075844,0.000470469,0.000701281,0.000340206,0.000537389,0.000341726,0.000411336,0.000265536,0.000329853,0.000217289,0.000323236,0.000175106,0.000255747,0.000160362,0.000181586,0.000108391,0.000148803,9.28113e-05,0.000152176,7.67411e-05,0.000110772,6.26394e-05,9.0991e-05,5.38094e-05,6.76033e-05,3.87568e-05,
23800,0.517868,0.489538,0.552754,0.519347,0.479017,0.533574,0.446827,0.473209,0.452495,0.497455,0.473018,0.48606,0.515668,0.476081,0.507813,0.506887,0.462579,0.434999,0.415681,0.422739,0.402068,0.416179,0.38421,0.342172,0.316177,0.245955,0.250577,0.153192,0.18068,0.0905824,0.117874,0.0608326,0.0823837,0.0448615,0.0564993,0.0338131,0.0399094,0.0263277,0.0344385,0.0180169,0.0296603,0.0151592,0.0203256,0.0112354,0.0155567,0.0107052,0.015133,0.00764117,0.0107158,0.00729692,0.00877012,0.00590755,0.00833902,0.00511849,0.00593778,0.00392957,0.0052835,0.00274989,0.00399876,0.00244914,0.00323311,0.00197371,0.00310816,0.00152374,0.00208888,0.00118608,0.00193622,0.00107505,0.00156267,0.000860929,0.00122143,0.0007367,0.00103263,0.000613093,0.00075844,0.000506446,0.000656456,0.000357381,0.000537389,0.000341726,0.000388899,0.000265536,0.000329853,0.000217289,0.000323236,0.000162746,0.000255747,0.000160362,0.000181586,0.000108391,0.000148803,9.28113e-05,0.000152176,7.67411e-05,9.79454e-05,7.03948e-05,9.0991e-05,5.38094e-05,6.76033e-05,3.87568e-05,
24000,0.517868,0.489538,0.552754,0.519347,0.510952,0.472737,0.446827,0.51377,0.481073,0.497455,0.444892,0.48606,0.515668,0.476081,0.507813,0.506887,0.462579,0.434999,0.415681,0.389273,0.373923,0.378723,0.412153,0.342172,0.316177,0.245955,0.250577,0.153192,0.18068,0.0905824,0.124263,0.0608326,0.0899884,0.0448615,0.0564993,0.0338131,0.0422105,0.023547,0.0344385,0.0180169,0.0296603,0.0163064,0.0203256,0.0112354,0.0155567,0.0107052,0.015133,0.00764117,0.0107158,0.00729692,0.00877012,0.00590755,0.00750512,0.00481138,0.00625285,0.00392957,0.0049753,0.00295084,0.00399876,0.00244914,0.00323311,0.00217108,0.00310816,0.00162532,0.00208888,0.00118608,0.00193622,0.00115792,0.00146397,0.000926524,0.00122143,0.000689075,0.00103263,0.000613093,0.000806254,0.000506446,0.000656456,0.000388892,0.000537389,0.000341726,0.000412153,0.000265536,0.00037338,0.000217289,0.000323236,0.000170883,0.000255747,0.000160362,0.000181586,0.00011946,0.000148803,9.28113e-05,0.000152176,7.67411e-05,9.79454e-05,6.26651e-05,9.0991e-05,5.38094e-05,6.76033e-05,4.16994e-05,
24200,0.517868,0.489538,0.603778,0.519347,0.510952,0.497024,0.479565,0.51377,0.511557,0.497455,0.480311,0.454993,0.48066,0.476081,0.507813,0.506887,0.488101,0.434999,0.415681,0.361574,0.373923,0.378723,0.412153,0.342172,0.316177,0.245955,0.250577,0.153192,0.190267,0.0966212,0.131364,0.0531485,0.101191,0.0448615,0.060789,0.0338131,0.0463862,0.023547,0.0344385,0.0180169,0.0336896,0.0163064,0.0216136,0.0112354,0.017355,0.0107052,0.015133,0.00705231,0.0107158,0.00729692,0.00978665,0.00552778,0.00692139,0.00446146,0.00625285,0.00392957,0.0049753,0.0026836,0.00399876,0.00231122,0.00323311,0.00199206,0.00290949,0.0015338,0.00191101,0.00118608,0.00193622,0.00115792,0.00146397,0.000856805,0.00122143,0.00073731,0.00103263,0.000613093,0.000864891,0.00047831,0.000656456,0.000363218,0.000537389,0.000341726,0.000412153,0.0002439,0.00037338,0.000217289,0.000302576,0.000159601,0.000232631,0.000160362,0.000205548,0.000126651,0.000136488,8.72261e-05,0.000152176,7.67411e-05,9.79454e-05,6.26651e-05,9.64317e-05,5.38094e-05,7.21102e-05,4.16994e-05,
24400,0.517868,0.489538,0.531078,0.519347,0.510952,0.497024,0.479565,0.51377,0.460402,0.497455,0.520258,0.454993,0.435356,0.502202,0.507813,0.458659,0.412711,0.434999,0.415681,0.393455,0.373923,0.378723,0.388944,0.309719,0.337255,0.218995,0.250577,0.153192,0.190267,0.0966212,0.131364,0.0531485,0.0957663,0.0475619,0.060789,0.0338131,0.0463862,0.023547,0.0344385,0.0180169,0.0317375,0.0163064,0.0216136,0.0124713,0.017355,0.011566,0.0159295,0.00792545,0.0107158,0.00729692,0.00978665,0.00552778,0.00692139,0.00393114,0.00625285,0.00342326,0.0049753,0.0026836,0.00372729,0.00231122,0.00323311,0.00183436,0.00290949,0.0015338,0.00191101,0.00130003,0.00193622,0.00128336,0.00146397,0.000856805,0.00128515,0.00073731,0.00103263,0.000613093,0.000864891,0.00047831,0.000656456,0.000363218,0.000537389,0.000341726,0.000412153,0.000257696,0.00037338,0.000217289,0.000261315,0.000172015,0.000232631,0.000144326,0.000205548,0.000126651,0.000146966,8.72261e-05,0.000152176,7.67411e-05,0.0001031,6.26651e-05,9.64317e-05,5.38094e-05,7.21102e-05,3.79086e-05,
24600,0.471061,0.489538,0.569988,0.519347,0.510952,0.497024,0.479565,0.55966,0.460402,0.497455,0.520258,0.454993,0.495376,0.502202,0.507813,0.458659,0.472512,0.434999,0.465043,0.393455,0.42529,0.357725,0.388944,0.348519,0.337255,0.233595,0.250577,0.153192,0.202951,0.102778,0.145204,0.0531485,0.103467,0.0444219,0.064614,0.0338131,0.0487055,0.023547,0.0344385,0.0193628,0.0317375,0.0163064,0.0216136,0.0124713,0.0157072,0.011566,0.0159295,0.00834599,0.0107158,0.00729692,0.00978665,0.00552778,0.00692139,0.00393114,0.00625285,0.00342326,0.0049753,0.0026836,0.00372729,0.00231122,0.00323311,0.00198444,0.00311346,0.0015338,0.00191101,0.00130003,0.00193622,0.00128336,0.00136894,0.000856805,0.00128515,0.000834032,0.00103263,0.000613093,0.000864891,0.00047831,0.000656456,0.000363218,0.000502272,0.000319635,0.000412153,0.000257696,0.00037338,0.000217289,0.000275181,0.000172015,0.000247372,0.00013208,0.000205548,0.000116029,0.000146966,8.72261e-05,0.000141815,8.13745e-05,9.56543e-05,6.26651e-05,8.67885e-05,5.38094e-05,7.21102e-05,3.79086e-05,
24800,0.471061,0.489538,0.569988,0.519347,0.5673,0.497024,0.479565,0.55966,0.460402,0.497455,0.547147,0.485325,0.495376,0.502202,0.467837,0.458659,0.439726,0.434999,0.465043,0.393455,0.42529,0.399572,0.388944,0.348519,0.337255,0.254034,0.23272,0.168376,0.202951,0.111892,0.145204,0.0606921,0.0889817,0.0444219,0.064614,0.0319972,0.0487055,0.023547,0.0344385,0.0193628,0.0284233,0.0163064,0.0216136,0.0124713,0.0166463,0.011566,0.0159295,0.00834599,0.0107158,0.00729692,0.00978665,0.00552778,0.00733802,0.00444989,0.005428,0.00362995,0.0049753,0.0026836,0.00372729,0.00231122,0.00323311,0.00198444,0.00311346,0.0015338,0.00191101,0.00130003,0.00193622,0.00120438,0.00152731,0.000856805,0.00121278,0.000834032,0.00103263,0.000580168,0.000864891,0.00047831,0.000656456,0.000363218,0.000502272,0.000319635,0.000412153,0.000257696,0.00037338,0.000217289,0.000246215,0.000190035,0.000247372,0.000147811,0.000205548,0.000116029,0.000146966,8.72261e-05,0.000141815,8.13745e-05,9.56543e-05,6.26651e-05,8.67885e-05,5.38094e-05,7.21102e-05,3.79086e-05,
25000,0.471061,0.489538,0.533556,0.480017,0.507919,0.497024,0.479565,0.530093,0.486444,0.497455,0.547147,0.485325,0.466058,0.502202,0.467837,0.458659,0.476088,0.434999,0.465043,0.439557,0.449347,0.399572,0.410159,0.348519,0.337255,0.254034,0.244575,0.185572,0.182656,0.111892,0.132799,0.0606921,0.08387,0.0466849,0.064614,0.0319972,0.0487055,0.023547,0.0367344,0.0193628,0.0320408,0.0154023,0.0216136,0.0124713,0.0166463,0.0126425,0.0146616,0.00834599,0.0115054,0.00729692,0.00978665,0.00552778,0.00660421,0.00444989,0.005428,0.00362995,0.00523488,0.00253948,0.00409135,0.00231122,0.00323311,0.00211674,0.00311346,0.0015338,0.00191101,0.00130003,0.00193622,0.00120438,0.00163814,0.00100256,0.00121278,0.000879794,0.00103263,0.000580168,0.000864891,0.00047831,0.000713896,0.000389761,0.000502272,0.000319635,0.000412153,0.000257696,0.00037338,0.000217289,0.000246215,0.000190035,0.000247372,0.000147811,0.000205548,0.000116029,0.000157269,8.72261e-05,0.000133211,8.13745e-05,9.56543e-05,6.26651e-05,8.67885e-05,5.38094e-05,6.68376e-05,4.20891e-05,
25200,0.511982,0.515712,0.533556,0.480017,0.507919,0.497024,0.479565,0.494754,0.486444,0.497455,0.547147,0.485325,0.466058,0.540606,0.467837,0.458659,0.506207,0.434999,0.465043,0.411462,0.449347,0.366625,0.385273,0.348519,0.337255,0.254034,0.267535,0.185572,0.192348,0.111892,0.132799,0.0606921,0.08387,0.0466849,0.064614,0.0319972,0.0487055,0.023547,0.0342089,0.0193628,0.0337125,0.0154023,0.0199872,0.0124713,0.0156951,0.0113117,0.0146616,0.00790673,0.0115054,0.00729692,0.00978665,0.00552778,0.00660421,0.00444989,0.00605595,0.00362995,0.00568963,0.0028764,0.00409135,0.00231122,0.00323311,0.00200128,0.00311346,0.00171962,0.00205103,0.00141297,0.00182887,0.00120438,0.00163814,0.00107622,0.00109151,0.00080159,0.00103263,0.000580168,0.000864891,0.00047831,0.000713896,0.000389761,0.00053381,0.000319635,0.000412153,0.000243857,0.000354216,0.000217289,0.000267457,0.000176849,0.000260183,0.000147811,0.000205548,0.000127021,0.000157269,8.72261e-05,0.00011989,8.13745e-05,0.000106304,6.26651e-05,8.67885e-05,5.38094e-05,6.68376e-05,4.20891e-05,
25400,0.511982,0.482749,0.570804,0.513721,0.507919,0.470439,0.528946,0.547727,0.486444,0.497455,0.547147,0.485325,0.466058,0.511625,0.467837,0.458659,0.471742,0.434999,0.465043,0.411462,0.449347,0.385921,0.40839,0.348519,0.337255,0.268238,0.267535,0.185572,0.192348,0.111892,0.110464,0.0606921,0.0758749,0.0466849,0.0549219,0.0319972,0.0452675,0.023547,0.0342089,0.0193628,0.0337125,0.0154023,0.0199872,0.0124713,0.0156951,0.0113117,0.0146616,0.00790673,0.0115054,0.00729692,0.00890785,0.00552778,0.00660421,0.00444989,0.00605595,0.00362995,0.00608849,0.0028764,0.00409135,0.00231122,0.00323311,0.00200128,0.00311346,0.00171962,0.00205103,0.00125695,0.0016177,0.00112487,0.00163814,0.00107622,0.00120298,0.000744117,0.000973989,0.000548965,0.000864891,0.00047831,0.000713896,0.000389761,0.00053381,0.000319635,0.000390019,0.000243857,0.000354216,0.000236697,0.000267457,0.000176849,0.000260183,0.000147811,0.000205548,0.000113121,0.000130956,9.30412e-05,0.00011989,7.66594e-05,0.000106304,6.9065e-05,8.67885e-05,5.38094e-05,7.20617e-05,4.20891e-05,
25600,0.511982,0.436864,0.621789,0.513721,0.472365,0.493961,0.528946,0.517851,0.510767,0.497455,0.466127,0.485325,0.502829,0.463274,0.467837,0.458659,0.513337,0.434999,0.492747,0.411462,0.449347,0.385921,0.435616,0.348519,0.337255,0.268238,0.267535,0.185572,0.207591,0.100703,0.110464,0.0531498,0.0802106,0.0466849,0.0549219,0.0319972,0.0414555,0.023547,0.0342089,0.0205916,0.0292175,0.0141421,0.0199872,0.0124713,0.0156951,0.0113117,0.0146616,0.00750783,0.0115054,0.00729692,0.00890785,0.00612404,0.00660421,0.00444989,0.00605595,0.00362995,0.00608849,0.0028764,0.00409135,0.00231122,0.00323311,0.00212789,0.00311346,0.00187322,0.00222265,0.00125695,0.0016177,0.00112487,0.00163814,0.0011447,0.00129162,0.000744117,0.00104555,0.000548965,0.000864891,0.000528955,0.000713896,0.000419936,0.00053381,0.000319635,0.000390019,0.000258581,0.000354216,0.000236697,0.000296952,0.000188639,0.000260183,0.000147811,0.000205548,0.000113121,0.000138403,9.30412e-05,0.00011989,7.66594e-05,0.000106304,6.9065e-05,9.13563e-05,5.07346e-05,7.20617e-05,4.20891e-05,
25800,0.511982,0.489287,0.572046,0.513721,0.500151,0.493961,0.528946,0.517851,0.510767,0.497455,0.466127,0.485325,0.462808,0.463274,0.467837,0.458659,0.486842,0.393532,0.492747,0.411462,0.424433,0.385921,0.435616,0.348519,0.368643,0.253607,0.296034,0.170451,0.207591,0.106046,0.110464,0.0531498,0.0802106,0.043922,0.0655665,0.0292634,0.0501234,0.023547,0.0362614,0.0205916,0.0311654,0.0141421,0.0199872,0.0124713,0.0156951,0.0113117,0.0146616,0.00750783,0.0115054,0.00729692,0.00969966,0.00645807,0.00660421,0.0049151,0.00605595,0.00344489,0.00608849,0.0028764,0.00409135,0.00244942,0.00343694,0.00212789,0.00311346,0.00187322,0.00222265,0.00125695,0.0016177,0.00112487,0.00163814,0.0010609,0.00129162,0.000744117,0.000957856,0.000588983,0.000864891,0.000528955,0.000713896,0.000419936,0.00053381,0.000319635,0.000414607,0.000258581,0.000354216,0.000236697,0.000296952,0.000174267,0.000260183,0.000147811,0.000205548,0.000113121,0.000147186,9.30412e-05,0.000126251,7.66594e-05,0.000106304,6.9065e-05,9.7136e-05,5.07346e-05,6.6895e-05,4.20891e-05,
26000,0.511982,0.489287,0.572046,0.513721,0.500151,0.493961,0.528946,0.517851,0.510767,0.563099,0.466127,0.485325,0.462808,0.463274,0.497482,0.433641,0.486842,0.413209,0.492747,0.411462,0.424433,0.385921,0.435616,0.32479,0.368643,0.253607,0.275493,0.181815,0.207591,0.106046,0.117829,0.0531498,0.0858336,0.043922,0.0655665,0.0292634,0.0501234,0.023547,0.0362614,0.0185324,0.0311654,0.0150849,0.0199872,0.0124713,0.0156951,0.0113117,0.012213,0.00817843,0.0115054,0.00729692,0.00969966,0.00645807,0.00660421,0.00457719,0.00605595,0.00344489,0.00608849,0.00303232,0.00409135,0.00244942,0.00343694,0.00212789,0.00289552,0.00174209,0.00222265,0.00119287,0.0017779,0.00123852,0.00163814,0.0010609,0.00129162,0.000744117,0.000957856,0.000588983,0.000864891,0.000528955,0.00067253,0.000419936,0.00053381,0.000297872,0.000414607,0.000258581,0.000354216,0.000236697,0.000316749,0.000174267,0.000238453,0.000147811,0.000205548,0.000105497,0.000147186,9.30412e-05,0.000126251,7.66594e-05,0.000106304,6.9065e-05,0.0001026,5.07346e-05,6.20037e-05,4.63374e-05,
26200,0.477478,0.489287,0.538899,0.513721,0.500151,0.493961,0.528946,0.517851,0.554276,0.592478,0.466127,0.485325,0.462808,0.463274,0.497482,0.433641,0.486842,0.44506,0.466332,0.432234,0.424433,0.385921,0.435616,0.305302,0.349168,0.253607,0.275493,0.170748,0.183057,0.106046,0.117829,0.0531498,0.0801114,0.043922,0.0655665,0.0310192,0.0501234,0.0260087,0.0362614,0.0175215,0.033146,0.0150849,0.0211974,0.0124713,0.0171439,0.0106519,0.012213,0.00817843,0.0115054,0.00729692,0.0102816,0.00645807,0.00660421,0.00457719,0.00605595,0.00381948,0.00608849,0.00303232,0.00409135,0.0021658,0.0031093,0.00192654,0.00289552,0.00174209,0.00236326,0.00119287,0.00189056,0.00123852,0.00163814,0.000978382,0.00129162,0.000744117,0.000957856,0.000588983,0.000864891,0.000528955,0.000636413,0.000450974,0.00053381,0.000297872,0.000378852,0.000258581,0.000354216,0.000236697,0.000296744,0.000174267,0.000250894,0.000147811,0.000205548,0.000114271,0.000138544,9.30412e-05,0.000126251,8.177e-05,0.000106304,6.9065e-05,9.55462e-05,4.76125e-05,6.99499e-05,3.85986e-05,
26400,0.511059,0.489287,0.538899,0.513721,0.500151,0.465339,0.528946,0.517851,0.453979,0.530112,0.466127,0.485325,0.462808,0.463274,0.497482,0.433641,0.486842,0.44506,0.466332,0.432234,0.399196,0.385921,0.435616,0.305302,0.349168,0.253607,0.294657,0.170748,0.183057,0.106046,0.128353,0.0579716,0.0880364,0.043922,0.0655665,0.0310192,0.0501234,0.0260087,0.0362614,0.0175215,0.0349465,0.0161751,0.0211974,0.0124713,0.018623,0.0113257,0.012213,0.00775632,0.0107383,0.00789394,0.0102816,0.00645807,0.00735025,0.00496526,0.00558493,0.00381948,0.00608849,0.00303232,0.00409135,0.0021658,0.0031093,0.00192654,0.00268791,0.00195708,0.00236326,0.00119287,0.00189056,0.00123852,0.00163814,0.000978382,0.0011858,0.000800085,0.000957856,0.000588983,0.000864891,0.000528955,0.000680842,0.000425067,0.00053381,0.000331915,0.000404109,0.000258581,0.000354216,0.000236697,0.000313529,0.000187035,0.000229766,0.000147811,0.000205548,0.000114271,0.000138544,8.79662e-05,0.000126251,8.177e-05,0.000106304,6.9065e-05,9.55462e-05,5.13339e-05,6.99499e-05,3.85986e-05,
26600,0.511059,0.489287,0.51001,0.513721,0.500151,0.507959,0.528946,0.517851,0.495884,0.490136,0.489874,0.485325,0.462808,0.463274,0.497482,0.433641,0.460287,0.44506,0.490191,0.366262,0.421896,0.343391,0.435616,0.305302,0.349168,0.253607,0.294657,0.151234,0.195854,0.106046,0.128353,0.0579716,0.0880364,0.043922,0.0710879,0.0310192,0.0501234,0.0260087,0.0362614,0.0175215,0.0349465,0.0161751,0.0211974,0.0124713,0.018623,0.0113257,0.012213,0.00775632,0.0116712,0.00745626,0.0102816,0.00682134,0.00735025,0.00467002,0.00589721,0.00413361,0.00608849,0.00303232,0.00409135,0.0021658,0.0031093,0.00192654,0.00268791,0.00195708,0.00236326,0.00127963,0.00174924,0.00115758,0.00142074,0.000854243,0.0011858,0.000800085,0.000957856,0.000588983,0.000820798,0.000528955,0.000680842,0.000425067,0.00053381,0.000331915,0.000404109,0.000223196,0.000354216,0.000236697,0.000313529,0.000196563,0.000229766,0.000147811,0.000215825,0.00010513,0.000138544,9.81427e-05,0.00014134,8.177e-05,0.000106304,6.50362e-05,9.55462e-05,5.13339e-05,6.99499e-05,3.61953e-05,
26800,0.575192,0.489287,0.538344,0.513721,0.500151,0.507959,0.528946,0.517851,0.495884,0.490136,0.461544,0.485325,0.493662,0.463274,0.497482,0.433641,0.41852,0.44506,0.490191,0.366262,0.421896,0.343391,0.435616,0.305302,0.349168,0.253607,0.294657,0.151234,0.195854,0.0938666,0.128353,0.0486707,0.0880364,0.043922,0.0747621,0.0294543,0.0501234,0.024243,0.0362614,0.0199371,0.0349465,0.0161751,0.0211974,0.0124713,0.0170547,0.0113257,0.0130272,0.00886217,0.0108344,0.00745626,0.0102816,0.00682134,0.00650606,0.0050757,0.00549684,0.00413361,0.00608849,0.00338311,0.00435136,0.0021658,0.0031093,0.00192654,0.00268791,0.00195708,0.00215057,0.00127963,0.00174924,0.00115758,0.00142074,0.000854243,0.0011858,0.000800085,0.000957856,0.000588983,0.000761268,0.000488191,0.000680842,0.000425067,0.00053381,0.000331915,0.000404109,0.000223196,0.000316968,0.000236697,0.000283862,0.000196563,0.000250975,0.000159473,0.000194243,0.000114328,0.000138544,9.81427e-05,0.00014134,8.177e-05,0.000116518,6.50362e-05,8.92488e-05,5.53673e-05,6.99499e-05,3.61953e-05,
27000,0.575192,0.533676,0.510558,0.513721,0.500151,0.507959,0.528946,0.481602,0.453661,0.490136,0.461544,0.485325,0.493662,0.463274,0.497482,0.484452,0.41852,0.4046,0.461597,0.403592,0.421896,0.343391,0.435616,0.305302,0.312556,0.268771,0.294657,0.158938,0.208911,0.0938666,0.128353,0.0523789,0.0823452,0.04714,0.0701614,0.0294543,0.0462822,0.024243,0.0362614,0.0199371,0.0324119,0.0161751,0.0211974,0.0118016,0.0170547,0.0098227,0.0130272,0.00886217,0.0108344,0.00690685,0.00897709,0.00682134,0.00650606,0.00469133,0.00549684,0.00438077,0.00564569,0.00338311,0.00435136,0.00232449,0.0031093,0.00192654,0.00268791,0.00178855,0.00215057,0.00136014,0.00174924,0.00115758,0.00142074,0.000854243,0.0011858,0.000735172,0.000957856,0.000588983,0.000761268,0.000488191,0.000602843,0.000425067,0.00058149,0.000331915,0.000404109,0.000223196,0.000316968,0.000217108,0.000267817,0.000207847,0.000250975,0.000168118,0.000194243,0.000114328,0.000138544,9.81427e-05,0.000132834,8.177e-05,0.000116518,6.50362e-05,9.42071e-05,5.53673e-05,6.50962e-05,3.82534e-05,
27200,0.575192,0.477767,0.510558,0.540759,0.500151,0.507959,0.528946,0.481602,0.480581,0.490136,0.503082,0.524151,0.493662,0.463274,0.497482,0.514994,0.41852,0.4046,0.49406,0.42803,0.421896,0.343391,0.435616,0.305302,0.331245,0.268771,0.263673,0.158938,0.208911,0.0938666,0.128353,0.056886,0.0899463,0.0414439,0.0701614,0.026644,0.0462822,0.024243,0.0324521,0.0199371,0.0288331,0.0161751,0.0211974,0.0139122,0.0170547,0.0107369,0.0137509,0.00886217,0.0102878,0.00726383,0.00897709,0.00636658,0.00650606,0.00469133,0.00549684,0.00438077,0.00564569,0.00319553,0.00467199,0.00232449,0.00337941,0.00192654,0.00254644,0.00178855,0.00215057,0.0014425,0.00186025,0.00123476,0.00142074,0.000854243,0.0011858,0.000672574,0.000957856,0.000641992,0.000761268,0.000441611,0.000602843,0.000398601,0.00058149,0.000331915,0.000437525,0.000235751,0.000344503,0.000205071,0.000267817,0.000178579,0.000250975,0.000168118,0.000194243,0.000114328,0.000138544,9.81427e-05,0.000125469,8.177e-05,0.000128994,6.91573e-05,9.42071e-05,5.53673e-05,6.50962e-05,3.82534e-05,
27400,0.540681,0.515989,0.510558,0.540759,0.500151,0.507959,0.483907,0.481602,0.521934,0.46262,0.503082,0.524151,0.493662,0.463274,0.469363,0.487336,0.456489,0.4046,0.49406,0.42803,0.421896,0.370862,0.407455,0.305302,0.331245,0.268771,0.263673,0.158938,0.208911,0.106969,0.128353,0.0638061,0.097107,0.0443493,0.075697,0.0291034,0.0462822,0.024243,0.0341194,0.0199371,0.0288331,0.0151797,0.0211974,0.0139122,0.0170547,0.0107369,0.0137509,0.00886217,0.0102878,0.00726383,0.00897709,0.00600808,0.00650606,0.00469133,0.00549684,0.00438077,0.0053125,0.00319553,0.00441715,0.00232449,0.00337941,0.00192654,0.00254644,0.00162758,0.00215057,0.0014425,0.00186025,0.00107761,0.00142074,0.000794969,0.0011858,0.000721851,0.00103488,0.000680636,0.000841401,0.000475258,0.000602843,0.000377904,0.0005419,0.000308117,0.000437525,0.000222426,0.000344503,0.000205071,0.000267817,0.000178579,0.000250975,0.000150549,0.000194243,0.000114328,0.000146004,0.000104686,0.000132392,8.177e-05,0.000128994,6.91573e-05,8.94044e-05,5.53673e-05,6.50962e-05,3.82534e-05,
27600,0.540681,0.515989,0.539277,0.611473,0.555006,0.464284,0.521208,0.481602,0.521934,0.46262,0.503082,0.524151,0.493662,0.463274,0.469363,0.487336,0.456489,0.4046,0.432891,0.42803,0.421896,0.403827,0.43739,0.305302,0.371233,0.268771,0.263673,0.167607,0.208911,0.0940889,0.128353,0.056418,0.097107,0.0443493,0.0708799,0.0291034,0.0462822,0.024243,0.0321593,0.0188839,0.0288331,0.0151797,0.0211974,0.0139122,0.0181386,0.0100673,0.0137509,0.00886217,0.0102878,0.00661009,0.0102003,0.00554507,0.00700176,0.00469133,0.00549684,0.00408336,0.0053125,0.00319553,0.00441715,0.00232449,0.00337941,0.00192654,0.00254644,0.00162758,0.00215057,0.0014425,0.00186025,0.00107761,0.00151063,0.000794969,0.00112237,0.000721851,0.00103488,0.000680636,0.000841401,0.000442281,0.000602843,0.000377904,0.0005419,0.000340939,0.000437525,0.000238722,0.000344503,0.000216843,0.000267817,0.00020409,0.000230897,0.000150549,0.000207192,0.000114328,0.000136672,9.87907e-05,0.000132392,7.5998e-05,0.000136462,6.38499e-05,8.29201e-05,5.16084e-05,7.03593e-05,4.12848e-05,
27800,0.540681,0.515989,0.491086,0.611473,0.524733,0.502898,0.565099,0.481602,0.580845,0.46262,0.503082,0.524151,0.493662,0.463274,0.51173,0.487336,0.420764,0.4046,0.480369,0.42803,0.421896,0.369689,0.413533,0.305302,0.371233,0.247269,0.25023,0.176501,0.190196,0.0882988,0.128353,0.0636542,0.0904041,0.0443493,0.0708799,0.0326765,0.0487181,0.026321,0.033997,0.0198777,0.0288331,0.0151797,0.0225406,0.0139122,0.0170966,0.0106751,0.0137509,0.00886217,0.0102878,0.00702895,0.0102003,0.00554507,0.00654422,0.00469133,0.00549684,0.00408336,0.0049272,0.00319553,0.00441715,0.00232449,0.00369135,0.00192654,0.00270667,0.00162758,0.00202703,0.0014425,0.00186025,0.00107761,0.00151063,0.000794969,0.00112237,0.000721851,0.00103488,0.000680636,0.000773759,0.000442281,0.000658103,0.000377904,0.000569258,0.000364839,0.000469971,0.000238722,0.000344503,0.000216843,0.000287389,0.000192185,0.000230897,0.000141709,0.000207192,0.000114328,0.000145783,9.87907e-05,0.000132392,7.5998e-05,0.000136462,6.38499e-05,8.29201e-05,5.43468e-05,6.49673e-05,3.9154e-05,
28000,0.540681,0.548578,0.429054,0.529944,0.495074,0.502898,0.519252,0.481602,0.580845,0.46262,0.503082,0.524151,0.493662,0.486437,0.543929,0.449579,0.420764,0.4046,0.515662,0.42803,0.454284,0.404096,0.413533,0.322748,0.349262,0.247269,0.25023,0.176501,0.200045,0.0882988,0.128353,0.0687219,0.0818715,0.0389155,0.0708799,0.0326765,0.0453687,0.0244481,0.0361545,0.0209959,0.0288331,0.0151797,0.0225406,0.0139122,0.0170966,0.0106751,0.0137509,0.00886217,0.0102878,0.00702895,0.0102003,0.00605166,0.00654422,0.00469133,0.00549684,0.00408336,0.0049272,0.0034557,0.00441715,0.00232449,0.00369135,0.00192654,0.00270667,0.00162758,0.00188001,0.0013578,0.00186025,0.00107761,0.00162659,0.000743021,0.00112237,0.000721851,0.00103488,0.000592153,0.000889823,0.000494802,0.000610373,0.000377904,0.000495589,0.000364839,0.000496695,0.000238722,0.000311662,0.000216843,0.000287389,0.000192185,0.00024629,0.000128984,0.000207192,0.000121188,0.000154224,9.87907e-05,0.000141218,7.5998e-05,0.000125017,6.38499e-05,8.29201e-05,5.43468e-05,5.94354e-05,3.9154e-05,
28200,0.511761,0.548578,0.469702,0.529944,0.495074,0.543337,0.484971,0.440889,0.551483,0.516097,0.503082,0.557196,0.493662,0.486437,0.543929,0.449579,0.464844,0.44719,0.515662,0.42803,0.454284,0.404096,0.413533,0.322748,0.349262,0.247269,0.281632,0.176501,0.22005,0.0944797,0.128353,0.0746916,0.0924466,0.0389155,0.0778203,0.0326765,0.0532717,0.0244481,0.0380574,0.0225956,0.0305441,0.0151797,0.0204078,0.0131061,0.0170966,0.00981692,0.0137509,0.00841419,0.0110415,0.00702895,0.0102003,0.00605166,0.00710169,0.00514007,0.00549684,0.00408336,0.0049272,0.0034557,0.00441715,0.00259014,0.00369135,0.00192654,0.00311267,0.00162758,0.00204921,0.00127633,0.00186025,0.00115293,0.00147232,0.000743021,0.00112237,0.000772455,0.00103488,0.000592153,0.000889823,0.000494802,0.000610373,0.000377904,0.000495589,0.000364839,0.000496695,0.000238722,0.00033244,0.000236859,0.000287389,0.000177723,0.00024629,0.00012151,0.000194873,0.000113835,0.000154224,9.87907e-05,0.000141218,7.5998e-05,0.000117773,6.38499e-05,8.29201e-05,5.797e-05,6.53789e-05,3.9154e-05,
28400,0.511761,0.548578,0.516216,0.529944,0.465774,0.543337,0.453794,0.440889,0.514374,0.516097,0.538464,0.557196,0.441523,0.486437,0.586443,0.474246,0.464844,0.44719,0.482326,0.42803,0.478389,0.404096,0.36299,0.322748,0.349262,0.262106,0.281632,0.166873,0.22005,0.0993724,0.128353,0.0692303,0.104286,0.0389155,0.0873744,0.0326765,0.0583185,0.0267765,0.0380574,0.0225956,0.0305441,0.0165166,0.0204078,0.0131061,0.0170966,0.00981692,0.0137509,0.00841419,0.0101883,0.00657709,0.0102003,0.00605166,0.00710169,0.00454657,0.00588059,0.00380535,0.0049272,0.00317413,0.00441715,0.00259014,0.00346419,0.00203491,0.00286013,0.00184575,0.00204921,0.00127633,0.00186025,0.00115293,0.00147232,0.000743021,0.00105095,0.000772455,0.00103488,0.000633441,0.000841287,0.000494802,0.000610373,0.000401813,0.000495589,0.000306192,0.000468312,0.000238722,0.00033244,0.000236859,0.000287389,0.000177723,0.00023003,0.000131281,0.000194873,0.000113835,0.000154224,9.00603e-05,0.000141218,7.5998e-05,0.000111831,6.38499e-05,8.87421e-05,5.797e-05,7.02113e-05,3.9154e-05,
28600,0.539317,0.590864,0.516216,0.49858,0.465774,0.543337,0.453794,0.471708,0.514374,0.516097,0.469825,0.519368,0.441523,0.486437,0.506193,0.474246,0.439924,0.474108,0.482326,0.42803,0.478389,0.426691,0.36299,0.340794,0.349262,0.262106,0.281632,0.156861,0.22005,0.0993724,0.137783,0.0582349,0.11291,0.0389155,0.0873744,0.0326765,0.0583185,0.0267765,0.0380574,0.0205764,0.0305441,0.0165166,0.0204078,0.0131061,0.0159794,0.00981692,0.0137509,0.00841419,0.0101883,0.00657709,0.0102003,0.00605166,0.00766707,0.00430284,0.00588059,0.00380535,0.0049272,0.00287342,0.00399688,0.00259014,0.00375065,0.00203491,0.00286013,0.00184575,0.00204921,0.00127633,0.00186025,0.00115293,0.00147232,0.00079761,0.00113785,0.000856138,0.00103488,0.000633441,0.000841287,0.000494802,0.000682025,0.000447203,0.000495589,0.000306192,0.000468312,0.000266935,0.00033244,0.000219278,0.000303355,0.000168029,0.00023003,0.000131281,0.000205129,0.000113835,0.000154224,0.000102775,0.000141218,7.5998e-05,0.000111831,6.38499e-05,8.87421e-05,5.797e-05,6.63816e-05,3.9154e-05,
28800,0.539317,0.623901,0.516216,0.49858,0.465774,0.543337,0.453794,0.471708,0.514374,0.516097,0.469825,0.48442,0.463813,0.486437,0.506193,0.474246,0.439924,0.474108,0.538749,0.394334,0.531543,0.395659,0.36299,0.340794,0.349262,0.262106,0.281632,0.156861,0.22005,0.0894351,0.137783,0.0582349,0.106967,0.0422511,0.0774346,0.0326765,0.0583185,0.0267765,0.0380574,0.0205764,0.0289304,0.0155678,0.0218407,0.0131061,0.0179324,0.00981692,0.0147122,0.00841419,0.0101883,0.00657709,0.0102003,0.00605166,0.00726354,0.003975,0.00588059,0.00380535,0.0049272,0.00287342,0.00399688,0.00259014,0.00375065,0.00203491,0.00286013,0.00184575,0.00204921,0.00138381,0.0017107,0.00121411,0.00147232,0.00079761,0.00120029,0.000795126,0.00103488,0.000633441,0.000841287,0.000494802,0.000682025,0.000447203,0.000495589,0.000326605,0.000468312,0.000266935,0.00033244,0.000219278,0.000303355,0.000168029,0.00023003,0.000131281,0.000185674,0.000121793,0.000141047,0.000102775,0.000122104,7.17843e-05,0.000119983,7.01662e-05,8.87421e-05,5.797e-05,7.05741e-05,3.9154e-05,
29000,0.539317,0.623901,0.516216,0.49858,0.465774,0.500092,0.453794,0.471708,0.514374,0.516097,0.469825,0.510124,0.463813,0.486437,0.506193,0.507443,0.439924,0.474108,0.538749,0.34514,0.485982,0.36234,0.383017,0.317271,0.329654,0.262106,0.260727,0.141936,0.22005,0.0981076,0.137783,0.0582349,0.119927,0.0422511,0.0774346,0.0326765,0.0583185,0.0267765,0.0380574,0.0188436,0.0289304,0.0165597,0.0236799,0.0131061,0.0179324,0.00981692,0.0147122,0.00841419,0.0101883,0.0072813,0.0102003,0.00605166,0.00726354,0.003975,0.00635879,0.0041405,0.00519428,0.00328126,0.00399688,0.00259014,0.00407647,0.00203491,0.00286013,0.0019557,0.00204921,0.00147607,0.00161177,0.00121411,0.00147232,0.000888765,0.00128408,0.000795126,0.00103488,0.000633441,0.000841287,0.000520009,0.000736322,0.000423229,0.000495589,0.000326605,0.000468312,0.000252886,0.00033244,0.000219278,0.000303355,0.000168029,0.00023003,0.000131281,0.000175901,0.000121793,0.000141047,0.000102775,0.000122104,7.17843e-05,0.000119983,6.6339e-05,8.87421e-05,5.33096e-05,7.05741e-05,3.9154e-05,
29200,0.573591,0.558157,0.516216,0.49858,0.465774,0.474423,0.476704,0.446421,0.477068,0.516097,0.495746,0.510124,0.463813,0.486437,0.479451,0.472894,0.439924,0.507165,0.538749,0.372258,0.485982,0.36234,0.383017,0.300797,0.329654,0.228186,0.260727,0.141936,0.195799,0.0981076,0.125411,0.0582349,0.106824,0.0458332,0.0774346,0.0326765,0.0583185,0.0267765,0.0380574,0.0176684,0.026923,0.0152285,0.0197251,0.0131061,0.0179324,0.00981692,0.0147122,0.009184,0.0101883,0.0072813,0.00953378,0.00605166,0.00669509,0.003975,0.00635879,0.00372645,0.00519428,0.00328126,0.00399688,0.00244886,0.00430827,0.00214289,0.00286013,0.00184395,0.00204921,0.00139988,0.00161177,0.00121411,0.00147232,0.000840287,0.00128408,0.000723259,0.00103488,0.000593434,0.000791265,0.000520009,0.000736322,0.000448855,0.000495589,0.000326605,0.000434735,0.000252886,0.00033244,0.000234628,0.000303355,0.000151227,0.000243785,0.000140458,0.000175901,0.000121793,0.000141047,9.68707e-05,0.000122104,7.72736e-05,0.000119983,6.6339e-05,8.13636e-05,5.63833e-05,6.63397e-05,4.11117e-05,
29400,0.573591,0.558157,0.516216,0.49858,0.465774,0.507464,0.476704,0.446421,0.477068,0.542152,0.553834,0.476789,0.463813,0.460836,0.479451,0.472894,0.439924,0.451165,0.508878,0.427157,0.485982,0.36234,0.383017,0.285179,0.350575,0.228186,0.27433,0.141936,0.207418,0.103148,0.125411,0.0582349,0.106824,0.0458332,0.0774346,0.0326765,0.0583185,0.0267765,0.0380574,0.0176684,0.026923,0.0174758,0.0209662,0.0131061,0.0179324,0.00981692,0.0130385,0.0100318,0.0110856,0.0078734,0.00835869,0.00605166,0.00602558,0.00424,0.00635879,0.00372645,0.00519428,0.00328126,0.00399688,0.00259672,0.00430827,0.00214289,0.00286013,0.00184395,0.00204921,0.00139988,0.00161177,0.00121411,0.00147232,0.000840287,0.00128408,0.000761636,0.00103488,0.000593434,0.000737941,0.000482453,0.000736322,0.000448855,0.000495589,0.000326605,0.000434735,0.000270641,0.00035034,0.000218497,0.000303355,0.000164033,0.000243785,0.000140458,0.000164047,0.000121793,0.000141047,9.68707e-05,0.000122104,7.72736e-05,0.000119983,6.13152e-05,8.13636e-05,5.63833e-05,7.26245e-05,4.54186e-05,
29600,0.573591,0.558157,0.516216,0.549396,0.493624,0.459181,0.476704,0.446421,0.444138,0.542152,0.521742,0.513701,0.463813,0.460836,0.479451,0.472894,0.439924,0.478558,0.508878,0.448722,0.485982,0.36234,0.383017,0.285179,0.350575,0.228186,0.298161,0.141936,0.236174,0.103148,0.145476,0.061729,0.106824,0.0458332,0.0774346,0.0305641,0.0583185,0.024713,0.0380574,0.0176684,0.026923,0.0189681,0.0220601,0.0131061,0.0179324,0.0103336,0.0130385,0.00933567,0.0110856,0.0078734,0.00888565,0.0066232,0.00602558,0.00424,0.00635879,0.00372645,0.00519428,0.00306463,0.00399688,0.00259672,0.0037664,0.00214289,0.00286013,0.00184395,0.00204921,0.00139988,0.00161177,0.00115179,0.00156575,0.000922565,0.00128408,0.000761636,0.00103488,0.000593434,0.000737941,0.000536908,0.00068619,0.000471722,0.000495589,0.000326605,0.000434735,0.000288684,0.000377235,0.000218497,0.000303355,0.000172314,0.000243785,0.000129279,0.000164047,0.000121793,0.000141047,9.68707e-05,0.000122104,7.72736e-05,0.00010984,5.54814e-05,8.54713e-05,5.63833e-05,7.26245e-05,4.54186e-05,
29800,0.536718,0.558157,0.516216,0.581998,0.493624,0.459181,0.476704,0.423662,0.444138,0.505671,0.521742,0.482533,0.463813,0.460836,0.479451,0.428147,0.488547,0.478558,0.508878,0.473045,0.485982,0.36234,0.383017,0.285179,0.350575,0.228186,0.298161,0.149873,0.236174,0.0914138,0.145476,0.061729,0.100077,0.0405952,0.072224,0.0305641,0.055085,0.024713,0.0380574,0.0176684,0.026923,0.0189681,0.0238744,0.0139798,0.0179324,0.0103336,0.0130385,0.00933567,0.0110856,0.00704463,0.00937224,0.00601798,0.00646827,0.00424,0.00635879,0.00372645,0.00519428,0.00306463,0.00399688,0.00259672,0.0037664,0.00214289,0.00286013,0.00184395,0.00204921,0.00164105,0.00161177,0.00115179,0.00156575,0.000922565,0.00139457,0.000761636,0.00096442,0.000593434,0.000737941,0.000536908,0.000631025,0.000419736,0.000495589,0.000326605,0.000411768,0.000265958,0.00034721,0.000218497,0.000303355,0.000172314,0.000243785,0.000129279,0.000164047,0.000121793,0.000148294,0.000105813,0.000122104,7.72736e-05,0.00010984,5.54814e-05,8.54713e-05,5.63833e-05,6.7051e-05,4.54186e-05,
30000,0.492092,0.558157,0.516216,0.581998,0.468147,0.505528,0.508485,0.472081,0.496879,0.505671,0.521742,0.482533,0.463813,0.460836,0.505085,0.428147,0.516328,0.450235,0.561141,0.439028,0.485982,0.387823,0.383017,0.285179,0.350575,0.228186,0.298161,0.149873,0.223513,0.100466,0.145476,0.061729,0.100077,0.0405952,0.0646641,0.0322731,0.0512979,0.024713,0.0351754,0.0176684,0.026923,0.0174225,0.0238744,0.0139798,0.0165051,0.0103336,0.0122779,0.00933567,0.0110856,0.00704463,0.00937224,0.00645376,0.00646827,0.00424,0.00635879,0.00372645,0.00519428,0.00327916,0.00399688,0.0028641,0.0037664,0.00214289,0.00286013,0.00184395,0.00226862,0.00153382,0.00179823,0.00121291,0.00147442,0.000922565,0.00121564,0.00070978,0.00096442,0.000593434,0.000690235,0.000536908,0.000631025,0.000419736,0.000495589,0.000326605,0.000411768,0.000265958,0.000366741,0.000207152,0.000303355,0.000181305,0.00027685,0.000139804,0.000181885,0.000121793,0.000157273,0.000105813,0.000122104,7.72736e-05,0.00010984,5.87988e-05,8.54713e-05,5.63833e-05,6.7051e-05,4.54186e-05,
30200,0.492092,0.558157,0.516216,0.581998,0.468147,0.505528,0.508485,0.526033,0.463754,0.505671,0.488394,0.506894,0.463813,0.460836,0.531885,0.402122,0.516328,0.450235,0.526145,0.479238,0.485982,0.387823,0.436786,0.285179,0.350575,0.20652,0.325267,0.149873,0.223513,0.100466,0.137541,0.0656406,0.094154,0.0405952,0.0646641,0.0322731,0.0512979,0.024713,0.0351754,0.0185984,0.026923,0.0184132,0.0238744,0.0139798,0.0174437,0.0103336,0.0122779,0.00866632,0.0110856,0.00704463,0.00937224,0.00645376,0.00712115,0.00424,0.00589025,0.00372645,0.00519428,0.00305817,0.00399688,0.0026691,0.0037664,0.00229989,0.00286013,0.00184395,0.00226862,0.00139608,0.00179823,0.00121291,0.00154885,0.000922565,0.00104833,0.000754887,0.00096442,0.000593434,0.000690235,0.000501461,0.000631025,0.000386507,0.000495589,0.000326605,0.000448547,0.000265958,0.000366741,0.000224485,0.000303355,0.000165063,0.00027685,0.000139804,0.000181885,0.000129562,0.000157273,0.000105813,0.000122104,8.56449e-05,0.00010984,5.87988e-05,8.54713e-05,5.63833e-05,6.7051e-05,5.04274e-05,
30400,0.459286,0.517564,0.469971,0.581998,0.468147,0.469843,0.508485,0.565179,0.463754,0.505671,0.488394,0.506894,0.463813,0.460836,0.49375,0.402122,0.516328,0.415538,0.491763,0.479238,0.485982,0.387823,0.436786,0.285179,0.350575,0.234461,0.306016,0.161334,0.223513,0.100466,0.137541,0.0656406,0.0998033,0.0405952,0.0646641,0.0322731,0.0512979,0.024713,0.0387258,0.0185984,0.026923,0.0184132,0.0238744,0.0139798,0.0195853,0.0113356,0.0130559,0.00866632,0.0110856,0.00743599,0.00937224,0.00604616,0.00712115,0.00424,0.00589025,0.00393606,0.00561424,0.00305817,0.00426334,0.0026691,0.0037664,0.00194466,0.00271555,0.00171876,0.00226862,0.00139608,0.00179823,0.00114461,0.00154885,0.000922565,0.00112171,0.000754887,0.00101355,0.000593434,0.000690235,0.000474531,0.000667963,0.000416641,0.000528628,0.000343935,0.000425525,0.000280631,0.000366741,0.000224485,0.000303355,0.000165063,0.00027685,0.000139804,0.000191286,0.000129562,0.000157273,9.79584e-05,0.000133093,9.24965e-05,0.000101297,6.36096e-05,8.54713e-05,5.63833e-05,7.0776e-05,5.04274e-05,
30600,0.459286,0.517564,0.503024,0.581998,0.468147,0.469843,0.471504,0.565179,0.463754,0.505671,0.488394,0.506894,0.493107,0.460836,0.49375,0.426079,0.516328,0.439283,0.491763,0.479238,0.485982,0.40758,0.465905,0.323014,0.350575,0.234461,0.306016,0.181308,0.223513,0.100466,0.137541,0.0715036,0.0923432,0.0439714,0.0646641,0.0322731,0.0556784,0.024713,0.0387258,0.0185984,0.026923,0.0184132,0.0224232,0.0147216,0.0195853,0.0113356,0.0130559,0.00866632,0.0110856,0.00695008,0.00999706,0.00604616,0.00791048,0.00424,0.00589025,0.00393606,0.00561424,0.00305817,0.00400754,0.0026691,0.00333029,0.00194466,0.00271555,0.00171876,0.00203135,0.00139608,0.00159797,0.00114461,0.00154885,0.000922565,0.00121447,0.000663672,0.00101355,0.000525924,0.000769119,0.000474531,0.000741224,0.000416641,0.000528628,0.000343935,0.000373301,0.000300175,0.000366741,0.000224485,0.000273019,0.000180164,0.00027685,0.000155954,0.000205425,0.000129562,0.000171897,9.79584e-05,0.000133093,9.83577e-05,0.000101297,6.68501e-05,8.54713e-05,5.63833e-05,7.52856e-05,4.50949e-05,
30800,0.494042,0.486161,0.503024,0.548741,0.468147,0.469843,0.471504,0.612774,0.463754,0.505671,0.514099,0.506894,0.493107,0.460836,0.49375,0.426079,0.516328,0.476039,0.462889,0.44448,0.485982,0.40758,0.399347,0.292413,0.350575,0.234461,0.334818,0.192344,0.204767,0.100466,0.125191,0.0715036,0.083566,0.0495678,0.0608921,0.0322731,0.0512705,0.0262814,0.0366876,0.020901,0.026923,0.0173463,0.0224232,0.0147216,0.0183262,0.0105885,0.0130559,0.00943485,0.0110856,0.00695008,0.00999706,0.00604616,0.00885678,0.00452267,0.00589025,0.0036046,0.00561424,0.00305817,0.00400754,0.00241595,0.00333029,0.00194466,0.00271555,0.00157098,0.00203135,0.00139608,0.00173254,0.00114461,0.00154885,0.000922565,0.00121447,0.000617215,0.00101355,0.000525924,0.000815557,0.000474531,0.000741224,0.000379317,0.000528628,0.000343935,0.000403483,0.000300175,0.000366741,0.000244851,0.000298804,0.000180164,0.000258193,0.000155954,0.000205425,0.000129562,0.000161583,9.79584e-05,0.000133093,9.83577e-05,0.000101297,6.68501e-05,8.54713e-05,5.63833e-05,7.52856e-05,4.50949e-05,
31000,0.520645,0.486161,0.465173,0.513267,0.468147,0.469843,0.471504,0.551496,0.498266,0.505671,0.514099,0.506894,0.493107,0.460836,0.49375,0.460165,0.479308,0.476039,0.462889,0.44448,0.485982,0.384937,0.377565,0.292413,0.350575,0.206026,0.334818,0.192344,0.228721,0.100466,0.125191,0.0752669,0.0929982,0.0458627,0.0701766,0.0340986,0.0570574,0.0262814,0.0366876,0.020901,0.026923,0.0173463,0.0224232,0.0147216,0.0197923,0.0105885,0.0130559,0.0101935,0.0110856,0.00652238,0.00999706,0.00604616,0.00885678,0.00503315,0.00589025,0.00392426,0.00561424,0.00305817,0.00400754,0.00241595,0.00311344,0.00194466,0.00245744,0.00157098,0.00203135,0.00127642,0.0018208,0.00114461,0.00145029,0.000922565,0.00109302,0.000617215,0.00107778,0.000576923,0.000757988,0.000474531,0.000741224,0.000379317,0.000528628,0.000374029,0.000403483,0.000341252,0.000366741,0.000257093,0.000282758,0.000180164,0.000258193,0.000155954,0.000226203,0.000129562,0.000173362,9.79584e-05,0.000133093,9.83577e-05,9.28012e-05,6.68501e-05,8.54713e-05,5.63833e-05,7.52856e-05,4.50949e-05,
31200,0.520645,0.511526,0.465173,0.540046,0.468147,0.511224,0.508868,0.513947,0.541549,0.505671,0.514099,0.4757,0.493107,0.460836,0.533949,0.460165,0.520138,0.542271,0.462889,0.44448,0.485982,0.4106,0.377565,0.292413,0.350575,0.206026,0.312497,0.192344,0.205848,0.100466,0.125191,0.0639424,0.0879256,0.0433239,0.0701766,0.0340986,0.0570574,0.0248981,0.0366876,0.020901,0.026923,0.0173463,0.0224232,0.0133967,0.0197923,0.00948198,0.0138867,0.0101935,0.0110856,0.00618574,0.00920138,0.00561937,0.00838114,0.0042563,0.00589025,0.00392426,0.00561424,0.00305817,0.00367709,0.00241595,0.00292419,0.00208753,0.00245744,0.00157098,0.00190635,0.00137481,0.0018208,0.00121305,0.00154698,0.000922565,0.00109302,0.000617215,0.00107778,0.000606799,0.000827336,0.000444985,0.000677492,0.000379317,0.000528628,0.000348564,0.000403483,0.000314954,0.000335114,0.000235622,0.000282758,0.000169655,0.000232373,0.000155954,0.000205989,0.000129562,0.000160153,9.79584e-05,0.000133093,9.83577e-05,9.28012e-05,6.68501e-05,8.54713e-05,5.63833e-05,7.04459e-05,4.8272e-05,
31400,0.520645,0.482614,0.465173,0.504756,0.500917,0.552122,0.508868,0.485914,0.541549,0.505671,0.483672,0.4757,0.493107,0.460836,0.533949,0.533614,0.520138,0.542271,0.462889,0.44448,0.413561,0.440766,0.377565,0.292413,0.350575,0.206026,0.332298,0.181853,0.205848,0.100466,0.125191,0.0639424,0.0940719,0.0401081,0.0701766,0.0375477,0.0570574,0.0226789,0.0386017,0.020901,0.0296953,0.0173463,0.0243981,0.0133967,0.0177188,0.00898292,0.0149779,0.0101935,0.0124287,0.0069203,0.00975693,0.00561937,0.00838114,0.00454005,0.00589025,0.00367198,0.00494274,0.00278356,0.00386894,0.00241595,0.00308053,0.00197367,0.00275234,0.00157098,0.00190635,0.00137481,0.0018208,0.00127837,0.00154698,0.00102507,0.00109302,0.000617215,0.00107778,0.000606799,0.000827336,0.000444985,0.000626187,0.00041373,0.000500701,0.000348564,0.000403483,0.000314954,0.000313292,0.000235622,0.000305495,0.000169655,0.000232373,0.000155954,0.00018539,0.000129562,0.000160153,9.79584e-05,0.000120406,9.83577e-05,9.28012e-05,6.68501e-05,9.57646e-05,5.63833e-05,7.68368e-05,4.8272e-05,
31600,0.520645,0.482614,0.465173,0.504756,0.500917,0.462402,0.54938,0.529997,0.541549,0.505671,0.483672,0.4757,0.493107,0.460836,0.533949,0.533614,0.520138,0.49109,0.462889,0.40439,0.413561,0.383197,0.377565,0.292413,0.375081,0.206026,0.295934,0.192687,0.205848,0.100466,0.125191,0.0686402,0.0940719,0.0401081,0.0701766,0.0375477,0.0570574,0.0239749,0.0386017,0.0222944,0.0317739,0.0173463,0.0243981,0.0141317,0.0164785,0.00943207,0.0149779,0.00948121,0.0117382,0.0069203,0.00975693,0.00561937,0.00759011,0.00454005,0.00644655,0.00367198,0.00494274,0.00297869,0.00386894,0.00241595,0.00308053,0.00197367,0.00275234,0.00157098,0.00190635,0.00146074,0.0018208,0.00127837,0.00154698,0.00102507,0.00120945,0.000617215,0.00101899,0.000606799,0.000827336,0.000473182,0.000626187,0.000449424,0.000540042,0.000348564,0.000403483,0.000314954,0.000363879,0.000221122,0.000285602,0.000179477,0.000244797,0.000155954,0.000195877,0.000129562,0.000160153,9.79584e-05,0.000120406,9.17293e-05,9.28012e-05,6.68501e-05,9.57646e-05,5.63833e-05,7.68368e-05,4.8272e-05,
31800,0.46858,0.482614,0.465173,0.504756,0.500917,0.462402,0.54938,0.529997,0.496895,0.505671,0.483672,0.500737,0.493107,0.460836,0.533949,0.477444,0.520138,0.429058,0.508214,0.426165,0.413561,0.335576,0.41301,0.292413,0.394351,0.195612,0.295934,0.169486,0.218157,0.100466,0.140358,0.0624912,0.0940719,0.0401081,0.0701766,0.0348244,0.0570574,0.0239749,0.0386017,0.0222944,0.0295131,0.0145275,0.0226621,0.0141317,0.0181264,0.0101657,0.0149779,0.0108122,0.0117382,0.00738165,0.00975693,0.00561937,0.00759011,0.00477692,0.00563574,0.00367198,0.00450463,0.0028138,0.00386894,0.00241595,0.00308053,0.00197367,0.00275234,0.00157098,0.00215417,0.00125623,0.00167513,0.00127837,0.00154698,0.000852429,0.00128621,0.000658362,0.000959547,0.000606799,0.000827336,0.000473182,0.000626187,0.00041816,0.000571044,0.000370538,0.000403483,0.000285152,0.000363879,0.000221122,0.000285602,0.000179477,0.000244797,0.000155954,0.000195877,0.000122495,0.000173731,9.79584e-05,0.000120406,9.17293e-05,9.28012e-05,5.32278e-05,9.57646e-05,5.63833e-05,7.28472e-05,4.8272e-05,
32000,0.440098,0.482614,0.465173,0.504756,0.5431,0.462402,0.481956,0.529997,0.533033,0.505671,0.533191,0.500737,0.493107,0.460836,0.533949,0.477444,0.520138,0.429058,0.417533,0.426165,0.413561,0.335576,0.41301,0.276737,0.394351,0.195612,0.295934,0.169486,0.232701,0.100466,0.140358,0.0624912,0.104546,0.0425223,0.0701766,0.0324303,0.0570574,0.0239749,0.0339847,0.0222944,0.0279033,0.0130028,0.0214472,0.0141317,0.0181264,0.0101657,0.0149779,0.00999863,0.011109,0.00738165,0.00975693,0.00561937,0.00759011,0.00477692,0.00533308,0.00338461,0.00450463,0.00305236,0.00433487,0.00241595,0.0034155,0.00197367,0.00275234,0.00157098,0.00215417,0.00115524,0.00151703,0.00119084,0.00154698,0.000961762,0.00128621,0.000715553,0.000959547,0.000606799,0.000893523,0.000473182,0.000626187,0.00041816,0.000571044,0.00033719,0.000403483,0.000269598,0.000363879,0.000221122,0.000285602,0.000189629,0.000244797,0.000155954,0.000214265,0.000122495,0.000173731,9.21609e-05,0.000112128,8.43204e-05,9.28012e-05,5.82149e-05,0.00010151,5.63833e-05,7.28472e-05,4.8272e-05,
32200,0.440098,0.507199,0.465173,0.504756,0.499873,0.462402,0.481956,0.529997,0.50342,0.505671,0.533191,0.500737,0.52598,0.485288,0.533949,0.477444,0.520138,0.429058,0.417533,0.426165,0.413561,0.335576,0.435091,0.295186,0.394351,0.195612,0.295934,0.169486,0.232701,0.100466,0.161412,0.0624912,0.104546,0.0425223,0.0661103,0.0279667,0.0570574,0.0239749,0.0380944,0.0235851,0.0299477,0.014001,0.0214472,0.0141317,0.0166317,0.0101657,0.0149779,0.00999863,0.011109,0.00738165,0.00975693,0.00561937,0.00759011,0.00477692,0.00533308,0.0035642,0.00450463,0.00285726,0.00433487,0.00241595,0.0034155,0.00197367,0.00275234,0.00157098,0.00183618,0.00122894,0.00164397,0.00119084,0.00154698,0.000961762,0.00128621,0.000715553,0.000959547,0.000606799,0.000893523,0.000473182,0.000626187,0.00041816,0.000571044,0.00033719,0.000403483,0.000269598,0.000334769,0.000221122,0.000266747,0.000177508,0.000244797,0.000146597,0.000202022,0.000122495,0.000173731,9.21609e-05,0.000120247,8.43204e-05,9.87142e-05,5.82149e-05,0.00010151,5.63833e-05,7.28472e-05,4.18775e-05,
32400,0.472526,0.507199,0.505045,0.504756,0.541699,0.462402,0.481956,0.495363,0.50342,0.505671,0.504557,0.500737,0.552776,0.485288,0.533949,0.477444,0.520138,0.394247,0.417533,0.426165,0.413561,0.335576,0.435091,0.295186,0.394351,0.195612,0.263381,0.169486,0.232701,0.0888334,0.161412,0.0624912,0.104546,0.0453572,0.072862,0.0279667,0.0570574,0.021838,0.0380944,0.0235851,0.0299477,0.014001,0.0214472,0.0148742,0.0166317,0.0108434,0.015734,0.00999863,0.011109,0.00694478,0.00975693,0.00508701,0.00759011,0.00514221,0.00533308,0.0035642,0.004865,0.0030287,0.00433487,0.00241595,0.0034155,0.00197367,0.00275234,0.00157098,0.00183618,0.00122894,0.00184314,0.00119084,0.00145858,0.000961762,0.00119292,0.000715553,0.000959547,0.000606799,0.000844785,0.000504727,0.000586163,0.00041816,0.000601344,0.00033719,0.000403483,0.000269598,0.000353898,0.000221122,0.000266747,0.000177508,0.000244797,0.000146597,0.000202022,0.000122495,0.000162041,9.21609e-05,0.000120247,8.43204e-05,9.87142e-05,6.17078e-05,9.37763e-05,5.63833e-05,7.28472e-05,4.42588e-05,
32600,0.472526,0.478639,0.476185,0.504756,0.541699,0.505811,0.481956,0.495363,0.50342,0.505671,0.474284,0.460678,0.552776,0.516039,0.533949,0.477444,0.520138,0.42053,0.391838,0.426165,0.439806,0.335576,0.435091,0.295186,0.394351,0.212488,0.292353,0.169486,0.232701,0.0966064,0.177064,0.0624912,0.104546,0.0453572,0.068956,0.0301932,0.0570574,0.021838,0.0380944,0.0235851,0.0314451,0.0159612,0.0214472,0.0148742,0.0182949,0.0118193,0.015734,0.00999863,0.011109,0.00694478,0.00975693,0.00508701,0.0068311,0.0055012,0.00583276,0.0035642,0.004865,0.0030287,0.00433487,0.00241595,0.0034155,0.00212459,0.00275234,0.0017459,0.00195859,0.00132007,0.00168921,0.00110999,0.00145858,0.000910112,0.00119292,0.000753521,0.000959547,0.000606799,0.000788466,0.000504727,0.000586163,0.00041816,0.000601344,0.00033719,0.000403483,0.000269598,0.000379828,0.000221122,0.000280084,0.000200585,0.000244797,0.000146597,0.000202022,0.000130245,0.000153678,9.71565e-05,0.000120247,7.8699e-05,9.87142e-05,6.17078e-05,9.37763e-05,5.96343e-05,6.72969e-05,4.42588e-05,
32800,0.508801,0.478639,0.476185,0.504756,0.541699,0.45523,0.481956,0.469193,0.465791,0.505671,0.42441,0.460678,0.552776,0.516039,0.533949,0.477444,0.520138,0.451427,0.425877,0.426165,0.439806,0.335576,0.374179,0.295186,0.371347,0.230059,0.292353,0.169486,0.220226,0.103359,0.161241,0.0624912,0.104546,0.0453572,0.068956,0.0301932,0.0504314,0.0246545,0.0380944,0.0217777,0.029111,0.0159612,0.0199485,0.0148742,0.0182949,0.0118193,0.015734,0.00999863,0.0116984,0.00740776,0.00878124,0.00508701,0.0068311,0.00486235,0.00583276,0.00378969,0.004865,0.0030287,0.00456104,0.00241595,0.0034155,0.00201428,0.00275234,0.0017459,0.00195859,0.00132007,0.00185987,0.00110999,0.00145858,0.000805027,0.00119292,0.000753521,0.000959547,0.000606799,0.000788466,0.000504727,0.00068536,0.00041816,0.000601344,0.00033719,0.000383127,0.000269598,0.000379828,0.000221122,0.000280084,0.000200585,0.000244797,0.000146597,0.000202022,0.000130245,0.000153678,9.71565e-05,0.000120247,8.2805e-05,9.3241e-05,6.17078e-05,9.37763e-05,5.96343e-05,6.72969e-05,4.20025e-05,
33000,0.508801,0.450718,0.476185,0.472493,0.490643,0.45523,0.481956,0.469193,0.499829,0.505671,0.473509,0.460678,0.552776,0.485356,0.533949,0.477444,0.520138,0.451427,0.425877,0.449993,0.462954,0.313204,0.399124,0.295186,0.407156,0.230059,0.277264,0.169486,0.194573,0.110566,0.161241,0.0664447,0.104546,0.0427515,0.0645231,0.0301932,0.0504314,0.0246545,0.0380944,0.0217777,0.0267597,0.0171915,0.0199485,0.0148742,0.0182949,0.0110638,0.0148616,0.00999863,0.0116984,0.00740776,0.00778227,0.00550068,0.00642681,0.00486235,0.0063664,0.00378969,0.004865,0.0030287,0.00456104,0.00262303,0.00312788,0.00201428,0.00254828,0.0017459,0.00206001,0.00132007,0.00185987,0.00110999,0.00161302,0.00088903,0.0011117,0.000806126,0.000959547,0.000606799,0.000788466,0.000504727,0.00068536,0.00041816,0.000601344,0.00033719,0.000383127,0.000269598,0.000379828,0.000221122,0.000305737,0.000200585,0.000244797,0.00015637,0.000202022,0.000120963,0.000153678,9.71565e-05,0.000132155,8.2805e-05,0.000101994,6.64267e-05,9.37763e-05,5.64838e-05,6.72969e-05,4.53464e-05,
33200,0.508801,0.486776,0.476185,0.519284,0.490643,0.497252,0.481956,0.469193,0.499829,0.532503,0.473509,0.460678,0.552776,0.534391,0.533949,0.507827,0.520138,0.451427,0.425877,0.449993,0.462954,0.351855,0.431394,0.295186,0.378185,0.214243,0.254009,0.154913,0.194573,0.0983333,0.142769,0.0664447,0.0946657,0.0427515,0.0645231,0.0301932,0.0504314,0.0246545,0.0380944,0.0200839,0.0287442,0.0158596,0.0199485,0.0148742,0.0182949,0.0117254,0.0158991,0.0092115,0.0116984,0.00740776,0.00817873,0.00518468,0.00642681,0.00516889,0.0063664,0.00378969,0.00518933,0.0030287,0.00456104,0.00262303,0.00337004,0.00201428,0.00254828,0.0017459,0.00226602,0.00132007,0.00174682,0.00110999,0.0014597,0.00088903,0.0011117,0.000806126,0.000959547,0.000606799,0.000788466,0.000426769,0.00068536,0.00041816,0.00054121,0.000286267,0.000402469,0.000269598,0.000379828,0.000221122,0.000305737,0.000200585,0.000228325,0.00015637,0.000202022,0.000120963,0.000153678,9.71565e-05,0.000146148,8.2805e-05,0.000101994,6.99513e-05,9.37763e-05,5.64838e-05,6.72969e-05,4.21454e-05,
33400,0.53725,0.513162,0.513051,0.519284,0.453968,0.497252,0.481956,0.507582,0.499829,0.50144,0.510009,0.516491,0.50047,0.534391,0.533949,0.507827,0.485462,0.451427,0.425877,0.413648,0.407581,0.351855,0.431394,0.295186,0.378185,0.228525,0.254009,0.154913,0.219529,0.0983333,0.153609,0.0664447,0.104519,0.0427515,0.0645231,0.0336439,0.0504314,0.0246545,0.0380944,0.0200839,0.02681,0.0179401,0.0199485,0.0148742,0.0182949,0.0117254,0.0158991,0.0092115,0.0116984,0.00740776,0.00864136,0.00518468,0.00642681,0.0046023,0.0063664,0.00378969,0.00518933,0.0030287,0.00456104,0.00262303,0.00337004,0.00201428,0.00254828,0.00165366,0.00203941,0.00144193,0.00161625,0.00110999,0.0014597,0.00088903,0.0011117,0.000754303,0.00106007,0.000606799,0.000846235,0.000481085,0.00068536,0.000391549,0.000610091,0.000286267,0.000444872,0.000269598,0.000379828,0.000221122,0.000305737,0.000200585,0.000228325,0.00015637,0.000202022,0.000120963,0.000153678,9.71565e-05,0.000146148,8.2805e-05,0.000101994,6.50976e-05,9.37763e-05,5.64838e-05,6.72969e-05,4.66348e-05,
33600,0.53725,0.513162,0.513051,0.489933,0.453968,0.538858,0.481956,0.507582,0.499829,0.50144,0.484008,0.516491,0.50047,0.534391,0.499624,0.480127,0.485462,0.476819,0.398345,0.413648,0.407581,0.37316,0.373379,0.279724,0.378185,0.244598,0.238378,0.154913,0.204757,0.0983333,0.153609,0.0664447,0.104519,0.0427515,0.0645231,0.0353261,0.0446538,0.0263828,0.0356702,0.0200839,0.02681,0.0179401,0.0199485,0.0148742,0.0182949,0.0117254,0.0158991,0.0092115,0.0106926,0.00686612,0.00864136,0.00572431,0.0070561,0.0046023,0.00671365,0.00378969,0.00555369,0.00286869,0.00430765,0.00262303,0.00337004,0.00201428,0.0026781,0.00165366,0.00218217,0.00154286,0.00153086,0.00110999,0.0014597,0.000778959,0.0011117,0.000754303,0.00106007,0.000606799,0.000846235,0.000453995,0.00068536,0.000424114,0.000610091,0.000305352,0.000444872,0.00029472,0.000379828,0.000221122,0.000305737,0.000200585,0.000228325,0.000147714,0.000202022,0.000120963,0.000153678,0.000103948,0.000146148,8.71253e-05,0.000101994,6.50976e-05,9.37763e-05,5.64838e-05,6.72969e-05,4.32525e-05,
33800,0.53725,0.513162,0.484605,0.532493,0.453968,0.538858,0.481956,0.507582,0.45439,0.473582,0.529446,0.516491,0.50047,0.492322,0.466316,0.480127,0.449691,0.476819,0.398345,0.413648,0.407581,0.37316,0.417604,0.279724,0.349917,0.226192,0.238378,0.163066,0.204757,0.103464,0.153609,0.0664447,0.0945742,0.0427515,0.0699566,0.0334365,0.0446538,0.0263828,0.0356702,0.0200839,0.0304787,0.0179401,0.0199485,0.0148742,0.0182949,0.0117254,0.0158991,0.0092115,0.0106926,0.00686612,0.00928007,0.00615893,0.0070561,0.00496701,0.00671365,0.00378969,0.00555369,0.00253236,0.00430765,0.00230244,0.00337004,0.00201428,0.00284753,0.00165366,0.00200674,0.00154286,0.00153086,0.00110999,0.0014597,0.000778959,0.00121758,0.000682843,0.00106007,0.000606799,0.000846235,0.000453995,0.00068536,0.000424114,0.000610091,0.000305352,0.000486636,0.00029472,0.000379828,0.000221122,0.00027816,0.000200585,0.000205492,0.000147714,0.000216714,0.000112899,0.000145925,0.000103948,0.000155379,7.88276e-05,0.000101994,6.50976e-05,9.37763e-05,5.64838e-05,6.72969e-05,4.32525e-05,
34000,0.53725,0.579345,0.484605,0.46962,0.453968,0.461544,0.481956,0.507582,0.48156,0.473582,0.529446,0.516491,0.525493,0.452937,0.466316,0.480127,0.449691,0.476819,0.418638,0.413648,0.407581,0.395622,0.417604,0.279724,0.349917,0.226192,0.267513,0.163066,0.204757,0.103464,0.171413,0.0740384,0.0945742,0.0405015,0.0699566,0.0302584,0.0473239,0.0263828,0.0377953,0.0200839,0.0304787,0.0169299,0.0199485,0.0148742,0.0171122,0.0117254,0.0149717,0.00829035,0.0106926,0.00686612,0.00986811,0.00526309,0.0070561,0.00496701,0.00671365,0.00378969,0.00555369,0.00272016,0.00430765,0.00230244,0.00337004,0.00201428,0.00268658,0.00180984,0.00214666,0.00143096,0.0014319,0.00110999,0.00133727,0.000850303,0.00128607,0.000745875,0.00100225,0.000606799,0.000846235,0.000453995,0.000757503,0.000424114,0.000610091,0.000338192,0.000449559,0.00029472,0.000379828,0.000221122,0.000300107,0.000200585,0.000221932,0.000147714,0.000230291,0.000112899,0.000130474,0.000103948,0.000155379,7.13351e-05,0.000101994,6.50976e-05,9.37763e-05,5.64838e-05,6.72969e-05,4.32525e-05,
34200,0.505015,0.579345,0.484605,0.46962,0.453968,0.461544,0.481956,0.46519,0.508943,0.445554,0.58579,0.564167,0.525493,0.452937,0.524367,0.432115,0.449691,0.451258,0.418638,0.413648,0.407581,0.395622,0.417604,0.294786,0.349917,0.213198,0.267513,0.148424,0.204757,0.0931174,0.171413,0.0596934,0.100879,0.0405015,0.0742149,0.0302584,0.0473239,0.0263828,0.0397845,0.0200839,0.0304787,0.0152369,0.0199485,0.0127539,0.0171122,0.0117254,0.0149717,0.00829035,0.0106926,0.00763059,0.00986811,0.00526309,0.0070561,0.00451998,0.00671365,0.00378969,0.00555369,0.00272016,0.00430765,0.00230244,0.00362981,0.00201428,0.00289657,0.00158881,0.00214666,0.00143096,0.00152736,0.00119111,0.00143075,0.000901146,0.00115109,0.000788066,0.00106518,0.000606799,0.000846235,0.000453995,0.000757503,0.000424114,0.000610091,0.000338192,0.000449559,0.00029472,0.000352204,0.000221122,0.000300107,0.000200585,0.000221932,0.000147714,0.000230291,0.000121471,0.000139985,9.63475e-05,0.000155379,7.13351e-05,0.000101994,6.50976e-05,8.73033e-05,5.64838e-05,6.72969e-05,4.32525e-05,
34400,0.505015,0.513438,0.512017,0.46962,0.453968,0.500411,0.481956,0.46519,0.508943,0.480862,0.58579,0.483433,0.525493,0.496021,0.524367,0.455382,0.449691,0.451258,0.418638,0.413648,0.407581,0.395622,0.417604,0.294786,0.349917,0.213198,0.267513,0.148424,0.204757,0.0931174,0.160587,0.0596934,0.109035,0.0425647,0.0742149,0.0302584,0.0503314,0.0247375,0.0397845,0.0217542,0.0304787,0.0152369,0.0199485,0.0127539,0.0171122,0.0117254,0.0149717,0.0094698,0.0106926,0.00763059,0.00986811,0.00499756,0.00778497,0.00451998,0.007067,0.00339268,0.00555369,0.00272016,0.00430765,0.00242554,0.00405512,0.00201428,0.00267722,0.00158881,0.00214666,0.00143096,0.00166312,0.00111531,0.00143075,0.000901146,0.00122403,0.000788066,0.00106518,0.000606799,0.000752609,0.000481406,0.000757503,0.000424114,0.000610091,0.000338192,0.000449559,0.00029472,0.000352204,0.000221122,0.000284807,0.000200585,0.000221932,0.000147714,0.00020509,0.0001132,0.00015906,9.63475e-05,0.00014474,6.38008e-05,0.000101994,6.50976e-05,8.73033e-05,5.64838e-05,6.72969e-05,3.93598e-05,
34600,0.505015,0.481842,0.512017,0.507589,0.453968,0.500411,0.528056,0.46519,0.508943,0.480862,0.58579,0.483433,0.552264,0.496021,0.524367,0.502607,0.449691,0.451258,0.445313,0.413648,0.444263,0.395622,0.417604,0.294786,0.372264,0.230043,0.267513,0.148424,0.217083,0.0931174,0.160587,0.0596934,0.109035,0.0425647,0.0691126,0.0302584,0.0503314,0.0247375,0.0397845,0.020032,0.0282682,0.0152369,0.0214929,0.0127539,0.0171122,0.0106701,0.0149717,0.00866926,0.0119307,0.00697654,0.0104639,0.00572062,0.00688852,0.00485115,0.007067,0.00366549,0.00511649,0.00272016,0.00430765,0.00254681,0.00405512,0.00201428,0.00267722,0.00158881,0.00214666,0.00143096,0.00154388,0.00103937,0.00135781,0.000901146,0.00122403,0.000788066,0.000984024,0.000606799,0.000752609,0.000505931,0.000757503,0.000424114,0.000575229,0.000338192,0.000449559,0.00029472,0.000352204,0.000221122,0.000263447,0.000183869,0.000221932,0.000147714,0.00020509,0.0001132,0.00015906,9.63475e-05,0.000130266,6.93834e-05,0.000101994,7.01155e-05,8.73033e-05,5.64838e-05,6.72969e-05,3.93598e-05,
34800,0.505015,0.513964,0.512017,0.507589,0.453968,0.500411,0.528056,0.515586,0.508943,0.50791,0.533868,0.483433,0.552264,0.496021,0.48333,0.502607,0.449691,0.451258,0.445313,0.413648,0.467837,0.395622,0.417604,0.294786,0.372264,0.24538,0.267513,0.138318,0.217083,0.0931174,0.160587,0.0658401,0.109035,0.0425647,0.0628659,0.0275478,0.0465441,0.0271362,0.0351779,0.020032,0.0282682,0.0152369,0.0214929,0.0127539,0.0171122,0.0106701,0.0149717,0.00866926,0.0119307,0.00697654,0.00961876,0.00572062,0.00688852,0.00446305,0.007067,0.0039404,0.00511649,0.00272016,0.00430765,0.00269087,0.00405512,0.00201428,0.00267722,0.00158881,0.00228289,0.00127296,0.00154388,0.00103937,0.00135781,0.000819533,0.00122403,0.000788066,0.000984024,0.000606799,0.000752609,0.000505931,0.000757503,0.000395575,0.000575229,0.000307504,0.000449559,0.00029472,0.000352204,0.000221122,0.000248313,0.000183869,0.000221932,0.000147714,0.00020509,0.0001132,0.00015906,9.63475e-05,0.000130266,7.63218e-05,0.000101994,7.01155e-05,8.73033e-05,5.64838e-05,6.22667e-05,4.18539e-05,
35000,0.505015,0.513964,0.512017,0.546716,0.453968,0.500411,0.528056,0.515586,0.508943,0.50791,0.533868,0.483433,0.552264,0.470733,0.48333,0.462818,0.424369,0.451258,0.445313,0.413648,0.467837,0.395622,0.417604,0.294786,0.408236,0.24538,0.309667,0.138318,0.217083,0.0931174,0.139276,0.0658401,0.109035,0.0458601,0.0628659,0.0299964,0.0508023,0.0251906,0.0351779,0.020032,0.0282682,0.0152369,0.0214929,0.0127539,0.0191503,0.0106701,0.0149717,0.00866926,0.0119307,0.00697654,0.00874763,0.00539198,0.00688852,0.00446305,0.00652857,0.0039404,0.00460484,0.00272016,0.00469926,0.00269087,0.00354924,0.00201428,0.00282945,0.00158881,0.00228289,0.00127296,0.00163736,0.000952569,0.00148645,0.000819533,0.00113254,0.00068195,0.000984024,0.00054323,0.000752609,0.000480138,0.000717484,0.000395575,0.000575229,0.000326989,0.000487416,0.00029472,0.000352204,0.000209944,0.000269517,0.000183869,0.000236016,0.000137558,0.000186591,0.0001132,0.00015906,9.63475e-05,0.000147165,7.63218e-05,0.000101994,7.40595e-05,8.73033e-05,5.64838e-05,6.22667e-05,4.80304e-05,
35200,0.472014,0.513964,0.551485,0.546716,0.453968,0.500411,0.528056,0.515586,0.508943,0.50791,0.533868,0.483433,0.523589,0.470733,0.48333,0.497026,0.447219,0.451258,0.445313,0.413648,0.431686,0.370189,0.445444,0.294786,0.385968,0.24538,0.285151,0.138318,0.204504,0.0863088,0.139276,0.0613136,0.101339,0.0458601,0.0680361,0.0319962,0.0508023,0.0273119,0.0351779,0.0218084,0.029891,0.0152369,0.0226142,0.0136041,0.0191503,0.0106701,0.0158782,0.00866926,0.0119307,0.00737118,0.00874763,0.00539198,0.00688852,0.00446305,0.00652857,0.00356755,0.00503713,0.00272016,0.00416345,0.00269087,0.00354924,0.00201428,0.00282945,0.00170492,0.00228289,0.00136265,0.00163736,0.000952569,0.00148645,0.000819533,0.00113254,0.000738666,0.000984024,0.000586477,0.000681228,0.000480138,0.000645735,0.000395575,0.000545539,0.000326989,0.000450739,0.000266736,0.000370408,0.00023718,0.000269517,0.000183869,0.000236016,0.000145687,0.000199586,0.000107026,0.00015906,9.63475e-05,0.000147165,7.63218e-05,0.000101994,7.40595e-05,9.36674e-05,5.64838e-05,6.22667e-05,4.27373e-05,
35400,0.472014,0.513964,0.551485,0.546716,0.485793,0.500411,0.528056,0.515586,0.508943,0.50791,0.533868,0.483433,0.523589,0.470733,0.48333,0.497026,0.447219,0.451258,0.445313,0.413648,0.431686,0.370189,0.445444,0.294786,0.347372,0.24538,0.285151,0.157785,0.204504,0.0969946,0.139276,0.0613136,0.101339,0.0495679,0.0680361,0.0319962,0.0508023,0.0273119,0.0351779,0.0218084,0.0260807,0.0167186,0.0202409,0.0136041,0.0163319,0.0106701,0.014205,0.00866926,0.0119307,0.00693289,0.00874763,0.00579325,0.00688852,0.00446305,0.00652857,0.00356755,0.00503713,0.00298953,0.00380048,0.00253526,0.00313827,0.00201428,0.00261943,0.00170492,0.00228289,0.00136265,0.00163736,0.000952569,0.00148645,0.000819533,0.00113254,0.000686525,0.000984024,0.000586477,0.000681228,0.000480138,0.000645735,0.000395575,0.000508396,0.000346732,0.000496332,0.000266736,0.000370408,0.00023718,0.000284677,0.000183869,0.000236016,0.000145687,0.000199586,0.000107026,0.000168717,9.63475e-05,0.0001561,7.63218e-05,0.000101994,6.84867e-05,8.53188e-05,5.64838e-05,6.22667e-05,4.27373e-05,
35600,0.514495,0.513964,0.51357,0.518329,0.510318,0.500411,0.492104,0.515586,0.508943,0.50791,0.533868,0.483433,0.523589,0.470733,0.48333,0.497026,0.475301,0.451258,0.445313,0.413648,0.431686,0.390888,0.477996,0.294786,0.347372,0.230657,0.265737,0.157785,0.217482,0.0969946,0.139276,0.0613136,0.09519,0.0426016,0.0754583,0.0302186,0.0508023,0.0243231,0.0375231,0.0201101,0.0260807,0.0158387,0.0202409,0.0136041,0.0163319,0.00986207,0.014205,0.00794845,0.0119307,0.00693289,0.00874763,0.00579325,0.00688852,0.00446305,0.00688467,0.00356755,0.00503713,0.00298953,0.00380048,0.00253526,0.00313827,0.00201428,0.00247901,0.00192341,0.00228289,0.00143078,0.00163736,0.00100953,0.00148645,0.000884477,0.00131845,0.000734728,0.000984024,0.000586477,0.000681228,0.000530679,0.000688784,0.000416214,0.000534921,0.000346732,0.000446698,0.000266736,0.000342913,0.000219219,0.000284677,0.000183869,0.000236016,0.00013774,0.000199586,0.000115546,0.000168717,9.09222e-05,0.00013743,7.63218e-05,0.000101994,6.84867e-05,8.53188e-05,5.64838e-05,6.83047e-05,3.86751e-05,
35800,0.480195,0.513964,0.51357,0.484821,0.510318,0.500411,0.537903,0.515586,0.508943,0.474379,0.495311,0.483433,0.523589,0.499069,0.527178,0.469038,0.503616,0.418904,0.467998,0.381084,0.431686,0.390888,0.418815,0.294786,0.347372,0.230657,0.265737,0.157785,0.205424,0.0969946,0.139276,0.0613136,0.09519,0.0451738,0.0692134,0.0302186,0.0508023,0.0243231,0.0375231,0.0201101,0.0260807,0.016789,0.0202409,0.0136041,0.0176863,0.00986207,0.014205,0.00794845,0.0119307,0.00693289,0.00874763,0.00613838,0.00688852,0.00446305,0.00688467,0.00356755,0.00503713,0.00298953,0.00380048,0.00253526,0.00333771,0.00221354,0.00261924,0.00192341,0.00228289,0.00143078,0.00163736,0.00108703,0.00148645,0.000884477,0.00131845,0.000734728,0.000917809,0.000586477,0.000681228,0.000530679,0.000688784,0.000374593,0.000534921,0.000346732,0.000446698,0.000252411,0.000361378,0.000219219,0.000284677,0.000183869,0.000218625,0.00013774,0.000199586,0.000126648,0.000168717,9.09222e-05,0.00013743,7.63218e-05,0.000101994,6.46894e-05,8.53188e-05,5.64838e-05,6.83047e-05,4.27498e-05,
36000,0.480195,0.513964,0.51357,0.484821,0.475234,0.541791,0.537903,0.515586,0.508943,0.474379,0.530034,0.483433,0.491368,0.542737,0.527178,0.469038,0.46572,0.442599,0.467998,0.381084,0.485132,0.362086,0.418815,0.294786,0.347372,0.21528,0.265737,0.157785,0.182376,0.0969946,0.139276,0.0613136,0.09519,0.0451738,0.0692134,0.0302186,0.0508023,0.0257775,0.0403155,0.0201101,0.0260807,0.016789,0.0202409,0.0136041,0.0176863,0.00986207,0.0131943,0.00748479,0.0119307,0.00630893,0.008159,0.00613838,0.00688852,0.00484324,0.00616462,0.00381845,0.00503713,0.00298953,0.00380048,0.00253526,0.00359731,0.0020928,0.00261924,0.00192341,0.00228289,0.00156168,0.00163736,0.00108703,0.00148645,0.000940607,0.00124999,0.000734728,0.000976215,0.000586477,0.000738594,0.000530679,0.000688784,0.000428945,0.000534921,0.000346732,0.000446698,0.00023647,0.000361378,0.000219219,0.000299049,0.000183869,0.000240276,0.00013774,0.000199586,0.000126648,0.000168717,0.000101983,0.00013743,7.63218e-05,0.000101994,6.46894e-05,9.10067e-05,5.21551e-05,6.83047e-05,4.27498e-05,
36200,0.480195,0.513964,0.470869,0.547716,0.475234,0.541791,0.537903,0.464027,0.537883,0.528593,0.530034,0.483433,0.491368,0.542737,0.527178,0.469038,0.491224,0.442599,0.467998,0.381084,0.447166,0.362086,0.382805,0.314439,0.347372,0.21528,0.265737,0.157785,0.191584,0.0969946,0.147659,0.0649797,0.09519,0.0451738,0.0692134,0.0324388,0.0482124,0.0234627,0.0403155,0.0201101,0.0260807,0.016789,0.0232297,0.0136041,0.0176863,0.00986207,0.0131943,0.00748479,0.0119307,0.00630893,0.00885074,0.00613838,0.00723709,0.00442101,0.00616462,0.00343661,0.00503713,0.00298953,0.00380048,0.00253526,0.00359731,0.0020928,0.00261924,0.00192341,0.00214052,0.00156168,0.00163736,0.00108703,0.00148645,0.000940607,0.00124999,0.000678422,0.000976215,0.000586477,0.000738594,0.000530679,0.000688784,0.000428945,0.000534921,0.000346732,0.000419896,0.00023647,0.000361378,0.000219219,0.000299049,0.000183869,0.000240276,0.000149405,0.000210257,0.000126648,0.000168717,0.000101983,0.00013743,7.63218e-05,0.000101994,6.46894e-05,9.10067e-05,5.21551e-05,7.64757e-05,4.27498e-05,
36400,0.480195,0.513964,0.470869,0.578861,0.447108,0.541791,0.450494,0.497937,0.498764,0.528593,0.530034,0.483433,0.491368,0.511289,0.527178,0.469038,0.491224,0.442599,0.49184,0.403787,0.492343,0.383881,0.382805,0.314439,0.347372,0.21528,0.265737,0.157785,0.20691,0.0969946,0.139743,0.060059,0.0889057,0.0451738,0.072886,0.0324388,0.0482124,0.0234627,0.0403155,0.0201101,0.0260807,0.0155817,0.0232297,0.0136041,0.0176863,0.0103854,0.0131943,0.00837771,0.0110804,0.00630893,0.00930909,0.00613838,0.0079762,0.00464623,0.00616462,0.00385296,0.00503713,0.00298953,0.00380048,0.00253526,0.00359731,0.00198265,0.00280186,0.00192341,0.0022541,0.00156168,0.00163736,0.00115528,0.00148645,0.000940607,0.00118286,0.000678422,0.000976215,0.000586477,0.000738594,0.000530679,0.000688784,0.000428945,0.000534921,0.000329239,0.000449333,0.00023647,0.000361378,0.000219219,0.000299049,0.000183869,0.000240276,0.000149405,0.000226611,0.000126648,0.000156106,9.32991e-05,0.000147131,7.63218e-05,0.000101994,6.87886e-05,8.58063e-05,5.21551e-05,6.88281e-05,4.55998e-05,
36600,0.509188,0.513964,0.470869,0.61102,0.447108,0.476555,0.450494,0.526522,0.498764,0.528593,0.530034,0.483433,0.491368,0.511289,0.527178,0.469038,0.491224,0.487368,0.45483,0.403787,0.445595,0.383881,0.404781,0.314439,0.347372,0.21528,0.265737,0.147386,0.20691,0.0905283,0.139743,0.060059,0.0889057,0.0428282,0.072886,0.0324388,0.0482124,0.0234627,0.0403155,0.0212001,0.0260807,0.0155817,0.024708,0.0136041,0.0163931,0.0103854,0.0131943,0.00837771,0.011855,0.00630893,0.00930909,0.00613838,0.00749763,0.004925,0.00616462,0.00364941,0.00471658,0.00275701,0.00380048,0.00253526,0.00359731,0.00216109,0.00280186,0.00167097,0.0023668,0.00145236,0.00163736,0.00115528,0.00148645,0.000940607,0.00118286,0.000718987,0.000859452,0.000617597,0.000812453,0.000530679,0.000688784,0.000428945,0.000534921,0.000311911,0.000449333,0.00023647,0.000335468,0.000219219,0.000299049,0.000166411,0.000240276,0.000149405,0.000226611,0.000139049,0.000156106,9.32991e-05,0.000147131,8.11421e-05,0.000101994,6.87886e-05,8.58063e-05,5.21551e-05,6.88281e-05,4.55998e-05,
36800,0.509188,0.513964,0.496044,0.577691,0.396808,0.504354,0.450494,0.526522,0.498764,0.498828,0.488308,0.517182,0.454895,0.482498,0.462797,0.469038,0.458476,0.487368,0.483605,0.426747,0.445595,0.383881,0.372087,0.314439,0.315974,0.231874,0.265737,0.160189,0.20691,0.0905283,0.130022,0.0565261,0.0889057,0.0428282,0.0648966,0.0324388,0.050623,0.0251051,0.0367039,0.0212001,0.0260807,0.0169012,0.024708,0.0136041,0.0163931,0.0103854,0.0131943,0.00837771,0.011855,0.00630893,0.0107054,0.00514089,0.00814448,0.004925,0.00616462,0.00364941,0.00444999,0.00294081,0.00380048,0.00253526,0.00359731,0.00231216,0.00280186,0.00167097,0.0023668,0.00145236,0.00177771,0.00115528,0.001564,0.000820418,0.00118286,0.000718987,0.000941661,0.000617597,0.000812453,0.000572927,0.000688784,0.000428945,0.000534921,0.000311911,0.000449333,0.00023647,0.000362444,0.000219219,0.000317902,0.000175964,0.000240276,0.000157759,0.000198936,0.000139049,0.000165982,9.32991e-05,0.000147131,9.38082e-05,0.000101994,7.6072e-05,9.22418e-05,5.21551e-05,7.29578e-05,4.24078e-05,
37000,0.552309,0.540529,0.496044,0.542577,0.438823,0.536262,0.487961,0.577579,0.498764,0.498828,0.519148,0.517182,0.503818,0.482498,0.462797,0.469038,0.458476,0.454573,0.483605,0.426747,0.445595,0.383881,0.400157,0.345151,0.315974,0.246567,0.265737,0.160189,0.20691,0.0905283,0.130022,0.0618812,0.0816615,0.0394764,0.0716002,0.0324388,0.050623,0.0251051,0.0367039,0.0212001,0.0260807,0.0160396,0.024708,0.0136041,0.0178172,0.0110434,0.0131943,0.00837771,0.011855,0.00630893,0.00994977,0.00514089,0.00753163,0.004925,0.00616462,0.00364941,0.00420326,0.00313687,0.00407753,0.00237715,0.00359731,0.00218196,0.00280186,0.00167097,0.00218648,0.00134534,0.00177771,0.00115528,0.001564,0.000866826,0.00106458,0.000681655,0.000941661,0.000669958,0.000812453,0.000572927,0.000688784,0.000396668,0.000534921,0.000328184,0.000449333,0.00023647,0.000362444,0.000219219,0.000317902,0.000175964,0.000253382,0.000171782,0.000198936,0.000128882,0.000165982,9.32991e-05,0.000147131,9.38082e-05,0.000101994,7.6072e-05,9.22418e-05,4.93592e-05,7.29578e-05,4.24078e-05,
37200,0.552309,0.540529,0.529114,0.576958,0.438823,0.536262,0.487961,0.577579,0.498764,0.466231,0.519148,0.517182,0.503818,0.482498,0.462797,0.469038,0.458476,0.493791,0.510808,0.426747,0.445595,0.383881,0.430299,0.345151,0.315974,0.246567,0.265737,0.160189,0.193116,0.0847674,0.130022,0.0544554,0.0904439,0.0394764,0.0716002,0.0351705,0.050623,0.0251051,0.0367039,0.0227671,0.0292683,0.0160396,0.0221071,0.0136041,0.0178172,0.0110434,0.0154373,0.00837771,0.011855,0.00630893,0.00917109,0.00543602,0.00810982,0.00455441,0.00575365,0.00391832,0.00465706,0.00313687,0.00407753,0.00237715,0.00359731,0.00218196,0.00265139,0.00167097,0.00239361,0.00134534,0.00177771,0.00115528,0.00147415,0.000866826,0.00116284,0.000681655,0.000941661,0.000712113,0.000812453,0.000518782,0.000688784,0.000396668,0.000498146,0.000328184,0.000449333,0.000253894,0.000328068,0.000219219,0.000317902,0.000175964,0.000253382,0.000171782,0.000198936,0.000128882,0.000165982,9.32991e-05,0.000138973,9.38082e-05,0.000112411,7.20531e-05,8.62787e-05,5.24869e-05,7.29578e-05,4.24078e-05,
37400,0.510483,0.589567,0.481831,0.576958,0.476205,0.500123,0.487961,0.577579,0.525431,0.466231,0.47465,0.462742,0.503818,0.482498,0.462797,0.408604,0.500422,0.493791,0.462473,0.426747,0.445595,0.383881,0.461912,0.374929,0.315974,0.246567,0.265737,0.160189,0.213564,0.0797506,0.139965,0.0544554,0.101559,0.0421082,0.0716002,0.0351705,0.050623,0.0280864,0.0367039,0.0227671,0.0292683,0.0160396,0.0221071,0.0136041,0.0178172,0.0103376,0.0139784,0.00837771,0.0110803,0.00685698,0.00917109,0.00601507,0.00714582,0.00455441,0.00575365,0.00391832,0.00465706,0.00313687,0.00407753,0.00237715,0.00359731,0.00239604,0.00265139,0.00180685,0.00223559,0.00134534,0.00177771,0.0012213,0.00147415,0.000866826,0.00116284,0.000681655,0.000941661,0.000630918,0.000812453,0.000518782,0.000688784,0.00041817,0.000536239,0.000328184,0.000449333,0.000226015,0.000328068,0.000239107,0.000317902,0.000175964,0.000253382,0.000171782,0.000198936,0.000128882,0.000174919,9.32991e-05,0.000128936,9.38082e-05,0.000112411,7.20531e-05,8.62787e-05,5.24869e-05,7.29578e-05,4.24078e-05,
37600,0.459435,0.54795,0.481831,0.576958,0.476205,0.545928,0.487961,0.499402,0.525431,0.49077,0.514365,0.462742,0.503818,0.482498,0.462797,0.408604,0.500422,0.453729,0.462473,0.459786,0.445595,0.404406,0.461912,0.374929,0.337039,0.246567,0.265737,0.160189,0.213564,0.0864236,0.120256,0.0575519,0.101559,0.047539,0.0716002,0.0351705,0.050623,0.0252777,0.0367039,0.0227671,0.0292683,0.0168494,0.0205732,0.0136041,0.0178172,0.0103376,0.0139784,0.00784458,0.011819,0.00685698,0.00917109,0.00555678,0.00714582,0.00455441,0.00575365,0.00391832,0.00465706,0.00313687,0.00407753,0.00237715,0.00359731,0.00239604,0.00265139,0.00180685,0.00223559,0.00134534,0.00177771,0.00112178,0.00147415,0.000866826,0.00116284,0.000634791,0.000941661,0.000687272,0.000812453,0.000518782,0.000725873,0.000393777,0.000577754,0.000328184,0.000449333,0.000246562,0.000328068,0.000267903,0.000298614,0.000175964,0.000253382,0.000181113,0.000198936,0.000115329,0.000174919,9.32991e-05,0.000128936,9.38082e-05,0.000102944,7.20531e-05,8.62787e-05,5.24869e-05,7.29578e-05,4.49605e-05,
37800,0.483406,0.58448,0.534395,0.506441,0.507952,0.545928,0.539081,0.541457,0.525431,0.49077,0.514365,0.462742,0.503818,0.552192,0.462797,0.430892,0.538417,0.502061,0.494759,0.433373,0.445595,0.404406,0.433487,0.374929,0.337039,0.246567,0.287592,0.160189,0.241745,0.0974992,0.120256,0.0613887,0.0947146,0.0502681,0.0716002,0.0351705,0.0471104,0.0267151,0.0367039,0.0227671,0.0292683,0.0168494,0.0193226,0.0136041,0.0194999,0.0108769,0.0139784,0.00874111,0.011819,0.00627732,0.00966143,0.00555678,0.00714582,0.0049401,0.00575365,0.00391832,0.00465706,0.00313687,0.00407753,0.00237715,0.00359731,0.00239604,0.00265139,0.00180685,0.00223559,0.00134534,0.00177771,0.00112178,0.00147415,0.000866826,0.00116284,0.000677111,0.000941661,0.000687272,0.000874582,0.000518782,0.000725873,0.000393777,0.000577754,0.000328184,0.00047638,0.000246562,0.000328068,0.000267903,0.000323206,0.000191265,0.000253382,0.000163002,0.000198936,0.000115329,0.00016301,0.000101573,0.000138796,9.38082e-05,0.000118386,7.20531e-05,8.62787e-05,5.24869e-05,7.29578e-05,4.49605e-05,
38000,0.483406,0.58448,0.534395,0.506441,0.507952,0.545928,0.539081,0.487311,0.525431,0.49077,0.514365,0.462742,0.537406,0.511504,0.462797,0.462303,0.538417,0.502061,0.494759,0.433373,0.445595,0.370092,0.401546,0.342792,0.337039,0.246567,0.270142,0.146335,0.241745,0.0974992,0.120256,0.0652787,0.0947146,0.0502681,0.0716002,0.0351705,0.0471104,0.0267151,0.0367039,0.0227671,0.0292683,0.0168494,0.020307,0.0136041,0.0194999,0.0108769,0.0151556,0.00824162,0.0135262,0.00667678,0.00966143,0.00555678,0.00714582,0.0049401,0.00575365,0.00391832,0.00465706,0.00313687,0.00407753,0.00237715,0.0033477,0.00239604,0.00281278,0.00180685,0.00223559,0.00127734,0.00177771,0.00106508,0.00147415,0.000866826,0.00105324,0.000677111,0.000941661,0.000649785,0.000935638,0.000518782,0.000725873,0.000393777,0.000529502,0.000328184,0.00047638,0.000246562,0.000328068,0.00025329,0.000323206,0.000166318,0.000253382,0.000153493,0.000198936,0.000115329,0.00014913,0.00010937,0.000138796,8.2473e-05,0.000118386,6.59621e-05,8.12794e-05,5.24869e-05,7.29578e-05,4.49605e-05,
38200,0.483406,0.541096,0.476007,0.506441,0.507952,0.545928,0.539081,0.487311,0.525431,0.517196,0.514365,0.462742,0.537406,0.511504,0.462797,0.462303,0.538417,0.502061,0.494759,0.433373,0.413014,0.370092,0.401546,0.342792,0.337039,0.246567,0.270142,0.146335,0.224681,0.0974992,0.130035,0.0652787,0.0947146,0.0502681,0.0716002,0.0351705,0.049917,0.0267151,0.0367039,0.0213495,0.0313091,0.0168494,0.020307,0.0136041,0.0182857,0.0101364,0.0151556,0.00824162,0.0135262,0.00667678,0.00896071,0.00523051,0.00714582,0.00446961,0.00575365,0.00391832,0.00465706,0.00313687,0.00407753,0.00237715,0.00297806,0.00220251,0.00281278,0.00180685,0.00223559,0.00127734,0.00188361,0.00106508,0.00139513,0.000866826,0.00110955,0.000677111,0.000885161,0.000688772,0.00085544,0.000546087,0.000667245,0.000420029,0.000529502,0.000328184,0.000448409,0.000246562,0.000359588,0.00025329,0.000303813,0.000166318,0.000253382,0.000153493,0.000215882,0.000115329,0.00014913,0.00010937,0.000124916,7.51031e-05,0.000118386,6.59621e-05,8.12794e-05,5.24869e-05,7.29578e-05,4.49605e-05,
38400,0.483406,0.541096,0.446321,0.506441,0.536977,0.545928,0.511598,0.518141,0.525431,0.517196,0.46891,0.462742,0.499471,0.511504,0.528317,0.462303,0.538417,0.476682,0.524343,0.433373,0.413014,0.395929,0.401546,0.342792,0.318061,0.246567,0.289935,0.15609,0.212426,0.102916,0.118258,0.0705565,0.0885664,0.0502681,0.0716002,0.0309207,0.0546917,0.0267151,0.0345628,0.020241,0.0295277,0.0168494,0.020307,0.0136041,0.0158235,0.00958348,0.0151556,0.00824162,0.0135262,0.00667678,0.00896071,0.00523051,0.00714582,0.00446961,0.00575365,0.00391832,0.00490783,0.00313687,0.00362344,0.00250025,0.00328802,0.00220251,0.00281278,0.00180685,0.00223559,0.00127734,0.00201547,0.00111833,0.00158604,0.000924614,0.00117634,0.000677111,0.00101136,0.000688772,0.00085544,0.000546087,0.000667245,0.000392875,0.000529502,0.000346191,0.000448409,0.000246562,0.000359588,0.000233238,0.000281871,0.000178611,0.000253382,0.000153493,0.000215882,0.000126545,0.00014913,0.00010937,0.000132019,7.51031e-05,0.000118386,6.20043e-05,8.12794e-05,5.24869e-05,7.29578e-05,4.86998e-05,
38600,0.445136,0.541096,0.502329,0.506441,0.581199,0.545928,0.511598,0.468944,0.525431,0.517196,0.495286,0.462742,0.499471,0.484035,0.528317,0.462303,0.538417,0.476682,0.483825,0.433373,0.413014,0.395929,0.422496,0.342792,0.318061,0.246567,0.274392,0.163971,0.212426,0.0971983,0.111226,0.0705565,0.0885664,0.0502681,0.0716002,0.0286256,0.0546917,0.0267151,0.0345628,0.0218775,0.0268535,0.0168494,0.0183832,0.0148997,0.0166491,0.00958348,0.0151556,0.00824162,0.0135262,0.00667678,0.00896071,0.00523051,0.00714582,0.00446961,0.00575365,0.00360985,0.00490783,0.00313687,0.00362344,0.00264975,0.00328802,0.00220251,0.00249802,0.00192211,0.00223559,0.00127734,0.00189713,0.0010618,0.00158604,0.000845885,0.00117634,0.000634951,0.00106288,0.00060524,0.00085544,0.000546087,0.000667245,0.000363123,0.000529502,0.000346191,0.000448409,0.000246562,0.000359588,0.000233238,0.000281871,0.000169036,0.000226859,0.000162076,0.000215882,0.000118456,0.00014913,0.00010937,0.000120539,7.51031e-05,0.000118386,6.6138e-05,8.9161e-05,5.24869e-05,7.29578e-05,4.86998e-05,
38800,0.445136,0.541096,0.502329,0.47099,0.496116,0.545928,0.511598,0.497171,0.525431,0.517196,0.495286,0.462742,0.499471,0.484035,0.528317,0.462303,0.538417,0.476682,0.483825,0.433373,0.413014,0.370923,0.422496,0.318401,0.35583,0.246567,0.290739,0.155308,0.212426,0.0971983,0.125073,0.0662678,0.0885664,0.045776,0.0716002,0.030894,0.0508967,0.0267151,0.0319621,0.0195793,0.0268535,0.0158522,0.0197838,0.0131745,0.0166491,0.0101256,0.0151556,0.00824162,0.0123062,0.00667678,0.00896071,0.00523051,0.00714582,0.00446961,0.00626039,0.00386373,0.00459882,0.00313687,0.00362344,0.00264975,0.00328802,0.00220251,0.00249802,0.00174992,0.00223559,0.00127734,0.00171719,0.000981393,0.00158604,0.000845885,0.00123653,0.000634951,0.00106288,0.000647493,0.00085544,0.000546087,0.000667245,0.000363123,0.000529502,0.000322688,0.000448409,0.000246562,0.000359588,0.000233238,0.000281871,0.000169036,0.000243575,0.000162076,0.000194294,0.000118456,0.00014913,0.00012054,0.000120539,7.51031e-05,0.000105387,6.6138e-05,8.32747e-05,4.85909e-05,7.29578e-05,4.86998e-05,
39000,0.445136,0.541096,0.502329,0.517108,0.47051,0.545928,0.511598,0.471653,0.525431,0.557832,0.495286,0.495286,0.499471,0.484035,0.561845,0.502754,0.538417,0.4267,0.513276,0.433373,0.413014,0.370923,0.378155,0.318401,0.380856,0.246567,0.290739,0.155308,0.225926,0.0971983,0.125073,0.0662678,0.0975058,0.0419368,0.0716002,0.030894,0.0570262,0.0267151,0.0319621,0.0195793,0.0268535,0.0158522,0.0197838,0.0131745,0.0166491,0.0101256,0.0151556,0.00824162,0.0116788,0.00703106,0.00896071,0.00523051,0.0075785,0.00473484,0.00682952,0.00386373,0.00459882,0.00313687,0.00392857,0.0024731,0.00328802,0.00220251,0.00283737,0.0016494,0.00223559,0.00110316,0.00171719,0.000981393,0.00158604,0.000845885,0.00123653,0.000634951,0.00106288,0.000647493,0.00085544,0.000546087,0.000667245,0.000400514,0.000499574,0.000322688,0.000448409,0.000246562,0.00033112,0.000205429,0.000281871,0.000169036,0.000243575,0.000162076,0.000182505,0.000118456,0.00014913,0.000109691,0.000131758,7.51031e-05,0.000105387,7.20904e-05,8.32747e-05,4.61138e-05,7.29578e-05,4.47317e-05,
39200,0.445136,0.541096,0.470222,0.517108,0.47051,0.509886,0.511598,0.471653,0.525431,0.557832,0.495286,0.522802,0.499471,0.484035,0.496972,0.502754,0.452033,0.385987,0.456711,0.433373,0.413014,0.370923,0.398517,0.318401,0.380856,0.246567,0.290739,0.155308,0.20985,0.0971983,0.108759,0.0662678,0.0975058,0.0419368,0.0716002,0.0287906,0.0570262,0.0267151,0.0354375,0.0195793,0.0268535,0.0150024,0.0211027,0.0131745,0.0166491,0.0109398,0.0142229,0.00824162,0.0116788,0.00703106,0.00896071,0.00549457,0.0075785,0.00473484,0.00682952,0.00386373,0.00459882,0.00287378,0.00421429,0.0024731,0.00345957,0.00192108,0.00305434,0.0016494,0.00223559,0.00127426,0.00171719,0.00104358,0.00149953,0.000845885,0.00123653,0.000634951,0.00106288,0.000597326,0.000769896,0.000546087,0.000720624,0.000436561,0.000499574,0.000299094,0.000448409,0.000263775,0.00033112,0.000184886,0.000258135,0.000169036,0.000243575,0.000149585,0.000182505,0.000129481,0.00014913,0.000109691,0.000124229,7.03597e-05,0.000114152,7.20904e-05,8.32747e-05,4.87488e-05,6.74679e-05,4.47317e-05,
39400,0.47784,0.513511,0.470222,0.517108,0.47051,0.543879,0.511598,0.471653,0.525431,0.519852,0.469723,0.551141,0.499471,0.484035,0.496972,0.452479,0.452033,0.432471,0.456711,0.433373,0.413014,0.346195,0.398517,0.318401,0.358639,0.246567,0.290739,0.155308,0.220541,0.0971983,0.120647,0.0662678,0.0975058,0.0448767,0.0786907,0.0287906,0.0570262,0.0280959,0.0389144,0.0195793,0.0268535,0.0162026,0.0211027,0.0131745,0.0166491,0.00984582,0.0142229,0.00824162,0.0109689,0.00654319,0.00896071,0.00549457,0.0075785,0.00473484,0.00682952,0.00386373,0.00459882,0.00287378,0.00394492,0.00233384,0.00327087,0.00192108,0.00305434,0.00141959,0.00223559,0.00127426,0.00171719,0.00110575,0.00149953,0.000904864,0.001163,0.000634951,0.00106288,0.000597326,0.000769896,0.000582493,0.000720624,0.000482785,0.00055157,0.000299094,0.000425549,0.000291229,0.00033112,0.000198752,0.000285773,0.000169036,0.000243575,0.000149585,0.000182505,0.000129481,0.00014913,0.000109691,0.000124229,7.40931e-05,0.000114152,7.20904e-05,8.97217e-05,5.18469e-05,6.74679e-05,4.47317e-05,
39600,0.47784,0.513511,0.470222,0.483317,0.47051,0.574094,0.511598,0.50133,0.487986,0.474768,0.445479,0.551141,0.473183,0.484035,0.496972,0.428179,0.482169,0.432471,0.456711,0.469867,0.413014,0.379765,0.375118,0.288311,0.322775,0.262166,0.290739,0.146982,0.220541,0.105236,0.127909,0.0662678,0.0975058,0.0448767,0.0830906,0.0306203,0.0513236,0.0280959,0.0433103,0.0195793,0.0282784,0.0171239,0.0211027,0.0139236,0.0180673,0.00984582,0.0142229,0.00824162,0.0109689,0.00654319,0.00967409,0.00549457,0.0075785,0.00473484,0.00726412,0.00386373,0.00459882,0.00287378,0.00394492,0.00249797,0.00327087,0.00192108,0.00305434,0.00150383,0.00223559,0.001363,0.00171719,0.00110575,0.00149953,0.000904864,0.00125391,0.000634951,0.00106288,0.000646452,0.000769896,0.000582493,0.000720624,0.000438895,0.000608366,0.000299094,0.000425549,0.000291229,0.00033112,0.000186827,0.000319394,0.000169036,0.000228586,0.000149585,0.000182505,0.000129481,0.00014913,0.000109691,0.000124229,7.40931e-05,0.000114152,6.59112e-05,8.97217e-05,5.18469e-05,6.74679e-05,4.21223e-05,
39800,0.503904,0.513511,0.470222,0.483317,0.446773,0.481207,0.511598,0.50133,0.53626,0.474768,0.445479,0.551141,0.473183,0.448369,0.496972,0.428179,0.482169,0.432471,0.456711,0.469867,0.413014,0.379765,0.375118,0.288311,0.341033,0.262166,0.290739,0.146982,0.235243,0.0962752,0.127909,0.0662678,0.0975058,0.0448767,0.0714388,0.0287776,0.0513236,0.0280959,0.0433103,0.0195793,0.0304581,0.0171239,0.0211027,0.0131114,0.016792,0.00984582,0.0142229,0.00824162,0.0109689,0.00654319,0.00967409,0.00549457,0.0075785,0.00473484,0.00653771,0.0040899,0.00459882,0.00287378,0.00394492,0.00249797,0.00327087,0.00192108,0.00276607,0.00150383,0.00223559,0.001363,0.00171719,0.00120452,0.00158284,0.000904864,0.00125391,0.000634951,0.00106288,0.000701521,0.000769896,0.000582493,0.000720624,0.000438895,0.000608366,0.000299094,0.000455296,0.000291229,0.00033112,0.000198605,0.000319394,0.000169036,0.000245334,0.000149585,0.000182505,0.000129481,0.00014913,0.000109691,0.000124229,7.40931e-05,0.000114152,5.87316e-05,8.97217e-05,5.58794e-05,7.43582e-05,4.21223e-05,
40000,0.503904,0.559156,0.470222,0.483317,0.416183,0.481207,0.485517,0.527931,0.484966,0.513866,0.470678,0.515126,0.473183,0.448369,0.496972,0.428179,0.509443,0.432471,0.456711,0.469867,0.413014,0.345512,0.375118,0.314467,0.341033,0.262166,0.290739,0.146982,0.235243,0.104331,0.120497,0.0713982,0.0921873,0.0448767,0.0714388,0.0305043,0.0513236,0.0265138,0.0364179,0.0195793,0.0281109,0.0162583,0.0225096,0.0122771,0.016792,0.0104366,0.015079,0.00924421,0.0109689,0.00611846,0.00967409,0.0051806,0.0075785,0.00473484,0.00653771,0.0040899,0.00489023,0.00312342,0.00394492,0.00249797,0.00376993,0.00192108,0.00255931,0.0016289,0.00203484,0.001363,0.00171719,0.00113995,0.00158284,0.000904864,0.00118076,0.000634951,0.00106288,0.000612907,0.000769896,0.000582493,0.000720624,0.000438895,0.000573602,0.000314835,0.000455296,0.000291229,0.00033112,0.000198605,0.000319394,0.000169036,0.000245334,0.000142024,0.000182505,0.000119476,0.00014913,0.000109691,0.000124229,8.00511e-05,0.000114152,5.87316e-05,8.97217e-05,5.58794e-05,7.43582e-05,4.21223e-05,
40200,0.503904,0.559156,0.498338,0.483317,0.446596,0.481207,0.485517,0.527931,0.484966,0.47821,0.497153,0.515126,0.509508,0.448369,0.496972,0.470536,0.509443,0.432471,0.456711,0.494597,0.413014,0.345512,0.375118,0.314467,0.341033,0.262166,0.290739,0.146982,0.235243,0.104331,0.120497,0.0713982,0.100254,0.0448767,0.0714388,0.0305043,0.0513236,0.0286246,0.0383347,0.0195793,0.0281109,0.0162583,0.0225096,0.0122771,0.016792,0.0104366,0.015079,0.00924421,0.0101825,0.00648296,0.00967409,0.0051806,0.0075785,0.00473484,0.00653771,0.00361494,0.00453705,0.00312342,0.00414408,0.00249797,0.00376993,0.00192108,0.00255931,0.0016289,0.00203484,0.0014401,0.00171719,0.00105533,0.00144104,0.000904864,0.00118076,0.000634951,0.00106288,0.000612907,0.000813675,0.000548018,0.000634965,0.000438895,0.000573602,0.000314835,0.00041711,0.000291229,0.00033112,0.00021752,0.000293481,0.000169036,0.000245334,0.000142024,0.000195877,0.000119476,0.00014913,0.000109691,0.000124229,8.00511e-05,0.000101041,5.87316e-05,8.97217e-05,5.58794e-05,7.43582e-05,4.21223e-05,
40400,0.503904,0.559156,0.53582,0.437896,0.446596,0.481207,0.485517,0.494588,0.512398,0.47821,0.497153,0.555947,0.554691,0.448369,0.530103,0.516496,0.509443,0.40392,0.426866,0.494597,0.413014,0.345512,0.375118,0.281463,0.341033,0.262166,0.290739,0.146982,0.211719,0.111286,0.111675,0.0713982,0.100254,0.0498629,0.0714388,0.0305043,0.0513236,0.0286246,0.0343151,0.0177223,0.0281109,0.0162583,0.0201554,0.0122771,0.016792,0.0110685,0.015079,0.00924421,0.0111301,0.00691516,0.00967409,0.00559505,0.00708858,0.00503487,0.00653771,0.00340407,0.00453705,0.00329911,0.00414408,0.00249797,0.00376993,0.00192108,0.0027491,0.0016289,0.00203484,0.0014401,0.00171719,0.000996817,0.00144104,0.000904864,0.00118076,0.000679607,0.001161,0.000612907,0.000870553,0.000548018,0.000634965,0.000395006,0.000573602,0.000314835,0.000446229,0.000291229,0.00035117,0.000232818,0.000272598,0.000169036,0.000230236,0.000142024,0.000195877,0.000119476,0.00014913,0.000109691,0.000124229,8.56547e-05,0.000101041,5.87316e-05,8.97217e-05,5.58794e-05,7.02272e-05,4.21223e-05,
40600,0.503904,0.524341,0.53582,0.437896,0.479407,0.50857,0.485517,0.494588,0.546558,0.47821,0.497153,0.555947,0.554691,0.50317,0.560535,0.453618,0.463216,0.433775,0.401603,0.494597,0.413014,0.345512,0.375118,0.260724,0.341033,0.262166,0.264515,0.146982,0.211719,0.111286,0.111675,0.0761581,0.0936461,0.0524451,0.0639189,0.0334095,0.045932,0.0264707,0.0368362,0.0177223,0.029985,0.0162583,0.0201554,0.0122771,0.0177602,0.0110685,0.015079,0.00924421,0.0121575,0.00691516,0.0105033,0.00559505,0.00769617,0.00551186,0.00653771,0.00340407,0.00453705,0.0030723,0.00414408,0.00249797,0.00350834,0.00192108,0.0027491,0.00173178,0.00217749,0.0014401,0.00184803,0.00105977,0.00152339,0.000904864,0.00118076,0.000746837,0.001161,0.000578857,0.000779272,0.00051864,0.000634965,0.000395006,0.000573602,0.000314835,0.000446229,0.000309589,0.000327027,0.000232818,0.000272598,0.000169036,0.000230236,0.000142024,0.000185377,0.000119476,0.000167025,0.000109691,0.000115947,8.56547e-05,0.000101041,5.87316e-05,8.18805e-05,5.58794e-05,7.02272e-05,4.21223e-05,
40800,0.503904,0.524341,0.53582,0.437896,0.509631,0.50857,0.485517,0.494588,0.546558,0.47821,0.497153,0.555947,0.554691,0.50317,0.523166,0.453618,0.463216,0.411848,0.401603,0.435805,0.457236,0.345512,0.375118,0.284989,0.341033,0.262166,0.264515,0.136877,0.211719,0.100743,0.111675,0.0706977,0.0936461,0.0477049,0.0639189,0.0334095,0.045932,0.0264707,0.0368362,0.0189037,0.029985,0.0152072,0.0201554,0.0122771,0.0188777,0.0110685,0.015079,0.00924421,0.0121575,0.00691516,0.00919803,0.00529511,0.00769617,0.00511906,0.00618661,0.00340407,0.00490599,0.0030723,0.00414408,0.00249797,0.00350834,0.00192108,0.00312676,0.00173178,0.00217749,0.0014401,0.00184803,0.00105977,0.00152339,0.000904864,0.0011176,0.000698358,0.00108195,0.000578857,0.000820621,0.00051864,0.000634965,0.000395006,0.000573602,0.000314835,0.000446229,0.000309589,0.000327027,0.000232818,0.000272598,0.00018562,0.000242016,0.000142024,0.000185377,0.000119476,0.000167025,0.000109691,0.000115947,8.56547e-05,0.000101041,6.46596e-05,8.18805e-05,5.58794e-05,7.02272e-05,4.21223e-05,
41000,0.503904,0.524341,0.53582,0.461476,0.509631,0.542474,0.509792,0.494588,0.546558,0.5192,0.497153,0.459171,0.554691,0.538297,0.483799,0.502187,0.463216,0.411848,0.401603,0.435805,0.457236,0.345512,0.418597,0.284989,0.341033,0.244525,0.286648,0.148686,0.211719,0.0926839,0.111675,0.062409,0.0882949,0.0436876,0.0639189,0.0334095,0.045932,0.0247231,0.0368362,0.0189037,0.029985,0.0152072,0.0219325,0.0122771,0.0178107,0.0110685,0.0142565,0.0099632,0.0121575,0.00691516,0.00919803,0.00529511,0.00769617,0.00511906,0.00618661,0.00360607,0.0051835,0.0030723,0.00414408,0.00236172,0.00350834,0.00192108,0.00287662,0.00173178,0.00217749,0.0014401,0.00184803,0.00105977,0.00164033,0.000904864,0.00100052,0.000698358,0.00108195,0.000665686,0.000758477,0.00051864,0.000634965,0.000395006,0.000609891,0.000289525,0.000446229,0.000290537,0.000358308,0.000232818,0.000246744,0.000171564,0.000242016,0.000127041,0.000164947,0.000119476,0.000167025,0.000102379,0.000123257,8.56547e-05,0.000101041,6.46596e-05,8.18805e-05,5.1935e-05,7.02272e-05,4.21223e-05,
41200,0.503904,0.493754,0.53582,0.461476,0.54984,0.509091,0.480978,0.494588,0.546558,0.484263,0.526771,0.459171,0.47611,0.538297,0.440356,0.502187,0.486377,0.457151,0.4298,0.435805,0.4831,0.345512,0.418597,0.284989,0.341033,0.244525,0.286648,0.148686,0.194115,0.0926839,0.10361,0.062409,0.0882949,0.0436876,0.0639189,0.0334095,0.045932,0.0247231,0.0339363,0.0189037,0.029985,0.0152072,0.0219325,0.0122771,0.0188376,0.0125111,0.0142565,0.00926577,0.010875,0.00691516,0.00919803,0.00529511,0.00769617,0.00450051,0.00618661,0.00360607,0.00490077,0.00290161,0.00386781,0.00258546,0.00330786,0.00202219,0.00267194,0.00173178,0.00231547,0.0014401,0.00184803,0.00117266,0.00145677,0.000904864,0.0010636,0.000751382,0.00097945,0.000627646,0.000718406,0.000472294,0.000634965,0.000395006,0.000567572,0.000314504,0.000471603,0.000270378,0.000358308,0.000232818,0.000274943,0.000171564,0.000256628,0.000127041,0.000180173,0.000119476,0.000167025,0.000109824,0.000123257,8.56547e-05,0.000101041,6.46596e-05,8.18805e-05,5.1935e-05,7.02272e-05,4.44775e-05,
41400,0.503904,0.493754,0.53582,0.521083,0.517766,0.509091,0.509738,0.519557,0.517683,0.451292,0.567997,0.459171,0.47611,0.491741,0.417491,0.462431,0.418612,0.457151,0.49427,0.435805,0.4831,0.345512,0.442144,0.303075,0.341033,0.244525,0.286648,0.138681,0.206396,0.0926839,0.10361,0.062409,0.0941812,0.0436876,0.0686287,0.0334095,0.045932,0.0247231,0.0365315,0.0189037,0.0280912,0.0152072,0.0219325,0.0109241,0.0173306,0.0125111,0.0134537,0.00926577,0.010875,0.00691516,0.00919803,0.00577549,0.00710637,0.00407465,0.00618661,0.00360607,0.00490077,0.00290161,0.00418949,0.00258546,0.00330786,0.00217166,0.00267194,0.00173178,0.00231547,0.0014401,0.00184803,0.00117266,0.00145677,0.000904864,0.0010636,0.000751382,0.00097945,0.000627646,0.000782114,0.000472294,0.000634965,0.000395006,0.000567572,0.000360916,0.000471603,0.000255357,0.000358308,0.000220565,0.000274943,0.000171564,0.000256628,0.000127041,0.000180173,0.000119476,0.000167025,0.000109824,0.000123257,7.956e-05,0.000101041,6.46596e-05,8.18805e-05,5.1935e-05,7.02272e-05,4.44775e-05,
41600,0.503904,0.519741,0.53582,0.521083,0.485166,0.509091,0.509738,0.519557,0.517683,0.451292,0.567997,0.522829,0.444073,0.491741,0.417491,0.462431,0.481403,0.481767,0.49427,0.405566,0.4831,0.345512,0.442144,0.303075,0.360216,0.244525,0.286648,0.138681,0.227229,0.0926839,0.110852,0.0674275,0.0941812,0.0480564,0.0686287,0.0334095,0.0435614,0.0247231,0.0330747,0.0201051,0.0280912,0.0152072,0.0219325,0.0115837,0.0193651,0.0117234,0.0134537,0.0087781,0.0114605,0.00691516,0.00919803,0.00577549,0.00755668,0.00430514,0.00585496,0.00392817,0.00490077,0.00273581,0.00448235,0.00258546,0.00330786,0.00217166,0.00267194,0.00184168,0.00231547,0.0014401,0.00184803,0.00117266,0.0015638,0.000904864,0.00113744,0.000751382,0.00097945,0.000627646,0.000782114,0.000472294,0.000690889,0.000395006,0.000567572,0.000360916,0.000471603,0.000255357,0.000332813,0.000220565,0.000295332,0.000186092,0.000256628,0.000127041,0.000180173,0.000131307,0.000167025,0.000109824,0.000112726,7.956e-05,0.000101041,6.46596e-05,8.18805e-05,4.7294e-05,7.02272e-05,4.1883e-05,
41800,0.503904,0.519741,0.565588,0.521083,0.485166,0.509091,0.453666,0.477993,0.517683,0.451292,0.529325,0.522829,0.444073,0.491741,0.47594,0.462431,0.481403,0.481767,0.49427,0.377176,0.4831,0.345512,0.442144,0.303075,0.360216,0.244525,0.308568,0.14887,0.227229,0.0926839,0.110852,0.0770409,0.0941812,0.0444403,0.0686287,0.0356368,0.0458128,0.0247231,0.0308458,0.0225624,0.0313439,0.016221,0.0219325,0.0122787,0.0174285,0.010666,0.0144451,0.00802569,0.0114605,0.00691516,0.00981123,0.0052789,0.00755668,0.00430514,0.00585496,0.00392817,0.00490077,0.00298638,0.00448235,0.0027332,0.00330786,0.00194395,0.00249554,0.00168599,0.00231547,0.0014401,0.00184803,0.00117266,0.00147541,0.000904864,0.00113744,0.000751382,0.00097945,0.000627646,0.000782114,0.000472294,0.000748698,0.000395006,0.000521325,0.000340516,0.000471603,0.000255357,0.000352002,0.000220565,0.000295332,0.000165622,0.000256628,0.000127041,0.000192804,0.000113714,0.000194068,0.000109824,0.000112726,7.956e-05,0.000114971,6.46596e-05,8.63467e-05,4.99214e-05,7.02272e-05,4.1883e-05,
42000,0.534651,0.519741,0.535708,0.521083,0.485166,0.509091,0.482368,0.477993,0.517683,0.473856,0.494036,0.522829,0.499053,0.522798,0.47594,0.462431,0.450999,0.481767,0.49427,0.377176,0.4831,0.345512,0.411247,0.287015,0.335451,0.244525,0.282912,0.14887,0.240816,0.100063,0.110852,0.0728387,0.0941812,0.0444403,0.0634646,0.0315331,0.0481035,0.0269482,0.0308458,0.0225624,0.0313439,0.0175624,0.0219325,0.0122787,0.0191351,0.010666,0.0144451,0.00802569,0.0114605,0.00691516,0.00857192,0.00558055,0.00755668,0.00430514,0.00554108,0.00359256,0.00519481,0.00298638,0.00410068,0.0027332,0.00330786,0.00194395,0.00249554,0.00168599,0.00231547,0.0014401,0.00170172,0.00117266,0.00138934,0.000904864,0.00113744,0.000789315,0.00097945,0.000627646,0.000782114,0.000472294,0.000748698,0.000395006,0.000557872,0.000340516,0.000444092,0.000229821,0.000352002,0.000220565,0.000295332,0.000165622,0.000270349,0.000127041,0.000204445,0.000113714,0.000194068,0.000109824,0.000125424,7.956e-05,0.000114971,6.46596e-05,8.63467e-05,4.99214e-05,7.02272e-05,4.1883e-05,
42200,0.499007,0.519741,0.492851,0.521083,0.514543,0.455385,0.482368,0.477993,0.517683,0.473856,0.494036,0.484305,0.499053,0.522798,0.547331,0.462431,0.450999,0.453428,0.520697,0.402321,0.4831,0.362955,0.411247,0.311777,0.35254,0.272099,0.282912,0.165673,0.193625,0.0905517,0.110852,0.0728387,0.100817,0.0444403,0.0670911,0.0315331,0.0481035,0.025454,0.0308458,0.0213529,0.0278896,0.0166671,0.0230868,0.0122787,0.0191351,0.010666,0.0134254,0.00802569,0.0114605,0.00654445,0.00857192,0.00558055,0.00755668,0.00430514,0.00594937,0.00359256,0.00519481,0.00316119,0.00410068,0.00251804,0.00330786,0.00208638,0.00249554,0.00180369,0.00219134,0.00133104,0.00170172,0.00123489,0.0014691,0.000794707,0.00113744,0.000789315,0.00097945,0.000627646,0.000827737,0.000472294,0.000748698,0.000395006,0.000557872,0.000340516,0.000444092,0.000265467,0.000352002,0.000220565,0.000295332,0.000165622,0.000270349,0.000127041,0.000185033,0.000113714,0.000194068,0.000101396,0.000125424,7.956e-05,0.000114971,6.46596e-05,9.5817e-05,4.65622e-05,7.02272e-05,4.41223e-05,
42400,0.499007,0.519741,0.524292,0.521083,0.514543,0.455385,0.482368,0.477993,0.517683,0.44995,0.494036,0.484305,0.499053,0.522798,0.506704,0.462431,0.503133,0.453428,0.520697,0.402321,0.4831,0.385954,0.411247,0.311777,0.35254,0.272099,0.265044,0.165673,0.207937,0.0905517,0.110852,0.0670116,0.100817,0.0444403,0.0713357,0.0315331,0.0481035,0.025454,0.0308458,0.0213529,0.0297489,0.0166671,0.0216287,0.0132142,0.0191351,0.010666,0.0143604,0.00740553,0.0114605,0.00705866,0.00800695,0.00558055,0.00755668,0.00430514,0.00594937,0.00359256,0.00481204,0.00316119,0.00385188,0.00232294,0.00330786,0.00197088,0.00249554,0.00191291,0.00197221,0.0012118,0.00170172,0.00123489,0.00160675,0.000862569,0.00113744,0.000789315,0.00097945,0.000627646,0.000827737,0.000472294,0.000698242,0.000435969,0.000557872,0.000340516,0.000444092,0.000265467,0.000352002,0.000209181,0.000295332,0.000165622,0.000244904,0.000127041,0.000195441,0.000113714,0.000194068,0.000101396,0.000125424,8.5748e-05,0.000106265,6.46596e-05,8.77807e-05,4.65622e-05,7.44674e-05,4.41223e-05,
42600,0.499007,0.551297,0.524292,0.521083,0.465539,0.498527,0.537495,0.509859,0.552195,0.473825,0.494036,0.533149,0.532323,0.522798,0.506704,0.503204,0.503133,0.453428,0.567935,0.430445,0.4831,0.356727,0.411247,0.311777,0.324199,0.253219,0.265044,0.165673,0.223838,0.0972045,0.110852,0.0724943,0.100817,0.0444403,0.0667498,0.0315331,0.0481035,0.025454,0.034173,0.0213529,0.0297489,0.0166671,0.0230033,0.0132142,0.0191351,0.010666,0.0133023,0.00740553,0.0114605,0.00705866,0.0070359,0.00558055,0.00755668,0.00463436,0.00654431,0.00395181,0.00481204,0.00316119,0.00385188,0.0026432,0.00300888,0.00197088,0.00249554,0.00173024,0.00197221,0.0012118,0.00185611,0.00108142,0.00160675,0.000862569,0.00113744,0.000789315,0.00102935,0.000665038,0.000827737,0.000472294,0.000698242,0.00046658,0.000557872,0.000340516,0.000444092,0.000265467,0.000352002,0.000209181,0.000295332,0.00017504,0.000244904,0.000134664,0.000210387,0.000113714,0.000194068,0.000101396,0.000132222,7.76342e-05,0.000106265,6.46596e-05,8.77807e-05,4.65622e-05,7.02304e-05,4.41223e-05,
42800,0.499007,0.551297,0.524292,0.489726,0.465539,0.498527,0.537495,0.509859,0.520473,0.473825,0.494036,0.501845,0.532323,0.522798,0.506704,0.503204,0.503133,0.453428,0.530073,0.430445,0.432247,0.380508,0.355871,0.329413,0.354372,0.275216,0.265044,0.165673,0.206995,0.0972045,0.104261,0.0724943,0.100817,0.0444403,0.0624833,0.0340435,0.0481035,0.025454,0.0369835,0.0213529,0.0280738,0.0166671,0.024214,0.0132142,0.017537,0.010666,0.0140461,0.00801458,0.0114605,0.00705866,0.00741967,0.00558055,0.00623828,0.00463436,0.00654431,0.00395181,0.00481204,0.00316119,0.00358706,0.00281094,0.00300888,0.00177379,0.00269518,0.00183405,0.00197221,0.0012118,0.00185611,0.0011496,0.00160675,0.000862569,0.00121717,0.000789315,0.00102935,0.00061027,0.000783364,0.000472294,0.000661492,0.000493242,0.000589065,0.000340516,0.000444092,0.000265467,0.000370956,0.000209181,0.000316068,0.000183957,0.000244904,0.000134664,0.000210387,0.000121674,0.000175585,0.000101396,0.000140129,7.76342e-05,0.000106265,6.46596e-05,8.77807e-05,4.90329e-05,7.02304e-05,4.75234e-05,
43000,0.499007,0.517787,0.524292,0.489726,0.465539,0.529895,0.537495,0.509859,0.520473,0.473825,0.494036,0.501845,0.532323,0.522798,0.506704,0.548492,0.503133,0.427154,0.495805,0.402317,0.486847,0.380508,0.355871,0.30514,0.354372,0.275216,0.265044,0.153207,0.228135,0.0972045,0.112265,0.0724943,0.106885,0.0444403,0.0624833,0.0289023,0.0542733,0.025454,0.0369835,0.0227764,0.0259223,0.017599,0.024214,0.0132142,0.017537,0.0112755,0.0150279,0.00801458,0.0114605,0.00705866,0.00788743,0.00558055,0.00673734,0.00486607,0.00688256,0.00395181,0.00481204,0.00316119,0.00358706,0.00281094,0.00316854,0.00194422,0.00269518,0.00183405,0.00197221,0.0012118,0.00173237,0.0011496,0.00160675,0.000862569,0.00121717,0.000789315,0.000965151,0.00064335,0.000783364,0.000472294,0.000661492,0.000439082,0.000589065,0.000298898,0.000444092,0.000265467,0.000331776,0.000209181,0.000284461,0.000183957,0.00025883,0.000141809,0.000210387,0.000121674,0.000175585,0.000101396,0.000140129,7.76342e-05,0.000106265,6.46596e-05,9.5223e-05,4.50376e-05,7.02304e-05,4.75234e-05,
43200,0.499007,0.517787,0.48659,0.489726,0.465539,0.491625,0.537495,0.483866,0.520473,0.54612,0.494036,0.535301,0.503287,0.453974,0.464207,0.548492,0.503133,0.427154,0.495805,0.402317,0.449979,0.380508,0.355871,0.30514,0.354372,0.259981,0.279108,0.153207,0.228135,0.0972045,0.112265,0.0724943,0.106885,0.0444403,0.0624833,0.0310199,0.0542733,0.025454,0.0342793,0.0227764,0.022662,0.017599,0.020843,0.0132142,0.0161486,0.0112755,0.0138034,0.00801458,0.0114605,0.00705866,0.00788743,0.00558055,0.00673734,0.00486607,0.00688256,0.00395181,0.00481204,0.00340827,0.00378763,0.00246417,0.00316854,0.00194422,0.00269518,0.00183405,0.00197221,0.00128871,0.00173237,0.0011496,0.00160675,0.000943545,0.00121717,0.000789315,0.00107261,0.00064335,0.000742689,0.000472294,0.000661492,0.000439082,0.000622882,0.000298898,0.000444092,0.000265467,0.000331776,0.000209181,0.000284461,0.000199257,0.000240273,0.000150257,0.000196208,0.000121674,0.000175585,0.000101396,0.000140129,7.76342e-05,0.000113714,6.46596e-05,9.5223e-05,4.95414e-05,7.02304e-05,4.44288e-05,
43400,0.543918,0.517787,0.48659,0.489726,0.465539,0.522727,0.586671,0.483866,0.520473,0.494212,0.494036,0.562067,0.473929,0.453974,0.464207,0.548492,0.503133,0.427154,0.495805,0.423151,0.449979,0.380508,0.355871,0.30514,0.375634,0.241782,0.309809,0.165463,0.228135,0.0972045,0.11939,0.0660001,0.0946402,0.0444403,0.0624833,0.0284527,0.0469272,0.025454,0.0342793,0.0227764,0.0258785,0.017599,0.020843,0.0132142,0.0161486,0.0112755,0.0145414,0.00862984,0.0123025,0.00705866,0.00788743,0.00589622,0.00673734,0.00416687,0.00688256,0.00339533,0.00481204,0.00340827,0.00378763,0.00246417,0.00316854,0.00178648,0.00283928,0.00183405,0.00197221,0.00128871,0.00173237,0.0011496,0.00160675,0.000943545,0.00109546,0.000789315,0.00107261,0.00064335,0.000742689,0.000472294,0.0007009,0.000439082,0.000579551,0.000298898,0.000444092,0.000265467,0.000331776,0.000209181,0.000284461,0.000199257,0.000240273,0.000150257,0.000206773,0.000121674,0.000175585,8.55072e-05,0.000140129,7.76342e-05,0.000113714,6.46596e-05,0.000101275,4.95414e-05,7.02304e-05,4.44288e-05,
43600,0.543918,0.452139,0.48659,0.489726,0.465539,0.522727,0.586671,0.483866,0.520473,0.494212,0.432641,0.562067,0.473929,0.453974,0.464207,0.548492,0.503133,0.427154,0.539188,0.423151,0.479977,0.380508,0.355871,0.30514,0.375634,0.221058,0.288123,0.175391,0.228135,0.0972045,0.11939,0.0660001,0.0946402,0.0444403,0.0662323,0.0315825,0.0469272,0.025454,0.0342793,0.0208661,0.0258785,0.017599,0.0231956,0.0124934,0.0171237,0.0112755,0.0133324,0.00862984,0.0110062,0.00744127,0.00788743,0.00632822,0.00673734,0.00440608,0.0059558,0.00339533,0.00514841,0.00322556,0.00378763,0.00232976,0.00316854,0.00190558,0.00283928,0.00183405,0.00197221,0.00128871,0.00173237,0.0011496,0.00149414,0.000943545,0.00116487,0.000789315,0.00107261,0.00064335,0.000742689,0.000472294,0.0007009,0.000472928,0.000579551,0.000320922,0.000444092,0.000265467,0.000331776,0.000209181,0.000284461,0.000199257,0.000253707,0.000150257,0.000196037,0.000121674,0.000175585,9.15315e-05,0.000140129,7.76342e-05,0.000113714,6.46596e-05,0.000101275,4.95414e-05,7.02304e-05,4.44288e-05,
43800,0.543918,0.485266,0.542881,0.489726,0.465539,0.522727,0.586671,0.452939,0.520473,0.494212,0.506468,0.562067,0.473929,0.453974,0.464207,0.548492,0.534791,0.478721,0.494157,0.423151,0.479977,0.380508,0.398023,0.30514,0.395718,0.221058,0.315906,0.155859,0.228135,0.0910652,0.12899,0.0526719,0.0946402,0.0412782,0.0662323,0.0315825,0.0469272,0.027972,0.0376129,0.0227922,0.0258785,0.017599,0.0231956,0.0124934,0.0179882,0.0112755,0.0133324,0.00801484,0.0118912,0.00744127,0.00788743,0.00672858,0.00673734,0.0046713,0.0059558,0.00339533,0.00514841,0.00322556,0.00397701,0.00256273,0.00316854,0.00190558,0.00283928,0.00183405,0.00207311,0.00128871,0.00190234,0.00107133,0.00149414,0.000943545,0.00116487,0.000789315,0.00107261,0.00064335,0.000742689,0.000410895,0.0007009,0.000472928,0.000521596,0.000298087,0.000444092,0.000265467,0.000357845,0.000209181,0.000284461,0.000182124,0.000253707,0.000159763,0.000207239,0.000110147,0.000175585,9.85871e-05,0.000140129,7.76342e-05,0.000113714,6.46596e-05,9.58357e-05,5.37416e-05,7.02304e-05,4.44288e-05,
44000,0.543918,0.485266,0.542881,0.489726,0.465539,0.522727,0.483559,0.490609,0.492084,0.535314,0.506468,0.562067,0.43641,0.478419,0.464207,0.548492,0.534791,0.478721,0.494157,0.423151,0.479977,0.380508,0.398023,0.30514,0.395718,0.221058,0.287676,0.174091,0.228135,0.0910652,0.12899,0.0526719,0.101539,0.0412782,0.0662323,0.0315825,0.0469272,0.027972,0.0397025,0.0209274,0.0231741,0.0157402,0.0231956,0.0124934,0.0179882,0.0104164,0.0143043,0.00915243,0.0118912,0.00703539,0.00788743,0.00615977,0.00707421,0.00439102,0.00628881,0.00339533,0.00514841,0.00322556,0.00424214,0.00285199,0.00316854,0.00190558,0.00266892,0.00183405,0.00207311,0.00143047,0.00190234,0.00118165,0.00140096,0.000888872,0.00123817,0.000713939,0.000995144,0.00064335,0.000799483,0.000453662,0.0007009,0.000472928,0.000521596,0.000298087,0.000444092,0.000265467,0.000320477,0.000209181,0.000284461,0.000182124,0.000253707,0.000140054,0.000207239,0.000116498,0.000175585,9.85871e-05,0.000140129,8.15159e-05,0.000104712,5.88154e-05,9.58357e-05,5.37416e-05,7.02304e-05,4.44288e-05,
44200,0.543918,0.485266,0.501277,0.432854,0.515755,0.522727,0.45045,0.490609,0.492084,0.535314,0.506468,0.562067,0.43641,0.478419,0.464207,0.548492,0.500608,0.451763,0.452544,0.423151,0.479977,0.404753,0.398023,0.279249,0.352189,0.234321,0.302456,0.174091,0.228135,0.0859181,0.12899,0.0526719,0.101539,0.0412782,0.0662323,0.0315825,0.0503749,0.027972,0.0397025,0.0192896,0.0231741,0.0157402,0.024663,0.0124934,0.0196768,0.00968112,0.0143043,0.00915243,0.0118912,0.00636472,0.00901198,0.00576156,0.00707421,0.00439102,0.00628881,0.00339533,0.00514841,0.00322556,0.00458151,0.00285199,0.00316854,0.00204558,0.00266892,0.00174055,0.00207311,0.00143047,0.00190234,0.00133757,0.00140096,0.000888872,0.00107459,0.000713939,0.000995144,0.00059669,0.000799483,0.000453662,0.000736286,0.000472928,0.000521596,0.000317959,0.000444092,0.000280636,0.000344164,0.000209181,0.000284461,0.000182124,0.000253707,0.000140054,0.000184357,0.000116498,0.000166709,9.85871e-05,0.000140129,8.15159e-05,0.000104712,6.48908e-05,8.78319e-05,5.05862e-05,6.60042e-05,4.44288e-05,
44400,0.498114,0.485266,0.501277,0.432854,0.470626,0.522727,0.45045,0.490609,0.492084,0.535314,0.538561,0.562067,0.43641,0.478419,0.4968,0.581609,0.455455,0.451763,0.452544,0.450005,0.43198,0.356641,0.398023,0.308004,0.392932,0.234321,0.302456,0.174091,0.228135,0.0937872,0.14628,0.0526719,0.101539,0.036341,0.0662323,0.0315825,0.0503749,0.027972,0.0397025,0.0192896,0.0231741,0.0157402,0.024663,0.0124934,0.0196768,0.00968112,0.0155228,0.00962995,0.0125638,0.00636472,0.00977604,0.00576156,0.00764616,0.00439102,0.00628881,0.00339533,0.00514841,0.00322556,0.00458151,0.00260677,0.00316854,0.00204558,0.00266892,0.00174055,0.00207311,0.00143047,0.00190234,0.00124167,0.00154624,0.000888872,0.00123578,0.000713939,0.000900868,0.00059669,0.000840211,0.000453662,0.000736286,0.000472928,0.000450219,0.00029979,0.000406551,0.000280636,0.000344164,0.000209181,0.000284461,0.000182124,0.000253707,0.000140054,0.00019602,0.000116498,0.000166709,9.85871e-05,0.000140129,8.15159e-05,0.000104712,6.48908e-05,9.54617e-05,5.05862e-05,6.60042e-05,4.44288e-05,
44600,0.498114,0.485266,0.501277,0.432854,0.470626,0.551955,0.502561,0.490609,0.521285,0.535314,0.498169,0.562067,0.467157,0.451935,0.52992,0.581609,0.455455,0.451763,0.488406,0.414579,0.43198,0.356641,0.398023,0.308004,0.413613,0.234321,0.302456,0.185184,0.228135,0.100343,0.14628,0.0563538,0.101539,0.036341,0.0662323,0.0315825,0.0503749,0.0298368,0.0397025,0.0192896,0.0231741,0.0157402,0.0233178,0.0124934,0.0206836,0.00968112,0.0155228,0.00962995,0.0125638,0.00636472,0.0103945,0.00541135,0.00764616,0.00485008,0.00678947,0.00359835,0.00545926,0.00322556,0.00426653,0.00260677,0.00316854,0.00204558,0.00266892,0.00174055,0.00207311,0.00143047,0.00190234,0.00124167,0.00154624,0.000888872,0.00123578,0.000778709,0.000900868,0.00059669,0.000840211,0.000453662,0.000736286,0.000472928,0.000481691,0.00029979,0.000429547,0.000280636,0.000344164,0.000225063,0.000284461,0.000182124,0.000235655,0.000149391,0.000211782,0.000116498,0.000166709,9.85871e-05,0.000140129,8.15159e-05,0.000104712,6.48908e-05,9.54617e-05,5.05862e-05,6.60042e-05,4.44288e-05,
44800,0.563458,0.485266,0.501277,0.432854,0.516393,0.551955,0.53083,0.490609,0.521285,0.473833,0.538929,0.530841,0.438069,0.451935,0.52992,0.549885,0.455455,0.451763,0.488406,0.43961,0.481349,0.356641,0.366873,0.334241,0.413613,0.234321,0.325872,0.185184,0.246385,0.100343,0.14628,0.0563538,0.101539,0.036341,0.0727844,0.0315825,0.0503749,0.0279791,0.0397025,0.0192896,0.0256135,0.0157402,0.0233178,0.0115977,0.0187021,0.00968112,0.0155228,0.00861285,0.0125638,0.00636472,0.0103945,0.00541135,0.00809989,0.00485008,0.00636199,0.00359835,0.00508394,0.00322556,0.00398773,0.00260677,0.00316854,0.00190772,0.00266892,0.00174055,0.00207311,0.00134012,0.00172171,0.00130806,0.00154624,0.000888872,0.00123578,0.000778709,0.000900868,0.000657045,0.000840211,0.000453662,0.000736286,0.000472928,0.000515512,0.00029979,0.000429547,0.000280636,0.000344164,0.000225063,0.000260003,0.000182124,0.000235655,0.000149391,0.000211782,0.000116498,0.000166709,9.85871e-05,0.000140129,8.15159e-05,0.000104712,6.07758e-05,8.13937e-05,5.05862e-05,6.60042e-05,4.14039e-05,
45000,0.563458,0.519234,0.501277,0.432854,0.516393,0.551955,0.53083,0.490609,0.521285,0.473833,0.496263,0.498174,0.438069,0.482064,0.52992,0.49972,0.495845,0.406587,0.460987,0.405872,0.448959,0.356641,0.413215,0.334241,0.413613,0.2187,0.299935,0.16485,0.227845,0.100343,0.14628,0.0501059,0.101539,0.036341,0.0727844,0.0315825,0.0503749,0.0279791,0.037402,0.020783,0.0277091,0.0157402,0.0233178,0.0115977,0.0169303,0.0105109,0.0155228,0.00787231,0.0125638,0.00636472,0.0103945,0.00541135,0.0075329,0.00485008,0.00579648,0.00359835,0.00478305,0.00322556,0.0042408,0.0023461,0.00316854,0.00190772,0.00281162,0.00174055,0.00238867,0.00134012,0.00184984,0.00123462,0.00145109,0.000888872,0.00123578,0.000717406,0.00097594,0.000657045,0.000840211,0.000453662,0.000736286,0.000443058,0.000515512,0.00031633,0.000429547,0.000262494,0.000344164,0.000237096,0.000294313,0.000182124,0.000235655,0.000149391,0.000211782,0.000116498,0.000166709,9.85871e-05,0.000140129,8.61512e-05,0.000112719,6.07758e-05,8.57454e-05,4.78269e-05,7.04044e-05,3.81085e-05,
45200,0.563458,0.519234,0.52862,0.432854,0.516393,0.581243,0.483277,0.490609,0.471463,0.510868,0.496263,0.498174,0.467274,0.482064,0.52992,0.49972,0.495845,0.406587,0.460987,0.382041,0.448959,0.356641,0.413215,0.304159,0.413613,0.2187,0.299935,0.152445,0.213824,0.100343,0.14628,0.0501059,0.101539,0.036341,0.0727844,0.0315825,0.0503749,0.0260935,0.037402,0.020783,0.0277091,0.0157402,0.0233178,0.0127574,0.0169303,0.0105109,0.0141881,0.00831248,0.0125638,0.00712611,0.00940653,0.00541135,0.0075329,0.00457294,0.00579648,0.00359835,0.00478305,0.00340801,0.00395808,0.0023461,0.00342913,0.00190772,0.00281162,0.00174055,0.00208694,0.00144222,0.00170339,0.00108742,0.0013412,0.000960349,0.00123578,0.000717406,0.00097594,0.000657045,0.000840211,0.000482207,0.000736286,0.000443058,0.000558386,0.000337419,0.000381924,0.000262494,0.000344164,0.000237096,0.000319704,0.000171345,0.000251365,0.000149391,0.000211782,0.000116498,0.000166709,0.000103858,0.000128283,7.79543e-05,0.000112719,6.07758e-05,8.57454e-05,4.78269e-05,6.54347e-05,4.1686e-05,
45400,0.563458,0.573415,0.52862,0.457057,0.516393,0.581243,0.483277,0.521788,0.471463,0.510868,0.496263,0.531385,0.508161,0.482064,0.52992,0.49972,0.495845,0.406587,0.437194,0.382041,0.480342,0.392673,0.413215,0.329456,0.413613,0.238709,0.299935,0.152445,0.213824,0.100343,0.14628,0.0534463,0.0919197,0.036341,0.0635064,0.0315825,0.0503749,0.0260935,0.037402,0.020783,0.0277091,0.017664,0.0258615,0.0127574,0.018391,0.0105109,0.0141881,0.00831248,0.0125638,0.00626504,0.00940653,0.00541135,0.0075329,0.00457294,0.00579648,0.00359835,0.00537849,0.00340801,0.00395808,0.0023461,0.00324497,0.00167548,0.00281162,0.00174055,0.00226823,0.00154789,0.00161228,0.00108742,0.00146191,0.000835503,0.00123578,0.000717406,0.00102731,0.000657045,0.000784741,0.000482207,0.000670327,0.000443058,0.000558386,0.000337419,0.000416904,0.000262494,0.000325755,0.000237096,0.000285977,0.000171345,0.000251365,0.000149391,0.000211782,0.000127341,0.000166709,0.000103858,0.000128283,8.34465e-05,0.000104294,6.07758e-05,8.57454e-05,4.78269e-05,6.54347e-05,4.1686e-05,
45600,0.563458,0.512991,0.52862,0.457057,0.566468,0.531751,0.432557,0.521788,0.471463,0.510868,0.496263,0.531385,0.508161,0.482064,0.52992,0.449748,0.436725,0.374399,0.437194,0.412059,0.420649,0.392673,0.413215,0.329456,0.374221,0.238709,0.279939,0.152445,0.213824,0.100343,0.14628,0.0573333,0.0919197,0.0401889,0.0635064,0.0315825,0.0464325,0.0280747,0.0350113,0.020783,0.0277091,0.017664,0.0258615,0.0127574,0.0199397,0.0105109,0.0141881,0.00831248,0.0125638,0.00626504,0.00940653,0.00541135,0.0075329,0.00489304,0.00618291,0.00359835,0.00478342,0.00340801,0.00395808,0.0023461,0.00324497,0.00167548,0.00281162,0.00174055,0.00242658,0.00154789,0.00161228,0.00108742,0.00146191,0.000888672,0.00123578,0.00067475,0.00102731,0.000622463,0.000784741,0.000440746,0.000670327,0.000443058,0.000558386,0.000337419,0.000440486,0.000262494,0.000345301,0.000237096,0.000285977,0.000186338,0.000251365,0.000161972,0.000226652,0.000120613,0.000166709,0.000103858,0.000128283,8.34465e-05,0.000104294,6.07758e-05,9.17564e-05,5.30275e-05,6.90181e-05,4.1686e-05,
45800,0.563458,0.54719,0.52862,0.495546,0.566468,0.500471,0.432557,0.490071,0.471463,0.478603,0.496263,0.531385,0.508161,0.482064,0.52992,0.449748,0.489852,0.374399,0.46634,0.438209,0.396874,0.392673,0.413215,0.329456,0.392932,0.224386,0.279939,0.133887,0.213824,0.100343,0.14628,0.0573333,0.0919197,0.0401889,0.0635064,0.0315825,0.0464325,0.0280747,0.0350113,0.0234918,0.0277091,0.017664,0.0235289,0.0127574,0.0199397,0.0105109,0.0150421,0.00831248,0.0125638,0.00626504,0.00940653,0.00578779,0.0075329,0.00489304,0.00618291,0.00359835,0.00517898,0.00340801,0.00395808,0.0023461,0.00324497,0.00167548,0.00281162,0.00174055,0.00242658,0.00154789,0.00161228,0.00108742,0.00158502,0.000990234,0.00123578,0.00067475,0.000933914,0.000670877,0.000784741,0.000440746,0.000670327,0.000443058,0.000558386,0.000337419,0.000440486,0.000262494,0.000345301,0.000237096,0.000285977,0.000186338,0.000251365,0.000161972,0.000226652,0.000120613,0.000166709,0.000103858,0.000128283,8.34465e-05,0.000104294,6.07758e-05,9.17564e-05,5.30275e-05,7.45982e-05,4.1686e-05,
46000,0.563458,0.575739,0.52862,0.521208,0.566468,0.473173,0.471602,0.545275,0.498528,0.446349,0.496263,0.494852,0.508161,0.541553,0.52992,0.482887,0.489852,0.420753,0.43955,0.438209,0.396874,0.392673,0.39176,0.329456,0.331359,0.194323,0.279939,0.133887,0.213824,0.100343,0.14628,0.061341,0.0785496,0.0401889,0.0596462,0.0335806,0.0413056,0.0252672,0.0350113,0.0234918,0.0277091,0.017664,0.0235289,0.0127574,0.0199397,0.011443,0.0159938,0.00831248,0.0125638,0.00574181,0.00987685,0.00578779,0.0075329,0.00489304,0.00579793,0.00359835,0.00517898,0.00340801,0.00427636,0.0023461,0.00300411,0.00167548,0.00255802,0.00174055,0.00242658,0.00141704,0.00161228,0.00108742,0.00169669,0.000935418,0.00123578,0.00067475,0.000933914,0.000623521,0.000784741,0.000471515,0.000603294,0.000443058,0.000558386,0.000354608,0.000440486,0.000262494,0.000345301,0.000223175,0.000285977,0.000186338,0.000251365,0.000161972,0.000226652,0.000120613,0.000153511,0.000103858,0.000117875,8.34465e-05,0.000104294,6.44224e-05,9.81794e-05,5.62092e-05,6.98868e-05,4.1686e-05,
46200,0.507112,0.575739,0.52862,0.521208,0.566468,0.473173,0.471602,0.574428,0.575959,0.446349,0.496263,0.494852,0.534906,0.541553,0.52992,0.482887,0.489852,0.420753,0.465524,0.438209,0.396874,0.392673,0.39176,0.329456,0.313016,0.194323,0.279939,0.142371,0.213824,0.100343,0.162621,0.0672684,0.0868666,0.0456021,0.0596462,0.0335806,0.0483541,0.0252672,0.0350113,0.0220461,0.0295564,0.017664,0.0235289,0.0127574,0.0199397,0.00998436,0.0159938,0.00831248,0.0125638,0.00614265,0.0105017,0.00578779,0.00706934,0.0052791,0.00618446,0.00389429,0.00480655,0.00320537,0.00403555,0.0023461,0.0028099,0.001848,0.00285395,0.00174055,0.00242658,0.00150654,0.00161228,0.00108742,0.00169669,0.000935418,0.00116417,0.00067475,0.000933914,0.000623521,0.000784741,0.000499252,0.000603294,0.000443058,0.000558386,0.000354608,0.000440486,0.000262494,0.000345301,0.000223175,0.000285977,0.000176349,0.000251365,0.000171583,0.000211689,0.000111661,0.000153511,0.000113109,0.000117875,8.34465e-05,0.000104294,6.44224e-05,8.48905e-05,5.25361e-05,6.98868e-05,4.1686e-05,
46400,0.507112,0.521196,0.499786,0.521208,0.566468,0.473173,0.471602,0.528474,0.546397,0.446349,0.496263,0.494852,0.534906,0.503326,0.52992,0.482887,0.489852,0.443249,0.438781,0.438209,0.371808,0.392673,0.39176,0.304067,0.313016,0.194323,0.279939,0.133407,0.213824,0.100343,0.162621,0.0541955,0.0868666,0.0456021,0.0671863,0.0298653,0.0483541,0.0224717,0.0350113,0.0220461,0.0295564,0.0158976,0.0235289,0.0121026,0.0199397,0.00904331,0.0148742,0.00773061,0.0117428,0.00614265,0.0105017,0.00578779,0.00655662,0.0052791,0.00618446,0.00389429,0.00480655,0.00320537,0.00403555,0.0023461,0.00305577,0.001848,0.00264211,0.00159184,0.00242658,0.00150654,0.00161228,0.00108742,0.00169669,0.000935418,0.00116417,0.00067475,0.000933914,0.000623521,0.000784741,0.000499252,0.000603294,0.000404964,0.000528452,0.000375954,0.000440486,0.000276061,0.000345301,0.000223175,0.000285977,0.000176349,0.000251365,0.000171583,0.00019687,0.000111661,0.000153511,9.949e-05,0.000124025,8.34465e-05,0.000104294,6.44224e-05,8.48905e-05,4.6546e-05,7.65716e-05,4.1686e-05,
46600,0.507112,0.521196,0.499786,0.474516,0.537889,0.444463,0.471602,0.47835,0.546397,0.446349,0.496263,0.494852,0.534906,0.503326,0.52992,0.482887,0.525478,0.413699,0.438781,0.396601,0.371808,0.392673,0.363268,0.304067,0.348789,0.214778,0.279939,0.133407,0.196896,0.0941682,0.153605,0.0541955,0.0868666,0.049964,0.0594497,0.0298653,0.0452634,0.0240425,0.0350113,0.0197255,0.0295564,0.0158976,0.021842,0.0121026,0.0199397,0.00978321,0.0148742,0.00841615,0.0117428,0.00647107,0.0115019,0.00578779,0.0068987,0.0052791,0.00542417,0.00389429,0.00506354,0.00320537,0.0038118,0.0023461,0.00305577,0.00195958,0.0023779,0.00159184,0.00242658,0.00150654,0.00179426,0.00108742,0.00169669,0.000858004,0.00116417,0.00067475,0.000984854,0.000561169,0.000837057,0.000499252,0.000641523,0.000404964,0.000556023,0.000375954,0.00041822,0.000276061,0.000326155,0.000223175,0.000256091,0.000176349,0.000251365,0.000171583,0.00019687,0.000111661,0.000167682,9.949e-05,0.000124025,8.34465e-05,0.000104294,6.82744e-05,7.9286e-05,5.17284e-05,7.14191e-05,4.53616e-05,
46800,0.507112,0.561733,0.499786,0.499042,0.537889,0.444463,0.443305,0.47835,0.546397,0.446349,0.496263,0.524441,0.534906,0.503326,0.52992,0.51186,0.525478,0.413699,0.438781,0.396601,0.400726,0.360545,0.42393,0.304067,0.348789,0.214778,0.279939,0.141817,0.210023,0.0941682,0.153605,0.0616917,0.0868666,0.0532949,0.0594497,0.0298653,0.0452634,0.0213825,0.0389551,0.0197255,0.0295564,0.0158976,0.021842,0.0121026,0.0199397,0.0104058,0.0148742,0.00841615,0.0117428,0.00647107,0.0103517,0.00607718,0.0068987,0.00485079,0.00542417,0.00389429,0.00506354,0.00291566,0.0038118,0.0024685,0.00305577,0.00207043,0.0023779,0.00159184,0.00242658,0.00150654,0.00193147,0.00108742,0.00179364,0.000858004,0.00122642,0.00067475,0.00104056,0.000561169,0.000794384,0.000499252,0.000641523,0.000404964,0.000556023,0.000336602,0.000385903,0.000300216,0.000347899,0.000234921,0.000282193,0.000176349,0.000251365,0.000171583,0.00019687,0.000111661,0.000178861,9.949e-05,0.000137858,8.34465e-05,0.000104294,6.17721e-05,8.59202e-05,5.56841e-05,7.14191e-05,4.53616e-05,
47000,0.507112,0.482154,0.499786,0.499042,0.537889,0.444463,0.501085,0.527478,0.546397,0.446349,0.531107,0.476945,0.534906,0.540528,0.52992,0.51186,0.552247,0.413699,0.438781,0.363074,0.400726,0.360545,0.42393,0.3339,0.348789,0.214778,0.253388,0.158615,0.210023,0.0941682,0.153605,0.0616917,0.0868666,0.0485447,0.0594497,0.0328197,0.0452634,0.0241039,0.0365579,0.0185748,0.0323105,0.0158976,0.0230775,0.0121026,0.0199397,0.0104058,0.0148742,0.00841615,0.0110202,0.00647107,0.0103517,0.00607718,0.0068987,0.00459029,0.00542417,0.00389429,0.00506354,0.00291566,0.0038118,0.0024685,0.00305577,0.00207043,0.00254486,0.00146269,0.00242658,0.00150654,0.00193147,0.00108742,0.00179364,0.000858004,0.00129682,0.000709954,0.00104056,0.000561169,0.000794384,0.000499252,0.00067391,0.000404964,0.000589385,0.000336602,0.000385903,0.000300216,0.000347899,0.000234921,0.000282193,0.000176349,0.000251365,0.000171583,0.00019687,0.000103715,0.000160053,9.949e-05,0.000137858,8.34465e-05,9.63957e-05,6.17721e-05,8.59202e-05,5.97872e-05,7.14191e-05,4.53616e-05,
47200,0.507112,0.482154,0.499786,0.541352,0.537889,0.444463,0.501085,0.527478,0.512772,0.481565,0.531107,0.476945,0.534906,0.502373,0.52992,0.474737,0.552247,0.457502,0.401419,0.409283,0.434472,0.360545,0.42393,0.3339,0.348789,0.228408,0.278727,0.158615,0.210023,0.0998183,0.144041,0.0616917,0.0915109,0.0485447,0.0594497,0.0328197,0.0452634,0.0241039,0.0392294,0.0185748,0.0323105,0.0158976,0.0201749,0.0128311,0.0199397,0.0104058,0.0148742,0.00841615,0.0110202,0.00685933,0.0103517,0.00607718,0.00747245,0.00459029,0.00542417,0.00389429,0.00506354,0.00291566,0.0038118,0.0026161,0.00305577,0.00207043,0.00254486,0.00159068,0.00222886,0.00150654,0.00193147,0.00108742,0.00179364,0.000858004,0.00129682,0.000666265,0.00104056,0.000561169,0.000753383,0.000499252,0.000629493,0.000375315,0.000589385,0.000336602,0.000385903,0.000300216,0.000347899,0.000248466,0.000305805,0.00016563,0.000251365,0.00015683,0.00019687,0.000103715,0.000160053,9.949e-05,0.000137858,7.12386e-05,9.63957e-05,6.17721e-05,8.59202e-05,5.97872e-05,7.14191e-05,4.14613e-05,
47400,0.507112,0.508116,0.499786,0.57088,0.476267,0.475622,0.501085,0.527478,0.512772,0.438225,0.500758,0.441802,0.534906,0.54277,0.461342,0.44664,0.512652,0.51396,0.401419,0.409283,0.404975,0.360545,0.42393,0.3339,0.348789,0.251735,0.315176,0.158615,0.210023,0.0998183,0.144041,0.0672439,0.0915109,0.0485447,0.0594497,0.0328197,0.0491431,0.0241039,0.0370896,0.0197518,0.0323105,0.0158976,0.0215199,0.0128311,0.0199397,0.0104058,0.0148742,0.00794859,0.0110202,0.00685933,0.0103517,0.00642275,0.0068662,0.00459029,0.00542417,0.00389429,0.00506354,0.00291566,0.0038118,0.0026161,0.00305577,0.00223002,0.00234452,0.00159068,0.00222886,0.00150654,0.00193147,0.00108742,0.00163186,0.000858004,0.00129682,0.000717214,0.00104056,0.000637692,0.000816487,0.000499252,0.000629493,0.00039408,0.000521332,0.000336602,0.000408977,0.000283311,0.000347899,0.000214465,0.000290347,0.00016563,0.000232576,0.00015683,0.00019687,0.000103715,0.000151629,9.949e-05,0.000130339,7.12386e-05,9.63957e-05,6.17721e-05,8.59202e-05,5.97872e-05,6.73975e-05,4.14613e-05,
47600,0.507112,0.541991,0.457086,0.57088,0.52023,0.475622,0.501085,0.527478,0.480387,0.438225,0.537352,0.441802,0.534906,0.513673,0.461342,0.44664,0.481893,0.51396,0.423402,0.409283,0.425224,0.378572,0.42393,0.3339,0.348789,0.251735,0.315176,0.158615,0.210023,0.0998183,0.144041,0.0672439,0.0915109,0.0485447,0.0594497,0.0328197,0.0541519,0.0254598,0.0370896,0.0197518,0.0323105,0.0158976,0.0215199,0.0128311,0.0199397,0.0104058,0.0140768,0.00794859,0.0110202,0.00685933,0.00931652,0.00642275,0.0068662,0.00459029,0.00542417,0.00389429,0.00506354,0.00291566,0.0038118,0.0026161,0.00305577,0.00223002,0.00257897,0.00159068,0.00208639,0.00139245,0.00193147,0.00108742,0.00163186,0.000920704,0.00118065,0.000717214,0.00104056,0.000637692,0.000816487,0.000499252,0.000596808,0.000449087,0.000521332,0.000359042,0.000408977,0.000300189,0.00037326,0.000214465,0.000290347,0.00016563,0.000232576,0.00015683,0.000172584,0.000103715,0.000151629,9.949e-05,0.000130339,7.8574e-05,9.63957e-05,6.17721e-05,9.3066e-05,5.97872e-05,6.73975e-05,4.14613e-05,
47800,0.533058,0.541991,0.457086,0.57088,0.52023,0.475622,0.501085,0.527478,0.480387,0.472656,0.537352,0.475235,0.534906,0.513673,0.489023,0.486837,0.481893,0.457096,0.423402,0.409283,0.425224,0.378572,0.42393,0.31033,0.348789,0.237148,0.28972,0.158615,0.210023,0.0998183,0.144041,0.0714909,0.0915109,0.0485447,0.0665094,0.0328197,0.0541519,0.0267678,0.0370896,0.0220413,0.0306035,0.0158976,0.019857,0.0128311,0.0199397,0.0104058,0.0140768,0.00847849,0.0117195,0.00685933,0.00843192,0.00587586,0.0068662,0.00488116,0.00542417,0.00389429,0.00533801,0.00291566,0.0038118,0.00238065,0.00305577,0.00223002,0.00277089,0.00159068,0.00208639,0.00139245,0.001833,0.00108742,0.00153963,0.000920704,0.00111506,0.000717214,0.00114887,0.000637692,0.000862672,0.000525944,0.000596808,0.000420724,0.000476791,0.00038051,0.000447371,0.00027017,0.000403121,0.000214465,0.000313575,0.000183849,0.000232576,0.000173153,0.000172584,0.000103715,0.000151629,9.11457e-05,0.000130339,8.4316e-05,0.000102522,6.58902e-05,9.3066e-05,5.97872e-05,7.10009e-05,4.14613e-05,
48000,0.533058,0.505465,0.502794,0.57088,0.489441,0.475622,0.501085,0.554741,0.507703,0.512205,0.498825,0.475235,0.534906,0.513673,0.489023,0.486837,0.481893,0.394546,0.423402,0.409283,0.425224,0.378572,0.401204,0.31033,0.348789,0.251276,0.271478,0.158615,0.210023,0.0998183,0.144041,0.0714909,0.0915109,0.0444409,0.0665094,0.0328197,0.0541519,0.0251385,0.0370896,0.0207149,0.0306035,0.0170624,0.019857,0.0128311,0.0174926,0.0104058,0.0130396,0.00847849,0.0117195,0.00724517,0.00843192,0.00533644,0.0068662,0.00488116,0.00542417,0.00389429,0.00533801,0.00291566,0.0038118,0.00238065,0.00328028,0.00223002,0.00252392,0.00150525,0.00208639,0.00132058,0.00196097,0.00117534,0.00153963,0.000920704,0.00122548,0.000678766,0.00114887,0.00059943,0.000862672,0.000525944,0.000596808,0.000444248,0.000533265,0.000356189,0.000404849,0.00027017,0.000342241,0.000214465,0.000313575,0.000183849,0.000246257,0.000173153,0.000182972,0.000109917,0.000162801,9.11457e-05,0.000130339,8.4316e-05,0.000102522,6.58902e-05,9.3066e-05,5.24116e-05,7.10009e-05,4.59697e-05,
48200,0.488736,0.505465,0.502794,0.57088,0.489441,0.475622,0.501085,0.51107,0.507703,0.512205,0.498825,0.505196,0.579393,0.513673,0.489023,0.453057,0.481893,0.394546,0.477289,0.409283,0.388663,0.378572,0.424018,0.31033,0.348789,0.251276,0.271478,0.158615,0.194666,0.0998183,0.135899,0.0714909,0.0915109,0.0484104,0.0605371,0.0328197,0.0541519,0.0251385,0.0370896,0.0207149,0.0283319,0.0170624,0.019857,0.0128311,0.0174926,0.00973684,0.0130396,0.00847849,0.0117195,0.00764768,0.00843192,0.00533644,0.00638556,0.00449067,0.00542417,0.00389429,0.00560491,0.00291566,0.0038118,0.00253127,0.00328028,0.00201828,0.00252392,0.00161881,0.00196121,0.00132058,0.00196097,0.00117534,0.00142454,0.000920704,0.00115978,0.000678766,0.00107817,0.00055822,0.000803364,0.000525944,0.000537127,0.000408367,0.000533265,0.000334818,0.000404849,0.00027017,0.000342241,0.000214465,0.000313575,0.000183849,0.000246257,0.000154034,0.000182972,0.000109917,0.000149205,9.11457e-05,0.00013758,7.81839e-05,0.000102522,6.58902e-05,9.3066e-05,5.24116e-05,7.10009e-05,4.59697e-05,
48400,0.488736,0.505465,0.502794,0.57088,0.528596,0.504159,0.501085,0.51107,0.507703,0.512205,0.498825,0.505196,0.579393,0.513673,0.489023,0.427937,0.443538,0.394546,0.477289,0.409283,0.427529,0.355858,0.424018,0.31033,0.348789,0.251276,0.271478,0.158615,0.194666,0.106153,0.135899,0.0714909,0.0915109,0.0484104,0.0605371,0.0303865,0.0541519,0.0251385,0.0370896,0.0207149,0.0283319,0.0156096,0.0209861,0.0137738,0.0174926,0.00916886,0.0130396,0.00847849,0.0117195,0.00764768,0.00912539,0.00533644,0.00638556,0.00486415,0.00587803,0.00389429,0.00560491,0.00291566,0.0038118,0.00253127,0.00328028,0.00201828,0.00252392,0.00161881,0.00196121,0.00132058,0.00185241,0.00111123,0.00142454,0.000920704,0.00115978,0.000730873,0.00107817,0.000609748,0.00085401,0.000487959,0.000537127,0.000432948,0.000533265,0.000334818,0.000404849,0.00027017,0.000342241,0.000214465,0.000267964,0.000183849,0.000228112,0.000154034,0.000182972,0.000120909,0.000149205,9.6242e-05,0.00013758,7.81839e-05,0.000102522,7.05093e-05,7.97992e-05,5.65649e-05,7.10009e-05,4.59697e-05,
48600,0.488736,0.505465,0.502794,0.507967,0.528596,0.470183,0.501085,0.543549,0.533567,0.559067,0.498825,0.561444,0.579393,0.513673,0.489023,0.427937,0.443538,0.394546,0.477289,0.409283,0.387026,0.335523,0.392323,0.283906,0.348789,0.238114,0.256426,0.158615,0.194666,0.106153,0.135899,0.0672933,0.0915109,0.0438044,0.0605371,0.0303865,0.0541519,0.0251385,0.0370896,0.0207149,0.0283319,0.0156096,0.0209861,0.0137738,0.0160863,0.0102167,0.0141531,0.00847849,0.0117195,0.00764768,0.00912539,0.00533644,0.00638556,0.00421912,0.00630989,0.00389429,0.00496729,0.00291566,0.00402621,0.00253127,0.00328028,0.00201828,0.00272687,0.00161881,0.00206527,0.00124031,0.00175896,0.00111123,0.00133485,0.000920704,0.00115978,0.000730873,0.000928883,0.000561476,0.000785033,0.000487959,0.000611593,0.000393519,0.000533265,0.000334818,0.000404849,0.000247419,0.000342241,0.000214465,0.000305479,0.000183849,0.000228112,0.000154034,0.000182972,0.000120909,0.000149205,9.6242e-05,0.00013758,7.81839e-05,0.000102522,7.05093e-05,8.89191e-05,5.65649e-05,7.10009e-05,4.59697e-05,
48800,0.488736,0.505465,0.533321,0.507967,0.465763,0.498194,0.501085,0.543549,0.505027,0.559067,0.498825,0.5053,0.533278,0.55799,0.489023,0.459672,0.505962,0.427997,0.477289,0.409283,0.439389,0.360174,0.392323,0.298718,0.348789,0.238114,0.256426,0.158615,0.194666,0.119989,0.135899,0.0672933,0.0915109,0.0403365,0.0643605,0.0303865,0.0610918,0.0232725,0.040016,0.0187572,0.0283319,0.0156096,0.0209861,0.0137738,0.0170368,0.0102167,0.0141531,0.00781104,0.0117195,0.00764768,0.00912539,0.00533644,0.00638556,0.00421912,0.00675096,0.00389429,0.00496729,0.00267809,0.00435915,0.00272638,0.00352933,0.00201828,0.00250984,0.00153628,0.00226958,0.00133073,0.00175896,0.00111123,0.00151948,0.000843484,0.00101452,0.000730873,0.000928883,0.000561476,0.000832135,0.000531876,0.000611593,0.000393519,0.000591036,0.000334818,0.000404849,0.000247419,0.000342241,0.000188813,0.000305479,0.000183849,0.000228112,0.000154034,0.000182972,0.000111446,0.000149205,0.000101953,0.000150279,7.81839e-05,0.000102522,6.34584e-05,8.89191e-05,5.65649e-05,6.74118e-05,4.59697e-05,
49000,0.488736,0.505465,0.533321,0.507967,0.465763,0.526375,0.501085,0.543549,0.467025,0.559067,0.498825,0.5053,0.485392,0.55799,0.463922,0.485033,0.505962,0.427997,0.477289,0.409283,0.439389,0.360174,0.392323,0.298718,0.327862,0.252401,0.223915,0.146358,0.171058,0.10799,0.126647,0.0672933,0.0915109,0.0403365,0.0643605,0.0339049,0.0610918,0.0247305,0.0366462,0.0175067,0.0283319,0.0167007,0.0209861,0.0127025,0.0181147,0.0102167,0.014886,0.00862765,0.0117195,0.00764768,0.00912539,0.00533644,0.00638556,0.00462825,0.00675096,0.00369782,0.00548039,0.00267809,0.00435915,0.00272638,0.00352933,0.00201828,0.00250984,0.00153628,0.00215174,0.00133073,0.00165704,0.00111123,0.00151948,0.000843484,0.00108847,0.000730873,0.00103891,0.000561476,0.00075281,0.000531876,0.000652366,0.000393519,0.000543521,0.000294503,0.000404849,0.000247419,0.000342241,0.000211235,0.000305479,0.000183849,0.000228112,0.000154034,0.000173472,0.000111446,0.000149205,9.67994e-05,0.000150279,7.81839e-05,0.000102522,6.34584e-05,9.58691e-05,5.21599e-05,6.74118e-05,4.59697e-05,
49200,0.514459,0.534349,0.533321,0.541832,0.521236,0.526375,0.544035,0.543549,0.467025,0.559067,0.498825,0.5053,0.441909,0.491461,0.49156,0.445681,0.463355,0.427997,0.477289,0.409283,0.439389,0.360174,0.392323,0.268847,0.327862,0.252401,0.223915,0.154591,0.171058,0.10043,0.126647,0.0672933,0.0828041,0.0403365,0.0643605,0.0339049,0.0500371,0.0247305,0.0366462,0.0185161,0.0283319,0.0167007,0.0209861,0.0135494,0.0169868,0.0102167,0.014886,0.00862765,0.0117195,0.00764768,0.00912539,0.00562923,0.00638556,0.00462825,0.00614476,0.00369782,0.00548039,0.00267809,0.00435915,0.00272638,0.00352933,0.00201828,0.00268553,0.00153628,0.00201776,0.00142416,0.00165704,0.00122004,0.00151948,0.000929627,0.00116104,0.000730873,0.00114891,0.000561476,0.00075281,0.000531876,0.000652366,0.000393519,0.000577787,0.000294503,0.000404849,0.000247419,0.000342241,0.000211235,0.000305479,0.000183849,0.000228112,0.000154034,0.000163205,0.000104672,0.000149205,9.67994e-05,0.000150279,8.563e-05,0.000102522,6.7689e-05,9.06398e-05,5.21599e-05,6.74118e-05,4.59697e-05,
49400,0.514459,0.561067,0.533321,0.541832,0.521236,0.526375,0.544035,0.49194,0.467025,0.559067,0.498825,0.476846,0.479934,0.491461,0.49156,0.445681,0.463355,0.427997,0.432127,0.409283,0.439389,0.360174,0.392323,0.268847,0.327862,0.252401,0.259198,0.154591,0.171058,0.10043,0.126647,0.0631521,0.0946332,0.0403365,0.0643605,0.0358424,0.0532027,0.027834,0.0366462,0.0197505,0.0283319,0.0167007,0.0209861,0.0135494,0.0169868,0.0102167,0.015832,0.00920282,0.0117195,0.00813301,0.00964926,0.00604531,0.00688938,0.00495375,0.00614476,0.00369782,0.00548039,0.00284828,0.00435915,0.00257767,0.00352933,0.00215918,0.00268553,0.00153628,0.00216485,0.00142416,0.001571,0.00122004,0.00142913,0.000929627,0.001264,0.000688887,0.00108844,0.000497307,0.00075281,0.000531876,0.000652366,0.000393519,0.000577787,0.000294503,0.000404849,0.000268396,0.000342241,0.000211235,0.000305479,0.000193041,0.000228112,0.000154034,0.000182297,0.000104672,0.000149205,9.67994e-05,0.000150279,8.563e-05,9.6394e-05,6.7689e-05,9.06398e-05,5.21599e-05,6.74118e-05,4.59697e-05,
49600,0.514459,0.561067,0.533321,0.541832,0.521236,0.56828,0.588838,0.521884,0.496214,0.559067,0.462352,0.476846,0.446632,0.491461,0.49156,0.445681,0.463355,0.427997,0.388914,0.409283,0.462881,0.360174,0.420993,0.268847,0.355965,0.228489,0.259198,0.154591,0.180734,0.10043,0.137062,0.0714366,0.0946332,0.0433991,0.0643605,0.0358424,0.0503455,0.0256557,0.0333555,0.0197505,0.0307763,0.0167007,0.0209861,0.0135494,0.0169868,0.0102167,0.0148907,0.00920282,0.0129263,0.00813301,0.00964926,0.00604531,0.00688938,0.00455184,0.00614476,0.00369782,0.00513861,0.00305591,0.00435915,0.00257767,0.00352933,0.00193085,0.0028545,0.00140341,0.00216485,0.00135021,0.001571,0.00128941,0.00142913,0.000929627,0.001264,0.000688887,0.00108844,0.000532225,0.00075281,0.000531876,0.000652366,0.000393519,0.000577787,0.000323667,0.000404849,0.000268396,0.000373587,0.00019579,0.000305479,0.000193041,0.000242589,0.000167512,0.000182297,0.000104672,0.000149205,9.67994e-05,0.000150279,9.02082e-05,9.6394e-05,6.42382e-05,9.06398e-05,4.81858e-05,6.74118e-05,4.59697e-05,
49800,0.514459,0.561067,0.482856,0.541832,0.521236,0.56828,0.523553,0.521884,0.496214,0.559067,0.462352,0.476846,0.446632,0.428138,0.516602,0.445681,0.463355,0.427997,0.43074,0.446729,0.438847,0.360174,0.420993,0.292688,0.355965,0.248482,0.244078,0.154591,0.180734,0.0945336,0.128014,0.0714366,0.0946332,0.0433991,0.0643605,0.0358424,0.0503455,0.0256557,0.0333555,0.0197505,0.0307763,0.0167007,0.0209861,0.0135494,0.0169868,0.0102167,0.0148907,0.00920282,0.0112874,0.00695003,0.00964926,0.00604531,0.00688938,0.00455184,0.00614476,0.00369782,0.00513861,0.00305591,0.00412138,0.00230714,0.00332046,0.00193085,0.0028545,0.00147663,0.00216485,0.00135021,0.00167573,0.00119994,0.00142913,0.000929627,0.0011118,0.000688887,0.00108844,0.000532225,0.000812742,0.000531876,0.000652366,0.000393519,0.000577787,0.000323667,0.000429492,0.000268396,0.000352239,0.000210217,0.000305479,0.000178515,0.000242589,0.000146531,0.000182297,0.000114259,0.000149205,9.10704e-05,0.000150279,9.02082e-05,9.6394e-05,6.42382e-05,9.06398e-05,4.81858e-05,7.10417e-05,4.59697e-05,
50000,0.514459,0.609806,0.482856,0.541832,0.521236,0.523291,0.523553,0.521884,0.496214,0.525979,0.491553,0.476846,0.486013,0.428138,0.516602,0.445681,0.463355,0.427997,0.43074,0.446729,0.471088,0.360174,0.420993,0.292688,0.387351,0.248482,0.244078,0.154591,0.191197,0.100469,0.128014,0.0714366,0.102132,0.0433991,0.0729876,0.0312437,0.0503455,0.0256557,0.0333555,0.0197505,0.0284045,0.0167007,0.0231294,0.0120666,0.0183391,0.0102167,0.0148907,0.00920282,0.0122064,0.00695003,0.00964926,0.00562969,0.00688938,0.00524506,0.00651682,0.00347027,0.00513861,0.00341012,0.00412138,0.00230714,0.00332046,0.00193085,0.00265469,0.00147663,0.00216485,0.00144502,0.00167573,0.00119994,0.00132025,0.000978554,0.00118225,0.000688887,0.00108844,0.000562162,0.000771308,0.000473261,0.000652366,0.000432051,0.000577787,0.000323667,0.000429492,0.000293823,0.000352239,0.000210217,0.000305479,0.000168315,0.000242589,0.000146531,0.000192762,0.000114259,0.000139258,9.10704e-05,0.000150279,9.02082e-05,9.6394e-05,6.42382e-05,9.06398e-05,4.81858e-05,7.10417e-05,4.59697e-05,
50200,0.514459,0.609806,0.482856,0.541832,0.521236,0.523291,0.523553,0.521884,0.496214,0.525979,0.491553,0.476846,0.486013,0.428138,0.516602,0.445681,0.463355,0.427997,0.43074,0.446729,0.471088,0.360174,0.420993,0.292688,0.387351,0.248482,0.244078,0.154591,0.191197,0.100469,0.128014,0.0714366,0.102132,0.0433991,0.0729876,0.0312437,0.0503455,0.0256557,0.0333555,0.0197505,0.0284045,0.0167007,0.0231294,0.0120666,0.0183391,0.0102167,0.0148907,0.00920282,0.0122064,0.00695003,0.00964926,0.00562969,0.00688938,0.00524506,0.00651682,0.00347027,0.00513861,0.00341012,0.00412138,0.00230714,0.00332046,0.00193085,0.00265469,0.00147663,0.00216485,0.00144502,0.00167573,0.00119994,0.00132025,0.000978554,0.00118225,0.000688887,0.00108844,0.000562162,0.000771308,0.000473261,0.000652366,0.000432051,0.000577787,0.000323667,0.000429492,0.000293823,0.000352239,0.000210217,0.000305479,0.000168315,0.000242589,0.000146531,0.000192762,0.000114259,0.000139258,9.10704e-05,0.000150279,9.02082e-05,9.6394e-05,6.42382e-05,9.06398e-05,4.81858e-05,7.10417e-05,4.59697e-05,
50400,0.514459,0.609806,0.482856,0.541832,0.521236,0.523291,0.523553,0.521884,0.496214,0.525979,0.491553,0.476846,0.486013,0.428138,0.516602,0.445681,0.463355,0.427997,0.43074,0.446729,0.471088,0.360174,0.420993,0.292688,0.387351,0.248482,0.244078,0.154591,0.191197,0.100469,0.128014,0.0714366,0.102132,0.0433991,0.0729876,0.0312437,0.0503455,0.0256557,0.0333555,0.0197505,0.0284045,0.0167007,0.0231294,0.0120666,0.0183391,0.0102167,0.0148907,0.00920282,0.0122064,0.00695003,0.00964926,0.00562969,0.00688938,0.00524506,0.00651682,0.00347027,0.00513861,0.00341012,0.00412138,0.00230714,0.00332046,0.00193085,0.00265469,0.00147663,0.00216485,0.00144502,0.00167573,0.00119994,0.00132025,0.000978554,0.00118225,0.000688887,0.00108844,0.000562162,0.000771308,0.000473261,0.000652366,0.000432051,0.000577787,0.000323667,0.000429492,0.000293823,0.000352239,0.000210217,0.000305479,0.000168315,0.000242589,0.000146531,0.000192762,0.000114259,0.000139258,9.10704e-05,0.000150279,9.02082e-05,9.6394e-05,6.42382e-05,9.06398e-05,4.81858e-05,7.10417e-05,4.59697e-05,
50600,0.514459,0.609806,0.482856,0.541832,0.521236,0.523291,0.523553,0.521884,0.496214,0.525979,0.491553,0.476846,0.486013,0.428138,0.516602,0.445681,0.463355,0.427997,0.43074,0.446729,0.471088,0.360174,0.420993,0.292688,0.387351,0.248482,0.244078,0.154591,0.191197,0.100469,0.128014,0.0714366,0.102132,0.0433991,0.0729876,0.0312437,0.0503455,0.0256557,0.0333555,0.0197505,0.0284045,0.0167007,0.0231294,0.0120666,0.0183391,0.0102167,0.0148907,0.00920282,0.0122064,0.00695003,0.00964926,0.00562969,0.00688938,0.00524506,0.00651682,0.00347027,0.00513861,0.00341012,0.00412138,0.00230714,0.00332046,0.00193085,0.00265469,0.00147663,0.00216485,0.00144502,0.00167573,0.00119994,0.00132025,0.000978554,0.00118225,0.000688887,0.00108844,0.000562162,0.000771308,0.000473261,0.000652366,0.000432051,0.000577787,0.000323667,0.000429492,0.000293823,0.000352239,0.000210217,0.000305479,0.000168315,0.000242589,0.000146531,0.000192762,0.000114259,0.000139258,9.10704e-05,0.000150279,9.02082e-05,9.6394e-05,6.42382e-05,9.06398e-05,4.81858e-05,7.10417e-05,4.59697e-05,
50800,0.514459,0.609806,0.482856,0.541832,0.521236,0.523291,0.523553,0.521884,0.496214,0.525979,0.491553,0.476846,0.486013,0.428138,0.516602,0.445681,0.463355,0.427997,0.43074,0.446729,0.471088,0.360174,0.420993,0.292688,0.387351,0.248482,0.244078,0.154591,0.191197,0.100469,0.128014,0.0714366,0.102132,0.0433991,0.0729876,0.0312437,0.0503455,0.0256557,0.0333555,0.0197505,0.0284045,0.0167007,0.0231294,0.0120666,0.0183391,0.0102167,0.0148907,0.00920282,0.0122064,0.00695003,0.00964926,0.00562969,0.00688938,0.00524506,0.00651682,0.00347027,0.00513861,0.00341012,0.00412138,0.00230714,0.00332046,0.00193085,0.00265469,0.00147663,0.00216485,0.00144502,0.00167573,0.00119994,0.00132025,0.000978554,0.00118225,0.000688887,0.00108844,0.000562162,0.000771308,0.000473261,0.000652366,0.000432051,0.000577787,0.000323667,0.000429492,0.000293823,0.000352239,0.000210217,0.000305479,0.000168315,0.000242589,0.000146531,0.000192762,0.000114259,0.000139258,9.10704e-05,0.000150279,9.02082e-05,9.6394e-05,6.42382e-05,9.06398e-05,4.81858e-05,7.10417e-05,4.59697e-05,
51000,0.514459,0.609806,0.482856,0.541832,0.521236,0.523291,0.523553,0.521884,0.496214,0.525979,0.491553,0.476846,0.486013,0.428138,0.516602,0.445681,0.463355,0.427997,0.43074,0.446729,0.471088,0.360174,0.420993,0.292688,0.387351,0.248482,0.244078,0.154591,0.191197,0.100469,0.128014,0.0714366,0.102132,0.0433991,0.0729876,0.0312437,0.0503455,0.0256557,0.0333555,0.0197505,0.0284045,0.0167007,0.0231294,0.0120666,0.0183391,0.0102167,0.0148907,0.00920282,0.0122064,0.00695003,0.00964926,0.00562969,0.00688938,0.00524506,0.00651682,0.00347027,0.00513861,0.00341012,0.00412138,0.00230714,0.00332046,0.00193085,0.00265469,0.00147663,0.00216485,0.00144502,0.00167573,0.00119994,0.00132025,0.000978554,0.00118225,0.000688887,0.00108844,0.000562162,0.000771308,0.000473261,0.000652366,0.000432051,0.000577787,0.000323667,0.000429492,0.000293823,0.000352239,0.000210217,0.000305479,0.000168315,0.000242589,0.000146531,0.000192762,0.000114259,0.000139258,9.10704e-05,0.000150279,9.02082e-05,9.6394e-05,6.42382e-05,9.06398e-05,4.81858e-05,7.10417e-05,4.59697e-05,
51200,0.514459,0.609806,0.482856,0.541832,0.521236,0.523291,0.523553,0.521884,0.496214,0.525979,0.491553,0.476846,0.486013,0.428138,0.516602,0.445681,0.463355,0.427997,0.43074,0.446729,0.471088,0.360174,0.420993,0.292688,0.387351,0.248482,0.244078,0.154591,0.191197,0.100469,0.128014,0.0714366,0.102132,0.0433991,0.0729876,0.0312437,0.0503455,0.0256557,0.0333555,0.0197505,0.0284045,0.0167007,0.0231294,0.0120666,0.0183391,0.0102167,0.0148907,0.00920282,0.0122064,0.00695003,0.00964926,0.00562969,0.00688938,0.00524506,0.00651682,0.00347027,0.00513861,0.00341012,0.00412138,0.00230714,0.00332046,0.00193085,0.00265469,0.00147663,0.00216485,0.00144502,0.00167573,0.00119994,0.00132025,0.000978554,0.00118225,0.000688887,0.00108844,0.000562162,0.000771308,0.000473261,0.000652366,0.000432051,0.000577787,0.000323667,0.000429492,0.000293823,0.000352239,0.000210217,0.000305479,0.000168315,0.000242589,0.000146531,0.000192762,0.000114259,0.000139258,9.10704e-05,0.000150279,9.02082e-05,9.6394e-05,6.42382e-05,9.06398e-05,4.81858e-05,7.10417e-05,4.59697e-05,
51400,0.514459,0.609806,0.482856,0.541832,0.521236,0.523291,0.523553,0.521884,0.496214,0.525979,0.491553,0.476846,0.486013,0.428138,0.516602,0.445681,0.463355,0.427997,0.43074,0.446729,0.471088,0.360174,0.420993,0.292688,0.387351,0.248482,0.244078,0.154591,0.191197,0.100469,0.128014,0.0714366,0.102132,0.0433991,0.0729876,0.0312437,0.0503455,0.0256557,0.0333555,0.0197505,0.0284045,0.0167007,0.0231294,0.0120666,0.0183391,0.0102167,0.0148907,0.00920282,0.0122064,0.00695003,0.00964926,0.00562969,0.00688938,0.00524506,0.00651682,0.00347027,0.00513861,0.00341012,0.00412138,0.00230714,0.00332046,0.00193085,0.00265469,0.00147663,0.00216485,0.00144502,0.00167573,0.00119994,0.00132025,0.000978554,0.00118225,0.000688887,0.00108844,0.000562162,0.000771308,0.000473261,0.000652366,0.000432051,0.000577787,0.000323667,0.000429492,0.000293823,0.000352239,0.000210217,0.000305479,0.000168315,0.000242589,0.000146531,0.000192762,0.000114259,0.000139258,9.10704e-05,0.000150279,9.02082e-05,9.6394e-05,6.42382e-05,9.06398e-05,4.81858e-05,7.10417e-05,4.59697e-05,
51600,0.514459,0.609806,0.482856,0.541832,0.521236,0.523291,0.523553,0.521884,0.496214,0.525979,0.491553,0.476846,0.486013,0.428138,0.516602,0.445681,0.463355,0.427997,0.43074,0.446729,0.471088,0.360174,0.420993,0.292688,0.387351,0.248482,0.244078,0.154591,0.191197,0.100469,0.128014,0.0714366,0.102132,0.0433991,0.0729876,0.0312437,0.0503455,0.0256557,0.0333555,0.0197505,0.0284045,0.0167007,0.0231294,0.0120666,0.0183391,0.0102167,0.0148907,0.00920282,0.0122064,0.00695003,0.00964926,0.00562969,0.00688938,0.00524506,0.00651682,0.00347027,0.00513861,0.00341012,0.00412138,0.00230714,0.00332046,0.00193085,0.00265469,0.00147663,0.00216485,0.00144502,0.00167573,0.00119994,0.00132025,0.000978554,0.00118225,0.000688887,0.00108844,0.000562162,0.000771308,0.000473261,0.000652366,0.000432051,0.000577787,0.000323667,0.000429492,0.000293823,0.000352239,0.000210217,0.000305479,0.000168315,0.000242589,0.000146531,0.000192762,0.000114259,0.000139258,9.10704e-05,0.000150279,9.02082e-05,9.6394e-05,6.42382e-05,9.06398e-05,4.81858e-05,7.10417e-05,4.59697e-05,
51800,0.514459,0.609806,0.482856,0.541832,0.521236,0.523291,0.523553,0.521884,0.496214,0.525979,0.491553,0.476846,0.486013,0.428138,0.516602,0.445681,0.463355,0.427997,0.43074,0.446729,0.471088,0.360174,0.420993,0.292688,0.387351,0.248482,0.244078,0.154591,0.191197,0.100469,0.128014,0.0714366,0.102132,0.0433991,0.0729876,0.0312437,0.0503455,0.0256557,0.0333555,0.0197505,0.0284045,0.0167007,0.0231294,0.0120666,0.0183391,0.0102167,0.0148907,0.00920282,0.0122064,0.00695003,0.00964926,0.00562969,0.00688938,0.00524506,0.00651682,0.00347027,0.00513861,0.00341012,0.00412138,0.00230714,0.00332046,0.00193085,0.00265469,0.00147663,0.00216485,0.00144502,0.00167573,0.00119994,0.00132025,0.000978554,0.00118225,0.000688887,0.00108844,0.000562162,0.000771308,0.000473261,0.000652366,0.000432051,0.000577787,0.000323667,0.000429492,0.000293823,0.000352239,0.000210217,0.000305479,0.000168315,0.000242589,0.000146531,0.000192762,0.000114259,0.000139258,9.10704e-05,0.000150279,9.02082e-05,9.6394e-05,6.42382e-05,9.06398e-05,4.81858e-05,7.10417e-05,4.59697e-05,
52000,0.514459,0.609806,0.482856,0.541832,0.521236,0.523291,0.523553,0.521884,0.496214,0.525979,0.491553,0.476846,0.486013,0.428138,0.516602,0.445681,0.463355,0.427997,0.43074,0.446729,0.471088,0.360174,0.420993,0.292688,0.387351,0.248482,0.244078,0.154591,0.191197,0.100469,0.128014,0.0714366,0.102132,0.0433991,0.0729876,0.0312437,0.0503455,0.0256557,0.0333555,0.0197505,0.0284045,0.0167007,0.0231294,0.0120666,0.0183391,0.0102167,0.0148907,0.00920282,0.0122064,0.00695003,0.00964926,0.00562969,0.00688938,0.00524506,0.00651682,0.00347027,0.00513861,0.00341012,0.00412138,0.00230714,0.00332046,0.00193085,0.00265469,0.00147663,0.00216485,0.00144502,0.00167573,0.00119994,0.00132025,0.000978554,0.00118225,0.000688887,0.00108844,0.000562162,0.000771308,0.000473261,0.000652366,0.000432051,0.000577787,0.000323667,0.000429492,0.000293823,0.000352239,0.000210217,0.000305479,0.000168315,0.000242589,0.000146531,0.000192762,0.000114259,0.000139258,9.10704e-05,0.000150279,9.02082e-05,9.6394e-05,6.42382e-05,9.06398e-05,4.81858e-05,7.10417e-05,4.59697e-05,
52200,0.514459,0.609806,0.482856,0.541832,0.521236,0.523291,0.523553,0.521884,0.496214,0.525979,0.491553,0.476846,0.486013,0.428138,0.516602,0.445681,0.463355,0.427997,0.43074,0.446729,0.471088,0.360174,0.420993,0.292688,0.387351,0.248482,0.244078,0.154591,0.191197,0.100469,0.128014,0.0714366,0.102132,0.0433991,0.0729876,0.0312437,0.0503455,0.0256557,0.0333555,0.0197505,0.0284045,0.0167007,0.0231294,0.0120666,0.0183391,0.0102167,0.0148907,0.00920282,0.0122064,0.00695003,0.00964926,0.00562969,0.00688938,0.00524506,0.00651682,0.00347027,0.00513861,0.00341012,0.00412138,0.00230714,0.00332046,0.00193085,0.00265469,0.00147663,0.00216485,0.00144502,0.00167573,0.00119994,0.00132025,0.000978554,0.00118225,0.000688887,0.00108844,0.000562162,0.000771308,0.000473261,0.000652366,0.000432051,0.000577787,0.000323667,0.000429492,0.000293823,0.000352239,0.000210217,0.000305479,0.000168315,0.000242589,0.000146531,0.000192762,0.000114259,0.000139258,9.10704e-05,0.000150279,9.02082e-05,9.6394e-05,6.42382e-05,9.06398e-05,4.81858e-05,7.10417e-05,4.59697e-05,
52400,0.514459,0.609806,0.482856,0.541832,0.521236,0.523291,0.523553,0.521884,0.496214,0.525979,0.491553,0.476846,0.486013,0.428138,0.516602,0.445681,0.463355,0.427997,0.43074,0.446729,0.471088,0.360174,0.420993,0.292688,0.387351,0.248482,0.244078,0.154591,0.191197,0.100469,0.128014,0.0714366,0.102132,0.0433991,0.0729876,0.0312437,0.0503455,0.0256557,0.0333555,0.0197505,0.0284045,0.0167007,0.0231294,0.0120666,0.0183391,0.0102167,0.0148907,0.00920282,0.0122064,0.00695003,0.00964926,0.00562969,0.00688938,0.00524506,0.00651682,0.00347027,0.00513861,0.00341012,0.00412138,0.00230714,0.00332046,0.00193085,0.00265469,0.00147663,0.00216485,0.00144502,0.00167573,0.00119994,0.00132025,0.000978554,0.00118225,0.000688887,0.00108844,0.000562162,0.000771308,0.000473261,0.000652366,0.000432051,0.000577787,0.000323667,0.000429492,0.000293823,0.000352239,0.000210217,0.000305479,0.000168315,0.000242589,0.000146531,0.000192762,0.000114259,0.000139258,9.10704e-05,0.000150279,9.02082e-05,9.6394e-05,6.42382e-05,9.06398e-05,4.81858e-05,7.10417e-05,4.59697e-05,
52600,0.514459,0.609806,0.482856,0.541832,0.521236,0.523291,0.523553,0.521884,0.496214,0.525979,0.491553,0.476846,0.486013,0.428138,0.516602,0.445681,0.463355,0.427997,0.43074,0.446729,0.471088,0.360174,0.420993,0.292688,0.387351,0.248482,0.244078,0.154591,0.191197,0.100469,0.128014,0.0714366,0.102132,0.0433991,0.0729876,0.0312437,0.0503455,0.0256557,0.0333555,0.0197505,0.0284045,0.0167007,0.0231294,0.0120666,0.0183391,0.0102167,0.0148907,0.00920282,0.0122064,0.00695003,0.00964926,0.00562969,0.00688938,0.00524506,0.00651682,0.00347027,0.00513861,0.00341012,0.00412138,0.00230714,0.00332046,0.00193085,0.00265469,0.00147663,0.00216485,0.00144502,0.00167573,0.00119994,0.00132025,0.000978554,0.00118225,0.000688887,0.00108844,0.000562162,0.000771308,0.000473261,0.000652366,0.000432051,0.000577787,0.000323667,0.000429492,0.000293823,0.000352239,0.000210217,0.000305479,0.000168315,0.000242589,0.000146531,0.000192762,0.000114259,0.000139258,9.10704e-05,0.000150279,9.02082e-05,9.6394e-05,6.42382e-05,9.06398e-05,4.81858e-05,7.10417e-05,4.59697e-05,
52800,0.514459,0.609806,0.482856,0.541832,0.521236,0.523291,0.523553,0.521884,0.496214,0.525979,0.491553,0.476846,0.486013,0.428138,0.516602,0.445681,0.463355,0.427997,0.43074,0.446729,0.471088,0.360174,0.420993,0.292688,0.387351,0.248482,0.244078,0.154591,0.191197,0.100469,0.128014,0.0714366,0.102132,0.0433991,0.0729876,0.0312437,0.0503455,0.0256557,0.0333555,0.0197505,0.0284045,0.0167007,0.0231294,0.0120666,0.0183391,0.0102167,0.0148907,0.00920282,0.0122064,0.00695003,0.00964926,0.00562969,0.00688938,0.00524506,0.00651682,0.00347027,0.00513861,0.00341012,0.00412138,0.00230714,0.00332046,0.00193085,0.00265469,0.00147663,0.00216485,0.00144502,0.00167573,0.00119994,0.00132025,0.000978554,0.00118225,0.000688887,0.00108844,0.000562162,0.000771308,0.000473261,0.000652366,0.000432051,0.000577787,0.000323667,0.000429492,0.000293823,0.000352239,0.000210217,0.000305479,0.000168315,0.000242589,0.000146531,0.000192762,0.000114259,0.000139258,9.10704e-05,0.000150279,9.02082e-05,9.6394e-05,6.42382e-05,9.06398e-05,4.81858e-05,7.10417e-05,4.59697e-05,
53000,0.514459,0.609806,0.482856,0.541832,0.521236,0.523291,0.523553,0.521884,0.496214,0.525979,0.491553,0.476846,0.486013,0.428138,0.516602,0.445681,0.463355,0.427997,0.43074,0.446729,0.471088,0.360174,0.420993,0.292688,0.387351,0.248482,0.244078,0.154591,0.191197,0.100469,0.128014,0.0714366,0.102132,0.0433991,0.0729876,0.0312437,0.0503455,0.0256557,0.0333555,0.0197505,0.0284045,0.0167007,0.0231294,0.0120666,0.0183391,0.0102167,0.0148907,0.00920282,0.0122064,0.00695003,0.00964926,0.00562969,0.00688938,0.00524506,0.00651682,0.00347027,0.00513861,0.00341012,0.00412138,0.00230714,0.00332046,0.00193085,0.00265469,0.00147663,0.00216485,0.00144502,0.00167573,0.00119994,0.00132025,0.000978554,0.00118225,0.000688887,0.00108844,0.000562162,0.000771308,0.000473261,0.000652366,0.000432051,0.000577787,0.000323667,0.000429492,0.000293823,0.000352239,0.000210217,0.000305479,0.000168315,0.000242589,0.000146531,0.000192762,0.000114259,0.000139258,9.10704e-05,0.000150279,9.02082e-05,9.6394e-05,6.42382e-05,9.06398e-05,4.81858e-05,7.10417e-05,4.59697e-05,
53200,0.514459,0.609806,0.482856,0.541832,0.521236,0.523291,0.523553,0.521884,0.496214,0.525979,0.491553,0.476846,0.486013,0.428138,0.516602,0.445681,0.463355,0.427997,0.43074,0.446729,0.471088,0.360174,0.420993,0.292688,0.387351,0.248482,0.244078,0.154591,0.191197,0.100469,0.128014,0.0714366,0.102132,0.0433991,0.0729876,0.0312437,0.0503455,0.0256557,0.0333555,0.0197505,0.0284045,0.0167007,0.0231294,0.0120666,0.0183391,0.0102167,0.0148907,0.00920282,0.0122064,0.00695003,0.00964926,0.00562969,0.00688938,0.00524506,0.00651682,0.00347027,0.00513861,0.00341012,0.00412138,0.00230714,0.00332046,0.00193085,0.00265469,0.00147663,0.00216485,0.00144502,0.00167573,0.00119994,0.00132025,0.000978554,0.00118225,0.000688887,0.00108844,0.000562162,0.000771308,0.000473261,0.000652366,0.000432051,0.000577787,0.000323667,0.000429492,0.000293823,0.000352239,0.000210217,0.000305479,0.000168315,0.000242589,0.000146531,0.000192762,0.000114259,0.000139258,9.10704e-05,0.000150279,9.02082e-05,9.6394e-05,6.42382e-05,9.06398e-05,4.81858e-05,7.10417e-05,4.59697e-05,
53400,0.514459,0.609806,0.482856,0.541832,0.521236,0.523291,0.523553,0.521884,0.496214,0.525979,0.491553,0.476846,0.486013,0.428138,0.516602,0.445681,0.463355,0.427997,0.43074,0.446729,0.471088,0.360174,0.420993,0.292688,0.387351,0.248482,0.244078,0.154591,0.191197,0.100469,0.128014,0.0714366,0.102132,0.0433991,0.0729876,0.0312437,0.0503455,0.0256557,0.0333555,0.0197505,0.0284045,0.0167007,0.0231294,0.0120666,0.0183391,0.0102167,0.0148907,0.00920282,0.0122064,0.00695003,0.00964926,0.00562969,0.00688938,0.00524506,0.00651682,0.00347027,0.00513861,0.00341012,0.00412138,0.00230714,0.00332046,0.00193085,0.00265469,0.00147663,0.00216485,0.00144502,0.00167573,0.00119994,0.00132025,0.000978554,0.00118225,0.000688887,0.00108844,0.000562162,0.000771308,0.000473261,0.000652366,0.000432051,0.000577787,0.000323667,0.000429492,0.000293823,0.000352239,0.000210217,0.000305479,0.000168315,0.000242589,0.000146531,0.000192762,0.000114259,0.000139258,9.10704e-05,0.000150279,9.02082e-05,9.6394e-05,6.42382e-05,9.06398e-05,4.81858e-05,7.10417e-05,4.59697e-05,
53600,0.514459,0.609806,0.482856,0.541832,0.521236,0.523291,0.523553,0.521884,0.496214,0.525979,0.491553,0.476846,0.486013,0.428138,0.516602,0.445681,0.463355,0.427997,0.43074,0.446729,0.471088,0.360174,0.420993,0.292688,0.387351,0.248482,0.244078,0.154591,0.191197,0.100469,0.128014,0.0714366,0.102132,0.0433991,0.0729876,0.0312437,0.0503455,0.0256557,0.0333555,0.0197505,0.0284045,0.0167007,0.0231294,0.0120666,0.0183391,0.0102167,0.0148907,0.00920282,0.0122064,0.00695003,0.00964926,0.00562969,0.00688938,0.00524506,0.00651682,0.00347027,0.00513861,0.00341012,0.00412138,0.00230714,0.00332046,0.00193085,0.00265469,0.00147663,0.00216485,0.00144502,0.00167573,0.00119994,0.00132025,0.000978554,0.00118225,0.000688887,0.00108844,0.000562162,0.000771308,0.000473261,0.000652366,0.000432051,0.000577787,0.000323667,0.000429492,0.000293823,0.000352239,0.000210217,0.000305479,0.000168315,0.000242589,0.000146531,0.000192762,0.000114259,0.000139258,9.10704e-05,0.000150279,9.02082e-05,9.6394e-05,6.42382e-05,9.06398e-05,4.81858e-05,7.10417e-05,4.59697e-05,
53800,0.514459,0.609806,0.482856,0.541832,0.521236,0.523291,0.523553,0.521884,0.496214,0.525979,0.491553,0.476846,0.486013,0.428138,0.516602,0.445681,0.463355,0.427997,0.43074,0.446729,0.471088,0.360174,0.420993,0.292688,0.387351,0.248482,0.244078,0.154591,0.191197,0.100469,0.128014,0.0714366,0.102132,0.0433991,0.0729876,0.0312437,0.0503455,0.0256557,0.0333555,0.0197505,0.0284045,0.0167007,0.0231294,0.0120666,0.0183391,0.0102167,0.0148907,0.00920282,0.0122064,0.00695003,0.00964926,0.00562969,0.00688938,0.00524506,0.00651682,0.00347027,0.00513861,0.00341012,0.00412138,0.00230714,0.00332046,0.00193085,0.00265469,0.00147663,0.00216485,0.00144502,0.00167573,0.00119994,0.00132025,0.000978554,0.00118225,0.000688887,0.00108844,0.000562162,0.000771308,0.000473261,0.000652366,0.000432051,0.000577787,0.000323667,0.000429492,0.000293823,0.000352239,0.000210217,0.000305479,0.000168315,0.000242589,0.000146531,0.000192762,0.000114259,0.000139258,9.10704e-05,0.000150279,9.02082e-05,9.6394e-05,6.42382e-05,9.06398e-05,4.81858e-05,7.10417e-05,4.59697e-05,
54000,0.514459,0.609806,0.482856,0.541832,0.521236,0.523291,0.523553,0.521884,0.496214,0.525979,0.491553,0.476846,0.486013,0.428138,0.516602,0.445681,0.463355,0.427997,0.43074,0.446729,0.471088,0.360174,0.420993,0.292688,0.387351,0.248482,0.244078,0.154591,0.191197,0.100469,0.128014,0.0714366,0.102132,0.0433991,0.0729876,0.0312437,0.0503455,0.0256557,0.0333555,0.0197505,0.0284045,0.0167007,0.0231294,0.0120666,0.0183391,0.0102167,0.0148907,0.00920282,0.0122064,0.00695003,0.00964926,0.00562969,0.00688938,0.00524506,0.00651682,0.00347027,0.00513861,0.00341012,0.00412138,0.00230714,0.00332046,0.00193085,0.00265469,0.00147663,0.00216485,0.00144502,0.00167573,0.00119994,0.00132025,0.000978554,0.00118225,0.000688887,0.00108844,0.000562162,0.000771308,0.000473261,0.000652366,0.000432051,0.000577787,0.000323667,0.000429492,0.000293823,0.000352239,0.000210217,0.000305479,0.000168315,0.000242589,0.000146531,0.000192762,0.000114259,0.000139258,9.10704e-05,0.000150279,9.02082e-05,9.6394e-05,6.42382e-05,9.06398e-05,4.81858e-05,7.10417e-05,4.59697e-05,
54200,0.514459,0.609806,0.482856,0.541832,0.521236,0.523291,0.523553,0.521884,0.496214,0.525979,0.491553,0.476846,0.486013,0.428138,0.516602,0.445681,0.463355,0.427997,0.43074,0.446729,0.471088,0.360174,0.420993,0.292688,0.387351,0.248482,0.244078,0.154591,0.191197,0.100469,0.128014,0.0714366,0.102132,0.0433991,0.0729876,0.0312437,0.0503455,0.0256557,0.0333555,0.0197505,0.0284045,0.0167007,0.0231294,0.0120666,0.0183391,0.0102167,0.0148907,0.00920282,0.0122064,0.00695003,0.00964926,0.00562969,0.00688938,0.00524506,0.00651682,0.00347027,0.00513861,0.00341012,0.00412138,0.00230714,0.00332046,0.00193085,0.00265469,0.00147663,0.00216485,0.00144502,0.00167573,0.00119994,0.00132025,0.000978554,0.00118225,0.000688887,0.00108844,0.000562162,0.000771308,0.000473261,0.000652366,0.000432051,0.000577787,0.000323667,0.000429492,0.000293823,0.000352239,0.000210217,0.000305479,0.000168315,0.000242589,0.000146531,0.000192762,0.000114259,0.000139258,9.10704e-05,0.000150279,9.02082e-05,9.6394e-05,6.42382e-05,9.06398e-05,4.81858e-05,7.10417e-05,4.59697e-05,
54400,0.514459,0.609806,0.482856,0.541832,0.521236,0.523291,0.523553,0.521884,0.496214,0.525979,0.491553,0.476846,0.486013,0.428138,0.516602,0.445681,0.463355,0.427997,0.43074,0.446729,0.471088,0.360174,0.420993,0.292688,0.387351,0.248482,0.244078,0.154591,0.191197,0.100469,0.128014,0.0714366,0.102132,0.0433991,0.0729876,0.0312437,0.0503455,0.0256557,0.0333555,0.0197505,0.0284045,0.0167007,0.0231294,0.0120666,0.0183391,0.0102167,0.0148907,0.00920282,0.0122064,0.00695003,0.00964926,0.00562969,0.00688938,0.00524506,0.00651682,0.00347027,0.00513861,0.00341012,0.00412138,0.00230714,0.00332046,0.00193085,0.00265469,0.00147663,0.00216485,0.00144502,0.00167573,0.00119994,0.00132025,0.000978554,0.00118225,0.000688887,0.00108844,0.000562162,0.000771308,0.000473261,0.000652366,0.000432051,0.000577787,0.000323667,0.000429492,0.000293823,0.000352239,0.000210217,0.000305479,0.000168315,0.000242589,0.000146531,0.000192762,0.000114259,0.000139258,9.10704e-05,0.000150279,9.02082e-05,9.6394e-05,6.42382e-05,9.06398e-05,4.81858e-05,7.10417e-05,4.59697e-05,
54600,0.514459,0.609806,0.482856,0.541832,0.521236,0.523291,0.523553,0.521884,0.496214,0.525979,0.491553,0.476846,0.486013,0.428138,0.516602,0.445681,0.463355,0.427997,0.43074,0.446729,0.471088,0.360174,0.420993,0.292688,0.387351,0.248482,0.244078,0.154591,0.191197,0.100469,0.128014,0.0714366,0.102132,0.0433991,0.0729876,0.0312437,0.0503455,0.0256557,0.0333555,0.0197505,0.0284045,0.0167007,0.0231294,0.0120666,0.0183391,0.0102167,0.0148907,0.00920282,0.0122064,0.00695003,0.00964926,0.00562969,0.00688938,0.00524506,0.00651682,0.00347027,0.00513861,0.00341012,0.00412138,0.00230714,0.00332046,0.00193085,0.00265469,0.00147663,0.00216485,0.00144502,0.00167573,0.00119994,0.00132025,0.000978554,0.00118225,0.000688887,0.00108844,0.000562162,0.000771308,0.000473261,0.000652366,0.000432051,0.000577787,0.000323667,0.000429492,0.000293823,0.000352239,0.000210217,0.000305479,0.000168315,0.000242589,0.000146531,0.000192762,0.000114259,0.000139258,9.10704e-05,0.000150279,9.02082e-05,9.6394e-05,6.42382e-05,9.06398e-05,4.81858e-05,7.10417e-05,4.59697e-05,
54800,0.514459,0.609806,0.482856,0.541832,0.521236,0.523291,0.523553,0.521884,0.496214,0.525979,0.491553,0.476846,0.486013,0.428138,0.516602,0.445681,0.463355,0.427997,0.43074,0.446729,0.471088,0.360174,0.420993,0.292688,0.387351,0.248482,0.244078,0.154591,0.191197,0.100469,0.128014,0.0714366,0.102132,0.0433991,0.0729876,0.0312437,0.0503455,0.0256557,0.0333555,0.0197505,0.0284045,0.0167007,0.0231294,0.0120666,0.0183391,0.0102167,0.0148907,0.00920282,0.0122064,0.00695003,0.00964926,0.00562969,0.00688938,0.00524506,0.00651682,0.00347027,0.00513861,0.00341012,0.00412138,0.00230714,0.00332046,0.00193085,0.00265469,0.00147663,0.00216485,0.00144502,0.00167573,0.00119994,0.00132025,0.000978554,0.00118225,0.000688887,0.00108844,0.000562162,0.000771308,0.000473261,0.000652366,0.000432051,0.000577787,0.000323667,0.000429492,0.000293823,0.000352239,0.000210217,0.000305479,0.000168315,0.000242589,0.000146531,0.000192762,0.000114259,0.000139258,9.10704e-05,0.000150279,9.02082e-05,9.6394e-05,6.42382e-05,9.06398e-05,4.81858e-05,7.10417e-05,4.59697e-05,
55000,0.514459,0.609806,0.482856,0.541832,0.521236,0.523291,0.523553,0.521884,0.496214,0.525979,0.491553,0.476846,0.486013,0.428138,0.516602,0.445681,0.463355,0.427997,0.43074,0.446729,0.471088,0.360174,0.420993,0.292688,0.387351,0.248482,0.244078,0.154591,0.191197,0.100469,0.128014,0.0714366,0.102132,0.0433991,0.0729876,0.0312437,0.0503455,0.0256557,0.0333555,0.0197505,0.0284045,0.0167007,0.0231294,0.0120666,0.0183391,0.0102167,0.0148907,0.00920282,0.0122064,0.00695003,0.00964926,0.00562969,0.00688938,0.00524506,0.00651682,0.00347027,0.00513861,0.00341012,0.00412138,0.00230714,0.00332046,0.00193085,0.00265469,0.00147663,0.00216485,0.00144502,0.00167573,0.00119994,0.00132025,0.000978554,0.00118225,0.000688887,0.00108844,0.000562162,0.000771308,0.000473261,0.000652366,0.000432051,0.000577787,0.000323667,0.000429492,0.000293823,0.000352239,0.000210217,0.000305479,0.000168315,0.000242589,0.000146531,0.000192762,0.000114259,0.000139258,9.10704e-05,0.000150279,9.02082e-05,9.6394e-05,6.42382e-05,9.06398e-05,4.81858e-05,7.10417e-05,4.59697e-05,
55200,0.514459,0.609806,0.482856,0.541832,0.521236,0.523291,0.523553,0.521884,0.496214,0.525979,0.491553,0.476846,0.486013,0.428138,0.516602,0.445681,0.463355,0.427997,0.43074,0.446729,0.471088,0.360174,0.420993,0.292688,0.387351,0.248482,0.244078,0.154591,0.191197,0.100469,0.128014,0.0714366,0.102132,0.0433991,0.0729876,0.0312437,0.0503455,0.0256557,0.0333555,0.0197505,0.0284045,0.0167007,0.0231294,0.0120666,0.0183391,0.0102167,0.0148907,0.00920282,0.0122064,0.00695003,0.00964926,0.00562969,0.00688938,0.00524506,0.00651682,0.00347027,0.00513861,0.00341012,0.00412138,0.00230714,0.00332046,0.00193085,0.00265469,0.00147663,0.00216485,0.00144502,0.00167573,0.00119994,0.00132025,0.000978554,0.00118225,0.000688887,0.00108844,0.000562162,0.000771308,0.000473261,0.000652366,0.000432051,0.000577787,0.000323667,0.000429492,0.000293823,0.000352239,0.000210217,0.000305479,0.000168315,0.000242589,0.000146531,0.000192762,0.000114259,0.000139258,9.10704e-05,0.000150279,9.02082e-05,9.6394e-05,6.42382e-05,9.06398e-05,4.81858e-05,7.10417e-05,4.59697e-05,
55400,0.514459,0.609806,0.482856,0.541832,0.521236,0.523291,0.523553,0.521884,0.496214,0.525979,0.491553,0.476846,0.486013,0.428138,0.516602,0.445681,0.463355,0.427997,0.43074,0.446729,0.471088,0.360174,0.420993,0.292688,0.387351,0.248482,0.244078,0.154591,0.191197,0.100469,0.128014,0.0714366,0.102132,0.0433991,0.0729876,0.0312437,0.0503455,0.0256557,0.0333555,0.0197505,0.0284045,0.0167007,0.0231294,0.0120666,0.0183391,0.0102167,0.0148907,0.00920282,0.0122064,0.00695003,0.00964926,0.00562969,0.00688938,0.00524506,0.00651682,0.00347027,0.00513861,0.00341012,0.00412138,0.00230714,0.00332046,0.00193085,0.00265469,0.00147663,0.00216485,0.00144502,0.00167573,0.00119994,0.00132025,0.000978554,0.00118225,0.000688887,0.00108844,0.000562162,0.000771308,0.000473261,0.000652366,0.000432051,0.000577787,0.000323667,0.000429492,0.000293823,0.000352239,0.000210217,0.000305479,0.000168315,0.000242589,0.000146531,0.000192762,0.000114259,0.000139258,9.10704e-05,0.000150279,9.02082e-05,9.6394e-05,6.42382e-05,9.06398e-05,4.81858e-05,7.10417e-05,4.59697e-05,
55600,0.514459,0.609806,0.482856,0.541832,0.521236,0.523291,0.523553,0.521884,0.496214,0.525979,0.491553,0.476846,0.486013,0.428138,0.516602,0.445681,0.463355,0.427997,0.43074,0.446729,0.471088,0.360174,0.420993,0.292688,0.387351,0.248482,0.244078,0.154591,0.191197,0.100469,0.128014,0.0714366,0.102132,0.0433991,0.0729876,0.0312437,0.0503455,0.0256557,0.0333555,0.0197505,0.0284045,0.0167007,0.0231294,0.0120666,0.0183391,0.0102167,0.0148907,0.00920282,0.0122064,0.00695003,0.00964926,0.00562969,0.00688938,0.00524506,0.00651682,0.00347027,0.00513861,0.00341012,0.00412138,0.00230714,0.00332046,0.00193085,0.00265469,0.00147663,0.00216485,0.00144502,0.00167573,0.00119994,0.00132025,0.000978554,0.00118225,0.000688887,0.00108844,0.000562162,0.000771308,0.000473261,0.000652366,0.000432051,0.000577787,0.000323667,0.000429492,0.000293823,0.000352239,0.000210217,0.000305479,0.000168315,0.000242589,0.000146531,0.000192762,0.000114259,0.000139258,9.10704e-05,0.000150279,9.02082e-05,9.6394e-05,6.42382e-05,9.06398e-05,4.81858e-05,7.10417e-05,4.59697e-05,
55800,0.514459,0.609806,0.482856,0.541832,0.521236,0.523291,0.523553,0.521884,0.496214,0.525979,0.491553,0.476846,0.486013,0.428138,0.516602,0.445681,0.463355,0.427997,0.43074,0.446729,0.471088,0.360174,0.420993,0.292688,0.387351,0.248482,0.244078,0.154591,0.191197,0.100469,0.128014,0.0714366,0.102132,0.0433991,0.0729876,0.0312437,0.0503455,0.0256557,0.0333555,0.0197505,0.0284045,0.0167007,0.0231294,0.0120666,0.0183391,0.0102167,0.0148907,0.00920282,0.0122064,0.00695003,0.00964926,0.00562969,0.00688938,0.00524506,0.00651682,0.00347027,0.00513861,0.00341012,0.00412138,0.00230714,0.00332046,0.00193085,0.00265469,0.00147663,0.00216485,0.00144502,0.00167573,0.00119994,0.00132025,0.000978554,0.00118225,0.000688887,0.00108844,0.000562162,0.000771308,0.000473261,0.000652366,0.000432051,0.000577787,0.000323667,0.000429492,0.000293823,0.000352239,0.000210217,0.000305479,0.000168315,0.000242589,0.000146531,0.000192762,0.000114259,0.000139258,9.10704e-05,0.000150279,9.02082e-05,9.6394e-05,6.42382e-05,9.06398e-05,4.81858e-05,7.10417e-05,4.59697e-05,
56000,0.514459,0.609806,0.482856,0.541832,0.521236,0.523291,0.523553,0.521884,0.496214,0.525979,0.491553,0.476846,0.486013,0.428138,0.516602,0.445681,0.463355,0.427997,0.43074,0.446729,0.471088,0.360174,0.420993,0.292688,0.387351,0.248482,0.244078,0.154591,0.191197,0.100469,0.128014,0.0714366,0.102132,0.0433991,0.0729876,0.0312437,0.0503455,0.0256557,0.0333555,0.0197505,0.0284045,0.0167007,0.0231294,0.0120666,0.0183391,0.0102167,0.0148907,0.00920282,0.0122064,0.00695003,0.00964926,0.00562969,0.00688938,0.00524506,0.00651682,0.00347027,0.00513861,0.00341012,0.00412138,0.00230714,0.00332046,0.00193085,0.00265469,0.00147663,0.00216485,0.00144502,0.00167573,0.00119994,0.00132025,0.000978554,0.00118225,0.000688887,0.00108844,0.000562162,0.000771308,0.000473261,0.000652366,0.000432051,0.000577787,0.000323667,0.000429492,0.000293823,0.000352239,0.000210217,0.000305479,0.000168315,0.000242589,0.000146531,0.000192762,0.000114259,0.000139258,9.10704e-05,0.000150279,9.02082e-05,9.6394e-05,6.42382e-05,9.06398e-05,4.81858e-05,7.10417e-05,4.59697e-05,
56200,0.514459,0.609806,0.482856,0.541832,0.521236,0.523291,0.523553,0.521884,0.496214,0.525979,0.491553,0.476846,0.486013,0.428138,0.516602,0.445681,0.463355,0.427997,0.43074,0.446729,0.471088,0.360174,0.420993,0.292688,0.387351,0.248482,0.244078,0.154591,0.191197,0.100469,0.128014,0.0714366,0.102132,0.0433991,0.0729876,0.0312437,0.0503455,0.0256557,0.0333555,0.0197505,0.0284045,0.0167007,0.0231294,0.0120666,0.0183391,0.0102167,0.0148907,0.00920282,0.0122064,0.00695003,0.00964926,0.00562969,0.00688938,0.00524506,0.00651682,0.00347027,0.00513861,0.00341012,0.00412138,0.00230714,0.00332046,0.00193085,0.00265469,0.00147663,0.00216485,0.00144502,0.00167573,0.00119994,0.00132025,0.000978554,0.00118225,0.000688887,0.00108844,0.000562162,0.000771308,0.000473261,0.000652366,0.000432051,0.000577787,0.000323667,0.000429492,0.000293823,0.000352239,0.000210217,0.000305479,0.000168315,0.000242589,0.000146531,0.000192762,0.000114259,0.000139258,9.10704e-05,0.000150279,9.02082e-05,9.6394e-05,6.42382e-05,9.06398e-05,4.81858e-05,7.10417e-05,4.59697e-05,
56400,0.514459,0.609806,0.482856,0.541832,0.521236,0.523291,0.523553,0.521884,0.496214,0.525979,0.491553,0.476846,0.486013,0.428138,0.516602,0.445681,0.463355,0.427997,0.43074,0.446729,0.471088,0.360174,0.420993,0.292688,0.387351,0.248482,0.244078,0.154591,0.191197,0.100469,0.128014,0.0714366,0.102132,0.0433991,0.0729876,0.0312437,0.0503455,0.0256557,0.0333555,0.0197505,0.0284045,0.0167007,0.0231294,0.0120666,0.0183391,0.0102167,0.0148907,0.00920282,0.0122064,0.00695003,0.00964926,0.00562969,0.00688938,0.00524506,0.00651682,0.00347027,0.00513861,0.00341012,0.00412138,0.00230714,0.00332046,0.00193085,0.00265469,0.00147663,0.00216485,0.00144502,0.00167573,0.00119994,0.00132025,0.000978554,0.00118225,0.000688887,0.00108844,0.000562162,0.000771308,0.000473261,0.000652366,0.000432051,0.000577787,0.000323667,0.000429492,0.000293823,0.000352239,0.000210217,0.000305479,0.000168315,0.000242589,0.000146531,0.000192762,0.000114259,0.000139258,9.10704e-05,0.000150279,9.02082e-05,9.6394e-05,6.42382e-05,9.06398e-05,4.81858e-05,7.10417e-05,4.59697e-05,
56600,0.514459,0.609806,0.482856,0.541832,0.521236,0.523291,0.523553,0.521884,0.496214,0.525979,0.491553,0.476846,0.486013,0.428138,0.516602,0.445681,0.463355,0.427997,0.43074,0.446729,0.471088,0.360174,0.420993,0.292688,0.387351,0.248482,0.244078,0.154591,0.191197,0.100469,0.128014,0.0714366,0.102132,0.0433991,0.0729876,0.0312437,0.0503455,0.0256557,0.0333555,0.0197505,0.0284045,0.0167007,0.0231294,0.0120666,0.0183391,0.0102167,0.0148907,0.00920282,0.0122064,0.00695003,0.00964926,0.00562969,0.00688938,0.00524506,0.00651682,0.00347027,0.00513861,0.00341012,0.00412138,0.00230714,0.00332046,0.00193085,0.00265469,0.00147663,0.00216485,0.00144502,0.00167573,0.00119994,0.00132025,0.000978554,0.00118225,0.000688887,0.00108844,0.000562162,0.000771308,0.000473261,0.000652366,0.000432051,0.000577787,0.000323667,0.000429492,0.000293823,0.000352239,0.000210217,0.000305479,0.000168315,0.000242589,0.000146531,0.000192762,0.000114259,0.000139258,9.10704e-05,0.000150279,9.02082e-05,9.6394e-05,6.42382e-05,9.06398e-05,4.81858e-05,7.10417e-05,4.59697e-05,
56800,0.514459,0.609806,0.482856,0.541832,0.521236,0.523291,0.523553,0.521884,0.496214,0.525979,0.491553,0.476846,0.486013,0.428138,0.516602,0.445681,0.463355,0.427997,0.43074,0.446729,0.471088,0.360174,0.420993,0.292688,0.387351,0.248482,0.244078,0.154591,0.191197,0.100469,0.128014,0.0714366,0.102132,0.0433991,0.0729876,0.0312437,0.0503455,0.0256557,0.0333555,0.0197505,0.0284045,0.0167007,0.0231294,0.0120666,0.0183391,0.0102167,0.0148907,0.00920282,0.0122064,0.00695003,0.00964926,0.00562969,0.00688938,0.00524506,0.00651682,0.00347027,0.00513861,0.00341012,0.00412138,0.00230714,0.00332046,0.00193085,0.00265469,0.00147663,0.00216485,0.00144502,0.00167573,0.00119994,0.00132025,0.000978554,0.00118225,0.000688887,0.00108844,0.000562162,0.000771308,0.000473261,0.000652366,0.000432051,0.000577787,0.000323667,0.000429492,0.000293823,0.000352239,0.000210217,0.000305479,0.000168315,0.000242589,0.000146531,0.000192762,0.000114259,0.000139258,9.10704e-05,0.000150279,9.02082e-05,9.6394e-05,6.42382e-05,9.06398e-05,4.81858e-05,7.10417e-05,4.59697e-05,
57000,0.514459,0.609806,0.482856,0.541832,0.521236,0.523291,0.523553,0.521884,0.496214,0.525979,0.491553,0.476846,0.486013,0.428138,0.516602,0.445681,0.463355,0.427997,0.43074,0.446729,0.471088,0.360174,0.420993,0.292688,0.387351,0.248482,0.244078,0.154591,0.191197,0.100469,0.128014,0.0714366,0.102132,0.0433991,0.0729876,0.0312437,0.0503455,0.0256557,0.0333555,0.0197505,0.0284045,0.0167007,0.0231294,0.0120666,0.0183391,0.0102167,0.0148907,0.00920282,0.0122064,0.00695003,0.00964926,0.00562969,0.00688938,0.00524506,0.00651682,0.00347027,0.00513861,0.00341012,0.00412138,0.00230714,0.00332046,0.00193085,0.00265469,0.00147663,0.00216485,0.00144502,0.00167573,0.00119994,0.00132025,0.000978554,0.00118225,0.000688887,0.00108844,0.000562162,0.000771308,0.000473261,0.000652366,0.000432051,0.000577787,0.000323667,0.000429492,0.000293823,0.000352239,0.000210217,0.000305479,0.000168315,0.000242589,0.000146531,0.000192762,0.000114259,0.000139258,9.10704e-05,0.000150279,9.02082e-05,9.6394e-05,6.42382e-05,9.06398e-05,4.81858e-05,7.10417e-05,4.59697e-05,
57200,0.514459,0.609806,0.482856,0.541832,0.521236,0.523291,0.523553,0.521884,0.496214,0.525979,0.491553,0.476846,0.486013,0.428138,0.516602,0.445681,0.463355,0.427997,0.43074,0.446729,0.471088,0.360174,0.420993,0.292688,0.387351,0.248482,0.244078,0.154591,0.191197,0.100469,0.128014,0.0714366,0.102132,0.0433991,0.0729876,0.0312437,0.0503455,0.0256557,0.0333555,0.0197505,0.0284045,0.0167007,0.0231294,0.0120666,0.0183391,0.0102167,0.0148907,0.00920282,0.0122064,0.00695003,0.00964926,0.00562969,0.00688938,0.00524506,0.00651682,0.00347027,0.00513861,0.00341012,0.00412138,0.00230714,0.00332046,0.00193085,0.00265469,0.00147663,0.00216485,0.00144502,0.00167573,0.00119994,0.00132025,0.000978554,0.00118225,0.000688887,0.00108844,0.000562162,0.000771308,0.000473261,0.000652366,0.000432051,0.000577787,0.000323667,0.000429492,0.000293823,0.000352239,0.000210217,0.000305479,0.000168315,0.000242589,0.000146531,0.000192762,0.000114259,0.000139258,9.10704e-05,0.000150279,9.02082e-05,9.6394e-05,6.42382e-05,9.06398e-05,4.81858e-05,7.10417e-05,4.59697e-05,
57400,0.514459,0.609806,0.482856,0.541832,0.521236,0.523291,0.523553,0.521884,0.496214,0.525979,0.491553,0.476846,0.486013,0.428138,0.516602,0.445681,0.463355,0.427997,0.43074,0.446729,0.471088,0.360174,0.420993,0.292688,0.387351,0.248482,0.244078,0.154591,0.191197,0.100469,0.128014,0.0714366,0.102132,0.0433991,0.0729876,0.0312437,0.0503455,0.0256557,0.0333555,0.0197505,0.0284045,0.0167007,0.0231294,0.0120666,0.0183391,0.0102167,0.0148907,0.00920282,0.0122064,0.00695003,0.00964926,0.00562969,0.00688938,0.00524506,0.00651682,0.00347027,0.00513861,0.00341012,0.00412138,0.00230714,0.00332046,0.00193085,0.00265469,0.00147663,0.00216485,0.00144502,0.00167573,0.00119994,0.00132025,0.000978554,0.00118225,0.000688887,0.00108844,0.000562162,0.000771308,0.000473261,0.000652366,0.000432051,0.000577787,0.000323667,0.000429492,0.000293823,0.000352239,0.000210217,0.000305479,0.000168315,0.000242589,0.000146531,0.000192762,0.000114259,0.000139258,9.10704e-05,0.000150279,9.02082e-05,9.6394e-05,6.42382e-05,9.06398e-05,4.81858e-05,7.10417e-05,4.59697e-05,
57600,0.514459,0.609806,0.482856,0.541832,0.521236,0.523291,0.523553,0.521884,0.496214,0.525979,0.491553,0.476846,0.486013,0.428138,0.516602,0.445681,0.463355,0.427997,0.43074,0.446729,0.471088,0.360174,0.420993,0.292688,0.387351,0.248482,0.244078,0.154591,0.191197,0.100469,0.128014,0.0714366,0.102132,0.0433991,0.0729876,0.0312437,0.0503455,0.0256557,0.0333555,0.0197505,0.0284045,0.0167007,0.0231294,0.0120666,0.0183391,0.0102167,0.0148907,0.00920282,0.0122064,0.00695003,0.00964926,0.00562969,0.00688938,0.00524506,0.00651682,0.00347027,0.00513861,0.00341012,0.00412138,0.00230714,0.00332046,0.00193085,0.00265469,0.00147663,0.00216485,0.00144502,0.00167573,0.00119994,0.00132025,0.000978554,0.00118225,0.000688887,0.00108844,0.000562162,0.000771308,0.000473261,0.000652366,0.000432051,0.000577787,0.000323667,0.000429492,0.000293823,0.000352239,0.000210217,0.000305479,0.000168315,0.000242589,0.000146531,0.000192762,0.000114259,0.000139258,9.10704e-05,0.000150279,9.02082e-05,9.6394e-05,6.42382e-05,9.06398e-05,4.81858e-05,7.10417e-05,4.59697e-05,
57800,0.514459,0.609806,0.482856,0.541832,0.521236,0.523291,0.523553,0.521884,0.496214,0.525979,0.491553,0.476846,0.486013,0.428138,0.516602,0.445681,0.463355,0.427997,0.43074,0.446729,0.471088,0.360174,0.420993,0.292688,0.387351,0.248482,0.244078,0.154591,0.191197,0.100469,0.128014,0.0714366,0.102132,0.0433991,0.0729876,0.0312437,0.0503455,0.0256557,0.0333555,0.0197505,0.0284045,0.0167007,0.0231294,0.0120666,0.0183391,0.0102167,0.0148907,0.00920282,0.0122064,0.00695003,0.00964926,0.00562969,0.00688938,0.00524506,0.00651682,0.00347027,0.00513861,0.00341012,0.00412138,0.00230714,0.00332046,0.00193085,0.00265469,0.00147663,0.00216485,0.00144502,0.00167573,0.00119994,0.00132025,0.000978554,0.00118225,0.000688887,0.00108844,0.000562162,0.000771308,0.000473261,0.000652366,0.000432051,0.000577787,0.000323667,0.000429492,0.000293823,0.000352239,0.000210217,0.000305479,0.000168315,0.000242589,0.000146531,0.000192762,0.000114259,0.000139258,9.10704e-05,0.000150279,9.02082e-05,9.6394e-05,6.42382e-05,9.06398e-05,4.81858e-05,7.10417e-05,4.59697e-05,
58000,0.514459,0.609806,0.482856,0.541832,0.521236,0.523291,0.523553,0.521884,0.496214,0.525979,0.491553,0.476846,0.486013,0.428138,0.516602,0.445681,0.463355,0.427997,0.43074,0.446729,0.471088,0.360174,0.420993,0.292688,0.387351,0.248482,0.244078,0.154591,0.191197,0.100469,0.128014,0.0714366,0.102132,0.0433991,0.0729876,0.0312437,0.0503455,0.0256557,0.0333555,0.0197505,0.0284045,0.0167007,0.0231294,0.0120666,0.0183391,0.0102167,0.0148907,0.00920282,0.0122064,0.00695003,0.00964926,0.00562969,0.00688938,0.00524506,0.00651682,0.00347027,0.00513861,0.00341012,0.00412138,0.00230714,0.00332046,0.00193085,0.00265469,0.00147663,0.00216485,0.00144502,0.00167573,0.00119994,0.00132025,0.000978554,0.00118225,0.000688887,0.00108844,0.000562162,0.000771308,0.000473261,0.000652366,0.000432051,0.000577787,0.000323667,0.000429492,0.000293823,0.000352239,0.000210217,0.000305479,0.000168315,0.000242589,0.000146531,0.000192762,0.000114259,0.000139258,9.10704e-05,0.000150279,9.02082e-05,9.6394e-05,6.42382e-05,9.06398e-05,4.81858e-05,7.10417e-05,4.59697e-05,
58200,0.514459,0.609806,0.482856,0.541832,0.521236,0.523291,0.523553,0.521884,0.496214,0.525979,0.491553,0.476846,0.486013,0.428138,0.516602,0.445681,0.463355,0.427997,0.43074,0.446729,0.471088,0.360174,0.420993,0.292688,0.387351,0.248482,0.244078,0.154591,0.191197,0.100469,0.128014,0.0714366,0.102132,0.0433991,0.0729876,0.0312437,0.0503455,0.0256557,0.0333555,0.0197505,0.0284045,0.0167007,0.0231294,0.0120666,0.0183391,0.0102167,0.0148907,0.00920282,0.0122064,0.00695003,0.00964926,0.00562969,0.00688938,0.00524506,0.00651682,0.00347027,0.00513861,0.00341012,0.00412138,0.00230714,0.00332046,0.00193085,0.00265469,0.00147663,0.00216485,0.00144502,0.00167573,0.00119994,0.00132025,0.000978554,0.00118225,0.000688887,0.00108844,0.000562162,0.000771308,0.000473261,0.000652366,0.000432051,0.000577787,0.000323667,0.000429492,0.000293823,0.000352239,0.000210217,0.000305479,0.000168315,0.000242589,0.000146531,0.000192762,0.000114259,0.000139258,9.10704e-05,0.000150279,9.02082e-05,9.6394e-05,6.42382e-05,9.06398e-05,4.81858e-05,7.10417e-05,4.59697e-05,
58400,0.514459,0.609806,0.482856,0.541832,0.521236,0.523291,0.523553,0.521884,0.496214,0.525979,0.491553,0.476846,0.486013,0.428138,0.516602,0.445681,0.463355,0.427997,0.43074,0.446729,0.471088,0.360174,0.420993,0.292688,0.387351,0.248482,0.244078,0.154591,0.191197,0.100469,0.128014,0.0714366,0.102132,0.0433991,0.0729876,0.0312437,0.0503455,0.0256557,0.0333555,0.0197505,0.0284045,0.0167007,0.0231294,0.0120666,0.0183391,0.0102167,0.0148907,0.00920282,0.0122064,0.00695003,0.00964926,0.00562969,0.00688938,0.00524506,0.00651682,0.00347027,0.00513861,0.00341012,0.00412138,0.00230714,0.00332046,0.00193085,0.00265469,0.00147663,0.00216485,0.00144502,0.00167573,0.00119994,0.00132025,0.000978554,0.00118225,0.000688887,0.00108844,0.000562162,0.000771308,0.000473261,0.000652366,0.000432051,0.000577787,0.000323667,0.000429492,0.000293823,0.000352239,0.000210217,0.000305479,0.000168315,0.000242589,0.000146531,0.000192762,0.000114259,0.000139258,9.10704e-05,0.000150279,9.02082e-05,9.6394e-05,6.42382e-05,9.06398e-05,4.81858e-05,7.10417e-05,4.59697e-05,
58600,0.514459,0.609806,0.482856,0.541832,0.521236,0.523291,0.523553,0.521884,0.496214,0.525979,0.491553,0.476846,0.486013,0.428138,0.516602,0.445681,0.463355,0.427997,0.43074,0.446729,0.471088,0.360174,0.420993,0.292688,0.387351,0.248482,0.244078,0.154591,0.191197,0.100469,0.128014,0.0714366,0.102132,0.0433991,0.0729876,0.0312437,0.0503455,0.0256557,0.0333555,0.0197505,0.0284045,0.0167007,0.0231294,0.0120666,0.0183391,0.0102167,0.0148907,0.00920282,0.0122064,0.00695003,0.00964926,0.00562969,0.00688938,0.00524506,0.00651682,0.00347027,0.00513861,0.00341012,0.00412138,0.00230714,0.00332046,0.00193085,0.00265469,0.00147663,0.00216485,0.00144502,0.00167573,0.00119994,0.00132025,0.000978554,0.00118225,0.000688887,0.00108844,0.000562162,0.000771308,0.000473261,0.000652366,0.000432051,0.000577787,0.000323667,0.000429492,0.000293823,0.000352239,0.000210217,0.000305479,0.000168315,0.000242589,0.000146531,0.000192762,0.000114259,0.000139258,9.10704e-05,0.000150279,9.02082e-05,9.6394e-05,6.42382e-05,9.06398e-05,4.81858e-05,7.10417e-05,4.59697e-05,
58800,0.514459,0.609806,0.482856,0.541832,0.521236,0.523291,0.523553,0.521884,0.496214,0.525979,0.491553,0.476846,0.486013,0.428138,0.516602,0.445681,0.463355,0.427997,0.43074,0.446729,0.471088,0.360174,0.420993,0.292688,0.387351,0.248482,0.244078,0.154591,0.191197,0.100469,0.128014,0.0714366,0.102132,0.0433991,0.0729876,0.0312437,0.0503455,0.0256557,0.0333555,0.0197505,0.0284045,0.0167007,0.0231294,0.0120666,0.0183391,0.0102167,0.0148907,0.00920282,0.0122064,0.00695003,0.00964926,0.00562969,0.00688938,0.00524506,0.00651682,0.00347027,0.00513861,0.00341012,0.00412138,0.00230714,0.00332046,0.00193085,0.00265469,0.00147663,0.00216485,0.00144502,0.00167573,0.00119994,0.00132025,0.000978554,0.00118225,0.000688887,0.00108844,0.000562162,0.000771308,0.000473261,0.000652366,0.000432051,0.000577787,0.000323667,0.000429492,0.000293823,0.000352239,0.000210217,0.000305479,0.000168315,0.000242589,0.000146531,0.000192762,0.000114259,0.000139258,9.10704e-05,0.000150279,9.02082e-05,9.6394e-05,6.42382e-05,9.06398e-05,4.81858e-05,7.10417e-05,4.59697e-05,
59000,0.514459,0.609806,0.482856,0.541832,0.521236,0.523291,0.523553,0.521884,0.496214,0.525979,0.491553,0.476846,0.486013,0.428138,0.516602,0.445681,0.463355,0.427997,0.43074,0.446729,0.471088,0.360174,0.420993,0.292688,0.387351,0.248482,0.244078,0.154591,0.191197,0.100469,0.128014,0.0714366,0.102132,0.0433991,0.0729876,0.0312437,0.0503455,0.0256557,0.0333555,0.0197505,0.0284045,0.0167007,0.0231294,0.0120666,0.0183391,0.0102167,0.0148907,0.00920282,0.0122064,0.00695003,0.00964926,0.00562969,0.00688938,0.00524506,0.00651682,0.00347027,0.00513861,0.00341012,0.00412138,0.00230714,0.00332046,0.00193085,0.00265469,0.00147663,0.00216485,0.00144502,0.00167573,0.00119994,0.00132025,0.000978554,0.00118225,0.000688887,0.00108844,0.000562162,0.000771308,0.000473261,0.000652366,0.000432051,0.000577787,0.000323667,0.000429492,0.000293823,0.000352239,0.000210217,0.000305479,0.000168315,0.000242589,0.000146531,0.000192762,0.000114259,0.000139258,9.10704e-05,0.000150279,9.02082e-05,9.6394e-05,6.42382e-05,9.06398e-05,4.81858e-05,7.10417e-05,4.59697e-05,
59200,0.514459,0.609806,0.482856,0.541832,0.521236,0.523291,0.523553,0.521884,0.496214,0.525979,0.491553,0.476846,0.486013,0.428138,0.516602,0.445681,0.463355,0.427997,0.43074,0.446729,0.471088,0.360174,0.420993,0.292688,0.387351,0.248482,0.244078,0.154591,0.191197,0.100469,0.128014,0.0714366,0.102132,0.0433991,0.0729876,0.0312437,0.0503455,0.0256557,0.0333555,0.0197505,0.0284045,0.0167007,0.0231294,0.0120666,0.0183391,0.0102167,0.0148907,0.00920282,0.0122064,0.00695003,0.00964926,0.00562969,0.00688938,0.00524506,0.00651682,0.00347027,0.00513861,0.00341012,0.00412138,0.00230714,0.00332046,0.00193085,0.00265469,0.00147663,0.00216485,0.00144502,0.00167573,0.00119994,0.00132025,0.000978554,0.00118225,0.000688887,0.00108844,0.000562162,0.000771308,0.000473261,0.000652366,0.000432051,0.000577787,0.000323667,0.000429492,0.000293823,0.000352239,0.000210217,0.000305479,0.000168315,0.000242589,0.000146531,0.000192762,0.000114259,0.000139258,9.10704e-05,0.000150279,9.02082e-05,9.6394e-05,6.42382e-05,9.06398e-05,4.81858e-05,7.10417e-05,4.59697e-05,
59400,0.514459,0.609806,0.482856,0.541832,0.521236,0.523291,0.523553,0.521884,0.496214,0.525979,0.491553,0.476846,0.486013,0.428138,0.516602,0.445681,0.463355,0.427997,0.43074,0.446729,0.471088,0.360174,0.420993,0.292688,0.387351,0.248482,0.244078,0.154591,0.191197,0.100469,0.128014,0.0714366,0.102132,0.0433991,0.0729876,0.0312437,0.0503455,0.0256557,0.0333555,0.0197505,0.0284045,0.0167007,0.0231294,0.0120666,0.0183391,0.0102167,0.0148907,0.00920282,0.0122064,0.00695003,0.00964926,0.00562969,0.00688938,0.00524506,0.00651682,0.00347027,0.00513861,0.00341012,0.00412138,0.00230714,0.00332046,0.00193085,0.00265469,0.00147663,0.00216485,0.00144502,0.00167573,0.00119994,0.00132025,0.000978554,0.00118225,0.000688887,0.00108844,0.000562162,0.000771308,0.000473261,0.000652366,0.000432051,0.000577787,0.000323667,0.000429492,0.000293823,0.000352239,0.000210217,0.000305479,0.000168315,0.000242589,0.000146531,0.000192762,0.000114259,0.000139258,9.10704e-05,0.000150279,9.02082e-05,9.6394e-05,6.42382e-05,9.06398e-05,4.81858e-05,7.10417e-05,4.59697e-05,
59600,0.514459,0.609806,0.482856,0.541832,0.521236,0.523291,0.523553,0.521884,0.496214,0.525979,0.491553,0.476846,0.486013,0.428138,0.516602,0.445681,0.463355,0.427997,0.43074,0.446729,0.471088,0.360174,0.420993,0.292688,0.387351,0.248482,0.244078,0.154591,0.191197,0.100469,0.128014,0.0714366,0.102132,0.0433991,0.0729876,0.0312437,0.0503455,0.0256557,0.0333555,0.0197505,0.0284045,0.0167007,0.0231294,0.0120666,0.0183391,0.0102167,0.0148907,0.00920282,0.0122064,0.00695003,0.00964926,0.00562969,0.00688938,0.00524506,0.00651682,0.00347027,0.00513861,0.00341012,0.00412138,0.00230714,0.00332046,0.00193085,0.00265469,0.00147663,0.00216485,0.00144502,0.00167573,0.00119994,0.00132025,0.000978554,0.00118225,0.000688887,0.00108844,0.000562162,0.000771308,0.000473261,0.000652366,0.000432051,0.000577787,0.000323667,0.000429492,0.000293823,0.000352239,0.000210217,0.000305479,0.000168315,0.000242589,0.000146531,0.000192762,0.000114259,0.000139258,9.10704e-05,0.000150279,9.02082e-05,9.6394e-05,6.42382e-05,9.06398e-05,4.81858e-05,7.10417e-05,4.59697e-05,
59800,0.514459,0.609806,0.482856,0.541832,0.521236,0.523291,0.523553,0.521884,0.496214,0.525979,0.491553,0.476846,0.486013,0.428138,0.516602,0.445681,0.463355,0.427997,0.43074,0.446729,0.471088,0.360174,0.420993,0.292688,0.387351,0.248482,0.244078,0.154591,0.191197,0.100469,0.128014,0.0714366,0.102132,0.0433991,0.0729876,0.0312437,0.0503455,0.0256557,0.0333555,0.0197505,0.0284045,0.0167007,0.0231294,0.0120666,0.0183391,0.0102167,0.0148907,0.00920282,0.0122064,0.00695003,0.00964926,0.00562969,0.00688938,0.00524506,0.00651682,0.00347027,0.00513861,0.00341012,0.00412138,0.00230714,0.00332046,0.00193085,0.00265469,0.00147663,0.00216485,0.00144502,0.00167573,0.00119994,0.00132025,0.000978554,0.00118225,0.000688887,0.00108844,0.000562162,0.000771308,0.000473261,0.000652366,0.000432051,0.000577787,0.000323667,0.000429492,0.000293823,0.000352239,0.000210217,0.000305479,0.000168315,0.000242589,0.000146531,0.000192762,0.000114259,0.000139258,9.10704e-05,0.000150279,9.02082e-05,9.6394e-05,6.42382e-05,9.06398e-05,4.81858e-05,7.10417e-05,4.59697e-05,
60000,0.514459,0.609806,0.482856,0.541832,0.521236,0.523291,0.523553,0.521884,0.496214,0.525979,0.491553,0.476846,0.486013,0.428138,0.516602,0.445681,0.463355,0.427997,0.43074,0.446729,0.471088,0.360174,0.420993,0.292688,0.387351,0.248482,0.244078,0.154591,0.191197,0.100469,0.128014,0.0714366,0.102132,0.0433991,0.0729876,0.0312437,0.0503455,0.0256557,0.0333555,0.0197505,0.0284045,0.0167007,0.0231294,0.0120666,0.0183391,0.0102167,0.0148907,0.00920282,0.0122064,0.00695003,0.00964926,0.00562969,0.00688938,0.00524506,0.00651682,0.00347027,0.00513861,0.00341012,0.00412138,0.00230714,0.00332046,0.00193085,0.00265469,0.00147663,0.00216485,0.00144502,0.00167573,0.00119994,0.00132025,0.000978554,0.00118225,0.000688887,0.00108844,0.000562162,0.000771308,0.000473261,0.000652366,0.000432051,0.000577787,0.000323667,0.000429492,0.000293823,0.000352239,0.000210217,0.000305479,0.000168315,0.000242589,0.000146531,0.000192762,0.000114259,0.000139258,9.10704e-05,0.000150279,9.02082e-05,9.6394e-05,6.42382e-05,9.06398e-05,4.81858e-05,7.10417e-05,4.59697e-05,
60200,0.514459,0.609806,0.482856,0.541832,0.521236,0.523291,0.523553,0.521884,0.496214,0.525979,0.491553,0.476846,0.486013,0.428138,0.516602,0.445681,0.463355,0.427997,0.43074,0.446729,0.471088,0.360174,0.420993,0.292688,0.387351,0.248482,0.244078,0.154591,0.191197,0.100469,0.128014,0.0714366,0.102132,0.0433991,0.0729876,0.0312437,0.0503455,0.0256557,0.0333555,0.0197505,0.0284045,0.0167007,0.0231294,0.0120666,0.0183391,0.0102167,0.0148907,0.00920282,0.0122064,0.00695003,0.00964926,0.00562969,0.00688938,0.00524506,0.00651682,0.00347027,0.00513861,0.00341012,0.00412138,0.00230714,0.00332046,0.00193085,0.00265469,0.00147663,0.00216485,0.00144502,0.00167573,0.00119994,0.00132025,0.000978554,0.00118225,0.000688887,0.00108844,0.000562162,0.000771308,0.000473261,0.000652366,0.000432051,0.000577787,0.000323667,0.000429492,0.000293823,0.000352239,0.000210217,0.000305479,0.000168315,0.000242589,0.000146531,0.000192762,0.000114259,0.000139258,9.10704e-05,0.000150279,9.02082e-05,9.6394e-05,6.42382e-05,9.06398e-05,4.81858e-05,7.10417e-05,4.59697e-05,
60400,0.514459,0.609806,0.482856,0.541832,0.521236,0.523291,0.523553,0.521884,0.496214,0.525979,0.491553,0.476846,0.486013,0.428138,0.516602,0.445681,0.463355,0.427997,0.43074,0.446729,0.471088,0.360174,0.420993,0.292688,0.387351,0.248482,0.244078,0.154591,0.191197,0.100469,0.128014,0.0714366,0.102132,0.0433991,0.0729876,0.0312437,0.0503455,0.0256557,0.0333555,0.0197505,0.0284045,0.0167007,0.0231294,0.0120666,0.0183391,0.0102167,0.0148907,0.00920282,0.0122064,0.00695003,0.00964926,0.00562969,0.00688938,0.00524506,0.00651682,0.00347027,0.00513861,0.00341012,0.00412138,0.00230714,0.00332046,0.00193085,0.00265469,0.00147663,0.00216485,0.00144502,0.00167573,0.00119994,0.00132025,0.000978554,0.00118225,0.000688887,0.00108844,0.000562162,0.000771308,0.000473261,0.000652366,0.000432051,0.000577787,0.000323667,0.000429492,0.000293823,0.000352239,0.000210217,0.000305479,0.000168315,0.000242589,0.000146531,0.000192762,0.000114259,0.000139258,9.10704e-05,0.000150279,9.02082e-05,9.6394e-05,6.42382e-05,9.06398e-05,4.81858e-05,7.10417e-05,4.59697e-05,
60600,0.514459,0.609806,0.482856,0.541832,0.521236,0.523291,0.523553,0.521884,0.496214,0.525979,0.491553,0.476846,0.486013,0.428138,0.516602,0.445681,0.463355,0.427997,0.43074,0.446729,0.471088,0.360174,0.420993,0.292688,0.387351,0.248482,0.244078,0.154591,0.191197,0.100469,0.128014,0.0714366,0.102132,0.0433991,0.0729876,0.0312437,0.0503455,0.0256557,0.0333555,0.0197505,0.0284045,0.0167007,0.0231294,0.0120666,0.0183391,0.0102167,0.0148907,0.00920282,0.0122064,0.00695003,0.00964926,0.00562969,0.00688938,0.00524506,0.00651682,0.00347027,0.00513861,0.00341012,0.00412138,0.00230714,0.00332046,0.00193085,0.00265469,0.00147663,0.00216485,0.00144502,0.00167573,0.00119994,0.00132025,0.000978554,0.00118225,0.000688887,0.00108844,0.000562162,0.000771308,0.000473261,0.000652366,0.000432051,0.000577787,0.000323667,0.000429492,0.000293823,0.000352239,0.000210217,0.000305479,0.000168315,0.000242589,0.000146531,0.000192762,0.000114259,0.000139258,9.10704e-05,0.000150279,9.02082e-05,9.6394e-05,6.42382e-05,9.06398e-05,4.81858e-05,7.10417e-05,4.59697e-05,
60800,0.514459,0.609806,0.482856,0.541832,0.521236,0.523291,0.523553,0.521884,0.496214,0.525979,0.491553,0.476846,0.486013,0.428138,0.516602,0.445681,0.463355,0.427997,0.43074,0.446729,0.471088,0.360174,0.420993,0.292688,0.387351,0.248482,0.244078,0.154591,0.191197,0.100469,0.128014,0.0714366,0.102132,0.0433991,0.0729876,0.0312437,0.0503455,0.0256557,0.0333555,0.0197505,0.0284045,0.0167007,0.0231294,0.0120666,0.0183391,0.0102167,0.0148907,0.00920282,0.0122064,0.00695003,0.00964926,0.00562969,0.00688938,0.00524506,0.00651682,0.00347027,0.00513861,0.00341012,0.00412138,0.00230714,0.00332046,0.00193085,0.00265469,0.00147663,0.00216485,0.00144502,0.00167573,0.00119994,0.00132025,0.000978554,0.00118225,0.000688887,0.00108844,0.000562162,0.000771308,0.000473261,0.000652366,0.000432051,0.000577787,0.000323667,0.000429492,0.000293823,0.000352239,0.000210217,0.000305479,0.000168315,0.000242589,0.000146531,0.000192762,0.000114259,0.000139258,9.10704e-05,0.000150279,9.02082e-05,9.6394e-05,6.42382e-05,9.06398e-05,4.81858e-05,7.10417e-05,4.59697e-05,
61000,0.514459,0.609806,0.482856,0.541832,0.521236,0.523291,0.523553,0.521884,0.496214,0.525979,0.491553,0.476846,0.486013,0.428138,0.516602,0.445681,0.463355,0.427997,0.43074,0.446729,0.471088,0.360174,0.420993,0.292688,0.387351,0.248482,0.244078,0.154591,0.191197,0.100469,0.128014,0.0714366,0.102132,0.0433991,0.0729876,0.0312437,0.0503455,0.0256557,0.0333555,0.0197505,0.0284045,0.0167007,0.0231294,0.0120666,0.0183391,0.0102167,0.0148907,0.00920282,0.0122064,0.00695003,0.00964926,0.00562969,0.00688938,0.00524506,0.00651682,0.00347027,0.00513861,0.00341012,0.00412138,0.00230714,0.00332046,0.00193085,0.00265469,0.00147663,0.00216485,0.00144502,0.00167573,0.00119994,0.00132025,0.000978554,0.00118225,0.000688887,0.00108844,0.000562162,0.000771308,0.000473261,0.000652366,0.000432051,0.000577787,0.000323667,0.000429492,0.000293823,0.000352239,0.000210217,0.000305479,0.000168315,0.000242589,0.000146531,0.000192762,0.000114259,0.000139258,9.10704e-05,0.000150279,9.02082e-05,9.6394e-05,6.42382e-05,9.06398e-05,4.81858e-05,7.10417e-05,4.59697e-05,
61200,0.514459,0.609806,0.482856,0.541832,0.521236,0.523291,0.523553,0.521884,0.496214,0.525979,0.491553,0.476846,0.486013,0.428138,0.516602,0.445681,0.463355,0.427997,0.43074,0.446729,0.471088,0.360174,0.420993,0.292688,0.387351,0.248482,0.244078,0.154591,0.191197,0.100469,0.128014,0.0714366,0.102132,0.0433991,0.0729876,0.0312437,0.0503455,0.0256557,0.0333555,0.0197505,0.0284045,0.0167007,0.0231294,0.0120666,0.0183391,0.0102167,0.0148907,0.00920282,0.0122064,0.00695003,0.00964926,0.00562969,0.00688938,0.00524506,0.00651682,0.00347027,0.00513861,0.00341012,0.00412138,0.00230714,0.00332046,0.00193085,0.00265469,0.00147663,0.00216485,0.00144502,0.00167573,0.00119994,0.00132025,0.000978554,0.00118225,0.000688887,0.00108844,0.000562162,0.000771308,0.000473261,0.000652366,0.000432051,0.000577787,0.000323667,0.000429492,0.000293823,0.000352239,0.000210217,0.000305479,0.000168315,0.000242589,0.000146531,0.000192762,0.000114259,0.000139258,9.10704e-05,0.000150279,9.02082e-05,9.6394e-05,6.42382e-05,9.06398e-05,4.81858e-05,7.10417e-05,4.59697e-05,
61400,0.514459,0.609806,0.482856,0.541832,0.521236,0.523291,0.523553,0.521884,0.496214,0.525979,0.491553,0.476846,0.486013,0.428138,0.516602,0.445681,0.463355,0.427997,0.43074,0.446729,0.471088,0.360174,0.420993,0.292688,0.387351,0.248482,0.244078,0.154591,0.191197,0.100469,0.128014,0.0714366,0.102132,0.0433991,0.0729876,0.0312437,0.0503455,0.0256557,0.0333555,0.0197505,0.0284045,0.0167007,0.0231294,0.0120666,0.0183391,0.0102167,0.0148907,0.00920282,0.0122064,0.00695003,0.00964926,0.00562969,0.00688938,0.00524506,0.00651682,0.00347027,0.00513861,0.00341012,0.00412138,0.00230714,0.00332046,0.00193085,0.00265469,0.00147663,0.00216485,0.00144502,0.00167573,0.00119994,0.00132025,0.000978554,0.00118225,0.000688887,0.00108844,0.000562162,0.000771308,0.000473261,0.000652366,0.000432051,0.000577787,0.000323667,0.000429492,0.000293823,0.000352239,0.000210217,0.000305479,0.000168315,0.000242589,0.000146531,0.000192762,0.000114259,0.000139258,9.10704e-05,0.000150279,9.02082e-05,9.6394e-05,6.42382e-05,9.06398e-05,4.81858e-05,7.10417e-05,4.59697e-05,
61600,0.514459,0.609806,0.482856,0.541832,0.521236,0.523291,0.523553,0.521884,0.496214,0.525979,0.491553,0.476846,0.486013,0.428138,0.516602,0.445681,0.463355,0.427997,0.43074,0.446729,0.471088,0.360174,0.420993,0.292688,0.387351,0.248482,0.244078,0.154591,0.191197,0.100469,0.128014,0.0714366,0.102132,0.0433991,0.0729876,0.0312437,0.0503455,0.0256557,0.0333555,0.0197505,0.0284045,0.0167007,0.0231294,0.0120666,0.0183391,0.0102167,0.0148907,0.00920282,0.0122064,0.00695003,0.00964926,0.00562969,0.00688938,0.00524506,0.00651682,0.00347027,0.00513861,0.00341012,0.00412138,0.00230714,0.00332046,0.00193085,0.00265469,0.00147663,0.00216485,0.00144502,0.00167573,0.00119994,0.00132025,0.000978554,0.00118225,0.000688887,0.00108844,0.000562162,0.000771308,0.000473261,0.000652366,0.000432051,0.000577787,0.000323667,0.000429492,0.000293823,0.000352239,0.000210217,0.000305479,0.000168315,0.000242589,0.000146531,0.000192762,0.000114259,0.000139258,9.10704e-05,0.000150279,9.02082e-05,9.6394e-05,6.42382e-05,9.06398e-05,4.81858e-05,7.10417e-05,4.59697e-05,
61800,0.514459,0.609806,0.482856,0.541832,0.521236,0.523291,0.523553,0.521884,0.496214,0.525979,0.491553,0.476846,0.486013,0.428138,0.516602,0.445681,0.463355,0.427997,0.43074,0.446729,0.471088,0.360174,0.420993,0.292688,0.387351,0.248482,0.244078,0.154591,0.191197,0.100469,0.128014,0.0714366,0.102132,0.0433991,0.0729876,0.0312437,0.0503455,0.0256557,0.0333555,0.0197505,0.0284045,0.0167007,0.0231294,0.0120666,0.0183391,0.0102167,0.0148907,0.00920282,0.0122064,0.00695003,0.00964926,0.00562969,0.00688938,0.00524506,0.00651682,0.00347027,0.00513861,0.00341012,0.00412138,0.00230714,0.00332046,0.00193085,0.00265469,0.00147663,0.00216485,0.00144502,0.00167573,0.00119994,0.00132025,0.000978554,0.00118225,0.000688887,0.00108844,0.000562162,0.000771308,0.000473261,0.000652366,0.000432051,0.000577787,0.000323667,0.000429492,0.000293823,0.000352239,0.000210217,0.000305479,0.000168315,0.000242589,0.000146531,0.000192762,0.000114259,0.000139258,9.10704e-05,0.000150279,9.02082e-05,9.6394e-05,6.42382e-05,9.06398e-05,4.81858e-05,7.10417e-05,4.59697e-05,
62000,0.514459,0.609806,0.482856,0.541832,0.521236,0.523291,0.523553,0.521884,0.496214,0.525979,0.491553,0.476846,0.486013,0.428138,0.516602,0.445681,0.463355,0.427997,0.43074,0.446729,0.471088,0.360174,0.420993,0.292688,0.387351,0.248482,0.244078,0.154591,0.191197,0.100469,0.128014,0.0714366,0.102132,0.0433991,0.0729876,0.0312437,0.0503455,0.0256557,0.0333555,0.0197505,0.0284045,0.0167007,0.0231294,0.0120666,0.0183391,0.0102167,0.0148907,0.00920282,0.0122064,0.00695003,0.00964926,0.00562969,0.00688938,0.00524506,0.00651682,0.00347027,0.00513861,0.00341012,0.00412138,0.00230714,0.00332046,0.00193085,0.00265469,0.00147663,0.00216485,0.00144502,0.00167573,0.00119994,0.00132025,0.000978554,0.00118225,0.000688887,0.00108844,0.000562162,0.000771308,0.000473261,0.000652366,0.000432051,0.000577787,0.000323667,0.000429492,0.000293823,0.000352239,0.000210217,0.000305479,0.000168315,0.000242589,0.000146531,0.000192762,0.000114259,0.000139258,9.10704e-05,0.000150279,9.02082e-05,9.6394e-05,6.42382e-05,9.06398e-05,4.81858e-05,7.10417e-05,4.59697e-05,
62200,0.514459,0.609806,0.482856,0.541832,0.521236,0.523291,0.523553,0.521884,0.496214,0.525979,0.491553,0.476846,0.486013,0.428138,0.516602,0.445681,0.463355,0.427997,0.43074,0.446729,0.471088,0.360174,0.420993,0.292688,0.387351,0.248482,0.244078,0.154591,0.191197,0.100469,0.128014,0.0714366,0.102132,0.0433991,0.0729876,0.0312437,0.0503455,0.0256557,0.0333555,0.0197505,0.0284045,0.0167007,0.0231294,0.0120666,0.0183391,0.0102167,0.0148907,0.00920282,0.0122064,0.00695003,0.00964926,0.00562969,0.00688938,0.00524506,0.00651682,0.00347027,0.00513861,0.00341012,0.00412138,0.00230714,0.00332046,0.00193085,0.00265469,0.00147663,0.00216485,0.00144502,0.00167573,0.00119994,0.00132025,0.000978554,0.00118225,0.000688887,0.00108844,0.000562162,0.000771308,0.000473261,0.000652366,0.000432051,0.000577787,0.000323667,0.000429492,0.000293823,0.000352239,0.000210217,0.000305479,0.000168315,0.000242589,0.000146531,0.000192762,0.000114259,0.000139258,9.10704e-05,0.000150279,9.02082e-05,9.6394e-05,6.42382e-05,9.06398e-05,4.81858e-05,7.10417e-05,4.59697e-05,
62400,0.514459,0.609806,0.482856,0.541832,0.521236,0.523291,0.523553,0.521884,0.496214,0.525979,0.491553,0.476846,0.486013,0.428138,0.516602,0.445681,0.463355,0.427997,0.43074,0.446729,0.471088,0.360174,0.420993,0.292688,0.387351,0.248482,0.244078,0.154591,0.191197,0.100469,0.128014,0.0714366,0.102132,0.0433991,0.0729876,0.0312437,0.0503455,0.0256557,0.0333555,0.0197505,0.0284045,0.0167007,0.0231294,0.0120666,0.0183391,0.0102167,0.0148907,0.00920282,0.0122064,0.00695003,0.00964926,0.00562969,0.00688938,0.00524506,0.00651682,0.00347027,0.00513861,0.00341012,0.00412138,0.00230714,0.00332046,0.00193085,0.00265469,0.00147663,0.00216485,0.00144502,0.00167573,0.00119994,0.00132025,0.000978554,0.00118225,0.000688887,0.00108844,0.000562162,0.000771308,0.000473261,0.000652366,0.000432051,0.000577787,0.000323667,0.000429492,0.000293823,0.000352239,0.000210217,0.000305479,0.000168315,0.000242589,0.000146531,0.000192762,0.000114259,0.000139258,9.10704e-05,0.000150279,9.02082e-05,9.6394e-05,6.42382e-05,9.06398e-05,4.81858e-05,7.10417e-05,4.59697e-05,
62600,0.514459,0.609806,0.482856,0.541832,0.521236,0.523291,0.523553,0.521884,0.496214,0.525979,0.491553,0.476846,0.486013,0.428138,0.516602,0.445681,0.463355,0.427997,0.43074,0.446729,0.471088,0.360174,0.420993,0.292688,0.387351,0.248482,0.244078,0.154591,0.191197,0.100469,0.128014,0.0714366,0.102132,0.0433991,0.0729876,0.0312437,0.0503455,0.0256557,0.0333555,0.0197505,0.0284045,0.0167007,0.0231294,0.0120666,0.0183391,0.0102167,0.0148907,0.00920282,0.0122064,0.00695003,0.00964926,0.00562969,0.00688938,0.00524506,0.00651682,0.00347027,0.00513861,0.00341012,0.00412138,0.00230714,0.00332046,0.00193085,0.00265469,0.00147663,0.00216485,0.00144502,0.00167573,0.00119994,0.00132025,0.000978554,0.00118225,0.000688887,0.00108844,0.000562162,0.000771308,0.000473261,0.000652366,0.000432051,0.000577787,0.000323667,0.000429492,0.000293823,0.000352239,0.000210217,0.000305479,0.000168315,0.000242589,0.000146531,0.000192762,0.000114259,0.000139258,9.10704e-05,0.000150279,9.02082e-05,9.6394e-05,6.42382e-05,9.06398e-05,4.81858e-05,7.10417e-05,4.59697e-05,
62800,0.514459,0.609806,0.482856,0.541832,0.521236,0.523291,0.523553,0.521884,0.496214,0.525979,0.491553,0.476846,0.486013,0.428138,0.516602,0.445681,0.463355,0.427997,0.43074,0.446729,0.471088,0.360174,0.420993,0.292688,0.387351,0.248482,0.244078,0.154591,0.191197,0.100469,0.128014,0.0714366,0.102132,0.0433991,0.0729876,0.0312437,0.0503455,0.0256557,0.0333555,0.0197505,0.0284045,0.0167007,0.0231294,0.0120666,0.0183391,0.0102167,0.0148907,0.00920282,0.0122064,0.00695003,0.00964926,0.00562969,0.00688938,0.00524506,0.00651682,0.00347027,0.00513861,0.00341012,0.00412138,0.00230714,0.00332046,0.00193085,0.00265469,0.00147663,0.00216485,0.00144502,0.00167573,0.00119994,0.00132025,0.000978554,0.00118225,0.000688887,0.00108844,0.000562162,0.000771308,0.000473261,0.000652366,0.000432051,0.000577787,0.000323667,0.000429492,0.000293823,0.000352239,0.000210217,0.000305479,0.000168315,0.000242589,0.000146531,0.000192762,0.000114259,0.000139258,9.10704e-05,0.000150279,9.02082e-05,9.6394e-05,6.42382e-05,9.06398e-05,4.81858e-05,7.10417e-05,4.59697e-05,
63000,0.514459,0.609806,0.482856,0.541832,0.521236,0.523291,0.523553,0.521884,0.496214,0.525979,0.491553,0.476846,0.486013,0.428138,0.516602,0.445681,0.463355,0.427997,0.43074,0.446729,0.471088,0.360174,0.420993,0.292688,0.387351,0.248482,0.244078,0.154591,0.191197,0.100469,0.128014,0.0714366,0.102132,0.0433991,0.0729876,0.0312437,0.0503455,0.0256557,0.0333555,0.0197505,0.0284045,0.0167007,0.0231294,0.0120666,0.0183391,0.0102167,0.0148907,0.00920282,0.0122064,0.00695003,0.00964926,0.00562969,0.00688938,0.00524506,0.00651682,0.00347027,0.00513861,0.00341012,0.00412138,0.00230714,0.00332046,0.00193085,0.00265469,0.00147663,0.00216485,0.00144502,0.00167573,0.00119994,0.00132025,0.000978554,0.00118225,0.000688887,0.00108844,0.000562162,0.000771308,0.000473261,0.000652366,0.000432051,0.000577787,0.000323667,0.000429492,0.000293823,0.000352239,0.000210217,0.000305479,0.000168315,0.000242589,0.000146531,0.000192762,0.000114259,0.000139258,9.10704e-05,0.000150279,9.02082e-05,9.6394e-05,6.42382e-05,9.06398e-05,4.81858e-05,7.10417e-05,4.59697e-05,
63200,0.514459,0.609806,0.482856,0.541832,0.521236,0.523291,0.523553,0.521884,0.496214,0.525979,0.491553,0.476846,0.486013,0.428138,0.516602,0.445681,0.463355,0.427997,0.43074,0.446729,0.471088,0.360174,0.420993,0.292688,0.387351,0.248482,0.244078,0.154591,0.191197,0.100469,0.128014,0.0714366,0.102132,0.0433991,0.0729876,0.0312437,0.0503455,0.0256557,0.0333555,0.0197505,0.0284045,0.0167007,0.0231294,0.0120666,0.0183391,0.0102167,0.0148907,0.00920282,0.0122064,0.00695003,0.00964926,0.00562969,0.00688938,0.00524506,0.00651682,0.00347027,0.00513861,0.00341012,0.00412138,0.00230714,0.00332046,0.00193085,0.00265469,0.00147663,0.00216485,0.00144502,0.00167573,0.00119994,0.00132025,0.000978554,0.00118225,0.000688887,0.00108844,0.000562162,0.000771308,0.000473261,0.000652366,0.000432051,0.000577787,0.000323667,0.000429492,0.000293823,0.000352239,0.000210217,0.000305479,0.000168315,0.000242589,0.000146531,0.000192762,0.000114259,0.000139258,9.10704e-05,0.000150279,9.02082e-05,9.6394e-05,6.42382e-05,9.06398e-05,4.81858e-05,7.10417e-05,4.59697e-05,
63400,0.514459,0.609806,0.482856,0.541832,0.521236,0.523291,0.523553,0.521884,0.496214,0.525979,0.491553,0.476846,0.486013,0.428138,0.516602,0.445681,0.463355,0.427997,0.43074,0.446729,0.471088,0.360174,0.420993,0.292688,0.387351,0.248482,0.244078,0.154591,0.191197,0.100469,0.128014,0.0714366,0.102132,0.0433991,0.0729876,0.0312437,0.0503455,0.0256557,0.0333555,0.0197505,0.0284045,0.0167007,0.0231294,0.0120666,0.0183391,0.0102167,0.0148907,0.00920282,0.0122064,0.00695003,0.00964926,0.00562969,0.00688938,0.00524506,0.00651682,0.00347027,0.00513861,0.00341012,0.00412138,0.00230714,0.00332046,0.00193085,0.00265469,0.00147663,0.00216485,0.00144502,0.00167573,0.00119994,0.00132025,0.000978554,0.00118225,0.000688887,0.00108844,0.000562162,0.000771308,0.000473261,0.000652366,0.000432051,0.000577787,0.000323667,0.000429492,0.000293823,0.000352239,0.000210217,0.000305479,0.000168315,0.000242589,0.000146531,0.000192762,0.000114259,0.000139258,9.10704e-05,0.000150279,9.02082e-05,9.6394e-05,6.42382e-05,9.06398e-05,4.81858e-05,7.10417e-05,4.59697e-05,
63600,0.514459,0.609806,0.482856,0.541832,0.521236,0.523291,0.523553,0.521884,0.496214,0.525979,0.491553,0.476846,0.486013,0.428138,0.516602,0.445681,0.463355,0.427997,0.43074,0.446729,0.471088,0.360174,0.420993,0.292688,0.387351,0.248482,0.244078,0.154591,0.191197,0.100469,0.128014,0.0714366,0.102132,0.0433991,0.0729876,0.0312437,0.0503455,0.0256557,0.0333555,0.0197505,0.0284045,0.0167007,0.0231294,0.0120666,0.0183391,0.0102167,0.0148907,0.00920282,0.0122064,0.00695003,0.00964926,0.00562969,0.00688938,0.00524506,0.00651682,0.00347027,0.00513861,0.00341012,0.00412138,0.00230714,0.00332046,0.00193085,0.00265469,0.00147663,0.00216485,0.00144502,0.00167573,0.00119994,0.00132025,0.000978554,0.00118225,0.000688887,0.00108844,0.000562162,0.000771308,0.000473261,0.000652366,0.000432051,0.000577787,0.000323667,0.000429492,0.000293823,0.000352239,0.000210217,0.000305479,0.000168315,0.000242589,0.000146531,0.000192762,0.000114259,0.000139258,9.10704e-05,0.000150279,9.02082e-05,9.6394e-05,6.42382e-05,9.06398e-05,4.81858e-05,7.10417e-05,4.59697e-05,
63800,0.514459,0.609806,0.482856,0.541832,0.521236,0.523291,0.523553,0.521884,0.496214,0.525979,0.491553,0.476846,0.486013,0.428138,0.516602,0.445681,0.463355,0.427997,0.43074,0.446729,0.471088,0.360174,0.420993,0.292688,0.387351,0.248482,0.244078,0.154591,0.191197,0.100469,0.128014,0.0714366,0.102132,0.0433991,0.0729876,0.0312437,0.0503455,0.0256557,0.0333555,0.0197505,0.0284045,0.0167007,0.0231294,0.0120666,0.0183391,0.0102167,0.0148907,0.00920282,0.0122064,0.00695003,0.00964926,0.00562969,0.00688938,0.00524506,0.00651682,0.00347027,0.00513861,0.00341012,0.00412138,0.00230714,0.00332046,0.00193085,0.00265469,0.00147663,0.00216485,0.00144502,0.00167573,0.00119994,0.00132025,0.000978554,0.00118225,0.000688887,0.00108844,0.000562162,0.000771308,0.000473261,0.000652366,0.000432051,0.000577787,0.000323667,0.000429492,0.000293823,0.000352239,0.000210217,0.000305479,0.000168315,0.000242589,0.000146531,0.000192762,0.000114259,0.000139258,9.10704e-05,0.000150279,9.02082e-05,9.6394e-05,6.42382e-05,9.06398e-05,4.81858e-05,7.10417e-05,4.59697e-05,
64000,0.514459,0.609806,0.482856,0.541832,0.521236,0.523291,0.523553,0.521884,0.496214,0.525979,0.491553,0.476846,0.486013,0.428138,0.516602,0.445681,0.463355,0.427997,0.43074,0.446729,0.471088,0.360174,0.420993,0.292688,0.387351,0.248482,0.244078,0.154591,0.191197,0.100469,0.128014,0.0714366,0.102132,0.0433991,0.0729876,0.0312437,0.0503455,0.0256557,0.0333555,0.0197505,0.0284045,0.0167007,0.0231294,0.0120666,0.0183391,0.0102167,0.0148907,0.00920282,0.0122064,0.00695003,0.00964926,0.00562969,0.00688938,0.00524506,0.00651682,0.00347027,0.00513861,0.00341012,0.00412138,0.00230714,0.00332046,0.00193085,0.00265469,0.00147663,0.00216485,0.00144502,0.00167573,0.00119994,0.00132025,0.000978554,0.00118225,0.000688887,0.00108844,0.000562162,0.000771308,0.000473261,0.000652366,0.000432051,0.000577787,0.000323667,0.000429492,0.000293823,0.000352239,0.000210217,0.000305479,0.000168315,0.000242589,0.000146531,0.000192762,0.000114259,0.000139258,9.10704e-05,0.000150279,9.02082e-05,9.6394e-05,6.42382e-05,9.06398e-05,4.81858e-05,7.10417e-05,4.59697e-05,
64200,0.514459,0.609806,0.482856,0.541832,0.521236,0.523291,0.523553,0.521884,0.496214,0.525979,0.491553,0.476846,0.486013,0.428138,0.516602,0.445681,0.463355,0.427997,0.43074,0.446729,0.471088,0.360174,0.420993,0.292688,0.387351,0.248482,0.244078,0.154591,0.191197,0.100469,0.128014,0.0714366,0.102132,0.0433991,0.0729876,0.0312437,0.0503455,0.0256557,0.0333555,0.0197505,0.0284045,0.0167007,0.0231294,0.0120666,0.0183391,0.0102167,0.0148907,0.00920282,0.0122064,0.00695003,0.00964926,0.00562969,0.00688938,0.00524506,0.00651682,0.00347027,0.00513861,0.00341012,0.00412138,0.00230714,0.00332046,0.00193085,0.00265469,0.00147663,0.00216485,0.00144502,0.00167573,0.00119994,0.00132025,0.000978554,0.00118225,0.000688887,0.00108844,0.000562162,0.000771308,0.000473261,0.000652366,0.000432051,0.000577787,0.000323667,0.000429492,0.000293823,0.000352239,0.000210217,0.000305479,0.000168315,0.000242589,0.000146531,0.000192762,0.000114259,0.000139258,9.10704e-05,0.000150279,9.02082e-05,9.6394e-05,6.42382e-05,9.06398e-05,4.81858e-05,7.10417e-05,4.59697e-05,
64400,0.514459,0.609806,0.482856,0.541832,0.521236,0.523291,0.523553,0.521884,0.496214,0.525979,0.491553,0.476846,0.486013,0.428138,0.516602,0.445681,0.463355,0.427997,0.43074,0.446729,0.471088,0.360174,0.420993,0.292688,0.387351,0.248482,0.244078,0.154591,0.191197,0.100469,0.128014,0.0714366,0.102132,0.0433991,0.0729876,0.0312437,0.0503455,0.0256557,0.0333555,0.0197505,0.0284045,0.0167007,0.0231294,0.0120666,0.0183391,0.0102167,0.0148907,0.00920282,0.0122064,0.00695003,0.00964926,0.00562969,0.00688938,0.00524506,0.00651682,0.00347027,0.00513861,0.00341012,0.00412138,0.00230714,0.00332046,0.00193085,0.00265469,0.00147663,0.00216485,0.00144502,0.00167573,0.00119994,0.00132025,0.000978554,0.00118225,0.000688887,0.00108844,0.000562162,0.000771308,0.000473261,0.000652366,0.000432051,0.000577787,0.000323667,0.000429492,0.000293823,0.000352239,0.000210217,0.000305479,0.000168315,0.000242589,0.000146531,0.000192762,0.000114259,0.000139258,9.10704e-05,0.000150279,9.02082e-05,9.6394e-05,6.42382e-05,9.06398e-05,4.81858e-05,7.10417e-05,4.59697e-05,
64600,0.514459,0.609806,0.482856,0.541832,0.521236,0.523291,0.523553,0.521884,0.496214,0.525979,0.491553,0.476846,0.486013,0.428138,0.516602,0.445681,0.463355,0.427997,0.43074,0.446729,0.471088,0.360174,0.420993,0.292688,0.387351,0.248482,0.244078,0.154591,0.191197,0.100469,0.128014,0.0714366,0.102132,0.0433991,0.0729876,0.0312437,0.0503455,0.0256557,0.0333555,0.0197505,0.0284045,0.0167007,0.0231294,0.0120666,0.0183391,0.0102167,0.0148907,0.00920282,0.0122064,0.00695003,0.00964926,0.00562969,0.00688938,0.00524506,0.00651682,0.00347027,0.00513861,0.00341012,0.00412138,0.00230714,0.00332046,0.00193085,0.00265469,0.00147663,0.00216485,0.00144502,0.00167573,0.00119994,0.00132025,0.000978554,0.00118225,0.000688887,0.00108844,0.000562162,0.000771308,0.000473261,0.000652366,0.000432051,0.000577787,0.000323667,0.000429492,0.000293823,0.000352239,0.000210217,0.000305479,0.000168315,0.000242589,0.000146531,0.000192762,0.000114259,0.000139258,9.10704e-05,0.000150279,9.02082e-05,9.6394e-05,6.42382e-05,9.06398e-05,4.81858e-05,7.10417e-05,4.59697e-05,
64800,0.514459,0.609806,0.482856,0.541832,0.521236,0.523291,0.523553,0.521884,0.496214,0.525979,0.491553,0.476846,0.486013,0.428138,0.516602,0.445681,0.463355,0.427997,0.43074,0.446729,0.471088,0.360174,0.420993,0.292688,0.387351,0.248482,0.244078,0.154591,0.191197,0.100469,0.128014,0.0714366,0.102132,0.0433991,0.0729876,0.0312437,0.0503455,0.0256557,0.0333555,0.0197505,0.0284045,0.0167007,0.0231294,0.0120666,0.0183391,0.0102167,0.0148907,0.00920282,0.0122064,0.00695003,0.00964926,0.00562969,0.00688938,0.00524506,0.00651682,0.00347027,0.00513861,0.00341012,0.00412138,0.00230714,0.00332046,0.00193085,0.00265469,0.00147663,0.00216485,0.00144502,0.00167573,0.00119994,0.00132025,0.000978554,0.00118225,0.000688887,0.00108844,0.000562162,0.000771308,0.000473261,0.000652366,0.000432051,0.000577787,0.000323667,0.000429492,0.000293823,0.000352239,0.000210217,0.000305479,0.000168315,0.000242589,0.000146531,0.000192762,0.000114259,0.000139258,9.10704e-05,0.000150279,9.02082e-05,9.6394e-05,6.42382e-05,9.06398e-05,4.81858e-05,7.10417e-05,4.59697e-05,
65000,0.514459,0.609806,0.482856,0.541832,0.521236,0.523291,0.523553,0.521884,0.496214,0.525979,0.491553,0.476846,0.486013,0.428138,0.516602,0.445681,0.463355,0.427997,0.43074,0.446729,0.471088,0.360174,0.420993,0.292688,0.387351,0.248482,0.244078,0.154591,0.191197,0.100469,0.128014,0.0714366,0.102132,0.0433991,0.0729876,0.0312437,0.0503455,0.0256557,0.0333555,0.0197505,0.0284045,0.0167007,0.0231294,0.0120666,0.0183391,0.0102167,0.0148907,0.00920282,0.0122064,0.00695003,0.00964926,0.00562969,0.00688938,0.00524506,0.00651682,0.00347027,0.00513861,0.00341012,0.00412138,0.00230714,0.00332046,0.00193085,0.00265469,0.00147663,0.00216485,0.00144502,0.00167573,0.00119994,0.00132025,0.000978554,0.00118225,0.000688887,0.00108844,0.000562162,0.000771308,0.000473261,0.000652366,0.000432051,0.000577787,0.000323667,0.000429492,0.000293823,0.000352239,0.000210217,0.000305479,0.000168315,0.000242589,0.000146531,0.000192762,0.000114259,0.000139258,9.10704e-05,0.000150279,9.02082e-05,9.6394e-05,6.42382e-05,9.06398e-05,4.81858e-05,7.10417e-05,4.59697e-05,
65200,0.514459,0.609806,0.482856,0.541832,0.521236,0.523291,0.523553,0.521884,0.496214,0.525979,0.491553,0.476846,0.486013,0.428138,0.516602,0.445681,0.463355,0.427997,0.43074,0.446729,0.471088,0.360174,0.420993,0.292688,0.387351,0.248482,0.244078,0.154591,0.191197,0.100469,0.128014,0.0714366,0.102132,0.0433991,0.0729876,0.0312437,0.0503455,0.0256557,0.0333555,0.0197505,0.0284045,0.0167007,0.0231294,0.0120666,0.0183391,0.0102167,0.0148907,0.00920282,0.0122064,0.00695003,0.00964926,0.00562969,0.00688938,0.00524506,0.00651682,0.00347027,0.00513861,0.00341012,0.00412138,0.00230714,0.00332046,0.00193085,0.00265469,0.00147663,0.00216485,0.00144502,0.00167573,0.00119994,0.00132025,0.000978554,0.00118225,0.000688887,0.00108844,0.000562162,0.000771308,0.000473261,0.000652366,0.000432051,0.000577787,0.000323667,0.000429492,0.000293823,0.000352239,0.000210217,0.000305479,0.000168315,0.000242589,0.000146531,0.000192762,0.000114259,0.000139258,9.10704e-05,0.000150279,9.02082e-05,9.6394e-05,6.42382e-05,9.06398e-05,4.81858e-05,7.10417e-05,4.59697e-05,
65400,0.514459,0.609806,0.482856,0.541832,0.521236,0.523291,0.523553,0.521884,0.496214,0.525979,0.491553,0.476846,0.486013,0.428138,0.516602,0.445681,0.463355,0.427997,0.43074,0.446729,0.471088,0.360174,0.420993,0.292688,0.387351,0.248482,0.244078,0.154591,0.191197,0.100469,0.128014,0.0714366,0.102132,0.0433991,0.0729876,0.0312437,0.0503455,0.0256557,0.0333555,0.0197505,0.0284045,0.0167007,0.0231294,0.0120666,0.0183391,0.0102167,0.0148907,0.00920282,0.0122064,0.00695003,0.00964926,0.00562969,0.00688938,0.00524506,0.00651682,0.00347027,0.00513861,0.00341012,0.00412138,0.00230714,0.00332046,0.00193085,0.00265469,0.00147663,0.00216485,0.00144502,0.00167573,0.00119994,0.00132025,0.000978554,0.00118225,0.000688887,0.00108844,0.000562162,0.000771308,0.000473261,0.000652366,0.000432051,0.000577787,0.000323667,0.000429492,0.000293823,0.000352239,0.000210217,0.000305479,0.000168315,0.000242589,0.000146531,0.000192762,0.000114259,0.000139258,9.10704e-05,0.000150279,9.02082e-05,9.6394e-05,6.42382e-05,9.06398e-05,4.81858e-05,7.10417e-05,4.59697e-05,
65600,0.514459,0.609806,0.482856,0.541832,0.521236,0.523291,0.523553,0.521884,0.496214,0.525979,0.491553,0.476846,0.486013,0.428138,0.516602,0.445681,0.463355,0.427997,0.43074,0.446729,0.471088,0.360174,0.420993,0.292688,0.387351,0.248482,0.244078,0.154591,0.191197,0.100469,0.128014,0.0714366,0.102132,0.0433991,0.0729876,0.0312437,0.0503455,0.0256557,0.0333555,0.0197505,0.0284045,0.0167007,0.0231294,0.0120666,0.0183391,0.0102167,0.0148907,0.00920282,0.0122064,0.00695003,0.00964926,0.00562969,0.00688938,0.00524506,0.00651682,0.00347027,0.00513861,0.00341012,0.00412138,0.00230714,0.00332046,0.00193085,0.00265469,0.00147663,0.00216485,0.00144502,0.00167573,0.00119994,0.00132025,0.000978554,0.00118225,0.000688887,0.00108844,0.000562162,0.000771308,0.000473261,0.000652366,0.000432051,0.000577787,0.000323667,0.000429492,0.000293823,0.000352239,0.000210217,0.000305479,0.000168315,0.000242589,0.000146531,0.000192762,0.000114259,0.000139258,9.10704e-05,0.000150279,9.02082e-05,9.6394e-05,6.42382e-05,9.06398e-05,4.81858e-05,7.10417e-05,4.59697e-05,
65800,0.514459,0.609806,0.482856,0.541832,0.521236,0.523291,0.523553,0.521884,0.496214,0.525979,0.491553,0.476846,0.486013,0.428138,0.516602,0.445681,0.463355,0.427997,0.43074,0.446729,0.471088,0.360174,0.420993,0.292688,0.387351,0.248482,0.244078,0.154591,0.191197,0.100469,0.128014,0.0714366,0.102132,0.0433991,0.0729876,0.0312437,0.0503455,0.0256557,0.0333555,0.0197505,0.0284045,0.0167007,0.0231294,0.0120666,0.0183391,0.0102167,0.0148907,0.00920282,0.0122064,0.00695003,0.00964926,0.00562969,0.00688938,0.00524506,0.00651682,0.00347027,0.00513861,0.00341012,0.00412138,0.00230714,0.00332046,0.00193085,0.00265469,0.00147663,0.00216485,0.00144502,0.00167573,0.00119994,0.00132025,0.000978554,0.00118225,0.000688887,0.00108844,0.000562162,0.000771308,0.000473261,0.000652366,0.000432051,0.000577787,0.000323667,0.000429492,0.000293823,0.000352239,0.000210217,0.000305479,0.000168315,0.000242589,0.000146531,0.000192762,0.000114259,0.000139258,9.10704e-05,0.000150279,9.02082e-05,9.6394e-05,6.42382e-05,9.06398e-05,4.81858e-05,7.10417e-05,4.59697e-05,
66000,0.514459,0.609806,0.482856,0.541832,0.521236,0.523291,0.523553,0.521884,0.496214,0.525979,0.491553,0.476846,0.486013,0.428138,0.516602,0.445681,0.463355,0.427997,0.43074,0.446729,0.471088,0.360174,0.420993,0.292688,0.387351,0.248482,0.244078,0.154591,0.191197,0.100469,0.128014,0.0714366,0.102132,0.0433991,0.0729876,0.0312437,0.0503455,0.0256557,0.0333555,0.0197505,0.0284045,0.0167007,0.0231294,0.0120666,0.0183391,0.0102167,0.0148907,0.00920282,0.0122064,0.00695003,0.00964926,0.00562969,0.00688938,0.00524506,0.00651682,0.00347027,0.00513861,0.00341012,0.00412138,0.00230714,0.00332046,0.00193085,0.00265469,0.00147663,0.00216485,0.00144502,0.00167573,0.00119994,0.00132025,0.000978554,0.00118225,0.000688887,0.00108844,0.000562162,0.000771308,0.000473261,0.000652366,0.000432051,0.000577787,0.000323667,0.000429492,0.000293823,0.000352239,0.000210217,0.000305479,0.000168315,0.000242589,0.000146531,0.000192762,0.000114259,0.000139258,9.10704e-05,0.000150279,9.02082e-05,9.6394e-05,6.42382e-05,9.06398e-05,4.81858e-05,7.10417e-05,4.59697e-05,
66200,0.514459,0.609806,0.482856,0.541832,0.521236,0.523291,0.523553,0.521884,0.496214,0.525979,0.491553,0.476846,0.486013,0.428138,0.516602,0.445681,0.463355,0.427997,0.43074,0.446729,0.471088,0.360174,0.420993,0.292688,0.387351,0.248482,0.244078,0.154591,0.191197,0.100469,0.128014,0.0714366,0.102132,0.0433991,0.0729876,0.0312437,0.0503455,0.0256557,0.0333555,0.0197505,0.0284045,0.0167007,0.0231294,0.0120666,0.0183391,0.0102167,0.0148907,0.00920282,0.0122064,0.00695003,0.00964926,0.00562969,0.00688938,0.00524506,0.00651682,0.00347027,0.00513861,0.00341012,0.00412138,0.00230714,0.00332046,0.00193085,0.00265469,0.00147663,0.00216485,0.00144502,0.00167573,0.00119994,0.00132025,0.000978554,0.00118225,0.000688887,0.00108844,0.000562162,0.000771308,0.000473261,0.000652366,0.000432051,0.000577787,0.000323667,0.000429492,0.000293823,0.000352239,0.000210217,0.000305479,0.000168315,0.000242589,0.000146531,0.000192762,0.000114259,0.000139258,9.10704e-05,0.000150279,9.02082e-05,9.6394e-05,6.42382e-05,9.06398e-05,4.81858e-05,7.10417e-05,4.59697e-05,
66400,0.514459,0.609806,0.482856,0.541832,0.521236,0.523291,0.523553,0.521884,0.496214,0.525979,0.491553,0.476846,0.486013,0.428138,0.516602,0.445681,0.463355,0.427997,0.43074,0.446729,0.471088,0.360174,0.420993,0.292688,0.387351,0.248482,0.244078,0.154591,0.191197,0.100469,0.128014,0.0714366,0.102132,0.0433991,0.0729876,0.0312437,0.0503455,0.0256557,0.0333555,0.0197505,0.0284045,0.0167007,0.0231294,0.0120666,0.0183391,0.0102167,0.0148907,0.00920282,0.0122064,0.00695003,0.00964926,0.00562969,0.00688938,0.00524506,0.00651682,0.00347027,0.00513861,0.00341012,0.00412138,0.00230714,0.00332046,0.00193085,0.00265469,0.00147663,0.00216485,0.00144502,0.00167573,0.00119994,0.00132025,0.000978554,0.00118225,0.000688887,0.00108844,0.000562162,0.000771308,0.000473261,0.000652366,0.000432051,0.000577787,0.000323667,0.000429492,0.000293823,0.000352239,0.000210217,0.000305479,0.000168315,0.000242589,0.000146531,0.000192762,0.000114259,0.000139258,9.10704e-05,0.000150279,9.02082e-05,9.6394e-05,6.42382e-05,9.06398e-05,4.81858e-05,7.10417e-05,4.59697e-05,
66600,0.514459,0.609806,0.482856,0.541832,0.521236,0.523291,0.523553,0.521884,0.496214,0.525979,0.491553,0.476846,0.486013,0.428138,0.516602,0.445681,0.463355,0.427997,0.43074,0.446729,0.471088,0.360174,0.420993,0.292688,0.387351,0.248482,0.244078,0.154591,0.191197,0.100469,0.128014,0.0714366,0.102132,0.0433991,0.0729876,0.0312437,0.0503455,0.0256557,0.0333555,0.0197505,0.0284045,0.0167007,0.0231294,0.0120666,0.0183391,0.0102167,0.0148907,0.00920282,0.0122064,0.00695003,0.00964926,0.00562969,0.00688938,0.00524506,0.00651682,0.00347027,0.00513861,0.00341012,0.00412138,0.00230714,0.00332046,0.00193085,0.00265469,0.00147663,0.00216485,0.00144502,0.00167573,0.00119994,0.00132025,0.000978554,0.00118225,0.000688887,0.00108844,0.000562162,0.000771308,0.000473261,0.000652366,0.000432051,0.000577787,0.000323667,0.000429492,0.000293823,0.000352239,0.000210217,0.000305479,0.000168315,0.000242589,0.000146531,0.000192762,0.000114259,0.000139258,9.10704e-05,0.000150279,9.02082e-05,9.6394e-05,6.42382e-05,9.06398e-05,4.81858e-05,7.10417e-05,4.59697e-05,
66800,0.514459,0.609806,0.482856,0.541832,0.521236,0.523291,0.523553,0.521884,0.496214,0.525979,0.491553,0.476846,0.486013,0.428138,0.516602,0.445681,0.463355,0.427997,0.43074,0.446729,0.471088,0.360174,0.420993,0.292688,0.387351,0.248482,0.244078,0.154591,0.191197,0.100469,0.128014,0.0714366,0.102132,0.0433991,0.0729876,0.0312437,0.0503455,0.0256557,0.0333555,0.0197505,0.0284045,0.0167007,0.0231294,0.0120666,0.0183391,0.0102167,0.0148907,0.00920282,0.0122064,0.00695003,0.00964926,0.00562969,0.00688938,0.00524506,0.00651682,0.00347027,0.00513861,0.00341012,0.00412138,0.00230714,0.00332046,0.00193085,0.00265469,0.00147663,0.00216485,0.00144502,0.00167573,0.00119994,0.00132025,0.000978554,0.00118225,0.000688887,0.00108844,0.000562162,0.000771308,0.000473261,0.000652366,0.000432051,0.000577787,0.000323667,0.000429492,0.000293823,0.000352239,0.000210217,0.000305479,0.000168315,0.000242589,0.000146531,0.000192762,0.000114259,0.000139258,9.10704e-05,0.000150279,9.02082e-05,9.6394e-05,6.42382e-05,9.06398e-05,4.81858e-05,7.10417e-05,4.59697e-05,
67000,0.514459,0.609806,0.482856,0.541832,0.521236,0.523291,0.523553,0.521884,0.496214,0.525979,0.491553,0.476846,0.486013,0.428138,0.516602,0.445681,0.463355,0.427997,0.43074,0.446729,0.471088,0.360174,0.420993,0.292688,0.387351,0.248482,0.244078,0.154591,0.191197,0.100469,0.128014,0.0714366,0.102132,0.0433991,0.0729876,0.0312437,0.0503455,0.0256557,0.0333555,0.0197505,0.0284045,0.0167007,0.0231294,0.0120666,0.0183391,0.0102167,0.0148907,0.00920282,0.0122064,0.00695003,0.00964926,0.00562969,0.00688938,0.00524506,0.00651682,0.00347027,0.00513861,0.00341012,0.00412138,0.00230714,0.00332046,0.00193085,0.00265469,0.00147663,0.00216485,0.00144502,0.00167573,0.00119994,0.00132025,0.000978554,0.00118225,0.000688887,0.00108844,0.000562162,0.000771308,0.000473261,0.000652366,0.000432051,0.000577787,0.000323667,0.000429492,0.000293823,0.000352239,0.000210217,0.000305479,0.000168315,0.000242589,0.000146531,0.000192762,0.000114259,0.000139258,9.10704e-05,0.000150279,9.02082e-05,9.6394e-05,6.42382e-05,9.06398e-05,4.81858e-05,7.10417e-05,4.59697e-05,
67200,0.514459,0.609806,0.482856,0.541832,0.521236,0.523291,0.523553,0.521884,0.496214,0.525979,0.491553,0.476846,0.486013,0.428138,0.516602,0.445681,0.463355,0.427997,0.43074,0.446729,0.471088,0.360174,0.420993,0.292688,0.387351,0.248482,0.244078,0.154591,0.191197,0.100469,0.128014,0.0714366,0.102132,0.0433991,0.0729876,0.0312437,0.0503455,0.0256557,0.0333555,0.0197505,0.0284045,0.0167007,0.0231294,0.0120666,0.0183391,0.0102167,0.0148907,0.00920282,0.0122064,0.00695003,0.00964926,0.00562969,0.00688938,0.00524506,0.00651682,0.00347027,0.00513861,0.00341012,0.00412138,0.00230714,0.00332046,0.00193085,0.00265469,0.00147663,0.00216485,0.00144502,0.00167573,0.00119994,0.00132025,0.000978554,0.00118225,0.000688887,0.00108844,0.000562162,0.000771308,0.000473261,0.000652366,0.000432051,0.000577787,0.000323667,0.000429492,0.000293823,0.000352239,0.000210217,0.000305479,0.000168315,0.000242589,0.000146531,0.000192762,0.000114259,0.000139258,9.10704e-05,0.000150279,9.02082e-05,9.6394e-05,6.42382e-05,9.06398e-05,4.81858e-05,7.10417e-05,4.59697e-05,
67400,0.514459,0.609806,0.482856,0.541832,0.521236,0.523291,0.523553,0.521884,0.496214,0.525979,0.491553,0.476846,0.486013,0.428138,0.516602,0.445681,0.463355,0.427997,0.43074,0.446729,0.471088,0.360174,0.420993,0.292688,0.387351,0.248482,0.244078,0.154591,0.191197,0.100469,0.128014,0.0714366,0.102132,0.0433991,0.0729876,0.0312437,0.0503455,0.0256557,0.0333555,0.0197505,0.0284045,0.0167007,0.0231294,0.0120666,0.0183391,0.0102167,0.0148907,0.00920282,0.0122064,0.00695003,0.00964926,0.00562969,0.00688938,0.00524506,0.00651682,0.00347027,0.00513861,0.00341012,0.00412138,0.00230714,0.00332046,0.00193085,0.00265469,0.00147663,0.00216485,0.00144502,0.00167573,0.00119994,0.00132025,0.000978554,0.00118225,0.000688887,0.00108844,0.000562162,0.000771308,0.000473261,0.000652366,0.000432051,0.000577787,0.000323667,0.000429492,0.000293823,0.000352239,0.000210217,0.000305479,0.000168315,0.000242589,0.000146531,0.000192762,0.000114259,0.000139258,9.10704e-05,0.000150279,9.02082e-05,9.6394e-05,6.42382e-05,9.06398e-05,4.81858e-05,7.10417e-05,4.59697e-05,
67600,0.514459,0.609806,0.482856,0.541832,0.521236,0.523291,0.523553,0.521884,0.496214,0.525979,0.491553,0.476846,0.486013,0.428138,0.516602,0.445681,0.463355,0.427997,0.43074,0.446729,0.471088,0.360174,0.420993,0.292688,0.387351,0.248482,0.244078,0.154591,0.191197,0.100469,0.128014,0.0714366,0.102132,0.0433991,0.0729876,0.0312437,0.0503455,0.0256557,0.0333555,0.0197505,0.0284045,0.0167007,0.0231294,0.0120666,0.0183391,0.0102167,0.0148907,0.00920282,0.0122064,0.00695003,0.00964926,0.00562969,0.00688938,0.00524506,0.00651682,0.00347027,0.00513861,0.00341012,0.00412138,0.00230714,0.00332046,0.00193085,0.00265469,0.00147663,0.00216485,0.00144502,0.00167573,0.00119994,0.00132025,0.000978554,0.00118225,0.000688887,0.00108844,0.000562162,0.000771308,0.000473261,0.000652366,0.000432051,0.000577787,0.000323667,0.000429492,0.000293823,0.000352239,0.000210217,0.000305479,0.000168315,0.000242589,0.000146531,0.000192762,0.000114259,0.000139258,9.10704e-05,0.000150279,9.02082e-05,9.6394e-05,6.42382e-05,9.06398e-05,4.81858e-05,7.10417e-05,4.59697e-05,
67800,0.514459,0.609806,0.482856,0.541832,0.521236,0.523291,0.523553,0.521884,0.496214,0.525979,0.491553,0.476846,0.486013,0.428138,0.516602,0.445681,0.463355,0.427997,0.43074,0.446729,0.471088,0.360174,0.420993,0.292688,0.387351,0.248482,0.244078,0.154591,0.191197,0.100469,0.128014,0.0714366,0.102132,0.0433991,0.0729876,0.0312437,0.0503455,0.0256557,0.0333555,0.0197505,0.0284045,0.0167007,0.0231294,0.0120666,0.0183391,0.0102167,0.0148907,0.00920282,0.0122064,0.00695003,0.00964926,0.00562969,0.00688938,0.00524506,0.00651682,0.00347027,0.00513861,0.00341012,0.00412138,0.00230714,0.00332046,0.00193085,0.00265469,0.00147663,0.00216485,0.00144502,0.00167573,0.00119994,0.00132025,0.000978554,0.00118225,0.000688887,0.00108844,0.000562162,0.000771308,0.000473261,0.000652366,0.000432051,0.000577787,0.000323667,0.000429492,0.000293823,0.000352239,0.000210217,0.000305479,0.000168315,0.000242589,0.000146531,0.000192762,0.000114259,0.000139258,9.10704e-05,0.000150279,9.02082e-05,9.6394e-05,6.42382e-05,9.06398e-05,4.81858e-05,7.10417e-05,4.59697e-05,
68000,0.514459,0.609806,0.482856,0.541832,0.521236,0.523291,0.523553,0.521884,0.496214,0.525979,0.491553,0.476846,0.486013,0.428138,0.516602,0.445681,0.463355,0.427997,0.43074,0.446729,0.471088,0.360174,0.420993,0.292688,0.387351,0.248482,0.244078,0.154591,0.191197,0.100469,0.128014,0.0714366,0.102132,0.0433991,0.0729876,0.0312437,0.0503455,0.0256557,0.0333555,0.0197505,0.0284045,0.0167007,0.0231294,0.0120666,0.0183391,0.0102167,0.0148907,0.00920282,0.0122064,0.00695003,0.00964926,0.00562969,0.00688938,0.00524506,0.00651682,0.00347027,0.00513861,0.00341012,0.00412138,0.00230714,0.00332046,0.00193085,0.00265469,0.00147663,0.00216485,0.00144502,0.00167573,0.00119994,0.00132025,0.000978554,0.00118225,0.000688887,0.00108844,0.000562162,0.000771308,0.000473261,0.000652366,0.000432051,0.000577787,0.000323667,0.000429492,0.000293823,0.000352239,0.000210217,0.000305479,0.000168315,0.000242589,0.000146531,0.000192762,0.000114259,0.000139258,9.10704e-05,0.000150279,9.02082e-05,9.6394e-05,6.42382e-05,9.06398e-05,4.81858e-05,7.10417e-05,4.59697e-05,
68200,0.514459,0.609806,0.482856,0.541832,0.521236,0.523291,0.523553,0.521884,0.496214,0.525979,0.491553,0.476846,0.486013,0.428138,0.516602,0.445681,0.463355,0.427997,0.43074,0.446729,0.471088,0.360174,0.420993,0.292688,0.387351,0.248482,0.244078,0.154591,0.191197,0.100469,0.128014,0.0714366,0.102132,0.0433991,0.0729876,0.0312437,0.0503455,0.0256557,0.0333555,0.0197505,0.0284045,0.0167007,0.0231294,0.0120666,0.0183391,0.0102167,0.0148907,0.00920282,0.0122064,0.00695003,0.00964926,0.00562969,0.00688938,0.00524506,0.00651682,0.00347027,0.00513861,0.00341012,0.00412138,0.00230714,0.00332046,0.00193085,0.00265469,0.00147663,0.00216485,0.00144502,0.00167573,0.00119994,0.00132025,0.000978554,0.00118225,0.000688887,0.00108844,0.000562162,0.000771308,0.000473261,0.000652366,0.000432051,0.000577787,0.000323667,0.000429492,0.000293823,0.000352239,0.000210217,0.000305479,0.000168315,0.000242589,0.000146531,0.000192762,0.000114259,0.000139258,9.10704e-05,0.000150279,9.02082e-05,9.6394e-05,6.42382e-05,9.06398e-05,4.81858e-05,7.10417e-05,4.59697e-05,
68400,0.514459,0.609806,0.482856,0.541832,0.521236,0.523291,0.523553,0.521884,0.496214,0.525979,0.491553,0.476846,0.486013,0.428138,0.516602,0.445681,0.463355,0.427997,0.43074,0.446729,0.471088,0.360174,0.420993,0.292688,0.387351,0.248482,0.244078,0.154591,0.191197,0.100469,0.128014,0.0714366,0.102132,0.0433991,0.0729876,0.0312437,0.0503455,0.0256557,0.0333555,0.0197505,0.0284045,0.0167007,0.0231294,0.0120666,0.0183391,0.0102167,0.0148907,0.00920282,0.0122064,0.00695003,0.00964926,0.00562969,0.00688938,0.00524506,0.00651682,0.00347027,0.00513861,0.00341012,0.00412138,0.00230714,0.00332046,0.00193085,0.00265469,0.00147663,0.00216485,0.00144502,0.00167573,0.00119994,0.00132025,0.000978554,0.00118225,0.000688887,0.00108844,0.000562162,0.000771308,0.000473261,0.000652366,0.000432051,0.000577787,0.000323667,0.000429492,0.000293823,0.000352239,0.000210217,0.000305479,0.000168315,0.000242589,0.000146531,0.000192762,0.000114259,0.000139258,9.10704e-05,0.000150279,9.02082e-05,9.6394e-05,6.42382e-05,9.06398e-05,4.81858e-05,7.10417e-05,4.59697e-05,
68600,0.514459,0.609806,0.482856,0.541832,0.521236,0.523291,0.523553,0.521884,0.496214,0.525979,0.491553,0.476846,0.486013,0.428138,0.516602,0.445681,0.463355,0.427997,0.43074,0.446729,0.471088,0.360174,0.420993,0.292688,0.387351,0.248482,0.244078,0.154591,0.191197,0.100469,0.128014,0.0714366,0.102132,0.0433991,0.0729876,0.0312437,0.0503455,0.0256557,0.0333555,0.0197505,0.0284045,0.0167007,0.0231294,0.0120666,0.0183391,0.0102167,0.0148907,0.00920282,0.0122064,0.00695003,0.00964926,0.00562969,0.00688938,0.00524506,0.00651682,0.00347027,0.00513861,0.00341012,0.00412138,0.00230714,0.00332046,0.00193085,0.00265469,0.00147663,0.00216485,0.00144502,0.00167573,0.00119994,0.00132025,0.000978554,0.00118225,0.000688887,0.00108844,0.000562162,0.000771308,0.000473261,0.000652366,0.000432051,0.000577787,0.000323667,0.000429492,0.000293823,0.000352239,0.000210217,0.000305479,0.000168315,0.000242589,0.000146531,0.000192762,0.000114259,0.000139258,9.10704e-05,0.000150279,9.02082e-05,9.6394e-05,6.42382e-05,9.06398e-05,4.81858e-05,7.10417e-05,4.59697e-05,
68800,0.514459,0.609806,0.482856,0.541832,0.521236,0.523291,0.523553,0.521884,0.496214,0.525979,0.491553,0.476846,0.486013,0.428138,0.516602,0.445681,0.463355,0.427997,0.43074,0.446729,0.471088,0.360174,0.420993,0.292688,0.387351,0.248482,0.244078,0.154591,0.191197,0.100469,0.128014,0.0714366,0.102132,0.0433991,0.0729876,0.0312437,0.0503455,0.0256557,0.0333555,0.0197505,0.0284045,0.0167007,0.0231294,0.0120666,0.0183391,0.0102167,0.0148907,0.00920282,0.0122064,0.00695003,0.00964926,0.00562969,0.00688938,0.00524506,0.00651682,0.00347027,0.00513861,0.00341012,0.00412138,0.00230714,0.00332046,0.00193085,0.00265469,0.00147663,0.00216485,0.00144502,0.00167573,0.00119994,0.00132025,0.000978554,0.00118225,0.000688887,0.00108844,0.000562162,0.000771308,0.000473261,0.000652366,0.000432051,0.000577787,0.000323667,0.000429492,0.000293823,0.000352239,0.000210217,0.000305479,0.000168315,0.000242589,0.000146531,0.000192762,0.000114259,0.000139258,9.10704e-05,0.000150279,9.02082e-05,9.6394e-05,6.42382e-05,9.06398e-05,4.81858e-05,7.10417e-05,4.59697e-05,
69000,0.514459,0.609806,0.482856,0.541832,0.521236,0.523291,0.523553,0.521884,0.496214,0.525979,0.491553,0.476846,0.486013,0.428138,0.516602,0.445681,0.463355,0.427997,0.43074,0.446729,0.471088,0.360174,0.420993,0.292688,0.387351,0.248482,0.244078,0.154591,0.191197,0.100469,0.128014,0.0714366,0.102132,0.0433991,0.0729876,0.0312437,0.0503455,0.0256557,0.0333555,0.0197505,0.0284045,0.0167007,0.0231294,0.0120666,0.0183391,0.0102167,0.0148907,0.00920282,0.0122064,0.00695003,0.00964926,0.00562969,0.00688938,0.00524506,0.00651682,0.00347027,0.00513861,0.00341012,0.00412138,0.00230714,0.00332046,0.00193085,0.00265469,0.00147663,0.00216485,0.00144502,0.00167573,0.00119994,0.00132025,0.000978554,0.00118225,0.000688887,0.00108844,0.000562162,0.000771308,0.000473261,0.000652366,0.000432051,0.000577787,0.000323667,0.000429492,0.000293823,0.000352239,0.000210217,0.000305479,0.000168315,0.000242589,0.000146531,0.000192762,0.000114259,0.000139258,9.10704e-05,0.000150279,9.02082e-05,9.6394e-05,6.42382e-05,9.06398e-05,4.81858e-05,7.10417e-05,4.59697e-05,
69200,0.514459,0.609806,0.482856,0.541832,0.521236,0.523291,0.523553,0.521884,0.496214,0.525979,0.491553,0.476846,0.486013,0.428138,0.516602,0.445681,0.463355,0.427997,0.43074,0.446729,0.471088,0.360174,0.420993,0.292688,0.387351,0.248482,0.244078,0.154591,0.191197,0.100469,0.128014,0.0714366,0.102132,0.0433991,0.0729876,0.0312437,0.0503455,0.0256557,0.0333555,0.0197505,0.0284045,0.0167007,0.0231294,0.0120666,0.0183391,0.0102167,0.0148907,0.00920282,0.0122064,0.00695003,0.00964926,0.00562969,0.00688938,0.00524506,0.00651682,0.00347027,0.00513861,0.00341012,0.00412138,0.00230714,0.00332046,0.00193085,0.00265469,0.00147663,0.00216485,0.00144502,0.00167573,0.00119994,0.00132025,0.000978554,0.00118225,0.000688887,0.00108844,0.000562162,0.000771308,0.000473261,0.000652366,0.000432051,0.000577787,0.000323667,0.000429492,0.000293823,0.000352239,0.000210217,0.000305479,0.000168315,0.000242589,0.000146531,0.000192762,0.000114259,0.000139258,9.10704e-05,0.000150279,9.02082e-05,9.6394e-05,6.42382e-05,9.06398e-05,4.81858e-05,7.10417e-05,4.59697e-05,
69400,0.514459,0.609806,0.482856,0.541832,0.521236,0.523291,0.523553,0.521884,0.496214,0.525979,0.491553,0.476846,0.486013,0.428138,0.516602,0.445681,0.463355,0.427997,0.43074,0.446729,0.471088,0.360174,0.420993,0.292688,0.387351,0.248482,0.244078,0.154591,0.191197,0.100469,0.128014,0.0714366,0.102132,0.0433991,0.0729876,0.0312437,0.0503455,0.0256557,0.0333555,0.0197505,0.0284045,0.0167007,0.0231294,0.0120666,0.0183391,0.0102167,0.0148907,0.00920282,0.0122064,0.00695003,0.00964926,0.00562969,0.00688938,0.00524506,0.00651682,0.00347027,0.00513861,0.00341012,0.00412138,0.00230714,0.00332046,0.00193085,0.00265469,0.00147663,0.00216485,0.00144502,0.00167573,0.00119994,0.00132025,0.000978554,0.00118225,0.000688887,0.00108844,0.000562162,0.000771308,0.000473261,0.000652366,0.000432051,0.000577787,0.000323667,0.000429492,0.000293823,0.000352239,0.000210217,0.000305479,0.000168315,0.000242589,0.000146531,0.000192762,0.000114259,0.000139258,9.10704e-05,0.000150279,9.02082e-05,9.6394e-05,6.42382e-05,9.06398e-05,4.81858e-05,7.10417e-05,4.59697e-05,
69600,0.514459,0.609806,0.482856,0.541832,0.521236,0.523291,0.523553,0.521884,0.496214,0.525979,0.491553,0.476846,0.486013,0.428138,0.516602,0.445681,0.463355,0.427997,0.43074,0.446729,0.471088,0.360174,0.420993,0.292688,0.387351,0.248482,0.244078,0.154591,0.191197,0.100469,0.128014,0.0714366,0.102132,0.0433991,0.0729876,0.0312437,0.0503455,0.0256557,0.0333555,0.0197505,0.0284045,0.0167007,0.0231294,0.0120666,0.0183391,0.0102167,0.0148907,0.00920282,0.0122064,0.00695003,0.00964926,0.00562969,0.00688938,0.00524506,0.00651682,0.00347027,0.00513861,0.00341012,0.00412138,0.00230714,0.00332046,0.00193085,0.00265469,0.00147663,0.00216485,0.00144502,0.00167573,0.00119994,0.00132025,0.000978554,0.00118225,0.000688887,0.00108844,0.000562162,0.000771308,0.000473261,0.000652366,0.000432051,0.000577787,0.000323667,0.000429492,0.000293823,0.000352239,0.000210217,0.000305479,0.000168315,0.000242589,0.000146531,0.000192762,0.000114259,0.000139258,9.10704e-05,0.000150279,9.02082e-05,9.6394e-05,6.42382e-05,9.06398e-05,4.81858e-05,7.10417e-05,4.59697e-05,
69800,0.514459,0.609806,0.482856,0.541832,0.521236,0.523291,0.523553,0.521884,0.496214,0.525979,0.491553,0.476846,0.486013,0.428138,0.516602,0.445681,0.463355,0.427997,0.43074,0.446729,0.471088,0.360174,0.420993,0.292688,0.387351,0.248482,0.244078,0.154591,0.191197,0.100469,0.128014,0.0714366,0.102132,0.0433991,0.0729876,0.0312437,0.0503455,0.0256557,0.0333555,0.0197505,0.0284045,0.0167007,0.0231294,0.0120666,0.0183391,0.0102167,0.0148907,0.00920282,0.0122064,0.00695003,0.00964926,0.00562969,0.00688938,0.00524506,0.00651682,0.00347027,0.00513861,0.00341012,0.00412138,0.00230714,0.00332046,0.00193085,0.00265469,0.00147663,0.00216485,0.00144502,0.00167573,0.00119994,0.00132025,0.000978554,0.00118225,0.000688887,0.00108844,0.000562162,0.000771308,0.000473261,0.000652366,0.000432051,0.000577787,0.000323667,0.000429492,0.000293823,0.000352239,0.000210217,0.000305479,0.000168315,0.000242589,0.000146531,0.000192762,0.000114259,0.000139258,9.10704e-05,0.000150279,9.02082e-05,9.6394e-05,6.42382e-05,9.06398e-05,4.81858e-05,7.10417e-05,4.59697e-05,
70000,0.514459,0.609806,0.482856,0.541832,0.521236,0.523291,0.523553,0.521884,0.496214,0.525979,0.491553,0.476846,0.486013,0.428138,0.516602,0.445681,0.463355,0.427997,0.43074,0.446729,0.471088,0.360174,0.420993,0.292688,0.387351,0.248482,0.244078,0.154591,0.191197,0.100469,0.128014,0.0714366,0.102132,0.0433991,0.0729876,0.0312437,0.0503455,0.0256557,0.0333555,0.0197505,0.0284045,0.0167007,0.0231294,0.0120666,0.0183391,0.0102167,0.0148907,0.00920282,0.0122064,0.00695003,0.00964926,0.00562969,0.00688938,0.00524506,0.00651682,0.00347027,0.00513861,0.00341012,0.00412138,0.00230714,0.00332046,0.00193085,0.00265469,0.00147663,0.00216485,0.00144502,0.00167573,0.00119994,0.00132025,0.000978554,0.00118225,0.000688887,0.00108844,0.000562162,0.000771308,0.000473261,0.000652366,0.000432051,0.000577787,0.000323667,0.000429492,0.000293823,0.000352239,0.000210217,0.000305479,0.000168315,0.000242589,0.000146531,0.000192762,0.000114259,0.000139258,9.10704e-05,0.000150279,9.02082e-05,9.6394e-05,6.42382e-05,9.06398e-05,4.81858e-05,7.10417e-05,4.59697e-05,
70200,0.514459,0.609806,0.482856,0.541832,0.521236,0.523291,0.523553,0.521884,0.496214,0.525979,0.491553,0.476846,0.486013,0.428138,0.516602,0.445681,0.463355,0.427997,0.43074,0.446729,0.471088,0.360174,0.420993,0.292688,0.387351,0.248482,0.244078,0.154591,0.191197,0.100469,0.128014,0.0714366,0.102132,0.0433991,0.0729876,0.0312437,0.0503455,0.0256557,0.0333555,0.0197505,0.0284045,0.0167007,0.0231294,0.0120666,0.0183391,0.0102167,0.0148907,0.00920282,0.0122064,0.00695003,0.00964926,0.00562969,0.00688938,0.00524506,0.00651682,0.00347027,0.00513861,0.00341012,0.00412138,0.00230714,0.00332046,0.00193085,0.00265469,0.00147663,0.00216485,0.00144502,0.00167573,0.00119994,0.00132025,0.000978554,0.00118225,0.000688887,0.00108844,0.000562162,0.000771308,0.000473261,0.000652366,0.000432051,0.000577787,0.000323667,0.000429492,0.000293823,0.000352239,0.000210217,0.000305479,0.000168315,0.000242589,0.000146531,0.000192762,0.000114259,0.000139258,9.10704e-05,0.000150279,9.02082e-05,9.6394e-05,6.42382e-05,9.06398e-05,4.81858e-05,7.10417e-05,4.59697e-05,
70400,0.514459,0.609806,0.482856,0.541832,0.521236,0.523291,0.523553,0.521884,0.496214,0.525979,0.491553,0.476846,0.486013,0.428138,0.516602,0.445681,0.463355,0.427997,0.43074,0.446729,0.471088,0.360174,0.420993,0.292688,0.387351,0.248482,0.244078,0.154591,0.191197,0.100469,0.128014,0.0714366,0.102132,0.0433991,0.0729876,0.0312437,0.0503455,0.0256557,0.0333555,0.0197505,0.0284045,0.0167007,0.0231294,0.0120666,0.0183391,0.0102167,0.0148907,0.00920282,0.0122064,0.00695003,0.00964926,0.00562969,0.00688938,0.00524506,0.00651682,0.00347027,0.00513861,0.00341012,0.00412138,0.00230714,0.00332046,0.00193085,0.00265469,0.00147663,0.00216485,0.00144502,0.00167573,0.00119994,0.00132025,0.000978554,0.00118225,0.000688887,0.00108844,0.000562162,0.000771308,0.000473261,0.000652366,0.000432051,0.000577787,0.000323667,0.000429492,0.000293823,0.000352239,0.000210217,0.000305479,0.000168315,0.000242589,0.000146531,0.000192762,0.000114259,0.000139258,9.10704e-05,0.000150279,9.02082e-05,9.6394e-05,6.42382e-05,9.06398e-05,4.81858e-05,7.10417e-05,4.59697e-05,
70600,0.514459,0.609806,0.482856,0.541832,0.521236,0.523291,0.523553,0.521884,0.496214,0.525979,0.491553,0.476846,0.486013,0.428138,0.516602,0.445681,0.463355,0.427997,0.43074,0.446729,0.471088,0.360174,0.420993,0.292688,0.387351,0.248482,0.244078,0.154591,0.191197,0.100469,0.128014,0.0714366,0.102132,0.0433991,0.0729876,0.0312437,0.0503455,0.0256557,0.0333555,0.0197505,0.0284045,0.0167007,0.0231294,0.0120666,0.0183391,0.0102167,0.0148907,0.00920282,0.0122064,0.00695003,0.00964926,0.00562969,0.00688938,0.00524506,0.00651682,0.00347027,0.00513861,0.00341012,0.00412138,0.00230714,0.00332046,0.00193085,0.00265469,0.00147663,0.00216485,0.00144502,0.00167573,0.00119994,0.00132025,0.000978554,0.00118225,0.000688887,0.00108844,0.000562162,0.000771308,0.000473261,0.000652366,0.000432051,0.000577787,0.000323667,0.000429492,0.000293823,0.000352239,0.000210217,0.000305479,0.000168315,0.000242589,0.000146531,0.000192762,0.000114259,0.000139258,9.10704e-05,0.000150279,9.02082e-05,9.6394e-05,6.42382e-05,9.06398e-05,4.81858e-05,7.10417e-05,4.59697e-05,
70800,0.514459,0.609806,0.482856,0.541832,0.521236,0.523291,0.523553,0.521884,0.496214,0.525979,0.491553,0.476846,0.486013,0.428138,0.516602,0.445681,0.463355,0.427997,0.43074,0.446729,0.471088,0.360174,0.420993,0.292688,0.387351,0.248482,0.244078,0.154591,0.191197,0.100469,0.128014,0.0714366,0.102132,0.0433991,0.0729876,0.0312437,0.0503455,0.0256557,0.0333555,0.0197505,0.0284045,0.0167007,0.0231294,0.0120666,0.0183391,0.0102167,0.0148907,0.00920282,0.0122064,0.00695003,0.00964926,0.00562969,0.00688938,0.00524506,0.00651682,0.00347027,0.00513861,0.00341012,0.00412138,0.00230714,0.00332046,0.00193085,0.00265469,0.00147663,0.00216485,0.00144502,0.00167573,0.00119994,0.00132025,0.000978554,0.00118225,0.000688887,0.00108844,0.000562162,0.000771308,0.000473261,0.000652366,0.000432051,0.000577787,0.000323667,0.000429492,0.000293823,0.000352239,0.000210217,0.000305479,0.000168315,0.000242589,0.000146531,0.000192762,0.000114259,0.000139258,9.10704e-05,0.000150279,9.02082e-05,9.6394e-05,6.42382e-05,9.06398e-05,4.81858e-05,7.10417e-05,4.59697e-05,
71000,0.514459,0.609806,0.482856,0.541832,0.521236,0.523291,0.523553,0.521884,0.496214,0.525979,0.491553,0.476846,0.486013,0.428138,0.516602,0.445681,0.463355,0.427997,0.43074,0.446729,0.471088,0.360174,0.420993,0.292688,0.387351,0.248482,0.244078,0.154591,0.191197,0.100469,0.128014,0.0714366,0.102132,0.0433991,0.0729876,0.0312437,0.0503455,0.0256557,0.0333555,0.0197505,0.0284045,0.0167007,0.0231294,0.0120666,0.0183391,0.0102167,0.0148907,0.00920282,0.0122064,0.00695003,0.00964926,0.00562969,0.00688938,0.00524506,0.00651682,0.00347027,0.00513861,0.00341012,0.00412138,0.00230714,0.00332046,0.00193085,0.00265469,0.00147663,0.00216485,0.00144502,0.00167573,0.00119994,0.00132025,0.000978554,0.00118225,0.000688887,0.00108844,0.000562162,0.000771308,0.000473261,0.000652366,0.000432051,0.000577787,0.000323667,0.000429492,0.000293823,0.000352239,0.000210217,0.000305479,0.000168315,0.000242589,0.000146531,0.000192762,0.000114259,0.000139258,9.10704e-05,0.000150279,9.02082e-05,9.6394e-05,6.42382e-05,9.06398e-05,4.81858e-05,7.10417e-05,4.59697e-05,
71200,0.514459,0.609806,0.482856,0.541832,0.521236,0.523291,0.523553,0.521884,0.496214,0.525979,0.491553,0.476846,0.486013,0.428138,0.516602,0.445681,0.463355,0.427997,0.43074,0.446729,0.471088,0.360174,0.420993,0.292688,0.387351,0.248482,0.244078,0.154591,0.191197,0.100469,0.128014,0.0714366,0.102132,0.0433991,0.0729876,0.0312437,0.0503455,0.0256557,0.0333555,0.0197505,0.0284045,0.0167007,0.0231294,0.0120666,0.0183391,0.0102167,0.0148907,0.00920282,0.0122064,0.00695003,0.00964926,0.00562969,0.00688938,0.00524506,0.00651682,0.00347027,0.00513861,0.00341012,0.00412138,0.00230714,0.00332046,0.00193085,0.00265469,0.00147663,0.00216485,0.00144502,0.00167573,0.00119994,0.00132025,0.000978554,0.00118225,0.000688887,0.00108844,0.000562162,0.000771308,0.000473261,0.000652366,0.000432051,0.000577787,0.000323667,0.000429492,0.000293823,0.000352239,0.000210217,0.000305479,0.000168315,0.000242589,0.000146531,0.000192762,0.000114259,0.000139258,9.10704e-05,0.000150279,9.02082e-05,9.6394e-05,6.42382e-05,9.06398e-05,4.81858e-05,7.10417e-05,4.59697e-05,
71400,0.514459,0.609806,0.482856,0.541832,0.521236,0.523291,0.523553,0.521884,0.496214,0.525979,0.491553,0.476846,0.486013,0.428138,0.516602,0.445681,0.463355,0.427997,0.43074,0.446729,0.471088,0.360174,0.420993,0.292688,0.387351,0.248482,0.244078,0.154591,0.191197,0.100469,0.128014,0.0714366,0.102132,0.0433991,0.0729876,0.0312437,0.0503455,0.0256557,0.0333555,0.0197505,0.0284045,0.0167007,0.0231294,0.0120666,0.0183391,0.0102167,0.0148907,0.00920282,0.0122064,0.00695003,0.00964926,0.00562969,0.00688938,0.00524506,0.00651682,0.00347027,0.00513861,0.00341012,0.00412138,0.00230714,0.00332046,0.00193085,0.00265469,0.00147663,0.00216485,0.00144502,0.00167573,0.00119994,0.00132025,0.000978554,0.00118225,0.000688887,0.00108844,0.000562162,0.000771308,0.000473261,0.000652366,0.000432051,0.000577787,0.000323667,0.000429492,0.000293823,0.000352239,0.000210217,0.000305479,0.000168315,0.000242589,0.000146531,0.000192762,0.000114259,0.000139258,9.10704e-05,0.000150279,9.02082e-05,9.6394e-05,6.42382e-05,9.06398e-05,4.81858e-05,7.10417e-05,4.59697e-05,
71600,0.514459,0.609806,0.482856,0.541832,0.521236,0.523291,0.523553,0.521884,0.496214,0.525979,0.491553,0.476846,0.486013,0.428138,0.516602,0.445681,0.463355,0.427997,0.43074,0.446729,0.471088,0.360174,0.420993,0.292688,0.387351,0.248482,0.244078,0.154591,0.191197,0.100469,0.128014,0.0714366,0.102132,0.0433991,0.0729876,0.0312437,0.0503455,0.0256557,0.0333555,0.0197505,0.0284045,0.0167007,0.0231294,0.0120666,0.0183391,0.0102167,0.0148907,0.00920282,0.0122064,0.00695003,0.00964926,0.00562969,0.00688938,0.00524506,0.00651682,0.00347027,0.00513861,0.00341012,0.00412138,0.00230714,0.00332046,0.00193085,0.00265469,0.00147663,0.00216485,0.00144502,0.00167573,0.00119994,0.00132025,0.000978554,0.00118225,0.000688887,0.00108844,0.000562162,0.000771308,0.000473261,0.000652366,0.000432051,0.000577787,0.000323667,0.000429492,0.000293823,0.000352239,0.000210217,0.000305479,0.000168315,0.000242589,0.000146531,0.000192762,0.000114259,0.000139258,9.10704e-05,0.000150279,9.02082e-05,9.6394e-05,6.42382e-05,9.06398e-05,4.81858e-05,7.10417e-05,4.59697e-05,
71800,0.514459,0.609806,0.482856,0.541832,0.521236,0.523291,0.523553,0.521884,0.496214,0.525979,0.491553,0.476846,0.486013,0.428138,0.516602,0.445681,0.463355,0.427997,0.43074,0.446729,0.471088,0.360174,0.420993,0.292688,0.387351,0.248482,0.244078,0.154591,0.191197,0.100469,0.128014,0.0714366,0.102132,0.0433991,0.0729876,0.0312437,0.0503455,0.0256557,0.0333555,0.0197505,0.0284045,0.0167007,0.0231294,0.0120666,0.0183391,0.0102167,0.0148907,0.00920282,0.0122064,0.00695003,0.00964926,0.00562969,0.00688938,0.00524506,0.00651682,0.00347027,0.00513861,0.00341012,0.00412138,0.00230714,0.00332046,0.00193085,0.00265469,0.00147663,0.00216485,0.00144502,0.00167573,0.00119994,0.00132025,0.000978554,0.00118225,0.000688887,0.00108844,0.000562162,0.000771308,0.000473261,0.000652366,0.000432051,0.000577787,0.000323667,0.000429492,0.000293823,0.000352239,0.000210217,0.000305479,0.000168315,0.000242589,0.000146531,0.000192762,0.000114259,0.000139258,9.10704e-05,0.000150279,9.02082e-05,9.6394e-05,6.42382e-05,9.06398e-05,4.81858e-05,7.10417e-05,4.59697e-05,
72000,0.514459,0.609806,0.482856,0.541832,0.521236,0.523291,0.523553,0.521884,0.496214,0.525979,0.491553,0.476846,0.486013,0.428138,0.516602,0.445681,0.463355,0.427997,0.43074,0.446729,0.471088,0.360174,0.420993,0.292688,0.387351,0.248482,0.244078,0.154591,0.191197,0.100469,0.128014,0.0714366,0.102132,0.0433991,0.0729876,0.0312437,0.0503455,0.0256557,0.0333555,0.0197505,0.0284045,0.0167007,0.0231294,0.0120666,0.0183391,0.0102167,0.0148907,0.00920282,0.0122064,0.00695003,0.00964926,0.00562969,0.00688938,0.00524506,0.00651682,0.00347027,0.00513861,0.00341012,0.00412138,0.00230714,0.00332046,0.00193085,0.00265469,0.00147663,0.00216485,0.00144502,0.00167573,0.00119994,0.00132025,0.000978554,0.00118225,0.000688887,0.00108844,0.000562162,0.000771308,0.000473261,0.000652366,0.000432051,0.000577787,0.000323667,0.000429492,0.000293823,0.000352239,0.000210217,0.000305479,0.000168315,0.000242589,0.000146531,0.000192762,0.000114259,0.000139258,9.10704e-05,0.000150279,9.02082e-05,9.6394e-05,6.42382e-05,9.06398e-05,4.81858e-05,7.10417e-05,4.59697e-05,
72200,0.514459,0.609806,0.482856,0.541832,0.521236,0.523291,0.523553,0.521884,0.496214,0.525979,0.491553,0.476846,0.486013,0.428138,0.516602,0.445681,0.463355,0.427997,0.43074,0.446729,0.471088,0.360174,0.420993,0.292688,0.387351,0.248482,0.244078,0.154591,0.191197,0.100469,0.128014,0.0714366,0.102132,0.0433991,0.0729876,0.0312437,0.0503455,0.0256557,0.0333555,0.0197505,0.0284045,0.0167007,0.0231294,0.0120666,0.0183391,0.0102167,0.0148907,0.00920282,0.0122064,0.00695003,0.00964926,0.00562969,0.00688938,0.00524506,0.00651682,0.00347027,0.00513861,0.00341012,0.00412138,0.00230714,0.00332046,0.00193085,0.00265469,0.00147663,0.00216485,0.00144502,0.00167573,0.00119994,0.00132025,0.000978554,0.00118225,0.000688887,0.00108844,0.000562162,0.000771308,0.000473261,0.000652366,0.000432051,0.000577787,0.000323667,0.000429492,0.000293823,0.000352239,0.000210217,0.000305479,0.000168315,0.000242589,0.000146531,0.000192762,0.000114259,0.000139258,9.10704e-05,0.000150279,9.02082e-05,9.6394e-05,6.42382e-05,9.06398e-05,4.81858e-05,7.10417e-05,4.59697e-05,
72400,0.514459,0.609806,0.482856,0.541832,0.521236,0.523291,0.523553,0.521884,0.496214,0.525979,0.491553,0.476846,0.486013,0.428138,0.516602,0.445681,0.463355,0.427997,0.43074,0.446729,0.471088,0.360174,0.420993,0.292688,0.387351,0.248482,0.244078,0.154591,0.191197,0.100469,0.128014,0.0714366,0.102132,0.0433991,0.0729876,0.0312437,0.0503455,0.0256557,0.0333555,0.0197505,0.0284045,0.0167007,0.0231294,0.0120666,0.0183391,0.0102167,0.0148907,0.00920282,0.0122064,0.00695003,0.00964926,0.00562969,0.00688938,0.00524506,0.00651682,0.00347027,0.00513861,0.00341012,0.00412138,0.00230714,0.00332046,0.00193085,0.00265469,0.00147663,0.00216485,0.00144502,0.00167573,0.00119994,0.00132025,0.000978554,0.00118225,0.000688887,0.00108844,0.000562162,0.000771308,0.000473261,0.000652366,0.000432051,0.000577787,0.000323667,0.000429492,0.000293823,0.000352239,0.000210217,0.000305479,0.000168315,0.000242589,0.000146531,0.000192762,0.000114259,0.000139258,9.10704e-05,0.000150279,9.02082e-05,9.6394e-05,6.42382e-05,9.06398e-05,4.81858e-05,7.10417e-05,4.59697e-05,
72600,0.514459,0.609806,0.482856,0.541832,0.521236,0.523291,0.523553,0.521884,0.496214,0.525979,0.491553,0.476846,0.486013,0.428138,0.516602,0.445681,0.463355,0.427997,0.43074,0.446729,0.471088,0.360174,0.420993,0.292688,0.387351,0.248482,0.244078,0.154591,0.191197,0.100469,0.128014,0.0714366,0.102132,0.0433991,0.0729876,0.0312437,0.0503455,0.0256557,0.0333555,0.0197505,0.0284045,0.0167007,0.0231294,0.0120666,0.0183391,0.0102167,0.0148907,0.00920282,0.0122064,0.00695003,0.00964926,0.00562969,0.00688938,0.00524506,0.00651682,0.00347027,0.00513861,0.00341012,0.00412138,0.00230714,0.00332046,0.00193085,0.00265469,0.00147663,0.00216485,0.00144502,0.00167573,0.00119994,0.00132025,0.000978554,0.00118225,0.000688887,0.00108844,0.000562162,0.000771308,0.000473261,0.000652366,0.000432051,0.000577787,0.000323667,0.000429492,0.000293823,0.000352239,0.000210217,0.000305479,0.000168315,0.000242589,0.000146531,0.000192762,0.000114259,0.000139258,9.10704e-05,0.000150279,9.02082e-05,9.6394e-05,6.42382e-05,9.06398e-05,4.81858e-05,7.10417e-05,4.59697e-05,
72800,0.514459,0.609806,0.482856,0.541832,0.521236,0.523291,0.523553,0.521884,0.496214,0.525979,0.491553,0.476846,0.486013,0.428138,0.516602,0.445681,0.463355,0.427997,0.43074,0.446729,0.471088,0.360174,0.420993,0.292688,0.387351,0.248482,0.244078,0.154591,0.191197,0.100469,0.128014,0.0714366,0.102132,0.0433991,0.0729876,0.0312437,0.0503455,0.0256557,0.0333555,0.0197505,0.0284045,0.0167007,0.0231294,0.0120666,0.0183391,0.0102167,0.0148907,0.00920282,0.0122064,0.00695003,0.00964926,0.00562969,0.00688938,0.00524506,0.00651682,0.00347027,0.00513861,0.00341012,0.00412138,0.00230714,0.00332046,0.00193085,0.00265469,0.00147663,0.00216485,0.00144502,0.00167573,0.00119994,0.00132025,0.000978554,0.00118225,0.000688887,0.00108844,0.000562162,0.000771308,0.000473261,0.000652366,0.000432051,0.000577787,0.000323667,0.000429492,0.000293823,0.000352239,0.000210217,0.000305479,0.000168315,0.000242589,0.000146531,0.000192762,0.000114259,0.000139258,9.10704e-05,0.000150279,9.02082e-05,9.6394e-05,6.42382e-05,9.06398e-05,4.81858e-05,7.10417e-05,4.59697e-05,
73000,0.514459,0.609806,0.482856,0.541832,0.521236,0.523291,0.523553,0.521884,0.496214,0.525979,0.491553,0.476846,0.486013,0.428138,0.516602,0.445681,0.463355,0.427997,0.43074,0.446729,0.471088,0.360174,0.420993,0.292688,0.387351,0.248482,0.244078,0.154591,0.191197,0.100469,0.128014,0.0714366,0.102132,0.0433991,0.0729876,0.0312437,0.0503455,0.0256557,0.0333555,0.0197505,0.0284045,0.0167007,0.0231294,0.0120666,0.0183391,0.0102167,0.0148907,0.00920282,0.0122064,0.00695003,0.00964926,0.00562969,0.00688938,0.00524506,0.00651682,0.00347027,0.00513861,0.00341012,0.00412138,0.00230714,0.00332046,0.00193085,0.00265469,0.00147663,0.00216485,0.00144502,0.00167573,0.00119994,0.00132025,0.000978554,0.00118225,0.000688887,0.00108844,0.000562162,0.000771308,0.000473261,0.000652366,0.000432051,0.000577787,0.000323667,0.000429492,0.000293823,0.000352239,0.000210217,0.000305479,0.000168315,0.000242589,0.000146531,0.000192762,0.000114259,0.000139258,9.10704e-05,0.000150279,9.02082e-05,9.6394e-05,6.42382e-05,9.06398e-05,4.81858e-05,7.10417e-05,4.59697e-05,
73200,0.514459,0.609806,0.482856,0.541832,0.521236,0.523291,0.523553,0.521884,0.496214,0.525979,0.491553,0.476846,0.486013,0.428138,0.516602,0.445681,0.463355,0.427997,0.43074,0.446729,0.471088,0.360174,0.420993,0.292688,0.387351,0.248482,0.244078,0.154591,0.191197,0.100469,0.128014,0.0714366,0.102132,0.0433991,0.0729876,0.0312437,0.0503455,0.0256557,0.0333555,0.0197505,0.0284045,0.0167007,0.0231294,0.0120666,0.0183391,0.0102167,0.0148907,0.00920282,0.0122064,0.00695003,0.00964926,0.00562969,0.00688938,0.00524506,0.00651682,0.00347027,0.00513861,0.00341012,0.00412138,0.00230714,0.00332046,0.00193085,0.00265469,0.00147663,0.00216485,0.00144502,0.00167573,0.00119994,0.00132025,0.000978554,0.00118225,0.000688887,0.00108844,0.000562162,0.000771308,0.000473261,0.000652366,0.000432051,0.000577787,0.000323667,0.000429492,0.000293823,0.000352239,0.000210217,0.000305479,0.000168315,0.000242589,0.000146531,0.000192762,0.000114259,0.000139258,9.10704e-05,0.000150279,9.02082e-05,9.6394e-05,6.42382e-05,9.06398e-05,4.81858e-05,7.10417e-05,4.59697e-05,
73400,0.514459,0.609806,0.482856,0.541832,0.521236,0.523291,0.523553,0.521884,0.496214,0.525979,0.491553,0.476846,0.486013,0.428138,0.516602,0.445681,0.463355,0.427997,0.43074,0.446729,0.471088,0.360174,0.420993,0.292688,0.387351,0.248482,0.244078,0.154591,0.191197,0.100469,0.128014,0.0714366,0.102132,0.0433991,0.0729876,0.0312437,0.0503455,0.0256557,0.0333555,0.0197505,0.0284045,0.0167007,0.0231294,0.0120666,0.0183391,0.0102167,0.0148907,0.00920282,0.0122064,0.00695003,0.00964926,0.00562969,0.00688938,0.00524506,0.00651682,0.00347027,0.00513861,0.00341012,0.00412138,0.00230714,0.00332046,0.00193085,0.00265469,0.00147663,0.00216485,0.00144502,0.00167573,0.00119994,0.00132025,0.000978554,0.00118225,0.000688887,0.00108844,0.000562162,0.000771308,0.000473261,0.000652366,0.000432051,0.000577787,0.000323667,0.000429492,0.000293823,0.000352239,0.000210217,0.000305479,0.000168315,0.000242589,0.000146531,0.000192762,0.000114259,0.000139258,9.10704e-05,0.000150279,9.02082e-05,9.6394e-05,6.42382e-05,9.06398e-05,4.81858e-05,7.10417e-05,4.59697e-05,
73600,0.514459,0.609806,0.482856,0.541832,0.521236,0.523291,0.523553,0.521884,0.496214,0.525979,0.491553,0.476846,0.486013,0.428138,0.516602,0.445681,0.463355,0.427997,0.43074,0.446729,0.471088,0.360174,0.420993,0.292688,0.387351,0.248482,0.244078,0.154591,0.191197,0.100469,0.128014,0.0714366,0.102132,0.0433991,0.0729876,0.0312437,0.0503455,0.0256557,0.0333555,0.0197505,0.0284045,0.0167007,0.0231294,0.0120666,0.0183391,0.0102167,0.0148907,0.00920282,0.0122064,0.00695003,0.00964926,0.00562969,0.00688938,0.00524506,0.00651682,0.00347027,0.00513861,0.00341012,0.00412138,0.00230714,0.00332046,0.00193085,0.00265469,0.00147663,0.00216485,0.00144502,0.00167573,0.00119994,0.00132025,0.000978554,0.00118225,0.000688887,0.00108844,0.000562162,0.000771308,0.000473261,0.000652366,0.000432051,0.000577787,0.000323667,0.000429492,0.000293823,0.000352239,0.000210217,0.000305479,0.000168315,0.000242589,0.000146531,0.000192762,0.000114259,0.000139258,9.10704e-05,0.000150279,9.02082e-05,9.6394e-05,6.42382e-05,9.06398e-05,4.81858e-05,7.10417e-05,4.59697e-05,
73800,0.514459,0.609806,0.482856,0.541832,0.521236,0.523291,0.523553,0.521884,0.496214,0.525979,0.491553,0.476846,0.486013,0.428138,0.516602,0.445681,0.463355,0.427997,0.43074,0.446729,0.471088,0.360174,0.420993,0.292688,0.387351,0.248482,0.244078,0.154591,0.191197,0.100469,0.128014,0.0714366,0.102132,0.0433991,0.0729876,0.0312437,0.0503455,0.0256557,0.0333555,0.0197505,0.0284045,0.0167007,0.0231294,0.0120666,0.0183391,0.0102167,0.0148907,0.00920282,0.0122064,0.00695003,0.00964926,0.00562969,0.00688938,0.00524506,0.00651682,0.00347027,0.00513861,0.00341012,0.00412138,0.00230714,0.00332046,0.00193085,0.00265469,0.00147663,0.00216485,0.00144502,0.00167573,0.00119994,0.00132025,0.000978554,0.00118225,0.000688887,0.00108844,0.000562162,0.000771308,0.000473261,0.000652366,0.000432051,0.000577787,0.000323667,0.000429492,0.000293823,0.000352239,0.000210217,0.000305479,0.000168315,0.000242589,0.000146531,0.000192762,0.000114259,0.000139258,9.10704e-05,0.000150279,9.02082e-05,9.6394e-05,6.42382e-05,9.06398e-05,4.81858e-05,7.10417e-05,4.59697e-05,
74000,0.514459,0.609806,0.482856,0.541832,0.521236,0.523291,0.523553,0.521884,0.496214,0.525979,0.491553,0.476846,0.486013,0.428138,0.516602,0.445681,0.463355,0.427997,0.43074,0.446729,0.471088,0.360174,0.420993,0.292688,0.387351,0.248482,0.244078,0.154591,0.191197,0.100469,0.128014,0.0714366,0.102132,0.0433991,0.0729876,0.0312437,0.0503455,0.0256557,0.0333555,0.0197505,0.0284045,0.0167007,0.0231294,0.0120666,0.0183391,0.0102167,0.0148907,0.00920282,0.0122064,0.00695003,0.00964926,0.00562969,0.00688938,0.00524506,0.00651682,0.00347027,0.00513861,0.00341012,0.00412138,0.00230714,0.00332046,0.00193085,0.00265469,0.00147663,0.00216485,0.00144502,0.00167573,0.00119994,0.00132025,0.000978554,0.00118225,0.000688887,0.00108844,0.000562162,0.000771308,0.000473261,0.000652366,0.000432051,0.000577787,0.000323667,0.000429492,0.000293823,0.000352239,0.000210217,0.000305479,0.000168315,0.000242589,0.000146531,0.000192762,0.000114259,0.000139258,9.10704e-05,0.000150279,9.02082e-05,9.6394e-05,6.42382e-05,9.06398e-05,4.81858e-05,7.10417e-05,4.59697e-05,
74200,0.514459,0.609806,0.482856,0.541832,0.521236,0.523291,0.523553,0.521884,0.496214,0.525979,0.491553,0.476846,0.486013,0.428138,0.516602,0.445681,0.463355,0.427997,0.43074,0.446729,0.471088,0.360174,0.420993,0.292688,0.387351,0.248482,0.244078,0.154591,0.191197,0.100469,0.128014,0.0714366,0.102132,0.0433991,0.0729876,0.0312437,0.0503455,0.0256557,0.0333555,0.0197505,0.0284045,0.0167007,0.0231294,0.0120666,0.0183391,0.0102167,0.0148907,0.00920282,0.0122064,0.00695003,0.00964926,0.00562969,0.00688938,0.00524506,0.00651682,0.00347027,0.00513861,0.00341012,0.00412138,0.00230714,0.00332046,0.00193085,0.00265469,0.00147663,0.00216485,0.00144502,0.00167573,0.00119994,0.00132025,0.000978554,0.00118225,0.000688887,0.00108844,0.000562162,0.000771308,0.000473261,0.000652366,0.000432051,0.000577787,0.000323667,0.000429492,0.000293823,0.000352239,0.000210217,0.000305479,0.000168315,0.000242589,0.000146531,0.000192762,0.000114259,0.000139258,9.10704e-05,0.000150279,9.02082e-05,9.6394e-05,6.42382e-05,9.06398e-05,4.81858e-05,7.10417e-05,4.59697e-05,
74400,0.514459,0.609806,0.482856,0.541832,0.521236,0.523291,0.523553,0.521884,0.496214,0.525979,0.491553,0.476846,0.486013,0.428138,0.516602,0.445681,0.463355,0.427997,0.43074,0.446729,0.471088,0.360174,0.420993,0.292688,0.387351,0.248482,0.244078,0.154591,0.191197,0.100469,0.128014,0.0714366,0.102132,0.0433991,0.0729876,0.0312437,0.0503455,0.0256557,0.0333555,0.0197505,0.0284045,0.0167007,0.0231294,0.0120666,0.0183391,0.0102167,0.0148907,0.00920282,0.0122064,0.00695003,0.00964926,0.00562969,0.00688938,0.00524506,0.00651682,0.00347027,0.00513861,0.00341012,0.00412138,0.00230714,0.00332046,0.00193085,0.00265469,0.00147663,0.00216485,0.00144502,0.00167573,0.00119994,0.00132025,0.000978554,0.00118225,0.000688887,0.00108844,0.000562162,0.000771308,0.000473261,0.000652366,0.000432051,0.000577787,0.000323667,0.000429492,0.000293823,0.000352239,0.000210217,0.000305479,0.000168315,0.000242589,0.000146531,0.000192762,0.000114259,0.000139258,9.10704e-05,0.000150279,9.02082e-05,9.6394e-05,6.42382e-05,9.06398e-05,4.81858e-05,7.10417e-05,4.59697e-05,
74600,0.514459,0.609806,0.482856,0.541832,0.521236,0.523291,0.523553,0.521884,0.496214,0.525979,0.491553,0.476846,0.486013,0.428138,0.516602,0.445681,0.463355,0.427997,0.43074,0.446729,0.471088,0.360174,0.420993,0.292688,0.387351,0.248482,0.244078,0.154591,0.191197,0.100469,0.128014,0.0714366,0.102132,0.0433991,0.0729876,0.0312437,0.0503455,0.0256557,0.0333555,0.0197505,0.0284045,0.0167007,0.0231294,0.0120666,0.0183391,0.0102167,0.0148907,0.00920282,0.0122064,0.00695003,0.00964926,0.00562969,0.00688938,0.00524506,0.00651682,0.00347027,0.00513861,0.00341012,0.00412138,0.00230714,0.00332046,0.00193085,0.00265469,0.00147663,0.00216485,0.00144502,0.00167573,0.00119994,0.00132025,0.000978554,0.00118225,0.000688887,0.00108844,0.000562162,0.000771308,0.000473261,0.000652366,0.000432051,0.000577787,0.000323667,0.000429492,0.000293823,0.000352239,0.000210217,0.000305479,0.000168315,0.000242589,0.000146531,0.000192762,0.000114259,0.000139258,9.10704e-05,0.000150279,9.02082e-05,9.6394e-05,6.42382e-05,9.06398e-05,4.81858e-05,7.10417e-05,4.59697e-05,
74800,0.514459,0.609806,0.482856,0.541832,0.521236,0.523291,0.523553,0.521884,0.496214,0.525979,0.491553,0.476846,0.486013,0.428138,0.516602,0.445681,0.463355,0.427997,0.43074,0.446729,0.471088,0.360174,0.420993,0.292688,0.387351,0.248482,0.244078,0.154591,0.191197,0.100469,0.128014,0.0714366,0.102132,0.0433991,0.0729876,0.0312437,0.0503455,0.0256557,0.0333555,0.0197505,0.0284045,0.0167007,0.0231294,0.0120666,0.0183391,0.0102167,0.0148907,0.00920282,0.0122064,0.00695003,0.00964926,0.00562969,0.00688938,0.00524506,0.00651682,0.00347027,0.00513861,0.00341012,0.00412138,0.00230714,0.00332046,0.00193085,0.00265469,0.00147663,0.00216485,0.00144502,0.00167573,0.00119994,0.00132025,0.000978554,0.00118225,0.000688887,0.00108844,0.000562162,0.000771308,0.000473261,0.000652366,0.000432051,0.000577787,0.000323667,0.000429492,0.000293823,0.000352239,0.000210217,0.000305479,0.000168315,0.000242589,0.000146531,0.000192762,0.000114259,0.000139258,9.10704e-05,0.000150279,9.02082e-05,9.6394e-05,6.42382e-05,9.06398e-05,4.81858e-05,7.10417e-05,4.59697e-05,
75000,0.514459,0.609806,0.482856,0.541832,0.521236,0.523291,0.523553,0.521884,0.496214,0.525979,0.491553,0.476846,0.486013,0.428138,0.516602,0.445681,0.463355,0.427997,0.43074,0.446729,0.471088,0.360174,0.420993,0.292688,0.387351,0.248482,0.244078,0.154591,0.191197,0.100469,0.128014,0.0714366,0.102132,0.0433991,0.0729876,0.0312437,0.0503455,0.0256557,0.0333555,0.0197505,0.0284045,0.0167007,0.0231294,0.0120666,0.0183391,0.0102167,0.0148907,0.00920282,0.0122064,0.00695003,0.00964926,0.00562969,0.00688938,0.00524506,0.00651682,0.00347027,0.00513861,0.00341012,0.00412138,0.00230714,0.00332046,0.00193085,0.00265469,0.00147663,0.00216485,0.00144502,0.00167573,0.00119994,0.00132025,0.000978554,0.00118225,0.000688887,0.00108844,0.000562162,0.000771308,0.000473261,0.000652366,0.000432051,0.000577787,0.000323667,0.000429492,0.000293823,0.000352239,0.000210217,0.000305479,0.000168315,0.000242589,0.000146531,0.000192762,0.000114259,0.000139258,9.10704e-05,0.000150279,9.02082e-05,9.6394e-05,6.42382e-05,9.06398e-05,4.81858e-05,7.10417e-05,4.59697e-05,
75200,0.514459,0.609806,0.482856,0.541832,0.521236,0.523291,0.523553,0.521884,0.496214,0.525979,0.491553,0.476846,0.486013,0.428138,0.516602,0.445681,0.463355,0.427997,0.43074,0.446729,0.471088,0.360174,0.420993,0.292688,0.387351,0.248482,0.244078,0.154591,0.191197,0.100469,0.128014,0.0714366,0.102132,0.0433991,0.0729876,0.0312437,0.0503455,0.0256557,0.0333555,0.0197505,0.0284045,0.0167007,0.0231294,0.0120666,0.0183391,0.0102167,0.0148907,0.00920282,0.0122064,0.00695003,0.00964926,0.00562969,0.00688938,0.00524506,0.00651682,0.00347027,0.00513861,0.00341012,0.00412138,0.00230714,0.00332046,0.00193085,0.00265469,0.00147663,0.00216485,0.00144502,0.00167573,0.00119994,0.00132025,0.000978554,0.00118225,0.000688887,0.00108844,0.000562162,0.000771308,0.000473261,0.000652366,0.000432051,0.000577787,0.000323667,0.000429492,0.000293823,0.000352239,0.000210217,0.000305479,0.000168315,0.000242589,0.000146531,0.000192762,0.000114259,0.000139258,9.10704e-05,0.000150279,9.02082e-05,9.6394e-05,6.42382e-05,9.06398e-05,4.81858e-05,7.10417e-05,4.59697e-05,
75400,0.514459,0.609806,0.482856,0.541832,0.521236,0.523291,0.523553,0.521884,0.496214,0.525979,0.491553,0.476846,0.486013,0.428138,0.516602,0.445681,0.463355,0.427997,0.43074,0.446729,0.471088,0.360174,0.420993,0.292688,0.387351,0.248482,0.244078,0.154591,0.191197,0.100469,0.128014,0.0714366,0.102132,0.0433991,0.0729876,0.0312437,0.0503455,0.0256557,0.0333555,0.0197505,0.0284045,0.0167007,0.0231294,0.0120666,0.0183391,0.0102167,0.0148907,0.00920282,0.0122064,0.00695003,0.00964926,0.00562969,0.00688938,0.00524506,0.00651682,0.00347027,0.00513861,0.00341012,0.00412138,0.00230714,0.00332046,0.00193085,0.00265469,0.00147663,0.00216485,0.00144502,0.00167573,0.00119994,0.00132025,0.000978554,0.00118225,0.000688887,0.00108844,0.000562162,0.000771308,0.000473261,0.000652366,0.000432051,0.000577787,0.000323667,0.000429492,0.000293823,0.000352239,0.000210217,0.000305479,0.000168315,0.000242589,0.000146531,0.000192762,0.000114259,0.000139258,9.10704e-05,0.000150279,9.02082e-05,9.6394e-05,6.42382e-05,9.06398e-05,4.81858e-05,7.10417e-05,4.59697e-05,
75600,0.514459,0.609806,0.482856,0.541832,0.521236,0.523291,0.523553,0.521884,0.496214,0.525979,0.491553,0.476846,0.486013,0.428138,0.516602,0.445681,0.463355,0.427997,0.43074,0.446729,0.471088,0.360174,0.420993,0.292688,0.387351,0.248482,0.244078,0.154591,0.191197,0.100469,0.128014,0.0714366,0.102132,0.0433991,0.0729876,0.0312437,0.0503455,0.0256557,0.0333555,0.0197505,0.0284045,0.0167007,0.0231294,0.0120666,0.0183391,0.0102167,0.0148907,0.00920282,0.0122064,0.00695003,0.00964926,0.00562969,0.00688938,0.00524506,0.00651682,0.00347027,0.00513861,0.00341012,0.00412138,0.00230714,0.00332046,0.00193085,0.00265469,0.00147663,0.00216485,0.00144502,0.00167573,0.00119994,0.00132025,0.000978554,0.00118225,0.000688887,0.00108844,0.000562162,0.000771308,0.000473261,0.000652366,0.000432051,0.000577787,0.000323667,0.000429492,0.000293823,0.000352239,0.000210217,0.000305479,0.000168315,0.000242589,0.000146531,0.000192762,0.000114259,0.000139258,9.10704e-05,0.000150279,9.02082e-05,9.6394e-05,6.42382e-05,9.06398e-05,4.81858e-05,7.10417e-05,4.59697e-05,
75800,0.514459,0.609806,0.482856,0.541832,0.521236,0.523291,0.523553,0.521884,0.496214,0.525979,0.491553,0.476846,0.486013,0.428138,0.516602,0.445681,0.463355,0.427997,0.43074,0.446729,0.471088,0.360174,0.420993,0.292688,0.387351,0.248482,0.244078,0.154591,0.191197,0.100469,0.128014,0.0714366,0.102132,0.0433991,0.0729876,0.0312437,0.0503455,0.0256557,0.0333555,0.0197505,0.0284045,0.0167007,0.0231294,0.0120666,0.0183391,0.0102167,0.0148907,0.00920282,0.0122064,0.00695003,0.00964926,0.00562969,0.00688938,0.00524506,0.00651682,0.00347027,0.00513861,0.00341012,0.00412138,0.00230714,0.00332046,0.00193085,0.00265469,0.00147663,0.00216485,0.00144502,0.00167573,0.00119994,0.00132025,0.000978554,0.00118225,0.000688887,0.00108844,0.000562162,0.000771308,0.000473261,0.000652366,0.000432051,0.000577787,0.000323667,0.000429492,0.000293823,0.000352239,0.000210217,0.000305479,0.000168315,0.000242589,0.000146531,0.000192762,0.000114259,0.000139258,9.10704e-05,0.000150279,9.02082e-05,9.6394e-05,6.42382e-05,9.06398e-05,4.81858e-05,7.10417e-05,4.59697e-05,
76000,0.514459,0.609806,0.482856,0.541832,0.521236,0.523291,0.523553,0.521884,0.496214,0.525979,0.491553,0.476846,0.486013,0.428138,0.516602,0.445681,0.463355,0.427997,0.43074,0.446729,0.471088,0.360174,0.420993,0.292688,0.387351,0.248482,0.244078,0.154591,0.191197,0.100469,0.128014,0.0714366,0.102132,0.0433991,0.0729876,0.0312437,0.0503455,0.0256557,0.0333555,0.0197505,0.0284045,0.0167007,0.0231294,0.0120666,0.0183391,0.0102167,0.0148907,0.00920282,0.0122064,0.00695003,0.00964926,0.00562969,0.00688938,0.00524506,0.00651682,0.00347027,0.00513861,0.00341012,0.00412138,0.00230714,0.00332046,0.00193085,0.00265469,0.00147663,0.00216485,0.00144502,0.00167573,0.00119994,0.00132025,0.000978554,0.00118225,0.000688887,0.00108844,0.000562162,0.000771308,0.000473261,0.000652366,0.000432051,0.000577787,0.000323667,0.000429492,0.000293823,0.000352239,0.000210217,0.000305479,0.000168315,0.000242589,0.000146531,0.000192762,0.000114259,0.000139258,9.10704e-05,0.000150279,9.02082e-05,9.6394e-05,6.42382e-05,9.06398e-05,4.81858e-05,7.10417e-05,4.59697e-05,
76200,0.514459,0.609806,0.482856,0.541832,0.521236,0.523291,0.523553,0.521884,0.496214,0.525979,0.491553,0.476846,0.486013,0.428138,0.516602,0.445681,0.463355,0.427997,0.43074,0.446729,0.471088,0.360174,0.420993,0.292688,0.387351,0.248482,0.244078,0.154591,0.191197,0.100469,0.128014,0.0714366,0.102132,0.0433991,0.0729876,0.0312437,0.0503455,0.0256557,0.0333555,0.0197505,0.0284045,0.0167007,0.0231294,0.0120666,0.0183391,0.0102167,0.0148907,0.00920282,0.0122064,0.00695003,0.00964926,0.00562969,0.00688938,0.00524506,0.00651682,0.00347027,0.00513861,0.00341012,0.00412138,0.00230714,0.00332046,0.00193085,0.00265469,0.00147663,0.00216485,0.00144502,0.00167573,0.00119994,0.00132025,0.000978554,0.00118225,0.000688887,0.00108844,0.000562162,0.000771308,0.000473261,0.000652366,0.000432051,0.000577787,0.000323667,0.000429492,0.000293823,0.000352239,0.000210217,0.000305479,0.000168315,0.000242589,0.000146531,0.000192762,0.000114259,0.000139258,9.10704e-05,0.000150279,9.02082e-05,9.6394e-05,6.42382e-05,9.06398e-05,4.81858e-05,7.10417e-05,4.59697e-05,
76400,0.514459,0.609806,0.482856,0.541832,0.521236,0.523291,0.523553,0.521884,0.496214,0.525979,0.491553,0.476846,0.486013,0.428138,0.516602,0.445681,0.463355,0.427997,0.43074,0.446729,0.471088,0.360174,0.420993,0.292688,0.387351,0.248482,0.244078,0.154591,0.191197,0.100469,0.128014,0.0714366,0.102132,0.0433991,0.0729876,0.0312437,0.0503455,0.0256557,0.0333555,0.0197505,0.0284045,0.0167007,0.0231294,0.0120666,0.0183391,0.0102167,0.0148907,0.00920282,0.0122064,0.00695003,0.00964926,0.00562969,0.00688938,0.00524506,0.00651682,0.00347027,0.00513861,0.00341012,0.00412138,0.00230714,0.00332046,0.00193085,0.00265469,0.00147663,0.00216485,0.00144502,0.00167573,0.00119994,0.00132025,0.000978554,0.00118225,0.000688887,0.00108844,0.000562162,0.000771308,0.000473261,0.000652366,0.000432051,0.000577787,0.000323667,0.000429492,0.000293823,0.000352239,0.000210217,0.000305479,0.000168315,0.000242589,0.000146531,0.000192762,0.000114259,0.000139258,9.10704e-05,0.000150279,9.02082e-05,9.6394e-05,6.42382e-05,9.06398e-05,4.81858e-05,7.10417e-05,4.59697e-05,
76600,0.514459,0.609806,0.482856,0.541832,0.521236,0.523291,0.523553,0.521884,0.496214,0.525979,0.491553,0.476846,0.486013,0.428138,0.516602,0.445681,0.463355,0.427997,0.43074,0.446729,0.471088,0.360174,0.420993,0.292688,0.387351,0.248482,0.244078,0.154591,0.191197,0.100469,0.128014,0.0714366,0.102132,0.0433991,0.0729876,0.0312437,0.0503455,0.0256557,0.0333555,0.0197505,0.0284045,0.0167007,0.0231294,0.0120666,0.0183391,0.0102167,0.0148907,0.00920282,0.0122064,0.00695003,0.00964926,0.00562969,0.00688938,0.00524506,0.00651682,0.00347027,0.00513861,0.00341012,0.00412138,0.00230714,0.00332046,0.00193085,0.00265469,0.00147663,0.00216485,0.00144502,0.00167573,0.00119994,0.00132025,0.000978554,0.00118225,0.000688887,0.00108844,0.000562162,0.000771308,0.000473261,0.000652366,0.000432051,0.000577787,0.000323667,0.000429492,0.000293823,0.000352239,0.000210217,0.000305479,0.000168315,0.000242589,0.000146531,0.000192762,0.000114259,0.000139258,9.10704e-05,0.000150279,9.02082e-05,9.6394e-05,6.42382e-05,9.06398e-05,4.81858e-05,7.10417e-05,4.59697e-05,
76800,0.514459,0.609806,0.482856,0.541832,0.521236,0.523291,0.523553,0.521884,0.496214,0.525979,0.491553,0.476846,0.486013,0.428138,0.516602,0.445681,0.463355,0.427997,0.43074,0.446729,0.471088,0.360174,0.420993,0.292688,0.387351,0.248482,0.244078,0.154591,0.191197,0.100469,0.128014,0.0714366,0.102132,0.0433991,0.0729876,0.0312437,0.0503455,0.0256557,0.0333555,0.0197505,0.0284045,0.0167007,0.0231294,0.0120666,0.0183391,0.0102167,0.0148907,0.00920282,0.0122064,0.00695003,0.00964926,0.00562969,0.00688938,0.00524506,0.00651682,0.00347027,0.00513861,0.00341012,0.00412138,0.00230714,0.00332046,0.00193085,0.00265469,0.00147663,0.00216485,0.00144502,0.00167573,0.00119994,0.00132025,0.000978554,0.00118225,0.000688887,0.00108844,0.000562162,0.000771308,0.000473261,0.000652366,0.000432051,0.000577787,0.000323667,0.000429492,0.000293823,0.000352239,0.000210217,0.000305479,0.000168315,0.000242589,0.000146531,0.000192762,0.000114259,0.000139258,9.10704e-05,0.000150279,9.02082e-05,9.6394e-05,6.42382e-05,9.06398e-05,4.81858e-05,7.10417e-05,4.59697e-05,
77000,0.514459,0.609806,0.482856,0.541832,0.521236,0.523291,0.523553,0.521884,0.496214,0.525979,0.491553,0.476846,0.486013,0.428138,0.516602,0.445681,0.463355,0.427997,0.43074,0.446729,0.471088,0.360174,0.420993,0.292688,0.387351,0.248482,0.244078,0.154591,0.191197,0.100469,0.128014,0.0714366,0.102132,0.0433991,0.0729876,0.0312437,0.0503455,0.0256557,0.0333555,0.0197505,0.0284045,0.0167007,0.0231294,0.0120666,0.0183391,0.0102167,0.0148907,0.00920282,0.0122064,0.00695003,0.00964926,0.00562969,0.00688938,0.00524506,0.00651682,0.00347027,0.00513861,0.00341012,0.00412138,0.00230714,0.00332046,0.00193085,0.00265469,0.00147663,0.00216485,0.00144502,0.00167573,0.00119994,0.00132025,0.000978554,0.00118225,0.000688887,0.00108844,0.000562162,0.000771308,0.000473261,0.000652366,0.000432051,0.000577787,0.000323667,0.000429492,0.000293823,0.000352239,0.000210217,0.000305479,0.000168315,0.000242589,0.000146531,0.000192762,0.000114259,0.000139258,9.10704e-05,0.000150279,9.02082e-05,9.6394e-05,6.42382e-05,9.06398e-05,4.81858e-05,7.10417e-05,4.59697e-05,
77200,0.514459,0.609806,0.482856,0.541832,0.521236,0.523291,0.523553,0.521884,0.496214,0.525979,0.491553,0.476846,0.486013,0.428138,0.516602,0.445681,0.463355,0.427997,0.43074,0.446729,0.471088,0.360174,0.420993,0.292688,0.387351,0.248482,0.244078,0.154591,0.191197,0.100469,0.128014,0.0714366,0.102132,0.0433991,0.0729876,0.0312437,0.0503455,0.0256557,0.0333555,0.0197505,0.0284045,0.0167007,0.0231294,0.0120666,0.0183391,0.0102167,0.0148907,0.00920282,0.0122064,0.00695003,0.00964926,0.00562969,0.00688938,0.00524506,0.00651682,0.00347027,0.00513861,0.00341012,0.00412138,0.00230714,0.00332046,0.00193085,0.00265469,0.00147663,0.00216485,0.00144502,0.00167573,0.00119994,0.00132025,0.000978554,0.00118225,0.000688887,0.00108844,0.000562162,0.000771308,0.000473261,0.000652366,0.000432051,0.000577787,0.000323667,0.000429492,0.000293823,0.000352239,0.000210217,0.000305479,0.000168315,0.000242589,0.000146531,0.000192762,0.000114259,0.000139258,9.10704e-05,0.000150279,9.02082e-05,9.6394e-05,6.42382e-05,9.06398e-05,4.81858e-05,7.10417e-05,4.59697e-05,
77400,0.514459,0.609806,0.482856,0.541832,0.521236,0.523291,0.523553,0.521884,0.496214,0.525979,0.491553,0.476846,0.486013,0.428138,0.516602,0.445681,0.463355,0.427997,0.43074,0.446729,0.471088,0.360174,0.420993,0.292688,0.387351,0.248482,0.244078,0.154591,0.191197,0.100469,0.128014,0.0714366,0.102132,0.0433991,0.0729876,0.0312437,0.0503455,0.0256557,0.0333555,0.0197505,0.0284045,0.0167007,0.0231294,0.0120666,0.0183391,0.0102167,0.0148907,0.00920282,0.0122064,0.00695003,0.00964926,0.00562969,0.00688938,0.00524506,0.00651682,0.00347027,0.00513861,0.00341012,0.00412138,0.00230714,0.00332046,0.00193085,0.00265469,0.00147663,0.00216485,0.00144502,0.00167573,0.00119994,0.00132025,0.000978554,0.00118225,0.000688887,0.00108844,0.000562162,0.000771308,0.000473261,0.000652366,0.000432051,0.000577787,0.000323667,0.000429492,0.000293823,0.000352239,0.000210217,0.000305479,0.000168315,0.000242589,0.000146531,0.000192762,0.000114259,0.000139258,9.10704e-05,0.000150279,9.02082e-05,9.6394e-05,6.42382e-05,9.06398e-05,4.81858e-05,7.10417e-05,4.59697e-05,
77600,0.514459,0.609806,0.482856,0.541832,0.521236,0.523291,0.523553,0.521884,0.496214,0.525979,0.491553,0.476846,0.486013,0.428138,0.516602,0.445681,0.463355,0.427997,0.43074,0.446729,0.471088,0.360174,0.420993,0.292688,0.387351,0.248482,0.244078,0.154591,0.191197,0.100469,0.128014,0.0714366,0.102132,0.0433991,0.0729876,0.0312437,0.0503455,0.0256557,0.0333555,0.0197505,0.0284045,0.0167007,0.0231294,0.0120666,0.0183391,0.0102167,0.0148907,0.00920282,0.0122064,0.00695003,0.00964926,0.00562969,0.00688938,0.00524506,0.00651682,0.00347027,0.00513861,0.00341012,0.00412138,0.00230714,0.00332046,0.00193085,0.00265469,0.00147663,0.00216485,0.00144502,0.00167573,0.00119994,0.00132025,0.000978554,0.00118225,0.000688887,0.00108844,0.000562162,0.000771308,0.000473261,0.000652366,0.000432051,0.000577787,0.000323667,0.000429492,0.000293823,0.000352239,0.000210217,0.000305479,0.000168315,0.000242589,0.000146531,0.000192762,0.000114259,0.000139258,9.10704e-05,0.000150279,9.02082e-05,9.6394e-05,6.42382e-05,9.06398e-05,4.81858e-05,7.10417e-05,4.59697e-05,
77800,0.514459,0.609806,0.482856,0.541832,0.521236,0.523291,0.523553,0.521884,0.496214,0.525979,0.491553,0.476846,0.486013,0.428138,0.516602,0.445681,0.463355,0.427997,0.43074,0.446729,0.471088,0.360174,0.420993,0.292688,0.387351,0.248482,0.244078,0.154591,0.191197,0.100469,0.128014,0.0714366,0.102132,0.0433991,0.0729876,0.0312437,0.0503455,0.0256557,0.0333555,0.0197505,0.0284045,0.0167007,0.0231294,0.0120666,0.0183391,0.0102167,0.0148907,0.00920282,0.0122064,0.00695003,0.00964926,0.00562969,0.00688938,0.00524506,0.00651682,0.00347027,0.00513861,0.00341012,0.00412138,0.00230714,0.00332046,0.00193085,0.00265469,0.00147663,0.00216485,0.00144502,0.00167573,0.00119994,0.00132025,0.000978554,0.00118225,0.000688887,0.00108844,0.000562162,0.000771308,0.000473261,0.000652366,0.000432051,0.000577787,0.000323667,0.000429492,0.000293823,0.000352239,0.000210217,0.000305479,0.000168315,0.000242589,0.000146531,0.000192762,0.000114259,0.000139258,9.10704e-05,0.000150279,9.02082e-05,9.6394e-05,6.42382e-05,9.06398e-05,4.81858e-05,7.10417e-05,4.59697e-05,
78000,0.514459,0.609806,0.482856,0.541832,0.521236,0.523291,0.523553,0.521884,0.496214,0.525979,0.491553,0.476846,0.486013,0.428138,0.516602,0.445681,0.463355,0.427997,0.43074,0.446729,0.471088,0.360174,0.420993,0.292688,0.387351,0.248482,0.244078,0.154591,0.191197,0.100469,0.128014,0.0714366,0.102132,0.0433991,0.0729876,0.0312437,0.0503455,0.0256557,0.0333555,0.0197505,0.0284045,0.0167007,0.0231294,0.0120666,0.0183391,0.0102167,0.0148907,0.00920282,0.0122064,0.00695003,0.00964926,0.00562969,0.00688938,0.00524506,0.00651682,0.00347027,0.00513861,0.00341012,0.00412138,0.00230714,0.00332046,0.00193085,0.00265469,0.00147663,0.00216485,0.00144502,0.00167573,0.00119994,0.00132025,0.000978554,0.00118225,0.000688887,0.00108844,0.000562162,0.000771308,0.000473261,0.000652366,0.000432051,0.000577787,0.000323667,0.000429492,0.000293823,0.000352239,0.000210217,0.000305479,0.000168315,0.000242589,0.000146531,0.000192762,0.000114259,0.000139258,9.10704e-05,0.000150279,9.02082e-05,9.6394e-05,6.42382e-05,9.06398e-05,4.81858e-05,7.10417e-05,4.59697e-05,
78200,0.514459,0.609806,0.482856,0.541832,0.521236,0.523291,0.523553,0.521884,0.496214,0.525979,0.491553,0.476846,0.486013,0.428138,0.516602,0.445681,0.463355,0.427997,0.43074,0.446729,0.471088,0.360174,0.420993,0.292688,0.387351,0.248482,0.244078,0.154591,0.191197,0.100469,0.128014,0.0714366,0.102132,0.0433991,0.0729876,0.0312437,0.0503455,0.0256557,0.0333555,0.0197505,0.0284045,0.0167007,0.0231294,0.0120666,0.0183391,0.0102167,0.0148907,0.00920282,0.0122064,0.00695003,0.00964926,0.00562969,0.00688938,0.00524506,0.00651682,0.00347027,0.00513861,0.00341012,0.00412138,0.00230714,0.00332046,0.00193085,0.00265469,0.00147663,0.00216485,0.00144502,0.00167573,0.00119994,0.00132025,0.000978554,0.00118225,0.000688887,0.00108844,0.000562162,0.000771308,0.000473261,0.000652366,0.000432051,0.000577787,0.000323667,0.000429492,0.000293823,0.000352239,0.000210217,0.000305479,0.000168315,0.000242589,0.000146531,0.000192762,0.000114259,0.000139258,9.10704e-05,0.000150279,9.02082e-05,9.6394e-05,6.42382e-05,9.06398e-05,4.81858e-05,7.10417e-05,4.59697e-05,
78400,0.514459,0.609806,0.482856,0.541832,0.521236,0.523291,0.523553,0.521884,0.496214,0.525979,0.491553,0.476846,0.486013,0.428138,0.516602,0.445681,0.463355,0.427997,0.43074,0.446729,0.471088,0.360174,0.420993,0.292688,0.387351,0.248482,0.244078,0.154591,0.191197,0.100469,0.128014,0.0714366,0.102132,0.0433991,0.0729876,0.0312437,0.0503455,0.0256557,0.0333555,0.0197505,0.0284045,0.0167007,0.0231294,0.0120666,0.0183391,0.0102167,0.0148907,0.00920282,0.0122064,0.00695003,0.00964926,0.00562969,0.00688938,0.00524506,0.00651682,0.00347027,0.00513861,0.00341012,0.00412138,0.00230714,0.00332046,0.00193085,0.00265469,0.00147663,0.00216485,0.00144502,0.00167573,0.00119994,0.00132025,0.000978554,0.00118225,0.000688887,0.00108844,0.000562162,0.000771308,0.000473261,0.000652366,0.000432051,0.000577787,0.000323667,0.000429492,0.000293823,0.000352239,0.000210217,0.000305479,0.000168315,0.000242589,0.000146531,0.000192762,0.000114259,0.000139258,9.10704e-05,0.000150279,9.02082e-05,9.6394e-05,6.42382e-05,9.06398e-05,4.81858e-05,7.10417e-05,4.59697e-05,
78600,0.514459,0.609806,0.482856,0.541832,0.521236,0.523291,0.523553,0.521884,0.496214,0.525979,0.491553,0.476846,0.486013,0.428138,0.516602,0.445681,0.463355,0.427997,0.43074,0.446729,0.471088,0.360174,0.420993,0.292688,0.387351,0.248482,0.244078,0.154591,0.191197,0.100469,0.128014,0.0714366,0.102132,0.0433991,0.0729876,0.0312437,0.0503455,0.0256557,0.0333555,0.0197505,0.0284045,0.0167007,0.0231294,0.0120666,0.0183391,0.0102167,0.0148907,0.00920282,0.0122064,0.00695003,0.00964926,0.00562969,0.00688938,0.00524506,0.00651682,0.00347027,0.00513861,0.00341012,0.00412138,0.00230714,0.00332046,0.00193085,0.00265469,0.00147663,0.00216485,0.00144502,0.00167573,0.00119994,0.00132025,0.000978554,0.00118225,0.000688887,0.00108844,0.000562162,0.000771308,0.000473261,0.000652366,0.000432051,0.000577787,0.000323667,0.000429492,0.000293823,0.000352239,0.000210217,0.000305479,0.000168315,0.000242589,0.000146531,0.000192762,0.000114259,0.000139258,9.10704e-05,0.000150279,9.02082e-05,9.6394e-05,6.42382e-05,9.06398e-05,4.81858e-05,7.10417e-05,4.59697e-05,
78800,0.514459,0.609806,0.482856,0.541832,0.521236,0.523291,0.523553,0.521884,0.496214,0.525979,0.491553,0.476846,0.486013,0.428138,0.516602,0.445681,0.463355,0.427997,0.43074,0.446729,0.471088,0.360174,0.420993,0.292688,0.387351,0.248482,0.244078,0.154591,0.191197,0.100469,0.128014,0.0714366,0.102132,0.0433991,0.0729876,0.0312437,0.0503455,0.0256557,0.0333555,0.0197505,0.0284045,0.0167007,0.0231294,0.0120666,0.0183391,0.0102167,0.0148907,0.00920282,0.0122064,0.00695003,0.00964926,0.00562969,0.00688938,0.00524506,0.00651682,0.00347027,0.00513861,0.00341012,0.00412138,0.00230714,0.00332046,0.00193085,0.00265469,0.00147663,0.00216485,0.00144502,0.00167573,0.00119994,0.00132025,0.000978554,0.00118225,0.000688887,0.00108844,0.000562162,0.000771308,0.000473261,0.000652366,0.000432051,0.000577787,0.000323667,0.000429492,0.000293823,0.000352239,0.000210217,0.000305479,0.000168315,0.000242589,0.000146531,0.000192762,0.000114259,0.000139258,9.10704e-05,0.000150279,9.02082e-05,9.6394e-05,6.42382e-05,9.06398e-05,4.81858e-05,7.10417e-05,4.59697e-05,
79000,0.514459,0.609806,0.482856,0.541832,0.521236,0.523291,0.523553,0.521884,0.496214,0.525979,0.491553,0.476846,0.486013,0.428138,0.516602,0.445681,0.463355,0.427997,0.43074,0.446729,0.471088,0.360174,0.420993,0.292688,0.387351,0.248482,0.244078,0.154591,0.191197,0.100469,0.128014,0.0714366,0.102132,0.0433991,0.0729876,0.0312437,0.0503455,0.0256557,0.0333555,0.0197505,0.0284045,0.0167007,0.0231294,0.0120666,0.0183391,0.0102167,0.0148907,0.00920282,0.0122064,0.00695003,0.00964926,0.00562969,0.00688938,0.00524506,0.00651682,0.00347027,0.00513861,0.00341012,0.00412138,0.00230714,0.00332046,0.00193085,0.00265469,0.00147663,0.00216485,0.00144502,0.00167573,0.00119994,0.00132025,0.000978554,0.00118225,0.000688887,0.00108844,0.000562162,0.000771308,0.000473261,0.000652366,0.000432051,0.000577787,0.000323667,0.000429492,0.000293823,0.000352239,0.000210217,0.000305479,0.000168315,0.000242589,0.000146531,0.000192762,0.000114259,0.000139258,9.10704e-05,0.000150279,9.02082e-05,9.6394e-05,6.42382e-05,9.06398e-05,4.81858e-05,7.10417e-05,4.59697e-05,
79200,0.514459,0.609806,0.482856,0.541832,0.521236,0.523291,0.523553,0.521884,0.496214,0.525979,0.491553,0.476846,0.486013,0.428138,0.516602,0.445681,0.463355,0.427997,0.43074,0.446729,0.471088,0.360174,0.420993,0.292688,0.387351,0.248482,0.244078,0.154591,0.191197,0.100469,0.128014,0.0714366,0.102132,0.0433991,0.0729876,0.0312437,0.0503455,0.0256557,0.0333555,0.0197505,0.0284045,0.0167007,0.0231294,0.0120666,0.0183391,0.0102167,0.0148907,0.00920282,0.0122064,0.00695003,0.00964926,0.00562969,0.00688938,0.00524506,0.00651682,0.00347027,0.00513861,0.00341012,0.00412138,0.00230714,0.00332046,0.00193085,0.00265469,0.00147663,0.00216485,0.00144502,0.00167573,0.00119994,0.00132025,0.000978554,0.00118225,0.000688887,0.00108844,0.000562162,0.000771308,0.000473261,0.000652366,0.000432051,0.000577787,0.000323667,0.000429492,0.000293823,0.000352239,0.000210217,0.000305479,0.000168315,0.000242589,0.000146531,0.000192762,0.000114259,0.000139258,9.10704e-05,0.000150279,9.02082e-05,9.6394e-05,6.42382e-05,9.06398e-05,4.81858e-05,7.10417e-05,4.59697e-05,
79400,0.514459,0.609806,0.482856,0.541832,0.521236,0.523291,0.523553,0.521884,0.496214,0.525979,0.491553,0.476846,0.486013,0.428138,0.516602,0.445681,0.463355,0.427997,0.43074,0.446729,0.471088,0.360174,0.420993,0.292688,0.387351,0.248482,0.244078,0.154591,0.191197,0.100469,0.128014,0.0714366,0.102132,0.0433991,0.0729876,0.0312437,0.0503455,0.0256557,0.0333555,0.0197505,0.0284045,0.0167007,0.0231294,0.0120666,0.0183391,0.0102167,0.0148907,0.00920282,0.0122064,0.00695003,0.00964926,0.00562969,0.00688938,0.00524506,0.00651682,0.00347027,0.00513861,0.00341012,0.00412138,0.00230714,0.00332046,0.00193085,0.00265469,0.00147663,0.00216485,0.00144502,0.00167573,0.00119994,0.00132025,0.000978554,0.00118225,0.000688887,0.00108844,0.000562162,0.000771308,0.000473261,0.000652366,0.000432051,0.000577787,0.000323667,0.000429492,0.000293823,0.000352239,0.000210217,0.000305479,0.000168315,0.000242589,0.000146531,0.000192762,0.000114259,0.000139258,9.10704e-05,0.000150279,9.02082e-05,9.6394e-05,6.42382e-05,9.06398e-05,4.81858e-05,7.10417e-05,4.59697e-05,
79600,0.514459,0.609806,0.482856,0.541832,0.521236,0.523291,0.523553,0.521884,0.496214,0.525979,0.491553,0.476846,0.486013,0.428138,0.516602,0.445681,0.463355,0.427997,0.43074,0.446729,0.471088,0.360174,0.420993,0.292688,0.387351,0.248482,0.244078,0.154591,0.191197,0.100469,0.128014,0.0714366,0.102132,0.0433991,0.0729876,0.0312437,0.0503455,0.0256557,0.0333555,0.0197505,0.0284045,0.0167007,0.0231294,0.0120666,0.0183391,0.0102167,0.0148907,0.00920282,0.0122064,0.00695003,0.00964926,0.00562969,0.00688938,0.00524506,0.00651682,0.00347027,0.00513861,0.00341012,0.00412138,0.00230714,0.00332046,0.00193085,0.00265469,0.00147663,0.00216485,0.00144502,0.00167573,0.00119994,0.00132025,0.000978554,0.00118225,0.000688887,0.00108844,0.000562162,0.000771308,0.000473261,0.000652366,0.000432051,0.000577787,0.000323667,0.000429492,0.000293823,0.000352239,0.000210217,0.000305479,0.000168315,0.000242589,0.000146531,0.000192762,0.000114259,0.000139258,9.10704e-05,0.000150279,9.02082e-05,9.6394e-05,6.42382e-05,9.06398e-05,4.81858e-05,7.10417e-05,4.59697e-05,
79800,0.514459,0.609806,0.482856,0.541832,0.521236,0.523291,0.523553,0.521884,0.496214,0.525979,0.491553,0.476846,0.486013,0.428138,0.516602,0.445681,0.463355,0.427997,0.43074,0.446729,0.471088,0.360174,0.420993,0.292688,0.387351,0.248482,0.244078,0.154591,0.191197,0.100469,0.128014,0.0714366,0.102132,0.0433991,0.0729876,0.0312437,0.0503455,0.0256557,0.0333555,0.0197505,0.0284045,0.0167007,0.0231294,0.0120666,0.0183391,0.0102167,0.0148907,0.00920282,0.0122064,0.00695003,0.00964926,0.00562969,0.00688938,0.00524506,0.00651682,0.00347027,0.00513861,0.00341012,0.00412138,0.00230714,0.00332046,0.00193085,0.00265469,0.00147663,0.00216485,0.00144502,0.00167573,0.00119994,0.00132025,0.000978554,0.00118225,0.000688887,0.00108844,0.000562162,0.000771308,0.000473261,0.000652366,0.000432051,0.000577787,0.000323667,0.000429492,0.000293823,0.000352239,0.000210217,0.000305479,0.000168315,0.000242589,0.000146531,0.000192762,0.000114259,0.000139258,9.10704e-05,0.000150279,9.02082e-05,9.6394e-05,6.42382e-05,9.06398e-05,4.81858e-05,7.10417e-05,4.59697e-05,
80000,0.514459,0.609806,0.482856,0.541832,0.521236,0.523291,0.523553,0.521884,0.496214,0.525979,0.491553,0.476846,0.486013,0.428138,0.516602,0.445681,0.463355,0.427997,0.43074,0.446729,0.471088,0.360174,0.420993,0.292688,0.387351,0.248482,0.244078,0.154591,0.191197,0.100469,0.128014,0.0714366,0.102132,0.0433991,0.0729876,0.0312437,0.0503455,0.0256557,0.0333555,0.0197505,0.0284045,0.0167007,0.0231294,0.0120666,0.0183391,0.0102167,0.0148907,0.00920282,0.0122064,0.00695003,0.00964926,0.00562969,0.00688938,0.00524506,0.00651682,0.00347027,0.00513861,0.00341012,0.00412138,0.00230714,0.00332046,0.00193085,0.00265469,0.00147663,0.00216485,0.00144502,0.00167573,0.00119994,0.00132025,0.000978554,0.00118225,0.000688887,0.00108844,0.000562162,0.000771308,0.000473261,0.000652366,0.000432051,0.000577787,0.000323667,0.000429492,0.000293823,0.000352239,0.000210217,0.000305479,0.000168315,0.000242589,0.000146531,0.000192762,0.000114259,0.000139258,9.10704e-05,0.000150279,9.02082e-05,9.6394e-05,6.42382e-05,9.06398e-05,4.81858e-05,7.10417e-05,4.59697e-05,
80200,0.514459,0.609806,0.482856,0.541832,0.521236,0.523291,0.523553,0.521884,0.496214,0.525979,0.491553,0.476846,0.486013,0.428138,0.516602,0.445681,0.463355,0.427997,0.43074,0.446729,0.471088,0.360174,0.420993,0.292688,0.387351,0.248482,0.244078,0.154591,0.191197,0.100469,0.128014,0.0714366,0.102132,0.0433991,0.0729876,0.0312437,0.0503455,0.0256557,0.0333555,0.0197505,0.0284045,0.0167007,0.0231294,0.0120666,0.0183391,0.0102167,0.0148907,0.00920282,0.0122064,0.00695003,0.00964926,0.00562969,0.00688938,0.00524506,0.00651682,0.00347027,0.00513861,0.00341012,0.00412138,0.00230714,0.00332046,0.00193085,0.00265469,0.00147663,0.00216485,0.00144502,0.00167573,0.00119994,0.00132025,0.000978554,0.00118225,0.000688887,0.00108844,0.000562162,0.000771308,0.000473261,0.000652366,0.000432051,0.000577787,0.000323667,0.000429492,0.000293823,0.000352239,0.000210217,0.000305479,0.000168315,0.000242589,0.000146531,0.000192762,0.000114259,0.000139258,9.10704e-05,0.000150279,9.02082e-05,9.6394e-05,6.42382e-05,9.06398e-05,4.81858e-05,7.10417e-05,4.59697e-05,
80400,0.514459,0.609806,0.482856,0.541832,0.521236,0.523291,0.523553,0.521884,0.496214,0.525979,0.491553,0.476846,0.486013,0.428138,0.516602,0.445681,0.463355,0.427997,0.43074,0.446729,0.471088,0.360174,0.420993,0.292688,0.387351,0.248482,0.244078,0.154591,0.191197,0.100469,0.128014,0.0714366,0.102132,0.0433991,0.0729876,0.0312437,0.0503455,0.0256557,0.0333555,0.0197505,0.0284045,0.0167007,0.0231294,0.0120666,0.0183391,0.0102167,0.0148907,0.00920282,0.0122064,0.00695003,0.00964926,0.00562969,0.00688938,0.00524506,0.00651682,0.00347027,0.00513861,0.00341012,0.00412138,0.00230714,0.00332046,0.00193085,0.00265469,0.00147663,0.00216485,0.00144502,0.00167573,0.00119994,0.00132025,0.000978554,0.00118225,0.000688887,0.00108844,0.000562162,0.000771308,0.000473261,0.000652366,0.000432051,0.000577787,0.000323667,0.000429492,0.000293823,0.000352239,0.000210217,0.000305479,0.000168315,0.000242589,0.000146531,0.000192762,0.000114259,0.000139258,9.10704e-05,0.000150279,9.02082e-05,9.6394e-05,6.42382e-05,9.06398e-05,4.81858e-05,7.10417e-05,4.59697e-05,
80600,0.514459,0.609806,0.482856,0.541832,0.521236,0.523291,0.523553,0.521884,0.496214,0.525979,0.491553,0.476846,0.486013,0.428138,0.516602,0.445681,0.463355,0.427997,0.43074,0.446729,0.471088,0.360174,0.420993,0.292688,0.387351,0.248482,0.244078,0.154591,0.191197,0.100469,0.128014,0.0714366,0.102132,0.0433991,0.0729876,0.0312437,0.0503455,0.0256557,0.0333555,0.0197505,0.0284045,0.0167007,0.0231294,0.0120666,0.0183391,0.0102167,0.0148907,0.00920282,0.0122064,0.00695003,0.00964926,0.00562969,0.00688938,0.00524506,0.00651682,0.00347027,0.00513861,0.00341012,0.00412138,0.00230714,0.00332046,0.00193085,0.00265469,0.00147663,0.00216485,0.00144502,0.00167573,0.00119994,0.00132025,0.000978554,0.00118225,0.000688887,0.00108844,0.000562162,0.000771308,0.000473261,0.000652366,0.000432051,0.000577787,0.000323667,0.000429492,0.000293823,0.000352239,0.000210217,0.000305479,0.000168315,0.000242589,0.000146531,0.000192762,0.000114259,0.000139258,9.10704e-05,0.000150279,9.02082e-05,9.6394e-05,6.42382e-05,9.06398e-05,4.81858e-05,7.10417e-05,4.59697e-05,
80800,0.514459,0.609806,0.482856,0.541832,0.521236,0.523291,0.523553,0.521884,0.496214,0.525979,0.491553,0.476846,0.486013,0.428138,0.516602,0.445681,0.463355,0.427997,0.43074,0.446729,0.471088,0.360174,0.420993,0.292688,0.387351,0.248482,0.244078,0.154591,0.191197,0.100469,0.128014,0.0714366,0.102132,0.0433991,0.0729876,0.0312437,0.0503455,0.0256557,0.0333555,0.0197505,0.0284045,0.0167007,0.0231294,0.0120666,0.0183391,0.0102167,0.0148907,0.00920282,0.0122064,0.00695003,0.00964926,0.00562969,0.00688938,0.00524506,0.00651682,0.00347027,0.00513861,0.00341012,0.00412138,0.00230714,0.00332046,0.00193085,0.00265469,0.00147663,0.00216485,0.00144502,0.00167573,0.00119994,0.00132025,0.000978554,0.00118225,0.000688887,0.00108844,0.000562162,0.000771308,0.000473261,0.000652366,0.000432051,0.000577787,0.000323667,0.000429492,0.000293823,0.000352239,0.000210217,0.000305479,0.000168315,0.000242589,0.000146531,0.000192762,0.000114259,0.000139258,9.10704e-05,0.000150279,9.02082e-05,9.6394e-05,6.42382e-05,9.06398e-05,4.81858e-05,7.10417e-05,4.59697e-05,
81000,0.514459,0.609806,0.482856,0.541832,0.521236,0.523291,0.523553,0.521884,0.496214,0.525979,0.491553,0.476846,0.486013,0.428138,0.516602,0.445681,0.463355,0.427997,0.43074,0.446729,0.471088,0.360174,0.420993,0.292688,0.387351,0.248482,0.244078,0.154591,0.191197,0.100469,0.128014,0.0714366,0.102132,0.0433991,0.0729876,0.0312437,0.0503455,0.0256557,0.0333555,0.0197505,0.0284045,0.0167007,0.0231294,0.0120666,0.0183391,0.0102167,0.0148907,0.00920282,0.0122064,0.00695003,0.00964926,0.00562969,0.00688938,0.00524506,0.00651682,0.00347027,0.00513861,0.00341012,0.00412138,0.00230714,0.00332046,0.00193085,0.00265469,0.00147663,0.00216485,0.00144502,0.00167573,0.00119994,0.00132025,0.000978554,0.00118225,0.000688887,0.00108844,0.000562162,0.000771308,0.000473261,0.000652366,0.000432051,0.000577787,0.000323667,0.000429492,0.000293823,0.000352239,0.000210217,0.000305479,0.000168315,0.000242589,0.000146531,0.000192762,0.000114259,0.000139258,9.10704e-05,0.000150279,9.02082e-05,9.6394e-05,6.42382e-05,9.06398e-05,4.81858e-05,7.10417e-05,4.59697e-05,
81200,0.514459,0.609806,0.482856,0.541832,0.521236,0.523291,0.523553,0.521884,0.496214,0.525979,0.491553,0.476846,0.486013,0.428138,0.516602,0.445681,0.463355,0.427997,0.43074,0.446729,0.471088,0.360174,0.420993,0.292688,0.387351,0.248482,0.244078,0.154591,0.191197,0.100469,0.128014,0.0714366,0.102132,0.0433991,0.0729876,0.0312437,0.0503455,0.0256557,0.0333555,0.0197505,0.0284045,0.0167007,0.0231294,0.0120666,0.0183391,0.0102167,0.0148907,0.00920282,0.0122064,0.00695003,0.00964926,0.00562969,0.00688938,0.00524506,0.00651682,0.00347027,0.00513861,0.00341012,0.00412138,0.00230714,0.00332046,0.00193085,0.00265469,0.00147663,0.00216485,0.00144502,0.00167573,0.00119994,0.00132025,0.000978554,0.00118225,0.000688887,0.00108844,0.000562162,0.000771308,0.000473261,0.000652366,0.000432051,0.000577787,0.000323667,0.000429492,0.000293823,0.000352239,0.000210217,0.000305479,0.000168315,0.000242589,0.000146531,0.000192762,0.000114259,0.000139258,9.10704e-05,0.000150279,9.02082e-05,9.6394e-05,6.42382e-05,9.06398e-05,4.81858e-05,7.10417e-05,4.59697e-05,
81400,0.514459,0.609806,0.482856,0.541832,0.521236,0.523291,0.523553,0.521884,0.496214,0.525979,0.491553,0.476846,0.486013,0.428138,0.516602,0.445681,0.463355,0.427997,0.43074,0.446729,0.471088,0.360174,0.420993,0.292688,0.387351,0.248482,0.244078,0.154591,0.191197,0.100469,0.128014,0.0714366,0.102132,0.0433991,0.0729876,0.0312437,0.0503455,0.0256557,0.0333555,0.0197505,0.0284045,0.0167007,0.0231294,0.0120666,0.0183391,0.0102167,0.0148907,0.00920282,0.0122064,0.00695003,0.00964926,0.00562969,0.00688938,0.00524506,0.00651682,0.00347027,0.00513861,0.00341012,0.00412138,0.00230714,0.00332046,0.00193085,0.00265469,0.00147663,0.00216485,0.00144502,0.00167573,0.00119994,0.00132025,0.000978554,0.00118225,0.000688887,0.00108844,0.000562162,0.000771308,0.000473261,0.000652366,0.000432051,0.000577787,0.000323667,0.000429492,0.000293823,0.000352239,0.000210217,0.000305479,0.000168315,0.000242589,0.000146531,0.000192762,0.000114259,0.000139258,9.10704e-05,0.000150279,9.02082e-05,9.6394e-05,6.42382e-05,9.06398e-05,4.81858e-05,7.10417e-05,4.59697e-05,
81600,0.514459,0.609806,0.482856,0.541832,0.521236,0.523291,0.523553,0.521884,0.496214,0.525979,0.491553,0.476846,0.486013,0.428138,0.516602,0.445681,0.463355,0.427997,0.43074,0.446729,0.471088,0.360174,0.420993,0.292688,0.387351,0.248482,0.244078,0.154591,0.191197,0.100469,0.128014,0.0714366,0.102132,0.0433991,0.0729876,0.0312437,0.0503455,0.0256557,0.0333555,0.0197505,0.0284045,0.0167007,0.0231294,0.0120666,0.0183391,0.0102167,0.0148907,0.00920282,0.0122064,0.00695003,0.00964926,0.00562969,0.00688938,0.00524506,0.00651682,0.00347027,0.00513861,0.00341012,0.00412138,0.00230714,0.00332046,0.00193085,0.00265469,0.00147663,0.00216485,0.00144502,0.00167573,0.00119994,0.00132025,0.000978554,0.00118225,0.000688887,0.00108844,0.000562162,0.000771308,0.000473261,0.000652366,0.000432051,0.000577787,0.000323667,0.000429492,0.000293823,0.000352239,0.000210217,0.000305479,0.000168315,0.000242589,0.000146531,0.000192762,0.000114259,0.000139258,9.10704e-05,0.000150279,9.02082e-05,9.6394e-05,6.42382e-05,9.06398e-05,4.81858e-05,7.10417e-05,4.59697e-05,
81800,0.514459,0.609806,0.482856,0.541832,0.521236,0.523291,0.523553,0.521884,0.496214,0.525979,0.491553,0.476846,0.486013,0.428138,0.516602,0.445681,0.463355,0.427997,0.43074,0.446729,0.471088,0.360174,0.420993,0.292688,0.387351,0.248482,0.244078,0.154591,0.191197,0.100469,0.128014,0.0714366,0.102132,0.0433991,0.0729876,0.0312437,0.0503455,0.0256557,0.0333555,0.0197505,0.0284045,0.0167007,0.0231294,0.0120666,0.0183391,0.0102167,0.0148907,0.00920282,0.0122064,0.00695003,0.00964926,0.00562969,0.00688938,0.00524506,0.00651682,0.00347027,0.00513861,0.00341012,0.00412138,0.00230714,0.00332046,0.00193085,0.00265469,0.00147663,0.00216485,0.00144502,0.00167573,0.00119994,0.00132025,0.000978554,0.00118225,0.000688887,0.00108844,0.000562162,0.000771308,0.000473261,0.000652366,0.000432051,0.000577787,0.000323667,0.000429492,0.000293823,0.000352239,0.000210217,0.000305479,0.000168315,0.000242589,0.000146531,0.000192762,0.000114259,0.000139258,9.10704e-05,0.000150279,9.02082e-05,9.6394e-05,6.42382e-05,9.06398e-05,4.81858e-05,7.10417e-05,4.59697e-05,
82000,0.514459,0.609806,0.482856,0.541832,0.521236,0.523291,0.523553,0.521884,0.496214,0.525979,0.491553,0.476846,0.486013,0.428138,0.516602,0.445681,0.463355,0.427997,0.43074,0.446729,0.471088,0.360174,0.420993,0.292688,0.387351,0.248482,0.244078,0.154591,0.191197,0.100469,0.128014,0.0714366,0.102132,0.0433991,0.0729876,0.0312437,0.0503455,0.0256557,0.0333555,0.0197505,0.0284045,0.0167007,0.0231294,0.0120666,0.0183391,0.0102167,0.0148907,0.00920282,0.0122064,0.00695003,0.00964926,0.00562969,0.00688938,0.00524506,0.00651682,0.00347027,0.00513861,0.00341012,0.00412138,0.00230714,0.00332046,0.00193085,0.00265469,0.00147663,0.00216485,0.00144502,0.00167573,0.00119994,0.00132025,0.000978554,0.00118225,0.000688887,0.00108844,0.000562162,0.000771308,0.000473261,0.000652366,0.000432051,0.000577787,0.000323667,0.000429492,0.000293823,0.000352239,0.000210217,0.000305479,0.000168315,0.000242589,0.000146531,0.000192762,0.000114259,0.000139258,9.10704e-05,0.000150279,9.02082e-05,9.6394e-05,6.42382e-05,9.06398e-05,4.81858e-05,7.10417e-05,4.59697e-05,
82200,0.514459,0.609806,0.482856,0.541832,0.521236,0.523291,0.523553,0.521884,0.496214,0.525979,0.491553,0.476846,0.486013,0.428138,0.516602,0.445681,0.463355,0.427997,0.43074,0.446729,0.471088,0.360174,0.420993,0.292688,0.387351,0.248482,0.244078,0.154591,0.191197,0.100469,0.128014,0.0714366,0.102132,0.0433991,0.0729876,0.0312437,0.0503455,0.0256557,0.0333555,0.0197505,0.0284045,0.0167007,0.0231294,0.0120666,0.0183391,0.0102167,0.0148907,0.00920282,0.0122064,0.00695003,0.00964926,0.00562969,0.00688938,0.00524506,0.00651682,0.00347027,0.00513861,0.00341012,0.00412138,0.00230714,0.00332046,0.00193085,0.00265469,0.00147663,0.00216485,0.00144502,0.00167573,0.00119994,0.00132025,0.000978554,0.00118225,0.000688887,0.00108844,0.000562162,0.000771308,0.000473261,0.000652366,0.000432051,0.000577787,0.000323667,0.000429492,0.000293823,0.000352239,0.000210217,0.000305479,0.000168315,0.000242589,0.000146531,0.000192762,0.000114259,0.000139258,9.10704e-05,0.000150279,9.02082e-05,9.6394e-05,6.42382e-05,9.06398e-05,4.81858e-05,7.10417e-05,4.59697e-05,
82400,0.514459,0.609806,0.482856,0.541832,0.521236,0.523291,0.523553,0.521884,0.496214,0.525979,0.491553,0.476846,0.486013,0.428138,0.516602,0.445681,0.463355,0.427997,0.43074,0.446729,0.471088,0.360174,0.420993,0.292688,0.387351,0.248482,0.244078,0.154591,0.191197,0.100469,0.128014,0.0714366,0.102132,0.0433991,0.0729876,0.0312437,0.0503455,0.0256557,0.0333555,0.0197505,0.0284045,0.0167007,0.0231294,0.0120666,0.0183391,0.0102167,0.0148907,0.00920282,0.0122064,0.00695003,0.00964926,0.00562969,0.00688938,0.00524506,0.00651682,0.00347027,0.00513861,0.00341012,0.00412138,0.00230714,0.00332046,0.00193085,0.00265469,0.00147663,0.00216485,0.00144502,0.00167573,0.00119994,0.00132025,0.000978554,0.00118225,0.000688887,0.00108844,0.000562162,0.000771308,0.000473261,0.000652366,0.000432051,0.000577787,0.000323667,0.000429492,0.000293823,0.000352239,0.000210217,0.000305479,0.000168315,0.000242589,0.000146531,0.000192762,0.000114259,0.000139258,9.10704e-05,0.000150279,9.02082e-05,9.6394e-05,6.42382e-05,9.06398e-05,4.81858e-05,7.10417e-05,4.59697e-05,
82600,0.514459,0.609806,0.482856,0.541832,0.521236,0.523291,0.523553,0.521884,0.496214,0.525979,0.491553,0.476846,0.486013,0.428138,0.516602,0.445681,0.463355,0.427997,0.43074,0.446729,0.471088,0.360174,0.420993,0.292688,0.387351,0.248482,0.244078,0.154591,0.191197,0.100469,0.128014,0.0714366,0.102132,0.0433991,0.0729876,0.0312437,0.0503455,0.0256557,0.0333555,0.0197505,0.0284045,0.0167007,0.0231294,0.0120666,0.0183391,0.0102167,0.0148907,0.00920282,0.0122064,0.00695003,0.00964926,0.00562969,0.00688938,0.00524506,0.00651682,0.00347027,0.00513861,0.00341012,0.00412138,0.00230714,0.00332046,0.00193085,0.00265469,0.00147663,0.00216485,0.00144502,0.00167573,0.00119994,0.00132025,0.000978554,0.00118225,0.000688887,0.00108844,0.000562162,0.000771308,0.000473261,0.000652366,0.000432051,0.000577787,0.000323667,0.000429492,0.000293823,0.000352239,0.000210217,0.000305479,0.000168315,0.000242589,0.000146531,0.000192762,0.000114259,0.000139258,9.10704e-05,0.000150279,9.02082e-05,9.6394e-05,6.42382e-05,9.06398e-05,4.81858e-05,7.10417e-05,4.59697e-05,
82800,0.514459,0.609806,0.482856,0.541832,0.521236,0.523291,0.523553,0.521884,0.496214,0.525979,0.491553,0.476846,0.486013,0.428138,0.516602,0.445681,0.463355,0.427997,0.43074,0.446729,0.471088,0.360174,0.420993,0.292688,0.387351,0.248482,0.244078,0.154591,0.191197,0.100469,0.128014,0.0714366,0.102132,0.0433991,0.0729876,0.0312437,0.0503455,0.0256557,0.0333555,0.0197505,0.0284045,0.0167007,0.0231294,0.0120666,0.0183391,0.0102167,0.0148907,0.00920282,0.0122064,0.00695003,0.00964926,0.00562969,0.00688938,0.00524506,0.00651682,0.00347027,0.00513861,0.00341012,0.00412138,0.00230714,0.00332046,0.00193085,0.00265469,0.00147663,0.00216485,0.00144502,0.00167573,0.00119994,0.00132025,0.000978554,0.00118225,0.000688887,0.00108844,0.000562162,0.000771308,0.000473261,0.000652366,0.000432051,0.000577787,0.000323667,0.000429492,0.000293823,0.000352239,0.000210217,0.000305479,0.000168315,0.000242589,0.000146531,0.000192762,0.000114259,0.000139258,9.10704e-05,0.000150279,9.02082e-05,9.6394e-05,6.42382e-05,9.06398e-05,4.81858e-05,7.10417e-05,4.59697e-05,
83000,0.514459,0.609806,0.482856,0.541832,0.521236,0.523291,0.523553,0.521884,0.496214,0.525979,0.491553,0.476846,0.486013,0.428138,0.516602,0.445681,0.463355,0.427997,0.43074,0.446729,0.471088,0.360174,0.420993,0.292688,0.387351,0.248482,0.244078,0.154591,0.191197,0.100469,0.128014,0.0714366,0.102132,0.0433991,0.0729876,0.0312437,0.0503455,0.0256557,0.0333555,0.0197505,0.0284045,0.0167007,0.0231294,0.0120666,0.0183391,0.0102167,0.0148907,0.00920282,0.0122064,0.00695003,0.00964926,0.00562969,0.00688938,0.00524506,0.00651682,0.00347027,0.00513861,0.00341012,0.00412138,0.00230714,0.00332046,0.00193085,0.00265469,0.00147663,0.00216485,0.00144502,0.00167573,0.00119994,0.00132025,0.000978554,0.00118225,0.000688887,0.00108844,0.000562162,0.000771308,0.000473261,0.000652366,0.000432051,0.000577787,0.000323667,0.000429492,0.000293823,0.000352239,0.000210217,0.000305479,0.000168315,0.000242589,0.000146531,0.000192762,0.000114259,0.000139258,9.10704e-05,0.000150279,9.02082e-05,9.6394e-05,6.42382e-05,9.06398e-05,4.81858e-05,7.10417e-05,4.59697e-05,
83200,0.514459,0.609806,0.482856,0.541832,0.521236,0.523291,0.523553,0.521884,0.496214,0.525979,0.491553,0.476846,0.486013,0.428138,0.516602,0.445681,0.463355,0.427997,0.43074,0.446729,0.471088,0.360174,0.420993,0.292688,0.387351,0.248482,0.244078,0.154591,0.191197,0.100469,0.128014,0.0714366,0.102132,0.0433991,0.0729876,0.0312437,0.0503455,0.0256557,0.0333555,0.0197505,0.0284045,0.0167007,0.0231294,0.0120666,0.0183391,0.0102167,0.0148907,0.00920282,0.0122064,0.00695003,0.00964926,0.00562969,0.00688938,0.00524506,0.00651682,0.00347027,0.00513861,0.00341012,0.00412138,0.00230714,0.00332046,0.00193085,0.00265469,0.00147663,0.00216485,0.00144502,0.00167573,0.00119994,0.00132025,0.000978554,0.00118225,0.000688887,0.00108844,0.000562162,0.000771308,0.000473261,0.000652366,0.000432051,0.000577787,0.000323667,0.000429492,0.000293823,0.000352239,0.000210217,0.000305479,0.000168315,0.000242589,0.000146531,0.000192762,0.000114259,0.000139258,9.10704e-05,0.000150279,9.02082e-05,9.6394e-05,6.42382e-05,9.06398e-05,4.81858e-05,7.10417e-05,4.59697e-05,
83400,0.514459,0.609806,0.482856,0.541832,0.521236,0.523291,0.523553,0.521884,0.496214,0.525979,0.491553,0.476846,0.486013,0.428138,0.516602,0.445681,0.463355,0.427997,0.43074,0.446729,0.471088,0.360174,0.420993,0.292688,0.387351,0.248482,0.244078,0.154591,0.191197,0.100469,0.128014,0.0714366,0.102132,0.0433991,0.0729876,0.0312437,0.0503455,0.0256557,0.0333555,0.0197505,0.0284045,0.0167007,0.0231294,0.0120666,0.0183391,0.0102167,0.0148907,0.00920282,0.0122064,0.00695003,0.00964926,0.00562969,0.00688938,0.00524506,0.00651682,0.00347027,0.00513861,0.00341012,0.00412138,0.00230714,0.00332046,0.00193085,0.00265469,0.00147663,0.00216485,0.00144502,0.00167573,0.00119994,0.00132025,0.000978554,0.00118225,0.000688887,0.00108844,0.000562162,0.000771308,0.000473261,0.000652366,0.000432051,0.000577787,0.000323667,0.000429492,0.000293823,0.000352239,0.000210217,0.000305479,0.000168315,0.000242589,0.000146531,0.000192762,0.000114259,0.000139258,9.10704e-05,0.000150279,9.02082e-05,9.6394e-05,6.42382e-05,9.06398e-05,4.81858e-05,7.10417e-05,4.59697e-05,
83600,0.514459,0.609806,0.482856,0.541832,0.521236,0.523291,0.523553,0.521884,0.496214,0.525979,0.491553,0.476846,0.486013,0.428138,0.516602,0.445681,0.463355,0.427997,0.43074,0.446729,0.471088,0.360174,0.420993,0.292688,0.387351,0.248482,0.244078,0.154591,0.191197,0.100469,0.128014,0.0714366,0.102132,0.0433991,0.0729876,0.0312437,0.0503455,0.0256557,0.0333555,0.0197505,0.0284045,0.0167007,0.0231294,0.0120666,0.0183391,0.0102167,0.0148907,0.00920282,0.0122064,0.00695003,0.00964926,0.00562969,0.00688938,0.00524506,0.00651682,0.00347027,0.00513861,0.00341012,0.00412138,0.00230714,0.00332046,0.00193085,0.00265469,0.00147663,0.00216485,0.00144502,0.00167573,0.00119994,0.00132025,0.000978554,0.00118225,0.000688887,0.00108844,0.000562162,0.000771308,0.000473261,0.000652366,0.000432051,0.000577787,0.000323667,0.000429492,0.000293823,0.000352239,0.000210217,0.000305479,0.000168315,0.000242589,0.000146531,0.000192762,0.000114259,0.000139258,9.10704e-05,0.000150279,9.02082e-05,9.6394e-05,6.42382e-05,9.06398e-05,4.81858e-05,7.10417e-05,4.59697e-05,
83800,0.514459,0.609806,0.482856,0.541832,0.521236,0.523291,0.523553,0.521884,0.496214,0.525979,0.491553,0.476846,0.486013,0.428138,0.516602,0.445681,0.463355,0.427997,0.43074,0.446729,0.471088,0.360174,0.420993,0.292688,0.387351,0.248482,0.244078,0.154591,0.191197,0.100469,0.128014,0.0714366,0.102132,0.0433991,0.0729876,0.0312437,0.0503455,0.0256557,0.0333555,0.0197505,0.0284045,0.0167007,0.0231294,0.0120666,0.0183391,0.0102167,0.0148907,0.00920282,0.0122064,0.00695003,0.00964926,0.00562969,0.00688938,0.00524506,0.00651682,0.00347027,0.00513861,0.00341012,0.00412138,0.00230714,0.00332046,0.00193085,0.00265469,0.00147663,0.00216485,0.00144502,0.00167573,0.00119994,0.00132025,0.000978554,0.00118225,0.000688887,0.00108844,0.000562162,0.000771308,0.000473261,0.000652366,0.000432051,0.000577787,0.000323667,0.000429492,0.000293823,0.000352239,0.000210217,0.000305479,0.000168315,0.000242589,0.000146531,0.000192762,0.000114259,0.000139258,9.10704e-05,0.000150279,9.02082e-05,9.6394e-05,6.42382e-05,9.06398e-05,4.81858e-05,7.10417e-05,4.59697e-05,
84000,0.514459,0.609806,0.482856,0.541832,0.521236,0.523291,0.523553,0.521884,0.496214,0.525979,0.491553,0.476846,0.486013,0.428138,0.516602,0.445681,0.463355,0.427997,0.43074,0.446729,0.471088,0.360174,0.420993,0.292688,0.387351,0.248482,0.244078,0.154591,0.191197,0.100469,0.128014,0.0714366,0.102132,0.0433991,0.0729876,0.0312437,0.0503455,0.0256557,0.0333555,0.0197505,0.0284045,0.0167007,0.0231294,0.0120666,0.0183391,0.0102167,0.0148907,0.00920282,0.0122064,0.00695003,0.00964926,0.00562969,0.00688938,0.00524506,0.00651682,0.00347027,0.00513861,0.00341012,0.00412138,0.00230714,0.00332046,0.00193085,0.00265469,0.00147663,0.00216485,0.00144502,0.00167573,0.00119994,0.00132025,0.000978554,0.00118225,0.000688887,0.00108844,0.000562162,0.000771308,0.000473261,0.000652366,0.000432051,0.000577787,0.000323667,0.000429492,0.000293823,0.000352239,0.000210217,0.000305479,0.000168315,0.000242589,0.000146531,0.000192762,0.000114259,0.000139258,9.10704e-05,0.000150279,9.02082e-05,9.6394e-05,6.42382e-05,9.06398e-05,4.81858e-05,7.10417e-05,4.59697e-05,
84200,0.514459,0.609806,0.482856,0.541832,0.521236,0.523291,0.523553,0.521884,0.496214,0.525979,0.491553,0.476846,0.486013,0.428138,0.516602,0.445681,0.463355,0.427997,0.43074,0.446729,0.471088,0.360174,0.420993,0.292688,0.387351,0.248482,0.244078,0.154591,0.191197,0.100469,0.128014,0.0714366,0.102132,0.0433991,0.0729876,0.0312437,0.0503455,0.0256557,0.0333555,0.0197505,0.0284045,0.0167007,0.0231294,0.0120666,0.0183391,0.0102167,0.0148907,0.00920282,0.0122064,0.00695003,0.00964926,0.00562969,0.00688938,0.00524506,0.00651682,0.00347027,0.00513861,0.00341012,0.00412138,0.00230714,0.00332046,0.00193085,0.00265469,0.00147663,0.00216485,0.00144502,0.00167573,0.00119994,0.00132025,0.000978554,0.00118225,0.000688887,0.00108844,0.000562162,0.000771308,0.000473261,0.000652366,0.000432051,0.000577787,0.000323667,0.000429492,0.000293823,0.000352239,0.000210217,0.000305479,0.000168315,0.000242589,0.000146531,0.000192762,0.000114259,0.000139258,9.10704e-05,0.000150279,9.02082e-05,9.6394e-05,6.42382e-05,9.06398e-05,4.81858e-05,7.10417e-05,4.59697e-05,
84400,0.514459,0.609806,0.482856,0.541832,0.521236,0.523291,0.523553,0.521884,0.496214,0.525979,0.491553,0.476846,0.486013,0.428138,0.516602,0.445681,0.463355,0.427997,0.43074,0.446729,0.471088,0.360174,0.420993,0.292688,0.387351,0.248482,0.244078,0.154591,0.191197,0.100469,0.128014,0.0714366,0.102132,0.0433991,0.0729876,0.0312437,0.0503455,0.0256557,0.0333555,0.0197505,0.0284045,0.0167007,0.0231294,0.0120666,0.0183391,0.0102167,0.0148907,0.00920282,0.0122064,0.00695003,0.00964926,0.00562969,0.00688938,0.00524506,0.00651682,0.00347027,0.00513861,0.00341012,0.00412138,0.00230714,0.00332046,0.00193085,0.00265469,0.00147663,0.00216485,0.00144502,0.00167573,0.00119994,0.00132025,0.000978554,0.00118225,0.000688887,0.00108844,0.000562162,0.000771308,0.000473261,0.000652366,0.000432051,0.000577787,0.000323667,0.000429492,0.000293823,0.000352239,0.000210217,0.000305479,0.000168315,0.000242589,0.000146531,0.000192762,0.000114259,0.000139258,9.10704e-05,0.000150279,9.02082e-05,9.6394e-05,6.42382e-05,9.06398e-05,4.81858e-05,7.10417e-05,4.59697e-05,
84600,0.514459,0.609806,0.482856,0.541832,0.521236,0.523291,0.523553,0.521884,0.496214,0.525979,0.491553,0.476846,0.486013,0.428138,0.516602,0.445681,0.463355,0.427997,0.43074,0.446729,0.471088,0.360174,0.420993,0.292688,0.387351,0.248482,0.244078,0.154591,0.191197,0.100469,0.128014,0.0714366,0.102132,0.0433991,0.0729876,0.0312437,0.0503455,0.0256557,0.0333555,0.0197505,0.0284045,0.0167007,0.0231294,0.0120666,0.0183391,0.0102167,0.0148907,0.00920282,0.0122064,0.00695003,0.00964926,0.00562969,0.00688938,0.00524506,0.00651682,0.00347027,0.00513861,0.00341012,0.00412138,0.00230714,0.00332046,0.00193085,0.00265469,0.00147663,0.00216485,0.00144502,0.00167573,0.00119994,0.00132025,0.000978554,0.00118225,0.000688887,0.00108844,0.000562162,0.000771308,0.000473261,0.000652366,0.000432051,0.000577787,0.000323667,0.000429492,0.000293823,0.000352239,0.000210217,0.000305479,0.000168315,0.000242589,0.000146531,0.000192762,0.000114259,0.000139258,9.10704e-05,0.000150279,9.02082e-05,9.6394e-05,6.42382e-05,9.06398e-05,4.81858e-05,7.10417e-05,4.59697e-05,
84800,0.514459,0.609806,0.482856,0.541832,0.521236,0.523291,0.523553,0.521884,0.496214,0.525979,0.491553,0.476846,0.486013,0.428138,0.516602,0.445681,0.463355,0.427997,0.43074,0.446729,0.471088,0.360174,0.420993,0.292688,0.387351,0.248482,0.244078,0.154591,0.191197,0.100469,0.128014,0.0714366,0.102132,0.0433991,0.0729876,0.0312437,0.0503455,0.0256557,0.0333555,0.0197505,0.0284045,0.0167007,0.0231294,0.0120666,0.0183391,0.0102167,0.0148907,0.00920282,0.0122064,0.00695003,0.00964926,0.00562969,0.00688938,0.00524506,0.00651682,0.00347027,0.00513861,0.00341012,0.00412138,0.00230714,0.00332046,0.00193085,0.00265469,0.00147663,0.00216485,0.00144502,0.00167573,0.00119994,0.00132025,0.000978554,0.00118225,0.000688887,0.00108844,0.000562162,0.000771308,0.000473261,0.000652366,0.000432051,0.000577787,0.000323667,0.000429492,0.000293823,0.000352239,0.000210217,0.000305479,0.000168315,0.000242589,0.000146531,0.000192762,0.000114259,0.000139258,9.10704e-05,0.000150279,9.02082e-05,9.6394e-05,6.42382e-05,9.06398e-05,4.81858e-05,7.10417e-05,4.59697e-05,
85000,0.514459,0.609806,0.482856,0.541832,0.521236,0.523291,0.523553,0.521884,0.496214,0.525979,0.491553,0.476846,0.486013,0.428138,0.516602,0.445681,0.463355,0.427997,0.43074,0.446729,0.471088,0.360174,0.420993,0.292688,0.387351,0.248482,0.244078,0.154591,0.191197,0.100469,0.128014,0.0714366,0.102132,0.0433991,0.0729876,0.0312437,0.0503455,0.0256557,0.0333555,0.0197505,0.0284045,0.0167007,0.0231294,0.0120666,0.0183391,0.0102167,0.0148907,0.00920282,0.0122064,0.00695003,0.00964926,0.00562969,0.00688938,0.00524506,0.00651682,0.00347027,0.00513861,0.00341012,0.00412138,0.00230714,0.00332046,0.00193085,0.00265469,0.00147663,0.00216485,0.00144502,0.00167573,0.00119994,0.00132025,0.000978554,0.00118225,0.000688887,0.00108844,0.000562162,0.000771308,0.000473261,0.000652366,0.000432051,0.000577787,0.000323667,0.000429492,0.000293823,0.000352239,0.000210217,0.000305479,0.000168315,0.000242589,0.000146531,0.000192762,0.000114259,0.000139258,9.10704e-05,0.000150279,9.02082e-05,9.6394e-05,6.42382e-05,9.06398e-05,4.81858e-05,7.10417e-05,4.59697e-05,
85200,0.514459,0.609806,0.482856,0.541832,0.521236,0.523291,0.523553,0.521884,0.496214,0.525979,0.491553,0.476846,0.486013,0.428138,0.516602,0.445681,0.463355,0.427997,0.43074,0.446729,0.471088,0.360174,0.420993,0.292688,0.387351,0.248482,0.244078,0.154591,0.191197,0.100469,0.128014,0.0714366,0.102132,0.0433991,0.0729876,0.0312437,0.0503455,0.0256557,0.0333555,0.0197505,0.0284045,0.0167007,0.0231294,0.0120666,0.0183391,0.0102167,0.0148907,0.00920282,0.0122064,0.00695003,0.00964926,0.00562969,0.00688938,0.00524506,0.00651682,0.00347027,0.00513861,0.00341012,0.00412138,0.00230714,0.00332046,0.00193085,0.00265469,0.00147663,0.00216485,0.00144502,0.00167573,0.00119994,0.00132025,0.000978554,0.00118225,0.000688887,0.00108844,0.000562162,0.000771308,0.000473261,0.000652366,0.000432051,0.000577787,0.000323667,0.000429492,0.000293823,0.000352239,0.000210217,0.000305479,0.000168315,0.000242589,0.000146531,0.000192762,0.000114259,0.000139258,9.10704e-05,0.000150279,9.02082e-05,9.6394e-05,6.42382e-05,9.06398e-05,4.81858e-05,7.10417e-05,4.59697e-05,
85400,0.514459,0.609806,0.482856,0.541832,0.521236,0.523291,0.523553,0.521884,0.496214,0.525979,0.491553,0.476846,0.486013,0.428138,0.516602,0.445681,0.463355,0.427997,0.43074,0.446729,0.471088,0.360174,0.420993,0.292688,0.387351,0.248482,0.244078,0.154591,0.191197,0.100469,0.128014,0.0714366,0.102132,0.0433991,0.0729876,0.0312437,0.0503455,0.0256557,0.0333555,0.0197505,0.0284045,0.0167007,0.0231294,0.0120666,0.0183391,0.0102167,0.0148907,0.00920282,0.0122064,0.00695003,0.00964926,0.00562969,0.00688938,0.00524506,0.00651682,0.00347027,0.00513861,0.00341012,0.00412138,0.00230714,0.00332046,0.00193085,0.00265469,0.00147663,0.00216485,0.00144502,0.00167573,0.00119994,0.00132025,0.000978554,0.00118225,0.000688887,0.00108844,0.000562162,0.000771308,0.000473261,0.000652366,0.000432051,0.000577787,0.000323667,0.000429492,0.000293823,0.000352239,0.000210217,0.000305479,0.000168315,0.000242589,0.000146531,0.000192762,0.000114259,0.000139258,9.10704e-05,0.000150279,9.02082e-05,9.6394e-05,6.42382e-05,9.06398e-05,4.81858e-05,7.10417e-05,4.59697e-05,
85600,0.514459,0.609806,0.482856,0.541832,0.521236,0.523291,0.523553,0.521884,0.496214,0.525979,0.491553,0.476846,0.486013,0.428138,0.516602,0.445681,0.463355,0.427997,0.43074,0.446729,0.471088,0.360174,0.420993,0.292688,0.387351,0.248482,0.244078,0.154591,0.191197,0.100469,0.128014,0.0714366,0.102132,0.0433991,0.0729876,0.0312437,0.0503455,0.0256557,0.0333555,0.0197505,0.0284045,0.0167007,0.0231294,0.0120666,0.0183391,0.0102167,0.0148907,0.00920282,0.0122064,0.00695003,0.00964926,0.00562969,0.00688938,0.00524506,0.00651682,0.00347027,0.00513861,0.00341012,0.00412138,0.00230714,0.00332046,0.00193085,0.00265469,0.00147663,0.00216485,0.00144502,0.00167573,0.00119994,0.00132025,0.000978554,0.00118225,0.000688887,0.00108844,0.000562162,0.000771308,0.000473261,0.000652366,0.000432051,0.000577787,0.000323667,0.000429492,0.000293823,0.000352239,0.000210217,0.000305479,0.000168315,0.000242589,0.000146531,0.000192762,0.000114259,0.000139258,9.10704e-05,0.000150279,9.02082e-05,9.6394e-05,6.42382e-05,9.06398e-05,4.81858e-05,7.10417e-05,4.59697e-05,
85800,0.514459,0.609806,0.482856,0.541832,0.521236,0.523291,0.523553,0.521884,0.496214,0.525979,0.491553,0.476846,0.486013,0.428138,0.516602,0.445681,0.463355,0.427997,0.43074,0.446729,0.471088,0.360174,0.420993,0.292688,0.387351,0.248482,0.244078,0.154591,0.191197,0.100469,0.128014,0.0714366,0.102132,0.0433991,0.0729876,0.0312437,0.0503455,0.0256557,0.0333555,0.0197505,0.0284045,0.0167007,0.0231294,0.0120666,0.0183391,0.0102167,0.0148907,0.00920282,0.0122064,0.00695003,0.00964926,0.00562969,0.00688938,0.00524506,0.00651682,0.00347027,0.00513861,0.00341012,0.00412138,0.00230714,0.00332046,0.00193085,0.00265469,0.00147663,0.00216485,0.00144502,0.00167573,0.00119994,0.00132025,0.000978554,0.00118225,0.000688887,0.00108844,0.000562162,0.000771308,0.000473261,0.000652366,0.000432051,0.000577787,0.000323667,0.000429492,0.000293823,0.000352239,0.000210217,0.000305479,0.000168315,0.000242589,0.000146531,0.000192762,0.000114259,0.000139258,9.10704e-05,0.000150279,9.02082e-05,9.6394e-05,6.42382e-05,9.06398e-05,4.81858e-05,7.10417e-05,4.59697e-05,
86000,0.514459,0.609806,0.482856,0.541832,0.521236,0.523291,0.523553,0.521884,0.496214,0.525979,0.491553,0.476846,0.486013,0.428138,0.516602,0.445681,0.463355,0.427997,0.43074,0.446729,0.471088,0.360174,0.420993,0.292688,0.387351,0.248482,0.244078,0.154591,0.191197,0.100469,0.128014,0.0714366,0.102132,0.0433991,0.0729876,0.0312437,0.0503455,0.0256557,0.0333555,0.0197505,0.0284045,0.0167007,0.0231294,0.0120666,0.0183391,0.0102167,0.0148907,0.00920282,0.0122064,0.00695003,0.00964926,0.00562969,0.00688938,0.00524506,0.00651682,0.00347027,0.00513861,0.00341012,0.00412138,0.00230714,0.00332046,0.00193085,0.00265469,0.00147663,0.00216485,0.00144502,0.00167573,0.00119994,0.00132025,0.000978554,0.00118225,0.000688887,0.00108844,0.000562162,0.000771308,0.000473261,0.000652366,0.000432051,0.000577787,0.000323667,0.000429492,0.000293823,0.000352239,0.000210217,0.000305479,0.000168315,0.000242589,0.000146531,0.000192762,0.000114259,0.000139258,9.10704e-05,0.000150279,9.02082e-05,9.6394e-05,6.42382e-05,9.06398e-05,4.81858e-05,7.10417e-05,4.59697e-05,
86200,0.514459,0.609806,0.482856,0.541832,0.521236,0.523291,0.523553,0.521884,0.496214,0.525979,0.491553,0.476846,0.486013,0.428138,0.516602,0.445681,0.463355,0.427997,0.43074,0.446729,0.471088,0.360174,0.420993,0.292688,0.387351,0.248482,0.244078,0.154591,0.191197,0.100469,0.128014,0.0714366,0.102132,0.0433991,0.0729876,0.0312437,0.0503455,0.0256557,0.0333555,0.0197505,0.0284045,0.0167007,0.0231294,0.0120666,0.0183391,0.0102167,0.0148907,0.00920282,0.0122064,0.00695003,0.00964926,0.00562969,0.00688938,0.00524506,0.00651682,0.00347027,0.00513861,0.00341012,0.00412138,0.00230714,0.00332046,0.00193085,0.00265469,0.00147663,0.00216485,0.00144502,0.00167573,0.00119994,0.00132025,0.000978554,0.00118225,0.000688887,0.00108844,0.000562162,0.000771308,0.000473261,0.000652366,0.000432051,0.000577787,0.000323667,0.000429492,0.000293823,0.000352239,0.000210217,0.000305479,0.000168315,0.000242589,0.000146531,0.000192762,0.000114259,0.000139258,9.10704e-05,0.000150279,9.02082e-05,9.6394e-05,6.42382e-05,9.06398e-05,4.81858e-05,7.10417e-05,4.59697e-05,
86400,0.514459,0.609806,0.482856,0.541832,0.521236,0.523291,0.523553,0.521884,0.496214,0.525979,0.491553,0.476846,0.486013,0.428138,0.516602,0.445681,0.463355,0.427997,0.43074,0.446729,0.471088,0.360174,0.420993,0.292688,0.387351,0.248482,0.244078,0.154591,0.191197,0.100469,0.128014,0.0714366,0.102132,0.0433991,0.0729876,0.0312437,0.0503455,0.0256557,0.0333555,0.0197505,0.0284045,0.0167007,0.0231294,0.0120666,0.0183391,0.0102167,0.0148907,0.00920282,0.0122064,0.00695003,0.00964926,0.00562969,0.00688938,0.00524506,0.00651682,0.00347027,0.00513861,0.00341012,0.00412138,0.00230714,0.00332046,0.00193085,0.00265469,0.00147663,0.00216485,0.00144502,0.00167573,0.00119994,0.00132025,0.000978554,0.00118225,0.000688887,0.00108844,0.000562162,0.000771308,0.000473261,0.000652366,0.000432051,0.000577787,0.000323667,0.000429492,0.000293823,0.000352239,0.000210217,0.000305479,0.000168315,0.000242589,0.000146531,0.000192762,0.000114259,0.000139258,9.10704e-05,0.000150279,9.02082e-05,9.6394e-05,6.42382e-05,9.06398e-05,4.81858e-05,7.10417e-05,4.59697e-05,
86600,0.514459,0.609806,0.482856,0.541832,0.521236,0.523291,0.523553,0.521884,0.496214,0.525979,0.491553,0.476846,0.486013,0.428138,0.516602,0.445681,0.463355,0.427997,0.43074,0.446729,0.471088,0.360174,0.420993,0.292688,0.387351,0.248482,0.244078,0.154591,0.191197,0.100469,0.128014,0.0714366,0.102132,0.0433991,0.0729876,0.0312437,0.0503455,0.0256557,0.0333555,0.0197505,0.0284045,0.0167007,0.0231294,0.0120666,0.0183391,0.0102167,0.0148907,0.00920282,0.0122064,0.00695003,0.00964926,0.00562969,0.00688938,0.00524506,0.00651682,0.00347027,0.00513861,0.00341012,0.00412138,0.00230714,0.00332046,0.00193085,0.00265469,0.00147663,0.00216485,0.00144502,0.00167573,0.00119994,0.00132025,0.000978554,0.00118225,0.000688887,0.00108844,0.000562162,0.000771308,0.000473261,0.000652366,0.000432051,0.000577787,0.000323667,0.000429492,0.000293823,0.000352239,0.000210217,0.000305479,0.000168315,0.000242589,0.000146531,0.000192762,0.000114259,0.000139258,9.10704e-05,0.000150279,9.02082e-05,9.6394e-05,6.42382e-05,9.06398e-05,4.81858e-05,7.10417e-05,4.59697e-05,
86800,0.514459,0.609806,0.482856,0.541832,0.521236,0.523291,0.523553,0.521884,0.496214,0.525979,0.491553,0.476846,0.486013,0.428138,0.516602,0.445681,0.463355,0.427997,0.43074,0.446729,0.471088,0.360174,0.420993,0.292688,0.387351,0.248482,0.244078,0.154591,0.191197,0.100469,0.128014,0.0714366,0.102132,0.0433991,0.0729876,0.0312437,0.0503455,0.0256557,0.0333555,0.0197505,0.0284045,0.0167007,0.0231294,0.0120666,0.0183391,0.0102167,0.0148907,0.00920282,0.0122064,0.00695003,0.00964926,0.00562969,0.00688938,0.00524506,0.00651682,0.00347027,0.00513861,0.00341012,0.00412138,0.00230714,0.00332046,0.00193085,0.00265469,0.00147663,0.00216485,0.00144502,0.00167573,0.00119994,0.00132025,0.000978554,0.00118225,0.000688887,0.00108844,0.000562162,0.000771308,0.000473261,0.000652366,0.000432051,0.000577787,0.000323667,0.000429492,0.000293823,0.000352239,0.000210217,0.000305479,0.000168315,0.000242589,0.000146531,0.000192762,0.000114259,0.000139258,9.10704e-05,0.000150279,9.02082e-05,9.6394e-05,6.42382e-05,9.06398e-05,4.81858e-05,7.10417e-05,4.59697e-05,
87000,0.514459,0.609806,0.482856,0.541832,0.521236,0.523291,0.523553,0.521884,0.496214,0.525979,0.491553,0.476846,0.486013,0.428138,0.516602,0.445681,0.463355,0.427997,0.43074,0.446729,0.471088,0.360174,0.420993,0.292688,0.387351,0.248482,0.244078,0.154591,0.191197,0.100469,0.128014,0.0714366,0.102132,0.0433991,0.0729876,0.0312437,0.0503455,0.0256557,0.0333555,0.0197505,0.0284045,0.0167007,0.0231294,0.0120666,0.0183391,0.0102167,0.0148907,0.00920282,0.0122064,0.00695003,0.00964926,0.00562969,0.00688938,0.00524506,0.00651682,0.00347027,0.00513861,0.00341012,0.00412138,0.00230714,0.00332046,0.00193085,0.00265469,0.00147663,0.00216485,0.00144502,0.00167573,0.00119994,0.00132025,0.000978554,0.00118225,0.000688887,0.00108844,0.000562162,0.000771308,0.000473261,0.000652366,0.000432051,0.000577787,0.000323667,0.000429492,0.000293823,0.000352239,0.000210217,0.000305479,0.000168315,0.000242589,0.000146531,0.000192762,0.000114259,0.000139258,9.10704e-05,0.000150279,9.02082e-05,9.6394e-05,6.42382e-05,9.06398e-05,4.81858e-05,7.10417e-05,4.59697e-05,
87200,0.514459,0.609806,0.482856,0.541832,0.521236,0.523291,0.523553,0.521884,0.496214,0.525979,0.491553,0.476846,0.486013,0.428138,0.516602,0.445681,0.463355,0.427997,0.43074,0.446729,0.471088,0.360174,0.420993,0.292688,0.387351,0.248482,0.244078,0.154591,0.191197,0.100469,0.128014,0.0714366,0.102132,0.0433991,0.0729876,0.0312437,0.0503455,0.0256557,0.0333555,0.0197505,0.0284045,0.0167007,0.0231294,0.0120666,0.0183391,0.0102167,0.0148907,0.00920282,0.0122064,0.00695003,0.00964926,0.00562969,0.00688938,0.00524506,0.00651682,0.00347027,0.00513861,0.00341012,0.00412138,0.00230714,0.00332046,0.00193085,0.00265469,0.00147663,0.00216485,0.00144502,0.00167573,0.00119994,0.00132025,0.000978554,0.00118225,0.000688887,0.00108844,0.000562162,0.000771308,0.000473261,0.000652366,0.000432051,0.000577787,0.000323667,0.000429492,0.000293823,0.000352239,0.000210217,0.000305479,0.000168315,0.000242589,0.000146531,0.000192762,0.000114259,0.000139258,9.10704e-05,0.000150279,9.02082e-05,9.6394e-05,6.42382e-05,9.06398e-05,4.81858e-05,7.10417e-05,4.59697e-05,
87400,0.514459,0.609806,0.482856,0.541832,0.521236,0.523291,0.523553,0.521884,0.496214,0.525979,0.491553,0.476846,0.486013,0.428138,0.516602,0.445681,0.463355,0.427997,0.43074,0.446729,0.471088,0.360174,0.420993,0.292688,0.387351,0.248482,0.244078,0.154591,0.191197,0.100469,0.128014,0.0714366,0.102132,0.0433991,0.0729876,0.0312437,0.0503455,0.0256557,0.0333555,0.0197505,0.0284045,0.0167007,0.0231294,0.0120666,0.0183391,0.0102167,0.0148907,0.00920282,0.0122064,0.00695003,0.00964926,0.00562969,0.00688938,0.00524506,0.00651682,0.00347027,0.00513861,0.00341012,0.00412138,0.00230714,0.00332046,0.00193085,0.00265469,0.00147663,0.00216485,0.00144502,0.00167573,0.00119994,0.00132025,0.000978554,0.00118225,0.000688887,0.00108844,0.000562162,0.000771308,0.000473261,0.000652366,0.000432051,0.000577787,0.000323667,0.000429492,0.000293823,0.000352239,0.000210217,0.000305479,0.000168315,0.000242589,0.000146531,0.000192762,0.000114259,0.000139258,9.10704e-05,0.000150279,9.02082e-05,9.6394e-05,6.42382e-05,9.06398e-05,4.81858e-05,7.10417e-05,4.59697e-05,
87600,0.514459,0.609806,0.482856,0.541832,0.521236,0.523291,0.523553,0.521884,0.496214,0.525979,0.491553,0.476846,0.486013,0.428138,0.516602,0.445681,0.463355,0.427997,0.43074,0.446729,0.471088,0.360174,0.420993,0.292688,0.387351,0.248482,0.244078,0.154591,0.191197,0.100469,0.128014,0.0714366,0.102132,0.0433991,0.0729876,0.0312437,0.0503455,0.0256557,0.0333555,0.0197505,0.0284045,0.0167007,0.0231294,0.0120666,0.0183391,0.0102167,0.0148907,0.00920282,0.0122064,0.00695003,0.00964926,0.00562969,0.00688938,0.00524506,0.00651682,0.00347027,0.00513861,0.00341012,0.00412138,0.00230714,0.00332046,0.00193085,0.00265469,0.00147663,0.00216485,0.00144502,0.00167573,0.00119994,0.00132025,0.000978554,0.00118225,0.000688887,0.00108844,0.000562162,0.000771308,0.000473261,0.000652366,0.000432051,0.000577787,0.000323667,0.000429492,0.000293823,0.000352239,0.000210217,0.000305479,0.000168315,0.000242589,0.000146531,0.000192762,0.000114259,0.000139258,9.10704e-05,0.000150279,9.02082e-05,9.6394e-05,6.42382e-05,9.06398e-05,4.81858e-05,7.10417e-05,4.59697e-05,
87800,0.514459,0.609806,0.482856,0.541832,0.521236,0.523291,0.523553,0.521884,0.496214,0.525979,0.491553,0.476846,0.486013,0.428138,0.516602,0.445681,0.463355,0.427997,0.43074,0.446729,0.471088,0.360174,0.420993,0.292688,0.387351,0.248482,0.244078,0.154591,0.191197,0.100469,0.128014,0.0714366,0.102132,0.0433991,0.0729876,0.0312437,0.0503455,0.0256557,0.0333555,0.0197505,0.0284045,0.0167007,0.0231294,0.0120666,0.0183391,0.0102167,0.0148907,0.00920282,0.0122064,0.00695003,0.00964926,0.00562969,0.00688938,0.00524506,0.00651682,0.00347027,0.00513861,0.00341012,0.00412138,0.00230714,0.00332046,0.00193085,0.00265469,0.00147663,0.00216485,0.00144502,0.00167573,0.00119994,0.00132025,0.000978554,0.00118225,0.000688887,0.00108844,0.000562162,0.000771308,0.000473261,0.000652366,0.000432051,0.000577787,0.000323667,0.000429492,0.000293823,0.000352239,0.000210217,0.000305479,0.000168315,0.000242589,0.000146531,0.000192762,0.000114259,0.000139258,9.10704e-05,0.000150279,9.02082e-05,9.6394e-05,6.42382e-05,9.06398e-05,4.81858e-05,7.10417e-05,4.59697e-05,
88000,0.514459,0.609806,0.482856,0.541832,0.521236,0.523291,0.523553,0.521884,0.496214,0.525979,0.491553,0.476846,0.486013,0.428138,0.516602,0.445681,0.463355,0.427997,0.43074,0.446729,0.471088,0.360174,0.420993,0.292688,0.387351,0.248482,0.244078,0.154591,0.191197,0.100469,0.128014,0.0714366,0.102132,0.0433991,0.0729876,0.0312437,0.0503455,0.0256557,0.0333555,0.0197505,0.0284045,0.0167007,0.0231294,0.0120666,0.0183391,0.0102167,0.0148907,0.00920282,0.0122064,0.00695003,0.00964926,0.00562969,0.00688938,0.00524506,0.00651682,0.00347027,0.00513861,0.00341012,0.00412138,0.00230714,0.00332046,0.00193085,0.00265469,0.00147663,0.00216485,0.00144502,0.00167573,0.00119994,0.00132025,0.000978554,0.00118225,0.000688887,0.00108844,0.000562162,0.000771308,0.000473261,0.000652366,0.000432051,0.000577787,0.000323667,0.000429492,0.000293823,0.000352239,0.000210217,0.000305479,0.000168315,0.000242589,0.000146531,0.000192762,0.000114259,0.000139258,9.10704e-05,0.000150279,9.02082e-05,9.6394e-05,6.42382e-05,9.06398e-05,4.81858e-05,7.10417e-05,4.59697e-05,
88200,0.514459,0.609806,0.482856,0.541832,0.521236,0.523291,0.523553,0.521884,0.496214,0.525979,0.491553,0.476846,0.486013,0.428138,0.516602,0.445681,0.463355,0.427997,0.43074,0.446729,0.471088,0.360174,0.420993,0.292688,0.387351,0.248482,0.244078,0.154591,0.191197,0.100469,0.128014,0.0714366,0.102132,0.0433991,0.0729876,0.0312437,0.0503455,0.0256557,0.0333555,0.0197505,0.0284045,0.0167007,0.0231294,0.0120666,0.0183391,0.0102167,0.0148907,0.00920282,0.0122064,0.00695003,0.00964926,0.00562969,0.00688938,0.00524506,0.00651682,0.00347027,0.00513861,0.00341012,0.00412138,0.00230714,0.00332046,0.00193085,0.00265469,0.00147663,0.00216485,0.00144502,0.00167573,0.00119994,0.00132025,0.000978554,0.00118225,0.000688887,0.00108844,0.000562162,0.000771308,0.000473261,0.000652366,0.000432051,0.000577787,0.000323667,0.000429492,0.000293823,0.000352239,0.000210217,0.000305479,0.000168315,0.000242589,0.000146531,0.000192762,0.000114259,0.000139258,9.10704e-05,0.000150279,9.02082e-05,9.6394e-05,6.42382e-05,9.06398e-05,4.81858e-05,7.10417e-05,4.59697e-05,
88400,0.514459,0.609806,0.482856,0.541832,0.521236,0.523291,0.523553,0.521884,0.496214,0.525979,0.491553,0.476846,0.486013,0.428138,0.516602,0.445681,0.463355,0.427997,0.43074,0.446729,0.471088,0.360174,0.420993,0.292688,0.387351,0.248482,0.244078,0.154591,0.191197,0.100469,0.128014,0.0714366,0.102132,0.0433991,0.0729876,0.0312437,0.0503455,0.0256557,0.0333555,0.0197505,0.0284045,0.0167007,0.0231294,0.0120666,0.0183391,0.0102167,0.0148907,0.00920282,0.0122064,0.00695003,0.00964926,0.00562969,0.00688938,0.00524506,0.00651682,0.00347027,0.00513861,0.00341012,0.00412138,0.00230714,0.00332046,0.00193085,0.00265469,0.00147663,0.00216485,0.00144502,0.00167573,0.00119994,0.00132025,0.000978554,0.00118225,0.000688887,0.00108844,0.000562162,0.000771308,0.000473261,0.000652366,0.000432051,0.000577787,0.000323667,0.000429492,0.000293823,0.000352239,0.000210217,0.000305479,0.000168315,0.000242589,0.000146531,0.000192762,0.000114259,0.000139258,9.10704e-05,0.000150279,9.02082e-05,9.6394e-05,6.42382e-05,9.06398e-05,4.81858e-05,7.10417e-05,4.59697e-05,
88600,0.514459,0.609806,0.482856,0.541832,0.521236,0.523291,0.523553,0.521884,0.496214,0.525979,0.491553,0.476846,0.486013,0.428138,0.516602,0.445681,0.463355,0.427997,0.43074,0.446729,0.471088,0.360174,0.420993,0.292688,0.387351,0.248482,0.244078,0.154591,0.191197,0.100469,0.128014,0.0714366,0.102132,0.0433991,0.0729876,0.0312437,0.0503455,0.0256557,0.0333555,0.0197505,0.0284045,0.0167007,0.0231294,0.0120666,0.0183391,0.0102167,0.0148907,0.00920282,0.0122064,0.00695003,0.00964926,0.00562969,0.00688938,0.00524506,0.00651682,0.00347027,0.00513861,0.00341012,0.00412138,0.00230714,0.00332046,0.00193085,0.00265469,0.00147663,0.00216485,0.00144502,0.00167573,0.00119994,0.00132025,0.000978554,0.00118225,0.000688887,0.00108844,0.000562162,0.000771308,0.000473261,0.000652366,0.000432051,0.000577787,0.000323667,0.000429492,0.000293823,0.000352239,0.000210217,0.000305479,0.000168315,0.000242589,0.000146531,0.000192762,0.000114259,0.000139258,9.10704e-05,0.000150279,9.02082e-05,9.6394e-05,6.42382e-05,9.06398e-05,4.81858e-05,7.10417e-05,4.59697e-05,
88800,0.514459,0.609806,0.482856,0.541832,0.521236,0.523291,0.523553,0.521884,0.496214,0.525979,0.491553,0.476846,0.486013,0.428138,0.516602,0.445681,0.463355,0.427997,0.43074,0.446729,0.471088,0.360174,0.420993,0.292688,0.387351,0.248482,0.244078,0.154591,0.191197,0.100469,0.128014,0.0714366,0.102132,0.0433991,0.0729876,0.0312437,0.0503455,0.0256557,0.0333555,0.0197505,0.0284045,0.0167007,0.0231294,0.0120666,0.0183391,0.0102167,0.0148907,0.00920282,0.0122064,0.00695003,0.00964926,0.00562969,0.00688938,0.00524506,0.00651682,0.00347027,0.00513861,0.00341012,0.00412138,0.00230714,0.00332046,0.00193085,0.00265469,0.00147663,0.00216485,0.00144502,0.00167573,0.00119994,0.00132025,0.000978554,0.00118225,0.000688887,0.00108844,0.000562162,0.000771308,0.000473261,0.000652366,0.000432051,0.000577787,0.000323667,0.000429492,0.000293823,0.000352239,0.000210217,0.000305479,0.000168315,0.000242589,0.000146531,0.000192762,0.000114259,0.000139258,9.10704e-05,0.000150279,9.02082e-05,9.6394e-05,6.42382e-05,9.06398e-05,4.81858e-05,7.10417e-05,4.59697e-05,
89000,0.514459,0.609806,0.482856,0.541832,0.521236,0.523291,0.523553,0.521884,0.496214,0.525979,0.491553,0.476846,0.486013,0.428138,0.516602,0.445681,0.463355,0.427997,0.43074,0.446729,0.471088,0.360174,0.420993,0.292688,0.387351,0.248482,0.244078,0.154591,0.191197,0.100469,0.128014,0.0714366,0.102132,0.0433991,0.0729876,0.0312437,0.0503455,0.0256557,0.0333555,0.0197505,0.0284045,0.0167007,0.0231294,0.0120666,0.0183391,0.0102167,0.0148907,0.00920282,0.0122064,0.00695003,0.00964926,0.00562969,0.00688938,0.00524506,0.00651682,0.00347027,0.00513861,0.00341012,0.00412138,0.00230714,0.00332046,0.00193085,0.00265469,0.00147663,0.00216485,0.00144502,0.00167573,0.00119994,0.00132025,0.000978554,0.00118225,0.000688887,0.00108844,0.000562162,0.000771308,0.000473261,0.000652366,0.000432051,0.000577787,0.000323667,0.000429492,0.000293823,0.000352239,0.000210217,0.000305479,0.000168315,0.000242589,0.000146531,0.000192762,0.000114259,0.000139258,9.10704e-05,0.000150279,9.02082e-05,9.6394e-05,6.42382e-05,9.06398e-05,4.81858e-05,7.10417e-05,4.59697e-05,
89200,0.514459,0.609806,0.482856,0.541832,0.521236,0.523291,0.523553,0.521884,0.496214,0.525979,0.491553,0.476846,0.486013,0.428138,0.516602,0.445681,0.463355,0.427997,0.43074,0.446729,0.471088,0.360174,0.420993,0.292688,0.387351,0.248482,0.244078,0.154591,0.191197,0.100469,0.128014,0.0714366,0.102132,0.0433991,0.0729876,0.0312437,0.0503455,0.0256557,0.0333555,0.0197505,0.0284045,0.0167007,0.0231294,0.0120666,0.0183391,0.0102167,0.0148907,0.00920282,0.0122064,0.00695003,0.00964926,0.00562969,0.00688938,0.00524506,0.00651682,0.00347027,0.00513861,0.00341012,0.00412138,0.00230714,0.00332046,0.00193085,0.00265469,0.00147663,0.00216485,0.00144502,0.00167573,0.00119994,0.00132025,0.000978554,0.00118225,0.000688887,0.00108844,0.000562162,0.000771308,0.000473261,0.000652366,0.000432051,0.000577787,0.000323667,0.000429492,0.000293823,0.000352239,0.000210217,0.000305479,0.000168315,0.000242589,0.000146531,0.000192762,0.000114259,0.000139258,9.10704e-05,0.000150279,9.02082e-05,9.6394e-05,6.42382e-05,9.06398e-05,4.81858e-05,7.10417e-05,4.59697e-05,
89400,0.514459,0.609806,0.482856,0.541832,0.521236,0.523291,0.523553,0.521884,0.496214,0.525979,0.491553,0.476846,0.486013,0.428138,0.516602,0.445681,0.463355,0.427997,0.43074,0.446729,0.471088,0.360174,0.420993,0.292688,0.387351,0.248482,0.244078,0.154591,0.191197,0.100469,0.128014,0.0714366,0.102132,0.0433991,0.0729876,0.0312437,0.0503455,0.0256557,0.0333555,0.0197505,0.0284045,0.0167007,0.0231294,0.0120666,0.0183391,0.0102167,0.0148907,0.00920282,0.0122064,0.00695003,0.00964926,0.00562969,0.00688938,0.00524506,0.00651682,0.00347027,0.00513861,0.00341012,0.00412138,0.00230714,0.00332046,0.00193085,0.00265469,0.00147663,0.00216485,0.00144502,0.00167573,0.00119994,0.00132025,0.000978554,0.00118225,0.000688887,0.00108844,0.000562162,0.000771308,0.000473261,0.000652366,0.000432051,0.000577787,0.000323667,0.000429492,0.000293823,0.000352239,0.000210217,0.000305479,0.000168315,0.000242589,0.000146531,0.000192762,0.000114259,0.000139258,9.10704e-05,0.000150279,9.02082e-05,9.6394e-05,6.42382e-05,9.06398e-05,4.81858e-05,7.10417e-05,4.59697e-05,
89600,0.514459,0.609806,0.482856,0.541832,0.521236,0.523291,0.523553,0.521884,0.496214,0.525979,0.491553,0.476846,0.486013,0.428138,0.516602,0.445681,0.463355,0.427997,0.43074,0.446729,0.471088,0.360174,0.420993,0.292688,0.387351,0.248482,0.244078,0.154591,0.191197,0.100469,0.128014,0.0714366,0.102132,0.0433991,0.0729876,0.0312437,0.0503455,0.0256557,0.0333555,0.0197505,0.0284045,0.0167007,0.0231294,0.0120666,0.0183391,0.0102167,0.0148907,0.00920282,0.0122064,0.00695003,0.00964926,0.00562969,0.00688938,0.00524506,0.00651682,0.00347027,0.00513861,0.00341012,0.00412138,0.00230714,0.00332046,0.00193085,0.00265469,0.00147663,0.00216485,0.00144502,0.00167573,0.00119994,0.00132025,0.000978554,0.00118225,0.000688887,0.00108844,0.000562162,0.000771308,0.000473261,0.000652366,0.000432051,0.000577787,0.000323667,0.000429492,0.000293823,0.000352239,0.000210217,0.000305479,0.000168315,0.000242589,0.000146531,0.000192762,0.000114259,0.000139258,9.10704e-05,0.000150279,9.02082e-05,9.6394e-05,6.42382e-05,9.06398e-05,4.81858e-05,7.10417e-05,4.59697e-05,
89800,0.514459,0.609806,0.482856,0.541832,0.521236,0.523291,0.523553,0.521884,0.496214,0.525979,0.491553,0.476846,0.486013,0.428138,0.516602,0.445681,0.463355,0.427997,0.43074,0.446729,0.471088,0.360174,0.420993,0.292688,0.387351,0.248482,0.244078,0.154591,0.191197,0.100469,0.128014,0.0714366,0.102132,0.0433991,0.0729876,0.0312437,0.0503455,0.0256557,0.0333555,0.0197505,0.0284045,0.0167007,0.0231294,0.0120666,0.0183391,0.0102167,0.0148907,0.00920282,0.0122064,0.00695003,0.00964926,0.00562969,0.00688938,0.00524506,0.00651682,0.00347027,0.00513861,0.00341012,0.00412138,0.00230714,0.00332046,0.00193085,0.00265469,0.00147663,0.00216485,0.00144502,0.00167573,0.00119994,0.00132025,0.000978554,0.00118225,0.000688887,0.00108844,0.000562162,0.000771308,0.000473261,0.000652366,0.000432051,0.000577787,0.000323667,0.000429492,0.000293823,0.000352239,0.000210217,0.000305479,0.000168315,0.000242589,0.000146531,0.000192762,0.000114259,0.000139258,9.10704e-05,0.000150279,9.02082e-05,9.6394e-05,6.42382e-05,9.06398e-05,4.81858e-05,7.10417e-05,4.59697e-05,
90000,0.514459,0.609806,0.482856,0.541832,0.521236,0.523291,0.523553,0.521884,0.496214,0.525979,0.491553,0.476846,0.486013,0.428138,0.516602,0.445681,0.463355,0.427997,0.43074,0.446729,0.471088,0.360174,0.420993,0.292688,0.387351,0.248482,0.244078,0.154591,0.191197,0.100469,0.128014,0.0714366,0.102132,0.0433991,0.0729876,0.0312437,0.0503455,0.0256557,0.0333555,0.0197505,0.0284045,0.0167007,0.0231294,0.0120666,0.0183391,0.0102167,0.0148907,0.00920282,0.0122064,0.00695003,0.00964926,0.00562969,0.00688938,0.00524506,0.00651682,0.00347027,0.00513861,0.00341012,0.00412138,0.00230714,0.00332046,0.00193085,0.00265469,0.00147663,0.00216485,0.00144502,0.00167573,0.00119994,0.00132025,0.000978554,0.00118225,0.000688887,0.00108844,0.000562162,0.000771308,0.000473261,0.000652366,0.000432051,0.000577787,0.000323667,0.000429492,0.000293823,0.000352239,0.000210217,0.000305479,0.000168315,0.000242589,0.000146531,0.000192762,0.000114259,0.000139258,9.10704e-05,0.000150279,9.02082e-05,9.6394e-05,6.42382e-05,9.06398e-05,4.81858e-05,7.10417e-05,4.59697e-05,
90200,0.514459,0.609806,0.482856,0.541832,0.521236,0.523291,0.523553,0.521884,0.496214,0.525979,0.491553,0.476846,0.486013,0.428138,0.516602,0.445681,0.463355,0.427997,0.43074,0.446729,0.471088,0.360174,0.420993,0.292688,0.387351,0.248482,0.244078,0.154591,0.191197,0.100469,0.128014,0.0714366,0.102132,0.0433991,0.0729876,0.0312437,0.0503455,0.0256557,0.0333555,0.0197505,0.0284045,0.0167007,0.0231294,0.0120666,0.0183391,0.0102167,0.0148907,0.00920282,0.0122064,0.00695003,0.00964926,0.00562969,0.00688938,0.00524506,0.00651682,0.00347027,0.00513861,0.00341012,0.00412138,0.00230714,0.00332046,0.00193085,0.00265469,0.00147663,0.00216485,0.00144502,0.00167573,0.00119994,0.00132025,0.000978554,0.00118225,0.000688887,0.00108844,0.000562162,0.000771308,0.000473261,0.000652366,0.000432051,0.000577787,0.000323667,0.000429492,0.000293823,0.000352239,0.000210217,0.000305479,0.000168315,0.000242589,0.000146531,0.000192762,0.000114259,0.000139258,9.10704e-05,0.000150279,9.02082e-05,9.6394e-05,6.42382e-05,9.06398e-05,4.81858e-05,7.10417e-05,4.59697e-05,
90400,0.514459,0.609806,0.482856,0.541832,0.521236,0.523291,0.523553,0.521884,0.496214,0.525979,0.491553,0.476846,0.486013,0.428138,0.516602,0.445681,0.463355,0.427997,0.43074,0.446729,0.471088,0.360174,0.420993,0.292688,0.387351,0.248482,0.244078,0.154591,0.191197,0.100469,0.128014,0.0714366,0.102132,0.0433991,0.0729876,0.0312437,0.0503455,0.0256557,0.0333555,0.0197505,0.0284045,0.0167007,0.0231294,0.0120666,0.0183391,0.0102167,0.0148907,0.00920282,0.0122064,0.00695003,0.00964926,0.00562969,0.00688938,0.00524506,0.00651682,0.00347027,0.00513861,0.00341012,0.00412138,0.00230714,0.00332046,0.00193085,0.00265469,0.00147663,0.00216485,0.00144502,0.00167573,0.00119994,0.00132025,0.000978554,0.00118225,0.000688887,0.00108844,0.000562162,0.000771308,0.000473261,0.000652366,0.000432051,0.000577787,0.000323667,0.000429492,0.000293823,0.000352239,0.000210217,0.000305479,0.000168315,0.000242589,0.000146531,0.000192762,0.000114259,0.000139258,9.10704e-05,0.000150279,9.02082e-05,9.6394e-05,6.42382e-05,9.06398e-05,4.81858e-05,7.10417e-05,4.59697e-05,
90600,0.514459,0.609806,0.482856,0.541832,0.521236,0.523291,0.523553,0.521884,0.496214,0.525979,0.491553,0.476846,0.486013,0.428138,0.516602,0.445681,0.463355,0.427997,0.43074,0.446729,0.471088,0.360174,0.420993,0.292688,0.387351,0.248482,0.244078,0.154591,0.191197,0.100469,0.128014,0.0714366,0.102132,0.0433991,0.0729876,0.0312437,0.0503455,0.0256557,0.0333555,0.0197505,0.0284045,0.0167007,0.0231294,0.0120666,0.0183391,0.0102167,0.0148907,0.00920282,0.0122064,0.00695003,0.00964926,0.00562969,0.00688938,0.00524506,0.00651682,0.00347027,0.00513861,0.00341012,0.00412138,0.00230714,0.00332046,0.00193085,0.00265469,0.00147663,0.00216485,0.00144502,0.00167573,0.00119994,0.00132025,0.000978554,0.00118225,0.000688887,0.00108844,0.000562162,0.000771308,0.000473261,0.000652366,0.000432051,0.000577787,0.000323667,0.000429492,0.000293823,0.000352239,0.000210217,0.000305479,0.000168315,0.000242589,0.000146531,0.000192762,0.000114259,0.000139258,9.10704e-05,0.000150279,9.02082e-05,9.6394e-05,6.42382e-05,9.06398e-05,4.81858e-05,7.10417e-05,4.59697e-05,
90800,0.514459,0.609806,0.482856,0.541832,0.521236,0.523291,0.523553,0.521884,0.496214,0.525979,0.491553,0.476846,0.486013,0.428138,0.516602,0.445681,0.463355,0.427997,0.43074,0.446729,0.471088,0.360174,0.420993,0.292688,0.387351,0.248482,0.244078,0.154591,0.191197,0.100469,0.128014,0.0714366,0.102132,0.0433991,0.0729876,0.0312437,0.0503455,0.0256557,0.0333555,0.0197505,0.0284045,0.0167007,0.0231294,0.0120666,0.0183391,0.0102167,0.0148907,0.00920282,0.0122064,0.00695003,0.00964926,0.00562969,0.00688938,0.00524506,0.00651682,0.00347027,0.00513861,0.00341012,0.00412138,0.00230714,0.00332046,0.00193085,0.00265469,0.00147663,0.00216485,0.00144502,0.00167573,0.00119994,0.00132025,0.000978554,0.00118225,0.000688887,0.00108844,0.000562162,0.000771308,0.000473261,0.000652366,0.000432051,0.000577787,0.000323667,0.000429492,0.000293823,0.000352239,0.000210217,0.000305479,0.000168315,0.000242589,0.000146531,0.000192762,0.000114259,0.000139258,9.10704e-05,0.000150279,9.02082e-05,9.6394e-05,6.42382e-05,9.06398e-05,4.81858e-05,7.10417e-05,4.59697e-05,
91000,0.514459,0.609806,0.482856,0.541832,0.521236,0.523291,0.523553,0.521884,0.496214,0.525979,0.491553,0.476846,0.486013,0.428138,0.516602,0.445681,0.463355,0.427997,0.43074,0.446729,0.471088,0.360174,0.420993,0.292688,0.387351,0.248482,0.244078,0.154591,0.191197,0.100469,0.128014,0.0714366,0.102132,0.0433991,0.0729876,0.0312437,0.0503455,0.0256557,0.0333555,0.0197505,0.0284045,0.0167007,0.0231294,0.0120666,0.0183391,0.0102167,0.0148907,0.00920282,0.0122064,0.00695003,0.00964926,0.00562969,0.00688938,0.00524506,0.00651682,0.00347027,0.00513861,0.00341012,0.00412138,0.00230714,0.00332046,0.00193085,0.00265469,0.00147663,0.00216485,0.00144502,0.00167573,0.00119994,0.00132025,0.000978554,0.00118225,0.000688887,0.00108844,0.000562162,0.000771308,0.000473261,0.000652366,0.000432051,0.000577787,0.000323667,0.000429492,0.000293823,0.000352239,0.000210217,0.000305479,0.000168315,0.000242589,0.000146531,0.000192762,0.000114259,0.000139258,9.10704e-05,0.000150279,9.02082e-05,9.6394e-05,6.42382e-05,9.06398e-05,4.81858e-05,7.10417e-05,4.59697e-05,
91200,0.514459,0.609806,0.482856,0.541832,0.521236,0.523291,0.523553,0.521884,0.496214,0.525979,0.491553,0.476846,0.486013,0.428138,0.516602,0.445681,0.463355,0.427997,0.43074,0.446729,0.471088,0.360174,0.420993,0.292688,0.387351,0.248482,0.244078,0.154591,0.191197,0.100469,0.128014,0.0714366,0.102132,0.0433991,0.0729876,0.0312437,0.0503455,0.0256557,0.0333555,0.0197505,0.0284045,0.0167007,0.0231294,0.0120666,0.0183391,0.0102167,0.0148907,0.00920282,0.0122064,0.00695003,0.00964926,0.00562969,0.00688938,0.00524506,0.00651682,0.00347027,0.00513861,0.00341012,0.00412138,0.00230714,0.00332046,0.00193085,0.00265469,0.00147663,0.00216485,0.00144502,0.00167573,0.00119994,0.00132025,0.000978554,0.00118225,0.000688887,0.00108844,0.000562162,0.000771308,0.000473261,0.000652366,0.000432051,0.000577787,0.000323667,0.000429492,0.000293823,0.000352239,0.000210217,0.000305479,0.000168315,0.000242589,0.000146531,0.000192762,0.000114259,0.000139258,9.10704e-05,0.000150279,9.02082e-05,9.6394e-05,6.42382e-05,9.06398e-05,4.81858e-05,7.10417e-05,4.59697e-05,
91400,0.514459,0.609806,0.482856,0.541832,0.521236,0.523291,0.523553,0.521884,0.496214,0.525979,0.491553,0.476846,0.486013,0.428138,0.516602,0.445681,0.463355,0.427997,0.43074,0.446729,0.471088,0.360174,0.420993,0.292688,0.387351,0.248482,0.244078,0.154591,0.191197,0.100469,0.128014,0.0714366,0.102132,0.0433991,0.0729876,0.0312437,0.0503455,0.0256557,0.0333555,0.0197505,0.0284045,0.0167007,0.0231294,0.0120666,0.0183391,0.0102167,0.0148907,0.00920282,0.0122064,0.00695003,0.00964926,0.00562969,0.00688938,0.00524506,0.00651682,0.00347027,0.00513861,0.00341012,0.00412138,0.00230714,0.00332046,0.00193085,0.00265469,0.00147663,0.00216485,0.00144502,0.00167573,0.00119994,0.00132025,0.000978554,0.00118225,0.000688887,0.00108844,0.000562162,0.000771308,0.000473261,0.000652366,0.000432051,0.000577787,0.000323667,0.000429492,0.000293823,0.000352239,0.000210217,0.000305479,0.000168315,0.000242589,0.000146531,0.000192762,0.000114259,0.000139258,9.10704e-05,0.000150279,9.02082e-05,9.6394e-05,6.42382e-05,9.06398e-05,4.81858e-05,7.10417e-05,4.59697e-05,
91600,0.514459,0.609806,0.482856,0.541832,0.521236,0.523291,0.523553,0.521884,0.496214,0.525979,0.491553,0.476846,0.486013,0.428138,0.516602,0.445681,0.463355,0.427997,0.43074,0.446729,0.471088,0.360174,0.420993,0.292688,0.387351,0.248482,0.244078,0.154591,0.191197,0.100469,0.128014,0.0714366,0.102132,0.0433991,0.0729876,0.0312437,0.0503455,0.0256557,0.0333555,0.0197505,0.0284045,0.0167007,0.0231294,0.0120666,0.0183391,0.0102167,0.0148907,0.00920282,0.0122064,0.00695003,0.00964926,0.00562969,0.00688938,0.00524506,0.00651682,0.00347027,0.00513861,0.00341012,0.00412138,0.00230714,0.00332046,0.00193085,0.00265469,0.00147663,0.00216485,0.00144502,0.00167573,0.00119994,0.00132025,0.000978554,0.00118225,0.000688887,0.00108844,0.000562162,0.000771308,0.000473261,0.000652366,0.000432051,0.000577787,0.000323667,0.000429492,0.000293823,0.000352239,0.000210217,0.000305479,0.000168315,0.000242589,0.000146531,0.000192762,0.000114259,0.000139258,9.10704e-05,0.000150279,9.02082e-05,9.6394e-05,6.42382e-05,9.06398e-05,4.81858e-05,7.10417e-05,4.59697e-05,
91800,0.514459,0.609806,0.482856,0.541832,0.521236,0.523291,0.523553,0.521884,0.496214,0.525979,0.491553,0.476846,0.486013,0.428138,0.516602,0.445681,0.463355,0.427997,0.43074,0.446729,0.471088,0.360174,0.420993,0.292688,0.387351,0.248482,0.244078,0.154591,0.191197,0.100469,0.128014,0.0714366,0.102132,0.0433991,0.0729876,0.0312437,0.0503455,0.0256557,0.0333555,0.0197505,0.0284045,0.0167007,0.0231294,0.0120666,0.0183391,0.0102167,0.0148907,0.00920282,0.0122064,0.00695003,0.00964926,0.00562969,0.00688938,0.00524506,0.00651682,0.00347027,0.00513861,0.00341012,0.00412138,0.00230714,0.00332046,0.00193085,0.00265469,0.00147663,0.00216485,0.00144502,0.00167573,0.00119994,0.00132025,0.000978554,0.00118225,0.000688887,0.00108844,0.000562162,0.000771308,0.000473261,0.000652366,0.000432051,0.000577787,0.000323667,0.000429492,0.000293823,0.000352239,0.000210217,0.000305479,0.000168315,0.000242589,0.000146531,0.000192762,0.000114259,0.000139258,9.10704e-05,0.000150279,9.02082e-05,9.6394e-05,6.42382e-05,9.06398e-05,4.81858e-05,7.10417e-05,4.59697e-05,
92000,0.514459,0.609806,0.482856,0.541832,0.521236,0.523291,0.523553,0.521884,0.496214,0.525979,0.491553,0.476846,0.486013,0.428138,0.516602,0.445681,0.463355,0.427997,0.43074,0.446729,0.471088,0.360174,0.420993,0.292688,0.387351,0.248482,0.244078,0.154591,0.191197,0.100469,0.128014,0.0714366,0.102132,0.0433991,0.0729876,0.0312437,0.0503455,0.0256557,0.0333555,0.0197505,0.0284045,0.0167007,0.0231294,0.0120666,0.0183391,0.0102167,0.0148907,0.00920282,0.0122064,0.00695003,0.00964926,0.00562969,0.00688938,0.00524506,0.00651682,0.00347027,0.00513861,0.00341012,0.00412138,0.00230714,0.00332046,0.00193085,0.00265469,0.00147663,0.00216485,0.00144502,0.00167573,0.00119994,0.00132025,0.000978554,0.00118225,0.000688887,0.00108844,0.000562162,0.000771308,0.000473261,0.000652366,0.000432051,0.000577787,0.000323667,0.000429492,0.000293823,0.000352239,0.000210217,0.000305479,0.000168315,0.000242589,0.000146531,0.000192762,0.000114259,0.000139258,9.10704e-05,0.000150279,9.02082e-05,9.6394e-05,6.42382e-05,9.06398e-05,4.81858e-05,7.10417e-05,4.59697e-05,
92200,0.514459,0.609806,0.482856,0.541832,0.521236,0.523291,0.523553,0.521884,0.496214,0.525979,0.491553,0.476846,0.486013,0.428138,0.516602,0.445681,0.463355,0.427997,0.43074,0.446729,0.471088,0.360174,0.420993,0.292688,0.387351,0.248482,0.244078,0.154591,0.191197,0.100469,0.128014,0.0714366,0.102132,0.0433991,0.0729876,0.0312437,0.0503455,0.0256557,0.0333555,0.0197505,0.0284045,0.0167007,0.0231294,0.0120666,0.0183391,0.0102167,0.0148907,0.00920282,0.0122064,0.00695003,0.00964926,0.00562969,0.00688938,0.00524506,0.00651682,0.00347027,0.00513861,0.00341012,0.00412138,0.00230714,0.00332046,0.00193085,0.00265469,0.00147663,0.00216485,0.00144502,0.00167573,0.00119994,0.00132025,0.000978554,0.00118225,0.000688887,0.00108844,0.000562162,0.000771308,0.000473261,0.000652366,0.000432051,0.000577787,0.000323667,0.000429492,0.000293823,0.000352239,0.000210217,0.000305479,0.000168315,0.000242589,0.000146531,0.000192762,0.000114259,0.000139258,9.10704e-05,0.000150279,9.02082e-05,9.6394e-05,6.42382e-05,9.06398e-05,4.81858e-05,7.10417e-05,4.59697e-05,
92400,0.514459,0.609806,0.482856,0.541832,0.521236,0.523291,0.523553,0.521884,0.496214,0.525979,0.491553,0.476846,0.486013,0.428138,0.516602,0.445681,0.463355,0.427997,0.43074,0.446729,0.471088,0.360174,0.420993,0.292688,0.387351,0.248482,0.244078,0.154591,0.191197,0.100469,0.128014,0.0714366,0.102132,0.0433991,0.0729876,0.0312437,0.0503455,0.0256557,0.0333555,0.0197505,0.0284045,0.0167007,0.0231294,0.0120666,0.0183391,0.0102167,0.0148907,0.00920282,0.0122064,0.00695003,0.00964926,0.00562969,0.00688938,0.00524506,0.00651682,0.00347027,0.00513861,0.00341012,0.00412138,0.00230714,0.00332046,0.00193085,0.00265469,0.00147663,0.00216485,0.00144502,0.00167573,0.00119994,0.00132025,0.000978554,0.00118225,0.000688887,0.00108844,0.000562162,0.000771308,0.000473261,0.000652366,0.000432051,0.000577787,0.000323667,0.000429492,0.000293823,0.000352239,0.000210217,0.000305479,0.000168315,0.000242589,0.000146531,0.000192762,0.000114259,0.000139258,9.10704e-05,0.000150279,9.02082e-05,9.6394e-05,6.42382e-05,9.06398e-05,4.81858e-05,7.10417e-05,4.59697e-05,
92600,0.514459,0.609806,0.482856,0.541832,0.521236,0.523291,0.523553,0.521884,0.496214,0.525979,0.491553,0.476846,0.486013,0.428138,0.516602,0.445681,0.463355,0.427997,0.43074,0.446729,0.471088,0.360174,0.420993,0.292688,0.387351,0.248482,0.244078,0.154591,0.191197,0.100469,0.128014,0.0714366,0.102132,0.0433991,0.0729876,0.0312437,0.0503455,0.0256557,0.0333555,0.0197505,0.0284045,0.0167007,0.0231294,0.0120666,0.0183391,0.0102167,0.0148907,0.00920282,0.0122064,0.00695003,0.00964926,0.00562969,0.00688938,0.00524506,0.00651682,0.00347027,0.00513861,0.00341012,0.00412138,0.00230714,0.00332046,0.00193085,0.00265469,0.00147663,0.00216485,0.00144502,0.00167573,0.00119994,0.00132025,0.000978554,0.00118225,0.000688887,0.00108844,0.000562162,0.000771308,0.000473261,0.000652366,0.000432051,0.000577787,0.000323667,0.000429492,0.000293823,0.000352239,0.000210217,0.000305479,0.000168315,0.000242589,0.000146531,0.000192762,0.000114259,0.000139258,9.10704e-05,0.000150279,9.02082e-05,9.6394e-05,6.42382e-05,9.06398e-05,4.81858e-05,7.10417e-05,4.59697e-05,
92800,0.514459,0.609806,0.482856,0.541832,0.521236,0.523291,0.523553,0.521884,0.496214,0.525979,0.491553,0.476846,0.486013,0.428138,0.516602,0.445681,0.463355,0.427997,0.43074,0.446729,0.471088,0.360174,0.420993,0.292688,0.387351,0.248482,0.244078,0.154591,0.191197,0.100469,0.128014,0.0714366,0.102132,0.0433991,0.0729876,0.0312437,0.0503455,0.0256557,0.0333555,0.0197505,0.0284045,0.0167007,0.0231294,0.0120666,0.0183391,0.0102167,0.0148907,0.00920282,0.0122064,0.00695003,0.00964926,0.00562969,0.00688938,0.00524506,0.00651682,0.00347027,0.00513861,0.00341012,0.00412138,0.00230714,0.00332046,0.00193085,0.00265469,0.00147663,0.00216485,0.00144502,0.00167573,0.00119994,0.00132025,0.000978554,0.00118225,0.000688887,0.00108844,0.000562162,0.000771308,0.000473261,0.000652366,0.000432051,0.000577787,0.000323667,0.000429492,0.000293823,0.000352239,0.000210217,0.000305479,0.000168315,0.000242589,0.000146531,0.000192762,0.000114259,0.000139258,9.10704e-05,0.000150279,9.02082e-05,9.6394e-05,6.42382e-05,9.06398e-05,4.81858e-05,7.10417e-05,4.59697e-05,
93000,0.514459,0.609806,0.482856,0.541832,0.521236,0.523291,0.523553,0.521884,0.496214,0.525979,0.491553,0.476846,0.486013,0.428138,0.516602,0.445681,0.463355,0.427997,0.43074,0.446729,0.471088,0.360174,0.420993,0.292688,0.387351,0.248482,0.244078,0.154591,0.191197,0.100469,0.128014,0.0714366,0.102132,0.0433991,0.0729876,0.0312437,0.0503455,0.0256557,0.0333555,0.0197505,0.0284045,0.0167007,0.0231294,0.0120666,0.0183391,0.0102167,0.0148907,0.00920282,0.0122064,0.00695003,0.00964926,0.00562969,0.00688938,0.00524506,0.00651682,0.00347027,0.00513861,0.00341012,0.00412138,0.00230714,0.00332046,0.00193085,0.00265469,0.00147663,0.00216485,0.00144502,0.00167573,0.00119994,0.00132025,0.000978554,0.00118225,0.000688887,0.00108844,0.000562162,0.000771308,0.000473261,0.000652366,0.000432051,0.000577787,0.000323667,0.000429492,0.000293823,0.000352239,0.000210217,0.000305479,0.000168315,0.000242589,0.000146531,0.000192762,0.000114259,0.000139258,9.10704e-05,0.000150279,9.02082e-05,9.6394e-05,6.42382e-05,9.06398e-05,4.81858e-05,7.10417e-05,4.59697e-05,
93200,0.514459,0.609806,0.482856,0.541832,0.521236,0.523291,0.523553,0.521884,0.496214,0.525979,0.491553,0.476846,0.486013,0.428138,0.516602,0.445681,0.463355,0.427997,0.43074,0.446729,0.471088,0.360174,0.420993,0.292688,0.387351,0.248482,0.244078,0.154591,0.191197,0.100469,0.128014,0.0714366,0.102132,0.0433991,0.0729876,0.0312437,0.0503455,0.0256557,0.0333555,0.0197505,0.0284045,0.0167007,0.0231294,0.0120666,0.0183391,0.0102167,0.0148907,0.00920282,0.0122064,0.00695003,0.00964926,0.00562969,0.00688938,0.00524506,0.00651682,0.00347027,0.00513861,0.00341012,0.00412138,0.00230714,0.00332046,0.00193085,0.00265469,0.00147663,0.00216485,0.00144502,0.00167573,0.00119994,0.00132025,0.000978554,0.00118225,0.000688887,0.00108844,0.000562162,0.000771308,0.000473261,0.000652366,0.000432051,0.000577787,0.000323667,0.000429492,0.000293823,0.000352239,0.000210217,0.000305479,0.000168315,0.000242589,0.000146531,0.000192762,0.000114259,0.000139258,9.10704e-05,0.000150279,9.02082e-05,9.6394e-05,6.42382e-05,9.06398e-05,4.81858e-05,7.10417e-05,4.59697e-05,
93400,0.514459,0.609806,0.482856,0.541832,0.521236,0.523291,0.523553,0.521884,0.496214,0.525979,0.491553,0.476846,0.486013,0.428138,0.516602,0.445681,0.463355,0.427997,0.43074,0.446729,0.471088,0.360174,0.420993,0.292688,0.387351,0.248482,0.244078,0.154591,0.191197,0.100469,0.128014,0.0714366,0.102132,0.0433991,0.0729876,0.0312437,0.0503455,0.0256557,0.0333555,0.0197505,0.0284045,0.0167007,0.0231294,0.0120666,0.0183391,0.0102167,0.0148907,0.00920282,0.0122064,0.00695003,0.00964926,0.00562969,0.00688938,0.00524506,0.00651682,0.00347027,0.00513861,0.00341012,0.00412138,0.00230714,0.00332046,0.00193085,0.00265469,0.00147663,0.00216485,0.00144502,0.00167573,0.00119994,0.00132025,0.000978554,0.00118225,0.000688887,0.00108844,0.000562162,0.000771308,0.000473261,0.000652366,0.000432051,0.000577787,0.000323667,0.000429492,0.000293823,0.000352239,0.000210217,0.000305479,0.000168315,0.000242589,0.000146531,0.000192762,0.000114259,0.000139258,9.10704e-05,0.000150279,9.02082e-05,9.6394e-05,6.42382e-05,9.06398e-05,4.81858e-05,7.10417e-05,4.59697e-05,
93600,0.514459,0.609806,0.482856,0.541832,0.521236,0.523291,0.523553,0.521884,0.496214,0.525979,0.491553,0.476846,0.486013,0.428138,0.516602,0.445681,0.463355,0.427997,0.43074,0.446729,0.471088,0.360174,0.420993,0.292688,0.387351,0.248482,0.244078,0.154591,0.191197,0.100469,0.128014,0.0714366,0.102132,0.0433991,0.0729876,0.0312437,0.0503455,0.0256557,0.0333555,0.0197505,0.0284045,0.0167007,0.0231294,0.0120666,0.0183391,0.0102167,0.0148907,0.00920282,0.0122064,0.00695003,0.00964926,0.00562969,0.00688938,0.00524506,0.00651682,0.00347027,0.00513861,0.00341012,0.00412138,0.00230714,0.00332046,0.00193085,0.00265469,0.00147663,0.00216485,0.00144502,0.00167573,0.00119994,0.00132025,0.000978554,0.00118225,0.000688887,0.00108844,0.000562162,0.000771308,0.000473261,0.000652366,0.000432051,0.000577787,0.000323667,0.000429492,0.000293823,0.000352239,0.000210217,0.000305479,0.000168315,0.000242589,0.000146531,0.000192762,0.000114259,0.000139258,9.10704e-05,0.000150279,9.02082e-05,9.6394e-05,6.42382e-05,9.06398e-05,4.81858e-05,7.10417e-05,4.59697e-05,
93800,0.514459,0.609806,0.482856,0.541832,0.521236,0.523291,0.523553,0.521884,0.496214,0.525979,0.491553,0.476846,0.486013,0.428138,0.516602,0.445681,0.463355,0.427997,0.43074,0.446729,0.471088,0.360174,0.420993,0.292688,0.387351,0.248482,0.244078,0.154591,0.191197,0.100469,0.128014,0.0714366,0.102132,0.0433991,0.0729876,0.0312437,0.0503455,0.0256557,0.0333555,0.0197505,0.0284045,0.0167007,0.0231294,0.0120666,0.0183391,0.0102167,0.0148907,0.00920282,0.0122064,0.00695003,0.00964926,0.00562969,0.00688938,0.00524506,0.00651682,0.00347027,0.00513861,0.00341012,0.00412138,0.00230714,0.00332046,0.00193085,0.00265469,0.00147663,0.00216485,0.00144502,0.00167573,0.00119994,0.00132025,0.000978554,0.00118225,0.000688887,0.00108844,0.000562162,0.000771308,0.000473261,0.000652366,0.000432051,0.000577787,0.000323667,0.000429492,0.000293823,0.000352239,0.000210217,0.000305479,0.000168315,0.000242589,0.000146531,0.000192762,0.000114259,0.000139258,9.10704e-05,0.000150279,9.02082e-05,9.6394e-05,6.42382e-05,9.06398e-05,4.81858e-05,7.10417e-05,4.59697e-05,
94000,0.514459,0.609806,0.482856,0.541832,0.521236,0.523291,0.523553,0.521884,0.496214,0.525979,0.491553,0.476846,0.486013,0.428138,0.516602,0.445681,0.463355,0.427997,0.43074,0.446729,0.471088,0.360174,0.420993,0.292688,0.387351,0.248482,0.244078,0.154591,0.191197,0.100469,0.128014,0.0714366,0.102132,0.0433991,0.0729876,0.0312437,0.0503455,0.0256557,0.0333555,0.0197505,0.0284045,0.0167007,0.0231294,0.0120666,0.0183391,0.0102167,0.0148907,0.00920282,0.0122064,0.00695003,0.00964926,0.00562969,0.00688938,0.00524506,0.00651682,0.00347027,0.00513861,0.00341012,0.00412138,0.00230714,0.00332046,0.00193085,0.00265469,0.00147663,0.00216485,0.00144502,0.00167573,0.00119994,0.00132025,0.000978554,0.00118225,0.000688887,0.00108844,0.000562162,0.000771308,0.000473261,0.000652366,0.000432051,0.000577787,0.000323667,0.000429492,0.000293823,0.000352239,0.000210217,0.000305479,0.000168315,0.000242589,0.000146531,0.000192762,0.000114259,0.000139258,9.10704e-05,0.000150279,9.02082e-05,9.6394e-05,6.42382e-05,9.06398e-05,4.81858e-05,7.10417e-05,4.59697e-05,
94200,0.514459,0.609806,0.482856,0.541832,0.521236,0.523291,0.523553,0.521884,0.496214,0.525979,0.491553,0.476846,0.486013,0.428138,0.516602,0.445681,0.463355,0.427997,0.43074,0.446729,0.471088,0.360174,0.420993,0.292688,0.387351,0.248482,0.244078,0.154591,0.191197,0.100469,0.128014,0.0714366,0.102132,0.0433991,0.0729876,0.0312437,0.0503455,0.0256557,0.0333555,0.0197505,0.0284045,0.0167007,0.0231294,0.0120666,0.0183391,0.0102167,0.0148907,0.00920282,0.0122064,0.00695003,0.00964926,0.00562969,0.00688938,0.00524506,0.00651682,0.00347027,0.00513861,0.00341012,0.00412138,0.00230714,0.00332046,0.00193085,0.00265469,0.00147663,0.00216485,0.00144502,0.00167573,0.00119994,0.00132025,0.000978554,0.00118225,0.000688887,0.00108844,0.000562162,0.000771308,0.000473261,0.000652366,0.000432051,0.000577787,0.000323667,0.000429492,0.000293823,0.000352239,0.000210217,0.000305479,0.000168315,0.000242589,0.000146531,0.000192762,0.000114259,0.000139258,9.10704e-05,0.000150279,9.02082e-05,9.6394e-05,6.42382e-05,9.06398e-05,4.81858e-05,7.10417e-05,4.59697e-05,
94400,0.514459,0.609806,0.482856,0.541832,0.521236,0.523291,0.523553,0.521884,0.496214,0.525979,0.491553,0.476846,0.486013,0.428138,0.516602,0.445681,0.463355,0.427997,0.43074,0.446729,0.471088,0.360174,0.420993,0.292688,0.387351,0.248482,0.244078,0.154591,0.191197,0.100469,0.128014,0.0714366,0.102132,0.0433991,0.0729876,0.0312437,0.0503455,0.0256557,0.0333555,0.0197505,0.0284045,0.0167007,0.0231294,0.0120666,0.0183391,0.0102167,0.0148907,0.00920282,0.0122064,0.00695003,0.00964926,0.00562969,0.00688938,0.00524506,0.00651682,0.00347027,0.00513861,0.00341012,0.00412138,0.00230714,0.00332046,0.00193085,0.00265469,0.00147663,0.00216485,0.00144502,0.00167573,0.00119994,0.00132025,0.000978554,0.00118225,0.000688887,0.00108844,0.000562162,0.000771308,0.000473261,0.000652366,0.000432051,0.000577787,0.000323667,0.000429492,0.000293823,0.000352239,0.000210217,0.000305479,0.000168315,0.000242589,0.000146531,0.000192762,0.000114259,0.000139258,9.10704e-05,0.000150279,9.02082e-05,9.6394e-05,6.42382e-05,9.06398e-05,4.81858e-05,7.10417e-05,4.59697e-05,
94600,0.514459,0.609806,0.482856,0.541832,0.521236,0.523291,0.523553,0.521884,0.496214,0.525979,0.491553,0.476846,0.486013,0.428138,0.516602,0.445681,0.463355,0.427997,0.43074,0.446729,0.471088,0.360174,0.420993,0.292688,0.387351,0.248482,0.244078,0.154591,0.191197,0.100469,0.128014,0.0714366,0.102132,0.0433991,0.0729876,0.0312437,0.0503455,0.0256557,0.0333555,0.0197505,0.0284045,0.0167007,0.0231294,0.0120666,0.0183391,0.0102167,0.0148907,0.00920282,0.0122064,0.00695003,0.00964926,0.00562969,0.00688938,0.00524506,0.00651682,0.00347027,0.00513861,0.00341012,0.00412138,0.00230714,0.00332046,0.00193085,0.00265469,0.00147663,0.00216485,0.00144502,0.00167573,0.00119994,0.00132025,0.000978554,0.00118225,0.000688887,0.00108844,0.000562162,0.000771308,0.000473261,0.000652366,0.000432051,0.000577787,0.000323667,0.000429492,0.000293823,0.000352239,0.000210217,0.000305479,0.000168315,0.000242589,0.000146531,0.000192762,0.000114259,0.000139258,9.10704e-05,0.000150279,9.02082e-05,9.6394e-05,6.42382e-05,9.06398e-05,4.81858e-05,7.10417e-05,4.59697e-05,
94800,0.514459,0.609806,0.482856,0.541832,0.521236,0.523291,0.523553,0.521884,0.496214,0.525979,0.491553,0.476846,0.486013,0.428138,0.516602,0.445681,0.463355,0.427997,0.43074,0.446729,0.471088,0.360174,0.420993,0.292688,0.387351,0.248482,0.244078,0.154591,0.191197,0.100469,0.128014,0.0714366,0.102132,0.0433991,0.0729876,0.0312437,0.0503455,0.0256557,0.0333555,0.0197505,0.0284045,0.0167007,0.0231294,0.0120666,0.0183391,0.0102167,0.0148907,0.00920282,0.0122064,0.00695003,0.00964926,0.00562969,0.00688938,0.00524506,0.00651682,0.00347027,0.00513861,0.00341012,0.00412138,0.00230714,0.00332046,0.00193085,0.00265469,0.00147663,0.00216485,0.00144502,0.00167573,0.00119994,0.00132025,0.000978554,0.00118225,0.000688887,0.00108844,0.000562162,0.000771308,0.000473261,0.000652366,0.000432051,0.000577787,0.000323667,0.000429492,0.000293823,0.000352239,0.000210217,0.000305479,0.000168315,0.000242589,0.000146531,0.000192762,0.000114259,0.000139258,9.10704e-05,0.000150279,9.02082e-05,9.6394e-05,6.42382e-05,9.06398e-05,4.81858e-05,7.10417e-05,4.59697e-05,
95000,0.514459,0.609806,0.482856,0.541832,0.521236,0.523291,0.523553,0.521884,0.496214,0.525979,0.491553,0.476846,0.486013,0.428138,0.516602,0.445681,0.463355,0.427997,0.43074,0.446729,0.471088,0.360174,0.420993,0.292688,0.387351,0.248482,0.244078,0.154591,0.191197,0.100469,0.128014,0.0714366,0.102132,0.0433991,0.0729876,0.0312437,0.0503455,0.0256557,0.0333555,0.0197505,0.0284045,0.0167007,0.0231294,0.0120666,0.0183391,0.0102167,0.0148907,0.00920282,0.0122064,0.00695003,0.00964926,0.00562969,0.00688938,0.00524506,0.00651682,0.00347027,0.00513861,0.00341012,0.00412138,0.00230714,0.00332046,0.00193085,0.00265469,0.00147663,0.00216485,0.00144502,0.00167573,0.00119994,0.00132025,0.000978554,0.00118225,0.000688887,0.00108844,0.000562162,0.000771308,0.000473261,0.000652366,0.000432051,0.000577787,0.000323667,0.000429492,0.000293823,0.000352239,0.000210217,0.000305479,0.000168315,0.000242589,0.000146531,0.000192762,0.000114259,0.000139258,9.10704e-05,0.000150279,9.02082e-05,9.6394e-05,6.42382e-05,9.06398e-05,4.81858e-05,7.10417e-05,4.59697e-05,
95200,0.514459,0.609806,0.482856,0.541832,0.521236,0.523291,0.523553,0.521884,0.496214,0.525979,0.491553,0.476846,0.486013,0.428138,0.516602,0.445681,0.463355,0.427997,0.43074,0.446729,0.471088,0.360174,0.420993,0.292688,0.387351,0.248482,0.244078,0.154591,0.191197,0.100469,0.128014,0.0714366,0.102132,0.0433991,0.0729876,0.0312437,0.0503455,0.0256557,0.0333555,0.0197505,0.0284045,0.0167007,0.0231294,0.0120666,0.0183391,0.0102167,0.0148907,0.00920282,0.0122064,0.00695003,0.00964926,0.00562969,0.00688938,0.00524506,0.00651682,0.00347027,0.00513861,0.00341012,0.00412138,0.00230714,0.00332046,0.00193085,0.00265469,0.00147663,0.00216485,0.00144502,0.00167573,0.00119994,0.00132025,0.000978554,0.00118225,0.000688887,0.00108844,0.000562162,0.000771308,0.000473261,0.000652366,0.000432051,0.000577787,0.000323667,0.000429492,0.000293823,0.000352239,0.000210217,0.000305479,0.000168315,0.000242589,0.000146531,0.000192762,0.000114259,0.000139258,9.10704e-05,0.000150279,9.02082e-05,9.6394e-05,6.42382e-05,9.06398e-05,4.81858e-05,7.10417e-05,4.59697e-05,
95400,0.514459,0.609806,0.482856,0.541832,0.521236,0.523291,0.523553,0.521884,0.496214,0.525979,0.491553,0.476846,0.486013,0.428138,0.516602,0.445681,0.463355,0.427997,0.43074,0.446729,0.471088,0.360174,0.420993,0.292688,0.387351,0.248482,0.244078,0.154591,0.191197,0.100469,0.128014,0.0714366,0.102132,0.0433991,0.0729876,0.0312437,0.0503455,0.0256557,0.0333555,0.0197505,0.0284045,0.0167007,0.0231294,0.0120666,0.0183391,0.0102167,0.0148907,0.00920282,0.0122064,0.00695003,0.00964926,0.00562969,0.00688938,0.00524506,0.00651682,0.00347027,0.00513861,0.00341012,0.00412138,0.00230714,0.00332046,0.00193085,0.00265469,0.00147663,0.00216485,0.00144502,0.00167573,0.00119994,0.00132025,0.000978554,0.00118225,0.000688887,0.00108844,0.000562162,0.000771308,0.000473261,0.000652366,0.000432051,0.000577787,0.000323667,0.000429492,0.000293823,0.000352239,0.000210217,0.000305479,0.000168315,0.000242589,0.000146531,0.000192762,0.000114259,0.000139258,9.10704e-05,0.000150279,9.02082e-05,9.6394e-05,6.42382e-05,9.06398e-05,4.81858e-05,7.10417e-05,4.59697e-05,
95600,0.514459,0.609806,0.482856,0.541832,0.521236,0.523291,0.523553,0.521884,0.496214,0.525979,0.491553,0.476846,0.486013,0.428138,0.516602,0.445681,0.463355,0.427997,0.43074,0.446729,0.471088,0.360174,0.420993,0.292688,0.387351,0.248482,0.244078,0.154591,0.191197,0.100469,0.128014,0.0714366,0.102132,0.0433991,0.0729876,0.0312437,0.0503455,0.0256557,0.0333555,0.0197505,0.0284045,0.0167007,0.0231294,0.0120666,0.0183391,0.0102167,0.0148907,0.00920282,0.0122064,0.00695003,0.00964926,0.00562969,0.00688938,0.00524506,0.00651682,0.00347027,0.00513861,0.00341012,0.00412138,0.00230714,0.00332046,0.00193085,0.00265469,0.00147663,0.00216485,0.00144502,0.00167573,0.00119994,0.00132025,0.000978554,0.00118225,0.000688887,0.00108844,0.000562162,0.000771308,0.000473261,0.000652366,0.000432051,0.000577787,0.000323667,0.000429492,0.000293823,0.000352239,0.000210217,0.000305479,0.000168315,0.000242589,0.000146531,0.000192762,0.000114259,0.000139258,9.10704e-05,0.000150279,9.02082e-05,9.6394e-05,6.42382e-05,9.06398e-05,4.81858e-05,7.10417e-05,4.59697e-05,
95800,0.514459,0.609806,0.482856,0.541832,0.521236,0.523291,0.523553,0.521884,0.496214,0.525979,0.491553,0.476846,0.486013,0.428138,0.516602,0.445681,0.463355,0.427997,0.43074,0.446729,0.471088,0.360174,0.420993,0.292688,0.387351,0.248482,0.244078,0.154591,0.191197,0.100469,0.128014,0.0714366,0.102132,0.0433991,0.0729876,0.0312437,0.0503455,0.0256557,0.0333555,0.0197505,0.0284045,0.0167007,0.0231294,0.0120666,0.0183391,0.0102167,0.0148907,0.00920282,0.0122064,0.00695003,0.00964926,0.00562969,0.00688938,0.00524506,0.00651682,0.00347027,0.00513861,0.00341012,0.00412138,0.00230714,0.00332046,0.00193085,0.00265469,0.00147663,0.00216485,0.00144502,0.00167573,0.00119994,0.00132025,0.000978554,0.00118225,0.000688887,0.00108844,0.000562162,0.000771308,0.000473261,0.000652366,0.000432051,0.000577787,0.000323667,0.000429492,0.000293823,0.000352239,0.000210217,0.000305479,0.000168315,0.000242589,0.000146531,0.000192762,0.000114259,0.000139258,9.10704e-05,0.000150279,9.02082e-05,9.6394e-05,6.42382e-05,9.06398e-05,4.81858e-05,7.10417e-05,4.59697e-05,
96000,0.514459,0.609806,0.482856,0.541832,0.521236,0.523291,0.523553,0.521884,0.496214,0.525979,0.491553,0.476846,0.486013,0.428138,0.516602,0.445681,0.463355,0.427997,0.43074,0.446729,0.471088,0.360174,0.420993,0.292688,0.387351,0.248482,0.244078,0.154591,0.191197,0.100469,0.128014,0.0714366,0.102132,0.0433991,0.0729876,0.0312437,0.0503455,0.0256557,0.0333555,0.0197505,0.0284045,0.0167007,0.0231294,0.0120666,0.0183391,0.0102167,0.0148907,0.00920282,0.0122064,0.00695003,0.00964926,0.00562969,0.00688938,0.00524506,0.00651682,0.00347027,0.00513861,0.00341012,0.00412138,0.00230714,0.00332046,0.00193085,0.00265469,0.00147663,0.00216485,0.00144502,0.00167573,0.00119994,0.00132025,0.000978554,0.00118225,0.000688887,0.00108844,0.000562162,0.000771308,0.000473261,0.000652366,0.000432051,0.000577787,0.000323667,0.000429492,0.000293823,0.000352239,0.000210217,0.000305479,0.000168315,0.000242589,0.000146531,0.000192762,0.000114259,0.000139258,9.10704e-05,0.000150279,9.02082e-05,9.6394e-05,6.42382e-05,9.06398e-05,4.81858e-05,7.10417e-05,4.59697e-05,
96200,0.514459,0.609806,0.482856,0.541832,0.521236,0.523291,0.523553,0.521884,0.496214,0.525979,0.491553,0.476846,0.486013,0.428138,0.516602,0.445681,0.463355,0.427997,0.43074,0.446729,0.471088,0.360174,0.420993,0.292688,0.387351,0.248482,0.244078,0.154591,0.191197,0.100469,0.128014,0.0714366,0.102132,0.0433991,0.0729876,0.0312437,0.0503455,0.0256557,0.0333555,0.0197505,0.0284045,0.0167007,0.0231294,0.0120666,0.0183391,0.0102167,0.0148907,0.00920282,0.0122064,0.00695003,0.00964926,0.00562969,0.00688938,0.00524506,0.00651682,0.00347027,0.00513861,0.00341012,0.00412138,0.00230714,0.00332046,0.00193085,0.00265469,0.00147663,0.00216485,0.00144502,0.00167573,0.00119994,0.00132025,0.000978554,0.00118225,0.000688887,0.00108844,0.000562162,0.000771308,0.000473261,0.000652366,0.000432051,0.000577787,0.000323667,0.000429492,0.000293823,0.000352239,0.000210217,0.000305479,0.000168315,0.000242589,0.000146531,0.000192762,0.000114259,0.000139258,9.10704e-05,0.000150279,9.02082e-05,9.6394e-05,6.42382e-05,9.06398e-05,4.81858e-05,7.10417e-05,4.59697e-05,
96400,0.514459,0.609806,0.482856,0.541832,0.521236,0.523291,0.523553,0.521884,0.496214,0.525979,0.491553,0.476846,0.486013,0.428138,0.516602,0.445681,0.463355,0.427997,0.43074,0.446729,0.471088,0.360174,0.420993,0.292688,0.387351,0.248482,0.244078,0.154591,0.191197,0.100469,0.128014,0.0714366,0.102132,0.0433991,0.0729876,0.0312437,0.0503455,0.0256557,0.0333555,0.0197505,0.0284045,0.0167007,0.0231294,0.0120666,0.0183391,0.0102167,0.0148907,0.00920282,0.0122064,0.00695003,0.00964926,0.00562969,0.00688938,0.00524506,0.00651682,0.00347027,0.00513861,0.00341012,0.00412138,0.00230714,0.00332046,0.00193085,0.00265469,0.00147663,0.00216485,0.00144502,0.00167573,0.00119994,0.00132025,0.000978554,0.00118225,0.000688887,0.00108844,0.000562162,0.000771308,0.000473261,0.000652366,0.000432051,0.000577787,0.000323667,0.000429492,0.000293823,0.000352239,0.000210217,0.000305479,0.000168315,0.000242589,0.000146531,0.000192762,0.000114259,0.000139258,9.10704e-05,0.000150279,9.02082e-05,9.6394e-05,6.42382e-05,9.06398e-05,4.81858e-05,7.10417e-05,4.59697e-05,
96600,0.514459,0.609806,0.482856,0.541832,0.521236,0.523291,0.523553,0.521884,0.496214,0.525979,0.491553,0.476846,0.486013,0.428138,0.516602,0.445681,0.463355,0.427997,0.43074,0.446729,0.471088,0.360174,0.420993,0.292688,0.387351,0.248482,0.244078,0.154591,0.191197,0.100469,0.128014,0.0714366,0.102132,0.0433991,0.0729876,0.0312437,0.0503455,0.0256557,0.0333555,0.0197505,0.0284045,0.0167007,0.0231294,0.0120666,0.0183391,0.0102167,0.0148907,0.00920282,0.0122064,0.00695003,0.00964926,0.00562969,0.00688938,0.00524506,0.00651682,0.00347027,0.00513861,0.00341012,0.00412138,0.00230714,0.00332046,0.00193085,0.00265469,0.00147663,0.00216485,0.00144502,0.00167573,0.00119994,0.00132025,0.000978554,0.00118225,0.000688887,0.00108844,0.000562162,0.000771308,0.000473261,0.000652366,0.000432051,0.000577787,0.000323667,0.000429492,0.000293823,0.000352239,0.000210217,0.000305479,0.000168315,0.000242589,0.000146531,0.000192762,0.000114259,0.000139258,9.10704e-05,0.000150279,9.02082e-05,9.6394e-05,6.42382e-05,9.06398e-05,4.81858e-05,7.10417e-05,4.59697e-05,
96800,0.514459,0.609806,0.482856,0.541832,0.521236,0.523291,0.523553,0.521884,0.496214,0.525979,0.491553,0.476846,0.486013,0.428138,0.516602,0.445681,0.463355,0.427997,0.43074,0.446729,0.471088,0.360174,0.420993,0.292688,0.387351,0.248482,0.244078,0.154591,0.191197,0.100469,0.128014,0.0714366,0.102132,0.0433991,0.0729876,0.0312437,0.0503455,0.0256557,0.0333555,0.0197505,0.0284045,0.0167007,0.0231294,0.0120666,0.0183391,0.0102167,0.0148907,0.00920282,0.0122064,0.00695003,0.00964926,0.00562969,0.00688938,0.00524506,0.00651682,0.00347027,0.00513861,0.00341012,0.00412138,0.00230714,0.00332046,0.00193085,0.00265469,0.00147663,0.00216485,0.00144502,0.00167573,0.00119994,0.00132025,0.000978554,0.00118225,0.000688887,0.00108844,0.000562162,0.000771308,0.000473261,0.000652366,0.000432051,0.000577787,0.000323667,0.000429492,0.000293823,0.000352239,0.000210217,0.000305479,0.000168315,0.000242589,0.000146531,0.000192762,0.000114259,0.000139258,9.10704e-05,0.000150279,9.02082e-05,9.6394e-05,6.42382e-05,9.06398e-05,4.81858e-05,7.10417e-05,4.59697e-05,
97000,0.514459,0.609806,0.482856,0.541832,0.521236,0.523291,0.523553,0.521884,0.496214,0.525979,0.491553,0.476846,0.486013,0.428138,0.516602,0.445681,0.463355,0.427997,0.43074,0.446729,0.471088,0.360174,0.420993,0.292688,0.387351,0.248482,0.244078,0.154591,0.191197,0.100469,0.128014,0.0714366,0.102132,0.0433991,0.0729876,0.0312437,0.0503455,0.0256557,0.0333555,0.0197505,0.0284045,0.0167007,0.0231294,0.0120666,0.0183391,0.0102167,0.0148907,0.00920282,0.0122064,0.00695003,0.00964926,0.00562969,0.00688938,0.00524506,0.00651682,0.00347027,0.00513861,0.00341012,0.00412138,0.00230714,0.00332046,0.00193085,0.00265469,0.00147663,0.00216485,0.00144502,0.00167573,0.00119994,0.00132025,0.000978554,0.00118225,0.000688887,0.00108844,0.000562162,0.000771308,0.000473261,0.000652366,0.000432051,0.000577787,0.000323667,0.000429492,0.000293823,0.000352239,0.000210217,0.000305479,0.000168315,0.000242589,0.000146531,0.000192762,0.000114259,0.000139258,9.10704e-05,0.000150279,9.02082e-05,9.6394e-05,6.42382e-05,9.06398e-05,4.81858e-05,7.10417e-05,4.59697e-05,
97200,0.514459,0.609806,0.482856,0.541832,0.521236,0.523291,0.523553,0.521884,0.496214,0.525979,0.491553,0.476846,0.486013,0.428138,0.516602,0.445681,0.463355,0.427997,0.43074,0.446729,0.471088,0.360174,0.420993,0.292688,0.387351,0.248482,0.244078,0.154591,0.191197,0.100469,0.128014,0.0714366,0.102132,0.0433991,0.0729876,0.0312437,0.0503455,0.0256557,0.0333555,0.0197505,0.0284045,0.0167007,0.0231294,0.0120666,0.0183391,0.0102167,0.0148907,0.00920282,0.0122064,0.00695003,0.00964926,0.00562969,0.00688938,0.00524506,0.00651682,0.00347027,0.00513861,0.00341012,0.00412138,0.00230714,0.00332046,0.00193085,0.00265469,0.00147663,0.00216485,0.00144502,0.00167573,0.00119994,0.00132025,0.000978554,0.00118225,0.000688887,0.00108844,0.000562162,0.000771308,0.000473261,0.000652366,0.000432051,0.000577787,0.000323667,0.000429492,0.000293823,0.000352239,0.000210217,0.000305479,0.000168315,0.000242589,0.000146531,0.000192762,0.000114259,0.000139258,9.10704e-05,0.000150279,9.02082e-05,9.6394e-05,6.42382e-05,9.06398e-05,4.81858e-05,7.10417e-05,4.59697e-05,
97400,0.514459,0.609806,0.482856,0.541832,0.521236,0.523291,0.523553,0.521884,0.496214,0.525979,0.491553,0.476846,0.486013,0.428138,0.516602,0.445681,0.463355,0.427997,0.43074,0.446729,0.471088,0.360174,0.420993,0.292688,0.387351,0.248482,0.244078,0.154591,0.191197,0.100469,0.128014,0.0714366,0.102132,0.0433991,0.0729876,0.0312437,0.0503455,0.0256557,0.0333555,0.0197505,0.0284045,0.0167007,0.0231294,0.0120666,0.0183391,0.0102167,0.0148907,0.00920282,0.0122064,0.00695003,0.00964926,0.00562969,0.00688938,0.00524506,0.00651682,0.00347027,0.00513861,0.00341012,0.00412138,0.00230714,0.00332046,0.00193085,0.00265469,0.00147663,0.00216485,0.00144502,0.00167573,0.00119994,0.00132025,0.000978554,0.00118225,0.000688887,0.00108844,0.000562162,0.000771308,0.000473261,0.000652366,0.000432051,0.000577787,0.000323667,0.000429492,0.000293823,0.000352239,0.000210217,0.000305479,0.000168315,0.000242589,0.000146531,0.000192762,0.000114259,0.000139258,9.10704e-05,0.000150279,9.02082e-05,9.6394e-05,6.42382e-05,9.06398e-05,4.81858e-05,7.10417e-05,4.59697e-05,
97600,0.514459,0.609806,0.482856,0.541832,0.521236,0.523291,0.523553,0.521884,0.496214,0.525979,0.491553,0.476846,0.486013,0.428138,0.516602,0.445681,0.463355,0.427997,0.43074,0.446729,0.471088,0.360174,0.420993,0.292688,0.387351,0.248482,0.244078,0.154591,0.191197,0.100469,0.128014,0.0714366,0.102132,0.0433991,0.0729876,0.0312437,0.0503455,0.0256557,0.0333555,0.0197505,0.0284045,0.0167007,0.0231294,0.0120666,0.0183391,0.0102167,0.0148907,0.00920282,0.0122064,0.00695003,0.00964926,0.00562969,0.00688938,0.00524506,0.00651682,0.00347027,0.00513861,0.00341012,0.00412138,0.00230714,0.00332046,0.00193085,0.00265469,0.00147663,0.00216485,0.00144502,0.00167573,0.00119994,0.00132025,0.000978554,0.00118225,0.000688887,0.00108844,0.000562162,0.000771308,0.000473261,0.000652366,0.000432051,0.000577787,0.000323667,0.000429492,0.000293823,0.000352239,0.000210217,0.000305479,0.000168315,0.000242589,0.000146531,0.000192762,0.000114259,0.000139258,9.10704e-05,0.000150279,9.02082e-05,9.6394e-05,6.42382e-05,9.06398e-05,4.81858e-05,7.10417e-05,4.59697e-05,
97800,0.514459,0.609806,0.482856,0.541832,0.521236,0.523291,0.523553,0.521884,0.496214,0.525979,0.491553,0.476846,0.486013,0.428138,0.516602,0.445681,0.463355,0.427997,0.43074,0.446729,0.471088,0.360174,0.420993,0.292688,0.387351,0.248482,0.244078,0.154591,0.191197,0.100469,0.128014,0.0714366,0.102132,0.0433991,0.0729876,0.0312437,0.0503455,0.0256557,0.0333555,0.0197505,0.0284045,0.0167007,0.0231294,0.0120666,0.0183391,0.0102167,0.0148907,0.00920282,0.0122064,0.00695003,0.00964926,0.00562969,0.00688938,0.00524506,0.00651682,0.00347027,0.00513861,0.00341012,0.00412138,0.00230714,0.00332046,0.00193085,0.00265469,0.00147663,0.00216485,0.00144502,0.00167573,0.00119994,0.00132025,0.000978554,0.00118225,0.000688887,0.00108844,0.000562162,0.000771308,0.000473261,0.000652366,0.000432051,0.000577787,0.000323667,0.000429492,0.000293823,0.000352239,0.000210217,0.000305479,0.000168315,0.000242589,0.000146531,0.000192762,0.000114259,0.000139258,9.10704e-05,0.000150279,9.02082e-05,9.6394e-05,6.42382e-05,9.06398e-05,4.81858e-05,7.10417e-05,4.59697e-05,
98000,0.514459,0.609806,0.482856,0.541832,0.521236,0.523291,0.523553,0.521884,0.496214,0.525979,0.491553,0.476846,0.486013,0.428138,0.516602,0.445681,0.463355,0.427997,0.43074,0.446729,0.471088,0.360174,0.420993,0.292688,0.387351,0.248482,0.244078,0.154591,0.191197,0.100469,0.128014,0.0714366,0.102132,0.0433991,0.0729876,0.0312437,0.0503455,0.0256557,0.0333555,0.0197505,0.0284045,0.0167007,0.0231294,0.0120666,0.0183391,0.0102167,0.0148907,0.00920282,0.0122064,0.00695003,0.00964926,0.00562969,0.00688938,0.00524506,0.00651682,0.00347027,0.00513861,0.00341012,0.00412138,0.00230714,0.00332046,0.00193085,0.00265469,0.00147663,0.00216485,0.00144502,0.00167573,0.00119994,0.00132025,0.000978554,0.00118225,0.000688887,0.00108844,0.000562162,0.000771308,0.000473261,0.000652366,0.000432051,0.000577787,0.000323667,0.000429492,0.000293823,0.000352239,0.000210217,0.000305479,0.000168315,0.000242589,0.000146531,0.000192762,0.000114259,0.000139258,9.10704e-05,0.000150279,9.02082e-05,9.6394e-05,6.42382e-05,9.06398e-05,4.81858e-05,7.10417e-05,4.59697e-05,
98200,0.514459,0.609806,0.482856,0.541832,0.521236,0.523291,0.523553,0.521884,0.496214,0.525979,0.491553,0.476846,0.486013,0.428138,0.516602,0.445681,0.463355,0.427997,0.43074,0.446729,0.471088,0.360174,0.420993,0.292688,0.387351,0.248482,0.244078,0.154591,0.191197,0.100469,0.128014,0.0714366,0.102132,0.0433991,0.0729876,0.0312437,0.0503455,0.0256557,0.0333555,0.0197505,0.0284045,0.0167007,0.0231294,0.0120666,0.0183391,0.0102167,0.0148907,0.00920282,0.0122064,0.00695003,0.00964926,0.00562969,0.00688938,0.00524506,0.00651682,0.00347027,0.00513861,0.00341012,0.00412138,0.00230714,0.00332046,0.00193085,0.00265469,0.00147663,0.00216485,0.00144502,0.00167573,0.00119994,0.00132025,0.000978554,0.00118225,0.000688887,0.00108844,0.000562162,0.000771308,0.000473261,0.000652366,0.000432051,0.000577787,0.000323667,0.000429492,0.000293823,0.000352239,0.000210217,0.000305479,0.000168315,0.000242589,0.000146531,0.000192762,0.000114259,0.000139258,9.10704e-05,0.000150279,9.02082e-05,9.6394e-05,6.42382e-05,9.06398e-05,4.81858e-05,7.10417e-05,4.59697e-05,
98400,0.514459,0.609806,0.482856,0.541832,0.521236,0.523291,0.523553,0.521884,0.496214,0.525979,0.491553,0.476846,0.486013,0.428138,0.516602,0.445681,0.463355,0.427997,0.43074,0.446729,0.471088,0.360174,0.420993,0.292688,0.387351,0.248482,0.244078,0.154591,0.191197,0.100469,0.128014,0.0714366,0.102132,0.0433991,0.0729876,0.0312437,0.0503455,0.0256557,0.0333555,0.0197505,0.0284045,0.0167007,0.0231294,0.0120666,0.0183391,0.0102167,0.0148907,0.00920282,0.0122064,0.00695003,0.00964926,0.00562969,0.00688938,0.00524506,0.00651682,0.00347027,0.00513861,0.00341012,0.00412138,0.00230714,0.00332046,0.00193085,0.00265469,0.00147663,0.00216485,0.00144502,0.00167573,0.00119994,0.00132025,0.000978554,0.00118225,0.000688887,0.00108844,0.000562162,0.000771308,0.000473261,0.000652366,0.000432051,0.000577787,0.000323667,0.000429492,0.000293823,0.000352239,0.000210217,0.000305479,0.000168315,0.000242589,0.000146531,0.000192762,0.000114259,0.000139258,9.10704e-05,0.000150279,9.02082e-05,9.6394e-05,6.42382e-05,9.06398e-05,4.81858e-05,7.10417e-05,4.59697e-05,
98600,0.514459,0.609806,0.482856,0.541832,0.521236,0.523291,0.523553,0.521884,0.496214,0.525979,0.491553,0.476846,0.486013,0.428138,0.516602,0.445681,0.463355,0.427997,0.43074,0.446729,0.471088,0.360174,0.420993,0.292688,0.387351,0.248482,0.244078,0.154591,0.191197,0.100469,0.128014,0.0714366,0.102132,0.0433991,0.0729876,0.0312437,0.0503455,0.0256557,0.0333555,0.0197505,0.0284045,0.0167007,0.0231294,0.0120666,0.0183391,0.0102167,0.0148907,0.00920282,0.0122064,0.00695003,0.00964926,0.00562969,0.00688938,0.00524506,0.00651682,0.00347027,0.00513861,0.00341012,0.00412138,0.00230714,0.00332046,0.00193085,0.00265469,0.00147663,0.00216485,0.00144502,0.00167573,0.00119994,0.00132025,0.000978554,0.00118225,0.000688887,0.00108844,0.000562162,0.000771308,0.000473261,0.000652366,0.000432051,0.000577787,0.000323667,0.000429492,0.000293823,0.000352239,0.000210217,0.000305479,0.000168315,0.000242589,0.000146531,0.000192762,0.000114259,0.000139258,9.10704e-05,0.000150279,9.02082e-05,9.6394e-05,6.42382e-05,9.06398e-05,4.81858e-05,7.10417e-05,4.59697e-05,
98800,0.514459,0.609806,0.482856,0.541832,0.521236,0.523291,0.523553,0.521884,0.496214,0.525979,0.491553,0.476846,0.486013,0.428138,0.516602,0.445681,0.463355,0.427997,0.43074,0.446729,0.471088,0.360174,0.420993,0.292688,0.387351,0.248482,0.244078,0.154591,0.191197,0.100469,0.128014,0.0714366,0.102132,0.0433991,0.0729876,0.0312437,0.0503455,0.0256557,0.0333555,0.0197505,0.0284045,0.0167007,0.0231294,0.0120666,0.0183391,0.0102167,0.0148907,0.00920282,0.0122064,0.00695003,0.00964926,0.00562969,0.00688938,0.00524506,0.00651682,0.00347027,0.00513861,0.00341012,0.00412138,0.00230714,0.00332046,0.00193085,0.00265469,0.00147663,0.00216485,0.00144502,0.00167573,0.00119994,0.00132025,0.000978554,0.00118225,0.000688887,0.00108844,0.000562162,0.000771308,0.000473261,0.000652366,0.000432051,0.000577787,0.000323667,0.000429492,0.000293823,0.000352239,0.000210217,0.000305479,0.000168315,0.000242589,0.000146531,0.000192762,0.000114259,0.000139258,9.10704e-05,0.000150279,9.02082e-05,9.6394e-05,6.42382e-05,9.06398e-05,4.81858e-05,7.10417e-05,4.59697e-05,
99000,0.514459,0.609806,0.482856,0.541832,0.521236,0.523291,0.523553,0.521884,0.496214,0.525979,0.491553,0.476846,0.486013,0.428138,0.516602,0.445681,0.463355,0.427997,0.43074,0.446729,0.471088,0.360174,0.420993,0.292688,0.387351,0.248482,0.244078,0.154591,0.191197,0.100469,0.128014,0.0714366,0.102132,0.0433991,0.0729876,0.0312437,0.0503455,0.0256557,0.0333555,0.0197505,0.0284045,0.0167007,0.0231294,0.0120666,0.0183391,0.0102167,0.0148907,0.00920282,0.0122064,0.00695003,0.00964926,0.00562969,0.00688938,0.00524506,0.00651682,0.00347027,0.00513861,0.00341012,0.00412138,0.00230714,0.00332046,0.00193085,0.00265469,0.00147663,0.00216485,0.00144502,0.00167573,0.00119994,0.00132025,0.000978554,0.00118225,0.000688887,0.00108844,0.000562162,0.000771308,0.000473261,0.000652366,0.000432051,0.000577787,0.000323667,0.000429492,0.000293823,0.000352239,0.000210217,0.000305479,0.000168315,0.000242589,0.000146531,0.000192762,0.000114259,0.000139258,9.10704e-05,0.000150279,9.02082e-05,9.6394e-05,6.42382e-05,9.06398e-05,4.81858e-05,7.10417e-05,4.59697e-05,
99200,0.514459,0.609806,0.482856,0.541832,0.521236,0.523291,0.523553,0.521884,0.496214,0.525979,0.491553,0.476846,0.486013,0.428138,0.516602,0.445681,0.463355,0.427997,0.43074,0.446729,0.471088,0.360174,0.420993,0.292688,0.387351,0.248482,0.244078,0.154591,0.191197,0.100469,0.128014,0.0714366,0.102132,0.0433991,0.0729876,0.0312437,0.0503455,0.0256557,0.0333555,0.0197505,0.0284045,0.0167007,0.0231294,0.0120666,0.0183391,0.0102167,0.0148907,0.00920282,0.0122064,0.00695003,0.00964926,0.00562969,0.00688938,0.00524506,0.00651682,0.00347027,0.00513861,0.00341012,0.00412138,0.00230714,0.00332046,0.00193085,0.00265469,0.00147663,0.00216485,0.00144502,0.00167573,0.00119994,0.00132025,0.000978554,0.00118225,0.000688887,0.00108844,0.000562162,0.000771308,0.000473261,0.000652366,0.000432051,0.000577787,0.000323667,0.000429492,0.000293823,0.000352239,0.000210217,0.000305479,0.000168315,0.000242589,0.000146531,0.000192762,0.000114259,0.000139258,9.10704e-05,0.000150279,9.02082e-05,9.6394e-05,6.42382e-05,9.06398e-05,4.81858e-05,7.10417e-05,4.59697e-05,
99400,0.514459,0.609806,0.482856,0.541832,0.521236,0.523291,0.523553,0.521884,0.496214,0.525979,0.491553,0.476846,0.486013,0.428138,0.516602,0.445681,0.463355,0.427997,0.43074,0.446729,0.471088,0.360174,0.420993,0.292688,0.387351,0.248482,0.244078,0.154591,0.191197,0.100469,0.128014,0.0714366,0.102132,0.0433991,0.0729876,0.0312437,0.0503455,0.0256557,0.0333555,0.0197505,0.0284045,0.0167007,0.0231294,0.0120666,0.0183391,0.0102167,0.0148907,0.00920282,0.0122064,0.00695003,0.00964926,0.00562969,0.00688938,0.00524506,0.00651682,0.00347027,0.00513861,0.00341012,0.00412138,0.00230714,0.00332046,0.00193085,0.00265469,0.00147663,0.00216485,0.00144502,0.00167573,0.00119994,0.00132025,0.000978554,0.00118225,0.000688887,0.00108844,0.000562162,0.000771308,0.000473261,0.000652366,0.000432051,0.000577787,0.000323667,0.000429492,0.000293823,0.000352239,0.000210217,0.000305479,0.000168315,0.000242589,0.000146531,0.000192762,0.000114259,0.000139258,9.10704e-05,0.000150279,9.02082e-05,9.6394e-05,6.42382e-05,9.06398e-05,4.81858e-05,7.10417e-05,4.59697e-05,
99600,0.514459,0.609806,0.482856,0.541832,0.521236,0.523291,0.523553,0.521884,0.496214,0.525979,0.491553,0.476846,0.486013,0.428138,0.516602,0.445681,0.463355,0.427997,0.43074,0.446729,0.471088,0.360174,0.420993,0.292688,0.387351,0.248482,0.244078,0.154591,0.191197,0.100469,0.128014,0.0714366,0.102132,0.0433991,0.0729876,0.0312437,0.0503455,0.0256557,0.0333555,0.0197505,0.0284045,0.0167007,0.0231294,0.0120666,0.0183391,0.0102167,0.0148907,0.00920282,0.0122064,0.00695003,0.00964926,0.00562969,0.00688938,0.00524506,0.00651682,0.00347027,0.00513861,0.00341012,0.00412138,0.00230714,0.00332046,0.00193085,0.00265469,0.00147663,0.00216485,0.00144502,0.00167573,0.00119994,0.00132025,0.000978554,0.00118225,0.000688887,0.00108844,0.000562162,0.000771308,0.000473261,0.000652366,0.000432051,0.000577787,0.000323667,0.000429492,0.000293823,0.000352239,0.000210217,0.000305479,0.000168315,0.000242589,0.000146531,0.000192762,0.000114259,0.000139258,9.10704e-05,0.000150279,9.02082e-05,9.6394e-05,6.42382e-05,9.06398e-05,4.81858e-05,7.10417e-05,4.59697e-05,
99800,0.514459,0.609806,0.482856,0.541832,0.521236,0.523291,0.523553,0.521884,0.496214,0.525979,0.491553,0.476846,0.486013,0.428138,0.516602,0.445681,0.463355,0.427997,0.43074,0.446729,0.471088,0.360174,0.420993,0.292688,0.387351,0.248482,0.244078,0.154591,0.191197,0.100469,0.128014,0.0714366,0.102132,0.0433991,0.0729876,0.0312437,0.0503455,0.0256557,0.0333555,0.0197505,0.0284045,0.0167007,0.0231294,0.0120666,0.0183391,0.0102167,0.0148907,0.00920282,0.0122064,0.00695003,0.00964926,0.00562969,0.00688938,0.00524506,0.00651682,0.00347027,0.00513861,0.00341012,0.00412138,0.00230714,0.00332046,0.00193085,0.00265469,0.00147663,0.00216485,0.00144502,0.00167573,0.00119994,0.00132025,0.000978554,0.00118225,0.000688887,0.00108844,0.000562162,0.000771308,0.000473261,0.000652366,0.000432051,0.000577787,0.000323667,0.000429492,0.000293823,0.000352239,0.000210217,0.000305479,0.000168315,0.000242589,0.000146531,0.000192762,0.000114259,0.000139258,9.10704e-05,0.000150279,9.02082e-05,9.6394e-05,6.42382e-05,9.06398e-05,4.81858e-05,7.10417e-05,4.59697e-05,
100000,0.514459,0.609806,0.482856,0.541832,0.521236,0.523291,0.523553,0.521884,0.496214,0.525979,0.491553,0.476846,0.486013,0.428138,0.516602,0.445681,0.463355,0.427997,0.43074,0.446729,0.471088,0.360174,0.420993,0.292688,0.387351,0.248482,0.244078,0.154591,0.191197,0.100469,0.128014,0.0714366,0.102132,0.0433991,0.0729876,0.0312437,0.0503455,0.0256557,0.0333555,0.0197505,0.0284045,0.0167007,0.0231294,0.0120666,0.0183391,0.0102167,0.0148907,0.00920282,0.0122064,0.00695003,0.00964926,0.00562969,0.00688938,0.00524506,0.00651682,0.00347027,0.00513861,0.00341012,0.00412138,0.00230714,0.00332046,0.00193085,0.00265469,0.00147663,0.00216485,0.00144502,0.00167573,0.00119994,0.00132025,0.000978554,0.00118225,0.000688887,0.00108844,0.000562162,0.000771308,0.000473261,0.000652366,0.000432051,0.000577787,0.000323667,0.000429492,0.000293823,0.000352239,0.000210217,0.000305479,0.000168315,0.000242589,0.000146531,0.000192762,0.000114259,0.000139258,9.10704e-05,0.000150279,9.02082e-05,9.6394e-05,6.42382e-05,9.06398e-05,4.81858e-05,7.10417e-05,4.59697e-05,
