mc_step,l = 0_K,l = 0_gamma,l = 1_K,l = 1_gamma,l = 2_K,l = 2_gamma,l = 3_K,l = 3_gamma,l = 4_K,l = 4_gamma,l = 5_K,l = 5_gamma,l = 6_K,l = 6_gamma,l = 7_K,l = 7_gamma,l = 8_K,l = 8_gamma,l = 9_K,l = 9_gamma,l = 10_K,l = 10_gamma,l = 11_K,l = 11_gamma,l = 12_K,l = 12_gamma,l = 13_K,l = 13_gamma,l = 14_K,l = 14_gamma,l = 15_K,l = 15_gamma,l = 16_K,l = 16_gamma,l = 17_K,l = 17_gamma,l = 18_K,l = 18_gamma,l = 19_K,l = 19_gamma,l = 20_K,l = 20_gamma,l = 21_K,l = 21_gamma,l = 22_K,l = 22_gamma,l = 23_K,l = 23_gamma,l = 24_K,l = 24_gamma,l = 25_K,l = 25_gamma,l = 26_K,l = 26_gamma,l = 27_K,l = 27_gamma,l = 28_K,l = 28_gamma,l = 29_K,l = 29_gamma,l = 30_K,l = 30_gamma,l = 31_K,l = 31_gamma,l = 32_K,l = 32_gamma,l = 33_K,l = 33_gamma,l = 34_K,l = 34_gamma,l = 35_K,l = 35_gamma,l = 36_K,l = 36_gamma,l = 37_K,l = 37_gamma,l = 38_K,l = 38_gamma,l = 39_K,l = 39_gamma,l = 40_K,l = 40_gamma,l = 41_K,l = 41_gamma,l = 42_K,l = 42_gamma,l = 43_K,l = 43_gamma,l = 44_K,l = 44_gamma,l = 45_K,l = 45_gamma,l = 46_K,l = 46_gamma,l = 47_K,l = 47_gamma,l = 48_K,l = 48_gamma,l = 49_K,l = 49_gamma,
200,1,0.98913,1,0.982456,1,0.979592,1,0.990476,1,0.990099,1,0.99,1,1,1,1,1,0.99,1,1,1,0.972477,1,0.980198,0.989796,1,1,1,1,0.979798,1,0.981308,1,0.980952,0.990099,0.939394,0.988095,0.965517,0.927835,0.902913,0.941748,0.845361,0.852941,0.846939,0.8125,0.730769,0.684211,0.67619,0.4375,0.586538,0.602151,0.560748,0.543478,0.453704,0.490566,0.531915,0.52809,0.432432,0.495652,0.458824,0.485437,0.463918,0.458716,0.406593,0.44186,0.412281,0.494949,0.415842,0.451327,0.494253,0.4,0.421053,0.524272,0.319588,0.58427,0.45045,0.395833,0.355769,0.409524,0.452632,0.53271,0.387097,0.504762,0.452632,0.428571,0.394495,0.48,0.47,0.526316,0.406977,0.5,0.397727,0.445652,0.481481,0.54,0.33,0.451613,0.383178,0.546296,0.478261,
400,1,0.990476,1,0.979167,1,0.959184,1,0.97,1,0.989247,1,0.981308,1,0.98913,1,0.980198,1,0.990741,1,0.960396,1,0.97,1,0.971154,1,0.989362,1,0.951923,0.989474,0.971429,1,0.960396,0.990196,0.938776,0.980952,0.968421,0.951923,0.947917,0.936364,0.944444,0.436893,0.814433,0.541284,0.736264,0.64486,0.537634,0.565217,0.517647,0.72449,0.372549,0.747368,0.352381,0.552381,0.252632,0.533333,0.326316,0.373832,0.344086,0.429907,0.344086,0.373832,0.258065,0.44,0.29,0.455556,0.263636,0.419048,0.252632,0.37,0.16,0.395604,0.220183,0.361111,0.184783,0.320388,0.247423,0.394495,0.263736,0.37234,0.283019,0.431373,0.336735,0.390909,0.366667,0.479167,0.317308,0.453704,0.402174,0.490566,0.414894,0.373832,0.344086,0.454545,0.386139,0.540541,0.550562,0.47,0.55,0.598131,0.537634,
600,0.969697,0.910891,0.980952,0.936842,0.977273,0.982143,0.990476,0.957895,0.971698,0.978723,1,0.981481,0.989796,0.95098,0.98913,0.990741,0.99,0.98,1,0.971698,1,0.99,0.979167,0.961538,0.99,0.96,0.971429,1,0.981982,0.94382,0.988764,0.954955,0.967391,0.944444,0.869159,0.88172,0.775701,0.860215,0.878261,0.670588,0.715686,0.632653,0.798077,0.614583,0.77551,0.568627,0.777778,0.594059,0.770833,0.567308,0.682692,0.583333,0.619048,0.463158,0.609524,0.389474,0.54902,0.387755,0.516484,0.33945,0.423913,0.361111,0.330435,0.270588,0.29703,0.252525,0.235849,0.202128,0.242718,0.134021,0.190476,0.115789,0.178947,0.12381,0.140187,0.129032,0.227273,0.116071,0.188119,0.0808081,0.180723,0.153846,0.206186,0.135922,0.242424,0.19802,0.330097,0.185567,0.252632,0.228571,0.505263,0.32381,0.581633,0.284314,0.482759,0.336283,0.592233,0.443299,0.648936,0.443396,
800,0.980392,0.969388,0.99115,0.988506,0.97619,0.991379,0.967742,0.934579,0.990099,0.969697,0.988372,0.973684,1,0.967742,1,0.962617,0.989362,0.990566,0.942308,0.989583,0.988235,0.965217,0.981308,0.935484,0.990099,0.939394,0.989247,0.943925,0.946237,0.943925,0.93617,0.943396,0.865385,0.854167,0.792079,0.787879,0.877193,0.465116,0.785047,0.569892,0.804124,0.572816,0.805825,0.628866,0.666667,0.521739,0.71,0.57,0.657658,0.52809,0.568627,0.489796,0.5,0.522727,0.572727,0.444444,0.534653,0.434343,0.53,0.45,0.528302,0.319149,0.49,0.4,0.490566,0.287234,0.38,0.25,0.38,0.28,0.378641,0.216495,0.25,0.27,0.247191,0.162162,0.181818,0.166667,0.31068,0.247423,0.32381,0.221053,0.386792,0.234043,0.339623,0.340426,0.368932,0.268041,0.416667,0.2875,0.43662,0.341085,0.47191,0.351351,0.5,0.413462,0.553191,0.311321,0.52381,0.378947,
1000,0.962264,1,0.977011,0.955752,0.971963,0.946237,0.978022,0.990826,0.990291,0.989691,0.969072,0.990291,0.981132,0.968085,0.957895,0.961905,0.970297,0.969697,0.962963,0.956522,0.972477,0.967033,1,0.877551,0.969072,0.92233,0.938596,0.930233,0.979381,0.757282,0.935185,0.652174,0.92233,0.525773,0.882883,0.426966,0.863636,0.589286,0.688172,0.485981,0.785714,0.525862,0.762376,0.515152,0.684783,0.638889,0.670455,0.473214,0.554348,0.601852,0.515152,0.485149,0.628866,0.543689,0.585106,0.528302,0.514563,0.443299,0.533981,0.360825,0.485714,0.452632,0.564356,0.373737,0.52809,0.423423,0.435294,0.417391,0.53,0.36,0.349515,0.443299,0.387387,0.314607,0.346154,0.239583,0.278351,0.262136,0.378947,0.238095,0.342857,0.284211,0.418605,0.324561,0.475248,0.292929,0.418367,0.264706,0.553398,0.43299,0.490566,0.457447,0.532609,0.462963,0.573034,0.468468,0.558559,0.449438,0.59434,0.542553,
1200,0.956044,1,0.917647,0.956522,0.958763,0.951456,0.918367,0.941176,0.92,0.97,0.950495,0.979798,0.943396,0.946809,0.930693,0.979798,0.921053,0.94186,0.971154,0.947917,0.945946,0.932584,0.943396,0.904255,0.940594,0.929293,0.90991,0.797753,0.888889,0.782609,0.86,0.68,0.794872,0.638554,0.824074,0.652174,0.788462,0.6875,0.731959,0.563107,0.801802,0.550562,0.67,0.57,0.759615,0.708333,0.682692,0.583333,0.719626,0.634409,0.588235,0.55102,0.685393,0.63964,0.504673,0.580645,0.619565,0.546296,0.522222,0.509091,0.494949,0.50495,0.386139,0.464646,0.451613,0.457944,0.557692,0.416667,0.391753,0.582524,0.57,0.38,0.403846,0.447917,0.431193,0.296703,0.405405,0.303371,0.344086,0.373832,0.444444,0.415842,0.510638,0.349057,0.524752,0.454545,0.510204,0.470588,0.451613,0.495327,0.59633,0.406593,0.56701,0.572816,0.558559,0.606742,0.563107,0.639175,0.612245,0.529412,
1400,0.967742,0.953271,0.958333,0.951923,0.978022,0.990826,0.95283,0.978723,0.941176,0.959184,0.929293,0.960396,0.944444,0.923913,0.949495,0.990099,0.958333,0.961538,0.919192,0.950495,0.895349,0.938596,0.868687,0.920792,0.870968,0.859813,0.869048,0.818966,0.846154,0.743119,0.776699,0.752577,0.752294,0.769231,0.676768,0.683168,0.666667,0.550562,0.638095,0.631579,0.652174,0.62963,0.586538,0.645833,0.56701,0.485437,0.5,0.617647,0.650943,0.510638,0.63964,0.52809,0.645833,0.615385,0.575472,0.56383,0.654545,0.511111,0.591837,0.558824,0.534653,0.575758,0.588785,0.623656,0.521277,0.518868,0.526316,0.447619,0.617021,0.481132,0.466667,0.494737,0.485437,0.494845,0.51,0.45,0.55,0.52,0.571429,0.452632,0.463918,0.495146,0.433962,0.510638,0.48,0.54,0.553191,0.424528,0.519608,0.459184,0.666667,0.514851,0.495238,0.547368,0.470588,0.489796,0.611111,0.536364,0.570093,0.526882,
1600,0.965116,0.921053,0.9375,0.951923,0.949495,0.940594,0.894231,0.96875,0.923077,0.880734,0.921739,0.894118,0.94,0.87,0.909091,0.891089,0.936842,0.838095,0.886792,0.829787,0.858586,0.831683,0.891089,0.848485,0.89899,0.811881,0.891089,0.777778,0.828571,0.789474,0.807692,0.604167,0.757009,0.741935,0.745614,0.627907,0.752475,0.545455,0.657143,0.694737,0.686957,0.588235,0.640777,0.57732,0.593407,0.559633,0.598131,0.494624,0.607143,0.646552,0.592233,0.597938,0.626374,0.550459,0.475728,0.618557,0.56044,0.53211,0.611111,0.6,0.623853,0.56044,0.606061,0.623762,0.480769,0.541667,0.54023,0.584071,0.505376,0.560748,0.550459,0.494505,0.557692,0.395833,0.481818,0.455556,0.5,0.490741,0.522523,0.595506,0.47,0.41,0.43,0.48,0.575472,0.574468,0.588235,0.632653,0.520408,0.470588,0.571429,0.627451,0.546512,0.526316,0.542553,0.59434,0.52809,0.567568,0.704082,0.578431,
1800,0.891089,0.919192,0.915094,0.904255,0.87,0.91,0.952941,0.886957,0.9,0.9,0.886792,0.893617,0.925926,0.923913,0.885714,0.884211,0.87156,0.835165,0.908257,0.879121,0.892157,0.836735,0.831683,0.828283,0.837838,0.842697,0.762887,0.728155,0.814815,0.695652,0.773196,0.679612,0.778846,0.583333,0.73,0.73,0.701923,0.677083,0.698113,0.595745,0.684211,0.523256,0.614583,0.605769,0.56701,0.601942,0.606061,0.613861,0.632653,0.54902,0.605769,0.614583,0.606383,0.575472,0.504673,0.505376,0.608247,0.631068,0.636364,0.5,0.612245,0.490196,0.598039,0.5,0.52809,0.540541,0.547368,0.561905,0.554455,0.464646,0.475248,0.525253,0.608696,0.62963,0.546392,0.631068,0.582524,0.474227,0.536082,0.543689,0.575758,0.49505,0.662791,0.640351,0.423077,0.375,0.476744,0.482456,0.642105,0.590476,0.518868,0.574468,0.590476,0.610526,0.571429,0.486239,0.538462,0.552083,0.638095,0.621053,
2000,0.865979,0.932039,0.942857,0.873684,0.836538,0.864583,0.774775,0.898876,0.845361,0.864078,0.864583,0.836538,0.882979,0.896226,0.915789,0.790476,0.898876,0.837838,0.821782,0.818182,0.876289,0.825243,0.861386,0.828283,0.860215,0.757009,0.824074,0.695652,0.72449,0.696078,0.701031,0.621359,0.666667,0.651163,0.684211,0.504762,0.59,0.57,0.6875,0.557692,0.651376,0.615385,0.728155,0.639175,0.628866,0.669903,0.608696,0.555556,0.62766,0.650943,0.636364,0.584158,0.617978,0.504505,0.742574,0.575758,0.590476,0.652632,0.612903,0.53271,0.663366,0.525253,0.520408,0.588235,0.631579,0.552381,0.564356,0.515152,0.473684,0.511628,0.558559,0.595506,0.529412,0.581633,0.546392,0.436893,0.58,0.53,0.509091,0.622222,0.59,0.67,0.622642,0.468085,0.6875,0.579545,0.532609,0.638889,0.660377,0.617021,0.565657,0.524752,0.597938,0.601942,0.70297,0.585859,0.585106,0.54717,0.587156,0.582418,
2200,0.8,0.838095,0.72043,0.82243,0.887755,0.872549,0.754902,0.877551,0.87069,0.892857,0.848485,0.851485,0.795699,0.775701,0.868132,0.862385,0.835052,0.825243,0.839623,0.723404,0.834862,0.802198,0.705882,0.704348,0.790476,0.621053,0.71875,0.711538,0.752809,0.603604,0.785714,0.627451,0.697917,0.634615,0.711712,0.539326,0.660194,0.659794,0.591398,0.551402,0.76087,0.592593,0.641509,0.585106,0.727273,0.643564,0.78125,0.586538,0.634409,0.542056,0.663366,0.545455,0.653465,0.616162,0.699029,0.56701,0.582524,0.690722,0.571429,0.684211,0.561224,0.598039,0.688073,0.604396,0.625,0.586538,0.663043,0.611111,0.673267,0.585859,0.606383,0.518868,0.592593,0.597826,0.570093,0.634409,0.61,0.66,0.606061,0.564356,0.637363,0.513761,0.610169,0.597561,0.677419,0.635514,0.540816,0.598039,0.612903,0.579439,0.629213,0.612613,0.447619,0.505263,0.609195,0.539823,0.598039,0.571429,0.650602,0.538462,
2400,0.870968,0.813084,0.742857,0.789474,0.813725,0.846939,0.797872,0.792453,0.765432,0.789916,0.824742,0.854369,0.757576,0.841584,0.790123,0.714286,0.818182,0.811881,0.851064,0.820755,0.723404,0.801887,0.663265,0.803922,0.735294,0.612245,0.684685,0.595506,0.696078,0.673469,0.701031,0.631068,0.593407,0.623853,0.6,0.619048,0.65625,0.548077,0.623853,0.582418,0.590476,0.705263,0.672727,0.622222,0.612903,0.542056,0.650943,0.617021,0.59375,0.663462,0.6,0.609091,0.581633,0.647059,0.644231,0.520833,0.539326,0.630631,0.583333,0.612069,0.523364,0.505376,0.555556,0.50495,0.609091,0.6,0.5,0.54,0.622449,0.509804,0.54902,0.540816,0.566667,0.563636,0.53271,0.548387,0.530612,0.627451,0.635294,0.513043,0.602151,0.570093,0.589474,0.542857,0.56044,0.559633,0.59596,0.722772,0.630952,0.594828,0.519608,0.612245,0.635417,0.615385,0.653465,0.555556,0.619048,0.610526,0.516129,0.588785,
2600,0.741935,0.738318,0.701923,0.75,0.699029,0.731959,0.8,0.73,0.739583,0.778846,0.697917,0.740385,0.743119,0.714286,0.787234,0.792453,0.702128,0.811321,0.727273,0.782178,0.711111,0.709091,0.817391,0.8,0.732759,0.761905,0.784314,0.683673,0.62766,0.556604,0.568627,0.653061,0.609091,0.511111,0.680851,0.613208,0.6,0.609091,0.709302,0.649123,0.663462,0.645833,0.683673,0.588235,0.597938,0.679612,0.613861,0.626263,0.65625,0.663462,0.631068,0.618557,0.585586,0.617978,0.606383,0.575472,0.606061,0.574257,0.714286,0.621053,0.684211,0.67619,0.54717,0.510638,0.606061,0.574257,0.5,0.557692,0.478261,0.62963,0.58,0.65,0.583333,0.596154,0.554455,0.606061,0.606383,0.528302,0.641304,0.490741,0.63,0.66,0.556701,0.640777,0.559524,0.603448,0.591837,0.578431,0.538462,0.541667,0.635417,0.528846,0.690722,0.533981,0.56383,0.660377,0.673469,0.509804,0.598131,0.591398,
2800,0.712871,0.717172,0.745098,0.734694,0.8,0.66,0.752577,0.621359,0.783505,0.631068,0.690476,0.724138,0.715789,0.685714,0.607143,0.795455,0.631579,0.704762,0.72549,0.755102,0.752688,0.682243,0.639175,0.660194,0.625,0.701923,0.654321,0.680672,0.73913,0.694444,0.657895,0.662791,0.62766,0.679245,0.628571,0.673684,0.596154,0.635417,0.543689,0.57732,0.579545,0.696429,0.652174,0.592593,0.591398,0.523364,0.630435,0.666667,0.577778,0.590909,0.526786,0.613636,0.553191,0.584906,0.621359,0.649485,0.640449,0.540541,0.510204,0.598039,0.525773,0.679612,0.583333,0.615385,0.557895,0.580952,0.575221,0.678161,0.66,0.59,0.641509,0.606383,0.572727,0.522222,0.591398,0.551402,0.544444,0.709091,0.648148,0.576087,0.489583,0.625,0.515789,0.561905,0.57732,0.592233,0.621359,0.56701,0.548387,0.588785,0.574257,0.636364,0.626263,0.524752,0.505051,0.633663,0.60396,0.606061,0.648352,0.605505,
3000,0.67,0.74,0.719626,0.741935,0.582524,0.659794,0.767677,0.762376,0.747475,0.742574,0.706522,0.666667,0.617021,0.716981,0.628866,0.61165,0.721154,0.635417,0.678899,0.703297,0.676471,0.714286,0.730769,0.697917,0.701923,0.697917,0.75,0.638889,0.714286,0.676471,0.563107,0.536082,0.634409,0.616822,0.623853,0.505495,0.666667,0.695652,0.61,0.54,0.60241,0.589744,0.548387,0.598131,0.642857,0.539216,0.657407,0.565217,0.715686,0.622449,0.522936,0.626374,0.59,0.62,0.550562,0.63964,0.698113,0.574468,0.62766,0.59434,0.555556,0.636364,0.650485,0.618557,0.591398,0.570093,0.490566,0.585106,0.517647,0.556522,0.518182,0.577778,0.550562,0.576577,0.588235,0.673469,0.482143,0.488636,0.542056,0.602151,0.66,0.53,0.56701,0.621359,0.571429,0.678899,0.554455,0.585859,0.60241,0.598291,0.637255,0.55102,0.584158,0.646465,0.525773,0.563107,0.626168,0.602151,0.510417,0.644231,
3200,0.722772,0.626263,0.606383,0.622642,0.686869,0.643564,0.694737,0.685714,0.609524,0.652632,0.617647,0.632653,0.622222,0.663636,0.765306,0.666667,0.695652,0.694444,0.75,0.669643,0.633663,0.69697,0.73,0.63,0.515464,0.747573,0.659574,0.679245,0.613208,0.702128,0.509804,0.632653,0.605769,0.677083,0.505376,0.626168,0.515152,0.643564,0.680412,0.669903,0.616162,0.594059,0.5625,0.538462,0.655914,0.663551,0.470588,0.591837,0.542553,0.622642,0.663366,0.606061,0.581633,0.656863,0.632075,0.585106,0.58,0.65,0.449438,0.495495,0.663551,0.516129,0.575472,0.595745,0.571429,0.509804,0.614583,0.528846,0.54,0.53,0.591398,0.607477,0.54717,0.553191,0.590476,0.494737,0.679612,0.536082,0.601852,0.652174,0.614583,0.538462,0.52809,0.630631,0.494949,0.584158,0.622807,0.593023,0.537736,0.595745,0.588235,0.602041,0.688889,0.663636,0.641304,0.546296,0.633663,0.59596,0.631068,0.649485,
3400,0.657658,0.640449,0.697917,0.663462,0.705882,0.632653,0.571429,0.59633,0.663265,0.686275,0.705882,0.626087,0.729167,0.586538,0.57,0.74,0.676471,0.632653,0.69697,0.613861,0.621053,0.647619,0.656863,0.734694,0.666667,0.594059,0.59375,0.692308,0.669643,0.625,0.618182,0.677778,0.62931,0.690476,0.695652,0.694444,0.57732,0.669903,0.666667,0.6,0.643564,0.545455,0.654545,0.677778,0.575472,0.617021,0.618557,0.660194,0.669811,0.574468,0.642857,0.539216,0.653465,0.555556,0.722772,0.737374,0.680412,0.631068,0.643678,0.637168,0.514019,0.569892,0.601942,0.670103,0.63,0.61,0.656566,0.643564,0.587156,0.626374,0.584158,0.626263,0.517544,0.593023,0.644444,0.654545,0.56,0.63,0.5,0.456522,0.651685,0.657658,0.576087,0.601852,0.606061,0.623762,0.604167,0.634615,0.61,0.64,0.609524,0.536842,0.63,0.68,0.607843,0.612245,0.607143,0.655172,0.628571,0.631579,
3600,0.587629,0.572816,0.7,0.622222,0.619565,0.694444,0.65625,0.605769,0.580952,0.568421,0.650943,0.56383,0.623762,0.69697,0.649123,0.593023,0.583333,0.554348,0.552941,0.678261,0.666667,0.631579,0.747573,0.608247,0.715789,0.647619,0.587629,0.650485,0.581633,0.637255,0.703704,0.673913,0.677419,0.542056,0.566667,0.654545,0.518868,0.56383,0.567308,0.645833,0.598131,0.698925,0.595506,0.495495,0.567308,0.5625,0.637255,0.571429,0.53913,0.611765,0.585859,0.663366,0.650485,0.721649,0.621359,0.608247,0.563107,0.546392,0.584906,0.62766,0.645833,0.644231,0.536842,0.561905,0.595506,0.630631,0.617021,0.613208,0.712644,0.566372,0.645455,0.633333,0.613861,0.525253,0.621053,0.619048,0.564356,0.686869,0.733945,0.538462,0.56,0.58,0.644231,0.583333,0.604651,0.587719,0.623853,0.626374,0.56701,0.524272,0.617021,0.622642,0.673267,0.616162,0.617021,0.54717,0.580952,0.631579,0.524752,0.59596,
3800,0.564815,0.695652,0.663462,0.65625,0.525253,0.70297,0.590909,0.625,0.693069,0.686869,0.62766,0.660377,0.694737,0.609524,0.704545,0.598214,0.64486,0.580645,0.606061,0.594059,0.626374,0.59633,0.571429,0.66055,0.594059,0.606061,0.626168,0.709677,0.59434,0.702128,0.62,0.74,0.6,0.58,0.592233,0.628866,0.626374,0.587156,0.555556,0.686747,0.604167,0.5,0.484211,0.647619,0.54955,0.629213,0.608696,0.555556,0.49,0.58,0.50495,0.686869,0.60177,0.551724,0.533981,0.639175,0.571429,0.578947,0.601852,0.673913,0.578947,0.604651,0.607843,0.673469,0.625,0.660714,0.672414,0.535714,0.619048,0.610526,0.576923,0.635417,0.568182,0.633929,0.557692,0.625,0.592233,0.57732,0.62069,0.628319,0.476744,0.54386,0.556604,0.606383,0.615385,0.479167,0.625,0.604167,0.637363,0.587156,0.611111,0.619565,0.630435,0.564815,0.646465,0.673267,0.680851,0.641509,0.647059,0.561224,
4000,0.528846,0.59375,0.585586,0.629213,0.604396,0.633028,0.46875,0.740385,0.515152,0.623762,0.679245,0.755319,0.622449,0.637255,0.59434,0.56383,0.601852,0.641304,0.53,0.66,0.663158,0.628571,0.608696,0.666667,0.552083,0.692308,0.61,0.63,0.626263,0.574257,0.617647,0.632653,0.453704,0.728261,0.51,0.75,0.591837,0.617647,0.54902,0.581633,0.688889,0.645455,0.608696,0.62037,0.6,0.557895,0.610619,0.574713,0.61,0.72,0.565217,0.564706,0.607477,0.634409,0.602041,0.490196,0.571429,0.623853,0.685393,0.612613,0.72043,0.64486,0.62,0.51,0.55102,0.656863,0.693878,0.568627,0.679245,0.606383,0.656566,0.653465,0.621359,0.587629,0.655172,0.637168,0.616162,0.60396,0.551402,0.623656,0.582524,0.608247,0.645833,0.528846,0.698925,0.616822,0.62766,0.688679,0.6,0.6,0.586538,0.666667,0.53,0.56,0.555556,0.584158,0.652632,0.590476,0.584158,0.575758,
4200,0.576577,0.685393,0.608247,0.592233,0.688679,0.648936,0.747475,0.594059,0.605505,0.692308,0.630435,0.592593,0.669903,0.525773,0.61,0.63,0.618557,0.553398,0.543689,0.639175,0.712766,0.669811,0.613861,0.535354,0.650943,0.691489,0.585859,0.594059,0.59434,0.595745,0.676471,0.704082,0.709091,0.644444,0.64,0.61,0.695652,0.611765,0.601852,0.586957,0.586538,0.666667,0.519231,0.677083,0.56044,0.642202,0.651163,0.535088,0.636364,0.5,0.574468,0.556604,0.494845,0.621359,0.589474,0.619048,0.563107,0.57732,0.628866,0.592233,0.630252,0.641975,0.610526,0.647619,0.523364,0.580645,0.646465,0.613861,0.533981,0.556701,0.714286,0.539216,0.601852,0.554348,0.5,0.537037,0.681319,0.605505,0.621053,0.638095,0.709402,0.626506,0.670103,0.553398,0.607843,0.602041,0.66087,0.576471,0.585859,0.584158,0.663265,0.627451,0.445652,0.564815,0.595506,0.621622,0.5,0.641509,0.555556,0.645455,
4400,0.588785,0.655914,0.512195,0.610169,0.619565,0.648148,0.642105,0.666667,0.59434,0.585106,0.61,0.6,0.58,0.69,0.645161,0.570093,0.598039,0.653061,0.603448,0.5,0.533333,0.609091,0.587156,0.615385,0.543689,0.628866,0.67033,0.449541,0.605769,0.59375,0.558559,0.483146,0.631579,0.552381,0.663462,0.645833,0.54902,0.510204,0.646465,0.712871,0.488372,0.578947,0.695652,0.666667,0.60396,0.666667,0.577982,0.648352,0.63,0.5,0.609091,0.544444,0.623932,0.578313,0.604167,0.586538,0.618182,0.566667,0.572917,0.596154,0.514286,0.610526,0.552381,0.589474,0.627451,0.581633,0.627451,0.540816,0.642857,0.672414,0.563107,0.56701,0.614458,0.529915,0.603604,0.640449,0.575472,0.585106,0.59596,0.613861,0.59375,0.519231,0.610526,0.704762,0.62037,0.565217,0.530612,0.558824,0.74,0.7,0.616162,0.70297,0.618557,0.563107,0.590476,0.505263,0.521277,0.54717,0.568421,0.704762,
4600,0.58427,0.594595,0.637255,0.683673,0.590909,0.7,0.58,0.56,0.610526,0.552381,0.613208,0.542553,0.547368,0.657143,0.62766,0.603774,0.64486,0.569892,0.720339,0.585366,0.638298,0.603774,0.70297,0.656566,0.686869,0.574257,0.597701,0.610619,0.629213,0.513514,0.584071,0.528736,0.656566,0.584158,0.61165,0.628866,0.566667,0.618182,0.561224,0.519608,0.535354,0.693069,0.556818,0.571429,0.591837,0.666667,0.634615,0.552083,0.553191,0.632075,0.626263,0.524752,0.554455,0.616162,0.559633,0.67033,0.551724,0.566372,0.56383,0.528302,0.666667,0.572727,0.565217,0.62963,0.7,0.61,0.541667,0.528846,0.585366,0.610169,0.530612,0.617647,0.564815,0.695652,0.495327,0.634409,0.64,0.6,0.616822,0.612903,0.6,0.6,0.455446,0.575758,0.46875,0.615385,0.576087,0.574074,0.617978,0.603604,0.509434,0.585106,0.641304,0.583333,0.673077,0.666667,0.62,0.56,0.676471,0.561224,
4800,0.580952,0.6,0.646018,0.574713,0.626168,0.516129,0.637363,0.587156,0.654206,0.591398,0.636364,0.643564,0.572727,0.688889,0.551402,0.623656,0.653846,0.65625,0.536842,0.619048,0.524752,0.59596,0.607843,0.520408,0.572816,0.556701,0.604167,0.759615,0.666667,0.489796,0.656863,0.571429,0.670213,0.509434,0.693069,0.515152,0.587156,0.505495,0.623762,0.494949,0.712766,0.481132,0.66,0.53,0.635417,0.586538,0.606383,0.556604,0.673469,0.705882,0.715789,0.552381,0.63,0.51,0.518519,0.51087,0.533981,0.494845,0.539216,0.561224,0.638095,0.578947,0.572917,0.605769,0.59633,0.571429,0.633028,0.604396,0.6,0.56,0.56383,0.641509,0.54386,0.593023,0.578431,0.591837,0.6,0.663636,0.666667,0.6,0.638889,0.673913,0.584158,0.636364,0.607843,0.55102,0.663265,0.617647,0.552083,0.653846,0.489796,0.568627,0.642857,0.590909,0.591837,0.627451,0.611111,0.563636,0.622449,0.539216,
5000,0.612245,0.460784,0.642857,0.598039,0.619565,0.685185,0.632184,0.60177,0.598131,0.516129,0.541667,0.682692,0.590909,0.642857,0.651786,0.636364,0.611111,0.597826,0.645455,0.622222,0.684783,0.685185,0.566038,0.659574,0.591837,0.607843,0.568421,0.685714,0.699029,0.690722,0.472222,0.641304,0.604167,0.586538,0.543478,0.564815,0.618557,0.61165,0.575758,0.683168,0.625,0.635417,0.566667,0.475,0.666667,0.473684,0.673684,0.628571,0.576923,0.583333,0.663158,0.638095,0.638095,0.589474,0.621053,0.542857,0.623762,0.656566,0.594059,0.575758,0.537634,0.560748,0.514286,0.631579,0.54023,0.59292,0.59375,0.711538,0.546392,0.592233,0.602151,0.570093,0.6,0.6,0.60396,0.686869,0.483146,0.594595,0.53,0.6,0.524752,0.616162,0.657143,0.705263,0.641509,0.542553,0.65,0.49,0.612245,0.598039,0.59375,0.490385,0.675,0.616667,0.6,0.552941,0.585106,0.59434,0.659794,0.524272,
5200,0.587629,0.61165,0.612245,0.490196,0.631579,0.542857,0.640777,0.618557,0.587156,0.571429,0.588235,0.581633,0.584158,0.575758,0.554348,0.712963,0.682243,0.655914,0.602041,0.607843,0.645455,0.622222,0.530612,0.676471,0.554455,0.565657,0.609756,0.635593,0.650943,0.744681,0.598131,0.612903,0.558559,0.561798,0.584158,0.575758,0.534653,0.535354,0.537037,0.554348,0.59596,0.544554,0.533333,0.690909,0.588235,0.602041,0.438776,0.558824,0.544554,0.646465,0.575758,0.70297,0.605263,0.593023,0.575758,0.613861,0.618182,0.544444,0.588889,0.7,0.517241,0.595238,0.752577,0.631068,0.568182,0.642857,0.636364,0.643564,0.595745,0.528302,0.532609,0.611111,0.638298,0.669811,0.673267,0.666667,0.647619,0.642105,0.613636,0.6875,0.67619,0.631579,0.689076,0.641975,0.633663,0.565657,0.446809,0.622642,0.673469,0.686275,0.647059,0.571429,0.631579,0.662791,0.513761,0.593407,0.623656,0.588785,0.656863,0.673469,
5400,0.63,0.66,0.633663,0.585859,0.581633,0.627451,0.591837,0.676471,0.605769,0.604167,0.617021,0.528302,0.602041,0.637255,0.601852,0.532609,0.545455,0.574257,0.572816,0.690722,0.626263,0.60396,0.606383,0.518868,0.62766,0.59434,0.576923,0.697917,0.539216,0.653061,0.574074,0.652174,0.578947,0.580952,0.489362,0.669811,0.604396,0.651376,0.655172,0.547619,0.57,0.6,0.644231,0.666667,0.606383,0.613208,0.558559,0.561798,0.577982,0.637363,0.647059,0.571429,0.553398,0.639175,0.634615,0.65625,0.606061,0.693069,0.588235,0.520408,0.67619,0.589474,0.628866,0.475728,0.647619,0.515789,0.591398,0.64486,0.590476,0.673684,0.607477,0.591398,0.572816,0.587629,0.653846,0.677083,0.582524,0.546392,0.603774,0.648936,0.547368,0.504762,0.673077,0.5625,0.555556,0.636364,0.65625,0.634615,0.618557,0.582524,0.623529,0.591304,0.539326,0.531532,0.693069,0.535354,0.643678,0.637168,0.483871,0.607477,
5600,0.649485,0.563107,0.65,0.6,0.595745,0.566038,0.614679,0.637363,0.673913,0.583333,0.654867,0.551724,0.627451,0.591837,0.602041,0.588235,0.546392,0.650485,0.642105,0.495238,0.578431,0.561224,0.619048,0.646552,0.63,0.63,0.692308,0.645833,0.645455,0.666667,0.627273,0.633333,0.539326,0.621622,0.68,0.72,0.625,0.681818,0.610526,0.67619,0.56,0.66,0.629213,0.702703,0.629213,0.612613,0.421569,0.55102,0.612245,0.578431,0.55814,0.578947,0.556701,0.533981,0.633028,0.692308,0.572917,0.596154,0.576923,0.604167,0.567568,0.58427,0.520408,0.588235,0.611111,0.630435,0.536082,0.640777,0.6,0.533333,0.616162,0.594059,0.546392,0.543689,0.646465,0.594059,0.595745,0.650943,0.510638,0.613208,0.623762,0.565657,0.51087,0.611111,0.586207,0.566372,0.642857,0.539216,0.685393,0.522523,0.636364,0.643564,0.632653,0.666667,0.557692,0.635417,0.588785,0.569892,0.65,0.52,
5800,0.583333,0.596154,0.593407,0.66055,0.632075,0.680851,0.586538,0.5,0.565657,0.673267,0.68,0.53,0.628571,0.610526,0.584158,0.626263,0.623656,0.570093,0.528302,0.659574,0.561905,0.515789,0.625,0.605769,0.597701,0.628319,0.566667,0.554545,0.576923,0.53125,0.597826,0.62037,0.60396,0.565657,0.649485,0.601942,0.708333,0.615385,0.581818,0.566667,0.598039,0.612245,0.591398,0.514019,0.616162,0.643564,0.744444,0.527273,0.657407,0.48913,0.553398,0.57732,0.607143,0.681818,0.660377,0.585106,0.591398,0.588785,0.592593,0.565217,0.642857,0.598039,0.47619,0.568421,0.626263,0.60396,0.550459,0.494505,0.607143,0.663793,0.592593,0.586957,0.65,0.65,0.690722,0.466019,0.561905,0.589474,0.682692,0.635417,0.5,0.646552,0.59375,0.538462,0.585586,0.561798,0.61,0.58,0.476636,0.623656,0.628866,0.640777,0.591837,0.529412,0.547368,0.628571,0.686869,0.772277,0.622222,0.581818,
6000,0.594595,0.58427,0.615385,0.614583,0.627451,0.581633,0.546392,0.601942,0.505495,0.614679,0.64486,0.677419,0.565217,0.675926,0.681818,0.5625,0.680412,0.660194,0.655172,0.619469,0.669903,0.628866,0.613861,0.565657,0.6,0.522222,0.542857,0.578947,0.555556,0.574257,0.5,0.644068,0.657143,0.6,0.637363,0.59633,0.521739,0.592593,0.645161,0.570093,0.614679,0.615385,0.561905,0.589474,0.7,0.67,0.707071,0.742574,0.633028,0.659341,0.518519,0.663043,0.6,0.53,0.593023,0.570175,0.56,0.63,0.53211,0.67033,0.702703,0.629213,0.571429,0.637255,0.597701,0.575221,0.673469,0.735294,0.642857,0.568627,0.640449,0.603604,0.625,0.666667,0.614679,0.571429,0.567308,0.614583,0.596154,0.6875,0.640777,0.628866,0.54717,0.670213,0.636364,0.663366,0.554455,0.69697,0.568627,0.602041,0.580952,0.684211,0.559633,0.615385,0.524272,0.536082,0.629213,0.621622,0.536842,0.571429,
6200,0.576087,0.546296,0.663366,0.606061,0.521277,0.603774,0.628866,0.621359,0.58,0.68,0.490196,0.530612,0.663636,0.6,0.580952,0.589474,0.615385,0.550459,0.735849,0.638298,0.556818,0.589286,0.543689,0.587629,0.653846,0.645833,0.704082,0.519608,0.697917,0.557692,0.698276,0.571429,0.591837,0.5,0.707071,0.435644,0.541667,0.653846,0.577778,0.581818,0.576087,0.574074,0.645833,0.576923,0.647059,0.683673,0.633333,0.609091,0.596154,0.5625,0.615385,0.59375,0.619048,0.62069,0.64486,0.55914,0.545455,0.633663,0.626263,0.693069,0.609524,0.578947,0.694444,0.652174,0.649573,0.554217,0.593407,0.541284,0.663462,0.677083,0.619048,0.631579,0.633333,0.627273,0.563107,0.639175,0.588785,0.623656,0.63,0.64,0.594059,0.616162,0.642105,0.542857,0.62037,0.641304,0.645161,0.504673,0.504762,0.621053,0.680412,0.533981,0.623853,0.593407,0.651786,0.636364,0.653061,0.588235,0.635514,0.634409,
6400,0.651376,0.615385,0.606383,0.566038,0.628866,0.61165,0.622222,0.636364,0.576923,0.46875,0.632653,0.617647,0.489362,0.509434,0.563636,0.633333,0.625,0.480769,0.567308,0.572917,0.597701,0.663717,0.652174,0.592593,0.594595,0.606742,0.59596,0.594059,0.59375,0.509615,0.54955,0.539326,0.578431,0.612245,0.571429,0.642105,0.645833,0.557692,0.533333,0.526316,0.721649,0.601942,0.685185,0.543478,0.568421,0.457143,0.625,0.53125,0.585586,0.561798,0.66,0.62,0.561224,0.647059,0.62,0.63,0.619565,0.722222,0.571429,0.547368,0.58871,0.631579,0.565217,0.648148,0.625,0.596154,0.563218,0.672566,0.55102,0.588235,0.712766,0.650943,0.628319,0.494253,0.580357,0.602273,0.583333,0.538462,0.555556,0.613861,0.639535,0.596491,0.626374,0.614679,0.607477,0.634409,0.581633,0.607843,0.573034,0.585586,0.574074,0.554348,0.494737,0.704762,0.552381,0.578947,0.612903,0.598131,0.606061,0.574257,
6600,0.572816,0.57732,0.684783,0.601852,0.59434,0.531915,0.682692,0.572917,0.557522,0.632184,0.634615,0.645833,0.742268,0.582524,0.556604,0.691489,0.581633,0.588235,0.631579,0.627907,0.538462,0.633028,0.670588,0.582609,0.594059,0.525253,0.547368,0.6,0.525,0.541667,0.642105,0.67619,0.638889,0.630435,0.650943,0.617021,0.612245,0.588235,0.583333,0.567308,0.528302,0.478723,0.519608,0.55102,0.563636,0.633333,0.618557,0.592233,0.578947,0.651163,0.59375,0.442308,0.589474,0.714286,0.669725,0.67033,0.608247,0.592233,0.591398,0.560748,0.514286,0.589474,0.537736,0.617021,0.673267,0.565657,0.590476,0.568421,0.593407,0.522936,0.49,0.61,0.61,0.66,0.547368,0.609524,0.548387,0.635514,0.598039,0.581633,0.654545,0.566667,0.690265,0.574713,0.659794,0.631068,0.728261,0.611111,0.65,0.67,0.617647,0.520408,0.60177,0.563218,0.626374,0.568807,0.519231,0.552083,0.638889,0.641304,
6800,0.653846,0.59375,0.643564,0.494949,0.706522,0.62037,0.517241,0.610619,0.539216,0.622449,0.556701,0.68932,0.673267,0.474747,0.526316,0.590476,0.609091,0.577778,0.555556,0.672727,0.643564,0.686869,0.565657,0.613861,0.619048,0.578947,0.568627,0.561224,0.636364,0.594059,0.635417,0.548077,0.621053,0.742857,0.591837,0.617647,0.59596,0.594059,0.642105,0.6,0.514019,0.591398,0.637363,0.53211,0.637363,0.59633,0.645161,0.626168,0.525773,0.582524,0.525773,0.621359,0.586538,0.625,0.52381,0.610526,0.59375,0.615385,0.62931,0.666667,0.619048,0.621053,0.669643,0.556818,0.578947,0.590476,0.602041,0.647059,0.571429,0.598039,0.676471,0.571429,0.737864,0.525773,0.53,0.61,0.707547,0.542553,0.606383,0.556604,0.688172,0.551402,0.637168,0.632184,0.532609,0.509259,0.705882,0.622449,0.613861,0.565657,0.61,0.66,0.647619,0.6,0.670213,0.613208,0.567308,0.5,0.582418,0.513761,
7000,0.596154,0.583333,0.5,0.670455,0.631579,0.571429,0.612903,0.588785,0.592233,0.57732,0.632075,0.62766,0.568807,0.571429,0.662651,0.598291,0.583333,0.619565,0.641304,0.62037,0.554348,0.472222,0.643564,0.59596,0.638095,0.610526,0.522936,0.593407,0.682692,0.666667,0.673913,0.435185,0.602041,0.490196,0.516484,0.541284,0.588235,0.540816,0.601942,0.608247,0.679612,0.536082,0.561905,0.684211,0.521277,0.688679,0.602041,0.558824,0.670213,0.622642,0.53271,0.602151,0.598039,0.663265,0.577982,0.582418,0.626087,0.541176,0.563107,0.597938,0.696078,0.744898,0.669725,0.648352,0.60177,0.609195,0.608247,0.621359,0.457447,0.509434,0.643564,0.575758,0.548673,0.678161,0.697917,0.682692,0.6,0.645455,0.612903,0.495327,0.622449,0.647059,0.628866,0.514563,0.612245,0.617647,0.630435,0.592593,0.526882,0.588785,0.525253,0.653465,0.688889,0.436364,0.584906,0.617021,0.571429,0.54902,0.553571,0.659091,
7200,0.481132,0.659574,0.539216,0.653061,0.627273,0.622222,0.666667,0.696629,0.737374,0.60396,0.570093,0.548387,0.528846,0.697917,0.585106,0.641509,0.483516,0.550459,0.62069,0.559524,0.54955,0.696629,0.704348,0.623529,0.628571,0.726316,0.673469,0.745098,0.614583,0.567308,0.63,0.66,0.583333,0.565217,0.619048,0.652632,0.650485,0.57732,0.633333,0.636364,0.647059,0.721739,0.541284,0.626374,0.621053,0.580952,0.659091,0.651786,0.602151,0.598131,0.633663,0.686869,0.514563,0.57732,0.628866,0.543689,0.581633,0.637255,0.659574,0.528302,0.54902,0.632653,0.606061,0.613861,0.631068,0.639175,0.611111,0.619565,0.617647,0.714286,0.570175,0.593023,0.650485,0.546392,0.634615,0.59375,0.52,0.61,0.57732,0.669903,0.555556,0.623762,0.593407,0.577982,0.537634,0.654206,0.594059,0.606061,0.615385,0.625,0.603774,0.638298,0.616822,0.55914,0.653061,0.54902,0.509434,0.670213,0.595745,0.613208,
7400,0.594059,0.545455,0.666667,0.584158,0.565217,0.666667,0.579439,0.569892,0.591837,0.578431,0.618557,0.621359,0.529412,0.591837,0.56701,0.563107,0.62766,0.584906,0.5625,0.528846,0.566038,0.56383,0.514563,0.587629,0.673684,0.685714,0.577586,0.511905,0.552083,0.586538,0.714286,0.676471,0.597826,0.574074,0.575,0.533333,0.604167,0.557692,0.701031,0.61165,0.682243,0.580645,0.673469,0.647059,0.588235,0.530612,0.62,0.55,0.608696,0.505882,0.635417,0.586538,0.591837,0.617647,0.627451,0.602041,0.62,0.57,0.616822,0.602151,0.605042,0.54321,0.539823,0.62069,0.588235,0.520408,0.622807,0.55814,0.633333,0.672727,0.617647,0.612245,0.574468,0.603774,0.633333,0.563636,0.690722,0.592233,0.613208,0.510638,0.641509,0.723404,0.637255,0.602041,0.630631,0.573034,0.524272,0.639175,0.596154,0.625,0.601852,0.652174,0.651376,0.626374,0.601852,0.663043,0.639175,0.543689,0.632075,0.606383,
7600,0.666667,0.538462,0.636364,0.564356,0.619469,0.632184,0.733333,0.618182,0.59,0.61,0.57732,0.553398,0.692308,0.577982,0.584158,0.525253,0.591398,0.598131,0.586538,0.666667,0.666667,0.542056,0.476636,0.602151,0.592593,0.596639,0.601852,0.641304,0.554545,0.644444,0.708333,0.692308,0.59434,0.691489,0.621053,0.580952,0.747573,0.659794,0.650943,0.691489,0.555556,0.544554,0.581633,0.607843,0.64,0.61,0.608696,0.611111,0.568807,0.615385,0.673077,0.614583,0.586538,0.59375,0.612245,0.637255,0.670103,0.582524,0.652632,0.552381,0.697917,0.509615,0.623762,0.666667,0.685185,0.652174,0.516854,0.657658,0.571429,0.578431,0.566667,0.627273,0.568421,0.638095,0.541176,0.565217,0.652174,0.537037,0.691489,0.632075,0.65,0.6,0.586538,0.677083,0.663366,0.636364,0.55,0.61,0.641509,0.414894,0.580645,0.523364,0.653846,0.645833,0.631579,0.609524,0.673913,0.62037,0.601942,0.639175,
7800,0.618557,0.640777,0.641304,0.638889,0.666667,0.543478,0.607477,0.537634,0.631579,0.647619,0.657143,0.589474,0.630631,0.539326,0.621053,0.561905,0.669903,0.587629,0.584158,0.636364,0.586538,0.65625,0.673267,0.535354,0.54902,0.561224,0.407767,0.556701,0.505263,0.590476,0.56701,0.592233,0.619469,0.563218,0.66055,0.582418,0.526882,0.635514,0.676471,0.540816,0.623762,0.565657,0.72449,0.588235,0.572727,0.655556,0.587156,0.549451,0.619048,0.557895,0.628571,0.526316,0.6,0.578947,0.548077,0.489583,0.59,0.57,0.586538,0.71875,0.576923,0.520833,0.566038,0.638298,0.576271,0.573171,0.6,0.62,0.670213,0.584906,0.626374,0.651376,0.627273,0.611111,0.603774,0.617021,0.567568,0.674157,0.565657,0.693069,0.490385,0.635417,0.582524,0.608247,0.604167,0.634615,0.443299,0.553398,0.704082,0.637255,0.578947,0.571429,0.580645,0.607477,0.543689,0.525773,0.59434,0.553191,0.634615,0.645833,
8000,0.529412,0.714286,0.596154,0.604167,0.634615,0.59375,0.540816,0.470588,0.575758,0.584158,0.612903,0.64486,0.563107,0.546392,0.709677,0.570093,0.571429,0.625,0.608247,0.621359,0.676471,0.540816,0.685714,0.589474,0.61165,0.556701,0.659574,0.584906,0.636364,0.544643,0.494845,0.504854,0.56,0.57,0.508621,0.666667,0.587629,0.61165,0.505263,0.590476,0.495238,0.694737,0.566038,0.62766,0.637363,0.605505,0.618557,0.601942,0.565217,0.583333,0.663366,0.616162,0.682243,0.612903,0.5,0.588889,0.683673,0.647059,0.57,0.61,0.654206,0.666667,0.66087,0.588235,0.601942,0.71134,0.596774,0.421053,0.584906,0.56383,0.564815,0.532609,0.558824,0.581633,0.584158,0.656566,0.53271,0.623656,0.65625,0.644231,0.666667,0.6,0.626263,0.643564,0.645833,0.615385,0.649485,0.621359,0.569892,0.588785,0.609091,0.577778,0.72549,0.612245,0.553398,0.659794,0.627451,0.540816,0.62037,0.652174,
8200,0.715686,0.581633,0.5625,0.557692,0.526882,0.542056,0.540816,0.627451,0.616162,0.554455,0.568627,0.663265,0.591837,0.666667,0.475248,0.616162,0.593407,0.587156,0.533333,0.652632,0.581395,0.710526,0.631579,0.590476,0.604167,0.538462,0.632184,0.637168,0.618557,0.563107,0.574257,0.59596,0.655556,0.672727,0.626263,0.623762,0.56,0.61,0.549451,0.642202,0.584906,0.574468,0.480769,0.635417,0.578431,0.602041,0.584158,0.59596,0.637363,0.605505,0.683673,0.666667,0.581197,0.662651,0.595745,0.603774,0.5,0.548077,0.645833,0.461538,0.53271,0.645161,0.514019,0.591398,0.55914,0.570093,0.62963,0.652174,0.74,0.51,0.524752,0.59596,0.578947,0.55814,0.48,0.59,0.602041,0.666667,0.475728,0.659794,0.666667,0.635514,0.637255,0.581633,0.571429,0.579545,0.621359,0.505155,0.660194,0.639175,0.633028,0.637363,0.623656,0.570093,0.59,0.67,0.553191,0.622642,0.613208,0.606383,
8400,0.524752,0.646465,0.542553,0.650943,0.601942,0.701031,0.60396,0.727273,0.531532,0.617978,0.5,0.54717,0.583333,0.567308,0.547619,0.603448,0.596154,0.635417,0.631068,0.57732,0.602273,0.5625,0.534091,0.589286,0.518182,0.6,0.569892,0.579439,0.560748,0.494624,0.514286,0.631579,0.52,0.52,0.590476,0.631579,0.677419,0.654206,0.602041,0.558824,0.5,0.61,0.585106,0.641509,0.549451,0.614679,0.59434,0.585106,0.54717,0.595745,0.59596,0.663366,0.57,0.58,0.580645,0.523364,0.583333,0.634615,0.556701,0.572816,0.577778,0.681818,0.655914,0.560748,0.474747,0.60396,0.588235,0.653061,0.605505,0.582418,0.6,0.589474,0.572917,0.692308,0.637363,0.688073,0.645161,0.607477,0.628571,0.536842,0.578512,0.670886,0.696078,0.622449,0.585586,0.719101,0.676768,0.663366,0.57,0.51,0.564356,0.575758,0.59,0.67,0.666667,0.683673,0.578313,0.589744,0.611111,0.576087,
8600,0.604167,0.548077,0.617978,0.630631,0.62963,0.586957,0.630435,0.657407,0.67,0.59,0.592233,0.587629,0.607477,0.666667,0.630435,0.583333,0.62,0.58,0.614583,0.605769,0.617391,0.576471,0.607843,0.581633,0.568807,0.659341,0.54902,0.581633,0.586957,0.62963,0.571429,0.666667,0.591398,0.588785,0.622449,0.715686,0.54,0.59,0.55,0.56,0.642857,0.588235,0.679245,0.595745,0.571429,0.627451,0.625,0.625,0.544554,0.636364,0.537736,0.62766,0.574468,0.603774,0.663551,0.677419,0.5,0.608696,0.6,0.619048,0.572816,0.670103,0.518182,0.522222,0.571429,0.642202,0.621359,0.639175,0.584906,0.585106,0.617284,0.647059,0.622449,0.519608,0.585859,0.594059,0.65625,0.557692,0.607843,0.632653,0.588785,0.623656,0.645833,0.625,0.684783,0.481481,0.598039,0.602041,0.548077,0.604167,0.556818,0.598214,0.581395,0.631579,0.509091,0.588889,0.581633,0.617647,0.606383,0.641509,
8800,0.597701,0.637168,0.62,0.64,0.602041,0.529412,0.607843,0.530612,0.645161,0.542056,0.691589,0.666667,0.587629,0.61165,0.5,0.666667,0.62,0.59,0.56,0.57,0.633663,0.555556,0.555556,0.613861,0.618557,0.669903,0.747126,0.584071,0.581633,0.745098,0.612245,0.539216,0.59434,0.680851,0.591398,0.607477,0.5625,0.590909,0.541284,0.615385,0.679012,0.512605,0.615385,0.666667,0.608247,0.68932,0.488889,0.581818,0.580357,0.647727,0.617978,0.675676,0.609524,0.631579,0.641304,0.638889,0.632653,0.588235,0.6,0.619048,0.54,0.59,0.604651,0.640351,0.632075,0.585106,0.601852,0.652174,0.625,0.608333,0.604167,0.605769,0.57,0.57,0.755319,0.59434,0.456522,0.527778,0.567308,0.614583,0.486486,0.629213,0.595745,0.603774,0.633663,0.565657,0.602041,0.627451,0.673267,0.545455,0.615385,0.626506,0.558824,0.581633,0.568807,0.549451,0.737864,0.546392,0.613861,0.717172,
9000,0.607143,0.534091,0.583333,0.625,0.622449,0.607843,0.572917,0.605769,0.552381,0.652632,0.732673,0.555556,0.613636,0.723214,0.675,0.591667,0.650943,0.553191,0.61,0.57,0.626374,0.513761,0.641509,0.659574,0.680851,0.59434,0.666667,0.616279,0.572917,0.701923,0.657143,0.747368,0.690722,0.61165,0.715789,0.495238,0.717391,0.592593,0.633663,0.464646,0.645833,0.567308,0.68,0.5,0.652632,0.552381,0.618557,0.640777,0.572917,0.567308,0.604167,0.490385,0.54321,0.512605,0.666667,0.509615,0.601852,0.597826,0.640777,0.536082,0.613208,0.617021,0.721154,0.635417,0.677083,0.615385,0.621622,0.58427,0.568421,0.590476,0.682692,0.520833,0.505376,0.588785,0.591837,0.588235,0.573034,0.657658,0.576087,0.583333,0.592233,0.587629,0.553191,0.54717,0.54902,0.612245,0.673077,0.666667,0.669725,0.615385,0.606383,0.575472,0.611111,0.619565,0.614679,0.593407,0.627119,0.597561,0.666667,0.508621,
9200,0.56701,0.708738,0.647727,0.5625,0.659341,0.577982,0.545455,0.643564,0.558559,0.674157,0.550459,0.604396,0.574468,0.641509,0.568627,0.602041,0.495413,0.549451,0.584906,0.585106,0.561224,0.519608,0.612903,0.588785,0.540816,0.588235,0.608247,0.514563,0.66,0.63,0.66,0.66,0.650485,0.536082,0.554348,0.537037,0.72,0.63,0.662921,0.711712,0.553398,0.56701,0.59596,0.653465,0.604167,0.538462,0.64,0.56,0.663158,0.628571,0.6,0.6,0.575758,0.49505,0.594595,0.595506,0.625,0.557692,0.576087,0.712963,0.625,0.461538,0.636364,0.60396,0.504348,0.670588,0.670213,0.518868,0.581633,0.666667,0.510417,0.615385,0.554545,0.711111,0.581633,0.519608,0.575758,0.643564,0.693878,0.519608,0.659794,0.61165,0.53125,0.625,0.608696,0.537037,0.578431,0.591837,0.555556,0.636364,0.575472,0.606383,0.587629,0.543689,0.674419,0.596491,0.58427,0.621622,0.653465,0.555556,
9400,0.598131,0.645161,0.56,0.64,0.617647,0.632653,0.630631,0.52809,0.634146,0.542373,0.581633,0.647059,0.59596,0.514851,0.555556,0.643564,0.58,0.65,0.558559,0.483146,0.582524,0.680412,0.597938,0.650485,0.59596,0.534653,0.643478,0.552941,0.545455,0.653465,0.567308,0.5,0.56701,0.543689,0.669811,0.62766,0.621053,0.590476,0.589474,0.6,0.590476,0.663158,0.603604,0.550562,0.630435,0.592593,0.686869,0.60396,0.6,0.580952,0.59633,0.527473,0.62,0.63,0.609524,0.6,0.595745,0.660377,0.593407,0.614679,0.602041,0.627451,0.612245,0.647059,0.5,0.5,0.5625,0.634615,0.62,0.54,0.679612,0.587629,0.615385,0.577982,0.482759,0.654867,0.69,0.58,0.590476,0.6,0.571429,0.519608,0.62069,0.575221,0.680851,0.613208,0.528302,0.510638,0.518868,0.712766,0.627907,0.596491,0.63,0.67,0.656566,0.594059,0.571429,0.705882,0.516949,0.609756,
9600,0.54878,0.559322,0.669643,0.602273,0.645455,0.655556,0.591837,0.598039,0.606061,0.584158,0.563218,0.548673,0.617021,0.575472,0.510417,0.509615,0.663265,0.647059,0.601852,0.673913,0.56383,0.632075,0.628571,0.621053,0.56,0.58,0.612613,0.539326,0.463918,0.563107,0.471698,0.595745,0.515152,0.60396,0.5625,0.663462,0.54902,0.571429,0.691489,0.650943,0.628866,0.553398,0.572727,0.555556,0.59596,0.564356,0.617647,0.622449,0.594595,0.685393,0.616279,0.622807,0.715909,0.607143,0.64,0.7,0.638298,0.54717,0.55102,0.519608,0.474747,0.554455,0.613208,0.62766,0.66055,0.461538,0.610526,0.657143,0.605505,0.626374,0.594059,0.646465,0.610526,0.571429,0.539326,0.576577,0.597826,0.62037,0.487395,0.555556,0.644231,0.677083,0.643478,0.611765,0.613208,0.617021,0.60396,0.686869,0.63964,0.662921,0.636364,0.683168,0.60396,0.565657,0.603774,0.510638,0.594595,0.595506,0.59434,0.617021,
9800,0.69,0.64,0.539216,0.530612,0.607843,0.622449,0.575221,0.586207,0.602151,0.607477,0.45,0.67,0.614035,0.604651,0.565217,0.638889,0.574713,0.584071,0.568807,0.604396,0.653846,0.5625,0.594828,0.595238,0.52809,0.666667,0.482759,0.619469,0.626374,0.559633,0.653061,0.676471,0.638889,0.608696,0.446602,0.56701,0.584158,0.676768,0.621359,0.515464,0.521277,0.575472,0.545455,0.465347,0.531532,0.550562,0.688679,0.648936,0.663462,0.614583,0.638095,0.621053,0.6,0.654545,0.663366,0.575758,0.656863,0.55102,0.712963,0.532609,0.74,0.58,0.522936,0.582418,0.580357,0.534091,0.587629,0.669903,0.559633,0.571429,0.569892,0.635514,0.686869,0.485149,0.734043,0.566038,0.62,0.68,0.635417,0.673077,0.604396,0.559633,0.666667,0.629213,0.65,0.68,0.605769,0.604167,0.598039,0.591837,0.6,0.621053,0.642857,0.617647,0.554545,0.544444,0.516129,0.64486,0.623656,0.542056,
10000,0.610526,0.6,0.561224,0.558824,0.584158,0.585859,0.673267,0.646465,0.636364,0.5,0.660194,0.587629,0.631068,0.690722,0.587629,0.718447,0.631579,0.628571,0.633663,0.585859,0.603774,0.62766,0.521739,0.583333,0.655172,0.477876,0.557692,0.59375,0.572917,0.394231,0.563107,0.56701,0.548673,0.597701,0.504587,0.626374,0.57732,0.582524,0.569892,0.607477,0.621053,0.657143,0.609524,0.621053,0.680412,0.572816,0.546392,0.592233,0.605769,0.59375,0.654545,0.566667,0.616822,0.602151,0.55,0.53,0.489583,0.615385,0.6,0.52,0.62037,0.652174,0.625,0.729167,0.6,0.67,0.479592,0.696078,0.598039,0.734694,0.591837,0.676471,0.586538,0.583333,0.645161,0.635514,0.541667,0.596154,0.577778,0.572727,0.588235,0.632653,0.62766,0.575472,0.676471,0.571429,0.645161,0.598131,0.5625,0.634615,0.576087,0.555556,0.574074,0.576087,0.470588,0.669565,0.509804,0.561224,0.561224,0.666667,
10200,0.637255,0.622449,0.565657,0.554455,0.68,0.54,0.626263,0.50495,0.56701,0.563107,0.701923,0.614583,0.594595,0.606742,0.59292,0.517241,0.702703,0.719101,0.666667,0.653846,0.582524,0.608247,0.622642,0.648936,0.692308,0.645833,0.558824,0.663265,0.510204,0.676471,0.591837,0.598039,0.548077,0.635417,0.53,0.64,0.53271,0.55914,0.51,0.65,0.64,0.68,0.644444,0.636364,0.585586,0.617978,0.606383,0.622642,0.525773,0.660194,0.592233,0.649485,0.728155,0.608247,0.539326,0.648649,0.666667,0.546512,0.582524,0.639175,0.553191,0.566038,0.613861,0.535354,0.623762,0.565657,0.696429,0.602273,0.557895,0.571429,0.590476,0.578947,0.655914,0.607477,0.638889,0.586957,0.621053,0.580952,0.594059,0.666667,0.553191,0.528302,0.680412,0.543689,0.58,0.62,0.534653,0.616162,0.613208,0.680851,0.575758,0.584158,0.656863,0.530612,0.601852,0.630435,0.617647,0.642857,0.63,0.63,
10400,0.626087,0.494118,0.575758,0.653465,0.509434,0.606383,0.550562,0.693694,0.581818,0.666667,0.519608,0.642857,0.592593,0.51087,0.67619,0.631579,0.55,0.52,0.730337,0.63964,0.601942,0.618557,0.58,0.57,0.515789,0.542857,0.67,0.58,0.632653,0.647059,0.626168,0.655914,0.62037,0.673913,0.616822,0.623656,0.494845,0.563107,0.610526,0.542857,0.586957,0.62037,0.52,0.67,0.603774,0.521277,0.632653,0.627451,0.678899,0.56044,0.577778,0.709091,0.537037,0.619565,0.637255,0.663265,0.631579,0.593023,0.489796,0.666667,0.575758,0.554455,0.564706,0.704348,0.564356,0.676768,0.542056,0.612903,0.574468,0.471698,0.534653,0.535354,0.5,0.6,0.543689,0.546392,0.653846,0.604167,0.576923,0.614583,0.538462,0.625,0.552381,0.589474,0.463636,0.577778,0.603774,0.521277,0.680851,0.518868,0.630631,0.58427,0.587156,0.516484,0.583333,0.597826,0.655914,0.663551,0.6,0.628571,
10600,0.648148,0.597826,0.722772,0.676768,0.647059,0.632653,0.686275,0.663265,0.614583,0.615385,0.586957,0.592593,0.640777,0.515464,0.587156,0.659341,0.53125,0.548077,0.518072,0.623932,0.540541,0.640449,0.555556,0.633663,0.645161,0.663551,0.56383,0.575472,0.632653,0.529412,0.628866,0.524272,0.646465,0.594059,0.72381,0.6,0.646465,0.584158,0.576923,0.645833,0.6,0.64,0.633333,0.663636,0.679612,0.56701,0.447917,0.586538,0.645833,0.567308,0.559524,0.568966,0.506173,0.739496,0.59375,0.557692,0.655914,0.53271,0.617391,0.682353,0.625,0.576923,0.690265,0.597701,0.616822,0.516129,0.615385,0.541667,0.621622,0.651685,0.67619,0.652632,0.643564,0.646465,0.615385,0.605505,0.534653,0.616162,0.618182,0.522222,0.622222,0.636364,0.537736,0.648936,0.5625,0.557692,0.67,0.68,0.515789,0.647619,0.669903,0.680412,0.548387,0.616822,0.583333,0.605769,0.636364,0.633663,0.584071,0.597701,
10800,0.694737,0.695238,0.585106,0.641509,0.701149,0.637168,0.587156,0.549451,0.673077,0.614583,0.561905,0.631579,0.403846,0.604167,0.631068,0.546392,0.582524,0.742268,0.495238,0.663158,0.552083,0.721154,0.639175,0.621359,0.653061,0.656863,0.510204,0.607843,0.568182,0.651786,0.677419,0.504673,0.673684,0.590476,0.568627,0.602041,0.556604,0.617021,0.581633,0.598039,0.613861,0.626263,0.64,0.62,0.583333,0.682692,0.654206,0.623656,0.495146,0.608247,0.581818,0.511111,0.54955,0.629213,0.721154,0.625,0.613636,0.616071,0.6,0.609524,0.62,0.57,0.582524,0.608247,0.683168,0.626263,0.571429,0.610526,0.572917,0.615385,0.652174,0.592593,0.680412,0.61165,0.608247,0.650485,0.575758,0.623762,0.684783,0.601852,0.647059,0.571429,0.561905,0.631579,0.66087,0.588235,0.585859,0.534653,0.630435,0.731481,0.543689,0.639175,0.6,0.685714,0.521277,0.584906,0.593407,0.577982,0.603604,0.606742,
11000,0.639175,0.650485,0.663462,0.552083,0.610526,0.609524,0.560748,0.666667,0.653061,0.637255,0.596491,0.674419,0.636364,0.588889,0.608247,0.543689,0.677778,0.572727,0.639175,0.61165,0.609524,0.515789,0.622642,0.595745,0.644231,0.625,0.68932,0.628866,0.679612,0.536082,0.688679,0.617021,0.673469,0.647059,0.707071,0.633663,0.653846,0.541667,0.686869,0.554455,0.628319,0.563218,0.651376,0.582418,0.525773,0.572816,0.650485,0.597938,0.647059,0.520408,0.582524,0.515464,0.51,0.59,0.648649,0.617978,0.606061,0.613861,0.635514,0.591398,0.669643,0.636364,0.603604,0.629213,0.628866,0.553398,0.632075,0.585106,0.572816,0.57732,0.558824,0.602041,0.574713,0.566372,0.628571,0.515789,0.617647,0.591837,0.586957,0.583333,0.633028,0.692308,0.59,0.7,0.638889,0.619565,0.62766,0.632075,0.495726,0.650602,0.588235,0.510204,0.558824,0.561224,0.614583,0.663462,0.591398,0.691589,0.535354,0.653465,
11200,0.5625,0.509615,0.59,0.55,0.525253,0.663366,0.725275,0.587156,0.586538,0.614583,0.635514,0.612903,0.693694,0.662921,0.684211,0.647619,0.50495,0.606061,0.618182,0.544444,0.670213,0.613208,0.633333,0.572727,0.483871,0.476636,0.596491,0.55814,0.657407,0.608696,0.595506,0.603604,0.680412,0.504854,0.628571,0.578947,0.59292,0.563218,0.627451,0.55102,0.602041,0.696078,0.568807,0.615385,0.511111,0.6,0.62963,0.608696,0.69,0.57,0.670588,0.6,0.571429,0.53211,0.550459,0.626374,0.678899,0.505495,0.638298,0.688679,0.631579,0.533333,0.643564,0.616162,0.627451,0.642857,0.625,0.602273,0.586538,0.583333,0.683168,0.59596,0.586957,0.611111,0.65,0.66,0.659574,0.603774,0.608247,0.621359,0.558824,0.581633,0.57732,0.543689,0.616162,0.574257,0.659091,0.651786,0.581633,0.588235,0.583333,0.641304,0.528736,0.690265,0.598214,0.522727,0.594059,0.555556,0.674157,0.63964,
11400,0.581395,0.587719,0.536842,0.638095,0.494845,0.631068,0.538462,0.590164,0.473684,0.495238,0.541667,0.605769,0.605505,0.637363,0.539326,0.630631,0.586538,0.614583,0.628866,0.601942,0.608247,0.592233,0.606742,0.657658,0.718447,0.618557,0.594059,0.606061,0.649485,0.524272,0.520833,0.586538,0.688172,0.654206,0.6,0.547368,0.630435,0.574074,0.606742,0.612613,0.645833,0.528846,0.60396,0.565657,0.650602,0.589744,0.680851,0.603774,0.476744,0.578947,0.590476,0.6,0.673267,0.565657,0.5,0.592593,0.460784,0.663265,0.647619,0.642105,0.565657,0.584158,0.663462,0.552083,0.65,0.67,0.630435,0.518519,0.569892,0.523364,0.5,0.604167,0.535354,0.613861,0.631068,0.56701,0.544554,0.545455,0.630435,0.601852,0.580357,0.579545,0.510638,0.726415,0.632075,0.606383,0.625,0.548077,0.606061,0.594059,0.626168,0.494624,0.62,0.57,0.576923,0.6875,0.656566,0.514851,0.556604,0.595745,
11600,0.55,0.51,0.58427,0.621622,0.514019,0.473118,0.654206,0.580645,0.631068,0.587629,0.582418,0.605505,0.553571,0.613636,0.628866,0.592233,0.5,0.490566,0.479592,0.617647,0.564356,0.525253,0.578947,0.590476,0.553398,0.680412,0.572917,0.673077,0.512195,0.610169,0.554455,0.626263,0.456311,0.56701,0.528302,0.648936,0.494624,0.542056,0.494382,0.666667,0.686869,0.60396,0.530435,0.576471,0.572816,0.608247,0.607843,0.612245,0.648936,0.556604,0.477778,0.609091,0.632653,0.588235,0.582524,0.56701,0.666667,0.634615,0.552381,0.621053,0.592593,0.586957,0.621359,0.597938,0.591398,0.663551,0.616071,0.670455,0.54386,0.651163,0.588785,0.634409,0.710526,0.593023,0.566038,0.62766,0.688679,0.595745,0.519608,0.561224,0.623656,0.654206,0.606742,0.540541,0.583333,0.663462,0.572917,0.653846,0.632653,0.529412,0.731959,0.631068,0.589286,0.511364,0.626263,0.613861,0.571429,0.54902,0.636364,0.633663,
11800,0.505618,0.621622,0.6,0.6,0.741935,0.635514,0.476636,0.580645,0.695652,0.731481,0.629213,0.612613,0.545455,0.574257,0.651685,0.594595,0.628866,0.660194,0.698113,0.489362,0.619565,0.666667,0.597701,0.566372,0.584071,0.586207,0.570093,0.569892,0.626263,0.653465,0.626374,0.559633,0.663366,0.565657,0.666667,0.594059,0.643564,0.666667,0.670213,0.660377,0.582418,0.559633,0.644231,0.65625,0.686275,0.581633,0.617021,0.54717,0.672566,0.54023,0.571429,0.696078,0.561224,0.578431,0.627451,0.510204,0.633333,0.654545,0.591398,0.570093,0.517647,0.582609,0.598214,0.625,0.622449,0.607843,0.526882,0.588785,0.628866,0.601942,0.58,0.58,0.58427,0.63964,0.639175,0.543689,0.574257,0.59596,0.643564,0.575758,0.64486,0.602151,0.648148,0.521739,0.535354,0.60396,0.544444,0.7,0.6,0.6,0.618557,0.601942,0.626263,0.673267,0.653061,0.529412,0.595745,0.632075,0.666667,0.633663,
12000,0.673267,0.666667,0.631068,0.587629,0.619048,0.631579,0.652174,0.62037,0.59375,0.586538,0.684211,0.453488,0.567797,0.597561,0.630631,0.58427,0.6,0.644444,0.65,0.5,0.571429,0.617647,0.660194,0.608247,0.521277,0.622642,0.548387,0.598131,0.659794,0.553398,0.574257,0.606061,0.631068,0.639175,0.566038,0.648936,0.60177,0.563218,0.444444,0.581818,0.659574,0.566038,0.655556,0.536364,0.557895,0.52381,0.634615,0.59375,0.526316,0.666667,0.622642,0.574468,0.585106,0.575472,0.628866,0.669903,0.699029,0.57732,0.58,0.55,0.623762,0.727273,0.592233,0.670103,0.57,0.6,0.595745,0.632075,0.574257,0.636364,0.54,0.61,0.542857,0.642105,0.688172,0.64486,0.588785,0.55914,0.6,0.771429,0.52,0.56,0.54,0.54,0.571429,0.519608,0.551402,0.55914,0.55,0.59,0.609195,0.628319,0.478723,0.45283,0.557895,0.571429,0.64486,0.612903,0.407767,0.639175,
12200,0.558559,0.573034,0.663158,0.552381,0.576087,0.62037,0.565217,0.62963,0.605263,0.534884,0.603604,0.640449,0.670213,0.59434,0.663043,0.638889,0.608247,0.61165,0.5625,0.730769,0.59434,0.574468,0.622222,0.572727,0.633333,0.645455,0.56701,0.631068,0.614583,0.625,0.612903,0.626168,0.483871,0.71028,0.622222,0.654545,0.666667,0.621053,0.585859,0.633663,0.494382,0.558559,0.576923,0.552083,0.553571,0.613636,0.5,0.676471,0.603774,0.574468,0.61165,0.639175,0.53,0.6,0.572816,0.608247,0.568421,0.647619,0.634409,0.616822,0.621622,0.58427,0.525253,0.514851,0.510417,0.548077,0.66,0.71,0.6,0.6,0.564356,0.606061,0.609091,0.677778,0.656566,0.574257,0.619048,0.612069,0.560748,0.580645,0.607843,0.540816,0.594937,0.578512,0.526316,0.552381,0.623762,0.59596,0.626506,0.641026,0.56,0.68,0.627451,0.632653,0.635417,0.663462,0.627907,0.517544,0.693878,0.705882,
12400,0.640449,0.648649,0.513761,0.593407,0.633663,0.59596,0.539823,0.563218,0.556818,0.607143,0.666667,0.608696,0.6,0.722222,0.604167,0.576923,0.717172,0.623762,0.625,0.596154,0.559524,0.577586,0.52381,0.557895,0.688679,0.595745,0.640777,0.505155,0.72549,0.602041,0.604167,0.663462,0.614458,0.521368,0.631579,0.609524,0.608696,0.564815,0.657658,0.595506,0.636364,0.534653,0.57732,0.61165,0.692308,0.677083,0.63,0.61,0.757895,0.609524,0.67,0.64,0.663043,0.555556,0.634615,0.604167,0.585859,0.584158,0.465347,0.555556,0.617647,0.602041,0.674157,0.585586,0.608247,0.553398,0.644231,0.53125,0.642857,0.666667,0.58,0.47,0.604396,0.614679,0.587629,0.514563,0.682692,0.645833,0.617647,0.591837,0.586538,0.65625,0.596154,0.583333,0.549451,0.623853,0.6,0.58,0.613208,0.670213,0.536082,0.640777,0.628866,0.631068,0.550562,0.576577,0.594595,0.595506,0.684783,0.537037,
12600,0.62,0.65,0.656863,0.55102,0.544554,0.717172,0.591398,0.71028,0.571429,0.706897,0.567568,0.606742,0.572917,0.509615,0.595745,0.622642,0.53211,0.659341,0.614583,0.615385,0.56383,0.660377,0.663265,0.627451,0.519608,0.693878,0.589474,0.542857,0.638298,0.556604,0.611111,0.619565,0.606383,0.556604,0.590476,0.694737,0.59596,0.584158,0.695652,0.574074,0.552083,0.519231,0.525253,0.633663,0.51,0.57,0.646465,0.594059,0.59596,0.564356,0.567308,0.53125,0.584158,0.59596,0.606061,0.574257,0.561224,0.637255,0.676768,0.554455,0.606383,0.603774,0.537634,0.626168,0.616822,0.569892,0.663793,0.642857,0.660194,0.546392,0.619469,0.701149,0.592233,0.56701,0.592593,0.706522,0.592233,0.659794,0.534091,0.517857,0.670213,0.584906,0.666667,0.684211,0.626168,0.537634,0.663717,0.574713,0.655914,0.476636,0.551724,0.486726,0.574074,0.684783,0.622449,0.607843,0.580357,0.647727,0.615385,0.550459,
12800,0.583333,0.567308,0.645161,0.560748,0.635514,0.473118,0.688679,0.542553,0.552381,0.663158,0.598291,0.60241,0.595506,0.612613,0.640777,0.57732,0.654206,0.623656,0.601942,0.546392,0.521277,0.556604,0.611111,0.609091,0.6,0.518182,0.634783,0.588235,0.657143,0.6,0.574257,0.59596,0.68,0.57,0.554348,0.62037,0.568421,0.628571,0.553191,0.660377,0.697917,0.701923,0.65625,0.634615,0.505155,0.601942,0.693069,0.636364,0.621053,0.619048,0.614679,0.549451,0.676471,0.632653,0.604167,0.596154,0.576087,0.694444,0.59596,0.564356,0.684783,0.555556,0.568421,0.628571,0.574257,0.676768,0.666667,0.630435,0.619565,0.611111,0.642857,0.519608,0.522936,0.538462,0.613208,0.531915,0.585859,0.534653,0.611111,0.630435,0.644231,0.541667,0.6,0.622222,0.617391,0.623529,0.557692,0.572917,0.56701,0.640777,0.567568,0.662921,0.607477,0.580645,0.613861,0.666667,0.623762,0.606061,0.593407,0.559633,
13000,0.683673,0.735294,0.601852,0.663043,0.621053,0.657143,0.5,0.561224,0.632075,0.648936,0.632653,0.715686,0.670103,0.563107,0.656566,0.623762,0.580645,0.514019,0.649485,0.621359,0.625,0.625,0.586538,0.541667,0.616071,0.545455,0.588235,0.581633,0.535714,0.625,0.6,0.681818,0.608247,0.650485,0.531915,0.632075,0.660377,0.531915,0.652632,0.52381,0.706522,0.694444,0.543103,0.595238,0.663462,0.583333,0.68,0.49,0.594059,0.59596,0.608696,0.731481,0.65,0.57,0.633663,0.656566,0.59,0.63,0.616822,0.623656,0.640777,0.628866,0.548387,0.514019,0.60177,0.62069,0.527473,0.642202,0.515464,0.631068,0.533333,0.642105,0.597826,0.666667,0.597826,0.722222,0.649485,0.679612,0.625,0.681818,0.571429,0.631579,0.628866,0.650485,0.610526,0.714286,0.585859,0.663366,0.61,0.54,0.694444,0.608696,0.755319,0.660377,0.692308,0.577982,0.614583,0.596154,0.558824,0.561224,
13200,0.5625,0.576923,0.603774,0.43617,0.663462,0.614583,0.554348,0.703704,0.4,0.59,0.54902,0.632653,0.544554,0.555556,0.494382,0.621622,0.578431,0.602041,0.598131,0.548387,0.578431,0.663265,0.586957,0.62037,0.666667,0.635514,0.575758,0.673267,0.621359,0.608247,0.556604,0.638298,0.563107,0.57732,0.577778,0.681818,0.52381,0.505263,0.574257,0.666667,0.463918,0.582524,0.657407,0.543478,0.673267,0.535354,0.610619,0.655172,0.533333,0.568421,0.663265,0.686275,0.54902,0.530612,0.614583,0.644231,0.574074,0.597826,0.581395,0.54386,0.6,0.557895,0.636364,0.655556,0.545455,0.544554,0.55,0.62,0.619565,0.638889,0.588889,0.681818,0.578947,0.542857,0.628571,0.578947,0.567308,0.572917,0.578431,0.581633,0.617647,0.591837,0.553191,0.650943,0.598039,0.632653,0.543478,0.611111,0.58427,0.63964,0.63,0.68,0.601852,0.5,0.58,0.6,0.693878,0.617647,0.59375,0.509615,
13400,0.597701,0.59292,0.656566,0.613861,0.536364,0.566667,0.606383,0.566038,0.666667,0.613861,0.625,0.604167,0.657143,0.631579,0.568627,0.642857,0.705263,0.609524,0.548077,0.677083,0.572816,0.649485,0.640777,0.597938,0.526316,0.657143,0.626374,0.559633,0.625,0.644231,0.633663,0.626263,0.6,0.631579,0.578431,0.653061,0.530612,0.666667,0.621053,0.542857,0.575758,0.465347,0.645161,0.579439,0.51,0.71,0.5,0.609091,0.55814,0.622807,0.60396,0.525253,0.622642,0.595745,0.510204,0.676471,0.53,0.58,0.701754,0.662791,0.584158,0.59596,0.541667,0.586538,0.702128,0.669811,0.59596,0.60396,0.65625,0.625,0.602041,0.539216,0.663265,0.627451,0.567568,0.617978,0.553191,0.59434,0.669725,0.626374,0.578947,0.546512,0.595745,0.528302,0.596491,0.534884,0.651376,0.549451,0.62069,0.628319,0.519608,0.602041,0.641509,0.691489,0.611111,0.663636,0.537634,0.691589,0.666667,0.60396,
13600,0.575758,0.643564,0.588889,0.645455,0.679612,0.57732,0.632075,0.617021,0.684783,0.462963,0.622222,0.536364,0.618557,0.61165,0.585586,0.629213,0.591398,0.570093,0.556604,0.531915,0.625,0.548077,0.681319,0.605505,0.592593,0.586957,0.575758,0.554455,0.423077,0.635417,0.566038,0.531915,0.495146,0.525773,0.528846,0.4375,0.581633,0.578431,0.542553,0.575472,0.608247,0.640777,0.614679,0.593407,0.56,0.66,0.642857,0.598039,0.677419,0.616822,0.5,0.638298,0.617978,0.666667,0.634615,0.510417,0.598291,0.542169,0.576577,0.674157,0.530612,0.607843,0.76699,0.56701,0.606061,0.60396,0.653465,0.585859,0.6,0.61,0.617021,0.622642,0.527273,0.522222,0.539326,0.594595,0.548077,0.458333,0.66,0.62,0.515152,0.643564,0.583333,0.557692,0.62,0.59,0.615385,0.614679,0.563636,0.522222,0.520833,0.605769,0.57,0.58,0.644444,0.627273,0.596154,0.59375,0.663043,0.638889,
13800,0.627451,0.520408,0.633663,0.666667,0.598039,0.653061,0.660714,0.5,0.628571,0.663158,0.469136,0.663866,0.62,0.55,0.587629,0.650485,0.554455,0.555556,0.663158,0.628571,0.626263,0.653465,0.580645,0.672897,0.673684,0.704762,0.609524,0.715789,0.692308,0.71875,0.54,0.64,0.544444,0.718182,0.586538,0.604167,0.598214,0.545455,0.574257,0.555556,0.65625,0.586538,0.519608,0.632653,0.563636,0.655556,0.632653,0.578431,0.578431,0.571429,0.61,0.65,0.646465,0.514851,0.697248,0.549451,0.529412,0.561224,0.609091,0.566667,0.692308,0.642202,0.565657,0.554455,0.633663,0.555556,0.646465,0.594059,0.683673,0.588235,0.649485,0.679612,0.607143,0.545455,0.593407,0.568807,0.623656,0.588785,0.625,0.605769,0.647059,0.561224,0.64486,0.516129,0.707547,0.680851,0.666667,0.557895,0.596154,0.614583,0.645161,0.570093,0.657143,0.568421,0.621359,0.525773,0.578431,0.642857,0.485437,0.680412,
14000,0.563636,0.577778,0.52,0.61,0.531532,0.595506,0.632075,0.574468,0.470588,0.591837,0.61165,0.628866,0.582418,0.651376,0.601942,0.546392,0.598291,0.638554,0.613208,0.648936,0.607477,0.505376,0.690722,0.68932,0.712963,0.576087,0.555556,0.532609,0.495238,0.621053,0.572917,0.634615,0.52,0.56,0.597701,0.681416,0.586538,0.625,0.5,0.591837,0.596154,0.59375,0.617021,0.622642,0.5,0.510204,0.694118,0.643478,0.595745,0.669811,0.584158,0.535354,0.5,0.71875,0.616162,0.613861,0.655914,0.579439,0.561224,0.54902,0.561905,0.547368,0.6,0.642105,0.576087,0.527778,0.641304,0.564815,0.5,0.489796,0.701923,0.677083,0.597826,0.666667,0.609524,0.589474,0.602273,0.616071,0.59596,0.485149,0.755102,0.627451,0.631579,0.647619,0.557692,0.5625,0.650485,0.597938,0.543689,0.597938,0.575758,0.613861,0.623853,0.604396,0.5625,0.538462,0.542553,0.622642,0.652632,0.590476,
14200,0.598039,0.561224,0.5,0.511364,0.630252,0.518519,0.59633,0.549451,0.636364,0.613861,0.639175,0.582524,0.62,0.6,0.561224,0.686275,0.540816,0.656863,0.613208,0.648936,0.66,0.73,0.59596,0.584158,0.757895,0.590476,0.706522,0.546296,0.575758,0.643564,0.557895,0.590476,0.641509,0.606383,0.555556,0.554348,0.656566,0.633663,0.59375,0.548077,0.666667,0.523364,0.705357,0.590909,0.641509,0.553191,0.591398,0.53271,0.578431,0.540816,0.721739,0.741176,0.659091,0.6875,0.6,0.69,0.59633,0.549451,0.575472,0.62766,0.56044,0.66055,0.568627,0.653061,0.601942,0.536082,0.535714,0.659091,0.633663,0.515152,0.504854,0.515464,0.677083,0.605769,0.636364,0.534653,0.606383,0.669811,0.625,0.663462,0.59292,0.563218,0.552083,0.673077,0.622449,0.568627,0.542857,0.568421,0.602041,0.696078,0.724771,0.604396,0.649351,0.634146,0.648936,0.556604,0.567308,0.479167,0.57,0.58,
14400,0.602041,0.617647,0.675676,0.595506,0.75,0.62037,0.455446,0.555556,0.62,0.62,0.605769,0.614583,0.627907,0.578947,0.494737,0.580952,0.650943,0.542553,0.663265,0.637255,0.552632,0.5,0.556701,0.572816,0.480769,0.635417,0.575758,0.544554,0.571429,0.578947,0.575472,0.56383,0.62963,0.565217,0.558824,0.540816,0.510204,0.666667,0.635417,0.653846,0.589474,0.590476,0.586957,0.685185,0.546296,0.576087,0.644231,0.5625,0.583333,0.653846,0.53271,0.580645,0.615385,0.583333,0.637363,0.541284,0.52,0.65,0.57732,0.61165,0.46789,0.582418,0.561224,0.578431,0.639175,0.68932,0.572917,0.605769,0.606383,0.698113,0.585106,0.669811,0.594059,0.606061,0.577778,0.554545,0.663265,0.598039,0.6,0.557895,0.585586,0.561798,0.72381,0.568421,0.583333,0.5,0.520408,0.627451,0.596639,0.617284,0.656863,0.520408,0.540816,0.558824,0.6,0.636364,0.561224,0.656863,0.604396,0.623853,
14600,0.591837,0.627451,0.593407,0.522936,0.480392,0.520408,0.621053,0.504762,0.742574,0.565657,0.676471,0.591837,0.584158,0.525253,0.663636,0.644444,0.55914,0.570093,0.647619,0.568421,0.616071,0.625,0.568627,0.55102,0.68,0.61,0.568627,0.642857,0.736264,0.541284,0.607477,0.602151,0.648352,0.53211,0.559633,0.593407,0.615385,0.65625,0.594937,0.603306,0.435644,0.606061,0.504202,0.679012,0.59,0.56,0.59633,0.637363,0.536842,0.609524,0.53125,0.471154,0.591398,0.53271,0.638095,0.578947,0.528302,0.531915,0.67619,0.589474,0.516484,0.614679,0.588235,0.520408,0.586538,0.53125,0.606061,0.594059,0.553398,0.680412,0.616822,0.591398,0.56,0.54,0.520408,0.617647,0.630952,0.560345,0.663462,0.572917,0.554455,0.636364,0.596154,0.614583,0.59,0.66,0.601852,0.608696,0.669725,0.615385,0.568807,0.626374,0.549451,0.486239,0.591304,0.682353,0.677083,0.625,0.596154,0.541667,
14800,0.60396,0.565657,0.669643,0.613636,0.477273,0.625,0.613861,0.646465,0.551402,0.709677,0.577982,0.483516,0.588785,0.55914,0.596154,0.5625,0.5,0.619565,0.610526,0.590476,0.582524,0.680412,0.53,0.62,0.645833,0.586538,0.694737,0.704762,0.644231,0.59375,0.635417,0.634615,0.708738,0.71134,0.680851,0.650943,0.655172,0.619048,0.696629,0.54955,0.656566,0.653465,0.673077,0.614583,0.62037,0.597826,0.572816,0.618557,0.616162,0.584158,0.566667,0.627273,0.621359,0.608247,0.649485,0.631068,0.722222,0.7,0.632653,0.578431,0.663265,0.656863,0.495146,0.536082,0.641509,0.56383,0.566667,0.618182,0.54717,0.5,0.552381,0.578947,0.627451,0.632653,0.606383,0.584906,0.489362,0.603774,0.622449,0.578431,0.572727,0.477778,0.52,0.69,0.596154,0.635417,0.603604,0.606742,0.617391,0.635294,0.470588,0.693878,0.606383,0.59434,0.63,0.55,0.641509,0.478723,0.475248,0.616162,
15000,0.515152,0.633663,0.479167,0.576923,0.67619,0.694737,0.596154,0.739583,0.580645,0.476636,0.606061,0.653465,0.609524,0.557895,0.546392,0.699029,0.64,0.59,0.56701,0.660194,0.60396,0.606061,0.608696,0.537037,0.495238,0.589474,0.48,0.54,0.69,0.58,0.589474,0.685714,0.563025,0.617284,0.640777,0.608247,0.578947,0.628571,0.601852,0.630435,0.6,0.622222,0.583333,0.480769,0.637363,0.623853,0.607477,0.55914,0.622449,0.578431,0.592233,0.71134,0.625,0.519231,0.666667,0.683168,0.617647,0.591837,0.552083,0.548077,0.673469,0.598039,0.621053,0.6,0.572917,0.615385,0.637255,0.642857,0.56383,0.509434,0.608247,0.572816,0.577982,0.593407,0.538462,0.5625,0.612245,0.578431,0.55102,0.578431,0.557692,0.5625,0.619048,0.642105,0.52381,0.515789,0.587156,0.615385,0.622222,0.618182,0.551724,0.539823,0.575758,0.712871,0.6,0.666667,0.646552,0.690476,0.601942,0.57732,
15200,0.59,0.52,0.637255,0.612245,0.651376,0.681319,0.653846,0.572917,0.55914,0.560748,0.568627,0.622449,0.6,0.655556,0.608696,0.583333,0.580952,0.631579,0.543689,0.587629,0.66,0.48,0.57732,0.553398,0.648936,0.59434,0.666667,0.538462,0.54902,0.418367,0.626168,0.623656,0.602151,0.523364,0.647059,0.591837,0.60396,0.575758,0.593407,0.568807,0.609091,0.611111,0.606383,0.575472,0.728261,0.527778,0.533333,0.621053,0.669811,0.510638,0.63,0.61,0.666667,0.626168,0.514851,0.59596,0.666667,0.581818,0.564356,0.59596,0.6,0.571429,0.686869,0.722772,0.585859,0.534653,0.656566,0.534653,0.588785,0.698925,0.604167,0.567308,0.577586,0.642857,0.670103,0.582524,0.717172,0.732673,0.564815,0.576087,0.614583,0.653846,0.656566,0.584158,0.742857,0.589474,0.574257,0.656566,0.572917,0.576923,0.598131,0.602151,0.622449,0.588235,0.571429,0.511364,0.526786,0.704545,0.510204,0.588235,
15400,0.564356,0.646465,0.611111,0.672727,0.614583,0.644231,0.666667,0.526316,0.627451,0.622449,0.696078,0.642857,0.549451,0.587156,0.6,0.526316,0.712871,0.656566,0.66,0.61,0.468468,0.595506,0.621622,0.617978,0.679245,0.585106,0.604167,0.615385,0.715789,0.561905,0.721649,0.504854,0.659794,0.533981,0.608696,0.62963,0.574257,0.555556,0.514019,0.591398,0.64486,0.55914,0.634615,0.5625,0.59434,0.585106,0.673684,0.704762,0.625,0.553571,0.631579,0.590476,0.630435,0.537037,0.597826,0.555556,0.68,0.65,0.598131,0.709677,0.642202,0.604396,0.647059,0.561224,0.65625,0.548077,0.602041,0.568627,0.693878,0.666667,0.554455,0.636364,0.485437,0.649485,0.59596,0.574257,0.57,0.58,0.604396,0.66055,0.58,0.65,0.686047,0.578947,0.49505,0.626263,0.628866,0.640777,0.568421,0.580952,0.525773,0.640777,0.561224,0.617647,0.63964,0.58427,0.586538,0.53125,0.518519,0.543478,
15600,0.684783,0.5,0.691589,0.580645,0.67619,0.673684,0.560748,0.569892,0.55,0.62,0.60177,0.551724,0.663265,0.627451,0.577586,0.619048,0.628866,0.669903,0.622642,0.648936,0.621622,0.685393,0.575221,0.597701,0.576923,0.552083,0.515464,0.640777,0.578947,0.580952,0.561905,0.557895,0.663043,0.444444,0.547368,0.504762,0.533981,0.587629,0.548387,0.719626,0.670455,0.642857,0.520408,0.686275,0.567797,0.597561,0.553191,0.641509,0.490196,0.581633,0.623853,0.56044,0.561798,0.567568,0.612245,0.588235,0.592233,0.587629,0.529412,0.642857,0.553571,0.534091,0.688679,0.617021,0.583333,0.701923,0.577778,0.563636,0.55,0.65,0.638889,0.543478,0.683673,0.519608,0.59,0.65,0.519231,0.645833,0.641304,0.518519,0.613861,0.606061,0.55,0.61,0.576087,0.648148,0.586957,0.62037,0.71134,0.572816,0.578947,0.571429,0.558824,0.642857,0.566667,0.554545,0.651376,0.681319,0.612245,0.539216,
15800,0.55102,0.754902,0.644231,0.614583,0.610526,0.6,0.550459,0.615385,0.57,0.59,0.607143,0.579545,0.572816,0.546392,0.575758,0.514851,0.558824,0.489796,0.5,0.622449,0.564356,0.505051,0.538462,0.5625,0.565217,0.601852,0.563636,0.588889,0.622807,0.686047,0.576577,0.58427,0.551402,0.526882,0.588235,0.653061,0.561798,0.54955,0.652632,0.657143,0.663551,0.634409,0.603774,0.468085,0.514851,0.565657,0.62766,0.584906,0.64,0.65,0.630631,0.52809,0.64,0.7,0.615385,0.550459,0.572917,0.596154,0.567308,0.541667,0.70297,0.636364,0.59633,0.571429,0.574468,0.584906,0.597938,0.61165,0.57,0.59,0.67,0.63,0.59633,0.637363,0.625,0.666667,0.652632,0.533333,0.505376,0.616822,0.680412,0.601942,0.54717,0.595745,0.547368,0.666667,0.622449,0.578431,0.59,0.58,0.64486,0.591398,0.57,0.62,0.634409,0.654206,0.56701,0.563107,0.677083,0.548077,
16000,0.572917,0.625,0.58,0.6,0.663265,0.617647,0.53125,0.605769,0.557692,0.666667,0.647619,0.673684,0.58,0.62,0.730769,0.614583,0.625,0.615385,0.619565,0.611111,0.638889,0.586957,0.635514,0.580645,0.605505,0.505495,0.692982,0.686047,0.555556,0.722772,0.663265,0.607843,0.56701,0.61165,0.67619,0.515789,0.590476,0.547368,0.625,0.614583,0.481481,0.684783,0.680412,0.601942,0.651376,0.516484,0.598039,0.693878,0.662921,0.594595,0.645455,0.555556,0.574257,0.616162,0.538462,0.669725,0.634615,0.645833,0.619048,0.517241,0.627907,0.622807,0.45098,0.591837,0.66055,0.67033,0.725275,0.66055,0.585859,0.663366,0.633333,0.518182,0.565657,0.653465,0.526316,0.47619,0.571429,0.494737,0.54955,0.662921,0.542056,0.634409,0.625,0.544643,0.638298,0.622642,0.586538,0.583333,0.634409,0.682243,0.6,0.634783,0.561224,0.578431,0.607477,0.483871,0.619048,0.684211,0.633929,0.534091,
16200,0.626374,0.642202,0.581633,0.656863,0.610526,0.714286,0.628571,0.6,0.616162,0.584158,0.554455,0.636364,0.666667,0.591837,0.644231,0.572917,0.554348,0.611111,0.587629,0.640777,0.697917,0.711538,0.55,0.57,0.541176,0.53913,0.666667,0.518182,0.59596,0.623762,0.625,0.510417,0.630435,0.592593,0.5,0.527273,0.606061,0.623762,0.642202,0.549451,0.643564,0.636364,0.574257,0.59596,0.623762,0.525253,0.567308,0.625,0.634615,0.666667,0.618557,0.621359,0.670213,0.632075,0.62766,0.537736,0.525253,0.60396,0.584158,0.626263,0.590909,0.522222,0.630631,0.685393,0.529412,0.622449,0.514286,0.663158,0.628866,0.592233,0.698795,0.649573,0.61165,0.608247,0.679612,0.639175,0.553571,0.75,0.654206,0.580645,0.619565,0.537037,0.520833,0.634615,0.556604,0.553191,0.627907,0.587719,0.663793,0.654762,0.606383,0.660377,0.542056,0.602151,0.67033,0.541284,0.588889,0.690909,0.585859,0.722772,
16400,0.628571,0.663158,0.506329,0.661157,0.586538,0.458333,0.557692,0.53125,0.613208,0.510638,0.631068,0.587629,0.652174,0.592593,0.56383,0.566038,0.59,0.56,0.699029,0.639175,0.556604,0.606383,0.639175,0.524272,0.604167,0.567308,0.64486,0.623656,0.581633,0.627451,0.554455,0.646465,0.580645,0.71028,0.602151,0.719626,0.544554,0.656566,0.645161,0.570093,0.660714,0.556818,0.621359,0.57732,0.594595,0.595506,0.591398,0.607477,0.714286,0.559633,0.595506,0.594595,0.553191,0.575472,0.715789,0.72381,0.567308,0.572917,0.717391,0.583333,0.608247,0.631068,0.684783,0.574074,0.522727,0.616071,0.55102,0.656863,0.542553,0.613208,0.617021,0.584906,0.618557,0.669903,0.656863,0.530612,0.678899,0.494505,0.663462,0.520833,0.616071,0.704545,0.606383,0.59434,0.646465,0.712871,0.526316,0.580952,0.546296,0.586957,0.662791,0.675439,0.72549,0.561224,0.575472,0.702128,0.623853,0.516484,0.659574,0.528302,
16600,0.5,0.613636,0.714286,0.557895,0.505155,0.572816,0.677778,0.672727,0.534091,0.678571,0.504854,0.608247,0.581633,0.607843,0.598214,0.659091,0.554455,0.636364,0.628571,0.589474,0.717391,0.62037,0.515152,0.544554,0.577778,0.581818,0.59,0.64,0.630952,0.594828,0.653061,0.588235,0.619048,0.589474,0.691358,0.613445,0.680412,0.640777,0.70297,0.646465,0.567901,0.588235,0.732673,0.656566,0.676471,0.653061,0.604167,0.490385,0.494505,0.559633,0.6,0.642105,0.597826,0.62037,0.592593,0.532609,0.606742,0.567568,0.52,0.58,0.565217,0.611111,0.580952,0.578947,0.519608,0.622449,0.561798,0.504505,0.617021,0.566038,0.597938,0.660194,0.58,0.58,0.593407,0.678899,0.616071,0.522727,0.517647,0.608696,0.606742,0.603604,0.521277,0.603774,0.715909,0.589286,0.666667,0.5,0.51,0.63,0.509259,0.608696,0.533333,0.589474,0.579439,0.623656,0.565657,0.554455,0.488889,0.663636,
16800,0.59,0.63,0.571429,0.598039,0.546392,0.543689,0.54955,0.595506,0.53125,0.519231,0.571429,0.610526,0.515464,0.543689,0.584158,0.616162,0.680412,0.504854,0.637255,0.653061,0.626168,0.623656,0.635514,0.55914,0.685185,0.543478,0.575758,0.49505,0.648936,0.509434,0.576923,0.65625,0.628866,0.563107,0.586538,0.520833,0.639175,0.61165,0.598039,0.540816,0.66,0.68,0.533333,0.505263,0.638095,0.747368,0.656566,0.613861,0.625,0.586538,0.538462,0.708333,0.5,0.609756,0.567308,0.541667,0.572917,0.673077,0.6,0.663158,0.555556,0.608696,0.633663,0.555556,0.616822,0.569892,0.670103,0.572816,0.638095,0.6,0.631579,0.647619,0.648936,0.641509,0.555556,0.623762,0.657658,0.707865,0.572816,0.628866,0.566265,0.615385,0.548387,0.53271,0.632653,0.637255,0.569892,0.635514,0.52,0.62,0.688172,0.607477,0.638095,0.642105,0.508929,0.590909,0.576577,0.617978,0.614679,0.703297,
17000,0.651786,0.602273,0.611111,0.6,0.580645,0.635514,0.543478,0.666667,0.556701,0.68932,0.592233,0.474227,0.622642,0.62766,0.556604,0.659574,0.52381,0.652632,0.649485,0.601942,0.586207,0.539823,0.520408,0.627451,0.454545,0.655556,0.53271,0.645161,0.516129,0.663551,0.622449,0.656863,0.622951,0.615385,0.714286,0.539216,0.680851,0.54717,0.606061,0.534653,0.626374,0.550459,0.608247,0.650485,0.570093,0.580645,0.55102,0.617647,0.511111,0.618182,0.547009,0.722892,0.695238,0.547368,0.584071,0.62069,0.663462,0.5625,0.534653,0.545455,0.59596,0.544554,0.632653,0.588235,0.604396,0.651376,0.537634,0.598131,0.626374,0.559633,0.510638,0.669811,0.634615,0.729167,0.68,0.53,0.57732,0.621359,0.68932,0.57732,0.633028,0.538462,0.615385,0.66055,0.543689,0.608247,0.679612,0.670103,0.568421,0.552381,0.622642,0.691489,0.568421,0.647619,0.625,0.604167,0.61165,0.515464,0.655738,0.589744,
17200,0.465347,0.535354,0.588235,0.612245,0.587156,0.582418,0.663158,0.571429,0.6,0.568421,0.655556,0.7,0.636364,0.644444,0.645833,0.586538,0.524752,0.59596,0.53211,0.593407,0.577778,0.727273,0.704082,0.558824,0.604167,0.615385,0.555556,0.524752,0.580952,0.505263,0.475248,0.585859,0.618182,0.633333,0.514286,0.694737,0.64,0.57,0.698795,0.555556,0.59375,0.538462,0.645455,0.655556,0.613861,0.606061,0.463918,0.533981,0.628319,0.586207,0.642202,0.549451,0.518182,0.633333,0.494845,0.621359,0.580952,0.589474,0.597938,0.621359,0.560748,0.580645,0.5625,0.596154,0.632075,0.5,0.577778,0.645455,0.564815,0.608696,0.490385,0.604167,0.639175,0.650485,0.615385,0.635417,0.488636,0.526786,0.609524,0.652632,0.53,0.57,0.61165,0.57732,0.649123,0.523256,0.541284,0.637363,0.581818,0.6,0.52,0.6,0.534653,0.626263,0.563107,0.680412,0.568182,0.616071,0.752475,0.666667,
17400,0.623656,0.64486,0.6,0.52381,0.707865,0.585586,0.604167,0.586538,0.581633,0.598039,0.54386,0.651163,0.64,0.62,0.545455,0.584158,0.634409,0.785047,0.465909,0.633929,0.504762,0.547368,0.529412,0.591837,0.666667,0.633663,0.606061,0.653465,0.663462,0.65625,0.720721,0.561798,0.585586,0.561798,0.740385,0.53125,0.721739,0.611765,0.663265,0.617647,0.660377,0.574468,0.576923,0.645833,0.57732,0.572816,0.563218,0.628319,0.638889,0.565217,0.618557,0.553398,0.598039,0.653061,0.592593,0.608696,0.551402,0.537634,0.586538,0.541667,0.567308,0.614583,0.572816,0.525773,0.607143,0.646552,0.642857,0.602273,0.531532,0.629213,0.752809,0.576577,0.529412,0.556522,0.522727,0.633929,0.606061,0.663366,0.598039,0.581633,0.583333,0.663462,0.63,0.53,0.604396,0.605505,0.64,0.56,0.640777,0.525773,0.614583,0.615385,0.65625,0.557692,0.54,0.6,0.673913,0.62037,0.67,0.61,
17600,0.698925,0.616822,0.509434,0.595745,0.561224,0.627451,0.59596,0.722772,0.576577,0.550562,0.50495,0.646465,0.521277,0.603774,0.628319,0.574713,0.653465,0.505051,0.67,0.53,0.54,0.5,0.65,0.51,0.62069,0.699115,0.571429,0.666667,0.641509,0.670213,0.568421,0.628571,0.625,0.6875,0.598131,0.591398,0.651685,0.576577,0.446602,0.608247,0.663158,0.542857,0.659341,0.623853,0.61165,0.618557,0.602151,0.64486,0.655172,0.60177,0.692308,0.510417,0.625,0.682692,0.734694,0.539216,0.634409,0.598131,0.584416,0.634146,0.592593,0.608696,0.606383,0.613208,0.707965,0.574713,0.598039,0.581633,0.63,0.51,0.59596,0.613861,0.727273,0.653465,0.536082,0.660194,0.589474,0.628571,0.589286,0.522727,0.653465,0.636364,0.6,0.518182,0.572816,0.608247,0.669643,0.625,0.574074,0.630435,0.571429,0.578947,0.586207,0.59292,0.622642,0.62766,0.606061,0.534653,0.707965,0.54023,
17800,0.5,0.630435,0.630952,0.586207,0.659574,0.669811,0.670213,0.537736,0.626374,0.587156,0.65,0.53,0.619469,0.712644,0.642857,0.681818,0.569767,0.640351,0.642857,0.647059,0.609195,0.539823,0.62766,0.688679,0.561224,0.490196,0.642857,0.647059,0.54,0.61,0.586538,0.552083,0.65,0.64,0.550847,0.609756,0.639175,0.61165,0.504348,0.670588,0.47,0.51,0.432692,0.583333,0.622642,0.585106,0.595745,0.622642,0.642857,0.607843,0.601942,0.639175,0.576087,0.592593,0.615385,0.59633,0.604396,0.587156,0.602041,0.647059,0.532609,0.648148,0.539216,0.622449,0.652174,0.611111,0.605769,0.614583,0.670213,0.59434,0.578431,0.632653,0.574713,0.584071,0.61,0.55,0.481928,0.521368,0.56,0.56,0.638095,0.515789,0.586957,0.703704,0.598291,0.686747,0.62,0.52,0.588889,0.618182,0.67619,0.589474,0.666667,0.705263,0.537736,0.531915,0.486957,0.658824,0.59375,0.644231,
18000,0.581633,0.656863,0.558559,0.640449,0.642857,0.539216,0.505376,0.626168,0.626168,0.634409,0.568807,0.549451,0.602041,0.637255,0.638095,0.473684,0.538462,0.572917,0.62,0.62,0.53,0.69,0.575758,0.70297,0.67033,0.587156,0.614679,0.582418,0.588785,0.569892,0.537634,0.588785,0.538462,0.645833,0.46,0.66,0.520833,0.634615,0.594059,0.666667,0.622642,0.648936,0.638095,0.684211,0.648352,0.587156,0.640777,0.57732,0.639175,0.543689,0.595745,0.566038,0.509615,0.572917,0.608696,0.564815,0.474747,0.554455,0.56,0.62,0.580952,0.568421,0.537634,0.46729,0.57,0.72,0.583333,0.565217,0.61,0.64,0.575472,0.606383,0.64,0.53,0.539216,0.663265,0.67,0.68,0.592593,0.619565,0.612903,0.626168,0.640777,0.701031,0.604167,0.596154,0.522727,0.5625,0.572917,0.586538,0.585106,0.509434,0.490566,0.574468,0.64,0.57,0.612245,0.627451,0.56,0.66,
18200,0.598039,0.561224,0.588235,0.591837,0.563218,0.663717,0.625,0.46875,0.605263,0.581395,0.610619,0.482759,0.641304,0.638889,0.602151,0.570093,0.637931,0.559524,0.654545,0.611111,0.616162,0.653465,0.75,0.61,0.590909,0.482143,0.53,0.63,0.519231,0.583333,0.536842,0.6,0.530612,0.568627,0.578947,0.628571,0.572917,0.730769,0.638095,0.6,0.564356,0.626263,0.592593,0.608696,0.548077,0.625,0.561905,0.6,0.705263,0.638095,0.622449,0.539216,0.552083,0.576923,0.571429,0.605505,0.597701,0.60177,0.617021,0.59434,0.59434,0.702128,0.677083,0.625,0.571429,0.602273,0.531532,0.606742,0.604167,0.576923,0.539823,0.563218,0.52,0.56,0.56383,0.603774,0.572816,0.639175,0.604651,0.578947,0.570093,0.537634,0.637168,0.655172,0.602041,0.598039,0.611765,0.6,0.650943,0.638298,0.604396,0.614679,0.669811,0.585106,0.559633,0.604396,0.524752,0.636364,0.605505,0.67033,
18400,0.64486,0.602151,0.525253,0.633663,0.51,0.65,0.612903,0.663551,0.663551,0.655914,0.654867,0.666667,0.628571,0.589474,0.62,0.55,0.565657,0.544554,0.631579,0.647619,0.557692,0.572917,0.632653,0.607843,0.505155,0.68932,0.536842,0.619048,0.634409,0.598131,0.611111,0.597826,0.621359,0.649485,0.657143,0.578947,0.688073,0.582418,0.703704,0.521739,0.588235,0.642857,0.640449,0.513514,0.670455,0.589286,0.690722,0.601942,0.566038,0.585106,0.685185,0.597826,0.680851,0.660377,0.59596,0.623762,0.579439,0.516129,0.690909,0.6,0.612245,0.705882,0.613861,0.656566,0.607843,0.612245,0.564356,0.494949,0.598214,0.545455,0.611111,0.630435,0.59292,0.609195,0.635417,0.519231,0.606383,0.566038,0.62037,0.619565,0.530612,0.745098,0.635417,0.596154,0.625,0.605769,0.529412,0.642857,0.672566,0.551724,0.666667,0.438202,0.669903,0.618557,0.666667,0.554217,0.626263,0.653465,0.553398,0.525773,
18600,0.6,0.554545,0.615385,0.635417,0.617978,0.585586,0.558824,0.602041,0.59375,0.567308,0.63,0.67,0.62,0.55,0.712871,0.626263,0.587629,0.650485,0.565657,0.584158,0.729167,0.538462,0.526316,0.533333,0.436782,0.566372,0.55,0.57,0.613861,0.545455,0.554455,0.575758,0.59596,0.594059,0.558559,0.685393,0.528736,0.646018,0.591837,0.607843,0.544554,0.585859,0.621053,0.638095,0.663158,0.6,0.631068,0.659794,0.557895,0.571429,0.537736,0.617021,0.558824,0.642857,0.679612,0.556701,0.679245,0.648936,0.643564,0.636364,0.575221,0.563218,0.551724,0.610619,0.622449,0.647059,0.672414,0.571429,0.556604,0.702128,0.680851,0.54717,0.591837,0.627451,0.680851,0.632075,0.598039,0.622449,0.587719,0.55814,0.626168,0.677419,0.627273,0.6,0.603774,0.574468,0.583333,0.565217,0.536842,0.638095,0.548077,0.697917,0.568627,0.571429,0.650485,0.639175,0.597938,0.621359,0.64486,0.612903,
18800,0.649485,0.592233,0.647619,0.652632,0.612245,0.5,0.622449,0.607843,0.73913,0.564815,0.617021,0.650943,0.711111,0.645455,0.606061,0.643564,0.6,0.566667,0.537037,0.597826,0.54,0.6,0.58,0.64,0.643564,0.656566,0.669811,0.542553,0.635417,0.644231,0.466667,0.642105,0.690265,0.62069,0.55,0.58,0.616822,0.591398,0.683673,0.588235,0.616279,0.701754,0.67,0.62,0.54902,0.459184,0.636364,0.584158,0.583333,0.673913,0.583333,0.576087,0.627451,0.5,0.525253,0.524752,0.633663,0.59596,0.606061,0.693069,0.608247,0.592233,0.612245,0.588235,0.577778,0.618182,0.54,0.54,0.611111,0.619565,0.466667,0.645455,0.637255,0.632653,0.625,0.739583,0.641304,0.62963,0.583333,0.557692,0.679245,0.606383,0.583333,0.554348,0.6,0.631579,0.640351,0.651163,0.528302,0.62766,0.517857,0.590909,0.526786,0.659091,0.567568,0.662921,0.685714,0.705263,0.625,0.590909,
19000,0.62,0.66,0.634615,0.614583,0.605769,0.635417,0.682243,0.591398,0.606742,0.558559,0.643564,0.636364,0.592593,0.597826,0.606061,0.564356,0.591398,0.588785,0.643564,0.636364,0.647059,0.673469,0.724138,0.504425,0.697674,0.614035,0.644231,0.552083,0.613861,0.535354,0.76,0.6,0.552632,0.534884,0.630435,0.564815,0.659794,0.601942,0.68,0.43,0.610526,0.542857,0.67033,0.587156,0.509804,0.520408,0.568627,0.561224,0.644231,0.572917,0.582524,0.618557,0.615385,0.614583,0.589474,0.647619,0.595041,0.658228,0.544554,0.575758,0.641509,0.542553,0.625,0.681818,0.637255,0.591837,0.618557,0.524272,0.625,0.625,0.717172,0.623762,0.59,0.54,0.617647,0.591837,0.625,0.644231,0.64,0.55,0.607843,0.571429,0.694737,0.619048,0.572727,0.544444,0.625,0.576923,0.6,0.64,0.663717,0.609195,0.606061,0.623762,0.623762,0.666667,0.651163,0.517544,0.50495,0.585859,
19200,0.608247,0.563107,0.719626,0.634409,0.55914,0.616822,0.571429,0.607843,0.588785,0.505376,0.527778,0.576087,0.563107,0.639175,0.510638,0.613208,0.621359,0.639175,0.625,0.625,0.547368,0.590476,0.558559,0.752809,0.627273,0.677778,0.673469,0.656863,0.57732,0.640777,0.608696,0.611111,0.623656,0.663551,0.556701,0.621359,0.54717,0.5,0.565657,0.613861,0.639175,0.563107,0.641304,0.62963,0.605505,0.659341,0.577982,0.692308,0.602273,0.607143,0.659794,0.621359,0.554348,0.583333,0.56701,0.679612,0.653465,0.545455,0.629213,0.621622,0.560748,0.580645,0.514563,0.556701,0.680851,0.537736,0.632075,0.659574,0.631068,0.649485,0.591837,0.588235,0.632653,0.637255,0.688172,0.570093,0.636364,0.544554,0.592593,0.630435,0.68932,0.597938,0.625,0.625,0.670588,0.556522,0.617647,0.653061,0.59596,0.584158,0.593407,0.559633,0.621359,0.56701,0.611111,0.590909,0.54955,0.550562,0.639175,0.514563,
19400,0.695652,0.537037,0.611111,0.627273,0.686869,0.554455,0.467391,0.657407,0.572816,0.57732,0.650485,0.649485,0.585859,0.514851,0.51,0.52,0.521739,0.62037,0.643678,0.60177,0.625,0.625,0.607843,0.683673,0.670103,0.621359,0.596154,0.625,0.571429,0.6,0.585106,0.518868,0.55814,0.596491,0.606061,0.485149,0.56044,0.587156,0.578431,0.653061,0.552083,0.576923,0.637363,0.568807,0.582524,0.608247,0.489362,0.556604,0.636364,0.611111,0.571429,0.715596,0.636364,0.566667,0.701031,0.669903,0.59596,0.623762,0.534653,0.606061,0.58427,0.585586,0.736364,0.6,0.627451,0.673469,0.568421,0.685714,0.626168,0.623656,0.632653,0.54902,0.573913,0.588235,0.676471,0.561224,0.641304,0.62037,0.621053,0.628571,0.613208,0.542553,0.592233,0.608247,0.609524,0.578947,0.646465,0.554455,0.59,0.55,0.609756,0.661017,0.609091,0.544444,0.621053,0.571429,0.495238,0.578947,0.621053,0.638095,
19600,0.65,0.71,0.54902,0.622449,0.588785,0.591398,0.666667,0.602041,0.520408,0.529412,0.672897,0.623656,0.483516,0.541284,0.57265,0.566265,0.737864,0.649485,0.724771,0.681319,0.597938,0.621359,0.580952,0.494737,0.592233,0.659794,0.584906,0.606383,0.648148,0.543478,0.578431,0.642857,0.574468,0.641509,0.586207,0.672566,0.594595,0.606742,0.586538,0.59375,0.6,0.589474,0.65,0.59,0.608696,0.657407,0.522523,0.595506,0.607477,0.516129,0.612245,0.598039,0.62963,0.565217,0.5,0.63,0.611111,0.663043,0.536082,0.524272,0.627451,0.530612,0.571429,0.550459,0.6,0.552381,0.6,0.65,0.6,0.53,0.578947,0.619048,0.56,0.65,0.530612,0.637255,0.68932,0.628866,0.565217,0.576471,0.594059,0.59596,0.552083,0.663462,0.580645,0.635514,0.545455,0.584158,0.652632,0.52381,0.558824,0.561224,0.603448,0.607143,0.54,0.65,0.577778,0.618182,0.558824,0.602041,
19800,0.542553,0.556604,0.543689,0.536082,0.64,0.58,0.673913,0.648148,0.685714,0.705263,0.598039,0.602041,0.579439,0.698925,0.703297,0.66055,0.663158,0.580952,0.575472,0.553191,0.632075,0.648936,0.636364,0.588889,0.704545,0.607143,0.673684,0.657143,0.577778,0.663636,0.550847,0.658537,0.623762,0.646465,0.590476,0.610526,0.576923,0.552083,0.605505,0.593407,0.680412,0.61165,0.623853,0.637363,0.683168,0.686869,0.715686,0.571429,0.591837,0.54902,0.557895,0.552381,0.613861,0.565657,0.645833,0.576923,0.590476,0.568421,0.621622,0.719101,0.59596,0.574257,0.65625,0.557692,0.575758,0.534653,0.651376,0.604396,0.539216,0.693878,0.586538,0.572917,0.646465,0.623762,0.57,0.54,0.662921,0.585586,0.556701,0.592233,0.436364,0.577778,0.670103,0.640777,0.585106,0.584906,0.66055,0.582418,0.663265,0.666667,0.649485,0.533981,0.649485,0.708738,0.682243,0.634409,0.510204,0.607843,0.631579,0.609524,
20000,0.57,0.6,0.640777,0.608247,0.613208,0.56383,0.530612,0.54902,0.572816,0.536082,0.666667,0.673469,0.585586,0.550562,0.56,0.62,0.66055,0.626374,0.71,0.55,0.625,0.59375,0.607143,0.511364,0.543689,0.649485,0.642202,0.604396,0.630631,0.629213,0.494949,0.584158,0.51,0.63,0.515464,0.669903,0.6,0.561905,0.588235,0.591304,0.619565,0.62037,0.660377,0.595745,0.592233,0.608247,0.653846,0.5,0.597826,0.592593,0.626263,0.60396,0.56701,0.631068,0.637931,0.583333,0.573913,0.658824,0.533981,0.525773,0.561905,0.642105,0.575758,0.554455,0.58,0.5,0.514563,0.536082,0.544444,0.518182,0.602151,0.635514,0.55,0.64,0.6,0.644444,0.67,0.66,0.585106,0.698113,0.637255,0.622449,0.672566,0.597701,0.645455,0.644444,0.638095,0.484211,0.489583,0.605769,0.725275,0.59633,0.659341,0.59633,0.649123,0.523256,0.593023,0.578947,0.604651,0.622807,
20200,0.571429,0.568627,0.645833,0.644231,0.583333,0.608696,0.533981,0.597938,0.563107,0.546392,0.505882,0.565217,0.625,0.59375,0.670103,0.582524,0.613861,0.666667,0.546392,0.61165,0.67,0.53,0.585859,0.594059,0.659794,0.61165,0.591837,0.539216,0.494949,0.564356,0.59633,0.56044,0.680851,0.603774,0.742574,0.535354,0.695652,0.541176,0.55814,0.631579,0.643478,0.6,0.679245,0.585106,0.688073,0.648352,0.591398,0.598131,0.653465,0.636364,0.693069,0.616162,0.552083,0.567308,0.514563,0.474227,0.549451,0.605505,0.628866,0.582524,0.75,0.605769,0.551402,0.569892,0.565657,0.683168,0.655556,0.636364,0.673469,0.627451,0.553398,0.57732,0.5,0.54,0.567308,0.666667,0.515789,0.628571,0.56,0.53,0.648936,0.669811,0.602041,0.588235,0.541667,0.596154,0.606061,0.613861,0.564706,0.643478,0.54,0.55,0.553571,0.511364,0.663462,0.59375,0.627451,0.581633,0.601942,0.628866,
20400,0.54023,0.619469,0.740385,0.708333,0.630631,0.752809,0.681319,0.633028,0.632653,0.637255,0.633663,0.666667,0.53271,0.580645,0.627273,0.577778,0.615385,0.635417,0.565217,0.648148,0.613208,0.553191,0.557895,0.6,0.483516,0.541284,0.518519,0.576087,0.729167,0.663462,0.627451,0.653061,0.561404,0.674419,0.516129,0.579439,0.550459,0.571429,0.5,0.74,0.57732,0.533981,0.518868,0.62766,0.59,0.52,0.670213,0.537736,0.633663,0.656566,0.566372,0.62069,0.602151,0.579439,0.642857,0.666667,0.528846,0.5625,0.659794,0.68932,0.448598,0.634409,0.44898,0.54902,0.564815,0.543478,0.602041,0.558824,0.613636,0.642857,0.623762,0.636364,0.663265,0.617647,0.558559,0.640449,0.560748,0.634409,0.628866,0.621359,0.602273,0.589286,0.565657,0.60396,0.583333,0.625,0.623853,0.582418,0.588785,0.634409,0.520408,0.568627,0.461538,0.479167,0.626168,0.623656,0.715517,0.619048,0.670732,0.601695,
20600,0.61165,0.608247,0.607143,0.488636,0.509615,0.520833,0.645833,0.673077,0.553398,0.597938,0.5625,0.5,0.673684,0.628571,0.568627,0.653061,0.543689,0.597938,0.608247,0.747573,0.547368,0.590476,0.601942,0.57732,0.695652,0.670588,0.635417,0.653846,0.688889,0.736364,0.572917,0.644231,0.55102,0.578431,0.645455,0.577778,0.587629,0.504854,0.608247,0.582524,0.645833,0.682692,0.535354,0.524752,0.598039,0.591837,0.6,0.672727,0.634615,0.5625,0.628571,0.589474,0.603448,0.595238,0.634146,0.652542,0.657407,0.576087,0.574257,0.565657,0.65,0.55,0.605769,0.604167,0.515464,0.601942,0.673469,0.627451,0.62069,0.610619,0.657407,0.586957,0.7,0.633333,0.673913,0.546296,0.545455,0.623762,0.647619,0.589474,0.747573,0.494845,0.488636,0.580357,0.557895,0.647619,0.588235,0.642857,0.62037,0.576087,0.62,0.59,0.637363,0.669725,0.565217,0.638889,0.610526,0.657143,0.516854,0.657658,
20800,0.595745,0.556604,0.57732,0.640777,0.574257,0.606061,0.525253,0.554455,0.565657,0.60396,0.572816,0.556701,0.706422,0.582418,0.572917,0.576923,0.613208,0.659574,0.642857,0.594828,0.585586,0.674157,0.545455,0.677778,0.505495,0.669725,0.561404,0.627907,0.604167,0.653846,0.6,0.6,0.587719,0.488372,0.5625,0.653846,0.53125,0.682692,0.60241,0.623932,0.625,0.625,0.606383,0.688679,0.546512,0.596491,0.5,0.614583,0.636364,0.611111,0.519608,0.622449,0.706422,0.604396,0.619048,0.536842,0.53,0.6,0.666667,0.530612,0.733333,0.673684,0.596491,0.55814,0.666667,0.633663,0.589474,0.72381,0.594595,0.674157,0.536842,0.695238,0.6,0.61,0.57,0.58,0.556701,0.650485,0.605769,0.65625,0.595745,0.566038,0.52381,0.557895,0.622449,0.578431,0.663158,0.628571,0.61165,0.587629,0.62069,0.628319,0.509615,0.625,0.57,0.48,0.637931,0.583333,0.548387,0.607477,
21000,0.615385,0.513761,0.656566,0.683168,0.595745,0.509434,0.711538,0.583333,0.642857,0.637255,0.66,0.6,0.534653,0.515152,0.583333,0.51087,0.653846,0.53125,0.568421,0.485714,0.682692,0.583333,0.555556,0.633663,0.676471,0.673469,0.676768,0.683168,0.539216,0.663265,0.571429,0.745098,0.523364,0.602151,0.584158,0.575758,0.533898,0.670732,0.572816,0.608247,0.609524,0.610526,0.615385,0.71875,0.582524,0.56701,0.631579,0.580952,0.54,0.62,0.651786,0.693182,0.591398,0.682243,0.652632,0.609524,0.663265,0.607843,0.662921,0.621622,0.56,0.64,0.618557,0.572816,0.591398,0.626168,0.585106,0.660377,0.59375,0.615385,0.615385,0.5,0.582524,0.680412,0.615385,0.623853,0.579439,0.602151,0.563218,0.513274,0.569892,0.64486,0.636364,0.4375,0.585586,0.516854,0.688073,0.648352,0.605505,0.505495,0.576087,0.638889,0.686275,0.540816,0.550459,0.604396,0.616162,0.653465,0.705882,0.581633,
21200,0.632653,0.588235,0.590909,0.511111,0.553191,0.641509,0.65625,0.605769,0.66,0.62,0.612245,0.656863,0.59375,0.615385,0.637255,0.612245,0.580952,0.536842,0.548673,0.586207,0.670103,0.601942,0.663462,0.604167,0.585859,0.534653,0.598039,0.653061,0.584158,0.565657,0.5,0.583333,0.666667,0.55102,0.645833,0.596154,0.616162,0.70297,0.586538,0.552083,0.621622,0.561798,0.62766,0.603774,0.645833,0.615385,0.592233,0.556701,0.516484,0.59633,0.637255,0.55102,0.540816,0.598039,0.660194,0.57732,0.617021,0.632075,0.666667,0.623762,0.515464,0.514563,0.571429,0.607843,0.623762,0.636364,0.647059,0.581633,0.554455,0.585859,0.533981,0.608247,0.627451,0.561224,0.601942,0.556701,0.612903,0.551402,0.634615,0.552083,0.609524,0.557895,0.6,0.647059,0.666667,0.613861,0.59,0.52,0.648148,0.684783,0.629213,0.612613,0.657143,0.663158,0.633663,0.656566,0.618557,0.563107,0.579439,0.645161,
21400,0.633663,0.626263,0.653465,0.636364,0.6,0.666667,0.552381,0.557895,0.572917,0.663462,0.631068,0.494845,0.63,0.63,0.693069,0.59596,0.48,0.54,0.5,0.617021,0.557895,0.542857,0.561905,0.515789,0.606061,0.475248,0.642857,0.607843,0.738636,0.616071,0.670103,0.631068,0.712871,0.686869,0.672897,0.591398,0.59,0.58,0.51087,0.638889,0.69,0.67,0.673684,0.552381,0.556604,0.574468,0.541284,0.637363,0.587156,0.582418,0.60396,0.535354,0.625,0.520833,0.68932,0.628866,0.619565,0.611111,0.522222,0.590909,0.66055,0.626374,0.638298,0.59434,0.666667,0.663551,0.605505,0.417582,0.606383,0.613208,0.62766,0.660377,0.688679,0.585106,0.607477,0.591398,0.621359,0.670103,0.515152,0.584158,0.575472,0.617021,0.616279,0.578947,0.704082,0.607843,0.574257,0.646465,0.585859,0.70297,0.53271,0.634409,0.585586,0.539326,0.568627,0.571429,0.646465,0.50495,0.59434,0.670213,
21600,0.642857,0.627451,0.561224,0.627451,0.582524,0.649485,0.582524,0.57732,0.519608,0.591837,0.509615,0.666667,0.561798,0.576577,0.471154,0.645833,0.525773,0.660194,0.630631,0.561798,0.490909,0.555556,0.64,0.6,0.585106,0.528302,0.534653,0.676768,0.58,0.5,0.607477,0.526882,0.640449,0.657658,0.643564,0.555556,0.666667,0.571429,0.64486,0.612903,0.621359,0.628866,0.583333,0.597826,0.645161,0.626168,0.703704,0.608696,0.619469,0.563218,0.617021,0.59434,0.50495,0.59596,0.564706,0.573913,0.606061,0.584158,0.580952,0.526316,0.566038,0.680851,0.603774,0.606383,0.566038,0.712766,0.408602,0.570093,0.626263,0.594059,0.594059,0.626263,0.554348,0.564815,0.638095,0.631579,0.564815,0.565217,0.617647,0.55102,0.509615,0.5625,0.644231,0.677083,0.564356,0.636364,0.535354,0.633663,0.678571,0.603448,0.591837,0.54902,0.677083,0.605769,0.607843,0.591837,0.670213,0.556604,0.585859,0.574257,
21800,0.614679,0.494505,0.472727,0.544444,0.62037,0.619565,0.5,0.596154,0.59375,0.519231,0.5,0.552632,0.59375,0.625,0.677083,0.663462,0.663158,0.609524,0.596154,0.604167,0.612245,0.676471,0.614583,0.586538,0.581197,0.614458,0.555556,0.527273,0.542857,0.515789,0.699029,0.453608,0.582524,0.587629,0.594595,0.640449,0.607843,0.602041,0.655914,0.588785,0.592233,0.597938,0.544643,0.454545,0.586538,0.677083,0.58,0.59,0.587629,0.592233,0.533333,0.484211,0.622222,0.663636,0.653465,0.656566,0.566038,0.56383,0.578431,0.642857,0.518519,0.554348,0.642857,0.637255,0.618182,0.566667,0.622807,0.662791,0.638889,0.554348,0.551402,0.602151,0.526316,0.590476,0.537634,0.485981,0.557692,0.59375,0.574468,0.556604,0.666667,0.584158,0.544444,0.609091,0.484536,0.553398,0.686275,0.571429,0.584158,0.555556,0.669811,0.638298,0.576577,0.539326,0.631579,0.619048,0.666667,0.622449,0.584906,0.542553,
22000,0.579439,0.602151,0.56383,0.632075,0.59434,0.617021,0.691489,0.650943,0.626168,0.634409,0.660194,0.57732,0.618644,0.658537,0.587629,0.553398,0.623762,0.616162,0.571429,0.646552,0.608247,0.514563,0.592593,0.684783,0.581633,0.637255,0.605769,0.59375,0.483871,0.672897,0.610619,0.563218,0.657143,0.494737,0.602041,0.637255,0.622642,0.478723,0.546392,0.572816,0.542857,0.6,0.591837,0.578431,0.593407,0.66055,0.632653,0.637255,0.683168,0.575758,0.614583,0.596154,0.709677,0.607477,0.545455,0.584158,0.62037,0.521739,0.636364,0.660714,0.530973,0.551724,0.610526,0.52381,0.618557,0.475728,0.679245,0.638298,0.666667,0.6125,0.554455,0.636364,0.598131,0.623656,0.557895,0.67619,0.544554,0.626263,0.590476,0.610526,0.652632,0.542857,0.752688,0.654206,0.55102,0.676471,0.588235,0.608696,0.622449,0.568627,0.602151,0.635514,0.614583,0.605769,0.584158,0.606061,0.557895,0.52381,0.6875,0.647727,
22200,0.610526,0.657143,0.630435,0.611111,0.476636,0.591398,0.585106,0.537736,0.63,0.64,0.592233,0.515464,0.693878,0.617647,0.622449,0.54902,0.576923,0.572917,0.69,0.64,0.62,0.55,0.524752,0.585859,0.612245,0.666667,0.637255,0.581633,0.555556,0.618182,0.602041,0.647059,0.584158,0.626263,0.485714,0.557895,0.59375,0.586538,0.53125,0.625,0.524272,0.597938,0.587156,0.582418,0.536082,0.601942,0.621053,0.580952,0.632653,0.676471,0.542553,0.669811,0.628866,0.640777,0.64,0.61,0.605769,0.6875,0.628571,0.578947,0.626263,0.534653,0.598039,0.683673,0.586207,0.628319,0.594059,0.616162,0.63,0.65,0.647619,0.557895,0.544554,0.545455,0.662791,0.578947,0.589286,0.693182,0.554348,0.518519,0.601942,0.608247,0.655914,0.607477,0.646018,0.597701,0.527473,0.651376,0.535714,0.590909,0.604167,0.653846,0.59292,0.632184,0.613861,0.59596,0.612613,0.640449,0.584158,0.676768,
22400,0.578431,0.632653,0.565657,0.633663,0.635514,0.537634,0.586538,0.65625,0.547368,0.628571,0.648936,0.650943,0.683168,0.686869,0.56701,0.601942,0.610619,0.62069,0.647619,0.568421,0.495146,0.556701,0.510204,0.617647,0.517241,0.628319,0.652174,0.62037,0.603604,0.539326,0.645833,0.663462,0.546296,0.478261,0.567568,0.550562,0.585106,0.632075,0.727273,0.633663,0.464286,0.613636,0.555556,0.663366,0.566372,0.643678,0.514563,0.639175,0.71,0.56,0.607843,0.653061,0.614679,0.582418,0.601942,0.659794,0.568421,0.542857,0.576923,0.552083,0.639175,0.582524,0.574468,0.632075,0.585859,0.712871,0.602041,0.578431,0.657658,0.606742,0.690722,0.621359,0.637363,0.623853,0.518519,0.608696,0.622449,0.656863,0.641304,0.648148,0.574074,0.597826,0.526786,0.590909,0.660194,0.505155,0.5625,0.615385,0.7,0.590909,0.62963,0.597826,0.556701,0.68932,0.673077,0.65625,0.564706,0.582609,0.558559,0.516854,
22600,0.704082,0.558824,0.612245,0.627451,0.734513,0.701149,0.571429,0.589474,0.580952,0.589474,0.633663,0.575758,0.579439,0.580645,0.623656,0.607477,0.628866,0.592233,0.566038,0.585106,0.59,0.67,0.571429,0.627451,0.591837,0.666667,0.556604,0.521277,0.568182,0.625,0.622642,0.542553,0.666667,0.674157,0.647059,0.540816,0.602273,0.669643,0.61,0.59,0.663366,0.616162,0.597826,0.583333,0.68,0.63,0.566667,0.55,0.524272,0.587629,0.583333,0.75,0.530435,0.470588,0.574074,0.619565,0.62037,0.619565,0.626374,0.550459,0.71028,0.634409,0.618557,0.650485,0.621622,0.640449,0.607843,0.622449,0.684211,0.514286,0.666667,0.655462,0.654545,0.588889,0.611111,0.597826,0.552381,0.463158,0.697248,0.582418,0.504762,0.694737,0.644231,0.59375,0.576087,0.62037,0.614583,0.682692,0.603774,0.606383,0.63,0.58,0.60396,0.656566,0.514851,0.565657,0.514019,0.526882,0.594059,0.575758,
22800,0.641026,0.566265,0.636364,0.60396,0.53125,0.519231,0.522936,0.527473,0.5,0.622642,0.598039,0.663265,0.552083,0.605769,0.510638,0.660377,0.617021,0.584906,0.591837,0.558824,0.59,0.59,0.618182,0.666667,0.59434,0.553191,0.616162,0.633663,0.61,0.67,0.533333,0.631579,0.510417,0.644231,0.626168,0.580645,0.574468,0.669811,0.544643,0.625,0.60396,0.59596,0.582524,0.597938,0.577778,0.590909,0.663265,0.647059,0.547826,0.670588,0.643678,0.566372,0.581633,0.686275,0.553191,0.613208,0.591837,0.607843,0.581818,0.611111,0.592593,0.608696,0.682692,0.520833,0.538462,0.53125,0.727273,0.574257,0.566372,0.563218,0.586207,0.584071,0.614583,0.490385,0.651786,0.625,0.610526,0.619048,0.666667,0.715789,0.62766,0.641509,0.56,0.46,0.607143,0.594828,0.54717,0.510638,0.614583,0.663462,0.61165,0.649485,0.580645,0.626168,0.594059,0.565657,0.71875,0.740385,0.586957,0.537037,
23000,0.575758,0.623762,0.699029,0.721649,0.659794,0.524272,0.589474,0.6,0.628571,0.536842,0.657143,0.557895,0.519231,0.520833,0.603604,0.651685,0.633028,0.593407,0.576471,0.486957,0.611111,0.521739,0.666667,0.55102,0.606061,0.564356,0.54,0.61,0.523256,0.535088,0.6,0.628571,0.626263,0.653465,0.663366,0.646465,0.605769,0.583333,0.65625,0.538462,0.649573,0.578313,0.653061,0.519608,0.590909,0.544444,0.570093,0.55914,0.659794,0.533981,0.663366,0.494949,0.652632,0.580952,0.656566,0.613861,0.612245,0.5,0.524752,0.575758,0.495413,0.659341,0.584906,0.542553,0.594595,0.561798,0.688679,0.531915,0.590909,0.566667,0.670103,0.504854,0.634409,0.560748,0.615385,0.614679,0.565217,0.648148,0.670103,0.543689,0.635514,0.591398,0.602041,0.588235,0.71028,0.741935,0.67,0.68,0.616822,0.580645,0.610526,0.628571,0.63,0.57,0.592233,0.515464,0.696078,0.683673,0.525253,0.653465,
23200,0.526316,0.67619,0.581633,0.607843,0.56701,0.640777,0.619835,0.556962,0.663158,0.695238,0.617391,0.505882,0.514563,0.690722,0.575758,0.623762,0.63,0.61,0.666667,0.663366,0.634615,0.625,0.582418,0.614679,0.585859,0.594059,0.5,0.59375,0.669355,0.473684,0.682353,0.478261,0.683168,0.565657,0.59,0.56,0.626168,0.677419,0.638889,0.48913,0.536082,0.669903,0.642105,0.6,0.631068,0.536082,0.584906,0.659574,0.641975,0.563025,0.711538,0.5625,0.657658,0.58427,0.554455,0.535354,0.59,0.58,0.67,0.58,0.716981,0.56383,0.589474,0.6,0.54,0.6,0.509091,0.633333,0.586957,0.62963,0.544444,0.654545,0.572727,0.722222,0.489583,0.586538,0.588235,0.561224,0.571429,0.588235,0.554348,0.666667,0.586538,0.59375,0.49505,0.59596,0.604938,0.579832,0.595745,0.603774,0.61,0.64,0.629213,0.585586,0.616162,0.60396,0.657407,0.51087,0.585859,0.554455,
23400,0.643564,0.646465,0.625,0.605769,0.569767,0.719298,0.590909,0.598214,0.586777,0.696203,0.585859,0.633663,0.680851,0.575472,0.677083,0.605769,0.572816,0.57732,0.568627,0.622449,0.66,0.64,0.643564,0.626263,0.610526,0.638095,0.670213,0.613208,0.62,0.62,0.561224,0.509804,0.505376,0.635514,0.608696,0.712963,0.535354,0.673267,0.535354,0.633663,0.649573,0.590361,0.634409,0.598131,0.591837,0.647059,0.649485,0.553398,0.488372,0.631579,0.526316,0.552381,0.636364,0.554455,0.485714,0.578947,0.561905,0.694737,0.546392,0.640777,0.597701,0.575221,0.59633,0.549451,0.593407,0.559633,0.58,0.67,0.510204,0.539216,0.543689,0.56701,0.545455,0.651786,0.566038,0.553191,0.61,0.56,0.540816,0.509804,0.571429,0.6,0.575472,0.617021,0.645833,0.625,0.533333,0.554545,0.57732,0.543689,0.6875,0.625,0.6,0.663158,0.66,0.66,0.59596,0.564356,0.6,0.6,
23600,0.63,0.53,0.666667,0.714286,0.673913,0.583333,0.539216,0.622449,0.65625,0.557692,0.520408,0.666667,0.556701,0.621359,0.52,0.66,0.621053,0.666667,0.639175,0.61165,0.591837,0.715686,0.67,0.55,0.63,0.56,0.699029,0.597938,0.679612,0.597938,0.643564,0.626263,0.617978,0.594595,0.581818,0.666667,0.607843,0.622449,0.535354,0.673267,0.554348,0.509259,0.548077,0.65625,0.555556,0.564356,0.619048,0.642105,0.543478,0.583333,0.617021,0.518868,0.657407,0.597826,0.666667,0.509615,0.617647,0.693878,0.641304,0.574074,0.574468,0.537736,0.504673,0.569892,0.617021,0.556604,0.52,0.6,0.606061,0.663366,0.615385,0.614583,0.5625,0.557692,0.602041,0.578431,0.656863,0.510204,0.479592,0.676471,0.5625,0.634615,0.537736,0.585106,0.614583,0.509615,0.521739,0.62963,0.597938,0.533981,0.608247,0.601942,0.504274,0.590361,0.632653,0.696078,0.510417,0.692308,0.5,0.709091,
23800,0.57732,0.592233,0.558559,0.629213,0.587156,0.604396,0.690909,0.511111,0.622449,0.539216,0.632075,0.542553,0.473214,0.545455,0.608696,0.564815,0.504854,0.536082,0.663462,0.583333,0.693069,0.525253,0.522727,0.580357,0.606061,0.574257,0.543689,0.680412,0.546392,0.660194,0.535354,0.712871,0.446809,0.575472,0.552381,0.663158,0.625,0.653846,0.621053,0.647619,0.509615,0.697917,0.58,0.6,0.50495,0.646465,0.58,0.64,0.642857,0.534091,0.510638,0.660377,0.606383,0.59434,0.46875,0.692308,0.583333,0.565217,0.630631,0.58427,0.645833,0.692308,0.635417,0.673077,0.643564,0.616162,0.641509,0.617021,0.635417,0.528846,0.592593,0.630435,0.605263,0.569767,0.679612,0.628866,0.571429,0.637255,0.595745,0.603774,0.684211,0.504762,0.663462,0.614583,0.60396,0.565657,0.673077,0.614583,0.613861,0.636364,0.618182,0.577778,0.588785,0.537634,0.55,0.62,0.698113,0.585106,0.625,0.538462,
24000,0.602151,0.560748,0.573034,0.63964,0.632653,0.588235,0.673077,0.552083,0.604167,0.596154,0.623762,0.646465,0.610526,0.695238,0.61,0.54,0.563107,0.56701,0.593023,0.640351,0.619048,0.663158,0.595745,0.537736,0.61165,0.597938,0.516129,0.485981,0.598039,0.510204,0.641304,0.666667,0.530612,0.598039,0.618557,0.563107,0.622449,0.617647,0.614679,0.648352,0.7,0.663636,0.57732,0.699029,0.602273,0.589286,0.613861,0.575758,0.56383,0.584906,0.591304,0.635294,0.554348,0.583333,0.71,0.53,0.608247,0.572816,0.672727,0.655556,0.591837,0.558824,0.626263,0.633663,0.62069,0.707965,0.566038,0.617021,0.736842,0.761905,0.604396,0.651376,0.542373,0.573171,0.484536,0.68932,0.611111,0.576087,0.546392,0.572816,0.666667,0.613861,0.543689,0.618557,0.666667,0.540816,0.588235,0.663265,0.697917,0.538462,0.651786,0.625,0.672897,0.623656,0.483871,0.598131,0.514286,0.515789,0.643564,0.494949,
24200,0.582524,0.556701,0.514286,0.547368,0.569892,0.663551,0.618182,0.633333,0.614583,0.567308,0.680412,0.669903,0.67033,0.66055,0.54902,0.510204,0.637363,0.669725,0.585859,0.683168,0.578947,0.628571,0.727273,0.673267,0.673077,0.53125,0.675676,0.629213,0.7,0.59,0.66055,0.582418,0.648352,0.623853,0.607843,0.489796,0.679245,0.531915,0.586207,0.584071,0.653846,0.5,0.519231,0.604167,0.634615,0.6875,0.533981,0.649485,0.584158,0.636364,0.568421,0.542857,0.56,0.44,0.549451,0.605505,0.574468,0.632075,0.602151,0.560748,0.56701,0.572816,0.628571,0.673684,0.7125,0.566667,0.734043,0.660377,0.588235,0.571429,0.625,0.583333,0.595745,0.59434,0.663462,0.541667,0.691589,0.612903,0.606383,0.613208,0.553191,0.613208,0.708333,0.557692,0.58427,0.603604,0.650485,0.659794,0.47,0.55,0.666667,0.673469,0.614583,0.663462,0.504854,0.56701,0.606061,0.613861,0.539216,0.632653,
24400,0.576923,0.552083,0.586538,0.666667,0.7,0.636364,0.576923,0.59375,0.575758,0.633663,0.607477,0.548387,0.635417,0.576923,0.605769,0.645833,0.666667,0.576087,0.567308,0.625,0.587156,0.549451,0.612245,0.607843,0.561905,0.589474,0.578947,0.609524,0.602151,0.728972,0.5875,0.6,0.62069,0.557522,0.572727,0.644444,0.531915,0.556604,0.642105,0.580952,0.638298,0.669811,0.633663,0.616162,0.601852,0.630435,0.6,0.619048,0.672897,0.591398,0.578947,0.628571,0.657143,0.621053,0.573913,0.541176,0.666667,0.544554,0.631068,0.453608,0.588785,0.591398,0.571429,0.604938,0.637255,0.561224,0.622449,0.578431,0.585106,0.688679,0.541667,0.605769,0.648148,0.630435,0.568421,0.609524,0.584158,0.565657,0.604167,0.711538,0.494949,0.633663,0.676471,0.693878,0.466667,0.642105,0.626263,0.683168,0.598131,0.623656,0.537736,0.56383,0.527273,0.622222,0.699029,0.597938,0.601942,0.556701,0.613208,0.659574,
24600,0.670455,0.633929,0.65,0.51,0.579439,0.602151,0.447619,0.663158,0.587156,0.626374,0.603774,0.56383,0.623762,0.535354,0.634615,0.604167,0.698925,0.46729,0.557895,0.628571,0.617021,0.641509,0.477064,0.593407,0.65,0.61,0.681818,0.642857,0.586957,0.62037,0.666667,0.663636,0.747475,0.594059,0.6,0.557895,0.54955,0.52809,0.59596,0.623762,0.568627,0.581633,0.592233,0.556701,0.585859,0.643564,0.585859,0.653465,0.608696,0.648148,0.648649,0.685393,0.622642,0.691489,0.561224,0.656863,0.530973,0.678161,0.59,0.64,0.60396,0.525253,0.567568,0.640449,0.509804,0.602041,0.602151,0.53271,0.565657,0.594059,0.579545,0.598214,0.625,0.552083,0.633663,0.636364,0.5,0.6,0.631068,0.546392,0.62,0.61,0.592233,0.525773,0.55102,0.598039,0.62,0.52,0.638298,0.632075,0.59596,0.623762,0.618557,0.524272,0.622449,0.637255,0.576087,0.601852,0.637255,0.663265,
24800,0.565657,0.643564,0.611111,0.717391,0.510204,0.656863,0.735632,0.575221,0.559633,0.626374,0.565657,0.633663,0.525773,0.466019,0.670213,0.59434,0.54023,0.654867,0.54955,0.606742,0.654867,0.597701,0.608247,0.679612,0.581633,0.637255,0.575472,0.659574,0.591837,0.627451,0.5,0.578431,0.417476,0.721649,0.468468,0.52809,0.669903,0.536082,0.564356,0.616162,0.563107,0.597938,0.637255,0.704082,0.575472,0.638298,0.640777,0.587629,0.666667,0.641304,0.635417,0.557692,0.548077,0.635417,0.670213,0.622642,0.597826,0.546296,0.625,0.625,0.663366,0.59596,0.724771,0.483516,0.630435,0.518519,0.568807,0.626374,0.541667,0.528846,0.591837,0.529412,0.571429,0.529412,0.576577,0.573034,0.608247,0.601942,0.578947,0.6,0.653846,0.5625,0.546296,0.728261,0.591837,0.588235,0.606061,0.594059,0.695238,0.652632,0.646465,0.574257,0.614583,0.653846,0.608696,0.518519,0.597826,0.574074,0.635514,0.645161,
25000,0.663717,0.643678,0.623656,0.570093,0.633663,0.606061,0.571429,0.559633,0.594059,0.676768,0.54955,0.629213,0.642105,0.638095,0.641026,0.686747,0.581967,0.679487,0.489583,0.644231,0.61,0.68,0.674157,0.54955,0.534884,0.605263,0.616822,0.666667,0.544554,0.59596,0.601942,0.628866,0.666667,0.561798,0.676471,0.653061,0.653061,0.539216,0.642857,0.588235,0.69697,0.594059,0.62766,0.537736,0.603774,0.531915,0.64,0.5,0.613208,0.521277,0.607843,0.571429,0.47,0.7,0.637255,0.602041,0.586538,0.625,0.625,0.644231,0.517241,0.566372,0.614583,0.663462,0.468468,0.606742,0.55,0.58,0.5,0.54902,0.56701,0.631068,0.628319,0.609195,0.638889,0.641304,0.565657,0.564356,0.605769,0.635417,0.648148,0.630435,0.532609,0.592593,0.641509,0.680851,0.641304,0.611111,0.484211,0.666667,0.575472,0.595745,0.593407,0.513761,0.610526,0.685714,0.526316,0.657143,0.688679,0.595745,
25200,0.597701,0.575221,0.58,0.55,0.55,0.65,0.598131,0.591398,0.647059,0.571429,0.537634,0.570093,0.61165,0.670103,0.529412,0.520408,0.650485,0.546392,0.637255,0.561224,0.533333,0.609091,0.54955,0.573034,0.585106,0.688679,0.543689,0.57732,0.548077,0.65625,0.647619,0.568421,0.605769,0.541667,0.666667,0.625,0.685185,0.652174,0.634409,0.663551,0.652174,0.555556,0.690722,0.524272,0.69697,0.673267,0.608247,0.669903,0.59633,0.494505,0.628571,0.578947,0.656863,0.612245,0.581818,0.622222,0.666667,0.565217,0.67033,0.614679,0.618557,0.650485,0.579439,0.55914,0.569892,0.672897,0.556604,0.553191,0.625,0.541667,0.52809,0.54955,0.588235,0.673469,0.554348,0.657407,0.614583,0.625,0.556701,0.650485,0.614679,0.626374,0.669811,0.5,0.586538,0.614583,0.58,0.51,0.613861,0.626263,0.539216,0.540816,0.666667,0.653061,0.672727,0.511111,0.588235,0.612245,0.653061,0.539216,
25400,0.59434,0.638298,0.59434,0.510638,0.617021,0.54717,0.55914,0.616822,0.606383,0.584906,0.611111,0.527273,0.638095,0.673684,0.653061,0.598039,0.595238,0.560345,0.540816,0.598039,0.574468,0.537736,0.628866,0.553398,0.546296,0.51087,0.541284,0.538462,0.717391,0.648148,0.633663,0.646465,0.607477,0.612903,0.54,0.54,0.580952,0.736842,0.591837,0.617647,0.66,0.67,0.652632,0.609524,0.63,0.59,0.585859,0.60396,0.525253,0.623762,0.587629,0.524272,0.637255,0.591837,0.545455,0.594059,0.640449,0.657658,0.633929,0.636364,0.533333,0.578947,0.635514,0.698925,0.678571,0.647727,0.643678,0.610619,0.597826,0.583333,0.605769,0.520833,0.571429,0.550459,0.619565,0.546296,0.539326,0.576577,0.519608,0.632653,0.5,0.693878,0.570093,0.666667,0.52,0.63,0.66,0.65,0.608247,0.514563,0.54717,0.62766,0.521277,0.603774,0.537736,0.638298,0.673684,0.609524,0.587629,0.61165,
25600,0.553398,0.649485,0.556701,0.631068,0.612613,0.561798,0.548673,0.574713,0.657143,0.526316,0.588785,0.666667,0.640777,0.546392,0.586957,0.657407,0.622642,0.542553,0.692308,0.625,0.64,0.56,0.580645,0.542056,0.743902,0.525424,0.666667,0.530612,0.644444,0.627273,0.698925,0.579439,0.61165,0.494845,0.656863,0.632653,0.556701,0.563107,0.690722,0.601942,0.572727,0.622222,0.588785,0.569892,0.622222,0.627273,0.619048,0.578947,0.592233,0.793814,0.632653,0.607843,0.645455,0.511111,0.54717,0.553191,0.649485,0.504854,0.563107,0.670103,0.625,0.6875,0.591837,0.578431,0.617021,0.54717,0.605769,0.614583,0.582524,0.546392,0.652632,0.685714,0.631579,0.533333,0.616162,0.534653,0.636364,0.633663,0.656566,0.554455,0.572917,0.538462,0.535354,0.683168,0.63964,0.617978,0.656566,0.544554,0.634409,0.672897,0.618182,0.577778,0.608696,0.647059,0.522936,0.692308,0.625,0.553571,0.597938,0.601942,
25800,0.653061,0.558824,0.572816,0.536082,0.565217,0.611111,0.625,0.552083,0.561798,0.666667,0.652632,0.6,0.666667,0.631579,0.712871,0.565657,0.525253,0.623762,0.635417,0.615385,0.645161,0.607477,0.561905,0.631579,0.62037,0.597826,0.660194,0.649485,0.607143,0.681818,0.673913,0.62037,0.623853,0.648352,0.55102,0.588235,0.473118,0.663551,0.526316,0.593023,0.544643,0.534091,0.54386,0.662791,0.561224,0.598039,0.622642,0.617021,0.663462,0.59375,0.583333,0.596154,0.594059,0.555556,0.616279,0.640351,0.616279,0.587719,0.513043,0.6,0.610526,0.619048,0.553191,0.622642,0.480769,0.635417,0.619048,0.6,0.508929,0.579545,0.666667,0.584158,0.730769,0.53125,0.612903,0.626168,0.72381,0.631579,0.648148,0.586957,0.622449,0.529412,0.575472,0.56383,0.642105,0.6,0.52,0.6,0.579545,0.553571,0.742268,0.68932,0.686869,0.554455,0.5,0.520408,0.657658,0.674157,0.606061,0.633663,
26000,0.516949,0.536585,0.56,0.62,0.636364,0.584158,0.550459,0.604396,0.673913,0.62037,0.65,0.64,0.568627,0.581633,0.618182,0.466667,0.578947,0.590476,0.445652,0.601852,0.636364,0.564356,0.7,0.51,0.576087,0.657407,0.601942,0.536082,0.633663,0.585859,0.640449,0.558559,0.672897,0.591398,0.490196,0.653061,0.505376,0.523364,0.576923,0.645833,0.645833,0.576923,0.605769,0.604167,0.546392,0.582524,0.585106,0.45283,0.649485,0.582524,0.652632,0.552381,0.535354,0.60396,0.617647,0.653061,0.598039,0.540816,0.588889,0.572727,0.692308,0.642202,0.556701,0.61165,0.556818,0.589286,0.657143,0.6,0.634615,0.677083,0.57732,0.543689,0.564815,0.576087,0.637255,0.55102,0.5,0.634615,0.632653,0.598039,0.638095,0.6,0.62037,0.532609,0.6,0.57,0.657407,0.608696,0.666667,0.612245,0.674157,0.612613,0.571429,0.647059,0.688889,0.681818,0.613208,0.553191,0.666667,0.598131,
26200,0.518519,0.641304,0.557895,0.628571,0.53,0.66,0.57,0.55,0.546392,0.679612,0.676768,0.534653,0.643564,0.686869,0.608247,0.640777,0.582418,0.66055,0.621622,0.573034,0.575758,0.584158,0.585859,0.623762,0.618182,0.633333,0.672727,0.633333,0.679612,0.670103,0.57732,0.708738,0.606061,0.693069,0.637255,0.612245,0.59633,0.483516,0.626168,0.677419,0.588889,0.581818,0.543478,0.509259,0.601942,0.649485,0.610526,0.638095,0.669811,0.56383,0.556818,0.482143,0.619565,0.611111,0.525253,0.732673,0.604167,0.605769,0.535714,0.655172,0.623762,0.585859,0.556701,0.61165,0.604167,0.673077,0.647059,0.653061,0.663366,0.666667,0.604167,0.682692,0.592593,0.630435,0.613861,0.545455,0.622642,0.56383,0.659574,0.650943,0.640777,0.639175,0.61165,0.618557,0.660194,0.628866,0.553398,0.546392,0.592233,0.474227,0.575,0.591667,0.56701,0.601942,0.616162,0.534653,0.474747,0.564356,0.568421,0.6,
26400,0.657143,0.547368,0.602151,0.598131,0.66,0.51,0.571429,0.617647,0.617647,0.581633,0.513514,0.58427,0.672897,0.537634,0.603448,0.690476,0.509091,0.655556,0.657143,0.663158,0.682692,0.583333,0.596154,0.65625,0.6,0.57,0.5,0.635417,0.591837,0.627451,0.572816,0.587629,0.66087,0.611765,0.655556,0.572727,0.515152,0.613861,0.56,0.57,0.575758,0.623762,0.605769,0.697917,0.582418,0.568807,0.62766,0.584906,0.565657,0.693069,0.635514,0.623656,0.576577,0.606742,0.666667,0.625,0.590361,0.641026,0.632075,0.648936,0.557522,0.563218,0.517241,0.575221,0.741935,0.570093,0.509615,0.583333,0.581197,0.614458,0.611111,0.581818,0.56,0.71,0.650485,0.618557,0.65625,0.528846,0.612245,0.578431,0.592233,0.536082,0.544444,0.554545,0.638298,0.707547,0.557692,0.645833,0.566667,0.654545,0.576087,0.62963,0.59322,0.463415,0.60396,0.555556,0.580952,0.473684,0.532609,0.574074,
26600,0.618557,0.640777,0.604167,0.586538,0.653226,0.5,0.637255,0.581633,0.538462,0.59633,0.642857,0.627451,0.635514,0.516129,0.572917,0.567308,0.598039,0.571429,0.68,0.59,0.582524,0.494845,0.616822,0.494624,0.616162,0.60396,0.534653,0.656566,0.606061,0.613861,0.520833,0.605769,0.594059,0.636364,0.67,0.63,0.585366,0.567797,0.646465,0.594059,0.544554,0.606061,0.525773,0.504854,0.58,0.53,0.645161,0.654206,0.617647,0.561224,0.623762,0.636364,0.685714,0.568421,0.611765,0.6,0.571429,0.656863,0.629213,0.621622,0.652174,0.564706,0.637255,0.561224,0.577778,0.563636,0.645455,0.588889,0.554217,0.598291,0.7,0.56,0.607477,0.55914,0.662791,0.640351,0.614679,0.56044,0.534653,0.505051,0.666667,0.636364,0.612245,0.54902,0.65,0.56,0.583333,0.596154,0.536364,0.677778,0.636364,0.574257,0.631579,0.619048,0.657143,0.536842,0.586957,0.518519,0.588235,0.683673,
26800,0.554348,0.675926,0.544554,0.565657,0.527273,0.655556,0.621053,0.609524,0.558824,0.520408,0.589286,0.613636,0.615385,0.59633,0.5,0.59434,0.656566,0.772277,0.617647,0.602041,0.461538,0.53125,0.62,0.61,0.5625,0.602273,0.55914,0.598131,0.53271,0.569892,0.588235,0.510204,0.598131,0.677419,0.659091,0.660714,0.712766,0.632075,0.609524,0.621053,0.692308,0.645833,0.75,0.630435,0.636364,0.564356,0.679245,0.648936,0.647727,0.580357,0.6,0.677778,0.574257,0.59596,0.684783,0.5,0.669811,0.606383,0.636364,0.524752,0.578431,0.622449,0.6875,0.576923,0.650943,0.56383,0.684783,0.62037,0.617647,0.591837,0.559633,0.56044,0.643564,0.515152,0.484848,0.653465,0.669811,0.648936,0.594595,0.516854,0.6,0.645455,0.62766,0.613208,0.628571,0.568421,0.5,0.633929,0.616822,0.602151,0.602273,0.517857,0.659341,0.577982,0.677083,0.586538,0.589474,0.638095,0.54,0.46,
27000,0.581395,0.640351,0.5,0.554348,0.654206,0.55914,0.653061,0.617647,0.601852,0.478261,0.612245,0.568627,0.627451,0.734694,0.561224,0.627451,0.657658,0.52809,0.561798,0.477477,0.494845,0.582524,0.598039,0.622449,0.571429,0.607843,0.6,0.636364,0.539216,0.561224,0.568421,0.590476,0.591837,0.529412,0.621053,0.638095,0.634409,0.570093,0.678161,0.59292,0.572816,0.556701,0.625,0.5625,0.621622,0.573034,0.621053,0.714286,0.631579,0.561905,0.533333,0.547368,0.66,0.61,0.555556,0.584158,0.479592,0.637255,0.666667,0.64486,0.494253,0.566372,0.544444,0.645455,0.673469,0.637255,0.603774,0.638298,0.645455,0.522222,0.6,0.619048,0.645833,0.682692,0.61165,0.628866,0.542553,0.613208,0.523364,0.698925,0.566667,0.636364,0.673267,0.616162,0.666667,0.622449,0.631579,0.651163,0.588235,0.530864,0.607843,0.602041,0.597826,0.546296,0.490385,0.5625,0.708333,0.653846,0.659794,0.718447,
27200,0.635417,0.557692,0.633028,0.593407,0.505263,0.638095,0.598131,0.505376,0.65625,0.663462,0.645161,0.700935,0.574074,0.630435,0.707317,0.576271,0.612245,0.539216,0.55102,0.539216,0.560748,0.580645,0.520833,0.528846,0.56,0.49,0.56383,0.54717,0.606061,0.594059,0.631579,0.590476,0.673469,0.647059,0.591398,0.53271,0.627273,0.611111,0.584158,0.585859,0.547368,0.647619,0.606383,0.575472,0.606383,0.632075,0.577778,0.554545,0.598131,0.569892,0.560748,0.645161,0.609756,0.571429,0.591837,0.656863,0.543689,0.587629,0.52,0.58,0.627273,0.6,0.595745,0.641509,0.557692,0.53125,0.545455,0.633333,0.670213,0.622642,0.533981,0.597938,0.6,0.572727,0.649485,0.699029,0.488636,0.625,0.62766,0.556604,0.505495,0.743119,0.558824,0.581633,0.523256,0.622807,0.59375,0.605769,0.584906,0.638298,0.55102,0.715686,0.533333,0.725,0.669903,0.57732,0.568627,0.683673,0.521008,0.617284,
27400,0.509615,0.65625,0.561224,0.588235,0.59434,0.62766,0.637363,0.614679,0.539216,0.581633,0.633929,0.465909,0.534653,0.585859,0.49505,0.636364,0.6,0.58,0.641026,0.506024,0.68,0.61,0.63,0.64,0.598039,0.55102,0.578947,0.533333,0.586538,0.5,0.621053,0.542857,0.567568,0.651685,0.557895,0.638095,0.598131,0.655914,0.601942,0.556701,0.586957,0.537037,0.609524,0.610526,0.567308,0.625,0.478723,0.632075,0.616162,0.514851,0.643678,0.610619,0.617021,0.584906,0.619048,0.663158,0.653465,0.646465,0.67033,0.697248,0.626263,0.554455,0.701031,0.601942,0.537634,0.504673,0.545455,0.584158,0.645161,0.654206,0.580357,0.545455,0.581633,0.617647,0.58871,0.605263,0.521277,0.613208,0.686275,0.612245,0.571429,0.623853,0.565217,0.564815,0.568421,0.590476,0.655172,0.584071,0.666667,0.693878,0.571429,0.557895,0.666667,0.701923,0.6,0.619048,0.62,0.57,0.677778,0.672727,
27600,0.686047,0.605263,0.684211,0.552381,0.660194,0.701031,0.623853,0.681319,0.634615,0.5625,0.596154,0.645833,0.578947,0.571429,0.561798,0.585586,0.598039,0.612245,0.571429,0.676471,0.608696,0.635294,0.542169,0.632479,0.656863,0.571429,0.520408,0.558824,0.488372,0.517544,0.563218,0.646018,0.556701,0.514563,0.634615,0.614583,0.637255,0.642857,0.59292,0.632184,0.565217,0.611111,0.621622,0.629213,0.615385,0.635417,0.588785,0.612903,0.585859,0.60396,0.584071,0.666667,0.570093,0.526882,0.619048,0.652632,0.58,0.63,0.714286,0.558824,0.619565,0.638889,0.586957,0.509259,0.556701,0.572816,0.495146,0.587629,0.554348,0.648148,0.610526,0.666667,0.575758,0.653465,0.637255,0.612245,0.642105,0.619048,0.520408,0.598039,0.616162,0.633663,0.609524,0.6,0.690722,0.631068,0.629213,0.630631,0.555556,0.564356,0.56044,0.577982,0.574074,0.684783,0.619469,0.574713,0.639175,0.543689,0.669811,0.606383,
27800,0.565657,0.594059,0.555556,0.554455,0.619048,0.568421,0.610526,0.6,0.565657,0.712871,0.632911,0.727273,0.553191,0.59434,0.59434,0.457447,0.666667,0.579439,0.657407,0.630435,0.513761,0.615385,0.623762,0.626263,0.572816,0.618557,0.621359,0.618557,0.652632,0.6,0.666667,0.651163,0.66,0.62,0.616162,0.485149,0.630435,0.564815,0.628866,0.572816,0.582418,0.633028,0.65,0.55,0.612613,0.58427,0.623656,0.607477,0.622807,0.511628,0.583333,0.653846,0.520408,0.607843,0.685714,0.505263,0.673684,0.657143,0.554348,0.537037,0.611111,0.590909,0.69,0.67,0.6,0.6,0.651786,0.590909,0.574257,0.555556,0.645161,0.635514,0.656863,0.561224,0.663158,0.619048,0.713043,0.6,0.625,0.598214,0.590909,0.666667,0.551724,0.575221,0.578947,0.609524,0.569767,0.622807,0.55102,0.656863,0.510638,0.566038,0.619048,0.494737,0.578431,0.622449,0.568421,0.695238,0.554455,0.656566,
28000,0.617391,0.529412,0.524752,0.626263,0.584158,0.535354,0.675439,0.523256,0.595745,0.622642,0.65625,0.682692,0.56044,0.651376,0.62963,0.641304,0.677083,0.528846,0.559633,0.637363,0.663551,0.698925,0.683168,0.575758,0.537736,0.574468,0.595745,0.556604,0.697248,0.604396,0.514851,0.636364,0.52809,0.558559,0.634783,0.658824,0.659794,0.504854,0.554348,0.638889,0.615385,0.6875,0.676768,0.584158,0.622222,0.627273,0.666667,0.586538,0.564815,0.619565,0.572917,0.673077,0.5,0.693878,0.619469,0.574713,0.6,0.589474,0.628571,0.652632,0.688172,0.598131,0.428571,0.568627,0.615385,0.625,0.623656,0.570093,0.6,0.578947,0.546392,0.533981,0.576923,0.625,0.572917,0.634615,0.564815,0.532609,0.656566,0.60396,0.623853,0.483516,0.65,0.72,0.516129,0.53271,0.634615,0.65625,0.585859,0.584158,0.601942,0.628866,0.520833,0.586538,0.574468,0.613208,0.595238,0.62069,0.561224,0.568627,
28200,0.642105,0.67619,0.62,0.59,0.633663,0.535354,0.616162,0.544554,0.540541,0.58427,0.570175,0.488372,0.631068,0.556701,0.625,0.678571,0.589744,0.57377,0.49,0.65,0.706422,0.681319,0.650602,0.683761,0.6,0.68,0.57732,0.679612,0.602151,0.570093,0.617021,0.537736,0.576923,0.552083,0.548387,0.616822,0.563107,0.670103,0.588235,0.571429,0.607843,0.622449,0.628866,0.61165,0.619565,0.583333,0.572816,0.587629,0.577982,0.615385,0.53,0.55,0.590909,0.616071,0.538462,0.605505,0.613861,0.535354,0.66,0.57,0.552632,0.616279,0.673469,0.568627,0.650485,0.639175,0.602041,0.558824,0.591837,0.578431,0.6,0.552381,0.582524,0.690722,0.53271,0.591398,0.565217,0.657407,0.637255,0.704082,0.628866,0.669903,0.663462,0.5,0.646465,0.663366,0.521368,0.60241,0.642202,0.56044,0.578947,0.666667,0.669903,0.659794,0.645833,0.663462,0.472527,0.706422,0.474747,0.564356,
28400,0.531532,0.640449,0.597938,0.640777,0.621622,0.539326,0.552381,0.568421,0.623762,0.565657,0.504587,0.648352,0.590476,0.589474,0.519608,0.612245,0.601942,0.608247,0.708333,0.692308,0.700935,0.548387,0.632653,0.705882,0.628866,0.631068,0.647059,0.663265,0.62069,0.584071,0.556604,0.56383,0.533333,0.6,0.576923,0.59375,0.663158,0.590476,0.563107,0.649485,0.574713,0.619469,0.621053,0.6,0.666667,0.578947,0.580645,0.504673,0.504854,0.659794,0.635417,0.567308,0.635514,0.602151,0.584906,0.521277,0.670213,0.660377,0.628866,0.601942,0.534653,0.565657,0.654206,0.666667,0.596154,0.614583,0.640351,0.593023,0.64486,0.623656,0.666667,0.643564,0.605263,0.620968,0.709677,0.588785,0.627273,0.622222,0.651376,0.56044,0.62037,0.554348,0.509259,0.630435,0.569892,0.598131,0.632653,0.529412,0.557895,0.514286,0.648936,0.490566,0.573913,0.505882,0.618557,0.601942,0.609091,0.622222,0.598039,0.612245,
28600,0.655914,0.700935,0.69697,0.594059,0.612245,0.578431,0.59633,0.725275,0.593407,0.678899,0.645833,0.682692,0.52,0.51,0.588235,0.622449,0.568421,0.552381,0.670588,0.66087,0.613861,0.737374,0.536082,0.640777,0.534653,0.666667,0.656566,0.722772,0.473214,0.681818,0.536842,0.619048,0.519608,0.642857,0.612245,0.607843,0.637255,0.622449,0.56044,0.550459,0.554455,0.565657,0.524752,0.535354,0.485437,0.659794,0.544554,0.585859,0.634615,0.625,0.762887,0.504854,0.63,0.58,0.557522,0.609195,0.45977,0.654867,0.537736,0.595745,0.64,0.57,0.518868,0.659574,0.572816,0.639175,0.653061,0.637255,0.557895,0.571429,0.640777,0.618557,0.597826,0.564815,0.539326,0.585586,0.576923,0.59375,0.683168,0.545455,0.585859,0.584158,0.521739,0.685185,0.581818,0.666667,0.64,0.68,0.539216,0.55102,0.533981,0.618557,0.589286,0.511364,0.62766,0.632075,0.59,0.58,0.590476,0.536842,
28800,0.672897,0.55914,0.60396,0.606061,0.564356,0.626263,0.583333,0.655172,0.699029,0.556701,0.631579,0.542857,0.633929,0.568182,0.654545,0.655556,0.553191,0.59434,0.631579,0.590476,0.514851,0.59596,0.576923,0.65625,0.574257,0.555556,0.533981,0.546392,0.577982,0.549451,0.559633,0.604396,0.557895,0.72381,0.59292,0.666667,0.625,0.557692,0.53271,0.602151,0.607843,0.469388,0.582418,0.605505,0.576087,0.703704,0.650943,0.648936,0.628571,0.568421,0.528302,0.595745,0.666667,0.623762,0.538462,0.5625,0.676768,0.544554,0.55,0.6,0.633663,0.59596,0.595745,0.537736,0.613208,0.606383,0.646465,0.60396,0.651786,0.636364,0.589474,0.685714,0.532609,0.574074,0.553571,0.613636,0.648352,0.568807,0.643564,0.575758,0.755102,0.627451,0.598039,0.632653,0.615385,0.572917,0.569767,0.570175,0.574468,0.613208,0.58,0.61,0.572917,0.596154,0.62963,0.576087,0.560748,0.612903,0.65,0.53,
29000,0.54902,0.540816,0.621622,0.539326,0.646465,0.633663,0.533333,0.568421,0.59633,0.527473,0.655556,0.7,0.740385,0.635417,0.654545,0.644444,0.55,0.6,0.660714,0.602273,0.585859,0.574257,0.670103,0.572816,0.605769,0.552083,0.581633,0.617647,0.54902,0.653061,0.639175,0.650485,0.646465,0.50495,0.534653,0.656566,0.653465,0.616162,0.631579,0.666667,0.650943,0.659574,0.646465,0.554455,0.561905,0.578947,0.557895,0.638095,0.677419,0.626168,0.604651,0.614035,0.539326,0.576577,0.609195,0.60177,0.480392,0.591837,0.641509,0.595745,0.547368,0.552381,0.601942,0.721649,0.572917,0.730769,0.63,0.58,0.707965,0.62069,0.587629,0.621359,0.524752,0.545455,0.590909,0.566667,0.607843,0.602041,0.581633,0.558824,0.591398,0.607477,0.715789,0.590476,0.483871,0.560748,0.556701,0.592233,0.629213,0.621622,0.577982,0.637363,0.663158,0.580952,0.622449,0.715686,0.583333,0.567308,0.588235,0.622449,
29200,0.633028,0.56044,0.702703,0.640449,0.616162,0.653465,0.581633,0.676471,0.557522,0.643678,0.608247,0.669903,0.670103,0.524272,0.649485,0.543689,0.584158,0.535354,0.5,0.575472,0.585859,0.623762,0.495495,0.550562,0.572816,0.474227,0.613861,0.555556,0.516129,0.635514,0.569767,0.605263,0.615385,0.604167,0.528736,0.584071,0.510638,0.632075,0.636364,0.584158,0.446809,0.603774,0.592233,0.608247,0.684783,0.527778,0.632075,0.595745,0.608247,0.640777,0.613861,0.59596,0.572816,0.556701,0.704082,0.607843,0.576087,0.611111,0.555556,0.524752,0.685393,0.558559,0.65,0.56,0.655914,0.663551,0.576923,0.541667,0.452632,0.6,0.571429,0.578947,0.550562,0.576577,0.647727,0.651786,0.540816,0.617647,0.618182,0.533333,0.619565,0.601852,0.557895,0.619048,0.62766,0.528302,0.55914,0.64486,0.682692,0.6875,0.62069,0.539823,0.6,0.638095,0.656566,0.514851,0.51,0.61,0.62037,0.51087,
29400,0.534653,0.59596,0.582524,0.690722,0.574468,0.716981,0.586957,0.611111,0.6,0.590476,0.686047,0.535088,0.666667,0.6,0.578947,0.647619,0.541667,0.575,0.5,0.509091,0.607143,0.5,0.592233,0.56701,0.553191,0.650943,0.670103,0.718447,0.673077,0.604167,0.568421,0.590476,0.607477,0.537634,0.619048,0.589474,0.686275,0.581633,0.666667,0.478261,0.736842,0.580952,0.628866,0.601942,0.588235,0.663265,0.617021,0.650943,0.6,0.647619,0.679245,0.638298,0.597938,0.631068,0.524752,0.69697,0.647059,0.604938,0.598214,0.590909,0.648649,0.606742,0.613208,0.553191,0.544554,0.616162,0.642857,0.696078,0.494949,0.554455,0.536082,0.640777,0.57732,0.572816,0.570093,0.623656,0.686275,0.520408,0.696629,0.621622,0.505495,0.642202,0.615385,0.623853,0.53125,0.605769,0.578431,0.510204,0.640777,0.628866,0.563107,0.587629,0.638298,0.528302,0.612613,0.550562,0.587156,0.56044,0.636364,0.60396,
29600,0.561905,0.652632,0.656863,0.581633,0.6875,0.605769,0.514563,0.649485,0.586538,0.59375,0.672727,0.633333,0.510638,0.641509,0.679612,0.639175,0.519231,0.697917,0.607843,0.632653,0.622449,0.617647,0.538462,0.678899,0.578947,0.714286,0.663265,0.637255,0.705882,0.602041,0.714286,0.59633,0.775701,0.602151,0.67,0.55,0.68932,0.56701,0.505376,0.523364,0.612245,0.617647,0.545455,0.6,0.580952,0.589474,0.6,0.618182,0.483516,0.587156,0.505618,0.567568,0.699029,0.525773,0.464646,0.594059,0.591837,0.637255,0.59322,0.646341,0.565217,0.518519,0.582524,0.556701,0.575758,0.594059,0.61165,0.505155,0.638298,0.584906,0.572816,0.587629,0.723214,0.522727,0.605769,0.604167,0.538462,0.587156,0.652632,0.666667,0.619565,0.601852,0.587629,0.553398,0.65,0.58,0.582418,0.614679,0.568807,0.56044,0.708333,0.615385,0.531915,0.622642,0.663866,0.691358,0.707071,0.485149,0.585106,0.688679,
29800,0.556701,0.572816,0.544554,0.606061,0.554455,0.545455,0.666667,0.526316,0.53,0.62,0.602041,0.637255,0.482353,0.6,0.542553,0.566038,0.65625,0.557692,0.571429,0.627451,0.623656,0.560748,0.558824,0.510204,0.617978,0.576577,0.663366,0.515152,0.666667,0.635514,0.692308,0.677083,0.670588,0.582609,0.621359,0.484536,0.663158,0.647619,0.574257,0.727273,0.643564,0.626263,0.585106,0.622642,0.6,0.609091,0.640777,0.680412,0.685185,0.576087,0.639175,0.631068,0.521277,0.518868,0.632075,0.670213,0.697917,0.576923,0.590909,0.655556,0.660194,0.56701,0.59,0.6,0.558559,0.595506,0.584158,0.565657,0.633333,0.563636,0.660714,0.568182,0.591837,0.627451,0.6,0.610526,0.676768,0.574257,0.520833,0.615385,0.684211,0.609524,0.654545,0.544444,0.638095,0.631579,0.593023,0.649123,0.607143,0.681818,0.606061,0.534653,0.649485,0.61165,0.652632,0.514286,0.590909,0.5,0.617021,0.613208,
30000,0.663158,0.619048,0.606383,0.632075,0.604167,0.634615,0.66087,0.729412,0.653061,0.578431,0.486239,0.593407,0.704082,0.617647,0.568807,0.67033,0.56,0.59,0.585859,0.534653,0.64,0.7,0.653465,0.535354,0.553191,0.59434,0.552083,0.634615,0.54717,0.670213,0.601852,0.576087,0.565217,0.685185,0.676768,0.643564,0.564356,0.616162,0.684211,0.55814,0.580645,0.588785,0.614679,0.648352,0.645833,0.538462,0.651685,0.477477,0.544554,0.555556,0.623656,0.579439,0.608247,0.601942,0.686869,0.475248,0.688172,0.598131,0.630952,0.715517,0.576577,0.651685,0.5,0.59,0.565217,0.509259,0.643564,0.656566,0.609524,0.642105,0.527473,0.66055,0.510204,0.598039,0.536082,0.601942,0.556701,0.660194,0.555556,0.581818,0.72,0.58,0.576087,0.574074,0.642105,0.638095,0.646465,0.663366,0.575758,0.574257,0.54,0.63,0.614583,0.644231,0.575758,0.574257,0.583333,0.653846,0.546392,0.601942,
30200,0.714286,0.557895,0.547826,0.529412,0.581818,0.633333,0.642202,0.571429,0.674157,0.585586,0.597938,0.621359,0.700935,0.548387,0.545455,0.642857,0.552632,0.593023,0.642105,0.695238,0.678899,0.582418,0.637255,0.602041,0.67033,0.577982,0.526786,0.659091,0.694118,0.643478,0.48913,0.574074,0.557895,0.542857,0.581633,0.627451,0.404255,0.613208,0.589474,0.609524,0.5,0.55102,0.558824,0.663265,0.554455,0.505051,0.614679,0.681319,0.66055,0.626374,0.523364,0.602151,0.633663,0.606061,0.666667,0.663265,0.5,0.585366,0.57732,0.572816,0.513761,0.648352,0.647619,0.536842,0.606383,0.54717,0.533981,0.546392,0.695652,0.638889,0.554455,0.606061,0.64486,0.634409,0.541284,0.637363,0.586207,0.547619,0.598131,0.645161,0.564356,0.656566,0.609524,0.642105,0.618557,0.621359,0.583333,0.586207,0.62037,0.576087,0.6,0.74,0.56044,0.688073,0.585859,0.485149,0.582524,0.597938,0.610526,0.628571,
30400,0.571429,0.568627,0.666667,0.663043,0.516129,0.579439,0.660377,0.531915,0.510638,0.679245,0.666667,0.590909,0.485981,0.72043,0.594059,0.565657,0.628571,0.557895,0.605769,0.697917,0.5625,0.480769,0.67,0.62,0.533981,0.525773,0.605769,0.625,0.621622,0.58427,0.672897,0.677419,0.590909,0.733333,0.57732,0.669903,0.589474,0.561905,0.648649,0.58427,0.691589,0.602151,0.553191,0.566038,0.627451,0.540816,0.583333,0.641304,0.683168,0.606061,0.619565,0.574074,0.709091,0.588889,0.62,0.66,0.660194,0.608247,0.606383,0.584906,0.539216,0.642857,0.717647,0.504348,0.606742,0.594595,0.597701,0.610619,0.59,0.55,0.571429,0.610526,0.58,0.57,0.708738,0.670103,0.617021,0.632075,0.578947,0.580952,0.623762,0.535354,0.578431,0.663265,0.634409,0.64486,0.711111,0.518182,0.602041,0.588235,0.663265,0.588235,0.536082,0.679612,0.5,0.621951,0.612903,0.700935,0.615385,0.581967,
30600,0.622222,0.690909,0.521277,0.613208,0.462963,0.630435,0.464286,0.556818,0.594059,0.616162,0.587629,0.553398,0.565217,0.601852,0.594595,0.662921,0.580645,0.626168,0.619565,0.564815,0.55102,0.617647,0.519608,0.642857,0.647619,0.757895,0.572816,0.546392,0.626374,0.623853,0.592593,0.630435,0.572917,0.721154,0.539216,0.622449,0.484211,0.590476,0.59,0.6,0.572816,0.546392,0.663366,0.575758,0.564356,0.676768,0.59434,0.574468,0.545455,0.613861,0.692308,0.568807,0.663158,0.533333,0.612903,0.598131,0.618557,0.572816,0.5625,0.596154,0.596154,0.583333,0.575758,0.574257,0.484848,0.663366,0.62,0.62,0.56044,0.568807,0.56,0.59,0.617647,0.55102,0.609524,0.557895,0.539326,0.675676,0.61,0.46,0.490196,0.632653,0.552083,0.567308,0.651786,0.670455,0.675926,0.673913,0.592593,0.543478,0.551402,0.548387,0.619048,0.62069,0.569892,0.654206,0.568421,0.647619,0.540816,0.617647,
30800,0.623762,0.545455,0.587156,0.681319,0.669811,0.595745,0.595506,0.63964,0.555556,0.524752,0.5,0.602041,0.521739,0.611111,0.653061,0.588235,0.663462,0.604167,0.618557,0.650485,0.478723,0.622642,0.564356,0.686869,0.60241,0.564103,0.610619,0.586207,0.608696,0.601852,0.606383,0.462264,0.66,0.57,0.636364,0.584158,0.585106,0.518868,0.581633,0.588235,0.609524,0.578947,0.627907,0.614035,0.686047,0.587719,0.6,0.58,0.601942,0.659794,0.69,0.54,0.631068,0.597938,0.596154,0.5625,0.647059,0.565217,0.442105,0.504762,0.62963,0.543478,0.566372,0.494253,0.652174,0.62963,0.565217,0.555556,0.598039,0.704082,0.574468,0.660377,0.707071,0.49505,0.525773,0.543689,0.625,0.645833,0.576923,0.59375,0.62,0.64,0.61165,0.639175,0.635417,0.596154,0.546296,0.576087,0.516854,0.540541,0.688172,0.607477,0.744898,0.617647,0.680412,0.640777,0.490566,0.56383,0.631068,0.587629,
31000,0.565657,0.564356,0.525862,0.619048,0.64,0.57,0.697248,0.571429,0.555556,0.586957,0.593407,0.59633,0.673684,0.609524,0.596154,0.645833,0.556604,0.531915,0.645455,0.666667,0.609524,0.631579,0.618557,0.631068,0.561224,0.529412,0.597938,0.718447,0.623932,0.722892,0.679245,0.595745,0.508621,0.642857,0.596154,0.635417,0.468085,0.707547,0.547368,0.628571,0.587629,0.660194,0.563218,0.584071,0.6,0.554545,0.510204,0.568627,0.633663,0.555556,0.639175,0.563107,0.559633,0.692308,0.548077,0.510417,0.634409,0.570093,0.619048,0.557895,0.53,0.65,0.650943,0.680851,0.613208,0.531915,0.565657,0.584158,0.65,0.51,0.701923,0.572917,0.59434,0.648936,0.557522,0.528736,0.619048,0.62931,0.538462,0.59375,0.625,0.541667,0.543689,0.57732,0.569767,0.561404,0.586207,0.539823,0.571429,0.642105,0.537037,0.619565,0.601942,0.546392,0.541667,0.605769,0.66055,0.571429,0.648936,0.566038,
31200,0.609524,0.578947,0.533333,0.563636,0.689655,0.628319,0.579545,0.482143,0.68932,0.618557,0.578947,0.580952,0.594595,0.617978,0.666667,0.610526,0.53271,0.634409,0.669643,0.590909,0.625,0.701923,0.715789,0.580952,0.570093,0.645161,0.554455,0.545455,0.578431,0.479592,0.537736,0.670213,0.644231,0.645833,0.663366,0.646465,0.641026,0.518072,0.546296,0.543478,0.584158,0.59596,0.53125,0.673077,0.537634,0.626168,0.676768,0.653465,0.556701,0.572816,0.618182,0.622222,0.580645,0.64486,0.605505,0.659341,0.626263,0.60396,0.633929,0.704545,0.62,0.64,0.553398,0.680412,0.666667,0.693878,0.649123,0.55814,0.71028,0.634409,0.637255,0.561224,0.608247,0.631068,0.60396,0.575758,0.592593,0.641304,0.647619,0.557895,0.56,0.69,0.613861,0.606061,0.612245,0.539216,0.63,0.58,0.637255,0.55102,0.574074,0.641304,0.505747,0.699115,0.626263,0.60396,0.56383,0.613208,0.64,0.62,
31400,0.505155,0.592233,0.598039,0.591837,0.59,0.55,0.494253,0.646018,0.701031,0.572816,0.639175,0.621359,0.647619,0.652632,0.504425,0.494253,0.576471,0.634783,0.563107,0.525773,0.629213,0.630631,0.606383,0.537736,0.702703,0.573034,0.605769,0.5625,0.697917,0.567308,0.628571,0.515789,0.62963,0.543478,0.591837,0.607843,0.589474,0.609524,0.657143,0.663158,0.5625,0.567308,0.6,0.52,0.471698,0.62766,0.598039,0.571429,0.595506,0.558559,0.597938,0.61165,0.509259,0.630435,0.605263,0.616279,0.637255,0.642857,0.648649,0.606742,0.637363,0.623853,0.52381,0.673684,0.526316,0.561905,0.585586,0.573034,0.543478,0.638889,0.6,0.466667,0.697917,0.682692,0.723404,0.518868,0.62766,0.59434,0.504854,0.618557,0.618182,0.555556,0.684211,0.533333,0.676471,0.622449,0.588785,0.655914,0.536842,0.6,0.558824,0.540816,0.535714,0.62069,0.555556,0.532609,0.653061,0.578431,0.706522,0.648148,
31600,0.57732,0.601942,0.56383,0.632075,0.567308,0.541667,0.675926,0.597826,0.571429,0.637255,0.727273,0.517857,0.505051,0.613861,0.602273,0.678571,0.648936,0.622642,0.561224,0.529412,0.595041,0.696203,0.56383,0.603774,0.513761,0.67033,0.490385,0.625,0.544554,0.616162,0.46789,0.626374,0.477778,0.581818,0.607143,0.647727,0.697917,0.567308,0.660194,0.690722,0.662921,0.54955,0.605505,0.615385,0.550459,0.67033,0.622642,0.553191,0.592233,0.525773,0.579439,0.677419,0.494624,0.672897,0.619565,0.703704,0.581633,0.588235,0.63,0.59,0.594595,0.460674,0.65,0.48,0.645161,0.560748,0.627451,0.673469,0.693069,0.565657,0.635514,0.666667,0.551402,0.55914,0.509804,0.632653,0.714286,0.556818,0.579439,0.634409,0.586538,0.645833,0.578313,0.57265,0.623853,0.615385,0.631068,0.618557,0.558824,0.683673,0.57732,0.572816,0.628571,0.547368,0.626374,0.559633,0.65625,0.538462,0.601942,0.608247,
31800,0.57732,0.553398,0.585106,0.528302,0.652632,0.533333,0.652632,0.628571,0.523364,0.55914,0.59596,0.584158,0.588235,0.55102,0.561224,0.578431,0.625,0.571429,0.554348,0.62963,0.553398,0.618557,0.594595,0.662921,0.540816,0.578431,0.601852,0.565217,0.504673,0.645161,0.623656,0.560748,0.567568,0.606742,0.586538,0.635417,0.650943,0.670213,0.554348,0.518519,0.572727,0.544444,0.601942,0.536082,0.531915,0.584906,0.586538,0.541667,0.650943,0.617021,0.557895,0.52381,0.553398,0.57732,0.608247,0.543689,0.576923,0.645833,0.659794,0.61165,0.53,0.69,0.627451,0.520408,0.53211,0.582418,0.59375,0.596154,0.583333,0.586538,0.543478,0.768519,0.574257,0.636364,0.647619,0.663158,0.531915,0.613208,0.693694,0.629213,0.532787,0.692308,0.53,0.7,0.566038,0.62766,0.574468,0.528302,0.72549,0.530612,0.553191,0.575472,0.606383,0.613208,0.582418,0.651376,0.656566,0.653465,0.60396,0.585859,
32000,0.677083,0.567308,0.647059,0.540816,0.534091,0.732143,0.542056,0.526882,0.598214,0.636364,0.691489,0.575472,0.619048,0.589474,0.673469,0.568627,0.670213,0.660377,0.63,0.51,0.60177,0.551724,0.571429,0.578947,0.642857,0.509804,0.608247,0.640777,0.590476,0.684211,0.514851,0.606061,0.578431,0.581633,0.54902,0.663265,0.633028,0.472527,0.673077,0.645833,0.536364,0.622222,0.527473,0.633028,0.607477,0.655914,0.546512,0.657895,0.574468,0.584906,0.648148,0.576087,0.57732,0.553398,0.572727,0.611111,0.604651,0.54386,0.648936,0.688679,0.673469,0.627451,0.509615,0.71875,0.590476,0.589474,0.673913,0.601852,0.582418,0.623853,0.596154,0.53125,0.657143,0.684211,0.633333,0.618182,0.574074,0.532609,0.692308,0.66055,0.585106,0.613208,0.647619,0.568421,0.63,0.62,0.610526,0.666667,0.554348,0.592593,0.640777,0.628866,0.686869,0.594059,0.673469,0.647059,0.482759,0.513274,0.621053,0.609524,
32200,0.584071,0.666667,0.701923,0.645833,0.608247,0.514563,0.627451,0.683673,0.54902,0.602041,0.534091,0.571429,0.652778,0.5625,0.587629,0.582524,0.596154,0.5625,0.6,0.581818,0.561905,0.536842,0.639175,0.572816,0.633663,0.606061,0.618557,0.601942,0.561905,0.515789,0.581818,0.622222,0.645161,0.588785,0.602041,0.696078,0.663366,0.676768,0.65625,0.644231,0.516129,0.691589,0.583333,0.663462,0.655914,0.663551,0.58,0.61,0.575472,0.595745,0.59596,0.613861,0.75,0.642857,0.647619,0.526316,0.565657,0.673267,0.645455,0.555556,0.607843,0.622449,0.576087,0.555556,0.7,0.52,0.588235,0.540816,0.504587,0.56044,0.59375,0.605769,0.489796,0.627451,0.645833,0.519231,0.592233,0.639175,0.541667,0.605769,0.654545,0.633333,0.650485,0.57732,0.572917,0.615385,0.582418,0.59633,0.545455,0.613861,0.56,0.66,0.618182,0.6,0.582418,0.633028,0.586538,0.552083,0.588785,0.591398,
32400,0.539216,0.571429,0.541667,0.653846,0.59633,0.615385,0.721154,0.6875,0.633663,0.646465,0.656566,0.584158,0.690722,0.524272,0.53211,0.56044,0.567308,0.625,0.67619,0.610526,0.6,0.6,0.662921,0.666667,0.635417,0.567308,0.615385,0.59375,0.581818,0.644444,0.585859,0.613861,0.513514,0.539326,0.633028,0.549451,0.561404,0.709302,0.602273,0.625,0.536364,0.644444,0.573034,0.540541,0.595506,0.612613,0.607843,0.663265,0.59596,0.564356,0.578431,0.612245,0.612069,0.642857,0.65,0.6,0.677419,0.570093,0.591837,0.607843,0.610619,0.62069,0.666667,0.510204,0.597826,0.657407,0.552381,0.631579,0.53271,0.580645,0.6,0.590909,0.53211,0.571429,0.6,0.69,0.627451,0.683673,0.555556,0.630435,0.596154,0.604167,0.504505,0.561798,0.623762,0.686869,0.50495,0.676768,0.543478,0.601852,0.509804,0.571429,0.514286,0.694737,0.637255,0.540816,0.581818,0.7,0.59596,0.564356,
32600,0.51087,0.555556,0.574257,0.545455,0.594595,0.58427,0.47619,0.589474,0.490566,0.680851,0.56383,0.698113,0.67033,0.623853,0.580952,0.621053,0.616071,0.568182,0.590476,0.568421,0.632075,0.489362,0.494505,0.550459,0.715686,0.581633,0.542553,0.537736,0.605769,0.65625,0.67,0.59,0.64486,0.55914,0.56701,0.533981,0.66,0.58,0.525773,0.582524,0.645161,0.579439,0.707547,0.574468,0.581818,0.5,0.585586,0.438202,0.734043,0.641509,0.489362,0.537736,0.541667,0.567308,0.613861,0.636364,0.494118,0.6,0.509434,0.457447,0.591837,0.666667,0.504762,0.557895,0.56383,0.603774,0.673684,0.580952,0.452632,0.609524,0.591304,0.517647,0.593407,0.614679,0.528846,0.614583,0.596154,0.625,0.578431,0.591837,0.547368,0.552381,0.663462,0.635417,0.616822,0.591398,0.647059,0.632653,0.637363,0.605505,0.571429,0.577982,0.680412,0.582524,0.472222,0.652174,0.558824,0.612245,0.625,0.673077,
32800,0.545455,0.511111,0.583333,0.740385,0.590476,0.631579,0.654545,0.577778,0.72,0.47,0.529412,0.469388,0.55102,0.637255,0.677419,0.635514,0.56701,0.61165,0.536842,0.571429,0.65625,0.644231,0.505747,0.522124,0.566265,0.564103,0.617978,0.585586,0.619048,0.536842,0.62037,0.663043,0.641304,0.638889,0.495146,0.628866,0.547368,0.580952,0.552083,0.653846,0.644231,0.625,0.541667,0.701923,0.588235,0.571429,0.744444,0.618182,0.546392,0.543689,0.6,0.609524,0.653465,0.636364,0.646465,0.633663,0.702703,0.606742,0.6,0.66,0.644231,0.59375,0.596154,0.666667,0.532609,0.601852,0.638298,0.556604,0.638095,0.589474,0.597938,0.68932,0.67033,0.642202,0.623853,0.56044,0.590909,0.655556,0.577778,0.7,0.64486,0.526882,0.54,0.62,0.514286,0.547368,0.574257,0.575758,0.545455,0.594059,0.61,0.63,0.663366,0.606061,0.617647,0.581633,0.630435,0.583333,0.690722,0.475728,
33000,0.704762,0.631579,0.60396,0.606061,0.59434,0.638298,0.663636,0.633333,0.54,0.61,0.606742,0.54955,0.68932,0.525773,0.628866,0.61165,0.635417,0.509615,0.542857,0.557895,0.571429,0.607843,0.57732,0.495146,0.546392,0.563107,0.577778,0.581818,0.69,0.58,0.571429,0.589474,0.602151,0.570093,0.638298,0.650943,0.585859,0.613861,0.697917,0.625,0.707071,0.623762,0.642202,0.615385,0.59,0.54,0.608696,0.574074,0.568182,0.616071,0.622449,0.568627,0.585106,0.622642,0.680412,0.553398,0.553398,0.670103,0.776699,0.474227,0.612245,0.539216,0.633028,0.67033,0.608247,0.601942,0.666667,0.584158,0.711538,0.645833,0.576087,0.648148,0.594059,0.555556,0.73913,0.601852,0.681818,0.580357,0.673913,0.555556,0.617978,0.558559,0.627451,0.55102,0.617021,0.556604,0.625,0.615385,0.590476,0.578947,0.590909,0.6875,0.532609,0.527778,0.628866,0.640777,0.59,0.57,0.657407,0.597826,
33200,0.5,0.602041,0.626168,0.55914,0.571429,0.568807,0.573034,0.567568,0.561224,0.617647,0.642857,0.637255,0.484536,0.660194,0.571429,0.607843,0.55,0.625,0.633929,0.625,0.564815,0.619565,0.642105,0.695238,0.572917,0.576923,0.613861,0.626263,0.607143,0.625,0.580645,0.71028,0.553398,0.618557,0.575758,0.594059,0.688679,0.595745,0.538462,0.59375,0.55914,0.542056,0.619469,0.666667,0.637363,0.605505,0.604167,0.605769,0.584071,0.62069,0.625,0.604167,0.55914,0.598131,0.561798,0.612613,0.642857,0.598039,0.669725,0.56044,0.666667,0.642105,0.636364,0.584158,0.663366,0.59596,0.475728,0.608247,0.633333,0.563636,0.571429,0.627451,0.614583,0.480769,0.626087,0.611765,0.556701,0.592233,0.605769,0.666667,0.543478,0.564815,0.616279,0.535088,0.703297,0.53211,0.56701,0.524272,0.71134,0.592233,0.653061,0.617647,0.685714,0.536842,0.586538,0.604167,0.602273,0.589286,0.588235,0.632653,
33400,0.626263,0.663366,0.657143,0.557895,0.755102,0.666667,0.525773,0.61165,0.518519,0.663043,0.652632,0.685714,0.494845,0.640777,0.489583,0.596154,0.495327,0.591398,0.652174,0.546296,0.591837,0.607843,0.728155,0.628866,0.601942,0.56701,0.576087,0.537037,0.649485,0.563107,0.647059,0.520408,0.621053,0.52381,0.653061,0.627451,0.630435,0.648148,0.545455,0.524752,0.666667,0.711538,0.565657,0.514851,0.677083,0.625,0.611111,0.586957,0.556604,0.659574,0.598039,0.612245,0.581633,0.617647,0.59596,0.514851,0.56701,0.524272,0.552083,0.605769,0.59375,0.634615,0.628319,0.505747,0.729412,0.721739,0.688889,0.609091,0.59596,0.60396,0.613861,0.636364,0.516949,0.597561,0.594595,0.651685,0.675926,0.652174,0.5,0.604167,0.682243,0.569892,0.594059,0.646465,0.570093,0.537634,0.643678,0.60177,0.630435,0.592593,0.57732,0.68932,0.57732,0.631068,0.642857,0.637255,0.653061,0.539216,0.609756,0.686441,
33600,0.696078,0.693878,0.558559,0.561798,0.563636,0.566667,0.552083,0.576923,0.677083,0.634615,0.43299,0.601942,0.613861,0.626263,0.592233,0.680412,0.572917,0.663462,0.63,0.72,0.676471,0.642857,0.653846,0.583333,0.511628,0.552632,0.666667,0.642105,0.53271,0.688172,0.518868,0.56383,0.526882,0.635514,0.607843,0.622449,0.56,0.58,0.521277,0.679245,0.574257,0.585859,0.683673,0.637255,0.669903,0.639175,0.569892,0.616822,0.479167,0.644231,0.573034,0.540541,0.563107,0.670103,0.584158,0.585859,0.617647,0.612245,0.578947,0.552381,0.631068,0.525773,0.606061,0.653465,0.489362,0.54717,0.56383,0.54717,0.601942,0.628866,0.657143,0.589474,0.633929,0.659091,0.62069,0.488095,0.495146,0.628866,0.534653,0.656566,0.722222,0.590909,0.635593,0.670732,0.697917,0.634615,0.539216,0.673469,0.604167,0.519231,0.595506,0.531532,0.63,0.58,0.617647,0.530612,0.64,0.59,0.577982,0.604396,
33800,0.544554,0.525253,0.690722,0.601942,0.613861,0.545455,0.563107,0.525773,0.535354,0.554455,0.651376,0.637363,0.622449,0.637255,0.626374,0.669725,0.634615,0.645833,0.556701,0.640777,0.549451,0.651376,0.66,0.6,0.682692,0.541667,0.719626,0.645161,0.660194,0.597938,0.672897,0.709677,0.650943,0.531915,0.636364,0.524752,0.516484,0.587156,0.56701,0.660194,0.62766,0.650943,0.515464,0.621359,0.580645,0.598131,0.575472,0.638298,0.610526,0.6,0.650485,0.670103,0.576923,0.604167,0.605769,0.59375,0.540816,0.558824,0.653846,0.65625,0.613861,0.69697,0.598214,0.602273,0.558824,0.653061,0.59,0.66,0.681319,0.651376,0.583333,0.630435,0.574468,0.669811,0.614583,0.605769,0.553398,0.505155,0.712871,0.535354,0.48913,0.657407,0.660194,0.618557,0.631579,0.657143,0.628866,0.572816,0.666667,0.642105,0.554455,0.59596,0.591398,0.654206,0.55,0.55,0.604396,0.605505,0.516129,0.598131,
34000,0.694737,0.514286,0.604167,0.519231,0.558824,0.72449,0.608696,0.670588,0.633663,0.565657,0.640449,0.576577,0.585366,0.627119,0.646465,0.534653,0.625,0.541667,0.570175,0.55814,0.555556,0.554455,0.544554,0.505051,0.683168,0.59596,0.706522,0.564815,0.669811,0.531915,0.691589,0.666667,0.684211,0.695238,0.688073,0.637363,0.59434,0.5,0.638298,0.471698,0.580952,0.652632,0.639175,0.61165,0.515152,0.574257,0.593407,0.577982,0.565657,0.574257,0.727273,0.580357,0.557895,0.638095,0.597938,0.621359,0.555556,0.643564,0.558824,0.591837,0.596491,0.593023,0.587629,0.563107,0.561905,0.589474,0.669565,0.635294,0.647619,0.536842,0.544554,0.575758,0.505495,0.642202,0.653846,0.614583,0.52381,0.578947,0.612245,0.588235,0.646552,0.571429,0.646465,0.485149,0.6875,0.701923,0.587156,0.604396,0.612613,0.719101,0.666667,0.631579,0.509434,0.62766,0.592233,0.670103,0.55814,0.508772,0.584906,0.574468,
34200,0.539216,0.530612,0.539216,0.642857,0.459459,0.606742,0.537634,0.626168,0.623762,0.606061,0.604167,0.625,0.663158,0.609524,0.581633,0.627451,0.67619,0.673684,0.615385,0.577982,0.673267,0.636364,0.565657,0.653465,0.537037,0.663043,0.586538,0.645833,0.550847,0.54878,0.583333,0.509615,0.625,0.644231,0.660714,0.579545,0.588235,0.612245,0.631068,0.56701,0.694737,0.542857,0.469388,0.637255,0.699029,0.608247,0.622222,0.6,0.64,0.55,0.6,0.57,0.548673,0.689655,0.619048,0.515789,0.55814,0.622807,0.556818,0.607143,0.69697,0.633663,0.614679,0.604396,0.592233,0.474227,0.584906,0.585106,0.613636,0.589286,0.634409,0.523364,0.694737,0.6,0.520408,0.588235,0.523256,0.605263,0.537037,0.445652,0.619469,0.586207,0.542857,0.505263,0.625,0.541667,0.5625,0.644231,0.647727,0.464286,0.48,0.68,0.614035,0.593023,0.571429,0.610526,0.625,0.59375,0.494624,0.579439,
34400,0.617647,0.632653,0.588235,0.602041,0.525253,0.594059,0.563218,0.59292,0.681818,0.580357,0.610526,0.666667,0.647727,0.544643,0.632653,0.578431,0.565657,0.673267,0.545455,0.514851,0.565657,0.673267,0.549451,0.66055,0.655914,0.560748,0.520408,0.568627,0.568421,0.628571,0.6,0.652174,0.621359,0.639175,0.623762,0.59596,0.6,0.628571,0.637363,0.587156,0.505376,0.682243,0.613636,0.669643,0.647059,0.612245,0.552381,0.589474,0.663265,0.666667,0.698925,0.607477,0.580952,0.452632,0.587629,0.601942,0.643564,0.494949,0.468468,0.651685,0.645161,0.64486,0.627451,0.561224,0.626263,0.653465,0.561905,0.610526,0.556701,0.621359,0.586957,0.611111,0.643564,0.585859,0.621359,0.649485,0.71028,0.55914,0.539326,0.612613,0.695652,0.601852,0.605505,0.692308,0.586538,0.645833,0.608333,0.6,0.54,0.72,0.590476,0.631579,0.650943,0.553191,0.613861,0.565657,0.638298,0.660377,0.69,0.56,
34600,0.627451,0.622449,0.588235,0.643478,0.67619,0.578947,0.659794,0.592233,0.574074,0.663043,0.590476,0.610526,0.647059,0.591837,0.623762,0.646465,0.536082,0.61165,0.609524,0.673684,0.666667,0.596154,0.554217,0.623932,0.574257,0.535354,0.571429,0.602273,0.568627,0.642857,0.61165,0.56701,0.618557,0.543689,0.619565,0.62963,0.561798,0.576577,0.63,0.59,0.585106,0.518868,0.631579,0.628571,0.591837,0.598039,0.528302,0.62766,0.686869,0.534653,0.6,0.591304,0.633663,0.646465,0.516484,0.752294,0.576087,0.62963,0.610526,0.638095,0.52,0.61,0.5625,0.586538,0.574468,0.650943,0.546392,0.61165,0.55102,0.5,0.572727,0.555556,0.638298,0.613208,0.635417,0.634615,0.590361,0.675214,0.619048,0.589474,0.590476,0.6,0.635514,0.612903,0.582609,0.670588,0.651376,0.582418,0.707071,0.60396,0.62963,0.543478,0.568182,0.589286,0.589474,0.590476,0.549451,0.651376,0.608247,0.640777,
34800,0.663636,0.555556,0.555556,0.630435,0.650485,0.587629,0.52,0.57,0.613861,0.59596,0.561224,0.617647,0.621053,0.666667,0.621622,0.483146,0.64,0.57,0.62,0.57,0.566038,0.553191,0.578947,0.627907,0.635514,0.655914,0.695122,0.610169,0.602151,0.700935,0.509615,0.46875,0.568627,0.55102,0.66,0.6,0.585106,0.641509,0.642857,0.578431,0.618557,0.640777,0.672897,0.623656,0.631068,0.57732,0.632075,0.595745,0.565657,0.70297,0.530435,0.588235,0.621359,0.670103,0.643564,0.585859,0.618557,0.601942,0.62,0.59,0.558824,0.55102,0.588235,0.510204,0.61165,0.546392,0.588889,0.6,0.568627,0.571429,0.5,0.455556,0.619469,0.482759,0.561404,0.604651,0.65,0.6,0.701031,0.640777,0.564356,0.616162,0.673077,0.604167,0.515464,0.601942,0.580357,0.590909,0.574074,0.521739,0.638298,0.528302,0.594059,0.676768,0.554455,0.686869,0.663636,0.566667,0.619048,0.684211,
35000,0.586538,0.71875,0.49,0.63,0.666667,0.605769,0.606383,0.584906,0.660194,0.57732,0.557895,0.52381,0.57732,0.621359,0.670213,0.669811,0.611111,0.590909,0.663265,0.568627,0.59,0.58,0.646018,0.62069,0.607843,0.704082,0.727273,0.663366,0.517857,0.727273,0.61,0.67,0.596154,0.625,0.54902,0.591837,0.663462,0.53125,0.6,0.66,0.55102,0.627451,0.647059,0.653061,0.647619,0.621053,0.582418,0.550459,0.542056,0.645161,0.572816,0.639175,0.606383,0.59434,0.539216,0.673469,0.556701,0.582524,0.533333,0.547368,0.574468,0.575472,0.653061,0.647059,0.563636,0.611111,0.626506,0.606838,0.504762,0.610526,0.591837,0.637255,0.49,0.63,0.606061,0.613861,0.551402,0.537634,0.62037,0.554348,0.514563,0.618557,0.645833,0.615385,0.534653,0.585859,0.588235,0.653061,0.524752,0.676768,0.594059,0.606061,0.633929,0.602273,0.56044,0.587156,0.544554,0.646465,0.581818,0.566667,
35200,0.578431,0.581633,0.63,0.59,0.585106,0.59434,0.595745,0.613208,0.580247,0.529412,0.555556,0.613861,0.648148,0.597826,0.557522,0.689655,0.580247,0.563025,0.58427,0.63964,0.522936,0.582418,0.472222,0.695652,0.505618,0.648649,0.53211,0.494505,0.515152,0.485149,0.575758,0.544554,0.596491,0.534884,0.580952,0.578947,0.595506,0.666667,0.584906,0.648936,0.63,0.55,0.582524,0.57732,0.5625,0.633333,0.613861,0.606061,0.574074,0.554348,0.548077,0.614583,0.525253,0.564356,0.64,0.59,0.594059,0.626263,0.607143,0.670455,0.625,0.615385,0.635514,0.569892,0.678261,0.623529,0.555556,0.695652,0.6,0.609524,0.693878,0.568627,0.614583,0.634615,0.636364,0.611111,0.656863,0.714286,0.65,0.6,0.666667,0.591837,0.684211,0.6,0.598131,0.623656,0.572816,0.494845,0.592593,0.695652,0.513761,0.67033,0.628866,0.61165,0.607477,0.612903,0.597826,0.564815,0.587156,0.637363,
35400,0.627451,0.561224,0.6,0.552381,0.477064,0.549451,0.621359,0.536082,0.707547,0.531915,0.617647,0.55102,0.59434,0.531915,0.571429,0.607843,0.538462,0.5,0.568627,0.632653,0.523364,0.580645,0.714286,0.54902,0.626087,0.623529,0.558559,0.640449,0.67,0.63,0.570175,0.604651,0.693069,0.565657,0.7,0.63,0.576923,0.541667,0.642857,0.727273,0.533981,0.618557,0.670103,0.582524,0.612245,0.598039,0.693878,0.627451,0.632075,0.585106,0.549451,0.651376,0.692308,0.577982,0.573034,0.657658,0.579545,0.625,0.6,0.51,0.588235,0.479592,0.647059,0.55102,0.646465,0.663366,0.590909,0.544444,0.614679,0.681319,0.637255,0.663265,0.686869,0.49505,0.639175,0.621359,0.617647,0.55102,0.490196,0.755102,0.591837,0.568627,0.582524,0.556701,0.721154,0.520833,0.69,0.6,0.677083,0.576923,0.615385,0.572917,0.511364,0.580357,0.612903,0.654206,0.654867,0.62069,0.582524,0.57732,
35600,0.525773,0.582524,0.727273,0.60396,0.682243,0.634409,0.577982,0.637363,0.545455,0.633333,0.70297,0.666667,0.692308,0.697248,0.58,0.57,0.669811,0.659574,0.573034,0.522523,0.635417,0.548077,0.646465,0.594059,0.598039,0.581633,0.53211,0.593407,0.56383,0.622642,0.704082,0.617647,0.59434,0.691489,0.619048,0.663158,0.606742,0.684685,0.605769,0.520833,0.67,0.64,0.555556,0.60396,0.516484,0.568807,0.57732,0.728155,0.540816,0.598039,0.643678,0.654867,0.614583,0.615385,0.616162,0.584158,0.585859,0.683168,0.588235,0.693878,0.663366,0.585859,0.606061,0.564356,0.652174,0.555556,0.634146,0.559322,0.653061,0.676471,0.675676,0.640449,0.637931,0.642857,0.6,0.609524,0.547368,0.619048,0.717391,0.555556,0.617647,0.632653,0.546392,0.592233,0.583333,0.653846,0.587629,0.747573,0.585106,0.518868,0.611111,0.618182,0.636364,0.582278,0.535354,0.60396,0.555556,0.681818,0.55,0.56,
35800,0.634409,0.560748,0.625,0.633929,0.639175,0.650485,0.627273,0.6,0.574468,0.679245,0.558824,0.581633,0.681818,0.644444,0.470588,0.530612,0.626263,0.584158,0.630631,0.640449,0.58,0.61,0.610526,0.580952,0.656566,0.60396,0.555556,0.564356,0.614583,0.528846,0.641509,0.542553,0.637363,0.59633,0.519231,0.59375,0.540816,0.647059,0.598039,0.55102,0.494505,0.541284,0.675926,0.652174,0.576087,0.611111,0.519608,0.479592,0.625,0.596154,0.60396,0.656566,0.556818,0.669643,0.642857,0.603448,0.6,0.552381,0.568421,0.52381,0.61,0.71,0.642202,0.56044,0.505155,0.582524,0.676768,0.574257,0.56,0.58,0.583333,0.701923,0.642857,0.741379,0.606383,0.650943,0.636364,0.673267,0.531532,0.539326,0.54,0.52,0.549451,0.633028,0.60177,0.62069,0.545455,0.564356,0.556604,0.595745,0.61165,0.57732,0.589474,0.533333,0.625,0.642857,0.578431,0.561224,0.553398,0.494845,
36000,0.537736,0.585106,0.608247,0.68932,0.527473,0.614679,0.577982,0.648352,0.587629,0.563107,0.520833,0.634615,0.442105,0.552381,0.69697,0.594059,0.608247,0.61165,0.638889,0.619565,0.634409,0.616822,0.618557,0.592233,0.602041,0.705882,0.615385,0.635417,0.703297,0.605505,0.701149,0.681416,0.5,0.712766,0.520408,0.627451,0.602041,0.598039,0.553191,0.54717,0.655556,0.518182,0.575472,0.574468,0.395349,0.587719,0.6,0.578947,0.645161,0.570093,0.721649,0.553398,0.591837,0.666667,0.57732,0.553398,0.615385,0.520833,0.594059,0.545455,0.561404,0.593023,0.67,0.67,0.543689,0.546392,0.488372,0.552632,0.689655,0.619469,0.616162,0.613861,0.685714,0.589474,0.556701,0.601942,0.551402,0.526882,0.56,0.64,0.607143,0.647727,0.6,0.59,0.622222,0.554545,0.533981,0.587629,0.65,0.51,0.639344,0.628205,0.57732,0.660194,0.630252,0.654321,0.597826,0.537037,0.489796,0.460784,
36200,0.652632,0.647619,0.60177,0.609195,0.592593,0.608696,0.557895,0.571429,0.625,0.589286,0.691358,0.554622,0.552381,0.6,0.597826,0.62037,0.659794,0.572816,0.602041,0.656863,0.625,0.614583,0.542553,0.566038,0.532609,0.518519,0.617978,0.558559,0.5,0.6125,0.581633,0.558824,0.705357,0.590909,0.656863,0.510204,0.652174,0.62037,0.536364,0.577778,0.544643,0.579545,0.617978,0.558559,0.616822,0.602151,0.645161,0.570093,0.539326,0.612613,0.6,0.552381,0.585586,0.674157,0.596154,0.572917,0.524272,0.690722,0.690722,0.631068,0.64486,0.612903,0.597938,0.533981,0.561224,0.607843,0.564815,0.554348,0.571429,0.579545,0.615385,0.572917,0.636364,0.622222,0.61,0.53,0.6,0.611111,0.553398,0.618557,0.582418,0.59633,0.543689,0.618557,0.604167,0.538462,0.607143,0.586207,0.571429,0.614679,0.63,0.53,0.656566,0.584158,0.594595,0.58427,0.559524,0.637931,0.679245,0.62766,
36400,0.578431,0.55102,0.543478,0.527778,0.581818,0.766667,0.577982,0.648352,0.485437,0.597938,0.568421,0.590476,0.607843,0.612245,0.633663,0.686869,0.584906,0.595745,0.616279,0.710526,0.544554,0.535354,0.672897,0.569892,0.598039,0.642857,0.636364,0.594059,0.642857,0.539216,0.598131,0.473118,0.654545,0.588889,0.59375,0.586538,0.626168,0.612903,0.655914,0.588785,0.649485,0.650485,0.481481,0.652174,0.649485,0.601942,0.494845,0.592233,0.618557,0.533981,0.571429,0.631579,0.597938,0.679612,0.653846,0.541667,0.622642,0.595745,0.677419,0.672897,0.621359,0.618557,0.649485,0.553398,0.67,0.66,0.606383,0.632075,0.566667,0.636364,0.464646,0.554455,0.636364,0.613861,0.603306,0.632911,0.650943,0.638298,0.575472,0.542553,0.597938,0.592233,0.542857,0.6,0.490196,0.561224,0.660377,0.574468,0.607477,0.602151,0.649485,0.553398,0.568807,0.538462,0.632653,0.568627,0.647619,0.6,0.682353,0.66087,
36600,0.625,0.5,0.614679,0.659341,0.548387,0.551402,0.561798,0.657658,0.727273,0.594059,0.589474,0.619048,0.56044,0.577982,0.68,0.59,0.586957,0.555556,0.59633,0.615385,0.639175,0.650485,0.707865,0.585586,0.700855,0.686747,0.598214,0.681818,0.714286,0.651376,0.58,0.59,0.621622,0.561798,0.581633,0.676471,0.522523,0.606742,0.740741,0.608696,0.581633,0.588235,0.755102,0.578431,0.660194,0.587629,0.678571,0.636364,0.68932,0.597938,0.519231,0.583333,0.585586,0.595506,0.597938,0.514563,0.707865,0.63964,0.56,0.65,0.59596,0.653465,0.528302,0.617021,0.637255,0.673469,0.67,0.61,0.68,0.59,0.722222,0.645455,0.594595,0.685393,0.583333,0.721154,0.4375,0.663462,0.56701,0.553398,0.575472,0.542553,0.589474,0.571429,0.73,0.59,0.686869,0.574257,0.613861,0.59596,0.657143,0.589474,0.666667,0.56,0.555556,0.683168,0.5,0.571429,0.572816,0.618557,
36800,0.670103,0.68932,0.55102,0.568627,0.638095,0.610526,0.697248,0.648352,0.615385,0.572917,0.647059,0.591837,0.666667,0.644231,0.597938,0.524272,0.62,0.58,0.597938,0.592233,0.478261,0.611111,0.653465,0.616162,0.6,0.5,0.443182,0.616071,0.546392,0.631068,0.51,0.61,0.602041,0.607843,0.454545,0.620253,0.541667,0.596154,0.524272,0.597938,0.666667,0.596154,0.619048,0.494737,0.61,0.52,0.636364,0.524752,0.695652,0.611111,0.495413,0.461538,0.650943,0.585106,0.581633,0.686275,0.521739,0.6,0.511905,0.646552,0.52,0.53,0.587629,0.601942,0.627273,0.522222,0.595506,0.558559,0.515152,0.485149,0.692308,0.678899,0.639175,0.563107,0.666667,0.683168,0.537634,0.53271,0.601942,0.597938,0.649485,0.631068,0.525773,0.543689,0.566667,0.6,0.626168,0.526882,0.514286,0.684211,0.522727,0.544643,0.597938,0.563107,0.626374,0.541284,0.58427,0.693694,0.504673,0.698925,
37000,0.591398,0.598131,0.601942,0.536082,0.64486,0.44086,0.614583,0.682692,0.605769,0.583333,0.436893,0.628866,0.571429,0.579545,0.645833,0.557692,0.648148,0.576087,0.593407,0.541284,0.804348,0.62037,0.576087,0.518519,0.582524,0.484536,0.717172,0.544554,0.565657,0.465347,0.59434,0.638298,0.583333,0.554348,0.670588,0.634783,0.587156,0.648352,0.581633,0.627451,0.574074,0.630435,0.596154,0.635417,0.726316,0.638095,0.554455,0.626263,0.601852,0.728261,0.598131,0.666667,0.547368,0.504762,0.53,0.56,0.62,0.65,0.619469,0.643678,0.673267,0.535354,0.574468,0.669811,0.612245,0.519608,0.653846,0.677083,0.640777,0.587629,0.560748,0.645161,0.632075,0.606383,0.564356,0.636364,0.616162,0.613861,0.67,0.67,0.602041,0.617647,0.574468,0.613208,0.521277,0.566038,0.563636,0.588889,0.721649,0.68932,0.670213,0.575472,0.533981,0.536082,0.603774,0.62766,0.666667,0.60396,0.686869,0.623762,
37200,0.659574,0.518868,0.588235,0.540816,0.527473,0.633028,0.634615,0.583333,0.627451,0.612245,0.663462,0.479167,0.621359,0.649485,0.604167,0.615385,0.656566,0.643564,0.54717,0.659574,0.56,0.61,0.539216,0.591837,0.56044,0.623853,0.548077,0.552083,0.514851,0.535354,0.547368,0.580952,0.553191,0.509434,0.597938,0.640777,0.557895,0.552381,0.556701,0.563107,0.551402,0.548387,0.568807,0.527473,0.561905,0.621053,0.584906,0.691489,0.6,0.610526,0.752577,0.601942,0.570093,0.494624,0.666667,0.557692,0.634409,0.551402,0.610526,0.590476,0.645161,0.607477,0.63,0.54,0.52,0.72,0.509259,0.630435,0.426966,0.657658,0.603774,0.585106,0.601942,0.556701,0.483146,0.576577,0.663366,0.575758,0.686275,0.591837,0.553191,0.613208,0.588235,0.642857,0.628571,0.536842,0.53913,0.541176,0.561224,0.539216,0.769231,0.541284,0.616822,0.688172,0.621622,0.550562,0.641667,0.6,0.561905,0.526316,
37400,0.696078,0.479592,0.641509,0.691489,0.572917,0.567308,0.555556,0.544554,0.601852,0.597826,0.564356,0.59596,0.577982,0.593407,0.555556,0.643564,0.5,0.6875,0.516484,0.623853,0.594059,0.616162,0.617021,0.650943,0.518072,0.581197,0.648649,0.651685,0.651376,0.571429,0.614679,0.604396,0.630435,0.62963,0.526882,0.579439,0.675676,0.685393,0.666667,0.605769,0.633028,0.681319,0.638298,0.650943,0.631068,0.670103,0.594595,0.651685,0.572917,0.576923,0.485981,0.623656,0.676768,0.584158,0.587629,0.563107,0.581395,0.561404,0.610526,0.590476,0.591837,0.578431,0.571429,0.673684,0.628571,0.663158,0.586538,0.541667,0.628571,0.642105,0.505155,0.592233,0.608247,0.650485,0.62,0.55,0.717391,0.62037,0.545455,0.658228,0.580952,0.6,0.623762,0.585859,0.729167,0.711538,0.621622,0.52809,0.6,0.58,0.585859,0.623762,0.609524,0.621053,0.474227,0.504854,0.585859,0.49505,0.63,0.66,
37600,0.610526,0.666667,0.505376,0.700935,0.603774,0.606383,0.5625,0.615385,0.541176,0.608696,0.632184,0.584071,0.628866,0.563107,0.601942,0.546392,0.662791,0.587719,0.618557,0.533981,0.655556,0.581818,0.653846,0.645833,0.65,0.56,0.635514,0.516129,0.546296,0.48913,0.581633,0.54902,0.6,0.6375,0.621359,0.515464,0.66,0.64,0.657143,0.642105,0.6,0.563636,0.60396,0.686869,0.595745,0.54717,0.619048,0.652632,0.572917,0.528846,0.625,0.568182,0.541284,0.615385,0.683168,0.666667,0.617647,0.622449,0.660194,0.56701,0.612245,0.656863,0.58,0.61,0.480769,0.583333,0.563107,0.587629,0.574257,0.626263,0.572816,0.56701,0.58,0.61,0.62766,0.613208,0.581818,0.566667,0.663265,0.578431,0.6,0.541176,0.666667,0.631579,0.474747,0.584158,0.587629,0.592233,0.590909,0.488889,0.673077,0.645833,0.636364,0.643564,0.669903,0.597938,0.641509,0.574468,0.534653,0.606061,
37800,0.625,0.647727,0.696078,0.561224,0.764706,0.591304,0.52381,0.663793,0.62,0.6,0.627451,0.653061,0.612903,0.607477,0.614583,0.615385,0.545455,0.535714,0.568966,0.571429,0.6,0.627273,0.52,0.57,0.607843,0.581633,0.688073,0.648352,0.656566,0.683168,0.547619,0.637931,0.666667,0.534884,0.795918,0.637255,0.609091,0.466667,0.626263,0.594059,0.585586,0.58427,0.526316,0.514286,0.583333,0.652174,0.614583,0.5,0.521277,0.537736,0.613208,0.595745,0.535714,0.625,0.60396,0.575758,0.682692,0.520833,0.617647,0.55102,0.593407,0.651376,0.556701,0.592233,0.718447,0.536082,0.639175,0.572816,0.747664,0.634409,0.5,0.638298,0.621053,0.571429,0.684783,0.601852,0.578947,0.616279,0.578947,0.533333,0.598131,0.580645,0.571429,0.642202,0.625,0.614583,0.513514,0.573034,0.595506,0.684685,0.641304,0.611111,0.59,0.51,0.666667,0.653061,0.618557,0.504854,0.631579,0.571429,
38000,0.540816,0.637255,0.637363,0.633028,0.584158,0.666667,0.652174,0.527778,0.586538,0.552083,0.663551,0.569892,0.52439,0.576271,0.615385,0.677083,0.591837,0.54902,0.663265,0.578431,0.514286,0.631579,0.612245,0.617647,0.641304,0.62037,0.646465,0.712871,0.71134,0.660194,0.533981,0.721649,0.495146,0.670103,0.642105,0.542857,0.573034,0.621622,0.55102,0.529412,0.56701,0.592233,0.578431,0.530612,0.694444,0.673913,0.603774,0.56383,0.637255,0.653061,0.63964,0.651685,0.613208,0.531915,0.539216,0.663265,0.557692,0.635417,0.694737,0.6,0.586538,0.708333,0.587156,0.637363,0.613861,0.69697,0.604167,0.576923,0.561905,0.631579,0.621359,0.56701,0.59596,0.50495,0.714286,0.558824,0.6,0.580952,0.62963,0.619565,0.652542,0.597561,0.601942,0.670103,0.652632,0.6,0.604167,0.519231,0.581633,0.607843,0.523364,0.591398,0.645161,0.635514,0.625,0.663462,0.514563,0.71134,0.611111,0.565217,
38200,0.637363,0.642202,0.652632,0.628571,0.680412,0.572816,0.637255,0.591837,0.673077,0.53125,0.510638,0.698113,0.509259,0.554348,0.572727,0.633333,0.653846,0.604167,0.648936,0.669811,0.589474,0.580952,0.582609,0.564706,0.621053,0.561905,0.592593,0.470588,0.679612,0.546392,0.643478,0.6,0.715686,0.642857,0.566372,0.712644,0.666667,0.652632,0.614583,0.682692,0.56,0.59,0.613861,0.555556,0.524752,0.616162,0.613861,0.717172,0.548387,0.607477,0.635294,0.617391,0.644231,0.583333,0.565657,0.544554,0.646465,0.653465,0.673913,0.62963,0.60396,0.606061,0.666667,0.615385,0.621622,0.460674,0.590909,0.589286,0.597826,0.703704,0.590909,0.633929,0.62037,0.576087,0.57,0.49,0.644231,0.5625,0.576577,0.606742,0.484536,0.631068,0.653061,0.617647,0.568807,0.549451,0.666667,0.598131,0.56701,0.601942,0.65625,0.605769,0.578431,0.642857,0.575758,0.554455,0.704082,0.607843,0.580952,0.589474,
38400,0.524272,0.680412,0.606061,0.663366,0.55102,0.666667,0.622222,0.663636,0.552381,0.547368,0.606061,0.60396,0.67033,0.623853,0.722772,0.636364,0.494253,0.59292,0.594059,0.616162,0.598131,0.580645,0.663043,0.574074,0.693878,0.598039,0.589286,0.670455,0.489583,0.759615,0.588235,0.730435,0.477778,0.7,0.585859,0.564356,0.465909,0.607143,0.583333,0.644231,0.557895,0.542857,0.53271,0.645161,0.639175,0.660194,0.57,0.65,0.548077,0.666667,0.611111,0.609091,0.657895,0.593023,0.57732,0.601942,0.539326,0.621622,0.608247,0.514563,0.513274,0.609195,0.654545,0.588889,0.520408,0.647059,0.598291,0.53012,0.680851,0.566038,0.608247,0.504854,0.574257,0.606061,0.447917,0.576923,0.669565,0.658824,0.548387,0.588785,0.608696,0.648148,0.649485,0.650485,0.535354,0.633663,0.647059,0.673469,0.591398,0.570093,0.613208,0.691489,0.581633,0.676471,0.655462,0.62963,0.723404,0.509434,0.604167,0.538462,
38600,0.606383,0.726415,0.542373,0.54878,0.478723,0.528302,0.607143,0.560345,0.655556,0.709091,0.62963,0.565217,0.565217,0.555556,0.564706,0.608696,0.6,0.536842,0.653061,0.607843,0.663462,0.677083,0.533333,0.6,0.578947,0.6,0.607143,0.586207,0.585366,0.516949,0.581395,0.517544,0.536585,0.627119,0.672727,0.633333,0.682692,0.5625,0.59596,0.534653,0.608696,0.647059,0.645833,0.673077,0.673684,0.542857,0.574074,0.630435,0.721649,0.553398,0.595506,0.621622,0.519608,0.591837,0.69,0.52,0.53271,0.580645,0.525253,0.663366,0.6,0.545455,0.606061,0.643564,0.611111,0.576087,0.558824,0.704082,0.520408,0.578431,0.633929,0.556818,0.485437,0.536082,0.576923,0.677083,0.584158,0.555556,0.538462,0.568807,0.613861,0.686869,0.515464,0.582524,0.66055,0.604396,0.542857,0.610526,0.588235,0.612245,0.54717,0.617021,0.560345,0.666667,0.635514,0.55914,0.608247,0.582524,0.699029,0.639175,
38800,0.660377,0.531915,0.574468,0.59434,0.691358,0.512605,0.651163,0.552632,0.610526,0.561905,0.631579,0.552381,0.601852,0.652174,0.607143,0.543103,0.633663,0.59596,0.621053,0.590476,0.59596,0.514851,0.54,0.64,0.57,0.65,0.564356,0.616162,0.451613,0.579439,0.653061,0.696078,0.59375,0.509615,0.588785,0.580645,0.621359,0.57732,0.571429,0.610526,0.679245,0.659574,0.592233,0.608247,0.642857,0.568627,0.648936,0.481132,0.460784,0.469388,0.576577,0.505618,0.62,0.63,0.602041,0.588235,0.612245,0.598039,0.632075,0.659574,0.655914,0.579439,0.572917,0.653846,0.7,0.581818,0.56701,0.524272,0.618182,0.588889,0.682692,0.645833,0.618557,0.699029,0.619048,0.589474,0.540816,0.568627,0.670455,0.642857,0.598039,0.612245,0.571429,0.568421,0.47619,0.631579,0.660194,0.628866,0.536842,0.619048,0.480392,0.5,0.571429,0.637255,0.656863,0.602041,0.59375,0.634615,0.621359,0.628866,
39000,0.578431,0.540816,0.714286,0.558824,0.561905,0.557895,0.613861,0.575758,0.443299,0.621359,0.617021,0.509434,0.636364,0.722222,0.57732,0.631068,0.607477,0.709677,0.670103,0.495146,0.651786,0.534091,0.605769,0.635417,0.59375,0.615385,0.514019,0.612903,0.607843,0.622449,0.5625,0.534091,0.62,0.7,0.54,0.65,0.641304,0.648148,0.584906,0.638298,0.617391,0.623529,0.56,0.7,0.612245,0.578431,0.613208,0.585106,0.576923,0.572917,0.676768,0.623762,0.58,0.49,0.495238,0.6,0.663717,0.609195,0.542553,0.584906,0.686275,0.459184,0.530612,0.588235,0.712766,0.584906,0.606061,0.584158,0.597938,0.592233,0.514563,0.628866,0.647059,0.626087,0.505263,0.666667,0.663366,0.565657,0.625,0.669643,0.652174,0.675926,0.585106,0.537736,0.7,0.63,0.735294,0.693878,0.591398,0.64486,0.616822,0.580645,0.657143,0.589474,0.638095,0.568421,0.61,0.62,0.609195,0.610619,
39200,0.529412,0.581633,0.556522,0.611765,0.533333,0.652632,0.590909,0.580357,0.626263,0.613861,0.586538,0.677083,0.6,0.56,0.561905,0.473684,0.677419,0.570093,0.609524,0.547368,0.474227,0.592233,0.67619,0.663158,0.533333,0.572727,0.650485,0.556701,0.59,0.67,0.666667,0.536842,0.533898,0.634146,0.639175,0.621359,0.673469,0.627451,0.577982,0.67033,0.509434,0.542553,0.490385,0.614583,0.557895,0.638095,0.633333,0.572727,0.582524,0.628866,0.607477,0.645161,0.6875,0.644231,0.581633,0.54902,0.586538,0.572917,0.554545,0.522222,0.54,0.63,0.62963,0.532609,0.619565,0.527778,0.483871,0.607477,0.626168,0.569892,0.632653,0.598039,0.650943,0.585106,0.617978,0.603604,0.632653,0.607843,0.528846,0.677083,0.574074,0.641304,0.652174,0.62037,0.657143,0.6,0.571429,0.607843,0.63,0.58,0.59375,0.663462,0.618557,0.533981,0.635417,0.615385,0.524752,0.606061,0.616071,0.625,
39400,0.712871,0.646465,0.510638,0.518868,0.594059,0.565657,0.578431,0.622449,0.59434,0.531915,0.653846,0.541667,0.642857,0.411765,0.484848,0.633663,0.618557,0.524272,0.605505,0.648352,0.673684,0.628571,0.54,0.64,0.597826,0.648148,0.626263,0.752475,0.646465,0.762376,0.538462,0.688073,0.638298,0.660377,0.614679,0.538462,0.54023,0.60177,0.615385,0.568807,0.526316,0.685714,0.628866,0.563107,0.588889,0.536364,0.603774,0.648936,0.598131,0.623656,0.543478,0.712963,0.603774,0.702128,0.564356,0.616162,0.70297,0.565657,0.572816,0.608247,0.586957,0.62963,0.588235,0.612245,0.6,0.642105,0.576577,0.629213,0.558559,0.550562,0.659091,0.633929,0.685185,0.630435,0.669903,0.556701,0.53271,0.591398,0.537037,0.576087,0.625,0.482143,0.580357,0.647727,0.4375,0.586538,0.578431,0.622449,0.660194,0.628866,0.62766,0.59434,0.565217,0.638889,0.56044,0.577982,0.6,0.68,0.650485,0.618557,
39600,0.6,0.56,0.617978,0.648649,0.579439,0.569892,0.63,0.63,0.608247,0.650485,0.572816,0.56701,0.534653,0.666667,0.552632,0.662791,0.653846,0.65625,0.666667,0.701923,0.563107,0.639175,0.550459,0.648352,0.59,0.69,0.59596,0.544554,0.619048,0.568966,0.572727,0.544444,0.64486,0.580645,0.556818,0.598214,0.616822,0.580645,0.588235,0.55102,0.684211,0.619048,0.626263,0.524752,0.546392,0.601942,0.5,0.605769,0.59375,0.615385,0.652174,0.564815,0.648649,0.494382,0.572816,0.618557,0.539823,0.574713,0.524272,0.618557,0.606061,0.673267,0.575758,0.594059,0.62,0.62,0.630631,0.674157,0.584906,0.531915,0.469565,0.552941,0.601942,0.639175,0.647619,0.631579,0.537736,0.542553,0.569767,0.578947,0.653465,0.606061,0.57,0.63,0.625,0.579545,0.518519,0.641304,0.606383,0.575472,0.688172,0.616822,0.675926,0.641304,0.636364,0.544643,0.637255,0.612245,0.590476,0.505263,
39800,0.591837,0.617647,0.650485,0.628866,0.627451,0.663265,0.524752,0.606061,0.623762,0.525253,0.617021,0.660377,0.608247,0.640777,0.610526,0.552381,0.574713,0.628319,0.524272,0.42268,0.681416,0.586207,0.601852,0.619565,0.626263,0.574257,0.666667,0.572727,0.606383,0.556604,0.618557,0.533981,0.642857,0.647059,0.525773,0.640777,0.526786,0.636364,0.580357,0.568182,0.580357,0.568182,0.632653,0.598039,0.454545,0.584158,0.6875,0.738636,0.611111,0.554348,0.514851,0.555556,0.61,0.74,0.653846,0.59375,0.656863,0.561224,0.603604,0.651685,0.544554,0.616162,0.601695,0.585366,0.561224,0.54902,0.578431,0.663265,0.590909,0.533333,0.685714,0.663158,0.56701,0.68932,0.591837,0.588235,0.625,0.604167,0.592233,0.525773,0.638095,0.705263,0.640777,0.680412,0.673267,0.585859,0.544,0.6,0.552381,0.6,0.56701,0.669903,0.548387,0.542056,0.634409,0.570093,0.554455,0.616162,0.55102,0.676471,
40000,0.632075,0.680851,0.573034,0.657658,0.629213,0.621622,0.514563,0.618557,0.613208,0.648936,0.570093,0.602151,0.607477,0.655914,0.617021,0.641509,0.616162,0.623762,0.634409,0.654206,0.545455,0.6,0.56701,0.592233,0.585859,0.584158,0.494737,0.571429,0.663158,0.561905,0.622642,0.712766,0.67619,0.621053,0.593023,0.605263,0.636364,0.653465,0.612245,0.588235,0.61165,0.515464,0.675926,0.619565,0.737374,0.534653,0.567568,0.494382,0.721739,0.623529,0.588889,0.618182,0.62,0.55,0.54386,0.546512,0.555556,0.576087,0.577982,0.527473,0.650943,0.56383,0.62,0.61,0.613861,0.676768,0.583333,0.521739,0.598039,0.683673,0.61165,0.515464,0.603774,0.585106,0.606061,0.633663,0.638889,0.554348,0.565657,0.613861,0.603774,0.595745,0.637363,0.568807,0.637255,0.561224,0.597938,0.553398,0.534653,0.676768,0.569892,0.663551,0.571429,0.605505,0.646341,0.584746,0.62,0.57,0.462366,0.64486,
40200,0.555556,0.608696,0.566038,0.553191,0.68932,0.56701,0.633028,0.56044,0.6,0.638095,0.647059,0.530612,0.582524,0.597938,0.489796,0.607843,0.597938,0.572816,0.609091,0.688889,0.635417,0.701923,0.554455,0.555556,0.6875,0.528846,0.638889,0.543478,0.595745,0.575472,0.682243,0.548387,0.610526,0.47619,0.6,0.54,0.586957,0.509259,0.514286,0.610526,0.633929,0.613636,0.678571,0.613636,0.632653,0.696078,0.525253,0.613861,0.588785,0.569892,0.583333,0.641304,0.62,0.59,0.673077,0.645833,0.55102,0.519608,0.594059,0.666667,0.704082,0.558824,0.593407,0.614679,0.638095,0.631579,0.563107,0.670103,0.540816,0.666667,0.597938,0.640777,0.549451,0.559633,0.553398,0.556701,0.652632,0.561905,0.657143,0.536842,0.555556,0.608696,0.641304,0.722222,0.589474,0.580952,0.621622,0.662921,0.56,0.53,0.595745,0.575472,0.536082,0.553398,0.583333,0.586538,0.618557,0.61165,0.62,0.61,
40400,0.577982,0.626374,0.595745,0.59434,0.494737,0.561905,0.666667,0.530612,0.590476,0.663158,0.63,0.71,0.625,0.658333,0.663636,0.711111,0.586538,0.59375,0.495327,0.612903,0.5,0.576923,0.574468,0.59434,0.52381,0.631579,0.595745,0.660377,0.566372,0.689655,0.525773,0.650485,0.576923,0.645833,0.524272,0.680412,0.504587,0.714286,0.554455,0.616162,0.670103,0.572816,0.582418,0.633028,0.564356,0.676768,0.69697,0.594059,0.525253,0.574257,0.666667,0.610526,0.565657,0.752475,0.525773,0.631068,0.515789,0.590476,0.572816,0.659794,0.533333,0.642105,0.570093,0.623656,0.621359,0.639175,0.649485,0.553398,0.630631,0.561798,0.585859,0.643564,0.587629,0.640777,0.558824,0.663265,0.621053,0.6,0.706422,0.549451,0.486957,0.529412,0.72381,0.631579,0.686275,0.693878,0.494624,0.570093,0.615385,0.541667,0.62,0.62,0.578431,0.591837,0.644231,0.583333,0.489796,0.607843,0.657658,0.662921,
40600,0.590476,0.589474,0.564356,0.585859,0.739583,0.605769,0.54902,0.642857,0.556701,0.650485,0.581633,0.607843,0.575472,0.56383,0.580952,0.610526,0.578431,0.591837,0.683168,0.585859,0.66055,0.56044,0.609091,0.533333,0.626506,0.564103,0.534091,0.642857,0.529412,0.612245,0.567308,0.625,0.594828,0.607143,0.585106,0.556604,0.62931,0.690476,0.564103,0.457831,0.622449,0.558824,0.663462,0.604167,0.649485,0.61165,0.670455,0.642857,0.6875,0.663462,0.51,0.58,0.639175,0.679612,0.53125,0.586538,0.669725,0.527473,0.585106,0.603774,0.660194,0.639175,0.565657,0.613861,0.555556,0.663043,0.642105,0.52381,0.573034,0.504505,0.666667,0.64486,0.6,0.571429,0.55914,0.485981,0.536082,0.563107,0.555556,0.613861,0.626087,0.552941,0.682243,0.569892,0.515464,0.601942,0.653846,0.541667,0.630631,0.595506,0.574468,0.490566,0.621359,0.659794,0.56,0.53,0.637795,0.561644,0.540541,0.617978,
40800,0.592233,0.608247,0.554348,0.574074,0.590361,0.606838,0.607477,0.645161,0.584906,0.648936,0.628571,0.568421,0.618557,0.601942,0.609524,0.631579,0.637931,0.583333,0.590476,0.568421,0.714286,0.54902,0.723404,0.537736,0.515464,0.553398,0.718182,0.544444,0.673684,0.485714,0.652174,0.740741,0.702128,0.54717,0.659574,0.650943,0.631579,0.593023,0.574468,0.641509,0.369565,0.490741,0.593407,0.59633,0.570093,0.655914,0.534653,0.565657,0.606383,0.613208,0.742268,0.582524,0.574468,0.603774,0.627451,0.714286,0.666667,0.613861,0.648649,0.606742,0.534884,0.535088,0.61,0.62,0.616162,0.643564,0.62,0.63,0.586538,0.572917,0.614679,0.571429,0.642202,0.516484,0.669903,0.56701,0.673077,0.614583,0.537634,0.598131,0.563218,0.619469,0.572816,0.57732,0.584906,0.56383,0.673077,0.604167,0.483871,0.635514,0.573034,0.621622,0.485149,0.59596,0.604167,0.653846,0.631068,0.57732,0.52,0.6,
41000,0.484536,0.592233,0.606383,0.5,0.575472,0.531915,0.638298,0.603774,0.581633,0.686275,0.578947,0.514286,0.572816,0.443299,0.541667,0.653846,0.557895,0.619048,0.5,0.603774,0.577778,0.627273,0.615385,0.635417,0.627273,0.611111,0.614583,0.653846,0.59434,0.723404,0.621359,0.670103,0.546296,0.673913,0.606742,0.648649,0.554455,0.59596,0.569892,0.654206,0.715789,0.67619,0.548387,0.700935,0.586957,0.564815,0.557895,0.542857,0.679245,0.606383,0.54955,0.561798,0.628866,0.582524,0.59434,0.542553,0.530612,0.568627,0.626168,0.591398,0.55102,0.588235,0.5,0.612245,0.561798,0.594595,0.5,0.584906,0.585859,0.524752,0.531532,0.640449,0.704082,0.617647,0.694444,0.565217,0.533333,0.6,0.622449,0.705882,0.627451,0.72449,0.578431,0.612245,0.627907,0.570175,0.632075,0.62766,0.626263,0.643564,0.57732,0.621359,0.625,0.548077,0.576087,0.490741,0.632653,0.578431,0.623853,0.692308,
41200,0.626374,0.587156,0.573034,0.621622,0.657407,0.565217,0.640449,0.594595,0.590909,0.633929,0.619565,0.592593,0.66055,0.549451,0.682243,0.548387,0.601852,0.543478,0.666667,0.644231,0.606742,0.657658,0.568627,0.581633,0.616162,0.584158,0.639175,0.592233,0.62037,0.597826,0.588235,0.591837,0.712871,0.676768,0.58427,0.612613,0.730337,0.477477,0.552381,0.547368,0.666667,0.598131,0.515789,0.666667,0.65,0.67,0.598039,0.581633,0.543478,0.564815,0.69,0.63,0.578431,0.612245,0.592593,0.608696,0.58,0.58,0.590476,0.589474,0.691489,0.566038,0.673684,0.638095,0.568807,0.593407,0.673077,0.5625,0.634615,0.604167,0.666667,0.606742,0.553398,0.608247,0.653465,0.575758,0.606383,0.584906,0.604396,0.53211,0.656566,0.584158,0.571429,0.558824,0.615385,0.604167,0.621359,0.546392,0.684211,0.628571,0.598131,0.634409,0.618557,0.601942,0.548077,0.583333,0.564356,0.606061,0.653465,0.656566,
41400,0.592593,0.565217,0.602041,0.627451,0.646465,0.653465,0.576087,0.555556,0.669725,0.615385,0.548077,0.59375,0.631068,0.536082,0.612245,0.647059,0.545455,0.609756,0.52381,0.673684,0.560748,0.688172,0.646465,0.564356,0.588235,0.55102,0.59434,0.648936,0.633333,0.581818,0.602273,0.633929,0.583333,0.597826,0.645161,0.570093,0.591837,0.686275,0.581818,0.7,0.739583,0.548077,0.703297,0.495413,0.592593,0.529412,0.632075,0.680851,0.646552,0.607143,0.584906,0.606383,0.547368,0.580952,0.660194,0.597938,0.563107,0.659794,0.604167,0.567308,0.557692,0.677083,0.583333,0.625,0.644231,0.541667,0.69,0.43,0.615385,0.633028,0.550562,0.630631,0.597938,0.456311,0.564356,0.545455,0.681319,0.614679,0.543478,0.564815,0.641304,0.555556,0.6,0.505263,0.616162,0.584158,0.633333,0.554545,0.680412,0.61165,0.536842,0.590476,0.663158,0.590476,0.619565,0.648148,0.69697,0.544554,0.655914,0.542056,
41600,0.655914,0.53271,0.57732,0.582524,0.693182,0.553571,0.563107,0.556701,0.533981,0.556701,0.625,0.576923,0.58,0.68,0.609524,0.557895,0.637255,0.673469,0.615385,0.614679,0.586538,0.5,0.553191,0.622642,0.59633,0.593407,0.617021,0.632075,0.605769,0.5625,0.684783,0.527778,0.602041,0.607843,0.556701,0.61165,0.605769,0.520833,0.633028,0.593407,0.617021,0.613208,0.666667,0.606742,0.619048,0.673684,0.574468,0.59434,0.572727,0.522222,0.628866,0.61165,0.682692,0.510417,0.53,0.52,0.525253,0.663366,0.634615,0.604167,0.619048,0.655172,0.686275,0.653061,0.6,0.666667,0.552083,0.692308,0.666667,0.653846,0.58,0.53,0.546392,0.592233,0.607143,0.647727,0.570093,0.612903,0.612903,0.616822,0.632911,0.61157,0.59375,0.509615,0.68,0.61,0.682927,0.601695,0.632075,0.62766,0.557692,0.614583,0.623656,0.682243,0.583333,0.673077,0.623656,0.616822,0.628571,0.663158,
41800,0.585106,0.641509,0.544554,0.636364,0.474227,0.592233,0.663551,0.623656,0.604938,0.596639,0.714286,0.656863,0.688172,0.616822,0.659574,0.537736,0.580645,0.607477,0.627451,0.602041,0.637255,0.571429,0.56044,0.559633,0.602273,0.526786,0.623762,0.626263,0.54,0.6,0.525773,0.631068,0.552083,0.653846,0.669903,0.56701,0.521739,0.62963,0.504854,0.670103,0.509804,0.612245,0.583333,0.567308,0.685714,0.536842,0.69697,0.673267,0.579545,0.571429,0.529412,0.55102,0.598039,0.489796,0.65,0.66,0.741935,0.570093,0.511111,0.581818,0.571429,0.670455,0.637255,0.561224,0.615385,0.572917,0.636364,0.678571,0.59596,0.594059,0.619048,0.589474,0.568807,0.703297,0.585586,0.606742,0.50495,0.585859,0.641509,0.606383,0.638889,0.619565,0.61165,0.556701,0.598039,0.5,0.6,0.670588,0.586207,0.59292,0.659574,0.716981,0.610619,0.643678,0.589474,0.580952,0.535354,0.633663,0.542857,0.589474,
42000,0.647059,0.510204,0.709677,0.663551,0.5,0.5,0.642857,0.598039,0.639175,0.582524,0.595506,0.684685,0.644231,0.625,0.623656,0.588785,0.63,0.66,0.571429,0.617647,0.556604,0.659574,0.594595,0.58427,0.622449,0.568627,0.585586,0.617978,0.593407,0.66055,0.519608,0.612245,0.614458,0.683761,0.571429,0.637255,0.586957,0.611111,0.633333,0.6,0.598214,0.579545,0.607143,0.586207,0.604396,0.568807,0.588235,0.653061,0.585106,0.641509,0.643678,0.654867,0.626168,0.55914,0.594059,0.535354,0.563636,0.611111,0.59596,0.574257,0.653465,0.575758,0.657407,0.619565,0.574257,0.535354,0.62766,0.650943,0.517241,0.60177,0.535354,0.663366,0.635514,0.623656,0.588235,0.617391,0.691489,0.641509,0.62,0.71,0.617647,0.540816,0.542857,0.578947,0.550459,0.593407,0.569892,0.691589,0.659794,0.650485,0.656566,0.673267,0.711538,0.604167,0.638298,0.59434,0.652174,0.623529,0.596154,0.583333,
42200,0.640777,0.639175,0.515464,0.650485,0.656566,0.60396,0.65625,0.596154,0.583333,0.605769,0.612903,0.542056,0.641509,0.574468,0.623853,0.538462,0.701923,0.552083,0.578947,0.561905,0.568627,0.571429,0.539216,0.602041,0.666667,0.653061,0.584906,0.531915,0.54,0.58,0.528736,0.513274,0.592233,0.628866,0.596154,0.520833,0.681818,0.677778,0.572917,0.519231,0.576923,0.697917,0.54717,0.521277,0.561905,0.578947,0.623656,0.542056,0.59375,0.586538,0.653061,0.588235,0.621622,0.629213,0.606061,0.643564,0.640777,0.639175,0.684685,0.674157,0.633333,0.627273,0.594595,0.617978,0.621053,0.628571,0.619048,0.736842,0.666667,0.554545,0.555556,0.613861,0.64486,0.55914,0.62963,0.565217,0.686869,0.623762,0.650602,0.57265,0.663043,0.518519,0.505495,0.59633,0.626263,0.70297,0.578947,0.628571,0.53913,0.611765,0.63,0.6,0.672727,0.655556,0.572727,0.566667,0.642857,0.578431,0.613861,0.646465,
42400,0.574074,0.597826,0.691489,0.59434,0.525773,0.592233,0.53913,0.541176,0.540816,0.588235,0.617978,0.630631,0.550459,0.582418,0.59292,0.632184,0.542056,0.462366,0.716981,0.659574,0.574257,0.585859,0.647059,0.622449,0.585859,0.544554,0.663158,0.628571,0.518868,0.5,0.5625,0.548077,0.606061,0.574257,0.578431,0.571429,0.555556,0.524752,0.61,0.66,0.552381,0.589474,0.609524,0.652632,0.5625,0.509615,0.629213,0.504505,0.536082,0.650485,0.616162,0.564356,0.648148,0.673913,0.587719,0.686047,0.610526,0.704762,0.7,0.53,0.602041,0.54902,0.581818,0.677778,0.595745,0.622642,0.640449,0.477477,0.56701,0.582524,0.678571,0.602273,0.474227,0.572816,0.52,0.61,0.5,0.5,0.604167,0.557692,0.505882,0.643478,0.602151,0.654206,0.622222,0.563636,0.638298,0.622642,0.59375,0.557692,0.572917,0.509615,0.622449,0.588235,0.612245,0.578431,0.594059,0.606061,0.631579,0.638095,
42600,0.67033,0.53211,0.606742,0.567568,0.652632,0.533333,0.6,0.588889,0.632075,0.574468,0.558824,0.55102,0.585106,0.707547,0.576087,0.638889,0.693878,0.627451,0.603448,0.607143,0.576923,0.645833,0.645833,0.711538,0.580952,0.652632,0.554455,0.707071,0.648352,0.66055,0.648936,0.735849,0.544554,0.464646,0.561905,0.536842,0.679612,0.649485,0.688889,0.527273,0.679245,0.56383,0.532609,0.490741,0.590476,0.610526,0.598039,0.622449,0.660194,0.505155,0.678161,0.575221,0.579832,0.555556,0.612903,0.654206,0.628571,0.652632,0.565657,0.574257,0.519608,0.540816,0.54902,0.622449,0.494949,0.594059,0.574713,0.539823,0.614583,0.567308,0.672727,0.677778,0.574468,0.650943,0.616822,0.602151,0.689655,0.584071,0.62931,0.595238,0.587629,0.572816,0.554348,0.62963,0.598039,0.602041,0.666667,0.60396,0.56701,0.601942,0.568182,0.616071,0.59633,0.67033,0.582418,0.568807,0.59434,0.542553,0.634783,0.494118,
42800,0.53271,0.634409,0.565217,0.555556,0.590476,0.642105,0.605769,0.729167,0.666667,0.612245,0.611111,0.673913,0.594059,0.59596,0.528846,0.65625,0.504854,0.57732,0.542857,0.621053,0.653465,0.555556,0.657143,0.652632,0.644231,0.625,0.714286,0.594828,0.703704,0.532609,0.735849,0.574468,0.610526,0.580952,0.638889,0.619565,0.698925,0.635514,0.685185,0.521739,0.608108,0.634921,0.653846,0.645833,0.541284,0.604396,0.6,0.67619,0.66055,0.637363,0.574074,0.586957,0.62963,0.608696,0.571429,0.666667,0.522222,0.472727,0.589474,0.542857,0.530612,0.598039,0.58,0.55,0.617021,0.679245,0.621622,0.651685,0.701031,0.553398,0.537634,0.616822,0.598131,0.548387,0.601942,0.659794,0.6,0.663158,0.618557,0.601942,0.635417,0.625,0.605769,0.583333,0.619565,0.648148,0.558824,0.612245,0.601942,0.505155,0.536842,0.580952,0.533981,0.57732,0.540816,0.568627,0.566372,0.632184,0.537634,0.607477,
43000,0.609195,0.681416,0.577982,0.67033,0.579439,0.602151,0.648352,0.568807,0.574257,0.585859,0.617021,0.54717,0.593407,0.577982,0.524272,0.639175,0.596154,0.666667,0.586538,0.541667,0.56701,0.572816,0.592233,0.57732,0.533333,0.6,0.48,0.56,0.634615,0.625,0.61,0.65,0.608247,0.718447,0.625,0.677083,0.512821,0.626506,0.61,0.66,0.547368,0.67619,0.6,0.590476,0.57732,0.563107,0.555556,0.584158,0.669903,0.56701,0.554455,0.484848,0.705882,0.547826,0.609524,0.484211,0.542056,0.763441,0.505495,0.513761,0.583333,0.692308,0.586957,0.62963,0.633333,0.554545,0.602151,0.616822,0.536842,0.666667,0.557692,0.583333,0.657143,0.536842,0.592593,0.576087,0.621053,0.590476,0.571429,0.557895,0.644231,0.59375,0.505263,0.580952,0.536364,0.555556,0.588785,0.516129,0.577236,0.662338,0.673469,0.666667,0.574468,0.556604,0.571429,0.550459,0.516484,0.522936,0.638298,0.632075,
43200,0.623853,0.648352,0.57,0.54,0.602273,0.642857,0.623656,0.542056,0.551724,0.584071,0.584158,0.59596,0.505263,0.609524,0.682692,0.59375,0.535714,0.636364,0.666667,0.627273,0.564815,0.554348,0.608247,0.592233,0.552083,0.605769,0.571429,0.578947,0.618557,0.504854,0.543689,0.43299,0.638889,0.576087,0.495146,0.587629,0.58,0.67,0.519231,0.75,0.622222,0.6,0.640777,0.680412,0.663158,0.67619,0.614583,0.586538,0.54902,0.704082,0.58,0.51,0.616822,0.623656,0.672897,0.677419,0.652174,0.527778,0.62037,0.597826,0.605769,0.53125,0.483516,0.577982,0.580357,0.636364,0.648148,0.576087,0.514019,0.623656,0.56383,0.537736,0.659794,0.601942,0.57732,0.61165,0.623656,0.719626,0.564706,0.608696,0.660194,0.56701,0.666667,0.588785,0.577982,0.494505,0.563107,0.628866,0.652632,0.552381,0.65,0.52,0.65,0.52,0.561404,0.662791,0.707547,0.648936,0.663636,0.711111,
43400,0.504762,0.610526,0.567568,0.595506,0.628866,0.679612,0.628866,0.631068,0.651376,0.604396,0.55102,0.666667,0.611111,0.630435,0.598039,0.581633,0.663366,0.59596,0.669725,0.582418,0.526316,0.67619,0.643564,0.555556,0.608247,0.61165,0.575758,0.524752,0.606383,0.669811,0.54,0.68,0.59434,0.56383,0.48,0.58,0.5,0.615385,0.632653,0.647059,0.543689,0.57732,0.537736,0.574468,0.611765,0.591304,0.56044,0.541284,0.514286,0.578947,0.548673,0.643678,0.531915,0.650943,0.605769,0.614583,0.669903,0.649485,0.619565,0.574074,0.62069,0.619469,0.544643,0.590909,0.666667,0.545455,0.467391,0.694444,0.598039,0.55102,0.540816,0.598039,0.568182,0.616071,0.590909,0.642857,0.580645,0.523364,0.605769,0.635417,0.654545,0.677778,0.676768,0.594059,0.602041,0.656863,0.554455,0.59596,0.616162,0.594059,0.57732,0.592233,0.6,0.505263,0.61,0.61,0.598291,0.590361,0.635417,0.557692,
43600,0.71134,0.669903,0.561224,0.588235,0.560748,0.666667,0.631068,0.628866,0.504348,0.564706,0.64,0.6,0.568421,0.638095,0.518868,0.531915,0.680412,0.563107,0.670103,0.61165,0.657407,0.543478,0.48913,0.583333,0.505051,0.643564,0.621622,0.617978,0.604396,0.614679,0.61165,0.56701,0.554455,0.525253,0.67,0.61,0.589474,0.590476,0.629213,0.54955,0.677778,0.572727,0.592233,0.649485,0.552632,0.639535,0.59375,0.625,0.626263,0.60396,0.556701,0.650485,0.648936,0.518868,0.6,0.53,0.62963,0.51087,0.59,0.63,0.561224,0.607843,0.628571,0.631579,0.618557,0.669903,0.696429,0.625,0.715686,0.683673,0.595745,0.622642,0.593407,0.623853,0.619048,0.505263,0.574468,0.622642,0.568627,0.581633,0.575472,0.670213,0.597826,0.555556,0.609091,0.644444,0.514286,0.463158,0.511111,0.581818,0.532609,0.555556,0.63,0.55,0.547368,0.571429,0.642105,0.6,0.693069,0.59596,
43800,0.6,0.642105,0.53211,0.648352,0.602041,0.529412,0.565657,0.643564,0.571429,0.637255,0.515789,0.542857,0.628866,0.68932,0.666667,0.637168,0.612245,0.558824,0.718447,0.608247,0.706522,0.703704,0.663265,0.656863,0.632075,0.659574,0.542553,0.584906,0.556701,0.533981,0.670103,0.475728,0.71134,0.514563,0.625,0.663462,0.647059,0.653061,0.6,0.61,0.646018,0.563218,0.606061,0.60396,0.648649,0.629213,0.526882,0.551402,0.63964,0.595506,0.571429,0.568182,0.548387,0.64486,0.582524,0.618557,0.612903,0.626168,0.655914,0.598131,0.576577,0.651685,0.635417,0.548077,0.616279,0.535088,0.589474,0.419048,0.5,0.59375,0.684211,0.647619,0.528846,0.666667,0.567568,0.58427,0.656863,0.612245,0.62931,0.583333,0.62,0.63,0.567308,0.510417,0.532609,0.574074,0.602151,0.654206,0.583333,0.634615,0.6,0.655556,0.56044,0.623853,0.708738,0.597938,0.636364,0.772277,0.604651,0.684211,
44000,0.653061,0.539216,0.526882,0.654206,0.601942,0.57732,0.548077,0.604167,0.533981,0.639175,0.615385,0.635417,0.646465,0.544554,0.579439,0.698925,0.591398,0.560748,0.453488,0.657895,0.490741,0.423913,0.626263,0.544554,0.631068,0.536082,0.670213,0.688679,0.68,0.66,0.704082,0.647059,0.626087,0.6,0.715789,0.590476,0.682243,0.483871,0.673913,0.509259,0.669811,0.56383,0.622222,0.6,0.594059,0.575758,0.613861,0.606061,0.598131,0.602151,0.641509,0.680851,0.63964,0.539326,0.616279,0.587719,0.558824,0.673469,0.672897,0.591398,0.568421,0.6,0.718182,0.466667,0.699029,0.639175,0.617647,0.591837,0.604396,0.559633,0.57,0.62,0.542553,0.59434,0.571429,0.62963,0.514019,0.612903,0.579832,0.654321,0.505618,0.558559,0.578947,0.609524,0.695238,0.536842,0.589474,0.657143,0.602041,0.676471,0.50495,0.565657,0.602273,0.616071,0.702128,0.528302,0.603774,0.56383,0.570093,0.569892,
44200,0.568421,0.647619,0.644231,0.635417,0.598039,0.530612,0.642857,0.509804,0.707547,0.478723,0.6,0.564706,0.629213,0.630631,0.663265,0.598039,0.637363,0.504587,0.64,0.55,0.505263,0.495238,0.561798,0.603604,0.575758,0.594059,0.548387,0.588785,0.675676,0.573034,0.6875,0.653846,0.644068,0.695122,0.693878,0.656863,0.605769,0.677083,0.570093,0.612903,0.59,0.63,0.6,0.56,0.666667,0.55102,0.630631,0.539326,0.642857,0.45098,0.504762,0.589474,0.561224,0.578431,0.646465,0.623762,0.554455,0.606061,0.645833,0.576923,0.587629,0.582524,0.494845,0.650485,0.617021,0.632075,0.538462,0.552083,0.645455,0.577778,0.515464,0.553398,0.646465,0.70297,0.591398,0.542056,0.58,0.61,0.722772,0.555556,0.719626,0.526882,0.658824,0.669565,0.684783,0.574074,0.662921,0.594595,0.656863,0.612245,0.601852,0.619565,0.57732,0.631068,0.576923,0.59375,0.574074,0.543478,0.617978,0.585586,
44400,0.534091,0.642857,0.614583,0.557692,0.54902,0.632653,0.721649,0.737864,0.635514,0.580645,0.578431,0.622449,0.699029,0.525773,0.634615,0.677083,0.505155,0.669903,0.556604,0.574468,0.621053,0.67619,0.607477,0.537634,0.72,0.6,0.582524,0.659794,0.584906,0.542553,0.650485,0.618557,0.635417,0.528846,0.675926,0.630435,0.653061,0.666667,0.58,0.7,0.551402,0.634409,0.615385,0.666667,0.634409,0.53271,0.654206,0.591398,0.590476,0.715789,0.62,0.64,0.539326,0.621622,0.65625,0.557692,0.524272,0.608247,0.567308,0.625,0.622449,0.519608,0.704762,0.621053,0.563107,0.587629,0.663265,0.666667,0.587629,0.601942,0.609091,0.7,0.588785,0.580645,0.647059,0.571429,0.542373,0.707317,0.574257,0.606061,0.565657,0.683168,0.626263,0.663366,0.469388,0.686275,0.54717,0.765957,0.67,0.56,0.642105,0.514286,0.616071,0.693182,0.628571,0.610526,0.606061,0.643564,0.634615,0.552083,
44600,0.545455,0.653465,0.631068,0.587629,0.61,0.62,0.505263,0.666667,0.643564,0.606061,0.660377,0.574468,0.543478,0.62037,0.634615,0.625,0.627273,0.655556,0.669903,0.587629,0.623762,0.585859,0.596154,0.614583,0.571429,0.642105,0.579439,0.688172,0.53,0.56,0.625,0.480769,0.534884,0.587719,0.509615,0.583333,0.553398,0.597938,0.587629,0.601942,0.675926,0.576087,0.693694,0.606742,0.627907,0.552632,0.653846,0.614583,0.588235,0.520408,0.633333,0.545455,0.594595,0.58427,0.588235,0.561224,0.61,0.57,0.53271,0.623656,0.596154,0.583333,0.603774,0.617021,0.572816,0.597938,0.550459,0.736264,0.536842,0.6,0.564815,0.619565,0.640777,0.546392,0.706522,0.657407,0.674419,0.508772,0.592593,0.546218,0.625,0.635417,0.6,0.610526,0.648148,0.586957,0.553191,0.59434,0.522523,0.505618,0.647619,0.526316,0.606742,0.585586,0.574713,0.557522,0.715596,0.604396,0.589474,0.666667,
44800,0.585859,0.633663,0.56,0.54,0.575472,0.606383,0.663265,0.578431,0.627451,0.540816,0.550562,0.540541,0.663265,0.696078,0.530612,0.490196,0.564356,0.585859,0.494253,0.628319,0.662921,0.693694,0.669643,0.579545,0.697917,0.528846,0.57,0.63,0.640777,0.628866,0.608696,0.638889,0.636364,0.666667,0.654206,0.580645,0.612245,0.607843,0.659794,0.640777,0.59375,0.634615,0.589474,0.561905,0.6,0.627273,0.574468,0.632075,0.623656,0.626168,0.57732,0.650485,0.515464,0.631068,0.597826,0.657407,0.474227,0.592233,0.560748,0.548387,0.574468,0.556604,0.628866,0.650485,0.633028,0.626374,0.580645,0.579439,0.598039,0.581633,0.6,0.547368,0.628571,0.557895,0.557692,0.625,0.651376,0.56044,0.610526,0.590476,0.592233,0.608247,0.569767,0.54386,0.598214,0.556818,0.512195,0.5,0.683673,0.578431,0.63,0.62,0.568807,0.626374,0.641509,0.5,0.626374,0.642202,0.604167,0.490385,
45000,0.647059,0.642857,0.6,0.59,0.58,0.57,0.595506,0.621622,0.511628,0.587719,0.539216,0.612245,0.5625,0.615385,0.638298,0.603774,0.58,0.63,0.650943,0.606383,0.634615,0.635417,0.647619,0.631579,0.554455,0.666667,0.574257,0.606061,0.621359,0.649485,0.49505,0.656566,0.505618,0.603604,0.598039,0.632653,0.54902,0.561224,0.6,0.73,0.581633,0.568627,0.65,0.56,0.6,0.568421,0.484211,0.6,0.576577,0.707865,0.625,0.605769,0.673913,0.601852,0.663043,0.592593,0.602151,0.495327,0.705882,0.612245,0.697917,0.596154,0.591398,0.626168,0.613861,0.616162,0.614583,0.5,0.575758,0.544554,0.531915,0.660377,0.62766,0.518868,0.591304,0.552941,0.574074,0.608696,0.615385,0.614583,0.576923,0.677083,0.55,0.6,0.701754,0.616279,0.670588,0.547826,0.585366,0.59322,0.582524,0.628866,0.663265,0.656863,0.655914,0.588785,0.544444,0.636364,0.618557,0.533981,
45200,0.663551,0.602151,0.673469,0.627451,0.675926,0.684783,0.634409,0.551402,0.653465,0.69697,0.585586,0.685393,0.546392,0.592233,0.670103,0.601942,0.516129,0.607477,0.569892,0.514019,0.584158,0.666667,0.590909,0.577778,0.623762,0.59596,0.538462,0.541284,0.666667,0.596154,0.51,0.54,0.55814,0.578947,0.542553,0.518868,0.550459,0.582418,0.550562,0.540541,0.495238,0.673684,0.548387,0.588785,0.504854,0.597938,0.653061,0.607843,0.563107,0.57732,0.637363,0.614679,0.587629,0.621359,0.530612,0.578431,0.61,0.64,0.428571,0.652632,0.565657,0.524752,0.598039,0.530612,0.572917,0.644231,0.612245,0.568627,0.552941,0.704348,0.598039,0.55102,0.7,0.7,0.553398,0.57732,0.59292,0.586207,0.526882,0.542056,0.56701,0.601942,0.603774,0.478723,0.594595,0.595506,0.622642,0.521277,0.587156,0.67033,0.514286,0.631579,0.570093,0.612903,0.588235,0.704082,0.696078,0.540816,0.53211,0.571429,
45400,0.613861,0.606061,0.635417,0.509615,0.566038,0.542553,0.518182,0.588889,0.670455,0.607143,0.622642,0.585106,0.617021,0.54717,0.592233,0.618557,0.524272,0.639175,0.572581,0.513158,0.62,0.52,0.52809,0.567568,0.64,0.56,0.587156,0.516484,0.642105,0.542857,0.597826,0.648148,0.546392,0.553398,0.510417,0.673077,0.58427,0.684685,0.606383,0.660377,0.622222,0.645455,0.683673,0.588235,0.596154,0.59375,0.573034,0.630631,0.57732,0.650485,0.69,0.61,0.666667,0.605769,0.592233,0.525773,0.673267,0.565657,0.613861,0.606061,0.510204,0.578431,0.557895,0.590476,0.476636,0.494624,0.637255,0.612245,0.59596,0.49505,0.6,0.609524,0.582418,0.688073,0.637255,0.693878,0.485437,0.525773,0.54,0.68,0.55,0.61,0.584158,0.575758,0.606061,0.633663,0.537037,0.652174,0.593023,0.535088,0.586207,0.60177,0.552381,0.515789,0.588235,0.642857,0.613861,0.717172,0.642202,0.593407,
45600,0.531532,0.662921,0.559633,0.549451,0.575472,0.585106,0.666667,0.519231,0.6,0.590476,0.647727,0.633929,0.655172,0.584071,0.603774,0.585106,0.592233,0.618557,0.544554,0.585859,0.557522,0.643678,0.617021,0.509434,0.628571,0.589474,0.642857,0.545455,0.589474,0.609524,0.528302,0.606383,0.57732,0.621359,0.688073,0.571429,0.612245,0.578431,0.61165,0.525773,0.666667,0.578947,0.614583,0.519231,0.6,0.542857,0.556701,0.563107,0.560748,0.623656,0.636364,0.574257,0.561798,0.594595,0.572816,0.597938,0.717172,0.584158,0.576923,0.677083,0.694737,0.580952,0.663462,0.614583,0.576087,0.592593,0.649123,0.651163,0.565657,0.554455,0.699029,0.628866,0.735849,0.638298,0.527273,0.588889,0.63964,0.617978,0.606061,0.623762,0.598039,0.489796,0.494845,0.601942,0.655556,0.618182,0.616162,0.60396,0.537736,0.542553,0.640777,0.628866,0.666667,0.524752,0.543478,0.62037,0.589474,0.590476,0.544554,0.616162,
45800,0.731183,0.542056,0.617647,0.704082,0.682243,0.623656,0.623656,0.635514,0.556701,0.563107,0.60177,0.632184,0.541667,0.605769,0.607843,0.653061,0.641304,0.62963,0.6,0.74,0.652632,0.590476,0.62,0.58,0.61,0.6,0.737864,0.597938,0.684211,0.704762,0.742574,0.676768,0.612245,0.617647,0.56044,0.53211,0.475248,0.565657,0.564706,0.556522,0.596491,0.593023,0.603774,0.617021,0.591837,0.676471,0.635514,0.591398,0.647619,0.610526,0.62069,0.59292,0.561905,0.736842,0.645161,0.579439,0.615385,0.614679,0.509615,0.604167,0.557692,0.635417,0.531532,0.707865,0.582524,0.659794,0.546392,0.582524,0.642105,0.628571,0.6,0.48,0.5,0.54902,0.553191,0.584906,0.618182,0.488889,0.678261,0.541176,0.690909,0.577778,0.651376,0.516484,0.575472,0.638298,0.628571,0.589474,0.5,0.574468,0.62069,0.595238,0.566038,0.648936,0.56701,0.631068,0.647059,0.591837,0.673469,0.617647,
46000,0.647059,0.55102,0.515152,0.554455,0.595506,0.630631,0.650485,0.597938,0.614679,0.56044,0.701031,0.553398,0.524752,0.666667,0.626263,0.673267,0.59375,0.682692,0.504854,0.525773,0.545455,0.611111,0.582524,0.659794,0.575472,0.62766,0.59375,0.740385,0.644231,0.71875,0.598131,0.645161,0.59596,0.524752,0.516129,0.598131,0.602041,0.539216,0.47,0.56,0.536082,0.553398,0.604167,0.596154,0.52381,0.568421,0.657143,0.621053,0.63,0.58,0.564356,0.69697,0.597826,0.601852,0.623853,0.549451,0.621053,0.542857,0.606061,0.564356,0.62766,0.641509,0.650485,0.649485,0.619048,0.642105,0.604167,0.548077,0.587156,0.637363,0.647619,0.642105,0.631579,0.504762,0.557692,0.614583,0.640449,0.621622,0.54,0.61,0.525253,0.60396,0.561224,0.637255,0.54902,0.602041,0.54023,0.610619,0.557692,0.572917,0.655914,0.64486,0.615385,0.645833,0.490196,0.571429,0.631068,0.556701,0.685185,0.652174,
46200,0.673913,0.62963,0.612613,0.58427,0.592593,0.608696,0.584906,0.5,0.610526,0.647619,0.509091,0.6,0.688172,0.588785,0.51087,0.638889,0.548077,0.65625,0.618644,0.621951,0.642105,0.638095,0.595745,0.54717,0.556701,0.524272,0.561224,0.568627,0.477477,0.539326,0.5625,0.579545,0.545455,0.574257,0.615385,0.708333,0.612245,0.54902,0.67033,0.587156,0.531915,0.59434,0.522124,0.597701,0.663934,0.666667,0.536842,0.628571,0.580952,0.642105,0.567308,0.614583,0.534091,0.571429,0.59434,0.617021,0.605505,0.538462,0.598039,0.581633,0.547619,0.646552,0.625,0.557692,0.617391,0.505882,0.613208,0.595745,0.666667,0.653846,0.666667,0.612245,0.563107,0.597938,0.561905,0.610526,0.673913,0.648148,0.540541,0.606742,0.581633,0.529412,0.604396,0.651376,0.578431,0.612245,0.628571,0.568421,0.58,0.62,0.619048,0.663158,0.504673,0.677419,0.54902,0.581633,0.591837,0.666667,0.539326,0.594595,
46400,0.571429,0.568421,0.686869,0.554455,0.575758,0.732673,0.56701,0.679612,0.54955,0.595506,0.586207,0.642857,0.578947,0.514286,0.548673,0.655172,0.608696,0.583333,0.602041,0.529412,0.626263,0.623762,0.615385,0.645833,0.649485,0.485437,0.62,0.51,0.62766,0.481132,0.629213,0.648649,0.646018,0.632184,0.59596,0.633663,0.686047,0.526316,0.638095,0.505263,0.62037,0.565217,0.550459,0.582418,0.632653,0.607843,0.59596,0.683168,0.572816,0.515464,0.6,0.6125,0.702128,0.632075,0.696078,0.632653,0.614583,0.701923,0.570093,0.537634,0.53,0.56,0.610169,0.609756,0.59375,0.586538,0.67619,0.610526,0.669492,0.463415,0.654545,0.666667,0.583333,0.597826,0.495238,0.505263,0.673267,0.686869,0.509259,0.717391,0.652632,0.571429,0.564103,0.650602,0.666667,0.596154,0.645833,0.586538,0.561905,0.642105,0.580952,0.547368,0.546392,0.572816,0.632479,0.518072,0.552381,0.557895,0.554455,0.59596,
46600,0.646465,0.693069,0.572816,0.505155,0.505051,0.673267,0.594059,0.636364,0.560748,0.580645,0.616822,0.623656,0.57,0.6,0.62037,0.673913,0.625,0.490385,0.673267,0.676768,0.621622,0.640449,0.65,0.66,0.644231,0.71875,0.571429,0.59633,0.596154,0.697917,0.60396,0.666667,0.617021,0.556604,0.581818,0.555556,0.586207,0.607143,0.542857,0.642105,0.545455,0.535714,0.658537,0.635593,0.657658,0.539326,0.596639,0.679012,0.659091,0.651786,0.656566,0.534653,0.583333,0.521739,0.585859,0.683168,0.580645,0.682243,0.59596,0.60396,0.57732,0.669903,0.515464,0.563107,0.625,0.634615,0.604167,0.605769,0.457447,0.603774,0.540541,0.617978,0.505155,0.61165,0.62766,0.584906,0.505495,0.522936,0.673684,0.485714,0.469388,0.627451,0.621359,0.639175,0.586957,0.611111,0.547826,0.658824,0.62766,0.698113,0.660377,0.648936,0.632184,0.619469,0.655556,0.663636,0.585106,0.613208,0.583333,0.471154,
46800,0.609195,0.575221,0.627451,0.602041,0.612245,0.529412,0.622449,0.588235,0.613861,0.656566,0.589286,0.602273,0.571429,0.621053,0.619565,0.472222,0.681319,0.633028,0.604167,0.605769,0.555556,0.574257,0.554455,0.626263,0.6,0.642105,0.543478,0.657407,0.640449,0.486486,0.572917,0.528846,0.627451,0.540816,0.603604,0.606742,0.694444,0.48913,0.635417,0.605769,0.630435,0.472222,0.6,0.647619,0.657658,0.58427,0.529412,0.617391,0.663043,0.564815,0.632653,0.647059,0.550459,0.659341,0.625,0.645833,0.585106,0.556604,0.533333,0.568421,0.576087,0.546296,0.6,0.63,0.679612,0.618557,0.683673,0.598039,0.578431,0.561224,0.584906,0.648936,0.59322,0.573171,0.576923,0.625,0.584158,0.626263,0.635514,0.55914,0.568421,0.590476,0.639175,0.650485,0.614035,0.674419,0.592233,0.608247,0.72,0.62,0.612903,0.616822,0.6875,0.634615,0.606061,0.60396,0.604396,0.568807,0.592233,0.556701,
47000,0.55914,0.579439,0.474227,0.669903,0.688679,0.617021,0.575758,0.60396,0.67,0.64,0.617978,0.612613,0.604651,0.710526,0.62037,0.630435,0.705882,0.581633,0.666667,0.615385,0.611111,0.652174,0.52,0.55,0.516129,0.654206,0.547368,0.514286,0.7,0.54,0.642105,0.657143,0.763158,0.534884,0.852632,0.485714,0.707071,0.594059,0.742857,0.568421,0.646018,0.62069,0.56701,0.553398,0.612903,0.542056,0.619048,0.515789,0.505155,0.631068,0.652632,0.580952,0.605769,0.625,0.571429,0.607843,0.585586,0.606742,0.752475,0.626263,0.59434,0.670213,0.615385,0.53125,0.622449,0.588235,0.575758,0.544554,0.652632,0.619048,0.594059,0.535354,0.608247,0.631068,0.552381,0.589474,0.613208,0.606383,0.606383,0.613208,0.660377,0.617021,0.593407,0.623853,0.530612,0.598039,0.607843,0.55102,0.651786,0.647727,0.716981,0.712766,0.6,0.566667,0.608247,0.582524,0.585859,0.594059,0.567568,0.629213,
47200,0.540816,0.656863,0.649485,0.572816,0.588235,0.530612,0.594059,0.585859,0.597826,0.62037,0.555556,0.681818,0.574468,0.632075,0.647619,0.557895,0.564815,0.673913,0.611111,0.565217,0.508929,0.556818,0.62,0.57,0.669903,0.556701,0.643564,0.606061,0.597938,0.757282,0.563636,0.633333,0.606383,0.716981,0.535354,0.564356,0.62931,0.642857,0.505263,0.638095,0.542056,0.634409,0.601852,0.554348,0.6,0.561905,0.603448,0.595238,0.591398,0.663551,0.516484,0.53211,0.714286,0.610526,0.529412,0.573913,0.608247,0.572816,0.63,0.65,0.659091,0.580357,0.612245,0.539216,0.55914,0.560748,0.59434,0.606383,0.621053,0.6,0.59,0.6,0.55102,0.637255,0.631579,0.542857,0.576087,0.638889,0.612903,0.579439,0.581633,0.627451,0.565217,0.638889,0.646465,0.623762,0.721154,0.677083,0.640449,0.594595,0.666667,0.663265,0.551402,0.602151,0.666667,0.563025,0.571429,0.647727,0.611111,0.672727,
47400,0.582524,0.587629,0.650943,0.648936,0.613636,0.651786,0.548387,0.588785,0.612903,0.579439,0.655914,0.523364,0.636364,0.622222,0.571429,0.588235,0.616822,0.612903,0.515152,0.683168,0.613208,0.521277,0.591837,0.598039,0.549451,0.614679,0.593407,0.587156,0.591398,0.560748,0.6,0.52,0.712871,0.636364,0.614583,0.625,0.560748,0.688172,0.64,0.62,0.709677,0.663551,0.525253,0.544554,0.568807,0.659341,0.627907,0.614035,0.645833,0.548077,0.51,0.62,0.640777,0.525773,0.65625,0.538462,0.574074,0.543478,0.673267,0.525253,0.556701,0.592233,0.59375,0.634615,0.582418,0.678899,0.604396,0.651376,0.585859,0.60396,0.670103,0.524272,0.614583,0.663462,0.647619,0.652632,0.6,0.685714,0.59375,0.625,0.625,0.605769,0.55,0.58,0.557895,0.542857,0.510417,0.586538,0.575758,0.514851,0.590909,0.535714,0.606383,0.622642,0.623656,0.560748,0.520408,0.735294,0.626263,0.60396,
47600,0.632184,0.548673,0.721154,0.65625,0.509804,0.612245,0.62766,0.622642,0.558559,0.595506,0.556701,0.553398,0.695238,0.557895,0.719626,0.526882,0.582418,0.605505,0.571429,0.578947,0.583333,0.663462,0.628571,0.557895,0.695652,0.638889,0.627451,0.704082,0.5,0.404255,0.533333,0.557895,0.494118,0.652174,0.567308,0.697917,0.582524,0.649485,0.548077,0.583333,0.579545,0.553571,0.6,0.590476,0.518868,0.574468,0.685714,0.642105,0.551724,0.59292,0.568966,0.678571,0.616822,0.655914,0.673267,0.646465,0.542056,0.569892,0.636364,0.588889,0.511111,0.581818,0.655172,0.725664,0.62037,0.608696,0.551402,0.677419,0.616071,0.670455,0.634615,0.677083,0.627451,0.642857,0.621359,0.639175,0.614679,0.692308,0.494505,0.623853,0.682692,0.625,0.63,0.57,0.626374,0.568807,0.602041,0.588235,0.586207,0.571429,0.642857,0.588235,0.552381,0.578947,0.647727,0.580357,0.509804,0.642857,0.595745,0.669811,
47800,0.612245,0.607843,0.648148,0.554348,0.68,0.63,0.655172,0.654867,0.644628,0.670886,0.56,0.63,0.53211,0.571429,0.673913,0.574074,0.589286,0.590909,0.610526,0.533333,0.552381,0.589474,0.631579,0.609524,0.558559,0.674157,0.59434,0.56383,0.585106,0.613208,0.602041,0.705882,0.57732,0.592233,0.53,0.56,0.653465,0.606061,0.531915,0.641509,0.568421,0.619048,0.481481,0.579832,0.588785,0.591398,0.558824,0.642857,0.619048,0.652632,0.568421,0.619048,0.490566,0.531915,0.552083,0.644231,0.598131,0.698925,0.509615,0.635417,0.606383,0.59434,0.669903,0.546392,0.580952,0.631579,0.641509,0.553191,0.617391,0.576471,0.618557,0.699029,0.639175,0.582524,0.590476,0.621053,0.648649,0.58427,0.642857,0.656863,0.536082,0.582524,0.660714,0.659091,0.584071,0.632184,0.588889,0.581818,0.536082,0.621359,0.540541,0.606742,0.55914,0.626168,0.702128,0.622642,0.677083,0.490385,0.636364,0.564356,
48000,0.604167,0.634615,0.52,0.68,0.527473,0.623853,0.603448,0.583333,0.610526,0.52381,0.564356,0.575758,0.541667,0.6375,0.627451,0.602041,0.566038,0.638298,0.505155,0.621359,0.662921,0.630631,0.515152,0.70297,0.552083,0.548077,0.6875,0.605769,0.535354,0.643564,0.690722,0.68932,0.60396,0.606061,0.520408,0.627451,0.49505,0.666667,0.666667,0.490385,0.633028,0.637363,0.663462,0.635417,0.578431,0.683673,0.653465,0.555556,0.545455,0.60396,0.574074,0.48913,0.5625,0.663462,0.519608,0.663265,0.556818,0.5625,0.640777,0.639175,0.566038,0.648936,0.462264,0.648936,0.659091,0.633929,0.608247,0.553398,0.648936,0.669811,0.61,0.58,0.650943,0.574468,0.666667,0.643564,0.628866,0.601942,0.686275,0.459184,0.460784,0.55102,0.634615,0.635417,0.56383,0.54717,0.627273,0.477778,0.55,0.63,0.557895,0.561905,0.55814,0.578947,0.546392,0.640777,0.608247,0.679612,0.58427,0.54955,
48200,0.632075,0.585106,0.72381,0.494737,0.617021,0.54717,0.696078,0.520408,0.606061,0.584158,0.573034,0.531532,0.673267,0.59596,0.596154,0.5625,0.607843,0.489796,0.657143,0.568421,0.558333,0.4875,0.675926,0.586957,0.605769,0.53125,0.595745,0.603774,0.641509,0.595745,0.623762,0.59596,0.65,0.46,0.578947,0.609524,0.554455,0.565657,0.601942,0.649485,0.658824,0.608696,0.631579,0.647619,0.559633,0.637363,0.591398,0.598131,0.598131,0.623656,0.622449,0.656863,0.612613,0.640449,0.515789,0.542857,0.638095,0.515789,0.568421,0.666667,0.679245,0.648936,0.611111,0.619565,0.613861,0.59596,0.55102,0.617647,0.646465,0.643564,0.607843,0.561224,0.656566,0.673267,0.637255,0.632653,0.522523,0.629213,0.673469,0.598039,0.75,0.62,0.542553,0.716981,0.574257,0.666667,0.637255,0.622449,0.55814,0.657895,0.537634,0.654206,0.654206,0.55914,0.545455,0.660714,0.59375,0.509615,0.744444,0.509091,
48400,0.623656,0.607477,0.519608,0.581633,0.616162,0.594059,0.643678,0.628319,0.615385,0.635417,0.585859,0.60396,0.636364,0.564356,0.602041,0.617647,0.54955,0.651685,0.60396,0.676768,0.688172,0.635514,0.570093,0.602151,0.589286,0.681818,0.640449,0.54955,0.582524,0.701031,0.660194,0.639175,0.59633,0.725275,0.634615,0.625,0.532609,0.657407,0.59434,0.680851,0.515464,0.582524,0.576923,0.65625,0.551402,0.526882,0.490741,0.608696,0.504854,0.597938,0.549451,0.623853,0.576577,0.606742,0.538462,0.6875,0.557895,0.6,0.59,0.62,0.568627,0.571429,0.677083,0.644231,0.587629,0.592233,0.544444,0.681818,0.57732,0.640777,0.571429,0.607843,0.56701,0.640777,0.637255,0.571429,0.598039,0.571429,0.552083,0.682692,0.571429,0.663158,0.654206,0.591398,0.586207,0.575221,0.70297,0.575758,0.528302,0.638298,0.626168,0.634409,0.525773,0.592233,0.539216,0.653061,0.643564,0.565657,0.556522,0.611765,
48600,0.572816,0.494845,0.612245,0.607843,0.640777,0.556701,0.586538,0.635417,0.62766,0.613208,0.71875,0.576923,0.602041,0.5,0.642857,0.578431,0.579545,0.616071,0.68,0.64,0.580645,0.682243,0.693069,0.636364,0.653061,0.588235,0.637255,0.602041,0.656863,0.622449,0.686957,0.658824,0.670213,0.528302,0.679612,0.56701,0.556962,0.636364,0.589286,0.590909,0.650485,0.639175,0.669643,0.659091,0.609524,0.578947,0.704082,0.617647,0.644231,0.59375,0.584158,0.606061,0.666667,0.653846,0.63,0.6,0.581633,0.647059,0.675926,0.630435,0.621053,0.657143,0.666667,0.608696,0.5,0.61,0.546296,0.445652,0.6,0.609524,0.557895,0.6,0.517857,0.647727,0.578431,0.55102,0.535354,0.623762,0.555556,0.663366,0.54878,0.627119,0.594595,0.573034,0.588235,0.591837,0.663366,0.555556,0.65,0.58,0.524752,0.606061,0.590164,0.666667,0.638095,0.610526,0.727273,0.660714,0.56,0.61,
48800,0.567308,0.5625,0.638095,0.631579,0.633028,0.604396,0.495146,0.556701,0.645833,0.528846,0.544554,0.616162,0.617021,0.679245,0.45283,0.585106,0.642857,0.556818,0.613861,0.646465,0.55814,0.649123,0.598039,0.663265,0.530612,0.686275,0.638655,0.654321,0.645161,0.757009,0.561404,0.662791,0.565657,0.574257,0.597938,0.563107,0.555556,0.686747,0.64,0.56,0.652632,0.580952,0.649485,0.640777,0.612903,0.579439,0.563107,0.628866,0.721154,0.604167,0.62766,0.566038,0.606742,0.531532,0.5625,0.692308,0.675439,0.546512,0.628866,0.601942,0.693878,0.607843,0.609524,0.536842,0.571429,0.642105,0.75,0.614583,0.59596,0.594059,0.510204,0.568627,0.580357,0.590909,0.518868,0.510638,0.587629,0.572816,0.65,0.59,0.5,0.592593,0.58,0.56,0.630631,0.52809,0.568421,0.6,0.577982,0.582418,0.601942,0.536082,0.550459,0.56044,0.561905,0.631579,0.567308,0.583333,0.552381,0.610526,
49000,0.605769,0.614583,0.586538,0.645833,0.651376,0.549451,0.638655,0.62963,0.574074,0.652174,0.580645,0.64486,0.557895,0.533333,0.688172,0.570093,0.734043,0.59434,0.598039,0.622449,0.51,0.63,0.56701,0.485437,0.612245,0.54902,0.579439,0.655914,0.579439,0.709677,0.576923,0.604167,0.645833,0.663462,0.67,0.62,0.588785,0.430108,0.644068,0.573171,0.59375,0.576923,0.588235,0.642857,0.604651,0.535088,0.642857,0.568182,0.660377,0.574468,0.578947,0.666667,0.517241,0.681416,0.626263,0.633663,0.61165,0.721649,0.632653,0.598039,0.584906,0.670213,0.535354,0.633663,0.679245,0.659574,0.608247,0.660194,0.657407,0.576087,0.726415,0.595745,0.684211,0.657143,0.650943,0.585106,0.72449,0.519608,0.557895,0.647619,0.679245,0.648936,0.51,0.48,0.636364,0.607143,0.555556,0.673267,0.553398,0.587629,0.693878,0.558824,0.590476,0.578947,0.647059,0.632653,0.49,0.58,0.590476,0.694737,
49200,0.490741,0.608696,0.577778,0.618182,0.638889,0.630435,0.636364,0.613861,0.622449,0.539216,0.512195,0.576271,0.561224,0.588235,0.672727,0.566667,0.546392,0.563107,0.551724,0.619469,0.577778,0.536364,0.510417,0.490385,0.53125,0.557692,0.543689,0.597938,0.579545,0.526786,0.590909,0.533333,0.699115,0.494253,0.65625,0.5,0.637255,0.591837,0.552083,0.644231,0.651685,0.666667,0.59596,0.574257,0.681319,0.504587,0.511628,0.517544,0.631068,0.628866,0.561798,0.657658,0.601852,0.608696,0.627273,0.555556,0.630435,0.62037,0.623762,0.585859,0.533333,0.590909,0.616162,0.643564,0.616071,0.636364,0.544304,0.595041,0.576577,0.640449,0.554455,0.585859,0.666667,0.663265,0.547368,0.571429,0.606061,0.613861,0.588235,0.561224,0.565657,0.574257,0.62963,0.663043,0.572816,0.597938,0.59434,0.648936,0.6,0.622222,0.581633,0.568627,0.572816,0.618557,0.641509,0.606383,0.59,0.57,0.576923,0.604167,
49400,0.653465,0.686869,0.648649,0.651685,0.62963,0.619565,0.5,0.609091,0.628866,0.563107,0.545455,0.535714,0.604167,0.557692,0.504762,0.621053,0.538462,0.614583,0.61,0.53,0.574074,0.652174,0.582524,0.515464,0.583333,0.608696,0.673913,0.601852,0.557895,0.6,0.525773,0.592233,0.543689,0.587629,0.518868,0.648936,0.560748,0.655914,0.623762,0.636364,0.55,0.53,0.572816,0.57732,0.529412,0.683673,0.613636,0.625,0.596154,0.510417,0.56701,0.533981,0.628571,0.642105,0.61165,0.536082,0.567308,0.604167,0.660194,0.57732,0.510204,0.529412,0.676768,0.544554,0.514563,0.608247,0.574468,0.575472,0.553191,0.688679,0.553571,0.511364,0.637255,0.581633,0.669811,0.617021,0.633333,0.590909,0.474138,0.488095,0.584158,0.555556,0.679245,0.521277,0.505051,0.60396,0.66,0.62,0.568421,0.542857,0.601942,0.628866,0.676768,0.574257,0.684211,0.628571,0.604167,0.557692,0.541667,0.509615,
49600,0.623762,0.545455,0.537634,0.654206,0.49,0.62,0.677083,0.567308,0.594059,0.606061,0.634615,0.552083,0.574257,0.676768,0.622222,0.618182,0.564356,0.575758,0.589474,0.466667,0.576923,0.635417,0.574468,0.566038,0.613208,0.510638,0.537736,0.521277,0.625,0.602273,0.656863,0.530612,0.695652,0.648148,0.657658,0.651685,0.688889,0.654545,0.653465,0.606061,0.666667,0.561798,0.575758,0.584158,0.653061,0.568627,0.605505,0.736264,0.526786,0.579545,0.637255,0.632653,0.588889,0.681818,0.519231,0.572917,0.546392,0.621359,0.55914,0.607477,0.631068,0.670103,0.555556,0.618182,0.586538,0.604167,0.591398,0.700935,0.589474,0.561905,0.580357,0.579545,0.505747,0.699115,0.645455,0.655556,0.647727,0.705357,0.580357,0.659091,0.628571,0.705263,0.688172,0.598131,0.633929,0.602273,0.519608,0.520408,0.558824,0.612245,0.574257,0.555556,0.521277,0.622642,0.604396,0.541284,0.554455,0.535354,0.584158,0.656566,
49800,0.640777,0.659794,0.579439,0.537634,0.663265,0.627451,0.684783,0.601852,0.443182,0.633929,0.666667,0.609091,0.609091,0.577778,0.674419,0.622807,0.604396,0.633028,0.510638,0.716981,0.638889,0.576087,0.630952,0.689655,0.59434,0.638298,0.557692,0.572917,0.520408,0.519608,0.54,0.55,0.488636,0.705357,0.539216,0.622449,0.509434,0.648936,0.644444,0.6,0.617978,0.558559,0.592233,0.56701,0.575758,0.623762,0.623762,0.59596,0.577982,0.659341,0.64486,0.537634,0.590476,0.526316,0.65,0.54,0.494845,0.631068,0.660714,0.625,0.645455,0.611111,0.505618,0.621622,0.669725,0.571429,0.654206,0.494624,0.680412,0.495146,0.666667,0.571429,0.659794,0.504854,0.647727,0.526786,0.633028,0.527473,0.551402,0.580645,0.58,0.54,0.59596,0.623762,0.623656,0.588785,0.5,0.627451,0.6,0.688889,0.546296,0.565217,0.52,0.67,0.59,0.55,0.481481,0.51087,0.516854,0.576577,
50000,0.520408,0.607843,0.67619,0.642105,0.594059,0.565657,0.590361,0.57265,0.583333,0.605769,0.584906,0.617021,0.59434,0.574468,0.588889,0.572727,0.648352,0.623853,0.616822,0.645161,0.613861,0.565657,0.617647,0.622449,0.588235,0.622449,0.616162,0.653465,0.691489,0.622642,0.638095,0.505263,0.56,0.59,0.53,0.6,0.494505,0.633028,0.612245,0.637255,0.454545,0.693069,0.519231,0.59375,0.6,0.666667,0.612613,0.494382,0.520833,0.644231,0.631579,0.561905,0.568807,0.571429,0.606742,0.540541,0.55814,0.605263,0.589474,0.619048,0.65,0.63,0.660714,0.659091,0.628319,0.643678,0.529412,0.663265,0.563636,0.588889,0.58,0.62,0.568627,0.5,0.561224,0.666667,0.592233,0.608247,0.646465,0.653465,0.652632,0.590476,0.604167,0.634615,0.617021,0.669811,0.721154,0.666667,0.558559,0.617978,0.663366,0.575758,0.647059,0.602041,0.604167,0.644231,0.641304,0.601852,0.584906,0.531915,
50200,0.685714,0.568421,0.672897,0.537634,0.588889,0.672727,0.571429,0.666667,0.604167,0.596154,0.535354,0.623762,0.567308,0.625,0.579545,0.607143,0.566667,0.545455,0.675676,0.651685,0.563107,0.597938,0.623656,0.551402,0.611765,0.73913,0.602041,0.705882,0.701923,0.71875,0.640449,0.594595,0.556604,0.585106,0.55814,0.517544,0.645833,0.596154,0.59,0.66,0.676471,0.530612,0.625,0.645833,0.58,0.59,0.62,0.57,0.571429,0.647059,0.595506,0.675676,0.576577,0.550562,0.618557,0.650485,0.676471,0.571429,0.674157,0.612613,0.588785,0.526882,0.581633,0.715686,0.61,0.66,0.64,0.59,0.693069,0.575758,0.701149,0.59292,0.666667,0.632653,0.568807,0.648352,0.639175,0.592233,0.611111,0.478261,0.587629,0.631068,0.596154,0.5625,0.571429,0.587156,0.53211,0.604396,0.59596,0.643564,0.574257,0.656566,0.567308,0.572917,0.585106,0.622642,0.616279,0.570175,0.696629,0.630631,
50400,0.714286,0.587156,0.528846,0.541667,0.7,0.64,0.651163,0.622807,0.56383,0.603774,0.666667,0.60177,0.62963,0.565217,0.598039,0.591837,0.652174,0.601852,0.655914,0.588785,0.602151,0.588785,0.553398,0.56701,0.593407,0.568807,0.626374,0.559633,0.60396,0.525253,0.584906,0.638298,0.632075,0.638298,0.650485,0.597938,0.705882,0.540816,0.646465,0.643564,0.583333,0.605769,0.619565,0.564815,0.619565,0.574074,0.61165,0.618557,0.642857,0.637255,0.569892,0.588785,0.602041,0.607843,0.645161,0.64486,0.603774,0.585106,0.587719,0.546512,0.660714,0.613636,0.64,0.69,0.638889,0.706522,0.570093,0.569892,0.60396,0.69697,0.572917,0.519231,0.608696,0.62037,0.67619,0.652632,0.625,0.697917,0.617647,0.428571,0.627451,0.663265,0.648352,0.577982,0.581633,0.598039,0.588235,0.632653,0.588785,0.645161,0.582418,0.577982,0.537037,0.630435,0.642857,0.545455,0.552083,0.653846,0.591837,0.588235,
50600,0.569892,0.616822,0.584906,0.521277,0.574257,0.616162,0.581633,0.54902,0.578947,0.685714,0.479592,0.637255,0.688889,0.563636,0.525253,0.594059,0.553398,0.649485,0.670103,0.582524,0.570093,0.55914,0.610526,0.6,0.659794,0.61165,0.548077,0.635417,0.647619,0.631579,0.583333,0.548077,0.561905,0.610526,0.560748,0.591398,0.603774,0.56383,0.663043,0.564815,0.5,0.62,0.611111,0.563636,0.622449,0.588235,0.59375,0.625,0.51087,0.657407,0.597938,0.68932,0.538462,0.614583,0.591398,0.691589,0.59,0.55,0.642105,0.561905,0.617647,0.612245,0.709677,0.635514,0.702128,0.556604,0.544444,0.618182,0.579545,0.571429,0.514286,0.631579,0.594595,0.539326,0.673684,0.647619,0.58,0.68,0.650485,0.587629,0.606383,0.603774,0.5625,0.663462,0.571429,0.578947,0.585106,0.641509,0.638095,0.642105,0.6,0.619048,0.605769,0.572917,0.494624,0.654206,0.592593,0.663043,0.621359,0.608247,
50800,0.721649,0.582524,0.616162,0.534653,0.602041,0.509804,0.585859,0.633663,0.617021,0.54717,0.596491,0.593023,0.509434,0.659574,0.55102,0.54902,0.596491,0.55814,0.605769,0.6875,0.609756,0.627119,0.633929,0.579545,0.548077,0.677083,0.509615,0.604167,0.618557,0.699029,0.546392,0.582524,0.635514,0.548387,0.657895,0.593023,0.594059,0.535354,0.65625,0.653846,0.67033,0.642202,0.633663,0.646465,0.585106,0.575472,0.653061,0.617647,0.651685,0.693694,0.580952,0.6,0.514851,0.606061,0.61165,0.701031,0.623656,0.635514,0.5625,0.634615,0.666667,0.526316,0.6875,0.711538,0.579439,0.569892,0.638298,0.556604,0.542857,0.642105,0.598214,0.659091,0.683761,0.578313,0.659574,0.59434,0.56383,0.603774,0.642857,0.588235,0.548673,0.632184,0.625,0.625,0.586538,0.65625,0.706522,0.611111,0.679612,0.608247,0.632653,0.598039,0.57732,0.543689,0.626168,0.612903,0.736364,0.544444,0.533333,0.610526,
51000,0.646465,0.653465,0.626168,0.569892,0.516484,0.577982,0.666667,0.673077,0.717391,0.601852,0.638889,0.608696,0.575472,0.638298,0.705263,0.609524,0.616162,0.663366,0.739583,0.615385,0.680851,0.698113,0.625,0.666667,0.609524,0.631579,0.673913,0.62037,0.649485,0.61165,0.53913,0.588235,0.610526,0.533333,0.703297,0.678899,0.571429,0.598039,0.59375,0.605769,0.530973,0.609195,0.673077,0.541667,0.575758,0.564356,0.693182,0.616071,0.587629,0.553398,0.608247,0.61165,0.542373,0.47561,0.567308,0.645833,0.62766,0.603774,0.585859,0.60396,0.626168,0.569892,0.6,0.705882,0.504762,0.621053,0.521739,0.638889,0.51,0.58,0.481132,0.617021,0.640777,0.618557,0.583333,0.684783,0.612245,0.686275,0.568807,0.582418,0.575758,0.683168,0.571429,0.614679,0.585859,0.613861,0.576923,0.645833,0.636364,0.613861,0.56,0.63,0.571429,0.568627,0.49,0.56,0.65625,0.634615,0.575472,0.574468,
51200,0.613861,0.555556,0.5625,0.548077,0.696629,0.666667,0.575758,0.594059,0.666667,0.581633,0.630952,0.698276,0.626374,0.59633,0.653061,0.539216,0.698925,0.598131,0.71,0.64,0.53125,0.586538,0.572727,0.5,0.592593,0.663043,0.659574,0.613208,0.744186,0.578947,0.62766,0.603774,0.622807,0.488372,0.612245,0.598039,0.693694,0.539326,0.77,0.61,0.610619,0.655172,0.722222,0.572727,0.606383,0.575472,0.636364,0.544444,0.616822,0.569892,0.657407,0.673913,0.556818,0.642857,0.59434,0.595745,0.649485,0.466019,0.472222,0.576087,0.581818,0.588889,0.576923,0.639344,0.53125,0.586538,0.738739,0.561798,0.533898,0.658537,0.523364,0.516129,0.683673,0.588235,0.574468,0.622642,0.567308,0.5625,0.651376,0.571429,0.580645,0.64486,0.608696,0.611111,0.674157,0.540541,0.617021,0.528302,0.545455,0.584158,0.557692,0.625,0.716981,0.62766,0.584906,0.62766,0.61,0.59,0.653226,0.671053,
51400,0.535354,0.574257,0.619565,0.592593,0.555556,0.654545,0.6,0.58,0.60396,0.626263,0.645161,0.626168,0.601852,0.565217,0.54902,0.612245,0.606061,0.633663,0.682243,0.612903,0.625,0.576923,0.646465,0.633663,0.616071,0.579545,0.608247,0.660194,0.642857,0.705882,0.583333,0.634615,0.633333,0.627273,0.587629,0.679612,0.616162,0.584158,0.622449,0.607843,0.515789,0.609524,0.65,0.62,0.540541,0.573034,0.61165,0.670103,0.59,0.57,0.742268,0.640777,0.59434,0.670213,0.623853,0.615385,0.6,0.588235,0.655172,0.584071,0.613861,0.585859,0.583333,0.692308,0.575758,0.643564,0.651163,0.587719,0.677419,0.542056,0.598291,0.698795,0.609195,0.557522,0.557895,0.628571,0.601942,0.597938,0.656566,0.485149,0.543478,0.638889,0.626263,0.653465,0.550562,0.666667,0.57732,0.621359,0.636364,0.683168,0.586207,0.583333,0.663158,0.533333,0.544554,0.555556,0.571429,0.663158,0.631068,0.618557,
51600,0.650485,0.628866,0.546392,0.669903,0.542056,0.591398,0.612903,0.626168,0.682692,0.708333,0.518519,0.586957,0.605505,0.582418,0.616822,0.569892,0.561798,0.558559,0.709677,0.607477,0.59375,0.673077,0.611111,0.554545,0.619048,0.655172,0.586538,0.625,0.56701,0.631068,0.494505,0.587156,0.473118,0.635514,0.489362,0.641509,0.637255,0.581633,0.591837,0.607843,0.537634,0.616822,0.638095,0.589474,0.518182,0.6,0.674157,0.675676,0.699029,0.597938,0.663636,0.755556,0.631579,0.628571,0.583333,0.682692,0.638095,0.642105,0.603774,0.595745,0.553398,0.494845,0.568421,0.609524,0.553398,0.536082,0.609091,0.611111,0.666667,0.544554,0.49505,0.59596,0.535354,0.623762,0.550459,0.626374,0.589286,0.522727,0.616162,0.584158,0.617021,0.603774,0.606061,0.584158,0.673469,0.588235,0.54,0.61,0.490385,0.604167,0.6,0.552381,0.633663,0.545455,0.632184,0.59292,0.644444,0.654545,0.597938,0.553398,
51800,0.659574,0.566038,0.58,0.57,0.62037,0.576087,0.603774,0.62766,0.568807,0.648352,0.540816,0.607843,0.557692,0.541667,0.582418,0.669725,0.613208,0.62766,0.54717,0.659574,0.556604,0.659574,0.60396,0.585859,0.597826,0.583333,0.604651,0.596491,0.646465,0.673267,0.706522,0.537037,0.580645,0.514019,0.6,0.61,0.642857,0.529412,0.612069,0.654762,0.585859,0.60396,0.701923,0.71875,0.623762,0.626263,0.669903,0.628866,0.628571,0.631579,0.612903,0.616822,0.617647,0.591837,0.588235,0.632653,0.659574,0.537736,0.62766,0.613208,0.740385,0.65625,0.645161,0.635514,0.556701,0.650485,0.621359,0.639175,0.568421,0.647619,0.5,0.676471,0.625,0.604167,0.625,0.663462,0.621359,0.536082,0.709677,0.64486,0.657143,0.536842,0.561224,0.72549,0.584158,0.545455,0.647059,0.602041,0.673077,0.614583,0.6,0.6,0.568627,0.540816,0.71028,0.580645,0.531532,0.617978,0.612903,0.691589,
52000,0.606742,0.567568,0.648936,0.54717,0.580952,0.631579,0.643564,0.575758,0.642105,0.561905,0.566038,0.56383,0.612245,0.627451,0.589474,0.590476,0.618557,0.592233,0.571429,0.631579,0.575472,0.542553,0.641304,0.657407,0.612245,0.539216,0.523364,0.580645,0.645833,0.625,0.628571,0.568421,0.606061,0.633663,0.536082,0.660194,0.6,0.53913,0.56383,0.603774,0.601942,0.57732,0.583333,0.586207,0.5,0.61,0.59,0.65,0.575472,0.585106,0.650943,0.595745,0.565217,0.657407,0.577982,0.725275,0.63964,0.58427,0.590361,0.641026,0.608696,0.546296,0.627907,0.631579,0.59596,0.693069,0.648936,0.650943,0.456311,0.649485,0.485149,0.686869,0.556604,0.680851,0.56383,0.726415,0.581633,0.607843,0.598039,0.622449,0.533333,0.642105,0.595506,0.612613,0.6,0.542857,0.652174,0.657407,0.61,0.69,0.583333,0.663462,0.510417,0.567308,0.578431,0.632653,0.654545,0.622222,0.535354,0.60396,
52200,0.656863,0.581633,0.533981,0.597938,0.674157,0.603604,0.540816,0.558824,0.6,0.6,0.565657,0.633663,0.647619,0.610526,0.609524,0.505263,0.558824,0.581633,0.625,0.634615,0.520408,0.598039,0.637255,0.653061,0.633663,0.656566,0.544554,0.585859,0.614679,0.538462,0.572727,0.622222,0.593407,0.706422,0.564356,0.565657,0.604167,0.480769,0.484536,0.621359,0.638298,0.54717,0.654206,0.526882,0.621053,0.533333,0.68932,0.701031,0.531532,0.685393,0.653465,0.565657,0.607843,0.622449,0.626374,0.651376,0.629213,0.666667,0.559633,0.516484,0.703297,0.568807,0.6,0.68,0.587629,0.621359,0.67,0.57,0.545455,0.584158,0.505376,0.626168,0.59596,0.49505,0.615385,0.651376,0.69,0.62,0.598039,0.632653,0.538462,0.5,0.626374,0.541284,0.584158,0.585859,0.676768,0.653465,0.606061,0.643564,0.68932,0.628866,0.578947,0.571429,0.641304,0.546296,0.576923,0.635417,0.604396,0.651376,
52400,0.542056,0.537634,0.584906,0.606383,0.57377,0.551282,0.63,0.72,0.670103,0.660194,0.65,0.62,0.57,0.57,0.623656,0.53271,0.64,0.6,0.654206,0.580645,0.557692,0.65625,0.637255,0.5,0.625,0.651786,0.504854,0.546392,0.571429,0.637255,0.670103,0.61165,0.640777,0.649485,0.653061,0.578431,0.6,0.568421,0.666667,0.653061,0.584158,0.545455,0.65625,0.490385,0.530612,0.598039,0.63,0.71,0.521739,0.62037,0.655556,0.590909,0.642202,0.505495,0.614583,0.644231,0.643564,0.575758,0.572816,0.587629,0.660714,0.534091,0.645455,0.644444,0.617391,0.529412,0.566265,0.641026,0.556701,0.68932,0.521277,0.707547,0.733333,0.624,0.528302,0.531915,0.614679,0.549451,0.574257,0.59596,0.681319,0.577982,0.586538,0.541667,0.62069,0.539823,0.647619,0.642105,0.631579,0.67619,0.545455,0.553571,0.681319,0.587156,0.510204,0.54902,0.617021,0.575472,0.607477,0.645161,
52600,0.581633,0.588235,0.652174,0.62963,0.584158,0.59596,0.601852,0.565217,0.63,0.64,0.715789,0.609524,0.561905,0.547368,0.521277,0.641509,0.623656,0.635514,0.632075,0.595745,0.584746,0.487805,0.610526,0.609524,0.60396,0.585859,0.657143,0.526316,0.592233,0.659794,0.588235,0.612245,0.640351,0.604651,0.71134,0.660194,0.652632,0.590476,0.59375,0.528846,0.633663,0.575758,0.627273,0.522222,0.5,0.596154,0.606061,0.643564,0.645833,0.576923,0.631068,0.608247,0.542056,0.602151,0.666667,0.654545,0.705882,0.602041,0.587156,0.593407,0.645833,0.557692,0.494845,0.621359,0.612245,0.568627,0.494382,0.675676,0.590909,0.696429,0.49,0.59,0.549451,0.706422,0.656863,0.591837,0.51087,0.62037,0.60396,0.474747,0.591837,0.598039,0.626087,0.635294,0.64486,0.655914,0.574468,0.622642,0.535088,0.55814,0.666667,0.520408,0.559633,0.527473,0.626168,0.602151,0.63964,0.674157,0.602041,0.578431,
52800,0.649485,0.621359,0.642105,0.590476,0.625,0.666667,0.55102,0.656863,0.652174,0.592593,0.663265,0.617647,0.62037,0.543478,0.59633,0.615385,0.606742,0.504505,0.48913,0.564815,0.561905,0.568421,0.617021,0.537736,0.619048,0.705263,0.578947,0.495238,0.591837,0.607843,0.638298,0.707547,0.59434,0.542553,0.673267,0.59596,0.575758,0.554455,0.722222,0.618182,0.651376,0.615385,0.623656,0.560748,0.583333,0.478261,0.634615,0.697917,0.53271,0.548387,0.623762,0.505051,0.627273,0.6,0.623762,0.565657,0.666667,0.612245,0.473684,0.638095,0.590476,0.621053,0.59596,0.633663,0.632075,0.606383,0.489362,0.5,0.638095,0.547368,0.54,0.62,0.642857,0.686275,0.637255,0.642857,0.697674,0.552632,0.618557,0.592233,0.62963,0.619565,0.570248,0.607595,0.641509,0.489362,0.545455,0.598214,0.645455,0.622222,0.564356,0.666667,0.532609,0.592593,0.574257,0.626263,0.642105,0.609524,0.530612,0.539216,
53000,0.59434,0.702128,0.642857,0.647059,0.574257,0.585859,0.544554,0.616162,0.648936,0.584906,0.574074,0.608696,0.580645,0.570093,0.60396,0.555556,0.650943,0.56383,0.65,0.56,0.569892,0.672897,0.55914,0.654206,0.65625,0.615385,0.601942,0.525773,0.556522,0.564706,0.631579,0.590476,0.583333,0.538462,0.633333,0.563636,0.59596,0.633663,0.542056,0.526882,0.64486,0.655914,0.546512,0.631579,0.608247,0.601942,0.602041,0.647059,0.628866,0.650485,0.666667,0.605769,0.598131,0.623656,0.566038,0.574468,0.633028,0.648352,0.545455,0.663366,0.658537,0.542373,0.645161,0.672897,0.586538,0.635417,0.60396,0.565657,0.6,0.557895,0.552083,0.625,0.54902,0.581633,0.645161,0.654206,0.587629,0.650485,0.776596,0.613208,0.606742,0.594595,0.515464,0.631068,0.565657,0.594059,0.581197,0.686747,0.572816,0.597938,0.521277,0.584906,0.66055,0.56044,0.494737,0.638095,0.69,0.7,0.578431,0.622449,
53200,0.714286,0.617647,0.616162,0.594059,0.553398,0.701031,0.616162,0.673267,0.650485,0.639175,0.677083,0.644231,0.663717,0.586207,0.621053,0.657143,0.634615,0.583333,0.565217,0.657407,0.584158,0.59596,0.659574,0.471698,0.640777,0.546392,0.663462,0.520833,0.677083,0.576923,0.702128,0.622642,0.616162,0.524752,0.742574,0.575758,0.545455,0.584158,0.590909,0.598214,0.616162,0.663366,0.63,0.53,0.645833,0.653846,0.588235,0.5,0.611111,0.627273,0.693878,0.696078,0.642857,0.5,0.674157,0.684685,0.64,0.65,0.616822,0.655914,0.509804,0.540816,0.653465,0.676768,0.543478,0.611111,0.662921,0.540541,0.631579,0.580952,0.444444,0.566265,0.625,0.557692,0.623762,0.616162,0.71028,0.569892,0.722772,0.565657,0.72549,0.561224,0.631068,0.628866,0.628099,0.607595,0.593407,0.559633,0.614583,0.692308,0.646018,0.563218,0.617021,0.584906,0.642105,0.657143,0.651786,0.636364,0.605769,0.614583,
53400,0.712766,0.613208,0.614583,0.692308,0.520833,0.615385,0.644231,0.541667,0.64,0.63,0.606742,0.693694,0.602151,0.607477,0.575758,0.594059,0.65,0.6,0.605769,0.65625,0.701031,0.514563,0.582524,0.525773,0.607143,0.602273,0.638298,0.584906,0.530612,0.617647,0.588785,0.612903,0.55102,0.686275,0.519231,0.5625,0.616822,0.569892,0.57,0.73,0.628866,0.621359,0.556818,0.580357,0.563218,0.60177,0.595506,0.657658,0.61,0.59,0.659794,0.631068,0.553571,0.693182,0.666667,0.633663,0.644068,0.512195,0.561224,0.607843,0.654762,0.517241,0.53211,0.637363,0.621053,0.67619,0.608696,0.611111,0.6,0.678261,0.509615,0.645833,0.55914,0.579439,0.603774,0.638298,0.614035,0.546512,0.58,0.59,0.666667,0.6,0.603604,0.573034,0.583333,0.554348,0.728261,0.611111,0.62766,0.566038,0.616822,0.612903,0.640777,0.505155,0.61,0.62,0.61165,0.639175,0.651786,0.670455,
53600,0.685714,0.6,0.643564,0.626263,0.656566,0.643564,0.588785,0.591398,0.704082,0.715686,0.603604,0.550562,0.640449,0.585586,0.653846,0.625,0.628319,0.563218,0.666667,0.629213,0.666667,0.554455,0.610526,0.6,0.597826,0.546296,0.536842,0.628571,0.613861,0.565657,0.524752,0.686869,0.556701,0.543689,0.65625,0.461538,0.57,0.49,0.59375,0.548077,0.694444,0.5,0.677419,0.64486,0.670103,0.61165,0.555556,0.627273,0.583333,0.528846,0.647059,0.581633,0.635514,0.526882,0.646341,0.618644,0.638298,0.471698,0.575221,0.609195,0.564356,0.515152,0.574074,0.608696,0.639175,0.660194,0.505376,0.570093,0.625,0.567308,0.581633,0.588235,0.555556,0.574257,0.595506,0.711712,0.6,0.663158,0.777778,0.536364,0.64486,0.591398,0.494845,0.747573,0.614583,0.605769,0.575758,0.60396,0.473684,0.619048,0.585106,0.622642,0.57732,0.631068,0.60396,0.494949,0.576923,0.53125,0.677083,0.692308,
53800,0.666667,0.595506,0.670103,0.533981,0.542553,0.707547,0.645455,0.688889,0.59,0.55,0.621359,0.659794,0.571429,0.588235,0.61,0.64,0.632184,0.646018,0.609091,0.544444,0.598214,0.568182,0.610526,0.67619,0.673684,0.714286,0.558824,0.622449,0.628866,0.61165,0.56701,0.592233,0.737864,0.597938,0.57732,0.533981,0.690722,0.592233,0.673267,0.646465,0.657143,0.589474,0.770833,0.701923,0.528846,0.572917,0.69697,0.633663,0.635514,0.602151,0.662921,0.612613,0.65,0.65,0.638095,0.621053,0.701923,0.708333,0.535354,0.633663,0.635417,0.663462,0.585859,0.60396,0.597701,0.646018,0.681319,0.568807,0.613208,0.638298,0.5,0.632653,0.646465,0.633663,0.654545,0.7,0.679612,0.659794,0.761905,0.547368,0.5,0.576087,0.56383,0.632075,0.598039,0.561224,0.565657,0.60396,0.472527,0.651376,0.555556,0.584158,0.656863,0.571429,0.60396,0.575758,0.61165,0.659794,0.59596,0.584158,
54000,0.638095,0.484211,0.723404,0.660377,0.538462,0.642202,0.543478,0.638889,0.663158,0.580952,0.626263,0.594059,0.64,0.55,0.616162,0.623762,0.626374,0.633028,0.641509,0.659574,0.616162,0.613861,0.627273,0.655556,0.636364,0.564356,0.74,0.47,0.628571,0.589474,0.705263,0.561905,0.621359,0.628866,0.666667,0.663366,0.583333,0.653846,0.514563,0.608247,0.555556,0.509091,0.685714,0.473684,0.605769,0.5,0.572727,0.711111,0.626263,0.623762,0.660377,0.691489,0.597826,0.694444,0.612903,0.635514,0.654545,0.577778,0.611111,0.597826,0.677419,0.551402,0.587629,0.631068,0.574074,0.597826,0.547826,0.611765,0.58427,0.612613,0.536364,0.566667,0.619469,0.597701,0.625,0.586538,0.544554,0.626263,0.663551,0.537634,0.631068,0.608247,0.613208,0.617021,0.644231,0.625,0.55102,0.480392,0.543689,0.639175,0.657143,0.589474,0.645833,0.605769,0.681319,0.577982,0.652174,0.685185,0.647619,0.705263,
54200,0.494505,0.678899,0.608247,0.504854,0.581633,0.617647,0.577982,0.703297,0.546296,0.586957,0.612245,0.705882,0.627451,0.520408,0.56,0.62,0.72043,0.570093,0.663793,0.595238,0.61165,0.57732,0.529412,0.591304,0.6875,0.596154,0.595745,0.537736,0.626506,0.623932,0.552381,0.621053,0.574074,0.652174,0.571429,0.506173,0.567308,0.635417,0.587629,0.631068,0.546392,0.563107,0.61,0.56,0.560748,0.591398,0.621053,0.657143,0.693069,0.666667,0.614583,0.663462,0.575472,0.56383,0.573913,0.647059,0.628571,0.557895,0.589286,0.590909,0.62,0.59,0.598291,0.626506,0.648352,0.642202,0.602041,0.588235,0.616162,0.613861,0.525253,0.613861,0.617647,0.642857,0.563107,0.690722,0.55102,0.647059,0.60396,0.626263,0.601942,0.536082,0.588235,0.612245,0.556701,0.466019,0.62766,0.528302,0.643564,0.535354,0.65625,0.576923,0.646465,0.554455,0.584906,0.617021,0.678571,0.704545,0.541667,0.663462,
54400,0.6,0.521739,0.468085,0.575472,0.606061,0.653465,0.5625,0.625,0.677083,0.625,0.744444,0.645455,0.589474,0.657143,0.581633,0.676471,0.63,0.68,0.752137,0.590361,0.722772,0.545455,0.527778,0.630435,0.612903,0.53271,0.625,0.519231,0.61165,0.639175,0.541667,0.625,0.590909,0.6875,0.659091,0.633929,0.533333,0.618182,0.58,0.53,0.575758,0.643564,0.662921,0.621622,0.62931,0.535714,0.660194,0.680412,0.71875,0.625,0.61165,0.587629,0.533981,0.597938,0.571429,0.652632,0.724771,0.637363,0.551724,0.628319,0.552083,0.644231,0.572917,0.721154,0.561224,0.637255,0.614679,0.582418,0.653061,0.588235,0.639175,0.708738,0.588889,0.527273,0.615385,0.677083,0.625,0.572917,0.676768,0.653465,0.575758,0.584158,0.568627,0.510204,0.626263,0.643564,0.606061,0.613861,0.714286,0.568421,0.611111,0.618182,0.666667,0.576923,0.510204,0.656863,0.595745,0.641509,0.63964,0.685393,
54600,0.636364,0.555556,0.555556,0.527273,0.657658,0.640449,0.621359,0.597938,0.659794,0.669903,0.636364,0.544554,0.638889,0.51087,0.575472,0.617021,0.618557,0.601942,0.614583,0.663462,0.575472,0.510638,0.646341,0.627119,0.614583,0.615385,0.585106,0.537736,0.602041,0.666667,0.612613,0.550562,0.46875,0.663462,0.568627,0.530612,0.554455,0.535354,0.572917,0.557692,0.566667,0.581818,0.645833,0.442308,0.527778,0.630435,0.581395,0.736842,0.584158,0.646465,0.535714,0.579545,0.567901,0.605042,0.577778,0.636364,0.686275,0.683673,0.59596,0.564356,0.580952,0.621053,0.546392,0.524272,0.6,0.610526,0.535714,0.646552,0.556701,0.631068,0.49,0.67,0.574468,0.622642,0.613208,0.648936,0.648649,0.539326,0.698925,0.495327,0.646465,0.564356,0.514286,0.631579,0.718447,0.597938,0.56044,0.66055,0.61165,0.515464,0.524752,0.656566,0.621359,0.587629,0.644444,0.618182,0.683673,0.578431,0.649485,0.650485,
54800,0.663636,0.588889,0.637255,0.571429,0.555556,0.60396,0.626168,0.526882,0.606742,0.558559,0.684211,0.695238,0.539326,0.63964,0.6,0.6,0.617647,0.591837,0.701923,0.625,0.579545,0.553571,0.592233,0.670103,0.633028,0.659341,0.535354,0.643564,0.520408,0.607843,0.504762,0.705263,0.593407,0.614679,0.587629,0.640777,0.632653,0.627451,0.490385,0.5625,0.72807,0.546512,0.698925,0.588785,0.539326,0.594595,0.542553,0.632075,0.615385,0.650602,0.606383,0.622642,0.561905,0.473684,0.596154,0.677083,0.647727,0.625,0.52,0.6,0.689655,0.495575,0.608696,0.682353,0.585859,0.584158,0.564815,0.608696,0.64,0.64,0.532609,0.648148,0.539326,0.594595,0.646465,0.633663,0.602273,0.633929,0.64486,0.537634,0.614679,0.604396,0.579439,0.55914,0.569892,0.64486,0.705263,0.628571,0.60396,0.69697,0.540816,0.45098,0.64486,0.537634,0.666667,0.482759,0.650485,0.57732,0.639535,0.640351,
55000,0.673469,0.568627,0.633663,0.616162,0.567568,0.640449,0.578947,0.6,0.572917,0.644231,0.650485,0.56701,0.648936,0.518868,0.50495,0.484848,0.49,0.6,0.59434,0.723404,0.629213,0.63964,0.641509,0.617021,0.684783,0.62963,0.608247,0.563107,0.628866,0.563107,0.52,0.61,0.602151,0.523364,0.615385,0.568807,0.666667,0.590361,0.628571,0.652632,0.556604,0.553191,0.628571,0.621053,0.571429,0.652632,0.590476,0.631579,0.695238,0.6,0.59375,0.653846,0.526316,0.666667,0.619048,0.663158,0.594059,0.535354,0.659091,0.642857,0.53125,0.5,0.588785,0.698925,0.584906,0.606383,0.618557,0.640777,0.557895,0.552381,0.56,0.74,0.601852,0.695652,0.592233,0.608247,0.55814,0.631579,0.666667,0.612245,0.660377,0.648936,0.583333,0.567308,0.625,0.59375,0.59292,0.597701,0.630631,0.662921,0.575758,0.633663,0.592233,0.56701,0.673469,0.529412,0.635294,0.573913,0.484848,0.594059,
55200,0.632653,0.598039,0.639535,0.561404,0.641509,0.62766,0.486957,0.658824,0.673684,0.638095,0.623853,0.56044,0.63,0.61,0.568627,0.642857,0.584906,0.617021,0.625,0.678571,0.556604,0.595745,0.625,0.634615,0.609091,0.644444,0.583333,0.509615,0.504762,0.621053,0.656863,0.571429,0.55,0.59,0.666667,0.521739,0.568627,0.540816,0.731183,0.775701,0.626168,0.591398,0.62766,0.556604,0.553398,0.639175,0.60396,0.656566,0.622222,0.627273,0.625,0.653846,0.584158,0.585859,0.582418,0.614679,0.617021,0.660377,0.6,0.694737,0.573034,0.567568,0.617021,0.613208,0.6375,0.666667,0.621359,0.56701,0.570312,0.611111,0.549451,0.678899,0.632653,0.539216,0.582418,0.633028,0.574257,0.59596,0.67619,0.463158,0.62963,0.630435,0.548673,0.597701,0.705263,0.647619,0.653061,0.637255,0.59596,0.633663,0.605769,0.59375,0.554545,0.577778,0.62963,0.554348,0.650485,0.659794,0.763441,0.64486,
55400,0.610526,0.590476,0.66,0.64,0.663265,0.715686,0.607143,0.556818,0.656863,0.632653,0.612613,0.651685,0.568627,0.602041,0.597938,0.650485,0.677419,0.514019,0.56701,0.582524,0.66,0.55,0.669903,0.597938,0.604167,0.567308,0.666667,0.467391,0.634409,0.504673,0.597938,0.533981,0.576087,0.62963,0.609091,0.588889,0.587629,0.543689,0.587156,0.604396,0.637168,0.528736,0.651685,0.594595,0.605263,0.639535,0.670103,0.660194,0.61165,0.701031,0.622222,0.527273,0.70297,0.535354,0.57732,0.640777,0.699029,0.608247,0.594059,0.636364,0.607843,0.653061,0.663462,0.625,0.590476,0.610526,0.633333,0.5,0.615385,0.669725,0.56383,0.622642,0.541667,0.586538,0.635417,0.538462,0.617021,0.5,0.737374,0.673267,0.672727,0.544444,0.528302,0.606383,0.666667,0.640449,0.581633,0.588235,0.672727,0.6,0.685185,0.586957,0.622642,0.478723,0.572816,0.639175,0.638095,0.578947,0.648936,0.688679,
55600,0.65,0.61,0.595745,0.5,0.655172,0.654762,0.654545,0.622222,0.654867,0.655172,0.728972,0.655914,0.488095,0.612069,0.598131,0.612903,0.5625,0.480769,0.637363,0.614679,0.684211,0.67619,0.546512,0.675439,0.654206,0.602151,0.587629,0.621359,0.567308,0.53125,0.606383,0.622642,0.466667,0.6,0.532609,0.555556,0.567308,0.59375,0.543689,0.608247,0.551724,0.575221,0.63,0.57,0.538462,0.53125,0.683168,0.626263,0.6,0.68,0.554545,0.566667,0.623762,0.626263,0.650485,0.56701,0.559524,0.603448,0.431193,0.538462,0.72449,0.568627,0.6,0.622222,0.564103,0.53012,0.557522,0.367816,0.567568,0.561798,0.6875,0.673077,0.643478,0.541176,0.663265,0.607843,0.636364,0.533333,0.598131,0.494624,0.571429,0.541284,0.570093,0.55914,0.660377,0.5,0.673913,0.601852,0.594059,0.676768,0.716814,0.54023,0.578947,0.533333,0.588235,0.561224,0.631068,0.639175,0.588235,0.571429,
55800,0.754545,0.7,0.6,0.518182,0.551402,0.505376,0.561905,0.694737,0.655914,0.635514,0.594059,0.676768,0.635514,0.537634,0.588235,0.602041,0.634409,0.598131,0.62766,0.556604,0.633663,0.626263,0.6,0.72381,0.663366,0.616162,0.583333,0.577586,0.673469,0.54902,0.622449,0.509804,0.575221,0.655172,0.623853,0.549451,0.647059,0.663265,0.604167,0.634615,0.617647,0.55102,0.622222,0.609091,0.514286,0.652632,0.666667,0.662921,0.614583,0.557692,0.575472,0.648936,0.536364,0.666667,0.616162,0.643564,0.666667,0.548077,0.623853,0.648352,0.635514,0.526882,0.54717,0.670213,0.563107,0.659794,0.566038,0.5,0.614458,0.564103,0.609524,0.568421,0.556604,0.638298,0.564815,0.565217,0.581818,0.611111,0.693878,0.54902,0.633333,0.6,0.5,0.686275,0.644444,0.6,0.622449,0.607843,0.558824,0.581633,0.535354,0.722772,0.625,0.605769,0.587629,0.485437,0.59596,0.584158,0.526882,0.682243,
56000,0.563636,0.588889,0.584746,0.54878,0.669811,0.723404,0.6,0.66,0.71875,0.567308,0.546392,0.582524,0.575221,0.609195,0.59,0.61,0.52809,0.603604,0.652174,0.601852,0.726415,0.574468,0.61165,0.556701,0.663043,0.685185,0.617391,0.552941,0.592233,0.680412,0.580952,0.757895,0.544554,0.565657,0.640777,0.597938,0.706422,0.571429,0.541284,0.582418,0.590476,0.610526,0.617021,0.59434,0.6,0.666667,0.628571,0.631579,0.6,0.58,0.659574,0.584906,0.5625,0.528846,0.595238,0.646552,0.602041,0.627451,0.614583,0.567308,0.64486,0.505376,0.587156,0.615385,0.625,0.625,0.5,0.553191,0.576577,0.651685,0.533981,0.608247,0.613861,0.575758,0.565217,0.722222,0.591837,0.637255,0.717172,0.584158,0.621622,0.573034,0.563636,0.566667,0.657143,0.6,0.586207,0.663717,0.612245,0.666667,0.555556,0.608696,0.657895,0.651163,0.635514,0.580645,0.634615,0.583333,0.621053,0.571429,
56200,0.576923,0.666667,0.522222,0.6,0.519608,0.622449,0.597701,0.513274,0.647059,0.591837,0.693069,0.626263,0.597938,0.524272,0.528302,0.585106,0.616822,0.591398,0.666667,0.557895,0.571429,0.588235,0.614583,0.653846,0.67619,0.621053,0.726316,0.580952,0.62,0.61,0.551402,0.516129,0.58,0.61,0.641509,0.595745,0.717391,0.62037,0.637255,0.632653,0.604167,0.615385,0.663265,0.598039,0.607477,0.55914,0.642857,0.588235,0.572917,0.625,0.659794,0.601942,0.553398,0.628866,0.592593,0.630435,0.694444,0.641304,0.598039,0.622449,0.601942,0.618557,0.604396,0.623853,0.589474,0.638095,0.529412,0.632653,0.66,0.53,0.611111,0.645455,0.632075,0.659574,0.572816,0.608247,0.693878,0.656863,0.59,0.6,0.59375,0.548077,0.5,0.6,0.666667,0.55102,0.702703,0.58427,0.617647,0.673469,0.604396,0.587156,0.526316,0.619048,0.566667,0.627273,0.626263,0.643564,0.65625,0.615385,
56400,0.656566,0.554455,0.67,0.48,0.610526,0.609524,0.594059,0.646465,0.666667,0.612245,0.577982,0.615385,0.569892,0.598131,0.563107,0.628866,0.677419,0.598131,0.616822,0.666667,0.518182,0.622222,0.579545,0.660714,0.518519,0.652174,0.524752,0.535354,0.627273,0.611111,0.601852,0.554348,0.552381,0.621053,0.659794,0.640777,0.583333,0.554348,0.590476,0.547368,0.673267,0.575758,0.606742,0.531532,0.617978,0.603604,0.663043,0.583333,0.642105,0.67619,0.62037,0.641304,0.533333,0.610526,0.659794,0.669903,0.574468,0.707547,0.57,0.59,0.653061,0.607843,0.666667,0.709091,0.582418,0.633028,0.62,0.64,0.669903,0.57732,0.514851,0.656566,0.740741,0.652174,0.628866,0.679612,0.56701,0.524272,0.663265,0.607843,0.62,0.56,0.651163,0.622807,0.638889,0.630435,0.613208,0.510638,0.66087,0.564706,0.541667,0.653846,0.579439,0.623656,0.568421,0.580952,0.62766,0.575472,0.546392,0.631068,
56600,0.670732,0.567797,0.654321,0.596639,0.563636,0.566667,0.598039,0.663265,0.647619,0.663158,0.68,0.69,0.595745,0.679245,0.556701,0.601942,0.637255,0.612245,0.657143,0.578947,0.694737,0.609524,0.566372,0.563218,0.544554,0.555556,0.564815,0.543478,0.579545,0.607143,0.550562,0.576577,0.583333,0.641304,0.53211,0.681319,0.636364,0.544444,0.52809,0.630631,0.602273,0.589286,0.660194,0.628866,0.604167,0.692308,0.58427,0.603604,0.5625,0.663462,0.613208,0.595745,0.505155,0.592233,0.60396,0.606061,0.602041,0.617647,0.616071,0.681818,0.6,0.545455,0.641509,0.648936,0.477778,0.672727,0.539216,0.653061,0.590909,0.655556,0.528302,0.606383,0.675926,0.597826,0.596491,0.616279,0.660194,0.628866,0.673469,0.558824,0.663793,0.559524,0.55102,0.666667,0.674157,0.648649,0.583333,0.673913,0.561905,0.642105,0.539326,0.594595,0.709302,0.5,0.54902,0.581633,0.613636,0.616071,0.566038,0.521277,
56800,0.714286,0.547368,0.606742,0.621622,0.628571,0.578947,0.570093,0.645161,0.675676,0.629213,0.596154,0.65625,0.603774,0.617021,0.597938,0.572816,0.686275,0.602041,0.615385,0.59375,0.617021,0.575472,0.659794,0.601942,0.673267,0.636364,0.642857,0.647727,0.59,0.65,0.62963,0.630435,0.557692,0.604167,0.495146,0.628866,0.653465,0.494949,0.515789,0.685714,0.516854,0.576577,0.630631,0.58427,0.634615,0.614583,0.625,0.604167,0.666667,0.662791,0.536364,0.644444,0.617978,0.594595,0.565217,0.592593,0.644231,0.510417,0.592233,0.597938,0.780952,0.589474,0.576271,0.597561,0.6,0.618182,0.630631,0.629213,0.5,0.595745,0.607843,0.612245,0.553191,0.556604,0.619469,0.712644,0.5,0.602041,0.458333,0.519231,0.526882,0.663551,0.61,0.62,0.690722,0.708738,0.645161,0.626168,0.519231,0.604167,0.635417,0.625,0.655556,0.654545,0.617647,0.683673,0.628571,0.726316,0.62766,0.622642,
57000,0.612903,0.542056,0.62,0.7,0.670103,0.679612,0.63,0.65,0.59596,0.613861,0.71134,0.640777,0.554455,0.606061,0.675439,0.593023,0.576087,0.666667,0.75,0.65,0.442308,0.635417,0.601942,0.608247,0.646552,0.583333,0.647619,0.610526,0.666667,0.571429,0.6,0.590476,0.6,0.54,0.559322,0.585366,0.666667,0.581633,0.680412,0.553398,0.733333,0.6,0.654206,0.569892,0.63,0.52,0.656863,0.530612,0.65,0.54,0.657143,0.621053,0.537736,0.478723,0.604167,0.596154,0.657143,0.536842,0.619048,0.652632,0.58,0.5,0.489796,0.676471,0.608247,0.621359,0.649485,0.582524,0.581633,0.607843,0.469388,0.735294,0.59375,0.634615,0.608247,0.718447,0.604167,0.605769,0.663636,0.577778,0.639175,0.660194,0.522727,0.625,0.62963,0.597826,0.6,0.6,0.603774,0.617021,0.633663,0.585859,0.60177,0.482759,0.602041,0.637255,0.56701,0.640777,0.613861,0.686869,
57200,0.541667,0.480769,0.605769,0.677083,0.598039,0.693878,0.585106,0.613208,0.712766,0.622642,0.630435,0.546296,0.673077,0.552083,0.608247,0.572816,0.569892,0.542056,0.554348,0.601852,0.597938,0.631068,0.642105,0.647619,0.66,0.66,0.570093,0.569892,0.66,0.53,0.69697,0.70297,0.685393,0.594595,0.707071,0.623762,0.7,0.55,0.542857,0.589474,0.597826,0.564815,0.698113,0.648936,0.625,0.528846,0.577982,0.615385,0.576087,0.62037,0.570093,0.634409,0.515464,0.68932,0.602041,0.666667,0.673913,0.62037,0.604167,0.682692,0.683168,0.59596,0.580357,0.715909,0.553191,0.679245,0.6,0.571429,0.677083,0.528846,0.463158,0.685714,0.59434,0.617021,0.654545,0.488889,0.608696,0.741176,0.679245,0.670213,0.623762,0.616162,0.585859,0.643564,0.560748,0.580645,0.588235,0.530612,0.58,0.56,0.514286,0.536842,0.65,0.59,0.609195,0.663717,0.612903,0.654206,0.57732,0.621359,
57400,0.606383,0.59434,0.53,0.55,0.659574,0.716981,0.5,0.54902,0.571429,0.607843,0.640777,0.536082,0.573034,0.522523,0.580645,0.654206,0.587156,0.582418,0.605769,0.5625,0.658537,0.627119,0.663158,0.52381,0.584906,0.659574,0.643678,0.530973,0.729167,0.586538,0.553398,0.649485,0.673077,0.604167,0.626087,0.635294,0.68932,0.597938,0.735294,0.683673,0.575472,0.648936,0.701031,0.572816,0.403846,0.666667,0.659341,0.669725,0.588785,0.623656,0.666667,0.616822,0.572816,0.546392,0.541176,0.643478,0.632653,0.568627,0.663158,0.685714,0.6,0.644444,0.608696,0.62963,0.628571,0.589474,0.623656,0.64486,0.568627,0.612245,0.546392,0.640777,0.610526,0.685714,0.663462,0.572917,0.602041,0.637255,0.568627,0.642857,0.59434,0.585106,0.511628,0.675439,0.557895,0.619048,0.538462,0.674699,0.637255,0.622449,0.642202,0.703297,0.537037,0.619565,0.6,0.51,0.637255,0.632653,0.67619,0.557895,
57600,0.633663,0.555556,0.556818,0.642857,0.598214,0.636364,0.543689,0.56701,0.645455,0.544444,0.608247,0.631068,0.648649,0.561798,0.552083,0.673077,0.686275,0.602041,0.607477,0.55914,0.556701,0.485437,0.534884,0.675439,0.478723,0.54717,0.660377,0.585106,0.591837,0.519608,0.514563,0.57732,0.57732,0.631068,0.690265,0.54023,0.597701,0.566372,0.564356,0.636364,0.604651,0.649123,0.616822,0.623656,0.623853,0.648352,0.587629,0.601942,0.615385,0.651376,0.666667,0.622449,0.639175,0.640777,0.553191,0.622642,0.696629,0.585586,0.607843,0.581633,0.690722,0.601942,0.514286,0.673684,0.505155,0.601942,0.61165,0.546392,0.567308,0.5625,0.59,0.59,0.546392,0.582524,0.61,0.65,0.530612,0.54902,0.683168,0.636364,0.528302,0.56383,0.613861,0.636364,0.656566,0.574257,0.579439,0.634409,0.537736,0.617021,0.572727,0.622222,0.647619,0.610526,0.539216,0.530612,0.683673,0.686275,0.73,0.56,
57800,0.67,0.6,0.561224,0.627451,0.714286,0.694737,0.580952,0.652632,0.654206,0.612903,0.569892,0.64486,0.698113,0.595745,0.638889,0.706522,0.54717,0.62766,0.555556,0.623762,0.541667,0.644231,0.659574,0.54717,0.635514,0.623656,0.648148,0.554348,0.58,0.62,0.571429,0.578947,0.583333,0.519231,0.55102,0.647059,0.641509,0.574468,0.606383,0.613208,0.526786,0.590909,0.584158,0.59596,0.59434,0.553191,0.661017,0.609756,0.613636,0.589286,0.622222,0.590909,0.663636,0.511111,0.656566,0.584158,0.632075,0.62766,0.602041,0.54902,0.633028,0.593407,0.588785,0.634409,0.614679,0.604396,0.56701,0.601942,0.63,0.64,0.505495,0.697248,0.627451,0.55102,0.505155,0.601942,0.6,0.657143,0.631068,0.546392,0.604167,0.538462,0.46789,0.637363,0.557692,0.572917,0.617647,0.561224,0.534653,0.565657,0.583333,0.62069,0.53125,0.586538,0.572816,0.670103,0.701031,0.640777,0.666667,0.609091,
58000,0.639535,0.605263,0.554455,0.555556,0.525773,0.640777,0.604396,0.587156,0.676768,0.613861,0.61165,0.628866,0.59633,0.582418,0.537634,0.560748,0.654206,0.634409,0.742574,0.676768,0.619048,0.642105,0.621359,0.639175,0.628866,0.650485,0.659794,0.621359,0.666667,0.711538,0.638889,0.608696,0.707071,0.653465,0.610619,0.632184,0.653465,0.616162,0.616162,0.633663,0.57,0.56,0.65,0.58,0.531532,0.606742,0.625,0.666667,0.733945,0.615385,0.72449,0.627451,0.642857,0.627451,0.589286,0.636364,0.640351,0.593023,0.462366,0.626168,0.618557,0.563107,0.578431,0.602041,0.663462,0.614583,0.644444,0.472727,0.479167,0.663462,0.53,0.62,0.641509,0.62766,0.540816,0.627451,0.663551,0.655914,0.686275,0.663265,0.604167,0.615385,0.557692,0.6875,0.654206,0.602151,0.619048,0.621053,0.576577,0.640449,0.582524,0.597938,0.655556,0.563636,0.576923,0.583333,0.68932,0.649485,0.617021,0.669811,
58200,0.54023,0.575221,0.546392,0.563107,0.612245,0.578431,0.590476,0.694737,0.642105,0.580952,0.608696,0.703704,0.568421,0.580952,0.558824,0.673469,0.541284,0.681319,0.583333,0.596154,0.62,0.67,0.528302,0.702128,0.7,0.633333,0.556701,0.592233,0.660194,0.556701,0.669811,0.489362,0.622449,0.529412,0.739583,0.576923,0.670103,0.524272,0.694737,0.638095,0.559633,0.549451,0.612245,0.588235,0.589474,0.552381,0.619469,0.655172,0.684211,0.657143,0.576087,0.583333,0.7,0.6,0.580952,0.536842,0.660194,0.670103,0.53,0.63,0.627273,0.711111,0.638298,0.632075,0.640777,0.546392,0.55,0.57,0.631579,0.533333,0.565657,0.574257,0.602151,0.495327,0.62963,0.630435,0.598131,0.591398,0.6,0.566667,0.61,0.59,0.587156,0.626374,0.565657,0.594059,0.643564,0.555556,0.62766,0.650943,0.56,0.59,0.539216,0.55102,0.555556,0.597826,0.564815,0.652174,0.577778,0.618182,
58400,0.670213,0.622642,0.625,0.583333,0.653846,0.604167,0.513274,0.609195,0.638095,0.589474,0.564356,0.656566,0.557895,0.552381,0.666667,0.589474,0.57,0.51,0.598361,0.666667,0.566372,0.666667,0.7,0.61,0.639175,0.601942,0.693694,0.595506,0.557692,0.697917,0.548387,0.635514,0.474227,0.553398,0.59434,0.553191,0.617978,0.621622,0.592233,0.752577,0.553398,0.587629,0.691489,0.537736,0.645161,0.542056,0.579439,0.677419,0.631579,0.67619,0.553191,0.59434,0.636364,0.653465,0.625,0.616071,0.443396,0.638298,0.669903,0.556701,0.583333,0.567308,0.652174,0.703704,0.644444,0.645455,0.607477,0.516129,0.601852,0.554348,0.536082,0.601942,0.622642,0.606383,0.616822,0.591398,0.490385,0.614583,0.560748,0.548387,0.596154,0.6875,0.62,0.56,0.608247,0.563107,0.617647,0.581633,0.57732,0.514563,0.625,0.613636,0.608247,0.553398,0.642857,0.588235,0.588785,0.634409,0.590909,0.588889,
58600,0.709302,0.640351,0.650485,0.618557,0.626263,0.663366,0.632184,0.628319,0.677083,0.625,0.632653,0.637255,0.660377,0.648936,0.626263,0.623762,0.677083,0.567308,0.561224,0.656863,0.565657,0.524752,0.602151,0.672897,0.627451,0.530612,0.676768,0.50495,0.583333,0.615385,0.586538,0.5625,0.5,0.458333,0.510638,0.622642,0.710526,0.581395,0.660194,0.649485,0.603774,0.638298,0.649485,0.592233,0.603774,0.62766,0.648148,0.630435,0.651376,0.461538,0.676768,0.623762,0.639175,0.582524,0.627451,0.632653,0.596154,0.572917,0.649485,0.533981,0.580952,0.526316,0.607843,0.663265,0.554455,0.626263,0.53,0.55,0.607477,0.612903,0.584071,0.586207,0.747475,0.594059,0.561905,0.621053,0.488372,0.605263,0.711111,0.609091,0.547368,0.67619,0.61,0.62,0.611111,0.6,0.628319,0.597701,0.555556,0.608696,0.614035,0.616279,0.589474,0.580952,0.577982,0.527473,0.588785,0.548387,0.644231,0.583333,
58800,0.62037,0.521739,0.581818,0.544444,0.6,0.715789,0.585106,0.622642,0.699029,0.690722,0.542553,0.650943,0.708333,0.596154,0.553191,0.669811,0.61165,0.659794,0.648936,0.650943,0.56701,0.563107,0.580645,0.616822,0.680412,0.728155,0.636364,0.571429,0.656566,0.712871,0.628319,0.666667,0.59,0.65,0.682692,0.614583,0.634615,0.59375,0.627273,0.655556,0.657895,0.662791,0.66,0.62,0.544554,0.565657,0.59,0.64,0.608696,0.583333,0.598039,0.642857,0.528736,0.619469,0.570093,0.72043,0.64,0.69,0.555556,0.633663,0.617978,0.540541,0.660194,0.649485,0.59633,0.593407,0.670213,0.603774,0.574074,0.586957,0.556522,0.658824,0.626374,0.495413,0.606383,0.603774,0.567308,0.5625,0.701031,0.592233,0.641304,0.518519,0.532609,0.648148,0.686275,0.602041,0.607843,0.520408,0.586957,0.657407,0.61,0.63,0.626168,0.505376,0.615385,0.715596,0.61165,0.721649,0.647059,0.66087,
59000,0.555556,0.608696,0.708738,0.546392,0.567308,0.65625,0.545455,0.574257,0.648936,0.688679,0.577586,0.702381,0.598131,0.569892,0.654545,0.7,0.622807,0.581395,0.704545,0.678571,0.634615,0.541667,0.607843,0.510204,0.542857,0.505263,0.619048,0.547368,0.617647,0.581633,0.592233,0.639175,0.572917,0.625,0.552083,0.548077,0.568182,0.651786,0.593407,0.59633,0.675676,0.606742,0.682243,0.602151,0.66,0.59,0.583333,0.73913,0.684783,0.472222,0.699029,0.57732,0.652632,0.619048,0.584906,0.606383,0.663265,0.666667,0.543478,0.592593,0.584158,0.555556,0.5625,0.682692,0.641509,0.62766,0.660194,0.587629,0.605769,0.583333,0.575758,0.653465,0.639175,0.621359,0.635514,0.612903,0.631579,0.628571,0.590476,0.6,0.638095,0.684211,0.518182,0.666667,0.619565,0.62037,0.567308,0.604167,0.574257,0.626263,0.625,0.625,0.659574,0.613208,0.592233,0.608247,0.593407,0.53211,0.633333,0.663636,
59200,0.623853,0.582418,0.59434,0.62766,0.544444,0.590909,0.558559,0.617978,0.742268,0.708738,0.560748,0.623656,0.56,0.53,0.608247,0.669903,0.659091,0.651786,0.577982,0.56044,0.576087,0.638889,0.585859,0.653465,0.594059,0.636364,0.555556,0.594059,0.564356,0.69697,0.601942,0.659794,0.605769,0.645833,0.538462,0.583333,0.544554,0.545455,0.623762,0.656566,0.638298,0.641509,0.602273,0.616071,0.52381,0.594828,0.61165,0.618557,0.545455,0.622222,0.643678,0.584071,0.663717,0.609195,0.524752,0.626263,0.709302,0.54386,0.618557,0.61165,0.693694,0.573034,0.598039,0.663265,0.576087,0.685185,0.648649,0.617978,0.648352,0.568807,0.554455,0.636364,0.50495,0.565657,0.488636,0.625,0.558824,0.653061,0.592593,0.673913,0.670213,0.669811,0.554455,0.616162,0.626168,0.494624,0.633663,0.575758,0.682692,0.625,0.595506,0.540541,0.52809,0.612613,0.59375,0.644231,0.592233,0.587629,0.54,0.68,
59400,0.719101,0.648649,0.566038,0.595745,0.641304,0.611111,0.574468,0.726415,0.690909,0.722222,0.56,0.71,0.611111,0.576087,0.619565,0.574074,0.666667,0.55102,0.686275,0.581633,0.577778,0.672727,0.65625,0.682692,0.544554,0.69697,0.613861,0.686869,0.62766,0.613208,0.598214,0.647727,0.652632,0.533333,0.582524,0.56701,0.589286,0.556818,0.453704,0.673913,0.634615,0.5625,0.618557,0.543689,0.614583,0.596154,0.6875,0.625,0.653846,0.614583,0.670455,0.517857,0.602041,0.598039,0.572816,0.628866,0.633028,0.593407,0.607843,0.561224,0.561798,0.612613,0.605769,0.59375,0.597701,0.557522,0.587156,0.626374,0.606061,0.60396,0.529412,0.704082,0.625,0.548077,0.617647,0.612245,0.625,0.645833,0.644444,0.572727,0.590476,0.568421,0.603774,0.648936,0.666667,0.476636,0.510204,0.598039,0.607143,0.5,0.636364,0.584158,0.637363,0.513761,0.515464,0.572816,0.622449,0.588235,0.7,0.61,
59600,0.711111,0.645455,0.58427,0.585586,0.545455,0.564356,0.660377,0.585106,0.637255,0.489796,0.510638,0.650943,0.54902,0.612245,0.582524,0.556701,0.701923,0.59375,0.607477,0.537634,0.592233,0.546392,0.574074,0.673913,0.614679,0.637363,0.566038,0.606383,0.719626,0.645161,0.601942,0.670103,0.567308,0.6875,0.538462,0.566265,0.505376,0.616822,0.574074,0.619565,0.634409,0.542056,0.526882,0.598131,0.58427,0.621622,0.59633,0.67033,0.610526,0.638095,0.655556,0.654545,0.638889,0.597826,0.652174,0.62037,0.59596,0.564356,0.632075,0.659574,0.62,0.53,0.574257,0.656566,0.66,0.56,0.604396,0.522936,0.531915,0.59434,0.603774,0.606383,0.564706,0.634783,0.622449,0.558824,0.592593,0.565217,0.616071,0.590909,0.690909,0.555556,0.616822,0.580645,0.575758,0.445545,0.626168,0.548387,0.541284,0.626374,0.603604,0.573034,0.604396,0.59633,0.607477,0.591398,0.6,0.561905,0.644231,0.635417,
59800,0.603774,0.553191,0.64486,0.537634,0.556604,0.659574,0.571429,0.696078,0.663158,0.561905,0.670103,0.621359,0.536082,0.563107,0.616822,0.602151,0.613208,0.521277,0.62766,0.641509,0.608247,0.631068,0.577778,0.654545,0.58,0.7,0.609091,0.666667,0.587156,0.692308,0.456522,0.555556,0.587629,0.582524,0.555556,0.572727,0.588235,0.617391,0.583333,0.663462,0.576923,0.6875,0.669903,0.628866,0.530612,0.637255,0.638095,0.547368,0.663265,0.578431,0.659794,0.61165,0.59,0.65,0.681319,0.633028,0.627907,0.5,0.622222,0.663636,0.662921,0.468468,0.557377,0.602564,0.618557,0.631068,0.64,0.6,0.533333,0.589474,0.58,0.67,0.765306,0.686275,0.606383,0.54717,0.623762,0.676768,0.626168,0.548387,0.621359,0.515464,0.621622,0.662921,0.633028,0.505495,0.621622,0.516854,0.535354,0.60396,0.586538,0.59375,0.552083,0.615385,0.557895,0.628571,0.635514,0.580645,0.717391,0.611111,
60000,0.615385,0.489583,0.601942,0.690722,0.571429,0.647059,0.56044,0.614679,0.663551,0.569892,0.603774,0.670213,0.617021,0.622642,0.57732,0.514563,0.59292,0.632184,0.62037,0.663043,0.651786,0.465909,0.561224,0.627451,0.613861,0.616162,0.696629,0.558559,0.602041,0.607843,0.525773,0.572816,0.63,0.57,0.556701,0.563107,0.643564,0.545455,0.533333,0.672727,0.583333,0.538462,0.615385,0.583333,0.565217,0.555556,0.617021,0.679245,0.619048,0.6,0.602041,0.519608,0.58427,0.630631,0.655914,0.691589,0.560748,0.580645,0.622642,0.585106,0.612245,0.558824,0.555556,0.638554,0.638298,0.603774,0.625,0.568182,0.584158,0.616162,0.548077,0.625,0.584158,0.565657,0.598039,0.602041,0.633333,0.609091,0.651786,0.545455,0.708738,0.690722,0.457944,0.655914,0.64,0.55,0.561905,0.589474,0.54902,0.561224,0.651376,0.604396,0.642857,0.568627,0.558824,0.622449,0.634409,0.635514,0.555556,0.654545,
60200,0.62037,0.630435,0.590909,0.544444,0.663551,0.55914,0.663366,0.656566,0.564815,0.554348,0.528846,0.625,0.554348,0.601852,0.676471,0.622449,0.669811,0.574468,0.642857,0.617647,0.510204,0.607843,0.657407,0.608696,0.617647,0.581633,0.662791,0.570175,0.699029,0.608247,0.495146,0.536082,0.587629,0.553398,0.602151,0.598131,0.583333,0.586538,0.530612,0.617647,0.524272,0.57732,0.691489,0.575472,0.545455,0.574257,0.565789,0.669355,0.621622,0.640449,0.546392,0.679612,0.633663,0.69697,0.684211,0.628571,0.573034,0.675676,0.715909,0.607143,0.663158,0.590476,0.646465,0.653465,0.627907,0.649123,0.704762,0.610526,0.566667,0.527273,0.564815,0.597826,0.60177,0.62069,0.62,0.61,0.670455,0.651786,0.698113,0.595745,0.663793,0.642857,0.654545,0.666667,0.631068,0.608247,0.606383,0.59434,0.539326,0.504505,0.65,0.59,0.566372,0.551724,0.5,0.591837,0.674157,0.612613,0.609524,0.652632,
60400,0.637363,0.651376,0.596154,0.59375,0.602041,0.627451,0.550459,0.593407,0.685185,0.586957,0.627451,0.581633,0.592233,0.515464,0.581818,0.577778,0.696429,0.670455,0.612245,0.715686,0.552632,0.651163,0.646018,0.551724,0.673267,0.585859,0.691489,0.603774,0.576087,0.611111,0.52,0.52,0.548387,0.728972,0.543478,0.564815,0.586538,0.552083,0.55,0.7,0.454545,0.536585,0.686275,0.632653,0.520408,0.519608,0.677419,0.691589,0.67619,0.589474,0.679612,0.57732,0.561905,0.578947,0.619048,0.557895,0.637363,0.669725,0.558559,0.595506,0.638889,0.554348,0.647619,0.6,0.639535,0.631579,0.640351,0.604651,0.66,0.61,0.524752,0.606061,0.622449,0.578431,0.638298,0.669811,0.617647,0.663265,0.62,0.54,0.623762,0.606061,0.520833,0.653846,0.73,0.55,0.641509,0.553191,0.567308,0.71875,0.586538,0.520833,0.66,0.65,0.56383,0.622642,0.734043,0.584906,0.571429,0.54902,
60600,0.62037,0.576087,0.675926,0.565217,0.66,0.65,0.672897,0.623656,0.663793,0.666667,0.666667,0.633663,0.67033,0.53211,0.606383,0.537736,0.631579,0.6,0.686441,0.536585,0.584158,0.59596,0.606061,0.623762,0.705882,0.591837,0.573913,0.494118,0.621053,0.571429,0.625,0.586538,0.541667,0.538462,0.586538,0.5625,0.538462,0.583333,0.591304,0.611765,0.555556,0.590909,0.689655,0.547619,0.527473,0.59633,0.638889,0.597826,0.728261,0.62963,0.546392,0.563107,0.504762,0.526316,0.616162,0.643564,0.643564,0.646465,0.625,0.53125,0.669903,0.639175,0.641304,0.648148,0.653846,0.666667,0.574468,0.556604,0.56,0.68,0.536842,0.609524,0.593407,0.559633,0.523364,0.655914,0.693182,0.607143,0.633663,0.565657,0.708738,0.639175,0.586957,0.638889,0.682243,0.645161,0.610526,0.628571,0.580952,0.557895,0.587156,0.527473,0.57732,0.572816,0.557692,0.635417,0.571429,0.684211,0.594828,0.642857,
60800,0.604651,0.614035,0.613861,0.575758,0.65,0.57,0.666667,0.622449,0.663265,0.745098,0.606742,0.63964,0.513043,0.564706,0.493976,0.581197,0.574257,0.59596,0.617647,0.642857,0.575472,0.691489,0.575221,0.678161,0.642857,0.715909,0.647059,0.663265,0.587629,0.582524,0.55,0.66,0.555556,0.673267,0.603774,0.680851,0.494949,0.623762,0.576087,0.611111,0.625,0.625,0.604651,0.570175,0.572727,0.5,0.612903,0.616822,0.6,0.580952,0.631579,0.686047,0.585859,0.60396,0.647059,0.561224,0.673684,0.590476,0.59596,0.524752,0.534653,0.515152,0.592593,0.641304,0.62,0.59,0.660377,0.574468,0.565657,0.633663,0.42,0.57,0.6,0.589474,0.666667,0.694737,0.72449,0.607843,0.693069,0.616162,0.663717,0.551724,0.602041,0.558824,0.59,0.52,0.604396,0.568807,0.59375,0.663462,0.577778,0.590909,0.663793,0.630952,0.583333,0.532609,0.634615,0.583333,0.653061,0.676471,
61000,0.59633,0.648352,0.607477,0.548387,0.656863,0.612245,0.623762,0.686869,0.635417,0.663462,0.59375,0.586538,0.533981,0.556701,0.597938,0.621359,0.616162,0.574257,0.736842,0.67619,0.62766,0.613208,0.642202,0.703297,0.59,0.7,0.616162,0.693069,0.660194,0.57732,0.528846,0.635417,0.51,0.58,0.584158,0.666667,0.536842,0.638095,0.693069,0.606061,0.64,0.55,0.640777,0.587629,0.524272,0.659794,0.626087,0.717647,0.622449,0.588235,0.715909,0.526786,0.561905,0.589474,0.655556,0.609091,0.635514,0.548387,0.633333,0.563636,0.631068,0.546392,0.646465,0.554455,0.597938,0.61165,0.636364,0.522222,0.596154,0.541667,0.54717,0.574468,0.638095,0.621053,0.625,0.614583,0.585106,0.641509,0.72,0.54,0.672897,0.591398,0.519231,0.677083,0.674157,0.603604,0.586538,0.625,0.582524,0.608247,0.61165,0.536082,0.547619,0.551724,0.644444,0.545455,0.679245,0.542553,0.583333,0.619565,
61200,0.65,0.62,0.602041,0.647059,0.581818,0.766667,0.581818,0.711111,0.636364,0.666667,0.590476,0.621053,0.635294,0.547826,0.577982,0.582418,0.59434,0.617021,0.692308,0.697917,0.569892,0.570093,0.676768,0.633663,0.651786,0.613636,0.644231,0.53125,0.653061,0.598039,0.637255,0.581633,0.623762,0.616162,0.55814,0.631579,0.57,0.61,0.616822,0.688172,0.663158,0.6,0.57732,0.543689,0.563636,0.644444,0.576087,0.694444,0.682243,0.612903,0.615385,0.605505,0.606061,0.60396,0.684211,0.619048,0.571429,0.511364,0.631068,0.587629,0.649123,0.476744,0.626168,0.623656,0.56701,0.621359,0.574257,0.545455,0.583333,0.673077,0.524272,0.56701,0.647619,0.642105,0.592233,0.721649,0.555556,0.619565,0.708738,0.57732,0.580952,0.642105,0.61165,0.649485,0.608247,0.514563,0.659794,0.631068,0.558824,0.540816,0.544554,0.636364,0.643478,0.6,0.63,0.63,0.663366,0.666667,0.642857,0.637255,
61400,0.633333,0.536364,0.652632,0.552381,0.54717,0.691489,0.623656,0.560748,0.653465,0.626263,0.662921,0.558559,0.666667,0.642857,0.638298,0.641509,0.656566,0.544554,0.696629,0.603604,0.619565,0.509259,0.556818,0.642857,0.64,0.68,0.589474,0.580952,0.584158,0.686869,0.645833,0.653846,0.62766,0.59434,0.605505,0.571429,0.575472,0.606383,0.623762,0.606061,0.568627,0.510204,0.662921,0.531532,0.51087,0.509259,0.653465,0.636364,0.545455,0.741071,0.672727,0.544444,0.648148,0.532609,0.641509,0.595745,0.577982,0.626374,0.5625,0.653846,0.634409,0.495327,0.595745,0.622642,0.580645,0.654206,0.666667,0.60396,0.598039,0.653061,0.515789,0.514286,0.578947,0.593023,0.462963,0.478261,0.536842,0.590476,0.605769,0.645833,0.603774,0.585106,0.488889,0.636364,0.570175,0.581395,0.550562,0.657658,0.589474,0.6,0.613636,0.517857,0.680412,0.524272,0.597826,0.62037,0.628866,0.601942,0.585586,0.573034,
61600,0.601942,0.515464,0.636364,0.60396,0.631068,0.670103,0.557692,0.583333,0.634615,0.645833,0.680412,0.660194,0.522222,0.536364,0.702703,0.685393,0.703297,0.633028,0.627273,0.633333,0.642202,0.538462,0.656863,0.622449,0.647619,0.621053,0.558824,0.561224,0.626263,0.663366,0.623656,0.607477,0.62963,0.652174,0.633333,0.5,0.638298,0.650943,0.626168,0.655914,0.616822,0.55914,0.631579,0.495238,0.53211,0.56044,0.613861,0.484848,0.590476,0.652632,0.574074,0.673913,0.75,0.684783,0.57,0.62,0.72,0.59,0.597826,0.583333,0.5625,0.615385,0.641509,0.585106,0.583333,0.608696,0.610526,0.52381,0.659574,0.622642,0.537736,0.648936,0.59,0.58,0.6,0.684211,0.647059,0.622449,0.592233,0.597938,0.684211,0.619048,0.617647,0.571429,0.549451,0.706422,0.558824,0.591837,0.62,0.66,0.57732,0.592233,0.610169,0.573171,0.5625,0.586538,0.682243,0.655914,0.637363,0.59633,
61800,0.584906,0.595745,0.564815,0.543478,0.586538,0.625,0.55,0.6,0.622449,0.568627,0.607843,0.520408,0.572917,0.586538,0.663551,0.645161,0.58,0.68,0.654321,0.680672,0.58,0.5,0.61,0.64,0.685185,0.554348,0.623529,0.521739,0.590909,0.625,0.619048,0.673684,0.628866,0.621359,0.578313,0.57265,0.631068,0.587629,0.586957,0.62963,0.605505,0.626374,0.59633,0.483516,0.494949,0.594059,0.59596,0.60396,0.632653,0.656863,0.635294,0.591304,0.635417,0.625,0.673469,0.647059,0.628571,0.6,0.61165,0.494845,0.570093,0.55914,0.637255,0.653061,0.613208,0.553191,0.623853,0.571429,0.612613,0.505618,0.567568,0.606742,0.6,0.580952,0.578947,0.609524,0.613861,0.616162,0.532609,0.592593,0.615385,0.587156,0.554545,0.644444,0.65,0.55,0.655172,0.607143,0.641304,0.564815,0.578947,0.561905,0.601942,0.587629,0.58427,0.531532,0.666667,0.598131,0.657143,0.610526,
62000,0.669725,0.692308,0.666667,0.672897,0.654545,0.577778,0.638095,0.631579,0.682927,0.610169,0.592,0.64,0.602041,0.558824,0.638889,0.641304,0.59375,0.615385,0.653061,0.647059,0.645833,0.673077,0.707547,0.638298,0.650943,0.595745,0.630435,0.564815,0.673077,0.625,0.53,0.66,0.607843,0.571429,0.737374,0.584158,0.625,0.538462,0.608247,0.563107,0.611111,0.554545,0.71875,0.586538,0.666667,0.634615,0.516129,0.626168,0.57,0.61,0.633929,0.647727,0.627451,0.683673,0.66055,0.681319,0.649485,0.553398,0.575758,0.594059,0.634615,0.5625,0.613636,0.6875,0.563107,0.546392,0.626263,0.623762,0.62,0.59,0.457944,0.569892,0.534653,0.545455,0.57732,0.728155,0.71134,0.543689,0.63,0.6,0.632184,0.654867,0.545455,0.70297,0.645833,0.576923,0.60396,0.69697,0.61,0.54,0.62069,0.654762,0.58,0.56,0.632653,0.764706,0.617647,0.653061,0.591398,0.64486,
62200,0.685714,0.652632,0.660194,0.56701,0.57732,0.572816,0.547368,0.571429,0.650485,0.618557,0.617021,0.603774,0.647059,0.571429,0.577778,0.636364,0.703704,0.586957,0.582609,0.623529,0.653846,0.583333,0.615385,0.635417,0.63964,0.629213,0.605505,0.67033,0.707317,0.677966,0.604938,0.563025,0.581395,0.570175,0.572917,0.605769,0.494624,0.504673,0.623853,0.604396,0.625,0.604167,0.69,0.59,0.556701,0.640777,0.579545,0.651786,0.666667,0.672897,0.628099,0.670886,0.627451,0.602041,0.609195,0.628319,0.608247,0.533981,0.580645,0.635514,0.642105,0.561905,0.486239,0.747253,0.62,0.59,0.586957,0.62963,0.564356,0.515152,0.53271,0.505376,0.572816,0.618557,0.613208,0.595745,0.697248,0.626374,0.606061,0.554455,0.514286,0.621053,0.604167,0.519231,0.485437,0.587629,0.650485,0.618557,0.635417,0.634615,0.622449,0.607843,0.59,0.58,0.685714,0.631579,0.554545,0.588889,0.705263,0.666667,
62400,0.598214,0.5,0.541667,0.605769,0.625,0.683333,0.638298,0.566038,0.60396,0.646465,0.638095,0.694737,0.642857,0.627451,0.575758,0.673267,0.613208,0.670213,0.637255,0.622449,0.591837,0.519608,0.64,0.68,0.641509,0.638298,0.555556,0.564356,0.621359,0.56701,0.5,0.543478,0.550459,0.571429,0.617978,0.513514,0.645161,0.53271,0.53211,0.582418,0.544554,0.707071,0.658824,0.608696,0.613861,0.636364,0.611111,0.648649,0.635417,0.586538,0.632075,0.648936,0.637255,0.571429,0.72043,0.719626,0.666667,0.591837,0.570175,0.55814,0.56701,0.524272,0.666667,0.607477,0.546392,0.679612,0.537815,0.567901,0.563636,0.633333,0.580357,0.534091,0.5,0.577778,0.615385,0.625,0.561224,0.676471,0.650485,0.659794,0.62766,0.641509,0.51,0.53,0.62,0.63,0.580645,0.607477,0.56701,0.621359,0.537736,0.638298,0.534483,0.547619,0.633663,0.525253,0.602273,0.696429,0.635514,0.666667,
62600,0.54,0.63,0.59375,0.615385,0.541284,0.626374,0.645161,0.64486,0.646465,0.584158,0.495146,0.608247,0.647059,0.581633,0.622222,0.581818,0.597938,0.592233,0.679612,0.659794,0.613208,0.595745,0.622642,0.542553,0.494845,0.601942,0.536364,0.577778,0.682243,0.731183,0.54717,0.617021,0.504505,0.662921,0.5,0.75,0.659794,0.592233,0.485149,0.565657,0.601852,0.641304,0.611111,0.641304,0.505495,0.623853,0.587156,0.626374,0.670213,0.660377,0.625,0.677083,0.641304,0.601852,0.531915,0.528302,0.61,0.62,0.549451,0.688073,0.666667,0.504673,0.548077,0.65625,0.567308,0.552083,0.610526,0.561905,0.642857,0.586207,0.494845,0.621359,0.626168,0.602151,0.675926,0.706522,0.686869,0.584158,0.626374,0.541284,0.561224,0.617647,0.571429,0.590909,0.608247,0.660194,0.623656,0.588785,0.53,0.6,0.617647,0.622449,0.516129,0.485981,0.597826,0.518519,0.587629,0.582524,0.698925,0.626168,
62800,0.684211,0.533333,0.564356,0.666667,0.527778,0.597826,0.587629,0.601942,0.659794,0.582524,0.65,0.62,0.632075,0.595745,0.545455,0.623762,0.663043,0.611111,0.602041,0.509804,0.64486,0.516129,0.677083,0.576923,0.57,0.61,0.660194,0.639175,0.581633,0.607843,0.569892,0.635514,0.553191,0.556604,0.574074,0.597826,0.72,0.58,0.645455,0.666667,0.660377,0.712766,0.576923,0.541667,0.55914,0.682243,0.548387,0.616822,0.6,0.627273,0.638889,0.652174,0.636364,0.623762,0.621053,0.666667,0.566038,0.617021,0.59434,0.574468,0.589474,0.561905,0.623656,0.607477,0.574713,0.59292,0.59292,0.528736,0.45098,0.632653,0.59596,0.594059,0.564356,0.606061,0.64,0.6,0.644231,0.65625,0.666667,0.635514,0.58,0.63,0.53125,0.682692,0.582524,0.556701,0.619565,0.574074,0.528846,0.635417,0.510417,0.576923,0.612613,0.460674,0.490196,0.561224,0.56701,0.640777,0.647619,0.768421,
63000,0.653465,0.585859,0.584158,0.575758,0.582524,0.701031,0.608247,0.601942,0.644444,0.6,0.611111,0.630435,0.648649,0.58427,0.613861,0.646465,0.638095,0.631579,0.59375,0.625,0.68,0.56,0.606061,0.663366,0.666667,0.622449,0.626374,0.577982,0.645161,0.570093,0.525773,0.563107,0.557692,0.53125,0.587156,0.681319,0.641667,0.55,0.611111,0.706522,0.570175,0.604651,0.622642,0.617021,0.604167,0.567308,0.591837,0.637255,0.641509,0.702128,0.645833,0.586538,0.700935,0.666667,0.755102,0.627451,0.62963,0.51087,0.580952,0.568421,0.627451,0.591837,0.553571,0.636364,0.509615,0.572917,0.536842,0.609524,0.556701,0.572816,0.602151,0.64486,0.61,0.57,0.533333,0.590909,0.608247,0.660194,0.625,0.616667,0.57,0.58,0.5,0.618182,0.678161,0.469027,0.633333,0.554545,0.558824,0.581633,0.642105,0.609524,0.519608,0.642857,0.515789,0.609524,0.561905,0.610526,0.536082,0.621359,
63200,0.669903,0.608247,0.585859,0.564356,0.59434,0.680851,0.555556,0.584158,0.618557,0.660194,0.669811,0.595745,0.632653,0.539216,0.585106,0.641509,0.628571,0.736842,0.6875,0.711538,0.655556,0.727273,0.67619,0.610526,0.615385,0.642202,0.670103,0.660194,0.647619,0.663158,0.602151,0.775701,0.536842,0.638095,0.611111,0.608696,0.663462,0.583333,0.649485,0.669903,0.662651,0.615385,0.592233,0.680412,0.53,0.53,0.580952,0.705263,0.514851,0.545455,0.58,0.59,0.670103,0.563107,0.532609,0.675926,0.666667,0.568421,0.592233,0.57732,0.520833,0.548077,0.585106,0.650943,0.541284,0.604396,0.616071,0.534091,0.623762,0.626263,0.552083,0.701923,0.522222,0.636364,0.656566,0.633663,0.613861,0.565657,0.587156,0.527473,0.67033,0.59633,0.577778,0.6,0.693069,0.59596,0.645833,0.634615,0.607143,0.454545,0.634615,0.541667,0.549451,0.522936,0.61165,0.639175,0.568627,0.622449,0.603774,0.638298,
63400,0.648352,0.522936,0.628571,0.6,0.593023,0.657895,0.572816,0.639175,0.584158,0.626263,0.557692,0.625,0.619565,0.611111,0.536842,0.72381,0.66055,0.56044,0.597826,0.62963,0.583333,0.717391,0.577778,0.527273,0.633663,0.575758,0.541284,0.626374,0.641509,0.585106,0.554348,0.518519,0.513043,0.552941,0.673077,0.677083,0.69,0.53,0.655462,0.641975,0.607477,0.612903,0.674157,0.585586,0.642105,0.580952,0.673684,0.6,0.632653,0.568627,0.601942,0.680412,0.563107,0.556701,0.62069,0.5,0.560748,0.612903,0.561224,0.598039,0.615385,0.510417,0.553398,0.649485,0.576923,0.5,0.686275,0.622449,0.638095,0.589474,0.572917,0.682692,0.574257,0.535354,0.617978,0.747748,0.564356,0.707071,0.617647,0.540816,0.565657,0.584158,0.605769,0.6875,0.605769,0.5625,0.654206,0.602151,0.533333,0.609091,0.651685,0.522523,0.648936,0.613208,0.56701,0.631068,0.489583,0.596154,0.722222,0.652174,
63600,0.666667,0.622449,0.442105,0.657143,0.648148,0.619565,0.528736,0.548673,0.657407,0.521739,0.580952,0.568421,0.55,0.6,0.482353,0.608696,0.609091,0.633333,0.574257,0.565657,0.622642,0.56383,0.555556,0.630435,0.513043,0.529412,0.602151,0.457944,0.537037,0.565217,0.467391,0.574074,0.561905,0.684211,0.598039,0.622449,0.606742,0.558559,0.5,0.619565,0.673077,0.645833,0.636364,0.584158,0.474747,0.534653,0.636364,0.60396,0.606838,0.686747,0.674157,0.684685,0.537736,0.56383,0.622807,0.662791,0.662791,0.605263,0.542056,0.612903,0.613861,0.575758,0.581633,0.558824,0.570175,0.651163,0.543689,0.670103,0.49505,0.585859,0.6875,0.673077,0.595506,0.585586,0.541284,0.692308,0.627273,0.644444,0.630435,0.703704,0.585859,0.613861,0.534653,0.626263,0.601852,0.673913,0.537634,0.635514,0.626168,0.623656,0.594059,0.616162,0.623853,0.516484,0.47191,0.693694,0.608696,0.592593,0.597938,0.718447,
63800,0.663366,0.606061,0.616162,0.613861,0.596154,0.697917,0.57,0.68,0.632653,0.656863,0.606742,0.558559,0.548077,0.53125,0.628866,0.601942,0.6,0.589474,0.556522,0.623529,0.597938,0.533981,0.623762,0.616162,0.641509,0.606383,0.637255,0.581633,0.594059,0.555556,0.676471,0.428571,0.642857,0.522727,0.660194,0.608247,0.692308,0.508197,0.54,0.65,0.612245,0.568627,0.636364,0.594059,0.719626,0.537634,0.588235,0.704082,0.63,0.65,0.669811,0.638298,0.612245,0.627451,0.663717,0.678161,0.656863,0.632653,0.591837,0.607843,0.608247,0.640777,0.55102,0.627451,0.680851,0.584906,0.634615,0.541667,0.588785,0.612903,0.509615,0.625,0.5,0.567308,0.615385,0.59633,0.73,0.55,0.663462,0.572917,0.580952,0.515789,0.580357,0.625,0.557895,0.609524,0.627273,0.522222,0.526316,0.609524,0.477477,0.561798,0.537634,0.523364,0.575758,0.574257,0.640777,0.57732,0.490566,0.553191,
64000,0.701923,0.604167,0.55,0.58,0.625,0.589286,0.571429,0.656863,0.653465,0.585859,0.67,0.68,0.585859,0.554455,0.67033,0.66055,0.605769,0.541667,0.611111,0.663043,0.533333,0.572727,0.54902,0.571429,0.555556,0.594059,0.561224,0.637255,0.673267,0.626263,0.613861,0.59596,0.517857,0.693182,0.659341,0.623853,0.688073,0.516484,0.63,0.68,0.5625,0.576923,0.686869,0.534653,0.648352,0.59633,0.616162,0.613861,0.592233,0.639175,0.616071,0.579545,0.520408,0.598039,0.607143,0.636364,0.672897,0.55914,0.6,0.610526,0.55,0.5,0.515152,0.643564,0.587629,0.699029,0.642202,0.67033,0.591398,0.607477,0.494949,0.673267,0.573034,0.63964,0.623762,0.616162,0.616162,0.653465,0.747475,0.623762,0.510638,0.490566,0.570093,0.72043,0.673469,0.578431,0.542857,0.610526,0.540816,0.666667,0.565657,0.584158,0.548673,0.505747,0.519231,0.604167,0.630435,0.657407,0.676768,0.584158,
64200,0.583333,0.586957,0.571429,0.568421,0.591837,0.656863,0.585586,0.550562,0.743902,0.669492,0.701031,0.601942,0.613208,0.56383,0.58,0.63,0.578947,0.571429,0.527473,0.614679,0.580952,0.568421,0.605769,0.645833,0.647727,0.571429,0.583333,0.619565,0.64486,0.602151,0.632075,0.617021,0.574468,0.632075,0.645161,0.626168,0.62,0.59,0.59434,0.595745,0.652174,0.509259,0.594059,0.606061,0.648936,0.566038,0.612903,0.626168,0.625,0.519231,0.605769,0.625,0.494845,0.631068,0.694444,0.586957,0.625,0.615385,0.597701,0.59292,0.683168,0.545455,0.584158,0.767677,0.586957,0.675926,0.623762,0.646465,0.607843,0.561224,0.573034,0.621622,0.698113,0.606383,0.633663,0.636364,0.577778,0.581818,0.604167,0.557692,0.679245,0.542553,0.586538,0.666667,0.585859,0.633663,0.673077,0.625,0.597938,0.679612,0.741573,0.540541,0.56383,0.566038,0.590476,0.536842,0.657407,0.619565,0.670103,0.669903,
64400,0.638095,0.673684,0.575472,0.617021,0.656566,0.584158,0.65,0.54,0.613861,0.686869,0.54,0.64,0.488636,0.625,0.571429,0.686275,0.63964,0.651685,0.653061,0.686275,0.612903,0.616822,0.59375,0.634615,0.563107,0.649485,0.58,0.63,0.568627,0.693878,0.626374,0.587156,0.673267,0.585859,0.645161,0.560748,0.604167,0.557692,0.666667,0.629213,0.632075,0.574468,0.705882,0.612245,0.485714,0.578947,0.590476,0.589474,0.694737,0.647619,0.628866,0.563107,0.655172,0.681416,0.67619,0.642105,0.605505,0.582418,0.626263,0.653465,0.629213,0.576577,0.643678,0.584071,0.49,0.59,0.505051,0.60396,0.639175,0.601942,0.510417,0.586538,0.546296,0.652174,0.603604,0.606742,0.605263,0.72093,0.483871,0.588785,0.626263,0.60396,0.653846,0.614583,0.643564,0.666667,0.658824,0.608696,0.662921,0.603604,0.574257,0.666667,0.58,0.5,0.52381,0.684211,0.663158,0.638095,0.607477,0.569892,
64600,0.69697,0.653465,0.578947,0.561905,0.648352,0.605505,0.462264,0.691489,0.673267,0.575758,0.740385,0.65625,0.649485,0.543689,0.647619,0.621053,0.647619,0.642105,0.59375,0.653846,0.552941,0.634783,0.698276,0.559524,0.596154,0.59375,0.555556,0.564356,0.692308,0.510417,0.521739,0.675926,0.504505,0.595506,0.63,0.53,0.635514,0.612903,0.62766,0.716981,0.555556,0.663366,0.669903,0.701031,0.56,0.69,0.63964,0.573034,0.576577,0.595506,0.582524,0.680412,0.623853,0.582418,0.634615,0.625,0.634615,0.5625,0.582524,0.56701,0.554455,0.555556,0.632075,0.734043,0.505263,0.571429,0.666667,0.615385,0.542857,0.578947,0.537736,0.702128,0.574468,0.613208,0.641304,0.657407,0.606383,0.613208,0.677083,0.576923,0.566038,0.553191,0.576087,0.583333,0.634615,0.65625,0.644444,0.663636,0.6,0.628571,0.642105,0.6,0.621359,0.556701,0.645161,0.542056,0.642857,0.666667,0.553398,0.618557,
64800,0.625,0.5625,0.633929,0.511364,0.588889,0.718182,0.575472,0.659574,0.654867,0.586207,0.591398,0.682243,0.555556,0.663043,0.590476,0.589474,0.56701,0.572816,0.587629,0.679612,0.592233,0.618557,0.613861,0.606061,0.681416,0.632184,0.621053,0.590476,0.694737,0.666667,0.607477,0.72043,0.527473,0.669725,0.60396,0.676768,0.654867,0.655172,0.457143,0.568421,0.57,0.66,0.574074,0.586957,0.613208,0.542553,0.634615,0.635417,0.548077,0.645833,0.615385,0.633028,0.541667,0.692308,0.669643,0.670455,0.666667,0.547368,0.633663,0.565657,0.521277,0.613208,0.644444,0.690909,0.576087,0.62037,0.631579,0.561905,0.594059,0.555556,0.613861,0.606061,0.6,0.638095,0.55,0.65,0.622449,0.578431,0.656566,0.613861,0.59375,0.625,0.516129,0.560748,0.53,0.58,0.640777,0.597938,0.597826,0.546296,0.435185,0.597826,0.58,0.57,0.617647,0.530612,0.639175,0.61165,0.653465,0.606061,
65000,0.590476,0.631579,0.688073,0.571429,0.638298,0.650943,0.560748,0.655914,0.717647,0.573913,0.534091,0.660714,0.62,0.64,0.574713,0.637168,0.588235,0.581633,0.651786,0.625,0.642202,0.615385,0.583333,0.653846,0.585586,0.573034,0.580357,0.659091,0.673913,0.583333,0.558824,0.581633,0.580645,0.64486,0.636364,0.524752,0.588235,0.571429,0.666667,0.715789,0.69697,0.564356,0.591837,0.558824,0.597826,0.638889,0.621053,0.704762,0.655462,0.567901,0.67,0.67,0.633929,0.579545,0.660194,0.680412,0.636364,0.544643,0.514286,0.6,0.609091,0.522222,0.515152,0.653465,0.60396,0.575758,0.57732,0.572816,0.598039,0.653061,0.631068,0.608247,0.603604,0.674157,0.704082,0.647059,0.632653,0.637255,0.682243,0.612903,0.524272,0.608247,0.556701,0.543689,0.673077,0.520833,0.572816,0.484536,0.564356,0.707071,0.565657,0.623762,0.594059,0.656566,0.603774,0.606383,0.686869,0.633663,0.537736,0.638298,
65200,0.580247,0.537815,0.638095,0.568421,0.673684,0.714286,0.566667,0.6,0.635417,0.634615,0.59633,0.736264,0.597826,0.555556,0.649123,0.593023,0.59375,0.625,0.650485,0.608247,0.648148,0.532609,0.604167,0.634615,0.610526,0.6,0.517241,0.539823,0.616162,0.554455,0.533333,0.673684,0.617647,0.642857,0.546392,0.679612,0.555556,0.514851,0.650485,0.71134,0.587629,0.553398,0.5,0.627273,0.58,0.66,0.617021,0.641509,0.63,0.71,0.695238,0.652632,0.612245,0.607843,0.712963,0.75,0.556604,0.606383,0.557692,0.583333,0.53125,0.576923,0.619469,0.735632,0.533981,0.680412,0.647059,0.581633,0.461538,0.587156,0.616162,0.574257,0.578947,0.571429,0.584906,0.595745,0.581197,0.590361,0.625,0.666667,0.463636,0.577778,0.524272,0.505155,0.684783,0.62963,0.619048,0.557895,0.625,0.5625,0.5625,0.557692,0.539216,0.489796,0.555556,0.653465,0.587719,0.662791,0.646465,0.693069,
65400,0.647727,0.696429,0.588235,0.55102,0.531915,0.613208,0.606383,0.54717,0.690722,0.640777,0.626168,0.623656,0.460784,0.653061,0.565657,0.594059,0.71134,0.563107,0.639175,0.572816,0.576087,0.601852,0.489583,0.625,0.642202,0.604396,0.642105,0.609524,0.646018,0.62069,0.56383,0.735849,0.561224,0.676471,0.628866,0.572816,0.596154,0.552083,0.555556,0.643564,0.673077,0.541667,0.645833,0.557692,0.563107,0.680412,0.59375,0.673077,0.676471,0.591837,0.639175,0.650485,0.585859,0.663366,0.559633,0.626374,0.581633,0.666667,0.542857,0.578947,0.611111,0.581818,0.693878,0.598039,0.53,0.57,0.510204,0.578431,0.480392,0.591837,0.573034,0.576577,0.621053,0.533333,0.630435,0.537037,0.59,0.63,0.597826,0.592593,0.556701,0.543689,0.598131,0.591398,0.639175,0.533981,0.638889,0.608696,0.632653,0.588235,0.545455,0.577778,0.638655,0.604938,0.617021,0.669811,0.645833,0.759615,0.563107,0.546392,
65600,0.656566,0.70297,0.526316,0.488372,0.61,0.62,0.659341,0.669725,0.684783,0.657407,0.536842,0.638095,0.570093,0.612903,0.591398,0.551402,0.59596,0.643564,0.514851,0.606061,0.584906,0.595745,0.647619,0.589474,0.529412,0.561224,0.648148,0.445652,0.583333,0.576087,0.613861,0.515152,0.641509,0.553191,0.657895,0.511628,0.659574,0.603774,0.685714,0.715789,0.62766,0.5,0.694444,0.619565,0.526316,0.533333,0.625,0.634615,0.716981,0.62766,0.72043,0.616822,0.59596,0.633663,0.661157,0.607595,0.602041,0.598039,0.535714,0.534091,0.62069,0.663717,0.628319,0.574713,0.628866,0.495146,0.581818,0.577778,0.630435,0.537037,0.673267,0.626263,0.688073,0.56044,0.63,0.63,0.632075,0.62766,0.628571,0.547368,0.561224,0.607843,0.625,0.663462,0.652632,0.552381,0.566038,0.606383,0.625,0.673077,0.660194,0.608247,0.607477,0.569892,0.663636,0.511111,0.662921,0.675676,0.625,0.663462,
65800,0.648148,0.619565,0.666667,0.663265,0.590476,0.642105,0.579545,0.580357,0.693182,0.651786,0.586957,0.703704,0.61165,0.556701,0.591398,0.579439,0.6,0.545455,0.637255,0.653061,0.614583,0.596154,0.582524,0.649485,0.582418,0.605505,0.585859,0.475248,0.644444,0.509091,0.610526,0.457143,0.66,0.62,0.525773,0.660194,0.575758,0.534653,0.505051,0.613861,0.598131,0.655914,0.669643,0.568182,0.544554,0.59596,0.634615,0.572917,0.642105,0.628571,0.63,0.69,0.585586,0.640449,0.643564,0.606061,0.626263,0.683168,0.52,0.63,0.610526,0.609524,0.57,0.63,0.591837,0.598039,0.626374,0.642202,0.546392,0.572816,0.533333,0.663158,0.568627,0.469388,0.628571,0.578947,0.552083,0.519231,0.695652,0.682353,0.619048,0.557895,0.617647,0.632653,0.637255,0.642857,0.585106,0.575472,0.611111,0.641304,0.623762,0.525253,0.536842,0.552381,0.638655,0.62963,0.632075,0.606383,0.547619,0.603448,
66000,0.626374,0.605505,0.650602,0.606838,0.635514,0.580645,0.636364,0.653465,0.70297,0.626263,0.642857,0.578431,0.59434,0.553191,0.632184,0.610619,0.539216,0.673469,0.528302,0.638298,0.632184,0.654867,0.633333,0.563636,0.602273,0.669643,0.648352,0.688073,0.633028,0.736264,0.59375,0.625,0.582418,0.688073,0.609524,0.557895,0.735294,0.591837,0.656863,0.632653,0.674157,0.657658,0.602041,0.617647,0.564815,0.586957,0.579545,0.696429,0.57,0.64,0.643564,0.656566,0.647059,0.622449,0.622222,0.681818,0.615385,0.541667,0.485149,0.555556,0.53,0.63,0.590476,0.631579,0.56,0.6,0.677083,0.557692,0.584158,0.666667,0.60396,0.59596,0.642105,0.504762,0.479167,0.596154,0.634615,0.614583,0.66,0.58,0.64,0.68,0.490385,0.5625,0.644444,0.5,0.545455,0.564356,0.602041,0.686275,0.521739,0.564815,0.625,0.552083,0.597701,0.60177,0.650485,0.742268,0.64,0.6,
66200,0.70297,0.545455,0.734694,0.578431,0.576923,0.6875,0.613208,0.670213,0.72449,0.568627,0.674157,0.702703,0.580645,0.523364,0.646465,0.534653,0.602041,0.637255,0.647059,0.755102,0.692308,0.552083,0.666667,0.684783,0.635417,0.721154,0.663043,0.611111,0.602151,0.616822,0.596154,0.6875,0.55102,0.578431,0.572816,0.56701,0.557895,0.647619,0.6,0.6,0.617021,0.575472,0.6875,0.634615,0.55,0.64,0.698925,0.700935,0.556604,0.62766,0.633663,0.656566,0.631068,0.556701,0.553398,0.680412,0.545455,0.623762,0.6875,0.625,0.591837,0.529412,0.520408,0.578431,0.659574,0.650943,0.7,0.572727,0.693069,0.616162,0.585859,0.623762,0.536364,0.588889,0.617978,0.63964,0.573913,0.670588,0.626263,0.60396,0.551402,0.623656,0.553191,0.622642,0.635514,0.580645,0.584906,0.595745,0.554348,0.62963,0.616162,0.564356,0.689655,0.530973,0.550562,0.558559,0.619469,0.632184,0.601942,0.597938,
66400,0.638889,0.51087,0.680412,0.572816,0.54023,0.681416,0.591837,0.676471,0.669811,0.585106,0.612903,0.616822,0.5,0.51087,0.618182,0.6,0.631068,0.587629,0.647059,0.622449,0.54902,0.693878,0.649485,0.68932,0.615385,0.666667,0.581633,0.490196,0.582524,0.56701,0.575472,0.691489,0.547368,0.685714,0.663158,0.609524,0.591398,0.560748,0.685714,0.568421,0.615385,0.65625,0.619469,0.54023,0.520408,0.627451,0.657407,0.630435,0.64,0.56,0.663636,0.666667,0.653061,0.578431,0.663462,0.645833,0.612245,0.598039,0.526786,0.613636,0.67619,0.578947,0.589474,0.609524,0.518868,0.648936,0.569892,0.626168,0.552941,0.565217,0.508772,0.523256,0.555556,0.613861,0.609524,0.652632,0.650943,0.680851,0.6875,0.583333,0.572917,0.548077,0.489583,0.653846,0.602273,0.5625,0.638889,0.706522,0.552083,0.673077,0.582524,0.628866,0.623762,0.565657,0.51,0.54,0.659574,0.641509,0.565657,0.633663,
66600,0.677083,0.682692,0.608247,0.582524,0.526316,0.580952,0.557692,0.59375,0.685185,0.608696,0.577236,0.61039,0.614679,0.538462,0.616071,0.670455,0.705882,0.561224,0.657407,0.652174,0.650485,0.639175,0.653061,0.54902,0.525773,0.621359,0.604938,0.521008,0.556701,0.640777,0.613208,0.659574,0.602041,0.617647,0.685714,0.568421,0.589474,0.6,0.580645,0.570093,0.56,0.66,0.650943,0.595745,0.568182,0.571429,0.679612,0.690722,0.540816,0.617647,0.657407,0.619565,0.613636,0.535714,0.58,0.64,0.616071,0.625,0.586538,0.6875,0.566667,0.709091,0.577778,0.654545,0.602151,0.654206,0.630631,0.629213,0.553191,0.622642,0.611111,0.684783,0.55914,0.551402,0.571429,0.647059,0.578947,0.616279,0.530612,0.490196,0.536082,0.631068,0.59,0.67,0.592233,0.56701,0.528846,0.5,0.62963,0.597826,0.526316,0.552381,0.543478,0.5,0.585106,0.490566,0.67,0.65,0.632075,0.755319,
66800,0.583333,0.565217,0.595745,0.603774,0.650485,0.701031,0.699029,0.628866,0.676768,0.643564,0.59375,0.663462,0.659091,0.535714,0.602273,0.589286,0.564356,0.545455,0.613861,0.616162,0.658537,0.610169,0.6,0.67,0.681319,0.633028,0.721154,0.520833,0.696429,0.545455,0.6,0.5,0.588235,0.632653,0.64486,0.612903,0.66,0.58,0.672727,0.533333,0.655556,0.609091,0.714286,0.547368,0.583333,0.625,0.607477,0.698925,0.544554,0.636364,0.642105,0.695238,0.694737,0.619048,0.56044,0.66055,0.66,0.64,0.5625,0.605769,0.589474,0.571429,0.51,0.6,0.5625,0.647727,0.637255,0.581633,0.606742,0.621622,0.509615,0.583333,0.66,0.62,0.49505,0.646465,0.520833,0.692308,0.68932,0.546392,0.71134,0.582524,0.567308,0.59375,0.698795,0.623932,0.542056,0.602151,0.617647,0.571429,0.649485,0.61165,0.648148,0.543478,0.578947,0.619048,0.628866,0.679612,0.684211,0.657143,
67000,0.663265,0.568627,0.545455,0.633333,0.647059,0.642857,0.59,0.64,0.647619,0.568421,0.666667,0.550562,0.520408,0.598039,0.558559,0.606742,0.637255,0.642857,0.679245,0.606383,0.514286,0.642105,0.581633,0.607843,0.691489,0.641509,0.697248,0.648352,0.623762,0.626263,0.574074,0.608696,0.6,0.589474,0.628866,0.514563,0.719626,0.55914,0.556701,0.601942,0.594595,0.606742,0.652174,0.694118,0.534653,0.626263,0.607843,0.5,0.628866,0.708738,0.64486,0.612903,0.52381,0.594828,0.640777,0.659794,0.728261,0.601852,0.558824,0.734694,0.627451,0.622449,0.538462,0.635417,0.582418,0.504587,0.525253,0.594059,0.67,0.61,0.56383,0.518868,0.542553,0.528302,0.654545,0.633333,0.585106,0.613208,0.700935,0.591398,0.59596,0.663366,0.577982,0.615385,0.693069,0.585859,0.627451,0.632653,0.638095,0.610526,0.563107,0.587629,0.597938,0.533981,0.586538,0.583333,0.463918,0.747573,0.612903,0.514019,
67200,0.655172,0.488095,0.591837,0.558824,0.569767,0.622807,0.534483,0.535714,0.623762,0.626263,0.644231,0.635417,0.57,0.61,0.572917,0.576923,0.59434,0.617021,0.607843,0.561224,0.582418,0.697248,0.68,0.68,0.604651,0.45614,0.621359,0.639175,0.690722,0.563107,0.596154,0.5625,0.659794,0.553398,0.719626,0.516129,0.675676,0.52809,0.542056,0.666667,0.635417,0.548077,0.628571,0.589474,0.592593,0.565217,0.628571,0.726316,0.663366,0.575758,0.524752,0.69697,0.669811,0.542553,0.621359,0.587629,0.69697,0.633663,0.638095,0.547368,0.608247,0.504854,0.623656,0.64486,0.616162,0.574257,0.585106,0.584906,0.619048,0.547368,0.51,0.6,0.613208,0.56383,0.604167,0.634615,0.666667,0.543478,0.651786,0.545455,0.495327,0.655914,0.525253,0.693069,0.685393,0.630631,0.578431,0.622449,0.618182,0.688889,0.67033,0.59633,0.572917,0.682692,0.686275,0.612245,0.7,0.56,0.528302,0.531915,
67400,0.663158,0.628571,0.590476,0.536842,0.605263,0.674419,0.564356,0.59596,0.614583,0.596154,0.522936,0.593407,0.6,0.522222,0.670213,0.622642,0.690265,0.528736,0.582524,0.628866,0.54717,0.659574,0.605769,0.635417,0.663158,0.666667,0.647059,0.683673,0.68,0.71,0.554545,0.644444,0.639175,0.592233,0.663551,0.55914,0.7,0.545455,0.678899,0.637363,0.615385,0.605505,0.634783,0.552941,0.59375,0.673077,0.6,0.619048,0.581197,0.638554,0.605769,0.53125,0.676471,0.55102,0.587629,0.68932,0.631068,0.587629,0.588235,0.622449,0.606383,0.509434,0.593407,0.59633,0.527273,0.6,0.622807,0.651163,0.555556,0.653465,0.510204,0.627451,0.691489,0.584906,0.6,0.64,0.653465,0.59596,0.738739,0.617978,0.634615,0.489583,0.626263,0.584158,0.642857,0.681818,0.556701,0.61165,0.578947,0.542857,0.576923,0.583333,0.605505,0.571429,0.639175,0.495146,0.594595,0.696629,0.717172,0.643564,
67600,0.542857,0.715789,0.607595,0.520661,0.554455,0.565657,0.688679,0.553191,0.641304,0.583333,0.571429,0.598039,0.63964,0.561798,0.572917,0.644231,0.60396,0.59596,0.647619,0.621053,0.715789,0.580952,0.59,0.62,0.634409,0.616822,0.60396,0.525253,0.590909,0.666667,0.539216,0.673469,0.666667,0.663462,0.580952,0.631579,0.604167,0.586538,0.53125,0.519231,0.59375,0.634615,0.632653,0.617647,0.5,0.44,0.59375,0.586538,0.626263,0.712871,0.555556,0.630435,0.525253,0.633663,0.630435,0.546296,0.616162,0.574257,0.548077,0.53125,0.596154,0.552083,0.576471,0.565217,0.623762,0.636364,0.542553,0.584906,0.602151,0.579439,0.524752,0.575758,0.663366,0.525253,0.654206,0.602151,0.63,0.6,0.72043,0.579439,0.56383,0.632075,0.57732,0.68932,0.663793,0.666667,0.606061,0.693069,0.555556,0.627273,0.514286,0.547368,0.608247,0.514563,0.597701,0.513274,0.7,0.65,0.622449,0.647059,
67800,0.737864,0.56701,0.578431,0.459184,0.616822,0.645161,0.617021,0.698113,0.560748,0.634409,0.546392,0.640777,0.542553,0.481132,0.544304,0.561983,0.702128,0.59434,0.693878,0.598039,0.626374,0.587156,0.509259,0.619565,0.552083,0.605769,0.586538,0.552083,0.733945,0.56044,0.557692,0.614583,0.625,0.682692,0.695238,0.536842,0.629213,0.621622,0.688172,0.523364,0.659794,0.669903,0.737374,0.60396,0.565217,0.576471,0.612069,0.714286,0.70297,0.545455,0.568421,0.657143,0.574468,0.622642,0.704762,0.610526,0.616822,0.569892,0.584158,0.585859,0.625,0.613636,0.535354,0.584158,0.595745,0.688679,0.626168,0.548387,0.6,0.571429,0.483871,0.663551,0.572816,0.618557,0.697674,0.657895,0.636364,0.508929,0.650485,0.546392,0.594595,0.573034,0.554455,0.59596,0.666667,0.572727,0.602041,0.588235,0.575758,0.623762,0.646465,0.534653,0.577982,0.56044,0.560748,0.516129,0.607843,0.55102,0.669725,0.703297,
68000,0.625,0.625,0.730337,0.630631,0.6,0.657143,0.597826,0.5,0.643564,0.606061,0.622449,0.578431,0.637255,0.612245,0.557522,0.586207,0.623762,0.585859,0.660194,0.639175,0.703704,0.638655,0.65625,0.740385,0.591837,0.578431,0.554455,0.555556,0.47191,0.63964,0.524752,0.646465,0.50495,0.686869,0.554348,0.675926,0.583333,0.597826,0.546296,0.630435,0.6,0.621053,0.566667,0.645455,0.663265,0.617647,0.636364,0.6,0.720721,0.595506,0.67619,0.642105,0.622449,0.607843,0.646465,0.623762,0.641509,0.595745,0.53125,0.586538,0.554455,0.515152,0.566372,0.551724,0.577982,0.714286,0.619048,0.536842,0.623762,0.59596,0.537037,0.728261,0.684211,0.571429,0.714286,0.642105,0.528846,0.625,0.655172,0.575221,0.6,0.64,0.59596,0.613861,0.522936,0.549451,0.563107,0.556701,0.556701,0.61165,0.559633,0.593407,0.634409,0.504673,0.595745,0.45283,0.574468,0.603774,0.632075,0.638298,
68200,0.659574,0.603774,0.552083,0.567308,0.556604,0.542553,0.514286,0.652632,0.680412,0.660194,0.525253,0.623762,0.597938,0.572816,0.590909,0.633333,0.521277,0.566038,0.722772,0.676768,0.672727,0.7,0.541667,0.663462,0.622642,0.680851,0.630631,0.58427,0.647059,0.602041,0.66,0.63,0.587629,0.601942,0.584158,0.555556,0.628866,0.660194,0.622642,0.62766,0.71134,0.621359,0.69,0.53,0.601852,0.652174,0.697917,0.605769,0.556701,0.679612,0.737374,0.623762,0.67619,0.6,0.62,0.7,0.647619,0.547368,0.619469,0.586207,0.636364,0.574257,0.514851,0.686869,0.514019,0.677419,0.638095,0.621053,0.632653,0.617647,0.61,0.53,0.520833,0.644231,0.663551,0.580645,0.62,0.6,0.707547,0.595745,0.543478,0.583333,0.5,0.712766,0.623762,0.626263,0.588785,0.494624,0.625,0.604167,0.537634,0.495327,0.489362,0.537736,0.607843,0.612245,0.590164,0.576923,0.738636,0.625,
68400,0.621622,0.494382,0.623762,0.575758,0.602151,0.616822,0.561224,0.607843,0.69,0.54,0.56701,0.621359,0.615385,0.605505,0.654545,0.6,0.642105,0.590476,0.591837,0.607843,0.634409,0.560748,0.617021,0.575472,0.61,0.65,0.663717,0.563218,0.663158,0.6,0.6,0.59,0.541667,0.596154,0.564356,0.545455,0.537634,0.53271,0.589474,0.666667,0.67,0.69,0.6,0.55,0.5,0.681818,0.666667,0.609091,0.67,0.57,0.6,0.57,0.5625,0.647727,0.607843,0.581633,0.686441,0.658537,0.616822,0.612903,0.64,0.62,0.6,0.666667,0.631068,0.618557,0.690722,0.553398,0.574468,0.660377,0.645455,0.588889,0.598131,0.44086,0.64,0.6,0.607477,0.55914,0.633663,0.525253,0.635593,0.585366,0.504673,0.580645,0.66,0.58,0.588235,0.581633,0.57,0.68,0.594595,0.617978,0.601942,0.639175,0.666667,0.663636,0.611765,0.66087,0.618557,0.650485,
68600,0.632653,0.5,0.587156,0.582418,0.594059,0.656566,0.6,0.645455,0.652174,0.6,0.617647,0.653061,0.634615,0.635417,0.67033,0.59633,0.683761,0.542169,0.696429,0.636364,0.651685,0.576577,0.657895,0.523256,0.556604,0.56383,0.576087,0.555556,0.632653,0.647059,0.557377,0.666667,0.576577,0.685393,0.659794,0.582524,0.584906,0.691489,0.659794,0.679612,0.651376,0.549451,0.657407,0.51087,0.543689,0.56701,0.56701,0.601942,0.642105,0.52381,0.626263,0.574257,0.647059,0.602041,0.673684,0.609524,0.680851,0.575472,0.540816,0.607843,0.560976,0.576271,0.64486,0.623656,0.574074,0.619565,0.684783,0.574074,0.586538,0.625,0.583333,0.596154,0.563107,0.628866,0.589474,0.571429,0.584158,0.616162,0.66055,0.461538,0.534653,0.555556,0.494624,0.588785,0.618182,0.566667,0.592233,0.618557,0.486486,0.58427,0.633663,0.585859,0.573913,0.588235,0.614679,0.571429,0.647727,0.589286,0.645455,0.566667,
68800,0.62,0.6,0.575221,0.586207,0.633663,0.707071,0.6,0.580952,0.737864,0.628866,0.613861,0.616162,0.571429,0.559633,0.656863,0.581633,0.717391,0.546296,0.57732,0.708738,0.485714,0.578947,0.532609,0.62963,0.53125,0.625,0.585859,0.574257,0.575472,0.595745,0.520833,0.557692,0.577982,0.593407,0.672727,0.577778,0.550562,0.540541,0.583333,0.740385,0.613861,0.646465,0.582524,0.618557,0.551724,0.699115,0.557692,0.552083,0.573034,0.630631,0.619048,0.642105,0.565657,0.584158,0.677778,0.590909,0.616822,0.698925,0.565657,0.60396,0.582524,0.56701,0.635514,0.741935,0.615385,0.587156,0.612245,0.607843,0.55102,0.617647,0.510638,0.584906,0.614583,0.596154,0.641304,0.583333,0.701149,0.637168,0.601852,0.565217,0.681319,0.642202,0.673684,0.590476,0.585859,0.50495,0.66055,0.604396,0.647059,0.540816,0.52439,0.567797,0.546296,0.576087,0.55102,0.647059,0.632653,0.637255,0.605505,0.725275,
69000,0.65625,0.615385,0.58427,0.513514,0.669903,0.618557,0.561905,0.578947,0.72093,0.605263,0.608696,0.583333,0.666667,0.536364,0.580357,0.647727,0.634615,0.552083,0.526316,0.714286,0.530612,0.558824,0.565657,0.623762,0.590909,0.611111,0.554455,0.525253,0.573034,0.612613,0.613861,0.666667,0.481481,0.641304,0.586538,0.604167,0.649123,0.639535,0.695238,0.663158,0.504673,0.645161,0.629032,0.552632,0.575758,0.663366,0.590476,0.652632,0.595506,0.612613,0.657143,0.610526,0.607143,0.511364,0.73913,0.666667,0.59434,0.680851,0.643564,0.555556,0.59,0.51,0.623529,0.678261,0.59292,0.689655,0.603774,0.62766,0.621622,0.674157,0.51,0.61,0.569892,0.607477,0.685185,0.663043,0.594059,0.676768,0.645833,0.586538,0.697248,0.527473,0.526316,0.55814,0.625,0.557692,0.576271,0.634146,0.564815,0.565217,0.61,0.58,0.605769,0.635417,0.6,0.552381,0.6,0.6,0.752688,0.700935,
69200,0.623529,0.469565,0.614679,0.483516,0.686275,0.581633,0.616162,0.673267,0.637255,0.683673,0.623762,0.555556,0.611111,0.608696,0.62,0.59,0.663158,0.619048,0.601942,0.618557,0.663158,0.628571,0.723404,0.537736,0.570093,0.677419,0.708333,0.548077,0.610526,0.552381,0.56701,0.572816,0.556701,0.601942,0.64486,0.548387,0.631068,0.56701,0.611111,0.543478,0.647619,0.578947,0.660194,0.474227,0.545455,0.616071,0.621849,0.506173,0.552381,0.621053,0.704762,0.6,0.593407,0.614679,0.520408,0.666667,0.681818,0.555556,0.576923,0.541667,0.655556,0.545455,0.6,0.71,0.622642,0.702128,0.670213,0.443396,0.566038,0.648936,0.495146,0.628866,0.612245,0.568627,0.565657,0.643564,0.636364,0.643564,0.56,0.59,0.592593,0.706522,0.552941,0.652174,0.658537,0.550847,0.57732,0.640777,0.565657,0.564356,0.581818,0.511111,0.57,0.61,0.571429,0.568421,0.566038,0.723404,0.656863,0.571429,
69400,0.684783,0.62037,0.659574,0.632075,0.625,0.605769,0.589474,0.666667,0.709302,0.649123,0.553398,0.556701,0.62,0.53,0.617978,0.666667,0.683673,0.617647,0.615385,0.541284,0.6,0.6,0.588889,0.6,0.608247,0.669903,0.644444,0.6,0.597938,0.446602,0.471154,0.604167,0.591837,0.490196,0.521277,0.575472,0.617021,0.632075,0.663043,0.62037,0.485981,0.645161,0.524272,0.57732,0.509091,0.566667,0.700935,0.688172,0.59596,0.70297,0.59322,0.597561,0.592233,0.701031,0.675926,0.619565,0.68,0.67,0.560748,0.602151,0.642105,0.561905,0.65,0.6,0.612903,0.682243,0.588889,0.536364,0.582524,0.608247,0.481818,0.511111,0.608696,0.517647,0.695652,0.564815,0.568627,0.561224,0.655172,0.575221,0.625,0.576923,0.55102,0.696078,0.679245,0.553191,0.56701,0.660194,0.653465,0.626263,0.567308,0.71875,0.613636,0.598214,0.593407,0.577982,0.623656,0.64486,0.568421,0.571429,
69600,0.67,0.55,0.654206,0.537634,0.575472,0.606383,0.63964,0.662921,0.626374,0.504587,0.537634,0.700935,0.565657,0.633663,0.623656,0.635514,0.639175,0.640777,0.554455,0.646465,0.670588,0.547826,0.578947,0.609524,0.627451,0.683673,0.583333,0.634615,0.670588,0.669565,0.616162,0.613861,0.551724,0.690265,0.635417,0.615385,0.556701,0.601942,0.554455,0.686869,0.617647,0.663265,0.602273,0.517857,0.54,0.61,0.604651,0.657895,0.656566,0.574257,0.714286,0.534091,0.703297,0.669725,0.701149,0.663717,0.69,0.66,0.618557,0.582524,0.670588,0.617391,0.6,0.652632,0.579439,0.634409,0.617647,0.581633,0.525253,0.613861,0.548077,0.635417,0.679612,0.536082,0.627451,0.612245,0.634615,0.635417,0.605769,0.53125,0.659341,0.568807,0.557522,0.643678,0.632653,0.568627,0.59,0.61,0.534653,0.616162,0.548387,0.616822,0.669903,0.56701,0.527473,0.642202,0.680412,0.650485,0.54902,0.683673,
69800,0.670103,0.669903,0.62037,0.652174,0.578431,0.653061,0.603604,0.662921,0.669903,0.57732,0.642857,0.613636,0.588785,0.548387,0.66,0.61,0.637255,0.571429,0.605505,0.703297,0.538462,0.614583,0.632653,0.715686,0.505051,0.594059,0.647619,0.642105,0.54717,0.659574,0.546296,0.576087,0.510417,0.615385,0.653846,0.65625,0.699029,0.56701,0.61,0.7,0.540816,0.539216,0.632653,0.519608,0.585366,0.584746,0.62766,0.603774,0.659794,0.563107,0.61,0.6,0.554455,0.555556,0.632075,0.659574,0.654545,0.711111,0.490566,0.648936,0.543478,0.472222,0.695652,0.62963,0.595506,0.648649,0.586957,0.564815,0.5625,0.653846,0.536842,0.571429,0.530612,0.607843,0.697917,0.692308,0.514019,0.537634,0.612903,0.607477,0.52,0.57,0.473118,0.616822,0.611111,0.684783,0.642857,0.5,0.532609,0.638889,0.585586,0.617978,0.62766,0.528302,0.53,0.55,0.605769,0.666667,0.6,0.704762,
70000,0.660714,0.590909,0.594059,0.636364,0.55102,0.745098,0.625,0.598214,0.695652,0.62963,0.640777,0.71134,0.680851,0.632075,0.62963,0.586957,0.678899,0.593407,0.617978,0.666667,0.613861,0.656566,0.695652,0.611111,0.619048,0.526316,0.552083,0.653846,0.68,0.64,0.644231,0.552083,0.574713,0.637168,0.604167,0.653846,0.663265,0.539216,0.515789,0.590476,0.534483,0.595238,0.630435,0.546296,0.55102,0.588235,0.575758,0.613861,0.666667,0.542169,0.6,0.57,0.591398,0.598131,0.559633,0.681319,0.52,0.66,0.569892,0.579439,0.661017,0.54878,0.580357,0.681818,0.622449,0.539216,0.62,0.59,0.57,0.58,0.531532,0.52809,0.576923,0.5,0.681416,0.632184,0.649573,0.578313,0.63,0.62,0.6,0.6,0.62069,0.583333,0.659794,0.563107,0.618557,0.679612,0.553191,0.518868,0.609524,0.684211,0.586957,0.583333,0.511628,0.561404,0.646465,0.633663,0.57,0.62,
70200,0.568421,0.628571,0.582609,0.588235,0.495146,0.57732,0.571429,0.598039,0.647619,0.578947,0.647619,0.6,0.579439,0.580645,0.57732,0.699029,0.568421,0.561905,0.744186,0.640351,0.673469,0.588235,0.584158,0.555556,0.493976,0.598291,0.669903,0.639175,0.644231,0.6875,0.65,0.66,0.670213,0.613208,0.742574,0.575758,0.734043,0.5,0.572917,0.490385,0.571429,0.663158,0.628571,0.578947,0.574468,0.650943,0.61,0.64,0.762376,0.626263,0.784314,0.612245,0.627451,0.612245,0.61,0.62,0.626374,0.568807,0.474138,0.5,0.622449,0.598039,0.650943,0.606383,0.638095,0.621053,0.540816,0.617647,0.48,0.63,0.585859,0.653465,0.522222,0.609091,0.666667,0.638554,0.64486,0.55914,0.59596,0.594059,0.521739,0.685185,0.666667,0.732673,0.656863,0.591837,0.621053,0.571429,0.59633,0.615385,0.672897,0.548387,0.580952,0.610526,0.547368,0.619048,0.610526,0.619048,0.639175,0.631068,
70400,0.634409,0.542056,0.592233,0.536082,0.708738,0.618557,0.582418,0.642202,0.676768,0.564356,0.550459,0.582418,0.597701,0.610619,0.585859,0.633663,0.509804,0.571429,0.686869,0.613861,0.555556,0.654545,0.553191,0.632075,0.608247,0.582524,0.59434,0.574468,0.672897,0.666667,0.585106,0.528302,0.654206,0.623656,0.666667,0.602041,0.622449,0.588235,0.571429,0.694737,0.538462,0.550459,0.628866,0.563107,0.63,0.54,0.724138,0.566372,0.684685,0.674157,0.576923,0.635417,0.522222,0.481818,0.705263,0.619048,0.572727,0.544444,0.616162,0.623762,0.673267,0.535354,0.490566,0.691489,0.625,0.677083,0.584906,0.595745,0.598039,0.602041,0.557692,0.59375,0.51,0.61,0.632075,0.638298,0.701031,0.572816,0.560748,0.537634,0.663366,0.636364,0.536082,0.543689,0.65625,0.548077,0.619565,0.527778,0.574468,0.5,0.554348,0.555556,0.643564,0.575758,0.540816,0.627451,0.505376,0.626168,0.579545,0.75,
70600,0.647727,0.517857,0.604651,0.622807,0.623656,0.551402,0.59596,0.594059,0.652174,0.62037,0.596154,0.572917,0.526316,0.580952,0.622449,0.607843,0.535088,0.651163,0.585106,0.660377,0.659794,0.61165,0.654762,0.62931,0.574074,0.608696,0.608247,0.61165,0.701031,0.660194,0.623762,0.606061,0.55,0.61,0.609091,0.655556,0.608696,0.601852,0.674419,0.666667,0.588235,0.626087,0.648936,0.660377,0.576923,0.583333,0.676471,0.55102,0.529412,0.673469,0.608247,0.504854,0.526316,0.561905,0.694737,0.619048,0.738318,0.677419,0.626263,0.584158,0.589474,0.6,0.544554,0.59596,0.6,0.525,0.598039,0.510204,0.612245,0.637255,0.578431,0.540816,0.548673,0.551724,0.621359,0.56701,0.62963,0.641304,0.706522,0.555556,0.645833,0.586538,0.625,0.644231,0.666667,0.534653,0.59375,0.576923,0.669903,0.57732,0.557895,0.6,0.636364,0.524752,0.579439,0.655914,0.572727,0.666667,0.657143,0.557895,
70800,0.574468,0.632075,0.686047,0.570175,0.56383,0.650943,0.598131,0.623656,0.742268,0.514563,0.526882,0.682243,0.655914,0.738318,0.604651,0.578947,0.647727,0.580357,0.622642,0.606383,0.57732,0.621359,0.656566,0.574257,0.604938,0.579832,0.612245,0.5,0.582524,0.639175,0.652174,0.648148,0.559633,0.637363,0.63,0.62,0.62963,0.478261,0.515152,0.554455,0.608247,0.669903,0.519608,0.591837,0.475248,0.666667,0.719101,0.603604,0.712871,0.585859,0.70297,0.535354,0.666667,0.653465,0.648936,0.632075,0.680412,0.553398,0.552083,0.644231,0.718447,0.639175,0.574468,0.622642,0.556818,0.633929,0.486486,0.483146,0.586538,0.552083,0.485437,0.701031,0.571429,0.66055,0.576923,0.666667,0.662921,0.630631,0.680851,0.584906,0.649485,0.582524,0.466667,0.568421,0.603604,0.539326,0.539326,0.657658,0.631579,0.609524,0.684685,0.595506,0.55814,0.54386,0.585586,0.561798,0.70297,0.606061,0.540816,0.656863,
71000,0.651685,0.630631,0.610619,0.528736,0.590476,0.736842,0.54902,0.632653,0.68,0.59,0.648352,0.642202,0.552381,0.536842,0.655914,0.588785,0.635417,0.644231,0.532609,0.675926,0.635514,0.623656,0.577982,0.67033,0.681818,0.526786,0.616071,0.545455,0.588235,0.571429,0.596154,0.5625,0.681319,0.568807,0.656863,0.55102,0.663366,0.454545,0.654545,0.6,0.575758,0.554455,0.576577,0.629213,0.598131,0.483871,0.602041,0.588235,0.590476,0.6,0.718447,0.597938,0.579439,0.677419,0.578431,0.673469,0.649485,0.650485,0.655556,0.618182,0.488636,0.580357,0.545455,0.577778,0.597561,0.661017,0.589286,0.579545,0.585859,0.514851,0.608247,0.679612,0.554455,0.585859,0.72043,0.607477,0.619048,0.578947,0.615385,0.633028,0.57732,0.543689,0.524752,0.626263,0.644444,0.563636,0.561798,0.603604,0.669811,0.638298,0.584158,0.606061,0.666667,0.613861,0.617978,0.621622,0.654206,0.784946,0.655914,0.570093,
71200,0.636364,0.625,0.617021,0.59434,0.677083,0.663462,0.578431,0.622449,0.623656,0.579439,0.546296,0.663043,0.612903,0.523364,0.592233,0.546392,0.559524,0.577586,0.647619,0.578947,0.579545,0.580357,0.628866,0.582524,0.607477,0.591398,0.539823,0.54023,0.546296,0.608696,0.6,0.576471,0.637255,0.704082,0.606061,0.60396,0.64486,0.537634,0.56,0.62,0.607143,0.647727,0.539216,0.642857,0.535354,0.514851,0.56,0.61,0.71,0.61,0.633028,0.681319,0.60177,0.517241,0.55102,0.676471,0.663551,0.55914,0.514019,0.602151,0.591398,0.682243,0.54902,0.632653,0.61165,0.628866,0.5625,0.636364,0.616822,0.591398,0.508929,0.602273,0.574257,0.575758,0.637255,0.653061,0.545455,0.70297,0.714286,0.490196,0.558824,0.55102,0.546296,0.652174,0.67,0.6,0.543478,0.638889,0.572727,0.688889,0.589474,0.542857,0.5625,0.548077,0.61,0.64,0.646018,0.643678,0.644444,0.663636,
71400,0.669903,0.515464,0.72449,0.617647,0.701031,0.621359,0.633028,0.659341,0.655556,0.681818,0.575472,0.606383,0.574074,0.48913,0.606383,0.566038,0.617647,0.612245,0.595745,0.584906,0.533981,0.556701,0.576923,0.65625,0.566038,0.680851,0.634409,0.635514,0.573034,0.747748,0.729167,0.586538,0.604167,0.557692,0.56044,0.550459,0.6,0.568421,0.617647,0.602041,0.676768,0.613861,0.623762,0.555556,0.553191,0.566038,0.635294,0.565217,0.574074,0.663043,0.636364,0.584158,0.623529,0.521739,0.546392,0.601942,0.741176,0.591304,0.585859,0.574257,0.608247,0.592233,0.660377,0.585106,0.570093,0.677419,0.594059,0.525253,0.561905,0.578947,0.525773,0.582524,0.612245,0.607843,0.554455,0.666667,0.602041,0.578431,0.688172,0.570093,0.634409,0.616822,0.536842,0.580952,0.560748,0.645161,0.657143,0.610526,0.5,0.576923,0.617391,0.529412,0.605769,0.604167,0.606383,0.471698,0.637363,0.688073,0.578431,0.734694,
71600,0.655172,0.610619,0.627451,0.653061,0.707071,0.643564,0.617021,0.660377,0.614035,0.651163,0.61,0.58,0.5625,0.576923,0.563218,0.575221,0.673684,0.533333,0.605769,0.65625,0.5,0.58,0.601942,0.57732,0.586957,0.583333,0.69697,0.465347,0.572917,0.528846,0.515152,0.544554,0.572917,0.586538,0.656863,0.540816,0.59633,0.43956,0.692308,0.635417,0.640449,0.585586,0.65,0.61,0.59,0.57,0.614583,0.605769,0.616822,0.709677,0.670732,0.610169,0.60396,0.676768,0.644068,0.560976,0.638298,0.59434,0.519231,0.625,0.533333,0.515789,0.542553,0.669811,0.591837,0.627451,0.666667,0.523364,0.582609,0.623529,0.626263,0.544554,0.541667,0.5,0.568421,0.638095,0.580645,0.598131,0.675926,0.554348,0.582524,0.556701,0.569892,0.616822,0.553191,0.650943,0.715789,0.666667,0.606383,0.698113,0.62,0.57,0.516484,0.559633,0.5,0.54,0.528302,0.542553,0.536082,0.572816,
71800,0.699029,0.56701,0.715686,0.632653,0.666667,0.672727,0.551402,0.580645,0.633028,0.56044,0.578947,0.638095,0.59375,0.596154,0.575758,0.544554,0.65,0.58,0.659091,0.660714,0.589286,0.568182,0.588235,0.608696,0.686957,0.611765,0.584906,0.478723,0.55,0.54,0.505263,0.666667,0.591837,0.666667,0.515789,0.647619,0.52381,0.6,0.485149,0.636364,0.638298,0.575472,0.714286,0.536842,0.607477,0.569892,0.571429,0.652632,0.642202,0.604396,0.649485,0.640777,0.536842,0.590476,0.663158,0.685714,0.626168,0.55914,0.519231,0.59375,0.646552,0.595238,0.582524,0.618557,0.477778,0.672727,0.646465,0.623762,0.545455,0.623762,0.49505,0.707071,0.627451,0.642857,0.660194,0.618557,0.646465,0.60396,0.694737,0.533333,0.67619,0.610526,0.60396,0.585859,0.618182,0.633333,0.647059,0.673469,0.646465,0.50495,0.584158,0.585859,0.591837,0.558824,0.61165,0.659794,0.56,0.69,0.60396,0.656566,
72000,0.62,0.6,0.575472,0.585106,0.634409,0.672897,0.625,0.489583,0.630435,0.638889,0.588889,0.654545,0.580357,0.590909,0.529412,0.626087,0.637255,0.653061,0.611111,0.572727,0.653846,0.645833,0.509804,0.612245,0.6,0.552941,0.563636,0.577778,0.529412,0.612245,0.524272,0.670103,0.526882,0.635514,0.568807,0.659341,0.558824,0.591837,0.515152,0.693069,0.509259,0.75,0.605769,0.583333,0.659574,0.632075,0.684685,0.662921,0.59596,0.633663,0.642857,0.681818,0.571429,0.617647,0.623762,0.575758,0.628319,0.528736,0.57732,0.631068,0.683168,0.555556,0.568421,0.714286,0.635417,0.567308,0.560345,0.52381,0.525862,0.666667,0.536082,0.601942,0.625,0.59375,0.622449,0.588235,0.653846,0.572917,0.59434,0.521277,0.490196,0.571429,0.623529,0.6,0.612245,0.54902,0.616822,0.580645,0.581633,0.519608,0.534653,0.585859,0.622449,0.617647,0.678261,0.682353,0.594059,0.727273,0.561224,0.607843,
72200,0.666667,0.605769,0.659574,0.490566,0.627907,0.614035,0.61165,0.608247,0.70297,0.686869,0.609091,0.644444,0.630435,0.648148,0.679612,0.742268,0.605769,0.5,0.61165,0.608247,0.553571,0.534091,0.605769,0.572917,0.654545,0.622222,0.46,0.57,0.685714,0.547368,0.659341,0.633028,0.701923,0.604167,0.67,0.55,0.54955,0.52809,0.686275,0.693878,0.674157,0.540541,0.591398,0.514019,0.607843,0.530612,0.731959,0.68932,0.56044,0.504587,0.57,0.68,0.584158,0.666667,0.659794,0.572816,0.69,0.59,0.640777,0.597938,0.639535,0.587719,0.635417,0.644231,0.587629,0.533981,0.666667,0.581633,0.632653,0.529412,0.546392,0.621359,0.525773,0.582524,0.66055,0.626374,0.686869,0.594059,0.579439,0.688172,0.566372,0.586207,0.521277,0.669811,0.63,0.64,0.63,0.63,0.565217,0.648148,0.475728,0.587629,0.613208,0.595745,0.561224,0.607843,0.609524,0.663158,0.569767,0.605263,
72400,0.638095,0.536842,0.604396,0.504587,0.673469,0.637255,0.568807,0.593407,0.635417,0.605769,0.71134,0.61165,0.511111,0.527273,0.54023,0.59292,0.682927,0.576271,0.614679,0.681319,0.606061,0.594059,0.677083,0.596154,0.694737,0.628571,0.633663,0.575758,0.717391,0.685185,0.644231,0.729167,0.568627,0.704082,0.616822,0.591398,0.736264,0.587156,0.729167,0.634615,0.643564,0.585859,0.56,0.55,0.6875,0.625,0.63,0.58,0.606742,0.576577,0.666667,0.608696,0.688172,0.626168,0.666667,0.621053,0.567901,0.605042,0.494253,0.522124,0.683673,0.578431,0.606383,0.660377,0.639175,0.631068,0.621622,0.617978,0.536082,0.582524,0.617021,0.632075,0.583333,0.478261,0.552381,0.547368,0.626263,0.673267,0.595745,0.603774,0.637255,0.510204,0.570175,0.55814,0.608247,0.640777,0.70297,0.555556,0.631068,0.618557,0.579545,0.553571,0.540816,0.558824,0.622807,0.581395,0.607477,0.645161,0.606061,0.60396,
72600,0.642105,0.657143,0.617647,0.632653,0.683168,0.676768,0.581818,0.611111,0.524272,0.618557,0.612245,0.588235,0.6,0.657143,0.5,0.636364,0.622449,0.558824,0.675676,0.640449,0.63,0.56,0.72449,0.647059,0.628571,0.652632,0.598039,0.602041,0.596154,0.614583,0.573034,0.576577,0.586957,0.601852,0.69,0.61,0.616162,0.613861,0.618557,0.631068,0.588785,0.602151,0.659794,0.621359,0.59434,0.712766,0.596154,0.677083,0.606061,0.70297,0.560748,0.602151,0.62,0.66,0.610526,0.590476,0.6,0.61,0.636364,0.544554,0.652174,0.62963,0.55914,0.663551,0.535354,0.653465,0.586957,0.583333,0.583333,0.634615,0.577586,0.642857,0.603774,0.670213,0.625,0.644231,0.660194,0.628866,0.657658,0.550562,0.6,0.6,0.637255,0.673469,0.607843,0.479592,0.663043,0.657407,0.588235,0.673469,0.597938,0.640777,0.696629,0.522523,0.654206,0.612903,0.554545,0.622222,0.636364,0.625,
72800,0.626168,0.655914,0.645455,0.588889,0.666667,0.704082,0.663366,0.545455,0.636364,0.653465,0.6,0.589474,0.625,0.583333,0.584158,0.545455,0.642105,0.552381,0.67033,0.633028,0.659574,0.669811,0.646018,0.62069,0.637255,0.663265,0.606061,0.524752,0.633333,0.6,0.568421,0.580952,0.635417,0.625,0.634615,0.645833,0.584158,0.555556,0.574468,0.59434,0.596491,0.569767,0.695238,0.526316,0.576923,0.59375,0.553398,0.649485,0.586538,0.572917,0.673077,0.604167,0.59633,0.582418,0.578947,0.647619,0.638095,0.578947,0.490909,0.611111,0.647059,0.602041,0.526316,0.638095,0.625,0.59375,0.654545,0.644444,0.594059,0.535354,0.554348,0.648148,0.606742,0.576577,0.660377,0.617021,0.621622,0.573034,0.56044,0.513761,0.522936,0.593407,0.53271,0.612903,0.609524,0.526316,0.588235,0.653061,0.594059,0.59596,0.612245,0.607843,0.59596,0.584158,0.611111,0.673913,0.673469,0.637255,0.553191,0.584906,
73000,0.623656,0.64486,0.605769,0.625,0.634615,0.5625,0.508475,0.707317,0.67619,0.663158,0.552083,0.528846,0.634615,0.572917,0.591837,0.656863,0.69,0.57,0.653061,0.617647,0.688172,0.663551,0.622222,0.472727,0.666667,0.607477,0.557895,0.657143,0.602041,0.656863,0.631579,0.72381,0.54,0.63,0.54902,0.704082,0.614583,0.596154,0.560748,0.677419,0.616822,0.569892,0.510417,0.576923,0.570093,0.602151,0.646465,0.663366,0.688172,0.616822,0.633333,0.636364,0.647059,0.602041,0.607843,0.653061,0.490385,0.59375,0.644231,0.583333,0.556522,0.564706,0.608696,0.648148,0.627451,0.612245,0.546512,0.631579,0.610526,0.552381,0.57732,0.601942,0.686869,0.584158,0.636364,0.70297,0.60177,0.62069,0.521277,0.537736,0.646018,0.62069,0.653846,0.625,0.62963,0.554348,0.595506,0.612613,0.541667,0.586538,0.597826,0.592593,0.68,0.56,0.589286,0.625,0.545455,0.663366,0.586538,0.65625,
73200,0.698113,0.585106,0.59434,0.691489,0.636364,0.594059,0.509259,0.641304,0.682692,0.614583,0.637363,0.66055,0.68932,0.628866,0.567308,0.572917,0.622449,0.539216,0.576923,0.635417,0.563107,0.556701,0.579439,0.580645,0.636364,0.60396,0.609091,0.388889,0.51,0.61,0.525773,0.601942,0.54,0.64,0.56044,0.53211,0.673913,0.481481,0.586207,0.584071,0.568421,0.485714,0.72381,0.621053,0.650602,0.589744,0.57732,0.592233,0.543689,0.587629,0.638298,0.575472,0.526882,0.672897,0.541667,0.653846,0.652632,0.561905,0.622222,0.654545,0.530612,0.568627,0.623853,0.582418,0.586207,0.60177,0.623853,0.538462,0.631068,0.639175,0.592593,0.73913,0.526882,0.607477,0.602273,0.633929,0.61,0.57,0.653061,0.5,0.606061,0.524752,0.613636,0.607143,0.601942,0.556701,0.70297,0.535354,0.56962,0.553719,0.663265,0.607843,0.656566,0.544554,0.480769,0.59375,0.663366,0.676768,0.648148,0.673913,
73400,0.693069,0.565657,0.60396,0.606061,0.644231,0.614583,0.54717,0.5,0.563107,0.659794,0.60396,0.636364,0.582418,0.623853,0.581633,0.607843,0.647727,0.580357,0.628571,0.589474,0.660194,0.56701,0.623762,0.616162,0.652632,0.638095,0.589474,0.447619,0.604167,0.567308,0.630435,0.574074,0.561224,0.539216,0.71134,0.524272,0.692308,0.495413,0.585859,0.564356,0.554455,0.545455,0.610526,0.6,0.684685,0.550562,0.66055,0.637363,0.712871,0.585859,0.68,0.6,0.636364,0.663366,0.575758,0.663366,0.643564,0.535354,0.666667,0.673684,0.688679,0.574468,0.527473,0.614679,0.587156,0.615385,0.5,0.531915,0.561224,0.578431,0.584158,0.59596,0.632653,0.627451,0.585586,0.696629,0.638095,0.6,0.504673,0.634409,0.626168,0.526882,0.580645,0.551402,0.680412,0.563107,0.516129,0.588785,0.598039,0.55102,0.68,0.63,0.650485,0.536082,0.694118,0.573913,0.673267,0.626263,0.568421,0.638095,
73600,0.677419,0.598131,0.588235,0.530612,0.524752,0.565657,0.528736,0.628319,0.679612,0.628866,0.607843,0.673469,0.547368,0.628571,0.670103,0.582524,0.591398,0.626168,0.642857,0.588235,0.695238,0.621053,0.686275,0.602041,0.650485,0.597938,0.548077,0.5625,0.659574,0.622642,0.621359,0.742268,0.474227,0.592233,0.59,0.7,0.54717,0.617021,0.489796,0.656863,0.618557,0.543689,0.582524,0.597938,0.64,0.64,0.704762,0.642105,0.656863,0.632653,0.663462,0.59375,0.6,0.62,0.608247,0.679612,0.64,0.58,0.580952,0.652632,0.509434,0.510638,0.663551,0.623656,0.592593,0.576087,0.56,0.62,0.691489,0.566038,0.539216,0.653061,0.61165,0.57732,0.62,0.68,0.602041,0.647059,0.648936,0.575472,0.737864,0.628866,0.617647,0.693878,0.63,0.54,0.59,0.6,0.543689,0.628866,0.484848,0.693069,0.682692,0.65625,0.628319,0.597701,0.66055,0.681319,0.618644,0.670732,
73800,0.712766,0.613208,0.656863,0.622449,0.690909,0.7,0.652174,0.583333,0.650485,0.649485,0.634409,0.64486,0.581633,0.568627,0.571429,0.607843,0.645161,0.570093,0.628866,0.543689,0.590909,0.535714,0.673267,0.656566,0.585859,0.653465,0.591837,0.617647,0.580357,0.715909,0.536082,0.582524,0.614679,0.648352,0.621053,0.6,0.510417,0.538462,0.6875,0.659091,0.651685,0.594595,0.693069,0.585859,0.563107,0.618557,0.622449,0.647059,0.666667,0.70297,0.727273,0.625,0.579439,0.602151,0.626263,0.663366,0.693069,0.575758,0.598039,0.561224,0.622449,0.676471,0.530612,0.607843,0.623656,0.626168,0.612903,0.560748,0.57732,0.592233,0.574257,0.606061,0.596491,0.55814,0.607143,0.672414,0.505051,0.663366,0.639175,0.563107,0.628866,0.504854,0.54717,0.617021,0.617978,0.504505,0.595745,0.622642,0.642857,0.558824,0.680851,0.584906,0.608247,0.553398,0.621053,0.590476,0.591398,0.691589,0.613208,0.56383,
74000,0.586957,0.675926,0.633663,0.59596,0.448276,0.575221,0.58,0.65,0.590476,0.705263,0.55,0.67,0.587629,0.650485,0.627907,0.622807,0.616162,0.613861,0.646465,0.594059,0.575472,0.691489,0.631068,0.628866,0.609524,0.547368,0.590476,0.673684,0.581818,0.588889,0.505051,0.673267,0.627451,0.653061,0.553571,0.704545,0.590909,0.464286,0.59292,0.655172,0.574468,0.575472,0.701923,0.625,0.5,0.565217,0.57732,0.708738,0.663636,0.7,0.6,0.578947,0.676056,0.627907,0.71134,0.660194,0.67,0.62,0.504673,0.612903,0.537634,0.514019,0.537037,0.663043,0.641304,0.685185,0.61165,0.608247,0.590476,0.494737,0.556701,0.669903,0.514286,0.6,0.653061,0.696078,0.554545,0.722222,0.56383,0.59434,0.539216,0.642857,0.522222,0.627273,0.630252,0.555556,0.653061,0.598039,0.59596,0.712871,0.613208,0.56383,0.564706,0.513043,0.595745,0.566038,0.623762,0.565657,0.669725,0.67033,
74200,0.596154,0.583333,0.619048,0.578947,0.618557,0.640777,0.627451,0.571429,0.605042,0.567901,0.607843,0.602041,0.581633,0.647059,0.585859,0.60396,0.672566,0.586207,0.657407,0.619565,0.578431,0.612245,0.717172,0.623762,0.697674,0.640351,0.5,0.6,0.627907,0.587719,0.55102,0.686275,0.553191,0.575472,0.554455,0.575758,0.514019,0.55914,0.594059,0.717172,0.522936,0.615385,0.660377,0.531915,0.570093,0.634409,0.57732,0.572816,0.66,0.59,0.631068,0.639175,0.652174,0.592593,0.628571,0.621053,0.644444,0.627273,0.57,0.64,0.602041,0.588235,0.56044,0.642202,0.536082,0.631068,0.623762,0.606061,0.684211,0.6,0.553191,0.603774,0.574074,0.597826,0.639175,0.533981,0.6,0.621053,0.666667,0.570093,0.643678,0.672566,0.557692,0.53125,0.66055,0.615385,0.607477,0.580645,0.56383,0.679245,0.670103,0.485437,0.602151,0.579439,0.556604,0.606383,0.68932,0.659794,0.634409,0.682243,
74400,0.685714,0.631579,0.663366,0.585859,0.628866,0.601942,0.602041,0.578431,0.656863,0.612245,0.603306,0.531646,0.54955,0.505618,0.607477,0.591398,0.565657,0.584158,0.527473,0.642202,0.53,0.6,0.607143,0.522727,0.631579,0.657143,0.514851,0.636364,0.601942,0.680412,0.572917,0.701923,0.542553,0.641509,0.538462,0.666667,0.527473,0.614679,0.537037,0.597826,0.635417,0.567308,0.65,0.58,0.63,0.57,0.648352,0.614679,0.613861,0.565657,0.645161,0.523364,0.612903,0.551402,0.727273,0.70297,0.634615,0.625,0.553191,0.669811,0.616162,0.60396,0.584906,0.712766,0.523364,0.591398,0.525253,0.544554,0.666667,0.530973,0.473684,0.609524,0.650485,0.56701,0.592233,0.536082,0.591837,0.627451,0.613861,0.575758,0.56701,0.553398,0.564356,0.676768,0.557692,0.625,0.575758,0.534653,0.533333,0.6,0.569892,0.551402,0.592593,0.597826,0.544643,0.534091,0.705882,0.632653,0.647059,0.653061,
74600,0.690722,0.640777,0.581818,0.644444,0.591837,0.705882,0.62,0.54,0.711538,0.6875,0.61,0.55,0.645455,0.566667,0.616162,0.60396,0.617647,0.591837,0.65,0.66,0.523364,0.666667,0.660194,0.546392,0.618557,0.621359,0.56,0.55,0.642857,0.534091,0.56383,0.59434,0.510204,0.686275,0.544554,0.737374,0.589474,0.542857,0.655172,0.628319,0.65,0.65,0.58427,0.576577,0.561905,0.663158,0.548387,0.635514,0.739583,0.653846,0.602041,0.568627,0.592233,0.587629,0.684211,0.647619,0.676471,0.612245,0.582524,0.587629,0.556604,0.553191,0.52381,0.621053,0.632479,0.626506,0.705882,0.561224,0.59596,0.663366,0.632075,0.670213,0.522523,0.539326,0.647619,0.726316,0.684783,0.648148,0.644444,0.618182,0.62037,0.586957,0.535354,0.673267,0.684211,0.514286,0.563107,0.56701,0.522727,0.598214,0.611111,0.641304,0.588785,0.548387,0.529412,0.510204,0.626263,0.643564,0.627451,0.489796,
74800,0.72,0.65,0.570093,0.602151,0.653061,0.617647,0.680412,0.572816,0.622642,0.585106,0.688889,0.709091,0.556701,0.621359,0.557692,0.614583,0.572727,0.622222,0.708738,0.587629,0.618557,0.61165,0.6,0.72,0.582418,0.669725,0.64,0.64,0.525253,0.643564,0.54023,0.610619,0.522222,0.663636,0.633663,0.585859,0.635417,0.586538,0.686869,0.613861,0.67,0.56,0.642105,0.571429,0.639175,0.621359,0.618557,0.61165,0.669811,0.702128,0.565657,0.574257,0.523364,0.580645,0.663265,0.588235,0.632653,0.627451,0.564356,0.585859,0.534653,0.59596,0.673913,0.62963,0.584906,0.617021,0.622807,0.639535,0.642202,0.604396,0.481481,0.673913,0.548673,0.62069,0.644231,0.666667,0.625,0.5625,0.630435,0.555556,0.627451,0.632653,0.556701,0.621359,0.669903,0.536082,0.684211,0.5,0.53,0.62,0.571429,0.568182,0.515789,0.561905,0.625,0.5625,0.590476,0.663158,0.610526,0.552381,
75000,0.60396,0.515152,0.628571,0.505263,0.683673,0.656863,0.538462,0.572917,0.632184,0.707965,0.618557,0.679612,0.57,0.57,0.606061,0.574257,0.666667,0.569767,0.617021,0.650943,0.54902,0.632653,0.604396,0.614679,0.647619,0.621053,0.572917,0.576923,0.740741,0.608696,0.729167,0.644231,0.636364,0.574257,0.705263,0.514286,0.621053,0.504762,0.642857,0.647059,0.575758,0.663366,0.653061,0.617647,0.59,0.6,0.66,0.64,0.57,0.61,0.617647,0.663265,0.524752,0.616162,0.645455,0.666667,0.622449,0.666667,0.647059,0.547826,0.611111,0.545455,0.46,0.6,0.61165,0.608247,0.654206,0.612903,0.580357,0.568182,0.608696,0.675926,0.609091,0.611111,0.720721,0.707865,0.546512,0.701754,0.63,0.61,0.659794,0.582524,0.531915,0.622642,0.612613,0.539326,0.582524,0.618557,0.574468,0.688679,0.66055,0.56044,0.59,0.54,0.553571,0.556818,0.610526,0.638095,0.659574,0.622642,
75200,0.673077,0.59375,0.586957,0.62037,0.572727,0.555556,0.588235,0.530612,0.605769,0.65625,0.597826,0.638889,0.638554,0.666667,0.590909,0.611111,0.72,0.66,0.666667,0.623762,0.57,0.58,0.632075,0.617021,0.648936,0.669811,0.59633,0.527473,0.729167,0.663462,0.670213,0.518868,0.603774,0.62766,0.655914,0.579439,0.60396,0.616162,0.574257,0.626263,0.60396,0.545455,0.732673,0.555556,0.572917,0.605769,0.683673,0.509804,0.56044,0.697248,0.617284,0.621849,0.614583,0.471154,0.677778,0.618182,0.648352,0.559633,0.578947,0.628571,0.728261,0.685185,0.553191,0.509434,0.62069,0.619048,0.606061,0.70297,0.555556,0.554455,0.572917,0.576923,0.659341,0.642202,0.630631,0.617978,0.67033,0.651376,0.638095,0.621053,0.622222,0.527273,0.51087,0.564815,0.61165,0.618557,0.657407,0.608696,0.564815,0.565217,0.71134,0.543689,0.728155,0.515464,0.683673,0.539216,0.585859,0.683168,0.690722,0.553398,
75400,0.673267,0.525253,0.572727,0.588889,0.594059,0.575758,0.595745,0.622642,0.652174,0.564815,0.643478,0.529412,0.642202,0.571429,0.445652,0.583333,0.69697,0.594059,0.639175,0.650485,0.62,0.54,0.53,0.58,0.552083,0.605769,0.662921,0.513514,0.608247,0.68932,0.536082,0.728155,0.644444,0.545455,0.605769,0.604167,0.636364,0.70297,0.669903,0.639175,0.621622,0.707865,0.595745,0.641509,0.5,0.6,0.652174,0.62037,0.580645,0.598131,0.644231,0.65625,0.582524,0.649485,0.64557,0.628099,0.644231,0.59375,0.555556,0.619565,0.663366,0.585859,0.626168,0.612903,0.550459,0.56044,0.642857,0.598039,0.662791,0.657895,0.558559,0.629213,0.485437,0.556701,0.598039,0.622449,0.676768,0.663366,0.546392,0.582524,0.617021,0.622642,0.459184,0.598039,0.627273,0.655556,0.698925,0.560748,0.588785,0.623656,0.484211,0.619048,0.547009,0.60241,0.596154,0.65625,0.608696,0.675926,0.61,0.62,
75600,0.712871,0.555556,0.631579,0.561905,0.561905,0.610526,0.659794,0.601942,0.653061,0.637255,0.626263,0.683168,0.619469,0.563218,0.61,0.65,0.683673,0.588235,0.663043,0.564815,0.556701,0.543689,0.622642,0.659574,0.596639,0.654321,0.55914,0.579439,0.70297,0.646465,0.514019,0.666667,0.556701,0.718447,0.568627,0.622449,0.558824,0.622449,0.551402,0.537634,0.571429,0.607843,0.726316,0.685714,0.584906,0.531915,0.622449,0.617647,0.648352,0.513761,0.647619,0.547368,0.588785,0.591398,0.647059,0.632653,0.673267,0.59596,0.592593,0.641304,0.6,0.517647,0.578431,0.642857,0.530612,0.588235,0.591837,0.627451,0.588889,0.6,0.645833,0.615385,0.653465,0.59596,0.473684,0.609524,0.586957,0.527778,0.695238,0.610526,0.686869,0.594059,0.649485,0.631068,0.534653,0.59596,0.679612,0.597938,0.56,0.62,0.605505,0.604396,0.634409,0.551402,0.577778,0.563636,0.736364,0.544444,0.57,0.69,
75800,0.663366,0.666667,0.554545,0.577778,0.623762,0.727273,0.539216,0.642857,0.610619,0.689655,0.587156,0.582418,0.613636,0.625,0.520408,0.588235,0.623656,0.598131,0.666667,0.644231,0.641304,0.62037,0.634409,0.635514,0.635514,0.623656,0.553398,0.56701,0.647059,0.55102,0.570093,0.634409,0.472727,0.622222,0.544643,0.556818,0.582524,0.659794,0.514851,0.676768,0.575472,0.574468,0.65625,0.509615,0.52,0.58,0.589474,0.561905,0.69,0.58,0.511364,0.669643,0.639535,0.587719,0.688172,0.588785,0.663265,0.607843,0.612245,0.686275,0.666667,0.554455,0.591304,0.647059,0.59375,0.538462,0.569892,0.542056,0.524272,0.639175,0.528302,0.670213,0.6,0.578947,0.608247,0.640777,0.5,0.613208,0.62,0.57,0.574257,0.565657,0.547368,0.638095,0.628571,0.536842,0.59,0.57,0.628571,0.526316,0.647059,0.571429,0.519608,0.602041,0.56701,0.582524,0.592593,0.684783,0.630631,0.730337,
76000,0.633028,0.637363,0.608696,0.509259,0.541284,0.659341,0.62,0.61,0.650943,0.648936,0.614583,0.596154,0.585859,0.60396,0.62766,0.641509,0.747253,0.59633,0.542553,0.669811,0.67,0.64,0.714286,0.568421,0.656863,0.663265,0.666667,0.568421,0.682692,0.697917,0.62,0.68,0.61,0.58,0.7,0.61,0.638298,0.54717,0.643564,0.686869,0.634615,0.614583,0.68,0.57,0.691589,0.602151,0.630435,0.694444,0.515789,0.638095,0.617647,0.693878,0.651163,0.614035,0.632653,0.558824,0.660377,0.606383,0.604167,0.701923,0.663717,0.632184,0.641509,0.617021,0.678261,0.611765,0.616822,0.634409,0.609756,0.559322,0.568627,0.612245,0.558559,0.629213,0.591398,0.560748,0.646465,0.613861,0.734694,0.529412,0.681416,0.597701,0.591837,0.617647,0.628319,0.448276,0.575758,0.623762,0.611111,0.695652,0.63,0.67,0.565657,0.564356,0.632075,0.542553,0.629213,0.666667,0.632911,0.586777,
76200,0.654206,0.580645,0.567568,0.539326,0.586957,0.574074,0.617647,0.602041,0.6,0.628571,0.681319,0.66055,0.536364,0.566667,0.605769,0.708333,0.598039,0.622449,0.666667,0.652632,0.650485,0.57732,0.660194,0.618557,0.663551,0.655914,0.622642,0.617021,0.634615,0.572917,0.578431,0.571429,0.635417,0.605769,0.608696,0.583333,0.539216,0.489796,0.552632,0.593023,0.580952,0.621053,0.718447,0.57732,0.586538,0.479167,0.666667,0.60396,0.699115,0.551724,0.57,0.56,0.607843,0.602041,0.682692,0.645833,0.628571,0.652632,0.587629,0.621359,0.656863,0.693878,0.650485,0.628866,0.559633,0.450549,0.643564,0.545455,0.602041,0.539216,0.588785,0.55914,0.649485,0.660194,0.604396,0.614679,0.636364,0.594059,0.684783,0.555556,0.607843,0.571429,0.59434,0.585106,0.719298,0.488372,0.544444,0.663636,0.577982,0.549451,0.622642,0.56383,0.568627,0.591837,0.59633,0.505495,0.585106,0.622642,0.612613,0.58427,
76400,0.669903,0.57732,0.66,0.57,0.628571,0.568421,0.584071,0.574713,0.625,0.604167,0.684211,0.647619,0.59596,0.643564,0.529412,0.683673,0.67,0.67,0.568421,0.619048,0.528846,0.5625,0.612903,0.635514,0.551724,0.690265,0.656863,0.653061,0.612245,0.568627,0.610526,0.695238,0.711111,0.618182,0.61165,0.587629,0.648148,0.673913,0.595745,0.650943,0.628571,0.515789,0.61165,0.56701,0.531646,0.561983,0.703297,0.66055,0.634615,0.635417,0.701031,0.61165,0.596154,0.645833,0.669811,0.670213,0.613445,0.641975,0.52,0.54,0.569892,0.598131,0.669903,0.670103,0.554545,0.555556,0.663043,0.555556,0.557692,0.583333,0.531915,0.575472,0.616822,0.569892,0.55102,0.754902,0.575472,0.595745,0.610619,0.62069,0.5,0.585106,0.544554,0.59596,0.60396,0.636364,0.611111,0.641304,0.505155,0.524272,0.569892,0.579439,0.559633,0.538462,0.564356,0.575758,0.647619,0.578947,0.572581,0.618421,
76600,0.65,0.56,0.649485,0.621359,0.62766,0.632075,0.617021,0.59434,0.637363,0.697248,0.607843,0.602041,0.590476,0.6,0.584071,0.586207,0.744444,0.590909,0.647059,0.571429,0.631068,0.680412,0.737864,0.587629,0.602041,0.607843,0.633663,0.515152,0.596154,0.635417,0.528302,0.617021,0.526316,0.638095,0.533981,0.505155,0.615385,0.559633,0.625,0.625,0.619048,0.547368,0.621622,0.617978,0.5,0.561224,0.628866,0.601942,0.657143,0.6,0.691589,0.612903,0.656863,0.602041,0.578431,0.653061,0.653846,0.625,0.62,0.59,0.6,0.6,0.580645,0.691589,0.566038,0.648936,0.5,0.598039,0.626263,0.623762,0.46875,0.586538,0.656566,0.643564,0.733871,0.565789,0.636364,0.643564,0.625,0.567308,0.545455,0.642857,0.530612,0.617647,0.519231,0.614583,0.605769,0.53125,0.631579,0.647619,0.54955,0.561798,0.571429,0.578947,0.632653,0.558824,0.59633,0.604396,0.617647,0.612245,
76800,0.682243,0.473118,0.582524,0.556701,0.554348,0.666667,0.647059,0.653061,0.647619,0.673684,0.659574,0.575472,0.627451,0.653061,0.629213,0.585586,0.592233,0.515464,0.660377,0.574468,0.60396,0.626263,0.632075,0.595745,0.602151,0.551402,0.623762,0.636364,0.622642,0.489362,0.524272,0.628866,0.591398,0.579439,0.631579,0.662791,0.578431,0.612245,0.55102,0.647059,0.67619,0.578947,0.66,0.58,0.579439,0.526882,0.655914,0.663551,0.673684,0.580952,0.582418,0.633028,0.611111,0.6,0.628866,0.563107,0.619469,0.712644,0.545455,0.633663,0.585859,0.554455,0.633663,0.636364,0.540816,0.607843,0.6,0.622222,0.565217,0.564815,0.551402,0.634409,0.589474,0.504762,0.587629,0.747573,0.552083,0.634615,0.636364,0.643564,0.485149,0.545455,0.634409,0.607477,0.484211,0.52381,0.564356,0.666667,0.55914,0.64486,0.577778,0.581818,0.520408,0.647059,0.603774,0.606383,0.580645,0.700935,0.590909,0.666667,
77000,0.614583,0.557692,0.528846,0.53125,0.542056,0.645161,0.537037,0.576087,0.639175,0.582524,0.719298,0.709302,0.55,0.62,0.623853,0.571429,0.604167,0.615385,0.630435,0.518519,0.479167,0.576923,0.590476,0.6,0.570175,0.581395,0.578431,0.520408,0.734043,0.679245,0.630435,0.527778,0.617647,0.602041,0.638889,0.565217,0.6,0.617391,0.583333,0.663462,0.56383,0.481132,0.636364,0.50495,0.6,0.57,0.598214,0.681818,0.625,0.583333,0.55102,0.509804,0.504132,0.481013,0.654206,0.698925,0.640777,0.608247,0.578947,0.628571,0.55,0.6,0.561224,0.715686,0.488889,0.627273,0.66055,0.571429,0.574468,0.59434,0.567797,0.536585,0.655914,0.551402,0.601852,0.663043,0.686869,0.60396,0.682243,0.602151,0.67619,0.684211,0.621359,0.618557,0.574468,0.660377,0.67619,0.621053,0.575758,0.594059,0.581633,0.627451,0.605769,0.5625,0.555556,0.574257,0.651376,0.626374,0.673469,0.647059,
77200,0.592593,0.586957,0.616162,0.534653,0.529412,0.612245,0.583333,0.634615,0.680851,0.613208,0.669903,0.659794,0.637931,0.642857,0.553191,0.679245,0.670455,0.571429,0.640449,0.675676,0.567308,0.614583,0.666667,0.594059,0.533981,0.56701,0.690265,0.517241,0.555556,0.455446,0.56,0.59,0.58,0.67,0.685393,0.612613,0.583333,0.586957,0.612245,0.578431,0.693878,0.568627,0.634615,0.625,0.634615,0.53125,0.648936,0.641509,0.546392,0.553398,0.596154,0.604167,0.67,0.54,0.57732,0.640777,0.69,0.58,0.589474,0.6,0.59596,0.643564,0.619565,0.583333,0.642202,0.593407,0.640777,0.556701,0.60396,0.616162,0.518868,0.585106,0.522936,0.67033,0.590909,0.611111,0.637255,0.622449,0.613636,0.651786,0.647619,0.610526,0.6,0.65,0.612245,0.578431,0.666667,0.626168,0.574257,0.606061,0.619048,0.610526,0.585859,0.524752,0.576271,0.597561,0.73,0.6,0.625,0.53125,
77400,0.606383,0.575472,0.643478,0.494118,0.627273,0.622222,0.642857,0.627451,0.649485,0.601942,0.594595,0.662921,0.680412,0.621359,0.657895,0.534884,0.577982,0.692308,0.677778,0.554545,0.509804,0.714286,0.641509,0.56383,0.56701,0.660194,0.556962,0.603306,0.628866,0.650485,0.607143,0.612069,0.59434,0.606383,0.660714,0.568182,0.683168,0.555556,0.622642,0.585106,0.6,0.642105,0.643678,0.619469,0.556604,0.617021,0.616822,0.655914,0.59596,0.594059,0.669903,0.597938,0.625,0.596154,0.548077,0.614583,0.611111,0.572727,0.603604,0.617978,0.653061,0.539216,0.653465,0.616162,0.548387,0.570093,0.635514,0.580645,0.585586,0.550562,0.555556,0.683168,0.584158,0.575758,0.666667,0.55102,0.679245,0.62766,0.723214,0.625,0.525773,0.601942,0.561224,0.54902,0.744444,0.609091,0.66055,0.593407,0.527778,0.652174,0.61,0.57,0.617647,0.55102,0.591837,0.54902,0.623932,0.662651,0.617647,0.693878,
77600,0.530973,0.482759,0.688679,0.521277,0.560748,0.655914,0.542553,0.669811,0.694444,0.630435,0.458333,0.615385,0.563107,0.628866,0.545455,0.633333,0.617647,0.561224,0.732673,0.606061,0.604167,0.615385,0.647619,0.705263,0.554217,0.57265,0.578431,0.591837,0.504673,0.591398,0.426966,0.666667,0.490196,0.55102,0.672566,0.609195,0.577982,0.461538,0.585106,0.59434,0.55102,0.607843,0.547368,0.6,0.533333,0.6,0.555556,0.73913,0.544554,0.545455,0.670213,0.584906,0.625,0.681818,0.654545,0.666667,0.613861,0.646465,0.59375,0.653846,0.654545,0.644444,0.540816,0.676471,0.5,0.636364,0.625,0.692308,0.570093,0.677419,0.477778,0.618182,0.556701,0.621359,0.577982,0.626374,0.676768,0.60396,0.592593,0.586957,0.505263,0.580952,0.623656,0.635514,0.68,0.61,0.584906,0.585106,0.685185,0.543478,0.613208,0.595745,0.617021,0.584906,0.533981,0.597938,0.61,0.62,0.622642,0.648936,
77800,0.583333,0.586538,0.574468,0.584906,0.537736,0.553191,0.59434,0.648936,0.618182,0.522222,0.663366,0.626263,0.561224,0.696078,0.590476,0.631579,0.591837,0.519608,0.54023,0.672566,0.574713,0.59292,0.514563,0.536082,0.611111,0.563636,0.6,0.590476,0.6875,0.556818,0.686275,0.642857,0.55914,0.560748,0.504854,0.649485,0.576471,0.556522,0.606383,0.603774,0.65,0.54,0.657658,0.629213,0.622449,0.647059,0.574257,0.676768,0.613861,0.626263,0.670588,0.634783,0.669903,0.556701,0.627451,0.581633,0.647619,0.652632,0.625,0.598214,0.574468,0.566038,0.6,0.6,0.554217,0.598291,0.663158,0.504762,0.554348,0.583333,0.614679,0.648352,0.60396,0.575758,0.608696,0.648148,0.556701,0.621359,0.666667,0.589474,0.622642,0.595745,0.521739,0.518519,0.532609,0.592593,0.588235,0.540816,0.4375,0.605769,0.514286,0.694737,0.589474,0.504762,0.630435,0.546296,0.581633,0.598039,0.613861,0.59596,
78000,0.682243,0.548387,0.602041,0.627451,0.568627,0.642857,0.642105,0.552381,0.6,0.65,0.64557,0.644628,0.683673,0.666667,0.63,0.63,0.648148,0.586957,0.670213,0.688679,0.576087,0.583333,0.612245,0.598039,0.650485,0.628866,0.56044,0.59633,0.590909,0.633929,0.614583,0.711538,0.505051,0.683168,0.556701,0.572816,0.587629,0.563107,0.552632,0.604651,0.538462,0.572917,0.666667,0.596154,0.528736,0.690265,0.570093,0.623656,0.65625,0.586538,0.581633,0.627451,0.572917,0.663462,0.606742,0.621622,0.575758,0.60396,0.574257,0.585859,0.612245,0.578431,0.520833,0.567308,0.563636,0.566667,0.638095,0.557895,0.536082,0.514563,0.544444,0.572727,0.656566,0.554455,0.571429,0.659091,0.574074,0.586957,0.635514,0.602151,0.579439,0.591398,0.546296,0.630435,0.637255,0.510204,0.653061,0.627451,0.565657,0.712871,0.628866,0.553398,0.65,0.69,0.576577,0.606742,0.675926,0.706522,0.606742,0.684685,
78200,0.552381,0.621053,0.58427,0.612613,0.567308,0.65625,0.613861,0.616162,0.552083,0.576923,0.541667,0.586538,0.59596,0.60396,0.584906,0.542553,0.68932,0.556701,0.666667,0.637168,0.588785,0.623656,0.6,0.642105,0.619048,0.610526,0.702128,0.566038,0.6,0.62,0.601942,0.556701,0.554455,0.626263,0.631068,0.546392,0.617647,0.530612,0.578431,0.704082,0.571429,0.590909,0.588235,0.571429,0.605505,0.637363,0.597938,0.68932,0.590476,0.663158,0.593407,0.59633,0.536082,0.640777,0.530612,0.656863,0.62,0.58,0.521277,0.603774,0.616822,0.526882,0.583333,0.528846,0.576923,0.583333,0.541284,0.67033,0.553398,0.56701,0.533333,0.490909,0.584158,0.545455,0.585106,0.613208,0.640449,0.594595,0.643564,0.575758,0.601852,0.619565,0.488636,0.625,0.580952,0.547368,0.55914,0.672897,0.575221,0.655172,0.618557,0.563107,0.559633,0.538462,0.626016,0.493506,0.71134,0.699029,0.597826,0.685185,
78400,0.698925,0.551402,0.685393,0.675676,0.606061,0.673267,0.718447,0.556701,0.712871,0.636364,0.588785,0.698925,0.586538,0.572917,0.519608,0.581633,0.722772,0.616162,0.612903,0.570093,0.59434,0.648936,0.625,0.473214,0.670213,0.622642,0.558559,0.573034,0.632479,0.590361,0.602041,0.637255,0.528302,0.62766,0.666667,0.564356,0.612903,0.495327,0.637363,0.550459,0.586957,0.638889,0.639535,0.605263,0.555556,0.572727,0.642857,0.666667,0.607843,0.602041,0.632653,0.617647,0.606061,0.594059,0.608696,0.658824,0.648649,0.719101,0.621622,0.696629,0.629213,0.603604,0.615385,0.614583,0.643564,0.616162,0.568807,0.549451,0.588889,0.6,0.548077,0.635417,0.636364,0.555556,0.592233,0.608247,0.6,0.673684,0.666667,0.606742,0.63,0.59,0.616162,0.623762,0.575758,0.574257,0.557895,0.580952,0.586538,0.645833,0.537736,0.648936,0.595745,0.603774,0.601942,0.670103,0.602151,0.635514,0.597826,0.62037,
78600,0.72549,0.653061,0.623656,0.579439,0.652174,0.62963,0.604167,0.557692,0.717172,0.633663,0.67,0.59,0.609524,0.557895,0.5,0.54902,0.623853,0.593407,0.679612,0.546392,0.5625,0.557692,0.587629,0.592233,0.609091,0.588889,0.495238,0.621053,0.585859,0.663366,0.59596,0.584158,0.623762,0.494949,0.677083,0.557692,0.704545,0.5625,0.608696,0.555556,0.62766,0.660377,0.554217,0.598291,0.517241,0.681416,0.666667,0.625,0.663158,0.533333,0.587629,0.563107,0.677083,0.548077,0.610526,0.590476,0.678899,0.626374,0.617647,0.704082,0.633028,0.659341,0.54955,0.662921,0.577982,0.56044,0.564356,0.484848,0.527778,0.521739,0.536364,0.533333,0.616071,0.522727,0.623853,0.67033,0.630435,0.546296,0.623853,0.538462,0.561224,0.588235,0.510417,0.605769,0.704762,0.557895,0.653465,0.565657,0.659574,0.537736,0.641304,0.638889,0.663551,0.55914,0.587156,0.648352,0.618557,0.601942,0.652632,0.638095,
78800,0.632653,0.54902,0.520408,0.539216,0.61039,0.617886,0.468085,0.603774,0.666667,0.632653,0.565657,0.683168,0.673077,0.604167,0.555556,0.597826,0.618557,0.679612,0.587629,0.660194,0.631579,0.580952,0.655172,0.630952,0.556818,0.651786,0.647619,0.515789,0.578947,0.561905,0.584158,0.525253,0.575758,0.485149,0.537736,0.617021,0.609524,0.547368,0.568182,0.732143,0.568627,0.642857,0.628866,0.543689,0.553398,0.639175,0.56383,0.660377,0.643564,0.676768,0.527473,0.678899,0.524272,0.515464,0.656566,0.643564,0.673913,0.5,0.628319,0.643678,0.663366,0.555556,0.596154,0.59375,0.578313,0.615385,0.663265,0.54902,0.582524,0.56701,0.533333,0.536842,0.659794,0.679612,0.643564,0.646465,0.656863,0.653061,0.705882,0.540816,0.65625,0.682692,0.581633,0.627451,0.657143,0.6,0.625,0.625,0.538462,0.635417,0.580645,0.663551,0.614583,0.538462,0.613861,0.555556,0.680851,0.641509,0.583333,0.673077,
79000,0.701031,0.563107,0.707865,0.585586,0.61165,0.608247,0.47191,0.630631,0.613636,0.642857,0.6,0.695238,0.688889,0.6,0.619469,0.563218,0.669903,0.587629,0.54,0.6,0.622449,0.539216,0.642857,0.637255,0.660377,0.574468,0.614679,0.549451,0.6,0.589474,0.546392,0.582524,0.586957,0.611111,0.57,0.65,0.602273,0.517857,0.524272,0.628866,0.646465,0.524752,0.575472,0.62766,0.602041,0.607843,0.580645,0.672897,0.583333,0.471154,0.708333,0.625,0.639175,0.61165,0.666667,0.712871,0.575472,0.574468,0.578947,0.639535,0.637363,0.513761,0.609091,0.677778,0.61165,0.618557,0.635514,0.591398,0.494737,0.580952,0.609091,0.566667,0.455446,0.59596,0.612613,0.617978,0.616822,0.709677,0.663265,0.637255,0.5625,0.586538,0.617978,0.603604,0.692982,0.511628,0.74,0.55,0.606383,0.688679,0.59375,0.711538,0.621359,0.597938,0.64,0.61,0.666667,0.641304,0.645833,0.644231,
79200,0.628866,0.572816,0.697248,0.56044,0.607843,0.591837,0.534653,0.616162,0.638298,0.641509,0.674157,0.612613,0.579439,0.548387,0.607477,0.526882,0.659091,0.607143,0.663366,0.636364,0.647059,0.556522,0.581633,0.647059,0.5625,0.634615,0.598131,0.526882,0.630252,0.641975,0.480769,0.59375,0.677419,0.654206,0.641304,0.731481,0.555556,0.608696,0.460177,0.632184,0.627273,0.6,0.554455,0.59596,0.693069,0.626263,0.591837,0.598039,0.621359,0.597938,0.644444,0.618182,0.582524,0.639175,0.635417,0.596154,0.614754,0.666667,0.709677,0.551402,0.568627,0.489796,0.647059,0.540816,0.666667,0.594059,0.505051,0.544554,0.622449,0.656863,0.5,0.567308,0.631068,0.56701,0.722222,0.654545,0.591398,0.654206,0.7,0.56,0.613208,0.574468,0.478261,0.601852,0.532609,0.62037,0.578431,0.653061,0.588785,0.623656,0.642202,0.681319,0.574468,0.603774,0.683168,0.505051,0.525773,0.582524,0.551402,0.645161,
79400,0.63,0.59,0.623762,0.525253,0.46,0.66,0.543689,0.680412,0.712963,0.619565,0.717172,0.613861,0.663265,0.607843,0.677778,0.654545,0.688679,0.648936,0.586538,0.625,0.57,0.58,0.619048,0.663158,0.533333,0.6,0.474747,0.534653,0.666667,0.534653,0.673469,0.529412,0.605505,0.615385,0.635514,0.569892,0.651685,0.63964,0.646465,0.60396,0.525253,0.663366,0.6,0.6,0.626374,0.678899,0.606383,0.622642,0.576087,0.601852,0.623529,0.582609,0.627451,0.632653,0.54955,0.674157,0.55102,0.617647,0.520408,0.578431,0.556701,0.650485,0.479592,0.656863,0.596154,0.572917,0.711538,0.5625,0.625,0.598214,0.626374,0.633028,0.708738,0.597938,0.682692,0.645833,0.652632,0.504762,0.690722,0.621359,0.598039,0.591837,0.595745,0.641509,0.565217,0.703704,0.660377,0.585106,0.612245,0.568627,0.48913,0.638889,0.601852,0.554348,0.657895,0.639535,0.626087,0.670588,0.57,0.65,
79600,0.602151,0.551402,0.571429,0.522936,0.591837,0.705882,0.650485,0.56701,0.742574,0.656566,0.673469,0.676471,0.598039,0.602041,0.631579,0.609524,0.682353,0.582609,0.602041,0.627451,0.526882,0.542056,0.646465,0.633663,0.714286,0.588235,0.536082,0.504854,0.542056,0.623656,0.56044,0.651376,0.521739,0.518519,0.615385,0.504587,0.715789,0.590476,0.530612,0.696078,0.56,0.6,0.628571,0.610526,0.57732,0.533981,0.574074,0.586957,0.747475,0.613861,0.653846,0.59375,0.627451,0.581633,0.556818,0.651786,0.606383,0.575472,0.55914,0.542056,0.546392,0.504854,0.578431,0.663265,0.579439,0.483871,0.613861,0.676768,0.534653,0.535354,0.653465,0.626263,0.541667,0.557692,0.610526,0.542857,0.56383,0.566038,0.62931,0.511905,0.569767,0.72807,0.565217,0.611111,0.62,0.59,0.508621,0.607143,0.62963,0.608696,0.666667,0.616822,0.516484,0.568807,0.605769,0.625,0.631068,0.649485,0.604396,0.651376,
79800,0.656566,0.544554,0.588235,0.479592,0.565657,0.584158,0.557895,0.571429,0.584158,0.575758,0.532609,0.601852,0.588235,0.653061,0.581633,0.598039,0.698113,0.62766,0.613208,0.659574,0.587156,0.527473,0.576923,0.645833,0.595745,0.613208,0.625,0.589286,0.575758,0.653465,0.558824,0.571429,0.6,0.704762,0.56701,0.640777,0.609524,0.589474,0.6,0.588235,0.631068,0.587629,0.538462,0.541667,0.537736,0.595745,0.678261,0.611765,0.521277,0.641509,0.70297,0.606061,0.57732,0.640777,0.666667,0.728261,0.650943,0.648936,0.526316,0.590476,0.608696,0.518519,0.529412,0.663265,0.622642,0.585106,0.604396,0.513761,0.545455,0.5625,0.52,0.66,0.618182,0.555556,0.564356,0.646465,0.605769,0.614583,0.606061,0.60396,0.526882,0.663551,0.673913,0.601852,0.680851,0.603774,0.627451,0.469388,0.666667,0.605769,0.602151,0.635514,0.574257,0.626263,0.650485,0.597938,0.602041,0.637255,0.602151,0.64486,
80000,0.564356,0.616162,0.576087,0.62963,0.613636,0.589286,0.588235,0.571429,0.606061,0.594059,0.65,0.67,0.551402,0.634409,0.590909,0.607143,0.613208,0.62766,0.623529,0.53913,0.601942,0.639175,0.586538,0.625,0.660377,0.62766,0.636364,0.522222,0.648352,0.513761,0.598039,0.602041,0.566667,0.590909,0.659341,0.577982,0.632075,0.585106,0.65,0.56,0.55102,0.607843,0.543478,0.527778,0.565657,0.613861,0.639175,0.601942,0.626168,0.580645,0.7,0.58,0.548077,0.552083,0.678899,0.571429,0.596154,0.677083,0.57,0.55,0.596154,0.489583,0.666667,0.610526,0.576923,0.625,0.608696,0.490741,0.597826,0.648148,0.54902,0.653061,0.576577,0.629213,0.603774,0.62766,0.596154,0.59375,0.643564,0.606061,0.617647,0.673469,0.484848,0.613861,0.582418,0.577982,0.622807,0.604651,0.484536,0.533981,0.549451,0.623853,0.597938,0.61165,0.660377,0.542553,0.640777,0.556701,0.605505,0.582418,
80200,0.627451,0.561224,0.591837,0.5,0.609091,0.611111,0.663462,0.604167,0.565217,0.638889,0.54902,0.653061,0.543689,0.57732,0.607843,0.55102,0.631068,0.57732,0.702703,0.58427,0.63,0.54,0.606061,0.584158,0.684783,0.527778,0.485714,0.484211,0.613636,0.589286,0.625,0.608333,0.589474,0.619048,0.574713,0.610619,0.576923,0.552083,0.564815,0.586957,0.645161,0.64486,0.606383,0.575472,0.582609,0.658824,0.558824,0.612245,0.61165,0.597938,0.6,0.636364,0.571429,0.577982,0.596154,0.635417,0.6,0.6,0.514563,0.587629,0.495146,0.587629,0.516129,0.682243,0.571429,0.66055,0.631068,0.57732,0.592593,0.619565,0.672566,0.678161,0.633663,0.535354,0.593407,0.614679,0.626263,0.623762,0.663043,0.657407,0.618182,0.633333,0.547368,0.542857,0.707547,0.670213,0.765306,0.637255,0.605769,0.697917,0.587719,0.593023,0.7,0.61,0.621053,0.542857,0.613861,0.606061,0.612245,0.607843,
80400,0.614583,0.538462,0.693069,0.585859,0.66055,0.626374,0.669725,0.571429,0.56383,0.613208,0.615385,0.552083,0.672897,0.516129,0.610526,0.657143,0.68932,0.618557,0.686047,0.596491,0.635417,0.557692,0.538462,0.583333,0.612613,0.595506,0.505495,0.59633,0.536082,0.68932,0.650485,0.597938,0.53125,0.567308,0.663793,0.571429,0.634615,0.614583,0.588785,0.709677,0.583333,0.586538,0.580952,0.557895,0.650602,0.589744,0.610526,0.685714,0.636364,0.613861,0.734043,0.679245,0.56,0.55,0.626506,0.666667,0.610526,0.552381,0.597826,0.666667,0.613208,0.574468,0.575221,0.655172,0.584906,0.531915,0.56,0.55,0.555556,0.6,0.558559,0.629213,0.62963,0.532609,0.509615,0.666667,0.657143,0.610526,0.625,0.644231,0.5,0.653846,0.617647,0.55102,0.625,0.528846,0.582524,0.608247,0.606742,0.540541,0.593023,0.561404,0.608247,0.504854,0.592593,0.641304,0.581818,0.544444,0.534653,0.69697,
80600,0.674157,0.594595,0.62069,0.60177,0.527778,0.586957,0.621053,0.6,0.68,0.61,0.631068,0.690722,0.627907,0.561404,0.6,0.619048,0.704762,0.663158,0.579439,0.580645,0.614583,0.663462,0.651685,0.684685,0.533333,0.568421,0.587156,0.549451,0.55102,0.519608,0.564356,0.565657,0.62,0.57,0.626263,0.643564,0.539326,0.576577,0.648649,0.606742,0.563107,0.618557,0.57,0.61,0.575758,0.633663,0.552381,0.642105,0.663158,0.695238,0.628571,0.652632,0.682692,0.625,0.572816,0.659794,0.696078,0.540816,0.59633,0.626374,0.653465,0.555556,0.59596,0.643564,0.561798,0.657658,0.618182,0.644444,0.657407,0.521739,0.5,0.591837,0.510204,0.5,0.456522,0.574074,0.672897,0.516129,0.681319,0.623853,0.607843,0.581633,0.54955,0.719101,0.580645,0.504673,0.714286,0.568421,0.66,0.53,0.649573,0.638554,0.61165,0.556701,0.569892,0.579439,0.654206,0.634409,0.666667,0.642857,
80800,0.583333,0.532609,0.656863,0.602041,0.692308,0.518072,0.690722,0.592233,0.656566,0.623762,0.553398,0.536082,0.609091,0.5,0.625,0.545455,0.607843,0.642857,0.678161,0.628319,0.593407,0.651376,0.574257,0.676768,0.613861,0.686869,0.632184,0.522124,0.816327,0.627451,0.647059,0.591837,0.59434,0.606383,0.679612,0.57732,0.659794,0.601942,0.598214,0.625,0.560748,0.591398,0.666667,0.557895,0.540816,0.519608,0.663366,0.626263,0.59434,0.595745,0.609091,0.588889,0.62037,0.630435,0.615385,0.666667,0.71875,0.586538,0.606383,0.59434,0.56701,0.524272,0.606383,0.641509,0.609524,0.610526,0.5625,0.647727,0.544554,0.535354,0.549451,0.623853,0.560748,0.634409,0.613861,0.636364,0.544444,0.590909,0.632653,0.676471,0.552083,0.634615,0.534091,0.580357,0.63,0.53,0.580645,0.64486,0.588785,0.634409,0.613861,0.565657,0.563107,0.494845,0.622449,0.598039,0.561798,0.612613,0.510417,0.567308,
81000,0.666667,0.563636,0.705263,0.590476,0.649485,0.718447,0.626168,0.569892,0.65,0.66,0.663462,0.677083,0.582524,0.618557,0.609524,0.642105,0.653465,0.606061,0.618557,0.718447,0.580952,0.6,0.666667,0.598131,0.59,0.59,0.5625,0.576923,0.549451,0.651376,0.52381,0.715789,0.568421,0.609524,0.574468,0.613208,0.557522,0.574713,0.521739,0.656489,0.576577,0.640449,0.613861,0.575758,0.466667,0.526316,0.699029,0.546392,0.592233,0.618557,0.529412,0.632653,0.613861,0.626263,0.623656,0.598131,0.646552,0.654762,0.640777,0.639175,0.622642,0.531915,0.60396,0.717172,0.663265,0.617647,0.593407,0.587156,0.645833,0.634615,0.535088,0.627907,0.605263,0.593023,0.627273,0.555556,0.63,0.58,0.59434,0.606383,0.653061,0.637255,0.509259,0.608696,0.657143,0.536842,0.6,0.56,0.574468,0.669811,0.629213,0.612613,0.663462,0.583333,0.640777,0.536082,0.699029,0.71134,0.563107,0.618557,
81200,0.6,0.657143,0.616162,0.673267,0.607843,0.591837,0.555556,0.652174,0.588235,0.561224,0.613861,0.656566,0.533333,0.547368,0.548077,0.5625,0.643564,0.636364,0.680412,0.563107,0.68932,0.71134,0.488372,0.605263,0.62963,0.608696,0.565657,0.584158,0.68,0.42,0.645833,0.644231,0.557692,0.552083,0.707071,0.584158,0.618557,0.61165,0.612903,0.542056,0.528736,0.548673,0.647059,0.561224,0.559633,0.538462,0.663551,0.623656,0.642105,0.504762,0.56962,0.669421,0.623656,0.551402,0.691589,0.645161,0.632075,0.56383,0.655172,0.646018,0.592233,0.628866,0.581633,0.607843,0.561905,0.673684,0.625,0.625,0.6,0.663158,0.556604,0.56383,0.555556,0.49505,0.612245,0.627451,0.57,0.55,0.649123,0.55814,0.666667,0.644231,0.596154,0.5625,0.514851,0.636364,0.690722,0.533981,0.628866,0.640777,0.533333,0.589474,0.663636,0.6,0.57,0.61,0.699029,0.628866,0.573034,0.666667,
81400,0.621359,0.57732,0.728972,0.580645,0.582524,0.639175,0.637255,0.632653,0.666667,0.694737,0.527778,0.652174,0.605769,0.53125,0.56,0.69,0.647619,0.589474,0.606383,0.622642,0.541667,0.596154,0.602273,0.598214,0.576923,0.479167,0.541667,0.596154,0.529412,0.540816,0.567308,0.5,0.471698,0.648936,0.5,0.692308,0.556818,0.642857,0.655556,0.627273,0.591398,0.672897,0.673267,0.59596,0.568421,0.609524,0.693069,0.575758,0.554545,0.611111,0.65,0.53,0.6,0.547368,0.744681,0.622642,0.669903,0.608247,0.554348,0.555556,0.540816,0.529412,0.651685,0.684685,0.594595,0.550562,0.505495,0.522936,0.626263,0.594059,0.581818,0.611111,0.663158,0.552381,0.47619,0.610526,0.566038,0.606383,0.635417,0.528846,0.608247,0.660194,0.605505,0.571429,0.676768,0.554455,0.594059,0.545455,0.63,0.57,0.559633,0.582418,0.646465,0.584158,0.610526,0.647619,0.581633,0.656863,0.524752,0.59596,
81600,0.608696,0.527778,0.693878,0.588235,0.690722,0.61165,0.567308,0.572917,0.693878,0.607843,0.570093,0.623656,0.57732,0.601942,0.659794,0.582524,0.677778,0.6,0.638095,0.526316,0.66,0.64,0.63,0.56,0.548387,0.616822,0.5,0.543103,0.579545,0.5625,0.521739,0.635294,0.544643,0.625,0.666667,0.637168,0.666667,0.542056,0.595745,0.575472,0.626263,0.594059,0.66,0.57,0.606383,0.59434,0.657143,0.610526,0.705882,0.602041,0.558824,0.642857,0.588889,0.6,0.641304,0.62963,0.59375,0.576923,0.584158,0.484848,0.627451,0.612245,0.526316,0.619048,0.6,0.619048,0.591837,0.598039,0.542056,0.591398,0.537037,0.695652,0.631579,0.590476,0.663462,0.614583,0.528302,0.606383,0.650943,0.670213,0.587629,0.572816,0.586207,0.595238,0.553719,0.556962,0.561224,0.490196,0.59375,0.586538,0.630435,0.537037,0.54386,0.476744,0.622642,0.5,0.621053,0.609524,0.673267,0.676768,
81800,0.6,0.63,0.57,0.51,0.666667,0.60177,0.615385,0.645833,0.608247,0.708738,0.650485,0.659794,0.556701,0.61165,0.612903,0.626168,0.676471,0.642857,0.642105,0.6,0.533333,0.684211,0.623762,0.666667,0.642857,0.586207,0.654206,0.634409,0.660194,0.670103,0.686869,0.475248,0.655172,0.630952,0.633028,0.527473,0.647619,0.589474,0.673077,0.583333,0.515464,0.514563,0.732673,0.575758,0.625,0.541667,0.649485,0.640777,0.54,0.55,0.677778,0.654545,0.64,0.67,0.663366,0.545455,0.666667,0.672897,0.587629,0.582524,0.60396,0.525253,0.594059,0.666667,0.554455,0.565657,0.75,0.638889,0.555556,0.609091,0.52,0.54,0.548077,0.604167,0.55102,0.656863,0.631579,0.686047,0.62963,0.543478,0.566667,0.609091,0.569892,0.579439,0.60396,0.606061,0.56,0.49,0.592233,0.639175,0.612903,0.542056,0.653465,0.494949,0.670103,0.640777,0.627907,0.614035,0.640777,0.597938,
82000,0.744444,0.672727,0.621622,0.595506,0.646341,0.686441,0.571429,0.689655,0.602041,0.607843,0.570175,0.546512,0.51087,0.555556,0.606742,0.612613,0.663366,0.525253,0.686275,0.683673,0.5,0.627451,0.553398,0.618557,0.6,0.673684,0.61165,0.536082,0.594059,0.494949,0.54,0.6,0.594059,0.616162,0.594828,0.666667,0.613208,0.553191,0.601942,0.680412,0.565657,0.70297,0.554545,0.522222,0.544554,0.69697,0.625,0.613636,0.657407,0.554348,0.719512,0.559322,0.495327,0.516129,0.649485,0.621359,0.706522,0.583333,0.639175,0.514563,0.590909,0.535714,0.566372,0.666667,0.616071,0.647727,0.627273,0.666667,0.697917,0.509615,0.553191,0.566038,0.72043,0.579439,0.557522,0.563218,0.601852,0.641304,0.65625,0.644231,0.612245,0.607843,0.547619,0.586207,0.627451,0.510204,0.626263,0.60396,0.541667,0.605769,0.637363,0.614679,0.56701,0.485437,0.625,0.608333,0.657143,0.610526,0.569892,0.700935,
82200,0.622642,0.585106,0.617978,0.612613,0.676768,0.594059,0.648148,0.48913,0.635417,0.567308,0.489796,0.529412,0.643564,0.59596,0.609524,0.684211,0.634409,0.607477,0.673469,0.54902,0.633663,0.545455,0.721649,0.601942,0.615385,0.645833,0.587156,0.593407,0.574074,0.608696,0.606061,0.683168,0.548077,0.677083,0.490566,0.638298,0.524272,0.597938,0.597561,0.576271,0.648936,0.622642,0.67619,0.536842,0.6,0.556522,0.709677,0.616822,0.585366,0.627119,0.663158,0.609524,0.59633,0.593407,0.6875,0.615385,0.653061,0.558824,0.631068,0.536082,0.641304,0.537037,0.518987,0.636364,0.553398,0.649485,0.588785,0.602151,0.568627,0.591837,0.57732,0.601942,0.563107,0.587629,0.685393,0.612613,0.626263,0.673267,0.660377,0.56383,0.658537,0.601695,0.696078,0.612245,0.617978,0.585586,0.598039,0.561224,0.592593,0.652174,0.655914,0.579439,0.670103,0.514563,0.652632,0.695238,0.631579,0.695238,0.676471,0.622449,
82400,0.642857,0.598039,0.659794,0.543689,0.731959,0.61165,0.55102,0.588235,0.647059,0.612245,0.535354,0.663366,0.53211,0.538462,0.654545,0.611111,0.700935,0.580645,0.598131,0.731183,0.596154,0.53125,0.669811,0.638298,0.54023,0.646018,0.663793,0.607143,0.581818,0.544444,0.6,0.64,0.548387,0.691589,0.591398,0.616822,0.590476,0.578947,0.6,0.544444,0.551402,0.591398,0.648936,0.650943,0.557692,0.625,0.5,0.697917,0.601852,0.641304,0.65625,0.557692,0.59,0.57,0.591837,0.627451,0.66,0.56,0.631068,0.639175,0.522727,0.535714,0.59596,0.663366,0.484848,0.712871,0.552381,0.557895,0.606061,0.653465,0.468085,0.518868,0.607843,0.622449,0.610619,0.678161,0.564356,0.585859,0.638889,0.543478,0.627273,0.566667,0.495575,0.655172,0.623656,0.64486,0.596154,0.697917,0.633028,0.538462,0.556701,0.631068,0.568182,0.526786,0.583333,0.625,0.55914,0.626168,0.57732,0.572816,
82600,0.6,0.654545,0.555556,0.623762,0.638298,0.613208,0.633663,0.656566,0.590909,0.555556,0.596154,0.6875,0.639175,0.572816,0.597938,0.640777,0.609524,0.589474,0.650943,0.659574,0.663636,0.755556,0.549451,0.623853,0.641509,0.638298,0.548387,0.476636,0.542056,0.591398,0.556701,0.572816,0.607843,0.581633,0.6,0.561905,0.63964,0.629213,0.568807,0.615385,0.577982,0.516484,0.55,0.57,0.589474,0.485714,0.557895,0.628571,0.464286,0.603448,0.614583,0.644231,0.519231,0.53125,0.641509,0.617021,0.603604,0.707865,0.531915,0.660377,0.699029,0.608247,0.593023,0.605263,0.606742,0.675676,0.55,0.57,0.568182,0.607143,0.45,0.59,0.54902,0.602041,0.716981,0.62766,0.663636,0.555556,0.698113,0.585106,0.628571,0.610526,0.613208,0.574468,0.602041,0.539216,0.542056,0.623656,0.561224,0.705882,0.580952,0.578947,0.647059,0.581633,0.686869,0.613861,0.587156,0.604396,0.5625,0.615385,
82800,0.677778,0.572727,0.680851,0.584906,0.601852,0.728261,0.61,0.59,0.717172,0.633663,0.55914,0.579439,0.661017,0.54878,0.653465,0.555556,0.637168,0.62069,0.582418,0.697248,0.494118,0.573913,0.60396,0.616162,0.609524,0.652632,0.697917,0.596154,0.60396,0.545455,0.614458,0.632479,0.680851,0.59434,0.574468,0.528302,0.740385,0.59375,0.695238,0.6,0.615385,0.53125,0.742268,0.553398,0.591304,0.6,0.5625,0.704545,0.606383,0.613208,0.563107,0.690722,0.505051,0.683168,0.590909,0.660714,0.59596,0.623762,0.648936,0.679245,0.72,0.51,0.588235,0.622449,0.631068,0.659794,0.544554,0.59596,0.6,0.55,0.6,0.609524,0.546512,0.578947,0.621622,0.606742,0.62,0.65,0.704762,0.515789,0.603774,0.606383,0.522523,0.606742,0.572917,0.634615,0.6,0.59,0.626263,0.60396,0.603604,0.640449,0.541284,0.494505,0.558559,0.595506,0.631579,0.571429,0.626263,0.574257,
83000,0.563636,0.611111,0.598131,0.516129,0.679612,0.670103,0.546392,0.679612,0.612245,0.598039,0.637255,0.642857,0.590164,0.589744,0.61,0.68,0.58,0.67,0.663265,0.568627,0.515152,0.594059,0.601852,0.673913,0.561224,0.637255,0.612245,0.568627,0.589474,0.628571,0.608247,0.563107,0.5,0.735849,0.614035,0.534884,0.601942,0.639175,0.514286,0.589474,0.563107,0.56701,0.651786,0.556818,0.441176,0.642857,0.647619,0.589474,0.612245,0.627451,0.804124,0.640777,0.579439,0.580645,0.612245,0.647059,0.552083,0.730769,0.574257,0.616162,0.683168,0.575758,0.61,0.64,0.692308,0.5625,0.585106,0.566038,0.631579,0.647619,0.601852,0.717391,0.565657,0.623762,0.582609,0.647059,0.663366,0.707071,0.538462,0.550459,0.712766,0.632075,0.536082,0.699029,0.583333,0.608696,0.588235,0.530612,0.607843,0.663265,0.58,0.6,0.666667,0.654545,0.602041,0.637255,0.675,0.591667,0.580952,0.694737,
83200,0.59596,0.554455,0.587629,0.582524,0.578431,0.622449,0.660714,0.613636,0.662921,0.666667,0.601942,0.680412,0.574257,0.565657,0.571429,0.647059,0.622642,0.617021,0.684211,0.638095,0.6,0.715789,0.638889,0.695652,0.523364,0.623656,0.604938,0.621849,0.585859,0.633663,0.574713,0.619469,0.46729,0.602151,0.609524,0.589474,0.64486,0.505376,0.505376,0.616822,0.538462,0.522936,0.617021,0.59434,0.57,0.64,0.556701,0.718447,0.647059,0.693878,0.677419,0.598131,0.616162,0.623762,0.61165,0.608247,0.602151,0.635514,0.5625,0.586538,0.553398,0.649485,0.617021,0.669811,0.55,0.64,0.545455,0.584158,0.546392,0.601942,0.511111,0.618182,0.623656,0.616822,0.58,0.59,0.653061,0.607843,0.623656,0.523364,0.588889,0.527273,0.532609,0.601852,0.54717,0.574468,0.653846,0.572917,0.568421,0.6,0.627451,0.591837,0.619048,0.589474,0.586538,0.645833,0.65,0.63,0.705882,0.581633,
83400,0.666667,0.574257,0.635294,0.573913,0.568966,0.583333,0.55,0.56,0.647059,0.683673,0.633929,0.625,0.548077,0.65625,0.53,0.61,0.641975,0.571429,0.65625,0.576923,0.6,0.580952,0.574257,0.606061,0.551724,0.637168,0.519608,0.581633,0.576923,0.625,0.645833,0.653846,0.659794,0.68932,0.533333,0.672727,0.6,0.494737,0.669492,0.597561,0.646465,0.613861,0.610169,0.52439,0.630435,0.574074,0.703704,0.630435,0.572917,0.538462,0.635514,0.55914,0.583333,0.634615,0.69,0.69,0.701923,0.604167,0.567568,0.606742,0.632653,0.529412,0.574468,0.679245,0.533333,0.621053,0.540816,0.656863,0.663462,0.572917,0.555556,0.594059,0.625,0.465909,0.596154,0.614583,0.69697,0.60396,0.741935,0.551402,0.598131,0.602151,0.571429,0.631579,0.626263,0.534653,0.634783,0.494118,0.581633,0.656863,0.52381,0.610526,0.565217,0.592593,0.590909,0.678571,0.609524,0.715789,0.684783,0.555556,
83600,0.604167,0.557692,0.696078,0.683673,0.577236,0.571429,0.727273,0.589286,0.69697,0.544554,0.604167,0.644231,0.701923,0.59375,0.588235,0.632653,0.642202,0.648352,0.652174,0.62963,0.526882,0.551402,0.612903,0.663551,0.531915,0.679245,0.623762,0.636364,0.556818,0.633929,0.616162,0.653465,0.581818,0.577778,0.734043,0.59434,0.66055,0.681319,0.608247,0.61165,0.660377,0.670213,0.728261,0.5,0.629213,0.540541,0.68932,0.587629,0.673267,0.707071,0.69697,0.613861,0.597938,0.553398,0.588235,0.561224,0.633663,0.676768,0.556701,0.660194,0.636364,0.673267,0.54717,0.62766,0.62,0.61,0.542553,0.575472,0.617647,0.622449,0.584158,0.656566,0.670103,0.563107,0.613861,0.636364,0.505376,0.570093,0.598039,0.571429,0.574713,0.654867,0.647619,0.673684,0.578431,0.561224,0.622449,0.637255,0.59375,0.663462,0.580357,0.681818,0.613208,0.606383,0.556818,0.660714,0.612613,0.573034,0.565657,0.663366,
83800,0.669811,0.595745,0.642857,0.617647,0.556701,0.640777,0.515152,0.594059,0.566038,0.638298,0.585586,0.651685,0.566667,0.636364,0.631579,0.6,0.761905,0.62931,0.666667,0.615385,0.534091,0.660714,0.702128,0.679245,0.601942,0.628866,0.619048,0.473684,0.711538,0.614583,0.657658,0.629213,0.567308,0.59375,0.648352,0.651376,0.68,0.58,0.672897,0.602151,0.648936,0.716981,0.586207,0.607143,0.577982,0.593407,0.650485,0.649485,0.597938,0.601942,0.638298,0.698113,0.649573,0.626506,0.576087,0.638889,0.638095,0.631579,0.581633,0.588235,0.672897,0.569892,0.558559,0.617978,0.536082,0.650485,0.59633,0.659341,0.52381,0.557895,0.59,0.63,0.570093,0.591398,0.584158,0.545455,0.583333,0.532609,0.521739,0.638889,0.572917,0.653846,0.598131,0.55914,0.647059,0.642857,0.555556,0.653465,0.642202,0.659341,0.592233,0.670103,0.574468,0.54717,0.556604,0.574468,0.638298,0.603774,0.627273,0.688889,
84000,0.635417,0.615385,0.628571,0.515789,0.597938,0.621359,0.71,0.71,0.666667,0.557895,0.569767,0.631579,0.576577,0.58427,0.626374,0.541284,0.654206,0.655914,0.623762,0.535354,0.597938,0.650485,0.674699,0.547009,0.68,0.67,0.563107,0.597938,0.617021,0.632075,0.53125,0.538462,0.545455,0.611111,0.631068,0.639175,0.680412,0.495146,0.554455,0.59596,0.641304,0.490741,0.616162,0.554455,0.609195,0.548673,0.653465,0.676768,0.643564,0.626263,0.651376,0.56044,0.617647,0.55102,0.738739,0.629213,0.565657,0.653465,0.632075,0.606383,0.559633,0.505495,0.564356,0.575758,0.618557,0.61165,0.630631,0.606742,0.571429,0.558824,0.584158,0.686869,0.594828,0.619048,0.650485,0.525773,0.561798,0.621622,0.613208,0.585106,0.607477,0.569892,0.557692,0.59375,0.618557,0.631068,0.59596,0.574257,0.542553,0.650943,0.666667,0.630435,0.604167,0.528846,0.650485,0.639175,0.653465,0.636364,0.651163,0.640351,
84200,0.708333,0.625,0.572816,0.536082,0.50495,0.616162,0.536082,0.572816,0.673684,0.628571,0.66,0.6,0.651163,0.535088,0.68932,0.587629,0.637363,0.669725,0.666667,0.596154,0.733333,0.621053,0.622222,0.581818,0.612245,0.607843,0.617647,0.642857,0.615385,0.669725,0.630435,0.666667,0.466667,0.631579,0.72043,0.560748,0.692308,0.635417,0.663717,0.643678,0.618557,0.533981,0.662921,0.558559,0.538462,0.614679,0.504854,0.649485,0.627907,0.570175,0.673267,0.636364,0.61,0.59,0.61165,0.670103,0.592593,0.554348,0.616162,0.663366,0.655172,0.584071,0.642857,0.647059,0.638889,0.652174,0.625,0.605769,0.561224,0.588235,0.590164,0.615385,0.534653,0.717172,0.548077,0.645833,0.637255,0.653061,0.617021,0.603774,0.567568,0.617978,0.601942,0.587629,0.557895,0.447619,0.584906,0.574468,0.6,0.65,0.588235,0.622449,0.578431,0.530612,0.62766,0.632075,0.652174,0.537037,0.535354,0.613861,
84400,0.626374,0.550459,0.628571,0.494737,0.6,0.536364,0.510204,0.558824,0.673077,0.614583,0.686869,0.693069,0.593407,0.522936,0.650602,0.57265,0.72973,0.606742,0.676768,0.594059,0.676768,0.594059,0.764045,0.684685,0.55,0.64,0.647727,0.580357,0.652174,0.623529,0.722222,0.663636,0.596154,0.53125,0.640777,0.515464,0.646465,0.544554,0.644231,0.65625,0.56,0.57,0.672727,0.666667,0.490196,0.591837,0.648352,0.605505,0.571429,0.696078,0.742268,0.679612,0.633663,0.656566,0.653061,0.598039,0.574468,0.566038,0.601942,0.597938,0.553191,0.641509,0.537634,0.691589,0.524272,0.618557,0.546392,0.592233,0.505618,0.630631,0.518519,0.608696,0.644444,0.609091,0.663043,0.583333,0.641304,0.638889,0.57265,0.590361,0.656566,0.643564,0.544643,0.625,0.633663,0.59596,0.602041,0.637255,0.560748,0.548387,0.676768,0.613861,0.581818,0.577778,0.565657,0.514851,0.627907,0.622807,0.676471,0.642857,
84600,0.603774,0.606383,0.574074,0.630435,0.652632,0.619048,0.649485,0.737864,0.666667,0.654206,0.639175,0.679612,0.505263,0.638095,0.544554,0.686869,0.622642,0.638298,0.653846,0.572917,0.574468,0.584906,0.663265,0.696078,0.64,0.58,0.561798,0.576577,0.552381,0.642105,0.692308,0.583333,0.619565,0.592593,0.573034,0.63964,0.534653,0.616162,0.65,0.6,0.575758,0.623762,0.587156,0.571429,0.6,0.621053,0.561404,0.534884,0.666667,0.55102,0.640449,0.603604,0.653465,0.494949,0.672897,0.655914,0.69697,0.584158,0.564356,0.505051,0.591837,0.617647,0.581633,0.656863,0.590909,0.588889,0.627451,0.581633,0.598039,0.591837,0.574074,0.717391,0.54,0.57,0.56701,0.543689,0.545455,0.663366,0.623762,0.616162,0.632075,0.56383,0.509615,0.53125,0.561224,0.607843,0.617391,0.635294,0.571429,0.684211,0.588235,0.642857,0.697917,0.5,0.666667,0.663158,0.686275,0.571429,0.686869,0.653465,
84800,0.607143,0.625,0.572816,0.597938,0.635417,0.682692,0.666667,0.606742,0.621359,0.659794,0.666667,0.60396,0.602041,0.578431,0.597701,0.566372,0.627273,0.522222,0.591304,0.694118,0.526316,0.580952,0.540541,0.58427,0.660377,0.606383,0.565657,0.514851,0.634615,0.552083,0.546392,0.524272,0.560748,0.634409,0.563107,0.639175,0.626263,0.514851,0.546296,0.652174,0.646465,0.70297,0.601942,0.56701,0.602041,0.578431,0.666667,0.663158,0.522936,0.67033,0.644444,0.6,0.699029,0.556701,0.621359,0.680412,0.637363,0.587156,0.603774,0.595745,0.530612,0.588235,0.5,0.595745,0.586538,0.666667,0.578431,0.632653,0.628866,0.524272,0.531915,0.603774,0.648352,0.522936,0.567308,0.614583,0.638095,0.621053,0.609524,0.536842,0.708333,0.528846,0.651376,0.67033,0.59596,0.663366,0.574257,0.656566,0.52381,0.610526,0.587629,0.592233,0.617021,0.575472,0.607477,0.569892,0.626263,0.613861,0.691489,0.641509,
85000,0.61165,0.56701,0.683761,0.626506,0.684685,0.617978,0.705882,0.612245,0.76699,0.639175,0.59292,0.597701,0.542857,0.505263,0.616162,0.673267,0.604396,0.577982,0.619048,0.473684,0.622642,0.521277,0.672897,0.591398,0.605769,0.59375,0.635417,0.567308,0.6,0.638095,0.585106,0.622642,0.606383,0.59434,0.677419,0.616822,0.625,0.580357,0.53,0.67,0.561905,0.526316,0.613861,0.626263,0.591837,0.607843,0.685714,0.589474,0.663551,0.537634,0.59633,0.637363,0.581395,0.535088,0.546392,0.640777,0.56383,0.556604,0.59633,0.582418,0.652174,0.552941,0.534653,0.646465,0.54,0.56,0.578431,0.571429,0.597701,0.707965,0.558824,0.653061,0.58,0.51,0.626263,0.712871,0.719626,0.623656,0.631579,0.619048,0.66,0.66,0.679612,0.597938,0.65,0.69,0.598039,0.602041,0.566667,0.618182,0.59596,0.564356,0.654545,0.588889,0.590476,0.578947,0.546392,0.640777,0.596154,0.645833,
85200,0.602041,0.588235,0.470588,0.642857,0.64,0.64,0.592593,0.543478,0.636364,0.732673,0.616162,0.663366,0.5,0.622449,0.572816,0.639175,0.561224,0.617647,0.630631,0.707865,0.638889,0.532609,0.681818,0.666667,0.580645,0.64486,0.574074,0.532609,0.59434,0.62766,0.547619,0.655172,0.468468,0.595506,0.515152,0.683168,0.563107,0.57732,0.589474,0.695238,0.736842,0.52381,0.567308,0.635417,0.6,0.684211,0.701923,0.59375,0.596154,0.604167,0.701923,0.666667,0.663462,0.520833,0.572816,0.659794,0.596154,0.635417,0.566667,0.645455,0.697248,0.538462,0.5625,0.591667,0.6,0.54,0.643678,0.60177,0.53211,0.582418,0.585106,0.716981,0.541667,0.538462,0.489583,0.663462,0.68,0.57,0.708738,0.494845,0.72043,0.588785,0.589474,0.552381,0.616162,0.514851,0.675926,0.565217,0.552083,0.5,0.621053,0.561905,0.65,0.61,0.631579,0.55814,0.536842,0.628571,0.553398,0.731959,
85400,0.544554,0.575758,0.647059,0.581633,0.625,0.644231,0.603774,0.595745,0.583333,0.615385,0.597938,0.669903,0.606383,0.613208,0.485437,0.515464,0.622222,0.581818,0.694737,0.638095,0.625,0.548077,0.647727,0.696429,0.572816,0.649485,0.514851,0.626263,0.588785,0.580645,0.6,0.63,0.618557,0.601942,0.59375,0.605769,0.486239,0.659341,0.54902,0.642857,0.615385,0.568807,0.56,0.64,0.626374,0.633028,0.587156,0.703297,0.673913,0.574074,0.617021,0.566038,0.625,0.607143,0.648148,0.684783,0.611111,0.586957,0.54717,0.574468,0.548387,0.53271,0.591667,0.65,0.601852,0.619565,0.637255,0.459184,0.660194,0.597938,0.628866,0.660194,0.53012,0.632479,0.6,0.647619,0.592593,0.619565,0.617978,0.657658,0.53271,0.645161,0.59434,0.542553,0.666667,0.530612,0.648936,0.537736,0.638298,0.54717,0.57,0.56,0.571429,0.568421,0.64486,0.612903,0.565217,0.592593,0.59292,0.678161,
85600,0.645833,0.625,0.639175,0.650485,0.65,0.61,0.622449,0.607843,0.662921,0.603604,0.558824,0.744898,0.591837,0.5,0.603448,0.630952,0.634615,0.71875,0.642857,0.676471,0.581633,0.490196,0.622449,0.607843,0.563636,0.677778,0.63,0.52,0.635417,0.557692,0.567308,0.583333,0.635417,0.596154,0.696629,0.567568,0.690476,0.491379,0.560748,0.526882,0.612245,0.607843,0.663462,0.635417,0.596154,0.583333,0.613861,0.636364,0.630631,0.58427,0.655556,0.6,0.6,0.633333,0.57,0.63,0.577778,0.545455,0.541667,0.5,0.564356,0.606061,0.569767,0.614035,0.5,0.596154,0.607477,0.55914,0.609524,0.621053,0.596154,0.697917,0.575472,0.478723,0.637255,0.663265,0.684211,0.639535,0.685714,0.557895,0.5625,0.576923,0.597826,0.62037,0.536585,0.508475,0.634409,0.607477,0.494949,0.653465,0.601942,0.597938,0.663551,0.548387,0.571429,0.610526,0.670455,0.607143,0.558824,0.591837,
85800,0.607843,0.673469,0.61,0.65,0.594828,0.678571,0.536082,0.553398,0.666667,0.663366,0.591398,0.672897,0.601942,0.597938,0.621622,0.52809,0.69,0.58,0.577778,0.6,0.55914,0.607477,0.607843,0.612245,0.611111,0.641304,0.663265,0.54902,0.638298,0.556604,0.663551,0.623656,0.673077,0.645833,0.55,0.5,0.536082,0.553398,0.531915,0.698113,0.555556,0.590909,0.592233,0.597938,0.642202,0.637363,0.538462,0.518072,0.734043,0.54717,0.627451,0.622449,0.640351,0.616279,0.588235,0.663265,0.613208,0.489362,0.65,0.63,0.660194,0.525773,0.595745,0.716981,0.576923,0.614583,0.490566,0.510638,0.60396,0.525253,0.59434,0.62766,0.515152,0.633663,0.683168,0.626263,0.586538,0.541667,0.547368,0.638095,0.571429,0.666667,0.625,0.59375,0.609091,0.622222,0.585859,0.574257,0.526882,0.635514,0.657407,0.554348,0.559524,0.646552,0.663265,0.607843,0.580645,0.579439,0.692308,0.583333,
86000,0.672897,0.569892,0.634409,0.607477,0.636364,0.722772,0.544554,0.686869,0.613861,0.606061,0.555556,0.645455,0.572917,0.634615,0.645161,0.626168,0.626263,0.50495,0.601942,0.628866,0.490566,0.574468,0.545455,0.643564,0.76087,0.62963,0.592593,0.652174,0.61165,0.680412,0.666667,0.71028,0.554622,0.530864,0.575758,0.653465,0.655914,0.504673,0.651163,0.605263,0.785714,0.568182,0.634615,0.635417,0.531915,0.688679,0.552083,0.663462,0.590909,0.7,0.673267,0.59596,0.660194,0.515464,0.7,0.59,0.528846,0.635417,0.670103,0.533981,0.651685,0.522523,0.510638,0.566038,0.645833,0.663462,0.544444,0.654545,0.572727,0.611111,0.489796,0.656863,0.563107,0.525773,0.62766,0.669811,0.623853,0.56044,0.627451,0.510204,0.556701,0.533981,0.60396,0.59596,0.59375,0.557692,0.593407,0.688073,0.631579,0.561905,0.6,0.657143,0.623656,0.560748,0.484848,0.514851,0.679612,0.597938,0.672566,0.678161,
86200,0.591398,0.64486,0.60177,0.632184,0.630631,0.617978,0.631579,0.733333,0.708333,0.682692,0.644231,0.635417,0.623762,0.585859,0.646465,0.643564,0.631068,0.484536,0.604167,0.528846,0.548077,0.645833,0.590909,0.616071,0.757895,0.666667,0.666667,0.682243,0.73913,0.675926,0.617647,0.693878,0.552381,0.684211,0.46729,0.569892,0.55102,0.666667,0.591837,0.705882,0.588785,0.612903,0.604396,0.623853,0.6,0.61,0.606383,0.650943,0.686869,0.554455,0.604167,0.663462,0.57,0.63,0.575758,0.623762,0.561224,0.686275,0.584906,0.595745,0.623853,0.604396,0.663551,0.666667,0.59,0.54,0.637255,0.642857,0.479592,0.568627,0.484536,0.592233,0.637255,0.602041,0.623656,0.64486,0.589474,0.6,0.740385,0.572917,0.553398,0.57732,0.590476,0.652632,0.606061,0.574257,0.657407,0.641304,0.609091,0.566667,0.419048,0.631579,0.656863,0.622449,0.574257,0.515152,0.63,0.6,0.561798,0.666667,
86400,0.601852,0.608696,0.666667,0.578947,0.584158,0.676768,0.561905,0.589474,0.622449,0.656863,0.62931,0.702381,0.578313,0.615385,0.546392,0.621359,0.666667,0.617978,0.649485,0.533981,0.634146,0.644068,0.554545,0.577778,0.640777,0.587629,0.66,0.61,0.616162,0.564356,0.715686,0.704082,0.633663,0.565657,0.675926,0.673913,0.578431,0.663265,0.566667,0.709091,0.61,0.65,0.60396,0.555556,0.566038,0.659574,0.675439,0.581395,0.575472,0.595745,0.597826,0.611111,0.610619,0.551724,0.571429,0.589474,0.636364,0.5625,0.582524,0.57732,0.614679,0.615385,0.683673,0.647059,0.659794,0.61165,0.663866,0.617284,0.63,0.62,0.572727,0.622222,0.509804,0.622449,0.555556,0.70297,0.571429,0.610526,0.711111,0.581818,0.642857,0.522727,0.604167,0.605769,0.654206,0.645161,0.616279,0.605263,0.552381,0.568421,0.611111,0.627273,0.619565,0.490741,0.564356,0.616162,0.683673,0.72549,0.594595,0.58427,
86600,0.663043,0.574074,0.597826,0.546296,0.757282,0.597938,0.647059,0.612245,0.704082,0.607843,0.619048,0.547368,0.505155,0.61165,0.636364,0.653465,0.601852,0.608696,0.612613,0.629213,0.625,0.572917,0.565217,0.635294,0.71134,0.660194,0.613208,0.617021,0.622449,0.647059,0.56701,0.631068,0.625,0.625,0.590909,0.644444,0.586957,0.62963,0.626374,0.59633,0.571429,0.627451,0.648936,0.650943,0.568966,0.583333,0.612069,0.654762,0.597826,0.546296,0.656863,0.622449,0.466667,0.609091,0.602041,0.686275,0.606061,0.653465,0.544444,0.590909,0.636364,0.577778,0.567568,0.58427,0.608247,0.601942,0.484536,0.582524,0.565217,0.601852,0.623762,0.565657,0.623762,0.606061,0.622222,0.645455,0.598131,0.752688,0.731481,0.684783,0.52439,0.567797,0.566667,0.609091,0.636364,0.577778,0.596154,0.552083,0.561905,0.568421,0.519231,0.5625,0.578431,0.632653,0.530612,0.637255,0.638889,0.706522,0.683168,0.565657,
86800,0.693878,0.617647,0.543689,0.587629,0.617978,0.594595,0.63,0.64,0.634615,0.614583,0.66,0.64,0.549451,0.568807,0.539216,0.622449,0.505051,0.584158,0.663462,0.697917,0.645833,0.701923,0.629213,0.621622,0.541284,0.681319,0.520833,0.557692,0.603774,0.574468,0.505155,0.728155,0.504425,0.597701,0.62766,0.660377,0.68932,0.515464,0.627907,0.657895,0.465347,0.636364,0.666667,0.519231,0.483871,0.607477,0.656863,0.602041,0.56701,0.640777,0.637255,0.642857,0.568807,0.659341,0.702128,0.54717,0.703704,0.608696,0.537736,0.595745,0.546392,0.61165,0.569767,0.640351,0.489583,0.605769,0.627451,0.571429,0.516129,0.691589,0.597938,0.631068,0.652174,0.592593,0.648148,0.576087,0.515152,0.60396,0.65625,0.557692,0.640777,0.71134,0.602041,0.627451,0.66087,0.564706,0.656863,0.632653,0.544643,0.613636,0.597938,0.61165,0.580357,0.488636,0.650485,0.618557,0.58,0.7,0.567568,0.764045,
87000,0.621622,0.674157,0.617647,0.653061,0.646465,0.584158,0.536842,0.619048,0.674419,0.622807,0.59434,0.617021,0.558824,0.581633,0.519231,0.604167,0.57732,0.699029,0.601942,0.57732,0.616162,0.544554,0.555556,0.683168,0.65625,0.663462,0.632653,0.627451,0.651685,0.648649,0.679245,0.606383,0.616162,0.594059,0.635514,0.602151,0.606061,0.564356,0.585586,0.595506,0.673077,0.708333,0.644444,0.654545,0.530973,0.678161,0.694737,0.657143,0.538462,0.587156,0.68,0.61,0.647059,0.561224,0.656863,0.581633,0.65625,0.663462,0.647727,0.633929,0.516129,0.616822,0.528302,0.638298,0.653846,0.59375,0.616162,0.584158,0.512195,0.559322,0.542056,0.548387,0.616162,0.584158,0.66055,0.593407,0.548077,0.677083,0.592233,0.505155,0.526882,0.64486,0.588785,0.655914,0.622642,0.56383,0.623656,0.616822,0.581818,0.655556,0.588235,0.612245,0.604167,0.605769,0.605769,0.65625,0.605769,0.625,0.62037,0.641304,
87200,0.592233,0.556701,0.522936,0.648352,0.55102,0.617647,0.474227,0.582524,0.607143,0.602273,0.669811,0.542553,0.572816,0.587629,0.561404,0.523256,0.71875,0.634615,0.666667,0.663793,0.65,0.62,0.6,0.590476,0.606383,0.54717,0.617647,0.479592,0.575758,0.574257,0.574713,0.619469,0.53211,0.593407,0.643564,0.656566,0.564103,0.614754,0.623656,0.672897,0.550562,0.603604,0.495652,0.611765,0.581633,0.696078,0.554455,0.676768,0.61165,0.639175,0.602041,0.568627,0.543478,0.638889,0.626168,0.645161,0.612903,0.570093,0.611111,0.627273,0.595506,0.513514,0.611111,0.663043,0.660377,0.574468,0.673469,0.666667,0.504425,0.517241,0.555556,0.581818,0.606742,0.63964,0.625,0.663462,0.590909,0.522222,0.651685,0.531532,0.615385,0.614583,0.557692,0.59375,0.584158,0.646465,0.59596,0.653465,0.6,0.67619,0.494845,0.660194,0.617978,0.540541,0.520408,0.598039,0.554545,0.622222,0.618182,0.644444,
87400,0.616162,0.564356,0.630631,0.629213,0.545455,0.7,0.537736,0.617021,0.680851,0.603774,0.586538,0.614583,0.638095,0.536842,0.490385,0.614583,0.585859,0.643564,0.602041,0.637255,0.682243,0.548387,0.504762,0.6,0.636364,0.678571,0.62,0.54,0.711111,0.554545,0.659574,0.632075,0.510204,0.617647,0.638298,0.669811,0.557895,0.647619,0.571429,0.529412,0.587156,0.593407,0.72093,0.657895,0.587629,0.572816,0.679245,0.638298,0.595506,0.612613,0.660194,0.556701,0.626168,0.634409,0.631068,0.659794,0.714286,0.607843,0.608696,0.658824,0.672897,0.526882,0.663158,0.609524,0.534884,0.631579,0.537037,0.695652,0.640449,0.612613,0.574713,0.654867,0.657895,0.581395,0.593407,0.697248,0.525773,0.650485,0.597938,0.553398,0.571429,0.558824,0.509804,0.693878,0.625,0.616071,0.617647,0.591837,0.617647,0.581633,0.573913,0.635294,0.622642,0.404255,0.54386,0.604651,0.639175,0.572816,0.592233,0.618557,
87600,0.683168,0.606061,0.571429,0.770642,0.584158,0.616162,0.655172,0.672566,0.561798,0.621622,0.567568,0.629213,0.58,0.59,0.580952,0.610526,0.558824,0.663265,0.598131,0.655914,0.621359,0.628866,0.645833,0.740385,0.601852,0.728261,0.55102,0.627451,0.683168,0.616162,0.606061,0.623762,0.521739,0.583333,0.494382,0.495495,0.653061,0.588235,0.612613,0.651685,0.653465,0.606061,0.617647,0.622449,0.483146,0.648649,0.714286,0.539216,0.688172,0.635514,0.663158,0.609524,0.655556,0.581818,0.593023,0.675439,0.613208,0.648936,0.604167,0.596154,0.675926,0.554348,0.712871,0.646465,0.584158,0.585859,0.517241,0.47619,0.614679,0.571429,0.54878,0.627119,0.606061,0.554455,0.596154,0.604167,0.604167,0.730769,0.595745,0.584906,0.534653,0.59596,0.564815,0.652174,0.622222,0.609091,0.542857,0.557895,0.595745,0.641509,0.5625,0.605769,0.612903,0.46729,0.563107,0.57732,0.645455,0.555556,0.64486,0.698925,
87800,0.5625,0.634615,0.535354,0.623762,0.613861,0.565657,0.585859,0.564356,0.632653,0.598039,0.61,0.6,0.628866,0.61165,0.631068,0.556701,0.602041,0.558824,0.646341,0.627119,0.678899,0.692308,0.55914,0.616822,0.565657,0.633663,0.583333,0.557692,0.608696,0.546296,0.418367,0.509804,0.510417,0.490385,0.584158,0.616162,0.612903,0.635514,0.618557,0.640777,0.592593,0.565217,0.61165,0.57732,0.547619,0.646552,0.520833,0.625,0.5,0.650943,0.688889,0.654545,0.681818,0.607143,0.642202,0.681319,0.656863,0.591837,0.685185,0.554348,0.571429,0.477273,0.653061,0.607843,0.623762,0.59596,0.622642,0.553191,0.561404,0.511628,0.557692,0.59375,0.595506,0.612613,0.55914,0.64486,0.639175,0.621359,0.62,0.58,0.547368,0.657143,0.387387,0.651685,0.609524,0.610526,0.588235,0.571429,0.525253,0.60396,0.544554,0.626263,0.569892,0.542056,0.633929,0.647727,0.617647,0.632653,0.635417,0.615385,
88000,0.598131,0.623656,0.598131,0.655914,0.62,0.62,0.657407,0.619565,0.615385,0.53125,0.617647,0.55102,0.5,0.574468,0.622449,0.588235,0.616822,0.569892,0.653846,0.604167,0.645161,0.64486,0.657658,0.707865,0.61,0.59,0.59,0.53,0.605505,0.615385,0.705263,0.580952,0.712963,0.597826,0.645833,0.644231,0.65,0.52,0.612613,0.662921,0.628866,0.68932,0.544554,0.474747,0.563107,0.597938,0.673267,0.636364,0.712644,0.59292,0.574257,0.585859,0.566667,0.627273,0.633333,0.618182,0.673684,0.666667,0.543478,0.555556,0.631068,0.484536,0.765306,0.705882,0.651376,0.637363,0.679012,0.537815,0.526882,0.64486,0.578947,0.714286,0.5,0.695652,0.640777,0.597938,0.56383,0.641509,0.663462,0.59375,0.568807,0.538462,0.506173,0.672269,0.53,0.62,0.628571,0.568421,0.647619,0.578947,0.557692,0.583333,0.520408,0.588235,0.657143,0.684211,0.695652,0.685185,0.59,0.72,
88200,0.631579,0.504762,0.60396,0.626263,0.666667,0.629213,0.566667,0.563636,0.674157,0.603604,0.712871,0.646465,0.527473,0.614679,0.548077,0.583333,0.642202,0.538462,0.660194,0.659794,0.663551,0.655914,0.613208,0.648936,0.59375,0.567308,0.608247,0.61165,0.71134,0.592233,0.584158,0.656566,0.566038,0.659574,0.643564,0.575758,0.690909,0.633333,0.598039,0.540816,0.622449,0.568627,0.589474,0.571429,0.606061,0.693069,0.653061,0.607843,0.697917,0.576923,0.584158,0.565657,0.545455,0.633663,0.548387,0.635514,0.677419,0.607477,0.6,0.529412,0.673469,0.519608,0.60241,0.606838,0.628866,0.640777,0.698113,0.56383,0.58,0.59,0.529412,0.581633,0.618557,0.553398,0.71134,0.592233,0.632184,0.619469,0.686869,0.613861,0.59,0.58,0.621053,0.609524,0.633663,0.555556,0.594059,0.686869,0.529412,0.663265,0.520408,0.637255,0.638298,0.584906,0.659794,0.543689,0.56044,0.587156,0.68,0.7,
88400,0.606061,0.653465,0.625,0.571429,0.610526,0.685714,0.537037,0.652174,0.680851,0.528302,0.613861,0.636364,0.465116,0.631579,0.55,0.55,0.6,0.65,0.572917,0.605769,0.576923,0.541667,0.666667,0.573034,0.625,0.541667,0.60396,0.484848,0.652632,0.561905,0.653846,0.645833,0.641509,0.712766,0.650943,0.56383,0.573034,0.594595,0.619565,0.564815,0.694444,0.684783,0.571429,0.587156,0.666667,0.55102,0.660194,0.659794,0.518519,0.630435,0.585859,0.673267,0.592233,0.670103,0.521739,0.694444,0.542857,0.684211,0.625,0.635417,0.5625,0.644231,0.606742,0.702703,0.663158,0.638095,0.56701,0.543689,0.588235,0.626087,0.565217,0.611765,0.6,0.65,0.587629,0.699029,0.59375,0.567308,0.673267,0.585859,0.509615,0.59375,0.555556,0.653465,0.707865,0.693694,0.613636,0.5,0.644444,0.627273,0.613208,0.531915,0.595745,0.556604,0.612903,0.588785,0.678899,0.571429,0.571429,0.631579,
88600,0.701031,0.592233,0.688889,0.554545,0.5,0.583333,0.672727,0.588889,0.690909,0.666667,0.552632,0.674419,0.5,0.586538,0.565657,0.564356,0.677083,0.625,0.615385,0.666667,0.587629,0.572816,0.672566,0.643678,0.628205,0.614754,0.56,0.59,0.640777,0.597938,0.504587,0.681319,0.54717,0.542553,0.627451,0.622449,0.686869,0.623762,0.698925,0.626168,0.593407,0.642202,0.598039,0.530612,0.6,0.621053,0.622449,0.686275,0.625,0.5875,0.509615,0.5625,0.627273,0.688889,0.719626,0.72043,0.56,0.49,0.637255,0.581633,0.616822,0.526882,0.532609,0.592593,0.541667,0.605769,0.666667,0.565217,0.535354,0.643564,0.576577,0.617978,0.61,0.64,0.7,0.6,0.622642,0.680851,0.652174,0.555556,0.530612,0.539216,0.548077,0.6875,0.636364,0.60396,0.623853,0.626374,0.578431,0.642857,0.541667,0.586538,0.621053,0.580952,0.5,0.595238,0.669811,0.62766,0.55914,0.616822,
88800,0.679612,0.546392,0.627451,0.612245,0.575758,0.613861,0.642857,0.431818,0.581818,0.6,0.622449,0.568627,0.643564,0.585859,0.594059,0.646465,0.632911,0.619835,0.663158,0.6,0.650485,0.608247,0.682692,0.59375,0.612613,0.58427,0.540816,0.568627,0.609091,0.588889,0.574074,0.673913,0.557692,0.645833,0.568421,0.590476,0.628866,0.601942,0.566372,0.632184,0.595745,0.660377,0.71,0.57,0.637255,0.632653,0.631579,0.6,0.591398,0.728972,0.634409,0.616822,0.604167,0.586538,0.59434,0.606383,0.68932,0.639175,0.601942,0.525773,0.594059,0.545455,0.613208,0.595745,0.483146,0.585586,0.701031,0.563107,0.565217,0.62037,0.442105,0.695238,0.597938,0.601942,0.637255,0.642857,0.526882,0.542056,0.701149,0.619469,0.606061,0.594059,0.579439,0.623656,0.544554,0.585859,0.509804,0.693878,0.574074,0.608696,0.529412,0.617284,0.606742,0.540541,0.567568,0.595506,0.65,0.65,0.575758,0.613861,
89000,0.611765,0.53913,0.638095,0.536842,0.62931,0.642857,0.617647,0.632653,0.670103,0.631068,0.570093,0.55914,0.610526,0.552381,0.701031,0.631068,0.718447,0.587629,0.677083,0.605769,0.632653,0.598039,0.663265,0.637255,0.666667,0.544554,0.612245,0.509804,0.535714,0.647727,0.563636,0.711111,0.593407,0.688073,0.611111,0.641304,0.694118,0.53913,0.618557,0.650485,0.618557,0.533981,0.625,0.602273,0.491071,0.625,0.528736,0.539823,0.734043,0.707547,0.622222,0.563636,0.58427,0.612613,0.680412,0.660194,0.597826,0.648148,0.72043,0.579439,0.648148,0.521739,0.685393,0.666667,0.582609,0.658824,0.58,0.58,0.564356,0.545455,0.552083,0.644231,0.649485,0.601942,0.495413,0.56044,0.655172,0.59292,0.67,0.57,0.5625,0.605769,0.584158,0.646465,0.554348,0.583333,0.636364,0.589286,0.647059,0.642857,0.572917,0.625,0.635514,0.569892,0.588235,0.626087,0.561905,0.663158,0.623853,0.593407,
89200,0.676471,0.540816,0.663366,0.565657,0.642105,0.666667,0.642202,0.582418,0.68932,0.57732,0.621053,0.685714,0.690722,0.61165,0.60396,0.555556,0.584158,0.535354,0.622222,0.636364,0.614583,0.625,0.623656,0.485981,0.67,0.7,0.649485,0.475728,0.700935,0.655914,0.534653,0.575758,0.696078,0.561224,0.584906,0.595745,0.659794,0.572816,0.572917,0.576923,0.636364,0.683168,0.686275,0.653061,0.539216,0.571429,0.67033,0.623853,0.646018,0.632184,0.682692,0.614583,0.673267,0.656566,0.659574,0.59434,0.633663,0.616162,0.449438,0.594595,0.618557,0.601942,0.590909,0.555556,0.59292,0.666667,0.52,0.51,0.673684,0.67619,0.626168,0.677419,0.56383,0.613208,0.592233,0.57732,0.561905,0.526316,0.71134,0.592233,0.649485,0.563107,0.53,0.64,0.637363,0.53211,0.619469,0.643678,0.587629,0.650485,0.596639,0.604938,0.637255,0.540816,0.59,0.58,0.703704,0.684783,0.596154,0.635417,
89400,0.705882,0.530612,0.588235,0.622449,0.606383,0.556604,0.57,0.57,0.642857,0.666667,0.574713,0.539823,0.632653,0.588235,0.59375,0.567308,0.676471,0.612245,0.694444,0.619565,0.644444,0.627273,0.546392,0.572816,0.537634,0.654206,0.645161,0.485981,0.545455,0.633663,0.626263,0.544554,0.731959,0.631068,0.583333,0.644231,0.697917,0.528846,0.60177,0.712644,0.630435,0.638889,0.663462,0.677083,0.566038,0.702128,0.537037,0.663043,0.637255,0.642857,0.589286,0.511364,0.632653,0.617647,0.655172,0.595238,0.524272,0.546392,0.483871,0.626168,0.666667,0.540816,0.544444,0.654545,0.688172,0.579439,0.706522,0.611111,0.564356,0.585859,0.561905,0.6,0.622449,0.529412,0.522222,0.654545,0.641509,0.521277,0.568627,0.540816,0.621622,0.595506,0.58,0.68,0.652632,0.609524,0.680851,0.59434,0.550562,0.585586,0.605769,0.708333,0.627451,0.571429,0.650943,0.585106,0.72,0.58,0.597938,0.572816,
89600,0.666667,0.476636,0.63,0.64,0.70297,0.646465,0.642105,0.619048,0.572816,0.628866,0.670103,0.679612,0.566038,0.585106,0.696078,0.683673,0.694737,0.666667,0.6875,0.730769,0.552083,0.615385,0.596154,0.572917,0.64486,0.623656,0.558824,0.642857,0.641304,0.62037,0.480392,0.704082,0.652174,0.555556,0.684211,0.571429,0.602151,0.504673,0.598039,0.622449,0.542553,0.518868,0.684783,0.592593,0.631068,0.670103,0.59375,0.586538,0.656863,0.704082,0.62963,0.73913,0.576577,0.651685,0.610619,0.689655,0.717172,0.683168,0.572816,0.618557,0.54,0.54,0.555556,0.653465,0.656566,0.564356,0.735849,0.648936,0.523256,0.552632,0.528302,0.617021,0.573913,0.470588,0.576087,0.611111,0.715789,0.647619,0.681818,0.5625,0.586957,0.555556,0.586957,0.62037,0.646465,0.574257,0.57,0.56,0.591837,0.656863,0.644444,0.563636,0.602041,0.568627,0.567797,0.621951,0.608696,0.694118,0.474227,0.61165,
89800,0.653061,0.558824,0.642105,0.580952,0.666667,0.564356,0.539216,0.693878,0.666667,0.715789,0.571429,0.568421,0.511364,0.580357,0.638298,0.660377,0.762887,0.601942,0.544554,0.676768,0.565217,0.62963,0.568627,0.622449,0.728261,0.685185,0.584158,0.626263,0.706522,0.657407,0.589474,0.590476,0.652174,0.481481,0.580357,0.568182,0.594059,0.535354,0.628571,0.621053,0.568627,0.510204,0.64,0.49,0.56,0.64,0.606383,0.566038,0.679612,0.597938,0.613208,0.62766,0.581395,0.552632,0.622642,0.585106,0.569892,0.635514,0.565217,0.518519,0.55914,0.616822,0.613636,0.678571,0.669903,0.628866,0.61165,0.628866,0.584906,0.638298,0.544554,0.626263,0.67,0.65,0.489362,0.660377,0.525253,0.60396,0.682353,0.6,0.641304,0.574074,0.543689,0.618557,0.695238,0.589474,0.560748,0.537634,0.586207,0.699115,0.663551,0.623656,0.623656,0.579439,0.595745,0.622642,0.63,0.59,0.673077,0.65625,
90000,0.726316,0.6,0.696078,0.510204,0.626168,0.655914,0.717949,0.557377,0.614583,0.644231,0.629213,0.648649,0.606742,0.693694,0.694737,0.52381,0.637931,0.607143,0.682353,0.704348,0.615385,0.633028,0.663551,0.741935,0.663158,0.657143,0.59434,0.617021,0.632653,0.598039,0.684211,0.6,0.607843,0.632653,0.543689,0.71134,0.704762,0.726316,0.59,0.7,0.526316,0.552381,0.636364,0.60396,0.534091,0.580357,0.575758,0.633663,0.572917,0.538462,0.589474,0.628571,0.691489,0.59434,0.578947,0.714286,0.643564,0.636364,0.567308,0.489583,0.648148,0.554348,0.545455,0.693069,0.572917,0.596154,0.622642,0.670213,0.545455,0.594059,0.553571,0.556818,0.642105,0.666667,0.631579,0.542857,0.597938,0.533981,0.607843,0.714286,0.611111,0.627273,0.61165,0.556701,0.617391,0.611765,0.680412,0.572816,0.634146,0.610169,0.548077,0.625,0.557692,0.59375,0.569767,0.614035,0.591304,0.529412,0.652174,0.576471,
90200,0.607843,0.632653,0.558824,0.571429,0.587629,0.61165,0.648352,0.633028,0.698925,0.654206,0.677083,0.653846,0.619048,0.610526,0.633028,0.582418,0.616822,0.537634,0.717391,0.574074,0.627451,0.591837,0.647059,0.663265,0.655172,0.628319,0.574713,0.557522,0.610526,0.619048,0.617647,0.693878,0.554455,0.69697,0.595745,0.632075,0.59596,0.584158,0.610526,0.647619,0.585106,0.622642,0.617021,0.603774,0.592233,0.639175,0.683168,0.616162,0.55914,0.523364,0.524272,0.680412,0.550459,0.604396,0.621053,0.666667,0.601942,0.628866,0.504673,0.569892,0.690722,0.621359,0.504673,0.602151,0.604396,0.66055,0.597701,0.584071,0.563636,0.522222,0.528846,0.5,0.644231,0.489583,0.625,0.602273,0.619565,0.722222,0.649485,0.533981,0.61,0.56,0.603774,0.468085,0.72043,0.588785,0.645161,0.626168,0.56701,0.553398,0.677778,0.563636,0.561905,0.6,0.578431,0.520408,0.561224,0.676471,0.6875,0.509615,
90400,0.709091,0.466667,0.656566,0.60396,0.64486,0.666667,0.65,0.64,0.597938,0.640777,0.6,0.642105,0.602151,0.53271,0.509091,0.622222,0.605769,0.635417,0.574257,0.636364,0.601852,0.554348,0.561224,0.627451,0.655914,0.626168,0.557692,0.541667,0.674157,0.648649,0.612903,0.64486,0.653061,0.647059,0.670455,0.607143,0.715686,0.520408,0.656566,0.60396,0.548387,0.570093,0.646465,0.594059,0.584906,0.574468,0.581633,0.666667,0.607477,0.666667,0.589474,0.6,0.5,0.634615,0.637255,0.663265,0.649485,0.660194,0.593407,0.651376,0.666667,0.589474,0.62,0.68,0.660377,0.617021,0.670732,0.542373,0.570093,0.591398,0.557377,0.666667,0.532609,0.555556,0.682692,0.583333,0.635417,0.586538,0.694737,0.533333,0.541284,0.659341,0.642105,0.619048,0.663551,0.634409,0.563107,0.628866,0.574468,0.603774,0.515464,0.543689,0.578431,0.612245,0.666667,0.543478,0.666667,0.514851,0.60396,0.69697,
90600,0.653061,0.637255,0.59375,0.548077,0.632653,0.578431,0.598214,0.636364,0.663265,0.647059,0.688889,0.654545,0.56701,0.61165,0.626263,0.653465,0.584906,0.56383,0.684783,0.583333,0.596154,0.614583,0.576471,0.634783,0.578947,0.638095,0.535354,0.633663,0.683168,0.606061,0.606061,0.693069,0.677419,0.635514,0.777778,0.475248,0.613208,0.617021,0.610526,0.647619,0.653061,0.539216,0.666667,0.623762,0.612903,0.626168,0.650485,0.659794,0.653465,0.585859,0.648649,0.606742,0.606061,0.564356,0.628319,0.54023,0.60396,0.575758,0.402062,0.553398,0.626168,0.548387,0.56701,0.650485,0.622449,0.598039,0.609524,0.652632,0.588235,0.652174,0.56701,0.61165,0.593407,0.605505,0.597938,0.563107,0.656863,0.673469,0.663551,0.580645,0.647619,0.610526,0.505263,0.6,0.656863,0.602041,0.606742,0.630631,0.598131,0.55914,0.54902,0.632653,0.672727,0.488889,0.523364,0.591398,0.597938,0.631068,0.571429,0.59633,
90800,0.659574,0.603774,0.617647,0.622449,0.62,0.67,0.622642,0.56383,0.653846,0.708333,0.594059,0.606061,0.577982,0.571429,0.583333,0.548077,0.673469,0.578431,0.516484,0.53211,0.628866,0.533981,0.537736,0.638298,0.631068,0.628866,0.62931,0.595238,0.636364,0.677778,0.567568,0.662921,0.594059,0.626263,0.625,0.583333,0.631068,0.587629,0.613861,0.646465,0.561905,0.536842,0.656863,0.591837,0.606383,0.679245,0.682692,0.677083,0.653846,0.489583,0.527273,0.633333,0.564356,0.575758,0.568421,0.619048,0.6,0.611111,0.583333,0.576923,0.592233,0.597938,0.614583,0.673077,0.510417,0.701923,0.64486,0.580645,0.572816,0.608247,0.610526,0.619048,0.576923,0.625,0.52381,0.547368,0.666667,0.548077,0.616279,0.517544,0.606383,0.632075,0.479592,0.578431,0.607477,0.537634,0.647727,0.571429,0.588235,0.561224,0.576087,0.611111,0.60396,0.454545,0.54902,0.642857,0.589474,0.6,0.649485,0.601942,
91000,0.57,0.58,0.598039,0.581633,0.574468,0.603774,0.604396,0.568807,0.598131,0.634409,0.602041,0.617647,0.554455,0.535354,0.602041,0.637255,0.593407,0.513761,0.666667,0.674157,0.466667,0.609091,0.633028,0.571429,0.652632,0.67619,0.571429,0.568627,0.571429,0.607843,0.526882,0.747664,0.443182,0.651786,0.534653,0.646465,0.655914,0.616822,0.574468,0.716981,0.582524,0.628866,0.607477,0.569892,0.614583,0.538462,0.692308,0.550459,0.568627,0.663265,0.657143,0.673684,0.543689,0.597938,0.670455,0.589286,0.611111,0.581818,0.615385,0.614583,0.574468,0.59434,0.640777,0.680412,0.660377,0.617021,0.617647,0.55102,0.541284,0.582418,0.585586,0.662921,0.631579,0.542857,0.638095,0.642105,0.5,0.571429,0.707965,0.689655,0.634615,0.604167,0.54955,0.606742,0.666667,0.634615,0.574468,0.566038,0.521739,0.555556,0.585859,0.584158,0.607843,0.540816,0.673684,0.552381,0.6,0.7,0.631068,0.670103,
91200,0.626168,0.645161,0.659794,0.563107,0.695652,0.638889,0.685185,0.597826,0.637168,0.54023,0.572917,0.596154,0.62,0.6,0.642105,0.609524,0.632653,0.627451,0.66,0.62,0.554348,0.583333,0.652542,0.609756,0.598131,0.731183,0.510417,0.586538,0.669903,0.618557,0.626168,0.634409,0.561224,0.588235,0.588785,0.634409,0.594059,0.616162,0.639175,0.669903,0.56044,0.577982,0.617021,0.575472,0.515152,0.613861,0.640777,0.56701,0.645833,0.634615,0.663265,0.607843,0.633028,0.527473,0.565657,0.722772,0.583333,0.519231,0.536082,0.601942,0.6,0.677778,0.634615,0.677083,0.656863,0.612245,0.588889,0.545455,0.584158,0.646465,0.494505,0.614679,0.64,0.5,0.701923,0.645833,0.6,0.657143,0.62,0.59,0.634615,0.666667,0.557692,0.604167,0.57,0.54,0.606383,0.584906,0.518182,0.6,0.553191,0.660377,0.481132,0.521277,0.650943,0.510638,0.649485,0.728155,0.643564,0.585859,
91400,0.688172,0.588785,0.654545,0.633333,0.626263,0.653465,0.56701,0.61165,0.626263,0.633663,0.650485,0.670103,0.561905,0.642105,0.6,0.663158,0.536842,0.666667,0.596154,0.635417,0.66055,0.56044,0.58,0.55,0.59434,0.617021,0.579439,0.634409,0.663366,0.626263,0.608247,0.61165,0.5,0.589286,0.625,0.528846,0.650943,0.521277,0.621053,0.628571,0.585859,0.574257,0.673267,0.707071,0.643564,0.606061,0.663551,0.634409,0.563107,0.639175,0.626263,0.554455,0.564815,0.597826,0.587629,0.669903,0.673267,0.555556,0.557895,0.704762,0.658824,0.565217,0.673267,0.616162,0.588235,0.540816,0.57,0.51,0.559633,0.626374,0.615385,0.677083,0.621053,0.571429,0.556604,0.659574,0.617647,0.642857,0.528736,0.548673,0.68,0.63,0.622449,0.578431,0.628866,0.572816,0.658824,0.608696,0.578431,0.591837,0.551724,0.628319,0.614679,0.527473,0.585586,0.52809,0.559633,0.571429,0.56,0.63,
91600,0.733333,0.554545,0.69,0.64,0.637363,0.66055,0.585106,0.603774,0.641509,0.62766,0.543689,0.628866,0.62,0.56,0.545455,0.644444,0.632184,0.557522,0.630631,0.651685,0.529412,0.683673,0.547368,0.638095,0.621849,0.580247,0.518868,0.542553,0.54717,0.659574,0.524752,0.555556,0.601852,0.51087,0.544444,0.545455,0.521277,0.528302,0.666667,0.613861,0.588889,0.663636,0.586538,0.635417,0.625,0.615385,0.641304,0.712963,0.56044,0.587156,0.603774,0.606383,0.6875,0.625,0.614583,0.634615,0.635417,0.596154,0.534653,0.69697,0.673684,0.533333,0.601942,0.608247,0.588889,0.554545,0.637255,0.55102,0.557895,0.619048,0.613861,0.555556,0.592233,0.56701,0.721154,0.625,0.634409,0.579439,0.660377,0.574468,0.683673,0.558824,0.536842,0.619048,0.640449,0.585586,0.619565,0.601852,0.522727,0.553571,0.657143,0.621053,0.551402,0.569892,0.553398,0.628866,0.619565,0.592593,0.554545,0.611111,
91800,0.657143,0.6,0.591398,0.542056,0.590361,0.615385,0.630631,0.573034,0.698113,0.62766,0.59,0.63,0.606742,0.522523,0.524752,0.616162,0.72449,0.676471,0.677083,0.692308,0.659794,0.61165,0.642857,0.715517,0.63964,0.617978,0.586207,0.59292,0.527473,0.605505,0.510638,0.613208,0.561905,0.673684,0.592233,0.628866,0.597938,0.592233,0.628866,0.669903,0.616162,0.544554,0.686275,0.530612,0.595745,0.641509,0.669643,0.693182,0.617647,0.683673,0.555556,0.652174,0.529412,0.612245,0.637255,0.571429,0.636364,0.554455,0.598131,0.634409,0.639175,0.631068,0.625,0.65625,0.59596,0.613861,0.635514,0.602151,0.596154,0.614583,0.558824,0.663265,0.740741,0.597826,0.666667,0.651685,0.637255,0.693878,0.647059,0.693878,0.625,0.552083,0.515152,0.673267,0.6,0.54,0.656863,0.561224,0.519608,0.632653,0.534653,0.646465,0.640777,0.659794,0.605769,0.510417,0.663043,0.601852,0.657143,0.705263,
92000,0.635514,0.591398,0.579545,0.616071,0.646465,0.683168,0.550562,0.612613,0.587629,0.68932,0.643564,0.656566,0.574468,0.54717,0.57732,0.669903,0.561905,0.6,0.595506,0.576577,0.574468,0.622642,0.625,0.635417,0.588235,0.53913,0.627451,0.581633,0.576923,0.604167,0.479592,0.539216,0.636364,0.534653,0.69697,0.564356,0.6,0.488889,0.564815,0.706522,0.60396,0.545455,0.577982,0.571429,0.527473,0.614679,0.633028,0.692308,0.704762,0.6,0.574257,0.606061,0.576923,0.520833,0.661157,0.696203,0.541667,0.605769,0.680412,0.669903,0.561224,0.519608,0.489583,0.644231,0.559633,0.571429,0.578431,0.602041,0.608696,0.517647,0.515152,0.60396,0.660377,0.617021,0.606061,0.623762,0.628866,0.61165,0.62069,0.539823,0.705882,0.581633,0.613861,0.606061,0.631068,0.608247,0.642105,0.580952,0.556701,0.592233,0.613861,0.59596,0.680851,0.622642,0.592593,0.652174,0.659794,0.631068,0.556701,0.718447,
92200,0.691589,0.591398,0.619048,0.589474,0.621359,0.628866,0.522523,0.640449,0.712766,0.688679,0.619048,0.621053,0.541284,0.692308,0.576471,0.608696,0.614583,0.596154,0.703704,0.597826,0.6,0.654545,0.659794,0.543689,0.598039,0.642857,0.540816,0.627451,0.712871,0.686869,0.53,0.59,0.540816,0.627451,0.626374,0.59633,0.660194,0.536082,0.680851,0.481132,0.6,0.638095,0.730337,0.621622,0.581395,0.614035,0.658228,0.644628,0.62963,0.596639,0.711538,0.65625,0.552083,0.576923,0.659794,0.669903,0.588235,0.591837,0.618182,0.644444,0.65625,0.567308,0.62766,0.679245,0.54023,0.628319,0.6,0.542857,0.688172,0.598131,0.606383,0.641509,0.589286,0.556818,0.601942,0.649485,0.67,0.62,0.632075,0.606383,0.568627,0.571429,0.525253,0.60396,0.670213,0.575472,0.561224,0.656863,0.585586,0.651685,0.565217,0.555556,0.607843,0.612245,0.590909,0.633333,0.612903,0.672897,0.655914,0.654206,
92400,0.618557,0.61165,0.568421,0.67619,0.537037,0.684783,0.548077,0.5625,0.666667,0.530612,0.642857,0.613636,0.526316,0.561905,0.663366,0.606061,0.66,0.6,0.673684,0.742857,0.72549,0.642857,0.704545,0.669643,0.60396,0.636364,0.688073,0.67033,0.597938,0.669903,0.645455,0.477778,0.62,0.6,0.67,0.44,0.704762,0.473684,0.646465,0.623762,0.648148,0.619565,0.602041,0.529412,0.621359,0.57732,0.7,0.618182,0.642857,0.666667,0.666667,0.663366,0.625,0.625,0.666667,0.631579,0.650485,0.597938,0.53125,0.663462,0.634783,0.647059,0.470588,0.73913,0.563107,0.639175,0.672727,0.533333,0.62,0.61,0.608247,0.582524,0.537634,0.560748,0.677083,0.644231,0.689655,0.59292,0.574257,0.686869,0.612069,0.595238,0.61165,0.628866,0.648352,0.541284,0.619048,0.6,0.606838,0.578313,0.567308,0.510417,0.6,0.71,0.59596,0.633663,0.634409,0.654206,0.58,0.57,
92600,0.638298,0.603774,0.6,0.547826,0.656566,0.613861,0.59596,0.613861,0.527473,0.605505,0.535354,0.613861,0.614754,0.564103,0.45283,0.62766,0.673469,0.617647,0.686441,0.54878,0.616822,0.623656,0.673913,0.592593,0.625,0.729167,0.558824,0.642857,0.585106,0.669811,0.625,0.625,0.592593,0.597826,0.593023,0.614035,0.648352,0.559633,0.59375,0.625,0.594059,0.666667,0.516854,0.603604,0.613861,0.626263,0.530612,0.686275,0.659794,0.61165,0.616162,0.564356,0.45098,0.622449,0.608696,0.592593,0.62037,0.576087,0.59375,0.519231,0.574468,0.603774,0.475728,0.721649,0.639535,0.552632,0.647619,0.494737,0.657658,0.516854,0.494845,0.621359,0.572816,0.639175,0.63,0.62,0.632653,0.598039,0.587629,0.563107,0.641509,0.510638,0.554217,0.623932,0.602151,0.616822,0.62037,0.597826,0.584158,0.656566,0.650943,0.574468,0.551402,0.462366,0.579545,0.633929,0.626263,0.594059,0.708333,0.673077,
92800,0.637255,0.581633,0.678161,0.628319,0.618182,0.6,0.619565,0.62963,0.62931,0.607143,0.5625,0.711538,0.669811,0.62766,0.505051,0.584158,0.6,0.7,0.558824,0.714286,0.581633,0.627451,0.704082,0.627451,0.625,0.596154,0.53211,0.494505,0.576923,0.552083,0.54,0.68,0.614583,0.586538,0.613208,0.670213,0.70297,0.636364,0.633333,0.709091,0.701149,0.637168,0.576923,0.583333,0.637255,0.622449,0.653465,0.474747,0.67,0.65,0.623762,0.585859,0.518868,0.617021,0.61,0.62,0.628866,0.61165,0.537634,0.579439,0.5,0.540816,0.597938,0.553398,0.617647,0.622449,0.48913,0.564815,0.574257,0.59596,0.605505,0.714286,0.529412,0.602041,0.646465,0.524752,0.703297,0.577982,0.614583,0.576923,0.6,0.46,0.6,0.654545,0.618557,0.621359,0.6,0.694737,0.504854,0.670103,0.693878,0.647059,0.625,0.598214,0.6,0.526316,0.612903,0.607477,0.635294,0.643478,
93000,0.586538,0.614583,0.61,0.56,0.68,0.63,0.485149,0.626263,0.65625,0.634615,0.601852,0.673913,0.53125,0.586538,0.591837,0.539216,0.73,0.6,0.604167,0.644231,0.572816,0.587629,0.540541,0.606742,0.571429,0.621053,0.582524,0.659794,0.617021,0.528302,0.673267,0.474747,0.627451,0.591837,0.588235,0.571429,0.591837,0.568627,0.622449,0.558824,0.540816,0.588235,0.632075,0.585106,0.655556,0.609091,0.621053,0.733333,0.655556,0.636364,0.59434,0.62766,0.514563,0.608247,0.639175,0.650485,0.731183,0.514019,0.657143,0.568421,0.610526,0.542857,0.548077,0.635417,0.678571,0.655172,0.586957,0.564815,0.67619,0.621053,0.537037,0.706522,0.546392,0.543689,0.521739,0.583333,0.608247,0.669903,0.678899,0.648352,0.538462,0.57377,0.563107,0.680412,0.647059,0.6,0.693069,0.59596,0.536082,0.621359,0.649485,0.61165,0.590476,0.621053,0.654206,0.612903,0.568421,0.657143,0.62,0.68,
93200,0.67619,0.526316,0.525253,0.663366,0.597938,0.679612,0.605769,0.65625,0.663366,0.656566,0.521739,0.611111,0.575221,0.586207,0.645161,0.64486,0.681416,0.712644,0.653465,0.606061,0.596154,0.59375,0.572816,0.659794,0.6,0.657143,0.546392,0.61165,0.626263,0.693069,0.605769,0.625,0.525424,0.560976,0.795455,0.508929,0.558824,0.540816,0.546296,0.576087,0.556604,0.595745,0.575758,0.524752,0.61,0.58,0.611111,0.597826,0.673077,0.572917,0.604167,0.548077,0.588235,0.622449,0.606742,0.666667,0.640777,0.536082,0.637363,0.614679,0.633663,0.606061,0.544554,0.646465,0.55102,0.666667,0.571429,0.558824,0.556818,0.696429,0.615385,0.604167,0.542169,0.623932,0.598039,0.622449,0.613208,0.606383,0.616162,0.574257,0.546296,0.608696,0.653465,0.575758,0.690909,0.477778,0.715686,0.622449,0.570093,0.516129,0.566667,0.609091,0.645455,0.455556,0.6,0.610526,0.65,0.59,0.59596,0.70297,
93400,0.707865,0.612613,0.605769,0.604167,0.603604,0.696629,0.567308,0.645833,0.714286,0.681818,0.595745,0.679245,0.60396,0.585859,0.616822,0.709677,0.711538,0.552083,0.66,0.69,0.576087,0.574074,0.577982,0.67033,0.581633,0.598039,0.570175,0.523256,0.666667,0.755102,0.518868,0.542553,0.585106,0.556604,0.604167,0.586538,0.651376,0.637363,0.659794,0.572816,0.628866,0.631068,0.611111,0.527273,0.653465,0.616162,0.536585,0.720339,0.528846,0.46875,0.565657,0.574257,0.659574,0.575472,0.654867,0.471264,0.680412,0.572816,0.606383,0.59434,0.59434,0.457447,0.526316,0.609524,0.53125,0.644231,0.613208,0.62766,0.561905,0.515789,0.516129,0.64486,0.568421,0.504762,0.592593,0.597826,0.529412,0.617391,0.670103,0.640777,0.634615,0.510417,0.587156,0.681319,0.688073,0.604396,0.541176,0.478261,0.69697,0.554455,0.568421,0.619048,0.537736,0.62766,0.623656,0.579439,0.61,0.61,0.640777,0.608247,
93600,0.605505,0.56044,0.583333,0.605769,0.48913,0.62963,0.5,0.603774,0.666667,0.6,0.55814,0.657895,0.59322,0.621951,0.673913,0.592593,0.69,0.56,0.661017,0.597561,0.644231,0.645833,0.623762,0.59596,0.584158,0.626263,0.591398,0.560748,0.522523,0.550562,0.529412,0.581633,0.68,0.56,0.576923,0.625,0.51087,0.583333,0.588235,0.642857,0.572917,0.634615,0.7,0.622222,0.515152,0.673267,0.613861,0.515152,0.603774,0.606383,0.574257,0.676768,0.550562,0.666667,0.556522,0.623529,0.6,0.541176,0.558824,0.489796,0.53211,0.549451,0.567308,0.666667,0.61165,0.639175,0.65625,0.653846,0.592233,0.618557,0.552381,0.694737,0.67,0.61,0.485714,0.642105,0.535354,0.613861,0.630435,0.518519,0.643678,0.566372,0.637363,0.541284,0.683673,0.578431,0.56383,0.566038,0.645833,0.576923,0.607477,0.677419,0.590909,0.555556,0.542857,0.547368,0.542056,0.591398,0.644231,0.5625,
93800,0.701031,0.601942,0.538462,0.477064,0.626263,0.683168,0.535714,0.659091,0.614583,0.596154,0.514286,0.536842,0.631579,0.638095,0.54902,0.591837,0.675926,0.619565,0.656566,0.633663,0.636364,0.616071,0.651685,0.567568,0.531532,0.674157,0.5,0.656863,0.583333,0.605769,0.709677,0.607477,0.546392,0.640777,0.715789,0.552381,0.525773,0.563107,0.7,0.56,0.659574,0.575472,0.647059,0.561224,0.61165,0.597938,0.556818,0.633929,0.672897,0.688172,0.607477,0.655914,0.555556,0.584158,0.578431,0.653061,0.647619,0.621053,0.585586,0.617978,0.656863,0.469388,0.645455,0.611111,0.625,0.615385,0.574468,0.650943,0.590476,0.526316,0.538462,0.605505,0.622449,0.647059,0.585859,0.574257,0.62,0.61,0.655914,0.579439,0.553398,0.618557,0.680851,0.584906,0.567308,0.5,0.582524,0.618557,0.613861,0.606061,0.647619,0.631579,0.638889,0.478261,0.574468,0.650943,0.660377,0.670213,0.585859,0.584158,
94000,0.6,0.67,0.693069,0.585859,0.623656,0.654206,0.568627,0.683673,0.596154,0.552083,0.657895,0.697674,0.518072,0.65812,0.539216,0.561224,0.580645,0.579439,0.663265,0.666667,0.581633,0.529412,0.614583,0.576923,0.46875,0.538462,0.544444,0.554545,0.631579,0.571429,0.635514,0.666667,0.571429,0.678899,0.567308,0.583333,0.669903,0.536082,0.598214,0.636364,0.556701,0.621359,0.616279,0.535088,0.654206,0.709677,0.614583,0.634615,0.663636,0.622222,0.582418,0.633028,0.605769,0.583333,0.565657,0.564356,0.606838,0.590361,0.613861,0.545455,0.621622,0.550562,0.561404,0.627907,0.652632,0.6,0.621359,0.597938,0.467391,0.601852,0.521277,0.613208,0.621053,0.504762,0.619565,0.666667,0.545455,0.70297,0.586957,0.555556,0.682692,0.541667,0.537037,0.663043,0.708738,0.556701,0.634783,0.611765,0.662921,0.603604,0.680412,0.533981,0.622642,0.62766,0.479592,0.578431,0.635417,0.615385,0.71028,0.731183,
94200,0.654545,0.555556,0.534653,0.646465,0.561404,0.674419,0.670213,0.660377,0.637168,0.62069,0.6,0.588235,0.673469,0.617647,0.601852,0.532609,0.64,0.61,0.69697,0.613861,0.508475,0.634146,0.636364,0.580357,0.570248,0.518987,0.645833,0.567308,0.617647,0.673469,0.625,0.677083,0.546392,0.621359,0.56,0.73,0.633028,0.593407,0.55,0.7,0.49,0.63,0.615385,0.59633,0.628866,0.650485,0.56,0.65,0.710843,0.589744,0.596154,0.59375,0.632075,0.56383,0.66,0.72,0.683168,0.626263,0.643564,0.59596,0.696629,0.468468,0.611111,0.672727,0.597826,0.685185,0.722222,0.636364,0.633028,0.549451,0.59,0.58,0.444444,0.636364,0.548077,0.625,0.645833,0.605769,0.6375,0.533333,0.586538,0.604167,0.584158,0.69697,0.643564,0.575758,0.579439,0.537634,0.505495,0.587156,0.61,0.64,0.648936,0.490566,0.62963,0.597826,0.57732,0.669903,0.596154,0.604167,
94400,0.704082,0.5,0.564706,0.617391,0.617978,0.576577,0.558824,0.581633,0.634615,0.645833,0.670103,0.660194,0.67,0.54,0.558824,0.591837,0.622449,0.578431,0.592233,0.56701,0.539216,0.622449,0.572816,0.649485,0.618557,0.650485,0.545455,0.574257,0.6,0.582609,0.478723,0.613208,0.578431,0.591837,0.510204,0.598039,0.605505,0.527473,0.67,0.69,0.637255,0.55102,0.662921,0.630631,0.56383,0.566038,0.663551,0.580645,0.64486,0.634409,0.727273,0.594059,0.509615,0.489583,0.589744,0.662651,0.5625,0.557692,0.596154,0.625,0.631068,0.628866,0.623656,0.719626,0.638298,0.603774,0.670455,0.553571,0.622449,0.578431,0.545455,0.643564,0.634615,0.65625,0.65625,0.634615,0.66,0.63,0.682692,0.583333,0.552083,0.615385,0.571429,0.642105,0.698795,0.598291,0.589474,0.571429,0.684211,0.657143,0.616162,0.623762,0.56701,0.601942,0.58,0.63,0.643678,0.557522,0.663158,0.657143,
94600,0.638889,0.554348,0.616822,0.655914,0.653465,0.525253,0.659574,0.660377,0.610619,0.62069,0.622449,0.637255,0.588889,0.618182,0.684783,0.564815,0.721649,0.650485,0.652174,0.638889,0.54717,0.56383,0.638298,0.613208,0.605769,0.604167,0.59,0.58,0.604938,0.672269,0.669811,0.680851,0.643564,0.616162,0.659574,0.575472,0.675676,0.606742,0.60396,0.585859,0.659574,0.632075,0.62,0.64,0.597938,0.533981,0.598131,0.516129,0.657407,0.608696,0.707865,0.675676,0.632075,0.553191,0.574468,0.650943,0.556604,0.606383,0.461538,0.605505,0.649485,0.592233,0.670213,0.632075,0.566038,0.56383,0.66055,0.604396,0.637255,0.540816,0.58,0.55,0.608696,0.537037,0.653465,0.676768,0.546296,0.652174,0.616162,0.524752,0.59,0.56,0.612245,0.686275,0.633929,0.579545,0.578947,0.569767,0.548077,0.65625,0.484536,0.572816,0.564356,0.565657,0.621359,0.597938,0.55,0.62,0.613861,0.59596,
94800,0.606061,0.584158,0.592593,0.672269,0.699029,0.649485,0.56044,0.743119,0.583333,0.596154,0.618557,0.669903,0.608696,0.588235,0.636364,0.663366,0.622449,0.617647,0.626263,0.633663,0.618557,0.563107,0.612245,0.627451,0.642105,0.638095,0.632653,0.568627,0.554348,0.657407,0.680412,0.514563,0.572917,0.596154,0.561905,0.557895,0.627907,0.561404,0.755319,0.59434,0.645833,0.538462,0.635514,0.645161,0.618182,0.566667,0.666667,0.642857,0.605769,0.75,0.59,0.71,0.601852,0.532609,0.626374,0.642202,0.595238,0.603448,0.7,0.627273,0.60396,0.555556,0.618557,0.572816,0.68,0.62,0.608696,0.552941,0.663462,0.635417,0.494949,0.663366,0.63,0.53,0.622449,0.637255,0.685185,0.521739,0.714286,0.54902,0.685185,0.630435,0.539326,0.576577,0.669643,0.488636,0.601942,0.505155,0.627907,0.649123,0.642105,0.571429,0.626263,0.514851,0.539216,0.561224,0.477778,0.581818,0.551402,0.72043,
95000,0.634409,0.588785,0.56701,0.514563,0.625,0.708333,0.590476,0.663158,0.745283,0.606383,0.61,0.62,0.676471,0.571429,0.572727,0.622222,0.556604,0.680851,0.688679,0.585106,0.54955,0.662921,0.534653,0.636364,0.60396,0.656566,0.587629,0.543689,0.585859,0.544554,0.519608,0.622449,0.608247,0.621359,0.6,0.63,0.61165,0.536082,0.588889,0.6,0.686957,0.694118,0.663265,0.529412,0.642857,0.676471,0.58,0.58,0.5625,0.636364,0.613208,0.585106,0.638298,0.537736,0.677083,0.663462,0.670103,0.61165,0.564356,0.59596,0.744681,0.528302,0.598131,0.655914,0.612245,0.578431,0.597826,0.611111,0.626263,0.524752,0.542056,0.548387,0.602273,0.723214,0.623762,0.727273,0.602151,0.598131,0.616279,0.596491,0.647059,0.53913,0.521277,0.698113,0.669725,0.67033,0.575472,0.62766,0.622642,0.553191,0.591398,0.607477,0.598291,0.566265,0.568421,0.638095,0.699029,0.639175,0.560748,0.548387,
95200,0.730769,0.677083,0.793478,0.62037,0.598291,0.60241,0.551724,0.663717,0.67033,0.697248,0.613636,0.616071,0.637363,0.633028,0.65625,0.605769,0.572917,0.567308,0.57732,0.679612,0.511364,0.544643,0.692308,0.614679,0.598039,0.581633,0.663265,0.607843,0.677778,0.527273,0.584746,0.536585,0.63,0.62,0.543689,0.587629,0.637363,0.513761,0.621053,0.628571,0.586538,0.666667,0.623656,0.579439,0.635294,0.547826,0.619048,0.589474,0.690722,0.640777,0.645455,0.588889,0.598131,0.634409,0.682692,0.645833,0.660377,0.510638,0.5,0.606383,0.568421,0.590476,0.558824,0.622449,0.655914,0.570093,0.643564,0.505051,0.71,0.56,0.482143,0.613636,0.525253,0.574257,0.597701,0.681416,0.692308,0.59633,0.655172,0.571429,0.580952,0.557895,0.623762,0.585859,0.617647,0.591837,0.592233,0.670103,0.613861,0.525253,0.663265,0.637255,0.610526,0.571429,0.597826,0.546296,0.574074,0.576087,0.572816,0.597938,
95400,0.545455,0.623762,0.638889,0.641304,0.666667,0.705263,0.644231,0.552083,0.706522,0.555556,0.61,0.64,0.622449,0.529412,0.62,0.7,0.59596,0.564356,0.66087,0.694118,0.627451,0.622449,0.565657,0.673267,0.62963,0.619565,0.680851,0.566038,0.638095,0.515789,0.575758,0.594059,0.552632,0.616279,0.651685,0.531532,0.591398,0.542056,0.582524,0.628866,0.526316,0.666667,0.69,0.58,0.528736,0.557522,0.72549,0.602041,0.660194,0.608247,0.62,0.69,0.61,0.5,0.634409,0.560748,0.693878,0.519608,0.526882,0.616822,0.526882,0.53271,0.615385,0.706422,0.62069,0.60177,0.644231,0.583333,0.606383,0.641509,0.638095,0.631579,0.623656,0.616822,0.606383,0.59434,0.610169,0.646341,0.566667,0.636364,0.488095,0.568966,0.542553,0.54717,0.574468,0.59434,0.695652,0.666667,0.563107,0.505155,0.519231,0.604167,0.586538,0.604167,0.505155,0.524272,0.61,0.66,0.533333,0.694737,
95600,0.659574,0.59434,0.580952,0.642105,0.557692,0.614583,0.582524,0.525773,0.608247,0.640777,0.666667,0.586538,0.538462,0.550459,0.644444,0.645455,0.5625,0.528846,0.742268,0.61165,0.571429,0.568421,0.57732,0.708738,0.586538,0.697917,0.654206,0.569892,0.656863,0.571429,0.646465,0.594059,0.681319,0.53211,0.65625,0.605769,0.670213,0.528302,0.74,0.63,0.537634,0.616822,0.696078,0.510204,0.694118,0.53913,0.65625,0.567308,0.66055,0.593407,0.635514,0.698925,0.655556,0.518182,0.568421,0.609524,0.724771,0.593407,0.544444,0.6,0.64486,0.526882,0.679245,0.638298,0.6,0.568421,0.632075,0.638298,0.545455,0.598214,0.585106,0.537736,0.536842,0.533333,0.56701,0.631068,0.60396,0.656566,0.61,0.64,0.67619,0.547368,0.574257,0.626263,0.581818,0.7,0.62037,0.5,0.651163,0.710526,0.613208,0.62766,0.637255,0.612245,0.604167,0.576923,0.578947,0.6,0.618557,0.563107,
95800,0.62963,0.565217,0.533333,0.673684,0.626168,0.72043,0.605769,0.572917,0.717172,0.574257,0.564815,0.619565,0.606742,0.621622,0.534653,0.626263,0.632479,0.674699,0.614583,0.711538,0.597938,0.669903,0.684211,0.580952,0.576471,0.591304,0.621622,0.516854,0.612613,0.640449,0.510204,0.568627,0.566265,0.623932,0.680412,0.68932,0.657658,0.617978,0.651685,0.603604,0.541667,0.596154,0.608696,0.555556,0.564815,0.543478,0.650943,0.542553,0.543689,0.546392,0.659794,0.572816,0.616162,0.633663,0.683168,0.686869,0.686275,0.622449,0.652632,0.552381,0.626263,0.564356,0.649485,0.631068,0.569892,0.551402,0.565657,0.564356,0.628571,0.642105,0.493976,0.692308,0.638298,0.613208,0.705882,0.540816,0.55102,0.5,0.676768,0.524752,0.638298,0.59434,0.495413,0.549451,0.630435,0.592593,0.556604,0.595745,0.466019,0.659794,0.638889,0.630435,0.645833,0.557692,0.644068,0.621951,0.572917,0.682692,0.540816,0.637255,
96000,0.627451,0.632653,0.573913,0.623529,0.584906,0.670213,0.550459,0.538462,0.591837,0.627451,0.59,0.66,0.616162,0.633663,0.535354,0.623762,0.634615,0.59375,0.696629,0.630631,0.594828,0.559524,0.676768,0.554455,0.613861,0.575758,0.688172,0.682243,0.649485,0.669903,0.6,0.589474,0.580645,0.607477,0.670455,0.669643,0.651685,0.558559,0.6,0.590476,0.623656,0.504673,0.63,0.65,0.564815,0.597826,0.571429,0.637255,0.648352,0.688073,0.604167,0.586538,0.6,0.62,0.684783,0.611111,0.704762,0.526316,0.516484,0.669725,0.581818,0.666667,0.62931,0.678571,0.733333,0.484211,0.601695,0.560976,0.673469,0.568627,0.601942,0.701031,0.697917,0.5,0.648936,0.650943,0.71028,0.55914,0.693878,0.617647,0.673077,0.4375,0.580952,0.547368,0.642857,0.5,0.576087,0.62963,0.561224,0.607843,0.541667,0.634615,0.605769,0.583333,0.530612,0.578431,0.609524,0.589474,0.484848,0.643564,
96200,0.656566,0.574257,0.579439,0.634409,0.63,0.64,0.583333,0.706522,0.686275,0.632653,0.625,0.596154,0.582524,0.608247,0.702128,0.566038,0.642857,0.637255,0.66,0.69,0.591837,0.637255,0.605263,0.639535,0.553191,0.679245,0.616279,0.684211,0.685393,0.612613,0.580357,0.613636,0.578431,0.693878,0.621359,0.556701,0.593023,0.535088,0.6,0.67619,0.632653,0.715686,0.683673,0.627451,0.55,0.47,0.752577,0.592233,0.59633,0.604396,0.615385,0.583333,0.52,0.54,0.581818,0.622222,0.571429,0.594828,0.619469,0.528736,0.578947,0.609524,0.651786,0.590909,0.596154,0.604167,0.609091,0.588889,0.608696,0.657407,0.480769,0.635417,0.54902,0.55102,0.683673,0.637255,0.660377,0.595745,0.606742,0.54955,0.638889,0.48913,0.556818,0.625,0.653061,0.568627,0.579439,0.612903,0.535354,0.643564,0.521277,0.584906,0.607843,0.540816,0.543103,0.595238,0.65625,0.663462,0.59375,0.634615,
96400,0.666667,0.594059,0.659341,0.577982,0.637363,0.651376,0.542169,0.632479,0.656566,0.594059,0.6,0.59,0.554455,0.656566,0.553398,0.618557,0.622642,0.62766,0.617647,0.612245,0.484536,0.582524,0.71,0.61,0.580952,0.652632,0.60396,0.505051,0.669811,0.574468,0.641304,0.62037,0.669811,0.553191,0.60396,0.535354,0.691589,0.537634,0.634615,0.65625,0.642857,0.647059,0.656566,0.613861,0.60396,0.585859,0.666667,0.554455,0.591837,0.627451,0.6,0.571429,0.594059,0.585859,0.714286,0.627451,0.628319,0.643678,0.528846,0.65625,0.575472,0.56383,0.619469,0.655172,0.555556,0.574257,0.597938,0.514563,0.623762,0.575758,0.494949,0.663366,0.638095,0.6,0.475248,0.585859,0.683673,0.627451,0.679612,0.597938,0.657143,0.621053,0.575472,0.617021,0.581633,0.617647,0.676471,0.612245,0.514851,0.636364,0.610619,0.586207,0.582524,0.56701,0.642105,0.52381,0.57,0.59,0.611111,0.627273,
96600,0.617021,0.537736,0.67619,0.6,0.607843,0.602041,0.71,0.6,0.718447,0.597938,0.688073,0.637363,0.54902,0.663265,0.537736,0.734043,0.617647,0.55102,0.618557,0.553398,0.61,0.61,0.605769,0.583333,0.60396,0.555556,0.605769,0.552083,0.59633,0.582418,0.567308,0.604167,0.537736,0.531915,0.534483,0.547619,0.623762,0.484848,0.571429,0.656863,0.589474,0.580952,0.684211,0.628571,0.622642,0.595745,0.682692,0.65625,0.561224,0.598039,0.717391,0.685185,0.574468,0.509434,0.639175,0.747573,0.684783,0.583333,0.543478,0.638889,0.59596,0.554455,0.617647,0.653061,0.526882,0.672897,0.615385,0.583333,0.535354,0.564356,0.612245,0.607843,0.623762,0.636364,0.613861,0.646465,0.591837,0.607843,0.642202,0.593407,0.537736,0.606383,0.554455,0.646465,0.654545,0.622222,0.72,0.54,0.62963,0.673913,0.635417,0.644231,0.541284,0.472527,0.66,0.61,0.595745,0.622642,0.588785,0.645161,
96800,0.616822,0.548387,0.55,0.58,0.618557,0.640777,0.571429,0.610526,0.621053,0.571429,0.642857,0.704545,0.606383,0.528302,0.666667,0.596154,0.660194,0.659794,0.574074,0.608696,0.62,0.6,0.669811,0.595745,0.612245,0.617647,0.585859,0.465347,0.634615,0.5625,0.692308,0.583333,0.557522,0.563218,0.666667,0.623762,0.582418,0.587156,0.669643,0.636364,0.611111,0.509091,0.626168,0.634409,0.531915,0.641509,0.656863,0.714286,0.564356,0.606061,0.634409,0.626168,0.582524,0.443299,0.635417,0.682692,0.666667,0.722772,0.541284,0.593407,0.660194,0.639175,0.446809,0.650943,0.571429,0.598039,0.638298,0.622642,0.45,0.62,0.431373,0.673469,0.575472,0.56383,0.586538,0.635417,0.592233,0.670103,0.676768,0.544554,0.564815,0.619565,0.596154,0.666667,0.574257,0.59596,0.733945,0.637363,0.738095,0.663793,0.532609,0.638889,0.57732,0.514563,0.66055,0.527473,0.616162,0.623762,0.617647,0.530612,
97000,0.66,0.61,0.590476,0.589474,0.576271,0.682927,0.564815,0.543478,0.659794,0.582524,0.677778,0.627273,0.691589,0.55914,0.505376,0.700935,0.558559,0.561798,0.646465,0.673267,0.635417,0.605769,0.680412,0.708738,0.631068,0.546392,0.616162,0.60396,0.679612,0.639175,0.552083,0.586538,0.553398,0.608247,0.516484,0.513761,0.636364,0.566667,0.6,0.6,0.632075,0.56383,0.59,0.54,0.660194,0.57732,0.592593,0.586957,0.537736,0.62766,0.619565,0.62037,0.651685,0.585586,0.631068,0.628866,0.623529,0.504348,0.520833,0.519231,0.646552,0.511905,0.5625,0.692308,0.592593,0.597826,0.622807,0.546512,0.638298,0.528302,0.484536,0.650485,0.659091,0.651786,0.666667,0.542056,0.548077,0.666667,0.516129,0.607477,0.626374,0.59633,0.561224,0.598039,0.642105,0.619048,0.505051,0.613861,0.579545,0.633929,0.595745,0.59434,0.60396,0.555556,0.6,0.63,0.688172,0.570093,0.6,0.67619,
97200,0.741935,0.616822,0.632653,0.539216,0.675676,0.640449,0.58,0.59,0.672727,0.711111,0.552381,0.610526,0.616822,0.548387,0.623853,0.593407,0.59434,0.595745,0.656863,0.653061,0.453488,0.578947,0.603774,0.680851,0.625,0.71875,0.64,0.53,0.55,0.67,0.603774,0.670213,0.53271,0.580645,0.568627,0.683673,0.509804,0.622449,0.52381,0.631579,0.558824,0.612245,0.622449,0.637255,0.509091,0.6,0.576923,0.666667,0.589474,0.628571,0.615385,0.614583,0.59596,0.544554,0.578431,0.561224,0.517647,0.626087,0.490741,0.532609,0.634615,0.552083,0.509259,0.652174,0.634615,0.625,0.631068,0.649485,0.5625,0.590909,0.568182,0.571429,0.583333,0.605769,0.594059,0.585859,0.59633,0.637363,0.621622,0.573034,0.666667,0.654545,0.543689,0.618557,0.674157,0.747748,0.554545,0.611111,0.598214,0.556818,0.574713,0.575221,0.54902,0.510204,0.609524,0.547368,0.584158,0.646465,0.622449,0.617647,
97400,0.674419,0.570175,0.673267,0.606061,0.603774,0.638298,0.621053,0.647619,0.708333,0.586538,0.672566,0.597701,0.619565,0.62963,0.646465,0.712871,0.677419,0.570093,0.635417,0.644231,0.561798,0.684685,0.605263,0.651163,0.618182,0.611111,0.602041,0.568627,0.649485,0.660194,0.607143,0.568182,0.62766,0.641509,0.747748,0.561798,0.619048,0.6,0.64486,0.655914,0.621053,0.638095,0.666667,0.55102,0.551402,0.548387,0.654206,0.623656,0.663551,0.602151,0.67619,0.652632,0.583333,0.576087,0.617021,0.575472,0.695652,0.675926,0.611111,0.627273,0.696429,0.568182,0.606383,0.669811,0.574713,0.557522,0.543689,0.608247,0.577982,0.637363,0.485981,0.698925,0.647619,0.526316,0.543478,0.611111,0.561404,0.709302,0.635417,0.625,0.598131,0.655914,0.553398,0.639175,0.608333,0.525,0.633028,0.615385,0.627907,0.649123,0.678261,0.670588,0.543478,0.509259,0.621359,0.587629,0.694737,0.590476,0.642857,0.594828,
97600,0.64,0.56,0.676768,0.584158,0.585106,0.669811,0.6,0.74,0.591837,0.617647,0.623762,0.525253,0.597701,0.539823,0.604396,0.577982,0.659794,0.660194,0.677083,0.701923,0.563218,0.59292,0.647619,0.715789,0.757576,0.623762,0.586538,0.572917,0.525773,0.533981,0.579439,0.526882,0.481818,0.655556,0.659091,0.696429,0.6,0.55,0.583333,0.646552,0.623656,0.654206,0.585859,0.50495,0.583333,0.634615,0.67033,0.678899,0.638889,0.597826,0.544444,0.618182,0.63,0.49,0.62037,0.663043,0.639175,0.621359,0.584906,0.617021,0.686047,0.517544,0.602041,0.72549,0.616822,0.44086,0.517857,0.590909,0.589474,0.47619,0.519608,0.591837,0.550562,0.576577,0.584158,0.59596,0.541284,0.604396,0.589474,0.67619,0.613208,0.542553,0.578431,0.602041,0.7,0.588889,0.577778,0.590909,0.653465,0.626263,0.566667,0.609091,0.732673,0.505051,0.545455,0.616071,0.610526,0.685714,0.540816,0.647059,
97800,0.666667,0.560748,0.712766,0.59434,0.648936,0.613208,0.612613,0.696629,0.639175,0.582524,0.51087,0.583333,0.570093,0.602151,0.568627,0.581633,0.552083,0.615385,0.677419,0.579439,0.515789,0.638095,0.62037,0.663043,0.621359,0.701031,0.55914,0.579439,0.576577,0.696629,0.638095,0.642105,0.513043,0.552941,0.515789,0.52381,0.626263,0.584158,0.56701,0.669903,0.509615,0.625,0.703297,0.614679,0.535088,0.593023,0.59,0.63,0.657143,0.6,0.597938,0.631068,0.692308,0.5625,0.634146,0.59322,0.598131,0.645161,0.644444,0.563636,0.586538,0.5625,0.663551,0.602151,0.551402,0.569892,0.618182,0.566667,0.631579,0.6,0.524752,0.535354,0.57732,0.572816,0.619565,0.564815,0.535354,0.564356,0.696078,0.622449,0.581818,0.611111,0.61165,0.57732,0.606061,0.643564,0.70297,0.626263,0.561224,0.627451,0.53211,0.67033,0.575472,0.595745,0.656566,0.534653,0.58,0.61,0.678571,0.672414,
98000,0.632075,0.62766,0.59596,0.623762,0.556604,0.617021,0.57732,0.650485,0.62,0.59,0.561905,0.631579,0.590476,0.589474,0.663366,0.636364,0.577982,0.538462,0.606742,0.612613,0.5625,0.681818,0.677419,0.551402,0.637255,0.55102,0.515789,0.590476,0.676768,0.564356,0.59292,0.655172,0.5,0.635417,0.556604,0.574468,0.476636,0.516129,0.62037,0.673913,0.55102,0.617647,0.745455,0.566667,0.56044,0.66055,0.659574,0.613208,0.582418,0.651376,0.636364,0.555556,0.711538,0.572917,0.556701,0.592233,0.683673,0.529412,0.568421,0.609524,0.677778,0.536364,0.625,0.615385,0.568421,0.647619,0.598039,0.591837,0.5,0.634615,0.571429,0.637255,0.5625,0.519231,0.57,0.58,0.669492,0.658537,0.660377,0.553191,0.550459,0.615385,0.541667,0.576923,0.657407,0.641304,0.635417,0.605769,0.554217,0.632479,0.616162,0.594059,0.634409,0.551402,0.594059,0.606061,0.691489,0.537736,0.640449,0.585586,
98200,0.591398,0.542056,0.575472,0.680851,0.59375,0.701923,0.612903,0.598131,0.682692,0.625,0.632075,0.606383,0.637363,0.568807,0.686869,0.663366,0.640777,0.597938,0.605769,0.59375,0.53125,0.576923,0.556701,0.582524,0.612613,0.662921,0.607843,0.530612,0.627119,0.560976,0.609524,0.589474,0.683673,0.539216,0.609195,0.707965,0.638298,0.613208,0.646465,0.722772,0.686869,0.623762,0.65,0.59,0.626263,0.594059,0.66055,0.626374,0.6,0.663636,0.679612,0.680412,0.663043,0.583333,0.59375,0.701923,0.634409,0.663551,0.485437,0.628866,0.602151,0.616822,0.685714,0.610526,0.648148,0.663043,0.572816,0.505155,0.712766,0.537736,0.486239,0.615385,0.63,0.58,0.670455,0.580357,0.622222,0.563636,0.628866,0.514563,0.546296,0.543478,0.602041,0.647059,0.604396,0.559633,0.587629,0.61165,0.576087,0.592593,0.656566,0.653465,0.574713,0.575221,0.683673,0.627451,0.653846,0.65625,0.657143,0.631579,
98400,0.663366,0.606061,0.647727,0.553571,0.618557,0.669903,0.609195,0.672566,0.585859,0.693069,0.633663,0.646465,0.590476,0.631579,0.504854,0.57732,0.647619,0.578947,0.588785,0.516129,0.634409,0.635514,0.554348,0.592593,0.699029,0.587629,0.652632,0.628571,0.680851,0.632075,0.650943,0.659574,0.601942,0.628866,0.726316,0.609524,0.702128,0.632075,0.68,0.71,0.684685,0.505618,0.62963,0.630435,0.525253,0.613861,0.669903,0.659794,0.66,0.6,0.571429,0.663793,0.572917,0.538462,0.572816,0.670103,0.59,0.54,0.597938,0.601942,0.592233,0.639175,0.601852,0.695652,0.525253,0.643564,0.700935,0.623656,0.518519,0.597826,0.582524,0.680412,0.68,0.52,0.623656,0.747664,0.627451,0.663265,0.741667,0.525,0.581818,0.566667,0.524272,0.587629,0.654545,0.533333,0.588785,0.537634,0.633028,0.527473,0.618557,0.553398,0.649485,0.543689,0.56383,0.641509,0.55,0.61,0.645161,0.579439,
98600,0.62037,0.684783,0.672727,0.511111,0.631068,0.649485,0.666667,0.641304,0.715686,0.612245,0.590909,0.633333,0.633663,0.707071,0.568182,0.678571,0.712871,0.626263,0.62963,0.641304,0.612245,0.617647,0.59633,0.692308,0.561905,0.610526,0.648148,0.532609,0.653465,0.666667,0.556701,0.728155,0.722772,0.575758,0.648936,0.566038,0.607143,0.625,0.5,0.54902,0.609195,0.637168,0.615385,0.605505,0.548673,0.678161,0.626168,0.591398,0.568807,0.692308,0.666667,0.642105,0.581197,0.662651,0.663043,0.75,0.589286,0.545455,0.579439,0.698925,0.640351,0.5,0.607843,0.704082,0.640777,0.608247,0.554217,0.589744,0.649485,0.631068,0.55814,0.605263,0.59596,0.633663,0.655914,0.635514,0.556604,0.595745,0.650485,0.649485,0.663636,0.522222,0.534091,0.553571,0.630631,0.505618,0.51,0.59,0.57,0.7,0.616822,0.526882,0.680412,0.514563,0.613861,0.565657,0.67,0.65,0.606383,0.660377,
98800,0.642857,0.617647,0.589474,0.6,0.643678,0.646018,0.534091,0.616071,0.6875,0.704545,0.632653,0.568627,0.58,0.57,0.6,0.663636,0.662791,0.561404,0.608247,0.601942,0.57,0.58,0.572727,0.611111,0.653061,0.656863,0.642202,0.604396,0.557692,0.625,0.660194,0.56701,0.543103,0.654762,0.591304,0.494118,0.628571,0.484211,0.641304,0.62037,0.626168,0.580645,0.539216,0.683673,0.57,0.57,0.685185,0.619565,0.629032,0.605263,0.628866,0.68932,0.712766,0.679245,0.539216,0.683673,0.622449,0.588235,0.590476,0.610526,0.635514,0.569892,0.55,0.72,0.528302,0.585106,0.654206,0.645161,0.537634,0.551402,0.577982,0.615385,0.581818,0.566667,0.677778,0.609091,0.639535,0.631579,0.57,0.53,0.557377,0.512821,0.543478,0.490741,0.541667,0.605769,0.526316,0.561905,0.635417,0.509615,0.609524,0.568421,0.559524,0.568966,0.622449,0.607843,0.57,0.61,0.614583,0.586538,
99000,0.653846,0.614583,0.54,0.6,0.628866,0.631068,0.634615,0.614583,0.677778,0.645455,0.666667,0.638554,0.572727,0.633333,0.5,0.59375,0.556701,0.718447,0.639175,0.61165,0.563107,0.628866,0.526882,0.607477,0.555556,0.594059,0.564356,0.505051,0.623762,0.676768,0.594059,0.565657,0.537736,0.585106,0.6,0.63,0.565217,0.574074,0.485149,0.636364,0.561905,0.621053,0.561905,0.547368,0.5,0.66,0.546296,0.630435,0.653465,0.555556,0.607843,0.632653,0.557692,0.583333,0.680851,0.669811,0.59596,0.554455,0.646465,0.534653,0.639175,0.650485,0.623762,0.656566,0.610526,0.580952,0.709091,0.566667,0.643564,0.626263,0.478261,0.564815,0.6,0.621053,0.688889,0.645455,0.579439,0.612903,0.732558,0.622807,0.59596,0.514851,0.585586,0.595506,0.57732,0.601942,0.578431,0.663265,0.565657,0.564356,0.598131,0.655914,0.703704,0.554348,0.591398,0.64486,0.603774,0.553191,0.625,0.586538,
99200,0.617978,0.63964,0.536842,0.628571,0.571429,0.545455,0.561224,0.686275,0.601942,0.56701,0.598131,0.569892,0.612613,0.58427,0.660377,0.606383,0.629213,0.585586,0.628319,0.678161,0.619565,0.583333,0.604396,0.66055,0.585859,0.633663,0.535088,0.662791,0.637255,0.571429,0.623853,0.659341,0.632075,0.595745,0.51,0.66,0.688172,0.551402,0.591398,0.551402,0.59,0.62,0.627273,0.533333,0.617647,0.612245,0.608696,0.601852,0.568421,0.619048,0.601852,0.576087,0.588785,0.666667,0.678571,0.579545,0.669725,0.593407,0.58427,0.666667,0.646552,0.678571,0.601942,0.639175,0.561224,0.54902,0.612245,0.568627,0.573913,0.670588,0.582609,0.635294,0.514851,0.606061,0.548077,0.5625,0.632075,0.617021,0.633929,0.511364,0.663462,0.572917,0.542553,0.603774,0.584158,0.656566,0.594059,0.636364,0.513761,0.648352,0.554545,0.588889,0.531915,0.59434,0.578947,0.580952,0.545455,0.633663,0.555556,0.594059,
99400,0.623656,0.588785,0.623656,0.542056,0.625,0.567308,0.632075,0.670213,0.595506,0.63964,0.60396,0.646465,0.585859,0.554455,0.593407,0.59633,0.588235,0.602041,0.708738,0.628866,0.648936,0.518868,0.59596,0.584158,0.605769,0.583333,0.451923,0.572917,0.555556,0.60241,0.651163,0.684211,0.544554,0.717172,0.613861,0.757576,0.557895,0.609524,0.58,0.64,0.521277,0.528302,0.556701,0.572816,0.597701,0.60177,0.635514,0.623656,0.505155,0.466019,0.659341,0.623853,0.578947,0.546512,0.601942,0.649485,0.519608,0.673469,0.609195,0.610619,0.711111,0.654545,0.621622,0.629213,0.544554,0.585859,0.64,0.53,0.659574,0.613208,0.607477,0.526882,0.648148,0.576087,0.744444,0.754545,0.659574,0.632075,0.652542,0.5,0.519231,0.729167,0.61165,0.659794,0.63964,0.52809,0.663551,0.602151,0.571429,0.694737,0.632653,0.656863,0.494845,0.631068,0.590909,0.616071,0.6875,0.548077,0.619048,0.652632,
99600,0.574074,0.717391,0.650485,0.57732,0.630435,0.657407,0.598039,0.602041,0.673469,0.568627,0.594595,0.640449,0.666667,0.477876,0.555556,0.623762,0.615385,0.495413,0.570093,0.666667,0.652632,0.609524,0.642105,0.685714,0.572727,0.633333,0.655914,0.504673,0.616071,0.602273,0.638298,0.566038,0.494737,0.571429,0.649485,0.640777,0.605769,0.583333,0.608247,0.572816,0.56383,0.566038,0.653846,0.614583,0.546392,0.640777,0.636364,0.644444,0.643678,0.637168,0.608247,0.592233,0.568182,0.517857,0.606742,0.630631,0.672897,0.591398,0.485149,0.575758,0.663462,0.677083,0.60396,0.616162,0.535354,0.594059,0.565217,0.555556,0.698925,0.504673,0.517544,0.593023,0.622449,0.539216,0.563107,0.515464,0.592233,0.608247,0.683168,0.575758,0.682692,0.552083,0.543689,0.556701,0.59434,0.531915,0.514563,0.546392,0.598039,0.581633,0.56,0.69,0.518182,0.544444,0.578431,0.602041,0.648936,0.603774,0.704762,0.642105,
99800,0.6,0.53,0.653465,0.606061,0.663717,0.632184,0.536364,0.6,0.627451,0.612245,0.65625,0.634615,0.606742,0.567568,0.718447,0.556701,0.63,0.65,0.623656,0.635514,0.626374,0.614679,0.604167,0.644231,0.618557,0.699029,0.58,0.63,0.59375,0.644231,0.490196,0.530612,0.533981,0.587629,0.576471,0.721739,0.572816,0.587629,0.63,0.68,0.520833,0.605769,0.66055,0.549451,0.642857,0.556818,0.572917,0.615385,0.608696,0.670588,0.705882,0.683673,0.681818,0.589286,0.615385,0.666667,0.581633,0.617647,0.613861,0.565657,0.597826,0.537037,0.584158,0.565657,0.666667,0.645455,0.539326,0.594595,0.607143,0.603448,0.546392,0.640777,0.614583,0.557692,0.663366,0.535354,0.612903,0.635514,0.61,0.63,0.575472,0.617021,0.628866,0.592233,0.59633,0.549451,0.641304,0.638889,0.606061,0.623762,0.571429,0.605505,0.654545,0.555556,0.494949,0.643564,0.648936,0.660377,0.655556,0.681818,
100000,0.608247,0.650485,0.572917,0.653846,0.581818,0.577778,0.585106,0.528302,0.546296,0.663043,0.540816,0.666667,0.539216,0.561224,0.655556,0.645455,0.607143,0.681818,0.623762,0.686869,0.526882,0.598131,0.62,0.67,0.623762,0.69697,0.587719,0.569767,0.631068,0.659794,0.590909,0.6,0.524752,0.515152,0.556604,0.574468,0.658537,0.635593,0.588889,0.590909,0.623762,0.747475,0.58427,0.612613,0.652174,0.657407,0.673267,0.616162,0.609756,0.584746,0.666667,0.653061,0.626168,0.634409,0.597826,0.648148,0.567308,0.614583,0.592593,0.596639,0.637363,0.568807,0.579439,0.72043,0.623762,0.666667,0.62963,0.543478,0.628571,0.494737,0.606061,0.653465,0.681319,0.651376,0.617978,0.612613,0.607143,0.659091,0.6,0.59,0.631579,0.552381,0.550847,0.621951,0.627451,0.540816,0.616822,0.677419,0.62766,0.650943,0.556701,0.543689,0.56701,0.631068,0.543478,0.601852,0.505155,0.592233,0.601942,0.670103,
