mc_step,0&1,1&2,2&3,3&4,4&5,5&6,6&7,7&8,8&9,9&10,10&11,11&12,12&13,13&14,14&15,15&16,16&17,17&18,18&19,19&20,20&21,21&22,22&23,23&24,24&25,25&26,26&27,27&28,28&29,29&30,30&31,31&32,32&33,33&34,34&35,35&36,36&37,37&38,38&39,39&40,40&41,41&42,42&43,43&44,44&45,45&46,46&47,47&48,48&49,
200,1,1,1,1,1,0.99,1,0.99,0.95,0.99,0.98,0.97,0.96,0.94,0.9,0.85,0.82,0.7,0.66,0.33,0.52,0.63,0.15,0.16,0.23,0.29,0.3,0.23,0.27,0.3,0.3,0.34,0.29,0.34,0.28,0.33,0.33,0.33,0.36,0.29,0.26,0.39,0.34,0.28,0.21,0.19,0.17,0.09,0.07,
400,1,1,1,0.995,1,0.995,0.995,0.995,0.975,0.98,0.98,0.985,0.945,0.93,0.89,0.87,0.78,0.695,0.57,0.165,0.405,0.465,0.215,0.27,0.2,0.38,0.3,0.23,0.21,0.25,0.31,0.355,0.305,0.35,0.28,0.31,0.33,0.395,0.395,0.385,0.385,0.44,0.41,0.39,0.35,0.295,0.27,0.185,0.085,
600,1,1,1,0.996667,1,0.993333,0.993333,0.993333,0.983333,0.983333,0.976667,0.976667,0.95,0.913333,0.886667,0.85,0.723333,0.646667,0.473333,0.11,0.506667,0.483333,0.396667,0.416667,0.406667,0.513333,0.446667,0.393333,0.383333,0.416667,0.46,0.44,0.433333,0.473333,0.44,0.446667,0.446667,0.496667,0.46,0.453333,0.463333,0.523333,0.49,0.503333,0.456667,0.43,0.423333,0.3,0.26,
800,1,0.9975,1,0.9975,1,0.995,0.9875,0.9925,0.98,0.9875,0.9825,0.98,0.95,0.9,0.84,0.79,0.6075,0.5675,0.435,0.2775,0.57,0.5625,0.51,0.53,0.5,0.5725,0.5175,0.475,0.48,0.5025,0.545,0.5275,0.5075,0.52,0.53,0.5125,0.54,0.56,0.55,0.535,0.52,0.5625,0.55,0.57,0.5075,0.5325,0.4975,0.4,0.3925,
1000,0.996,0.998,1,0.998,0.998,0.994,0.988,0.992,0.984,0.978,0.974,0.962,0.938,0.872,0.792,0.768,0.586,0.554,0.456,0.378,0.596,0.594,0.556,0.596,0.548,0.608,0.578,0.546,0.538,0.542,0.572,0.556,0.572,0.576,0.568,0.558,0.568,0.598,0.59,0.588,0.57,0.608,0.592,0.6,0.54,0.572,0.556,0.464,0.464,
1200,0.996667,0.998333,1,0.995,0.998333,0.993333,0.986667,0.99,0.983333,0.973333,0.958333,0.941667,0.915,0.84,0.771667,0.763333,0.603333,0.563333,0.505,0.436667,0.616667,0.62,0.593333,0.608333,0.59,0.63,0.603333,0.568333,0.573333,0.58,0.586667,0.598333,0.605,0.598333,0.6,0.59,0.595,0.621667,0.628333,0.625,0.606667,0.638333,0.616667,0.625,0.58,0.595,0.596667,0.51,0.498333,
1400,0.997143,0.998571,0.998571,0.994286,0.998571,0.992857,0.988571,0.99,0.975714,0.971429,0.951429,0.938571,0.892857,0.84,0.757143,0.747143,0.598571,0.584286,0.541429,0.487143,0.612857,0.634286,0.604286,0.62,0.615714,0.647143,0.615714,0.597143,0.597143,0.617143,0.598571,0.617143,0.614286,0.624286,0.63,0.601429,0.61,0.634286,0.632857,0.64,0.612857,0.667143,0.634286,0.648571,0.607143,0.617143,0.614286,0.547143,0.53,
1600,0.99625,0.99875,0.99875,0.995,0.9975,0.98875,0.99,0.99,0.97875,0.97,0.9475,0.92625,0.89375,0.835,0.7475,0.73625,0.58875,0.605,0.57,0.51125,0.625,0.65125,0.61125,0.64,0.63125,0.65,0.625,0.615,0.60875,0.645,0.6125,0.63125,0.6325,0.6325,0.64,0.6075,0.63625,0.6525,0.65375,0.6625,0.6325,0.6825,0.6525,0.65625,0.62875,0.6375,0.61375,0.56625,0.55,
1800,0.996667,0.998889,0.998889,0.995556,0.997778,0.99,0.991111,0.991111,0.977778,0.965556,0.945556,0.918889,0.89,0.825556,0.751111,0.717778,0.585556,0.61,0.59,0.535556,0.636667,0.664444,0.623333,0.652222,0.641111,0.651111,0.634444,0.611111,0.604444,0.655556,0.624444,0.644444,0.647778,0.65,0.652222,0.624444,0.647778,0.667778,0.665556,0.671111,0.634444,0.683333,0.653333,0.663333,0.634444,0.654444,0.625556,0.582222,0.566667,
2000,0.997,0.998,0.998,0.995,0.997,0.989,0.991,0.987,0.977,0.961,0.943,0.923,0.879,0.811,0.75,0.703,0.608,0.614,0.604,0.561,0.642,0.666,0.632,0.66,0.639,0.661,0.648,0.623,0.617,0.664,0.631,0.663,0.658,0.658,0.662,0.643,0.657,0.67,0.678,0.683,0.643,0.693,0.666,0.672,0.639,0.663,0.64,0.597,0.58,
2200,0.996364,0.998182,0.998182,0.994545,0.996364,0.989091,0.991818,0.982727,0.971818,0.959091,0.937273,0.918182,0.88,0.807273,0.744545,0.700909,0.612727,0.621818,0.606364,0.566364,0.657273,0.675455,0.634545,0.658182,0.649091,0.671818,0.65,0.633636,0.631818,0.672727,0.636364,0.670909,0.666364,0.670909,0.668182,0.641818,0.660909,0.677273,0.684545,0.695455,0.649091,0.699091,0.673636,0.68,0.644545,0.663636,0.650909,0.607273,0.588182,
2400,0.995,0.998333,0.9975,0.993333,0.996667,0.989167,0.990833,0.9825,0.968333,0.959167,0.935,0.918333,0.870833,0.806667,0.7325,0.695,0.6175,0.628333,0.61,0.5825,0.66,0.6825,0.635833,0.663333,0.658333,0.676667,0.664167,0.635833,0.64,0.683333,0.65,0.674167,0.668333,0.675833,0.6825,0.641667,0.665833,0.675833,0.690833,0.6975,0.660833,0.705833,0.679167,0.689167,0.650833,0.664167,0.655,0.615833,0.593333,
2600,0.994615,0.998462,0.996923,0.993846,0.996154,0.989231,0.99,0.980769,0.966923,0.957692,0.933846,0.913846,0.868462,0.801538,0.720769,0.695385,0.626154,0.639231,0.624615,0.596923,0.665385,0.683846,0.640769,0.663077,0.671538,0.679231,0.676154,0.637692,0.653077,0.691538,0.650769,0.683077,0.672308,0.681538,0.687692,0.647692,0.667692,0.673846,0.696923,0.7,0.669231,0.707692,0.686923,0.692308,0.661538,0.666154,0.661538,0.620769,0.591538,
2800,0.994286,0.998571,0.996429,0.994286,0.996429,0.988571,0.988571,0.980714,0.965714,0.955,0.933571,0.910714,0.865,0.796429,0.719286,0.703571,0.627857,0.637143,0.628571,0.605,0.667143,0.69,0.646429,0.667857,0.675714,0.681429,0.677143,0.652143,0.661429,0.697143,0.658571,0.692857,0.679286,0.683571,0.688571,0.650714,0.673571,0.68,0.702143,0.705,0.672143,0.714286,0.695,0.697857,0.667143,0.671429,0.663571,0.630714,0.600714,
3000,0.994667,0.997333,0.996667,0.994,0.996667,0.989333,0.988667,0.980667,0.965333,0.956,0.937333,0.909333,0.867333,0.792,0.702,0.702,0.637333,0.643333,0.634,0.612667,0.672667,0.697333,0.657333,0.668667,0.68,0.682667,0.684,0.655333,0.67,0.701333,0.666,0.695333,0.682667,0.681333,0.691333,0.658667,0.681333,0.686667,0.704667,0.709333,0.671333,0.712,0.696667,0.687333,0.676,0.679333,0.665333,0.632667,0.605333,
3200,0.995,0.9975,0.996875,0.994375,0.99625,0.989375,0.98625,0.981875,0.96375,0.955625,0.9325,0.909375,0.863125,0.78875,0.6975,0.704375,0.636875,0.643125,0.64,0.6175,0.675625,0.70375,0.664375,0.673125,0.679375,0.688125,0.6875,0.65875,0.671875,0.70625,0.6775,0.696875,0.686875,0.69,0.699375,0.66,0.686875,0.690625,0.699375,0.710625,0.680625,0.7175,0.698125,0.689375,0.68375,0.684375,0.67,0.634375,0.61125,
3400,0.995294,0.997647,0.997059,0.994118,0.996471,0.99,0.984706,0.981765,0.964706,0.954706,0.930588,0.908824,0.86,0.791176,0.697647,0.702941,0.643529,0.643529,0.642353,0.625882,0.68,0.704706,0.671765,0.672353,0.678824,0.693529,0.697059,0.667059,0.675882,0.711765,0.680588,0.694118,0.689412,0.692353,0.704706,0.662941,0.692941,0.695882,0.701765,0.712353,0.678824,0.714706,0.696471,0.691176,0.687059,0.688824,0.671765,0.641176,0.618235,
3600,0.995556,0.997778,0.997222,0.993889,0.995556,0.989444,0.983889,0.981667,0.965,0.955,0.926667,0.906111,0.858889,0.788889,0.697778,0.697222,0.647778,0.645556,0.647778,0.635,0.681111,0.71,0.677222,0.678333,0.683333,0.694444,0.699444,0.671667,0.675556,0.706111,0.68,0.700556,0.694444,0.698333,0.708333,0.667222,0.693333,0.696667,0.701111,0.708889,0.682778,0.715556,0.703889,0.695,0.694444,0.691667,0.672222,0.643889,0.623889,
3800,0.995263,0.997895,0.997368,0.994211,0.995789,0.988421,0.984737,0.981579,0.963158,0.953684,0.924211,0.906316,0.855263,0.791579,0.696842,0.687895,0.651053,0.653684,0.652105,0.642105,0.683684,0.715789,0.681053,0.678421,0.686316,0.698421,0.701053,0.675263,0.672632,0.708421,0.684737,0.703684,0.697895,0.696316,0.705789,0.674211,0.694737,0.701579,0.698421,0.711579,0.680526,0.720526,0.706842,0.697895,0.698947,0.692105,0.677368,0.650526,0.628421,
4000,0.9955,0.9975,0.997,0.9945,0.996,0.989,0.985,0.9815,0.9635,0.955,0.9235,0.903,0.8525,0.787,0.6955,0.687,0.654,0.659,0.6585,0.6455,0.681,0.708,0.6825,0.6815,0.6885,0.703,0.6995,0.681,0.6765,0.711,0.686,0.7045,0.7055,0.698,0.707,0.677,0.6995,0.7045,0.6965,0.7105,0.682,0.7235,0.709,0.703,0.7015,0.688,0.6775,0.6515,0.635,
4200,0.995714,0.997619,0.997143,0.994762,0.99619,0.988571,0.984762,0.981429,0.962857,0.954762,0.922381,0.90381,0.852381,0.781429,0.699048,0.684286,0.652857,0.657143,0.66619,0.649048,0.680476,0.710952,0.686667,0.681905,0.688571,0.702381,0.704286,0.687619,0.677143,0.712857,0.689524,0.707619,0.702857,0.69381,0.707619,0.681429,0.7,0.70381,0.698095,0.712857,0.683333,0.723333,0.712381,0.704762,0.704286,0.690952,0.676667,0.657619,0.639048,
4400,0.995,0.997273,0.997273,0.994545,0.995909,0.988636,0.985,0.981818,0.962727,0.951364,0.920909,0.900455,0.851364,0.779091,0.700455,0.685455,0.655909,0.661364,0.667273,0.648182,0.682273,0.713182,0.686818,0.681818,0.689545,0.703636,0.707727,0.687273,0.68,0.714091,0.693182,0.712727,0.705909,0.694545,0.709545,0.687273,0.700455,0.711364,0.699545,0.712273,0.682727,0.725,0.712273,0.700455,0.707727,0.695455,0.676818,0.660909,0.642273,
4600,0.995217,0.997391,0.996957,0.994783,0.995652,0.988696,0.983478,0.981739,0.963043,0.950435,0.92087,0.897391,0.849565,0.78,0.697826,0.686957,0.658696,0.665217,0.66913,0.651304,0.687826,0.713913,0.687826,0.687391,0.693913,0.707391,0.71,0.691739,0.682174,0.715217,0.696522,0.713478,0.71,0.698696,0.710435,0.689565,0.703043,0.714783,0.702609,0.716957,0.684348,0.716087,0.715217,0.703913,0.707391,0.694348,0.68087,0.665652,0.646522,
4800,0.995417,0.9975,0.99625,0.994583,0.995,0.98875,0.983333,0.98125,0.964167,0.95,0.920833,0.897083,0.85,0.778333,0.697917,0.68125,0.659583,0.661667,0.670833,0.65125,0.685,0.713333,0.693333,0.688333,0.692917,0.70875,0.710417,0.69125,0.68625,0.715833,0.698333,0.71875,0.71125,0.702083,0.709167,0.692917,0.704583,0.713333,0.706667,0.715833,0.682083,0.714583,0.719583,0.704167,0.711667,0.696667,0.682917,0.667917,0.6475,
5000,0.9956,0.9976,0.9964,0.9944,0.9948,0.9884,0.9828,0.9816,0.9644,0.9512,0.9192,0.8956,0.8484,0.7788,0.6948,0.6784,0.6592,0.6664,0.6716,0.6556,0.6856,0.7148,0.6936,0.6896,0.694,0.7132,0.7132,0.6956,0.69,0.7144,0.698,0.7168,0.7132,0.7016,0.7072,0.6964,0.7084,0.7148,0.7084,0.7148,0.6848,0.716,0.7224,0.7064,0.7136,0.6984,0.684,0.672,0.646,
5200,0.995,0.997692,0.996538,0.994615,0.995,0.988462,0.981538,0.981923,0.963846,0.951154,0.918077,0.895,0.848846,0.778462,0.690385,0.679231,0.66,0.670385,0.675,0.658462,0.687308,0.716923,0.697308,0.690769,0.694615,0.714231,0.71,0.694231,0.691154,0.714231,0.700769,0.721538,0.715769,0.698462,0.707692,0.695769,0.71,0.717308,0.710385,0.714615,0.686154,0.715769,0.723462,0.711154,0.716538,0.698462,0.687692,0.671923,0.65,
5400,0.995185,0.997778,0.996667,0.994815,0.994074,0.988889,0.981852,0.981111,0.964815,0.951481,0.918889,0.892963,0.847407,0.777037,0.689259,0.678148,0.660741,0.66963,0.675926,0.658889,0.688519,0.71963,0.702593,0.68963,0.695926,0.714444,0.71037,0.693333,0.688148,0.721111,0.703704,0.723333,0.72,0.701852,0.711111,0.697407,0.711481,0.716296,0.708519,0.714074,0.68963,0.712963,0.721481,0.712593,0.717778,0.702593,0.687778,0.673333,0.653333,
5600,0.995357,0.9975,0.996429,0.994286,0.993929,0.988929,0.9825,0.981071,0.964643,0.952143,0.918929,0.8925,0.8475,0.778929,0.689286,0.675357,0.660714,0.67,0.678929,0.661071,0.691429,0.721429,0.7025,0.692143,0.694643,0.714643,0.7125,0.696786,0.688214,0.720714,0.704643,0.7225,0.723214,0.705,0.713571,0.700357,0.713571,0.718571,0.709643,0.714643,0.695,0.715,0.7225,0.713571,0.716071,0.700714,0.689643,0.676071,0.657857,
5800,0.995517,0.997586,0.996552,0.994138,0.993448,0.98931,0.982759,0.980345,0.964828,0.951379,0.917931,0.892759,0.846552,0.776897,0.692759,0.674138,0.661034,0.670345,0.682414,0.666207,0.691724,0.721379,0.705172,0.695517,0.696552,0.717931,0.711034,0.698621,0.687586,0.721379,0.704483,0.724138,0.724828,0.706552,0.715172,0.700345,0.712414,0.718966,0.71,0.71931,0.698276,0.716897,0.723103,0.715517,0.717586,0.7,0.692414,0.678276,0.65931,
6000,0.995667,0.997667,0.996667,0.994333,0.993667,0.989333,0.983,0.979333,0.964333,0.951,0.916,0.892,0.845667,0.776667,0.693,0.676,0.665667,0.670333,0.681667,0.668,0.691667,0.722667,0.705667,0.694333,0.698,0.719667,0.711667,0.701,0.691333,0.721333,0.704667,0.728,0.725333,0.709,0.713,0.701333,0.714333,0.721,0.710333,0.718667,0.699,0.718333,0.726333,0.715333,0.718667,0.702333,0.694667,0.679,0.659667,
6200,0.995806,0.997742,0.996774,0.994194,0.993548,0.989355,0.983226,0.979677,0.964839,0.951613,0.914839,0.890968,0.847419,0.773226,0.690968,0.676452,0.666774,0.673226,0.685161,0.669355,0.692903,0.722581,0.706774,0.694516,0.702258,0.71871,0.716129,0.703871,0.691613,0.723226,0.704194,0.727742,0.723871,0.712258,0.716452,0.702581,0.713226,0.720323,0.710645,0.71871,0.701613,0.718065,0.727419,0.715161,0.719355,0.702258,0.695161,0.680323,0.660645,
6400,0.995938,0.997812,0.996875,0.994375,0.99375,0.989375,0.98375,0.978437,0.965938,0.951562,0.915,0.890312,0.845938,0.769375,0.692813,0.674687,0.664687,0.674375,0.689375,0.67125,0.694063,0.718125,0.707812,0.695937,0.705313,0.72125,0.719063,0.705625,0.6925,0.725,0.70625,0.727812,0.723125,0.7125,0.715938,0.7025,0.715,0.723437,0.712812,0.722187,0.703125,0.722187,0.724375,0.71875,0.72125,0.702812,0.696562,0.681562,0.6625,
6600,0.996061,0.997879,0.996667,0.994545,0.993636,0.989394,0.983636,0.978485,0.964242,0.950909,0.915758,0.888182,0.844242,0.768182,0.695152,0.675758,0.667273,0.675152,0.690606,0.671515,0.692121,0.715758,0.707879,0.695455,0.706667,0.72303,0.721818,0.707879,0.693939,0.726364,0.709394,0.73,0.724848,0.714545,0.716667,0.698485,0.711212,0.722727,0.713333,0.720909,0.706364,0.723939,0.72697,0.716667,0.722121,0.704242,0.695455,0.680909,0.664848,
6800,0.995882,0.997647,0.996765,0.994706,0.993824,0.988824,0.983824,0.978235,0.963824,0.950882,0.913824,0.889118,0.842941,0.766471,0.692941,0.678824,0.664118,0.673529,0.691176,0.674412,0.694412,0.715588,0.708529,0.693529,0.706176,0.722059,0.720588,0.707941,0.697059,0.725882,0.710588,0.732941,0.725882,0.716176,0.717647,0.702059,0.713529,0.723529,0.715294,0.722059,0.707059,0.724118,0.725588,0.715882,0.724412,0.704118,0.697647,0.684118,0.664412,
7000,0.996,0.997714,0.996857,0.994571,0.993714,0.988286,0.983429,0.978571,0.964,0.951143,0.914286,0.888,0.84,0.766571,0.694,0.678,0.667143,0.672286,0.690857,0.676286,0.696,0.715714,0.709429,0.694286,0.706286,0.723714,0.720857,0.709714,0.7,0.725143,0.713143,0.734286,0.726571,0.716857,0.718286,0.702571,0.714857,0.723429,0.716286,0.724,0.710857,0.725143,0.727714,0.717143,0.723429,0.704,0.698571,0.685143,0.664571,
7200,0.996111,0.997778,0.996667,0.994722,0.993056,0.988611,0.983889,0.979167,0.963611,0.95,0.915,0.888611,0.840556,0.7625,0.692778,0.675833,0.670833,0.673333,0.694167,0.678056,0.695278,0.716389,0.707222,0.6925,0.703056,0.726944,0.721944,0.709167,0.7,0.725278,0.714444,0.733333,0.726667,0.718889,0.720556,0.700556,0.717778,0.724722,0.719444,0.726944,0.711944,0.726667,0.730833,0.718333,0.7225,0.706111,0.699722,0.685278,0.664444,
7400,0.995676,0.997297,0.996757,0.994595,0.992973,0.988649,0.983784,0.978378,0.963514,0.95,0.914324,0.888378,0.840541,0.762973,0.693784,0.675946,0.672162,0.671892,0.694324,0.68,0.692973,0.715946,0.706216,0.692432,0.701351,0.728108,0.724595,0.708919,0.70027,0.726486,0.715676,0.731081,0.727027,0.719459,0.72027,0.698919,0.716486,0.724865,0.718649,0.726486,0.710811,0.723514,0.732703,0.71973,0.721351,0.706757,0.702162,0.686216,0.661622,
7600,0.995789,0.997105,0.996842,0.994737,0.992368,0.988158,0.983158,0.977895,0.963421,0.950263,0.915,0.888158,0.840263,0.764211,0.694474,0.67,0.673158,0.673158,0.691842,0.679211,0.692105,0.716842,0.708684,0.693421,0.703421,0.726316,0.725263,0.71,0.701053,0.724737,0.716053,0.732632,0.727368,0.718158,0.720526,0.700263,0.716579,0.722632,0.721579,0.727105,0.711579,0.723947,0.731842,0.719737,0.722368,0.705,0.702368,0.687895,0.663947,
7800,0.995897,0.997179,0.996923,0.994872,0.992564,0.988205,0.982821,0.977692,0.962564,0.950256,0.914359,0.888462,0.837949,0.762564,0.695897,0.671026,0.673077,0.67359,0.692308,0.679744,0.693333,0.718205,0.706154,0.696667,0.703333,0.725897,0.726667,0.710256,0.697436,0.724615,0.714615,0.73359,0.728462,0.721282,0.72,0.703333,0.716923,0.722821,0.724359,0.728974,0.711538,0.724103,0.733333,0.718462,0.724103,0.70641,0.702051,0.688462,0.666154,
8000,0.996,0.99725,0.997,0.995,0.99275,0.9885,0.98275,0.977,0.96225,0.949,0.9135,0.88725,0.838,0.762,0.69375,0.67275,0.67275,0.67725,0.6925,0.68075,0.69625,0.72,0.7085,0.697,0.7035,0.72575,0.72525,0.711,0.69775,0.72425,0.71725,0.7335,0.73075,0.7225,0.71975,0.70425,0.71675,0.721,0.724,0.732,0.71175,0.72375,0.733,0.71625,0.72475,0.7075,0.70275,0.68825,0.66375,
8200,0.996098,0.997317,0.996829,0.994878,0.992683,0.988537,0.982683,0.976829,0.962683,0.94878,0.913171,0.886098,0.837805,0.762683,0.695854,0.670976,0.675366,0.674878,0.694146,0.679512,0.696098,0.721463,0.706829,0.697805,0.705366,0.724146,0.725854,0.711951,0.698049,0.72439,0.717561,0.735366,0.732927,0.724146,0.72,0.703902,0.717073,0.721463,0.721707,0.732683,0.711707,0.722195,0.730976,0.71561,0.725122,0.71122,0.704634,0.69,0.666341,
8400,0.99619,0.997381,0.996905,0.995,0.992857,0.988571,0.982619,0.976429,0.962143,0.948333,0.911905,0.885476,0.837143,0.761429,0.698095,0.671429,0.677143,0.676429,0.694048,0.68,0.697143,0.720238,0.70881,0.700476,0.706667,0.724762,0.725476,0.712857,0.697143,0.725476,0.718333,0.736667,0.732381,0.724286,0.720476,0.705952,0.715,0.720476,0.720238,0.732381,0.71381,0.724524,0.732619,0.717381,0.727857,0.711667,0.704048,0.689762,0.666429,
8600,0.996047,0.997442,0.996744,0.995116,0.992791,0.988372,0.982326,0.976744,0.962093,0.947907,0.91093,0.884419,0.836512,0.759302,0.698605,0.671628,0.67907,0.675349,0.696512,0.680465,0.699535,0.721395,0.709767,0.699767,0.708605,0.725349,0.722791,0.712791,0.698605,0.725581,0.71907,0.736512,0.731395,0.724651,0.719302,0.707907,0.717209,0.723023,0.719767,0.733256,0.715814,0.726047,0.73186,0.718372,0.727209,0.713023,0.706744,0.692093,0.667209,
8800,0.995909,0.9975,0.996818,0.995227,0.9925,0.988182,0.9825,0.976818,0.962045,0.947955,0.910227,0.885227,0.836136,0.759091,0.694091,0.672273,0.681364,0.677273,0.697727,0.681818,0.699773,0.720682,0.709318,0.700682,0.709545,0.726364,0.722045,0.713182,0.700909,0.726818,0.719545,0.7375,0.732727,0.723409,0.720909,0.707727,0.716818,0.723409,0.720227,0.733409,0.717727,0.724773,0.732273,0.718636,0.725455,0.715,0.710227,0.693409,0.666818,
9000,0.996,0.997556,0.996889,0.995111,0.992444,0.988444,0.982667,0.977111,0.962,0.948,0.911333,0.885778,0.836667,0.760222,0.694,0.668444,0.681778,0.676,0.695778,0.682444,0.698222,0.719778,0.710444,0.700444,0.710889,0.727556,0.723111,0.713333,0.702,0.726,0.719778,0.738222,0.731778,0.724444,0.719778,0.708222,0.717111,0.724,0.723333,0.734444,0.717333,0.723778,0.731111,0.719778,0.726222,0.714222,0.712222,0.694444,0.666,
9200,0.996087,0.997609,0.996957,0.995217,0.992609,0.988043,0.982609,0.976957,0.962174,0.947174,0.911957,0.883913,0.836957,0.761087,0.692609,0.668696,0.682174,0.676957,0.695217,0.682174,0.698913,0.720217,0.709783,0.701087,0.713043,0.727391,0.722826,0.713696,0.702826,0.725435,0.718261,0.738913,0.730652,0.72413,0.72087,0.709783,0.717826,0.725652,0.724565,0.733696,0.718696,0.723043,0.728478,0.721957,0.728043,0.71587,0.715,0.69587,0.667826,
9400,0.99617,0.99766,0.997021,0.995106,0.992766,0.987872,0.982553,0.976809,0.961489,0.947234,0.911915,0.884043,0.836383,0.760213,0.691702,0.668723,0.682553,0.67617,0.693191,0.68383,0.700426,0.721915,0.710851,0.70234,0.713191,0.725106,0.72234,0.715957,0.704255,0.725957,0.719574,0.738936,0.730426,0.724681,0.721277,0.710213,0.718936,0.724255,0.725106,0.731915,0.718511,0.724894,0.727872,0.72383,0.727447,0.716809,0.713404,0.696383,0.668936,
9600,0.99625,0.997708,0.996667,0.995208,0.992708,0.987917,0.982708,0.976875,0.960625,0.9475,0.912083,0.885208,0.835833,0.758333,0.690417,0.670208,0.684375,0.677292,0.692917,0.685208,0.700417,0.721667,0.711042,0.705,0.712917,0.725,0.723333,0.716875,0.705833,0.724583,0.72,0.73875,0.73125,0.72375,0.721667,0.708958,0.719167,0.725,0.725208,0.732083,0.718333,0.725,0.729375,0.722292,0.728125,0.715833,0.712292,0.697292,0.67125,
9800,0.996327,0.997755,0.996735,0.995306,0.992857,0.988163,0.982653,0.977143,0.960612,0.946735,0.911837,0.884898,0.835306,0.759796,0.691224,0.668776,0.682449,0.676735,0.694082,0.684694,0.697959,0.722653,0.711837,0.706939,0.712857,0.722857,0.721837,0.717755,0.705306,0.726735,0.72,0.74102,0.731224,0.725714,0.721429,0.709388,0.719592,0.724694,0.723061,0.731633,0.717347,0.724694,0.729592,0.723878,0.728571,0.716735,0.713061,0.698367,0.673878,
10000,0.9962,0.9976,0.9968,0.9954,0.9928,0.9884,0.9828,0.9772,0.9608,0.9464,0.9116,0.8828,0.8364,0.7582,0.6926,0.6696,0.6834,0.677,0.696,0.6852,0.6992,0.723,0.7136,0.7068,0.7142,0.7234,0.7246,0.7184,0.706,0.7286,0.7206,0.7394,0.7302,0.7238,0.7224,0.7092,0.722,0.725,0.724,0.7306,0.718,0.7256,0.7296,0.7252,0.729,0.716,0.7156,0.6998,0.6742,
10200,0.996275,0.997647,0.996863,0.99549,0.992941,0.988431,0.982941,0.977255,0.96098,0.946863,0.911569,0.881373,0.835686,0.757451,0.693137,0.669216,0.684902,0.676667,0.697843,0.684902,0.699608,0.721569,0.71451,0.709412,0.713725,0.726078,0.725686,0.716667,0.707059,0.728431,0.72,0.74,0.731961,0.725882,0.724118,0.709216,0.720196,0.725294,0.725294,0.730784,0.719216,0.725686,0.731176,0.726275,0.73,0.714706,0.717059,0.69902,0.675686,
10400,0.996346,0.997692,0.996731,0.994808,0.9925,0.988269,0.9825,0.977115,0.960962,0.947115,0.912115,0.880192,0.836731,0.757692,0.692885,0.669423,0.682885,0.678077,0.698846,0.687115,0.700577,0.722308,0.715385,0.710192,0.712885,0.725192,0.726923,0.716923,0.707885,0.729615,0.719615,0.740577,0.731731,0.726923,0.724615,0.71,0.720192,0.726731,0.725769,0.732308,0.720192,0.726538,0.730769,0.727115,0.7325,0.714808,0.717308,0.700385,0.6775,
10600,0.996415,0.997736,0.996792,0.994906,0.992642,0.988302,0.982075,0.976981,0.961321,0.946792,0.911509,0.879623,0.836604,0.758113,0.692453,0.669811,0.68283,0.678679,0.700189,0.686415,0.700566,0.722453,0.715094,0.710943,0.713396,0.726415,0.728113,0.716981,0.707925,0.73,0.721698,0.740377,0.731132,0.725472,0.724528,0.711698,0.720189,0.726981,0.726604,0.732453,0.721132,0.727925,0.732075,0.727736,0.732453,0.715283,0.718113,0.700755,0.678302,
10800,0.996481,0.997778,0.996296,0.995,0.992593,0.988148,0.982037,0.976852,0.961111,0.946667,0.911667,0.879444,0.832963,0.758704,0.693148,0.670556,0.684074,0.679259,0.699815,0.686111,0.700556,0.723519,0.715556,0.712037,0.713148,0.72537,0.727963,0.717963,0.70963,0.731667,0.723704,0.74,0.731852,0.725556,0.725185,0.712963,0.719444,0.729074,0.725556,0.732037,0.722593,0.727963,0.731852,0.726296,0.731481,0.715185,0.719074,0.700556,0.678704,
11000,0.996545,0.997818,0.996364,0.994909,0.992545,0.987818,0.981818,0.976727,0.960909,0.946545,0.911273,0.880182,0.833091,0.757455,0.693455,0.670909,0.683818,0.680545,0.700545,0.688364,0.698364,0.724,0.716182,0.713091,0.714545,0.725636,0.729636,0.719091,0.708364,0.732545,0.724909,0.740727,0.733455,0.725455,0.725091,0.713091,0.718,0.728545,0.726182,0.733091,0.722,0.729273,0.731636,0.725273,0.730909,0.714545,0.719818,0.700909,0.68,
11200,0.996429,0.997857,0.996429,0.995,0.992679,0.988036,0.981607,0.976607,0.960893,0.946607,0.911429,0.880536,0.832679,0.756071,0.693571,0.671786,0.684643,0.681071,0.69875,0.689643,0.698571,0.722679,0.716607,0.713393,0.715893,0.725357,0.728929,0.718929,0.709643,0.733571,0.723214,0.74125,0.734464,0.726429,0.725,0.713571,0.717679,0.728571,0.727143,0.734286,0.723214,0.729643,0.730536,0.727143,0.732321,0.714643,0.719643,0.702321,0.680893,
11400,0.996316,0.997895,0.996316,0.994912,0.992807,0.988246,0.981754,0.976667,0.961228,0.947018,0.911228,0.880351,0.83193,0.755088,0.693333,0.672632,0.683509,0.68193,0.700351,0.690877,0.698772,0.722982,0.717018,0.71386,0.715088,0.724561,0.729298,0.718596,0.710877,0.734211,0.723684,0.740702,0.735263,0.726491,0.725088,0.71386,0.717544,0.727193,0.72614,0.734737,0.725263,0.731053,0.731053,0.725965,0.733684,0.714561,0.719474,0.701579,0.682632,
11600,0.996379,0.997759,0.996207,0.995,0.992931,0.988276,0.981897,0.976552,0.961379,0.947241,0.911207,0.88,0.831897,0.753103,0.692759,0.672931,0.683621,0.682241,0.703103,0.691034,0.700517,0.723103,0.717931,0.714828,0.716207,0.725,0.729655,0.716897,0.710862,0.734483,0.725,0.741552,0.735,0.726724,0.724655,0.713448,0.717414,0.726379,0.725345,0.733621,0.725,0.730862,0.731724,0.725517,0.733448,0.714828,0.719483,0.702931,0.683448,
11800,0.996271,0.997797,0.995932,0.995085,0.993051,0.988475,0.981695,0.976441,0.961017,0.947627,0.910847,0.879492,0.830847,0.75322,0.693729,0.671864,0.683559,0.682712,0.70339,0.690508,0.700847,0.724407,0.717966,0.715593,0.716949,0.724407,0.730339,0.71661,0.712203,0.733729,0.725424,0.739322,0.734746,0.727288,0.725763,0.714576,0.719831,0.725763,0.725932,0.73339,0.725593,0.731695,0.730847,0.725085,0.734068,0.715932,0.72,0.703729,0.683559,
12000,0.996167,0.997833,0.996,0.995167,0.992667,0.9885,0.982,0.976167,0.961,0.947167,0.911,0.879667,0.831167,0.753333,0.694667,0.671333,0.682667,0.682333,0.703833,0.690833,0.7015,0.724,0.719,0.717,0.717667,0.725167,0.731167,0.717167,0.712833,0.7335,0.724833,0.741,0.736167,0.727667,0.725833,0.716,0.719833,0.7275,0.726167,0.733333,0.725333,0.732333,0.731833,0.725333,0.733833,0.7165,0.720833,0.703167,0.684833,
12200,0.996066,0.997705,0.995902,0.995246,0.992623,0.988525,0.981967,0.976393,0.961475,0.947377,0.910656,0.879836,0.830984,0.752787,0.693607,0.670492,0.681803,0.68,0.703279,0.691148,0.703934,0.724918,0.720492,0.716885,0.718525,0.725738,0.730328,0.717377,0.713443,0.732787,0.723607,0.741148,0.736066,0.727541,0.727049,0.717869,0.719508,0.728033,0.726066,0.733279,0.725738,0.732787,0.731475,0.724754,0.735082,0.715574,0.720328,0.703443,0.685574,
12400,0.995968,0.997581,0.995806,0.995323,0.992742,0.988548,0.982097,0.976774,0.961613,0.947097,0.911129,0.879677,0.83,0.752903,0.693226,0.670968,0.681613,0.681774,0.703065,0.692097,0.70371,0.724839,0.720806,0.717258,0.72,0.724516,0.730806,0.717903,0.714516,0.733065,0.724677,0.741452,0.736774,0.728065,0.727097,0.716774,0.720484,0.729032,0.725806,0.733387,0.725806,0.732258,0.730968,0.724677,0.735484,0.715968,0.720161,0.702742,0.685645,
12600,0.996032,0.997619,0.995873,0.995397,0.992857,0.988571,0.982381,0.976349,0.962063,0.947143,0.910317,0.879206,0.829048,0.752222,0.694127,0.671905,0.682222,0.681429,0.70381,0.693492,0.70381,0.72619,0.722063,0.718095,0.720159,0.724444,0.730476,0.719365,0.715397,0.733492,0.725079,0.740159,0.736032,0.728095,0.726349,0.715238,0.719841,0.727778,0.725556,0.73254,0.726349,0.733333,0.731905,0.72381,0.735873,0.716667,0.720317,0.704921,0.686349,
12800,0.995938,0.997656,0.995938,0.995469,0.992812,0.988437,0.9825,0.976406,0.962187,0.947187,0.910625,0.87875,0.82875,0.752031,0.694531,0.671562,0.684063,0.6825,0.705469,0.694531,0.705156,0.725781,0.720469,0.719531,0.720625,0.725156,0.730313,0.72,0.71625,0.733125,0.725781,0.738906,0.737031,0.727812,0.725625,0.715938,0.720469,0.728281,0.726406,0.73375,0.725313,0.734375,0.731094,0.724375,0.735938,0.716875,0.720938,0.704688,0.686875,
13000,0.996,0.997692,0.996,0.995538,0.992923,0.988462,0.982308,0.976462,0.962462,0.947385,0.910308,0.878462,0.827846,0.753385,0.696,0.671231,0.684154,0.682,0.706,0.693077,0.704769,0.724923,0.720154,0.719538,0.720923,0.725385,0.73,0.720308,0.717077,0.733538,0.726462,0.739231,0.737846,0.728615,0.725538,0.717538,0.721692,0.728923,0.726462,0.733538,0.725385,0.734308,0.730615,0.725231,0.736308,0.717846,0.721385,0.706,0.687538,
13200,0.995758,0.997727,0.996061,0.995455,0.99303,0.988485,0.982121,0.976515,0.962424,0.947576,0.909242,0.878939,0.827879,0.753333,0.695152,0.671061,0.683636,0.681364,0.706061,0.694091,0.706212,0.724848,0.72,0.720303,0.721364,0.726818,0.729091,0.720152,0.717424,0.733939,0.725606,0.739091,0.737879,0.73,0.725909,0.718636,0.723485,0.73,0.726515,0.734091,0.725455,0.733939,0.731061,0.72697,0.737121,0.718788,0.721667,0.70697,0.68803,
13400,0.995672,0.997761,0.996119,0.995373,0.992985,0.988507,0.98194,0.976119,0.962388,0.947164,0.909254,0.879254,0.828209,0.752836,0.695522,0.67,0.683433,0.682239,0.705821,0.696119,0.708209,0.727015,0.722239,0.720746,0.720746,0.725821,0.729552,0.72,0.717015,0.735224,0.725224,0.739104,0.738209,0.730448,0.726866,0.720149,0.723881,0.730896,0.726567,0.732836,0.724478,0.733731,0.730299,0.726418,0.737463,0.719701,0.722239,0.707612,0.689851,
13600,0.995735,0.997794,0.996176,0.995441,0.992794,0.988529,0.982206,0.975735,0.962353,0.946618,0.909559,0.879118,0.827206,0.752353,0.696912,0.669412,0.684706,0.684265,0.706765,0.697794,0.707794,0.726324,0.721471,0.72,0.720147,0.726765,0.729559,0.720882,0.717206,0.735735,0.726029,0.739265,0.738088,0.731618,0.726912,0.72,0.723971,0.730147,0.727206,0.733676,0.725588,0.734706,0.729265,0.724706,0.737794,0.719412,0.722353,0.708088,0.69,
13800,0.995797,0.997826,0.996232,0.995362,0.992899,0.988696,0.982319,0.975797,0.962174,0.946957,0.909855,0.878261,0.826667,0.752609,0.695942,0.668696,0.682609,0.684493,0.707536,0.698116,0.708841,0.726957,0.722609,0.72,0.721594,0.726232,0.73,0.721304,0.717246,0.735942,0.725217,0.738116,0.737536,0.731014,0.727391,0.72,0.724058,0.73058,0.728116,0.733623,0.725942,0.734493,0.73,0.725217,0.736522,0.719855,0.723333,0.706957,0.690435,
14000,0.995714,0.997714,0.996286,0.995429,0.993,0.988714,0.982143,0.975857,0.962286,0.946571,0.910143,0.877714,0.826429,0.753,0.696143,0.669286,0.683857,0.684571,0.708,0.698286,0.708571,0.726571,0.722714,0.72,0.722571,0.726286,0.730286,0.721286,0.717143,0.735429,0.725286,0.739,0.738429,0.733143,0.728,0.720286,0.722714,0.729286,0.727286,0.734286,0.727286,0.735143,0.730714,0.723571,0.735286,0.720286,0.724,0.707286,0.690429,
14200,0.995775,0.997746,0.996338,0.995493,0.993099,0.988732,0.982113,0.975775,0.962676,0.94662,0.910141,0.877042,0.826056,0.752394,0.695493,0.669859,0.683803,0.685211,0.708592,0.699155,0.708592,0.727324,0.723944,0.719014,0.722817,0.726197,0.729155,0.721408,0.718028,0.736197,0.72507,0.739155,0.738732,0.733099,0.728732,0.721831,0.722958,0.729437,0.727183,0.734789,0.727746,0.733803,0.731127,0.723803,0.73493,0.720986,0.723944,0.707324,0.690986,
14400,0.995694,0.997778,0.99625,0.995556,0.992917,0.98875,0.982083,0.975417,0.962778,0.94625,0.910278,0.876667,0.825556,0.751944,0.695417,0.670278,0.683333,0.686389,0.708194,0.698333,0.709861,0.728194,0.724306,0.72,0.72375,0.726389,0.730417,0.720139,0.718056,0.736389,0.725556,0.739028,0.739028,0.732639,0.729028,0.722361,0.724722,0.730278,0.727083,0.735417,0.726806,0.734028,0.731111,0.723194,0.732361,0.721389,0.724583,0.708611,0.692639,
14600,0.995753,0.997808,0.996301,0.995479,0.99274,0.98863,0.982055,0.975205,0.962603,0.946438,0.910274,0.877123,0.825205,0.751918,0.69589,0.669589,0.683151,0.68726,0.707397,0.698904,0.710685,0.728082,0.725068,0.720822,0.724247,0.726849,0.730822,0.720548,0.719041,0.736712,0.726027,0.738904,0.738082,0.732192,0.728219,0.722329,0.724795,0.730411,0.726849,0.735068,0.727671,0.734384,0.729863,0.723288,0.731096,0.721507,0.724247,0.708356,0.69274,
14800,0.995811,0.997838,0.996351,0.995405,0.992838,0.988649,0.982027,0.97527,0.962838,0.946216,0.910676,0.876622,0.825405,0.751351,0.697162,0.669189,0.682703,0.685676,0.706081,0.698919,0.711486,0.727297,0.725135,0.719865,0.723919,0.727568,0.731351,0.721081,0.719595,0.737297,0.726622,0.738919,0.738108,0.730811,0.727703,0.722703,0.724595,0.730135,0.728243,0.735135,0.728784,0.734459,0.729595,0.723919,0.732027,0.720946,0.723919,0.708919,0.691216,
15000,0.9956,0.997867,0.9964,0.995467,0.9928,0.988667,0.982267,0.975333,0.9628,0.9452,0.911067,0.876,0.8248,0.752,0.697733,0.668667,0.683867,0.685733,0.707067,0.6992,0.710667,0.726667,0.725467,0.720133,0.723467,0.727333,0.7316,0.721067,0.719733,0.7376,0.7272,0.739467,0.737867,0.7316,0.726533,0.722533,0.724267,0.730267,0.728267,0.735333,0.7284,0.734,0.7292,0.724267,0.733467,0.7216,0.724667,0.71,0.6916,
15200,0.995658,0.997895,0.996447,0.995395,0.992895,0.988816,0.982237,0.974868,0.9625,0.945395,0.911184,0.875658,0.823816,0.751842,0.697368,0.669211,0.683553,0.686447,0.707105,0.698684,0.712237,0.726447,0.725789,0.719605,0.723158,0.728158,0.731842,0.721842,0.721579,0.738289,0.726447,0.738026,0.737763,0.7325,0.727237,0.722895,0.723684,0.730921,0.728026,0.735658,0.727632,0.733421,0.729079,0.725132,0.732763,0.721974,0.725132,0.710526,0.691316,
15400,0.995714,0.997922,0.996494,0.995455,0.992857,0.988831,0.981948,0.974805,0.962857,0.944675,0.911429,0.876234,0.823506,0.752208,0.697143,0.668701,0.682857,0.686883,0.708182,0.698831,0.712208,0.725455,0.725844,0.719221,0.724805,0.728961,0.732987,0.722338,0.722338,0.738961,0.727273,0.737662,0.738701,0.732468,0.727662,0.722857,0.724156,0.731818,0.725844,0.735584,0.728442,0.733636,0.729481,0.725325,0.733506,0.721169,0.725844,0.710649,0.691299,
15600,0.995769,0.997949,0.99641,0.995385,0.992949,0.988846,0.981923,0.974744,0.962564,0.943718,0.91141,0.875641,0.82359,0.751795,0.697179,0.667949,0.682821,0.687051,0.709103,0.699487,0.712821,0.726026,0.726282,0.719359,0.724231,0.727949,0.732436,0.721282,0.722436,0.739231,0.727051,0.737179,0.739487,0.732308,0.728333,0.723205,0.722308,0.731795,0.726923,0.734744,0.727564,0.733718,0.73,0.725641,0.734359,0.720769,0.726026,0.71,0.691026,
15800,0.995696,0.997975,0.996456,0.995443,0.993038,0.988987,0.981899,0.97481,0.962025,0.943038,0.912025,0.87557,0.823544,0.751139,0.696962,0.667975,0.68443,0.687089,0.709873,0.700127,0.713544,0.725949,0.725063,0.718987,0.724051,0.726076,0.732152,0.720886,0.722911,0.739241,0.726962,0.738354,0.74,0.732152,0.727595,0.723165,0.722278,0.732658,0.727722,0.735316,0.727722,0.73519,0.730253,0.72519,0.733544,0.721139,0.726329,0.710253,0.689873,
16000,0.995625,0.998,0.9965,0.9955,0.993125,0.989,0.982,0.975125,0.962125,0.942125,0.912375,0.875625,0.823875,0.75175,0.6955,0.665875,0.68475,0.68825,0.710625,0.699875,0.71325,0.726875,0.725125,0.718625,0.723375,0.726,0.7315,0.7215,0.723625,0.739625,0.726875,0.739,0.7405,0.73275,0.727625,0.723125,0.722875,0.7335,0.727875,0.735625,0.727625,0.736,0.730125,0.725625,0.732875,0.720625,0.725375,0.71025,0.690875,
16200,0.995679,0.998025,0.996543,0.995556,0.99321,0.988889,0.981975,0.975309,0.962222,0.942099,0.912099,0.875432,0.822593,0.752222,0.695802,0.665556,0.684691,0.689383,0.710247,0.699383,0.713333,0.727407,0.725556,0.719012,0.724568,0.726543,0.731481,0.721975,0.723951,0.739753,0.72716,0.737901,0.739877,0.733086,0.727284,0.723827,0.722716,0.732222,0.727531,0.735802,0.728272,0.736543,0.730617,0.726667,0.732963,0.721605,0.726543,0.711235,0.690617,
16400,0.995732,0.997927,0.996585,0.995488,0.993171,0.989024,0.982073,0.975244,0.962561,0.942195,0.912073,0.875244,0.824024,0.752073,0.69439,0.666585,0.684512,0.688293,0.71,0.699024,0.713293,0.727683,0.726463,0.719146,0.724512,0.725976,0.732317,0.722073,0.724878,0.74122,0.727439,0.737927,0.74,0.732683,0.726463,0.724512,0.723171,0.732073,0.727195,0.735732,0.729146,0.736951,0.731463,0.728415,0.733049,0.720732,0.726463,0.711463,0.690366,
16600,0.995783,0.997952,0.996506,0.995542,0.993012,0.989036,0.981928,0.974699,0.96241,0.942289,0.91253,0.875181,0.823614,0.752169,0.694096,0.667229,0.685181,0.688313,0.710602,0.70012,0.713494,0.726988,0.726627,0.720361,0.724217,0.726627,0.732289,0.721446,0.726024,0.740964,0.727349,0.736988,0.739277,0.732651,0.726627,0.724819,0.723253,0.732651,0.727831,0.735783,0.73012,0.737108,0.731928,0.727229,0.732169,0.721446,0.727711,0.710482,0.691084,
16800,0.995714,0.997976,0.996548,0.995476,0.992976,0.98881,0.981905,0.974762,0.962143,0.941786,0.911905,0.875238,0.822738,0.752976,0.695119,0.6675,0.685,0.688333,0.710952,0.700357,0.713929,0.726429,0.726071,0.720476,0.724524,0.726905,0.732738,0.721071,0.727262,0.74131,0.727976,0.736667,0.739167,0.732143,0.727619,0.725238,0.722857,0.732976,0.7275,0.736071,0.729881,0.735952,0.732262,0.727262,0.731786,0.722262,0.727857,0.710476,0.692024,
17000,0.995765,0.998,0.996588,0.995529,0.992941,0.988824,0.982118,0.974824,0.962118,0.941647,0.912353,0.875529,0.822,0.752588,0.695765,0.665765,0.684941,0.688235,0.711294,0.699412,0.714353,0.726941,0.726824,0.720706,0.724235,0.727765,0.733294,0.721176,0.728471,0.742118,0.727529,0.736,0.739059,0.732471,0.727412,0.724353,0.722471,0.732235,0.727059,0.736235,0.731059,0.736706,0.732353,0.727294,0.731765,0.723412,0.728235,0.710353,0.691882,
17200,0.995814,0.998023,0.996628,0.995465,0.993023,0.988837,0.981977,0.975,0.96186,0.941047,0.911628,0.875,0.822093,0.751628,0.696047,0.666047,0.684651,0.688488,0.711279,0.69907,0.714535,0.726395,0.727326,0.721628,0.72407,0.728023,0.734186,0.72186,0.728721,0.741744,0.726512,0.735814,0.739302,0.732326,0.727674,0.72407,0.722907,0.732907,0.726744,0.735698,0.731744,0.737442,0.731628,0.72814,0.732791,0.72314,0.728953,0.71,0.692558,
17400,0.995862,0.998046,0.996437,0.995517,0.993103,0.988736,0.982184,0.974828,0.961609,0.941034,0.911724,0.875057,0.822299,0.752184,0.693793,0.666782,0.684598,0.68908,0.711034,0.698851,0.714138,0.725977,0.727816,0.720805,0.723333,0.727471,0.733218,0.721724,0.72908,0.741264,0.725287,0.735977,0.73954,0.732299,0.727931,0.724943,0.723793,0.732184,0.726782,0.736092,0.732299,0.737011,0.731609,0.727931,0.732299,0.723448,0.727931,0.710575,0.692069,
17600,0.995909,0.998068,0.996477,0.995568,0.993068,0.988864,0.982386,0.974886,0.961818,0.941364,0.911818,0.875682,0.822045,0.750909,0.693182,0.666932,0.685114,0.689205,0.710682,0.698409,0.713636,0.726818,0.727386,0.720795,0.723182,0.727159,0.733295,0.721818,0.729773,0.74125,0.725682,0.735568,0.739091,0.733636,0.728409,0.725,0.724432,0.731932,0.727841,0.736932,0.7325,0.736818,0.730795,0.727955,0.7325,0.723068,0.728864,0.710682,0.692955,
17800,0.995955,0.99809,0.996517,0.995618,0.993034,0.988989,0.98236,0.974607,0.961798,0.941461,0.911685,0.87618,0.821685,0.749213,0.694045,0.667978,0.685169,0.689888,0.711573,0.699326,0.714607,0.727416,0.727416,0.721348,0.722472,0.728315,0.734157,0.721348,0.729438,0.741573,0.725955,0.736404,0.739326,0.733708,0.73,0.725955,0.72427,0.731461,0.727978,0.737416,0.732697,0.736404,0.731011,0.727303,0.733146,0.722584,0.728989,0.710787,0.693596,
18000,0.995667,0.998111,0.996556,0.995667,0.993111,0.988889,0.982556,0.974444,0.961889,0.941111,0.911889,0.876778,0.821667,0.748222,0.693444,0.669111,0.685,0.690222,0.711444,0.700222,0.714778,0.727778,0.727556,0.721111,0.722889,0.728444,0.734333,0.722222,0.728667,0.741111,0.725222,0.737889,0.739556,0.734444,0.730444,0.726333,0.725111,0.731667,0.728667,0.737444,0.732444,0.736222,0.730222,0.726889,0.733333,0.723667,0.729444,0.710778,0.693778,
18200,0.995714,0.998132,0.996593,0.995714,0.993077,0.988791,0.982418,0.974396,0.962088,0.940989,0.911538,0.875714,0.821429,0.747363,0.694066,0.669121,0.685604,0.692198,0.712747,0.70011,0.714945,0.726923,0.727582,0.720879,0.723077,0.729451,0.734945,0.721978,0.729121,0.741648,0.725604,0.737912,0.73989,0.734396,0.73022,0.726923,0.724835,0.730879,0.728462,0.737143,0.731538,0.735604,0.73,0.727253,0.733297,0.723846,0.73,0.711099,0.694066,
18400,0.995761,0.998152,0.996522,0.995652,0.993152,0.988804,0.982609,0.97413,0.962283,0.940326,0.91163,0.876304,0.820435,0.748152,0.694239,0.668478,0.685435,0.691304,0.712717,0.700109,0.715217,0.727174,0.728152,0.721196,0.722935,0.728696,0.736304,0.722609,0.729783,0.74163,0.725217,0.737717,0.740543,0.734457,0.72913,0.726739,0.724457,0.731413,0.729239,0.737826,0.730543,0.735761,0.728804,0.727391,0.73337,0.724891,0.729891,0.711087,0.694348,
18600,0.995806,0.998172,0.996452,0.995591,0.993118,0.988925,0.982688,0.974409,0.961935,0.94043,0.911505,0.876344,0.82,0.747957,0.694731,0.668817,0.685161,0.690645,0.712688,0.700645,0.715161,0.727419,0.727204,0.720968,0.722796,0.728925,0.736882,0.722688,0.730108,0.74172,0.725376,0.737312,0.741075,0.734839,0.728925,0.727849,0.724409,0.731613,0.728495,0.738387,0.73,0.735914,0.728602,0.726667,0.733871,0.725484,0.729785,0.710968,0.694301,
18800,0.995851,0.998191,0.996489,0.995638,0.992872,0.98883,0.982766,0.974255,0.962128,0.940532,0.910957,0.876702,0.82,0.74734,0.694468,0.66883,0.684574,0.690745,0.712979,0.701277,0.715745,0.726915,0.72766,0.721064,0.723404,0.728617,0.736596,0.723511,0.730319,0.742128,0.724894,0.73766,0.740851,0.734255,0.728723,0.728404,0.724255,0.731809,0.728511,0.738191,0.730957,0.736809,0.729362,0.726489,0.734149,0.725638,0.730319,0.710745,0.694043,
19000,0.995895,0.998211,0.996526,0.995684,0.992842,0.988842,0.982737,0.974211,0.962316,0.940737,0.910842,0.876842,0.82,0.747263,0.694105,0.668737,0.684737,0.691263,0.712316,0.701895,0.716211,0.727158,0.728,0.720211,0.723053,0.728316,0.737158,0.723684,0.731053,0.742105,0.724421,0.736947,0.740632,0.733579,0.729895,0.728842,0.724842,0.731053,0.728316,0.738,0.730421,0.736842,0.728842,0.727158,0.734,0.725684,0.729895,0.710421,0.693684,
19200,0.995833,0.998229,0.996563,0.995729,0.992812,0.988958,0.982812,0.974063,0.962187,0.941042,0.91125,0.877396,0.820104,0.7475,0.694479,0.668542,0.684792,0.691667,0.712187,0.702708,0.715625,0.727917,0.727917,0.720625,0.722917,0.728021,0.736875,0.72375,0.731042,0.742917,0.724375,0.737187,0.740729,0.734062,0.730521,0.7275,0.725,0.731458,0.728021,0.737917,0.730521,0.736979,0.729375,0.727292,0.734479,0.725729,0.730104,0.711042,0.693229,
19400,0.995876,0.998247,0.996598,0.995773,0.992887,0.988969,0.98268,0.974021,0.962165,0.940928,0.911546,0.876804,0.820309,0.747629,0.693505,0.668144,0.684845,0.693299,0.711753,0.703093,0.715258,0.728247,0.727938,0.721237,0.723918,0.727938,0.737835,0.723402,0.731134,0.742062,0.724948,0.737423,0.741237,0.733711,0.730928,0.728557,0.725361,0.731443,0.728041,0.737526,0.730412,0.736392,0.729485,0.72701,0.733608,0.72567,0.730619,0.711443,0.69433,
19600,0.995816,0.998265,0.996633,0.995714,0.992857,0.98898,0.982755,0.97398,0.962041,0.94051,0.911122,0.877041,0.82,0.747653,0.694082,0.668367,0.684694,0.693061,0.711633,0.703367,0.715204,0.728163,0.728163,0.721735,0.723571,0.728265,0.737041,0.723673,0.731429,0.742551,0.725918,0.738061,0.740816,0.733367,0.73,0.727959,0.72602,0.730408,0.728673,0.737449,0.730102,0.736633,0.730612,0.728163,0.733673,0.726224,0.731122,0.711531,0.694184,
19800,0.995758,0.998283,0.996667,0.995758,0.992929,0.989091,0.982727,0.973939,0.962121,0.940202,0.910909,0.877374,0.82,0.747374,0.694141,0.668687,0.685051,0.692626,0.71202,0.702424,0.715859,0.727172,0.728889,0.722424,0.723333,0.72899,0.737172,0.723636,0.731818,0.743131,0.726566,0.737475,0.741313,0.733535,0.730707,0.728485,0.725152,0.73,0.728182,0.737273,0.729697,0.736263,0.730404,0.728586,0.734242,0.726667,0.731313,0.711717,0.694444,
20000,0.9958,0.9983,0.9967,0.9958,0.9929,0.9892,0.9829,0.9741,0.9622,0.9403,0.9109,0.8767,0.8204,0.7455,0.6945,0.6697,0.6856,0.6924,0.7123,0.7026,0.7158,0.7275,0.7292,0.7227,0.7235,0.729,0.7367,0.7223,0.733,0.7435,0.7252,0.7371,0.7412,0.7337,0.731,0.7289,0.7253,0.731,0.7288,0.7373,0.7297,0.7367,0.7304,0.7282,0.7343,0.7269,0.7306,0.712,0.6937,
20200,0.995842,0.998317,0.996634,0.995743,0.992871,0.989307,0.983069,0.974059,0.962079,0.940495,0.910396,0.876733,0.82,0.745941,0.694257,0.669703,0.686139,0.69198,0.712772,0.702277,0.714455,0.726238,0.729406,0.721881,0.724356,0.728416,0.736832,0.723168,0.73297,0.743762,0.725446,0.737129,0.74198,0.734257,0.73099,0.729208,0.725446,0.730099,0.729406,0.736832,0.73,0.737228,0.731584,0.72802,0.734455,0.727426,0.73,0.71198,0.693069,
20400,0.995882,0.998333,0.996569,0.995784,0.992941,0.989314,0.983039,0.97402,0.961471,0.940392,0.910784,0.876569,0.819608,0.746863,0.694804,0.669706,0.685882,0.692843,0.713235,0.702059,0.715392,0.726667,0.729902,0.720392,0.724314,0.728725,0.737059,0.722255,0.733137,0.744314,0.725882,0.737255,0.742647,0.735098,0.73098,0.729216,0.725,0.73,0.728529,0.736373,0.729608,0.737059,0.731275,0.728039,0.734314,0.728039,0.73049,0.712745,0.692843,
20600,0.995922,0.998252,0.996602,0.995825,0.992913,0.98932,0.98301,0.973883,0.961456,0.940388,0.911068,0.876602,0.819806,0.746699,0.69466,0.66932,0.686214,0.692233,0.713398,0.701845,0.715243,0.726796,0.729806,0.720583,0.724466,0.728738,0.737087,0.722039,0.732621,0.744757,0.725631,0.736408,0.743398,0.735825,0.731165,0.72932,0.725146,0.729709,0.728835,0.736117,0.729126,0.73699,0.730777,0.72767,0.734563,0.727767,0.730194,0.713981,0.693495,
20800,0.995962,0.998269,0.996538,0.995865,0.992981,0.989327,0.982981,0.973942,0.961731,0.940673,0.911442,0.876731,0.819615,0.746827,0.694135,0.668365,0.686058,0.692885,0.713462,0.701731,0.716635,0.727308,0.729615,0.720577,0.724519,0.728269,0.737404,0.72125,0.732596,0.744519,0.72625,0.736346,0.741827,0.735769,0.731635,0.729615,0.725865,0.730481,0.729135,0.736346,0.729519,0.736923,0.730865,0.727692,0.735385,0.728365,0.730385,0.714038,0.693173,
21000,0.996,0.998286,0.996476,0.995905,0.992952,0.989143,0.983143,0.97381,0.96181,0.940857,0.911333,0.876667,0.82,0.747524,0.693429,0.666857,0.686286,0.693619,0.713524,0.702286,0.716952,0.727714,0.729524,0.720857,0.724476,0.728286,0.737333,0.721619,0.733238,0.744476,0.726,0.736095,0.741714,0.735048,0.731619,0.73,0.725905,0.731333,0.728762,0.736857,0.728667,0.737143,0.72981,0.728,0.734857,0.728476,0.730762,0.714667,0.693714,
21200,0.996038,0.998302,0.996509,0.995943,0.992925,0.989245,0.983208,0.973774,0.961509,0.940849,0.911792,0.876698,0.820189,0.747547,0.69283,0.666981,0.687075,0.694434,0.713208,0.70283,0.716415,0.726887,0.729528,0.721038,0.725,0.728113,0.73717,0.721698,0.733679,0.743585,0.725566,0.736509,0.741792,0.735,0.731887,0.73,0.725943,0.730943,0.727925,0.73783,0.729151,0.736981,0.729623,0.728113,0.733585,0.729057,0.731321,0.714623,0.693585,
21400,0.995981,0.998318,0.996542,0.995888,0.992991,0.989346,0.982897,0.973832,0.961682,0.941121,0.911776,0.877383,0.82,0.74729,0.693178,0.66729,0.685794,0.694206,0.712617,0.702336,0.715327,0.727009,0.729907,0.721869,0.725421,0.728879,0.73729,0.722336,0.733925,0.743551,0.725981,0.737196,0.741495,0.735514,0.731308,0.730187,0.726075,0.730467,0.728318,0.738131,0.729813,0.737757,0.72972,0.727383,0.733551,0.729533,0.731495,0.71514,0.693645,
21600,0.996019,0.998333,0.996574,0.995926,0.992963,0.989352,0.982963,0.973704,0.961481,0.941204,0.911574,0.877778,0.819537,0.746296,0.693796,0.667963,0.685833,0.693796,0.712778,0.7025,0.715556,0.726574,0.72963,0.7225,0.725,0.728333,0.7375,0.722963,0.733704,0.744167,0.726944,0.73713,0.740926,0.735093,0.731111,0.730278,0.726667,0.730741,0.728611,0.737963,0.730278,0.738426,0.72963,0.727778,0.733426,0.729074,0.731944,0.715093,0.692778,
21800,0.996055,0.998349,0.996606,0.995872,0.992936,0.989358,0.982936,0.973578,0.961376,0.941009,0.911651,0.878073,0.819083,0.745963,0.693945,0.66789,0.685596,0.694404,0.713119,0.702661,0.715688,0.726606,0.729358,0.722385,0.724771,0.72945,0.737798,0.722844,0.733119,0.744312,0.727156,0.737431,0.741651,0.735229,0.731376,0.731193,0.726697,0.731101,0.728349,0.73789,0.730459,0.738165,0.729908,0.727523,0.733945,0.729817,0.731743,0.715688,0.693119,
22000,0.996,0.998364,0.996545,0.995727,0.992909,0.989364,0.983,0.973727,0.961364,0.940909,0.911091,0.878091,0.819364,0.746091,0.693727,0.668364,0.685364,0.693273,0.713727,0.702364,0.716364,0.726364,0.728818,0.722,0.725364,0.730364,0.738,0.723091,0.733091,0.744909,0.727636,0.737273,0.741364,0.735,0.731727,0.731545,0.726545,0.730091,0.728545,0.738455,0.731091,0.737909,0.730091,0.727364,0.733818,0.729545,0.732273,0.715727,0.693909,
22200,0.995946,0.998378,0.996577,0.995676,0.992973,0.989189,0.983153,0.973964,0.961441,0.941261,0.911622,0.877928,0.819279,0.746396,0.693964,0.668288,0.685766,0.693423,0.713874,0.702432,0.716667,0.726396,0.729009,0.721532,0.726216,0.73,0.737207,0.722613,0.732072,0.745135,0.728108,0.738468,0.742162,0.735405,0.731712,0.731982,0.726486,0.73036,0.728829,0.738468,0.731081,0.736937,0.729459,0.725586,0.734414,0.72991,0.732432,0.716036,0.694324,
22400,0.995982,0.998393,0.996607,0.995714,0.992946,0.989196,0.983125,0.974018,0.961607,0.941429,0.911786,0.878125,0.819107,0.745893,0.694107,0.668214,0.685982,0.693304,0.714018,0.702321,0.715982,0.725625,0.729286,0.72125,0.726696,0.730089,0.737143,0.722321,0.733125,0.744911,0.728482,0.738929,0.741875,0.73625,0.731964,0.731786,0.726518,0.730089,0.728125,0.738482,0.730536,0.736161,0.729643,0.725446,0.734911,0.730089,0.731875,0.715446,0.695179,
22600,0.995929,0.998407,0.996637,0.995752,0.99292,0.989204,0.983009,0.974071,0.961327,0.941681,0.912124,0.877876,0.818673,0.745752,0.69469,0.669027,0.686106,0.693274,0.714159,0.701947,0.715929,0.725929,0.728938,0.721947,0.72646,0.729912,0.737345,0.723009,0.732743,0.744602,0.728761,0.737965,0.741416,0.736018,0.732301,0.731062,0.726991,0.729735,0.728142,0.739646,0.730973,0.736283,0.729823,0.725929,0.734956,0.730265,0.731593,0.715664,0.694513,
22800,0.995965,0.998421,0.996667,0.995789,0.992982,0.989298,0.982982,0.974035,0.961316,0.941491,0.912281,0.877895,0.819211,0.745702,0.694386,0.668421,0.685614,0.694825,0.714912,0.702807,0.716228,0.726053,0.728947,0.72193,0.725702,0.729649,0.737544,0.72386,0.732895,0.744386,0.729123,0.737807,0.741404,0.73614,0.732105,0.731228,0.72693,0.729474,0.72807,0.738947,0.730789,0.736491,0.730088,0.72614,0.735,0.730439,0.731404,0.716404,0.694474,
23000,0.995913,0.998435,0.996696,0.995739,0.99287,0.989391,0.98313,0.974174,0.961652,0.941565,0.912,0.877739,0.81913,0.746174,0.694696,0.668435,0.685652,0.693826,0.714609,0.701478,0.716435,0.725913,0.728957,0.721565,0.726348,0.73,0.738087,0.725043,0.732522,0.74487,0.729478,0.737739,0.74087,0.735826,0.73287,0.731304,0.726609,0.729913,0.727565,0.739043,0.73087,0.736435,0.729478,0.726609,0.734174,0.730696,0.732087,0.71687,0.695217,
23200,0.995948,0.998448,0.996724,0.995603,0.992931,0.989483,0.982931,0.974224,0.96181,0.941207,0.911983,0.877672,0.818707,0.746379,0.695,0.668793,0.686121,0.693103,0.71431,0.70181,0.717241,0.72569,0.727931,0.721466,0.727069,0.729224,0.737759,0.725,0.731897,0.744914,0.730517,0.737759,0.741207,0.735776,0.733448,0.731379,0.726207,0.731121,0.728017,0.739828,0.731466,0.736466,0.730172,0.726897,0.733966,0.731121,0.732155,0.716293,0.695172,
23400,0.995983,0.998462,0.996752,0.995641,0.992906,0.989402,0.983077,0.974188,0.962137,0.941453,0.912479,0.878034,0.818462,0.746667,0.694274,0.669744,0.686154,0.693162,0.714872,0.702051,0.716923,0.725897,0.727179,0.721624,0.727265,0.73,0.73812,0.724957,0.732051,0.744701,0.729744,0.737009,0.741111,0.735812,0.73359,0.731368,0.726581,0.731026,0.727949,0.740427,0.730855,0.735897,0.73,0.726239,0.73359,0.730171,0.732137,0.716239,0.696239,
23600,0.996017,0.998475,0.99678,0.995593,0.992966,0.989322,0.983051,0.974237,0.962034,0.94178,0.912797,0.878475,0.818475,0.747458,0.693814,0.668898,0.686271,0.693814,0.715763,0.702542,0.71661,0.725424,0.727119,0.72178,0.727034,0.730508,0.73822,0.724322,0.732034,0.745424,0.730169,0.737203,0.740424,0.735593,0.733729,0.731017,0.72678,0.731017,0.728559,0.741102,0.731356,0.736102,0.729746,0.726441,0.732797,0.730339,0.732627,0.716864,0.696356,
23800,0.99605,0.998487,0.996723,0.995546,0.992857,0.989328,0.983193,0.974118,0.962269,0.941597,0.912857,0.878739,0.818824,0.747563,0.693697,0.668824,0.686723,0.694286,0.71563,0.702689,0.716471,0.725462,0.726975,0.722185,0.727059,0.730504,0.737983,0.724958,0.732605,0.745798,0.729748,0.736555,0.739916,0.735798,0.733613,0.731176,0.726471,0.731345,0.727731,0.741429,0.731597,0.736387,0.730252,0.726639,0.733277,0.730168,0.732269,0.716303,0.696387,
24000,0.996083,0.9985,0.996667,0.995417,0.992917,0.98925,0.98325,0.974333,0.962083,0.941833,0.913083,0.8785,0.81825,0.747667,0.694083,0.6695,0.687,0.694333,0.71575,0.703,0.716083,0.724917,0.726583,0.722583,0.726333,0.731167,0.7385,0.7255,0.732,0.746833,0.73,0.736833,0.7395,0.735667,0.734,0.731583,0.726417,0.731,0.727333,0.740917,0.732167,0.7365,0.730417,0.726167,0.732417,0.729333,0.732083,0.715833,0.6965,
24200,0.996116,0.998512,0.996694,0.995455,0.992727,0.989256,0.983223,0.974215,0.962149,0.941653,0.913058,0.87876,0.818017,0.748017,0.693884,0.670165,0.687025,0.694298,0.716033,0.703058,0.715702,0.725207,0.725785,0.72314,0.726116,0.73124,0.738595,0.724959,0.732645,0.747355,0.730165,0.736777,0.739917,0.736198,0.733802,0.731653,0.725702,0.73124,0.727273,0.740331,0.732645,0.736198,0.730909,0.726694,0.731901,0.728926,0.732314,0.716281,0.696777,
24400,0.996066,0.998525,0.996639,0.99541,0.992787,0.989262,0.983197,0.97418,0.962049,0.941803,0.913033,0.878607,0.818197,0.747131,0.69377,0.669262,0.686803,0.694836,0.716393,0.703852,0.716721,0.725164,0.725902,0.723115,0.725902,0.731066,0.738279,0.725082,0.732705,0.746885,0.730656,0.737623,0.740246,0.736639,0.734016,0.73123,0.725492,0.731393,0.727459,0.741066,0.733115,0.736557,0.730738,0.726639,0.732541,0.729262,0.732541,0.715984,0.696803,
24600,0.996098,0.998537,0.996667,0.995203,0.992764,0.98935,0.983252,0.974065,0.96187,0.942033,0.913171,0.878455,0.818374,0.747154,0.693496,0.668618,0.685854,0.695366,0.716423,0.703577,0.717561,0.724634,0.725691,0.723496,0.726423,0.731545,0.738374,0.725122,0.733171,0.746667,0.730813,0.736585,0.74,0.737398,0.734146,0.731138,0.725041,0.731301,0.728049,0.741301,0.733008,0.736748,0.731138,0.726423,0.73252,0.729106,0.73252,0.715691,0.697154,
24800,0.996129,0.998548,0.996694,0.995242,0.992742,0.989435,0.983306,0.973952,0.961855,0.942258,0.913145,0.87871,0.817984,0.747339,0.691855,0.668871,0.685565,0.695565,0.71629,0.704758,0.717258,0.724355,0.725403,0.72379,0.727016,0.731935,0.73879,0.725242,0.732742,0.746371,0.730645,0.736855,0.74,0.737258,0.734032,0.73129,0.725161,0.73121,0.727903,0.74121,0.733145,0.737339,0.730726,0.726935,0.732419,0.729032,0.732258,0.71621,0.697016,
25000,0.99608,0.99856,0.99672,0.99528,0.99272,0.98952,0.9832,0.974,0.96152,0.94208,0.9132,0.87832,0.8176,0.74712,0.69128,0.6692,0.68592,0.69552,0.71688,0.70464,0.7176,0.7244,0.72504,0.72304,0.72616,0.73208,0.73912,0.72544,0.73296,0.7468,0.72992,0.7372,0.73976,0.73752,0.7344,0.73136,0.72448,0.73144,0.72744,0.742,0.73368,0.73728,0.73024,0.72688,0.73208,0.72936,0.7324,0.71608,0.69736,
25200,0.996032,0.998571,0.996746,0.995317,0.992778,0.989524,0.982937,0.973968,0.961429,0.942063,0.913016,0.878254,0.817302,0.74754,0.690873,0.669603,0.68627,0.695873,0.716905,0.704524,0.717778,0.724524,0.725079,0.723254,0.727063,0.732222,0.739444,0.725635,0.732302,0.746587,0.729444,0.737778,0.740317,0.737302,0.734127,0.73127,0.724524,0.732619,0.727857,0.742381,0.734048,0.737063,0.729603,0.726667,0.732063,0.730079,0.731746,0.716429,0.697222,
25400,0.996063,0.998583,0.996693,0.995354,0.992835,0.989528,0.982992,0.973858,0.961417,0.941969,0.912992,0.878189,0.817638,0.748189,0.691102,0.669843,0.686772,0.696142,0.716614,0.704803,0.717717,0.724724,0.725276,0.723543,0.726299,0.731969,0.738819,0.725748,0.732756,0.747244,0.729449,0.73748,0.740236,0.737008,0.734409,0.731024,0.725276,0.732677,0.728268,0.742441,0.734646,0.737323,0.729528,0.727008,0.731102,0.730157,0.732047,0.716614,0.697638,
25600,0.996094,0.998594,0.996719,0.995391,0.992891,0.989531,0.982891,0.97375,0.961484,0.942031,0.913047,0.877734,0.817187,0.748359,0.690625,0.670156,0.686641,0.695547,0.716719,0.704531,0.716797,0.725078,0.725078,0.724141,0.726406,0.732891,0.739062,0.726484,0.733359,0.746875,0.729766,0.7375,0.739688,0.736328,0.734844,0.730859,0.725078,0.732891,0.728516,0.742266,0.734688,0.737734,0.729922,0.726484,0.730703,0.729766,0.731875,0.716484,0.697344,
25800,0.996124,0.998605,0.996744,0.995349,0.992946,0.989612,0.982868,0.973798,0.961705,0.942248,0.912946,0.87814,0.817209,0.747597,0.690078,0.67,0.685891,0.695426,0.716822,0.704961,0.717287,0.724419,0.725349,0.724419,0.726822,0.733101,0.739302,0.726667,0.733953,0.746899,0.730078,0.737132,0.739535,0.735736,0.733721,0.730853,0.725814,0.733178,0.729147,0.742093,0.734729,0.73814,0.730853,0.727054,0.731008,0.730388,0.732326,0.716434,0.697364,
26000,0.996077,0.998538,0.996692,0.995385,0.993,0.989538,0.982923,0.973846,0.961462,0.941692,0.913308,0.877769,0.816769,0.747385,0.690538,0.669769,0.686077,0.696154,0.717077,0.705462,0.717308,0.724692,0.725231,0.725308,0.727308,0.733385,0.739769,0.726077,0.733846,0.747077,0.730769,0.737462,0.740154,0.735769,0.733154,0.731154,0.725769,0.733462,0.729308,0.742231,0.734692,0.738385,0.730692,0.727538,0.731154,0.730385,0.732538,0.716077,0.697462,
26200,0.996031,0.99855,0.996718,0.995344,0.992977,0.989618,0.982977,0.973817,0.961756,0.941756,0.913664,0.877634,0.816794,0.747634,0.691145,0.669389,0.685802,0.696412,0.717939,0.705496,0.716947,0.725573,0.724733,0.725496,0.72771,0.733511,0.739771,0.726107,0.734198,0.747023,0.73145,0.737939,0.739847,0.73626,0.733435,0.731679,0.726107,0.733511,0.729313,0.741832,0.734504,0.73916,0.73,0.727634,0.73084,0.730076,0.732366,0.71626,0.697939,
26400,0.996061,0.998561,0.996742,0.995379,0.99303,0.989697,0.983106,0.973788,0.961667,0.94197,0.913485,0.877045,0.817348,0.747955,0.690985,0.669697,0.686061,0.695758,0.718258,0.705606,0.716591,0.725455,0.724848,0.725303,0.728106,0.733561,0.739697,0.726288,0.734773,0.747045,0.731591,0.737197,0.739545,0.736439,0.73303,0.73197,0.726818,0.732803,0.729924,0.741894,0.735076,0.739091,0.729773,0.727955,0.730909,0.730455,0.7325,0.716591,0.698106,
26600,0.996015,0.998571,0.996767,0.995263,0.993083,0.989699,0.983083,0.973835,0.961654,0.941955,0.913759,0.876992,0.817293,0.747444,0.691128,0.668947,0.686165,0.695714,0.718271,0.706015,0.716842,0.725338,0.724662,0.725639,0.728571,0.733985,0.738947,0.726241,0.734662,0.747068,0.731955,0.737444,0.739398,0.737143,0.733835,0.731654,0.727068,0.732556,0.729549,0.74203,0.735414,0.739549,0.729398,0.72782,0.731128,0.730526,0.732556,0.71594,0.698271,
26800,0.996045,0.998582,0.996791,0.995299,0.99291,0.989627,0.98306,0.973881,0.961716,0.941866,0.914104,0.87694,0.816866,0.74791,0.691269,0.669403,0.686567,0.695149,0.716866,0.706866,0.716716,0.724627,0.725149,0.72597,0.729179,0.734179,0.73903,0.725448,0.734403,0.746791,0.731791,0.736866,0.73903,0.737388,0.734478,0.732015,0.726791,0.732761,0.729254,0.741791,0.735075,0.739254,0.729328,0.728433,0.731567,0.730299,0.732239,0.716269,0.697836,
27000,0.996,0.998593,0.996741,0.995333,0.992889,0.98963,0.982963,0.973926,0.961481,0.942,0.914148,0.876444,0.816593,0.748074,0.691333,0.669481,0.687259,0.694444,0.716741,0.706444,0.717037,0.725185,0.724889,0.726074,0.729259,0.734222,0.738741,0.726,0.734519,0.747111,0.732296,0.736963,0.738667,0.73763,0.734889,0.732074,0.726963,0.733111,0.729037,0.741926,0.734667,0.739333,0.729037,0.728963,0.731481,0.730222,0.731926,0.716741,0.698,
27200,0.995956,0.998603,0.996691,0.995368,0.992721,0.989632,0.982868,0.973897,0.961471,0.941985,0.91375,0.876544,0.815956,0.748456,0.691544,0.669338,0.687353,0.694412,0.716324,0.706618,0.716544,0.725735,0.725147,0.726029,0.729779,0.734338,0.738015,0.725809,0.734559,0.746691,0.732353,0.736912,0.738529,0.736838,0.734926,0.732206,0.726838,0.733235,0.729706,0.7425,0.734412,0.739632,0.729853,0.729338,0.731397,0.730147,0.732206,0.716618,0.697647,
27400,0.995985,0.998613,0.996715,0.995401,0.992628,0.989635,0.982847,0.973796,0.961314,0.941752,0.913942,0.87635,0.815693,0.748248,0.691241,0.669708,0.687007,0.694088,0.71635,0.706642,0.717007,0.725839,0.725182,0.72635,0.729927,0.734088,0.738686,0.725912,0.734745,0.746496,0.732336,0.736204,0.738029,0.73635,0.73438,0.732628,0.727445,0.733139,0.729927,0.742482,0.734891,0.739635,0.729635,0.729124,0.731314,0.729781,0.732336,0.717153,0.698394,
27600,0.995942,0.998623,0.996667,0.995362,0.992609,0.989638,0.982826,0.973696,0.961159,0.941667,0.913696,0.876304,0.815145,0.748333,0.691087,0.670362,0.687899,0.694348,0.715725,0.706812,0.716957,0.726449,0.724855,0.726884,0.72971,0.733913,0.738043,0.726449,0.735217,0.746884,0.732609,0.736594,0.738116,0.736594,0.733478,0.732246,0.727754,0.733188,0.73,0.741812,0.735435,0.739638,0.729928,0.728623,0.731377,0.730145,0.732246,0.717029,0.698116,
27800,0.995971,0.998633,0.996691,0.995252,0.99259,0.989712,0.982806,0.973741,0.961151,0.941727,0.913741,0.876547,0.815108,0.748201,0.691079,0.669712,0.688417,0.694317,0.715827,0.707122,0.716763,0.726187,0.72482,0.726835,0.729137,0.734532,0.738273,0.727338,0.735899,0.746763,0.732374,0.736906,0.738273,0.736115,0.732878,0.731799,0.728273,0.733669,0.730432,0.741655,0.735612,0.739928,0.730144,0.728561,0.731727,0.730504,0.732086,0.71705,0.698201,
28000,0.996,0.998643,0.996714,0.995214,0.992643,0.989786,0.982929,0.973571,0.961,0.941643,0.913857,0.876429,0.815,0.748643,0.690714,0.669429,0.689143,0.694357,0.716143,0.707286,0.716143,0.726571,0.724214,0.726786,0.729286,0.734643,0.738214,0.727286,0.736429,0.746571,0.732786,0.736643,0.738286,0.736143,0.733071,0.731929,0.729,0.734286,0.730714,0.741286,0.735786,0.738643,0.730071,0.728571,0.731643,0.730714,0.732143,0.717571,0.697786,
28200,0.995957,0.998652,0.996738,0.995248,0.992695,0.989787,0.982908,0.973688,0.96078,0.941773,0.91383,0.876383,0.814539,0.748511,0.690567,0.669645,0.689504,0.693972,0.715106,0.707589,0.715745,0.726383,0.724823,0.727092,0.729362,0.734894,0.738723,0.727305,0.735957,0.747021,0.733404,0.736738,0.738511,0.73539,0.733121,0.732128,0.729291,0.734113,0.730993,0.74078,0.735957,0.738723,0.730355,0.728652,0.73156,0.730567,0.73227,0.718369,0.69766,
28400,0.995986,0.998662,0.996761,0.995282,0.992746,0.989859,0.982817,0.973732,0.960986,0.941831,0.913732,0.87662,0.814296,0.747817,0.691056,0.670141,0.689577,0.694366,0.715211,0.708028,0.715775,0.72662,0.724225,0.726972,0.72993,0.735,0.73838,0.726972,0.735986,0.746338,0.733169,0.73662,0.738169,0.735493,0.732324,0.731831,0.729296,0.734507,0.730986,0.741268,0.736338,0.738592,0.730282,0.728662,0.731197,0.730634,0.732113,0.718451,0.697394,
28600,0.995944,0.998601,0.996713,0.995245,0.992727,0.98979,0.982727,0.973706,0.961119,0.942028,0.913566,0.876783,0.814126,0.747832,0.690979,0.66986,0.69014,0.695105,0.714685,0.707902,0.715455,0.726573,0.724755,0.726993,0.73021,0.735105,0.738392,0.726713,0.735455,0.745455,0.733077,0.736993,0.738601,0.735874,0.732448,0.731119,0.728951,0.735105,0.731329,0.741608,0.735874,0.738252,0.73,0.728951,0.731189,0.72993,0.732168,0.718601,0.697972,
28800,0.995972,0.998611,0.996597,0.995278,0.992778,0.989792,0.982639,0.973542,0.961111,0.941736,0.913681,0.876389,0.813819,0.747847,0.691111,0.669792,0.690486,0.695486,0.71375,0.707986,0.715833,0.726667,0.725278,0.726667,0.730486,0.735,0.738194,0.727083,0.735278,0.745486,0.733681,0.737083,0.738056,0.735278,0.732431,0.73125,0.729167,0.735486,0.731389,0.741597,0.736042,0.738403,0.729861,0.729097,0.731667,0.73,0.732361,0.718611,0.698403,
29000,0.995931,0.998552,0.996621,0.995241,0.992828,0.989862,0.982414,0.973379,0.96131,0.942,0.913724,0.876069,0.813655,0.747241,0.691034,0.66931,0.69069,0.695172,0.713793,0.707655,0.716552,0.727241,0.72531,0.726759,0.729724,0.734897,0.737931,0.727655,0.735103,0.745862,0.733448,0.737034,0.738,0.735517,0.731862,0.731724,0.729931,0.736138,0.730828,0.741448,0.736069,0.738483,0.729517,0.728828,0.731862,0.73,0.731793,0.718828,0.698138,
29200,0.995959,0.998493,0.996644,0.995274,0.992877,0.989795,0.98226,0.973425,0.961301,0.941781,0.913767,0.876233,0.813767,0.746918,0.691027,0.668562,0.691233,0.695616,0.71411,0.707877,0.71637,0.727329,0.725274,0.726986,0.729247,0.734863,0.737466,0.728151,0.735205,0.746027,0.733836,0.736986,0.737329,0.735753,0.731507,0.731438,0.730342,0.735822,0.729932,0.741644,0.735959,0.738767,0.730274,0.728973,0.731781,0.729863,0.732123,0.719384,0.698699,
29400,0.995986,0.998503,0.996667,0.995238,0.992857,0.98966,0.982245,0.973333,0.961361,0.941701,0.914014,0.876327,0.814014,0.747075,0.690748,0.668027,0.691633,0.696599,0.71483,0.707823,0.715918,0.727823,0.725034,0.727143,0.728707,0.734558,0.737211,0.728299,0.734354,0.744966,0.73415,0.737007,0.737007,0.736054,0.731497,0.731224,0.730204,0.73551,0.73034,0.741769,0.735986,0.738367,0.731088,0.728639,0.731565,0.73034,0.732585,0.719864,0.698776,
29600,0.996014,0.998514,0.996622,0.99527,0.992905,0.98973,0.98223,0.973446,0.961486,0.941757,0.913919,0.876554,0.814189,0.7475,0.690946,0.668176,0.690878,0.695473,0.714324,0.707568,0.716081,0.728243,0.725135,0.726622,0.728041,0.734797,0.737095,0.728581,0.734459,0.744662,0.734527,0.737162,0.736622,0.735068,0.731689,0.731757,0.729797,0.735203,0.73027,0.741284,0.735135,0.738514,0.731149,0.728919,0.732095,0.729797,0.733243,0.72,0.698716,
29800,0.995906,0.998523,0.996644,0.995235,0.992886,0.989597,0.982215,0.973423,0.961544,0.941946,0.91396,0.87651,0.814295,0.748121,0.690872,0.667718,0.690537,0.695638,0.714094,0.707047,0.71651,0.728456,0.725503,0.727114,0.728322,0.734631,0.737315,0.728523,0.734765,0.745168,0.734899,0.737248,0.736577,0.734228,0.732013,0.731745,0.729799,0.735906,0.730805,0.741544,0.735302,0.738523,0.731342,0.729463,0.731812,0.729799,0.73396,0.720403,0.698523,
30000,0.995933,0.998533,0.996667,0.9952,0.992933,0.9896,0.9822,0.9732,0.961667,0.9418,0.913667,0.876333,0.8142,0.748667,0.691333,0.667133,0.690667,0.696133,0.713533,0.706933,0.716067,0.728867,0.725467,0.7274,0.728,0.735067,0.737333,0.7286,0.734533,0.745467,0.735133,0.737133,0.736933,0.733867,0.732133,0.7318,0.729533,0.736467,0.731133,0.741467,0.735133,0.738467,0.730867,0.729267,0.732,0.730333,0.734067,0.720133,0.698867,
30200,0.995762,0.998543,0.996689,0.995232,0.99298,0.989603,0.982053,0.973245,0.961656,0.941854,0.913642,0.876159,0.814305,0.74894,0.690331,0.667086,0.690861,0.696358,0.713775,0.707285,0.715762,0.729272,0.725166,0.727815,0.728212,0.735364,0.737351,0.728874,0.73457,0.745166,0.734901,0.736821,0.736159,0.733974,0.73245,0.731788,0.729669,0.736623,0.730331,0.741921,0.734106,0.738675,0.731987,0.729536,0.732252,0.730728,0.734503,0.720397,0.698874,
30400,0.995789,0.998553,0.996711,0.995263,0.993026,0.989671,0.981974,0.973289,0.961447,0.941842,0.913487,0.875789,0.814408,0.749408,0.690724,0.667039,0.690263,0.69625,0.714211,0.707632,0.715855,0.729276,0.725,0.727434,0.727763,0.735658,0.7375,0.728618,0.734605,0.744934,0.734474,0.736645,0.736316,0.734079,0.732763,0.731645,0.73,0.736579,0.73,0.742237,0.734342,0.738092,0.732895,0.729408,0.731776,0.730526,0.734539,0.720395,0.698355,
30600,0.995817,0.998562,0.996732,0.995294,0.993007,0.989608,0.981895,0.973203,0.961373,0.941895,0.913464,0.875817,0.814902,0.75,0.689869,0.666928,0.690261,0.696732,0.714379,0.707647,0.71634,0.728889,0.725098,0.727908,0.727778,0.734902,0.737582,0.728497,0.734706,0.744967,0.735098,0.736536,0.736405,0.73451,0.733007,0.731961,0.730458,0.737059,0.730131,0.741961,0.73451,0.738366,0.732157,0.729346,0.731961,0.729935,0.734575,0.720784,0.698497,
30800,0.995844,0.998571,0.996688,0.995325,0.993052,0.989675,0.981883,0.973312,0.961299,0.941623,0.913766,0.876104,0.815065,0.75026,0.689156,0.667532,0.69026,0.696623,0.714026,0.707987,0.716169,0.728571,0.724481,0.728247,0.727727,0.734545,0.736948,0.728182,0.734675,0.744545,0.73513,0.735909,0.736494,0.734091,0.732532,0.732532,0.730844,0.737273,0.72987,0.741558,0.734091,0.738052,0.732403,0.729286,0.731688,0.729935,0.734675,0.720519,0.698247,
31000,0.995871,0.998581,0.99671,0.995355,0.993097,0.989677,0.981935,0.973097,0.96129,0.941677,0.913806,0.876387,0.815484,0.750194,0.689161,0.667806,0.689935,0.696,0.714,0.707935,0.716065,0.728387,0.724774,0.728194,0.727806,0.733161,0.737097,0.728387,0.734774,0.744581,0.735161,0.736065,0.736387,0.734452,0.732581,0.732645,0.731097,0.737226,0.729484,0.741935,0.733806,0.738,0.733097,0.729419,0.731548,0.730258,0.734839,0.720452,0.698387,
31200,0.995833,0.99859,0.996731,0.995385,0.993077,0.989551,0.981923,0.973141,0.96109,0.941987,0.913654,0.876603,0.815,0.750449,0.689359,0.667756,0.689679,0.695833,0.713846,0.708333,0.71641,0.728654,0.724487,0.727756,0.728077,0.733462,0.736923,0.728397,0.734679,0.744615,0.734872,0.736795,0.736026,0.734487,0.733333,0.733077,0.730769,0.737372,0.730256,0.742308,0.733974,0.737692,0.733269,0.729103,0.731859,0.730705,0.735321,0.720833,0.698718,
31400,0.99586,0.998599,0.996752,0.995287,0.99293,0.989554,0.982038,0.973248,0.961146,0.941911,0.913631,0.876242,0.814777,0.750701,0.689873,0.667834,0.689363,0.695478,0.714076,0.70828,0.716752,0.728535,0.724586,0.727771,0.728025,0.733631,0.736943,0.72828,0.734841,0.74465,0.734968,0.736815,0.735924,0.734331,0.73293,0.733503,0.730892,0.737452,0.730382,0.741911,0.73414,0.737643,0.733439,0.728981,0.731847,0.730892,0.734713,0.720764,0.698344,
31600,0.995823,0.998608,0.996772,0.995253,0.992975,0.98962,0.982089,0.973228,0.961139,0.941519,0.913924,0.875949,0.815127,0.750633,0.68981,0.667595,0.689557,0.695823,0.714873,0.708544,0.716962,0.728291,0.724367,0.727152,0.728354,0.733734,0.736266,0.728165,0.735063,0.744494,0.73557,0.737468,0.736329,0.73481,0.733418,0.733544,0.731329,0.737532,0.73019,0.741646,0.734177,0.736835,0.732468,0.729304,0.731962,0.730886,0.73519,0.72057,0.698418,
31800,0.995849,0.998616,0.99673,0.99522,0.992893,0.989623,0.982138,0.973208,0.961069,0.941447,0.913836,0.875409,0.815094,0.750755,0.689874,0.66805,0.689686,0.695597,0.714591,0.708239,0.717547,0.728491,0.725157,0.727547,0.728365,0.733711,0.736352,0.727987,0.73522,0.743962,0.735723,0.737296,0.736667,0.735031,0.732956,0.733836,0.731195,0.736855,0.73044,0.741887,0.734465,0.736918,0.732767,0.73,0.732075,0.731069,0.735283,0.720314,0.698302,
32000,0.995812,0.998563,0.99675,0.995188,0.992938,0.989625,0.982,0.97325,0.961063,0.941187,0.91375,0.875062,0.815625,0.750625,0.690438,0.66775,0.69025,0.695063,0.715,0.70825,0.7175,0.728437,0.72525,0.727688,0.728313,0.734,0.735938,0.72775,0.735187,0.743938,0.735875,0.73725,0.736688,0.735062,0.733,0.733875,0.731437,0.736875,0.730062,0.741688,0.734688,0.73675,0.733062,0.730187,0.732625,0.7305,0.735812,0.720313,0.69825,
32200,0.995839,0.998571,0.99677,0.995155,0.992981,0.989565,0.981988,0.973106,0.96118,0.941242,0.913665,0.87472,0.815714,0.750311,0.690807,0.668075,0.690435,0.694845,0.715217,0.708447,0.717453,0.728323,0.725217,0.72764,0.728012,0.734534,0.735963,0.727764,0.735093,0.744534,0.735342,0.736832,0.73677,0.734783,0.732671,0.734161,0.731429,0.736708,0.730248,0.741429,0.73441,0.73677,0.73354,0.730435,0.731863,0.730248,0.735901,0.720186,0.698447,
32400,0.995864,0.99858,0.99679,0.995185,0.992963,0.989506,0.982037,0.973148,0.961049,0.941111,0.913333,0.875062,0.815432,0.750617,0.690556,0.668148,0.690741,0.694877,0.71537,0.70821,0.71716,0.728395,0.725679,0.728025,0.727963,0.734877,0.736296,0.728148,0.734877,0.744506,0.735247,0.736667,0.736481,0.734012,0.732778,0.734753,0.73142,0.736852,0.730617,0.740988,0.734136,0.736173,0.733951,0.730617,0.731481,0.730123,0.735926,0.720432,0.698395,
32600,0.99589,0.998589,0.99681,0.995215,0.993006,0.989387,0.981963,0.97319,0.960798,0.941166,0.913436,0.875092,0.815337,0.750491,0.689755,0.668466,0.691288,0.695215,0.715644,0.708589,0.717485,0.728466,0.725276,0.727669,0.728282,0.734969,0.736442,0.728282,0.735215,0.743865,0.735215,0.736319,0.73638,0.734356,0.732699,0.734847,0.731779,0.736871,0.730245,0.740613,0.733374,0.73638,0.733865,0.730307,0.731534,0.730491,0.736196,0.720429,0.698528,
32800,0.995915,0.998598,0.996768,0.995244,0.992927,0.989329,0.982073,0.973171,0.960915,0.941159,0.913415,0.875366,0.815671,0.750366,0.690488,0.66811,0.690854,0.695122,0.715488,0.708415,0.717134,0.727744,0.725183,0.727683,0.728537,0.735244,0.736951,0.72872,0.735244,0.744207,0.735366,0.736768,0.736159,0.733415,0.732134,0.734878,0.73189,0.737683,0.730488,0.741159,0.73378,0.735854,0.733841,0.730427,0.73128,0.729634,0.736402,0.720732,0.699085,
33000,0.995879,0.998606,0.996788,0.995273,0.99297,0.989394,0.982061,0.973212,0.960727,0.941152,0.913273,0.875576,0.816182,0.750364,0.690242,0.668242,0.690606,0.695394,0.715394,0.707879,0.71703,0.728,0.724485,0.727697,0.729152,0.735455,0.73697,0.728485,0.73497,0.743636,0.735394,0.73703,0.736909,0.734121,0.732303,0.735636,0.732364,0.737515,0.730848,0.741273,0.733636,0.735818,0.733697,0.730424,0.730909,0.730121,0.736182,0.720485,0.69897,
33200,0.995904,0.998614,0.996807,0.995241,0.993012,0.989398,0.982169,0.973253,0.960723,0.941325,0.913675,0.875241,0.816265,0.750482,0.690181,0.667349,0.690783,0.695663,0.715542,0.707651,0.717048,0.727952,0.724458,0.727952,0.728976,0.735663,0.736446,0.728494,0.734699,0.743735,0.735964,0.736928,0.737048,0.733916,0.731988,0.735843,0.732892,0.73759,0.730964,0.740723,0.733133,0.736084,0.733976,0.730361,0.731145,0.730361,0.735904,0.720361,0.699398,
33400,0.995928,0.998623,0.996826,0.995269,0.992994,0.989341,0.982156,0.973054,0.960539,0.941317,0.913593,0.87521,0.815749,0.750299,0.690778,0.668024,0.68994,0.695988,0.715509,0.708024,0.717365,0.728024,0.724012,0.727725,0.728024,0.735689,0.736467,0.728862,0.735509,0.744012,0.736228,0.736707,0.736647,0.734371,0.732395,0.736467,0.733353,0.737725,0.731317,0.739581,0.732156,0.735808,0.733832,0.730599,0.731138,0.73024,0.735389,0.720599,0.70024,
33600,0.995952,0.998631,0.996845,0.995298,0.992917,0.989345,0.982083,0.973155,0.960298,0.94119,0.913571,0.875119,0.815655,0.750298,0.690238,0.668452,0.690119,0.695833,0.715952,0.708333,0.716488,0.728155,0.724286,0.72744,0.728452,0.735833,0.736667,0.728333,0.735357,0.74369,0.736012,0.736905,0.736905,0.734167,0.732798,0.736667,0.733333,0.738095,0.73131,0.739226,0.731607,0.735655,0.734107,0.730893,0.730833,0.730357,0.735714,0.720298,0.700536,
33800,0.995976,0.998639,0.996805,0.995325,0.992959,0.98929,0.982189,0.973314,0.960473,0.941302,0.913432,0.875148,0.815858,0.750473,0.690473,0.666982,0.689645,0.69574,0.715976,0.707988,0.716509,0.727751,0.723964,0.727219,0.728876,0.735799,0.736982,0.727929,0.735562,0.743905,0.736272,0.736686,0.736864,0.73426,0.732544,0.736154,0.733314,0.737633,0.731893,0.739527,0.730947,0.735503,0.734142,0.731302,0.730592,0.730651,0.735799,0.720118,0.700533,
34000,0.996,0.998647,0.996824,0.995353,0.993,0.989353,0.982176,0.973176,0.960529,0.940941,0.913412,0.875176,0.815941,0.750824,0.690824,0.666706,0.688882,0.695706,0.716118,0.708,0.716353,0.727588,0.723647,0.727294,0.729118,0.736,0.737353,0.728118,0.735706,0.743529,0.736353,0.736412,0.736412,0.733824,0.733,0.735529,0.733529,0.737882,0.731647,0.739588,0.731471,0.735882,0.734353,0.731118,0.730941,0.731059,0.735765,0.720118,0.700647,
34200,0.996023,0.998655,0.996842,0.99538,0.992982,0.989415,0.982164,0.973333,0.960526,0.941053,0.91345,0.875263,0.816257,0.750877,0.690994,0.666784,0.688363,0.695848,0.715965,0.708012,0.716784,0.727661,0.723275,0.727719,0.729181,0.73614,0.737544,0.728187,0.736199,0.743801,0.736784,0.736316,0.736842,0.734211,0.733801,0.735673,0.733918,0.737953,0.731462,0.739532,0.731404,0.735673,0.734737,0.730877,0.730994,0.731228,0.735439,0.72,0.700877,
34400,0.996047,0.998663,0.996802,0.995407,0.993023,0.989419,0.982267,0.973488,0.960581,0.941163,0.913372,0.874942,0.816163,0.750988,0.69093,0.666395,0.688314,0.695988,0.715523,0.708488,0.716686,0.727674,0.72314,0.727616,0.72936,0.736628,0.737616,0.728547,0.736047,0.743256,0.736047,0.736744,0.736977,0.734942,0.733721,0.735698,0.734419,0.738081,0.731395,0.74,0.731279,0.735349,0.734419,0.731047,0.731163,0.73157,0.735523,0.720058,0.700988,
34600,0.996069,0.998671,0.996821,0.995376,0.993006,0.989364,0.98237,0.973584,0.960694,0.941156,0.913526,0.87474,0.816416,0.750867,0.690347,0.666821,0.688728,0.695896,0.715145,0.708382,0.71711,0.727861,0.723295,0.727688,0.728613,0.736358,0.737572,0.728035,0.736416,0.743121,0.736358,0.737283,0.736647,0.735318,0.733931,0.735896,0.734104,0.738555,0.731965,0.74,0.731214,0.734682,0.734566,0.730983,0.731329,0.731618,0.735838,0.720173,0.701098,
34800,0.996092,0.998621,0.996839,0.995402,0.993046,0.989253,0.982356,0.973736,0.960805,0.941092,0.913333,0.874885,0.816264,0.750977,0.689713,0.667241,0.688736,0.696379,0.715402,0.708506,0.716839,0.728218,0.722874,0.727586,0.728736,0.736954,0.737529,0.728103,0.736667,0.743161,0.736437,0.737356,0.737011,0.735345,0.734195,0.735345,0.734253,0.738333,0.731782,0.740172,0.731494,0.735,0.734943,0.731092,0.731034,0.731667,0.735805,0.720287,0.700862,
35000,0.996057,0.998629,0.996743,0.995429,0.993086,0.989257,0.982286,0.973657,0.960857,0.941314,0.9132,0.875257,0.816629,0.750514,0.69,0.666971,0.688914,0.696343,0.715657,0.7084,0.716743,0.728571,0.7224,0.727829,0.7288,0.737143,0.737486,0.727943,0.7368,0.743314,0.736286,0.737657,0.736629,0.734971,0.734057,0.735486,0.734343,0.738571,0.731543,0.740571,0.731257,0.735314,0.734914,0.730857,0.730914,0.731886,0.7364,0.720171,0.701086,
35200,0.996023,0.99858,0.996761,0.995398,0.993125,0.989318,0.98233,0.973466,0.961023,0.94142,0.913295,0.875114,0.816364,0.750341,0.690341,0.667159,0.68983,0.696818,0.715398,0.708409,0.717102,0.728409,0.722727,0.728125,0.729034,0.737102,0.737557,0.727898,0.736989,0.743068,0.736136,0.737614,0.736648,0.735057,0.733636,0.735398,0.734716,0.73875,0.731818,0.740341,0.731591,0.735568,0.735,0.731193,0.73125,0.732386,0.736136,0.719886,0.701136,
35400,0.996045,0.998588,0.996723,0.995424,0.993164,0.989322,0.982316,0.97339,0.961073,0.941582,0.913051,0.874972,0.816667,0.750904,0.690565,0.666497,0.689322,0.696723,0.715254,0.708531,0.717119,0.728475,0.723107,0.728023,0.729153,0.736723,0.737966,0.728079,0.737288,0.742994,0.736497,0.737797,0.736554,0.734859,0.733559,0.735311,0.73435,0.739153,0.731469,0.740621,0.731864,0.735028,0.734689,0.731073,0.731017,0.732542,0.736102,0.720056,0.70113,
35600,0.996067,0.998596,0.996742,0.995281,0.993146,0.989326,0.98236,0.97309,0.961067,0.941517,0.913146,0.875056,0.816461,0.751461,0.690674,0.666854,0.689101,0.696685,0.715056,0.709045,0.716742,0.728371,0.723146,0.727809,0.729494,0.736742,0.737809,0.727528,0.73764,0.742809,0.736573,0.737753,0.736798,0.735225,0.733539,0.735449,0.734326,0.738933,0.731461,0.74073,0.732416,0.735056,0.734438,0.731404,0.730955,0.732303,0.736011,0.719551,0.701629,
35800,0.996089,0.998547,0.996704,0.995307,0.993184,0.98933,0.982346,0.973017,0.960894,0.941564,0.912682,0.875028,0.816145,0.751899,0.69,0.666816,0.68933,0.696927,0.715251,0.709274,0.716927,0.728212,0.723631,0.727654,0.729441,0.73676,0.737598,0.727821,0.737598,0.742961,0.736872,0.737542,0.737318,0.735531,0.733575,0.735251,0.733911,0.738771,0.731341,0.740615,0.73257,0.734749,0.734469,0.731508,0.730838,0.732291,0.735754,0.719721,0.701453,
36000,0.996111,0.998556,0.996722,0.995111,0.993222,0.989333,0.982278,0.973111,0.960944,0.941778,0.912722,0.875389,0.816278,0.751889,0.689722,0.666,0.688833,0.697056,0.714611,0.710056,0.717222,0.728444,0.724111,0.727778,0.729722,0.737111,0.737944,0.727444,0.736889,0.742333,0.736611,0.737,0.737611,0.735833,0.733833,0.735556,0.734056,0.738778,0.731833,0.740944,0.732167,0.734167,0.734222,0.732056,0.730278,0.732333,0.735389,0.719444,0.701389,
36200,0.996133,0.998564,0.996685,0.995138,0.99326,0.989337,0.98232,0.973039,0.960718,0.941713,0.912597,0.87547,0.816243,0.75221,0.689282,0.666077,0.688895,0.696961,0.714586,0.710663,0.717017,0.72884,0.724144,0.727735,0.729171,0.736796,0.737514,0.727127,0.737072,0.742376,0.737017,0.737127,0.737956,0.736022,0.734199,0.735746,0.734199,0.73895,0.732044,0.740442,0.731713,0.734254,0.73453,0.731823,0.730442,0.732376,0.735635,0.719558,0.701934,
36400,0.996154,0.998516,0.996703,0.995165,0.993242,0.989231,0.982308,0.972857,0.960769,0.941813,0.912582,0.87544,0.81544,0.751978,0.689121,0.666703,0.688901,0.696703,0.714835,0.710659,0.717143,0.728736,0.72467,0.727582,0.729176,0.736758,0.737527,0.727143,0.737198,0.742582,0.736978,0.737363,0.737363,0.735989,0.734176,0.735989,0.733846,0.738901,0.731813,0.740659,0.732308,0.734286,0.734231,0.731429,0.73022,0.732308,0.736154,0.719615,0.701374,
36600,0.996175,0.998525,0.996721,0.995191,0.993279,0.989235,0.982295,0.972842,0.96071,0.942077,0.912186,0.875301,0.815355,0.751366,0.689727,0.666831,0.688798,0.696721,0.713661,0.710273,0.716885,0.728852,0.724863,0.728033,0.729235,0.736776,0.737322,0.726448,0.737158,0.743005,0.737705,0.73694,0.737268,0.736448,0.734098,0.736284,0.733552,0.738689,0.731913,0.740109,0.73224,0.734098,0.734481,0.731803,0.730383,0.732131,0.73623,0.719945,0.701311,
36800,0.996141,0.998533,0.996739,0.995217,0.993315,0.989293,0.982391,0.972826,0.960707,0.942174,0.912337,0.875217,0.815217,0.751576,0.689239,0.666848,0.688641,0.697283,0.713696,0.710217,0.717228,0.728859,0.724946,0.727826,0.72962,0.736902,0.737446,0.726141,0.736848,0.743424,0.73788,0.737446,0.737337,0.73625,0.73413,0.736087,0.733424,0.737826,0.732391,0.74038,0.732228,0.733587,0.734891,0.732174,0.730435,0.731957,0.73625,0.720272,0.701304,
37000,0.996162,0.998541,0.996757,0.995243,0.993351,0.989297,0.982486,0.972757,0.960757,0.942108,0.912216,0.874757,0.815243,0.751459,0.689405,0.667297,0.688973,0.696649,0.71373,0.710162,0.717514,0.728757,0.725081,0.727838,0.730108,0.736919,0.737892,0.725784,0.737297,0.743351,0.737838,0.73773,0.737459,0.73627,0.734486,0.736432,0.733027,0.737676,0.732,0.740703,0.732216,0.734,0.735351,0.732378,0.730108,0.731405,0.735892,0.720108,0.70173,
37200,0.996183,0.998495,0.996774,0.995269,0.993387,0.989301,0.982527,0.972688,0.96086,0.942204,0.912097,0.874731,0.815376,0.751022,0.689677,0.667849,0.68914,0.696667,0.713118,0.710323,0.717634,0.728065,0.725054,0.728333,0.730108,0.736989,0.737581,0.725591,0.736828,0.743226,0.737634,0.737957,0.737903,0.736398,0.734247,0.736828,0.733226,0.738011,0.732151,0.740591,0.732419,0.734032,0.735215,0.732312,0.729785,0.73172,0.736129,0.72,0.702151,
37400,0.996203,0.998503,0.996791,0.995241,0.993422,0.989251,0.982406,0.972781,0.960749,0.942246,0.911711,0.87492,0.815401,0.750909,0.689519,0.667968,0.688717,0.696203,0.713636,0.710588,0.717433,0.728235,0.724118,0.728396,0.730053,0.737273,0.737807,0.725561,0.736952,0.743209,0.73738,0.738182,0.738182,0.736096,0.734545,0.737112,0.733476,0.737594,0.732353,0.740749,0.732567,0.733369,0.734545,0.73246,0.730053,0.732139,0.73615,0.72,0.702299,
37600,0.99617,0.998511,0.996809,0.995213,0.993457,0.989255,0.982447,0.972872,0.960745,0.942128,0.911489,0.874681,0.81516,0.750904,0.689787,0.668245,0.689362,0.696277,0.713723,0.71016,0.716915,0.727606,0.724468,0.728511,0.730106,0.737713,0.737713,0.725213,0.737234,0.743245,0.737128,0.738245,0.737553,0.736117,0.734521,0.737394,0.733404,0.737606,0.732287,0.740851,0.732074,0.733404,0.734894,0.732766,0.730053,0.732021,0.736436,0.719947,0.702021,
37800,0.99619,0.998519,0.996825,0.995185,0.993439,0.989259,0.982487,0.972804,0.960741,0.942011,0.911799,0.874392,0.815397,0.751376,0.689577,0.66836,0.689153,0.695556,0.714286,0.710529,0.716772,0.727619,0.724444,0.728836,0.730265,0.737354,0.737989,0.724974,0.737407,0.743439,0.737566,0.737884,0.737354,0.736032,0.73455,0.737037,0.733175,0.737513,0.732487,0.741587,0.732222,0.733333,0.734868,0.733069,0.73037,0.731693,0.736825,0.719683,0.701958,
38000,0.996211,0.998526,0.996842,0.995211,0.993474,0.989263,0.982579,0.972895,0.960842,0.941947,0.911947,0.874526,0.815368,0.751579,0.689368,0.668421,0.689053,0.695,0.714684,0.710684,0.716737,0.727474,0.724421,0.729053,0.730053,0.736842,0.737895,0.725,0.737316,0.743789,0.737211,0.737579,0.737579,0.735947,0.734316,0.737053,0.733316,0.737684,0.732632,0.741474,0.732263,0.733421,0.734895,0.732895,0.730158,0.731526,0.736842,0.719421,0.702368,
38200,0.996178,0.998482,0.996806,0.995183,0.993508,0.989319,0.982513,0.972723,0.960681,0.942042,0.911937,0.874555,0.815497,0.751885,0.689686,0.668377,0.689162,0.694712,0.714817,0.710366,0.716387,0.727382,0.724188,0.729372,0.730262,0.736492,0.737906,0.72534,0.737592,0.743665,0.736963,0.737853,0.737749,0.73623,0.733979,0.736806,0.73356,0.737382,0.732827,0.741414,0.732408,0.733403,0.734869,0.733508,0.73,0.731204,0.73644,0.719319,0.702199,
38400,0.996146,0.99849,0.996823,0.995052,0.99349,0.989323,0.982552,0.97276,0.960625,0.94224,0.911927,0.874844,0.815208,0.751563,0.689948,0.668073,0.688802,0.69474,0.714635,0.710365,0.717031,0.727448,0.724375,0.729323,0.730156,0.736615,0.737656,0.725729,0.737187,0.743385,0.736979,0.73776,0.738229,0.736615,0.73401,0.736875,0.733021,0.73724,0.73224,0.741927,0.732865,0.733906,0.735313,0.733646,0.729792,0.731094,0.736146,0.719167,0.702344,
38600,0.996166,0.998497,0.996839,0.995078,0.993523,0.989378,0.982435,0.972642,0.960725,0.94228,0.911762,0.874404,0.814611,0.751399,0.690155,0.668497,0.689119,0.69487,0.714767,0.710518,0.71772,0.72772,0.72399,0.729223,0.729948,0.736788,0.738238,0.725907,0.73715,0.743523,0.736891,0.73772,0.73829,0.736891,0.734301,0.736788,0.733109,0.737513,0.732487,0.741865,0.733109,0.733938,0.735544,0.733627,0.729534,0.731036,0.73601,0.719378,0.702228,
38800,0.996186,0.998505,0.996856,0.995052,0.993557,0.98933,0.982474,0.972577,0.960722,0.942113,0.911753,0.874588,0.814485,0.750979,0.690515,0.668505,0.689433,0.694794,0.714845,0.710619,0.718041,0.72768,0.724278,0.729175,0.729278,0.73701,0.738196,0.725928,0.73701,0.743454,0.736443,0.737784,0.738454,0.737062,0.734433,0.736495,0.733144,0.737732,0.732629,0.742062,0.732938,0.73433,0.735619,0.73366,0.728814,0.73134,0.736289,0.719433,0.70268,
39000,0.996205,0.998462,0.996821,0.995077,0.993487,0.989385,0.98241,0.972513,0.960615,0.942308,0.911795,0.874667,0.814564,0.751128,0.690923,0.668615,0.688769,0.694667,0.714974,0.710769,0.718308,0.727949,0.724359,0.728667,0.729436,0.736974,0.737231,0.726051,0.737026,0.743436,0.736308,0.737385,0.738051,0.737333,0.734359,0.736974,0.733231,0.737179,0.732718,0.742308,0.733333,0.734718,0.735795,0.733692,0.728821,0.731026,0.736154,0.719487,0.702615,
39200,0.996224,0.998469,0.996837,0.995102,0.99352,0.989439,0.982449,0.972398,0.960714,0.942296,0.912041,0.874388,0.814439,0.751276,0.690561,0.668776,0.688418,0.694694,0.714745,0.711173,0.718622,0.728061,0.72449,0.729082,0.729592,0.737704,0.737092,0.726531,0.737398,0.743469,0.736276,0.737296,0.738316,0.737041,0.733827,0.736939,0.733316,0.737449,0.732653,0.742245,0.73352,0.734796,0.735561,0.734082,0.72898,0.731224,0.736633,0.719796,0.702398,
39400,0.996193,0.998477,0.996853,0.995025,0.993553,0.989391,0.982487,0.972437,0.960812,0.942386,0.91198,0.874721,0.814924,0.751168,0.690457,0.668782,0.688832,0.694619,0.714365,0.710863,0.718883,0.728477,0.725076,0.728832,0.729289,0.737056,0.736954,0.72665,0.737056,0.743604,0.736091,0.737411,0.738173,0.737056,0.733909,0.736904,0.733147,0.737462,0.732741,0.742284,0.733858,0.734924,0.735381,0.733553,0.728629,0.73132,0.736904,0.72,0.702335,
39600,0.996212,0.998485,0.996869,0.995051,0.993535,0.989394,0.982525,0.972475,0.960758,0.942374,0.911768,0.874899,0.815202,0.751212,0.690051,0.668737,0.688939,0.694293,0.714091,0.71101,0.718838,0.728586,0.725101,0.728535,0.729141,0.73702,0.737273,0.726212,0.736869,0.74303,0.736313,0.737626,0.738384,0.737172,0.733687,0.737172,0.733182,0.737626,0.732677,0.742172,0.733838,0.735101,0.735758,0.73399,0.728939,0.731263,0.736616,0.720404,0.702677,
39800,0.996231,0.998492,0.996884,0.995075,0.993417,0.989447,0.982563,0.972563,0.960854,0.942362,0.911407,0.874925,0.815176,0.750754,0.690302,0.669095,0.688643,0.694271,0.71397,0.710754,0.718794,0.728643,0.725176,0.728744,0.728894,0.736884,0.737437,0.726432,0.737286,0.743166,0.73603,0.737538,0.738794,0.737387,0.733518,0.737236,0.733166,0.73799,0.732864,0.742211,0.734221,0.734824,0.735829,0.734472,0.728844,0.730653,0.736332,0.720352,0.702513,
40000,0.99625,0.9985,0.99685,0.9951,0.9934,0.98945,0.9825,0.97265,0.9608,0.9424,0.9111,0.87465,0.81535,0.751,0.6901,0.66905,0.6884,0.69455,0.714,0.71105,0.71865,0.7286,0.72525,0.7288,0.7287,0.73635,0.7375,0.7267,0.7375,0.74335,0.73625,0.7377,0.73835,0.7371,0.7336,0.73725,0.7331,0.73815,0.7325,0.7422,0.73435,0.73475,0.7356,0.73465,0.72875,0.7303,0.7364,0.7208,0.70325,
40200,0.996269,0.998458,0.996866,0.995124,0.993383,0.989453,0.982438,0.972687,0.960945,0.942488,0.911045,0.874328,0.815075,0.750995,0.690498,0.668856,0.687711,0.694876,0.714527,0.711841,0.718856,0.728408,0.725572,0.729005,0.728955,0.736567,0.737861,0.726517,0.737861,0.742736,0.736318,0.737811,0.738209,0.737264,0.733582,0.737562,0.733234,0.738507,0.732935,0.742587,0.734229,0.734627,0.73592,0.734876,0.728756,0.7301,0.736667,0.720896,0.703433,
40400,0.996287,0.998465,0.996881,0.99505,0.993366,0.989406,0.982327,0.972772,0.96104,0.942624,0.911287,0.874158,0.815149,0.751139,0.690842,0.668119,0.688119,0.694901,0.71401,0.711832,0.718614,0.728119,0.725198,0.729257,0.728663,0.736832,0.738119,0.726436,0.737871,0.742772,0.737079,0.73802,0.738218,0.737178,0.733614,0.737673,0.732921,0.738762,0.732673,0.742624,0.73396,0.734901,0.735891,0.734406,0.728911,0.730099,0.736782,0.720941,0.703465,
40600,0.996207,0.998473,0.996847,0.995025,0.993202,0.989409,0.982365,0.972808,0.960985,0.94266,0.911281,0.874335,0.81532,0.751133,0.690542,0.668374,0.687882,0.694975,0.714483,0.711921,0.718768,0.728424,0.725172,0.728966,0.728424,0.735764,0.73803,0.726256,0.738177,0.742808,0.736798,0.737783,0.73798,0.736995,0.73399,0.737438,0.732956,0.738719,0.732709,0.742414,0.734089,0.734877,0.73601,0.734532,0.728966,0.730148,0.736847,0.720739,0.703547,
40800,0.996176,0.99848,0.996863,0.995,0.993186,0.989363,0.982353,0.972843,0.96098,0.942647,0.911275,0.87451,0.815686,0.751275,0.690686,0.667892,0.687647,0.695147,0.714706,0.711716,0.718775,0.728627,0.725294,0.728971,0.72848,0.736029,0.738088,0.725931,0.737892,0.743137,0.73701,0.737647,0.738039,0.736863,0.733627,0.737794,0.732843,0.738676,0.732647,0.742598,0.734216,0.734951,0.736324,0.73451,0.729069,0.729951,0.736765,0.721078,0.703775,
41000,0.996195,0.998488,0.996878,0.994878,0.993171,0.989366,0.98239,0.972878,0.961024,0.94278,0.911366,0.874732,0.815805,0.750976,0.690341,0.667317,0.687512,0.695463,0.71478,0.711707,0.718878,0.72878,0.72561,0.729366,0.72878,0.736049,0.737902,0.726293,0.738439,0.743268,0.736488,0.737659,0.737951,0.736537,0.733659,0.737707,0.732683,0.738585,0.733171,0.742732,0.734146,0.734585,0.736244,0.73439,0.728439,0.73039,0.736829,0.720878,0.704195,
41200,0.996214,0.998495,0.996893,0.994903,0.993107,0.989369,0.982233,0.972864,0.961117,0.942913,0.911408,0.875,0.816117,0.751117,0.690437,0.66767,0.687184,0.695,0.714175,0.711408,0.718447,0.728689,0.725534,0.728932,0.728592,0.735728,0.737379,0.726311,0.738155,0.743058,0.736893,0.737864,0.738204,0.736699,0.734126,0.738058,0.732864,0.738544,0.733252,0.742136,0.734078,0.734806,0.735971,0.734612,0.728738,0.730631,0.73699,0.721408,0.703981,
41400,0.996184,0.998502,0.996763,0.994831,0.99314,0.989324,0.982174,0.972899,0.961208,0.94285,0.911401,0.874976,0.81628,0.750628,0.690386,0.667343,0.68715,0.695362,0.7143,0.711159,0.717778,0.728599,0.725362,0.729179,0.728889,0.735894,0.737826,0.72599,0.738213,0.743092,0.736957,0.738116,0.737778,0.737005,0.734541,0.738454,0.732995,0.738599,0.733671,0.742415,0.734396,0.735024,0.7357,0.734541,0.729275,0.730628,0.736957,0.721498,0.704203,
41600,0.996154,0.99851,0.996779,0.994856,0.993173,0.989327,0.982115,0.972837,0.96125,0.942837,0.911394,0.875144,0.816154,0.750481,0.690481,0.66649,0.687596,0.695721,0.714904,0.71125,0.717452,0.728317,0.725433,0.729038,0.729327,0.736058,0.737981,0.726442,0.738606,0.742933,0.737115,0.737596,0.737692,0.736731,0.734423,0.738077,0.733125,0.73851,0.733894,0.742404,0.734663,0.735,0.735337,0.734567,0.729423,0.730577,0.736587,0.721731,0.704423,
41800,0.996172,0.998517,0.996794,0.99488,0.993158,0.989378,0.982153,0.972727,0.961292,0.942871,0.911388,0.87512,0.816268,0.750478,0.690957,0.666651,0.687416,0.695263,0.715167,0.71134,0.717799,0.728565,0.725694,0.728708,0.729426,0.735837,0.737703,0.726794,0.738708,0.742536,0.737081,0.73756,0.738134,0.736699,0.733923,0.738134,0.733254,0.737895,0.734163,0.742201,0.734976,0.734833,0.73512,0.734258,0.729522,0.730813,0.736172,0.722057,0.70488,
42000,0.99619,0.998524,0.996762,0.994905,0.993143,0.989333,0.982095,0.972857,0.961238,0.942857,0.911429,0.875143,0.816286,0.750476,0.691048,0.666762,0.687,0.694667,0.715095,0.711857,0.718048,0.728667,0.72581,0.728429,0.729381,0.73519,0.737571,0.726952,0.738905,0.742667,0.73681,0.737333,0.738238,0.73719,0.733905,0.738333,0.733476,0.738,0.733952,0.74219,0.734762,0.734905,0.735333,0.734429,0.729571,0.730619,0.736381,0.722143,0.70481,
42200,0.996209,0.998531,0.996777,0.994929,0.993175,0.989336,0.982133,0.972749,0.961327,0.942891,0.911422,0.875024,0.816398,0.750616,0.690995,0.666919,0.686635,0.694739,0.715261,0.711991,0.717441,0.728436,0.726493,0.728578,0.729953,0.735024,0.737536,0.727109,0.73872,0.742654,0.736872,0.737583,0.738009,0.737393,0.734171,0.738483,0.733602,0.737962,0.733697,0.742322,0.734834,0.734739,0.735308,0.734502,0.729763,0.731185,0.736635,0.722038,0.704645,
42400,0.996179,0.998538,0.996792,0.994953,0.99316,0.989292,0.98217,0.972783,0.961321,0.942925,0.911604,0.875094,0.816132,0.750283,0.690566,0.666792,0.687217,0.694953,0.715613,0.712453,0.717642,0.728396,0.726792,0.728585,0.729858,0.735094,0.737547,0.727311,0.738632,0.742736,0.737075,0.73783,0.737972,0.737736,0.73434,0.738538,0.733632,0.737925,0.733915,0.742594,0.734292,0.734906,0.735377,0.734292,0.729811,0.731085,0.736274,0.721698,0.704575,
42600,0.996197,0.998451,0.996808,0.994977,0.993052,0.989249,0.982207,0.972817,0.961268,0.942958,0.911784,0.875446,0.816056,0.750704,0.690235,0.666385,0.686854,0.695117,0.715493,0.712817,0.717606,0.728216,0.72662,0.728685,0.729953,0.735446,0.737606,0.727324,0.738498,0.742488,0.736995,0.738122,0.737606,0.73723,0.73493,0.738685,0.73338,0.73831,0.734319,0.742535,0.733709,0.735023,0.734977,0.734225,0.73,0.731174,0.735915,0.721362,0.704601,
42800,0.996215,0.998411,0.996776,0.994953,0.993037,0.989252,0.982243,0.972757,0.961121,0.94285,0.911822,0.875234,0.816262,0.750561,0.690514,0.666168,0.686776,0.69528,0.715888,0.712617,0.717664,0.727991,0.726822,0.728505,0.73014,0.735561,0.73785,0.727757,0.738598,0.74257,0.736963,0.737757,0.737336,0.736916,0.734813,0.738972,0.733364,0.738037,0.734486,0.74271,0.733832,0.734953,0.73528,0.734626,0.729393,0.731215,0.735981,0.721449,0.704673,
43000,0.996233,0.998419,0.996791,0.994977,0.99307,0.989256,0.982233,0.972744,0.960884,0.942744,0.911953,0.875256,0.816233,0.750372,0.690558,0.666419,0.686372,0.695442,0.715535,0.712419,0.718093,0.728233,0.726884,0.728791,0.729628,0.735209,0.738047,0.72786,0.738,0.742558,0.736977,0.737628,0.737116,0.73707,0.735023,0.739023,0.733721,0.737814,0.734326,0.742326,0.733907,0.734977,0.735442,0.734558,0.729767,0.731721,0.735767,0.72107,0.70414,
43200,0.99625,0.998426,0.996713,0.995,0.993102,0.989259,0.982315,0.972824,0.960787,0.942546,0.911806,0.875231,0.815787,0.750139,0.690694,0.666528,0.686667,0.695787,0.715231,0.712639,0.718009,0.728056,0.726944,0.72875,0.729537,0.735185,0.738009,0.728009,0.738148,0.743102,0.736806,0.737917,0.737361,0.736991,0.735139,0.739259,0.73412,0.737685,0.733935,0.742176,0.733472,0.735324,0.735556,0.734861,0.729583,0.731574,0.735602,0.721065,0.704491,
43400,0.996221,0.998433,0.996728,0.994977,0.993088,0.989309,0.98235,0.972765,0.960829,0.942673,0.911935,0.875346,0.81576,0.750276,0.690645,0.666452,0.686682,0.696129,0.715714,0.712581,0.718618,0.728295,0.727189,0.728664,0.729908,0.735346,0.738618,0.727834,0.738157,0.743088,0.737051,0.737972,0.737097,0.737051,0.734839,0.739171,0.734101,0.737834,0.734009,0.742028,0.733272,0.73553,0.735714,0.734608,0.730092,0.731567,0.736175,0.721106,0.704885,
43600,0.996239,0.998394,0.996743,0.995,0.993119,0.989312,0.982385,0.972706,0.96078,0.942569,0.911972,0.875321,0.81578,0.750505,0.690367,0.666972,0.686514,0.695688,0.71578,0.713211,0.718578,0.727982,0.727248,0.728624,0.729954,0.735092,0.738761,0.727936,0.737936,0.742936,0.73711,0.737661,0.737248,0.73711,0.734541,0.738761,0.733945,0.737752,0.734587,0.742202,0.733165,0.735734,0.73578,0.73445,0.729954,0.731193,0.735917,0.721009,0.705092,
43800,0.99621,0.998402,0.996758,0.995023,0.993151,0.989361,0.982283,0.972557,0.960594,0.94274,0.911918,0.875297,0.815205,0.750639,0.69,0.66726,0.686804,0.695845,0.715662,0.713425,0.718584,0.728037,0.727489,0.728904,0.729817,0.735068,0.738721,0.727991,0.738265,0.742968,0.737306,0.737671,0.736941,0.736941,0.734932,0.739269,0.734475,0.737945,0.734932,0.741963,0.733059,0.735753,0.735753,0.734703,0.730137,0.731187,0.735982,0.720548,0.705251,
44000,0.996227,0.998409,0.996727,0.995,0.993136,0.989364,0.982227,0.972591,0.960591,0.942773,0.911818,0.875318,0.815273,0.750773,0.690273,0.666864,0.686955,0.6955,0.715773,0.713182,0.718545,0.727682,0.727455,0.728682,0.73,0.735136,0.738409,0.728045,0.738227,0.743136,0.737182,0.737909,0.737045,0.736864,0.734955,0.739409,0.734273,0.738,0.735227,0.741818,0.733136,0.735818,0.735682,0.734818,0.730227,0.731045,0.735818,0.720955,0.705273,
44200,0.996199,0.998416,0.996742,0.994977,0.993122,0.989321,0.982217,0.972534,0.960543,0.942896,0.911719,0.875339,0.815249,0.751041,0.690317,0.667014,0.686968,0.695339,0.715656,0.712805,0.718507,0.727783,0.727828,0.728281,0.730045,0.735158,0.738597,0.728235,0.738552,0.74276,0.737195,0.737557,0.736471,0.736606,0.734887,0.739457,0.734615,0.737828,0.735068,0.7419,0.733032,0.735747,0.735701,0.734842,0.730407,0.731222,0.735792,0.720452,0.705566,
44400,0.996171,0.998378,0.996757,0.995,0.993108,0.989189,0.982252,0.972387,0.960631,0.942793,0.911712,0.87518,0.81518,0.750676,0.690676,0.666712,0.687162,0.695495,0.71536,0.712613,0.718063,0.727703,0.727748,0.728514,0.730405,0.735315,0.738649,0.727568,0.738423,0.742477,0.737387,0.737748,0.736441,0.736441,0.735225,0.739234,0.73518,0.737793,0.73491,0.742027,0.732928,0.735901,0.735495,0.73491,0.73045,0.731216,0.735991,0.720495,0.705405,
44600,0.996188,0.998386,0.996726,0.995022,0.993049,0.989193,0.982287,0.972422,0.960717,0.94278,0.911659,0.875157,0.815291,0.750493,0.690404,0.666906,0.68704,0.695561,0.715471,0.712556,0.717982,0.728027,0.727937,0.728296,0.730448,0.735426,0.738565,0.727803,0.738386,0.742287,0.737578,0.738027,0.736637,0.736592,0.734933,0.739417,0.735022,0.737668,0.734753,0.742018,0.732242,0.73583,0.735561,0.734843,0.730224,0.730942,0.735874,0.720807,0.705471,
44800,0.996205,0.998393,0.996696,0.995,0.99308,0.989241,0.982366,0.972455,0.960625,0.942902,0.911518,0.875223,0.815357,0.750536,0.690446,0.666875,0.687009,0.695446,0.71558,0.71183,0.717187,0.727857,0.727857,0.728036,0.73058,0.735313,0.738437,0.727634,0.738259,0.742455,0.73817,0.737946,0.736741,0.736518,0.734643,0.73933,0.734911,0.737455,0.734955,0.742143,0.732589,0.735759,0.735893,0.735,0.730134,0.730848,0.736027,0.720848,0.705536,
45000,0.996222,0.9984,0.996711,0.995022,0.993111,0.989289,0.982444,0.972489,0.960533,0.942933,0.911467,0.875333,0.815289,0.750667,0.690311,0.666489,0.686889,0.695867,0.715333,0.711822,0.717333,0.727822,0.727733,0.727956,0.731067,0.7352,0.738444,0.727556,0.738222,0.742,0.738356,0.737556,0.736844,0.736711,0.734222,0.739511,0.735067,0.737289,0.734756,0.742222,0.732756,0.735422,0.735822,0.735467,0.730311,0.730933,0.735911,0.720978,0.705644,
45200,0.996239,0.998407,0.996726,0.994912,0.993142,0.989336,0.982434,0.972522,0.960619,0.942788,0.911283,0.875221,0.815442,0.750752,0.690088,0.66646,0.686858,0.69615,0.715664,0.711726,0.716903,0.728009,0.727965,0.72792,0.731637,0.735088,0.738142,0.727699,0.737965,0.742035,0.738673,0.737611,0.736593,0.736637,0.734381,0.739602,0.734779,0.737345,0.734248,0.742522,0.732699,0.735354,0.735841,0.735619,0.730044,0.730619,0.735531,0.720619,0.705885,
45400,0.996256,0.998414,0.99674,0.994934,0.993172,0.989383,0.982467,0.972555,0.960617,0.942819,0.91141,0.875154,0.815419,0.750396,0.690264,0.666344,0.68696,0.696344,0.715463,0.71185,0.717093,0.728018,0.727841,0.727797,0.731674,0.735242,0.737974,0.727401,0.737445,0.741806,0.738062,0.737577,0.736652,0.736828,0.734802,0.739648,0.735066,0.737577,0.734714,0.742379,0.732863,0.735419,0.735859,0.735771,0.73,0.730573,0.735066,0.720837,0.706344,
45600,0.996272,0.998421,0.996711,0.994956,0.993114,0.989386,0.982456,0.972368,0.960526,0.942807,0.911316,0.875351,0.815132,0.750702,0.690526,0.665921,0.687018,0.696754,0.715395,0.711623,0.716711,0.727807,0.727895,0.728026,0.731711,0.735439,0.737807,0.727675,0.737456,0.741798,0.738202,0.737237,0.736491,0.736579,0.734781,0.739649,0.734912,0.737368,0.734649,0.742719,0.733377,0.735746,0.735877,0.735833,0.730044,0.730746,0.734868,0.720439,0.706053,
45800,0.996288,0.998428,0.996681,0.994934,0.993144,0.989432,0.982358,0.972402,0.960655,0.942969,0.911397,0.875197,0.815284,0.751179,0.69,0.665764,0.686943,0.696856,0.714803,0.711659,0.71655,0.727773,0.727686,0.728253,0.731965,0.735371,0.737817,0.727598,0.737642,0.741703,0.738428,0.737555,0.736332,0.736507,0.734847,0.74,0.734891,0.737424,0.734629,0.742271,0.733188,0.736026,0.735939,0.735983,0.730087,0.730786,0.734716,0.720131,0.706288,
46000,0.996261,0.998435,0.996696,0.99487,0.99313,0.989478,0.982261,0.972391,0.960609,0.943087,0.911261,0.875478,0.815696,0.751217,0.689652,0.665913,0.686652,0.696565,0.714783,0.711609,0.716783,0.727739,0.727739,0.728565,0.731739,0.735348,0.73787,0.727304,0.737435,0.741739,0.738609,0.737696,0.736478,0.736609,0.734565,0.739739,0.734652,0.737174,0.734739,0.742652,0.733304,0.736043,0.735913,0.736043,0.73,0.73087,0.734739,0.720174,0.706522,
46200,0.996277,0.998442,0.99671,0.994892,0.993117,0.989524,0.982208,0.972381,0.960693,0.9429,0.911255,0.875671,0.815628,0.751169,0.689481,0.66632,0.687143,0.69697,0.714892,0.711515,0.716494,0.727835,0.727749,0.728745,0.731905,0.735411,0.737749,0.727403,0.737316,0.741732,0.738528,0.737706,0.73632,0.736494,0.734199,0.739567,0.734892,0.737446,0.734545,0.742121,0.733203,0.736061,0.735974,0.736104,0.73013,0.730563,0.734632,0.720043,0.706667,
46400,0.99625,0.998448,0.996724,0.994914,0.993147,0.989526,0.982198,0.972284,0.960647,0.942759,0.911422,0.87556,0.815776,0.751164,0.689569,0.666422,0.686983,0.697026,0.715129,0.712069,0.716897,0.727586,0.727026,0.728578,0.731724,0.735259,0.737716,0.7275,0.737371,0.741422,0.738448,0.737759,0.736552,0.73681,0.733922,0.73875,0.735,0.737414,0.735043,0.742155,0.733103,0.73569,0.736034,0.735819,0.730086,0.730431,0.734871,0.720345,0.706853,
46600,0.99618,0.998412,0.996738,0.994936,0.993176,0.989485,0.982275,0.972403,0.96073,0.94279,0.911459,0.875536,0.815708,0.751116,0.689657,0.66588,0.687039,0.697167,0.71515,0.712146,0.717039,0.727554,0.726824,0.728841,0.731845,0.735322,0.737983,0.72794,0.737382,0.740987,0.73794,0.737854,0.73618,0.736695,0.734163,0.739099,0.735021,0.737339,0.734936,0.742489,0.732918,0.735837,0.736052,0.735622,0.730172,0.730343,0.735236,0.720343,0.706695,
46800,0.996197,0.998419,0.996752,0.994957,0.993077,0.98953,0.982222,0.972308,0.960598,0.942863,0.911624,0.875684,0.815556,0.751068,0.689444,0.665641,0.687222,0.696923,0.715256,0.712436,0.717009,0.727265,0.727009,0.728761,0.732009,0.735427,0.737863,0.728077,0.737436,0.741068,0.737949,0.737735,0.736368,0.736667,0.734274,0.738376,0.735214,0.737137,0.735214,0.742564,0.732906,0.73594,0.736239,0.735513,0.730085,0.73,0.735427,0.720256,0.706624,
47000,0.996213,0.998426,0.996723,0.994979,0.993064,0.989574,0.982213,0.97234,0.960468,0.942894,0.911574,0.875702,0.815404,0.750936,0.689702,0.66566,0.686979,0.696723,0.714809,0.712426,0.716936,0.727234,0.727362,0.728851,0.732043,0.735745,0.737872,0.727957,0.737915,0.741106,0.737872,0.73817,0.736298,0.736766,0.734511,0.738213,0.734979,0.736936,0.735574,0.742766,0.732511,0.735745,0.736043,0.735702,0.729957,0.72983,0.735447,0.720511,0.706426,
47200,0.996229,0.998432,0.996695,0.995,0.993051,0.989619,0.982203,0.972246,0.960593,0.942881,0.911653,0.87589,0.81572,0.751102,0.68928,0.665636,0.686822,0.696695,0.714703,0.712415,0.716949,0.727542,0.727839,0.728729,0.732161,0.735932,0.737797,0.728051,0.737924,0.740636,0.7375,0.738305,0.736525,0.736695,0.734364,0.738559,0.734915,0.736822,0.735636,0.742754,0.732415,0.73589,0.736186,0.735932,0.729873,0.729661,0.735466,0.720508,0.706483,
47400,0.996245,0.998439,0.996709,0.994979,0.993038,0.98962,0.982194,0.972068,0.960633,0.942996,0.911435,0.875696,0.815823,0.751055,0.689536,0.665992,0.686835,0.69654,0.714684,0.712152,0.716793,0.727722,0.727806,0.728861,0.732152,0.73616,0.737848,0.728186,0.737848,0.740633,0.737511,0.73827,0.736582,0.7373,0.734515,0.738312,0.735063,0.73692,0.73557,0.742911,0.732405,0.735823,0.735992,0.735992,0.730464,0.729916,0.735696,0.720591,0.706498,
47600,0.996261,0.998445,0.996723,0.995,0.993025,0.989622,0.982269,0.972059,0.960672,0.942815,0.911429,0.875756,0.81563,0.750798,0.68979,0.66605,0.687017,0.696891,0.714706,0.712437,0.716933,0.727941,0.728025,0.728824,0.731975,0.736345,0.738151,0.728319,0.737689,0.740336,0.737731,0.738361,0.736681,0.737227,0.734664,0.738277,0.734664,0.737017,0.735756,0.743109,0.732731,0.735714,0.735924,0.735966,0.730462,0.729874,0.735378,0.720672,0.706639,
47800,0.996276,0.998452,0.996736,0.994979,0.993054,0.98954,0.982218,0.971925,0.960628,0.942762,0.911506,0.8759,0.815397,0.750711,0.689833,0.66636,0.687322,0.696987,0.714351,0.712134,0.716736,0.727573,0.727699,0.728828,0.73205,0.736653,0.738326,0.728243,0.737657,0.740126,0.73795,0.738661,0.736695,0.73728,0.734686,0.738326,0.734142,0.736946,0.735816,0.743305,0.732678,0.7359,0.736109,0.735941,0.730126,0.729707,0.735272,0.720711,0.706611,
48000,0.996292,0.998417,0.996708,0.995,0.993042,0.989583,0.98225,0.972,0.960542,0.942708,0.911458,0.876042,0.815542,0.75,0.689875,0.666333,0.687417,0.696958,0.714792,0.712125,0.71625,0.728,0.727458,0.729,0.732208,0.736542,0.738667,0.728125,0.737708,0.739917,0.738167,0.738583,0.736417,0.737333,0.73475,0.738708,0.734125,0.737167,0.736125,0.743625,0.732667,0.735875,0.736333,0.735583,0.729917,0.73,0.735708,0.720917,0.707,
48200,0.996307,0.998423,0.99668,0.995021,0.993071,0.989585,0.982199,0.972033,0.960498,0.942656,0.911245,0.876058,0.815436,0.749876,0.689917,0.6661,0.687884,0.696929,0.714813,0.712199,0.716017,0.728133,0.727344,0.728755,0.732116,0.736349,0.739129,0.728216,0.737593,0.739627,0.737967,0.738714,0.73668,0.737552,0.734772,0.738465,0.734315,0.737303,0.736017,0.743361,0.732656,0.736058,0.736763,0.73556,0.730041,0.730166,0.735726,0.720996,0.706971,
48400,0.996322,0.99843,0.996694,0.995041,0.993058,0.989628,0.982231,0.971983,0.960579,0.942479,0.911322,0.876198,0.815579,0.75,0.689917,0.665331,0.687562,0.697231,0.715083,0.712438,0.716322,0.728347,0.727149,0.728884,0.731901,0.736405,0.73905,0.728264,0.737686,0.739711,0.737686,0.738926,0.73686,0.737686,0.73438,0.73814,0.734256,0.73781,0.736446,0.743223,0.732521,0.736074,0.736818,0.735785,0.730413,0.729835,0.735909,0.721364,0.706777,
48600,0.996337,0.998436,0.996708,0.995062,0.993045,0.989671,0.982222,0.971975,0.960658,0.942716,0.911481,0.876461,0.81572,0.750041,0.689506,0.665267,0.687737,0.697284,0.715021,0.712469,0.716296,0.728354,0.727407,0.729012,0.732058,0.73679,0.738848,0.728025,0.737778,0.739877,0.737449,0.738848,0.73679,0.737202,0.734444,0.738313,0.734321,0.737695,0.736379,0.742963,0.73251,0.735967,0.736955,0.736049,0.730535,0.729794,0.736091,0.72107,0.706872,
48800,0.996352,0.998443,0.996721,0.995082,0.993074,0.989631,0.982213,0.972008,0.960697,0.942664,0.911762,0.876639,0.815615,0.750246,0.689303,0.665082,0.687992,0.697336,0.714877,0.712746,0.716107,0.72873,0.727459,0.729385,0.732254,0.736639,0.738443,0.728115,0.737746,0.740041,0.737705,0.73877,0.736639,0.737254,0.734426,0.73832,0.734139,0.737623,0.736352,0.742582,0.732459,0.736189,0.736967,0.736025,0.730615,0.73,0.736107,0.721189,0.706762,
49000,0.996327,0.998449,0.996694,0.995102,0.993102,0.989551,0.982204,0.972082,0.960735,0.942612,0.911755,0.876735,0.815714,0.750408,0.689347,0.664531,0.68751,0.697224,0.715102,0.713347,0.716082,0.728898,0.727224,0.729347,0.732082,0.736694,0.738204,0.728122,0.737592,0.739633,0.737673,0.738735,0.736857,0.737265,0.734571,0.738286,0.734204,0.738,0.736327,0.742653,0.732612,0.736122,0.73698,0.735959,0.730204,0.730122,0.736286,0.720898,0.706408,
49200,0.996341,0.998415,0.996707,0.995081,0.993089,0.989593,0.982236,0.972033,0.960813,0.942439,0.91187,0.876504,0.815772,0.75061,0.689268,0.66435,0.687358,0.697276,0.714959,0.713537,0.716179,0.728618,0.727236,0.729634,0.731992,0.736545,0.73813,0.728252,0.737195,0.739797,0.73752,0.738821,0.736911,0.737358,0.734634,0.738293,0.734065,0.738049,0.73626,0.742358,0.732764,0.735691,0.737114,0.736016,0.730203,0.730081,0.736423,0.720528,0.706016,
49400,0.996356,0.998421,0.996721,0.995061,0.993117,0.989636,0.982186,0.972024,0.96085,0.942389,0.911903,0.876518,0.815951,0.750445,0.689636,0.664534,0.686964,0.697733,0.714858,0.713806,0.716194,0.727976,0.727368,0.729757,0.732024,0.736518,0.738178,0.728097,0.736842,0.739879,0.73749,0.738826,0.736842,0.73753,0.734575,0.738259,0.734251,0.738138,0.736194,0.742146,0.732915,0.735789,0.737247,0.735951,0.729919,0.72996,0.73664,0.720607,0.705911,
49600,0.996371,0.998427,0.996734,0.995081,0.993105,0.989597,0.982218,0.972016,0.960685,0.942339,0.912056,0.876331,0.815726,0.750524,0.689919,0.664677,0.687016,0.697218,0.714758,0.713589,0.715524,0.727742,0.726492,0.729476,0.732016,0.736653,0.738508,0.727742,0.736815,0.740081,0.737379,0.738548,0.736653,0.737379,0.733992,0.738226,0.734315,0.738387,0.736371,0.741855,0.732782,0.735726,0.737137,0.735927,0.730121,0.72996,0.736774,0.720444,0.706008,
49800,0.996386,0.998434,0.996707,0.9951,0.993133,0.989598,0.982289,0.971968,0.960683,0.942329,0.912129,0.876104,0.815622,0.750201,0.690201,0.664458,0.687229,0.697229,0.714819,0.713815,0.715703,0.727912,0.726426,0.729759,0.731767,0.736707,0.738635,0.72755,0.736787,0.73988,0.73747,0.738554,0.736988,0.737229,0.733976,0.738434,0.734177,0.738273,0.736386,0.741727,0.732651,0.735743,0.736827,0.735984,0.730161,0.730241,0.737028,0.720402,0.706225,
50000,0.99636,0.99844,0.99672,0.99512,0.99316,0.98964,0.98228,0.972,0.96076,0.9424,0.91204,0.8762,0.8158,0.75004,0.69028,0.66456,0.68724,0.69736,0.71496,0.714,0.71616,0.72816,0.72608,0.72948,0.73192,0.73676,0.73848,0.728,0.73704,0.73984,0.7376,0.73856,0.73692,0.73764,0.73388,0.73768,0.73404,0.7382,0.73656,0.74132,0.73324,0.7356,0.73656,0.73628,0.73032,0.73004,0.73708,0.72048,0.7064,
50200,0.996295,0.998446,0.996733,0.995139,0.993187,0.989602,0.982271,0.972032,0.960757,0.942112,0.912072,0.876135,0.815737,0.75004,0.689681,0.664542,0.687052,0.697849,0.71502,0.714024,0.716175,0.728367,0.726135,0.729841,0.732072,0.736494,0.738725,0.72749,0.737052,0.739721,0.73741,0.738367,0.736972,0.73757,0.733984,0.737729,0.734382,0.737968,0.736813,0.741474,0.733347,0.735857,0.736414,0.736016,0.730159,0.730279,0.736813,0.720837,0.706494,
50400,0.99627,0.998452,0.996746,0.995119,0.993214,0.989643,0.982103,0.971944,0.960754,0.942143,0.912024,0.876111,0.815913,0.750159,0.689683,0.664643,0.687063,0.697698,0.714841,0.714127,0.71631,0.728254,0.726151,0.729484,0.732143,0.736429,0.739048,0.727738,0.737302,0.739881,0.737024,0.73877,0.736984,0.737619,0.734246,0.737619,0.734683,0.737897,0.737222,0.74123,0.733095,0.735635,0.736548,0.73623,0.730119,0.73,0.736389,0.720952,0.706825,
50600,0.996285,0.998458,0.996759,0.995138,0.993241,0.989644,0.982095,0.971976,0.960791,0.942253,0.912016,0.876008,0.815889,0.75,0.689684,0.664901,0.687273,0.697787,0.714704,0.714032,0.716719,0.728024,0.725889,0.729249,0.732292,0.736403,0.738775,0.728024,0.737233,0.739605,0.737036,0.738933,0.737075,0.737747,0.734348,0.737391,0.734783,0.738024,0.736957,0.741225,0.733281,0.73581,0.736798,0.736047,0.73,0.730198,0.736324,0.721186,0.706877,
50800,0.996299,0.998465,0.996772,0.995157,0.993228,0.989606,0.982047,0.972047,0.960827,0.942244,0.911811,0.875866,0.815945,0.750039,0.689449,0.664921,0.687244,0.698031,0.71437,0.713898,0.716496,0.727992,0.72626,0.729488,0.732441,0.736339,0.738543,0.727953,0.737008,0.739528,0.737126,0.739291,0.737087,0.737638,0.734449,0.737756,0.734803,0.738228,0.736772,0.741339,0.73315,0.735709,0.736732,0.73563,0.729921,0.730315,0.736024,0.721024,0.707283,
51000,0.996314,0.998471,0.996784,0.995137,0.993216,0.989608,0.982,0.972039,0.960784,0.942353,0.911882,0.875843,0.81549,0.750235,0.689137,0.665333,0.687529,0.697843,0.714275,0.714157,0.716745,0.728353,0.726353,0.72949,0.732353,0.736392,0.738706,0.728118,0.736706,0.739216,0.737098,0.739137,0.737059,0.737412,0.734392,0.737765,0.73451,0.737882,0.736784,0.741608,0.733176,0.735608,0.736667,0.735569,0.729961,0.730627,0.736471,0.721255,0.707451,
51200,0.996328,0.998477,0.996719,0.995117,0.993242,0.989648,0.981992,0.972109,0.960898,0.942227,0.911875,0.875703,0.815586,0.750469,0.68918,0.665391,0.687578,0.698008,0.714297,0.713867,0.716719,0.727695,0.726523,0.729492,0.732305,0.73668,0.738789,0.728164,0.736445,0.739023,0.73707,0.739336,0.737148,0.737383,0.734219,0.737695,0.734844,0.738047,0.736758,0.74125,0.733164,0.73543,0.736914,0.735859,0.730352,0.730508,0.736563,0.72125,0.707539,
51400,0.996304,0.998482,0.996732,0.995136,0.993268,0.98965,0.982023,0.972062,0.960973,0.942257,0.911751,0.875642,0.815837,0.750311,0.689183,0.665525,0.687432,0.697899,0.714202,0.71393,0.716887,0.727626,0.726693,0.729572,0.732412,0.736693,0.738755,0.728366,0.736498,0.739183,0.737004,0.739533,0.737082,0.737276,0.734241,0.73786,0.734903,0.73786,0.736498,0.741284,0.73323,0.735409,0.737082,0.735642,0.730233,0.730156,0.736537,0.721479,0.707821,
51600,0.996279,0.998488,0.996744,0.995078,0.993295,0.98969,0.982054,0.972093,0.961008,0.942287,0.911705,0.87562,0.815659,0.75031,0.688876,0.665271,0.687519,0.698411,0.714535,0.714109,0.716705,0.727364,0.726667,0.729651,0.732287,0.736395,0.738527,0.728062,0.736473,0.739109,0.737442,0.739845,0.73686,0.737403,0.734496,0.738101,0.735078,0.737946,0.736279,0.74093,0.733411,0.735504,0.737016,0.735698,0.73062,0.729884,0.736667,0.721357,0.708023,
51800,0.996255,0.998494,0.996757,0.995097,0.993282,0.989653,0.982085,0.972124,0.961158,0.942317,0.911815,0.875676,0.815676,0.750541,0.688533,0.665483,0.687297,0.69834,0.71444,0.71417,0.717027,0.727336,0.726834,0.729614,0.732355,0.736062,0.738533,0.728185,0.736062,0.739228,0.737413,0.740077,0.736834,0.737259,0.734517,0.73834,0.735174,0.738185,0.736139,0.740849,0.733359,0.735444,0.737066,0.735521,0.730386,0.73,0.736448,0.721081,0.708108,
52000,0.996231,0.9985,0.996769,0.995077,0.993269,0.989692,0.982077,0.972231,0.961115,0.942038,0.912,0.875731,0.815885,0.750462,0.688692,0.665423,0.687192,0.698269,0.714423,0.714231,0.716923,0.727192,0.726885,0.729731,0.732577,0.7365,0.738577,0.728346,0.736077,0.739462,0.7375,0.740192,0.736615,0.737692,0.734192,0.738385,0.735154,0.738269,0.736269,0.741038,0.733385,0.735423,0.737,0.735615,0.7305,0.729846,0.736231,0.721154,0.707731,
52200,0.996207,0.998506,0.996782,0.995019,0.993218,0.989655,0.982107,0.972222,0.961188,0.942222,0.912222,0.875747,0.815747,0.750268,0.688621,0.665019,0.687471,0.698352,0.714866,0.713985,0.717011,0.72705,0.726935,0.729502,0.732605,0.73659,0.738544,0.728506,0.736169,0.739234,0.737548,0.740192,0.737011,0.737625,0.734138,0.738314,0.735211,0.738161,0.736398,0.74092,0.732874,0.735479,0.737165,0.735517,0.730536,0.73,0.736054,0.721494,0.707816,
52400,0.996221,0.998511,0.996794,0.995038,0.993244,0.989695,0.982137,0.972214,0.961221,0.942328,0.912252,0.875496,0.815534,0.750382,0.688664,0.664962,0.687214,0.698664,0.714962,0.714046,0.716908,0.727061,0.726947,0.729656,0.732634,0.736603,0.738473,0.728626,0.736107,0.739351,0.737634,0.740191,0.73687,0.737481,0.734504,0.738359,0.735458,0.738053,0.73626,0.740954,0.732672,0.735,0.737214,0.735611,0.730534,0.730115,0.735916,0.721641,0.707595,
52600,0.99616,0.998517,0.996768,0.995057,0.993232,0.989658,0.982091,0.972243,0.961293,0.942395,0.911977,0.875399,0.815475,0.750228,0.688517,0.664943,0.687262,0.698745,0.714867,0.714259,0.716996,0.727034,0.726692,0.729506,0.732814,0.73654,0.738403,0.728973,0.736122,0.738973,0.737719,0.74038,0.737034,0.737452,0.734449,0.738479,0.735475,0.737947,0.736426,0.74057,0.7327,0.734867,0.737034,0.735703,0.730913,0.73,0.735741,0.722129,0.707376,
52800,0.996136,0.998523,0.99678,0.995038,0.99322,0.989659,0.982083,0.972121,0.961326,0.942462,0.911932,0.875227,0.815644,0.750379,0.68875,0.665076,0.687348,0.698447,0.714773,0.714167,0.717008,0.727273,0.726818,0.729318,0.732652,0.736023,0.737917,0.728485,0.736136,0.739053,0.737689,0.740379,0.73697,0.737576,0.734811,0.738523,0.735379,0.737803,0.736629,0.740455,0.7325,0.734962,0.737083,0.735947,0.731023,0.729886,0.735758,0.722008,0.707424,
53000,0.996113,0.998491,0.996792,0.995057,0.993208,0.989698,0.982113,0.972113,0.961283,0.942528,0.911962,0.875057,0.815774,0.750415,0.689094,0.665396,0.687019,0.698491,0.714717,0.713925,0.716415,0.727321,0.726679,0.729057,0.732755,0.735962,0.737925,0.728302,0.736377,0.739019,0.737811,0.740792,0.737057,0.737623,0.734906,0.738642,0.735208,0.737472,0.736604,0.740415,0.732189,0.735321,0.737321,0.736075,0.731094,0.730113,0.735623,0.721925,0.707057,
53200,0.996053,0.998421,0.996767,0.995038,0.993158,0.989624,0.982105,0.972143,0.961278,0.942556,0.911805,0.875038,0.815677,0.750602,0.689323,0.665,0.686842,0.698609,0.714248,0.714135,0.716504,0.727218,0.726654,0.729023,0.732669,0.73609,0.738158,0.728308,0.736579,0.738947,0.73797,0.740827,0.737218,0.737406,0.734774,0.738534,0.735639,0.737368,0.736241,0.740489,0.732218,0.735338,0.73703,0.736203,0.731504,0.729962,0.735338,0.721654,0.707368,
53400,0.99603,0.998427,0.996742,0.995056,0.993109,0.989663,0.982135,0.97221,0.961199,0.942472,0.911798,0.875019,0.815955,0.750375,0.689588,0.664981,0.687079,0.698652,0.714157,0.71427,0.716742,0.727753,0.726442,0.729213,0.732434,0.736255,0.737865,0.728502,0.736779,0.739101,0.73809,0.741011,0.737303,0.737079,0.734944,0.738577,0.735581,0.737303,0.735955,0.740487,0.732547,0.735393,0.737378,0.736554,0.731798,0.730037,0.735318,0.72176,0.707228,
53600,0.996045,0.998396,0.996754,0.995037,0.993097,0.989664,0.982164,0.972201,0.961045,0.942276,0.911903,0.874963,0.815784,0.750522,0.689478,0.664664,0.687276,0.698582,0.714328,0.714254,0.716903,0.72806,0.726269,0.729366,0.732388,0.736567,0.737799,0.728321,0.736493,0.73903,0.737836,0.740933,0.737649,0.737201,0.734851,0.738321,0.735784,0.737463,0.735821,0.740746,0.732425,0.735485,0.737463,0.73653,0.731455,0.730187,0.734813,0.722052,0.707612,
53800,0.996059,0.998401,0.996766,0.995056,0.993123,0.989703,0.982156,0.97223,0.961078,0.942156,0.91197,0.874907,0.815911,0.750632,0.689442,0.66461,0.687212,0.698141,0.714126,0.713755,0.716394,0.728327,0.72632,0.729368,0.732416,0.73658,0.73777,0.728253,0.736617,0.739108,0.737918,0.741041,0.737695,0.7371,0.734684,0.738401,0.735874,0.737695,0.735799,0.740818,0.732491,0.735725,0.737138,0.736208,0.73145,0.730483,0.734907,0.722082,0.707732,
54000,0.996074,0.998407,0.996778,0.995074,0.993148,0.989741,0.982185,0.972148,0.961037,0.942111,0.911926,0.87463,0.815667,0.750889,0.689556,0.664815,0.686704,0.697778,0.714111,0.713963,0.716778,0.728481,0.726407,0.729037,0.73237,0.73663,0.737852,0.728296,0.736963,0.739,0.737963,0.740852,0.737556,0.736926,0.734778,0.738519,0.735704,0.738,0.735704,0.740778,0.732667,0.735593,0.737333,0.736,0.731556,0.73037,0.735037,0.722259,0.707481,
54200,0.996052,0.998413,0.99679,0.995092,0.993173,0.989742,0.982214,0.97203,0.960996,0.942214,0.911993,0.874613,0.81572,0.750812,0.689668,0.664982,0.686568,0.69738,0.71417,0.713579,0.716937,0.728339,0.726236,0.729041,0.732399,0.736494,0.73786,0.728561,0.737085,0.738967,0.738007,0.740996,0.737528,0.737159,0.734908,0.738487,0.73583,0.737528,0.735756,0.740775,0.732768,0.735793,0.737638,0.736199,0.73155,0.73048,0.735018,0.72214,0.707601,
54400,0.996029,0.998419,0.996801,0.995074,0.993199,0.989779,0.982206,0.972096,0.960919,0.942316,0.912132,0.874632,0.815699,0.751066,0.689375,0.665294,0.686397,0.697206,0.714081,0.713493,0.716728,0.728456,0.726103,0.729191,0.732684,0.736176,0.737831,0.72864,0.736838,0.739338,0.738162,0.741324,0.737794,0.736912,0.734706,0.73875,0.735735,0.737279,0.735956,0.741176,0.732721,0.735404,0.737206,0.735993,0.731434,0.730625,0.735184,0.722206,0.707684,
54600,0.996044,0.998425,0.996777,0.995092,0.993223,0.989744,0.982271,0.972088,0.960989,0.942381,0.912198,0.874725,0.815385,0.751245,0.689377,0.665568,0.685897,0.697399,0.714029,0.713223,0.71674,0.728645,0.726227,0.729377,0.732637,0.7363,0.737729,0.728718,0.736886,0.739414,0.738132,0.741465,0.737985,0.736813,0.734579,0.738718,0.735641,0.737436,0.735788,0.741062,0.732711,0.735311,0.737399,0.73619,0.731648,0.730659,0.735128,0.721978,0.707766,
54800,0.996022,0.998431,0.996788,0.995109,0.993212,0.989672,0.982263,0.97208,0.961022,0.942372,0.912153,0.874599,0.815547,0.751241,0.689088,0.665876,0.686204,0.696934,0.713686,0.713358,0.716971,0.728723,0.726058,0.729234,0.732701,0.736423,0.737774,0.728869,0.736606,0.739526,0.738285,0.741387,0.738212,0.736898,0.734562,0.738978,0.735985,0.737445,0.73573,0.740693,0.732555,0.735401,0.737299,0.736058,0.731569,0.73073,0.734854,0.721898,0.707737,
55000,0.996036,0.9984,0.9968,0.995127,0.9932,0.989636,0.982291,0.972073,0.960982,0.9424,0.912036,0.874655,0.815636,0.751164,0.689055,0.666145,0.686109,0.697164,0.714,0.713709,0.716945,0.728836,0.726473,0.729673,0.732836,0.735927,0.737927,0.7288,0.736473,0.739709,0.738182,0.741309,0.738073,0.736909,0.734364,0.738909,0.735818,0.737345,0.736036,0.740836,0.732691,0.735455,0.737345,0.735891,0.731418,0.730436,0.734764,0.722036,0.707964,
55200,0.996014,0.998406,0.996775,0.995072,0.993225,0.989601,0.982246,0.972029,0.961051,0.942246,0.912101,0.874783,0.815507,0.751051,0.68913,0.666268,0.685978,0.69721,0.71413,0.713732,0.716957,0.728841,0.725942,0.729348,0.733225,0.735978,0.737681,0.728406,0.736268,0.74,0.738297,0.741449,0.738225,0.736884,0.734203,0.738587,0.736087,0.737826,0.736123,0.740797,0.732862,0.735181,0.737428,0.735942,0.731268,0.73087,0.735072,0.722101,0.707935,
55400,0.996029,0.998412,0.996787,0.994982,0.993213,0.989531,0.982202,0.972094,0.961047,0.942238,0.912094,0.874801,0.815162,0.751011,0.689278,0.666245,0.686245,0.697184,0.714188,0.713538,0.71704,0.729061,0.726209,0.729314,0.733069,0.736065,0.737942,0.728628,0.73639,0.740181,0.738087,0.741444,0.738303,0.736823,0.733971,0.738484,0.736282,0.737653,0.736282,0.741047,0.73296,0.735235,0.737329,0.735993,0.731408,0.731119,0.735126,0.722238,0.707798,
55600,0.996043,0.998417,0.996799,0.994964,0.993201,0.989568,0.982194,0.972086,0.961079,0.942122,0.912158,0.874532,0.815,0.750755,0.689388,0.666259,0.686547,0.697158,0.714604,0.713633,0.717014,0.729137,0.725899,0.72964,0.733309,0.736079,0.737626,0.728058,0.736223,0.74054,0.738201,0.741799,0.738705,0.736763,0.733705,0.738597,0.736151,0.737446,0.736367,0.741259,0.732842,0.735,0.73759,0.735899,0.731151,0.730935,0.73518,0.721978,0.707158,
55800,0.996057,0.998423,0.996774,0.994982,0.99319,0.989534,0.982151,0.972079,0.961183,0.942115,0.912186,0.874588,0.814767,0.75086,0.689319,0.666308,0.686846,0.697491,0.714659,0.713763,0.716882,0.728925,0.725699,0.729713,0.733405,0.735986,0.737778,0.728065,0.736487,0.740717,0.738244,0.741864,0.738674,0.736595,0.733584,0.738817,0.73595,0.737312,0.735878,0.741111,0.733082,0.734839,0.737634,0.736057,0.73086,0.730896,0.735161,0.721792,0.70724,
56000,0.996071,0.998429,0.996786,0.995,0.993214,0.989571,0.982214,0.972107,0.961214,0.942179,0.912214,0.874321,0.814786,0.751071,0.6895,0.666321,0.686643,0.697607,0.714821,0.71425,0.717214,0.728786,0.726321,0.729607,0.733286,0.736036,0.737714,0.728036,0.736536,0.740857,0.738464,0.741893,0.738286,0.736214,0.733393,0.738679,0.735929,0.737571,0.735786,0.7415,0.733036,0.735286,0.737393,0.735821,0.731179,0.731,0.734964,0.721536,0.707143,
56200,0.99605,0.998399,0.996797,0.995018,0.993203,0.989537,0.982206,0.972028,0.961281,0.9421,0.912242,0.874448,0.814804,0.75089,0.689146,0.666121,0.686833,0.697865,0.714804,0.71452,0.717082,0.728754,0.726192,0.729146,0.733167,0.736014,0.737794,0.728185,0.736619,0.74121,0.738292,0.741566,0.737829,0.735801,0.733559,0.738648,0.73605,0.737687,0.73548,0.741423,0.733167,0.735231,0.737651,0.736192,0.731281,0.730783,0.734875,0.721601,0.707402,
56400,0.996028,0.998404,0.996809,0.995035,0.993227,0.989539,0.982199,0.972057,0.961206,0.942092,0.91234,0.874255,0.814894,0.750816,0.689326,0.666312,0.68656,0.697624,0.714504,0.714291,0.717199,0.728794,0.726241,0.729468,0.733156,0.736135,0.737943,0.728121,0.736454,0.741135,0.738121,0.741667,0.737695,0.735745,0.733617,0.738794,0.736241,0.737447,0.735319,0.741667,0.733227,0.735106,0.737482,0.736206,0.731773,0.730922,0.735,0.721667,0.707234,
56600,0.996042,0.99841,0.996784,0.995018,0.99318,0.989541,0.982155,0.97212,0.961201,0.941908,0.911979,0.874028,0.814629,0.750671,0.689505,0.666325,0.686643,0.697385,0.714205,0.713993,0.71689,0.728763,0.726643,0.729717,0.733392,0.736148,0.738021,0.728163,0.736502,0.741131,0.738092,0.741413,0.737491,0.735618,0.733746,0.738587,0.736325,0.737456,0.7353,0.741625,0.733286,0.735371,0.737456,0.736254,0.731943,0.730424,0.735018,0.721696,0.707491,
56800,0.996021,0.998415,0.996796,0.995,0.993204,0.989542,0.982218,0.972183,0.961232,0.941937,0.912148,0.873979,0.814789,0.750669,0.689401,0.665986,0.686761,0.697254,0.714085,0.713803,0.716866,0.728627,0.726901,0.729437,0.733486,0.736373,0.738204,0.728169,0.736549,0.741056,0.737887,0.741514,0.737465,0.73581,0.733697,0.738768,0.736444,0.737218,0.735599,0.741831,0.73331,0.735141,0.737606,0.736162,0.731831,0.730282,0.734859,0.721514,0.70757,
57000,0.996035,0.998421,0.996807,0.994982,0.993193,0.989544,0.982246,0.97214,0.961193,0.941895,0.912175,0.873825,0.814807,0.750772,0.689544,0.666246,0.686632,0.697333,0.714281,0.71393,0.716842,0.728667,0.726737,0.729439,0.733579,0.736596,0.73814,0.728281,0.736456,0.741123,0.738035,0.741614,0.737544,0.735825,0.733614,0.738947,0.736281,0.737228,0.735684,0.741649,0.733684,0.735158,0.737544,0.736105,0.73193,0.730351,0.734947,0.721158,0.707825,
57200,0.996049,0.998427,0.996783,0.995,0.993147,0.98958,0.982238,0.972133,0.961259,0.941818,0.912273,0.873951,0.814545,0.750909,0.68986,0.665944,0.686399,0.697273,0.713846,0.714301,0.716993,0.728671,0.726818,0.729615,0.733881,0.736923,0.738322,0.728357,0.736503,0.740699,0.738042,0.741748,0.737448,0.735664,0.733811,0.738951,0.736154,0.737343,0.735629,0.741853,0.733706,0.735385,0.737657,0.735979,0.731643,0.730385,0.734685,0.721224,0.707762,
57400,0.996063,0.998397,0.996794,0.994983,0.993171,0.989582,0.9823,0.972091,0.96122,0.941882,0.912265,0.874007,0.814286,0.75108,0.689652,0.666028,0.68662,0.697282,0.714146,0.714425,0.716864,0.728258,0.726725,0.729338,0.733833,0.736864,0.738397,0.728397,0.736376,0.740627,0.737979,0.741916,0.737422,0.73554,0.733554,0.739024,0.736028,0.737317,0.73561,0.741916,0.733972,0.73547,0.737317,0.735958,0.731847,0.730314,0.734878,0.721115,0.707944,
57600,0.996042,0.998403,0.996806,0.995,0.993194,0.989514,0.982257,0.972118,0.961146,0.94191,0.912292,0.873924,0.814201,0.751076,0.689722,0.66625,0.686667,0.697153,0.714028,0.714028,0.716875,0.728299,0.727014,0.729097,0.733854,0.736667,0.738368,0.728507,0.736319,0.740486,0.73816,0.742014,0.737326,0.735486,0.733403,0.739028,0.736215,0.737396,0.735903,0.741563,0.734062,0.735417,0.737431,0.735799,0.732153,0.730313,0.734861,0.721181,0.708229,
57800,0.996021,0.998408,0.996782,0.995017,0.993183,0.989516,0.982318,0.972111,0.961211,0.942007,0.912353,0.873875,0.814118,0.75083,0.68955,0.666505,0.686747,0.697093,0.713875,0.714014,0.716955,0.728235,0.726955,0.729343,0.734048,0.737024,0.738304,0.728443,0.736436,0.740381,0.738166,0.742284,0.737439,0.735225,0.733633,0.739204,0.736263,0.737647,0.736055,0.741592,0.734291,0.735502,0.737336,0.735709,0.732422,0.730381,0.734637,0.721073,0.708166,
58000,0.996034,0.998414,0.996793,0.995034,0.993172,0.989517,0.982345,0.972138,0.961207,0.941966,0.912276,0.873966,0.814103,0.750724,0.689931,0.666552,0.686207,0.696724,0.71369,0.714,0.717276,0.728448,0.72731,0.729414,0.734207,0.737103,0.73831,0.728379,0.736517,0.740414,0.73831,0.741862,0.736966,0.735276,0.733552,0.738966,0.736724,0.73769,0.736103,0.741517,0.734103,0.735483,0.737345,0.735897,0.732379,0.730379,0.734483,0.721069,0.708379,
58200,0.996048,0.998385,0.996804,0.995052,0.993162,0.989519,0.982302,0.972199,0.961306,0.941993,0.912268,0.873883,0.814296,0.750034,0.69,0.666564,0.686014,0.696564,0.713436,0.714192,0.717423,0.728316,0.727251,0.729588,0.73433,0.736942,0.738007,0.728419,0.736392,0.740172,0.738419,0.741924,0.737045,0.735017,0.733711,0.739038,0.736632,0.738041,0.736117,0.741615,0.734124,0.735326,0.73732,0.73567,0.73244,0.730309,0.734467,0.721271,0.70811,
58400,0.996062,0.99839,0.996815,0.995068,0.993185,0.989521,0.982329,0.972226,0.961404,0.942089,0.912226,0.874041,0.814521,0.750171,0.68976,0.666473,0.686199,0.696678,0.713459,0.71411,0.717363,0.728253,0.72726,0.72911,0.734452,0.736849,0.737705,0.72863,0.736336,0.740479,0.738664,0.741815,0.737192,0.735479,0.733767,0.739178,0.736644,0.737774,0.736096,0.741438,0.734041,0.735479,0.737123,0.735719,0.732363,0.730137,0.734315,0.72113,0.708185,
58600,0.996075,0.998396,0.996826,0.995085,0.993208,0.989522,0.982355,0.972218,0.961365,0.942116,0.912287,0.873857,0.814744,0.749966,0.689761,0.666587,0.686416,0.696997,0.713618,0.713993,0.717372,0.728601,0.727133,0.729215,0.734573,0.736997,0.738089,0.728874,0.736485,0.740512,0.738498,0.74157,0.736826,0.735597,0.733515,0.739352,0.73686,0.737611,0.736382,0.741399,0.73372,0.735495,0.737099,0.735802,0.732423,0.730171,0.734437,0.721399,0.708055,
58800,0.996088,0.998401,0.996837,0.995034,0.993231,0.989558,0.982415,0.972245,0.961395,0.942143,0.912245,0.873946,0.814592,0.750136,0.689898,0.666599,0.685986,0.696803,0.713469,0.71398,0.717483,0.728605,0.727109,0.729218,0.734626,0.737143,0.737959,0.729082,0.736293,0.740544,0.738469,0.741429,0.737041,0.735578,0.733844,0.739456,0.736837,0.737551,0.73619,0.741463,0.733912,0.735408,0.737279,0.73585,0.732007,0.730204,0.734592,0.721327,0.707959,
59000,0.996102,0.998407,0.996847,0.995051,0.993254,0.989559,0.982339,0.972237,0.961458,0.942169,0.912102,0.874,0.814712,0.75,0.689932,0.666983,0.685695,0.696915,0.713593,0.714237,0.717424,0.728373,0.72739,0.729153,0.734949,0.737424,0.738169,0.729186,0.736271,0.740576,0.738441,0.741186,0.736949,0.735288,0.733932,0.739322,0.737051,0.737593,0.736237,0.741797,0.733966,0.735458,0.737424,0.735966,0.731898,0.730034,0.73461,0.72122,0.707729,
59200,0.996081,0.998412,0.996858,0.995068,0.993277,0.989527,0.982297,0.97223,0.961554,0.942095,0.91223,0.873986,0.814865,0.750034,0.689865,0.667027,0.685642,0.696622,0.713277,0.714358,0.717804,0.728581,0.727568,0.729324,0.734932,0.737399,0.737973,0.729257,0.736385,0.740541,0.738514,0.741149,0.736926,0.735507,0.733953,0.739426,0.736588,0.737635,0.736182,0.742061,0.734088,0.735473,0.737432,0.735845,0.731926,0.729764,0.734493,0.721486,0.707872,
59400,0.996027,0.998418,0.996869,0.995084,0.9933,0.989562,0.982357,0.972256,0.961549,0.942155,0.912323,0.874007,0.814848,0.749933,0.68963,0.667273,0.685421,0.696835,0.713434,0.714613,0.717845,0.728923,0.727508,0.728855,0.734613,0.737374,0.737845,0.729461,0.736431,0.740269,0.738316,0.74101,0.737172,0.735556,0.734175,0.739394,0.736801,0.737811,0.73633,0.741987,0.733872,0.735286,0.737138,0.735623,0.73202,0.729832,0.734512,0.721515,0.707845,
59600,0.99604,0.998423,0.996879,0.995034,0.993322,0.989597,0.982416,0.972315,0.96151,0.942148,0.912181,0.874128,0.814933,0.750268,0.689329,0.667047,0.685,0.696913,0.713557,0.714832,0.717752,0.728624,0.72755,0.728758,0.734832,0.737349,0.737584,0.72953,0.736544,0.74057,0.738322,0.74104,0.73698,0.735671,0.733893,0.739463,0.736879,0.737685,0.736208,0.742013,0.733658,0.735403,0.737584,0.735839,0.732215,0.730067,0.734765,0.721477,0.707852,
59800,0.996054,0.998428,0.996856,0.995017,0.993311,0.989599,0.982375,0.972375,0.961572,0.94214,0.912341,0.87398,0.815084,0.749967,0.689064,0.666957,0.68495,0.69699,0.713478,0.71495,0.717692,0.728763,0.727525,0.728796,0.73495,0.737559,0.737625,0.729465,0.736254,0.740134,0.738328,0.741037,0.737258,0.735686,0.733512,0.739498,0.736656,0.737759,0.736355,0.741906,0.73388,0.735485,0.737625,0.73602,0.732375,0.7299,0.734749,0.721505,0.70786,
60000,0.996067,0.998433,0.996867,0.995,0.9933,0.989633,0.982333,0.9723,0.961533,0.942067,0.9123,0.873867,0.815367,0.750033,0.6892,0.6667,0.685233,0.696767,0.713367,0.7149,0.717633,0.728833,0.7278,0.728967,0.734733,0.7376,0.737867,0.729633,0.736333,0.740067,0.738433,0.741033,0.737267,0.7356,0.733533,0.739333,0.736567,0.7374,0.736433,0.741833,0.734133,0.735233,0.737467,0.7359,0.732233,0.7297,0.7349,0.7216,0.707833,
60200,0.99608,0.998439,0.996844,0.995017,0.993256,0.989601,0.982359,0.972326,0.961561,0.942126,0.912425,0.873787,0.815183,0.749801,0.68907,0.666944,0.685349,0.696744,0.713488,0.714751,0.717741,0.72887,0.727907,0.729003,0.734718,0.737209,0.737674,0.729734,0.736478,0.740332,0.738239,0.74093,0.737442,0.735515,0.733488,0.739103,0.736279,0.737674,0.735847,0.74196,0.734319,0.735449,0.737176,0.735681,0.73206,0.729568,0.734983,0.721462,0.707973,
60400,0.996093,0.998411,0.996854,0.995033,0.993278,0.989603,0.982417,0.972384,0.961457,0.94202,0.912583,0.873808,0.815166,0.749801,0.689305,0.666954,0.685497,0.696556,0.713576,0.714371,0.717748,0.728974,0.727715,0.729073,0.734636,0.737152,0.737682,0.729735,0.736689,0.740728,0.738278,0.741192,0.737483,0.735298,0.733113,0.739272,0.736325,0.737881,0.735563,0.741954,0.734272,0.735298,0.737185,0.735629,0.73202,0.729768,0.734967,0.72149,0.70798,
60600,0.996106,0.998416,0.996865,0.99505,0.9933,0.989604,0.982475,0.972442,0.961419,0.94198,0.912574,0.873729,0.81495,0.749934,0.68934,0.66703,0.685677,0.6967,0.713993,0.714587,0.717855,0.728845,0.727591,0.729175,0.734521,0.737459,0.73802,0.729868,0.736931,0.740561,0.73769,0.741056,0.737393,0.735479,0.733135,0.739373,0.73637,0.737657,0.735809,0.741914,0.734026,0.735248,0.737162,0.735578,0.731881,0.729703,0.73505,0.721056,0.708086,
60800,0.996118,0.998421,0.996875,0.995066,0.993322,0.989539,0.982434,0.972467,0.961546,0.942138,0.912434,0.873816,0.815033,0.749934,0.689309,0.666941,0.685691,0.696908,0.713882,0.714605,0.717928,0.729013,0.727566,0.729112,0.734572,0.737303,0.737862,0.730099,0.737007,0.740329,0.737796,0.740954,0.737336,0.735625,0.733355,0.739539,0.736118,0.737599,0.735592,0.742171,0.733849,0.735724,0.737204,0.735461,0.732105,0.729868,0.735033,0.720559,0.708224,
61000,0.996131,0.998426,0.996852,0.995082,0.993344,0.989541,0.982459,0.972426,0.961574,0.942,0.912525,0.87377,0.814984,0.750295,0.689082,0.666787,0.685508,0.69682,0.714033,0.714623,0.71777,0.728885,0.72741,0.729344,0.734459,0.737213,0.738098,0.730262,0.737082,0.740426,0.737869,0.740984,0.737344,0.735541,0.733377,0.73941,0.736393,0.737344,0.735541,0.742295,0.733836,0.735639,0.73718,0.735344,0.732262,0.729967,0.734918,0.720492,0.708557,
61200,0.996144,0.998431,0.99683,0.995098,0.993333,0.989575,0.982451,0.972451,0.961634,0.941993,0.912582,0.873791,0.814869,0.750425,0.688987,0.666601,0.685752,0.696471,0.714216,0.71451,0.717418,0.728856,0.727418,0.729248,0.734575,0.737255,0.738039,0.730327,0.737451,0.740556,0.73781,0.740817,0.737549,0.735686,0.733431,0.739575,0.736209,0.737059,0.73549,0.742353,0.733758,0.735654,0.737386,0.73549,0.732092,0.729967,0.734869,0.720784,0.708431,
61400,0.996156,0.998436,0.996808,0.995114,0.993355,0.989577,0.982378,0.97241,0.961661,0.94202,0.912638,0.873876,0.814756,0.750912,0.688925,0.666287,0.685896,0.696547,0.713974,0.714235,0.717362,0.728925,0.727687,0.729023,0.7343,0.73759,0.738143,0.730423,0.737524,0.740228,0.737883,0.741042,0.737492,0.735765,0.733648,0.739446,0.736091,0.737134,0.735407,0.74228,0.733355,0.735733,0.737655,0.735342,0.731922,0.729967,0.735016,0.720912,0.708469,
61600,0.996136,0.998442,0.996786,0.99513,0.993377,0.98961,0.98237,0.972468,0.961688,0.942045,0.912597,0.873604,0.814773,0.750909,0.688799,0.666331,0.685714,0.696461,0.713961,0.714188,0.717403,0.728636,0.72776,0.728831,0.734221,0.737532,0.738344,0.730649,0.73763,0.740032,0.738084,0.740942,0.737662,0.735779,0.733766,0.739708,0.736104,0.737045,0.735487,0.742175,0.733442,0.735779,0.7375,0.735357,0.732013,0.73013,0.735,0.721006,0.708766,
61800,0.996149,0.998414,0.996796,0.995146,0.993366,0.989612,0.982362,0.972557,0.961715,0.942006,0.912654,0.873495,0.81479,0.750712,0.689061,0.666472,0.685761,0.696149,0.713851,0.714304,0.717411,0.728414,0.727864,0.728738,0.734337,0.737476,0.738447,0.730874,0.737896,0.740162,0.738058,0.740939,0.737832,0.735825,0.733528,0.739644,0.736214,0.737055,0.735502,0.742136,0.733528,0.735922,0.737443,0.735146,0.732104,0.730097,0.734951,0.721197,0.708964,
62000,0.996161,0.998419,0.996806,0.995129,0.993387,0.989645,0.982355,0.972581,0.96171,0.942065,0.912516,0.873419,0.815,0.750645,0.689226,0.666419,0.685677,0.696032,0.713742,0.714419,0.717452,0.728516,0.728032,0.728968,0.734452,0.73771,0.738387,0.730968,0.738065,0.739806,0.737903,0.740806,0.737677,0.736065,0.733774,0.739452,0.736258,0.737097,0.735323,0.742161,0.733226,0.736065,0.737355,0.735129,0.732194,0.729871,0.735032,0.721194,0.709,
62200,0.996174,0.998424,0.996817,0.995145,0.993408,0.989678,0.982315,0.97254,0.961768,0.942122,0.912347,0.873248,0.815145,0.750611,0.68881,0.666077,0.686013,0.696334,0.713891,0.714405,0.717492,0.728746,0.728167,0.728778,0.734566,0.737781,0.738328,0.73074,0.738167,0.739904,0.738103,0.740772,0.737621,0.735981,0.733762,0.739421,0.736238,0.737074,0.735563,0.742026,0.733505,0.736302,0.737203,0.735338,0.732251,0.729968,0.734887,0.721158,0.70881,
62400,0.996186,0.998397,0.996795,0.995128,0.993397,0.989615,0.982308,0.972532,0.961827,0.942147,0.91234,0.872949,0.814776,0.750641,0.688782,0.666218,0.686314,0.696186,0.71375,0.714583,0.717788,0.728622,0.728237,0.728846,0.734583,0.737628,0.738141,0.730833,0.738397,0.740192,0.738141,0.740801,0.737147,0.736378,0.734103,0.739615,0.736186,0.737179,0.735609,0.742179,0.733686,0.73641,0.737179,0.735128,0.732532,0.73,0.734776,0.720833,0.708718,
62600,0.996198,0.998339,0.996805,0.995144,0.993419,0.989617,0.9823,0.972492,0.961821,0.942077,0.9123,0.873035,0.81492,0.750799,0.68853,0.666358,0.686454,0.696358,0.713866,0.714696,0.717955,0.728307,0.728403,0.728978,0.734665,0.7377,0.738403,0.73099,0.73853,0.740192,0.738243,0.740639,0.737157,0.736102,0.733866,0.739457,0.73607,0.73722,0.735559,0.742109,0.733706,0.736486,0.737093,0.735112,0.732652,0.730096,0.734728,0.720863,0.708562,
62800,0.996178,0.998344,0.996752,0.995159,0.993439,0.989618,0.982357,0.972484,0.961847,0.942197,0.91242,0.873121,0.815032,0.750573,0.688631,0.666369,0.686274,0.696433,0.713439,0.714936,0.718089,0.728631,0.728471,0.729013,0.734777,0.737516,0.73828,0.731019,0.738535,0.740223,0.738344,0.740541,0.737102,0.736274,0.734013,0.73949,0.735892,0.737006,0.735541,0.742166,0.733503,0.736561,0.736975,0.735096,0.73258,0.730127,0.734873,0.720541,0.708758,
63000,0.99619,0.998349,0.996762,0.995175,0.99346,0.989619,0.982413,0.97254,0.961905,0.942159,0.912444,0.873111,0.815111,0.75019,0.688825,0.666444,0.68619,0.696317,0.713619,0.715048,0.718254,0.728254,0.728476,0.729175,0.734762,0.737619,0.738381,0.730889,0.738349,0.740159,0.737968,0.740349,0.737016,0.736476,0.734127,0.739651,0.736159,0.736921,0.735587,0.742032,0.733841,0.736667,0.737048,0.73527,0.732508,0.730063,0.73454,0.720476,0.708698,
63200,0.996171,0.998354,0.996772,0.99519,0.993481,0.98962,0.982405,0.972563,0.96193,0.942184,0.912627,0.873133,0.815158,0.75,0.688924,0.666297,0.686076,0.696297,0.713734,0.714937,0.718354,0.728006,0.728608,0.729241,0.734589,0.737722,0.738038,0.731076,0.738418,0.740127,0.73807,0.740443,0.737025,0.736108,0.734177,0.739715,0.736234,0.73731,0.735665,0.742089,0.733544,0.736772,0.737057,0.73519,0.732563,0.730158,0.734335,0.72057,0.708576,
63400,0.996183,0.99836,0.996782,0.995205,0.99347,0.98959,0.982461,0.972587,0.961987,0.94224,0.91265,0.873123,0.815142,0.749842,0.688864,0.666151,0.686341,0.696151,0.713565,0.714984,0.718044,0.727981,0.728454,0.729022,0.734416,0.738044,0.738265,0.73123,0.738549,0.740252,0.73776,0.74041,0.737098,0.736025,0.734227,0.739685,0.736215,0.737224,0.735773,0.74224,0.733659,0.736751,0.737066,0.735016,0.732871,0.730221,0.734353,0.720789,0.708707,
63600,0.996195,0.998365,0.996761,0.99522,0.993491,0.989623,0.982484,0.972547,0.962013,0.942327,0.912547,0.872893,0.81478,0.75,0.689025,0.666541,0.686321,0.695786,0.713082,0.714811,0.717956,0.72805,0.728428,0.729119,0.734623,0.737987,0.738176,0.731101,0.738585,0.740094,0.737673,0.740377,0.737013,0.735943,0.734308,0.739874,0.736447,0.73717,0.735943,0.742013,0.733522,0.736541,0.737075,0.735063,0.733019,0.729906,0.734403,0.720849,0.708491,
63800,0.996144,0.99837,0.99674,0.995235,0.993386,0.989655,0.982508,0.972539,0.961975,0.942351,0.912633,0.872978,0.814577,0.749687,0.689028,0.666834,0.686677,0.695799,0.712633,0.714671,0.718119,0.728025,0.728339,0.72906,0.734577,0.738025,0.738307,0.731254,0.738433,0.740031,0.737555,0.740345,0.737053,0.735956,0.734232,0.739875,0.736364,0.737179,0.735768,0.741944,0.733542,0.736771,0.736928,0.735329,0.732915,0.730219,0.734859,0.720972,0.708464,
64000,0.996156,0.998375,0.99675,0.995219,0.993406,0.989688,0.982437,0.972594,0.961938,0.942219,0.912844,0.873094,0.814688,0.749938,0.688937,0.666969,0.6865,0.695844,0.712469,0.714906,0.718094,0.728031,0.728469,0.728938,0.734563,0.737969,0.738219,0.730969,0.738375,0.740031,0.737437,0.740469,0.737125,0.735875,0.734062,0.739812,0.7365,0.737344,0.735781,0.742156,0.733406,0.737062,0.737062,0.734875,0.732969,0.730156,0.734875,0.721031,0.708469,
64200,0.996106,0.99838,0.996729,0.995234,0.993427,0.989657,0.98243,0.972523,0.962056,0.942181,0.912835,0.873084,0.814735,0.750093,0.68891,0.666822,0.686262,0.69595,0.712336,0.71486,0.718131,0.728224,0.728474,0.729003,0.734673,0.738037,0.738255,0.730903,0.738318,0.740156,0.737414,0.74028,0.737352,0.735919,0.733925,0.739844,0.73648,0.737259,0.735763,0.7419,0.733364,0.736947,0.736511,0.734891,0.733053,0.730156,0.735016,0.721215,0.708318,
64400,0.996118,0.998385,0.996739,0.995248,0.993416,0.989689,0.982422,0.972578,0.962143,0.942205,0.912733,0.873292,0.814783,0.75028,0.688696,0.666708,0.686118,0.69618,0.712143,0.715062,0.71823,0.728478,0.728416,0.728975,0.734441,0.737919,0.738199,0.730621,0.738478,0.74028,0.737609,0.740373,0.737081,0.735932,0.733882,0.739783,0.736491,0.737329,0.735807,0.741832,0.733478,0.736801,0.736553,0.735217,0.733199,0.729969,0.735155,0.721366,0.708385,
64600,0.99613,0.99839,0.996718,0.995263,0.993437,0.989598,0.982446,0.97257,0.962229,0.942105,0.912755,0.873158,0.814675,0.750279,0.688576,0.666842,0.686223,0.69613,0.712012,0.715201,0.717833,0.728297,0.728452,0.728514,0.734365,0.737895,0.738266,0.730588,0.738297,0.740248,0.737585,0.740619,0.736904,0.736223,0.733994,0.739969,0.736533,0.737307,0.735697,0.74195,0.733096,0.736935,0.736656,0.735046,0.733313,0.730062,0.735294,0.721146,0.70839,
64800,0.996142,0.998395,0.996728,0.995247,0.993426,0.98963,0.982469,0.972562,0.962253,0.942099,0.912716,0.873148,0.814691,0.750309,0.688765,0.666852,0.686296,0.695988,0.711698,0.714815,0.71787,0.728364,0.728519,0.728549,0.734321,0.73787,0.738241,0.730556,0.738272,0.740494,0.737222,0.740494,0.737222,0.73642,0.734012,0.740216,0.736698,0.737377,0.735957,0.74179,0.733056,0.736574,0.73642,0.735062,0.733364,0.730247,0.735123,0.721481,0.708333,
65000,0.996123,0.9984,0.996708,0.995262,0.993415,0.989569,0.982462,0.972585,0.962215,0.942154,0.912769,0.872954,0.814738,0.750431,0.688862,0.666954,0.686338,0.696369,0.711938,0.714862,0.717938,0.728338,0.728246,0.728308,0.734215,0.737815,0.738308,0.730677,0.738338,0.740554,0.737354,0.740554,0.7372,0.736062,0.734246,0.740215,0.736646,0.737538,0.736031,0.741815,0.732985,0.736369,0.736492,0.734923,0.733108,0.730308,0.735292,0.721354,0.708462,
65200,0.996135,0.998374,0.996718,0.995276,0.993405,0.989479,0.982515,0.972669,0.962178,0.942086,0.912853,0.872853,0.814724,0.750153,0.689049,0.667239,0.68638,0.696595,0.711779,0.715123,0.718098,0.728067,0.728436,0.728466,0.734479,0.737975,0.738344,0.730307,0.737975,0.740583,0.737423,0.740859,0.736871,0.736135,0.733834,0.740153,0.736718,0.737607,0.735798,0.741994,0.733098,0.736074,0.736534,0.735031,0.733037,0.730613,0.735491,0.721442,0.708252,
65400,0.996147,0.998379,0.996697,0.99526,0.993333,0.989511,0.982538,0.972691,0.962202,0.942141,0.912875,0.872844,0.814801,0.750245,0.689174,0.667187,0.686147,0.696514,0.711621,0.714985,0.717829,0.727829,0.728287,0.728471,0.734434,0.738073,0.738287,0.730398,0.737951,0.740765,0.737523,0.740795,0.737125,0.73633,0.733914,0.740245,0.736361,0.737645,0.73581,0.74211,0.733089,0.7363,0.736269,0.735015,0.73315,0.730703,0.735596,0.721682,0.708135,
65600,0.996159,0.998384,0.996707,0.995244,0.993354,0.989482,0.98253,0.972652,0.962104,0.942165,0.912805,0.872744,0.814939,0.750091,0.689238,0.667622,0.68628,0.696616,0.711585,0.714787,0.717774,0.727317,0.728049,0.728506,0.734451,0.738201,0.738293,0.730427,0.738049,0.740976,0.73753,0.740793,0.736921,0.736463,0.733689,0.740366,0.73625,0.737805,0.735884,0.742134,0.733201,0.736372,0.73628,0.73503,0.733171,0.730793,0.735701,0.72186,0.708323,
65800,0.99617,0.998389,0.996657,0.995198,0.993343,0.989483,0.982584,0.972644,0.962097,0.942128,0.912857,0.872736,0.814802,0.749939,0.689179,0.667872,0.686049,0.697082,0.711641,0.715046,0.717933,0.727416,0.728176,0.72845,0.73465,0.738267,0.738207,0.730426,0.738116,0.741094,0.737538,0.740729,0.737021,0.736474,0.733556,0.740152,0.736444,0.737842,0.736018,0.742219,0.733313,0.736474,0.736322,0.734924,0.733161,0.730973,0.735623,0.721733,0.708298,
66000,0.996182,0.998394,0.996667,0.995212,0.993364,0.989485,0.982606,0.972697,0.962,0.942182,0.912909,0.872788,0.814879,0.749818,0.689091,0.667939,0.686152,0.697303,0.711636,0.714909,0.718061,0.727545,0.728273,0.728212,0.734485,0.738333,0.738212,0.730515,0.738152,0.741091,0.737333,0.740576,0.736879,0.736576,0.733333,0.740212,0.736636,0.73803,0.736121,0.742333,0.733182,0.736455,0.736333,0.734939,0.732667,0.730788,0.735606,0.721576,0.708394,
66200,0.996193,0.998399,0.996677,0.995196,0.993384,0.989517,0.982659,0.972779,0.961994,0.942296,0.91281,0.872779,0.815045,0.74997,0.688973,0.667492,0.686224,0.697432,0.711813,0.715257,0.718066,0.727583,0.728036,0.728097,0.734502,0.738308,0.738127,0.730544,0.738248,0.740785,0.737281,0.740242,0.736918,0.736556,0.733535,0.740393,0.736465,0.738157,0.736224,0.742568,0.733444,0.736435,0.736224,0.734864,0.732659,0.730846,0.73565,0.721541,0.708097,
66400,0.996205,0.998404,0.996627,0.995211,0.993343,0.989488,0.982651,0.972801,0.962018,0.94238,0.912861,0.872711,0.81509,0.75003,0.689096,0.6675,0.686084,0.697199,0.711807,0.715271,0.717681,0.727801,0.728193,0.728012,0.734669,0.738343,0.738373,0.730753,0.738133,0.740723,0.737349,0.740271,0.736898,0.736596,0.733554,0.740392,0.736476,0.738102,0.736355,0.742741,0.733223,0.736265,0.736114,0.73506,0.732741,0.730873,0.735753,0.721717,0.707711,
66600,0.996186,0.998378,0.996637,0.995225,0.993363,0.98952,0.982703,0.972793,0.962012,0.942432,0.913003,0.872613,0.815165,0.75015,0.689009,0.667688,0.685826,0.697087,0.711832,0.715315,0.717958,0.727868,0.728018,0.727928,0.734505,0.738318,0.738048,0.731021,0.738018,0.741081,0.737568,0.74033,0.736877,0.736607,0.733153,0.74039,0.736396,0.737898,0.736216,0.742282,0.733393,0.736517,0.736456,0.735225,0.732883,0.730931,0.735736,0.721832,0.707447,
66800,0.996198,0.998383,0.996647,0.99521,0.993323,0.989551,0.982665,0.972844,0.961946,0.942455,0.913024,0.872665,0.815,0.75009,0.688982,0.667635,0.685778,0.697096,0.711617,0.715299,0.717934,0.727784,0.727994,0.728263,0.734311,0.738293,0.738383,0.731198,0.738084,0.741048,0.737515,0.740419,0.737156,0.736766,0.733263,0.74015,0.736437,0.737904,0.736168,0.742545,0.733713,0.736737,0.736707,0.73515,0.732904,0.731048,0.735449,0.721527,0.707485,
67000,0.996209,0.998388,0.996657,0.995224,0.993313,0.989522,0.982716,0.972896,0.96191,0.942537,0.913194,0.872597,0.815284,0.750209,0.688896,0.667403,0.685731,0.697164,0.711522,0.715134,0.717821,0.727821,0.728179,0.728179,0.734179,0.738358,0.738388,0.731164,0.738418,0.741224,0.737642,0.740687,0.736866,0.736776,0.733015,0.740299,0.736418,0.737761,0.736239,0.742746,0.733761,0.736866,0.736567,0.735254,0.732896,0.731015,0.735552,0.721701,0.707582,
67200,0.99622,0.998393,0.996637,0.995179,0.993304,0.989554,0.982768,0.972946,0.961964,0.942679,0.913095,0.872321,0.815357,0.750179,0.689018,0.667649,0.685446,0.697381,0.711369,0.714881,0.717679,0.727708,0.728304,0.728185,0.734048,0.738452,0.738185,0.731071,0.738452,0.74119,0.73756,0.740774,0.736488,0.736875,0.733155,0.740417,0.736548,0.737768,0.73628,0.742738,0.733839,0.737054,0.736369,0.735149,0.732738,0.731042,0.735744,0.721667,0.70747,
67400,0.996231,0.998398,0.996647,0.995163,0.993323,0.989525,0.982789,0.972997,0.961929,0.94273,0.913116,0.872315,0.815638,0.750178,0.688902,0.667685,0.685608,0.69724,0.711246,0.715045,0.717804,0.727864,0.727982,0.72816,0.734273,0.738427,0.738457,0.731039,0.738398,0.741276,0.737507,0.740712,0.736528,0.737092,0.733205,0.740208,0.736617,0.737774,0.736202,0.743027,0.733828,0.736914,0.736172,0.735134,0.733027,0.731128,0.735905,0.721691,0.707685,
67600,0.996243,0.998402,0.996657,0.995178,0.993343,0.989556,0.982811,0.973018,0.962041,0.942751,0.913254,0.872367,0.81568,0.75,0.688728,0.667811,0.685059,0.697219,0.711124,0.715237,0.717988,0.727929,0.728107,0.728107,0.733876,0.738166,0.738728,0.731331,0.738373,0.741302,0.737574,0.740473,0.736686,0.737012,0.733314,0.740118,0.736657,0.737692,0.736331,0.742988,0.733994,0.736893,0.736391,0.735296,0.733047,0.731065,0.73574,0.721509,0.707663,
67800,0.996254,0.998407,0.996667,0.995192,0.993333,0.989558,0.982743,0.973038,0.962065,0.942684,0.913215,0.87233,0.815664,0.749941,0.68882,0.667847,0.684838,0.697168,0.711298,0.715339,0.718112,0.727965,0.728348,0.728171,0.733894,0.738201,0.738643,0.731327,0.738466,0.741327,0.737817,0.740354,0.736755,0.73708,0.733628,0.739676,0.736696,0.737965,0.736313,0.743009,0.733746,0.736667,0.736519,0.735339,0.733186,0.731062,0.735752,0.721475,0.707552,
68000,0.996265,0.998412,0.996676,0.995206,0.993294,0.989588,0.982794,0.972912,0.962088,0.942735,0.913206,0.872265,0.815676,0.749706,0.689,0.667941,0.684912,0.697088,0.711176,0.714882,0.718294,0.727941,0.728059,0.728059,0.733706,0.738206,0.738618,0.731206,0.738529,0.741324,0.737853,0.740412,0.736735,0.737059,0.733559,0.739794,0.736765,0.737824,0.736265,0.742882,0.733471,0.736618,0.7365,0.735353,0.733176,0.731088,0.735794,0.7215,0.707676,
68200,0.996246,0.998416,0.996657,0.995191,0.993314,0.989619,0.982786,0.972786,0.962111,0.942727,0.913284,0.872287,0.815748,0.749853,0.689238,0.667918,0.684751,0.697155,0.711114,0.714927,0.71824,0.727977,0.728152,0.727801,0.733284,0.738387,0.738563,0.731496,0.738475,0.741173,0.737977,0.740264,0.736598,0.736979,0.733607,0.739765,0.736833,0.737977,0.736452,0.742933,0.733402,0.736452,0.736628,0.735249,0.733109,0.731114,0.735836,0.721232,0.707801,
68400,0.996228,0.998392,0.996667,0.995205,0.993304,0.989591,0.982836,0.972807,0.962076,0.94269,0.913275,0.872427,0.81576,0.749883,0.689327,0.667602,0.684795,0.697281,0.711462,0.714708,0.718187,0.727924,0.728041,0.727807,0.733275,0.738216,0.738392,0.731608,0.738421,0.740906,0.737924,0.740175,0.736667,0.737164,0.733538,0.74,0.736813,0.738158,0.736725,0.742953,0.73348,0.736316,0.73655,0.735263,0.733363,0.730877,0.735965,0.721345,0.707807,
68600,0.99621,0.998397,0.996647,0.99519,0.993294,0.989592,0.982828,0.972857,0.962157,0.942566,0.913353,0.872536,0.81586,0.749883,0.689388,0.667813,0.684869,0.697405,0.711516,0.714431,0.717697,0.727843,0.728105,0.727551,0.733499,0.738338,0.738688,0.73172,0.738426,0.740554,0.737697,0.740117,0.73688,0.737318,0.733411,0.74,0.73688,0.738017,0.736706,0.742828,0.73344,0.736501,0.736297,0.735219,0.733411,0.731137,0.735918,0.721662,0.707813,
68800,0.996221,0.998401,0.996628,0.995174,0.993285,0.989535,0.982849,0.97282,0.962122,0.942674,0.913314,0.872703,0.815843,0.749593,0.689331,0.667878,0.685087,0.697326,0.711308,0.714593,0.717762,0.727645,0.727703,0.727791,0.733401,0.738605,0.73875,0.731657,0.738605,0.740436,0.737733,0.739884,0.73689,0.737413,0.733517,0.740058,0.736919,0.737907,0.736977,0.742907,0.733576,0.736483,0.736424,0.735262,0.733779,0.731163,0.736134,0.721424,0.707849,
69000,0.996203,0.998406,0.996609,0.995159,0.993275,0.989536,0.98287,0.972783,0.962087,0.942638,0.913391,0.872783,0.815739,0.749536,0.689536,0.667739,0.68513,0.697304,0.711536,0.714319,0.717594,0.72742,0.72771,0.727681,0.733565,0.738783,0.738667,0.731739,0.738841,0.740203,0.73771,0.739884,0.73687,0.737333,0.733623,0.740029,0.736812,0.737826,0.736609,0.743014,0.733623,0.736609,0.736406,0.735275,0.734058,0.731217,0.736435,0.721536,0.707797,
69200,0.996214,0.998382,0.996618,0.995116,0.993295,0.989538,0.98289,0.972803,0.96211,0.942688,0.91341,0.872775,0.815694,0.749335,0.689451,0.668006,0.685289,0.697225,0.711676,0.714277,0.717688,0.727168,0.727659,0.727977,0.733526,0.738699,0.738555,0.731965,0.739046,0.740289,0.737659,0.73974,0.736994,0.737457,0.733757,0.74026,0.73685,0.737919,0.736561,0.743006,0.733497,0.736647,0.736358,0.735491,0.734104,0.731098,0.736647,0.721618,0.707861,
69400,0.996225,0.998386,0.996628,0.995101,0.993314,0.989539,0.982911,0.972824,0.962133,0.94268,0.91317,0.872824,0.815591,0.748934,0.689395,0.668213,0.685418,0.697378,0.711527,0.714611,0.717781,0.727233,0.727752,0.727983,0.733602,0.739222,0.738444,0.731988,0.739049,0.739971,0.737608,0.739856,0.737032,0.737522,0.733631,0.740403,0.737147,0.737954,0.736484,0.742882,0.733689,0.736628,0.73634,0.73562,0.73415,0.731239,0.736599,0.721671,0.707867,
69600,0.996236,0.998391,0.996638,0.995086,0.993333,0.989569,0.982845,0.972874,0.962098,0.942759,0.91319,0.872902,0.815489,0.749023,0.689195,0.668362,0.685287,0.697184,0.711379,0.71454,0.718075,0.727328,0.727557,0.728075,0.733592,0.739253,0.738563,0.731983,0.739023,0.73977,0.737845,0.739655,0.737155,0.737644,0.733678,0.740575,0.737098,0.737874,0.736523,0.743046,0.733621,0.736293,0.736178,0.735575,0.734224,0.731379,0.73681,0.72181,0.708075,
69800,0.996246,0.998395,0.996648,0.995072,0.993352,0.989513,0.982894,0.972894,0.962034,0.942722,0.913009,0.872923,0.815559,0.749054,0.689198,0.668367,0.685272,0.697221,0.711404,0.714728,0.717851,0.727393,0.727564,0.728052,0.733897,0.739341,0.738453,0.731719,0.738883,0.739685,0.738052,0.739656,0.736963,0.737765,0.734011,0.740688,0.736905,0.737851,0.736476,0.74298,0.73384,0.73639,0.735731,0.735874,0.734155,0.731404,0.736905,0.721777,0.708109,
70000,0.996171,0.9984,0.996657,0.995057,0.993371,0.989514,0.982914,0.972857,0.962057,0.942743,0.913029,0.872771,0.815686,0.749286,0.688943,0.668257,0.6854,0.697257,0.711371,0.714971,0.718086,0.727314,0.727457,0.728143,0.7336,0.739314,0.738486,0.731943,0.738971,0.739771,0.738057,0.739657,0.737171,0.737771,0.734057,0.740686,0.736857,0.737771,0.736286,0.743143,0.733686,0.7362,0.735743,0.7356,0.733914,0.731457,0.736829,0.722086,0.708457,
70200,0.996182,0.998405,0.996667,0.995071,0.99339,0.989516,0.982934,0.972934,0.962108,0.942764,0.913105,0.872764,0.815755,0.749373,0.689003,0.668262,0.685385,0.696952,0.711368,0.714558,0.717949,0.727236,0.727578,0.72792,0.733732,0.739373,0.738405,0.731709,0.738889,0.740057,0.738148,0.739858,0.737123,0.737493,0.734217,0.740484,0.736809,0.737892,0.736154,0.743134,0.733875,0.736182,0.735812,0.735584,0.733818,0.731453,0.737123,0.722393,0.708632,
70400,0.996165,0.998409,0.996648,0.995085,0.993381,0.989545,0.982955,0.972955,0.962187,0.942813,0.913125,0.87267,0.815937,0.74929,0.688835,0.668352,0.685312,0.696932,0.710938,0.714432,0.718068,0.727187,0.72767,0.727926,0.733466,0.739744,0.738466,0.731875,0.738778,0.740085,0.737983,0.740057,0.73733,0.7375,0.734148,0.740795,0.736903,0.737926,0.736193,0.743182,0.733892,0.736193,0.735824,0.73554,0.733864,0.731449,0.737273,0.7225,0.70858,
70600,0.996147,0.998414,0.996657,0.995099,0.993399,0.989547,0.982975,0.973003,0.96221,0.942833,0.913059,0.872635,0.815949,0.749405,0.68847,0.668215,0.685496,0.696884,0.710907,0.714391,0.718159,0.727195,0.727734,0.728329,0.733626,0.739773,0.738499,0.731643,0.73881,0.740113,0.738074,0.739943,0.737422,0.737564,0.734164,0.741076,0.736601,0.737705,0.736147,0.743258,0.733683,0.736261,0.736147,0.735722,0.733739,0.731473,0.736997,0.72238,0.708527,
70800,0.99613,0.998418,0.99661,0.995113,0.99339,0.989548,0.982994,0.972938,0.96226,0.942825,0.913136,0.872655,0.815989,0.749435,0.688446,0.667966,0.685452,0.696949,0.711186,0.714548,0.718475,0.726977,0.727571,0.728192,0.733842,0.739831,0.738559,0.731723,0.738701,0.740085,0.738051,0.739944,0.737401,0.737316,0.734294,0.741243,0.73678,0.737514,0.736102,0.743249,0.733927,0.736299,0.736215,0.735791,0.733701,0.731441,0.736864,0.722429,0.708672,
71000,0.996141,0.998423,0.99662,0.995127,0.993408,0.989521,0.983014,0.97293,0.962282,0.942817,0.913127,0.872592,0.816113,0.749549,0.688479,0.66831,0.68538,0.696479,0.711211,0.714592,0.718592,0.726873,0.727775,0.728225,0.733859,0.739718,0.738451,0.731577,0.738761,0.739944,0.737972,0.740113,0.737437,0.737183,0.73431,0.740901,0.736676,0.737437,0.736254,0.743296,0.734085,0.736479,0.736479,0.735887,0.733859,0.731493,0.736732,0.722648,0.708732,
71200,0.996152,0.998427,0.996629,0.995056,0.993371,0.989551,0.983062,0.972893,0.962303,0.942865,0.913202,0.872556,0.815899,0.749522,0.688708,0.668399,0.684972,0.696292,0.711011,0.714579,0.71882,0.727107,0.727893,0.728118,0.733961,0.739466,0.737949,0.731798,0.738708,0.740112,0.738118,0.740309,0.737612,0.737275,0.734242,0.740955,0.736798,0.737388,0.736124,0.743427,0.734213,0.736629,0.736489,0.735815,0.733539,0.731545,0.736573,0.7225,0.708792,
71400,0.996162,0.998431,0.996639,0.99507,0.993389,0.989524,0.983053,0.972969,0.962325,0.942745,0.913305,0.872689,0.81605,0.749636,0.688655,0.668151,0.685238,0.696331,0.710952,0.71465,0.718403,0.727367,0.728151,0.728179,0.73423,0.739468,0.738095,0.731877,0.738936,0.74014,0.738039,0.740196,0.737983,0.737311,0.734174,0.741092,0.736639,0.737507,0.736106,0.743557,0.734034,0.736667,0.736415,0.735602,0.733782,0.731709,0.736471,0.722633,0.70888,
71600,0.996173,0.998436,0.99662,0.995084,0.993408,0.989525,0.983017,0.972905,0.962263,0.942682,0.913156,0.872598,0.815838,0.749469,0.688799,0.668324,0.685475,0.696536,0.71081,0.714553,0.718492,0.727123,0.727821,0.728408,0.734358,0.739413,0.738212,0.731788,0.738994,0.740056,0.737905,0.740196,0.738045,0.737235,0.73419,0.741034,0.736732,0.737235,0.735978,0.743743,0.734274,0.736899,0.736397,0.735754,0.733715,0.731536,0.73648,0.722514,0.708855,
71800,0.996184,0.99844,0.99663,0.99507,0.993426,0.989415,0.983008,0.972981,0.962312,0.942702,0.913064,0.872702,0.815877,0.749638,0.688858,0.668357,0.685404,0.69624,0.710613,0.714373,0.718579,0.727159,0.727772,0.728412,0.73429,0.739443,0.738078,0.73195,0.738997,0.740056,0.737994,0.739916,0.73805,0.737354,0.734429,0.740836,0.736657,0.737298,0.735933,0.743844,0.73429,0.736825,0.736435,0.735543,0.733844,0.731588,0.736574,0.722674,0.708719,
72000,0.996167,0.998444,0.996639,0.995056,0.993417,0.989444,0.983028,0.973,0.962306,0.942694,0.912972,0.872639,0.815889,0.749639,0.688806,0.668194,0.685556,0.696389,0.710417,0.714389,0.718611,0.727083,0.727861,0.72825,0.734361,0.739722,0.738194,0.732167,0.739,0.739917,0.738111,0.739722,0.738167,0.737306,0.734667,0.740694,0.736361,0.737333,0.735833,0.743778,0.734333,0.736778,0.736389,0.735333,0.734111,0.7315,0.736611,0.72275,0.708972,
72200,0.996177,0.998421,0.996648,0.995069,0.993407,0.989446,0.982992,0.972992,0.962382,0.942742,0.913047,0.872659,0.815762,0.74964,0.688781,0.668199,0.685457,0.696482,0.710609,0.714377,0.718421,0.727147,0.727895,0.728283,0.734294,0.739834,0.738227,0.732188,0.73892,0.739889,0.73795,0.739529,0.738033,0.737313,0.734709,0.740637,0.73662,0.737479,0.735651,0.743823,0.734266,0.73687,0.736704,0.735568,0.734183,0.73144,0.73651,0.722853,0.709003,
72400,0.996188,0.998425,0.996657,0.995083,0.993425,0.989448,0.983039,0.973011,0.962459,0.942762,0.913011,0.872735,0.815773,0.749641,0.688481,0.667956,0.685497,0.696354,0.71058,0.714337,0.718453,0.727403,0.727873,0.728232,0.734254,0.739917,0.738066,0.73221,0.738785,0.739834,0.73826,0.739641,0.738039,0.737293,0.734475,0.740635,0.736492,0.737459,0.735663,0.743867,0.734392,0.736768,0.736547,0.73558,0.734199,0.731409,0.736657,0.722597,0.709061,
72600,0.996198,0.99843,0.996667,0.995096,0.993444,0.989421,0.983058,0.972948,0.962507,0.942782,0.913058,0.872727,0.81573,0.749587,0.68832,0.667824,0.685647,0.696391,0.710523,0.714298,0.71865,0.7273,0.727961,0.728209,0.734105,0.739945,0.738099,0.732424,0.73876,0.73989,0.738099,0.739669,0.738264,0.737383,0.734435,0.740992,0.736501,0.737052,0.735565,0.743857,0.734518,0.736749,0.736529,0.735565,0.73427,0.731405,0.736446,0.722397,0.709284,
72800,0.996209,0.998407,0.996676,0.99511,0.993462,0.989451,0.983022,0.972995,0.962582,0.94272,0.912967,0.87272,0.815797,0.749533,0.688049,0.66772,0.685577,0.696209,0.710769,0.714588,0.718379,0.727335,0.727885,0.728132,0.734121,0.739973,0.738187,0.73239,0.738516,0.739698,0.738077,0.739258,0.738214,0.73739,0.734396,0.740824,0.736676,0.73706,0.735687,0.743736,0.734588,0.736868,0.736841,0.735495,0.734066,0.731236,0.736593,0.722527,0.709396,
73000,0.996219,0.998411,0.996685,0.995096,0.993479,0.989479,0.983068,0.973041,0.962575,0.94274,0.912877,0.873041,0.815918,0.749644,0.687836,0.66789,0.685452,0.696164,0.710822,0.71474,0.718192,0.72737,0.727973,0.728164,0.73411,0.73989,0.738192,0.732192,0.738274,0.739726,0.738137,0.739315,0.738329,0.737342,0.734384,0.740712,0.736877,0.737178,0.735671,0.743562,0.734384,0.737068,0.736767,0.735479,0.733973,0.731288,0.736466,0.722411,0.709288,
73200,0.996202,0.998415,0.996667,0.995109,0.993497,0.989454,0.983087,0.973087,0.962623,0.94276,0.912678,0.873087,0.815902,0.749645,0.687869,0.667923,0.685355,0.696175,0.711066,0.714863,0.718415,0.72735,0.728333,0.728306,0.73418,0.739727,0.738224,0.731694,0.738306,0.739727,0.738142,0.739454,0.738361,0.737404,0.73429,0.740765,0.736885,0.737158,0.735683,0.743634,0.734617,0.737049,0.736885,0.735574,0.734126,0.731339,0.736284,0.722541,0.709454,
73400,0.996213,0.99842,0.996676,0.995123,0.99346,0.989455,0.983079,0.973134,0.962589,0.942698,0.912589,0.873161,0.815995,0.74951,0.688011,0.667875,0.685504,0.696431,0.710681,0.714768,0.718392,0.727275,0.72842,0.728529,0.734496,0.739782,0.738311,0.731826,0.738283,0.739782,0.738147,0.739564,0.738501,0.737411,0.73436,0.740654,0.736921,0.73733,0.735749,0.743515,0.734796,0.737112,0.736975,0.735477,0.734169,0.731281,0.736185,0.722507,0.709428,
73600,0.996223,0.998424,0.996685,0.995082,0.993451,0.989429,0.983125,0.973125,0.962582,0.942663,0.912609,0.873261,0.816168,0.749647,0.687989,0.667663,0.685462,0.696304,0.710598,0.714864,0.718533,0.727201,0.728505,0.728777,0.734647,0.739891,0.738533,0.732038,0.738207,0.739565,0.73837,0.739457,0.738451,0.73769,0.734293,0.740761,0.736712,0.737364,0.735679,0.743451,0.734511,0.737011,0.737038,0.735326,0.734103,0.731467,0.736359,0.7225,0.709375,
73800,0.996206,0.998401,0.996694,0.995095,0.993469,0.989431,0.983144,0.973035,0.962602,0.942737,0.912683,0.873198,0.816233,0.749593,0.687751,0.667696,0.685745,0.696423,0.710569,0.714851,0.718401,0.727236,0.728591,0.728943,0.734688,0.739756,0.738455,0.731924,0.738238,0.739729,0.738753,0.739539,0.738347,0.737561,0.734038,0.740515,0.736667,0.737398,0.735827,0.743523,0.734526,0.737127,0.736802,0.735528,0.734201,0.731355,0.736423,0.722629,0.70935,
74000,0.996216,0.998405,0.996703,0.995108,0.993432,0.989432,0.983162,0.973108,0.962595,0.942811,0.912676,0.873108,0.81627,0.749541,0.687568,0.667568,0.685676,0.696568,0.710378,0.715027,0.718514,0.727243,0.728541,0.729054,0.734784,0.739595,0.738486,0.731973,0.737811,0.739595,0.738919,0.739649,0.738459,0.737784,0.734108,0.740351,0.736676,0.737486,0.735838,0.743757,0.734486,0.737135,0.736838,0.735432,0.734378,0.731486,0.736459,0.722595,0.709351,
74200,0.996226,0.99841,0.996658,0.995121,0.993369,0.989461,0.983208,0.973154,0.962588,0.942749,0.912722,0.873127,0.816199,0.74938,0.687358,0.667332,0.685633,0.696819,0.710728,0.715175,0.718652,0.727332,0.728625,0.728922,0.734825,0.739757,0.738706,0.732183,0.737736,0.739596,0.738868,0.73973,0.73841,0.737736,0.733962,0.74035,0.736577,0.737655,0.735849,0.743801,0.734555,0.737008,0.736954,0.735364,0.734394,0.731402,0.736361,0.722588,0.709461,
74400,0.99621,0.998414,0.996667,0.995108,0.993387,0.989489,0.983226,0.973226,0.9625,0.942823,0.912823,0.873172,0.81621,0.749597,0.687554,0.667312,0.685591,0.696398,0.710188,0.715054,0.71871,0.727392,0.728414,0.728871,0.734758,0.739758,0.738602,0.732258,0.737527,0.739785,0.738763,0.739758,0.73828,0.73793,0.73379,0.740349,0.736371,0.738038,0.735968,0.743978,0.734624,0.736962,0.736801,0.735349,0.734409,0.731371,0.73629,0.722634,0.709382,
74600,0.99622,0.998391,0.996676,0.995094,0.993378,0.989491,0.983244,0.973271,0.962493,0.942895,0.912708,0.873029,0.816113,0.749491,0.687828,0.667105,0.685684,0.696488,0.710322,0.715147,0.718713,0.727158,0.728525,0.729008,0.734718,0.739893,0.738579,0.732359,0.737748,0.739866,0.738606,0.739705,0.738231,0.737882,0.733834,0.740268,0.736488,0.738123,0.736032,0.743861,0.734638,0.736944,0.736756,0.735469,0.734263,0.731367,0.73622,0.722654,0.709383,
74800,0.99623,0.998369,0.996658,0.995107,0.993396,0.989492,0.983235,0.973316,0.962487,0.942888,0.912781,0.873021,0.816203,0.749278,0.688102,0.667353,0.685348,0.696444,0.710374,0.715134,0.71869,0.726979,0.728583,0.728984,0.734599,0.739733,0.738717,0.732406,0.737781,0.739706,0.738743,0.739652,0.738529,0.737834,0.73385,0.740134,0.736658,0.738262,0.735963,0.74385,0.734545,0.737139,0.736738,0.735455,0.734225,0.73115,0.73631,0.722701,0.709599,
75000,0.99624,0.998373,0.996667,0.995093,0.993413,0.98952,0.983093,0.973253,0.962453,0.94288,0.912693,0.873067,0.81624,0.749573,0.688213,0.667147,0.685253,0.696133,0.710427,0.715227,0.71888,0.7272,0.72864,0.72912,0.73464,0.739733,0.73856,0.732427,0.737653,0.739653,0.7388,0.740027,0.738693,0.737787,0.733893,0.74,0.73632,0.738213,0.735973,0.743787,0.734613,0.737013,0.73688,0.73528,0.73456,0.731227,0.736293,0.72256,0.709627,
75200,0.996223,0.998378,0.996676,0.99508,0.993431,0.989521,0.983059,0.973245,0.962314,0.942926,0.91266,0.873245,0.81609,0.749468,0.688112,0.667101,0.68516,0.696144,0.710532,0.71516,0.718617,0.727128,0.728723,0.729043,0.734441,0.739654,0.73859,0.732606,0.737793,0.739734,0.739069,0.740053,0.738617,0.737872,0.734069,0.739894,0.73625,0.738298,0.73625,0.743963,0.734734,0.736862,0.736809,0.735266,0.734468,0.731436,0.736223,0.722686,0.709601,
75400,0.996233,0.998382,0.996684,0.995066,0.993395,0.989549,0.983077,0.97321,0.962361,0.942944,0.912732,0.873342,0.816101,0.749576,0.688276,0.667109,0.685252,0.696233,0.710477,0.715225,0.718488,0.727109,0.728594,0.728992,0.73435,0.739761,0.738594,0.732493,0.737719,0.74,0.739045,0.74,0.738674,0.737825,0.734005,0.739682,0.736233,0.738249,0.73626,0.744032,0.734536,0.736897,0.737029,0.735517,0.734695,0.731432,0.736021,0.722255,0.709337,
75600,0.996243,0.998333,0.996693,0.995079,0.993386,0.989524,0.983095,0.973148,0.962434,0.94291,0.912831,0.873201,0.816217,0.749603,0.687725,0.667169,0.685159,0.696164,0.710423,0.715265,0.71828,0.727116,0.728624,0.729021,0.734471,0.739683,0.738571,0.732672,0.737672,0.740026,0.738968,0.740053,0.738862,0.738069,0.734101,0.739656,0.736058,0.73828,0.736032,0.743889,0.734577,0.736958,0.737063,0.735767,0.734868,0.731402,0.735952,0.722196,0.709127,
75800,0.996227,0.998338,0.996675,0.995092,0.993377,0.989525,0.98314,0.973193,0.962401,0.942982,0.91285,0.873272,0.816359,0.749578,0.687678,0.666939,0.685383,0.696201,0.710528,0.715462,0.71847,0.72715,0.728707,0.729103,0.734459,0.73942,0.738496,0.732665,0.737731,0.739947,0.739077,0.739974,0.738813,0.738259,0.734195,0.739499,0.736174,0.738311,0.736174,0.743668,0.73467,0.736887,0.737071,0.735594,0.735092,0.731451,0.735831,0.722296,0.709103,
76000,0.996211,0.998342,0.996684,0.995105,0.993368,0.989553,0.983184,0.973211,0.962447,0.942868,0.912789,0.873289,0.816474,0.749632,0.687711,0.666868,0.685342,0.695763,0.710605,0.715579,0.718658,0.727158,0.728447,0.728868,0.734526,0.7395,0.738684,0.732763,0.737789,0.740026,0.739289,0.740053,0.738658,0.738132,0.734105,0.739342,0.736079,0.738158,0.736342,0.743737,0.734605,0.736921,0.737,0.735737,0.735053,0.731526,0.735895,0.722105,0.709079,
76200,0.99622,0.998346,0.996693,0.995118,0.993386,0.989554,0.983228,0.973281,0.962388,0.942782,0.912677,0.873307,0.816404,0.74958,0.687795,0.666982,0.685328,0.695696,0.710394,0.715669,0.71895,0.727244,0.728373,0.728845,0.734567,0.739396,0.738478,0.732887,0.737927,0.74,0.739423,0.740079,0.738898,0.737874,0.734173,0.739265,0.736299,0.738163,0.736535,0.743517,0.734593,0.736955,0.737034,0.735696,0.735118,0.731549,0.735748,0.721969,0.709318,
76400,0.99623,0.998351,0.996702,0.995131,0.993403,0.989555,0.983168,0.973272,0.962382,0.942853,0.912696,0.873403,0.816414,0.749607,0.687749,0.666649,0.685445,0.695707,0.710314,0.715838,0.718901,0.727304,0.728403,0.728691,0.734267,0.739372,0.738455,0.732801,0.73788,0.739817,0.73945,0.740314,0.739031,0.737984,0.734005,0.739319,0.736204,0.738141,0.736283,0.74356,0.734738,0.73733,0.737094,0.73589,0.735052,0.731492,0.73589,0.721963,0.709084,
76600,0.996214,0.998355,0.99671,0.995117,0.99342,0.989504,0.983211,0.973316,0.962402,0.942846,0.912507,0.873264,0.816345,0.749713,0.687807,0.666554,0.685091,0.695849,0.71047,0.715849,0.718956,0.727285,0.728381,0.728668,0.734465,0.739191,0.738198,0.733159,0.737963,0.739896,0.739634,0.740392,0.73906,0.738042,0.734047,0.739243,0.736031,0.738094,0.736292,0.743446,0.734961,0.73718,0.73705,0.736005,0.735117,0.731567,0.73564,0.721958,0.70906,
76800,0.996224,0.998333,0.996719,0.99513,0.993411,0.989479,0.983203,0.973333,0.962396,0.942891,0.912526,0.873203,0.816354,0.749531,0.687891,0.666484,0.685052,0.695807,0.710521,0.715885,0.718724,0.72737,0.728542,0.728776,0.734635,0.739323,0.738385,0.732969,0.737917,0.739922,0.739453,0.740417,0.739036,0.737995,0.733672,0.739453,0.735885,0.738151,0.736354,0.743437,0.735026,0.737031,0.737109,0.736042,0.735208,0.731719,0.735521,0.721979,0.70901,
77000,0.996182,0.998338,0.996727,0.995091,0.993429,0.989506,0.983169,0.973351,0.962416,0.942805,0.912571,0.873273,0.816338,0.74974,0.687922,0.666364,0.685091,0.69561,0.710494,0.715974,0.718779,0.727506,0.728597,0.728623,0.734727,0.739403,0.73826,0.732909,0.73787,0.73987,0.739584,0.74026,0.738779,0.738078,0.73374,0.739481,0.736078,0.738,0.736286,0.743532,0.734909,0.737091,0.737143,0.736182,0.735065,0.731818,0.73561,0.721766,0.708961,
77200,0.996192,0.998316,0.996736,0.995078,0.99342,0.989534,0.983212,0.973316,0.962383,0.942876,0.912591,0.873135,0.816244,0.749534,0.688109,0.66658,0.685155,0.695648,0.710207,0.71601,0.719016,0.727435,0.728264,0.728523,0.734637,0.739378,0.738394,0.732902,0.738005,0.739793,0.739404,0.740104,0.738782,0.738342,0.733731,0.739508,0.735881,0.737902,0.736192,0.743705,0.734948,0.737306,0.737358,0.736192,0.735207,0.731813,0.735751,0.721736,0.708886,
77400,0.996202,0.998295,0.996744,0.995013,0.993411,0.989561,0.983204,0.973359,0.962351,0.942791,0.91261,0.873204,0.816357,0.749871,0.687907,0.666641,0.684884,0.695607,0.710129,0.716253,0.719096,0.727364,0.728398,0.728475,0.734832,0.739173,0.738424,0.732765,0.73814,0.739561,0.739483,0.740026,0.738656,0.738398,0.733721,0.739483,0.73584,0.737881,0.736382,0.743798,0.735065,0.737313,0.737545,0.736331,0.735142,0.731783,0.735659,0.72186,0.708889,
77600,0.996186,0.998299,0.996727,0.995026,0.993402,0.989536,0.983222,0.973325,0.96232,0.942835,0.912603,0.873119,0.81634,0.749691,0.688041,0.66683,0.685129,0.69567,0.710026,0.716289,0.719253,0.727577,0.728299,0.728531,0.735,0.739356,0.738402,0.732809,0.738067,0.739485,0.739433,0.74,0.738634,0.738402,0.733376,0.739536,0.736005,0.73799,0.736237,0.743814,0.735103,0.737345,0.737706,0.736314,0.735155,0.731933,0.735722,0.72183,0.708943,
77800,0.99617,0.998303,0.99671,0.995013,0.993368,0.989537,0.983213,0.973342,0.962314,0.942802,0.912622,0.873136,0.816401,0.749717,0.688123,0.66671,0.68527,0.695707,0.710077,0.716067,0.719332,0.727532,0.728458,0.728663,0.735064,0.739152,0.738329,0.732879,0.738098,0.739486,0.739306,0.73982,0.73856,0.738406,0.733676,0.739537,0.735835,0.738098,0.73653,0.74383,0.735167,0.737429,0.737763,0.736015,0.735141,0.731902,0.735656,0.721774,0.708869,
78000,0.996179,0.998308,0.996718,0.995026,0.993385,0.989538,0.983103,0.97341,0.962333,0.942897,0.912564,0.873077,0.816538,0.749821,0.688205,0.666538,0.685077,0.695564,0.71041,0.716282,0.719282,0.727462,0.728256,0.728872,0.735154,0.739128,0.738359,0.733077,0.738,0.739641,0.739231,0.739872,0.738667,0.738436,0.733974,0.73959,0.735795,0.738,0.736487,0.744026,0.735103,0.737487,0.737769,0.736077,0.735051,0.731795,0.735667,0.721769,0.708769,
78200,0.996189,0.998312,0.996701,0.995013,0.993402,0.989565,0.98312,0.973376,0.962353,0.94289,0.91243,0.87289,0.816522,0.749821,0.688363,0.666394,0.685243,0.695652,0.710332,0.716419,0.71954,0.72734,0.728338,0.728619,0.735269,0.739054,0.738363,0.732941,0.737903,0.739591,0.739207,0.739872,0.738747,0.738414,0.734066,0.739463,0.736087,0.73798,0.736522,0.74399,0.735345,0.73757,0.737621,0.736113,0.735166,0.731841,0.735882,0.721688,0.708849,
78400,0.996199,0.998316,0.996684,0.995026,0.993418,0.989566,0.983163,0.973342,0.962449,0.942934,0.912245,0.872781,0.816403,0.749821,0.688342,0.666276,0.685638,0.69574,0.710434,0.716199,0.719719,0.727143,0.728265,0.728622,0.735204,0.739056,0.73824,0.73301,0.737679,0.739694,0.739439,0.739949,0.738929,0.738495,0.733903,0.739643,0.73602,0.738061,0.73648,0.744005,0.735306,0.737526,0.737474,0.735995,0.735306,0.732117,0.735893,0.721684,0.708878,
78600,0.996183,0.998321,0.996667,0.995038,0.993435,0.989542,0.98313,0.973333,0.962366,0.942952,0.91229,0.872824,0.816387,0.749847,0.688015,0.666361,0.685522,0.695776,0.71028,0.716438,0.719847,0.72715,0.728448,0.728753,0.735216,0.739008,0.738142,0.73313,0.737659,0.739695,0.739338,0.739796,0.738677,0.73827,0.733995,0.739796,0.73598,0.738295,0.736285,0.743715,0.73514,0.737684,0.737455,0.736081,0.735089,0.731832,0.735929,0.721781,0.709033,
78800,0.996168,0.998325,0.996675,0.995051,0.993452,0.989518,0.983147,0.973325,0.962335,0.94297,0.912234,0.872893,0.816294,0.749898,0.687817,0.666472,0.685761,0.695914,0.71033,0.71632,0.719721,0.727259,0.728579,0.728832,0.73533,0.738782,0.737919,0.733198,0.73764,0.739645,0.739162,0.739619,0.738782,0.738325,0.73401,0.739873,0.735914,0.738274,0.73632,0.743756,0.735381,0.737792,0.737411,0.73599,0.735152,0.731777,0.735711,0.721802,0.709162,
79000,0.996177,0.998329,0.996684,0.995063,0.993468,0.989494,0.983165,0.973367,0.962278,0.943013,0.912203,0.872861,0.816051,0.749848,0.688101,0.66638,0.685519,0.696025,0.71043,0.716633,0.719722,0.727291,0.728354,0.728658,0.735013,0.738911,0.738025,0.733114,0.737696,0.73957,0.73881,0.739443,0.738658,0.738177,0.733848,0.739696,0.735646,0.738405,0.736304,0.743873,0.735468,0.73757,0.737392,0.736076,0.735165,0.731924,0.735671,0.721646,0.70919,
79200,0.996162,0.998333,0.996641,0.995076,0.99346,0.989495,0.983207,0.973384,0.962323,0.94303,0.912172,0.872677,0.81601,0.749949,0.688106,0.666616,0.685682,0.695833,0.710253,0.716515,0.719596,0.727399,0.728409,0.728965,0.735101,0.738586,0.738131,0.733005,0.737778,0.739571,0.738737,0.739369,0.738712,0.738333,0.733687,0.739848,0.735732,0.738434,0.736288,0.743838,0.735429,0.737374,0.7375,0.736389,0.735253,0.731894,0.73553,0.721591,0.70904,
79400,0.996171,0.998338,0.99665,0.995088,0.993451,0.989496,0.983224,0.973426,0.962343,0.942972,0.912191,0.87272,0.816146,0.749924,0.688212,0.666675,0.685516,0.695819,0.710378,0.716398,0.719673,0.727431,0.728539,0.729018,0.735038,0.738514,0.738212,0.733098,0.737985,0.739622,0.738741,0.73937,0.738992,0.738338,0.733778,0.740025,0.735642,0.738514,0.736247,0.743652,0.73539,0.737607,0.73733,0.736272,0.735239,0.731637,0.735542,0.721738,0.708866,
79600,0.996156,0.998342,0.996633,0.995101,0.993467,0.989497,0.983266,0.973467,0.962362,0.94294,0.912211,0.872663,0.816131,0.75005,0.688241,0.666482,0.685503,0.69598,0.710503,0.716181,0.719598,0.727412,0.728417,0.729045,0.73505,0.738467,0.73809,0.73294,0.73809,0.739774,0.73897,0.739296,0.73907,0.738291,0.733869,0.74,0.735553,0.738518,0.736231,0.743719,0.735603,0.737538,0.737261,0.736206,0.735352,0.731508,0.735603,0.721734,0.70907,
79800,0.996165,0.998321,0.996617,0.995088,0.993484,0.989499,0.983258,0.973484,0.962356,0.942882,0.91218,0.872657,0.81619,0.75,0.688145,0.666491,0.685414,0.69594,0.710426,0.716216,0.719699,0.727494,0.728371,0.729098,0.735138,0.738596,0.73792,0.733158,0.738421,0.73995,0.738997,0.739023,0.739048,0.738396,0.733659,0.739975,0.735489,0.738672,0.736241,0.743734,0.735764,0.737694,0.737368,0.73599,0.735539,0.731604,0.735689,0.721704,0.708872,
80000,0.99615,0.998325,0.996625,0.9951,0.993475,0.989525,0.983225,0.973525,0.96235,0.942825,0.912,0.87265,0.816275,0.74985,0.688225,0.6666,0.6853,0.69595,0.710625,0.71625,0.719825,0.7275,0.7284,0.7292,0.7352,0.738475,0.738,0.7331,0.73845,0.74,0.738925,0.739,0.7388,0.738125,0.733675,0.74,0.7356,0.7386,0.7364,0.743925,0.735775,0.73755,0.73755,0.735925,0.735525,0.731725,0.7358,0.7219,0.70885,
80200,0.996135,0.998329,0.996608,0.995062,0.993416,0.989551,0.983192,0.973466,0.962319,0.942768,0.911945,0.872569,0.816209,0.750075,0.688279,0.666633,0.685461,0.696035,0.710524,0.716259,0.719751,0.727357,0.728354,0.729202,0.735112,0.738479,0.73793,0.733192,0.738279,0.740075,0.738903,0.738728,0.738703,0.73813,0.733691,0.73995,0.735586,0.738454,0.736484,0.743716,0.73581,0.737531,0.737581,0.735985,0.735611,0.731521,0.735686,0.72202,0.708828,
80400,0.996144,0.998333,0.996592,0.99505,0.993433,0.989577,0.983234,0.973483,0.962338,0.942761,0.911866,0.872711,0.816244,0.750149,0.688408,0.666493,0.685423,0.695995,0.710672,0.716294,0.719925,0.727338,0.728507,0.729279,0.735124,0.738433,0.737935,0.733234,0.738458,0.739876,0.738806,0.738731,0.738532,0.738134,0.733706,0.739975,0.735498,0.738507,0.736443,0.743756,0.735771,0.737363,0.737488,0.736219,0.735821,0.731443,0.735498,0.722164,0.708682,
80600,0.996129,0.998337,0.9966,0.995062,0.993424,0.989553,0.983251,0.973499,0.962258,0.942829,0.91196,0.872779,0.816228,0.750074,0.688387,0.666526,0.685484,0.69603,0.71062,0.71603,0.719975,0.727221,0.72861,0.729429,0.735062,0.738313,0.73799,0.733201,0.738387,0.739851,0.738784,0.738561,0.738511,0.738238,0.733846,0.740025,0.735335,0.738536,0.736154,0.743871,0.735732,0.737444,0.737593,0.736476,0.735732,0.731489,0.735707,0.722084,0.708734,
80800,0.996139,0.998342,0.996609,0.99505,0.993391,0.98953,0.983267,0.973564,0.962302,0.942797,0.912005,0.872673,0.816262,0.750124,0.688094,0.66651,0.685619,0.69604,0.710668,0.715965,0.71995,0.727277,0.728614,0.729629,0.734802,0.738069,0.737921,0.733193,0.738391,0.739827,0.738762,0.738589,0.73849,0.738168,0.733985,0.740025,0.735074,0.738465,0.735891,0.743985,0.735668,0.737475,0.737698,0.736361,0.735866,0.731559,0.73552,0.721931,0.708639,
81000,0.996123,0.998296,0.996593,0.995012,0.993383,0.989506,0.98321,0.973481,0.962346,0.942815,0.911951,0.872642,0.816272,0.750173,0.688123,0.666642,0.685481,0.696049,0.710765,0.716123,0.719951,0.727086,0.728741,0.729704,0.734914,0.738049,0.737901,0.733136,0.738321,0.739679,0.738642,0.738543,0.738667,0.738198,0.734148,0.740074,0.735037,0.738173,0.735951,0.744123,0.735802,0.737556,0.737802,0.736198,0.736,0.73158,0.735506,0.721877,0.708765,
81200,0.996133,0.9983,0.996601,0.995025,0.993399,0.989532,0.983251,0.973424,0.96234,0.942685,0.911995,0.872734,0.816158,0.749975,0.688177,0.666897,0.685369,0.695911,0.71069,0.716034,0.719951,0.727094,0.728719,0.72968,0.734951,0.738202,0.737709,0.732906,0.738153,0.739852,0.738842,0.738621,0.73867,0.7383,0.734089,0.740099,0.735049,0.738202,0.735837,0.744163,0.735788,0.737635,0.737956,0.736084,0.73569,0.731626,0.735493,0.721798,0.708768,
81400,0.996143,0.998305,0.996609,0.995037,0.993415,0.989509,0.983268,0.97344,0.962359,0.942654,0.911941,0.87285,0.816167,0.749828,0.688256,0.667052,0.685283,0.695971,0.710713,0.715897,0.719902,0.727002,0.728771,0.729631,0.734939,0.738231,0.73769,0.733071,0.738157,0.739975,0.738943,0.738526,0.73855,0.738256,0.734005,0.74027,0.735111,0.738059,0.73602,0.744103,0.7357,0.73774,0.737985,0.736143,0.735774,0.731646,0.735405,0.721941,0.708968,
81600,0.996152,0.998284,0.996593,0.995049,0.993358,0.98951,0.983211,0.973456,0.962279,0.942623,0.911961,0.872843,0.816078,0.749951,0.68826,0.667059,0.685343,0.695931,0.71049,0.715637,0.719657,0.727132,0.728897,0.729681,0.734926,0.738235,0.737525,0.733064,0.737966,0.74,0.738946,0.738529,0.738431,0.738284,0.733848,0.74027,0.735123,0.738015,0.736225,0.743971,0.735784,0.737721,0.73799,0.736152,0.735711,0.731765,0.73549,0.722132,0.709289,
81800,0.996112,0.998289,0.996601,0.995061,0.993374,0.989511,0.983227,0.97335,0.962274,0.942641,0.912005,0.872934,0.816308,0.749951,0.688044,0.667164,0.685012,0.695721,0.710513,0.715575,0.720024,0.72709,0.728949,0.729535,0.735012,0.738362,0.737628,0.733252,0.737995,0.740147,0.739071,0.738704,0.738484,0.738362,0.733985,0.740098,0.735208,0.737971,0.736161,0.744083,0.735672,0.737873,0.737775,0.736015,0.735746,0.731809,0.735428,0.722469,0.709315,
82000,0.996098,0.998293,0.99661,0.995073,0.993366,0.989439,0.98322,0.973415,0.962268,0.942488,0.912,0.873049,0.816244,0.750146,0.688,0.667122,0.684902,0.69578,0.710634,0.715439,0.719634,0.726854,0.729049,0.729756,0.735122,0.738171,0.737585,0.733366,0.738171,0.740293,0.739195,0.738756,0.738341,0.738512,0.734049,0.740146,0.73522,0.737951,0.736293,0.744073,0.735634,0.738049,0.73778,0.735976,0.735756,0.731561,0.735146,0.722805,0.709512,
82200,0.996107,0.998297,0.996618,0.995061,0.993382,0.989465,0.983236,0.973333,0.962263,0.942482,0.912068,0.873066,0.816375,0.750122,0.688102,0.667007,0.684988,0.695669,0.710681,0.715134,0.719781,0.726861,0.729075,0.72983,0.735109,0.738321,0.737591,0.73326,0.738151,0.740195,0.739002,0.738905,0.73854,0.738491,0.734063,0.740073,0.735182,0.73764,0.736302,0.744039,0.735839,0.738175,0.737859,0.735912,0.735718,0.731655,0.73528,0.723017,0.709416,
82400,0.996092,0.998277,0.996626,0.995073,0.993325,0.98949,0.983228,0.973301,0.962306,0.942549,0.912039,0.872816,0.816408,0.750024,0.68801,0.667087,0.685146,0.695631,0.710874,0.715146,0.719757,0.726966,0.729223,0.729879,0.735243,0.738398,0.737743,0.733325,0.738228,0.740146,0.738859,0.738932,0.738544,0.73835,0.734053,0.739927,0.735218,0.737621,0.736335,0.744126,0.735898,0.737937,0.737646,0.73585,0.735971,0.731626,0.735267,0.722913,0.709345,
82600,0.996053,0.998281,0.996634,0.995061,0.993341,0.989492,0.983245,0.973293,0.962276,0.942567,0.912082,0.872663,0.81615,0.750073,0.688136,0.66724,0.685133,0.695908,0.710702,0.715206,0.719927,0.726804,0.729249,0.729879,0.735061,0.73845,0.737942,0.733269,0.73816,0.740169,0.738983,0.738814,0.738765,0.738402,0.734116,0.740097,0.73523,0.737385,0.736223,0.743947,0.736005,0.738063,0.737676,0.735593,0.736077,0.731719,0.735448,0.722833,0.709443,
82800,0.996063,0.998285,0.996643,0.995072,0.993333,0.989469,0.983261,0.973285,0.962343,0.942536,0.912198,0.872754,0.816087,0.750048,0.688237,0.667053,0.685169,0.696063,0.710821,0.715531,0.720121,0.726643,0.7293,0.729686,0.734903,0.738237,0.737705,0.733164,0.738309,0.74029,0.738937,0.738816,0.738623,0.738478,0.734058,0.74,0.735097,0.737585,0.736329,0.744058,0.736063,0.738309,0.737681,0.73529,0.736063,0.731643,0.735386,0.722802,0.709517,
83000,0.996072,0.998265,0.996651,0.99506,0.993325,0.989494,0.983277,0.973277,0.962193,0.94253,0.912241,0.872819,0.816072,0.750024,0.688289,0.667084,0.684988,0.696337,0.710651,0.71547,0.720024,0.726482,0.72959,0.729783,0.734723,0.738289,0.737735,0.733253,0.738313,0.740241,0.738892,0.738988,0.738699,0.738554,0.734048,0.74,0.735133,0.737518,0.736434,0.744096,0.735976,0.738337,0.737952,0.735325,0.736072,0.731663,0.735422,0.722819,0.709614,
83200,0.996082,0.998269,0.996659,0.995072,0.993317,0.989519,0.983245,0.973269,0.962212,0.942524,0.912284,0.87274,0.816058,0.74976,0.688125,0.66726,0.684928,0.696442,0.710577,0.715649,0.719904,0.726346,0.729688,0.729688,0.73476,0.738269,0.73774,0.733437,0.738437,0.740337,0.73887,0.739111,0.738606,0.738365,0.734087,0.739976,0.73512,0.737476,0.736322,0.744038,0.736178,0.738486,0.737957,0.735337,0.736082,0.731755,0.735192,0.722909,0.709663,
83400,0.996067,0.998273,0.996667,0.995084,0.993333,0.989544,0.983189,0.973333,0.96223,0.942518,0.912134,0.872758,0.816091,0.74988,0.688058,0.667074,0.684796,0.696403,0.710647,0.715468,0.719928,0.726307,0.729664,0.729568,0.734652,0.738177,0.737578,0.733453,0.738393,0.740216,0.738801,0.739161,0.738657,0.738561,0.734173,0.739952,0.735132,0.737314,0.736115,0.743765,0.736115,0.738561,0.738034,0.735444,0.735995,0.732086,0.735108,0.72295,0.709568,
83600,0.996053,0.998278,0.996675,0.995096,0.993349,0.989522,0.983206,0.973373,0.962201,0.942536,0.912129,0.872751,0.816053,0.749952,0.687871,0.667201,0.684474,0.696483,0.71067,0.715598,0.720024,0.726268,0.729737,0.729378,0.734522,0.738254,0.737536,0.733254,0.738325,0.740167,0.738852,0.738995,0.738804,0.738636,0.734306,0.739737,0.735024,0.737488,0.736148,0.743732,0.736364,0.73866,0.738038,0.735431,0.735861,0.732033,0.735048,0.722895,0.709474,
83800,0.996062,0.998282,0.996659,0.995084,0.993317,0.989523,0.983222,0.973389,0.962196,0.94253,0.912172,0.872697,0.815823,0.750215,0.687924,0.667184,0.684535,0.696516,0.710811,0.715585,0.719928,0.725943,0.72957,0.729045,0.734105,0.738067,0.737518,0.733126,0.738401,0.740143,0.738735,0.739045,0.738831,0.738735,0.734344,0.739451,0.734964,0.737446,0.736181,0.743795,0.736444,0.73864,0.738115,0.735513,0.735823,0.732053,0.734869,0.722959,0.709523,
84000,0.996048,0.998262,0.996643,0.995095,0.993286,0.989524,0.983262,0.973429,0.96219,0.942619,0.912262,0.87269,0.815786,0.750119,0.687929,0.666952,0.684429,0.696714,0.710929,0.715714,0.719786,0.72581,0.729714,0.728881,0.734071,0.737929,0.737476,0.733024,0.738357,0.740262,0.738762,0.738762,0.738738,0.738738,0.734262,0.739333,0.735095,0.7375,0.736143,0.743738,0.736476,0.738643,0.738381,0.735238,0.735976,0.731952,0.734857,0.722976,0.7095,
84200,0.996057,0.998266,0.996627,0.995083,0.993302,0.989549,0.983254,0.97342,0.962209,0.942565,0.912352,0.872732,0.815677,0.750333,0.688124,0.666698,0.684062,0.696698,0.711021,0.715748,0.719691,0.725558,0.729596,0.72905,0.734038,0.738029,0.737648,0.733159,0.738361,0.74038,0.738741,0.738504,0.73867,0.738622,0.734276,0.739287,0.735059,0.737553,0.736128,0.743848,0.736675,0.738694,0.738385,0.735297,0.735867,0.732043,0.734869,0.723183,0.709359,
84400,0.996043,0.99827,0.996611,0.995095,0.993318,0.98955,0.983246,0.97346,0.962227,0.942583,0.912227,0.872773,0.815806,0.750355,0.688223,0.666445,0.684147,0.696682,0.710995,0.715735,0.71955,0.725521,0.729787,0.7291,0.734147,0.738104,0.737749,0.733081,0.738365,0.740498,0.738791,0.738673,0.738531,0.738531,0.734265,0.739313,0.735047,0.73737,0.736256,0.743981,0.736754,0.738673,0.73846,0.735142,0.735735,0.732062,0.734787,0.723246,0.709455,
84600,0.996052,0.998274,0.996619,0.995083,0.993286,0.989551,0.983239,0.973522,0.96227,0.942506,0.912293,0.872695,0.81565,0.75026,0.688227,0.666667,0.684137,0.696879,0.711158,0.715768,0.719527,0.725437,0.729764,0.729054,0.734113,0.738038,0.737707,0.733286,0.738605,0.740733,0.738842,0.7387,0.7387,0.738558,0.734279,0.739314,0.735035,0.737423,0.736478,0.744043,0.736643,0.738629,0.738298,0.735059,0.735461,0.732175,0.734894,0.723522,0.709433,
84800,0.996061,0.998278,0.996627,0.995047,0.993302,0.989552,0.983231,0.973538,0.962335,0.942406,0.912311,0.872689,0.815519,0.75,0.688019,0.66691,0.684222,0.69684,0.711226,0.715873,0.719316,0.725448,0.729741,0.729198,0.734175,0.738231,0.737877,0.733396,0.738797,0.74066,0.738679,0.738585,0.738561,0.73875,0.734505,0.739316,0.735118,0.737524,0.736462,0.743844,0.736651,0.738585,0.738373,0.735118,0.735708,0.732358,0.734882,0.723514,0.709434,
85000,0.996047,0.998282,0.996635,0.995059,0.993318,0.989553,0.983224,0.973506,0.962353,0.9424,0.912306,0.872706,0.815506,0.750094,0.688047,0.667129,0.684259,0.696941,0.7112,0.715718,0.719224,0.7256,0.73,0.729153,0.734306,0.7384,0.738,0.733529,0.738824,0.740706,0.738706,0.738729,0.738541,0.738635,0.734659,0.739341,0.735035,0.737318,0.736541,0.743671,0.736565,0.738659,0.738165,0.735012,0.736047,0.732565,0.734965,0.723576,0.709506,
85200,0.996056,0.998286,0.996643,0.99507,0.993286,0.989577,0.983216,0.973498,0.962347,0.942465,0.912347,0.8727,0.815516,0.750164,0.687911,0.667089,0.684249,0.69662,0.711221,0.715892,0.719319,0.725775,0.730117,0.729061,0.734131,0.738427,0.738075,0.733451,0.738685,0.740751,0.738662,0.73892,0.738521,0.738568,0.734718,0.739366,0.734742,0.737465,0.73662,0.743638,0.736784,0.738685,0.738263,0.735117,0.735915,0.732441,0.73493,0.723357,0.709413,
85400,0.996042,0.99829,0.996651,0.995082,0.993279,0.989578,0.983208,0.973466,0.962365,0.942389,0.912365,0.872553,0.815504,0.750117,0.687822,0.667237,0.684239,0.696698,0.711382,0.715902,0.719461,0.725902,0.730187,0.728712,0.734169,0.738571,0.738056,0.733489,0.738665,0.740562,0.738735,0.738829,0.738665,0.738618,0.734801,0.739297,0.734801,0.737588,0.7363,0.743677,0.736862,0.738712,0.738244,0.735246,0.735948,0.732459,0.734707,0.723419,0.709368,
85600,0.996051,0.998271,0.996636,0.995093,0.993294,0.989579,0.983201,0.973458,0.962383,0.94229,0.912313,0.87257,0.815678,0.75014,0.688014,0.667173,0.684182,0.696682,0.711262,0.715864,0.719369,0.725724,0.73021,0.728808,0.734276,0.738598,0.73785,0.733551,0.738855,0.740748,0.738575,0.738972,0.738738,0.738458,0.73472,0.739322,0.73493,0.737547,0.736332,0.743598,0.736636,0.738785,0.738224,0.735117,0.736028,0.732477,0.73465,0.723388,0.709276,
85800,0.996061,0.998275,0.996643,0.995035,0.993287,0.989557,0.983193,0.973473,0.962401,0.942378,0.912261,0.872634,0.815664,0.750117,0.688205,0.667249,0.684079,0.696783,0.711305,0.715967,0.719254,0.725688,0.730396,0.728904,0.734476,0.738625,0.737692,0.73373,0.738951,0.740629,0.738508,0.739091,0.738438,0.738531,0.734802,0.739277,0.735035,0.737552,0.736317,0.74366,0.736737,0.738811,0.738228,0.735105,0.736107,0.732751,0.734662,0.723403,0.709371,
86000,0.99607,0.998279,0.996628,0.995047,0.993302,0.989581,0.983209,0.973512,0.962395,0.942349,0.912302,0.872744,0.815674,0.749977,0.688116,0.66693,0.684233,0.696535,0.711302,0.71614,0.719186,0.725884,0.730372,0.729,0.734442,0.738837,0.737767,0.733837,0.738814,0.740535,0.738512,0.739163,0.738535,0.738651,0.734791,0.739512,0.735047,0.737465,0.736186,0.743698,0.736837,0.738744,0.738279,0.73493,0.736419,0.732953,0.734512,0.723488,0.709488,
86200,0.996079,0.998283,0.996613,0.995058,0.993295,0.989606,0.983225,0.97355,0.962413,0.942367,0.912251,0.872877,0.815777,0.750371,0.688306,0.666961,0.683921,0.696334,0.71116,0.716334,0.71935,0.725824,0.73051,0.729049,0.734362,0.739026,0.737889,0.733991,0.738677,0.740673,0.738399,0.739002,0.738469,0.738724,0.734965,0.739606,0.735012,0.737587,0.736311,0.743759,0.736659,0.738561,0.738283,0.734896,0.73652,0.733016,0.734385,0.723387,0.709327,
86400,0.996088,0.998287,0.99662,0.995046,0.993287,0.989606,0.983218,0.973611,0.962454,0.942338,0.912269,0.872894,0.815625,0.750301,0.688218,0.666968,0.683981,0.696343,0.71081,0.71625,0.71956,0.725949,0.730648,0.729144,0.734421,0.739144,0.737847,0.734028,0.738611,0.740718,0.738542,0.73919,0.738588,0.738866,0.735,0.739676,0.735023,0.7375,0.736505,0.743634,0.736898,0.738495,0.738495,0.73463,0.736505,0.732708,0.734468,0.723264,0.709491,
86600,0.996074,0.998268,0.996628,0.995058,0.993303,0.989584,0.983164,0.973649,0.962402,0.942379,0.912309,0.872841,0.815543,0.750115,0.688406,0.666882,0.683857,0.69642,0.710993,0.716513,0.719561,0.725935,0.73067,0.729261,0.734342,0.739122,0.737991,0.734018,0.738591,0.740901,0.738591,0.739215,0.73843,0.738822,0.735012,0.739584,0.735081,0.737483,0.736559,0.743695,0.736975,0.738383,0.738522,0.734619,0.736467,0.732771,0.734434,0.723395,0.709492,
86800,0.996037,0.998272,0.996636,0.995046,0.993249,0.989608,0.983203,0.973687,0.962373,0.942396,0.912189,0.872788,0.815369,0.750184,0.688364,0.666935,0.683733,0.696429,0.711037,0.716659,0.719516,0.72606,0.73076,0.729217,0.734332,0.739124,0.738041,0.734194,0.738456,0.741014,0.738641,0.739101,0.738157,0.738894,0.734931,0.739516,0.735069,0.73765,0.736682,0.743479,0.737143,0.738502,0.738594,0.73447,0.736475,0.732719,0.734286,0.723433,0.709562,
87000,0.996046,0.998276,0.996644,0.995057,0.993241,0.989609,0.983218,0.973701,0.962322,0.942368,0.912276,0.872736,0.815448,0.750207,0.688161,0.667034,0.683517,0.696207,0.711287,0.71669,0.719517,0.726138,0.73069,0.729264,0.734598,0.739264,0.738115,0.734115,0.738437,0.741057,0.738667,0.739195,0.737954,0.738805,0.734943,0.739494,0.73492,0.737632,0.736805,0.743494,0.737195,0.738667,0.738713,0.734368,0.736437,0.732529,0.734138,0.72354,0.709655,
87200,0.996055,0.99828,0.996651,0.995069,0.993257,0.989564,0.983211,0.97367,0.962339,0.942408,0.912156,0.872775,0.815252,0.750229,0.688303,0.666904,0.683624,0.696124,0.71156,0.716766,0.719702,0.726307,0.730573,0.729427,0.734472,0.738853,0.738211,0.734151,0.738555,0.741078,0.738761,0.739014,0.737683,0.738761,0.734885,0.739541,0.735115,0.737844,0.73672,0.743486,0.737041,0.738624,0.738784,0.734335,0.736353,0.732661,0.734312,0.723647,0.709633,
87400,0.996018,0.998284,0.996636,0.99508,0.993272,0.989565,0.983181,0.973661,0.962357,0.942403,0.912037,0.872769,0.81508,0.749977,0.688215,0.667048,0.683844,0.696156,0.711602,0.716773,0.719588,0.726476,0.730801,0.729519,0.734577,0.738879,0.738261,0.734005,0.738398,0.741007,0.738696,0.739062,0.737826,0.738902,0.734714,0.739634,0.735011,0.737666,0.736819,0.743593,0.737185,0.738787,0.738764,0.734394,0.73643,0.732883,0.734394,0.723776,0.709588,
87600,0.996027,0.998288,0.996644,0.995091,0.993288,0.989589,0.983219,0.97363,0.962397,0.942374,0.912078,0.872763,0.815114,0.750023,0.688037,0.666941,0.683676,0.696256,0.711804,0.716918,0.719475,0.726393,0.730822,0.729406,0.73468,0.738767,0.738105,0.733904,0.73847,0.741119,0.738676,0.739178,0.737877,0.739064,0.734658,0.739452,0.735023,0.73758,0.736781,0.743219,0.737123,0.738676,0.738904,0.734543,0.736347,0.732922,0.734452,0.723721,0.709406,
87800,0.996036,0.998292,0.996651,0.995103,0.993257,0.98959,0.983189,0.973667,0.962392,0.942437,0.912027,0.872779,0.81492,0.749977,0.687927,0.66713,0.683781,0.696446,0.711913,0.71697,0.719818,0.726401,0.730843,0.729248,0.734556,0.738884,0.737995,0.733872,0.738565,0.741139,0.738633,0.739157,0.737973,0.738952,0.734692,0.739681,0.735057,0.737426,0.736879,0.743007,0.737267,0.738633,0.738952,0.734647,0.736583,0.73303,0.734556,0.723713,0.709339,
88000,0.996023,0.998295,0.996659,0.995114,0.993227,0.989614,0.983205,0.973705,0.962386,0.942455,0.912068,0.872909,0.814864,0.750023,0.688023,0.667,0.683864,0.6965,0.712068,0.717114,0.719909,0.726295,0.730886,0.729318,0.734773,0.738864,0.73775,0.733977,0.7385,0.741227,0.738727,0.739045,0.737886,0.738886,0.73475,0.739659,0.735114,0.737455,0.736818,0.742886,0.737295,0.738659,0.739,0.734659,0.736614,0.732977,0.734727,0.723886,0.709386,
88200,0.996009,0.998299,0.996667,0.995102,0.993197,0.989615,0.98322,0.973764,0.962404,0.942404,0.911995,0.872948,0.814943,0.750091,0.687982,0.666848,0.6839,0.696576,0.712109,0.717052,0.720023,0.726395,0.730952,0.729433,0.734739,0.739002,0.737732,0.734172,0.738617,0.740998,0.738639,0.738662,0.738118,0.738934,0.734785,0.739841,0.735283,0.737619,0.736757,0.742789,0.737256,0.73873,0.738844,0.734762,0.736712,0.733016,0.734807,0.723832,0.709297,
88400,0.995995,0.998303,0.996674,0.99509,0.993167,0.989638,0.983235,0.973733,0.962376,0.942398,0.912036,0.872919,0.814864,0.750136,0.688145,0.666855,0.683937,0.696629,0.712149,0.717127,0.720113,0.726312,0.730905,0.729253,0.734729,0.738937,0.738009,0.734253,0.738891,0.741041,0.738462,0.73862,0.738213,0.73905,0.734887,0.739796,0.735362,0.737579,0.736629,0.742692,0.737081,0.738529,0.738801,0.734819,0.736606,0.733009,0.734955,0.723733,0.709434,
88600,0.996005,0.998284,0.996682,0.995102,0.99316,0.989661,0.983251,0.973725,0.962393,0.942438,0.912077,0.872844,0.814921,0.750068,0.688284,0.66684,0.684108,0.696795,0.71219,0.717201,0.720023,0.726072,0.730926,0.729323,0.73474,0.738939,0.738036,0.734063,0.738826,0.741129,0.738442,0.738713,0.738307,0.739007,0.734763,0.739932,0.73535,0.73763,0.736659,0.742438,0.736975,0.738713,0.738623,0.734786,0.736479,0.732912,0.735056,0.723747,0.709481,
88800,0.996014,0.998266,0.996689,0.995068,0.993131,0.98964,0.983288,0.973761,0.962432,0.942455,0.91205,0.872658,0.815113,0.749977,0.688311,0.666689,0.684279,0.696937,0.712207,0.717275,0.719887,0.725676,0.730563,0.729144,0.734662,0.739077,0.738176,0.734077,0.738851,0.741059,0.738581,0.738761,0.738401,0.738784,0.73491,0.740023,0.735248,0.737703,0.736554,0.742252,0.736937,0.738626,0.738649,0.734752,0.736486,0.733153,0.735068,0.723806,0.709459,
89000,0.996,0.99827,0.996697,0.995056,0.993146,0.989618,0.983303,0.973775,0.962472,0.942472,0.912157,0.872652,0.814966,0.750292,0.688494,0.666854,0.684,0.697146,0.712022,0.717258,0.719888,0.72573,0.730517,0.729326,0.734607,0.739079,0.738157,0.734382,0.738899,0.741079,0.738697,0.738809,0.738382,0.738742,0.734921,0.740135,0.735213,0.737753,0.736584,0.742225,0.737056,0.738607,0.738787,0.734876,0.736607,0.733258,0.734989,0.723775,0.709326,
89200,0.996009,0.998251,0.996704,0.995067,0.993139,0.989619,0.983318,0.973744,0.962466,0.942489,0.912108,0.872758,0.81491,0.750291,0.688318,0.667018,0.684081,0.697085,0.712018,0.717265,0.720045,0.725762,0.730583,0.729238,0.734574,0.739103,0.738206,0.734395,0.738901,0.740964,0.738744,0.7387,0.738296,0.738857,0.734843,0.740179,0.735202,0.73778,0.736637,0.74222,0.737063,0.738744,0.738857,0.734596,0.736704,0.733184,0.735022,0.723565,0.709507,
89400,0.996018,0.998255,0.996711,0.995056,0.993154,0.98962,0.983333,0.973758,0.962438,0.942394,0.912081,0.872774,0.814787,0.750201,0.688412,0.667293,0.683937,0.697002,0.711857,0.717136,0.72,0.725503,0.730515,0.729418,0.734698,0.738904,0.738188,0.73443,0.738949,0.740962,0.738658,0.738546,0.738255,0.738904,0.734586,0.740179,0.73519,0.737919,0.736689,0.742125,0.736823,0.738926,0.738881,0.734564,0.736734,0.733065,0.734832,0.723647,0.709418,
89600,0.995982,0.998259,0.996719,0.995045,0.993147,0.989621,0.983371,0.973795,0.962433,0.942344,0.912121,0.872835,0.814821,0.750112,0.688259,0.667366,0.684107,0.697009,0.712031,0.717009,0.720156,0.725603,0.730379,0.729621,0.734442,0.73875,0.738214,0.734375,0.738929,0.741049,0.738571,0.738214,0.738125,0.739018,0.734531,0.740402,0.735402,0.737969,0.73692,0.742232,0.736853,0.738862,0.738728,0.734509,0.736429,0.733125,0.734911,0.723772,0.709464,
89800,0.995947,0.998263,0.996726,0.995056,0.993163,0.989621,0.983363,0.973831,0.962339,0.942361,0.912138,0.872806,0.814967,0.7502,0.688419,0.667238,0.683875,0.697283,0.712205,0.716904,0.720156,0.725724,0.730468,0.729822,0.734499,0.738976,0.738196,0.734432,0.738931,0.741091,0.738575,0.738174,0.738196,0.739154,0.734633,0.740379,0.735345,0.737906,0.736949,0.742294,0.736793,0.738797,0.738731,0.734499,0.736303,0.733185,0.7349,0.723742,0.709131,
90000,0.995956,0.998267,0.996733,0.995067,0.993178,0.989644,0.983356,0.973822,0.962311,0.942378,0.912089,0.872711,0.814822,0.750133,0.688644,0.667267,0.6838,0.697067,0.712111,0.716822,0.719711,0.7256,0.730511,0.729933,0.734667,0.739044,0.738044,0.734422,0.738911,0.741067,0.738733,0.738311,0.738133,0.739089,0.734533,0.740267,0.735378,0.738044,0.737,0.742244,0.736689,0.738756,0.738978,0.734467,0.736111,0.7332,0.734667,0.723689,0.709089,
90200,0.995965,0.998271,0.996741,0.995078,0.993193,0.989601,0.983304,0.973836,0.962284,0.942306,0.912106,0.872749,0.814789,0.750244,0.688692,0.667273,0.683725,0.697051,0.712195,0.716652,0.719667,0.72561,0.730421,0.729911,0.734834,0.739069,0.738115,0.734568,0.738869,0.740909,0.738337,0.738293,0.738293,0.73918,0.734612,0.740443,0.735543,0.737871,0.737007,0.74235,0.736829,0.738869,0.73878,0.734435,0.736142,0.733237,0.734568,0.723769,0.709157,
90400,0.995973,0.998274,0.996748,0.995088,0.993186,0.989602,0.983319,0.973894,0.962323,0.942367,0.91219,0.872699,0.814845,0.750376,0.688496,0.667323,0.683363,0.697058,0.712102,0.71677,0.719469,0.725664,0.73031,0.729912,0.734867,0.739181,0.737942,0.734624,0.73896,0.741084,0.738341,0.738451,0.738473,0.739314,0.734668,0.74031,0.735664,0.737898,0.736991,0.74219,0.736947,0.738982,0.738761,0.73458,0.736372,0.733164,0.734491,0.723894,0.709204,
90600,0.99596,0.998278,0.996733,0.995099,0.993179,0.989581,0.983355,0.973819,0.962318,0.94245,0.912252,0.872539,0.815033,0.750397,0.688653,0.667461,0.683267,0.696932,0.711876,0.716313,0.71936,0.725717,0.730353,0.729868,0.735077,0.739095,0.73766,0.734768,0.738985,0.741214,0.738389,0.738698,0.738499,0.739426,0.734636,0.740265,0.735651,0.737815,0.737174,0.742318,0.737086,0.73872,0.738698,0.734636,0.736313,0.733267,0.734371,0.723841,0.709205,
90800,0.995969,0.99826,0.99674,0.99511,0.993194,0.989559,0.983348,0.973855,0.962269,0.942445,0.912203,0.872555,0.815198,0.750595,0.688502,0.667357,0.683392,0.69696,0.711674,0.716454,0.719295,0.725771,0.73011,0.729714,0.73522,0.739053,0.737643,0.734824,0.738987,0.741079,0.73826,0.738789,0.738304,0.739559,0.734692,0.740352,0.735727,0.737665,0.737004,0.742401,0.737093,0.73859,0.738855,0.73478,0.736322,0.733194,0.734383,0.723855,0.709273,
91000,0.995956,0.998264,0.996725,0.995121,0.993209,0.98956,0.983385,0.973846,0.962308,0.942418,0.912198,0.872593,0.815231,0.750659,0.688462,0.667187,0.683451,0.696945,0.711692,0.716462,0.719319,0.725846,0.73,0.729648,0.735231,0.739011,0.737604,0.734835,0.739011,0.741055,0.738396,0.738901,0.738527,0.739824,0.734857,0.740286,0.735582,0.737758,0.736901,0.742242,0.737143,0.738484,0.738945,0.734725,0.736176,0.733099,0.734549,0.72378,0.709297,
91200,0.995921,0.998268,0.996711,0.99511,0.993224,0.989583,0.983377,0.973882,0.962346,0.942412,0.912215,0.872741,0.815241,0.750439,0.688618,0.667193,0.683421,0.696908,0.711645,0.716382,0.719452,0.725899,0.72989,0.729496,0.735461,0.738969,0.737719,0.734912,0.73886,0.741118,0.738333,0.73886,0.738421,0.73989,0.73489,0.740263,0.735724,0.73761,0.736952,0.741908,0.737083,0.738399,0.739035,0.734693,0.736272,0.733092,0.734518,0.723816,0.709276,
91400,0.99593,0.998271,0.996718,0.995098,0.993239,0.989584,0.983392,0.973895,0.962319,0.942451,0.912144,0.87267,0.815383,0.750525,0.688468,0.667265,0.683501,0.697068,0.711619,0.716324,0.719387,0.72558,0.729934,0.729562,0.735361,0.73919,0.737921,0.734923,0.738862,0.740919,0.738271,0.738753,0.738446,0.739934,0.734902,0.740328,0.73558,0.73779,0.737112,0.741838,0.736827,0.738206,0.739081,0.73477,0.736171,0.732976,0.734573,0.72337,0.709059,
91600,0.995917,0.998275,0.996703,0.995109,0.993253,0.989585,0.983428,0.973843,0.962271,0.942467,0.912118,0.872686,0.815349,0.750393,0.688406,0.667402,0.683428,0.697118,0.711659,0.716397,0.719454,0.725611,0.730066,0.729782,0.735437,0.739236,0.73786,0.735,0.738821,0.740786,0.738035,0.738755,0.738581,0.740066,0.734956,0.740306,0.73559,0.73786,0.736921,0.742009,0.7369,0.738297,0.738952,0.734607,0.73631,0.732817,0.734651,0.723428,0.708886,
91800,0.995926,0.998279,0.99671,0.99512,0.993246,0.989586,0.983442,0.9739,0.962244,0.94244,0.9122,0.872723,0.815294,0.750131,0.688366,0.667538,0.683399,0.697168,0.711569,0.716514,0.71963,0.72573,0.730131,0.729847,0.735272,0.739325,0.737647,0.735098,0.738954,0.740915,0.73793,0.738932,0.738649,0.739978,0.735098,0.74037,0.735556,0.738017,0.736732,0.742026,0.736928,0.738475,0.738867,0.734553,0.736362,0.732898,0.734749,0.72342,0.70902,
92000,0.995913,0.998283,0.996717,0.99513,0.993261,0.989587,0.983457,0.973891,0.962261,0.9425,0.912217,0.872696,0.815413,0.749978,0.688217,0.667652,0.683239,0.697326,0.711609,0.716457,0.719696,0.725783,0.730196,0.729935,0.735239,0.739348,0.737543,0.735043,0.738957,0.740717,0.737891,0.738957,0.7385,0.740152,0.735304,0.740391,0.735413,0.738152,0.73663,0.742065,0.736957,0.738283,0.738761,0.734587,0.736413,0.733239,0.734891,0.723283,0.70887,
92200,0.995922,0.998286,0.996725,0.995141,0.993275,0.98961,0.983471,0.973905,0.962191,0.942581,0.912234,0.872646,0.815423,0.749957,0.6882,0.667397,0.683037,0.697354,0.71154,0.716551,0.719675,0.725879,0.730174,0.729913,0.735336,0.739219,0.737527,0.734946,0.738785,0.740803,0.737918,0.738872,0.738482,0.740325,0.735206,0.740607,0.735488,0.737809,0.736486,0.742104,0.736876,0.73833,0.738829,0.734534,0.736334,0.733449,0.734729,0.723427,0.708829,
92400,0.995909,0.998268,0.996732,0.99513,0.99329,0.989589,0.983506,0.973874,0.962229,0.942576,0.912273,0.872641,0.815433,0.750108,0.688139,0.667208,0.683052,0.697468,0.711472,0.716558,0.719784,0.725887,0.730173,0.729784,0.735281,0.739351,0.737468,0.734892,0.738961,0.740736,0.737641,0.738874,0.738528,0.740325,0.735325,0.740563,0.73539,0.737879,0.736515,0.742208,0.736861,0.738442,0.738831,0.734437,0.736385,0.733333,0.734762,0.72342,0.708723,
92600,0.995918,0.998272,0.996739,0.99514,0.993283,0.989525,0.983521,0.973844,0.962225,0.94257,0.912311,0.872829,0.815551,0.750086,0.688143,0.667041,0.683045,0.697516,0.711641,0.716652,0.719935,0.725832,0.730151,0.729676,0.735421,0.73933,0.737365,0.735076,0.738985,0.740929,0.737646,0.738898,0.738661,0.740259,0.735508,0.74067,0.735508,0.737927,0.736544,0.742117,0.736933,0.738143,0.738639,0.734298,0.736566,0.733413,0.734665,0.723499,0.708898,
92800,0.995927,0.998276,0.996746,0.995151,0.993276,0.989526,0.983534,0.973772,0.962263,0.942586,0.91222,0.872823,0.815517,0.750086,0.688319,0.667112,0.682974,0.697586,0.711595,0.716487,0.719698,0.725862,0.730194,0.729849,0.735603,0.739289,0.737392,0.735151,0.738987,0.740841,0.737608,0.739009,0.738728,0.74028,0.735431,0.740603,0.735625,0.738125,0.736595,0.741961,0.737026,0.738082,0.738491,0.734095,0.736487,0.73347,0.734612,0.723664,0.708772,
93000,0.995935,0.99828,0.996753,0.995161,0.99329,0.989505,0.983527,0.973785,0.962237,0.942645,0.912237,0.872839,0.815613,0.749828,0.688301,0.667118,0.682839,0.697505,0.711527,0.716753,0.719677,0.725957,0.73,0.729871,0.735613,0.739398,0.737462,0.735161,0.738774,0.740796,0.737376,0.739054,0.738645,0.740323,0.735505,0.740538,0.735634,0.738237,0.73671,0.742,0.73714,0.737935,0.738516,0.734065,0.736366,0.733269,0.734237,0.72357,0.708774,
93200,0.995944,0.998262,0.996738,0.99515,0.993305,0.989528,0.983541,0.973841,0.962253,0.942682,0.912318,0.872876,0.81573,0.749871,0.68809,0.666953,0.682918,0.697124,0.711609,0.716888,0.719785,0.726202,0.730172,0.729957,0.735601,0.739399,0.737511,0.735107,0.73867,0.740665,0.737489,0.739142,0.738798,0.740408,0.735601,0.740236,0.735687,0.738155,0.736781,0.742146,0.737189,0.737918,0.738627,0.734034,0.736459,0.733155,0.734077,0.723391,0.708927,
93400,0.995953,0.998266,0.996745,0.995139,0.993298,0.989507,0.983533,0.973769,0.962227,0.942591,0.912355,0.872912,0.815632,0.749893,0.688137,0.666916,0.682976,0.697088,0.711692,0.716874,0.719893,0.726253,0.7303,0.729979,0.735632,0.739379,0.737452,0.734968,0.738715,0.740535,0.737281,0.739122,0.738522,0.740407,0.735717,0.740278,0.735824,0.738201,0.736788,0.741906,0.737088,0.737794,0.738908,0.733983,0.736403,0.733212,0.734111,0.72334,0.708865,
93600,0.995962,0.998269,0.996752,0.995107,0.993312,0.98953,0.983568,0.973782,0.962244,0.942585,0.912372,0.872756,0.815491,0.74985,0.688291,0.667094,0.682991,0.697201,0.711517,0.71656,0.720085,0.726111,0.730299,0.729936,0.735705,0.739509,0.737415,0.735128,0.738782,0.740513,0.737179,0.739231,0.73859,0.740385,0.735641,0.740235,0.735748,0.738355,0.736752,0.742073,0.737265,0.737799,0.738803,0.734209,0.736368,0.733333,0.734145,0.723162,0.708718,
93800,0.99597,0.998252,0.996759,0.995117,0.993305,0.989531,0.983518,0.973753,0.962281,0.942644,0.912345,0.872814,0.815458,0.749552,0.688316,0.667249,0.682878,0.697335,0.71145,0.716482,0.72,0.726205,0.73049,0.730149,0.735672,0.739552,0.737313,0.735096,0.738721,0.740554,0.737271,0.739296,0.738593,0.740384,0.735522,0.740171,0.735629,0.738529,0.736823,0.74209,0.737484,0.73806,0.738827,0.734243,0.736034,0.733412,0.734179,0.723092,0.708657,
94000,0.995979,0.998255,0.996745,0.995128,0.993277,0.989532,0.983532,0.973787,0.962234,0.942596,0.91234,0.87283,0.815532,0.749702,0.688319,0.667277,0.682915,0.697298,0.711532,0.716532,0.719702,0.72617,0.730404,0.73,0.735298,0.739532,0.737489,0.735277,0.738851,0.740702,0.737213,0.739298,0.738532,0.740319,0.735723,0.740213,0.735596,0.738489,0.736745,0.742149,0.737638,0.738106,0.738851,0.734277,0.735872,0.733426,0.73417,0.723064,0.708553,
94200,0.995966,0.998259,0.996752,0.995138,0.993291,0.989512,0.983546,0.973779,0.962251,0.942505,0.912378,0.872824,0.815732,0.749788,0.688365,0.66724,0.683015,0.697346,0.711401,0.716582,0.71949,0.726072,0.730573,0.730064,0.735265,0.739575,0.737431,0.735265,0.738875,0.740594,0.737282,0.739299,0.738386,0.740594,0.735605,0.740127,0.735669,0.738493,0.736879,0.742059,0.73758,0.73811,0.738769,0.734289,0.736008,0.733333,0.734119,0.723121,0.708556,
94400,0.995975,0.998263,0.996737,0.995148,0.993305,0.98947,0.983559,0.973792,0.962309,0.942479,0.912458,0.872818,0.815593,0.749958,0.688284,0.667309,0.682945,0.697436,0.711229,0.716674,0.719576,0.726017,0.730424,0.730021,0.735042,0.739428,0.7375,0.735191,0.738877,0.740487,0.737352,0.739407,0.738581,0.74053,0.735445,0.740275,0.73572,0.738453,0.736674,0.741949,0.7375,0.73803,0.738814,0.734153,0.735996,0.733496,0.734089,0.723178,0.708432,
94600,0.995983,0.998266,0.996744,0.995159,0.993277,0.989471,0.983531,0.973805,0.962304,0.942537,0.912368,0.872643,0.815476,0.750148,0.688436,0.667294,0.682706,0.697442,0.711163,0.716786,0.719683,0.726089,0.730296,0.729915,0.735116,0.739493,0.737569,0.735116,0.738753,0.740465,0.737209,0.739366,0.738436,0.740698,0.73556,0.740233,0.735729,0.738499,0.736617,0.741839,0.737611,0.738013,0.739091,0.734355,0.73592,0.733531,0.734144,0.72315,0.708414,
94800,0.995992,0.99827,0.996751,0.995169,0.993291,0.989451,0.983523,0.973797,0.9623,0.942532,0.912363,0.872722,0.815422,0.750042,0.68827,0.667532,0.682616,0.697532,0.71135,0.716835,0.719536,0.726076,0.730211,0.729873,0.735211,0.73943,0.737637,0.735169,0.738776,0.740485,0.737194,0.739241,0.738397,0.740612,0.735612,0.74038,0.735717,0.738523,0.736603,0.741793,0.737468,0.738059,0.739262,0.734494,0.735907,0.733671,0.73403,0.72327,0.708481,
95000,0.995979,0.998274,0.996758,0.995179,0.993284,0.989474,0.983558,0.973811,0.962274,0.942505,0.912358,0.872568,0.815495,0.749874,0.688189,0.667705,0.682632,0.697347,0.711242,0.716926,0.719726,0.726189,0.730253,0.729811,0.735137,0.739242,0.737642,0.735116,0.738842,0.740505,0.737305,0.739116,0.738295,0.740653,0.735684,0.740463,0.735895,0.738547,0.736611,0.741811,0.737495,0.738168,0.739158,0.7344,0.735747,0.733453,0.733705,0.723305,0.708674,
95200,0.995987,0.998256,0.996765,0.995168,0.993298,0.989454,0.98355,0.973845,0.962248,0.942374,0.912374,0.872584,0.815504,0.74979,0.688004,0.667731,0.682689,0.697416,0.711218,0.716912,0.719769,0.726471,0.73042,0.729748,0.735042,0.739076,0.737689,0.735063,0.738803,0.740504,0.737248,0.739055,0.738382,0.740777,0.735651,0.740357,0.735987,0.738739,0.736597,0.741639,0.737374,0.738214,0.739223,0.734412,0.735735,0.733382,0.733908,0.723277,0.708487,
95400,0.995996,0.99826,0.996751,0.995178,0.993312,0.989476,0.983585,0.973836,0.962264,0.942243,0.912327,0.872537,0.815556,0.749497,0.688008,0.667987,0.682683,0.697589,0.711216,0.717002,0.71979,0.726415,0.730524,0.729769,0.735262,0.739099,0.73782,0.735094,0.738826,0.740314,0.737212,0.738889,0.738428,0.740734,0.735597,0.740419,0.736038,0.738616,0.736625,0.741782,0.737421,0.738071,0.739266,0.734319,0.735765,0.733564,0.733753,0.723396,0.708365,
95600,0.996004,0.998264,0.996757,0.995188,0.993305,0.989456,0.983556,0.973828,0.962238,0.942259,0.91228,0.872552,0.815628,0.749456,0.687908,0.668159,0.682741,0.697615,0.711381,0.717134,0.719812,0.726548,0.730565,0.72977,0.735314,0.738891,0.737782,0.734979,0.739017,0.740293,0.73751,0.739059,0.738368,0.740753,0.735711,0.740356,0.736109,0.738536,0.736569,0.741862,0.737448,0.737992,0.739372,0.734372,0.735816,0.733431,0.733787,0.723305,0.708368,
95800,0.995992,0.998246,0.996764,0.995177,0.993319,0.989457,0.98357,0.97382,0.962213,0.942234,0.912296,0.872568,0.815511,0.749457,0.687996,0.668205,0.682818,0.697704,0.711211,0.717119,0.719896,0.726388,0.730564,0.729749,0.735219,0.738831,0.737704,0.735115,0.73904,0.740271,0.737474,0.739144,0.738288,0.740647,0.735866,0.74048,0.736138,0.738434,0.736639,0.741754,0.737432,0.738079,0.739353,0.734301,0.736013,0.733299,0.733862,0.723194,0.70833,
96000,0.996,0.99825,0.996771,0.995188,0.993313,0.989479,0.983583,0.973854,0.962208,0.94225,0.912396,0.872458,0.815646,0.749521,0.687833,0.668167,0.682813,0.697792,0.711271,0.717063,0.719792,0.72625,0.730625,0.729521,0.73525,0.738833,0.737938,0.735187,0.739062,0.740333,0.737625,0.739354,0.738333,0.740667,0.735771,0.740313,0.736062,0.738187,0.736375,0.741708,0.737458,0.738208,0.739417,0.734208,0.736083,0.733229,0.733896,0.723396,0.708229,
96200,0.996008,0.998254,0.996778,0.995177,0.993326,0.989501,0.983617,0.973888,0.962183,0.942225,0.912495,0.872578,0.815593,0.749397,0.687713,0.66817,0.682952,0.697796,0.711247,0.716944,0.72,0.726341,0.730457,0.729335,0.735094,0.738877,0.737859,0.735301,0.739044,0.740437,0.737609,0.73948,0.738295,0.740582,0.73578,0.740291,0.736071,0.738254,0.736445,0.741622,0.737422,0.738004,0.73921,0.734158,0.736133,0.733306,0.734054,0.723389,0.70817,
96400,0.996017,0.998257,0.996784,0.995166,0.99332,0.989523,0.983548,0.973838,0.962158,0.942241,0.912531,0.872573,0.815685,0.749502,0.68778,0.667967,0.682884,0.697822,0.710871,0.716867,0.720166,0.72612,0.730602,0.729461,0.735,0.738838,0.737946,0.735207,0.739066,0.740394,0.737635,0.739419,0.738278,0.74056,0.73583,0.74029,0.736037,0.738299,0.736577,0.741743,0.737531,0.737946,0.739108,0.734046,0.736162,0.733382,0.734129,0.723382,0.708257,
96600,0.996025,0.998261,0.996791,0.995155,0.993333,0.989524,0.98354,0.97381,0.962195,0.942236,0.912422,0.872443,0.815735,0.749607,0.687826,0.66795,0.683106,0.69793,0.710828,0.716729,0.720207,0.726253,0.730683,0.729358,0.73499,0.738799,0.738033,0.735135,0.73913,0.740435,0.73766,0.739089,0.738075,0.740373,0.73588,0.740228,0.736108,0.738447,0.736646,0.74176,0.737723,0.73795,0.739151,0.733996,0.736128,0.733313,0.734079,0.723478,0.70824,
96800,0.996033,0.998244,0.996798,0.995165,0.993347,0.989545,0.983533,0.97376,0.962169,0.942273,0.912397,0.872438,0.815847,0.749628,0.687893,0.668079,0.68314,0.698017,0.710517,0.71655,0.720186,0.72624,0.730764,0.729442,0.735103,0.738719,0.738037,0.735083,0.738802,0.740455,0.737831,0.739132,0.738182,0.740331,0.73593,0.740248,0.736157,0.738223,0.736653,0.741777,0.737789,0.738099,0.739112,0.734112,0.73626,0.73343,0.733967,0.723554,0.708182,
97000,0.996021,0.998247,0.996804,0.995155,0.993361,0.989546,0.983546,0.973753,0.962165,0.942247,0.912371,0.872454,0.815938,0.749649,0.687732,0.668144,0.683052,0.697979,0.71068,0.716639,0.720227,0.726268,0.730763,0.729381,0.735093,0.738598,0.738,0.734907,0.73866,0.740536,0.737897,0.739237,0.738309,0.740371,0.735979,0.740144,0.735918,0.738247,0.73668,0.741649,0.737835,0.738186,0.739196,0.734103,0.736062,0.733464,0.734021,0.723753,0.708206,
97200,0.996029,0.998251,0.99679,0.995144,0.993374,0.989547,0.98356,0.973786,0.962222,0.942305,0.912407,0.87251,0.815823,0.749691,0.687593,0.668066,0.683066,0.698128,0.710679,0.716605,0.72037,0.726337,0.730617,0.729321,0.735123,0.738477,0.737881,0.734733,0.738683,0.740494,0.737922,0.739321,0.738272,0.74035,0.736049,0.740247,0.735761,0.738333,0.73642,0.741543,0.737695,0.738251,0.739156,0.734198,0.736235,0.733395,0.734033,0.723889,0.708107,
97400,0.996037,0.998234,0.996797,0.995133,0.993388,0.989548,0.983573,0.973758,0.962218,0.9423,0.912546,0.872485,0.815791,0.749877,0.687721,0.668029,0.682834,0.697967,0.710719,0.716468,0.720205,0.726509,0.730719,0.729322,0.735092,0.738645,0.737803,0.734723,0.738645,0.740452,0.737885,0.739363,0.738316,0.740246,0.736037,0.740185,0.735811,0.738337,0.736468,0.741499,0.73768,0.738152,0.738994,0.734312,0.736242,0.733244,0.733963,0.723963,0.708111,
97600,0.996045,0.998238,0.996783,0.995143,0.993402,0.989529,0.983586,0.97377,0.962193,0.942398,0.91248,0.87252,0.815676,0.749857,0.687725,0.668012,0.682848,0.697848,0.710717,0.716578,0.720246,0.726598,0.73084,0.729262,0.735041,0.73877,0.737746,0.73457,0.738525,0.740287,0.737889,0.739529,0.738299,0.740184,0.736004,0.740082,0.735943,0.738361,0.736291,0.741537,0.737725,0.738033,0.738996,0.734303,0.73625,0.733238,0.733996,0.723934,0.708258,
97800,0.996033,0.998241,0.996769,0.995133,0.993395,0.98955,0.983599,0.973824,0.962147,0.942454,0.912515,0.872495,0.815521,0.749918,0.687587,0.667996,0.683108,0.697914,0.710838,0.716626,0.720225,0.726708,0.7309,0.729162,0.734969,0.73863,0.737751,0.734663,0.738589,0.740204,0.737935,0.739509,0.7382,0.740143,0.735849,0.740225,0.735971,0.738425,0.736339,0.741431,0.737791,0.738057,0.738998,0.73407,0.736278,0.733374,0.734029,0.723845,0.708344,
98000,0.996041,0.998245,0.996776,0.995143,0.993408,0.989551,0.983592,0.973755,0.962204,0.94251,0.91249,0.872367,0.815653,0.749918,0.687673,0.667837,0.683204,0.697959,0.710959,0.716592,0.720286,0.726959,0.730939,0.729184,0.735,0.738714,0.737633,0.734633,0.73851,0.740163,0.738082,0.739551,0.738143,0.739939,0.735796,0.740245,0.736224,0.738306,0.736449,0.741551,0.737796,0.738163,0.739041,0.734041,0.736327,0.733408,0.734061,0.723776,0.708551,
98200,0.996049,0.998228,0.996782,0.995153,0.993422,0.989552,0.983605,0.973747,0.962118,0.942525,0.912546,0.872383,0.815642,0.74998,0.687637,0.667963,0.683075,0.697943,0.710998,0.716538,0.720122,0.727169,0.730937,0.729226,0.734929,0.738656,0.737637,0.734644,0.738574,0.740285,0.738208,0.739613,0.738106,0.739919,0.735743,0.740305,0.73613,0.738432,0.736538,0.74167,0.737719,0.738045,0.738839,0.734196,0.736477,0.733503,0.734134,0.723707,0.708554,
98400,0.996037,0.998232,0.996789,0.995163,0.993435,0.989573,0.983618,0.97372,0.962073,0.9425,0.912622,0.872398,0.815732,0.75,0.687785,0.668008,0.683008,0.697988,0.711016,0.716443,0.719939,0.727012,0.731118,0.72939,0.734919,0.73876,0.737703,0.734736,0.738679,0.740183,0.73811,0.739817,0.738089,0.739959,0.735935,0.740325,0.736118,0.738435,0.736585,0.741443,0.737744,0.73811,0.738862,0.734451,0.736646,0.733618,0.733923,0.723699,0.708537,
98600,0.996045,0.998235,0.996795,0.995172,0.993448,0.989594,0.98359,0.973732,0.962049,0.942515,0.912556,0.872333,0.81574,0.749919,0.687951,0.667972,0.682982,0.69783,0.710852,0.716531,0.719615,0.726957,0.731176,0.729452,0.734949,0.738682,0.737606,0.734787,0.738722,0.73998,0.738032,0.739878,0.73789,0.739899,0.735842,0.740183,0.736024,0.738377,0.736694,0.74146,0.737911,0.738316,0.738884,0.734239,0.736552,0.733448,0.734057,0.72359,0.70856,
98800,0.996053,0.998239,0.996781,0.995162,0.993441,0.989615,0.983583,0.973745,0.962024,0.94251,0.91249,0.87247,0.815749,0.749838,0.688077,0.667854,0.683057,0.697976,0.71085,0.716437,0.719656,0.726923,0.731134,0.729575,0.735,0.738644,0.737591,0.734534,0.738745,0.740081,0.738036,0.73996,0.737976,0.739818,0.735951,0.740121,0.736093,0.738381,0.73668,0.741559,0.737895,0.738381,0.738887,0.734109,0.736498,0.733401,0.734049,0.723704,0.708664,
99000,0.99604,0.998202,0.996788,0.995152,0.993455,0.989616,0.983556,0.973798,0.962,0.942505,0.912545,0.872485,0.815636,0.74998,0.688,0.667919,0.683131,0.697919,0.710747,0.716364,0.719798,0.72703,0.731111,0.729677,0.73497,0.738727,0.737475,0.734586,0.738768,0.740061,0.737838,0.74,0.737919,0.739737,0.735899,0.740061,0.736121,0.738384,0.736646,0.741515,0.737859,0.738242,0.738889,0.734242,0.736545,0.733414,0.734,0.723778,0.708646,
99200,0.996028,0.998206,0.996794,0.995161,0.993468,0.989597,0.983488,0.97379,0.962016,0.94252,0.912581,0.87246,0.815565,0.75002,0.688024,0.668044,0.683286,0.697923,0.710585,0.716431,0.719919,0.727036,0.73121,0.729798,0.734819,0.73877,0.737258,0.734617,0.738891,0.74002,0.737802,0.740081,0.738044,0.739718,0.735907,0.740161,0.73623,0.738508,0.736431,0.741371,0.737964,0.738206,0.738931,0.734294,0.736573,0.733488,0.734012,0.72377,0.70877,
99400,0.996016,0.998209,0.996781,0.995171,0.993481,0.989598,0.983521,0.973742,0.961992,0.942394,0.912616,0.872475,0.815553,0.750221,0.68831,0.667968,0.6833,0.697404,0.710704,0.7166,0.719819,0.727143,0.731288,0.729638,0.734829,0.738833,0.737465,0.734406,0.738833,0.740101,0.737907,0.740262,0.738028,0.739819,0.735915,0.74006,0.736237,0.738592,0.736358,0.741328,0.738109,0.738249,0.739054,0.734447,0.73672,0.733602,0.734205,0.723662,0.708773,
99600,0.996004,0.998213,0.996787,0.995141,0.993494,0.989558,0.983534,0.973715,0.961948,0.94239,0.912671,0.87249,0.815683,0.750281,0.688333,0.667932,0.683414,0.69741,0.710602,0.716546,0.719719,0.727349,0.731305,0.729538,0.734859,0.738594,0.737369,0.734337,0.738835,0.740161,0.737871,0.740261,0.737871,0.73988,0.736084,0.740261,0.736345,0.738534,0.736466,0.741365,0.738193,0.738133,0.739076,0.734418,0.736606,0.733554,0.734096,0.723775,0.708735,
99800,0.996012,0.998216,0.996774,0.99515,0.993507,0.989559,0.983547,0.973768,0.961924,0.942365,0.912625,0.872485,0.815711,0.75014,0.688176,0.668176,0.683307,0.697435,0.710661,0.716393,0.719739,0.727295,0.731242,0.729679,0.73487,0.738577,0.737255,0.734248,0.738577,0.74002,0.737876,0.740361,0.737916,0.73984,0.736052,0.74014,0.736293,0.738397,0.736573,0.741303,0.738156,0.738156,0.739238,0.734369,0.736453,0.733447,0.733908,0.723848,0.708577,
100000,0.99602,0.99822,0.99678,0.99516,0.99348,0.98952,0.98356,0.97376,0.96188,0.94238,0.9126,0.8725,0.81578,0.75008,0.68822,0.66786,0.68348,0.69758,0.71074,0.71642,0.71968,0.72736,0.7313,0.72964,0.73494,0.7387,0.73714,0.73424,0.7384,0.74004,0.73806,0.74034,0.73794,0.73994,0.73588,0.74014,0.73638,0.73854,0.73678,0.74144,0.73826,0.73828,0.73926,0.73442,0.73644,0.73348,0.73382,0.72382,0.70854,
