mc_step,l = 0_K,l = 0_gamma,l = 1_K,l = 1_gamma,l = 2_K,l = 2_gamma,l = 3_K,l = 3_gamma,l = 4_K,l = 4_gamma,l = 5_K,l = 5_gamma,l = 6_K,l = 6_gamma,l = 7_K,l = 7_gamma,l = 8_K,l = 8_gamma,l = 9_K,l = 9_gamma,l = 10_K,l = 10_gamma,l = 11_K,l = 11_gamma,l = 12_K,l = 12_gamma,l = 13_K,l = 13_gamma,l = 14_K,l = 14_gamma,l = 15_K,l = 15_gamma,l = 16_K,l = 16_gamma,l = 17_K,l = 17_gamma,l = 18_K,l = 18_gamma,l = 19_K,l = 19_gamma,l = 20_K,l = 20_gamma,l = 21_K,l = 21_gamma,l = 22_K,l = 22_gamma,l = 23_K,l = 23_gamma,l = 24_K,l = 24_gamma,l = 25_K,l = 25_gamma,l = 26_K,l = 26_gamma,l = 27_K,l = 27_gamma,l = 28_K,l = 28_gamma,l = 29_K,l = 29_gamma,l = 30_K,l = 30_gamma,l = 31_K,l = 31_gamma,l = 32_K,l = 32_gamma,l = 33_K,l = 33_gamma,l = 34_K,l = 34_gamma,l = 35_K,l = 35_gamma,l = 36_K,l = 36_gamma,l = 37_K,l = 37_gamma,l = 38_K,l = 38_gamma,l = 39_K,l = 39_gamma,l = 40_K,l = 40_gamma,l = 41_K,l = 41_gamma,l = 42_K,l = 42_gamma,l = 43_K,l = 43_gamma,l = 44_K,l = 44_gamma,l = 45_K,l = 45_gamma,l = 46_K,l = 46_gamma,l = 47_K,l = 47_gamma,l = 48_K,l = 48_gamma,l = 49_K,l = 49_gamma,
200,0.989899,1,0.977778,0.990909,1,1,0.970588,0.989796,0.989691,1,0.971698,0.989362,1,1,1,1,0.981651,0.978022,0.990099,0.989899,1,1,0.989899,1,1,1,0.981308,1,0.989011,0.954128,0.98913,1,1,0.981651,0.980392,0.989796,0.934579,0.956989,0.851485,0.949495,0.854167,0.875,0.901786,0.761364,0.51,0.73,0.613861,0.717172,0.511628,0.649123,0.663265,0.529412,0.505376,0.457944,0.536082,0.495146,0.409091,0.5,0.357143,0.443182,0.333333,0.461538,0.336134,0.54321,0.306306,0.494382,0.326531,0.460784,0.418367,0.421569,0.421569,0.489796,0.340659,0.449541,0.469388,0.352941,0.464646,0.465347,0.495495,0.483146,0.494949,0.465347,0.461538,0.479167,0.460784,0.459184,0.460784,0.489796,0.351648,0.477064,0.44898,0.558824,0.39604,0.424242,0.266055,0.406593,0.491071,0.522727,0.518519,0.456522,
400,0.96875,1,0.990476,0.989474,0.979798,0.980198,0.988506,0.99115,1,1,0.979798,0.980198,0.990909,1,0.980952,0.989474,0.990385,0.989583,1,0.980198,1,1,0.979798,0.980198,0.981481,0.967391,1,0.990909,0.970874,0.948454,0.966292,1,0.952941,0.982609,0.926316,0.952381,0.84,0.9,0.418367,0.852941,0.0761905,0.884211,0.120879,0.816514,0.0510204,0.833333,0.22449,0.637255,0.322314,0.620253,0.478723,0.433962,0.538462,0.40625,0.57,0.33,0.544554,0.262626,0.489583,0.25,0.560748,0.193548,0.525773,0.252427,0.449541,0.230769,0.509615,0.229167,0.435185,0.206522,0.434343,0.306931,0.271845,0.371134,0.373737,0.336634,0.238938,0.367816,0.383178,0.354839,0.391304,0.398148,0.5,0.409091,0.504854,0.402062,0.494845,0.436893,0.474227,0.407767,0.415094,0.393617,0.436893,0.505155,0.427184,0.484536,0.553191,0.575472,0.490566,0.5,
600,0.981132,1,0.982609,0.964706,0.990654,0.956989,0.989796,0.980392,0.988372,0.95614,0.989899,0.950495,0.982609,0.976471,0.981982,0.921348,0.963964,0.94382,0.989691,0.980583,1,0.957447,0.963964,0.94382,0.990196,0.94898,0.980583,0.969072,0.964706,0.973913,0.969388,0.95098,0.952381,0.936842,0.680851,0.801887,0.561224,0.676471,0.383929,0.681818,0.5,0.650943,0.5,0.656863,0.495327,0.666667,0.763441,0.53271,0.722222,0.545455,0.66,0.55,0.625,0.5,0.59,0.36,0.52,0.38,0.519231,0.385417,0.44,0.34,0.494949,0.306931,0.280374,0.204301,0.333333,0.247191,0.215054,0.196262,0.232323,0.108911,0.270833,0.182692,0.258427,0.135135,0.290323,0.0654206,0.330357,0.159091,0.235294,0.193878,0.385417,0.240385,0.495327,0.301075,0.41,0.41,0.48,0.37,0.416667,0.326087,0.533333,0.409091,0.460784,0.428571,0.462366,0.457944,0.45283,0.393617,
800,0.979798,0.970297,0.972727,0.955556,0.970874,0.979381,0.988889,0.954545,0.970588,0.989796,0.927835,0.990291,0.977528,0.990991,0.97,0.99,0.978022,0.990826,0.980952,0.978947,0.938776,0.970588,0.932692,0.979167,1,0.95098,0.879121,0.93578,0.867347,0.941176,0.93,0.85,0.928571,0.794118,0.891089,0.59596,0.823529,0.591304,0.901961,0.653061,0.868132,0.614679,0.892473,0.570093,0.899083,0.494505,0.804598,0.460177,0.68932,0.546392,0.621622,0.550562,0.588235,0.602041,0.597938,0.417476,0.59,0.43,0.483871,0.411215,0.440367,0.384615,0.422222,0.381818,0.343137,0.346939,0.297872,0.292453,0.301075,0.252336,0.27027,0.191011,0.346535,0.111111,0.216981,0.223404,0.28866,0.165049,0.219048,0.126316,0.273585,0.106383,0.265306,0.215686,0.292929,0.158416,0.330189,0.191489,0.416667,0.278846,0.505376,0.327103,0.554455,0.343434,0.6,0.377778,0.485437,0.443299,0.648936,0.566038,
1000,0.93617,0.981132,0.947917,0.990385,0.990909,0.977778,0.961905,0.978947,0.964286,0.988636,0.956989,0.981308,0.988889,0.954545,0.931034,0.982301,0.971698,0.946809,0.981818,0.944444,0.976744,0.95614,0.956989,0.915888,0.902913,0.886598,0.892473,0.88785,0.925532,0.896226,0.938144,0.669903,0.815789,0.766129,0.769231,0.6875,0.8,0.673684,0.918919,0.674157,0.877551,0.519608,0.867925,0.425532,0.891089,0.59596,0.803419,0.493976,0.698925,0.560748,0.712963,0.391304,0.659574,0.433962,0.548387,0.523364,0.622449,0.5,0.602041,0.490196,0.445545,0.484848,0.401961,0.44898,0.537634,0.373832,0.452991,0.361446,0.392157,0.336735,0.438095,0.326316,0.411765,0.285714,0.323529,0.316327,0.305556,0.184783,0.232558,0.184211,0.376344,0.317757,0.410526,0.228571,0.444444,0.217822,0.461538,0.25,0.423077,0.270833,0.382022,0.369369,0.584906,0.43617,0.682243,0.408602,0.53,0.34,0.57732,0.456311,
1200,0.975904,0.974359,0.960784,0.94898,0.966667,0.927273,0.947917,0.961538,0.989691,0.932039,0.903846,0.979167,0.904762,0.926316,0.951456,0.948454,0.951456,0.938144,0.959596,0.910891,0.94898,0.95098,0.947368,0.914286,0.932039,0.845361,0.914894,0.896226,0.820755,0.787234,0.898148,0.73913,0.836207,0.702381,0.787037,0.619565,0.758242,0.706422,0.827957,0.663551,0.865385,0.5,0.845361,0.563107,0.847059,0.53913,0.75,0.689655,0.670213,0.518868,0.625,0.583333,0.54902,0.571429,0.485714,0.494737,0.602273,0.517857,0.597561,0.516949,0.539216,0.530612,0.554348,0.398148,0.53125,0.538462,0.417582,0.46789,0.533981,0.484536,0.456522,0.342593,0.408602,0.364486,0.340206,0.223301,0.285714,0.343137,0.428571,0.431373,0.494949,0.366337,0.425532,0.415094,0.42,0.47,0.494253,0.433628,0.540816,0.45098,0.509804,0.346939,0.44086,0.392523,0.61,0.41,0.700935,0.462366,0.644444,0.463636,
1400,0.927273,0.944444,0.954128,0.967033,0.956522,0.953704,0.951456,0.969072,0.947368,0.942857,0.989691,0.961165,0.966667,0.936364,0.920455,0.910714,0.902913,0.948454,0.943925,0.903226,0.963303,0.89011,0.902174,0.87963,0.88,0.87,0.869565,0.731481,0.774194,0.71028,0.768421,0.666667,0.774775,0.460674,0.693878,0.705882,0.7,0.709091,0.767677,0.554455,0.850467,0.55914,0.765217,0.647059,0.794393,0.645161,0.714286,0.602273,0.686047,0.596491,0.634409,0.560748,0.628571,0.568421,0.544554,0.616162,0.479167,0.548077,0.505376,0.523364,0.521277,0.481132,0.480392,0.479592,0.544444,0.527273,0.588889,0.518182,0.516484,0.422018,0.505882,0.634783,0.491071,0.465909,0.436782,0.504425,0.418033,0.346154,0.423077,0.489583,0.416667,0.5,0.462963,0.326087,0.358491,0.5,0.513274,0.505747,0.56701,0.533981,0.588785,0.505376,0.608696,0.546296,0.65625,0.557692,0.57,0.57,0.695238,0.6,
1600,0.918367,0.95098,0.923913,0.935185,0.912088,0.880734,0.921053,0.895349,0.919192,0.910891,0.936842,0.980952,0.953704,0.945652,0.910112,0.945946,0.878505,0.903226,0.896226,0.957447,0.893617,0.858491,0.818182,0.831683,0.901961,0.806122,0.888889,0.809091,0.836735,0.72549,0.755319,0.632075,0.762887,0.669903,0.666667,0.596154,0.663265,0.637255,0.833333,0.642857,0.792453,0.574468,0.615385,0.53125,0.752809,0.477477,0.76,0.53,0.666667,0.6,0.514019,0.548387,0.542857,0.547368,0.685714,0.589474,0.618557,0.660194,0.6,0.571429,0.663043,0.62037,0.5625,0.567308,0.662921,0.504505,0.555556,0.594059,0.475,0.641667,0.5,0.489362,0.490196,0.510204,0.525253,0.445545,0.517241,0.584071,0.526882,0.420561,0.489362,0.40566,0.490385,0.510417,0.617647,0.540816,0.580357,0.534091,0.553191,0.54717,0.626168,0.483871,0.572917,0.548077,0.524272,0.659794,0.55102,0.460784,0.580952,0.610526,
1800,0.881188,0.848485,0.896907,0.84466,0.875,0.884615,0.896226,0.882979,0.854369,0.917526,0.914894,0.867925,0.87619,0.884211,0.912088,0.880734,0.924731,0.869159,0.89899,0.871287,0.897959,0.813725,0.822222,0.854545,0.802198,0.816514,0.83908,0.778761,0.87037,0.695652,0.766355,0.698925,0.701923,0.677083,0.754717,0.659574,0.776786,0.534091,0.688172,0.53271,0.818182,0.60396,0.73,0.53,0.676471,0.469388,0.654206,0.569892,0.565217,0.564815,0.598039,0.5,0.673077,0.625,0.514019,0.698925,0.567568,0.494382,0.575221,0.586207,0.552083,0.557692,0.576923,0.5625,0.715789,0.52381,0.649123,0.476744,0.483871,0.579439,0.65,0.58,0.632075,0.617021,0.5,0.602041,0.62766,0.566038,0.473118,0.514019,0.612245,0.5,0.536082,0.61165,0.60396,0.474747,0.56383,0.481132,0.538462,0.552083,0.632653,0.598039,0.6,0.57,0.663462,0.625,0.631068,0.56701,0.590476,0.621053,
2000,0.923913,0.888889,0.887755,0.882353,0.918919,0.910112,0.902439,0.881356,0.902174,0.805556,0.864583,0.903846,0.83871,0.88785,0.843137,0.877551,0.871287,0.848485,0.867347,0.77451,0.826923,0.802083,0.803922,0.836735,0.810811,0.786517,0.77551,0.764706,0.827273,0.666667,0.72,0.74,0.739583,0.586538,0.696629,0.567568,0.737864,0.57732,0.745455,0.488889,0.768519,0.728261,0.851485,0.636364,0.805556,0.652174,0.686275,0.693878,0.726316,0.533333,0.638889,0.663043,0.52,0.55,0.655914,0.560748,0.578947,0.647619,0.5,0.59375,0.648936,0.518868,0.518072,0.57265,0.582524,0.56701,0.583333,0.567308,0.71875,0.548077,0.568182,0.544643,0.651786,0.488636,0.612245,0.490196,0.489362,0.509434,0.538462,0.623853,0.6,0.466667,0.584158,0.606061,0.542857,0.621053,0.510417,0.586538,0.548673,0.54023,0.658537,0.576271,0.529412,0.571429,0.570175,0.604651,0.554455,0.575758,0.622222,0.554545,
2200,0.862745,0.795918,0.76699,0.835052,0.828571,0.894737,0.755102,0.843137,0.861386,0.878788,0.868421,0.825581,0.76699,0.845361,0.87619,0.852632,0.846154,0.834862,0.765957,0.820755,0.762376,0.787879,0.785047,0.806452,0.72381,0.789474,0.75,0.692308,0.752688,0.588785,0.57,0.55,0.636364,0.663366,0.660194,0.659794,0.594059,0.606061,0.639175,0.621359,0.666667,0.609091,0.619048,0.610526,0.705882,0.591304,0.645161,0.64486,0.695652,0.546296,0.617978,0.612613,0.570093,0.602151,0.577778,0.545455,0.53,0.56,0.6,0.547368,0.591837,0.568627,0.59375,0.615385,0.578947,0.571429,0.532609,0.472222,0.621053,0.580952,0.536842,0.514286,0.622642,0.478723,0.483516,0.522936,0.666667,0.452632,0.579439,0.505376,0.527778,0.532609,0.592233,0.597938,0.571429,0.515789,0.476744,0.552632,0.54902,0.561224,0.637363,0.550459,0.640777,0.515464,0.616822,0.516129,0.54717,0.56383,0.623762,0.525253,
2400,0.796117,0.845361,0.761905,0.715789,0.755102,0.77451,0.831683,0.808081,0.782609,0.824074,0.878505,0.806452,0.831579,0.752381,0.76699,0.845361,0.736842,0.819048,0.802083,0.817308,0.776699,0.773196,0.776596,0.698113,0.780952,0.684211,0.666667,0.616822,0.611111,0.597826,0.670213,0.669811,0.659794,0.679612,0.758621,0.610619,0.669643,0.659091,0.693182,0.589286,0.619048,0.610526,0.659341,0.614679,0.727273,0.625,0.611111,0.636364,0.566372,0.632184,0.57,0.66,0.7,0.57,0.6,0.638095,0.597826,0.583333,0.61165,0.670103,0.504854,0.639175,0.659341,0.522936,0.59375,0.557692,0.552381,0.547368,0.572727,0.566667,0.51,0.57,0.575758,0.445545,0.626263,0.574257,0.62766,0.669811,0.637255,0.653061,0.638095,0.673684,0.504854,0.474227,0.60396,0.616162,0.580952,0.484211,0.535354,0.574257,0.571429,0.613636,0.623529,0.617391,0.666667,0.598131,0.574074,0.434783,0.640449,0.540541,
2600,0.805556,0.782609,0.75,0.738095,0.831461,0.765766,0.811321,0.734043,0.673469,0.754902,0.737374,0.683168,0.696629,0.81982,0.752381,0.8,0.802198,0.706422,0.714286,0.794118,0.788462,0.802083,0.78022,0.761468,0.804124,0.669903,0.793814,0.747573,0.695238,0.736842,0.666667,0.561224,0.68,0.52,0.722772,0.606061,0.719101,0.621622,0.656863,0.540816,0.659794,0.553398,0.718447,0.670103,0.681818,0.508929,0.568807,0.681319,0.626263,0.544554,0.553191,0.603774,0.627451,0.622449,0.56383,0.650943,0.657407,0.728261,0.603774,0.468085,0.666667,0.58427,0.619565,0.601852,0.524752,0.636364,0.641304,0.62037,0.656566,0.534653,0.537736,0.542553,0.571429,0.656863,0.616162,0.50495,0.621053,0.619048,0.572917,0.538462,0.530612,0.598039,0.708333,0.567308,0.513761,0.626374,0.573913,0.670588,0.598131,0.634409,0.608696,0.564815,0.612903,0.551402,0.590476,0.663158,0.742268,0.631068,0.721649,0.563107,
2800,0.773196,0.718447,0.685714,0.715789,0.705357,0.738636,0.798077,0.760417,0.682692,0.770833,0.697917,0.682692,0.72449,0.598039,0.690909,0.644444,0.734694,0.647059,0.736264,0.669725,0.683673,0.715686,0.680672,0.691358,0.622449,0.696078,0.705882,0.632653,0.704082,0.637255,0.60396,0.636364,0.645833,0.634615,0.529412,0.653061,0.54717,0.648936,0.62,0.63,0.709302,0.631579,0.542056,0.741935,0.589474,0.647619,0.570093,0.430108,0.581633,0.578431,0.634615,0.59375,0.619469,0.62069,0.64,0.59,0.623656,0.551402,0.633663,0.676768,0.673913,0.62963,0.537037,0.51087,0.581633,0.627451,0.602041,0.637255,0.533333,0.557895,0.52,0.67,0.553398,0.628866,0.516129,0.579439,0.510638,0.584906,0.625,0.604167,0.536364,0.611111,0.578947,0.571429,0.64,0.57,0.586538,0.53125,0.558559,0.640449,0.598039,0.622449,0.57,0.63,0.553571,0.465909,0.606061,0.574257,0.55914,0.635514,
3000,0.68,0.62,0.747475,0.762376,0.739583,0.615385,0.769912,0.689655,0.712766,0.679245,0.657407,0.641304,0.75,0.769231,0.683673,0.617647,0.757576,0.722772,0.607843,0.540816,0.694737,0.52381,0.771429,0.578947,0.757282,0.608247,0.82243,0.516129,0.719626,0.569892,0.663265,0.607843,0.554455,0.676768,0.678899,0.472527,0.6,0.652632,0.64,0.6,0.658824,0.582609,0.618557,0.553398,0.601852,0.652174,0.592233,0.670103,0.676768,0.574257,0.621053,0.580952,0.615385,0.578313,0.591398,0.598131,0.578947,0.666667,0.62,0.62,0.622449,0.539216,0.602151,0.542056,0.59,0.56,0.576471,0.486957,0.559633,0.527473,0.659794,0.640777,0.6,0.666667,0.669903,0.536082,0.65,0.63,0.646465,0.70297,0.690722,0.660194,0.571429,0.511364,0.56044,0.623853,0.6,0.463158,0.611111,0.536364,0.581818,0.644444,0.555556,0.584158,0.72043,0.542056,0.602151,0.663551,0.483146,0.720721,
3200,0.589474,0.657143,0.786517,0.738739,0.638889,0.706522,0.627451,0.714286,0.72,0.74,0.650485,0.742268,0.626374,0.715596,0.648936,0.650943,0.712766,0.716981,0.6875,0.75,0.608696,0.694444,0.676471,0.683673,0.576923,0.71875,0.659794,0.708738,0.594059,0.737374,0.610526,0.666667,0.67,0.53,0.688073,0.692308,0.577982,0.461538,0.672414,0.619048,0.490385,0.583333,0.627273,0.522222,0.666667,0.586538,0.58,0.61,0.651786,0.579545,0.673469,0.54902,0.657143,0.6,0.670213,0.603774,0.545455,0.488889,0.609524,0.505263,0.537037,0.565217,0.520408,0.558824,0.548077,0.5625,0.525773,0.650485,0.604167,0.451923,0.685185,0.5,0.465347,0.626263,0.616162,0.613861,0.550459,0.516484,0.621359,0.618557,0.626087,0.635294,0.575758,0.594059,0.555556,0.619565,0.646465,0.663366,0.44898,0.617647,0.587629,0.640777,0.586957,0.574074,0.58,0.69,0.561224,0.696078,0.58,0.58,
3400,0.57,0.72,0.618557,0.679612,0.707547,0.617021,0.621359,0.608247,0.684211,0.590476,0.673267,0.575758,0.705882,0.642857,0.716981,0.659574,0.642105,0.704762,0.55914,0.607477,0.607843,0.663265,0.622449,0.607843,0.636364,0.564356,0.604651,0.578947,0.442105,0.628571,0.607143,0.672414,0.514851,0.69697,0.543478,0.703704,0.56383,0.650943,0.695238,0.621053,0.704082,0.617647,0.613861,0.656566,0.654762,0.655172,0.565657,0.544554,0.657143,0.578947,0.577778,0.527273,0.659574,0.622642,0.489796,0.627451,0.688073,0.538462,0.672727,0.611111,0.615385,0.6875,0.679612,0.57732,0.65625,0.5,0.66,0.53,0.552083,0.596154,0.608696,0.552941,0.549451,0.587156,0.644231,0.625,0.56,0.54,0.536842,0.561905,0.6,0.6,0.553191,0.622642,0.643478,0.6,0.601695,0.573171,0.637255,0.571429,0.580952,0.547368,0.690722,0.582524,0.560748,0.602151,0.59596,0.554455,0.642857,0.656863,
3600,0.652632,0.647619,0.63,0.6,0.613208,0.62766,0.579439,0.688172,0.655172,0.513274,0.608247,0.621359,0.623656,0.691589,0.645833,0.615385,0.68,0.6,0.655914,0.635514,0.657143,0.652632,0.677778,0.718182,0.72449,0.735294,0.619048,0.705263,0.707547,0.702128,0.716981,0.606383,0.602041,0.607843,0.585859,0.613861,0.612069,0.595238,0.579439,0.591398,0.626263,0.653465,0.536082,0.582524,0.593407,0.587156,0.567308,0.604167,0.570175,0.569767,0.601942,0.56701,0.537634,0.570093,0.612903,0.570093,0.504587,0.604396,0.609756,0.597403,0.54,0.51,0.519231,0.614583,0.474747,0.623762,0.60177,0.62069,0.588889,0.581818,0.526316,0.609524,0.540816,0.598039,0.742268,0.660194,0.651786,0.534091,0.70297,0.565657,0.6,0.647059,0.54717,0.638298,0.616162,0.653465,0.533333,0.694737,0.643564,0.606061,0.686869,0.653465,0.581818,0.566667,0.588235,0.540816,0.569767,0.54386,0.7,0.54,
3800,0.652174,0.682353,0.643678,0.619469,0.579832,0.666667,0.643564,0.565657,0.572917,0.596154,0.752809,0.684685,0.683168,0.636364,0.579439,0.752688,0.676768,0.663366,0.622222,0.663636,0.722772,0.565657,0.56701,0.669903,0.686275,0.55102,0.693069,0.626263,0.714286,0.54902,0.542056,0.580645,0.622807,0.639535,0.577778,0.572727,0.598131,0.602151,0.666667,0.554348,0.672727,0.677778,0.71875,0.5,0.6,0.609524,0.560748,0.602151,0.564815,0.652174,0.510204,0.588235,0.572816,0.57732,0.611111,0.554348,0.543689,0.608247,0.631579,0.647619,0.589474,0.590476,0.657143,0.673684,0.587629,0.640777,0.542553,0.59434,0.545455,0.633663,0.571429,0.539216,0.717647,0.608696,0.575758,0.693069,0.540541,0.741573,0.652632,0.580952,0.592233,0.618557,0.572917,0.586538,0.523256,0.561404,0.576087,0.657407,0.539326,0.576577,0.504202,0.518519,0.567901,0.621849,0.590909,0.598214,0.575472,0.617021,0.603774,0.648936,
4000,0.582418,0.550459,0.663636,0.644444,0.583333,0.663043,0.637363,0.614679,0.608696,0.666667,0.58,0.62,0.666667,0.622449,0.610619,0.643678,0.615385,0.651376,0.694737,0.695238,0.622449,0.647059,0.679245,0.659574,0.679612,0.639175,0.59375,0.634615,0.654545,0.688889,0.619469,0.632184,0.572917,0.653846,0.583333,0.548077,0.688889,0.645455,0.557895,0.619048,0.571429,0.59633,0.610619,0.597701,0.489796,0.539216,0.494253,0.584071,0.642857,0.568627,0.67,0.59,0.621622,0.483146,0.574257,0.575758,0.54717,0.62766,0.663158,0.580952,0.614679,0.626374,0.607477,0.580645,0.581633,0.529412,0.604651,0.649123,0.6,0.636364,0.540816,0.656863,0.513514,0.58427,0.596154,0.635417,0.633028,0.593407,0.53125,0.519231,0.693878,0.568627,0.614583,0.605769,0.648148,0.532609,0.6,0.647619,0.71,0.53,0.653061,0.617647,0.613861,0.575758,0.553191,0.679245,0.53125,0.567308,0.509804,0.642857,
4200,0.631579,0.616279,0.606061,0.534653,0.569892,0.64486,0.607843,0.581633,0.568421,0.638095,0.663366,0.676768,0.57265,0.60241,0.598039,0.622449,0.553191,0.584906,0.634409,0.588785,0.569767,0.701754,0.642105,0.628571,0.654545,0.611111,0.6,0.58,0.653465,0.585859,0.676471,0.622449,0.639344,0.615385,0.663636,0.611111,0.63,0.69,0.617021,0.641509,0.568421,0.552381,0.609524,0.642105,0.653061,0.647059,0.659574,0.632075,0.663265,0.588235,0.56701,0.631068,0.574257,0.646465,0.56701,0.708738,0.60396,0.616162,0.648352,0.642202,0.609195,0.539823,0.59375,0.5,0.561224,0.558824,0.626168,0.634409,0.638298,0.669811,0.548387,0.523364,0.646552,0.52381,0.575758,0.613861,0.673913,0.62963,0.580952,0.557895,0.587156,0.637363,0.53,0.71,0.650943,0.702128,0.73,0.49,0.62963,0.565217,0.597938,0.68932,0.55102,0.637255,0.533333,0.609091,0.632075,0.574468,0.587629,0.485437,
4400,0.613861,0.575758,0.691489,0.679245,0.636364,0.693069,0.612903,0.560748,0.618557,0.582524,0.552083,0.605769,0.659574,0.59434,0.643678,0.681416,0.563107,0.597938,0.585859,0.653465,0.656566,0.594059,0.595745,0.54717,0.594059,0.505051,0.603604,0.617978,0.627451,0.540816,0.606061,0.544554,0.772277,0.585859,0.595506,0.576577,0.653465,0.59596,0.653846,0.625,0.715686,0.561224,0.740385,0.541667,0.673267,0.616162,0.571429,0.536842,0.571429,0.509804,0.597403,0.642276,0.576577,0.662921,0.586538,0.510417,0.734694,0.647059,0.70297,0.525253,0.575758,0.623762,0.549451,0.559633,0.576923,0.635417,0.626168,0.645161,0.695652,0.722222,0.699029,0.659794,0.623762,0.666667,0.648352,0.513761,0.637255,0.673469,0.62,0.55,0.641509,0.62766,0.634615,0.625,0.636364,0.508929,0.54902,0.622449,0.552083,0.519231,0.565217,0.638889,0.564356,0.606061,0.584071,0.62069,0.61,0.56,0.6,0.6,
4600,0.567568,0.58427,0.569892,0.616822,0.606061,0.564356,0.666667,0.571429,0.561224,0.578431,0.58,0.54,0.617647,0.581633,0.628571,0.621053,0.571429,0.625,0.711111,0.609091,0.654762,0.603448,0.674419,0.482456,0.580645,0.616822,0.602041,0.686275,0.526882,0.579439,0.61,0.6,0.598214,0.522727,0.673469,0.588235,0.530612,0.509804,0.550459,0.714286,0.516484,0.587156,0.60241,0.683761,0.475728,0.56701,0.589474,0.6,0.538462,0.510417,0.583333,0.586957,0.554455,0.555556,0.603774,0.638298,0.646465,0.643564,0.527778,0.576087,0.584071,0.586207,0.614679,0.549451,0.683168,0.636364,0.551402,0.612903,0.548077,0.666667,0.660194,0.690722,0.639175,0.660194,0.506024,0.623932,0.61,0.67,0.678571,0.579545,0.557895,0.542857,0.588235,0.643478,0.561798,0.630631,0.592593,0.576087,0.703297,0.633028,0.574257,0.69697,0.570175,0.616279,0.548077,0.666667,0.612245,0.54902,0.703297,0.633028,
4800,0.572816,0.659794,0.590476,0.568421,0.647059,0.703704,0.640351,0.593023,0.603774,0.56383,0.479167,0.625,0.576087,0.592593,0.634615,0.614583,0.65625,0.673077,0.5,0.576087,0.584158,0.626263,0.529412,0.663265,0.553191,0.707547,0.647059,0.55102,0.618557,0.660194,0.522727,0.607143,0.49,0.67,0.528736,0.60177,0.572917,0.625,0.534653,0.585859,0.586538,0.5,0.578947,0.647619,0.533333,0.590909,0.606061,0.60396,0.537634,0.607477,0.67,0.59,0.538462,0.577982,0.592233,0.56701,0.505155,0.533981,0.559633,0.538462,0.55914,0.654206,0.59434,0.56383,0.609524,0.578947,0.588235,0.632653,0.684783,0.592593,0.571429,0.587156,0.516854,0.54955,0.552381,0.673684,0.569892,0.588785,0.557895,0.590476,0.576923,0.59375,0.534653,0.656566,0.592233,0.618557,0.626087,0.588235,0.693878,0.54902,0.605263,0.569767,0.682927,0.525424,0.59375,0.634615,0.560748,0.688172,0.57732,0.708738,
5000,0.655556,0.563636,0.676768,0.584158,0.636364,0.544554,0.632479,0.566265,0.632653,0.588235,0.61165,0.525773,0.517241,0.646018,0.652632,0.580952,0.466019,0.649485,0.670103,0.592233,0.588785,0.591398,0.617647,0.602041,0.615385,0.572917,0.607843,0.663265,0.715686,0.591837,0.701031,0.621359,0.692308,0.587156,0.726316,0.628571,0.681818,0.533333,0.61,0.66,0.643678,0.513274,0.56044,0.633028,0.669903,0.597938,0.683673,0.627451,0.602151,0.654206,0.612245,0.568627,0.61,0.56,0.547368,0.6,0.616162,0.60396,0.638889,0.673913,0.594059,0.585859,0.591837,0.705882,0.557692,0.65625,0.566667,0.581818,0.566038,0.574468,0.55102,0.578431,0.654206,0.483871,0.634409,0.607477,0.656863,0.561224,0.670213,0.528302,0.559633,0.615385,0.586777,0.443038,0.666667,0.634615,0.489583,0.663462,0.561905,0.663158,0.642105,0.533333,0.553191,0.613208,0.553398,0.608247,0.63,0.51,0.552083,0.653846,
5200,0.605769,0.572917,0.608247,0.669903,0.605769,0.572917,0.510638,0.528302,0.567308,0.614583,0.666667,0.616822,0.531915,0.613208,0.669643,0.556818,0.604651,0.666667,0.55102,0.627451,0.515789,0.685714,0.657407,0.576087,0.61,0.65,0.524752,0.575758,0.526882,0.598131,0.633333,0.681818,0.554622,0.604938,0.557522,0.655172,0.59,0.66,0.681034,0.547619,0.617978,0.657658,0.614583,0.586538,0.612903,0.654206,0.570175,0.604651,0.556604,0.617021,0.618421,0.66129,0.582524,0.56701,0.619469,0.655172,0.616822,0.569892,0.557895,0.533333,0.590909,0.677778,0.618557,0.543689,0.606061,0.633663,0.571429,0.666667,0.631579,0.619048,0.557692,0.625,0.616822,0.569892,0.554455,0.565657,0.552381,0.568421,0.655914,0.551402,0.571429,0.515789,0.639175,0.631068,0.62,0.61,0.622642,0.585106,0.429907,0.623656,0.585106,0.556604,0.598291,0.614458,0.514286,0.515789,0.553398,0.649485,0.55102,0.617647,
5400,0.56701,0.601942,0.485714,0.547368,0.6,0.663158,0.678161,0.646018,0.628866,0.669903,0.572727,0.566667,0.595745,0.528302,0.510638,0.54717,0.611111,0.543478,0.734694,0.705882,0.581633,0.54902,0.64,0.54,0.534653,0.676768,0.604651,0.666667,0.6,0.54,0.592233,0.680412,0.591837,0.54902,0.49,0.64,0.513761,0.769231,0.543689,0.597938,0.57732,0.621359,0.597938,0.631068,0.618557,0.640777,0.584158,0.646465,0.537037,0.652174,0.572917,0.605769,0.6125,0.566667,0.601942,0.505155,0.625,0.567308,0.556701,0.699029,0.626263,0.584158,0.62037,0.673913,0.589474,0.580952,0.58427,0.585586,0.640449,0.648649,0.591398,0.700935,0.653061,0.637255,0.554348,0.62037,0.669565,0.505882,0.574468,0.669811,0.52,0.67,0.612613,0.696629,0.5,0.59322,0.555556,0.524752,0.615385,0.623853,0.59,0.58,0.5,0.659574,0.561798,0.648649,0.623656,0.654206,0.613861,0.666667,
5600,0.572816,0.57732,0.6,0.556522,0.637255,0.591837,0.652632,0.571429,0.616162,0.574257,0.598131,0.655914,0.656566,0.633663,0.616162,0.564356,0.621053,0.466667,0.495495,0.617978,0.556701,0.650485,0.606383,0.679245,0.641509,0.62766,0.578431,0.530612,0.561224,0.598039,0.62766,0.528302,0.552083,0.519231,0.602273,0.625,0.553398,0.57732,0.585106,0.603774,0.626374,0.559633,0.555556,0.633663,0.638095,0.631579,0.510638,0.622642,0.524752,0.636364,0.565217,0.648148,0.618182,0.588889,0.505051,0.60396,0.551402,0.623656,0.536082,0.669903,0.714286,0.736842,0.551402,0.602151,0.54717,0.62766,0.663158,0.628571,0.666667,0.565217,0.649485,0.553398,0.56383,0.632075,0.643564,0.616162,0.541284,0.582418,0.58,0.65,0.594059,0.606061,0.589286,0.522727,0.625,0.5,0.58,0.64,0.54902,0.632653,0.56044,0.651376,0.603774,0.553191,0.606061,0.653465,0.51,0.63,0.660377,0.393617,
5800,0.48,0.52,0.58,0.52,0.647059,0.561224,0.576923,0.697917,0.540816,0.627451,0.639175,0.592233,0.573034,0.621622,0.7,0.577778,0.633663,0.585859,0.524752,0.555556,0.691589,0.55914,0.612903,0.579439,0.521739,0.657407,0.541667,0.528846,0.553398,0.597938,0.666667,0.5,0.585106,0.679245,0.663366,0.545455,0.621359,0.618557,0.59596,0.594059,0.564356,0.59596,0.595745,0.679245,0.643564,0.585859,0.504673,0.677419,0.614583,0.721154,0.623762,0.727273,0.571429,0.480392,0.625,0.625,0.62766,0.509434,0.62963,0.554348,0.573034,0.585586,0.586957,0.592593,0.666667,0.646552,0.633929,0.636364,0.582418,0.568807,0.545455,0.554455,0.594059,0.585859,0.636364,0.577778,0.520408,0.568627,0.471698,0.606383,0.540816,0.647059,0.531915,0.613208,0.601942,0.639175,0.705263,0.609524,0.632653,0.539216,0.570175,0.755814,0.561798,0.576577,0.613208,0.553191,0.57732,0.563107,0.515152,0.643564,
6000,0.553398,0.618557,0.604167,0.721154,0.633333,0.527273,0.61165,0.670103,0.628866,0.601942,0.597938,0.650485,0.574468,0.679245,0.651376,0.593407,0.576087,0.62963,0.656566,0.584158,0.579439,0.634409,0.570093,0.602151,0.555556,0.653465,0.595506,0.585586,0.5625,0.673077,0.598131,0.655914,0.785714,0.617647,0.646018,0.689655,0.59375,0.538462,0.56383,0.566038,0.482759,0.59292,0.6,0.631579,0.607843,0.663265,0.577982,0.637363,0.57732,0.572816,0.64,0.55,0.57,0.59,0.585859,0.683168,0.614583,0.711538,0.606383,0.641509,0.59596,0.60396,0.618557,0.650485,0.614679,0.692308,0.588889,0.590909,0.588235,0.520408,0.598039,0.428571,0.59434,0.659574,0.685714,0.6,0.598039,0.612245,0.490196,0.540816,0.628866,0.621359,0.58,0.6,0.613208,0.680851,0.535354,0.594059,0.716981,0.648936,0.68,0.51,0.564356,0.565657,0.609091,0.544444,0.684211,0.580952,0.615385,0.614458,
6200,0.588785,0.569892,0.618182,0.6,0.707071,0.544554,0.637255,0.642857,0.66,0.66,0.603774,0.56383,0.637255,0.632653,0.563107,0.56701,0.656863,0.602041,0.59434,0.510638,0.521277,0.603774,0.54717,0.606383,0.619048,0.589474,0.676768,0.762376,0.642105,0.590476,0.490196,0.581633,0.448598,0.516129,0.553398,0.525773,0.537736,0.56383,0.577778,0.481818,0.615385,0.625,0.615385,0.520833,0.59,0.57,0.62069,0.628319,0.561224,0.627451,0.60396,0.424242,0.56383,0.5,0.6,0.580952,0.608696,0.62037,0.521277,0.603774,0.6,0.631579,0.552083,0.596154,0.690722,0.621359,0.537736,0.574468,0.598214,0.579545,0.589474,0.52381,0.557692,0.583333,0.62069,0.595238,0.571429,0.578431,0.6,0.627273,0.524272,0.701031,0.60396,0.636364,0.654206,0.623656,0.645833,0.596154,0.520408,0.705882,0.641304,0.601852,0.663043,0.537037,0.576577,0.52809,0.64486,0.580645,0.560748,0.516129,
6400,0.628571,0.610526,0.52381,0.621053,0.613208,0.680851,0.543689,0.56701,0.62963,0.641304,0.676768,0.594059,0.55102,0.745098,0.615385,0.642202,0.527473,0.550459,0.613636,0.571429,0.59434,0.585106,0.607843,0.632653,0.63964,0.539326,0.666667,0.598131,0.650485,0.639175,0.638889,0.619565,0.611111,0.51087,0.63,0.65,0.614679,0.593407,0.595506,0.63964,0.626087,0.552941,0.656566,0.653465,0.588235,0.612245,0.650485,0.597938,0.622449,0.490196,0.583333,0.596154,0.630435,0.694444,0.578431,0.602041,0.6875,0.625,0.570093,0.612903,0.589286,0.534091,0.626087,0.623529,0.55102,0.470588,0.709677,0.635514,0.524272,0.680412,0.660714,0.647727,0.637255,0.612245,0.605769,0.53125,0.6,0.58,0.684211,0.55814,0.614583,0.519231,0.724409,0.643836,0.63,0.61,0.601942,0.618557,0.673469,0.578431,0.439252,0.548387,0.45977,0.59292,0.670732,0.601695,0.538462,0.550459,0.5,0.676471,
6600,0.638298,0.641509,0.505495,0.605505,0.621053,0.590476,0.550562,0.603604,0.59633,0.549451,0.575221,0.586207,0.607595,0.603306,0.52381,0.589474,0.54,0.65,0.590476,0.526316,0.56383,0.537736,0.563107,0.608247,0.618557,0.524272,0.6,0.627273,0.678899,0.736264,0.604167,0.576923,0.526316,0.571429,0.523364,0.612903,0.642857,0.588235,0.568807,0.692308,0.63,0.59,0.60396,0.606061,0.663366,0.545455,0.578431,0.612245,0.60396,0.535354,0.66055,0.659341,0.607477,0.55914,0.68,0.66,0.556701,0.61165,0.65625,0.567308,0.679245,0.574468,0.623762,0.585859,0.561905,0.705263,0.635514,0.634409,0.61165,0.639175,0.585859,0.673267,0.567308,0.666667,0.648352,0.541284,0.606061,0.663366,0.561224,0.568627,0.607843,0.55102,0.6,0.68,0.621622,0.629213,0.666667,0.527273,0.583333,0.543478,0.640777,0.659794,0.637168,0.574713,0.606061,0.60396,0.571429,0.589474,0.674419,0.605263,
6800,0.659091,0.625,0.712963,0.619565,0.510638,0.5,0.752475,0.555556,0.54,0.61,0.568627,0.55102,0.694915,0.487805,0.646018,0.563218,0.683168,0.59596,0.617978,0.585586,0.606061,0.732673,0.700855,0.638554,0.607477,0.612903,0.634783,0.635294,0.637255,0.55102,0.547368,0.580952,0.5625,0.596154,0.536364,0.544444,0.698113,0.531915,0.690909,0.622222,0.673267,0.59596,0.590476,0.621053,0.637255,0.581633,0.581633,0.598039,0.648148,0.652174,0.514563,0.56701,0.574468,0.59434,0.574257,0.424242,0.597938,0.61165,0.6,0.7,0.588889,0.627273,0.647059,0.602041,0.663551,0.612903,0.59596,0.623762,0.584906,0.531915,0.495146,0.556701,0.59,0.65,0.634615,0.697917,0.550459,0.582418,0.617647,0.612245,0.578947,0.647619,0.567308,0.697917,0.521277,0.622642,0.576087,0.666667,0.681319,0.513761,0.588235,0.530612,0.566038,0.595745,0.546392,0.592233,0.627451,0.632653,0.637255,0.693878,
7000,0.62963,0.565217,0.597938,0.631068,0.648649,0.629213,0.578431,0.571429,0.648148,0.565217,0.541284,0.527473,0.571429,0.550459,0.555556,0.633663,0.55,0.67,0.555556,0.574257,0.614679,0.56044,0.563218,0.584071,0.633663,0.515152,0.55102,0.617647,0.544444,0.618182,0.590909,0.6,0.686869,0.712871,0.564356,0.69697,0.484536,0.669903,0.471154,0.760417,0.670103,0.553398,0.566038,0.393617,0.546512,0.614035,0.621359,0.525773,0.614583,0.644231,0.5625,0.528846,0.567568,0.617978,0.675676,0.640449,0.633663,0.575758,0.574257,0.59596,0.584906,0.680851,0.52381,0.642105,0.473118,0.663551,0.522124,0.586207,0.574257,0.59596,0.636364,0.574257,0.54902,0.602041,0.584158,0.636364,0.642202,0.648352,0.541284,0.593407,0.602041,0.637255,0.64,0.57,0.6,0.73,0.571429,0.647059,0.596154,0.65625,0.602041,0.637255,0.557692,0.6875,0.657143,0.642105,0.59434,0.531915,0.643564,0.545455,
7200,0.63,0.6,0.666667,0.673267,0.627451,0.591837,0.524272,0.628866,0.609524,0.705263,0.588785,0.731183,0.5,0.604167,0.641304,0.685185,0.695652,0.5,0.570093,0.655914,0.540816,0.568627,0.577778,0.636364,0.673684,0.542857,0.680412,0.592233,0.581818,0.522222,0.64,0.56,0.547368,0.666667,0.586207,0.619469,0.722892,0.547009,0.590476,0.484211,0.636364,0.511111,0.581633,0.77451,0.677083,0.596154,0.528302,0.648936,0.650485,0.659794,0.531915,0.641509,0.62963,0.684783,0.544554,0.585859,0.541667,0.653846,0.565657,0.544554,0.53271,0.548387,0.663462,0.645833,0.59,0.63,0.515152,0.584158,0.564356,0.59596,0.643564,0.676768,0.690722,0.592233,0.622642,0.542553,0.613208,0.553191,0.606383,0.688679,0.672566,0.655172,0.606061,0.554455,0.65,0.62,0.643564,0.727273,0.6,0.64,0.6,0.631579,0.522222,0.6,0.614035,0.651163,0.55914,0.570093,0.666667,0.653061,
7400,0.632075,0.659574,0.618182,0.555556,0.603774,0.638298,0.524272,0.484536,0.633929,0.556818,0.645161,0.616822,0.556701,0.68932,0.633333,0.627273,0.588889,0.690909,0.59375,0.615385,0.666667,0.6,0.663265,0.578431,0.642105,0.6,0.572917,0.557692,0.64486,0.526882,0.609524,0.684211,0.571429,0.558824,0.634409,0.551402,0.627451,0.612245,0.586957,0.666667,0.551402,0.591398,0.594059,0.525253,0.651376,0.615385,0.623853,0.615385,0.575758,0.524752,0.585106,0.59434,0.563636,0.633333,0.548387,0.570093,0.747475,0.683168,0.576577,0.629213,0.635294,0.547826,0.587629,0.563107,0.594595,0.651685,0.666667,0.594059,0.533981,0.639175,0.556701,0.61165,0.612245,0.666667,0.585586,0.561798,0.544444,0.590909,0.596154,0.614583,0.690909,0.744444,0.504505,0.516854,0.588235,0.602041,0.626263,0.564356,0.577778,0.581818,0.572917,0.528846,0.627273,0.588889,0.625,0.605769,0.634409,0.542056,0.588785,0.548387,
7600,0.637255,0.571429,0.555556,0.49505,0.479592,0.568627,0.616071,0.625,0.638095,0.673684,0.571429,0.656863,0.606061,0.594059,0.534884,0.561404,0.558824,0.55102,0.592233,0.608247,0.686275,0.540816,0.53211,0.615385,0.495327,0.612903,0.528846,0.614583,0.637255,0.632653,0.676471,0.622449,0.59596,0.544554,0.666667,0.44898,0.614679,0.604396,0.584158,0.585859,0.575472,0.744681,0.583333,0.565217,0.644231,0.583333,0.612903,0.588785,0.57732,0.485437,0.627451,0.622449,0.650943,0.638298,0.621622,0.58427,0.632479,0.554217,0.585366,0.533898,0.533333,0.557895,0.56,0.57,0.582524,0.546392,0.536082,0.650485,0.621622,0.539326,0.585859,0.643564,0.584158,0.646465,0.584158,0.555556,0.602041,0.568627,0.593407,0.504587,0.580357,0.602273,0.68,0.66,0.540816,0.617647,0.628571,0.610526,0.623762,0.686869,0.669643,0.579545,0.627273,0.511111,0.61165,0.639175,0.718447,0.57732,0.606061,0.60396,
7800,0.625,0.557692,0.709302,0.596491,0.747748,0.58427,0.578431,0.530612,0.747573,0.536082,0.521739,0.527778,0.618182,0.5,0.628866,0.621359,0.586207,0.59292,0.602041,0.539216,0.535354,0.524752,0.49505,0.606061,0.652632,0.485714,0.6,0.53,0.598039,0.663265,0.6,0.56,0.656566,0.663366,0.485714,0.652632,0.590476,0.6,0.552083,0.625,0.633663,0.656566,0.56383,0.613208,0.663265,0.617647,0.656566,0.613861,0.480392,0.663265,0.712644,0.610619,0.59375,0.634615,0.576923,0.739583,0.65625,0.567308,0.56701,0.650485,0.537736,0.606383,0.590909,0.622222,0.585106,0.688679,0.632653,0.637255,0.689655,0.637168,0.653061,0.647059,0.574074,0.608696,0.535354,0.633663,0.617647,0.581633,0.54,0.64,0.542553,0.566038,0.536082,0.572816,0.592593,0.608696,0.583333,0.554348,0.62,0.65,0.692308,0.604167,0.528846,0.604167,0.645161,0.598131,0.48,0.71,0.679245,0.574468,
8000,0.576923,0.625,0.629213,0.630631,0.548077,0.635417,0.72,0.61,0.587629,0.592233,0.685714,0.631579,0.645161,0.560748,0.75,0.509615,0.5625,0.586538,0.536082,0.640777,0.608247,0.553398,0.640449,0.630631,0.638889,0.597826,0.571429,0.617647,0.618182,0.622222,0.732558,0.684211,0.557895,0.638095,0.567308,0.666667,0.59596,0.554455,0.597701,0.566372,0.575758,0.544554,0.602041,0.656863,0.580952,0.705263,0.653061,0.529412,0.515789,0.619048,0.62766,0.707547,0.603604,0.617978,0.645161,0.598131,0.565217,0.611111,0.581633,0.617647,0.632075,0.755319,0.602041,0.45098,0.672269,0.54321,0.68932,0.628866,0.626263,0.465347,0.601852,0.576087,0.59596,0.49505,0.633663,0.676768,0.55,0.61,0.660377,0.638298,0.594828,0.535714,0.5625,0.586538,0.556604,0.638298,0.557692,0.520833,0.57,0.57,0.595506,0.567568,0.70297,0.555556,0.539216,0.622449,0.673077,0.697917,0.557692,0.5625,
8200,0.586538,0.541667,0.608696,0.611111,0.626263,0.683168,0.478723,0.632075,0.542553,0.556604,0.53125,0.615385,0.603448,0.654762,0.570093,0.602151,0.561905,0.589474,0.643564,0.535354,0.632653,0.54902,0.608247,0.533981,0.659794,0.699029,0.514286,0.589474,0.604167,0.538462,0.598214,0.488636,0.691489,0.669811,0.567308,0.5625,0.552083,0.625,0.509434,0.691489,0.509259,0.586957,0.520833,0.625,0.588785,0.430108,0.612245,0.666667,0.652632,0.6,0.602041,0.539216,0.617978,0.621622,0.623656,0.682243,0.575472,0.606383,0.666667,0.485981,0.62,0.51,0.614583,0.730769,0.54386,0.523256,0.572816,0.639175,0.605505,0.681319,0.623853,0.582418,0.679612,0.536082,0.638889,0.608696,0.577778,0.463636,0.637255,0.520408,0.526882,0.523364,0.607143,0.568182,0.612245,0.666667,0.477064,0.637363,0.680412,0.640777,0.557692,0.59375,0.660714,0.534091,0.6,0.571429,0.528302,0.648936,0.58,0.7,
8400,0.594595,0.595506,0.513761,0.648352,0.677419,0.551402,0.636364,0.60396,0.591837,0.637255,0.681818,0.5625,0.538462,0.552083,0.642857,0.647727,0.505263,0.580952,0.638298,0.575472,0.566038,0.585106,0.585106,0.622642,0.619565,0.564815,0.627451,0.622449,0.557692,0.552083,0.63,0.56,0.535354,0.564356,0.666667,0.560748,0.638889,0.576087,0.625,0.53125,0.627451,0.561224,0.59,0.57,0.543478,0.648148,0.564706,0.582609,0.678571,0.613636,0.618557,0.621359,0.662921,0.558559,0.617647,0.510204,0.558824,0.571429,0.689655,0.566372,0.688073,0.593407,0.663793,0.595238,0.608247,0.592233,0.621359,0.556701,0.504587,0.648352,0.663158,0.609524,0.607843,0.612245,0.675439,0.593023,0.531915,0.650943,0.490566,0.638298,0.651163,0.605263,0.6,0.628571,0.568627,0.571429,0.628571,0.6,0.564815,0.608696,0.53271,0.569892,0.641975,0.579832,0.607143,0.670455,0.652632,0.609524,0.650485,0.515464,
8600,0.554348,0.527778,0.574257,0.686869,0.541667,0.576923,0.594595,0.640449,0.660194,0.57732,0.628319,0.586207,0.606061,0.643564,0.546512,0.614035,0.637255,0.632653,0.604167,0.605769,0.578431,0.622449,0.57732,0.708738,0.611111,0.619565,0.625,0.607143,0.648936,0.613208,0.717172,0.633663,0.670213,0.622642,0.59375,0.548077,0.642857,0.509804,0.582524,0.525773,0.690722,0.601942,0.626263,0.633663,0.59375,0.663462,0.613636,0.589286,0.51087,0.666667,0.663551,0.602151,0.615385,0.651376,0.62963,0.554348,0.514286,0.526316,0.545455,0.60396,0.57,0.53,0.612245,0.617647,0.531915,0.660377,0.635417,0.538462,0.55,0.53,0.54717,0.585106,0.59375,0.663462,0.536842,0.609524,0.575758,0.574257,0.592233,0.690722,0.623656,0.626168,0.582418,0.513761,0.561224,0.539216,0.686275,0.530612,0.596154,0.625,0.532609,0.518519,0.609524,0.578947,0.601852,0.51087,0.504673,0.612903,0.62963,0.608696,
8800,0.686869,0.60396,0.54717,0.489362,0.561224,0.637255,0.53271,0.602151,0.59375,0.605769,0.59596,0.574257,0.617647,0.612245,0.663265,0.637255,0.590909,0.616071,0.639175,0.708738,0.688679,0.659574,0.660377,0.521277,0.707071,0.683168,0.666667,0.608696,0.602041,0.627451,0.613861,0.646465,0.556604,0.595745,0.528846,0.697917,0.653846,0.614583,0.704082,0.647059,0.466667,0.578947,0.517857,0.613636,0.574468,0.490566,0.625,0.65625,0.643564,0.646465,0.571429,0.568627,0.66,0.54,0.545455,0.623762,0.575472,0.648936,0.59,0.54,0.580645,0.542056,0.680412,0.514563,0.544554,0.626263,0.60396,0.666667,0.642857,0.715686,0.561224,0.558824,0.533981,0.639175,0.63,0.62,0.616071,0.579545,0.591304,0.658824,0.638889,0.663043,0.683673,0.715686,0.585586,0.58427,0.59375,0.634615,0.54,0.62,0.557692,0.666667,0.623762,0.666667,0.538462,0.5625,0.56383,0.613208,0.62037,0.586957,
9000,0.534653,0.636364,0.637363,0.633028,0.591837,0.696078,0.670213,0.641509,0.466667,0.527273,0.5,0.59,0.616822,0.580645,0.705882,0.643478,0.53,0.62,0.608247,0.563107,0.568421,0.647619,0.6875,0.701923,0.527473,0.587156,0.565657,0.554455,0.602041,0.539216,0.617978,0.576577,0.544643,0.556818,0.642202,0.604396,0.609091,0.666667,0.557692,0.635417,0.627451,0.479592,0.616279,0.754386,0.528736,0.663717,0.568807,0.67033,0.6,0.609524,0.598291,0.518072,0.609524,0.642105,0.666667,0.605769,0.4375,0.613636,0.567308,0.666667,0.57732,0.592233,0.582524,0.628866,0.6,0.526316,0.56,0.67,0.527778,0.728261,0.509615,0.572917,0.627451,0.591837,0.635514,0.580645,0.677778,0.645455,0.729167,0.653846,0.621359,0.494845,0.585859,0.60396,0.618182,0.588889,0.574713,0.637168,0.68,0.67,0.63,0.56,0.566667,0.572727,0.625,0.586538,0.634615,0.541667,0.494949,0.594059,
9200,0.623762,0.606061,0.705263,0.638095,0.646465,0.524752,0.628866,0.679612,0.588235,0.602041,0.656863,0.653061,0.607843,0.510204,0.622449,0.607843,0.71875,0.557692,0.495327,0.612903,0.646465,0.663366,0.566667,0.6,0.617021,0.641509,0.506173,0.680672,0.708738,0.639175,0.617978,0.702703,0.495327,0.591398,0.674157,0.63964,0.645833,0.557692,0.504673,0.645161,0.641509,0.659574,0.623762,0.575758,0.638095,0.568421,0.643678,0.575221,0.666667,0.545455,0.580952,0.589474,0.605769,0.59375,0.752688,0.607477,0.619565,0.601852,0.583333,0.673913,0.560345,0.630952,0.603774,0.617021,0.55914,0.53271,0.645833,0.567308,0.597701,0.610619,0.732673,0.59596,0.571429,0.5,0.659794,0.543689,0.666667,0.568966,0.61165,0.525773,0.649123,0.546512,0.57,0.64,0.59633,0.637363,0.595238,0.706897,0.650485,0.546392,0.6,0.642105,0.494737,0.638095,0.545455,0.643564,0.561905,0.557895,0.621359,0.546392,
9400,0.458333,0.567308,0.570093,0.645161,0.582418,0.605505,0.648936,0.679245,0.619048,0.631579,0.52381,0.578947,0.633929,0.625,0.5625,0.538462,0.654206,0.591398,0.719101,0.621622,0.580952,0.673684,0.570093,0.569892,0.653465,0.646465,0.561224,0.647059,0.533333,0.568421,0.490196,0.561224,0.53913,0.611765,0.539326,0.63964,0.571429,0.59633,0.660194,0.680412,0.593407,0.605505,0.645455,0.655556,0.663043,0.527778,0.633663,0.606061,0.568182,0.535714,0.584906,0.56383,0.558824,0.55102,0.545455,0.49505,0.566038,0.574468,0.571429,0.578431,0.593023,0.614035,0.5625,0.557692,0.707071,0.623762,0.66,0.54,0.622642,0.606383,0.56,0.66,0.653465,0.656566,0.622449,0.558824,0.546392,0.640777,0.571429,0.607843,0.67,0.59,0.594059,0.606061,0.614679,0.549451,0.608696,0.648148,0.516484,0.559633,0.56,0.52,0.681818,0.533333,0.647727,0.633929,0.585859,0.623762,0.568182,0.589286,
9600,0.709091,0.633333,0.53,0.58,0.583333,0.644231,0.631579,0.511628,0.547368,0.72381,0.570093,0.677419,0.68932,0.639175,0.652632,0.609524,0.542056,0.55914,0.583333,0.605769,0.578947,0.546512,0.524752,0.575758,0.521277,0.650943,0.553398,0.525773,0.632653,0.617647,0.548387,0.485981,0.66,0.56,0.666667,0.644231,0.673469,0.637255,0.56701,0.601942,0.678161,0.610619,0.56383,0.54717,0.670213,0.650943,0.509615,0.479167,0.745098,0.571429,0.56044,0.642202,0.58,0.55,0.61165,0.628866,0.584158,0.575758,0.537634,0.598131,0.576087,0.611111,0.622222,0.618182,0.587629,0.631068,0.592233,0.618557,0.606838,0.650602,0.621622,0.539326,0.653846,0.708333,0.625,0.711538,0.604167,0.576923,0.677778,0.536364,0.576087,0.657407,0.573034,0.531532,0.688889,0.654545,0.591398,0.626168,0.622222,0.654545,0.49505,0.747475,0.617978,0.657658,0.605769,0.541667,0.637255,0.561224,0.59434,0.595745,
9800,0.604651,0.657895,0.609524,0.557895,0.663366,0.494949,0.614583,0.634615,0.711538,0.46875,0.637363,0.587156,0.631068,0.525773,0.59375,0.625,0.601942,0.546392,0.621053,0.504762,0.483871,0.626168,0.663366,0.555556,0.585106,0.650943,0.67619,0.589474,0.647059,0.683673,0.688679,0.648936,0.575758,0.534653,0.637255,0.530612,0.585106,0.641509,0.669903,0.628866,0.605505,0.637363,0.584158,0.646465,0.627451,0.55102,0.602041,0.647059,0.524272,0.742268,0.639175,0.669903,0.605263,0.604651,0.531915,0.566038,0.606383,0.641509,0.604651,0.631579,0.581818,0.7,0.504587,0.659341,0.524752,0.666667,0.608247,0.553398,0.688073,0.582418,0.642857,0.578431,0.542056,0.55914,0.579545,0.589286,0.570093,0.55914,0.588889,0.545455,0.625,0.625,0.579439,0.612903,0.521739,0.592593,0.578947,0.639535,0.652632,0.571429,0.632075,0.56383,0.666667,0.564356,0.736842,0.6,0.6,0.62,0.555556,0.630435,
10000,0.580952,0.578947,0.645161,0.663551,0.514286,0.684211,0.485149,0.646465,0.539216,0.591837,0.540816,0.480392,0.578431,0.602041,0.57732,0.631068,0.601852,0.543478,0.628866,0.679612,0.592593,0.597826,0.605505,0.571429,0.640777,0.556701,0.494949,0.613861,0.654867,0.563218,0.490566,0.648936,0.666667,0.633663,0.431818,0.616071,0.55,0.67,0.580357,0.602273,0.460784,0.602041,0.640449,0.558559,0.62963,0.641304,0.561905,0.610526,0.542857,0.578947,0.407767,0.556701,0.524752,0.555556,0.558824,0.632653,0.707547,0.648936,0.675676,0.573034,0.619048,0.603448,0.602151,0.588785,0.543689,0.546392,0.630435,0.694444,0.597701,0.530973,0.612613,0.573034,0.613208,0.680851,0.582418,0.614679,0.647727,0.589286,0.6,0.561905,0.621622,0.52809,0.617647,0.520408,0.57,0.58,0.590476,0.694737,0.52,0.52,0.640777,0.597938,0.637255,0.591837,0.559633,0.637363,0.637363,0.59633,0.568421,0.542857,
10200,0.686275,0.714286,0.607477,0.645161,0.75,0.51087,0.644444,0.627273,0.545455,0.544444,0.653465,0.646465,0.581818,0.611111,0.484536,0.737864,0.663366,0.656566,0.633333,0.545455,0.693878,0.588235,0.619048,0.652632,0.561224,0.568627,0.657143,0.547368,0.663158,0.580952,0.633663,0.616162,0.622449,0.558824,0.673684,0.590476,0.591304,0.529412,0.649485,0.533981,0.71875,0.586538,0.514563,0.57732,0.565217,0.611111,0.622642,0.638298,0.627451,0.520408,0.619048,0.473684,0.571429,0.631579,0.552381,0.631579,0.609195,0.566372,0.57732,0.601942,0.641026,0.566265,0.612613,0.561798,0.580952,0.663158,0.660194,0.484536,0.584158,0.575758,0.634409,0.598131,0.691489,0.59434,0.537634,0.579439,0.582524,0.587629,0.578947,0.6,0.642202,0.604396,0.656566,0.663366,0.575472,0.553191,0.572816,0.587629,0.545455,0.663366,0.628866,0.563107,0.504854,0.618557,0.643564,0.575758,0.546392,0.601942,0.625,0.701923,
10400,0.65,0.51,0.705882,0.55102,0.513514,0.629213,0.571429,0.5,0.633333,0.6,0.62931,0.47619,0.543478,0.675926,0.609524,0.547368,0.5,0.55,0.708738,0.649485,0.633663,0.585859,0.547368,0.533333,0.638889,0.728261,0.705263,0.609524,0.537736,0.531915,0.609091,0.666667,0.58,0.64,0.584906,0.553191,0.515789,0.638095,0.638095,0.589474,0.61165,0.628866,0.705882,0.540816,0.590476,0.6,0.626263,0.60396,0.563636,0.711111,0.670213,0.622642,0.480392,0.530612,0.621359,0.608247,0.62766,0.575472,0.551282,0.614754,0.634615,0.5625,0.650485,0.628866,0.659091,0.580357,0.55,0.65,0.548387,0.588785,0.64,0.52,0.525253,0.663366,0.625,0.548077,0.575221,0.62069,0.57265,0.698795,0.59596,0.643564,0.617978,0.648649,0.54902,0.663265,0.616822,0.623656,0.666667,0.581818,0.669811,0.702128,0.628571,0.610526,0.702381,0.62069,0.631579,0.571429,0.543689,0.659794,
10600,0.59375,0.644231,0.57732,0.631068,0.690476,0.62931,0.611111,0.641304,0.652174,0.648148,0.595745,0.622642,0.541284,0.648352,0.57,0.49,0.631579,0.569767,0.621359,0.659794,0.428571,0.557895,0.548077,0.583333,0.62037,0.543478,0.545455,0.580357,0.571429,0.495413,0.646018,0.563218,0.576087,0.555556,0.660194,0.43299,0.59596,0.693069,0.67,0.6,0.813187,0.495413,0.588785,0.55914,0.645455,0.711111,0.524272,0.690722,0.721649,0.592233,0.626374,0.642202,0.650485,0.649485,0.58,0.66,0.611111,0.609091,0.528736,0.628319,0.527778,0.597826,0.697674,0.570175,0.568182,0.625,0.549451,0.587156,0.59,0.59,0.614583,0.596154,0.542373,0.463415,0.603604,0.662921,0.703297,0.633028,0.708738,0.639175,0.565657,0.673267,0.49505,0.59596,0.621359,0.587629,0.656863,0.693878,0.552083,0.653846,0.596154,0.572917,0.640777,0.659794,0.60396,0.616162,0.619469,0.586207,0.514851,0.616162,
10800,0.508929,0.568182,0.64486,0.623656,0.632075,0.691489,0.695652,0.638889,0.643564,0.585859,0.614583,0.682692,0.588235,0.530612,0.586207,0.60177,0.642105,0.619048,0.653465,0.565657,0.686275,0.591837,0.655914,0.71028,0.556701,0.572816,0.561224,0.666667,0.621053,0.685714,0.570093,0.655914,0.61,0.58,0.62963,0.75,0.673684,0.504762,0.578947,0.647619,0.583333,0.706522,0.730337,0.567568,0.59434,0.680851,0.64486,0.602151,0.642857,0.529412,0.626263,0.70297,0.564815,0.73913,0.690909,0.533333,0.612245,0.588235,0.66,0.57,0.625,0.571429,0.55102,0.54902,0.628866,0.601942,0.5625,0.590909,0.66,0.63,0.637255,0.693878,0.606383,0.45283,0.494845,0.533981,0.578431,0.642857,0.48913,0.638889,0.61,0.64,0.561798,0.54955,0.626168,0.580645,0.533981,0.608247,0.568807,0.538462,0.543478,0.574074,0.60396,0.575758,0.581633,0.715686,0.581633,0.5,0.666667,0.651163,
11000,0.588235,0.571429,0.565217,0.62037,0.554545,0.6,0.571429,0.589474,0.59,0.7,0.704082,0.637255,0.659574,0.603774,0.57,0.67,0.546296,0.554348,0.517241,0.716814,0.597938,0.582524,0.619048,0.463158,0.60396,0.545455,0.57732,0.582524,0.591398,0.542056,0.569892,0.542056,0.608696,0.458824,0.626263,0.554455,0.653061,0.480392,0.574257,0.545455,0.705263,0.638095,0.617978,0.54955,0.606061,0.465347,0.626168,0.666667,0.60396,0.59596,0.578947,0.609524,0.536082,0.553398,0.575758,0.60396,0.626168,0.548387,0.573034,0.540541,0.524752,0.666667,0.558824,0.683673,0.561224,0.558824,0.56701,0.592233,0.554348,0.564815,0.636364,0.526786,0.574257,0.626263,0.621359,0.546392,0.645161,0.588785,0.591304,0.529412,0.505051,0.623762,0.625,0.586538,0.68,0.49,0.632479,0.506024,0.574468,0.613208,0.55914,0.551402,0.584158,0.686869,0.542857,0.557895,0.660194,0.670103,0.626263,0.712871,
11200,0.557692,0.614583,0.513043,0.482353,0.591837,0.598039,0.657143,0.578947,0.59,0.64,0.564356,0.666667,0.672566,0.586207,0.646465,0.633663,0.657143,0.557895,0.583333,0.528846,0.626168,0.548387,0.621359,0.556701,0.633663,0.535354,0.6,0.609524,0.677083,0.615385,0.634409,0.551402,0.568807,0.67033,0.733333,0.572727,0.546392,0.699029,0.516484,0.605505,0.514286,0.621053,0.62037,0.543478,0.581633,0.598039,0.653465,0.606061,0.55,0.65,0.646465,0.653465,0.633333,0.563636,0.625,0.663462,0.632075,0.62766,0.53,0.62,0.623377,0.560976,0.504587,0.714286,0.596154,0.625,0.592593,0.51087,0.632653,0.607843,0.54902,0.632653,0.614583,0.519231,0.678899,0.538462,0.513043,0.670588,0.761905,0.642105,0.645455,0.577778,0.626263,0.554455,0.612245,0.539216,0.56,0.56,0.638298,0.59434,0.653061,0.656863,0.587629,0.524272,0.697674,0.552632,0.608696,0.62037,0.621359,0.587629,
11400,0.636364,0.658228,0.633028,0.637363,0.52,0.45,0.56701,0.640777,0.556701,0.592233,0.533981,0.618557,0.545455,0.663366,0.584071,0.689655,0.489362,0.566038,0.570093,0.537634,0.556604,0.62766,0.59,0.62,0.682692,0.666667,0.62069,0.575221,0.583333,0.625,0.683168,0.606061,0.732673,0.666667,0.584158,0.575758,0.648936,0.660377,0.58427,0.603604,0.543478,0.611111,0.54,0.7,0.56701,0.640777,0.625,0.647727,0.563636,0.677778,0.643478,0.623529,0.626168,0.569892,0.565657,0.594059,0.647059,0.581633,0.626263,0.613861,0.670455,0.526786,0.604651,0.508772,0.621359,0.659794,0.585106,0.622642,0.616071,0.534091,0.607843,0.632653,0.554455,0.606061,0.6,0.56,0.635514,0.677419,0.557692,0.59375,0.669903,0.628866,0.585106,0.650943,0.509434,0.606383,0.666667,0.625,0.567308,0.510417,0.685714,0.631579,0.53125,0.653846,0.581633,0.588235,0.632653,0.676471,0.612903,0.457944,
11600,0.58,0.61,0.527473,0.669725,0.481481,0.543478,0.598214,0.647727,0.584158,0.444444,0.588235,0.612245,0.584906,0.691489,0.59434,0.648936,0.56,0.54,0.59596,0.60396,0.649485,0.524272,0.580645,0.598131,0.561224,0.686275,0.509091,0.533333,0.570093,0.569892,0.614583,0.615385,0.537634,0.626168,0.53,0.61,0.6,0.62,0.608247,0.621359,0.63,0.72,0.666667,0.672897,0.564356,0.616162,0.616822,0.580645,0.584158,0.646465,0.711538,0.625,0.643564,0.565657,0.560748,0.623656,0.623529,0.634783,0.609524,0.663158,0.586538,0.59375,0.606383,0.528302,0.643564,0.545455,0.524752,0.676768,0.626263,0.554455,0.625,0.576923,0.571429,0.663158,0.619048,0.684211,0.544444,0.6,0.539216,0.622449,0.64,0.65,0.640777,0.587629,0.586957,0.666667,0.53913,0.635294,0.617647,0.683673,0.518868,0.531915,0.628866,0.601942,0.55,0.53,0.607843,0.612245,0.659341,0.577982,
11800,0.670213,0.575472,0.590476,0.631579,0.615385,0.623853,0.56701,0.601942,0.586538,0.635417,0.702703,0.674157,0.663551,0.591398,0.59596,0.60396,0.705263,0.590476,0.653061,0.568627,0.612245,0.598039,0.576087,0.546296,0.622449,0.460784,0.647059,0.602041,0.5,0.622642,0.650485,0.57732,0.604167,0.682692,0.553191,0.622642,0.53125,0.596154,0.596154,0.6875,0.673684,0.638095,0.556701,0.553398,0.513761,0.736264,0.686869,0.534653,0.747368,0.561905,0.474227,0.582524,0.568421,0.638095,0.614583,0.605769,0.663551,0.623656,0.663265,0.735294,0.657143,0.589474,0.625,0.567308,0.702381,0.706897,0.588889,0.518182,0.626263,0.613861,0.552381,0.536842,0.685393,0.585586,0.530612,0.627451,0.539216,0.469388,0.510638,0.641509,0.673913,0.555556,0.632075,0.62766,0.574468,0.584906,0.715686,0.571429,0.567901,0.579832,0.56044,0.53211,0.666667,0.627907,0.572727,0.577778,0.670213,0.528302,0.637363,0.651376,
12000,0.637363,0.587156,0.62037,0.706522,0.609524,0.663158,0.553191,0.669811,0.617978,0.675676,0.485981,0.634409,0.521277,0.632075,0.569892,0.570093,0.666667,0.60396,0.592233,0.639175,0.591837,0.607843,0.566038,0.595745,0.561224,0.637255,0.714286,0.637255,0.588235,0.602041,0.560976,0.652542,0.596154,0.614583,0.54902,0.602041,0.653465,0.656566,0.545455,0.594059,0.552083,0.509615,0.534091,0.705357,0.61165,0.608247,0.670103,0.563107,0.584158,0.59596,0.572917,0.625,0.634615,0.583333,0.622642,0.670213,0.652893,0.518987,0.579439,0.516129,0.657658,0.595506,0.554545,0.611111,0.485437,0.608247,0.631068,0.659794,0.591837,0.666667,0.476636,0.645161,0.59375,0.625,0.589474,0.590476,0.701923,0.645833,0.669903,0.618557,0.619048,0.642105,0.523256,0.587719,0.647727,0.598214,0.5,0.607843,0.626263,0.584158,0.709091,0.644444,0.614679,0.582418,0.569892,0.700935,0.555556,0.653465,0.575758,0.623762,
12200,0.585859,0.584158,0.553398,0.57732,0.5,0.602041,0.533981,0.608247,0.588235,0.602041,0.683168,0.616162,0.663158,0.47619,0.616279,0.517544,0.56,0.61,0.603774,0.62766,0.574074,0.706522,0.6,0.684211,0.533333,0.568421,0.54717,0.585106,0.470588,0.573913,0.533981,0.649485,0.586538,0.604167,0.6,0.636364,0.61,0.63,0.711538,0.53125,0.643564,0.545455,0.615385,0.552083,0.542553,0.537736,0.582524,0.670103,0.572816,0.639175,0.658824,0.573913,0.58,0.58,0.505155,0.572816,0.509259,0.48913,0.588889,0.590909,0.701031,0.650485,0.609524,0.547368,0.646465,0.663366,0.615385,0.708333,0.619048,0.681034,0.580645,0.570093,0.53,0.67,0.585859,0.60396,0.555556,0.534653,0.617647,0.642857,0.592233,0.608247,0.697674,0.631579,0.65625,0.663462,0.610526,0.533333,0.572917,0.596154,0.49505,0.575758,0.541667,0.586538,0.607843,0.663265,0.692308,0.59375,0.566667,0.645455,
12400,0.533981,0.587629,0.686047,0.561404,0.647619,0.631579,0.631068,0.639175,0.545455,0.594059,0.612245,0.607843,0.580952,0.673684,0.580645,0.523364,0.634409,0.691589,0.655738,0.512821,0.623529,0.695652,0.584906,0.648936,0.6,0.69,0.672897,0.634409,0.727273,0.616071,0.548077,0.510417,0.636364,0.643564,0.71028,0.580645,0.635417,0.634615,0.66,0.61,0.540541,0.629213,0.617978,0.558559,0.747126,0.716814,0.65625,0.567308,0.62963,0.532609,0.673913,0.555556,0.615385,0.572917,0.633663,0.616162,0.623762,0.676768,0.601942,0.639175,0.571429,0.53211,0.632184,0.610619,0.617647,0.530612,0.647059,0.55102,0.643564,0.606061,0.705263,0.628571,0.732673,0.636364,0.673077,0.645833,0.694737,0.695238,0.566038,0.648936,0.561905,0.557895,0.574257,0.636364,0.656566,0.594059,0.663462,0.604167,0.633028,0.593407,0.655914,0.616822,0.683168,0.606061,0.626263,0.564356,0.604167,0.5,0.640777,0.536082,
12600,0.56383,0.622642,0.596154,0.604167,0.650485,0.525773,0.666667,0.653061,0.718447,0.57732,0.62037,0.532609,0.638298,0.669811,0.623656,0.551402,0.584158,0.565657,0.530612,0.617647,0.576087,0.583333,0.666667,0.642857,0.622222,0.627273,0.572917,0.644231,0.533333,0.705263,0.688073,0.747253,0.587629,0.61165,0.516854,0.675676,0.472222,0.652174,0.513761,0.725275,0.481132,0.659574,0.576923,0.65625,0.586207,0.52381,0.545455,0.574257,0.557692,0.635417,0.597826,0.601852,0.612245,0.54902,0.592593,0.695652,0.575472,0.670213,0.526316,0.695238,0.615385,0.587156,0.63,0.56,0.663043,0.555556,0.601942,0.525773,0.65,0.61,0.523256,0.657895,0.45977,0.566372,0.631068,0.701031,0.541667,0.576923,0.529412,0.663265,0.575221,0.586207,0.591837,0.45098,0.622449,0.627451,0.576087,0.564815,0.550562,0.576577,0.623656,0.64486,0.612069,0.571429,0.531532,0.573034,0.54023,0.778761,0.543478,0.666667,
12800,0.545455,0.533333,0.686275,0.561224,0.673267,0.59596,0.666667,0.60396,0.628571,0.6,0.590476,0.6,0.590476,0.6,0.594059,0.69697,0.595238,0.594828,0.617021,0.688679,0.617647,0.591837,0.626168,0.698925,0.663265,0.558824,0.597938,0.699029,0.676471,0.510204,0.575758,0.50495,0.652632,0.67619,0.666667,0.534653,0.64,0.62,0.602151,0.542056,0.616071,0.556818,0.71,0.48,0.561905,0.631579,0.53125,0.615385,0.60396,0.666667,0.514286,0.610526,0.611111,0.627273,0.672566,0.597701,0.608696,0.601852,0.676471,0.561224,0.627451,0.632653,0.511364,0.598214,0.514019,0.537634,0.7,0.581818,0.520833,0.625,0.588235,0.581633,0.552083,0.548077,0.619469,0.586207,0.68,0.57,0.61,0.55,0.588235,0.612245,0.554545,0.688889,0.666667,0.548077,0.583333,0.615385,0.525253,0.574257,0.56701,0.533981,0.557895,0.619048,0.580952,0.547368,0.494949,0.544554,0.601852,0.586957,
13000,0.538462,0.715596,0.541667,0.557692,0.607843,0.693878,0.532609,0.611111,0.580645,0.598131,0.637255,0.540816,0.695238,0.642105,0.666667,0.692308,0.566372,0.586207,0.5,0.680851,0.705263,0.561905,0.586957,0.583333,0.516484,0.651376,0.648352,0.623853,0.666667,0.631579,0.65625,0.644231,0.556701,0.61165,0.533333,0.55,0.5,0.588235,0.526882,0.607477,0.55102,0.637255,0.650943,0.617021,0.553398,0.618557,0.602273,0.616071,0.607595,0.53719,0.633663,0.535354,0.670213,0.575472,0.603604,0.483146,0.52381,0.577586,0.530612,0.558824,0.529412,0.602041,0.613208,0.723404,0.639175,0.61165,0.591837,0.627451,0.656863,0.561224,0.680412,0.621359,0.574074,0.619565,0.531532,0.640449,0.505051,0.693069,0.583333,0.634615,0.698113,0.595745,0.653465,0.686869,0.616071,0.602273,0.534653,0.535354,0.6,0.623529,0.694737,0.619048,0.62931,0.630952,0.642857,0.647059,0.57,0.61,0.586538,0.572917,
13200,0.683673,0.578431,0.647619,0.568421,0.638889,0.673913,0.666667,0.685393,0.653465,0.585859,0.646018,0.678161,0.631068,0.525773,0.625,0.625,0.597826,0.564815,0.673077,0.583333,0.582609,0.635294,0.578947,0.580952,0.59434,0.56383,0.583333,0.634615,0.561224,0.647059,0.531532,0.674157,0.663043,0.611111,0.638095,0.515789,0.50495,0.59596,0.596154,0.5625,0.593407,0.642202,0.481132,0.585106,0.505263,0.6,0.685185,0.619565,0.486239,0.648352,0.536842,0.685714,0.558824,0.55102,0.576087,0.648148,0.602151,0.607477,0.59434,0.585106,0.578947,0.639535,0.673913,0.518519,0.587629,0.650485,0.556701,0.621359,0.574468,0.54717,0.555556,0.652174,0.575758,0.633663,0.635514,0.462366,0.617188,0.513889,0.696629,0.522523,0.538462,0.583333,0.610526,0.619048,0.585106,0.528302,0.58,0.58,0.650485,0.597938,0.613208,0.638298,0.613861,0.646465,0.552083,0.634615,0.73,0.57,0.607477,0.602151,
13400,0.62037,0.554348,0.524272,0.463918,0.643564,0.606061,0.579439,0.634409,0.622449,0.647059,0.52381,0.557895,0.628571,0.6,0.637255,0.581633,0.56044,0.53211,0.571429,0.598039,0.604167,0.557692,0.591398,0.672897,0.594595,0.651685,0.70297,0.464646,0.674157,0.603604,0.577586,0.619048,0.586538,0.625,0.621359,0.659794,0.719626,0.612903,0.623762,0.606061,0.590909,0.588889,0.609091,0.566667,0.585106,0.622642,0.614679,0.549451,0.554455,0.626263,0.647059,0.622449,0.644231,0.53125,0.61,0.51,0.589474,0.609524,0.584071,0.563218,0.602151,0.588785,0.543478,0.648148,0.59375,0.634615,0.536082,0.640777,0.614583,0.605769,0.494845,0.61165,0.47,0.6,0.572816,0.587629,0.606383,0.660377,0.580952,0.642105,0.656863,0.704082,0.597826,0.601852,0.626263,0.584158,0.638298,0.584906,0.646465,0.50495,0.60396,0.616162,0.597938,0.582524,0.619565,0.611111,0.534653,0.535354,0.587629,0.621359,
13600,0.587629,0.601942,0.617647,0.693878,0.652632,0.619048,0.567568,0.561798,0.589474,0.647619,0.652632,0.638095,0.584906,0.617021,0.623656,0.53271,0.494737,0.638095,0.63964,0.685393,0.626168,0.591398,0.554348,0.537037,0.525773,0.601942,0.495146,0.721649,0.520408,0.696078,0.564356,0.636364,0.5,0.5,0.615385,0.635417,0.636364,0.643564,0.596154,0.5625,0.61,0.56,0.586538,0.604167,0.585859,0.623762,0.6,0.652632,0.613861,0.646465,0.656863,0.612245,0.650943,0.617021,0.585106,0.54717,0.682243,0.623656,0.677083,0.605769,0.628866,0.61165,0.560748,0.612903,0.63,0.66,0.59375,0.596154,0.566038,0.56383,0.642857,0.627451,0.570093,0.634409,0.625,0.625,0.634615,0.541667,0.579439,0.666667,0.597938,0.679612,0.618182,0.522222,0.634409,0.551402,0.714286,0.588235,0.597938,0.582524,0.533333,0.7,0.517857,0.647727,0.494949,0.554455,0.551402,0.677419,0.635514,0.655914,
13800,0.614583,0.548077,0.572917,0.605769,0.589286,0.522727,0.6,0.447619,0.646018,0.689655,0.691489,0.632075,0.581633,0.54902,0.598039,0.612245,0.5875,0.65,0.654206,0.677419,0.530973,0.494253,0.59375,0.567308,0.543689,0.546392,0.522222,0.7,0.578947,0.647619,0.53271,0.677419,0.528302,0.638298,0.566038,0.574468,0.628571,0.705263,0.642857,0.568182,0.597826,0.490741,0.585859,0.60396,0.638095,0.536842,0.55102,0.519608,0.558824,0.540816,0.699029,0.618557,0.640777,0.71134,0.642105,0.714286,0.608247,0.679612,0.584071,0.655172,0.553571,0.625,0.633333,0.636364,0.615385,0.53125,0.6,0.610526,0.627451,0.602041,0.680412,0.553398,0.613861,0.505051,0.59434,0.659574,0.548077,0.59375,0.539216,0.612245,0.6,0.611111,0.676768,0.633663,0.581633,0.627451,0.576923,0.53125,0.574468,0.650943,0.619048,0.594828,0.540816,0.598039,0.705263,0.619048,0.688679,0.553191,0.680412,0.524272,
14000,0.715686,0.602041,0.58427,0.684685,0.59596,0.633663,0.561224,0.607843,0.6,0.56,0.578947,0.619048,0.5625,0.583333,0.530612,0.617647,0.567308,0.604167,0.663158,0.590476,0.56383,0.603774,0.604396,0.559633,0.659574,0.396226,0.656566,0.49505,0.505155,0.650485,0.537736,0.489362,0.580952,0.6,0.64486,0.634409,0.607143,0.534091,0.520408,0.588235,0.673469,0.666667,0.574074,0.586957,0.693878,0.676471,0.666667,0.618182,0.519231,0.614583,0.66,0.63,0.494737,0.542857,0.548387,0.607477,0.56,0.64,0.554348,0.583333,0.614679,0.571429,0.699029,0.536082,0.612245,0.490196,0.561224,0.676471,0.548387,0.626168,0.605263,0.616279,0.628571,0.663158,0.647059,0.612245,0.704082,0.578431,0.544643,0.715909,0.552083,0.596154,0.631068,0.639175,0.585859,0.594059,0.635514,0.623656,0.631579,0.619048,0.594595,0.539326,0.591304,0.552941,0.544554,0.535354,0.583333,0.557692,0.623762,0.626263,
14200,0.587629,0.572816,0.645833,0.634615,0.625,0.635417,0.66,0.64,0.565217,0.564815,0.642202,0.538462,0.55914,0.654206,0.565657,0.613861,0.663462,0.645833,0.63,0.59,0.49505,0.565657,0.570175,0.511628,0.62766,0.632075,0.660377,0.521277,0.698925,0.588785,0.63,0.46,0.553398,0.608247,0.619048,0.642105,0.646465,0.514851,0.650485,0.670103,0.54023,0.60177,0.616822,0.516129,0.518182,0.655556,0.582418,0.688073,0.530612,0.705882,0.605769,0.635417,0.635514,0.55914,0.62037,0.586957,0.65,0.58,0.495327,0.548387,0.527778,0.434783,0.559524,0.62069,0.642857,0.617647,0.539216,0.571429,0.551402,0.569892,0.591398,0.635514,0.653465,0.757576,0.586538,0.65625,0.607843,0.693878,0.505376,0.64486,0.538462,0.633028,0.489362,0.641509,0.597938,0.650485,0.537634,0.635514,0.621359,0.618557,0.520408,0.617647,0.655914,0.626168,0.548387,0.53271,0.627451,0.642857,0.612903,0.579439,
14400,0.695238,0.557895,0.625,0.5625,0.597826,0.638889,0.647619,0.726316,0.631068,0.56701,0.578947,0.561905,0.584906,0.617021,0.549451,0.59633,0.59322,0.597561,0.520408,0.558824,0.648649,0.662921,0.589474,0.609524,0.675926,0.619565,0.560748,0.580645,0.529412,0.55102,0.612903,0.551402,0.520833,0.557692,0.653465,0.565657,0.709677,0.523364,0.660194,0.536082,0.626168,0.569892,0.538462,0.669725,0.639175,0.640777,0.513514,0.58427,0.58427,0.612613,0.488372,0.526316,0.763441,0.560748,0.57265,0.590361,0.556522,0.623529,0.566038,0.62766,0.644231,0.677083,0.520833,0.615385,0.584158,0.646465,0.627451,0.581633,0.53,0.67,0.638095,0.610526,0.525773,0.524272,0.570093,0.612903,0.666667,0.612245,0.663551,0.569892,0.568627,0.561224,0.607843,0.642857,0.548387,0.635514,0.592233,0.628866,0.611111,0.627273,0.623853,0.615385,0.62963,0.5,0.602041,0.627451,0.65625,0.576923,0.616822,0.645161,
14600,0.584416,0.544715,0.651685,0.558559,0.593023,0.596491,0.535354,0.673267,0.659341,0.577982,0.690909,0.566667,0.557895,0.6,0.586538,0.65625,0.666667,0.527273,0.592233,0.474227,0.633663,0.616162,0.686047,0.578947,0.659794,0.660194,0.541284,0.637363,0.613861,0.636364,0.524272,0.721649,0.603604,0.573034,0.58,0.62,0.615385,0.53125,0.54955,0.561798,0.598039,0.673469,0.609091,0.511111,0.591398,0.514019,0.6875,0.579545,0.591837,0.627451,0.635417,0.625,0.574468,0.622642,0.552381,0.705263,0.62766,0.641509,0.565217,0.601852,0.543478,0.601852,0.590476,0.631579,0.609091,0.611111,0.622642,0.5,0.72973,0.58427,0.67033,0.688073,0.62,0.69,0.742574,0.535354,0.586538,0.635417,0.627451,0.622449,0.678161,0.548673,0.616162,0.643564,0.681319,0.633028,0.674157,0.657658,0.549451,0.642202,0.62,0.61,0.645161,0.616822,0.680412,0.631068,0.626168,0.666667,0.505155,0.61165,
14800,0.564356,0.606061,0.546392,0.621359,0.695652,0.574074,0.633333,0.481818,0.591837,0.568627,0.607477,0.55914,0.56701,0.650485,0.670103,0.533981,0.52809,0.612613,0.49,0.53,0.591398,0.542056,0.636364,0.544554,0.605769,0.666667,0.659574,0.698113,0.652174,0.601852,0.643678,0.637168,0.6875,0.625,0.685714,0.642105,0.62963,0.576087,0.693878,0.666667,0.659574,0.641509,0.522727,0.589286,0.744898,0.647059,0.522523,0.651685,0.612903,0.429907,0.666667,0.597826,0.633028,0.483516,0.524752,0.505051,0.535354,0.712871,0.612903,0.46729,0.564356,0.575758,0.677419,0.560748,0.725275,0.550459,0.526882,0.560748,0.519608,0.591837,0.614583,0.528846,0.608247,0.61165,0.551724,0.575221,0.519608,0.673469,0.622222,0.554545,0.596154,0.552083,0.585859,0.70297,0.527473,0.568807,0.54,0.59,0.604167,0.538462,0.596491,0.569767,0.681319,0.688073,0.594059,0.575758,0.560748,0.537634,0.713043,0.658824,
15000,0.59596,0.554455,0.622449,0.617647,0.625,0.714286,0.530612,0.647059,0.59596,0.514851,0.549451,0.633028,0.565217,0.546296,0.533981,0.546392,0.688889,0.581818,0.635417,0.596154,0.616822,0.623656,0.478261,0.666667,0.530864,0.588235,0.55914,0.616822,0.515789,0.638095,0.568627,0.663265,0.556701,0.650485,0.578431,0.622449,0.511905,0.672414,0.517647,0.573913,0.566372,0.586207,0.485981,0.591398,0.548077,0.708333,0.546296,0.576087,0.520408,0.558824,0.609195,0.646018,0.526882,0.579439,0.71134,0.640777,0.595506,0.603604,0.53125,0.538462,0.613861,0.565657,0.638095,0.589474,0.584158,0.616162,0.666667,0.663265,0.571429,0.559633,0.69697,0.633663,0.623762,0.666667,0.588889,0.627273,0.563636,0.655556,0.578431,0.55102,0.509615,0.5,0.59292,0.655172,0.602151,0.551402,0.546392,0.475728,0.691489,0.613208,0.672727,0.733333,0.663265,0.607843,0.582418,0.651376,0.566038,0.659574,0.62766,0.59434,
15200,0.588235,0.683673,0.614679,0.637363,0.52,0.63,0.581633,0.627451,0.589474,0.704762,0.480392,0.591837,0.6,0.647619,0.533333,0.536842,0.596491,0.697674,0.602273,0.571429,0.617021,0.650943,0.605769,0.760417,0.558559,0.651685,0.57,0.63,0.60396,0.606061,0.538462,0.604167,0.537736,0.574468,0.69,0.65,0.71,0.64,0.585859,0.613861,0.586957,0.648148,0.725275,0.715596,0.62766,0.575472,0.59375,0.634615,0.641304,0.574074,0.539326,0.594595,0.581633,0.666667,0.56701,0.582524,0.673077,0.635417,0.602041,0.558824,0.619565,0.62963,0.589474,0.542857,0.570093,0.688172,0.597938,0.660194,0.610526,0.590476,0.569892,0.588785,0.7,0.58,0.581395,0.631579,0.607843,0.520408,0.657143,0.557895,0.632075,0.648936,0.666667,0.534653,0.554455,0.636364,0.623656,0.607477,0.636364,0.574257,0.544554,0.616162,0.52381,0.536842,0.58,0.64,0.568421,0.571429,0.75,0.5625,
15400,0.6,0.572727,0.6,0.5875,0.769231,0.651376,0.615385,0.59375,0.553398,0.618557,0.649485,0.669903,0.545455,0.514851,0.654545,0.7,0.520833,0.644231,0.615385,0.614583,0.642857,0.519608,0.53211,0.450549,0.698113,0.56383,0.522124,0.586207,0.606061,0.613861,0.674157,0.513514,0.636364,0.571429,0.555556,0.643564,0.637931,0.47619,0.672727,0.611111,0.628571,0.663158,0.596639,0.481481,0.576471,0.591304,0.617021,0.566038,0.60396,0.717172,0.560748,0.569892,0.585586,0.561798,0.588785,0.677419,0.612245,0.598039,0.66055,0.582418,0.592233,0.56701,0.647059,0.663265,0.604396,0.623853,0.597938,0.582524,0.644444,0.563636,0.56,0.58,0.582524,0.546392,0.520408,0.54902,0.574074,0.521739,0.552632,0.662791,0.676471,0.520408,0.52809,0.612613,0.54902,0.561224,0.653846,0.708333,0.550459,0.582418,0.598039,0.418367,0.574074,0.521739,0.608247,0.61165,0.56383,0.59434,0.494949,0.564356,
15600,0.557895,0.695238,0.638095,0.589474,0.636364,0.594059,0.601942,0.597938,0.637255,0.581633,0.583333,0.567308,0.585106,0.650943,0.482759,0.584071,0.554455,0.636364,0.641509,0.617021,0.647727,0.598214,0.682353,0.565217,0.610526,0.638095,0.623853,0.659341,0.650485,0.670103,0.632184,0.548673,0.602151,0.523364,0.494845,0.495146,0.649485,0.737864,0.613208,0.478723,0.567308,0.5625,0.645833,0.625,0.539216,0.561224,0.635417,0.596154,0.628571,0.589474,0.542553,0.669811,0.587629,0.679612,0.580952,0.526316,0.584158,0.585859,0.612245,0.656863,0.676768,0.643564,0.627273,0.611111,0.495238,0.610526,0.578947,0.647619,0.626168,0.580645,0.588235,0.581633,0.663462,0.65625,0.632075,0.553191,0.597826,0.657407,0.670213,0.537736,0.6,0.65,0.583333,0.615385,0.589474,0.571429,0.621622,0.595506,0.579439,0.666667,0.480769,0.5625,0.635417,0.644231,0.56383,0.575472,0.59,0.62,0.53125,0.625,
15800,0.652632,0.514286,0.698276,0.547619,0.509804,0.612245,0.566038,0.574468,0.565217,0.583333,0.652632,0.533333,0.57,0.63,0.722772,0.626263,0.622449,0.568627,0.584906,0.648936,0.54717,0.680851,0.610526,0.695238,0.473118,0.616822,0.61165,0.628866,0.663462,0.708333,0.674157,0.567568,0.5625,0.653846,0.5,0.608696,0.686869,0.594059,0.626263,0.613861,0.553191,0.584906,0.628571,0.547368,0.583333,0.634615,0.555556,0.581818,0.64,0.68,0.702381,0.551724,0.580952,0.631579,0.547619,0.663793,0.561905,0.526316,0.49,0.63,0.592233,0.587629,0.681319,0.633028,0.59596,0.613861,0.540816,0.656863,0.552083,0.576923,0.592233,0.618557,0.596154,0.572917,0.615385,0.605505,0.659794,0.621359,0.606061,0.534653,0.606061,0.594059,0.758242,0.577982,0.610526,0.695238,0.595745,0.575472,0.5625,0.644231,0.789474,0.6,0.590909,0.616071,0.731959,0.592233,0.594595,0.617978,0.62069,0.575221,
16000,0.494845,0.601942,0.636364,0.594937,0.576471,0.608696,0.563636,0.588889,0.54717,0.531915,0.626168,0.634409,0.597938,0.631068,0.623656,0.579439,0.575758,0.594059,0.6,0.56,0.741935,0.476636,0.625,0.5,0.636364,0.544444,0.677083,0.625,0.626168,0.569892,0.627451,0.612245,0.565657,0.623762,0.55,0.64,0.565657,0.514851,0.55102,0.509804,0.505263,0.52381,0.606061,0.653465,0.643564,0.474747,0.684685,0.58427,0.65625,0.605769,0.557522,0.62069,0.636364,0.622222,0.64486,0.537634,0.655914,0.570093,0.66,0.59,0.596154,0.625,0.509804,0.581633,0.627451,0.581633,0.647059,0.530612,0.59375,0.673077,0.697248,0.626374,0.645833,0.567308,0.632184,0.619469,0.597701,0.584071,0.593407,0.550459,0.6,0.61,0.626263,0.564356,0.645833,0.567308,0.6,0.677778,0.6,0.62,0.5,0.608696,0.627451,0.693878,0.573034,0.603604,0.6,0.53,0.555556,0.467391,
16200,0.607477,0.526882,0.54023,0.707965,0.549451,0.59633,0.633663,0.69697,0.56383,0.641509,0.544444,0.563636,0.581633,0.529412,0.675926,0.641304,0.663366,0.626263,0.678161,0.610619,0.615385,0.715596,0.462366,0.607477,0.545455,0.611111,0.598039,0.571429,0.614583,0.480769,0.607843,0.540816,0.53271,0.612903,0.604167,0.682692,0.656863,0.755102,0.623762,0.727273,0.574468,0.650943,0.67,0.59,0.618182,0.644444,0.541667,0.567308,0.556604,0.617021,0.566372,0.643678,0.618557,0.553398,0.627273,0.655556,0.54717,0.648936,0.630952,0.698276,0.572727,0.655556,0.55,0.67,0.563107,0.546392,0.65,0.67,0.583333,0.548077,0.547368,0.542857,0.632653,0.509804,0.635417,0.644231,0.545455,0.663366,0.5,0.585106,0.5,0.634615,0.526882,0.598131,0.623656,0.570093,0.666667,0.693878,0.573034,0.612613,0.574257,0.565657,0.639175,0.524272,0.59434,0.62766,0.60396,0.616162,0.541667,0.567308,
16400,0.563107,0.525773,0.676768,0.554455,0.554348,0.527778,0.608247,0.592233,0.633028,0.538462,0.715909,0.580357,0.6,0.704762,0.522936,0.582418,0.607843,0.602041,0.611111,0.73913,0.663043,0.638889,0.679612,0.670103,0.67619,0.557895,0.674157,0.54955,0.588235,0.571429,0.636364,0.643564,0.606061,0.564356,0.635417,0.567308,0.589474,0.542857,0.610526,0.609524,0.5625,0.681818,0.59292,0.609195,0.556701,0.621359,0.63,0.59,0.735294,0.540816,0.575758,0.653465,0.597938,0.61165,0.585106,0.59434,0.588785,0.645161,0.66,0.7,0.627451,0.632653,0.650485,0.515464,0.518868,0.606383,0.570093,0.462366,0.625,0.538462,0.623529,0.608696,0.693878,0.617647,0.694737,0.628571,0.53,0.53,0.542056,0.548387,0.54717,0.670213,0.613861,0.626263,0.628866,0.592233,0.609091,0.611111,0.7,0.66,0.580952,0.6,0.6875,0.548077,0.594828,0.702381,0.55102,0.637255,0.55914,0.635514,
16600,0.643564,0.656566,0.607477,0.526882,0.579439,0.666667,0.623762,0.656566,0.5625,0.568182,0.515789,0.609524,0.558824,0.632653,0.57265,0.674699,0.56701,0.592233,0.575758,0.564356,0.621359,0.618557,0.628571,0.557895,0.623656,0.570093,0.563107,0.587629,0.552941,0.626087,0.712871,0.666667,0.638095,0.578947,0.551402,0.537634,0.59,0.68,0.628866,0.621359,0.625,0.538462,0.617021,0.603774,0.646465,0.643564,0.654762,0.586207,0.625,0.602273,0.622449,0.588235,0.60241,0.623932,0.643564,0.585859,0.635417,0.701923,0.606383,0.54717,0.544554,0.666667,0.656863,0.653061,0.656863,0.612245,0.627451,0.683673,0.637255,0.581633,0.504425,0.597701,0.567308,0.635417,0.6,0.643478,0.626374,0.513761,0.544554,0.656566,0.59633,0.681319,0.647727,0.616071,0.568627,0.612245,0.528846,0.552083,0.548387,0.523364,0.623656,0.654206,0.569892,0.663551,0.543478,0.611111,0.646465,0.564356,0.606061,0.633663,
16800,0.658333,0.7125,0.643564,0.606061,0.729167,0.596154,0.628866,0.553398,0.65,0.54,0.653846,0.6875,0.608696,0.564815,0.716981,0.531915,0.592233,0.659794,0.590909,0.655556,0.64,0.59,0.673077,0.666667,0.653846,0.572917,0.601942,0.608247,0.515152,0.574257,0.67619,0.515789,0.640449,0.495495,0.666667,0.596154,0.625,0.642857,0.656566,0.574257,0.663462,0.583333,0.712766,0.566038,0.686957,0.6,0.545455,0.60396,0.657143,0.589474,0.513761,0.571429,0.67619,0.663158,0.72381,0.515789,0.601942,0.608247,0.677419,0.64486,0.556701,0.601942,0.601852,0.597826,0.690722,0.640777,0.571429,0.515789,0.556701,0.650485,0.712963,0.641304,0.514286,0.536842,0.522727,0.642857,0.647619,0.547368,0.714286,0.589474,0.637255,0.591837,0.608247,0.572816,0.611111,0.590909,0.567568,0.539326,0.605769,0.635417,0.693182,0.616071,0.546392,0.601942,0.57,0.61,0.595238,0.5,0.670213,0.660377,
17000,0.494949,0.534653,0.520833,0.605769,0.56,0.54,0.670103,0.621359,0.531915,0.660377,0.621053,0.628571,0.575758,0.594059,0.688889,0.590909,0.589474,0.619048,0.533333,0.6,0.553191,0.584906,0.56701,0.621359,0.575221,0.563218,0.485714,0.557895,0.528302,0.606383,0.5,0.653061,0.638095,0.673684,0.505495,0.633028,0.515464,0.601942,0.612613,0.606742,0.580247,0.571429,0.598039,0.632653,0.6,0.6375,0.568421,0.580952,0.62766,0.603774,0.677083,0.586538,0.673469,0.676471,0.648936,0.603774,0.628866,0.514563,0.630631,0.561798,0.623853,0.659341,0.641304,0.592593,0.60396,0.656566,0.588235,0.663265,0.688172,0.476636,0.5,0.721154,0.526316,0.514286,0.592593,0.565217,0.544444,0.663636,0.579545,0.553571,0.6,0.590476,0.58,0.63,0.660377,0.659574,0.6,0.61,0.516129,0.635514,0.628866,0.68932,0.587629,0.601942,0.628571,0.568421,0.484211,0.6,0.644444,0.618182,
17200,0.538462,0.604167,0.627273,0.622222,0.495146,0.628866,0.60396,0.565657,0.631068,0.587629,0.510204,0.598039,0.53271,0.731183,0.522523,0.561798,0.542553,0.556604,0.684783,0.583333,0.595745,0.537736,0.567308,0.625,0.650485,0.556701,0.628866,0.679612,0.578947,0.666667,0.61165,0.628866,0.543478,0.657407,0.578431,0.602041,0.516484,0.669725,0.490196,0.693878,0.551402,0.698925,0.490909,0.722222,0.57732,0.650485,0.5625,0.548077,0.477778,0.654545,0.578947,0.609524,0.5,0.63,0.585586,0.707865,0.55102,0.686275,0.574074,0.663043,0.727273,0.50495,0.635514,0.655914,0.546512,0.622807,0.663265,0.607843,0.647619,0.621053,0.634615,0.541667,0.514019,0.634409,0.609524,0.642105,0.535354,0.574257,0.594828,0.511905,0.631579,0.569767,0.552941,0.582609,0.521739,0.574074,0.616822,0.623656,0.646465,0.544554,0.561905,0.578947,0.482759,0.646018,0.647619,0.557895,0.463918,0.660194,0.522222,0.6,
17400,0.612613,0.573034,0.643564,0.606061,0.542056,0.623656,0.587629,0.504854,0.618557,0.679612,0.653846,0.5625,0.65625,0.471154,0.515464,0.592233,0.72,0.59,0.60396,0.525253,0.67,0.64,0.645833,0.586538,0.572917,0.528846,0.605769,0.604167,0.632653,0.54902,0.611111,0.581818,0.656566,0.514851,0.635417,0.576923,0.639175,0.601942,0.673913,0.62963,0.639175,0.592233,0.666667,0.60396,0.714286,0.509804,0.681319,0.614679,0.659794,0.621359,0.602151,0.579439,0.53125,0.567308,0.605769,0.541667,0.584158,0.676768,0.61,0.53,0.59596,0.623762,0.57732,0.572816,0.634615,0.625,0.621053,0.533333,0.554348,0.574074,0.575472,0.56383,0.67033,0.633028,0.494845,0.631068,0.616822,0.55914,0.633663,0.585859,0.577982,0.505495,0.494624,0.626168,0.605769,0.5625,0.494845,0.669903,0.567308,0.6875,0.576577,0.561798,0.715686,0.734694,0.554455,0.585859,0.718447,0.42268,0.60396,0.575758,
17600,0.591398,0.588785,0.621359,0.587629,0.602041,0.568627,0.585106,0.59434,0.625,0.605769,0.515464,0.524272,0.58,0.7,0.575472,0.585106,0.5,0.518868,0.64,0.47,0.584158,0.606061,0.650943,0.510638,0.563636,0.711111,0.524272,0.701031,0.574468,0.735849,0.528736,0.646018,0.655172,0.672566,0.631579,0.67619,0.477778,0.636364,0.516129,0.654206,0.540816,0.558824,0.567568,0.505618,0.597826,0.601852,0.631068,0.587629,0.568627,0.571429,0.625,0.5625,0.564356,0.676768,0.555556,0.663366,0.5875,0.591667,0.62037,0.652174,0.59375,0.548077,0.511111,0.618182,0.651376,0.604396,0.583333,0.596154,0.556604,0.585106,0.643564,0.535354,0.638095,0.652632,0.685185,0.619565,0.55102,0.627451,0.622642,0.62766,0.556604,0.659574,0.568182,0.616071,0.625,0.557692,0.663265,0.519608,0.67033,0.605505,0.602041,0.627451,0.577778,0.545455,0.596491,0.569767,0.577778,0.7,0.604396,0.697248,
17800,0.700935,0.677419,0.577778,0.545455,0.647059,0.571429,0.578431,0.591837,0.541667,0.586538,0.615385,0.635417,0.609524,0.631579,0.616822,0.612903,0.613861,0.535354,0.572816,0.608247,0.535354,0.60396,0.608696,0.658824,0.565657,0.643564,0.696078,0.530612,0.68,0.54,0.688679,0.553191,0.653846,0.458333,0.75,0.53125,0.655914,0.579439,0.675926,0.51087,0.617647,0.55102,0.582418,0.577982,0.526316,0.609524,0.648936,0.603774,0.553398,0.628866,0.601852,0.706522,0.612903,0.551402,0.494737,0.619048,0.524752,0.565657,0.538462,0.65625,0.612245,0.509804,0.627451,0.479592,0.608696,0.555556,0.58,0.53,0.676471,0.622449,0.576923,0.572917,0.584158,0.575758,0.606383,0.650943,0.708333,0.567308,0.591837,0.558824,0.522727,0.607143,0.553191,0.59434,0.585586,0.606742,0.586538,0.583333,0.628319,0.586207,0.579545,0.553571,0.659794,0.621359,0.621359,0.56701,0.645455,0.6,0.712766,0.632075,
18000,0.613208,0.478723,0.650485,0.536082,0.69,0.57,0.602041,0.637255,0.61,0.53,0.595238,0.560345,0.597826,0.564815,0.617647,0.55102,0.621053,0.647619,0.584906,0.542553,0.588889,0.563636,0.622642,0.638298,0.569767,0.578947,0.647727,0.526786,0.697674,0.587719,0.727273,0.616071,0.68,0.6,0.473118,0.663551,0.637168,0.551724,0.602041,0.578431,0.598131,0.55914,0.557895,0.72381,0.490196,0.704082,0.60396,0.585859,0.628866,0.572816,0.612245,0.558824,0.541284,0.538462,0.575758,0.584158,0.592593,0.597826,0.585586,0.449438,0.570093,0.666667,0.55,0.67,0.568421,0.6,0.632075,0.606383,0.561798,0.54955,0.595506,0.630631,0.642857,0.578431,0.494624,0.504673,0.616279,0.605263,0.7,0.66,0.610526,0.542857,0.616279,0.622807,0.61165,0.608247,0.636364,0.623762,0.571429,0.663793,0.669643,0.579545,0.606838,0.578313,0.683673,0.676471,0.628866,0.621359,0.565217,0.611111,
18200,0.60396,0.646465,0.652632,0.647619,0.588235,0.673469,0.631579,0.580952,0.65,0.59,0.734043,0.584906,0.584158,0.636364,0.553398,0.556701,0.649485,0.601942,0.615385,0.678899,0.596154,0.583333,0.489583,0.653846,0.584071,0.471264,0.64486,0.612903,0.623656,0.626168,0.5,0.588889,0.617021,0.603774,0.65,0.54,0.601852,0.565217,0.578947,0.609524,0.637931,0.559524,0.572727,0.544444,0.663366,0.606061,0.61,0.62,0.653465,0.525253,0.555556,0.584158,0.565217,0.564815,0.614583,0.625,0.558559,0.516854,0.666667,0.594059,0.621053,0.571429,0.587719,0.569767,0.653465,0.575758,0.597826,0.648148,0.589474,0.619048,0.56701,0.650485,0.64,0.64,0.673077,0.541667,0.666667,0.557895,0.6,0.681818,0.666667,0.622449,0.592593,0.630435,0.616162,0.544554,0.63,0.63,0.585586,0.573034,0.532609,0.564815,0.625,0.65625,0.513274,0.471264,0.604396,0.66055,0.645833,0.663462,
18400,0.5625,0.647727,0.539326,0.630631,0.526316,0.627907,0.530973,0.597701,0.666667,0.538462,0.603604,0.617978,0.729167,0.567308,0.638889,0.663043,0.544554,0.585859,0.580952,0.6,0.609091,0.611111,0.616162,0.60396,0.516129,0.719626,0.620253,0.553719,0.56,0.52,0.669903,0.618557,0.539216,0.520408,0.587629,0.631068,0.632075,0.585106,0.606061,0.613861,0.636364,0.554455,0.589474,0.628571,0.514851,0.545455,0.598039,0.530612,0.572816,0.56701,0.595506,0.513514,0.538462,0.479167,0.591837,0.617647,0.62,0.63,0.580645,0.579439,0.615385,0.678899,0.633028,0.615385,0.574257,0.565657,0.597938,0.592233,0.5,0.650943,0.6875,0.586538,0.670103,0.728155,0.543689,0.659794,0.642202,0.67033,0.524272,0.597938,0.541667,0.557692,0.645833,0.548077,0.616162,0.574257,0.52809,0.648649,0.539216,0.520408,0.515789,0.485714,0.65,0.56,0.514563,0.505155,0.634615,0.5,0.625,0.567308,
18600,0.541667,0.625,0.625,0.65625,0.652632,0.485714,0.638889,0.608696,0.580952,0.652632,0.58,0.7,0.58427,0.585586,0.566667,0.509091,0.647619,0.6,0.679245,0.595745,0.587629,0.601942,0.595745,0.641509,0.61,0.7,0.677083,0.634615,0.56,0.63,0.636364,0.544554,0.601942,0.618557,0.564356,0.626263,0.688172,0.560748,0.657143,0.557895,0.62,0.5,0.67,0.63,0.617647,0.510204,0.575472,0.617021,0.617647,0.683673,0.544444,0.527273,0.708738,0.536082,0.546392,0.601942,0.577982,0.626374,0.551724,0.557522,0.514851,0.494949,0.641509,0.638298,0.593023,0.526316,0.578947,0.666667,0.63,0.69,0.59596,0.673267,0.494845,0.699029,0.580952,0.557895,0.552083,0.567308,0.586957,0.527778,0.606383,0.622642,0.554545,0.566667,0.576923,0.604167,0.682243,0.623656,0.706522,0.657407,0.606742,0.576577,0.596154,0.614583,0.630631,0.573034,0.628571,0.652632,0.574074,0.51087,
18800,0.588235,0.571429,0.669811,0.606383,0.623762,0.707071,0.5875,0.591667,0.54902,0.602041,0.705263,0.590476,0.568421,0.561905,0.666667,0.597826,0.525773,0.68932,0.651163,0.684211,0.54902,0.632653,0.6,0.645455,0.604167,0.538462,0.54902,0.663265,0.634409,0.607477,0.557895,0.485714,0.545455,0.625,0.62,0.58,0.617647,0.530612,0.673469,0.676471,0.609195,0.610619,0.656566,0.524752,0.612245,0.666667,0.508475,0.585366,0.590909,0.544444,0.612903,0.523364,0.580645,0.672897,0.602273,0.553571,0.666667,0.578947,0.560748,0.666667,0.677419,0.682243,0.645161,0.672897,0.594059,0.656566,0.625,0.53125,0.642202,0.615385,0.597938,0.601942,0.642857,0.441176,0.644231,0.729167,0.576087,0.601852,0.634783,0.564706,0.652542,0.512195,0.586538,0.635417,0.621359,0.556701,0.557692,0.604167,0.555556,0.584158,0.576087,0.675926,0.561224,0.617647,0.594059,0.666667,0.61165,0.649485,0.605769,0.625,
19000,0.522936,0.615385,0.618557,0.601942,0.666667,0.542169,0.663717,0.643678,0.574074,0.619565,0.635514,0.55914,0.589474,0.619048,0.633929,0.681818,0.682243,0.580645,0.521739,0.564706,0.610526,0.628571,0.647059,0.561224,0.67,0.62,0.56383,0.537736,0.631579,0.571429,0.614679,0.736264,0.646465,0.70297,0.7,0.59,0.732673,0.555556,0.593023,0.535088,0.62963,0.619565,0.543478,0.666667,0.566667,0.663636,0.628571,0.663158,0.584158,0.656566,0.690722,0.631068,0.647059,0.581633,0.673267,0.656566,0.621053,0.590476,0.692308,0.59375,0.670103,0.660194,0.56,0.67,0.655556,0.572727,0.666667,0.636364,0.515152,0.594059,0.580952,0.621053,0.638095,0.589474,0.66,0.62,0.595745,0.59434,0.613208,0.553191,0.602151,0.607477,0.647619,0.589474,0.537037,0.608696,0.587629,0.679612,0.543689,0.57732,0.68,0.58,0.553191,0.622642,0.618182,0.655556,0.59,0.75,0.518182,0.588889,
19200,0.61,0.63,0.537037,0.619565,0.663265,0.578431,0.632653,0.627451,0.666667,0.568421,0.542553,0.584906,0.572816,0.639175,0.558824,0.663265,0.64,0.5,0.569767,0.657895,0.598039,0.693878,0.663043,0.62963,0.524752,0.525253,0.536082,0.524272,0.495413,0.516484,0.597938,0.621359,0.546392,0.61165,0.57,0.64,0.54,0.63,0.59292,0.586207,0.567308,0.541667,0.574468,0.613208,0.66,0.58,0.613861,0.616162,0.670213,0.603774,0.596154,0.625,0.657407,0.597826,0.648649,0.561798,0.545455,0.534653,0.531915,0.59434,0.530612,0.637255,0.613861,0.616162,0.54717,0.670213,0.65,0.64,0.59596,0.60396,0.52381,0.578947,0.652632,0.619048,0.6,0.522222,0.604167,0.625,0.619048,0.505263,0.561224,0.676471,0.663265,0.686275,0.544643,0.534091,0.663366,0.585859,0.577982,0.615385,0.563107,0.56701,0.513761,0.494505,0.686275,0.602041,0.576923,0.614583,0.601942,0.659794,
19400,0.637363,0.577982,0.625,0.614583,0.601942,0.639175,0.592233,0.597938,0.611765,0.626087,0.534653,0.515152,0.610619,0.574713,0.545455,0.564356,0.552381,0.621053,0.578947,0.604651,0.606742,0.54955,0.580952,0.442105,0.606061,0.514851,0.622642,0.574468,0.654206,0.591398,0.578947,0.590476,0.673469,0.627451,0.524272,0.587629,0.67033,0.568807,0.50495,0.616162,0.59596,0.574257,0.547368,0.580952,0.603774,0.659574,0.522727,0.571429,0.529412,0.530435,0.634615,0.625,0.614583,0.596154,0.552381,0.663158,0.614583,0.586538,0.641304,0.546296,0.583333,0.548077,0.641509,0.62766,0.653465,0.626263,0.561798,0.666667,0.580952,0.663158,0.659794,0.621359,0.574713,0.584071,0.66,0.69,0.588889,0.581818,0.601942,0.680412,0.625,0.615385,0.641304,0.583333,0.641509,0.638298,0.47,0.65,0.576471,0.591304,0.613861,0.59596,0.555556,0.652174,0.520408,0.627451,0.672727,0.544444,0.686275,0.581633,
19600,0.479592,0.715686,0.571429,0.637255,0.468085,0.650943,0.61165,0.515464,0.594595,0.561798,0.628571,0.578947,0.519608,0.642857,0.577778,0.618182,0.592233,0.628866,0.648936,0.566038,0.554455,0.565657,0.72449,0.647059,0.605769,0.6875,0.637255,0.642857,0.619565,0.703704,0.638554,0.632479,0.434343,0.633663,0.514019,0.591398,0.61,0.62,0.565657,0.584158,0.585106,0.603774,0.513761,0.659341,0.57732,0.524272,0.672897,0.645161,0.644231,0.625,0.67,0.62,0.537736,0.617021,0.708333,0.538462,0.666667,0.571429,0.645833,0.596154,0.57,0.64,0.556701,0.631068,0.626506,0.564103,0.642857,0.578431,0.605769,0.625,0.565657,0.633663,0.67033,0.614679,0.592233,0.597938,0.654206,0.526882,0.584071,0.574713,0.564356,0.585859,0.571429,0.613636,0.633929,0.556818,0.555556,0.543478,0.614679,0.538462,0.646465,0.564356,0.596154,0.614583,0.588235,0.591837,0.605769,0.645833,0.554545,0.577778,
19800,0.643678,0.548673,0.602041,0.54902,0.622222,0.6,0.572917,0.625,0.67,0.59,0.424528,0.617021,0.632653,0.539216,0.540541,0.606742,0.638095,0.631579,0.588235,0.642857,0.666667,0.641304,0.535354,0.683168,0.627451,0.55102,0.679245,0.531915,0.71,0.47,0.553398,0.649485,0.682692,0.625,0.691489,0.679245,0.543478,0.518519,0.621053,0.580952,0.537037,0.597826,0.714286,0.53211,0.580952,0.642105,0.607477,0.623656,0.594059,0.626263,0.63,0.7,0.613208,0.62766,0.476744,0.5,0.659794,0.669903,0.62766,0.59434,0.641509,0.585106,0.602041,0.598039,0.580952,0.547368,0.567308,0.65625,0.666667,0.683168,0.558559,0.595506,0.660377,0.617021,0.625,0.644231,0.638655,0.679012,0.65,0.59,0.626168,0.602151,0.581633,0.558824,0.666667,0.608696,0.621053,0.542857,0.54,0.6,0.586777,0.683544,0.570093,0.580645,0.648148,0.543478,0.561224,0.607843,0.541284,0.549451,
20000,0.669903,0.556701,0.542857,0.642105,0.537736,0.659574,0.511111,0.645455,0.585859,0.623762,0.653061,0.627451,0.615385,0.605505,0.526882,0.691589,0.621053,0.638095,0.505051,0.663366,0.523364,0.569892,0.473684,0.674419,0.574468,0.669811,0.583333,0.644231,0.647059,0.632653,0.587156,0.604396,0.618182,0.577778,0.663462,0.572917,0.648352,0.577982,0.642105,0.666667,0.59434,0.670213,0.626263,0.544554,0.60396,0.555556,0.666667,0.578947,0.606383,0.622642,0.6,0.547368,0.621053,0.571429,0.616279,0.570175,0.558824,0.693878,0.617021,0.641509,0.520408,0.588235,0.623762,0.555556,0.531532,0.629213,0.565657,0.623762,0.634409,0.495327,0.553398,0.587629,0.626168,0.677419,0.677083,0.567308,0.598214,0.568182,0.578947,0.580952,0.659794,0.553398,0.631579,0.609524,0.54717,0.531915,0.666667,0.573034,0.657143,0.610526,0.495146,0.597938,0.525253,0.663366,0.655914,0.607477,0.573913,0.623529,0.604651,0.614035,
20200,0.642105,0.638095,0.616162,0.673267,0.598214,0.590909,0.62,0.6,0.601942,0.649485,0.717172,0.613861,0.576923,0.625,0.691589,0.591398,0.585859,0.673267,0.672727,0.655556,0.605769,0.552083,0.612613,0.52809,0.666667,0.6375,0.585859,0.653465,0.543689,0.628866,0.553398,0.649485,0.554455,0.616162,0.58,0.69,0.630435,0.527778,0.518182,0.544444,0.669903,0.587629,0.5,0.633333,0.545455,0.611111,0.654206,0.612903,0.509615,0.59375,0.541284,0.549451,0.621053,0.619048,0.565657,0.722772,0.621053,0.561905,0.595745,0.575472,0.626263,0.564356,0.656863,0.591837,0.56,0.7,0.591837,0.539216,0.626168,0.645161,0.604396,0.587156,0.612245,0.637255,0.60177,0.494253,0.643564,0.606061,0.669811,0.585106,0.585859,0.564356,0.659794,0.563107,0.594059,0.565657,0.63,0.64,0.673469,0.666667,0.669643,0.545455,0.681319,0.577982,0.650485,0.587629,0.472222,0.673913,0.565657,0.50495,
20400,0.663551,0.548387,0.636364,0.673267,0.606383,0.54717,0.596154,0.583333,0.615385,0.577982,0.621053,0.685714,0.635417,0.596154,0.554455,0.575758,0.657143,0.578947,0.59,0.51,0.659794,0.640777,0.617021,0.566038,0.636364,0.6,0.571429,0.666667,0.594059,0.656566,0.55102,0.539216,0.680851,0.632075,0.59,0.64,0.663043,0.685185,0.553398,0.639175,0.673267,0.686869,0.652632,0.628571,0.591837,0.627451,0.54,0.61,0.722772,0.626263,0.607843,0.581633,0.616162,0.49505,0.612903,0.654206,0.589744,0.409639,0.623853,0.626374,0.580645,0.635514,0.555556,0.554545,0.537634,0.588785,0.626374,0.59633,0.513761,0.56044,0.59292,0.563218,0.510638,0.650943,0.686275,0.663265,0.57732,0.582524,0.635417,0.596154,0.56701,0.621359,0.504673,0.537634,0.578947,0.697674,0.565217,0.574074,0.61,0.55,0.485714,0.536842,0.580952,0.663158,0.515789,0.514286,0.707071,0.534653,0.61,0.66,
20600,0.678571,0.647727,0.623529,0.582609,0.675676,0.640449,0.64486,0.580645,0.608696,0.592593,0.619565,0.537037,0.575758,0.663366,0.631068,0.597938,0.572816,0.690722,0.52,0.56,0.574257,0.656566,0.6,0.657143,0.669903,0.618557,0.659091,0.598214,0.560748,0.612903,0.590909,0.535714,0.559633,0.56044,0.509259,0.663043,0.576923,0.645833,0.623762,0.555556,0.634615,0.510417,0.53211,0.626374,0.58,0.61,0.575758,0.673267,0.613861,0.59596,0.554455,0.656566,0.519608,0.55102,0.627451,0.520408,0.494737,0.590476,0.57,0.62,0.63964,0.617978,0.59434,0.542553,0.650485,0.608247,0.55914,0.64486,0.643564,0.626263,0.622449,0.607843,0.563107,0.649485,0.556604,0.680851,0.675926,0.565217,0.548387,0.607477,0.55914,0.700935,0.625,0.605769,0.647059,0.55102,0.673684,0.647619,0.57732,0.679612,0.67,0.52,0.523364,0.55914,0.669725,0.582418,0.574468,0.632075,0.606061,0.633663,
20800,0.486726,0.678161,0.555556,0.554455,0.635417,0.576923,0.67619,0.526316,0.615385,0.577982,0.622642,0.648936,0.551402,0.548387,0.638298,0.59434,0.559633,0.593407,0.698113,0.670213,0.56,0.54,0.582524,0.556701,0.625,0.461538,0.606383,0.40566,0.625,0.509615,0.663462,0.604167,0.605769,0.635417,0.651685,0.567568,0.564815,0.565217,0.666667,0.602041,0.704082,0.509804,0.623762,0.585859,0.681818,0.616071,0.682692,0.489583,0.587629,0.621359,0.57,0.58,0.582418,0.559633,0.675926,0.619565,0.552083,0.644231,0.567308,0.572917,0.578431,0.581633,0.533981,0.71134,0.628571,0.505263,0.652174,0.601852,0.65625,0.576923,0.602041,0.637255,0.652174,0.576471,0.577778,0.645455,0.511905,0.491379,0.612613,0.595506,0.579832,0.592593,0.505495,0.568807,0.613861,0.606061,0.609091,0.633333,0.585859,0.514851,0.646552,0.547619,0.591837,0.509804,0.712963,0.608696,0.575758,0.633663,0.621053,0.609524,
21000,0.67619,0.526316,0.542553,0.575472,0.702128,0.622642,0.569892,0.654206,0.526882,0.700935,0.555556,0.609091,0.597938,0.592233,0.659574,0.54717,0.633663,0.636364,0.568807,0.615385,0.513514,0.606742,0.65625,0.615385,0.589286,0.568182,0.622449,0.588235,0.548673,0.62069,0.581633,0.637255,0.677083,0.625,0.572816,0.587629,0.528846,0.666667,0.521277,0.575472,0.594059,0.525253,0.580645,0.663551,0.541284,0.626374,0.625,0.645833,0.571429,0.605505,0.534653,0.59596,0.688889,0.718182,0.692308,0.633028,0.494253,0.637168,0.680412,0.553398,0.605769,0.645833,0.700935,0.634409,0.663366,0.585859,0.510204,0.637255,0.598039,0.642857,0.582524,0.649485,0.604396,0.587156,0.617391,0.623529,0.635514,0.634409,0.48913,0.648148,0.576923,0.552083,0.649485,0.660194,0.617021,0.528302,0.643564,0.747475,0.542553,0.528302,0.632075,0.542553,0.594059,0.585859,0.589474,0.647619,0.547619,0.568966,0.653061,0.5,
21200,0.59434,0.62766,0.601942,0.587629,0.626374,0.541284,0.587629,0.601942,0.649485,0.543689,0.617021,0.509434,0.598214,0.625,0.642857,0.588235,0.590909,0.655556,0.56701,0.524272,0.715789,0.638095,0.614583,0.596154,0.564356,0.656566,0.540816,0.529412,0.55914,0.607477,0.609195,0.610619,0.641304,0.601852,0.639175,0.563107,0.72381,0.652632,0.641509,0.56383,0.577982,0.626374,0.522222,0.636364,0.60396,0.59596,0.616279,0.570175,0.612903,0.626168,0.630252,0.679012,0.621622,0.696629,0.468085,0.443396,0.526316,0.628571,0.576923,0.59375,0.514286,0.578947,0.625,0.5625,0.585586,0.674157,0.52381,0.589474,0.614583,0.596154,0.489362,0.584906,0.59434,0.553191,0.568421,0.657143,0.59633,0.67033,0.65,0.56,0.605769,0.5,0.632075,0.542553,0.75,0.586538,0.570093,0.591398,0.607143,0.62069,0.623762,0.555556,0.666667,0.644231,0.628571,0.610526,0.633663,0.59596,0.639175,0.601942,
21400,0.650943,0.585106,0.707071,0.683168,0.59596,0.663366,0.576923,0.677083,0.621053,0.704762,0.597826,0.694444,0.625,0.548077,0.513514,0.58427,0.623529,0.556522,0.6,0.666667,0.61,0.67,0.514851,0.656566,0.54,0.71,0.603604,0.707865,0.632653,0.666667,0.6,0.63,0.5,0.607843,0.69,0.58,0.632653,0.676471,0.635514,0.516129,0.52,0.66,0.72619,0.560345,0.535714,0.693182,0.494382,0.567568,0.578431,0.673469,0.633929,0.625,0.63964,0.539326,0.53211,0.67033,0.721649,0.621359,0.445652,0.638889,0.7,0.61,0.510204,0.519608,0.594059,0.606061,0.686869,0.693069,0.577982,0.615385,0.504762,0.547368,0.5,0.59375,0.53,0.62,0.516854,0.594595,0.62,0.57,0.622222,0.627273,0.666667,0.593023,0.598131,0.634409,0.565217,0.62963,0.682692,0.677083,0.573034,0.711712,0.557692,0.479167,0.510638,0.622642,0.693694,0.58427,0.651685,0.567568,
21600,0.594595,0.606742,0.528846,0.59375,0.584158,0.454545,0.58,0.52,0.5625,0.538462,0.66,0.62,0.656863,0.571429,0.699029,0.587629,0.570093,0.591398,0.533333,0.536364,0.715686,0.591837,0.707071,0.564356,0.60396,0.575758,0.645833,0.615385,0.623762,0.555556,0.625,0.634615,0.638554,0.641026,0.577982,0.505495,0.588785,0.569892,0.655556,0.6,0.663636,0.622222,0.657658,0.617978,0.642202,0.582418,0.582418,0.59633,0.6,0.62,0.563636,0.522222,0.556701,0.563107,0.676471,0.520408,0.634615,0.635417,0.627451,0.561224,0.541667,0.596154,0.6,0.64,0.592233,0.587629,0.59596,0.594059,0.636364,0.623762,0.622642,0.670213,0.615385,0.541284,0.5625,0.586538,0.641509,0.574468,0.684211,0.542857,0.585859,0.584158,0.612613,0.651685,0.64,0.62,0.590909,0.611111,0.635417,0.644231,0.614583,0.673077,0.597826,0.62963,0.589286,0.670455,0.62,0.62,0.611111,0.663636,
21800,0.646465,0.613861,0.682692,0.552083,0.5,0.683673,0.612613,0.707865,0.575758,0.584158,0.59,0.54,0.505263,0.6,0.622449,0.607843,0.565657,0.584158,0.669903,0.608247,0.607143,0.534483,0.696629,0.531532,0.580645,0.560748,0.594059,0.535354,0.572727,0.655556,0.5,0.6875,0.67619,0.610526,0.619048,0.610526,0.575472,0.585106,0.663158,0.714286,0.646018,0.655172,0.628571,0.663158,0.662921,0.558559,0.63,0.57,0.472727,0.6,0.574468,0.59434,0.632075,0.617021,0.642105,0.590476,0.645833,0.615385,0.647619,0.578947,0.628319,0.563218,0.628866,0.61165,0.561224,0.607843,0.558824,0.591837,0.65625,0.644231,0.625,0.615385,0.525253,0.524752,0.648936,0.54717,0.5,0.62963,0.6,0.52,0.556701,0.737864,0.589474,0.619048,0.62,0.58,0.617978,0.666667,0.533981,0.618557,0.608247,0.592233,0.625,0.596154,0.561404,0.72093,0.703704,0.576087,0.598131,0.580645,
22000,0.686869,0.683168,0.598131,0.612903,0.631068,0.649485,0.605505,0.67033,0.553398,0.608247,0.590476,0.715789,0.622642,0.62766,0.552381,0.652632,0.588785,0.483871,0.539216,0.571429,0.540816,0.568627,0.675676,0.539326,0.612245,0.607843,0.653846,0.71875,0.560748,0.634409,0.465116,0.649123,0.581633,0.627451,0.51087,0.648148,0.463158,0.552381,0.478261,0.6,0.589474,0.695238,0.592233,0.608247,0.52381,0.673684,0.622449,0.54902,0.59375,0.730769,0.61165,0.618557,0.632184,0.60177,0.669903,0.587629,0.669811,0.680851,0.581633,0.656863,0.617978,0.612613,0.605263,0.593023,0.44086,0.523364,0.585859,0.683168,0.537037,0.608696,0.673913,0.490741,0.659794,0.582524,0.636364,0.683168,0.618182,0.588889,0.618557,0.776699,0.630435,0.601852,0.551402,0.688172,0.613861,0.747475,0.63,0.52,0.527473,0.688073,0.63,0.56,0.688073,0.659341,0.625,0.5625,0.638554,0.666667,0.585859,0.633663,
22200,0.688172,0.588785,0.636364,0.544444,0.576087,0.685185,0.575758,0.643564,0.587629,0.621359,0.577982,0.549451,0.525253,0.60396,0.623529,0.556522,0.685714,0.557895,0.646465,0.584158,0.524752,0.676768,0.515789,0.6,0.6,0.463158,0.574468,0.518868,0.666667,0.602041,0.663158,0.628571,0.636364,0.577778,0.583333,0.548077,0.634409,0.551402,0.707071,0.60396,0.526316,0.638095,0.516129,0.579439,0.61,0.48,0.59596,0.623762,0.646465,0.564356,0.677419,0.71028,0.536082,0.631068,0.666667,0.663636,0.663366,0.626263,0.597938,0.631068,0.638095,0.578947,0.639175,0.572816,0.618557,0.563107,0.604167,0.692308,0.659091,0.607143,0.650943,0.670213,0.701923,0.677083,0.575758,0.663366,0.640777,0.57732,0.666667,0.693069,0.619048,0.612069,0.69,0.57,0.575758,0.623762,0.644444,0.618182,0.583333,0.644231,0.598039,0.520408,0.59,0.63,0.63,0.54,0.571429,0.488636,0.585859,0.574257,
22400,0.682353,0.617391,0.581633,0.578431,0.623762,0.626263,0.489796,0.441176,0.622222,0.563636,0.608247,0.640777,0.659091,0.607143,0.574713,0.460177,0.528302,0.680851,0.58427,0.486486,0.622642,0.553191,0.670103,0.61165,0.592233,0.628866,0.544715,0.571429,0.536364,0.577778,0.652174,0.62037,0.586957,0.648148,0.652174,0.564815,0.660377,0.62766,0.591304,0.694118,0.601852,0.5,0.72,0.67,0.569767,0.596491,0.615385,0.6875,0.59434,0.574468,0.640777,0.57732,0.650485,0.56701,0.574257,0.616162,0.554545,0.633333,0.609195,0.566372,0.685185,0.586957,0.602041,0.529412,0.514286,0.547368,0.538462,0.645833,0.571429,0.617647,0.622449,0.558824,0.666667,0.605769,0.554348,0.546296,0.712871,0.535354,0.561224,0.558824,0.627273,0.555556,0.49,0.59,0.534653,0.656566,0.554455,0.565657,0.572727,0.533333,0.681818,0.666667,0.59434,0.691489,0.543689,0.608247,0.572917,0.625,0.541667,0.625,
22600,0.553191,0.575472,0.642105,0.571429,0.645833,0.605769,0.586957,0.592593,0.523256,0.570175,0.54955,0.550562,0.653465,0.656566,0.55,0.64,0.505155,0.582524,0.605769,0.6875,0.465909,0.580357,0.544554,0.585859,0.557692,0.708333,0.619565,0.611111,0.576087,0.574074,0.61,0.65,0.635514,0.655914,0.656863,0.642857,0.5625,0.605769,0.642857,0.529412,0.705882,0.602041,0.626263,0.455446,0.68932,0.546392,0.688679,0.489362,0.73,0.52,0.592593,0.619565,0.653061,0.637255,0.654206,0.688172,0.533981,0.680412,0.597938,0.572816,0.537736,0.670213,0.553398,0.57732,0.619565,0.648148,0.598039,0.459184,0.638889,0.586957,0.593407,0.587156,0.606061,0.623762,0.585366,0.584746,0.686747,0.692308,0.538462,0.550459,0.541667,0.576923,0.54717,0.478723,0.6,0.494737,0.540816,0.578431,0.640449,0.558559,0.617647,0.642857,0.520833,0.548077,0.561224,0.598039,0.53125,0.644231,0.601942,0.57732,
22800,0.452632,0.647619,0.676768,0.50495,0.563636,0.633333,0.693069,0.565657,0.684211,0.580952,0.515152,0.594059,0.584158,0.565657,0.575472,0.617021,0.6,0.563636,0.62,0.6,0.663551,0.634409,0.659574,0.59434,0.585859,0.574257,0.6,0.709091,0.647619,0.515789,0.521739,0.592593,0.604651,0.535088,0.567308,0.635417,0.59596,0.613861,0.480769,0.583333,0.557692,0.541667,0.623656,0.626168,0.521277,0.641509,0.494845,0.699029,0.626263,0.544554,0.556818,0.6875,0.5,0.577586,0.6,0.66,0.540816,0.5,0.59375,0.586538,0.646465,0.643564,0.634409,0.719626,0.693878,0.627451,0.700855,0.638554,0.484211,0.542857,0.6,0.590909,0.519608,0.571429,0.647059,0.478261,0.67619,0.547368,0.577982,0.615385,0.701923,0.552083,0.617647,0.612245,0.521739,0.592593,0.601942,0.525773,0.579439,0.526882,0.613208,0.62766,0.644444,0.627273,0.610526,0.533333,0.623656,0.691589,0.625,0.579545,
23000,0.53,0.7,0.645833,0.682692,0.644231,0.614583,0.617647,0.612245,0.642105,0.571429,0.669903,0.57732,0.635417,0.586538,0.565217,0.555556,0.5625,0.519231,0.67,0.63,0.631579,0.609524,0.580645,0.700935,0.59375,0.701923,0.666667,0.663366,0.598039,0.653061,0.71134,0.68932,0.566667,0.627273,0.52,0.62,0.613861,0.616162,0.574468,0.584906,0.633333,0.618182,0.55102,0.666667,0.67033,0.633028,0.694737,0.628571,0.569892,0.607477,0.571429,0.614679,0.57732,0.553398,0.542857,0.505263,0.628866,0.650485,0.708333,0.605769,0.610526,0.647619,0.608247,0.631068,0.645833,0.653846,0.568627,0.622449,0.59434,0.62766,0.622449,0.617647,0.552381,0.621053,0.586957,0.592593,0.580645,0.607477,0.565217,0.583333,0.592233,0.56701,0.606061,0.633663,0.660194,0.587629,0.608696,0.592593,0.602151,0.64486,0.462366,0.579439,0.551402,0.580645,0.657407,0.597826,0.541176,0.6,0.61165,0.659794,
23200,0.603774,0.531915,0.728261,0.601852,0.554455,0.59596,0.67619,0.726316,0.59375,0.538462,0.655914,0.607477,0.648352,0.614679,0.63964,0.629213,0.649485,0.669903,0.594059,0.646465,0.672897,0.526882,0.55102,0.568627,0.523256,0.508772,0.565657,0.475248,0.559633,0.571429,0.572917,0.644231,0.570093,0.741935,0.548077,0.708333,0.555556,0.586957,0.538462,0.53211,0.509804,0.704082,0.561798,0.693694,0.62,0.76,0.524752,0.626263,0.56044,0.587156,0.548387,0.551402,0.548673,0.597701,0.538462,0.541667,0.575758,0.524752,0.618557,0.592233,0.755319,0.603774,0.613636,0.535714,0.670103,0.572816,0.589474,0.571429,0.614583,0.615385,0.695652,0.648148,0.6,0.63,0.652632,0.628571,0.570093,0.505376,0.56701,0.572816,0.579439,0.569892,0.603604,0.662921,0.629213,0.576577,0.646018,0.586207,0.653846,0.708333,0.684211,0.533333,0.639175,0.543689,0.509091,0.644444,0.641509,0.574468,0.565657,0.564356,
23400,0.602151,0.570093,0.592233,0.556701,0.568421,0.552381,0.561905,0.526316,0.516484,0.651376,0.561905,0.652632,0.613636,0.589286,0.660194,0.649485,0.693878,0.588235,0.597826,0.527778,0.553191,0.575472,0.587156,0.637363,0.574074,0.652174,0.610526,0.67619,0.56,0.57,0.576577,0.606742,0.570175,0.616279,0.657407,0.565217,0.641975,0.487395,0.666667,0.548077,0.54902,0.530612,0.6,0.533333,0.605769,0.53125,0.645833,0.634615,0.573034,0.72973,0.584158,0.656566,0.553191,0.613208,0.621359,0.515464,0.505376,0.635514,0.618557,0.640777,0.623656,0.588785,0.586957,0.592593,0.652632,0.561905,0.56701,0.592233,0.683673,0.617647,0.631068,0.639175,0.617647,0.540816,0.526316,0.657143,0.59596,0.643564,0.59633,0.538462,0.538462,0.633028,0.596154,0.65625,0.663636,0.666667,0.542056,0.698925,0.56383,0.59434,0.617647,0.653061,0.636364,0.633929,0.62,0.64,0.490385,0.645833,0.59434,0.553191,
23600,0.626168,0.634409,0.608247,0.572816,0.666667,0.596154,0.568182,0.678571,0.588235,0.591837,0.588235,0.591304,0.582418,0.577982,0.604167,0.634615,0.646465,0.623762,0.567901,0.672269,0.548077,0.541667,0.613636,0.580357,0.604167,0.615385,0.572816,0.680412,0.698113,0.56383,0.63,0.71,0.708738,0.587629,0.571429,0.5,0.605769,0.59375,0.681818,0.511111,0.637255,0.693878,0.560748,0.591398,0.659794,0.718447,0.6,0.6,0.642202,0.659341,0.543689,0.484536,0.6,0.67,0.63,0.68,0.625,0.583333,0.472222,0.576087,0.638889,0.565217,0.550459,0.659341,0.637363,0.605505,0.617647,0.632653,0.566038,0.574468,0.575758,0.574257,0.625,0.663462,0.663366,0.555556,0.572816,0.731959,0.513761,0.604396,0.663551,0.666667,0.663158,0.485714,0.543478,0.62963,0.714286,0.493827,0.646465,0.594059,0.682243,0.623656,0.686869,0.554455,0.663551,0.655914,0.551724,0.60177,0.489362,0.603774,
23800,0.612613,0.58427,0.566038,0.425532,0.557895,0.580952,0.613208,0.680851,0.657658,0.573034,0.598039,0.612245,0.57,0.62,0.603774,0.606383,0.6,0.5,0.576087,0.62037,0.6875,0.701923,0.583333,0.509615,0.636364,0.555556,0.6,0.6,0.536842,0.628571,0.653465,0.565657,0.62,0.65,0.650485,0.597938,0.71,0.55,0.677083,0.692308,0.556701,0.640777,0.584158,0.646465,0.541667,0.605769,0.708738,0.57732,0.715909,0.508929,0.715789,0.571429,0.525,0.583333,0.672897,0.709677,0.693182,0.633929,0.643564,0.565657,0.602041,0.656863,0.61,0.6,0.534091,0.642857,0.614679,0.582418,0.590909,0.598214,0.516129,0.476636,0.651376,0.571429,0.673684,0.609524,0.53,0.65,0.623762,0.545455,0.5,0.583333,0.590476,0.642105,0.598214,0.579545,0.596491,0.569767,0.632075,0.5,0.57,0.61,0.6,0.67,0.619048,0.655172,0.583333,0.48913,0.615385,0.520833,
24000,0.592233,0.494845,0.514563,0.680412,0.494845,0.592233,0.548387,0.598131,0.544444,0.536364,0.628571,0.505263,0.666667,0.545455,0.55914,0.616822,0.605769,0.635417,0.602041,0.598039,0.639175,0.679612,0.47,0.5,0.622449,0.568627,0.683168,0.565657,0.475248,0.515152,0.58,0.56,0.481132,0.585106,0.467391,0.648148,0.612903,0.607477,0.587719,0.604651,0.66055,0.527473,0.581633,0.539216,0.54,0.51,0.510417,0.625,0.561224,0.598039,0.516484,0.651376,0.660377,0.62766,0.59375,0.586538,0.633663,0.626263,0.623762,0.575758,0.59375,0.586538,0.543689,0.659794,0.514563,0.608247,0.59,0.5,0.574468,0.622642,0.575472,0.680851,0.606383,0.632075,0.520408,0.607843,0.629213,0.63964,0.566038,0.574468,0.523364,0.451613,0.611111,0.684783,0.683168,0.515152,0.647619,0.652632,0.679245,0.648936,0.61,0.68,0.43617,0.59434,0.538462,0.552083,0.635417,0.625,0.712871,0.606061,
24200,0.628571,0.621053,0.56701,0.68932,0.579439,0.709677,0.574074,0.586957,0.663551,0.645161,0.593407,0.541284,0.57732,0.543689,0.651685,0.720721,0.556701,0.669903,0.597826,0.694444,0.564815,0.619565,0.618557,0.563107,0.604396,0.651376,0.532609,0.657407,0.673077,0.65625,0.67,0.67,0.68,0.59,0.597701,0.60177,0.564815,0.641304,0.623656,0.570093,0.673684,0.571429,0.603604,0.629213,0.647619,0.589474,0.619048,0.6,0.553191,0.641509,0.617647,0.581633,0.659574,0.481132,0.527778,0.565217,0.617647,0.673469,0.56383,0.575472,0.518519,0.586957,0.666667,0.534653,0.616162,0.554455,0.642857,0.558824,0.613861,0.757576,0.64,0.62,0.533981,0.680412,0.714286,0.579545,0.61039,0.634146,0.552083,0.682692,0.657407,0.565217,0.541667,0.567308,0.594595,0.561798,0.648936,0.575472,0.649485,0.640777,0.649485,0.553398,0.623762,0.545455,0.653465,0.616162,0.672414,0.630952,0.598039,0.663265,
24400,0.568421,0.52381,0.568807,0.659341,0.666667,0.653061,0.567568,0.595506,0.675676,0.685393,0.56,0.63,0.544643,0.602273,0.567568,0.41573,0.556818,0.633929,0.613208,0.531915,0.609091,0.566667,0.690722,0.650485,0.568421,0.542857,0.587156,0.549451,0.609195,0.575221,0.611111,0.521739,0.576577,0.640449,0.526316,0.590476,0.417582,0.752294,0.544554,0.69697,0.61,0.56,0.614679,0.626374,0.572727,0.666667,0.615385,0.65625,0.539216,0.642857,0.594059,0.565657,0.645161,0.579439,0.577586,0.595238,0.554455,0.616162,0.637168,0.597701,0.625,0.666667,0.633929,0.511364,0.653465,0.545455,0.59375,0.586538,0.61165,0.536082,0.69,0.54,0.66055,0.505495,0.646465,0.574257,0.534653,0.59596,0.614679,0.549451,0.663265,0.519608,0.714286,0.66055,0.554455,0.626263,0.615385,0.604167,0.576923,0.53125,0.56,0.63,0.741573,0.576577,0.555556,0.584158,0.582418,0.614679,0.578431,0.642857,
24600,0.564356,0.656566,0.577778,0.654545,0.663366,0.555556,0.650602,0.512821,0.636364,0.663366,0.564356,0.717172,0.581633,0.686275,0.578947,0.609524,0.552381,0.547368,0.509615,0.541667,0.612613,0.52809,0.538462,0.489583,0.534653,0.636364,0.45045,0.696629,0.546296,0.554348,0.611111,0.590909,0.49505,0.575758,0.583333,0.615385,0.659091,0.580357,0.558824,0.571429,0.639175,0.61165,0.569892,0.635514,0.63,0.69,0.595745,0.641509,0.540816,0.558824,0.568421,0.561905,0.72,0.67,0.627451,0.55102,0.630435,0.62963,0.651786,0.579545,0.533981,0.56701,0.522222,0.645455,0.583333,0.644231,0.59,0.64,0.6625,0.55,0.592233,0.742268,0.607843,0.591837,0.46729,0.537634,0.530612,0.568627,0.534653,0.636364,0.626374,0.587156,0.645833,0.586538,0.602151,0.588785,0.642857,0.529412,0.63,0.62,0.70297,0.656566,0.54,0.66,0.610169,0.573171,0.577778,0.618182,0.543478,0.601852,
24800,0.615385,0.5625,0.585859,0.49505,0.585859,0.554455,0.610526,0.657143,0.567308,0.614583,0.475728,0.649485,0.576923,0.53125,0.485149,0.606061,0.545455,0.633663,0.55914,0.598131,0.604167,0.615385,0.610526,0.6,0.602273,0.598214,0.72449,0.666667,0.648936,0.773585,0.529412,0.693878,0.68932,0.608247,0.655914,0.626168,0.632075,0.585106,0.631068,0.556701,0.561404,0.616279,0.666667,0.635514,0.626263,0.524752,0.595745,0.556604,0.613861,0.59596,0.644231,0.552083,0.598039,0.591837,0.514851,0.565657,0.543478,0.601852,0.68932,0.639175,0.655914,0.570093,0.575758,0.574257,0.619048,0.663158,0.515152,0.663366,0.60396,0.555556,0.621622,0.573034,0.59,0.58,0.5,0.605769,0.653465,0.626263,0.692308,0.698795,0.631068,0.639175,0.648352,0.577982,0.526786,0.568182,0.57732,0.592233,0.646465,0.673267,0.47619,0.578947,0.691589,0.655914,0.669725,0.571429,0.675926,0.576087,0.637255,0.683673,
25000,0.55914,0.691589,0.578947,0.561905,0.657658,0.505618,0.62766,0.688679,0.56701,0.504854,0.686869,0.584158,0.619048,0.557895,0.580645,0.71028,0.639175,0.708738,0.595238,0.612069,0.57732,0.553398,0.666667,0.479592,0.712766,0.528302,0.555556,0.514851,0.59,0.62,0.601942,0.56701,0.574074,0.554348,0.588235,0.622449,0.642857,0.568627,0.654206,0.569892,0.590909,0.611111,0.515464,0.61165,0.561798,0.630631,0.556701,0.601942,0.60396,0.565657,0.663366,0.646465,0.542553,0.669811,0.554545,0.611111,0.669903,0.608247,0.572816,0.618557,0.561224,0.666667,0.63964,0.707865,0.657407,0.543478,0.684211,0.657143,0.610526,0.561905,0.592233,0.597938,0.676471,0.540816,0.61,0.61,0.707547,0.595745,0.584906,0.574468,0.622449,0.637255,0.585106,0.59434,0.610526,0.52381,0.584906,0.62766,0.623656,0.654206,0.699029,0.618557,0.591837,0.696078,0.587156,0.637363,0.604651,0.701754,0.593023,0.561404,
25200,0.633663,0.59596,0.601942,0.587629,0.566038,0.595745,0.587156,0.626374,0.495238,0.589474,0.61165,0.546392,0.54023,0.530973,0.61165,0.525773,0.663462,0.614583,0.586538,0.552083,0.514286,0.484211,0.539216,0.622449,0.561798,0.63964,0.568421,0.514286,0.681319,0.559633,0.557895,0.580952,0.684783,0.592593,0.670103,0.572816,0.59633,0.527473,0.571429,0.556818,0.571429,0.53211,0.637255,0.540816,0.6,0.470588,0.53271,0.580645,0.6,0.609091,0.489583,0.576923,0.541284,0.593407,0.54717,0.56383,0.609524,0.589474,0.53125,0.548077,0.566038,0.56383,0.577778,0.563636,0.522727,0.642857,0.573034,0.567568,0.660377,0.478723,0.563636,0.633333,0.558824,0.571429,0.705357,0.579545,0.663043,0.592593,0.628866,0.485437,0.673684,0.714286,0.666667,0.598131,0.684783,0.611111,0.51087,0.518519,0.565217,0.601852,0.515789,0.542857,0.530612,0.509804,0.55,0.53,0.566667,0.590909,0.595745,0.481132,
25400,0.588785,0.580645,0.582524,0.597938,0.602151,0.607477,0.568627,0.520408,0.621359,0.608247,0.639175,0.660194,0.593407,0.633028,0.578431,0.72449,0.565217,0.62037,0.636364,0.642857,0.614679,0.593407,0.640777,0.659794,0.53,0.66,0.601852,0.673913,0.555556,0.524752,0.571429,0.568627,0.673684,0.628571,0.626263,0.643564,0.555556,0.645455,0.591837,0.617647,0.55914,0.672897,0.602041,0.617647,0.577778,0.663636,0.561798,0.540541,0.598039,0.602041,0.622449,0.627451,0.576923,0.614583,0.59434,0.606383,0.647619,0.578947,0.635417,0.596154,0.578947,0.533333,0.603774,0.638298,0.613861,0.626263,0.632653,0.539216,0.684685,0.561798,0.603774,0.606383,0.587156,0.549451,0.529412,0.581633,0.54902,0.673469,0.638095,0.631579,0.631068,0.56701,0.616162,0.524752,0.636364,0.7,0.649485,0.504854,0.591837,0.627451,0.623762,0.686869,0.619565,0.537037,0.596154,0.520833,0.616162,0.594059,0.616822,0.494624,
25600,0.56044,0.577982,0.511111,0.636364,0.659341,0.568807,0.568627,0.581633,0.593407,0.550459,0.686747,0.632479,0.583333,0.759615,0.634409,0.682243,0.633663,0.494949,0.702128,0.622642,0.677778,0.6,0.535088,0.639535,0.614583,0.644231,0.591398,0.551402,0.56,0.54,0.52381,0.6,0.60396,0.646465,0.630952,0.62931,0.630435,0.601852,0.696078,0.55102,0.560748,0.623656,0.571429,0.604938,0.647059,0.581633,0.6,0.621053,0.596154,0.59375,0.673913,0.592593,0.670213,0.5,0.563218,0.637168,0.574468,0.575472,0.587629,0.631068,0.630631,0.561798,0.622642,0.680851,0.590361,0.649573,0.57,0.61,0.555556,0.633663,0.546296,0.543478,0.663462,0.645833,0.644231,0.65625,0.611111,0.543478,0.615385,0.623853,0.552381,0.663158,0.612903,0.588785,0.618557,0.543689,0.641509,0.62766,0.608247,0.601942,0.61,0.57,0.6,0.589474,0.679612,0.608247,0.6,0.6,0.659341,0.633028,
25800,0.663462,0.677083,0.5,0.621951,0.55914,0.560748,0.587629,0.543689,0.676768,0.554455,0.52381,0.547368,0.551402,0.645161,0.621622,0.573034,0.62766,0.660377,0.592233,0.618557,0.685714,0.568421,0.612903,0.663551,0.627273,0.655556,0.582609,0.588235,0.552083,0.548077,0.635294,0.53913,0.614679,0.615385,0.637255,0.5,0.614679,0.637363,0.54902,0.622449,0.676471,0.561224,0.598131,0.591398,0.64,0.56,0.621359,0.618557,0.71028,0.569892,0.641509,0.510638,0.638298,0.603774,0.603774,0.542553,0.638298,0.556604,0.626374,0.633028,0.619048,0.547368,0.638298,0.556604,0.663462,0.604167,0.592593,0.630435,0.582524,0.659794,0.633663,0.666667,0.539216,0.653061,0.680412,0.679612,0.505155,0.592233,0.596491,0.674419,0.543478,0.62037,0.578431,0.530612,0.650485,0.628866,0.656863,0.571429,0.539216,0.683673,0.553398,0.56701,0.581818,0.566667,0.595506,0.594595,0.666667,0.635514,0.561905,0.642105,
26000,0.540816,0.539216,0.680412,0.533981,0.553191,0.45283,0.605505,0.659341,0.557895,0.6,0.525253,0.60396,0.585586,0.539326,0.622449,0.568627,0.663158,0.561905,0.533981,0.659794,0.518519,0.619565,0.590476,0.673684,0.653846,0.625,0.615385,0.625,0.57,0.62,0.59,0.5,0.585859,0.594059,0.692308,0.688073,0.638298,0.613208,0.603604,0.58427,0.56,0.65,0.60396,0.606061,0.574713,0.610619,0.56383,0.622642,0.587629,0.679612,0.528736,0.566372,0.676768,0.584158,0.653465,0.646465,0.703704,0.608696,0.527778,0.663043,0.637363,0.577982,0.701923,0.541667,0.607843,0.561224,0.560748,0.548387,0.623853,0.472527,0.602041,0.558824,0.539216,0.55102,0.568627,0.540816,0.572917,0.567308,0.632653,0.578431,0.568627,0.693878,0.648148,0.586957,0.588785,0.591398,0.588785,0.526882,0.630435,0.490741,0.641509,0.521277,0.623656,0.542056,0.543689,0.659794,0.59434,0.702128,0.62037,0.695652,
26200,0.563107,0.597938,0.59434,0.606383,0.526316,0.686047,0.509804,0.591837,0.592233,0.556701,0.612245,0.598039,0.653846,0.677083,0.587629,0.631068,0.545455,0.611111,0.573171,0.516949,0.588889,0.6,0.60396,0.666667,0.670103,0.582524,0.566038,0.691489,0.695238,0.726316,0.571429,0.568627,0.666667,0.578947,0.527778,0.630435,0.64486,0.494624,0.566038,0.670213,0.565217,0.527778,0.58427,0.657658,0.607843,0.55102,0.636364,0.584158,0.649485,0.582524,0.626374,0.559633,0.628866,0.640777,0.64,0.63,0.5625,0.615385,0.594059,0.545455,0.555556,0.509091,0.613861,0.575758,0.582524,0.721649,0.632075,0.691489,0.62963,0.571429,0.604167,0.615385,0.581633,0.686275,0.670103,0.669903,0.666667,0.581818,0.530973,0.597701,0.632479,0.506024,0.604167,0.605769,0.544444,0.536364,0.6,0.694737,0.57,0.65,0.617978,0.657658,0.55914,0.64486,0.568627,0.765306,0.60396,0.59596,0.574468,0.603774,
26400,0.57,0.59,0.645161,0.654206,0.571429,0.602273,0.649485,0.61165,0.585106,0.575472,0.585859,0.584158,0.633663,0.626263,0.663043,0.518519,0.68,0.57,0.663366,0.737374,0.6875,0.663462,0.632653,0.705882,0.673267,0.525253,0.616071,0.454545,0.578947,0.447619,0.568421,0.542857,0.504854,0.474227,0.619565,0.546296,0.647619,0.6,0.586538,0.604167,0.594059,0.646465,0.594059,0.626263,0.729167,0.653846,0.612613,0.662921,0.609524,0.6,0.652174,0.703704,0.627907,0.666667,0.745098,0.632653,0.541667,0.653846,0.533333,0.652632,0.541667,0.567308,0.607477,0.602151,0.607843,0.581633,0.639175,0.631068,0.659091,0.6875,0.566038,0.414894,0.627451,0.530612,0.522936,0.571429,0.650485,0.597938,0.613861,0.505051,0.567308,0.510417,0.536842,0.638095,0.625,0.75,0.614679,0.67033,0.554455,0.565657,0.626087,0.552941,0.55102,0.558824,0.56,0.64,0.514851,0.545455,0.556818,0.660714,
26600,0.480392,0.622449,0.580952,0.589474,0.590476,0.505263,0.587629,0.524272,0.636364,0.623762,0.65625,0.605769,0.675676,0.606742,0.576087,0.675926,0.577982,0.571429,0.594059,0.545455,0.515789,0.590476,0.545455,0.663366,0.617978,0.63964,0.606383,0.528302,0.584906,0.574468,0.586538,0.625,0.6,0.55,0.659574,0.622642,0.607477,0.645161,0.623656,0.504673,0.584906,0.670213,0.614679,0.582418,0.551402,0.55914,0.653465,0.686869,0.669492,0.52439,0.62963,0.597826,0.688172,0.560748,0.541284,0.637363,0.669903,0.618557,0.591837,0.54902,0.54902,0.5,0.642105,0.666667,0.659574,0.584906,0.540816,0.519608,0.573034,0.612613,0.648936,0.566038,0.660714,0.625,0.59434,0.457447,0.621359,0.515464,0.609091,0.633333,0.64,0.63,0.578947,0.685714,0.525253,0.594059,0.693182,0.705357,0.633333,0.636364,0.5,0.62037,0.618644,0.609756,0.554545,0.522222,0.584158,0.555556,0.59,0.52,
26800,0.676471,0.653061,0.559524,0.62069,0.56701,0.669903,0.64,0.58,0.609524,0.589474,0.669421,0.620253,0.630952,0.637931,0.614583,0.567308,0.593407,0.53211,0.623656,0.551402,0.590909,0.544444,0.606061,0.564356,0.51,0.55,0.67619,0.452632,0.564356,0.666667,0.597826,0.611111,0.594828,0.630952,0.680412,0.640777,0.613636,0.616071,0.533333,0.557895,0.584906,0.62766,0.56044,0.614679,0.626263,0.554455,0.602041,0.598039,0.45045,0.573034,0.617647,0.510204,0.589474,0.495238,0.696078,0.591837,0.646465,0.524752,0.610526,0.67619,0.609091,0.611111,0.504673,0.569892,0.661017,0.5,0.59375,0.634615,0.582524,0.639175,0.57732,0.495146,0.634409,0.598131,0.65,0.7,0.598131,0.666667,0.688679,0.606383,0.596491,0.639535,0.62037,0.619565,0.63,0.63,0.543689,0.649485,0.590476,0.631579,0.679245,0.62766,0.537634,0.626168,0.576087,0.601852,0.607143,0.62931,0.567308,0.635417,
27000,0.639175,0.572816,0.520408,0.558824,0.619565,0.555556,0.54902,0.602041,0.574257,0.585859,0.609524,0.6,0.53211,0.703297,0.621622,0.516854,0.551724,0.707965,0.554348,0.555556,0.5,0.636364,0.548077,0.53125,0.618557,0.533981,0.570175,0.593023,0.587156,0.637363,0.556604,0.670213,0.645161,0.672897,0.695238,0.652632,0.640777,0.525773,0.6,0.638095,0.558559,0.617978,0.576577,0.662921,0.56044,0.522936,0.607143,0.534091,0.61,0.6,0.607477,0.655914,0.609524,0.642105,0.533981,0.628866,0.535354,0.653465,0.669903,0.597938,0.62766,0.650943,0.607477,0.55914,0.58427,0.63964,0.53271,0.623656,0.5,0.7,0.533981,0.701031,0.592233,0.608247,0.553398,0.525773,0.627451,0.683673,0.541667,0.596154,0.561798,0.621622,0.640777,0.597938,0.598131,0.526882,0.6,0.684211,0.515789,0.685714,0.504762,0.578947,0.653061,0.656863,0.609524,0.621053,0.68,0.58,0.556701,0.747573,
27200,0.663158,0.590476,0.651685,0.612613,0.63,0.63,0.672897,0.634409,0.632653,0.558824,0.683168,0.525253,0.462963,0.532609,0.553191,0.518868,0.520408,0.568627,0.608247,0.640777,0.580645,0.682243,0.656863,0.55102,0.627451,0.663265,0.669903,0.628866,0.494949,0.584158,0.53271,0.645161,0.560748,0.580645,0.644231,0.666667,0.608696,0.555556,0.690722,0.61165,0.586957,0.648148,0.570093,0.55914,0.62766,0.556604,0.505051,0.49505,0.572917,0.567308,0.742268,0.543689,0.504854,0.587629,0.53,0.61,0.650485,0.556701,0.607143,0.647727,0.648148,0.673913,0.558824,0.571429,0.626374,0.541284,0.548387,0.579439,0.596154,0.645833,0.653061,0.647059,0.608696,0.694444,0.616279,0.570175,0.548387,0.607477,0.663366,0.676768,0.53125,0.538462,0.575758,0.613861,0.676471,0.55102,0.454545,0.60396,0.62,0.58,0.61,0.6,0.55,0.48,0.586207,0.628319,0.584158,0.666667,0.59633,0.593407,
27400,0.663551,0.612903,0.638095,0.515789,0.514563,0.608247,0.632653,0.578431,0.612245,0.637255,0.597938,0.68932,0.628866,0.631068,0.494737,0.619048,0.539216,0.581633,0.567308,0.5625,0.718447,0.587629,0.576923,0.604167,0.61,0.63,0.588785,0.634409,0.673267,0.626263,0.707865,0.657658,0.541667,0.596154,0.520408,0.607843,0.586957,0.666667,0.583333,0.673077,0.489796,0.647059,0.607477,0.483871,0.579439,0.655914,0.565217,0.657407,0.607843,0.571429,0.515464,0.640777,0.559633,0.648352,0.645833,0.692308,0.574257,0.474747,0.626168,0.55914,0.629213,0.486486,0.590476,0.589474,0.622642,0.595745,0.595506,0.657658,0.578431,0.581633,0.533981,0.628866,0.666667,0.568421,0.594059,0.565657,0.518868,0.595745,0.60396,0.505051,0.632075,0.617021,0.494624,0.682243,0.652174,0.564815,0.618182,0.644444,0.575472,0.617021,0.642105,0.580952,0.7,0.590909,0.533981,0.587629,0.673913,0.574074,0.656863,0.540816,
27600,0.484211,0.590476,0.568421,0.590476,0.684211,0.604651,0.584906,0.62766,0.542857,0.631579,0.583333,0.682692,0.678261,0.611765,0.6,0.568421,0.67,0.53,0.589474,0.609524,0.555556,0.654545,0.701923,0.583333,0.592593,0.638655,0.678571,0.647727,0.54902,0.571429,0.722689,0.567901,0.51,0.5,0.555556,0.565217,0.54902,0.632653,0.642857,0.558824,0.553398,0.597938,0.561224,0.647059,0.644231,0.53125,0.643564,0.626263,0.586538,0.552083,0.656566,0.574257,0.6,0.68,0.554455,0.606061,0.53125,0.567308,0.66,0.48,0.590909,0.566667,0.64,0.59,0.555556,0.627273,0.52381,0.610526,0.6,0.577778,0.67619,0.705263,0.606383,0.59434,0.535354,0.693069,0.563107,0.546392,0.597938,0.61165,0.546296,0.673913,0.634409,0.607477,0.538462,0.625,0.688172,0.551402,0.532609,0.564815,0.653061,0.578431,0.513761,0.648352,0.519608,0.459184,0.534653,0.656566,0.62069,0.619469,
27800,0.66,0.59,0.586957,0.657407,0.5625,0.602273,0.585106,0.613208,0.540816,0.539216,0.48,0.68,0.617647,0.55102,0.607477,0.752688,0.616162,0.564356,0.522727,0.669643,0.554545,0.544444,0.633028,0.626374,0.626168,0.591398,0.54,0.65,0.568182,0.535714,0.607843,0.530612,0.646465,0.584158,0.660377,0.680851,0.594595,0.561798,0.677083,0.557692,0.616162,0.564356,0.583333,0.608696,0.515464,0.650485,0.619048,0.547368,0.520408,0.627451,0.510638,0.556604,0.61,0.54,0.73913,0.583333,0.632653,0.656863,0.635514,0.602151,0.686275,0.622449,0.608696,0.657407,0.60177,0.632184,0.564815,0.565217,0.666667,0.602041,0.606383,0.632075,0.572816,0.618557,0.539216,0.571429,0.577982,0.593407,0.612245,0.598039,0.650943,0.648936,0.633028,0.67033,0.625,0.596154,0.673469,0.666667,0.683168,0.616162,0.643564,0.494949,0.585859,0.534653,0.522222,0.627273,0.574074,0.597826,0.590476,0.694737,
28000,0.532609,0.657407,0.7,0.572727,0.588785,0.580645,0.65,0.64,0.699029,0.608247,0.613861,0.545455,0.666667,0.578947,0.571429,0.577982,0.556701,0.650485,0.566667,0.590909,0.585859,0.653465,0.670455,0.651786,0.58,0.58,0.576923,0.625,0.597826,0.62963,0.576923,0.604167,0.616162,0.643564,0.519608,0.642857,0.70297,0.646465,0.5,0.575472,0.568627,0.673469,0.701031,0.553398,0.549451,0.495413,0.697248,0.637363,0.602151,0.579439,0.619048,0.473684,0.602041,0.617647,0.602273,0.589286,0.669725,0.582418,0.452381,0.681034,0.536842,0.666667,0.552083,0.615385,0.557895,0.590476,0.571429,0.559633,0.578512,0.518987,0.603604,0.516854,0.592233,0.628866,0.66055,0.428571,0.571429,0.588235,0.469388,0.598039,0.650485,0.608247,0.625,0.636364,0.621053,0.6,0.586538,0.5,0.612613,0.617978,0.630631,0.651685,0.72381,0.715789,0.567308,0.677083,0.584906,0.648936,0.586207,0.571429,
28200,0.553398,0.525773,0.677419,0.598131,0.424528,0.510638,0.539216,0.602041,0.62,0.68,0.59633,0.626374,0.59292,0.586207,0.554455,0.565657,0.663043,0.583333,0.588889,0.554545,0.635417,0.528846,0.585859,0.534653,0.59375,0.596154,0.49,0.55,0.584906,0.691489,0.585366,0.550847,0.56383,0.650943,0.571429,0.539216,0.643564,0.646465,0.587629,0.553398,0.585859,0.663366,0.575472,0.638298,0.614583,0.625,0.558824,0.581633,0.613636,0.589286,0.670103,0.728155,0.559633,0.626374,0.524272,0.597938,0.618557,0.495146,0.725275,0.642202,0.653846,0.625,0.719512,0.584746,0.65,0.66,0.674419,0.578947,0.545455,0.514851,0.666667,0.621053,0.584158,0.575758,0.645833,0.576923,0.653061,0.490196,0.618182,0.755556,0.574257,0.515152,0.619048,0.473684,0.695652,0.635294,0.613636,0.616071,0.666667,0.683168,0.659794,0.553398,0.617021,0.698113,0.698795,0.615385,0.518519,0.532609,0.560748,0.709677,
28400,0.572917,0.557692,0.469136,0.605042,0.708333,0.644231,0.526882,0.626168,0.59,0.71,0.616822,0.612903,0.594059,0.575758,0.641304,0.574074,0.58,0.56,0.601942,0.505155,0.609524,0.536842,0.505263,0.638095,0.56383,0.54717,0.589474,0.590476,0.537736,0.648936,0.47,0.64,0.598131,0.612903,0.6,0.67619,0.659794,0.650485,0.646465,0.50495,0.586538,0.520833,0.55,0.58,0.58427,0.648649,0.66,0.66,0.572727,0.6,0.632184,0.575221,0.571429,0.53211,0.605263,0.523256,0.607843,0.693878,0.593407,0.688073,0.637255,0.561224,0.568627,0.540816,0.565217,0.648148,0.660377,0.585106,0.480769,0.572917,0.516129,0.616822,0.565217,0.638889,0.545455,0.651786,0.629213,0.531532,0.64,0.64,0.592233,0.546392,0.739583,0.692308,0.612245,0.588235,0.54,0.59,0.589474,0.542857,0.56044,0.577982,0.55102,0.578431,0.61165,0.639175,0.574468,0.54717,0.559633,0.527473,
28600,0.718447,0.587629,0.583333,0.565217,0.616162,0.633663,0.576087,0.611111,0.627451,0.632653,0.584071,0.62069,0.526316,0.485714,0.617647,0.571429,0.559633,0.648352,0.55,0.55,0.6,0.6,0.615385,0.568807,0.61165,0.587629,0.579545,0.705357,0.539216,0.55102,0.64486,0.645161,0.533981,0.608247,0.6,0.666667,0.629213,0.576577,0.612245,0.666667,0.598039,0.591837,0.60177,0.609195,0.589474,0.638095,0.55,0.69,0.591837,0.607843,0.65625,0.538462,0.55102,0.637255,0.632075,0.56383,0.633663,0.616162,0.608247,0.601942,0.628571,0.621053,0.555556,0.584158,0.619565,0.5,0.605769,0.635417,0.613861,0.686869,0.550459,0.703297,0.572917,0.519231,0.580952,0.589474,0.650485,0.701031,0.683168,0.59596,0.64486,0.698925,0.6,0.541667,0.603448,0.595238,0.59375,0.586538,0.514019,0.505376,0.576923,0.604167,0.477477,0.617978,0.531915,0.603774,0.673684,0.657143,0.641304,0.537037,
28800,0.654206,0.55914,0.605769,0.65625,0.631579,0.590476,0.616162,0.60396,0.519608,0.469388,0.608696,0.601852,0.663551,0.666667,0.684783,0.564815,0.553191,0.584906,0.635514,0.548387,0.588889,0.645455,0.676768,0.594059,0.59375,0.673077,0.553398,0.701031,0.733333,0.645455,0.672727,0.577778,0.700855,0.566265,0.648148,0.478261,0.54023,0.530973,0.542857,0.621053,0.635417,0.567308,0.617978,0.54955,0.648936,0.603774,0.663462,0.625,0.575758,0.534653,0.57732,0.621359,0.557895,0.580952,0.590909,0.660714,0.542373,0.646341,0.615385,0.552083,0.592233,0.57732,0.541667,0.75,0.628571,0.6,0.635294,0.565217,0.596154,0.614583,0.560748,0.623656,0.60396,0.717172,0.64486,0.612903,0.559633,0.593407,0.580952,0.536842,0.623656,0.626168,0.623762,0.59596,0.556604,0.585106,0.642857,0.617647,0.601942,0.649485,0.692308,0.614583,0.541284,0.571429,0.682692,0.677083,0.545455,0.643564,0.568421,0.638095,
29000,0.626263,0.49505,0.582524,0.628866,0.625,0.604167,0.703704,0.586957,0.653846,0.666667,0.650943,0.585106,0.55,0.66,0.525253,0.574257,0.504274,0.590361,0.605769,0.604167,0.568182,0.553571,0.625,0.545455,0.626263,0.564356,0.647727,0.517857,0.660194,0.57732,0.633028,0.549451,0.675214,0.686747,0.626168,0.602151,0.610526,0.590476,0.67,0.56,0.578431,0.591837,0.681818,0.633929,0.61,0.6,0.584906,0.5,0.704348,0.611765,0.541667,0.576923,0.6,0.71,0.662651,0.529915,0.619469,0.574713,0.656566,0.554455,0.652174,0.611765,0.598131,0.537634,0.642857,0.656863,0.553191,0.537736,0.715686,0.632653,0.611765,0.652174,0.518868,0.62766,0.619565,0.62963,0.561798,0.612613,0.731183,0.626168,0.59596,0.613861,0.62,0.61,0.634615,0.708333,0.575472,0.648936,0.632479,0.566265,0.577982,0.637363,0.528846,0.677083,0.572917,0.692308,0.663636,0.611111,0.573034,0.585586,
29200,0.54386,0.674419,0.629213,0.585586,0.638889,0.695652,0.588235,0.622449,0.56383,0.566038,0.647619,0.452632,0.445652,0.648148,0.625,0.614583,0.561224,0.598039,0.604167,0.653846,0.605263,0.627907,0.572727,0.611111,0.618182,0.622222,0.570093,0.602151,0.608696,0.601852,0.682692,0.541667,0.602041,0.509804,0.57732,0.592233,0.642202,0.626374,0.550562,0.567568,0.53,0.58,0.556604,0.659574,0.653846,0.572917,0.563636,0.688889,0.597938,0.669903,0.702128,0.622642,0.638298,0.59434,0.614583,0.644231,0.631068,0.701031,0.615385,0.633028,0.519231,0.583333,0.6,0.504762,0.517241,0.663717,0.62,0.57,0.541667,0.634615,0.580952,0.578947,0.572727,0.588889,0.631068,0.649485,0.625,0.663462,0.61,0.6,0.676768,0.633663,0.602151,0.598131,0.541667,0.576923,0.70297,0.69697,0.509804,0.622449,0.652632,0.542857,0.551724,0.557522,0.577778,0.636364,0.546218,0.641975,0.561224,0.568627,
29400,0.552632,0.581395,0.686275,0.581633,0.635417,0.701923,0.670103,0.631068,0.636364,0.574257,0.666667,0.662921,0.666667,0.606742,0.634615,0.59375,0.590476,0.536842,0.56701,0.631068,0.544643,0.613636,0.651376,0.626374,0.557692,0.5625,0.558824,0.602041,0.574074,0.695652,0.608696,0.648148,0.5,0.645455,0.611111,0.51087,0.590476,0.684211,0.696078,0.642857,0.698113,0.595745,0.6,0.610526,0.564356,0.646465,0.594059,0.656566,0.584158,0.616162,0.463918,0.669903,0.635417,0.548077,0.6,0.642105,0.697917,0.567308,0.616822,0.580645,0.633663,0.575758,0.591837,0.607843,0.652632,0.67619,0.639175,0.621359,0.602041,0.54902,0.589474,0.619048,0.547368,0.561905,0.598214,0.613636,0.563107,0.670103,0.690722,0.524272,0.587629,0.553398,0.588785,0.591398,0.551402,0.548387,0.540541,0.606742,0.684211,0.571429,0.592233,0.639175,0.621053,0.590476,0.637363,0.541284,0.628571,0.610526,0.568421,0.561905,
29600,0.60396,0.565657,0.57732,0.563107,0.5625,0.647727,0.563107,0.556701,0.607843,0.653061,0.651685,0.513514,0.686869,0.584158,0.587156,0.637363,0.61165,0.56701,0.623762,0.565657,0.589474,0.619048,0.574074,0.467391,0.591837,0.607843,0.644231,0.6875,0.659091,0.616071,0.648148,0.586957,0.525253,0.60396,0.609524,0.715789,0.50495,0.616162,0.464646,0.49505,0.583333,0.586538,0.520833,0.653846,0.590476,0.621053,0.59596,0.564356,0.609195,0.504425,0.554348,0.555556,0.536082,0.660194,0.596154,0.604167,0.608696,0.62963,0.602041,0.676471,0.606742,0.612613,0.587719,0.627907,0.621359,0.628866,0.663158,0.638095,0.522222,0.572727,0.571429,0.697248,0.614035,0.651163,0.591398,0.588785,0.582524,0.484536,0.582524,0.670103,0.527473,0.504587,0.616162,0.544554,0.670213,0.528302,0.666667,0.663265,0.709091,0.566667,0.563107,0.659794,0.659794,0.495146,0.647059,0.520408,0.526316,0.504762,0.495327,0.516129,
29800,0.61,0.58,0.518182,0.5,0.71875,0.461538,0.553571,0.579545,0.55,0.58,0.541176,0.617391,0.594059,0.606061,0.695652,0.518519,0.643564,0.707071,0.655914,0.682243,0.626263,0.653465,0.578431,0.612245,0.571429,0.666667,0.663265,0.54902,0.6,0.609091,0.560748,0.645161,0.640449,0.621622,0.587156,0.527473,0.653846,0.604167,0.645833,0.615385,0.594059,0.585859,0.548077,0.53125,0.683673,0.637255,0.584158,0.505051,0.490909,0.577778,0.634783,0.623529,0.591837,0.696078,0.638095,0.631579,0.607477,0.591398,0.684685,0.662921,0.557692,0.708333,0.585106,0.660377,0.554455,0.656566,0.619048,0.631579,0.631579,0.638095,0.579439,0.634409,0.561404,0.604651,0.637363,0.623853,0.616279,0.596491,0.52,0.63,0.543478,0.666667,0.695238,0.578947,0.604396,0.568807,0.545455,0.564356,0.639175,0.737864,0.592233,0.608247,0.670103,0.543689,0.622642,0.62766,0.625,0.678571,0.568627,0.591837,
30000,0.55914,0.560748,0.591837,0.529412,0.6,0.6,0.48,0.66,0.55102,0.676471,0.592593,0.684783,0.602041,0.745098,0.561224,0.696078,0.619048,0.505263,0.490566,0.659574,0.521739,0.648148,0.536082,0.640777,0.575472,0.574468,0.555556,0.594059,0.678899,0.571429,0.62,0.57,0.685185,0.532609,0.581197,0.578313,0.591837,0.578431,0.55,0.53,0.686869,0.594059,0.596154,0.572917,0.678571,0.646552,0.683168,0.616162,0.64486,0.655914,0.551402,0.569892,0.663265,0.529412,0.522936,0.604396,0.653061,0.54902,0.606383,0.481132,0.670455,0.5625,0.552941,0.582609,0.635417,0.567308,0.641509,0.585106,0.636364,0.633663,0.539326,0.558559,0.571429,0.490196,0.607843,0.642857,0.590476,0.631579,0.591837,0.647059,0.58,0.6,0.644231,0.583333,0.598131,0.688172,0.684783,0.537037,0.610526,0.552381,0.582524,0.536082,0.626263,0.584158,0.547368,0.609524,0.739583,0.615385,0.598214,0.636364,
30200,0.653846,0.614583,0.52381,0.652632,0.505263,0.580952,0.692982,0.569767,0.679245,0.56383,0.6,0.62,0.597561,0.550847,0.561224,0.539216,0.711538,0.71875,0.636364,0.485149,0.712766,0.603774,0.555556,0.652174,0.555556,0.475248,0.513514,0.617978,0.54902,0.530612,0.6,0.581818,0.728395,0.588235,0.647727,0.5625,0.679612,0.556701,0.57,0.67,0.572816,0.587629,0.585106,0.584906,0.54878,0.644068,0.623853,0.615385,0.59434,0.638298,0.591837,0.539216,0.602151,0.570093,0.594059,0.575758,0.557895,0.609524,0.597701,0.539823,0.666667,0.58427,0.563218,0.548673,0.526316,0.571429,0.459184,0.598039,0.634615,0.572917,0.594059,0.59596,0.679245,0.553191,0.663462,0.645833,0.571429,0.568627,0.57,0.68,0.606061,0.673267,0.514851,0.565657,0.617647,0.642857,0.588235,0.642857,0.706522,0.592593,0.514286,0.663158,0.55,0.74,0.622222,0.609091,0.574713,0.654867,0.673469,0.588235,
30400,0.521277,0.584906,0.653465,0.676768,0.611765,0.66087,0.632653,0.627451,0.626168,0.645161,0.473118,0.598131,0.542056,0.569892,0.590476,0.610526,0.494949,0.653465,0.62069,0.575221,0.701149,0.619469,0.697248,0.593407,0.681319,0.53211,0.627273,0.644444,0.504854,0.670103,0.56,0.62,0.556701,0.621359,0.630252,0.567901,0.64,0.56,0.625,0.583333,0.552083,0.548077,0.60177,0.597701,0.572917,0.634615,0.544444,0.554545,0.56044,0.651376,0.561798,0.621622,0.646465,0.673267,0.6,0.622222,0.648352,0.568807,0.632653,0.647059,0.495146,0.618557,0.592593,0.543478,0.651376,0.56044,0.659091,0.696429,0.693878,0.696078,0.6,0.57,0.685714,0.6,0.519608,0.612245,0.563107,0.536082,0.663043,0.583333,0.578431,0.673469,0.625,0.604167,0.59596,0.633663,0.559633,0.582418,0.586207,0.566372,0.54902,0.530612,0.634409,0.588785,0.59292,0.655172,0.586957,0.583333,0.621053,0.628571,
30600,0.651376,0.593407,0.596154,0.604167,0.616071,0.715909,0.578947,0.542857,0.533981,0.556701,0.585586,0.696629,0.607143,0.543103,0.631579,0.542857,0.58,0.56,0.574257,0.626263,0.601942,0.618557,0.591837,0.598039,0.574468,0.613208,0.462963,0.619565,0.589744,0.532787,0.62,0.63,0.663793,0.619048,0.5,0.613208,0.634409,0.607477,0.587629,0.650485,0.607843,0.581633,0.679612,0.639175,0.584906,0.585106,0.648148,0.597826,0.593407,0.550459,0.57,0.66,0.592593,0.565217,0.597826,0.574074,0.580952,0.663158,0.528846,0.5625,0.578431,0.581633,0.645833,0.5,0.5,0.605769,0.590909,0.535714,0.670213,0.613208,0.558824,0.571429,0.581633,0.696078,0.641975,0.613445,0.559633,0.604396,0.591837,0.588235,0.623529,0.617391,0.559524,0.551724,0.598039,0.530612,0.640777,0.56701,0.569892,0.551402,0.612069,0.607143,0.576923,0.59375,0.68932,0.639175,0.686869,0.584158,0.55102,0.686275,
30800,0.614679,0.582418,0.61,0.61,0.588235,0.540816,0.5,0.681034,0.575472,0.606383,0.533981,0.649485,0.719101,0.576577,0.616162,0.50495,0.546512,0.614035,0.627451,0.602041,0.527778,0.630435,0.566038,0.617021,0.575758,0.554455,0.619048,0.589474,0.637931,0.619048,0.561905,0.621053,0.571429,0.633028,0.663043,0.62963,0.645833,0.557692,0.75,0.614583,0.589474,0.609524,0.486239,0.604396,0.587629,0.563107,0.557895,0.514286,0.521277,0.59434,0.582524,0.628866,0.654206,0.55914,0.637255,0.642857,0.587156,0.56044,0.676768,0.594059,0.655556,0.627273,0.6,0.621053,0.592593,0.521739,0.552941,0.652174,0.552381,0.6,0.608696,0.527778,0.572816,0.57732,0.666667,0.705263,0.60396,0.686869,0.571429,0.534091,0.710526,0.5,0.585859,0.594059,0.527473,0.669725,0.606557,0.538462,0.582418,0.59633,0.62963,0.630435,0.686275,0.602041,0.58427,0.576577,0.576087,0.648148,0.597826,0.472222,
31000,0.538462,0.604167,0.683673,0.607843,0.635417,0.5,0.702128,0.679245,0.549451,0.559633,0.679612,0.57732,0.518182,0.633333,0.542553,0.641509,0.524752,0.585859,0.71134,0.61165,0.52381,0.642105,0.70297,0.626263,0.514286,0.652632,0.738318,0.666667,0.666667,0.5,0.509434,0.670213,0.633663,0.585859,0.625,0.576923,0.623762,0.545455,0.587629,0.601942,0.53,0.66,0.683673,0.539216,0.577778,0.636364,0.534653,0.616162,0.653465,0.636364,0.695122,0.686441,0.495327,0.55914,0.659091,0.598214,0.514286,0.673684,0.572816,0.556701,0.708861,0.545455,0.572816,0.628866,0.62,0.54,0.619048,0.589474,0.558559,0.52809,0.685393,0.594595,0.544554,0.626263,0.72449,0.578431,0.626168,0.591398,0.525253,0.623762,0.615385,0.677083,0.651685,0.684685,0.587156,0.582418,0.581395,0.54386,0.553398,0.618557,0.632184,0.637168,0.554348,0.574074,0.652174,0.62037,0.574257,0.676768,0.612903,0.663551,
31200,0.555556,0.532609,0.61165,0.556701,0.5,0.611111,0.612903,0.570093,0.563107,0.57732,0.669811,0.595745,0.621359,0.608247,0.576923,0.604167,0.732673,0.565657,0.586957,0.611111,0.64486,0.645161,0.642857,0.686275,0.62037,0.673913,0.614035,0.627907,0.606061,0.673267,0.606383,0.566038,0.6,0.621053,0.643478,0.552941,0.613861,0.656566,0.529412,0.520408,0.449541,0.593407,0.60177,0.609195,0.5625,0.673077,0.509434,0.638298,0.578947,0.6,0.478723,0.669811,0.593023,0.570175,0.610526,0.561905,0.607477,0.634409,0.656566,0.584158,0.583333,0.615385,0.655556,0.563636,0.5625,0.567308,0.711538,0.541667,0.546296,0.630435,0.61,0.6,0.623529,0.591304,0.526316,0.6,0.597938,0.495146,0.611111,0.543478,0.66055,0.604396,0.536082,0.533981,0.520408,0.617647,0.48,0.66,0.657143,0.6,0.61,0.64,0.524272,0.57732,0.613208,0.521277,0.575758,0.534653,0.691489,0.584906,
31400,0.65,0.61,0.510638,0.59434,0.680851,0.641509,0.571429,0.522936,0.677083,0.625,0.504854,0.608247,0.584158,0.656566,0.632653,0.588235,0.5625,0.567308,0.576577,0.539326,0.613861,0.606061,0.425743,0.565657,0.478261,0.462963,0.652174,0.648148,0.557895,0.609524,0.558824,0.612245,0.547368,0.590476,0.686441,0.646341,0.682243,0.580645,0.685714,0.631579,0.670213,0.584906,0.566667,0.672727,0.63,0.61,0.60396,0.575758,0.635417,0.605769,0.631579,0.571429,0.619565,0.648148,0.568421,0.638095,0.614583,0.548077,0.479167,0.634615,0.534884,0.587719,0.55102,0.568627,0.652632,0.666667,0.579439,0.55914,0.648936,0.528302,0.607843,0.653061,0.588235,0.604938,0.589474,0.561905,0.567308,0.572917,0.604167,0.615385,0.584906,0.531915,0.589474,0.638095,0.660194,0.536082,0.572917,0.596154,0.538462,0.5,0.558559,0.617978,0.560748,0.55914,0.585106,0.59434,0.558824,0.632653,0.526316,0.638095,
31600,0.553571,0.647727,0.62,0.72,0.673684,0.638095,0.540541,0.640449,0.535354,0.485149,0.680851,0.584906,0.680412,0.61165,0.59375,0.711538,0.543478,0.555556,0.504673,0.505376,0.585586,0.595506,0.590476,0.6,0.563107,0.597938,0.64,0.53,0.666667,0.654545,0.633028,0.505495,0.590909,0.577778,0.629213,0.567568,0.652174,0.592593,0.526316,0.666667,0.6,0.65,0.47191,0.720721,0.54023,0.548673,0.656566,0.574257,0.65625,0.596154,0.535354,0.623762,0.643564,0.585859,0.585106,0.575472,0.625,0.605769,0.644231,0.541667,0.535354,0.574257,0.5,0.598361,0.67033,0.605505,0.655172,0.59292,0.575472,0.702128,0.5625,0.673077,0.633663,0.494949,0.56,0.61,0.566038,0.617021,0.633663,0.515152,0.612613,0.573034,0.653846,0.520833,0.666667,0.588785,0.631579,0.571429,0.587719,0.651163,0.69,0.57,0.644444,0.627273,0.546512,0.614035,0.589474,0.685714,0.59596,0.683168,
31800,0.59434,0.691489,0.61,0.57,0.505618,0.585586,0.577778,0.618182,0.691589,0.612903,0.65,0.57,0.564356,0.575758,0.64,0.58,0.68,0.55,0.632075,0.755319,0.652632,0.619048,0.614679,0.637363,0.708333,0.586538,0.486957,0.505882,0.45977,0.566372,0.635417,0.634615,0.479592,0.598039,0.582524,0.608247,0.618557,0.650485,0.545455,0.623762,0.576923,0.53125,0.527778,0.728261,0.617021,0.613208,0.619048,0.577586,0.565217,0.657407,0.641304,0.555556,0.494845,0.533981,0.54717,0.56383,0.585106,0.5,0.586957,0.638889,0.529412,0.571429,0.554348,0.638889,0.591837,0.558824,0.576087,0.62037,0.69,0.58,0.56383,0.537736,0.556818,0.669643,0.621359,0.608247,0.621053,0.609524,0.572816,0.670103,0.655914,0.551402,0.554455,0.606061,0.544554,0.59596,0.547368,0.542857,0.506667,0.632,0.638095,0.621053,0.62,0.54,0.638298,0.59434,0.594059,0.494949,0.725275,0.568807,
32000,0.518868,0.521277,0.582524,0.608247,0.673913,0.62963,0.642202,0.593407,0.611765,0.591304,0.596154,0.65625,0.66055,0.593407,0.578947,0.561905,0.55102,0.637255,0.587629,0.592233,0.563218,0.59292,0.670732,0.59322,0.69,0.7,0.579439,0.645161,0.513761,0.56044,0.621359,0.608247,0.60396,0.636364,0.534653,0.555556,0.489796,0.745098,0.59375,0.615385,0.520408,0.578431,0.621359,0.618557,0.580645,0.672897,0.663158,0.561905,0.626374,0.550459,0.617021,0.528302,0.623656,0.635514,0.574257,0.656566,0.673913,0.666667,0.523364,0.591398,0.6,0.66,0.618557,0.61165,0.588889,0.563636,0.550562,0.648649,0.584158,0.585859,0.633333,0.590909,0.656863,0.755102,0.61,0.61,0.647727,0.607143,0.56383,0.566038,0.495146,0.608247,0.623932,0.638554,0.633663,0.616162,0.666667,0.605769,0.564706,0.469565,0.555556,0.673267,0.618557,0.68932,0.704762,0.631579,0.59,0.53,0.50495,0.575758,
32200,0.617647,0.683673,0.607843,0.530612,0.647619,0.557895,0.655556,0.618182,0.513514,0.617978,0.603774,0.670213,0.581633,0.45098,0.603774,0.585106,0.566667,0.590909,0.621359,0.649485,0.565657,0.633663,0.578431,0.632653,0.654762,0.62069,0.683673,0.656863,0.627273,0.688889,0.574468,0.632075,0.510638,0.764151,0.5375,0.683333,0.591837,0.588235,0.541667,0.644231,0.523256,0.666667,0.673913,0.657407,0.632075,0.670213,0.541667,0.548077,0.53,0.51,0.617647,0.612245,0.62963,0.586957,0.633663,0.636364,0.666667,0.554348,0.666667,0.567308,0.619565,0.555556,0.595506,0.675676,0.670213,0.622642,0.55914,0.588785,0.526316,0.580952,0.519231,0.520833,0.533333,0.618182,0.52381,0.684211,0.655172,0.630952,0.619565,0.657407,0.56701,0.621359,0.603604,0.685393,0.575472,0.638298,0.654206,0.569892,0.649485,0.669903,0.627451,0.622449,0.551724,0.559524,0.543103,0.654762,0.57732,0.61165,0.577778,0.536364,
32400,0.631068,0.587629,0.64486,0.612903,0.61165,0.639175,0.636364,0.544444,0.574257,0.555556,0.627451,0.510204,0.594059,0.565657,0.62,0.6,0.59292,0.563218,0.568627,0.520408,0.670732,0.576271,0.611111,0.423913,0.568807,0.593407,0.621359,0.649485,0.632075,0.5,0.56383,0.632075,0.53125,0.625,0.680412,0.592233,0.714286,0.54902,0.524272,0.628866,0.658824,0.530435,0.642202,0.472527,0.693694,0.58427,0.552381,0.6,0.626168,0.655914,0.56383,0.54717,0.614679,0.593407,0.552083,0.576923,0.51,0.55,0.63964,0.58427,0.70297,0.616162,0.588785,0.569892,0.609524,0.557895,0.672897,0.645161,0.550459,0.538462,0.590476,0.610526,0.6,0.580952,0.582524,0.587629,0.607843,0.642857,0.590909,0.625,0.563107,0.587629,0.652632,0.561905,0.555556,0.633663,0.546392,0.543689,0.583333,0.608696,0.593407,0.587156,0.652174,0.546296,0.614583,0.682692,0.59292,0.666667,0.57732,0.640777,
32600,0.546392,0.61165,0.602151,0.588785,0.577586,0.630952,0.57732,0.669903,0.701031,0.640777,0.6,0.590476,0.616162,0.643564,0.548673,0.551724,0.542857,0.631579,0.741935,0.635514,0.618557,0.582524,0.576577,0.662921,0.55,0.62,0.669903,0.649485,0.6,0.545455,0.551724,0.678571,0.635514,0.580645,0.51087,0.592593,0.542553,0.556604,0.576577,0.505618,0.62037,0.619565,0.652174,0.611111,0.490196,0.520408,0.688172,0.64486,0.623762,0.565657,0.673913,0.657407,0.680412,0.601942,0.587629,0.601942,0.747126,0.584071,0.673684,0.647619,0.603774,0.521277,0.597826,0.62963,0.621359,0.628866,0.621053,0.542857,0.648352,0.614679,0.644737,0.725806,0.524752,0.535354,0.589474,0.619048,0.601942,0.556701,0.621622,0.606742,0.62069,0.595238,0.571429,0.577982,0.666667,0.60177,0.651685,0.558559,0.597938,0.640777,0.592233,0.628866,0.505495,0.577982,0.638095,0.526316,0.59596,0.544554,0.594059,0.59596,
32800,0.60396,0.545455,0.623762,0.555556,0.563107,0.701031,0.58427,0.558559,0.509804,0.520408,0.659341,0.550459,0.49505,0.565657,0.585586,0.561798,0.606061,0.574257,0.640449,0.693694,0.644231,0.5625,0.571429,0.633028,0.558333,0.5625,0.650485,0.587629,0.56701,0.582524,0.572816,0.597938,0.670213,0.622642,0.544444,0.572727,0.647059,0.520408,0.623853,0.538462,0.544554,0.636364,0.57732,0.601942,0.603774,0.553191,0.565657,0.613861,0.666667,0.515789,0.547368,0.609524,0.525773,0.592233,0.59,0.58,0.590476,0.621053,0.582524,0.56701,0.726415,0.585106,0.646465,0.613861,0.544554,0.616162,0.609524,0.610526,0.578313,0.632479,0.663366,0.59596,0.588785,0.516129,0.604167,0.557692,0.52,0.58,0.608247,0.61165,0.568627,0.693878,0.61165,0.597938,0.561905,0.663158,0.612903,0.616822,0.584906,0.595745,0.572917,0.576923,0.628571,0.6,0.597938,0.660194,0.541284,0.626374,0.622449,0.696078,
33000,0.573034,0.612613,0.645161,0.53271,0.645161,0.560748,0.536082,0.61165,0.545455,0.5625,0.54,0.57,0.651685,0.567568,0.520833,0.538462,0.708333,0.471154,0.517241,0.59292,0.510204,0.578431,0.580357,0.545455,0.60396,0.606061,0.554455,0.545455,0.552632,0.627907,0.597826,0.555556,0.67033,0.541284,0.649485,0.543689,0.513761,0.604396,0.724771,0.648352,0.709302,0.684211,0.565657,0.613861,0.602041,0.568627,0.61,0.73,0.652174,0.611111,0.669903,0.546392,0.698925,0.64486,0.663462,0.59375,0.572917,0.730769,0.678261,0.552941,0.595745,0.613208,0.568627,0.642857,0.603774,0.606383,0.528302,0.553191,0.634615,0.697917,0.505495,0.568807,0.528736,0.59292,0.619048,0.536842,0.613861,0.616162,0.601852,0.684783,0.609195,0.619469,0.5,0.567308,0.566667,0.6,0.634615,0.604167,0.568421,0.67619,0.537634,0.560748,0.647059,0.602041,0.588235,0.5,0.644444,0.6,0.495146,0.56701,
33200,0.64486,0.55914,0.63,0.57,0.527473,0.568807,0.645833,0.625,0.651685,0.585586,0.673267,0.565657,0.634146,0.652542,0.655172,0.548673,0.523256,0.605263,0.577982,0.571429,0.587629,0.621359,0.552083,0.644231,0.554455,0.565657,0.505051,0.653465,0.514286,0.621053,0.5,0.614583,0.576577,0.573034,0.612903,0.635514,0.583333,0.596154,0.660377,0.744681,0.623762,0.464646,0.565217,0.583333,0.579439,0.537634,0.568421,0.666667,0.521739,0.638889,0.596491,0.651163,0.588785,0.569892,0.752688,0.53271,0.514286,0.505263,0.561224,0.617647,0.516949,0.585366,0.549451,0.623853,0.580952,0.621053,0.552083,0.653846,0.587719,0.697674,0.637255,0.612245,0.638298,0.622642,0.663366,0.535354,0.616822,0.591398,0.566038,0.531915,0.555556,0.534653,0.574257,0.575758,0.583333,0.521739,0.580645,0.626168,0.614679,0.593407,0.598131,0.645161,0.653846,0.604167,0.518868,0.606383,0.606061,0.653465,0.613861,0.555556,
33400,0.58,0.5,0.596154,0.583333,0.61,0.65,0.52381,0.642105,0.569892,0.551402,0.612245,0.519608,0.54,0.61,0.62963,0.663043,0.666667,0.613861,0.642857,0.594828,0.654867,0.712644,0.565217,0.703704,0.578947,0.609524,0.651376,0.681319,0.56383,0.641509,0.555556,0.633663,0.457944,0.612903,0.589474,0.628571,0.649485,0.679612,0.616822,0.537634,0.591837,0.578431,0.663158,0.542857,0.656566,0.613861,0.615385,0.568807,0.659794,0.572816,0.581818,0.533333,0.6,0.588889,0.642857,0.558824,0.55,0.62,0.584158,0.636364,0.581818,0.655556,0.689655,0.557522,0.62,0.57,0.548077,0.572917,0.59322,0.597561,0.628571,0.568421,0.626263,0.683168,0.525773,0.553398,0.57,0.6,0.643564,0.59596,0.521277,0.622642,0.676471,0.663265,0.59633,0.648352,0.603448,0.607143,0.569892,0.560748,0.55102,0.588235,0.656863,0.561224,0.588785,0.634409,0.589474,0.67619,0.623656,0.598131,
33600,0.630435,0.62037,0.606061,0.643564,0.623656,0.551402,0.755319,0.566038,0.566038,0.638298,0.616162,0.732673,0.55914,0.523364,0.605263,0.627907,0.587629,0.621359,0.57,0.68,0.539216,0.55102,0.571429,0.647059,0.63,0.7,0.56701,0.621359,0.62963,0.521739,0.551724,0.584071,0.583333,0.557692,0.680412,0.495146,0.61,0.63,0.666667,0.654545,0.623656,0.607477,0.510417,0.673077,0.617647,0.612245,0.533981,0.525773,0.59434,0.680851,0.666667,0.557692,0.716981,0.585106,0.614583,0.567308,0.62069,0.60177,0.5,0.56383,0.623529,0.582609,0.592233,0.608247,0.677083,0.615385,0.602273,0.651786,0.647059,0.602041,0.727273,0.643564,0.647059,0.489796,0.627273,0.544444,0.653465,0.535354,0.631068,0.608247,0.641509,0.574468,0.616822,0.569892,0.539216,0.612245,0.57,0.56,0.55914,0.53271,0.528846,0.583333,0.663366,0.686869,0.623529,0.6,0.50495,0.585859,0.514286,0.684211,
33800,0.711538,0.729167,0.533333,0.609091,0.598131,0.548387,0.636364,0.544554,0.604167,0.615385,0.56,0.59,0.621622,0.707865,0.59633,0.714286,0.582524,0.556701,0.695238,0.621053,0.656863,0.591837,0.608696,0.638889,0.64,0.51,0.585859,0.60396,0.645833,0.567308,0.636364,0.577778,0.685714,0.526316,0.601942,0.618557,0.676471,0.571429,0.606383,0.622642,0.653846,0.572917,0.660194,0.587629,0.63,0.59,0.652174,0.694118,0.637168,0.62069,0.613208,0.553191,0.72,0.64,0.546296,0.554348,0.57732,0.631068,0.571429,0.605505,0.579439,0.602151,0.627451,0.683673,0.479167,0.557692,0.563218,0.59292,0.635514,0.580645,0.614583,0.576923,0.571429,0.578431,0.569892,0.607477,0.657407,0.565217,0.626263,0.633663,0.59,0.68,0.546296,0.543478,0.619565,0.657407,0.622642,0.670213,0.611111,0.6,0.543689,0.608247,0.614679,0.549451,0.621053,0.6,0.542553,0.528302,0.681818,0.553571,
34000,0.574074,0.586957,0.612613,0.561798,0.586957,0.592593,0.542553,0.622642,0.59434,0.585106,0.53125,0.605769,0.652174,0.583333,0.55,0.55,0.511364,0.589286,0.552381,0.610526,0.59596,0.524752,0.598039,0.612245,0.553191,0.59434,0.625,0.644231,0.7,0.7,0.67033,0.605505,0.710843,0.564103,0.642105,0.657143,0.686869,0.594059,0.583333,0.596154,0.656566,0.534653,0.616822,0.623656,0.533898,0.585366,0.709302,0.552632,0.696629,0.540541,0.65,0.62,0.54902,0.55102,0.6,0.55,0.510417,0.644231,0.670213,0.641509,0.6,0.55,0.61165,0.639175,0.666667,0.576923,0.64486,0.634409,0.55,0.55,0.59633,0.582418,0.617021,0.603774,0.490385,0.645833,0.515464,0.728155,0.594059,0.59596,0.534091,0.616071,0.595745,0.650943,0.596154,0.625,0.637363,0.587156,0.55102,0.607843,0.666667,0.490385,0.601852,0.652174,0.638095,0.526316,0.638095,0.684211,0.582524,0.525773,
34200,0.515152,0.633663,0.641304,0.592593,0.558824,0.55102,0.514851,0.585859,0.727273,0.653465,0.574074,0.597826,0.598131,0.537634,0.704762,0.589474,0.672727,0.6,0.610169,0.54878,0.612903,0.691589,0.585859,0.712871,0.490741,0.576087,0.666667,0.643564,0.639175,0.582524,0.588235,0.602041,0.627451,0.602041,0.673267,0.535354,0.655556,0.545455,0.547619,0.603448,0.598039,0.632653,0.666667,0.586538,0.727273,0.633663,0.46,0.51,0.579439,0.623656,0.5,0.62,0.464646,0.633663,0.572917,0.538462,0.592233,0.556701,0.483146,0.63964,0.615385,0.572917,0.650943,0.521277,0.647059,0.632653,0.568627,0.55102,0.61165,0.56701,0.701923,0.645833,0.592233,0.608247,0.608696,0.648148,0.613445,0.580247,0.557692,0.572917,0.652174,0.62963,0.647619,0.547368,0.649485,0.621359,0.5,0.630435,0.64486,0.569892,0.611111,0.663636,0.536842,0.466667,0.625,0.663462,0.57732,0.524272,0.543689,0.556701,
34400,0.607477,0.55914,0.648936,0.584906,0.636364,0.544554,0.694737,0.533333,0.574468,0.584906,0.494737,0.552381,0.634409,0.64486,0.605769,0.65625,0.630435,0.62963,0.613636,0.589286,0.670588,0.53913,0.6,0.618182,0.634409,0.598131,0.582609,0.682353,0.680412,0.708738,0.637363,0.752294,0.593407,0.752294,0.564815,0.652174,0.403846,0.614583,0.580952,0.663158,0.55102,0.607843,0.484211,0.533333,0.56383,0.556604,0.615385,0.614583,0.557692,0.5,0.6,0.578947,0.706522,0.509259,0.527778,0.663043,0.533981,0.56701,0.650485,0.680412,0.530973,0.632184,0.598039,0.571429,0.652174,0.462963,0.514851,0.59596,0.621359,0.639175,0.635514,0.666667,0.645833,0.673077,0.653846,0.71875,0.660377,0.574468,0.530612,0.578431,0.71028,0.666667,0.673077,0.583333,0.677083,0.596154,0.57732,0.572816,0.6,0.631579,0.635417,0.538462,0.721649,0.631068,0.564356,0.585859,0.663462,0.59375,0.666667,0.65,
34600,0.643564,0.646465,0.587719,0.709302,0.543689,0.57732,0.67,0.72,0.574074,0.597826,0.627451,0.561224,0.638298,0.660377,0.588785,0.537634,0.669725,0.604396,0.601852,0.576087,0.57,0.57,0.574468,0.632075,0.632653,0.607843,0.522124,0.551724,0.544554,0.505051,0.518868,0.531915,0.580952,0.536842,0.567308,0.645833,0.613861,0.606061,0.642105,0.561905,0.70297,0.656566,0.693069,0.535354,0.59,0.58,0.46,0.72,0.621053,0.619048,0.613861,0.737374,0.676471,0.632653,0.6,0.59,0.619048,0.6,0.558559,0.58427,0.666667,0.605769,0.490385,0.604167,0.578947,0.6,0.610526,0.514286,0.618557,0.592233,0.597938,0.601942,0.686275,0.653061,0.686275,0.612245,0.680412,0.553398,0.565217,0.564815,0.584158,0.575758,0.578313,0.615385,0.52,0.64,0.715686,0.561224,0.548387,0.607477,0.534653,0.626263,0.576577,0.58427,0.614583,0.663462,0.565657,0.574257,0.616162,0.534653,
34800,0.650485,0.56701,0.648352,0.513761,0.628866,0.572816,0.578947,0.561905,0.55914,0.635514,0.6,0.58,0.587156,0.582418,0.597826,0.638889,0.593407,0.577982,0.567308,0.65625,0.519231,0.604167,0.570093,0.569892,0.60396,0.646465,0.642857,0.519608,0.555556,0.574257,0.638889,0.652174,0.666667,0.594059,0.631068,0.597938,0.583333,0.596154,0.604396,0.59633,0.597938,0.640777,0.533981,0.57732,0.519231,0.614583,0.631068,0.56701,0.547368,0.628571,0.633663,0.575758,0.506024,0.581197,0.568182,0.633929,0.641509,0.595745,0.653061,0.607843,0.612245,0.607843,0.663043,0.611111,0.631068,0.628866,0.6,0.577778,0.53211,0.626374,0.45,0.48,0.608696,0.583333,0.601942,0.57732,0.5625,0.681818,0.652632,0.628571,0.646465,0.613861,0.479592,0.45098,0.606061,0.623762,0.613861,0.535354,0.590476,0.631579,0.638298,0.660377,0.53211,0.615385,0.663265,0.54902,0.613861,0.545455,0.656863,0.632653,
35000,0.602041,0.72549,0.590476,0.610526,0.702128,0.632075,0.642105,0.533333,0.612903,0.570093,0.490909,0.622222,0.604651,0.570175,0.612245,0.656863,0.537037,0.543478,0.595745,0.575472,0.660377,0.648936,0.645455,0.6,0.588785,0.634409,0.542857,0.610526,0.559633,0.637363,0.617978,0.621622,0.564356,0.666667,0.491379,0.619048,0.658228,0.578512,0.626263,0.60396,0.619565,0.685185,0.577982,0.538462,0.653061,0.676471,0.670213,0.556604,0.530973,0.597701,0.561798,0.477477,0.574074,0.652174,0.559524,0.525862,0.609091,0.577778,0.536842,0.590476,0.635417,0.634615,0.642857,0.607843,0.578431,0.704082,0.606061,0.554455,0.55914,0.560748,0.606061,0.594059,0.590909,0.6,0.59434,0.617021,0.57732,0.572816,0.626263,0.544554,0.518868,0.414894,0.552381,0.631579,0.608247,0.631068,0.613861,0.646465,0.529412,0.632653,0.636364,0.466667,0.655172,0.575221,0.596639,0.567901,0.731959,0.553398,0.612069,0.642857,
35200,0.615385,0.541667,0.785714,0.637255,0.62766,0.59434,0.56,0.51,0.58427,0.54955,0.639175,0.533981,0.571429,0.681034,0.694737,0.590476,0.635514,0.602151,0.49505,0.515152,0.613861,0.646465,0.568421,0.571429,0.564356,0.656566,0.592593,0.576087,0.68,0.62,0.647727,0.589286,0.523256,0.649123,0.652632,0.6,0.614583,0.576923,0.660377,0.617021,0.57,0.53,0.589474,0.571429,0.641509,0.531915,0.707071,0.574257,0.659794,0.61165,0.56383,0.641509,0.633028,0.626374,0.663366,0.656566,0.608247,0.621359,0.605505,0.582418,0.587156,0.637363,0.65625,0.625,0.6,0.685714,0.673684,0.647619,0.728972,0.537634,0.673684,0.647619,0.588235,0.642857,0.571429,0.637255,0.592233,0.57732,0.610526,0.628571,0.602041,0.578431,0.58427,0.603604,0.680851,0.613208,0.666667,0.557692,0.556701,0.631068,0.635417,0.644231,0.504673,0.623656,0.593407,0.587156,0.543478,0.657407,0.583333,0.605769,
35400,0.645833,0.586538,0.647727,0.678571,0.673684,0.704762,0.666667,0.612245,0.62,0.63,0.727273,0.6875,0.576087,0.574074,0.583333,0.576923,0.609091,0.7,0.561224,0.656863,0.514563,0.649485,0.495238,0.6,0.534091,0.580357,0.57,0.55,0.561798,0.612613,0.54717,0.606383,0.539823,0.597701,0.683673,0.607843,0.49,0.61,0.485149,0.626263,0.631068,0.587629,0.666667,0.643564,0.587156,0.615385,0.573913,0.576471,0.598039,0.622449,0.67033,0.559633,0.627451,0.602041,0.53211,0.472527,0.607843,0.591837,0.591837,0.539216,0.678161,0.575221,0.535354,0.49505,0.476744,0.587719,0.6,0.663636,0.529412,0.653061,0.638095,0.494737,0.641509,0.62766,0.627451,0.520408,0.574713,0.59292,0.614583,0.653846,0.619469,0.597701,0.587629,0.601942,0.561224,0.666667,0.575758,0.544554,0.579545,0.651786,0.676768,0.574257,0.612903,0.579439,0.59375,0.625,0.62069,0.530973,0.590476,0.663158,
35600,0.571429,0.590909,0.563218,0.539823,0.578947,0.628571,0.559633,0.615385,0.528302,0.56383,0.602151,0.53271,0.602151,0.46729,0.610526,0.590476,0.655556,0.572727,0.573034,0.522523,0.547368,0.571429,0.538462,0.59375,0.635514,0.602151,0.561798,0.63964,0.584906,0.648936,0.676768,0.633663,0.52,0.56,0.605769,0.572917,0.685714,0.673684,0.594595,0.561798,0.545455,0.577778,0.544554,0.656566,0.673077,0.677083,0.520408,0.578431,0.682692,0.552083,0.57732,0.621359,0.576923,0.541667,0.495327,0.634409,0.716981,0.457447,0.541284,0.681319,0.54,0.64,0.597826,0.592593,0.621359,0.536082,0.543689,0.649485,0.478723,0.660377,0.561404,0.511628,0.606061,0.514851,0.685393,0.54955,0.52,0.58,0.655914,0.588785,0.5625,0.682692,0.575758,0.633663,0.582524,0.587629,0.631579,0.581395,0.605769,0.59375,0.511628,0.692982,0.660194,0.690722,0.62,0.63,0.625,0.640625,0.5,0.683673,
35800,0.679612,0.587629,0.585586,0.696629,0.655172,0.619048,0.631068,0.649485,0.607143,0.636364,0.612903,0.607477,0.590909,0.580357,0.560748,0.55914,0.5,0.546296,0.630952,0.577586,0.6875,0.548077,0.606061,0.633663,0.596491,0.581395,0.627907,0.736842,0.679612,0.721649,0.556818,0.651786,0.67,0.52,0.5,0.556604,0.627451,0.693878,0.653846,0.625,0.633333,0.636364,0.533981,0.587629,0.530612,0.676471,0.645833,0.692308,0.602041,0.617647,0.612245,0.656863,0.632075,0.510638,0.616162,0.673267,0.542056,0.537634,0.573034,0.585586,0.630435,0.546296,0.575472,0.595745,0.611765,0.608696,0.648936,0.54717,0.690722,0.679612,0.622642,0.62766,0.587629,0.456311,0.611111,0.608696,0.556604,0.574468,0.613208,0.606383,0.568627,0.55102,0.640777,0.536082,0.575472,0.606383,0.585859,0.633663,0.557895,0.666667,0.658824,0.669565,0.59633,0.549451,0.567568,0.674157,0.566667,0.636364,0.637255,0.489796,
36000,0.62,0.54,0.541667,0.605769,0.598039,0.663265,0.509434,0.62766,0.645833,0.596154,0.718447,0.628866,0.676768,0.60396,0.622222,0.590909,0.639175,0.68932,0.574257,0.616162,0.556701,0.650485,0.546512,0.570175,0.594595,0.52809,0.603604,0.426966,0.583333,0.567308,0.597826,0.546296,0.654206,0.591398,0.5625,0.613636,0.588785,0.569892,0.598131,0.602151,0.591398,0.588785,0.57732,0.660194,0.631579,0.609524,0.586957,0.509259,0.574257,0.656566,0.583333,0.528846,0.619469,0.643678,0.663462,0.65625,0.587719,0.604651,0.666667,0.539823,0.583333,0.608696,0.634409,0.542056,0.595745,0.622642,0.604167,0.653846,0.587629,0.592233,0.565657,0.564356,0.574257,0.636364,0.603774,0.606383,0.516854,0.540541,0.597938,0.621359,0.613208,0.56383,0.5625,0.653846,0.65625,0.557692,0.569892,0.635514,0.722222,0.545455,0.651376,0.549451,0.697917,0.644231,0.679612,0.597938,0.598131,0.623656,0.677419,0.598131,
36200,0.556701,0.524272,0.647059,0.561224,0.575758,0.49505,0.563218,0.716814,0.638095,0.568421,0.674157,0.504505,0.524272,0.57732,0.595745,0.537736,0.660377,0.5,0.561798,0.648649,0.626168,0.55914,0.54717,0.542553,0.65,0.67,0.592233,0.597938,0.62766,0.716981,0.764706,0.608696,0.644231,0.645833,0.627119,0.573171,0.67,0.56,0.623762,0.606061,0.561905,0.631579,0.588235,0.663265,0.697674,0.614035,0.571429,0.59633,0.490566,0.56383,0.594595,0.662921,0.51,0.6,0.6,0.59,0.673469,0.627451,0.669903,0.56701,0.572816,0.680412,0.65,0.63,0.522727,0.607143,0.601942,0.597938,0.592233,0.556701,0.584906,0.691489,0.59596,0.712871,0.6,0.666667,0.55,0.53,0.574257,0.686869,0.571429,0.663158,0.623656,0.64486,0.462366,0.616822,0.625,0.659091,0.621359,0.618557,0.67619,0.631579,0.540816,0.676471,0.60241,0.606838,0.606383,0.584906,0.535354,0.574257,
36400,0.71134,0.61165,0.591398,0.542056,0.563107,0.670103,0.75,0.527778,0.561224,0.460784,0.48,0.62,0.614583,0.605769,0.589474,0.657143,0.681319,0.669725,0.633663,0.646465,0.592593,0.655462,0.584158,0.565657,0.634409,0.542056,0.533981,0.628866,0.537037,0.51087,0.513043,0.552941,0.530864,0.647059,0.518182,0.511111,0.640351,0.639535,0.636364,0.644444,0.495238,0.673684,0.567308,0.572917,0.51087,0.583333,0.694737,0.533333,0.663265,0.647059,0.568627,0.642857,0.623762,0.636364,0.692308,0.59375,0.58,0.68,0.571429,0.588235,0.576923,0.614583,0.564356,0.717172,0.72449,0.598039,0.570093,0.666667,0.695238,0.547368,0.65,0.7,0.660377,0.659574,0.628866,0.582524,0.616279,0.640351,0.596491,0.593023,0.689189,0.563492,0.56,0.58,0.608247,0.621359,0.526882,0.579439,0.558824,0.653061,0.616822,0.623656,0.573034,0.630631,0.676471,0.653061,0.568421,0.561905,0.693069,0.585859,
36600,0.524752,0.585859,0.742574,0.555556,0.56,0.6,0.669643,0.590909,0.591837,0.588235,0.54,0.61,0.6,0.54,0.485714,0.621053,0.569892,0.616822,0.571429,0.715789,0.587156,0.637363,0.727273,0.655556,0.607477,0.580645,0.509615,0.614583,0.521277,0.528302,0.510638,0.603774,0.709677,0.598131,0.704762,0.547368,0.617647,0.510204,0.609524,0.663158,0.570093,0.634409,0.653061,0.558824,0.639175,0.485437,0.6,0.63,0.574257,0.565657,0.735849,0.595745,0.699029,0.597938,0.606061,0.554455,0.619565,0.574074,0.594828,0.642857,0.626263,0.554455,0.543478,0.611111,0.669903,0.556701,0.626168,0.591398,0.65,0.6,0.6,0.66,0.604396,0.623853,0.535354,0.643564,0.63964,0.651685,0.744898,0.598039,0.663366,0.606061,0.59375,0.653846,0.579439,0.655914,0.623656,0.560748,0.561905,0.421053,0.6,0.557895,0.56044,0.706422,0.54,0.67,0.62766,0.584906,0.594595,0.52809,
36800,0.5625,0.625,0.650602,0.555556,0.607477,0.526882,0.584158,0.646465,0.63,0.7,0.557692,0.635417,0.534653,0.707071,0.627451,0.520408,0.568627,0.663265,0.644231,0.5625,0.717391,0.555556,0.7,0.62,0.542857,0.694737,0.663462,0.552083,0.589474,0.609524,0.653061,0.617647,0.655172,0.539823,0.568807,0.67033,0.570175,0.593023,0.609524,0.652632,0.561798,0.585586,0.581818,0.588889,0.653465,0.636364,0.619469,0.632184,0.669903,0.56701,0.591398,0.579439,0.557692,0.6875,0.583333,0.625,0.53211,0.692308,0.592593,0.608696,0.568182,0.589286,0.529412,0.591304,0.548387,0.588785,0.626263,0.633663,0.514019,0.623656,0.613636,0.553571,0.484211,0.542857,0.589474,0.580952,0.656566,0.594059,0.45,0.5,0.521277,0.556604,0.570175,0.674419,0.586207,0.557522,0.666667,0.673469,0.614583,0.692308,0.55,0.59,0.597938,0.533981,0.488889,0.545455,0.608247,0.631068,0.666667,0.615385,
37000,0.561224,0.617647,0.522523,0.595506,0.575221,0.54023,0.556701,0.601942,0.639175,0.61165,0.588889,0.663636,0.635514,0.591398,0.556701,0.631068,0.573034,0.540541,0.628866,0.582524,0.564356,0.575758,0.568627,0.602041,0.544444,0.572727,0.673684,0.619048,0.567308,0.666667,0.619048,0.536842,0.55102,0.607843,0.603774,0.648936,0.568627,0.632653,0.678161,0.584071,0.544444,0.645455,0.649485,0.640777,0.552083,0.605769,0.598131,0.580645,0.6,0.59,0.561404,0.651163,0.585859,0.643564,0.584158,0.565657,0.591398,0.71028,0.623853,0.637363,0.56,0.58,0.656863,0.622449,0.673077,0.65625,0.557692,0.53125,0.694444,0.48913,0.518868,0.574468,0.70297,0.565657,0.627907,0.605263,0.565657,0.594059,0.590909,0.766667,0.59596,0.50495,0.736264,0.53211,0.55,0.64,0.540816,0.588235,0.585106,0.613208,0.596154,0.645833,0.561905,0.484211,0.621053,0.552381,0.522124,0.597701,0.617978,0.648649,
37200,0.604651,0.587719,0.601852,0.576087,0.527473,0.577982,0.47,0.58,0.578431,0.653061,0.585106,0.613208,0.68932,0.618557,0.577778,0.581818,0.553398,0.57732,0.627451,0.581633,0.538462,0.638554,0.529412,0.653061,0.525253,0.584158,0.690722,0.61165,0.627451,0.561224,0.656566,0.544554,0.616822,0.666667,0.505495,0.724771,0.612245,0.598039,0.537634,0.560748,0.654545,0.6,0.568627,0.622449,0.505263,0.6,0.708333,0.538462,0.581633,0.656863,0.55,0.58,0.674157,0.684685,0.605769,0.604167,0.61,0.52,0.626263,0.534653,0.578947,0.616279,0.656566,0.653465,0.561224,0.617647,0.56701,0.621359,0.626263,0.584158,0.747368,0.619048,0.515152,0.653465,0.632184,0.530973,0.504425,0.689655,0.552632,0.593023,0.597826,0.694444,0.539823,0.632184,0.504854,0.56701,0.6,0.576471,0.659794,0.650485,0.59434,0.595745,0.598039,0.571429,0.614679,0.604396,0.56,0.57,0.692308,0.568807,
37400,0.568421,0.609524,0.558559,0.58427,0.551402,0.602151,0.602151,0.588785,0.560748,0.548387,0.672897,0.548387,0.59,0.61,0.628571,0.505263,0.647727,0.553571,0.582418,0.587156,0.581818,0.666667,0.752577,0.592233,0.62,0.65,0.643564,0.606061,0.582524,0.556701,0.670732,0.516949,0.640777,0.515464,0.714286,0.557895,0.657895,0.476744,0.5,0.52,0.698925,0.560748,0.554545,0.611111,0.621951,0.567797,0.622449,0.666667,0.617021,0.632075,0.585106,0.566038,0.557692,0.645833,0.574468,0.556604,0.591837,0.617647,0.554545,0.622222,0.6,0.590909,0.578431,0.581633,0.617021,0.622642,0.628866,0.543689,0.565657,0.623762,0.583333,0.548077,0.597938,0.563107,0.485981,0.677419,0.652174,0.62963,0.505618,0.666667,0.718447,0.57732,0.505155,0.679612,0.614679,0.626374,0.588235,0.591837,0.656566,0.524752,0.6875,0.682692,0.537634,0.616822,0.666667,0.663551,0.576087,0.685185,0.536842,0.628571,
37600,0.5,0.566667,0.650485,0.639175,0.572917,0.673077,0.53,0.69,0.639175,0.737864,0.670103,0.563107,0.623762,0.626263,0.650485,0.628866,0.590909,0.535714,0.650485,0.536082,0.631068,0.505155,0.648352,0.614679,0.619565,0.657407,0.555556,0.594059,0.648936,0.575472,0.642105,0.628571,0.488095,0.612069,0.541667,0.586538,0.59633,0.593407,0.637168,0.62069,0.531915,0.566038,0.69697,0.584158,0.640777,0.608247,0.528302,0.606383,0.444444,0.597826,0.564356,0.555556,0.586957,0.601852,0.612903,0.626168,0.649485,0.582524,0.613208,0.680851,0.587156,0.604396,0.54717,0.62766,0.5625,0.653846,0.60396,0.686869,0.514286,0.684211,0.541667,0.625,0.648936,0.603774,0.670103,0.582524,0.617978,0.594595,0.669811,0.56383,0.653465,0.535354,0.739583,0.663462,0.616162,0.445545,0.524752,0.636364,0.589474,0.561905,0.59,0.63,0.564356,0.676768,0.545455,0.544554,0.626263,0.524752,0.610169,0.560976,
37800,0.565217,0.62963,0.625,0.576923,0.607843,0.581633,0.596154,0.5625,0.613636,0.482143,0.544554,0.585859,0.490196,0.591837,0.623762,0.646465,0.576923,0.635417,0.483146,0.612613,0.6,0.58,0.536082,0.495146,0.626374,0.587156,0.467391,0.555556,0.528302,0.553191,0.582524,0.618557,0.604167,0.634615,0.576923,0.614583,0.544444,0.563636,0.645833,0.586538,0.59434,0.56383,0.618557,0.592233,0.465909,0.517857,0.484211,0.495238,0.519231,0.520833,0.518182,0.522222,0.522222,0.672727,0.552083,0.701923,0.605769,0.65625,0.576577,0.595506,0.54717,0.521277,0.563636,0.477778,0.548077,0.552083,0.583333,0.605769,0.588235,0.581633,0.553398,0.587629,0.59596,0.623762,0.572816,0.628866,0.587629,0.699029,0.614679,0.637363,0.568627,0.540816,0.607843,0.591837,0.64,0.64,0.686275,0.663265,0.551724,0.610619,0.6,0.685714,0.617647,0.540816,0.728395,0.605042,0.635417,0.682692,0.585859,0.60396,
38000,0.610169,0.695122,0.640777,0.587629,0.574257,0.646465,0.548387,0.700935,0.592593,0.684783,0.693694,0.674157,0.494737,0.657143,0.561224,0.598039,0.402299,0.734513,0.670213,0.537736,0.621053,0.590476,0.62037,0.673913,0.659794,0.543689,0.623762,0.515152,0.579439,0.548387,0.585859,0.663366,0.639175,0.601942,0.494624,0.616822,0.612245,0.617647,0.67,0.59,0.538462,0.520833,0.561224,0.558824,0.631068,0.57732,0.63,0.67,0.672897,0.645161,0.621053,0.552381,0.666667,0.634615,0.555556,0.641304,0.61,0.48,0.568182,0.553571,0.628866,0.495146,0.647059,0.652174,0.547368,0.542857,0.656863,0.520408,0.541284,0.582418,0.645161,0.570093,0.606061,0.584158,0.59596,0.534653,0.548387,0.64486,0.545455,0.534653,0.581633,0.568627,0.617021,0.59434,0.637255,0.591837,0.54902,0.581633,0.533333,0.6,0.575221,0.632184,0.553191,0.603774,0.631068,0.525773,0.588785,0.612903,0.605769,0.583333,
38200,0.561404,0.604651,0.568421,0.571429,0.65,0.57,0.660194,0.649485,0.594595,0.595506,0.578431,0.602041,0.638889,0.565217,0.698925,0.635514,0.626263,0.623762,0.564815,0.652174,0.547619,0.637931,0.640351,0.651163,0.638298,0.584906,0.59,0.59,0.606383,0.584906,0.638298,0.650943,0.603604,0.651685,0.633333,0.7,0.576923,0.645833,0.56,0.59,0.6,0.633333,0.561798,0.540541,0.623762,0.656566,0.614583,0.615385,0.709091,0.588889,0.524752,0.656566,0.58,0.6,0.591304,0.564706,0.505155,0.582524,0.616162,0.564356,0.581633,0.617647,0.588889,0.663636,0.632653,0.598039,0.722772,0.616162,0.5,0.509091,0.62,0.6,0.551402,0.645161,0.681319,0.623853,0.615385,0.623853,0.576087,0.555556,0.554348,0.638889,0.565657,0.613861,0.68932,0.701031,0.63,0.58,0.577236,0.558442,0.54717,0.510638,0.592593,0.619565,0.60396,0.565657,0.540541,0.516854,0.550459,0.56044,
38400,0.651163,0.640351,0.572816,0.680412,0.60396,0.626263,0.54717,0.638298,0.698925,0.588785,0.580645,0.588785,0.645455,0.622222,0.526316,0.6,0.693878,0.568627,0.604396,0.59633,0.660377,0.574468,0.616162,0.564356,0.636364,0.554455,0.57732,0.68932,0.62037,0.565217,0.6,0.610526,0.623762,0.575758,0.666667,0.597826,0.552083,0.576923,0.574468,0.603774,0.577982,0.626374,0.615385,0.604167,0.621053,0.561905,0.586538,0.614583,0.574074,0.586957,0.632653,0.627451,0.551402,0.494624,0.575221,0.517241,0.625,0.625,0.588889,0.663636,0.60396,0.686869,0.617021,0.59434,0.622642,0.62766,0.586957,0.657407,0.572816,0.556701,0.647059,0.520408,0.622642,0.659574,0.67033,0.53211,0.635514,0.623656,0.702128,0.518868,0.603774,0.574468,0.578947,0.542857,0.536082,0.582524,0.613861,0.585859,0.623853,0.648352,0.604167,0.625,0.536364,0.688889,0.542553,0.59434,0.638298,0.613208,0.652174,0.62037,
38600,0.635417,0.721154,0.49505,0.646465,0.62,0.66,0.677419,0.523364,0.617021,0.650943,0.631068,0.536082,0.673684,0.552381,0.589474,0.628571,0.621359,0.628866,0.666667,0.564356,0.548077,0.666667,0.652174,0.555556,0.694444,0.619565,0.636364,0.732673,0.660714,0.579545,0.518072,0.555556,0.603604,0.58427,0.572816,0.556701,0.582524,0.649485,0.651163,0.675439,0.568627,0.683673,0.583333,0.596154,0.657407,0.619565,0.639535,0.552632,0.649485,0.631068,0.663265,0.568627,0.555556,0.60396,0.634783,0.694118,0.627451,0.642857,0.486239,0.582418,0.581633,0.696078,0.66055,0.516484,0.663158,0.504762,0.564815,0.543478,0.688889,0.518182,0.514286,0.652632,0.621622,0.561798,0.601942,0.649485,0.61,0.6,0.617021,0.584906,0.60396,0.636364,0.625,0.682692,0.566038,0.56383,0.655914,0.551402,0.61165,0.628866,0.626374,0.587156,0.61165,0.536082,0.577778,0.627273,0.571429,0.567901,0.670732,0.584746,
38800,0.595506,0.504505,0.584158,0.525253,0.527473,0.477064,0.572917,0.596154,0.623853,0.637363,0.55914,0.71028,0.692308,0.541284,0.591837,0.72549,0.56044,0.550459,0.56701,0.621359,0.615385,0.572917,0.509804,0.520408,0.587629,0.514563,0.654206,0.505376,0.654206,0.634409,0.606383,0.556604,0.666667,0.692308,0.68932,0.628866,0.638095,0.652632,0.541284,0.56044,0.582524,0.680412,0.650943,0.638298,0.677419,0.635514,0.66,0.66,0.592233,0.608247,0.581633,0.627451,0.65625,0.644231,0.530435,0.482353,0.576087,0.703704,0.676768,0.584158,0.628866,0.543689,0.647059,0.632653,0.651376,0.648352,0.584071,0.689655,0.621359,0.587629,0.58,0.61,0.625,0.647727,0.580645,0.654206,0.655914,0.588785,0.569892,0.504673,0.536842,0.6,0.536842,0.561905,0.662651,0.547009,0.591398,0.607477,0.623656,0.607477,0.57732,0.582524,0.587156,0.637363,0.558559,0.58427,0.660194,0.536082,0.591837,0.588235,
39000,0.607843,0.653061,0.595745,0.650943,0.688073,0.494505,0.625,0.510417,0.521739,0.62963,0.55102,0.539216,0.685185,0.586957,0.588889,0.627273,0.580952,0.631579,0.542553,0.59434,0.573034,0.576577,0.619565,0.657407,0.65,0.57,0.666667,0.602041,0.648936,0.59434,0.691489,0.575472,0.67619,0.631579,0.673469,0.607843,0.478261,0.601852,0.642105,0.619048,0.613208,0.606383,0.526882,0.626168,0.644444,0.581818,0.62766,0.622642,0.579439,0.709677,0.606383,0.556604,0.571429,0.545455,0.588235,0.683673,0.560748,0.505376,0.555556,0.717391,0.555556,0.576087,0.521277,0.537736,0.707071,0.60396,0.59375,0.548077,0.505495,0.642202,0.642857,0.577586,0.574713,0.654867,0.632075,0.521277,0.5625,0.591667,0.550459,0.736264,0.542056,0.666667,0.627451,0.591837,0.650485,0.670103,0.612903,0.588785,0.601942,0.670103,0.663551,0.612903,0.59434,0.595745,0.606061,0.60396,0.643564,0.616162,0.454545,0.613861,
39200,0.61165,0.608247,0.632653,0.588235,0.545455,0.712871,0.54717,0.712766,0.5,0.579545,0.480769,0.614583,0.654545,0.555556,0.577778,0.690909,0.584158,0.606061,0.564815,0.597826,0.701149,0.663717,0.650943,0.574468,0.57732,0.660194,0.543689,0.659794,0.581633,0.598039,0.574468,0.613208,0.516854,0.585586,0.544554,0.59596,0.604396,0.577982,0.567568,0.561798,0.663462,0.541667,0.576923,0.604167,0.684211,0.685714,0.586957,0.546296,0.581633,0.627451,0.580952,0.578947,0.617021,0.622642,0.583333,0.576923,0.64486,0.634409,0.573034,0.504505,0.676471,0.55102,0.636364,0.584158,0.561798,0.513514,0.532609,0.657407,0.652632,0.704762,0.588889,0.572727,0.587156,0.494505,0.553398,0.628866,0.609524,0.568421,0.585586,0.58427,0.484848,0.633663,0.613861,0.59596,0.617647,0.571429,0.561404,0.55814,0.591398,0.570093,0.54902,0.683673,0.6,0.55,0.521739,0.62037,0.707547,0.585106,0.552381,0.631579,
39400,0.639175,0.553398,0.584906,0.553191,0.663043,0.666667,0.651376,0.538462,0.632653,0.480392,0.536082,0.621359,0.50495,0.636364,0.640449,0.648649,0.561905,0.568421,0.579545,0.571429,0.676768,0.564356,0.535714,0.636364,0.663158,0.590476,0.568421,0.628571,0.57,0.58,0.613208,0.542553,0.592233,0.546392,0.607143,0.551724,0.646465,0.613861,0.617647,0.489796,0.642857,0.588235,0.575472,0.542553,0.612903,0.579439,0.616667,0.6875,0.571429,0.62069,0.505155,0.601942,0.56701,0.582524,0.6875,0.634615,0.571429,0.607843,0.601942,0.618557,0.576923,0.479167,0.628866,0.640777,0.554455,0.686869,0.524272,0.505155,0.72381,0.631579,0.593407,0.541284,0.641509,0.585106,0.494382,0.630631,0.598131,0.666667,0.571429,0.587156,0.612245,0.598039,0.580952,0.578947,0.61,0.53,0.571429,0.568627,0.580952,0.663158,0.494949,0.475248,0.637363,0.577982,0.526316,0.666667,0.57732,0.601942,0.592593,0.565217,
39600,0.587629,0.533981,0.651685,0.621622,0.565657,0.574257,0.545455,0.564356,0.578431,0.622449,0.617647,0.591837,0.640449,0.567568,0.663158,0.542857,0.57732,0.553398,0.59596,0.653465,0.578947,0.619048,0.646465,0.70297,0.617647,0.632653,0.6,0.633333,0.669811,0.531915,0.56383,0.650943,0.606383,0.566038,0.572816,0.556701,0.535354,0.673267,0.598214,0.556818,0.542553,0.59434,0.6,0.657143,0.605769,0.645833,0.606383,0.59434,0.55914,0.560748,0.616162,0.564356,0.590361,0.692308,0.710526,0.651163,0.68932,0.639175,0.577982,0.494505,0.595745,0.603774,0.581633,0.666667,0.445545,0.505051,0.6,0.657143,0.568627,0.55102,0.55,0.66,0.623656,0.691589,0.604396,0.715596,0.650943,0.62766,0.55102,0.539216,0.585366,0.623377,0.591837,0.54902,0.5,0.63,0.565657,0.574257,0.645833,0.586538,0.586957,0.611111,0.635417,0.596154,0.604167,0.576923,0.553191,0.603774,0.616162,0.594059,
39800,0.632184,0.584071,0.5,0.489583,0.633663,0.646465,0.701754,0.534884,0.611111,0.654545,0.66,0.61,0.555556,0.524752,0.612903,0.64486,0.625,0.625,0.65625,0.596154,0.580952,0.505263,0.613208,0.648936,0.608247,0.61165,0.569892,0.626168,0.659794,0.631068,0.515789,0.552381,0.538462,0.559633,0.52381,0.642105,0.569892,0.700935,0.537037,0.673913,0.62963,0.478261,0.535714,0.613636,0.631068,0.56701,0.554348,0.675926,0.690722,0.582524,0.657658,0.651685,0.55102,0.627451,0.551724,0.60177,0.607843,0.693878,0.621053,0.609524,0.47191,0.603604,0.607843,0.561224,0.638889,0.619565,0.550459,0.659341,0.631068,0.608247,0.650485,0.546392,0.71028,0.612903,0.663366,0.707071,0.605769,0.572917,0.634615,0.625,0.57732,0.61165,0.606383,0.566038,0.564356,0.575758,0.536082,0.640777,0.590476,0.6,0.53271,0.72043,0.590164,0.692308,0.643564,0.575758,0.582524,0.608247,0.553191,0.613208,
40000,0.66055,0.549451,0.653846,0.572917,0.585586,0.606742,0.61,0.57,0.604167,0.557692,0.686869,0.594059,0.494737,0.638095,0.544643,0.647727,0.61165,0.515464,0.61165,0.587629,0.574257,0.575758,0.663636,0.511111,0.6,0.494737,0.711538,0.541667,0.696078,0.612245,0.55914,0.626168,0.64,0.66,0.685185,0.543478,0.641304,0.564815,0.635514,0.602151,0.681319,0.587156,0.625,0.625,0.607843,0.5,0.557692,0.552083,0.556701,0.553398,0.715686,0.571429,0.648148,0.554348,0.521739,0.635294,0.6375,0.558333,0.597938,0.669903,0.66,0.7,0.63,0.63,0.529412,0.77551,0.636364,0.611111,0.642105,0.552381,0.654206,0.623656,0.555556,0.574257,0.608247,0.553398,0.557692,0.510417,0.54717,0.531915,0.653846,0.625,0.644231,0.5,0.652174,0.583333,0.616822,0.548387,0.615385,0.53211,0.723404,0.509434,0.6,0.547368,0.563107,0.618557,0.585106,0.698113,0.592233,0.587629,
40200,0.643678,0.672566,0.677419,0.64486,0.631068,0.556701,0.6,0.621053,0.634615,0.65625,0.596154,0.541667,0.632075,0.606383,0.616071,0.522727,0.587629,0.621359,0.593407,0.605505,0.546296,0.521739,0.57,0.63,0.611111,0.645455,0.607843,0.693878,0.543689,0.701031,0.636364,0.564356,0.6,0.578947,0.553191,0.59434,0.654867,0.45977,0.585859,0.643564,0.623762,0.555556,0.612903,0.560748,0.546296,0.630435,0.540816,0.578431,0.546392,0.572816,0.631579,0.590476,0.583333,0.630435,0.601852,0.641304,0.606383,0.556604,0.644231,0.59375,0.59596,0.623762,0.592233,0.670103,0.605505,0.582418,0.572816,0.546392,0.588235,0.632653,0.572816,0.57732,0.625,0.59375,0.631068,0.649485,0.56044,0.59633,0.56701,0.650485,0.541667,0.576923,0.580645,0.588785,0.698276,0.666667,0.553398,0.608247,0.556701,0.68932,0.602151,0.626168,0.663158,0.67619,0.638554,0.538462,0.540816,0.598039,0.587156,0.648352,
40400,0.522936,0.758242,0.608247,0.631068,0.563107,0.525773,0.630435,0.703704,0.572816,0.525773,0.603774,0.585106,0.626263,0.673267,0.494624,0.71028,0.577778,0.572727,0.585859,0.564356,0.54,0.62,0.643678,0.699115,0.616162,0.643564,0.56701,0.563107,0.597938,0.650485,0.59,0.64,0.59633,0.692308,0.618557,0.631068,0.594059,0.59596,0.561224,0.578431,0.597826,0.592593,0.597826,0.638889,0.626168,0.666667,0.693878,0.509804,0.54717,0.606383,0.608247,0.553398,0.606061,0.594059,0.46875,0.548077,0.635593,0.585366,0.552632,0.55814,0.557692,0.625,0.613208,0.670213,0.660377,0.553191,0.57,0.57,0.5,0.59375,0.548077,0.645833,0.657143,0.589474,0.632653,0.588235,0.5,0.673077,0.576923,0.583333,0.619048,0.631579,0.623762,0.656566,0.574074,0.554348,0.589474,0.552381,0.594059,0.545455,0.598131,0.591398,0.59596,0.653465,0.61165,0.597938,0.553191,0.603774,0.628571,0.557895,
40600,0.566667,0.545455,0.622807,0.604651,0.613636,0.571429,0.58427,0.567568,0.690265,0.666667,0.65625,0.740385,0.669903,0.587629,0.663366,0.646465,0.648936,0.641509,0.626263,0.564356,0.659574,0.650943,0.588785,0.516129,0.574468,0.650943,0.536082,0.631068,0.619048,0.610526,0.647619,0.568421,0.619565,0.527778,0.563107,0.628866,0.68,0.65,0.565657,0.564356,0.561224,0.617647,0.556604,0.574468,0.614679,0.615385,0.586957,0.648148,0.56044,0.559633,0.494624,0.495327,0.524272,0.608247,0.632653,0.441176,0.622449,0.529412,0.634409,0.588785,0.663265,0.617647,0.717172,0.584158,0.579439,0.602151,0.606061,0.564356,0.614679,0.571429,0.609524,0.6,0.455556,0.636364,0.505155,0.572816,0.62,0.55,0.486239,0.571429,0.609091,0.588889,0.680851,0.613208,0.539216,0.571429,0.601852,0.684783,0.56,0.55,0.617021,0.660377,0.580645,0.626168,0.725275,0.66055,0.647059,0.571429,0.572917,0.653846,
40800,0.559633,0.461538,0.601942,0.618557,0.505051,0.613861,0.56,0.61,0.580645,0.635514,0.554545,0.566667,0.574257,0.565657,0.516854,0.54955,0.601852,0.619565,0.546392,0.543689,0.597938,0.592233,0.589474,0.609524,0.631579,0.571429,0.739583,0.576923,0.53125,0.557692,0.663158,0.619048,0.608247,0.631068,0.564815,0.565217,0.605769,0.572917,0.515464,0.592233,0.625,0.552083,0.666667,0.469388,0.6,0.67,0.647059,0.617391,0.597938,0.631068,0.62069,0.559524,0.666667,0.538462,0.556701,0.660194,0.649485,0.640777,0.647059,0.530612,0.529412,0.571429,0.555556,0.633663,0.601942,0.56701,0.618557,0.582524,0.647059,0.591837,0.533981,0.680412,0.551402,0.462366,0.584158,0.59596,0.582524,0.463918,0.663366,0.606061,0.585859,0.534653,0.585859,0.60396,0.640777,0.56701,0.666667,0.473684,0.47,0.59,0.634615,0.5625,0.663366,0.616162,0.564356,0.606061,0.554545,0.566667,0.621359,0.505155,
41000,0.640777,0.618557,0.639175,0.631068,0.632184,0.548673,0.588785,0.688172,0.5,0.561224,0.613445,0.641975,0.574468,0.509434,0.646465,0.712871,0.534653,0.585859,0.660377,0.617021,0.509259,0.597826,0.638298,0.622642,0.533333,0.609091,0.548077,0.59375,0.596154,0.604167,0.56701,0.524272,0.584158,0.565657,0.602041,0.588235,0.504762,0.568421,0.663551,0.548387,0.650485,0.587629,0.509615,0.614583,0.561224,0.607843,0.575472,0.638298,0.542857,0.526316,0.623656,0.654206,0.510417,0.634615,0.563218,0.539823,0.592233,0.608247,0.536082,0.563107,0.579439,0.580645,0.561905,0.557895,0.542056,0.591398,0.510204,0.705882,0.663636,0.622222,0.715686,0.602041,0.654206,0.655914,0.489796,0.558824,0.617647,0.540816,0.638095,0.652632,0.677419,0.626168,0.474747,0.633663,0.633333,0.590909,0.62963,0.663043,0.609091,0.544444,0.510638,0.660377,0.51087,0.583333,0.662651,0.598291,0.650485,0.649485,0.650602,0.632479,
41200,0.649485,0.553398,0.54,0.62,0.594059,0.69697,0.582418,0.568807,0.598039,0.632653,0.525253,0.50495,0.57971,0.59542,0.597938,0.621359,0.621359,0.618557,0.566038,0.478723,0.535714,0.568182,0.605769,0.6875,0.617021,0.59434,0.594059,0.606061,0.572917,0.673077,0.672897,0.634409,0.728972,0.602151,0.6,0.581818,0.625,0.538462,0.552083,0.548077,0.581633,0.637255,0.587156,0.626374,0.640777,0.639175,0.584906,0.617021,0.584158,0.646465,0.590909,0.544444,0.616162,0.613861,0.653846,0.666667,0.605769,0.635417,0.566667,0.609091,0.632653,0.558824,0.621053,0.542857,0.598039,0.591837,0.727273,0.7,0.56,0.52,0.638889,0.673913,0.62069,0.619048,0.679612,0.546392,0.611111,0.563636,0.481818,0.655556,0.63,0.55,0.642857,0.696078,0.642857,0.637255,0.617647,0.591837,0.595745,0.622642,0.688172,0.626168,0.644231,0.604167,0.539326,0.675676,0.55,0.57,0.632653,0.656863,
41400,0.594059,0.707071,0.61,0.64,0.703297,0.587156,0.533981,0.56701,0.699029,0.587629,0.648352,0.66055,0.660194,0.670103,0.633333,0.5375,0.594828,0.690476,0.688889,0.563636,0.652174,0.648148,0.608247,0.514563,0.60396,0.686869,0.575758,0.623762,0.61,0.58,0.622222,0.636364,0.673267,0.676768,0.693069,0.69697,0.59375,0.548077,0.533981,0.690722,0.564706,0.669565,0.686869,0.633663,0.638889,0.597826,0.552381,0.557895,0.615385,0.520833,0.588889,0.627273,0.5625,0.644231,0.625,0.634615,0.707071,0.544554,0.595506,0.594595,0.659574,0.669811,0.6,0.652632,0.575758,0.653465,0.480392,0.612245,0.561224,0.578431,0.545455,0.6,0.524272,0.56701,0.63,0.56,0.648148,0.597826,0.653061,0.656863,0.618182,0.5,0.623762,0.535354,0.610526,0.542857,0.615385,0.572917,0.63964,0.696629,0.642857,0.656863,0.72449,0.647059,0.655172,0.628319,0.6,0.542857,0.548077,0.677083,
41600,0.559633,0.626374,0.646018,0.586207,0.59,0.7,0.666667,0.634615,0.666667,0.564356,0.616822,0.548387,0.54902,0.602041,0.679245,0.521277,0.647619,0.6,0.505155,0.728155,0.638298,0.59434,0.626168,0.569892,0.633333,0.618182,0.649485,0.640777,0.666667,0.557895,0.553398,0.680412,0.608247,0.572816,0.676768,0.514851,0.584906,0.595745,0.650602,0.615385,0.574257,0.444444,0.707547,0.659574,0.589474,0.571429,0.514851,0.585859,0.670213,0.613208,0.621359,0.556701,0.615385,0.550459,0.626168,0.677419,0.446429,0.681818,0.612245,0.588235,0.617647,0.602041,0.583333,0.543103,0.563107,0.56701,0.71028,0.537634,0.59,0.54,0.546392,0.495146,0.682243,0.537634,0.626263,0.544554,0.616822,0.666667,0.637255,0.530612,0.653465,0.656566,0.621053,0.647619,0.657407,0.619565,0.585859,0.584158,0.711864,0.597561,0.603774,0.5,0.551402,0.612903,0.524752,0.636364,0.660194,0.649485,0.651786,0.727273,
41800,0.59434,0.542553,0.675926,0.652174,0.64,0.61,0.617978,0.630631,0.541667,0.576923,0.625,0.642857,0.546296,0.673913,0.564356,0.727273,0.663158,0.533333,0.533981,0.762887,0.463918,0.543689,0.529412,0.591837,0.659794,0.475728,0.421053,0.6,0.565217,0.592593,0.563107,0.731959,0.590476,0.705263,0.55,0.6,0.536842,0.571429,0.678261,0.564706,0.645833,0.634615,0.660377,0.62766,0.666667,0.617978,0.690476,0.5,0.617021,0.679245,0.583333,0.625,0.609524,0.589474,0.564356,0.69697,0.632653,0.607843,0.677778,0.572727,0.575221,0.574713,0.575472,0.574468,0.554455,0.646465,0.547619,0.525862,0.633929,0.693182,0.584906,0.670213,0.650943,0.744681,0.635417,0.605769,0.557895,0.580952,0.730769,0.510417,0.582524,0.731959,0.630252,0.555556,0.585859,0.653465,0.666667,0.575221,0.581633,0.656863,0.608247,0.582524,0.59596,0.564356,0.575472,0.457447,0.477477,0.573034,0.587629,0.572816,
42000,0.556701,0.543689,0.49505,0.494949,0.49505,0.707071,0.67619,0.578947,0.635593,0.609756,0.617647,0.55102,0.656566,0.653465,0.585859,0.524752,0.571429,0.541284,0.708333,0.605769,0.680412,0.699029,0.645161,0.616822,0.681818,0.651786,0.686747,0.683761,0.603604,0.58427,0.663158,0.6,0.544554,0.535354,0.645161,0.626168,0.602041,0.519608,0.606061,0.534653,0.583333,0.75,0.622449,0.676471,0.587156,0.637363,0.5625,0.644231,0.52809,0.630631,0.54717,0.56383,0.515464,0.650485,0.655172,0.557522,0.67,0.63,0.588785,0.591398,0.619565,0.592593,0.635417,0.711538,0.646018,0.528736,0.588235,0.663265,0.666667,0.590909,0.634615,0.583333,0.613861,0.616162,0.582524,0.628866,0.737374,0.554455,0.663462,0.604167,0.628866,0.582524,0.643564,0.565657,0.601852,0.554348,0.647619,0.6,0.58,0.59,0.590909,0.571429,0.513761,0.593407,0.550459,0.56044,0.584906,0.553191,0.670455,0.5625,
42200,0.631068,0.556701,0.700935,0.666667,0.659574,0.462264,0.566038,0.489362,0.537736,0.5,0.618557,0.582524,0.621359,0.628866,0.645455,0.655556,0.691489,0.622642,0.568627,0.632653,0.646465,0.544554,0.663366,0.59596,0.606383,0.575472,0.666667,0.550562,0.601942,0.587629,0.547368,0.67619,0.557692,0.510417,0.681319,0.504587,0.70297,0.575758,0.7,0.636364,0.656863,0.693878,0.485714,0.547368,0.62963,0.565217,0.595506,0.702703,0.644231,0.614583,0.538462,0.677083,0.565657,0.60396,0.60396,0.525253,0.642857,0.627451,0.520408,0.54902,0.586538,0.614583,0.573034,0.567568,0.510417,0.634615,0.6,0.56,0.552083,0.586538,0.737864,0.536082,0.588785,0.655914,0.57,0.64,0.61165,0.556701,0.606061,0.514851,0.567308,0.604167,0.622449,0.656863,0.606742,0.684685,0.527273,0.611111,0.66,0.5,0.62037,0.608696,0.593496,0.584416,0.582524,0.628866,0.531915,0.707547,0.541284,0.549451,
42400,0.617978,0.612613,0.50495,0.585859,0.563107,0.556701,0.554455,0.616162,0.65625,0.557692,0.656566,0.544554,0.535354,0.633663,0.670103,0.601942,0.62037,0.565217,0.673077,0.5625,0.585366,0.525424,0.626168,0.55914,0.585106,0.603774,0.576923,0.583333,0.590476,0.578947,0.59596,0.633663,0.543689,0.587629,0.495146,0.701031,0.666667,0.721154,0.590476,0.6,0.5,0.540816,0.616071,0.613636,0.571429,0.559633,0.660194,0.608247,0.625,0.490385,0.704545,0.598214,0.516129,0.607477,0.576577,0.561798,0.574468,0.650943,0.654545,0.611111,0.583333,0.576923,0.69697,0.633663,0.648936,0.566038,0.628866,0.582524,0.54,0.64,0.555556,0.627273,0.606061,0.594059,0.609091,0.622222,0.536082,0.563107,0.656566,0.584158,0.576923,0.635417,0.653061,0.598039,0.571429,0.617647,0.504425,0.586207,0.595745,0.537736,0.601852,0.663043,0.424528,0.617021,0.589474,0.628571,0.535354,0.534653,0.521277,0.509434,
42600,0.554455,0.656566,0.738636,0.678571,0.575758,0.574257,0.524272,0.618557,0.617978,0.702703,0.490741,0.586957,0.59434,0.574468,0.561905,0.547368,0.628866,0.601942,0.5,0.55,0.776699,0.556701,0.565217,0.712963,0.543689,0.608247,0.69697,0.554455,0.625,0.634615,0.597938,0.485437,0.619565,0.564815,0.636364,0.584158,0.521277,0.59434,0.58,0.55,0.626168,0.55914,0.454545,0.642857,0.575758,0.643564,0.521739,0.564815,0.618182,0.611111,0.571429,0.663158,0.693878,0.588235,0.612903,0.560748,0.57732,0.640777,0.582524,0.649485,0.62069,0.575221,0.609091,0.455556,0.588785,0.537634,0.666667,0.594059,0.5625,0.586538,0.556701,0.61165,0.626263,0.613861,0.534653,0.606061,0.666667,0.536842,0.433962,0.648936,0.602041,0.568627,0.580645,0.598131,0.606383,0.54717,0.636364,0.653465,0.494505,0.623853,0.613861,0.515152,0.594059,0.555556,0.559524,0.543103,0.717172,0.584158,0.592233,0.680412,
42800,0.700935,0.591398,0.50495,0.565657,0.5,0.598039,0.508929,0.568182,0.618182,0.6,0.669811,0.680851,0.604167,0.509615,0.67,0.64,0.542056,0.580645,0.662921,0.540541,0.58,0.59,0.607477,0.569892,0.6,0.542857,0.57732,0.553398,0.655914,0.635514,0.636364,0.683168,0.65625,0.567308,0.612245,0.686275,0.642105,0.52381,0.57,0.62,0.561224,0.598039,0.593407,0.706422,0.523364,0.462366,0.601942,0.587629,0.614583,0.644231,0.58427,0.567568,0.563107,0.639175,0.565657,0.683168,0.678571,0.568182,0.565217,0.601852,0.518519,0.706522,0.546392,0.631068,0.625,0.651786,0.505051,0.643564,0.6375,0.508333,0.59,0.59,0.530612,0.558824,0.695238,0.589474,0.549451,0.614679,0.596154,0.645833,0.608247,0.61165,0.734043,0.556604,0.640777,0.587629,0.621622,0.606742,0.669643,0.568182,0.62,0.62,0.663462,0.53125,0.681818,0.688889,0.628319,0.643678,0.611111,0.590909,
43000,0.571429,0.666667,0.631068,0.597938,0.574074,0.565217,0.639175,0.631068,0.666667,0.693878,0.589286,0.670455,0.617647,0.632653,0.621053,0.6,0.688073,0.582418,0.605505,0.582418,0.533333,0.672727,0.60396,0.525253,0.56044,0.706422,0.535354,0.534653,0.5,0.554348,0.560748,0.591398,0.555556,0.613861,0.539216,0.561224,0.469388,0.54902,0.643564,0.707071,0.61165,0.556701,0.514286,0.610526,0.568182,0.642857,0.536842,0.657143,0.640449,0.630631,0.547368,0.514286,0.6875,0.644231,0.663462,0.604167,0.56,0.62,0.593407,0.541284,0.5,0.525862,0.545455,0.762376,0.714286,0.509804,0.71,0.58,0.56383,0.650943,0.633028,0.615385,0.608247,0.524272,0.575758,0.613861,0.561224,0.578431,0.663551,0.645161,0.56701,0.621359,0.509259,0.663043,0.53125,0.615385,0.707547,0.510638,0.603604,0.505618,0.626374,0.587156,0.578431,0.540816,0.533333,0.536842,0.638095,0.6,0.585859,0.524752,
43200,0.60396,0.565657,0.525773,0.650485,0.630435,0.509259,0.666667,0.701923,0.636364,0.544554,0.591837,0.519608,0.586957,0.62963,0.62766,0.622642,0.585586,0.483146,0.537736,0.585106,0.536842,0.580952,0.61,0.67,0.610526,0.685714,0.590909,0.666667,0.581633,0.558824,0.631068,0.659794,0.539823,0.597701,0.543689,0.597938,0.666667,0.663158,0.519608,0.632653,0.635514,0.655914,0.591398,0.682243,0.62963,0.652174,0.641304,0.537037,0.607477,0.580645,0.617647,0.612245,0.628571,0.568421,0.551724,0.583333,0.605769,0.541667,0.644444,0.627273,0.66055,0.472527,0.636364,0.511111,0.57,0.67,0.631068,0.56701,0.520833,0.576923,0.583333,0.605769,0.666667,0.530612,0.591398,0.626168,0.62069,0.619048,0.613861,0.686869,0.582418,0.550459,0.5,0.63,0.62069,0.672566,0.5,0.631579,0.603604,0.58427,0.633663,0.59596,0.593407,0.605505,0.54717,0.62766,0.637255,0.622449,0.564356,0.555556,
43400,0.612903,0.654206,0.542553,0.518868,0.686047,0.657895,0.5,0.617021,0.618557,0.543689,0.583333,0.692308,0.713043,0.658824,0.395349,0.657895,0.65,0.66,0.672727,0.511111,0.673684,0.72381,0.574074,0.597826,0.574257,0.636364,0.585859,0.60396,0.546392,0.650485,0.581818,0.511111,0.522936,0.615385,0.61,0.66,0.586538,0.572917,0.54902,0.591837,0.644444,0.654545,0.708738,0.536082,0.561224,0.607843,0.555556,0.509091,0.637363,0.66055,0.662921,0.576577,0.607843,0.571429,0.567568,0.674157,0.565657,0.633663,0.6,0.657143,0.623762,0.646465,0.612245,0.490196,0.666667,0.643564,0.695238,0.568421,0.633663,0.545455,0.568627,0.510204,0.542553,0.613208,0.63,0.65,0.613208,0.648936,0.663158,0.619048,0.633663,0.636364,0.717172,0.574257,0.654206,0.591398,0.677083,0.548077,0.575472,0.659574,0.639535,0.535088,0.646465,0.663366,0.633333,0.636364,0.484848,0.584158,0.589744,0.542169,
43600,0.530612,0.5,0.714286,0.688073,0.657407,0.608696,0.632075,0.595745,0.634615,0.604167,0.602151,0.514019,0.582524,0.597938,0.605769,0.5625,0.591837,0.627451,0.644444,0.645455,0.5,0.528846,0.614583,0.519231,0.588235,0.55102,0.59375,0.653846,0.630631,0.617978,0.521368,0.60241,0.635417,0.596154,0.571429,0.477064,0.615385,0.614679,0.714286,0.541284,0.644068,0.585366,0.663265,0.627451,0.615385,0.53211,0.655172,0.646018,0.652174,0.62037,0.638095,0.589474,0.618557,0.61165,0.554455,0.525253,0.542553,0.518868,0.578947,0.657143,0.642105,0.580952,0.628319,0.574713,0.598039,0.612245,0.578431,0.571429,0.680412,0.592233,0.617021,0.575472,0.570093,0.698925,0.690722,0.601942,0.62069,0.566372,0.67,0.57,0.490196,0.602041,0.638889,0.565217,0.536082,0.543689,0.466667,0.642105,0.716981,0.510638,0.641304,0.611111,0.677419,0.579439,0.62,0.62,0.650602,0.589744,0.550459,0.571429,
43800,0.556701,0.572816,0.666667,0.548077,0.597826,0.666667,0.707071,0.584158,0.528302,0.574468,0.589474,0.657143,0.59375,0.634615,0.617021,0.613208,0.597826,0.583333,0.536082,0.553398,0.692308,0.614583,0.602273,0.5625,0.557692,0.583333,0.568627,0.571429,0.483871,0.588785,0.515152,0.524752,0.660377,0.670213,0.64486,0.548387,0.581818,0.666667,0.588235,0.653061,0.598039,0.591837,0.569767,0.587719,0.590909,0.611111,0.520408,0.509804,0.676471,0.581633,0.601942,0.680412,0.652632,0.6,0.556701,0.592233,0.670455,0.589286,0.596154,0.541667,0.62037,0.586957,0.640449,0.648649,0.558333,0.65,0.543689,0.628866,0.714286,0.686275,0.598291,0.686747,0.609524,0.631579,0.578431,0.591837,0.606061,0.712871,0.612903,0.560748,0.616162,0.623762,0.660714,0.590909,0.525773,0.582524,0.660194,0.597938,0.563107,0.659794,0.642857,0.588235,0.612245,0.568627,0.557692,0.572917,0.64,0.57,0.515152,0.574257,
44000,0.524752,0.646465,0.596154,0.625,0.611111,0.590909,0.564356,0.656566,0.580952,0.610526,0.484536,0.582524,0.563636,0.488889,0.6,0.63,0.623762,0.636364,0.660194,0.628866,0.603774,0.574468,0.553398,0.587629,0.602273,0.651786,0.653846,0.614583,0.69,0.57,0.676471,0.622449,0.616279,0.631579,0.608247,0.601942,0.5,0.6,0.622807,0.627907,0.505051,0.554455,0.553398,0.670103,0.540541,0.640449,0.615385,0.625,0.524752,0.565657,0.549451,0.495413,0.566038,0.585106,0.534091,0.589286,0.656566,0.653465,0.57,0.61,0.557692,0.635417,0.674419,0.649123,0.684685,0.617978,0.509259,0.663043,0.636364,0.616071,0.576087,0.685185,0.656863,0.55102,0.709302,0.54386,0.606742,0.576577,0.698925,0.672897,0.628866,0.592233,0.585106,0.613208,0.589474,0.552381,0.580645,0.588785,0.576923,0.708333,0.619048,0.589474,0.585106,0.650943,0.572727,0.644444,0.678161,0.619469,0.558824,0.642857,
44200,0.584906,0.606383,0.605769,0.541667,0.535714,0.577586,0.524272,0.515464,0.610526,0.657143,0.606742,0.621622,0.589474,0.638095,0.670455,0.642857,0.56,0.67,0.623853,0.593407,0.663043,0.592593,0.663043,0.611111,0.567308,0.59375,0.549451,0.550459,0.698113,0.606383,0.622449,0.647059,0.691589,0.645161,0.517857,0.647727,0.670103,0.660194,0.555556,0.73913,0.630435,0.601852,0.627451,0.55102,0.67,0.61,0.485149,0.59596,0.626263,0.574257,0.63,0.61,0.50495,0.555556,0.514563,0.536082,0.505263,0.571429,0.576923,0.5625,0.686869,0.613861,0.552083,0.625,0.525862,0.583333,0.71028,0.612903,0.588785,0.677419,0.578947,0.571429,0.570093,0.602151,0.591398,0.598131,0.582418,0.550459,0.471698,0.62766,0.659091,0.580357,0.612069,0.619048,0.603774,0.542553,0.602151,0.607477,0.637168,0.666667,0.57732,0.601942,0.622449,0.617647,0.640449,0.612613,0.571429,0.647059,0.539216,0.622449,
44400,0.631579,0.685714,0.555556,0.544554,0.622449,0.666667,0.608247,0.563107,0.57,0.57,0.555556,0.641304,0.628866,0.601942,0.65625,0.5,0.581633,0.696078,0.627451,0.663265,0.728261,0.62037,0.564356,0.575758,0.653061,0.509804,0.596154,0.552083,0.641509,0.542553,0.580952,0.642105,0.663043,0.648148,0.737374,0.663366,0.673267,0.555556,0.604167,0.576923,0.633663,0.565657,0.731183,0.560748,0.554545,0.5,0.637255,0.622449,0.6,0.63,0.7,0.68,0.705882,0.581633,0.61,0.58,0.581818,0.711111,0.666667,0.701923,0.58,0.64,0.535354,0.60396,0.646552,0.583333,0.543478,0.555556,0.463636,0.555556,0.53125,0.557692,0.669565,0.576471,0.653465,0.585859,0.660377,0.62766,0.581633,0.588235,0.640777,0.556701,0.587629,0.572816,0.731959,0.640777,0.676768,0.653465,0.564356,0.606061,0.612903,0.579439,0.6,0.52381,0.580952,0.652632,0.589744,0.686747,0.663551,0.548387,
44600,0.54717,0.5,0.543689,0.670103,0.62,0.6,0.705882,0.561224,0.580952,0.621053,0.567568,0.505618,0.516484,0.614679,0.606383,0.54717,0.57265,0.614458,0.518868,0.670213,0.544643,0.613636,0.693878,0.607843,0.647059,0.581633,0.524272,0.56701,0.61,0.52,0.582418,0.623853,0.523364,0.526882,0.645833,0.596154,0.688889,0.554545,0.61165,0.546392,0.603604,0.629213,0.50495,0.616162,0.568627,0.693878,0.754717,0.62766,0.71028,0.72043,0.544554,0.646465,0.574713,0.628319,0.572727,0.577778,0.639175,0.553398,0.59,0.6,0.59596,0.613861,0.642857,0.686275,0.517857,0.647727,0.568627,0.530612,0.677083,0.673077,0.575758,0.643564,0.56383,0.54717,0.54902,0.653061,0.612245,0.617647,0.587629,0.601942,0.605769,0.59375,0.652632,0.47619,0.555556,0.613861,0.561798,0.621622,0.566372,0.551724,0.638889,0.619565,0.586538,0.510417,0.652632,0.638095,0.641304,0.62037,0.657895,0.546512,
44800,0.672566,0.597701,0.618557,0.621359,0.627451,0.602041,0.595745,0.556604,0.613208,0.595745,0.613208,0.617021,0.677419,0.607477,0.637255,0.714286,0.660714,0.556818,0.59375,0.557692,0.615385,0.614583,0.479167,0.644231,0.459459,0.629213,0.515789,0.47619,0.519231,0.6875,0.545455,0.488889,0.552632,0.569767,0.554455,0.646465,0.574257,0.535354,0.49,0.63,0.619565,0.564815,0.591837,0.480392,0.519231,0.666667,0.654867,0.678161,0.5,0.639535,0.594828,0.583333,0.618557,0.61165,0.658824,0.678261,0.643564,0.646465,0.617647,0.612245,0.59434,0.638298,0.582524,0.57732,0.49505,0.626263,0.628571,0.578947,0.55,0.68,0.673077,0.666667,0.614679,0.593407,0.517241,0.681416,0.666667,0.634615,0.533333,0.536842,0.62,0.65,0.557895,0.609524,0.65625,0.692308,0.551402,0.494624,0.544554,0.525253,0.494949,0.60396,0.538462,0.550459,0.583333,0.597826,0.683761,0.686747,0.745098,0.653061,
45000,0.552381,0.621053,0.662921,0.621622,0.663158,0.628571,0.544554,0.616162,0.524752,0.636364,0.670213,0.556604,0.627273,0.6,0.598039,0.55102,0.561905,0.505263,0.596154,0.479167,0.568421,0.619048,0.488095,0.577586,0.517241,0.513274,0.536842,0.638095,0.598039,0.489796,0.712871,0.606061,0.592593,0.586957,0.539326,0.630631,0.673267,0.555556,0.62963,0.588235,0.634615,0.625,0.608696,0.62963,0.565657,0.544554,0.568421,0.638095,0.778947,0.561905,0.581818,0.555556,0.644444,0.590909,0.649485,0.699029,0.585586,0.617978,0.66055,0.692308,0.526316,0.609524,0.629213,0.648649,0.663462,0.604167,0.654762,0.525862,0.543478,0.527778,0.573913,0.529412,0.563107,0.587629,0.594059,0.606061,0.614458,0.589744,0.572816,0.57732,0.657143,0.610526,0.580952,0.684211,0.580952,0.663158,0.623762,0.535354,0.514286,0.631579,0.636364,0.643564,0.642105,0.638095,0.525253,0.524752,0.614679,0.56044,0.483871,0.523364,
45200,0.598039,0.591837,0.62,0.55,0.628571,0.6,0.588889,0.590909,0.7,0.51,0.557692,0.65625,0.632653,0.647059,0.52381,0.684211,0.536842,0.571429,0.676471,0.55102,0.544554,0.555556,0.760417,0.605769,0.602041,0.539216,0.662921,0.603604,0.52,0.54,0.514286,0.631579,0.619048,0.6,0.606061,0.574257,0.683168,0.666667,0.715686,0.632653,0.663717,0.632184,0.536842,0.638095,0.71134,0.582524,0.592233,0.628866,0.6,0.65,0.636364,0.616071,0.561905,0.642105,0.5,0.583333,0.611111,0.554545,0.546296,0.641304,0.613861,0.59596,0.554455,0.585859,0.7,0.522222,0.64486,0.580645,0.695652,0.601852,0.561224,0.558824,0.623762,0.575758,0.579439,0.483871,0.525773,0.631068,0.619565,0.703704,0.527473,0.577982,0.658824,0.582609,0.56701,0.504854,0.58,0.69,0.644231,0.635417,0.663158,0.638095,0.683168,0.686869,0.633929,0.647727,0.56701,0.572816,0.607477,0.645161,
45400,0.626263,0.564356,0.636364,0.555556,0.619048,0.589474,0.632653,0.598039,0.633333,0.609091,0.577982,0.56044,0.594059,0.616162,0.659574,0.641509,0.489796,0.676471,0.604167,0.625,0.574257,0.59596,0.545455,0.5625,0.61,0.63,0.733945,0.626374,0.63964,0.561798,0.614583,0.596154,0.680412,0.708738,0.61,0.54,0.593407,0.541284,0.731183,0.700935,0.564706,0.573913,0.565657,0.663366,0.594059,0.666667,0.54902,0.612245,0.527778,0.641304,0.621359,0.505155,0.521739,0.611765,0.615385,0.5625,0.537037,0.521739,0.571429,0.578947,0.6,0.634783,0.621359,0.670103,0.7,0.511111,0.580952,0.663158,0.57,0.47,0.557895,0.628571,0.56044,0.669725,0.505155,0.514563,0.571429,0.631579,0.60396,0.555556,0.574074,0.684783,0.477778,0.672727,0.571429,0.547368,0.57,0.66,0.616162,0.554455,0.587629,0.61165,0.571429,0.598039,0.63,0.66,0.62,0.45,0.625,0.596154,
45600,0.632075,0.595745,0.582524,0.618557,0.60396,0.585859,0.655914,0.607477,0.659794,0.669903,0.680851,0.566038,0.569767,0.614035,0.525253,0.574257,0.591837,0.607843,0.545455,0.644444,0.59434,0.606383,0.523364,0.516129,0.714286,0.696078,0.633028,0.637363,0.721649,0.650485,0.575758,0.673267,0.535354,0.49505,0.571429,0.547368,0.616822,0.516129,0.605769,0.46875,0.655914,0.598131,0.683168,0.575758,0.6,0.628571,0.539216,0.520408,0.463918,0.572816,0.617021,0.584906,0.711111,0.609091,0.591398,0.616822,0.583333,0.625,0.564356,0.505051,0.57732,0.631068,0.647059,0.663265,0.505882,0.686957,0.574468,0.603774,0.550562,0.576577,0.53125,0.673077,0.52,0.59,0.698113,0.659574,0.626168,0.591398,0.528302,0.56383,0.555556,0.594059,0.594595,0.58427,0.636364,0.653465,0.552632,0.627907,0.663043,0.638889,0.616162,0.623762,0.652174,0.529412,0.587156,0.637363,0.631068,0.628866,0.57732,0.582524,
45800,0.608696,0.592593,0.54,0.56,0.57732,0.592233,0.673267,0.616162,0.648148,0.652174,0.5,0.622642,0.556701,0.650485,0.606061,0.584158,0.604396,0.623853,0.56701,0.601942,0.598131,0.494624,0.612245,0.558824,0.648649,0.52809,0.567308,0.5625,0.601942,0.57732,0.645161,0.551402,0.602041,0.588235,0.728155,0.525773,0.5625,0.605769,0.640449,0.513514,0.590476,0.578947,0.583333,0.634615,0.546296,0.586957,0.648936,0.632075,0.714286,0.6,0.561404,0.55814,0.580952,0.631579,0.644444,0.572727,0.686275,0.653061,0.653846,0.645833,0.597826,0.583333,0.542857,0.515789,0.524752,0.666667,0.666667,0.58427,0.59633,0.703297,0.571429,0.515789,0.625,0.510417,0.567308,0.635417,0.601852,0.652174,0.657143,0.536842,0.540541,0.539326,0.653061,0.666667,0.566265,0.589744,0.621053,0.504762,0.621359,0.670103,0.60396,0.616162,0.574468,0.688679,0.684685,0.651685,0.521277,0.575472,0.536082,0.631068,
46000,0.647059,0.489796,0.623656,0.663551,0.558824,0.530612,0.489362,0.566038,0.539216,0.510204,0.607477,0.698925,0.622449,0.627451,0.580952,0.663158,0.630435,0.62037,0.581633,0.656863,0.569892,0.514019,0.647059,0.683673,0.606742,0.657658,0.59633,0.604396,0.531532,0.561798,0.6,0.618182,0.666667,0.554348,0.585859,0.594059,0.50495,0.616162,0.616162,0.663366,0.649485,0.582524,0.586207,0.571429,0.673077,0.625,0.54321,0.571429,0.55914,0.607477,0.525773,0.563107,0.574257,0.494949,0.684783,0.518519,0.554455,0.676768,0.588235,0.622449,0.712766,0.5,0.555556,0.554455,0.611111,0.554545,0.59434,0.478723,0.603774,0.510638,0.707071,0.534653,0.569892,0.588785,0.59,0.64,0.509804,0.561224,0.609524,0.589474,0.642857,0.539216,0.545455,0.524752,0.623656,0.579439,0.647059,0.591837,0.554455,0.535354,0.730769,0.65625,0.558824,0.581633,0.558824,0.673469,0.642857,0.545455,0.527273,0.688889,
46200,0.504274,0.686747,0.653846,0.65625,0.542056,0.591398,0.581818,0.622222,0.651376,0.648352,0.638095,0.568421,0.589474,0.590476,0.533981,0.505155,0.566038,0.670213,0.598039,0.663265,0.584158,0.656566,0.731183,0.598131,0.572917,0.548077,0.589474,0.609524,0.59633,0.626374,0.732673,0.616162,0.51087,0.518519,0.522523,0.651685,0.690476,0.586207,0.652632,0.628571,0.582418,0.495413,0.567308,0.635417,0.628571,0.589474,0.603448,0.654762,0.554455,0.646465,0.558824,0.612245,0.578431,0.653061,0.706522,0.574074,0.688172,0.542056,0.566038,0.638298,0.677419,0.738318,0.726316,0.533333,0.5625,0.653846,0.580952,0.589474,0.533981,0.628866,0.58,0.63,0.646465,0.613861,0.670213,0.669811,0.505263,0.666667,0.694737,0.638095,0.613861,0.59596,0.592233,0.56701,0.648148,0.586957,0.552381,0.652632,0.597938,0.601942,0.607843,0.540816,0.586538,0.604167,0.649485,0.572816,0.621622,0.617978,0.688073,0.604396,
46400,0.593407,0.59633,0.570175,0.511628,0.635514,0.591398,0.591837,0.568627,0.563107,0.639175,0.631068,0.546392,0.626168,0.623656,0.6875,0.692308,0.617391,0.470588,0.618557,0.514563,0.588235,0.634783,0.57,0.58,0.63,0.64,0.585859,0.643564,0.654206,0.580645,0.67,0.64,0.59,0.63,0.551724,0.637168,0.608696,0.675926,0.546512,0.587719,0.45098,0.561224,0.542056,0.537634,0.566265,0.615385,0.701923,0.614583,0.622449,0.647059,0.556604,0.553191,0.563218,0.637168,0.521277,0.632075,0.588785,0.548387,0.61,0.61,0.617978,0.675676,0.63,0.57,0.62766,0.575472,0.577778,0.581818,0.633929,0.625,0.578431,0.602041,0.50495,0.525253,0.58,0.57,0.630435,0.546296,0.479592,0.637255,0.567308,0.614583,0.592233,0.639175,0.62,0.63,0.635417,0.567308,0.62963,0.529412,0.515464,0.61165,0.618644,0.597561,0.683673,0.568627,0.647059,0.714286,0.646465,0.683168,
46600,0.647059,0.612245,0.670213,0.518868,0.583333,0.586538,0.673684,0.580952,0.472222,0.663043,0.621053,0.638095,0.628866,0.660194,0.63,0.61,0.659794,0.660194,0.536082,0.669903,0.662651,0.581197,0.612903,0.542056,0.715789,0.619048,0.619048,0.578947,0.563107,0.701031,0.457447,0.566038,0.528846,0.614583,0.531915,0.641509,0.5,0.632653,0.582524,0.556701,0.643564,0.616162,0.538462,0.59375,0.568182,0.607143,0.635514,0.55914,0.62766,0.688679,0.633663,0.616162,0.607843,0.734694,0.6,0.64,0.682243,0.505376,0.516484,0.587156,0.603774,0.670213,0.598039,0.642857,0.740385,0.604167,0.650943,0.670213,0.57732,0.679612,0.586538,0.5625,0.656566,0.584158,0.457447,0.632075,0.673469,0.627451,0.715596,0.56044,0.552083,0.605769,0.604651,0.535088,0.642857,0.568627,0.537634,0.579439,0.563107,0.536082,0.640449,0.576577,0.579439,0.602151,0.421569,0.561224,0.663717,0.609195,0.589474,0.514286,
46800,0.72043,0.570093,0.642857,0.637255,0.608696,0.638889,0.528846,0.5,0.697917,0.615385,0.650485,0.57732,0.528846,0.53125,0.571429,0.550459,0.580357,0.579545,0.613861,0.535354,0.636364,0.623762,0.54386,0.651163,0.57732,0.679612,0.615385,0.520833,0.591837,0.558824,0.5,0.632075,0.59633,0.571429,0.615385,0.65625,0.584158,0.555556,0.555556,0.532609,0.676471,0.459184,0.62,0.6,0.581633,0.509804,0.565217,0.555556,0.537634,0.626168,0.513043,0.576471,0.5,0.520833,0.726415,0.648936,0.482143,0.659091,0.611111,0.527273,0.608247,0.495146,0.530973,0.655172,0.5,0.632653,0.479592,0.676471,0.544715,0.571429,0.656863,0.632653,0.601942,0.597938,0.7,0.66,0.564706,0.495652,0.53,0.47,0.516484,0.53211,0.567308,0.625,0.575758,0.574257,0.623932,0.60241,0.576923,0.666667,0.553571,0.534091,0.622642,0.606383,0.647619,0.621053,0.483871,0.64486,0.648936,0.575472,
47000,0.536364,0.722222,0.615385,0.650602,0.546392,0.524272,0.62,0.6,0.581633,0.598039,0.644737,0.508065,0.686869,0.544554,0.648936,0.5,0.642857,0.625,0.648649,0.573034,0.558559,0.640449,0.568421,0.628571,0.575472,0.56383,0.617021,0.566038,0.730769,0.520833,0.627273,0.611111,0.618182,0.566667,0.622449,0.558824,0.568966,0.511905,0.636364,0.688889,0.656566,0.732673,0.685714,0.631579,0.594059,0.69697,0.56383,0.603774,0.65625,0.528846,0.59596,0.663366,0.57732,0.553398,0.547368,0.495238,0.63964,0.662921,0.59375,0.634615,0.511628,0.596491,0.696078,0.602041,0.659574,0.632075,0.546296,0.565217,0.601942,0.597938,0.553571,0.590909,0.612903,0.691589,0.615385,0.604167,0.704762,0.631579,0.58,0.68,0.544444,0.663636,0.574468,0.613208,0.552632,0.523256,0.583333,0.701923,0.553191,0.669811,0.634615,0.708333,0.628571,0.578947,0.7,0.577778,0.637255,0.693878,0.630435,0.694444,
47200,0.607477,0.569892,0.608696,0.611111,0.605505,0.571429,0.627451,0.673469,0.639535,0.631579,0.571429,0.705882,0.531915,0.622642,0.660194,0.56701,0.5625,0.605769,0.69697,0.594059,0.491228,0.604651,0.640449,0.576577,0.541284,0.648352,0.515789,0.609524,0.592233,0.597938,0.706522,0.694444,0.657658,0.662921,0.636364,0.711111,0.594059,0.676768,0.514019,0.612903,0.62,0.74,0.63,0.64,0.57732,0.718447,0.67619,0.6,0.723404,0.528302,0.539326,0.603604,0.747475,0.564356,0.459184,0.598039,0.617021,0.566038,0.660194,0.494845,0.718447,0.701031,0.645833,0.634615,0.6,0.55,0.583333,0.5,0.588235,0.540816,0.467391,0.574074,0.569892,0.579439,0.519231,0.614583,0.635417,0.586538,0.622642,0.585106,0.686869,0.594059,0.602041,0.539216,0.5,0.45098,0.654206,0.623656,0.606061,0.653465,0.561224,0.617647,0.541667,0.528846,0.708333,0.586538,0.56383,0.556604,0.533333,0.642105,
47400,0.591837,0.529412,0.586538,0.645833,0.669903,0.618557,0.635417,0.528846,0.666667,0.561224,0.568966,0.547619,0.55914,0.672897,0.555556,0.643564,0.629213,0.54955,0.623656,0.616822,0.585859,0.594059,0.628571,0.6,0.644231,0.65625,0.606742,0.603604,0.571429,0.715596,0.537634,0.635514,0.481481,0.576087,0.666667,0.602041,0.579439,0.645161,0.554455,0.585859,0.652632,0.609524,0.62766,0.660377,0.590909,0.517857,0.616162,0.663366,0.524272,0.525773,0.623853,0.593407,0.595745,0.613208,0.683168,0.555556,0.546512,0.605263,0.531915,0.603774,0.545455,0.60396,0.640351,0.662791,0.617647,0.581633,0.635417,0.615385,0.669643,0.534091,0.649573,0.686747,0.578947,0.609524,0.613861,0.616162,0.64486,0.516129,0.606383,0.698113,0.653846,0.552083,0.6,0.618182,0.579439,0.634409,0.653061,0.666667,0.504673,0.612903,0.574713,0.663717,0.606061,0.613861,0.584158,0.616162,0.666667,0.557895,0.707547,0.606383,
47600,0.588235,0.612245,0.62766,0.603774,0.552381,0.631579,0.722772,0.616162,0.607843,0.663265,0.572816,0.701031,0.641304,0.638889,0.602273,0.660714,0.551402,0.634409,0.552083,0.586538,0.654762,0.655172,0.584906,0.617021,0.638095,0.684211,0.581633,0.568627,0.537037,0.456522,0.529412,0.44898,0.643564,0.626263,0.533981,0.618557,0.622642,0.648936,0.514851,0.646465,0.486726,0.448276,0.604167,0.596154,0.575758,0.623762,0.54902,0.612245,0.522222,0.609091,0.627119,0.573171,0.490196,0.561224,0.549451,0.651376,0.610526,0.638095,0.586538,0.708333,0.537037,0.608696,0.622807,0.651163,0.572917,0.634615,0.688073,0.637363,0.59292,0.678161,0.521277,0.537736,0.622449,0.588235,0.655914,0.635514,0.641509,0.617021,0.554455,0.59596,0.62,0.66,0.59,0.59,0.594828,0.654762,0.590476,0.610526,0.711111,0.509091,0.617978,0.540541,0.646465,0.514851,0.584158,0.585859,0.643564,0.535354,0.616162,0.60396,
47800,0.635294,0.608696,0.57,0.62,0.544554,0.666667,0.530612,0.647059,0.565574,0.564103,0.590909,0.571429,0.59434,0.638298,0.65,0.62,0.575758,0.623762,0.613208,0.595745,0.676768,0.623762,0.6,0.527273,0.635417,0.528846,0.660377,0.56383,0.598039,0.602041,0.605769,0.625,0.635417,0.625,0.534653,0.565657,0.626263,0.683168,0.622642,0.531915,0.69,0.67,0.64486,0.612903,0.641509,0.638298,0.595506,0.576577,0.574257,0.636364,0.694737,0.571429,0.608247,0.631068,0.646465,0.594059,0.607477,0.634409,0.64486,0.677419,0.655556,0.581818,0.54717,0.510638,0.566038,0.617021,0.637255,0.632653,0.635593,0.512195,0.559633,0.637363,0.648148,0.684783,0.636364,0.553571,0.572816,0.597938,0.573034,0.522523,0.679612,0.57732,0.597938,0.592233,0.591837,0.705882,0.565657,0.534653,0.647619,0.631579,0.678899,0.67033,0.708333,0.605769,0.643564,0.575758,0.538462,0.510417,0.536082,0.601942,
48000,0.631579,0.674419,0.446602,0.731959,0.630435,0.611111,0.625,0.552083,0.573034,0.513514,0.557522,0.609195,0.653061,0.5,0.653846,0.59375,0.623762,0.59596,0.637168,0.597701,0.564356,0.646465,0.525253,0.584158,0.586538,0.635417,0.670213,0.556604,0.494949,0.60396,0.612613,0.685393,0.697674,0.605263,0.623932,0.614458,0.575758,0.514851,0.532609,0.62037,0.59375,0.605769,0.5,0.575472,0.554348,0.638889,0.555556,0.6,0.712766,0.556604,0.606383,0.575472,0.541284,0.615385,0.625,0.677083,0.570093,0.634409,0.552083,0.663462,0.602273,0.616071,0.625,0.677083,0.617647,0.612245,0.607843,0.704082,0.68,0.62,0.584746,0.646341,0.676768,0.60396,0.625,0.634615,0.59,0.59,0.524752,0.656566,0.62069,0.575221,0.635514,0.569892,0.505051,0.60396,0.59434,0.553191,0.52809,0.657658,0.588785,0.526882,0.558559,0.617978,0.579439,0.623656,0.681319,0.669725,0.656566,0.613861,
48200,0.660194,0.587629,0.67,0.59,0.686869,0.564356,0.659091,0.616071,0.56,0.63,0.607477,0.612903,0.588785,0.688172,0.588235,0.622449,0.516129,0.663551,0.541667,0.596154,0.588785,0.612903,0.598039,0.602041,0.541284,0.582418,0.555556,0.75,0.58,0.65,0.617647,0.642857,0.62069,0.566372,0.603774,0.585106,0.64,0.66,0.714286,0.627451,0.553398,0.556701,0.572816,0.639175,0.618557,0.592233,0.603774,0.585106,0.619565,0.592593,0.651376,0.593407,0.666667,0.619565,0.633929,0.5,0.575758,0.653465,0.628866,0.601942,0.60396,0.585859,0.606061,0.60396,0.618557,0.660194,0.626374,0.605505,0.565657,0.633663,0.596154,0.604167,0.522124,0.54023,0.598039,0.612245,0.629213,0.63964,0.616279,0.535088,0.630435,0.611111,0.621359,0.536082,0.609524,0.684211,0.67,0.59,0.648352,0.614679,0.582524,0.536082,0.59375,0.711538,0.625,0.579545,0.625,0.604167,0.660194,0.680412,
48400,0.565657,0.534653,0.532609,0.638889,0.525253,0.574257,0.482456,0.639535,0.537037,0.586957,0.539216,0.653061,0.626263,0.584158,0.568627,0.612245,0.737374,0.60396,0.601852,0.554348,0.574257,0.616162,0.57732,0.572816,0.622449,0.578431,0.638095,0.642105,0.632184,0.584071,0.625,0.678571,0.597826,0.583333,0.63,0.56,0.603774,0.606383,0.65812,0.638554,0.611111,0.652174,0.696078,0.704082,0.656863,0.510204,0.586957,0.601852,0.53271,0.645161,0.621053,0.666667,0.587629,0.553398,0.622449,0.676471,0.619048,0.612069,0.62,0.56,0.597826,0.574074,0.602041,0.588235,0.531915,0.443396,0.638095,0.505263,0.55814,0.587719,0.5625,0.615385,0.608696,0.638889,0.593407,0.605505,0.62037,0.597826,0.678899,0.648352,0.48913,0.62037,0.514851,0.626263,0.574257,0.565657,0.495327,0.623656,0.714286,0.6,0.550459,0.604396,0.588235,0.592593,0.632653,0.54902,0.616071,0.670455,0.642202,0.626374,
48600,0.602151,0.691589,0.537736,0.468085,0.68932,0.515464,0.604167,0.634615,0.635417,0.644231,0.615385,0.495413,0.581633,0.617647,0.586538,0.572917,0.574074,0.641304,0.6875,0.519231,0.571429,0.6,0.660194,0.618557,0.709677,0.598131,0.638095,0.547368,0.64,0.62,0.638095,0.536842,0.571429,0.627451,0.61165,0.56701,0.595745,0.698113,0.54717,0.659574,0.606061,0.584158,0.635417,0.605769,0.611111,0.652174,0.663366,0.69697,0.591837,0.607843,0.593023,0.578947,0.568627,0.55102,0.553191,0.603774,0.64,0.62,0.64,0.62,0.675926,0.630435,0.463158,0.638095,0.594595,0.662921,0.535088,0.55814,0.670886,0.661157,0.627273,0.655556,0.688889,0.663636,0.676768,0.564356,0.585106,0.650943,0.606742,0.603604,0.574257,0.646465,0.565657,0.60396,0.588785,0.580645,0.589474,0.561905,0.46875,0.615385,0.643564,0.69697,0.647059,0.571429,0.579439,0.526882,0.605769,0.53125,0.565657,0.613861,
48800,0.575472,0.606383,0.666667,0.578947,0.552846,0.649351,0.608247,0.533981,0.608247,0.543689,0.611111,0.581818,0.634409,0.64486,0.621053,0.6,0.621053,0.590476,0.614679,0.494505,0.603774,0.553191,0.656566,0.623762,0.534653,0.636364,0.656863,0.602041,0.75,0.52,0.673684,0.561905,0.6875,0.692308,0.716981,0.521277,0.659574,0.462264,0.598039,0.5,0.646018,0.609195,0.535354,0.623762,0.59,0.66,0.640449,0.603604,0.558824,0.602041,0.616162,0.574257,0.598131,0.709677,0.561798,0.531532,0.527273,0.588889,0.6,0.58,0.490566,0.595745,0.623529,0.626087,0.595745,0.575472,0.534483,0.52381,0.589474,0.619048,0.577778,0.618182,0.485149,0.616162,0.515152,0.623762,0.6,0.71,0.61165,0.659794,0.714286,0.568966,0.5625,0.557692,0.57732,0.495146,0.656566,0.564356,0.557692,0.635417,0.544554,0.646465,0.663265,0.568627,0.517544,0.697674,0.677083,0.528846,0.576923,0.614583,
49000,0.606061,0.613861,0.626168,0.677419,0.543689,0.618557,0.707317,0.508475,0.673469,0.637255,0.546512,0.596491,0.633333,0.7,0.536364,0.566667,0.581633,0.568627,0.697917,0.605769,0.579439,0.591398,0.616071,0.556818,0.606061,0.564356,0.588235,0.602041,0.542056,0.537634,0.693069,0.575758,0.547009,0.566265,0.644231,0.614583,0.657143,0.589474,0.598131,0.548387,0.541667,0.692308,0.663158,0.561905,0.639175,0.592233,0.673077,0.666667,0.555556,0.663636,0.67,0.55,0.612245,0.539216,0.62,0.69,0.636364,0.584158,0.647619,0.526316,0.602273,0.589286,0.638889,0.597826,0.702128,0.632075,0.631068,0.587629,0.555556,0.633663,0.541667,0.653846,0.654206,0.55914,0.615385,0.572917,0.528736,0.557522,0.709677,0.691589,0.588235,0.591837,0.582418,0.651376,0.72381,0.631579,0.605505,0.538462,0.621359,0.525773,0.65,0.55,0.580645,0.607477,0.59434,0.56383,0.544554,0.59596,0.611765,0.66087,
49200,0.547009,0.674699,0.6,0.62,0.574468,0.603774,0.706522,0.685185,0.462366,0.700935,0.705882,0.612245,0.678161,0.539823,0.684783,0.592593,0.527473,0.706422,0.550459,0.648352,0.489362,0.603774,0.590476,0.652632,0.65625,0.701923,0.604167,0.682692,0.619048,0.589474,0.649485,0.582524,0.541284,0.56044,0.538462,0.604167,0.601942,0.597938,0.536082,0.631068,0.642857,0.617647,0.688889,0.545455,0.586957,0.611111,0.613208,0.574468,0.639175,0.592233,0.59,0.51,0.531915,0.5,0.6,0.495238,0.631068,0.587629,0.645161,0.579439,0.566038,0.659574,0.642105,0.561905,0.648936,0.669811,0.675676,0.550562,0.569767,0.614035,0.515789,0.628571,0.680851,0.632075,0.645833,0.625,0.59596,0.663366,0.541284,0.637363,0.587629,0.553398,0.652174,0.623529,0.566667,0.609091,0.677083,0.625,0.627907,0.517544,0.612245,0.627451,0.632184,0.575221,0.622642,0.680851,0.557692,0.65625,0.621053,0.580952,
49400,0.63,0.43,0.69,0.61,0.615385,0.604167,0.495238,0.6,0.628866,0.61165,0.626263,0.633663,0.611111,0.654545,0.618557,0.631068,0.561798,0.603604,0.631579,0.704762,0.571429,0.656863,0.591837,0.598039,0.612245,0.578431,0.572727,0.6,0.637931,0.666667,0.582524,0.670103,0.642857,0.54902,0.553398,0.690722,0.5,0.641509,0.554455,0.676768,0.618182,0.644444,0.696078,0.581633,0.546296,0.576087,0.623656,0.485981,0.448598,0.602151,0.596154,0.552083,0.59596,0.683168,0.532609,0.592593,0.573171,0.550847,0.553571,0.590909,0.645161,0.635514,0.567308,0.583333,0.616162,0.613861,0.631068,0.608247,0.495327,0.634409,0.708738,0.556701,0.578431,0.571429,0.695652,0.592593,0.560748,0.569892,0.554348,0.583333,0.632653,0.558824,0.607477,0.645161,0.632075,0.585106,0.587156,0.56044,0.635417,0.634615,0.6,0.608696,0.610619,0.574713,0.622449,0.490196,0.544444,0.618182,0.565657,0.39604,
49600,0.644231,0.552083,0.649485,0.592233,0.666667,0.605769,0.537037,0.663043,0.640449,0.54955,0.637255,0.602041,0.717391,0.657407,0.610526,0.638095,0.651685,0.576577,0.610526,0.704762,0.634615,0.625,0.589474,0.533333,0.515464,0.563107,0.563636,0.544444,0.648352,0.53211,0.616162,0.584158,0.655914,0.579439,0.594059,0.555556,0.660377,0.638298,0.694444,0.630435,0.630435,0.509259,0.565657,0.554455,0.548077,0.677083,0.57,0.52,0.64486,0.645161,0.583333,0.605769,0.581633,0.588235,0.657658,0.561798,0.653465,0.555556,0.534653,0.555556,0.568807,0.472527,0.670103,0.61165,0.606061,0.544554,0.656863,0.744898,0.605769,0.65625,0.663551,0.483871,0.613208,0.468085,0.5625,0.644231,0.61,0.53,0.654545,0.555556,0.581633,0.519608,0.659574,0.641509,0.662651,0.478632,0.646018,0.62069,0.642857,0.598039,0.666667,0.547368,0.570093,0.655914,0.669903,0.639175,0.634409,0.588785,0.641304,0.722222,
49800,0.53,0.66,0.597826,0.648148,0.638889,0.684783,0.59596,0.584158,0.568807,0.648352,0.638095,0.663158,0.561905,0.505263,0.6,0.54,0.659574,0.641509,0.594059,0.626263,0.705882,0.678261,0.623762,0.707071,0.622449,0.588235,0.539216,0.561224,0.645161,0.542056,0.604167,0.586538,0.626168,0.591398,0.696629,0.612613,0.645161,0.672897,0.648936,0.650943,0.65812,0.638554,0.534483,0.571429,0.625,0.572917,0.585106,0.622642,0.536082,0.495146,0.660377,0.62766,0.590909,0.526786,0.59375,0.625,0.655914,0.53271,0.58,0.62,0.6,0.652632,0.607477,0.602151,0.588235,0.663265,0.585859,0.653465,0.61,0.68,0.642105,0.638095,0.626263,0.60396,0.625,0.615385,0.678899,0.593407,0.60396,0.555556,0.472222,0.630435,0.6,0.590476,0.6,0.589474,0.466667,0.557895,0.634615,0.666667,0.584158,0.646465,0.537037,0.554348,0.602151,0.607477,0.609524,0.621053,0.659574,0.509434,
50000,0.626263,0.594059,0.603774,0.56383,0.572917,0.615385,0.613208,0.648936,0.565217,0.601852,0.612245,0.647059,0.565217,0.576471,0.586538,0.59375,0.546392,0.601942,0.56044,0.568807,0.494949,0.643564,0.626087,0.494118,0.6875,0.615385,0.586538,0.697917,0.576087,0.685185,0.623762,0.646465,0.494505,0.697248,0.516484,0.642202,0.49,0.54,0.532609,0.657407,0.673469,0.568627,0.648148,0.565217,0.638889,0.641304,0.617647,0.55102,0.68,0.63,0.565657,0.613861,0.542553,0.556604,0.623656,0.588785,0.613861,0.535354,0.61,0.61,0.575221,0.597701,0.561224,0.627451,0.632653,0.647059,0.588235,0.540816,0.62766,0.632075,0.568627,0.571429,0.568807,0.582418,0.572816,0.608247,0.648936,0.59434,0.629213,0.567568,0.617647,0.571429,0.617021,0.603774,0.65,0.6,0.578947,0.638095,0.52809,0.720721,0.632075,0.585106,0.515152,0.435644,0.585859,0.554455,0.588235,0.581633,0.580952,0.621053,
50200,0.731959,0.514563,0.524752,0.535354,0.619048,0.473684,0.714286,0.617647,0.678261,0.647059,0.516129,0.560748,0.656566,0.633663,0.628571,0.6,0.510638,0.584906,0.542857,0.652632,0.54717,0.606383,0.582609,0.6,0.627273,0.522222,0.613208,0.659574,0.579545,0.5625,0.644444,0.663636,0.717647,0.547826,0.644231,0.53125,0.613208,0.659574,0.608247,0.61165,0.563107,0.659794,0.50495,0.515152,0.693878,0.607843,0.560748,0.569892,0.638095,0.642105,0.651786,0.636364,0.643564,0.616162,0.638095,0.578947,0.636364,0.633333,0.557692,0.53125,0.614458,0.555556,0.627119,0.658537,0.594059,0.666667,0.54,0.62,0.490385,0.666667,0.63964,0.640449,0.564356,0.646465,0.495575,0.655172,0.67619,0.568421,0.66,0.59,0.638298,0.716981,0.626374,0.66055,0.475728,0.670103,0.686869,0.623762,0.66,0.56,0.60396,0.707071,0.617391,0.647059,0.60177,0.666667,0.59434,0.617021,0.616822,0.602151,
50400,0.641509,0.606383,0.598039,0.55102,0.631579,0.581395,0.614035,0.651163,0.658824,0.643478,0.534653,0.616162,0.623762,0.555556,0.607843,0.571429,0.595506,0.675676,0.574257,0.555556,0.648936,0.575472,0.609756,0.601695,0.582609,0.541176,0.676768,0.574257,0.609091,0.666667,0.570175,0.662791,0.614035,0.72093,0.68,0.65,0.585106,0.613208,0.584158,0.575758,0.603774,0.542553,0.565217,0.638889,0.552632,0.616279,0.534653,0.646465,0.672727,0.566667,0.60396,0.535354,0.655556,0.654545,0.606383,0.59434,0.634615,0.614583,0.701149,0.584071,0.547619,0.517241,0.690722,0.61165,0.555556,0.574257,0.585106,0.622642,0.563636,0.566667,0.563636,0.6,0.555556,0.643564,0.526882,0.607477,0.717172,0.60396,0.613861,0.525253,0.660377,0.680851,0.488889,0.627273,0.538462,0.642202,0.55914,0.607477,0.6,0.542857,0.54,0.69,0.645833,0.653846,0.49505,0.646465,0.657407,0.641304,0.554455,0.585859,
50600,0.686275,0.602041,0.595745,0.54717,0.61,0.67,0.691489,0.679245,0.611111,0.630435,0.627451,0.540816,0.542056,0.655914,0.48,0.67,0.472222,0.554348,0.563107,0.608247,0.588785,0.602151,0.505155,0.592233,0.703297,0.587156,0.584158,0.545455,0.617978,0.630631,0.640449,0.558559,0.659574,0.641509,0.696078,0.612245,0.564706,0.626087,0.567308,0.583333,0.574257,0.565657,0.554348,0.546296,0.6,0.57,0.608247,0.582524,0.701923,0.59375,0.62,0.7,0.669903,0.597938,0.656863,0.561224,0.585859,0.683168,0.669811,0.670213,0.588235,0.617391,0.604167,0.548077,0.628866,0.524272,0.59,0.68,0.58,0.42,0.571429,0.610526,0.588235,0.561224,0.522523,0.662921,0.5625,0.596154,0.529412,0.581633,0.677778,0.554545,0.554217,0.666667,0.663462,0.729167,0.670213,0.584906,0.609524,0.568421,0.47,0.56,0.677083,0.596154,0.567568,0.685393,0.607843,0.602041,0.618557,0.572816,
50800,0.686869,0.594059,0.555556,0.60396,0.590476,0.631579,0.681818,0.677778,0.646465,0.60396,0.64,0.536,0.546296,0.586957,0.570093,0.612903,0.55,0.53,0.547368,0.542857,0.616279,0.596491,0.6,0.628571,0.588235,0.632653,0.605505,0.527473,0.65,0.47,0.625,0.586538,0.697917,0.557692,0.608696,0.574074,0.626263,0.574257,0.612903,0.570093,0.642857,0.568627,0.592233,0.484536,0.613208,0.606383,0.714286,0.59633,0.631579,0.627907,0.627451,0.622449,0.660194,0.639175,0.648936,0.584906,0.542553,0.641509,0.56701,0.592233,0.613861,0.606061,0.646465,0.594059,0.592233,0.515464,0.630435,0.62963,0.689655,0.486726,0.598039,0.581633,0.5,0.622449,0.598131,0.645161,0.622449,0.568627,0.607843,0.622449,0.606061,0.574257,0.548077,0.604167,0.614583,0.615385,0.619048,0.673684,0.586538,0.666667,0.423077,0.645833,0.569892,0.635514,0.605505,0.659341,0.633663,0.575758,0.555556,0.623762,
51000,0.597938,0.572816,0.641304,0.601852,0.537736,0.510638,0.54902,0.632653,0.736842,0.609524,0.556604,0.606383,0.576087,0.611111,0.486957,0.623529,0.554455,0.575758,0.55914,0.504673,0.597826,0.62037,0.555556,0.641304,0.598039,0.653061,0.65,0.59,0.550562,0.648649,0.527778,0.652174,0.707071,0.673267,0.602151,0.53271,0.5625,0.663462,0.62,0.61,0.631579,0.580952,0.597826,0.574074,0.601942,0.597938,0.553191,0.575472,0.618557,0.699029,0.540816,0.568627,0.634409,0.682243,0.616162,0.683168,0.55,0.6,0.621053,0.580952,0.57732,0.514563,0.652632,0.561905,0.464646,0.663366,0.632075,0.62766,0.648352,0.587156,0.582524,0.670103,0.635514,0.655914,0.6,0.7,0.582524,0.515464,0.619469,0.62069,0.714286,0.625,0.565657,0.514851,0.495238,0.642105,0.65625,0.673077,0.69,0.55,0.629213,0.612613,0.613861,0.676768,0.612245,0.588235,0.635417,0.663462,0.571429,0.578947,
51200,0.606383,0.622642,0.52381,0.551724,0.585106,0.584906,0.654545,0.666667,0.672897,0.612903,0.701923,0.614583,0.514851,0.59596,0.576577,0.573034,0.602273,0.571429,0.591837,0.686275,0.623762,0.656566,0.622449,0.627451,0.690722,0.669903,0.528302,0.521277,0.635514,0.612903,0.637255,0.632653,0.622449,0.539216,0.641304,0.592593,0.644231,0.614583,0.6,0.6,0.63,0.58,0.578947,0.590476,0.647619,0.484211,0.635417,0.634615,0.586538,0.65625,0.581633,0.539216,0.586957,0.583333,0.632653,0.558824,0.594595,0.505618,0.680412,0.563107,0.615385,0.623853,0.518868,0.542553,0.514019,0.591398,0.585106,0.613208,0.604167,0.519231,0.58,0.61,0.581818,0.611111,0.649485,0.592233,0.676471,0.714286,0.602151,0.64486,0.647059,0.695652,0.616822,0.55914,0.5,0.675926,0.73,0.6,0.617647,0.653061,0.546296,0.663043,0.639175,0.61165,0.707071,0.653465,0.634409,0.626168,0.610526,0.580952,
51400,0.685393,0.576577,0.589286,0.704545,0.588785,0.526882,0.652632,0.6,0.690722,0.592233,0.65,0.61,0.555556,0.532609,0.613861,0.525253,0.627273,0.511111,0.625,0.548077,0.585106,0.603774,0.625,0.693182,0.529412,0.581633,0.57,0.64,0.612245,0.617647,0.527778,0.608696,0.592593,0.641304,0.601942,0.56701,0.587719,0.581395,0.544554,0.545455,0.567308,0.666667,0.6,0.578947,0.698925,0.514019,0.686869,0.574257,0.714286,0.617647,0.513761,0.615385,0.555556,0.643564,0.57,0.55,0.6,0.72381,0.523364,0.612903,0.67,0.63,0.648936,0.575472,0.601942,0.608247,0.637363,0.587156,0.552381,0.568421,0.505051,0.514851,0.548387,0.588785,0.565657,0.623762,0.577982,0.494505,0.585106,0.566038,0.742857,0.505263,0.568421,0.609524,0.461538,0.688073,0.619565,0.666667,0.656566,0.643564,0.582524,0.670103,0.650943,0.62766,0.647059,0.663265,0.621053,0.590476,0.632184,0.575221,
51600,0.571429,0.587156,0.581395,0.614035,0.62963,0.576087,0.59,0.58,0.60396,0.616162,0.561905,0.610526,0.473684,0.561905,0.604167,0.548077,0.583333,0.586957,0.602151,0.635514,0.626168,0.645161,0.709677,0.607477,0.563025,0.62963,0.554455,0.565657,0.587629,0.708738,0.609524,0.684211,0.61165,0.57732,0.474227,0.524272,0.659341,0.669725,0.5625,0.625,0.505155,0.504854,0.564815,0.5,0.63964,0.550562,0.571429,0.607843,0.543689,0.56701,0.564356,0.585859,0.666667,0.662921,0.633333,0.690909,0.633333,0.636364,0.534653,0.626263,0.606742,0.54955,0.622222,0.663636,0.589474,0.590476,0.563636,0.688889,0.622642,0.585106,0.591837,0.637255,0.524752,0.555556,0.53125,0.682692,0.612903,0.654206,0.52809,0.657658,0.684685,0.617978,0.556701,0.582524,0.627907,0.657895,0.571429,0.587156,0.757282,0.546392,0.591398,0.616822,0.626263,0.732673,0.588785,0.698925,0.679612,0.639175,0.558824,0.591837,
51800,0.623656,0.626168,0.538462,0.577982,0.685185,0.630435,0.597938,0.650485,0.605263,0.593023,0.625,0.534091,0.561798,0.54955,0.622642,0.542553,0.542857,0.621053,0.573913,0.552941,0.642857,0.607843,0.602273,0.642857,0.572917,0.519231,0.531915,0.603774,0.575758,0.653465,0.592233,0.639175,0.612245,0.558824,0.652632,0.590476,0.685185,0.706522,0.534653,0.616162,0.648936,0.641509,0.547368,0.580952,0.648936,0.59434,0.616822,0.602151,0.666667,0.692308,0.564815,0.597826,0.505618,0.585586,0.596154,0.65625,0.535354,0.633663,0.625,0.616071,0.730769,0.635417,0.561224,0.568627,0.657143,0.421053,0.571429,0.568627,0.555556,0.590909,0.604167,0.596154,0.557895,0.619048,0.5,0.677778,0.585859,0.524752,0.568627,0.653061,0.673469,0.578431,0.604167,0.605769,0.625,0.730769,0.564815,0.641304,0.675926,0.663043,0.553398,0.556701,0.515789,0.695238,0.57,0.59,0.747475,0.623762,0.673469,0.54902,
52000,0.678571,0.647727,0.479167,0.625,0.53012,0.641026,0.597826,0.537037,0.585106,0.650943,0.662791,0.587719,0.563107,0.608247,0.515464,0.543689,0.552083,0.576923,0.607477,0.634409,0.630435,0.638889,0.641304,0.611111,0.542056,0.634409,0.62766,0.490566,0.602151,0.570093,0.581633,0.607843,0.581633,0.54902,0.59375,0.615385,0.675676,0.573034,0.591398,0.616822,0.357895,0.52381,0.453608,0.485437,0.647619,0.505263,0.636364,0.644444,0.625,0.59375,0.635294,0.556522,0.579439,0.634409,0.630631,0.561798,0.714286,0.625,0.657407,0.576087,0.612245,0.578431,0.588889,0.527273,0.584158,0.535354,0.547368,0.590476,0.653465,0.525253,0.625,0.604167,0.6,0.577778,0.593407,0.559633,0.616822,0.645161,0.447917,0.653846,0.71,0.64,0.557692,0.583333,0.648148,0.684783,0.6,0.588889,0.634615,0.635417,0.578313,0.641026,0.526882,0.560748,0.585106,0.603774,0.544444,0.6,0.523364,0.677419,
52200,0.67033,0.541284,0.616162,0.564356,0.633663,0.59596,0.602151,0.654206,0.719626,0.731183,0.61,0.52,0.54023,0.690265,0.522523,0.539326,0.557895,0.580952,0.56,0.56,0.494949,0.534653,0.636364,0.564356,0.486239,0.505495,0.53125,0.461538,0.616162,0.693069,0.527778,0.695652,0.628319,0.517241,0.542553,0.650943,0.54902,0.653061,0.587629,0.543689,0.56701,0.669903,0.663265,0.627451,0.589474,0.647619,0.612245,0.637255,0.714286,0.669725,0.489583,0.625,0.55,0.65,0.526316,0.685714,0.59,0.68,0.55102,0.617647,0.595506,0.603604,0.546296,0.554348,0.520408,0.568627,0.621622,0.674157,0.617978,0.567568,0.616071,0.602273,0.518182,0.611111,0.557692,0.520833,0.581633,0.539216,0.552941,0.652174,0.723404,0.556604,0.617021,0.632075,0.583333,0.769231,0.576471,0.652174,0.592233,0.597938,0.59633,0.67033,0.647059,0.581633,0.607143,0.62069,0.63,0.61,0.591837,0.578431,
52400,0.673469,0.598039,0.676768,0.60396,0.565217,0.583333,0.555556,0.653465,0.616162,0.544554,0.533333,0.6,0.556604,0.670213,0.596154,0.677083,0.705128,0.516393,0.510417,0.644231,0.677778,0.609091,0.505882,0.626087,0.588785,0.623656,0.57,0.58,0.691489,0.688679,0.65625,0.615385,0.621622,0.595506,0.576923,0.614583,0.5625,0.625,0.554455,0.69697,0.622449,0.598039,0.522523,0.539326,0.596154,0.677083,0.612245,0.607843,0.684211,0.685714,0.53125,0.653846,0.647619,0.694737,0.606383,0.632075,0.619048,0.652632,0.649573,0.674699,0.591398,0.635514,0.642105,0.552381,0.583333,0.5,0.628866,0.631068,0.550459,0.582418,0.556701,0.650485,0.556604,0.62766,0.612613,0.494382,0.622642,0.648936,0.529412,0.510204,0.606061,0.514851,0.606061,0.693069,0.539216,0.612245,0.636364,0.677778,0.723404,0.632075,0.611111,0.543478,0.46789,0.615385,0.54717,0.617021,0.592593,0.565217,0.568627,0.602041,
52600,0.546512,0.622807,0.534653,0.575758,0.574257,0.626263,0.594059,0.636364,0.699029,0.690722,0.57,0.58,0.608247,0.601942,0.573034,0.612613,0.6,0.561905,0.591398,0.542056,0.514286,0.494737,0.54902,0.673469,0.669811,0.659574,0.5,0.632075,0.616822,0.634409,0.676471,0.663265,0.597938,0.592233,0.509615,0.53125,0.597826,0.574074,0.663265,0.627451,0.633663,0.666667,0.659341,0.59633,0.639175,0.660194,0.569892,0.579439,0.591398,0.654206,0.571429,0.666667,0.657658,0.595506,0.653465,0.585859,0.59,0.65,0.615385,0.614583,0.617021,0.632075,0.688073,0.516484,0.531915,0.584906,0.614583,0.576923,0.538462,0.604167,0.645161,0.616822,0.578947,0.604651,0.594059,0.535354,0.59596,0.574257,0.566038,0.478723,0.632075,0.510638,0.504762,0.536842,0.655172,0.690265,0.649485,0.572816,0.673469,0.54902,0.670213,0.707547,0.663265,0.656863,0.616162,0.584158,0.648936,0.537736,0.647727,0.723214,
52800,0.673267,0.59596,0.563636,0.622222,0.563636,0.622222,0.575758,0.712871,0.647619,0.6,0.573034,0.585586,0.403846,0.541667,0.555556,0.574257,0.553191,0.566038,0.551402,0.580645,0.591837,0.54902,0.639175,0.621359,0.583333,0.548077,0.589474,0.514286,0.646552,0.52381,0.602151,0.616822,0.628866,0.446602,0.648936,0.613208,0.701031,0.68932,0.616162,0.544554,0.524272,0.587629,0.576087,0.574074,0.614583,0.528846,0.59375,0.576923,0.626168,0.634409,0.7125,0.575,0.663043,0.592593,0.583333,0.554348,0.521739,0.574074,0.52,0.61,0.574468,0.613208,0.676471,0.55102,0.53,0.52,0.677419,0.64486,0.653061,0.558824,0.605769,0.708333,0.567308,0.604167,0.659574,0.566038,0.586207,0.557522,0.542857,0.6,0.6875,0.634615,0.539216,0.663265,0.545455,0.5625,0.604651,0.710526,0.633663,0.676768,0.62963,0.652174,0.542056,0.666667,0.564356,0.69697,0.638095,0.536842,0.71,0.66,
53000,0.660194,0.680412,0.538462,0.552083,0.655914,0.663551,0.594059,0.727273,0.651163,0.631579,0.663636,0.544444,0.568421,0.580952,0.531532,0.494382,0.574468,0.462264,0.518987,0.504132,0.571429,0.568966,0.608247,0.61165,0.586207,0.5,0.558824,0.571429,0.58,0.65,0.588235,0.693878,0.685185,0.608696,0.58871,0.631579,0.71875,0.557692,0.642202,0.527473,0.571429,0.6,0.621053,0.561905,0.712871,0.535354,0.602273,0.535714,0.659794,0.61165,0.635417,0.634615,0.609524,0.578947,0.691489,0.726415,0.586957,0.583333,0.576471,0.53913,0.63,0.62,0.654206,0.602151,0.557895,0.695238,0.552083,0.615385,0.538462,0.623853,0.558824,0.704082,0.587629,0.572816,0.627451,0.540816,0.457944,0.623656,0.494253,0.60177,0.626374,0.66055,0.587629,0.553398,0.578431,0.653061,0.636364,0.623762,0.534653,0.555556,0.536082,0.669903,0.616822,0.591398,0.533981,0.628866,0.612903,0.560748,0.538462,0.583333,
53200,0.703297,0.568807,0.612903,0.71028,0.621053,0.561905,0.604651,0.614035,0.544444,0.609091,0.510638,0.584906,0.453608,0.563107,0.586957,0.564815,0.583333,0.557692,0.520408,0.617647,0.663158,0.638095,0.596154,0.59375,0.536082,0.533981,0.605769,0.583333,0.59596,0.673267,0.642105,0.67619,0.564356,0.585859,0.575472,0.606383,0.657143,0.568421,0.481132,0.638298,0.592593,0.576087,0.59,0.5,0.515152,0.613861,0.570093,0.602151,0.691489,0.641509,0.585859,0.584158,0.636364,0.633929,0.553398,0.597938,0.581633,0.539216,0.62963,0.597826,0.59596,0.554455,0.615385,0.53125,0.634409,0.672897,0.640449,0.63964,0.621359,0.546392,0.566038,0.691489,0.53,0.65,0.59633,0.516484,0.534653,0.575758,0.504505,0.696629,0.636364,0.712871,0.660194,0.659794,0.605505,0.637363,0.641509,0.648936,0.556701,0.582524,0.704082,0.627451,0.574468,0.650943,0.571429,0.589474,0.672727,0.788889,0.686869,0.633663,
53400,0.645833,0.567308,0.584158,0.545455,0.581633,0.637255,0.642857,0.588235,0.598039,0.591837,0.653846,0.572917,0.461538,0.623853,0.614583,0.653846,0.56383,0.575472,0.54902,0.673469,0.553398,0.597938,0.623529,0.626087,0.647059,0.653061,0.543478,0.648148,0.686869,0.613861,0.567568,0.58427,0.701923,0.510417,0.547368,0.552381,0.641509,0.617021,0.663462,0.635417,0.614583,0.576923,0.626263,0.60396,0.591837,0.509804,0.584071,0.517241,0.576577,0.617978,0.589474,0.647619,0.628571,0.494737,0.633028,0.648352,0.604396,0.66055,0.606061,0.60396,0.557692,0.65625,0.647059,0.591304,0.647059,0.571429,0.621053,0.590476,0.584158,0.575758,0.583333,0.519231,0.505376,0.682243,0.570175,0.674419,0.583333,0.596154,0.555556,0.554455,0.652174,0.574074,0.607843,0.602041,0.486957,0.635294,0.613208,0.617021,0.643678,0.646018,0.54717,0.702128,0.586538,0.625,0.7,0.54,0.55102,0.578431,0.662921,0.63964,
53600,0.688073,0.681319,0.61165,0.57732,0.597938,0.543689,0.528846,0.770833,0.581633,0.637255,0.615385,0.53125,0.58,0.58,0.631579,0.580952,0.564706,0.556522,0.66055,0.538462,0.5,0.580357,0.52809,0.666667,0.556604,0.489362,0.476636,0.537634,0.487179,0.590361,0.578947,0.533333,0.57732,0.495146,0.572917,0.567308,0.5625,0.556818,0.592233,0.556701,0.533333,0.590909,0.621359,0.587629,0.55,0.61,0.621053,0.6,0.63,0.66,0.652632,0.609524,0.578947,0.628571,0.570093,0.709677,0.539216,0.642857,0.682353,0.53913,0.576087,0.62963,0.614679,0.637363,0.525253,0.584158,0.596154,0.541667,0.587629,0.514563,0.563636,0.644444,0.543689,0.597938,0.695238,0.578947,0.648936,0.603774,0.633663,0.565657,0.657407,0.576087,0.646465,0.554455,0.534653,0.626263,0.684932,0.559055,0.606061,0.564356,0.568421,0.590476,0.52,0.65,0.628866,0.621359,0.557522,0.609195,0.511111,0.572727,
53800,0.6,0.58,0.643564,0.585859,0.585106,0.490566,0.61,0.56,0.621359,0.608247,0.621359,0.618557,0.473118,0.542056,0.566372,0.574713,0.628571,0.557895,0.553191,0.632075,0.648148,0.456522,0.619048,0.757895,0.586538,0.53125,0.538462,0.53211,0.531532,0.573034,0.530973,0.609195,0.692308,0.479167,0.621359,0.690722,0.605769,0.677083,0.554348,0.583333,0.530612,0.480392,0.62037,0.532609,0.7,0.522222,0.660714,0.590909,0.633663,0.656566,0.6,0.619048,0.614583,0.75,0.554455,0.626263,0.623762,0.636364,0.656566,0.683168,0.708333,0.548077,0.619048,0.526316,0.659794,0.660194,0.586957,0.518519,0.554545,0.622222,0.651376,0.549451,0.523364,0.666667,0.615385,0.666667,0.598039,0.510204,0.588785,0.591398,0.645833,0.634615,0.554348,0.583333,0.536082,0.669903,0.654867,0.597701,0.603604,0.573034,0.582418,0.522936,0.643564,0.676768,0.650943,0.617021,0.580645,0.64486,0.630435,0.648148,
54000,0.650485,0.536082,0.670588,0.582609,0.594595,0.573034,0.683168,0.656566,0.673267,0.666667,0.598214,0.647727,0.5,0.64,0.65625,0.625,0.57732,0.533981,0.538462,0.541284,0.613861,0.515152,0.579439,0.634409,0.62,0.62,0.548077,0.604167,0.685393,0.657658,0.681319,0.568807,0.739583,0.605769,0.666667,0.536364,0.590909,0.577778,0.66055,0.472527,0.574257,0.555556,0.647059,0.561224,0.61,0.54,0.607843,0.591837,0.684685,0.685393,0.535354,0.633663,0.563218,0.654867,0.56383,0.688679,0.518182,0.633333,0.638095,0.652632,0.715686,0.510204,0.637255,0.602041,0.528846,0.645833,0.601942,0.649485,0.588235,0.479592,0.64,0.63,0.558824,0.653061,0.591398,0.672897,0.673267,0.515152,0.55914,0.672897,0.61,0.62,0.56,0.6,0.548077,0.666667,0.563218,0.663717,0.717172,0.574257,0.648352,0.568807,0.676471,0.642857,0.59434,0.691489,0.556604,0.680851,0.635294,0.634783,
54200,0.544444,0.636364,0.572917,0.509615,0.602041,0.558824,0.625,0.625,0.666667,0.644231,0.558824,0.581633,0.489362,0.528302,0.608247,0.601942,0.605042,0.62963,0.545455,0.666667,0.622642,0.680851,0.58,0.64,0.549451,0.614679,0.586957,0.564815,0.612245,0.607843,0.715909,0.625,0.647059,0.571429,0.71875,0.557692,0.614583,0.557692,0.67,0.62,0.542857,0.578947,0.561224,0.578431,0.428571,0.559633,0.595238,0.646552,0.626374,0.66055,0.625,0.572917,0.583333,0.625,0.625,0.567308,0.635417,0.673077,0.627273,0.577778,0.669811,0.510638,0.697917,0.548077,0.642202,0.527473,0.574468,0.622642,0.534884,0.587719,0.659574,0.584906,0.612245,0.598039,0.679245,0.606383,0.54902,0.561224,0.628571,0.663158,0.631579,0.571429,0.608247,0.592233,0.568627,0.693878,0.649485,0.563107,0.612245,0.54902,0.645833,0.653846,0.619048,0.62931,0.61165,0.649485,0.582524,0.587629,0.57,0.67,
54400,0.635514,0.516129,0.574468,0.632075,0.52381,0.536842,0.53,0.6,0.56383,0.575472,0.613636,0.598214,0.522727,0.526786,0.606061,0.524752,0.55914,0.616822,0.509259,0.48913,0.666667,0.591837,0.575221,0.724138,0.597938,0.582524,0.5,0.479167,0.604396,0.614679,0.642857,0.588235,0.630631,0.550562,0.648936,0.54717,0.679612,0.628866,0.579439,0.612903,0.642857,0.598039,0.56,0.63,0.673684,0.580952,0.606742,0.630631,0.616162,0.623762,0.581633,0.54902,0.639175,0.708738,0.587156,0.604396,0.538462,0.715596,0.62963,0.619565,0.69,0.48,0.605263,0.593023,0.536082,0.504854,0.653061,0.637255,0.660194,0.463918,0.638554,0.683761,0.56,0.62,0.59633,0.494505,0.5625,0.605769,0.575472,0.574468,0.637255,0.683673,0.547368,0.609524,0.625,0.715909,0.625,0.673077,0.680412,0.592233,0.598131,0.623656,0.594595,0.662921,0.455696,0.702479,0.553571,0.693182,0.598131,0.612903,
54600,0.647619,0.536842,0.628571,0.536842,0.577778,0.627273,0.633929,0.625,0.617647,0.602041,0.677083,0.576923,0.537634,0.626168,0.567308,0.65625,0.690722,0.592233,0.53125,0.644231,0.573034,0.594595,0.556818,0.544643,0.602151,0.495327,0.612903,0.53271,0.615385,0.550459,0.69697,0.653465,0.715909,0.6875,0.698925,0.579439,0.682243,0.612903,0.680412,0.533981,0.606383,0.54717,0.663551,0.645161,0.588889,0.518182,0.55914,0.570093,0.711712,0.606742,0.64,0.63,0.597938,0.669903,0.642202,0.626374,0.564356,0.646465,0.591398,0.598131,0.494253,0.646018,0.59,0.59,0.572727,0.611111,0.586207,0.535714,0.58,0.62,0.653846,0.604167,0.631068,0.546392,0.573034,0.657658,0.517857,0.613636,0.536842,0.657143,0.6,0.552381,0.62766,0.622642,0.584906,0.712766,0.617647,0.642857,0.609091,0.633333,0.561905,0.673684,0.662791,0.675439,0.605263,0.674419,0.606383,0.613208,0.5,0.622222,
54800,0.761905,0.568421,0.513043,0.623529,0.592233,0.57732,0.618557,0.640777,0.583333,0.567308,0.633333,0.509091,0.533981,0.597938,0.557692,0.625,0.55,0.61,0.515152,0.594059,0.589474,0.552381,0.596154,0.635417,0.504425,0.655172,0.494949,0.633663,0.575758,0.673267,0.613861,0.626263,0.55102,0.529412,0.531532,0.617978,0.622449,0.54902,0.55914,0.635514,0.554545,0.7,0.521739,0.564815,0.56,0.66,0.540541,0.58427,0.596154,0.625,0.59,0.61,0.592593,0.673913,0.67619,0.673684,0.613208,0.62766,0.673267,0.535354,0.571429,0.663158,0.666667,0.586957,0.556701,0.475728,0.582524,0.659794,0.6,0.572727,0.580952,0.610526,0.4,0.568421,0.611111,0.597826,0.590476,0.578947,0.526316,0.580952,0.693694,0.674157,0.561798,0.603604,0.744444,0.663636,0.628319,0.586207,0.55914,0.682243,0.54955,0.52809,0.65,0.63,0.644444,0.663636,0.537634,0.663551,0.54,0.6,
55000,0.688073,0.604396,0.5625,0.663462,0.53,0.64,0.617647,0.642857,0.563218,0.610619,0.580645,0.542056,0.536364,0.644444,0.541667,0.557692,0.598131,0.634409,0.58,0.6,0.583333,0.608696,0.606061,0.613861,0.568182,0.607143,0.615385,0.66055,0.597826,0.731481,0.520408,0.676471,0.712963,0.608696,0.5625,0.711538,0.601852,0.728261,0.590909,0.669643,0.573034,0.612613,0.62,0.68,0.644231,0.53125,0.541176,0.634783,0.595506,0.612613,0.50495,0.616162,0.631579,0.590476,0.57732,0.601942,0.652174,0.62037,0.576087,0.62963,0.516854,0.576577,0.701923,0.697917,0.608696,0.537037,0.592233,0.556701,0.591837,0.656863,0.652632,0.533333,0.585106,0.575472,0.598039,0.561224,0.67,0.48,0.59596,0.50495,0.616162,0.594059,0.561905,0.526316,0.571429,0.694737,0.576923,0.78125,0.706422,0.648352,0.515152,0.613861,0.638554,0.632479,0.56383,0.622642,0.551724,0.637168,0.49505,0.717172,
55200,0.656566,0.564356,0.622807,0.511628,0.630435,0.62037,0.615385,0.651376,0.685185,0.608696,0.563107,0.56701,0.521277,0.556604,0.583333,0.652174,0.574468,0.54717,0.60396,0.626263,0.675926,0.565217,0.583333,0.644231,0.545455,0.524752,0.61,0.57,0.588235,0.581633,0.577778,0.672727,0.673469,0.54902,0.628571,0.589474,0.576087,0.62037,0.635417,0.605769,0.5,0.528846,0.538462,0.495413,0.574257,0.565657,0.494624,0.560748,0.622449,0.588235,0.59375,0.586538,0.631579,0.628571,0.628571,0.757895,0.584906,0.62766,0.593407,0.623853,0.622449,0.509804,0.537634,0.560748,0.568627,0.602041,0.632075,0.606383,0.578431,0.581633,0.568627,0.612245,0.61,0.57,0.596154,0.572917,0.635417,0.625,0.605769,0.614583,0.7,0.61,0.525773,0.660194,0.47619,0.705263,0.617647,0.612245,0.528846,0.572917,0.590476,0.589474,0.612245,0.627451,0.67619,0.621053,0.604396,0.678899,0.604167,0.596154,
55400,0.72449,0.617647,0.569892,0.672897,0.59375,0.548077,0.520833,0.692308,0.666667,0.627907,0.64486,0.623656,0.601852,0.652174,0.617647,0.571429,0.6,0.582609,0.528302,0.648936,0.673077,0.5,0.640351,0.534884,0.597938,0.475728,0.612245,0.617647,0.631579,0.72381,0.49,0.63,0.623762,0.636364,0.541176,0.547826,0.594059,0.59596,0.568421,0.6,0.590476,0.610526,0.464646,0.564356,0.578947,0.533333,0.550459,0.56044,0.681818,0.566667,0.56383,0.566038,0.568807,0.615385,0.542857,0.568421,0.554348,0.722222,0.677778,0.590909,0.586538,0.59375,0.641304,0.574074,0.55102,0.578431,0.522727,0.705357,0.576471,0.547826,0.59,0.61,0.61,0.67,0.573034,0.567568,0.540541,0.595506,0.541667,0.653846,0.678571,0.522727,0.485714,0.631579,0.633028,0.692308,0.592593,0.619565,0.744444,0.545455,0.628866,0.592233,0.673267,0.616162,0.480769,0.71875,0.580645,0.672897,0.618644,0.658537,
55600,0.698925,0.598131,0.659574,0.556604,0.592233,0.608247,0.602041,0.578431,0.621622,0.685393,0.654206,0.580645,0.494845,0.514563,0.586207,0.584071,0.57,0.57,0.673077,0.666667,0.647059,0.602041,0.563636,0.655556,0.56,0.57,0.598131,0.548387,0.623762,0.555556,0.550562,0.666667,0.640449,0.558559,0.682692,0.625,0.54902,0.612245,0.614583,0.644231,0.55102,0.617647,0.578947,0.609524,0.610526,0.571429,0.618557,0.592233,0.609195,0.672566,0.666667,0.60396,0.656566,0.613861,0.59375,0.653846,0.595745,0.688679,0.622449,0.627451,0.554348,0.638889,0.579832,0.555556,0.55102,0.558824,0.574257,0.616162,0.628319,0.574713,0.677419,0.682243,0.647059,0.530612,0.571429,0.541284,0.703704,0.663043,0.586538,0.53125,0.676471,0.653061,0.515152,0.594059,0.648936,0.707547,0.631068,0.680412,0.726415,0.574468,0.640449,0.558559,0.595506,0.675676,0.62766,0.613208,0.643678,0.610619,0.6,0.642105,
55800,0.638095,0.652632,0.686275,0.581633,0.632075,0.585106,0.639175,0.621359,0.526316,0.590476,0.556701,0.572816,0.637255,0.591837,0.602041,0.627451,0.632653,0.588235,0.564815,0.641304,0.598039,0.632653,0.651376,0.549451,0.477778,0.554545,0.49,0.51,0.598039,0.612245,0.602041,0.578431,0.623656,0.607477,0.588785,0.569892,0.680851,0.660377,0.647619,0.526316,0.639175,0.601942,0.515152,0.633663,0.62766,0.603774,0.646465,0.613861,0.66,0.66,0.545455,0.622222,0.717391,0.62963,0.61,0.7,0.635514,0.645161,0.597938,0.543689,0.617391,0.564706,0.547368,0.638095,0.613208,0.510638,0.564706,0.6,0.642202,0.615385,0.64,0.55,0.583333,0.586207,0.5,0.586957,0.561798,0.657658,0.469388,0.568627,0.742268,0.621359,0.585106,0.632075,0.577982,0.659341,0.589286,0.670455,0.568421,0.590476,0.595506,0.54955,0.572816,0.659794,0.5625,0.615385,0.583333,0.634615,0.59292,0.551724,
56000,0.637363,0.59633,0.6,0.6,0.674157,0.63964,0.62766,0.584906,0.656566,0.594059,0.6,0.58,0.465347,0.636364,0.608696,0.675926,0.60396,0.606061,0.54,0.58,0.536842,0.647619,0.588235,0.530612,0.478261,0.518519,0.598131,0.591398,0.525773,0.572816,0.621053,0.552381,0.621359,0.494845,0.628866,0.563107,0.578313,0.589744,0.685393,0.558559,0.623853,0.615385,0.617021,0.556604,0.691589,0.569892,0.653846,0.697917,0.666667,0.627907,0.575758,0.60396,0.627273,0.655556,0.654206,0.645161,0.625,0.625,0.619048,0.557895,0.588235,0.602041,0.606061,0.653465,0.543478,0.583333,0.617021,0.622642,0.539326,0.567568,0.593023,0.640351,0.568182,0.625,0.610619,0.609195,0.640777,0.57732,0.543478,0.555556,0.666667,0.634615,0.524752,0.616162,0.654867,0.54023,0.534653,0.626263,0.652174,0.5,0.565217,0.703704,0.592233,0.546392,0.569892,0.560748,0.53271,0.634409,0.582524,0.56701,
56200,0.69697,0.574257,0.571429,0.504587,0.62,0.55,0.62766,0.584906,0.575472,0.553191,0.696629,0.54955,0.505263,0.580952,0.547368,0.571429,0.505495,0.59633,0.565657,0.693069,0.619048,0.526316,0.669725,0.637363,0.644231,0.572917,0.575221,0.586207,0.672727,0.622222,0.489362,0.59434,0.59292,0.448276,0.721154,0.552083,0.65625,0.605769,0.607843,0.642857,0.56,0.59,0.523364,0.580645,0.58,0.65,0.683673,0.529412,0.723404,0.54717,0.575758,0.722772,0.62963,0.684783,0.575472,0.62766,0.606061,0.594059,0.694737,0.52381,0.515464,0.61165,0.677083,0.586538,0.606061,0.574257,0.6,0.733333,0.542056,0.462366,0.639175,0.621359,0.584906,0.755319,0.685714,0.631579,0.513043,0.576471,0.591398,0.588785,0.640777,0.597938,0.677419,0.626168,0.602041,0.696078,0.608247,0.621359,0.686957,0.529412,0.524272,0.680412,0.59375,0.596154,0.54902,0.561224,0.652632,0.580952,0.550562,0.666667,
56400,0.69697,0.584158,0.5,0.576923,0.59633,0.681319,0.68,0.62,0.592233,0.618557,0.635514,0.623656,0.544554,0.626263,0.5375,0.566667,0.53125,0.644231,0.625,0.633929,0.548387,0.588785,0.677083,0.644231,0.574468,0.584906,0.617647,0.591837,0.613208,0.595745,0.481928,0.598291,0.62,0.56,0.644231,0.635417,0.57732,0.669903,0.643564,0.636364,0.605769,0.604167,0.572917,0.673077,0.645833,0.605769,0.563218,0.690265,0.612245,0.54902,0.537037,0.641304,0.538462,0.666667,0.672414,0.559524,0.56701,0.553398,0.59,0.61,0.622807,0.686047,0.647619,0.621053,0.563107,0.639175,0.555556,0.608696,0.602151,0.551402,0.617978,0.630631,0.619565,0.675926,0.53211,0.593407,0.570093,0.602151,0.59,0.54,0.663265,0.539216,0.542857,0.578947,0.526882,0.682243,0.607843,0.642857,0.653061,0.598039,0.569892,0.616822,0.577778,0.590909,0.583333,0.673913,0.621053,0.590476,0.584906,0.638298,
56600,0.647541,0.641026,0.647059,0.55102,0.690265,0.574713,0.585859,0.683168,0.656863,0.622449,0.613208,0.542553,0.462264,0.595745,0.516484,0.59633,0.555556,0.521739,0.494737,0.609524,0.628866,0.572816,0.476744,0.666667,0.583333,0.557692,0.662921,0.513514,0.639175,0.485437,0.540816,0.637255,0.773585,0.617021,0.701031,0.621359,0.734694,0.578431,0.62931,0.595238,0.536364,0.577778,0.588235,0.632653,0.612903,0.588785,0.568627,0.55102,0.666667,0.643564,0.594059,0.505051,0.693069,0.626263,0.658824,0.66087,0.638298,0.660377,0.6,0.557895,0.672897,0.612903,0.6,0.672727,0.585106,0.622642,0.596154,0.53125,0.55102,0.627451,0.677083,0.596154,0.537634,0.560748,0.621359,0.701031,0.581633,0.54902,0.580645,0.598131,0.650943,0.606383,0.622449,0.637255,0.666667,0.621053,0.584906,0.680851,0.707547,0.595745,0.699029,0.546392,0.655172,0.628319,0.569767,0.631579,0.583333,0.615385,0.6,0.655556,
56800,0.702381,0.663793,0.56044,0.59633,0.592233,0.546392,0.533333,0.609091,0.644231,0.552083,0.602041,0.558824,0.572917,0.538462,0.59292,0.609195,0.642857,0.5,0.554455,0.636364,0.660194,0.505155,0.586957,0.611111,0.670213,0.518868,0.628571,0.578947,0.683168,0.646465,0.612245,0.578431,0.692308,0.504587,0.697917,0.567308,0.693069,0.585859,0.575472,0.574468,0.663265,0.558824,0.640777,0.57732,0.598131,0.516129,0.56044,0.623853,0.637168,0.62069,0.596491,0.616279,0.59596,0.534653,0.615385,0.66055,0.666667,0.586538,0.612613,0.606742,0.691489,0.59434,0.633663,0.616162,0.478261,0.583333,0.641509,0.638298,0.64486,0.526882,0.585859,0.623762,0.666667,0.626168,0.585859,0.60396,0.72043,0.598131,0.568807,0.56044,0.679245,0.638298,0.622222,0.618182,0.693182,0.669643,0.616162,0.623762,0.632075,0.617021,0.617647,0.653061,0.59596,0.584158,0.618557,0.61165,0.679612,0.587629,0.663462,0.614583,
57000,0.616162,0.49505,0.586957,0.481481,0.519608,0.642857,0.714286,0.62931,0.635514,0.645161,0.707071,0.475248,0.564356,0.606061,0.583333,0.630435,0.571429,0.589474,0.53271,0.591398,0.625,0.556818,0.577778,0.572727,0.578431,0.591837,0.526786,0.488636,0.625,0.526786,0.520408,0.627451,0.59292,0.482759,0.616162,0.712871,0.613208,0.553191,0.639175,0.533981,0.505376,0.551402,0.647059,0.581633,0.566038,0.574468,0.574257,0.626263,0.691589,0.677419,0.527273,0.577778,0.637168,0.689655,0.638095,0.652632,0.571429,0.686275,0.48913,0.601852,0.64,0.54,0.630631,0.561798,0.58,0.54,0.602041,0.539216,0.72449,0.490196,0.640777,0.597938,0.568421,0.590476,0.523364,0.526882,0.640777,0.649485,0.597938,0.601942,0.604167,0.605769,0.575758,0.653465,0.604396,0.669725,0.653465,0.636364,0.677419,0.551402,0.643678,0.752212,0.563107,0.618557,0.555556,0.563636,0.555556,0.608696,0.606383,0.528302,
57200,0.686275,0.5,0.509434,0.574468,0.572917,0.548077,0.625,0.633929,0.657143,0.652632,0.583333,0.548077,0.59596,0.633663,0.609091,0.644444,0.587156,0.505495,0.533333,0.589474,0.653465,0.474747,0.595238,0.560345,0.641304,0.537037,0.589474,0.571429,0.602151,0.635514,0.639175,0.563107,0.732673,0.626263,0.67619,0.536842,0.593023,0.587719,0.567308,0.583333,0.533981,0.57732,0.552083,0.538462,0.597826,0.546296,0.614583,0.673077,0.59633,0.626374,0.613208,0.659574,0.6,0.590476,0.532609,0.574074,0.597938,0.631068,0.595745,0.575472,0.608247,0.601942,0.670213,0.59434,0.53,0.58,0.635417,0.596154,0.588235,0.581633,0.648649,0.662921,0.5625,0.557692,0.673469,0.54902,0.669903,0.639175,0.556701,0.466019,0.573171,0.627119,0.641509,0.542553,0.50495,0.676768,0.531532,0.595506,0.738095,0.560345,0.614679,0.582418,0.617647,0.714286,0.444444,0.6,0.572816,0.639175,0.568627,0.663265,
57400,0.629213,0.540541,0.595506,0.603604,0.5,0.568627,0.669903,0.556701,0.6,0.619048,0.567308,0.541667,0.556701,0.631068,0.576923,0.614583,0.527778,0.608696,0.520833,0.653846,0.587156,0.681319,0.538462,0.577982,0.560748,0.580645,0.54902,0.642857,0.607143,0.75,0.655172,0.59292,0.680851,0.698113,0.693069,0.525253,0.653061,0.598039,0.60396,0.666667,0.67033,0.623853,0.622642,0.659574,0.6,0.533333,0.608696,0.675926,0.591837,0.715686,0.533333,0.557895,0.627273,0.7,0.55,0.6,0.519608,0.581633,0.621053,0.495238,0.698925,0.560748,0.606383,0.575472,0.522727,0.625,0.638298,0.584906,0.601942,0.546392,0.571429,0.627451,0.632075,0.691489,0.574257,0.59596,0.546392,0.514563,0.61,0.52,0.666667,0.581633,0.59,0.49,0.606383,0.566038,0.552381,0.631579,0.626506,0.495726,0.542553,0.603774,0.595745,0.613208,0.569892,0.682243,0.666667,0.652174,0.625,0.6875,
57600,0.638889,0.5,0.681319,0.59633,0.574257,0.646465,0.707071,0.584158,0.596154,0.583333,0.644231,0.635417,0.574074,0.532609,0.666667,0.544554,0.480769,0.458333,0.517241,0.584071,0.590361,0.606838,0.630631,0.707865,0.62766,0.386792,0.572816,0.628866,0.439252,0.580645,0.606742,0.621622,0.646465,0.544554,0.609524,0.578947,0.519608,0.540816,0.59596,0.594059,0.568627,0.642857,0.625,0.596154,0.663265,0.598039,0.525,0.616667,0.614679,0.604396,0.605769,0.53125,0.693878,0.676471,0.5,0.54902,0.582524,0.57732,0.645161,0.542056,0.67619,0.673684,0.683673,0.637255,0.572816,0.57732,0.636364,0.623762,0.688172,0.598131,0.545455,0.554455,0.645161,0.64486,0.596154,0.59375,0.545455,0.584158,0.565217,0.601852,0.630631,0.561798,0.631579,0.685714,0.604167,0.711538,0.556818,0.696429,0.63,0.54,0.591398,0.672897,0.688073,0.648352,0.586538,0.666667,0.701031,0.572816,0.528846,0.5,
57800,0.58,0.54,0.613208,0.56383,0.555556,0.594059,0.591837,0.598039,0.715909,0.5625,0.625,0.633333,0.586957,0.518519,0.608696,0.601852,0.515152,0.475248,0.587629,0.601942,0.589474,0.571429,0.568807,0.637363,0.591837,0.519608,0.649485,0.601942,0.576577,0.606742,0.580952,0.610526,0.602151,0.542056,0.606383,0.660377,0.567797,0.670732,0.679245,0.638298,0.494845,0.553398,0.522936,0.637363,0.628571,0.6,0.595745,0.660377,0.612245,0.607843,0.542857,0.589474,0.650485,0.56701,0.604396,0.59633,0.683673,0.656863,0.509804,0.581633,0.583333,0.5,0.62,0.66,0.583333,0.653846,0.638095,0.684211,0.581633,0.54902,0.530612,0.656863,0.535354,0.722772,0.56,0.61,0.752475,0.545455,0.633929,0.613636,0.535354,0.693069,0.571429,0.666667,0.54902,0.612245,0.726316,0.628571,0.586957,0.601852,0.631579,0.628571,0.613208,0.595745,0.518868,0.585106,0.638095,0.547368,0.5,0.663636,
58000,0.676768,0.613861,0.564356,0.606061,0.514851,0.666667,0.524272,0.628866,0.709677,0.691589,0.504505,0.573034,0.553191,0.632075,0.601695,0.621951,0.646465,0.49505,0.670213,0.528302,0.628571,0.589474,0.644231,0.65625,0.586957,0.546296,0.567308,0.5,0.628571,0.642105,0.58,0.67,0.632075,0.595745,0.548673,0.689655,0.573171,0.652542,0.604167,0.605769,0.54717,0.5,0.540541,0.662921,0.670103,0.669903,0.550459,0.648352,0.729167,0.538462,0.592233,0.618557,0.702703,0.674157,0.5625,0.556818,0.636364,0.544444,0.611111,0.641304,0.548077,0.5625,0.516484,0.577982,0.464646,0.663366,0.631579,0.590476,0.523364,0.612903,0.594828,0.583333,0.6,0.58,0.555556,0.618182,0.589286,0.579545,0.596154,0.645833,0.650485,0.56701,0.539326,0.675676,0.684783,0.62037,0.680412,0.621359,0.592233,0.597938,0.602041,0.558824,0.626087,0.611765,0.578947,0.561905,0.656863,0.591837,0.693878,0.627451,
58200,0.654206,0.591398,0.542056,0.451613,0.621951,0.610169,0.625,0.604167,0.611111,0.581818,0.601942,0.608247,0.5,0.539216,0.544643,0.522727,0.53271,0.623656,0.565657,0.633663,0.591837,0.598039,0.589474,0.628571,0.54955,0.52809,0.569892,0.570093,0.602151,0.626168,0.610619,0.574713,0.561905,0.515789,0.585586,0.52809,0.55102,0.588235,0.615385,0.645833,0.638889,0.684783,0.66,0.57,0.631579,0.6,0.583333,0.565217,0.712766,0.641509,0.573913,0.564706,0.627907,0.719298,0.618182,0.622222,0.534653,0.59596,0.619048,0.547368,0.612903,0.719626,0.688172,0.579439,0.586957,0.564815,0.579439,0.623656,0.678899,0.604396,0.66,0.59,0.612245,0.647059,0.574257,0.59596,0.596491,0.593023,0.543689,0.484536,0.648352,0.559633,0.535714,0.681818,0.622222,0.663636,0.656863,0.602041,0.529412,0.653061,0.570093,0.634409,0.610526,0.542857,0.574257,0.535354,0.638298,0.566038,0.588235,0.622449,
58400,0.584158,0.505051,0.617021,0.679245,0.527778,0.586957,0.5,0.578431,0.578431,0.520408,0.584906,0.56383,0.565657,0.534653,0.54955,0.561798,0.5625,0.556818,0.510204,0.598039,0.597938,0.68932,0.55102,0.617647,0.594059,0.666667,0.582524,0.474227,0.585106,0.707547,0.6,0.644444,0.644231,0.614583,0.56383,0.632075,0.554455,0.666667,0.580952,0.578947,0.52439,0.70339,0.521277,0.59434,0.693182,0.535714,0.607843,0.632653,0.666667,0.707865,0.580357,0.568182,0.552381,0.536842,0.638298,0.59434,0.584158,0.606061,0.591837,0.588235,0.607843,0.540816,0.618557,0.640777,0.544444,0.545455,0.579439,0.655914,0.636364,0.594059,0.649485,0.563107,0.564356,0.616162,0.55914,0.663551,0.590909,0.544643,0.588785,0.634409,0.710526,0.709302,0.50495,0.656566,0.650485,0.659794,0.619048,0.652632,0.663265,0.598039,0.540816,0.607843,0.58427,0.684685,0.606383,0.726415,0.597938,0.61165,0.521277,0.669811,
58600,0.588235,0.622449,0.683673,0.578431,0.594059,0.545455,0.626263,0.584158,0.691589,0.569892,0.533333,0.590909,0.555556,0.641304,0.590909,0.633333,0.639535,0.631579,0.555556,0.60396,0.513274,0.471264,0.550459,0.659341,0.613208,0.478723,0.564815,0.565217,0.628866,0.669903,0.638889,0.586957,0.75,0.572917,0.666667,0.516854,0.64,0.6,0.655556,0.609091,0.484211,0.6,0.623762,0.454545,0.60396,0.656566,0.616162,0.623762,0.679245,0.670213,0.649485,0.582524,0.662921,0.693694,0.526316,0.619048,0.560748,0.655914,0.561905,0.526316,0.567308,0.604167,0.540816,0.509804,0.580952,0.642105,0.552083,0.644231,0.627451,0.622449,0.527778,0.597826,0.57732,0.660194,0.525253,0.623762,0.587156,0.571429,0.568421,0.561905,0.59,0.62,0.602041,0.627451,0.538462,0.623853,0.531646,0.570248,0.584906,0.712766,0.635417,0.596154,0.554455,0.727273,0.622449,0.627451,0.614583,0.673077,0.53125,0.634615,
58800,0.633663,0.646465,0.485714,0.610526,0.62,0.67,0.626263,0.633663,0.568627,0.591837,0.646465,0.524752,0.550562,0.522523,0.494845,0.650485,0.662921,0.54955,0.571429,0.547368,0.564815,0.630435,0.596154,0.635417,0.52,0.58,0.44086,0.598131,0.53125,0.5,0.480392,0.653061,0.663158,0.514286,0.688679,0.670213,0.641304,0.611111,0.574257,0.555556,0.563636,0.677778,0.578512,0.518987,0.568807,0.637363,0.549451,0.66055,0.7,0.5,0.608247,0.582524,0.605769,0.614583,0.631579,0.609524,0.545455,0.623762,0.614679,0.615385,0.59434,0.595745,0.656863,0.622449,0.642105,0.571429,0.556522,0.623529,0.666667,0.591837,0.610526,0.533333,0.654545,0.644444,0.646465,0.623762,0.529915,0.554217,0.485437,0.556701,0.565657,0.594059,0.659794,0.524272,0.642857,0.558824,0.604396,0.59633,0.556604,0.574468,0.601852,0.695652,0.572917,0.586538,0.51,0.62,0.576923,0.5625,0.64,0.6,
59000,0.619565,0.5,0.61,0.61,0.54,0.66,0.65,0.69,0.603604,0.651685,0.583333,0.51087,0.47191,0.657658,0.597938,0.543689,0.569767,0.54386,0.543689,0.628866,0.523256,0.561404,0.67033,0.59633,0.640351,0.569767,0.612245,0.480392,0.56383,0.632075,0.66055,0.637363,0.648936,0.537736,0.714286,0.627451,0.64486,0.526882,0.659341,0.577982,0.638554,0.623932,0.537634,0.598131,0.557522,0.609195,0.594059,0.535354,0.587156,0.615385,0.626374,0.605505,0.64,0.61,0.663366,0.656566,0.605505,0.648352,0.584906,0.595745,0.597938,0.631068,0.6,0.542857,0.663551,0.655914,0.540816,0.627451,0.656566,0.514851,0.545455,0.653465,0.575472,0.585106,0.647727,0.589286,0.634409,0.598131,0.648936,0.528302,0.627119,0.634146,0.634615,0.552083,0.518868,0.638298,0.601942,0.618557,0.54,0.57,0.613861,0.565657,0.640351,0.72093,0.5625,0.605769,0.535354,0.613861,0.552083,0.663462,
59200,0.571429,0.627451,0.617647,0.612245,0.550459,0.582418,0.536842,0.6,0.666667,0.615385,0.605263,0.651163,0.45977,0.584071,0.526316,0.619048,0.666667,0.544554,0.536082,0.592233,0.659794,0.650485,0.584158,0.666667,0.584158,0.555556,0.533333,0.672727,0.54,0.69,0.638095,0.631579,0.601942,0.546392,0.597938,0.582524,0.615385,0.614679,0.588235,0.591837,0.554348,0.638889,0.594595,0.573034,0.67033,0.587156,0.607843,0.663265,0.696078,0.632653,0.615385,0.604167,0.555556,0.693069,0.568627,0.510204,0.59375,0.596154,0.58,0.69,0.673913,0.592593,0.712644,0.575221,0.666667,0.622449,0.553191,0.518868,0.596154,0.583333,0.617647,0.663265,0.574257,0.646465,0.594595,0.573034,0.533333,0.589474,0.537736,0.56383,0.628866,0.592233,0.59375,0.548077,0.613861,0.636364,0.533981,0.659794,0.686957,0.576471,0.572816,0.649485,0.716981,0.638298,0.566038,0.638298,0.615385,0.541284,0.616162,0.574257,
59400,0.637931,0.630952,0.536082,0.660194,0.61,0.6,0.532609,0.657407,0.631068,0.639175,0.606061,0.534653,0.530612,0.598039,0.529412,0.626087,0.54386,0.639535,0.564815,0.608696,0.621359,0.597938,0.650485,0.670103,0.59,0.5,0.651685,0.468468,0.56701,0.718447,0.52381,0.652632,0.566667,0.554545,0.5,0.528302,0.590476,0.631579,0.533333,0.610526,0.684783,0.574074,0.558824,0.561224,0.566038,0.56383,0.685185,0.565217,0.643564,0.606061,0.519231,0.572917,0.71,0.63,0.576923,0.614583,0.573034,0.612613,0.688172,0.53271,0.633028,0.56044,0.635514,0.569892,0.59596,0.564356,0.509804,0.55102,0.587629,0.524272,0.634615,0.552083,0.659574,0.650943,0.648936,0.707547,0.567568,0.539326,0.663158,0.552381,0.660194,0.494845,0.612245,0.72549,0.607477,0.677419,0.57,0.58,0.677778,0.690909,0.607843,0.612245,0.642105,0.72381,0.655914,0.607477,0.62766,0.603774,0.56383,0.584906,
59600,0.677419,0.598131,0.626263,0.663366,0.571429,0.694737,0.677419,0.626168,0.561224,0.588235,0.582524,0.587629,0.552381,0.557895,0.6,0.54,0.611765,0.513043,0.559633,0.626374,0.586957,0.638889,0.575758,0.633663,0.653061,0.480392,0.469388,0.558824,0.659794,0.631068,0.524272,0.56701,0.641026,0.566265,0.54955,0.662921,0.581633,0.588235,0.623762,0.59596,0.60396,0.606061,0.522936,0.604396,0.642105,0.590476,0.602151,0.682243,0.701923,0.729167,0.6,0.66,0.639175,0.650485,0.56701,0.553398,0.636364,0.70297,0.673267,0.565657,0.576923,0.5625,0.659794,0.563107,0.588235,0.591837,0.579439,0.612903,0.611111,0.521739,0.674419,0.596491,0.565217,0.611111,0.637255,0.663265,0.612903,0.53271,0.522523,0.617978,0.747126,0.575221,0.614458,0.581197,0.583333,0.605769,0.59,0.62,0.612613,0.606742,0.516484,0.678899,0.634409,0.672897,0.634409,0.626168,0.648936,0.556604,0.594595,0.617978,
59800,0.590909,0.5,0.636364,0.544444,0.611111,0.51087,0.6,0.666667,0.612245,0.558824,0.524272,0.608247,0.607477,0.591398,0.504673,0.580645,0.584906,0.531915,0.552381,0.536842,0.561224,0.519608,0.530435,0.623529,0.548387,0.560748,0.43,0.61,0.611111,0.586957,0.631579,0.714286,0.564815,0.663043,0.538462,0.623853,0.575758,0.683168,0.476636,0.709677,0.468468,0.606742,0.4375,0.711538,0.63964,0.58427,0.459184,0.676471,0.56701,0.679612,0.529412,0.653061,0.663462,0.583333,0.542857,0.694737,0.585106,0.688679,0.632075,0.62766,0.554545,0.555556,0.642857,0.598039,0.607843,0.632653,0.554455,0.616162,0.537736,0.5,0.572917,0.634615,0.574257,0.666667,0.606061,0.683168,0.701923,0.5625,0.607477,0.580645,0.721649,0.563107,0.574257,0.666667,0.660714,0.659091,0.673913,0.611111,0.712766,0.584906,0.566372,0.643678,0.656566,0.712871,0.602151,0.598131,0.64486,0.580645,0.612903,0.598131,
60000,0.571429,0.598039,0.666667,0.505263,0.528302,0.585106,0.616822,0.655914,0.637168,0.655172,0.596154,0.583333,0.612245,0.627451,0.461538,0.623853,0.630435,0.564815,0.621359,0.649485,0.612245,0.666667,0.5,0.663043,0.56701,0.524272,0.54918,0.628205,0.626168,0.677419,0.614679,0.703297,0.744898,0.656863,0.654762,0.655172,0.604396,0.614679,0.627273,0.533333,0.56701,0.601942,0.71,0.63,0.62037,0.565217,0.62766,0.622642,0.72449,0.578431,0.563107,0.659794,0.646465,0.594059,0.574257,0.666667,0.60396,0.626263,0.621053,0.67619,0.598039,0.704082,0.736264,0.605505,0.565217,0.611111,0.606383,0.566038,0.650943,0.638298,0.653465,0.656566,0.597938,0.621359,0.63,0.52,0.654206,0.634409,0.578947,0.552381,0.673469,0.588235,0.514286,0.642105,0.568627,0.663265,0.612903,0.663551,0.788462,0.583333,0.613861,0.616162,0.585106,0.650943,0.595745,0.622642,0.612903,0.607477,0.593407,0.522936,
60200,0.672727,0.577778,0.650943,0.56383,0.598131,0.655914,0.642857,0.715686,0.63,0.64,0.568627,0.673469,0.553398,0.628866,0.559633,0.527473,0.561905,0.547368,0.578947,0.604651,0.575472,0.606383,0.6,0.66087,0.566667,0.625,0.5,0.543103,0.571429,0.676471,0.574468,0.754717,0.557895,0.647619,0.40404,0.60396,0.64,0.71,0.606742,0.621622,0.586538,0.572917,0.635294,0.556522,0.642857,0.598039,0.6,0.694118,0.555556,0.652174,0.634615,0.59375,0.6,0.645455,0.672897,0.634409,0.560748,0.602151,0.611111,0.706522,0.53211,0.626374,0.622222,0.6,0.622642,0.56383,0.7,0.618182,0.584906,0.659574,0.525773,0.640777,0.57732,0.669903,0.580645,0.588785,0.581633,0.578431,0.626263,0.584158,0.618557,0.456311,0.538462,0.604167,0.607143,0.706897,0.617021,0.566038,0.644231,0.604167,0.553191,0.641509,0.670213,0.54717,0.554545,0.6,0.663366,0.636364,0.514286,0.589474,
60400,0.656863,0.622449,0.567308,0.59375,0.581633,0.607843,0.630252,0.567901,0.588785,0.569892,0.616822,0.591398,0.6,0.64,0.59375,0.634615,0.622642,0.56383,0.508929,0.636364,0.609524,0.578947,0.608696,0.694444,0.612245,0.627451,0.614035,0.534884,0.63,0.63,0.663158,0.628571,0.686275,0.642857,0.623853,0.450549,0.608696,0.657407,0.596639,0.530864,0.597938,0.582524,0.56701,0.553398,0.556701,0.553398,0.556818,0.678571,0.657143,0.547368,0.575472,0.606383,0.582418,0.669725,0.542056,0.623656,0.65625,0.596154,0.545455,0.663366,0.54717,0.56383,0.717391,0.537037,0.564815,0.554348,0.561224,0.647059,0.670213,0.622642,0.625,0.59375,0.576087,0.62037,0.573034,0.648649,0.697674,0.684211,0.56,0.59,0.568421,0.6,0.518519,0.586957,0.59633,0.714286,0.691489,0.613208,0.563218,0.663717,0.581633,0.617647,0.53,0.7,0.62766,0.566038,0.618557,0.631068,0.618182,0.522222,
60600,0.606061,0.633663,0.627451,0.530612,0.622642,0.617021,0.670103,0.669903,0.669565,0.611765,0.608696,0.527778,0.514851,0.585859,0.574074,0.630435,0.623762,0.636364,0.608247,0.572816,0.558824,0.540816,0.561224,0.558824,0.613861,0.636364,0.55914,0.551402,0.648649,0.629213,0.607477,0.612903,0.59292,0.551724,0.666667,0.602041,0.696078,0.642857,0.61165,0.57732,0.564815,0.565217,0.603604,0.494382,0.561905,0.568421,0.584906,0.617021,0.586207,0.672566,0.585106,0.59434,0.683168,0.636364,0.633028,0.758242,0.636364,0.594059,0.683168,0.656566,0.583333,0.567308,0.72381,0.568421,0.669725,0.549451,0.541667,0.634615,0.612903,0.523364,0.578431,0.612245,0.602151,0.672897,0.659574,0.584906,0.698925,0.626168,0.648148,0.51087,0.631579,0.52381,0.614583,0.692308,0.51,0.69,0.663717,0.551724,0.614583,0.509615,0.678899,0.648352,0.688172,0.626168,0.617978,0.648649,0.644231,0.552083,0.623853,0.615385,
60800,0.55,0.6,0.651685,0.603604,0.576087,0.62963,0.632075,0.553191,0.59434,0.521277,0.575758,0.435644,0.533981,0.628866,0.549451,0.577982,0.519231,0.520833,0.576923,0.59375,0.602151,0.53271,0.529412,0.55102,0.673684,0.657143,0.639175,0.592233,0.612245,0.627451,0.644231,0.697917,0.582418,0.504587,0.596154,0.59375,0.571429,0.568627,0.587629,0.524272,0.633663,0.585859,0.726316,0.495238,0.614679,0.461538,0.61,0.66,0.653465,0.585859,0.603774,0.531915,0.678899,0.604396,0.571429,0.676471,0.677778,0.645455,0.684211,0.638095,0.681319,0.614679,0.631579,0.514286,0.60177,0.597701,0.54,0.55,0.625,0.552083,0.632075,0.617021,0.588235,0.632653,0.513761,0.67033,0.563218,0.59292,0.62069,0.595238,0.660377,0.542553,0.673684,0.609524,0.669811,0.659574,0.670886,0.669421,0.593407,0.59633,0.55,0.63,0.628319,0.643678,0.712766,0.603774,0.61165,0.546392,0.62037,0.663043,
61000,0.66055,0.593407,0.6,0.6,0.568627,0.642857,0.558559,0.662921,0.56383,0.59434,0.519608,0.581633,0.540816,0.627451,0.536082,0.601942,0.547368,0.561905,0.460674,0.558559,0.540816,0.607843,0.62,0.55,0.616162,0.574257,0.5,0.579545,0.541284,0.593407,0.57,0.59,0.633333,0.690909,0.59596,0.70297,0.622642,0.56383,0.607143,0.586207,0.580952,0.610526,0.467391,0.5,0.572727,0.466667,0.59596,0.613861,0.621359,0.659794,0.554455,0.646465,0.66,0.55,0.56383,0.59434,0.613208,0.617021,0.682243,0.580645,0.650485,0.608247,0.655914,0.560748,0.654206,0.526882,0.541176,0.53913,0.613861,0.606061,0.6,0.663158,0.553191,0.613208,0.566038,0.648936,0.634615,0.541667,0.59,0.5,0.62766,0.54717,0.575472,0.617021,0.618182,0.633333,0.62963,0.641304,0.636364,0.584158,0.63,0.59,0.610526,0.647619,0.54902,0.642857,0.637255,0.530612,0.45098,0.612245,
61200,0.673684,0.67619,0.617647,0.561224,0.572917,0.576923,0.546392,0.660194,0.640777,0.639175,0.614679,0.538462,0.510417,0.653846,0.564815,0.586957,0.479167,0.567308,0.571429,0.642105,0.632653,0.588235,0.578947,0.714286,0.494505,0.587156,0.625,0.613636,0.590476,0.642105,0.656863,0.642857,0.627451,0.612245,0.595506,0.567568,0.597826,0.666667,0.643564,0.666667,0.58,0.7,0.598039,0.591837,0.663043,0.731481,0.584906,0.723404,0.615385,0.566265,0.642857,0.647059,0.677778,0.572727,0.594059,0.686869,0.541667,0.653846,0.666667,0.6,0.585859,0.623762,0.625,0.552083,0.534653,0.646465,0.529412,0.510204,0.516129,0.598131,0.520833,0.653846,0.583333,0.634615,0.602151,0.654206,0.607843,0.612245,0.566667,0.681818,0.61,0.59,0.585859,0.574257,0.601942,0.608247,0.53125,0.644231,0.636364,0.633663,0.680851,0.54717,0.627451,0.683673,0.511628,0.535088,0.634409,0.570093,0.623656,0.598131,
61400,0.642105,0.561905,0.637363,0.633028,0.554348,0.62037,0.607477,0.580645,0.594059,0.676768,0.692308,0.568807,0.49,0.66,0.538462,0.578313,0.605505,0.538462,0.616162,0.633663,0.69697,0.594059,0.536364,0.655556,0.617021,0.584906,0.495327,0.591398,0.476636,0.55914,0.542857,0.557895,0.675926,0.619565,0.572816,0.556701,0.616071,0.602273,0.598039,0.581633,0.559633,0.582418,0.584071,0.62069,0.530612,0.627451,0.561404,0.593023,0.581633,0.656863,0.524272,0.597938,0.576923,0.697917,0.568627,0.591837,0.571429,0.656863,0.607843,0.734694,0.641304,0.666667,0.65625,0.596154,0.552083,0.615385,0.59375,0.673077,0.616822,0.494624,0.72449,0.54902,0.647059,0.666667,0.55,0.57,0.608696,0.490741,0.59596,0.534653,0.59596,0.653465,0.524272,0.57732,0.49,0.71,0.691589,0.602151,0.617647,0.540816,0.533333,0.645455,0.621359,0.56701,0.623762,0.616162,0.621053,0.552381,0.576923,0.65625,
61600,0.69697,0.475248,0.518868,0.574468,0.544554,0.525253,0.524752,0.686869,0.715909,0.607143,0.509615,0.5625,0.534091,0.625,0.522727,0.607143,0.50495,0.616162,0.548077,0.604167,0.607843,0.693878,0.654206,0.677419,0.582609,0.588235,0.41573,0.486486,0.426966,0.603604,0.537736,0.595745,0.519608,0.612245,0.606061,0.623762,0.5625,0.634615,0.645161,0.663551,0.520408,0.588235,0.553191,0.528302,0.572727,0.544444,0.631068,0.659794,0.700935,0.612903,0.613861,0.545455,0.636364,0.688889,0.635417,0.682692,0.604396,0.559633,0.634615,0.5625,0.574713,0.557522,0.490196,0.632653,0.553398,0.639175,0.576923,0.645833,0.550562,0.585586,0.526882,0.588785,0.552941,0.582609,0.570093,0.55914,0.652174,0.62963,0.631068,0.546392,0.606742,0.558559,0.615385,0.541284,0.475248,0.646465,0.64,0.56,0.586207,0.584071,0.581818,0.666667,0.616162,0.613861,0.678571,0.612069,0.618557,0.601942,0.576087,0.509259,
61800,0.728261,0.583333,0.505051,0.623762,0.631068,0.536082,0.698795,0.623932,0.586957,0.657407,0.660714,0.613636,0.530612,0.607843,0.586538,0.635417,0.56383,0.528302,0.572816,0.484536,0.602041,0.607843,0.582524,0.639175,0.586538,0.625,0.655556,0.527273,0.609524,0.621053,0.568627,0.520408,0.676768,0.534653,0.577778,0.590909,0.57732,0.601942,0.526882,0.626168,0.64,0.55,0.647059,0.714286,0.586538,0.645833,0.646465,0.663366,0.709302,0.578947,0.547368,0.571429,0.62069,0.654867,0.60396,0.686869,0.55,0.68,0.577778,0.636364,0.561224,0.529412,0.63,0.54,0.517857,0.556818,0.627451,0.704082,0.651786,0.454545,0.62,0.66,0.567568,0.516854,0.588785,0.591398,0.583333,0.509615,0.546392,0.621359,0.637363,0.577982,0.573034,0.657658,0.669903,0.597938,0.520833,0.567308,0.622449,0.607843,0.58427,0.594595,0.538462,0.614679,0.623853,0.659341,0.648936,0.613208,0.66055,0.681319,
62000,0.571429,0.568627,0.616822,0.602151,0.587629,0.61165,0.53913,0.705882,0.613861,0.59596,0.563107,0.597938,0.575472,0.712766,0.608696,0.703704,0.5625,0.567308,0.557895,0.590476,0.612245,0.588235,0.685714,0.568421,0.65625,0.557692,0.554348,0.472222,0.545455,0.60396,0.533981,0.56701,0.65625,0.634615,0.685714,0.568421,0.631068,0.587629,0.653061,0.627451,0.505263,0.628571,0.554348,0.574074,0.642105,0.657143,0.605505,0.626374,0.524272,0.597938,0.650943,0.531915,0.673469,0.676471,0.663158,0.52381,0.576923,0.65625,0.580952,0.631579,0.669903,0.659794,0.556701,0.572816,0.608696,0.62963,0.59,0.58,0.504425,0.54023,0.59,0.59,0.574713,0.610619,0.632184,0.646018,0.57732,0.640777,0.618557,0.650485,0.631579,0.571429,0.552083,0.634615,0.545455,0.613861,0.6875,0.615385,0.575472,0.489362,0.542056,0.591398,0.591837,0.696078,0.634409,0.654206,0.583333,0.608696,0.673267,0.535354,
62200,0.567308,0.604167,0.561905,0.621053,0.535354,0.623762,0.533981,0.628866,0.570093,0.602151,0.56383,0.603774,0.57732,0.699029,0.56701,0.631068,0.572816,0.587629,0.524752,0.535354,0.616162,0.683168,0.617021,0.669811,0.592233,0.608247,0.679612,0.608247,0.556522,0.682353,0.591398,0.616822,0.64,0.54,0.633663,0.555556,0.673077,0.708333,0.575472,0.521277,0.585106,0.556604,0.655914,0.560748,0.630631,0.58427,0.636364,0.625,0.625,0.739583,0.680412,0.601942,0.572727,0.588889,0.554455,0.676768,0.581395,0.701754,0.597938,0.631068,0.6,0.565217,0.676768,0.683168,0.585586,0.561798,0.514286,0.536842,0.637255,0.520408,0.557522,0.551724,0.578947,0.685714,0.583333,0.652174,0.576087,0.518519,0.611111,0.630435,0.54023,0.654867,0.538462,0.625,0.572917,0.548077,0.65625,0.615385,0.645455,0.588889,0.550459,0.637363,0.615385,0.6875,0.627451,0.632653,0.557692,0.677083,0.561224,0.676471,
62400,0.636364,0.571429,0.691057,0.649351,0.575758,0.49505,0.575472,0.670213,0.612245,0.666667,0.59,0.66,0.626168,0.645161,0.490385,0.583333,0.49505,0.525253,0.580645,0.588785,0.644231,0.53125,0.54955,0.539326,0.597938,0.572816,0.597826,0.518519,0.505263,0.6,0.582418,0.669725,0.62,0.61,0.538462,0.604167,0.551402,0.645161,0.552381,0.6,0.581395,0.578947,0.603774,0.606383,0.582524,0.618557,0.616162,0.623762,0.56701,0.679612,0.603774,0.606383,0.62,0.63,0.568421,0.580952,0.702128,0.650943,0.57,0.64,0.655914,0.598131,0.572816,0.597938,0.603604,0.561798,0.59,0.63,0.673077,0.59375,0.637168,0.586207,0.572727,0.533333,0.566038,0.702128,0.521277,0.566038,0.571429,0.636364,0.647059,0.602041,0.568421,0.733333,0.59596,0.782178,0.670213,0.660377,0.65812,0.614458,0.495146,0.639175,0.618182,0.622222,0.677419,0.654206,0.54902,0.571429,0.558824,0.653061,
62600,0.684783,0.574074,0.654206,0.591398,0.558824,0.530612,0.642857,0.637255,0.65,0.65,0.578947,0.590476,0.473214,0.568182,0.56701,0.543689,0.553191,0.556604,0.484848,0.613861,0.60396,0.646465,0.594059,0.555556,0.54,0.55,0.601942,0.505155,0.666667,0.663265,0.570093,0.623656,0.669903,0.505155,0.695652,0.574074,0.715686,0.622449,0.72,0.61,0.606383,0.566038,0.595745,0.622642,0.595506,0.576577,0.523256,0.561404,0.571429,0.612069,0.528846,0.625,0.654206,0.602151,0.54955,0.573034,0.595506,0.684685,0.567308,0.604167,0.55102,0.696078,0.721154,0.520833,0.541667,0.615385,0.59434,0.659574,0.578431,0.571429,0.560748,0.612903,0.581633,0.578431,0.637363,0.678899,0.642857,0.54902,0.592233,0.525773,0.612245,0.617647,0.613208,0.606383,0.561905,0.6,0.655914,0.607477,0.708738,0.608247,0.575758,0.623762,0.598039,0.683673,0.554348,0.555556,0.640449,0.558559,0.591837,0.705882,
62800,0.726316,0.704762,0.609091,0.622222,0.635417,0.605769,0.580357,0.681818,0.695652,0.657407,0.54023,0.575221,0.565657,0.50495,0.556604,0.574468,0.640625,0.486111,0.575758,0.49505,0.557692,0.583333,0.508929,0.613636,0.555556,0.543478,0.520833,0.5,0.529412,0.622449,0.53125,0.586538,0.544444,0.536364,0.616162,0.584158,0.613861,0.565657,0.613208,0.680851,0.59292,0.597701,0.604167,0.615385,0.612903,0.598131,0.543689,0.618557,0.698113,0.617021,0.650485,0.597938,0.610169,0.646341,0.752941,0.617391,0.592593,0.630252,0.533333,0.6,0.59434,0.553191,0.525253,0.554455,0.578947,0.590476,0.578431,0.561224,0.563636,0.555556,0.721154,0.625,0.533981,0.536082,0.634409,0.607477,0.541667,0.644231,0.568807,0.593407,0.683168,0.636364,0.602151,0.598131,0.504854,0.680412,0.652632,0.542857,0.653061,0.588235,0.571429,0.652632,0.669725,0.648352,0.554348,0.564815,0.66,0.65,0.648352,0.614679,
63000,0.715789,0.666667,0.643678,0.60177,0.542857,0.610526,0.591398,0.570093,0.626263,0.623762,0.663462,0.583333,0.516129,0.570093,0.621359,0.587629,0.527778,0.543478,0.527473,0.559633,0.544554,0.565657,0.59,0.67,0.528846,0.614583,0.693069,0.525253,0.533981,0.628866,0.565657,0.574257,0.677419,0.495327,0.656863,0.55102,0.660194,0.56701,0.646465,0.584158,0.553398,0.587629,0.683673,0.529412,0.626263,0.623762,0.580952,0.642105,0.669811,0.585106,0.617978,0.621622,0.59596,0.742574,0.602151,0.700935,0.612245,0.588235,0.539823,0.517241,0.64,0.65,0.6,0.485714,0.614679,0.659341,0.574257,0.646465,0.574468,0.556604,0.66055,0.604396,0.654545,0.733333,0.641304,0.601852,0.657658,0.561798,0.605769,0.65625,0.613636,0.642857,0.639175,0.650485,0.584906,0.648936,0.632075,0.670213,0.594059,0.59596,0.583333,0.608696,0.556818,0.607143,0.598039,0.510204,0.714286,0.651376,0.59375,0.653846,
63200,0.697917,0.605769,0.634615,0.604167,0.535354,0.60396,0.546296,0.684783,0.680851,0.603774,0.659794,0.514563,0.532609,0.62963,0.526882,0.616822,0.575758,0.564356,0.673077,0.572917,0.726316,0.638095,0.637363,0.633028,0.582418,0.623853,0.585106,0.622642,0.656863,0.673469,0.683168,0.59596,0.740741,0.434783,0.734043,0.566038,0.653061,0.598039,0.605769,0.625,0.504854,0.57732,0.634409,0.551402,0.586538,0.697917,0.580357,0.613636,0.655914,0.64486,0.631579,0.511628,0.61165,0.639175,0.684211,0.666667,0.532609,0.583333,0.530612,0.627451,0.52381,0.610526,0.579439,0.602151,0.527473,0.623853,0.58427,0.54955,0.715789,0.52381,0.576923,0.739583,0.489796,0.686275,0.544554,0.69697,0.626263,0.554455,0.586957,0.555556,0.708738,0.649485,0.625,0.666667,0.505263,0.6,0.630435,0.703704,0.611111,0.636364,0.663265,0.529412,0.58,0.65,0.568807,0.549451,0.655914,0.560748,0.646465,0.623762,
63400,0.626263,0.49505,0.52381,0.610526,0.602041,0.598039,0.684783,0.722222,0.616162,0.613861,0.625,0.548077,0.556701,0.582524,0.528846,0.572917,0.560748,0.537634,0.598039,0.561224,0.637168,0.597701,0.697248,0.582418,0.571429,0.568807,0.688073,0.56044,0.677419,0.579439,0.490196,0.510204,0.580357,0.5,0.625,0.544643,0.635514,0.698925,0.631579,0.638095,0.552083,0.605769,0.53271,0.569892,0.547368,0.533333,0.644231,0.625,0.631068,0.639175,0.6,0.552381,0.683673,0.637255,0.678899,0.626374,0.67033,0.688073,0.689655,0.59292,0.585106,0.556604,0.602151,0.607477,0.471264,0.584071,0.568421,0.67619,0.568627,0.581633,0.593407,0.59633,0.578947,0.6,0.572727,0.6,0.571429,0.557895,0.587156,0.593407,0.648936,0.660377,0.590909,0.566667,0.65,0.66,0.544643,0.602273,0.686275,0.704082,0.585106,0.575472,0.581633,0.676471,0.554622,0.666667,0.59596,0.594059,0.625,0.520833,
63600,0.637255,0.602041,0.64486,0.666667,0.663043,0.583333,0.585106,0.632075,0.597938,0.563107,0.625,0.568182,0.538462,0.489583,0.631068,0.618557,0.623656,0.607477,0.582524,0.57732,0.617647,0.55102,0.606742,0.603604,0.637255,0.602041,0.642857,0.627451,0.57,0.56,0.446809,0.575472,0.635417,0.576923,0.638554,0.666667,0.648649,0.595506,0.677419,0.616822,0.656863,0.520408,0.66,0.57,0.574468,0.584906,0.68,0.61,0.685714,0.621053,0.578947,0.6,0.589474,0.733333,0.704082,0.598039,0.582418,0.568807,0.610526,0.571429,0.588889,0.654545,0.639175,0.61165,0.557895,0.609524,0.532609,0.601852,0.586538,0.572917,0.55914,0.579439,0.580952,0.610526,0.66,0.54,0.548077,0.666667,0.595745,0.481132,0.602151,0.53271,0.63,0.57,0.558559,0.730337,0.603604,0.696629,0.662921,0.648649,0.514851,0.545455,0.676768,0.693069,0.576087,0.666667,0.596154,0.604167,0.607477,0.580645,
63800,0.61,0.64,0.595745,0.509434,0.544554,0.636364,0.605769,0.739583,0.650943,0.648936,0.679245,0.595745,0.585106,0.518868,0.532609,0.555556,0.5,0.510638,0.598039,0.581633,0.610526,0.714286,0.711712,0.640449,0.522523,0.449438,0.652174,0.517647,0.510417,0.644231,0.587629,0.640777,0.63964,0.550562,0.633663,0.525253,0.64,0.64,0.518182,0.633333,0.61,0.6,0.605505,0.461538,0.576923,0.53125,0.57732,0.621359,0.575472,0.56383,0.574468,0.650943,0.660377,0.62766,0.653846,0.65625,0.623762,0.575758,0.663636,0.633333,0.651786,0.534091,0.576087,0.518519,0.554455,0.626263,0.649485,0.708738,0.686275,0.622449,0.6,0.53,0.644231,0.635417,0.6,0.647619,0.632653,0.539216,0.658824,0.626087,0.618644,0.585366,0.614754,0.692308,0.529915,0.590361,0.567308,0.635417,0.618182,0.588889,0.574257,0.59596,0.62963,0.565217,0.5875,0.641667,0.61165,0.57732,0.561224,0.696078,
64000,0.634409,0.616822,0.603774,0.585106,0.660714,0.545455,0.583333,0.728261,0.66055,0.659341,0.702128,0.641509,0.475248,0.575758,0.61165,0.556701,0.653465,0.545455,0.551402,0.612903,0.663158,0.6,0.557692,0.604167,0.607143,0.670455,0.592593,0.619565,0.598039,0.632653,0.541667,0.586538,0.625,0.556818,0.655556,0.572727,0.59375,0.625,0.588889,0.581818,0.574074,0.51087,0.568807,0.56044,0.652632,0.580952,0.640777,0.608247,0.656566,0.732673,0.583333,0.608696,0.666667,0.632653,0.670103,0.621359,0.52,0.69,0.699029,0.525773,0.652174,0.472222,0.643564,0.585859,0.637363,0.541284,0.626374,0.568807,0.574074,0.619565,0.732143,0.545455,0.5,0.510638,0.62766,0.660377,0.539216,0.632653,0.511364,0.625,0.509615,0.614583,0.587156,0.692308,0.634409,0.71028,0.572816,0.639175,0.622222,0.527273,0.580357,0.659091,0.59596,0.663366,0.619565,0.694444,0.606061,0.613861,0.614583,0.615385,
64200,0.585366,0.610169,0.538462,0.65625,0.54023,0.610619,0.539326,0.558559,0.663462,0.604167,0.601942,0.494845,0.589474,0.485714,0.61165,0.587629,0.633663,0.59596,0.55814,0.596491,0.66,0.54,0.580645,0.598131,0.634409,0.570093,0.5,0.541667,0.567568,0.617978,0.584158,0.575758,0.59375,0.673077,0.67,0.56,0.626263,0.643564,0.631068,0.56701,0.521277,0.613208,0.626263,0.49505,0.633663,0.585859,0.580357,0.636364,0.711538,0.739583,0.586957,0.611111,0.688172,0.654206,0.660194,0.597938,0.543478,0.555556,0.586538,0.65625,0.6,0.566667,0.618557,0.524272,0.55102,0.578431,0.54717,0.489362,0.525253,0.564356,0.735849,0.638298,0.582524,0.649485,0.585106,0.509434,0.572816,0.515464,0.635417,0.586538,0.673913,0.546296,0.555556,0.636364,0.574257,0.727273,0.590909,0.655556,0.595238,0.568966,0.615385,0.78125,0.535088,0.674419,0.632653,0.647059,0.724138,0.513274,0.646465,0.623762,
64400,0.623762,0.59596,0.601942,0.670103,0.67619,0.631579,0.621053,0.609524,0.570175,0.488372,0.705128,0.590164,0.50495,0.545455,0.527778,0.532609,0.566372,0.528736,0.556701,0.563107,0.566038,0.648936,0.582524,0.618557,0.505495,0.623853,0.632653,0.568627,0.56,0.54,0.585859,0.623762,0.610526,0.561905,0.552083,0.682692,0.580952,0.652632,0.552083,0.586538,0.715596,0.549451,0.567308,0.59375,0.568627,0.663265,0.556701,0.592233,0.64,0.56,0.52,0.66,0.613636,0.598214,0.634409,0.588785,0.648148,0.641304,0.633663,0.646465,0.604396,0.623853,0.623762,0.585859,0.616162,0.643564,0.608696,0.611111,0.570093,0.376344,0.62766,0.622642,0.62931,0.630952,0.588785,0.623656,0.652174,0.638889,0.56,0.65,0.65,0.6,0.63,0.56,0.526316,0.639535,0.702381,0.62931,0.62,0.58,0.56044,0.614679,0.638298,0.632075,0.485437,0.608247,0.60396,0.565657,0.623656,0.64486,
64600,0.625,0.5,0.560748,0.537634,0.515464,0.524272,0.633929,0.681818,0.642202,0.571429,0.591398,0.588785,0.608247,0.679612,0.561224,0.617647,0.626263,0.693069,0.558824,0.540816,0.623656,0.635514,0.612245,0.627451,0.55102,0.490196,0.576087,0.546296,0.42,0.55,0.592593,0.684783,0.539216,0.571429,0.623762,0.565657,0.581818,0.7,0.564356,0.656566,0.564356,0.484848,0.558824,0.642857,0.504762,0.557895,0.605769,0.552083,0.655556,0.527273,0.474227,0.553398,0.546512,0.666667,0.601852,0.619565,0.465347,0.565657,0.582418,0.577982,0.62963,0.630435,0.588235,0.581633,0.575758,0.60396,0.570093,0.645161,0.61165,0.546392,0.680412,0.679612,0.516484,0.59633,0.606383,0.556604,0.590909,0.533333,0.536842,0.6,0.557895,0.657143,0.636364,0.683168,0.535354,0.673267,0.635417,0.644231,0.632184,0.637168,0.545455,0.594059,0.58,0.61,0.609524,0.589474,0.623762,0.616162,0.559633,0.56044,
64800,0.654545,0.633333,0.592593,0.619565,0.587719,0.593023,0.682243,0.645161,0.609091,0.577778,0.709302,0.45614,0.604167,0.625,0.634615,0.604167,0.539216,0.581633,0.545455,0.584158,0.451613,0.691589,0.621622,0.617978,0.5,0.608696,0.509804,0.561224,0.633929,0.715909,0.575472,0.617021,0.591837,0.5,0.602041,0.558824,0.627907,0.622807,0.654545,0.644444,0.564356,0.585859,0.670103,0.514563,0.64486,0.645161,0.648148,0.717391,0.60396,0.717172,0.589286,0.590909,0.533333,0.672727,0.58,0.7,0.571429,0.678899,0.591837,0.647059,0.615385,0.572917,0.556701,0.572816,0.666667,0.683168,0.625,0.692308,0.561905,0.578947,0.669903,0.670103,0.62766,0.59434,0.577982,0.659341,0.663551,0.698925,0.526316,0.581395,0.699029,0.618557,0.638298,0.537736,0.542857,0.705263,0.618557,0.601942,0.583333,0.557692,0.583333,0.608696,0.656566,0.693069,0.580952,0.557895,0.617021,0.59434,0.53,0.72,
65000,0.601852,0.467391,0.544554,0.666667,0.633028,0.472527,0.641304,0.675926,0.666667,0.504673,0.625,0.616071,0.476636,0.72043,0.543689,0.463918,0.520408,0.568627,0.752381,0.663158,0.54717,0.468085,0.591398,0.542056,0.546296,0.478261,0.5,0.627273,0.561798,0.657658,0.67033,0.587156,0.669811,0.585106,0.602041,0.539216,0.676768,0.643564,0.727273,0.524752,0.61165,0.597938,0.580952,0.505263,0.621053,0.495238,0.634615,0.708333,0.644231,0.541667,0.651376,0.571429,0.543478,0.62037,0.6,0.690909,0.591398,0.635514,0.547368,0.6,0.5,0.563636,0.646465,0.554455,0.516393,0.602564,0.592233,0.546392,0.555556,0.544554,0.590909,0.633929,0.673684,0.590476,0.648649,0.595506,0.566667,0.627273,0.590909,0.544444,0.641304,0.527778,0.612613,0.52809,0.581395,0.719298,0.536082,0.524272,0.66087,0.588235,0.452381,0.551724,0.709302,0.745614,0.57732,0.601942,0.583333,0.603448,0.565657,0.554455,
65200,0.647619,0.663158,0.556604,0.468085,0.597826,0.555556,0.571429,0.614679,0.718182,0.622222,0.638889,0.565217,0.608696,0.62963,0.650485,0.597938,0.54955,0.460674,0.666667,0.663462,0.601852,0.51087,0.576923,0.59375,0.601852,0.554348,0.692308,0.541667,0.676768,0.594059,0.601942,0.670103,0.663462,0.489583,0.640777,0.618557,0.663158,0.638095,0.636364,0.564356,0.553191,0.556604,0.63,0.49,0.59633,0.648352,0.528736,0.575221,0.616162,0.653465,0.594059,0.606061,0.717391,0.638889,0.606383,0.641509,0.57732,0.757282,0.564815,0.554348,0.563107,0.556701,0.680412,0.592233,0.515789,0.657143,0.650943,0.648936,0.609524,0.536842,0.6,0.609524,0.611111,0.576087,0.632075,0.56383,0.618557,0.485437,0.566372,0.574713,0.676471,0.530612,0.596491,0.604651,0.545455,0.70297,0.698925,0.616822,0.673469,0.598039,0.612245,0.607843,0.645161,0.551402,0.611111,0.7,0.641509,0.606383,0.571429,0.627451,
65400,0.660714,0.579545,0.5,0.64,0.543689,0.639175,0.563107,0.649485,0.555556,0.643564,0.700935,0.645161,0.536082,0.543689,0.543478,0.564815,0.670213,0.650943,0.581395,0.649123,0.61165,0.628866,0.520408,0.705882,0.6,0.67619,0.65625,0.557692,0.666667,0.653846,0.543689,0.525773,0.67033,0.623853,0.63,0.56,0.65,0.62,0.598131,0.580645,0.613861,0.636364,0.525253,0.584158,0.623656,0.523364,0.586538,0.677083,0.666667,0.571429,0.564356,0.656566,0.578947,0.657143,0.557895,0.533333,0.519231,0.635417,0.609524,0.652632,0.580357,0.568182,0.659794,0.650485,0.587156,0.67033,0.476636,0.677419,0.546296,0.576087,0.666667,0.608696,0.572816,0.57732,0.578431,0.561224,0.6,0.684211,0.58,0.53,0.737864,0.597938,0.576577,0.651685,0.595745,0.669811,0.634615,0.53125,0.559633,0.571429,0.616162,0.584158,0.634409,0.672897,0.557895,0.561905,0.594595,0.629213,0.554455,0.636364,
65600,0.63,0.54,0.544554,0.585859,0.654321,0.571429,0.622449,0.696078,0.666667,0.571429,0.581633,0.509804,0.528302,0.617021,0.538462,0.625,0.646465,0.683168,0.581633,0.558824,0.5,0.632653,0.675926,0.619565,0.605769,0.510417,0.584158,0.494949,0.659794,0.640777,0.644231,0.604167,0.682927,0.576271,0.67619,0.631579,0.580645,0.523364,0.630435,0.62037,0.514286,0.578947,0.53271,0.548387,0.62037,0.554348,0.666667,0.606742,0.633333,0.609091,0.589474,0.628571,0.548077,0.635417,0.601695,0.670732,0.582524,0.525773,0.530612,0.539216,0.580645,0.616822,0.633929,0.522727,0.569892,0.570093,0.605505,0.582418,0.71134,0.543689,0.614583,0.663462,0.561224,0.54902,0.571429,0.54902,0.55102,0.529412,0.626087,0.635294,0.59596,0.643564,0.550562,0.621622,0.561224,0.558824,0.546392,0.650485,0.656863,0.561224,0.633929,0.625,0.615385,0.614583,0.663366,0.686869,0.648936,0.603774,0.589474,0.561905,
65800,0.656863,0.632653,0.556701,0.553398,0.595745,0.603774,0.630631,0.674157,0.666667,0.683673,0.62037,0.543478,0.46789,0.648352,0.594059,0.565657,0.584906,0.617021,0.47,0.57,0.594595,0.58427,0.515464,0.669903,0.629213,0.522523,0.596154,0.614583,0.517647,0.582609,0.457944,0.623656,0.516129,0.495327,0.52,0.59,0.572727,0.588889,0.536364,0.722222,0.522523,0.494382,0.544554,0.575758,0.54902,0.612245,0.550459,0.538462,0.618557,0.592233,0.618182,0.544444,0.652632,0.72381,0.447917,0.673077,0.655462,0.617284,0.626263,0.60396,0.589474,0.571429,0.721154,0.572917,0.6875,0.490385,0.515464,0.621359,0.525253,0.524752,0.62766,0.650943,0.590476,0.684211,0.602041,0.558824,0.628866,0.563107,0.526882,0.626168,0.722772,0.737374,0.62963,0.576087,0.557895,0.619048,0.630435,0.564815,0.69,0.61,0.616162,0.49505,0.587719,0.488372,0.598214,0.545455,0.578947,0.514286,0.504854,0.587629,
66000,0.673267,0.565657,0.566667,0.5875,0.579832,0.617284,0.57732,0.640777,0.647619,0.642105,0.604396,0.587156,0.493333,0.728,0.555556,0.521739,0.578947,0.647619,0.593407,0.541284,0.616162,0.554455,0.510638,0.537736,0.570093,0.55914,0.627451,0.540816,0.54902,0.591837,0.6,0.580952,0.666667,0.571429,0.576471,0.617391,0.585859,0.712871,0.584158,0.616162,0.591837,0.578431,0.554455,0.585859,0.61,0.53,0.552083,0.596154,0.630631,0.674157,0.601852,0.630435,0.645833,0.625,0.633663,0.585859,0.585106,0.584906,0.536842,0.619048,0.517857,0.613636,0.715596,0.582418,0.542553,0.641509,0.56701,0.601942,0.669725,0.626374,0.657895,0.511628,0.635514,0.591398,0.612069,0.535714,0.626263,0.594059,0.495575,0.655172,0.676471,0.673469,0.554455,0.636364,0.6,0.633333,0.547368,0.647619,0.666667,0.532609,0.537736,0.617021,0.659341,0.614679,0.519231,0.729167,0.640777,0.690722,0.66,0.69,
66200,0.663158,0.609524,0.56383,0.566038,0.471154,0.583333,0.572917,0.615385,0.682692,0.520833,0.527473,0.550459,0.645833,0.586538,0.61,0.6,0.631068,0.56701,0.542857,0.505263,0.54,0.53,0.554348,0.583333,0.585106,0.528302,0.553191,0.509434,0.569892,0.560748,0.561224,0.558824,0.740385,0.520833,0.663265,0.588235,0.642857,0.579545,0.603774,0.617021,0.631068,0.546392,0.539216,0.612245,0.611111,0.576087,0.56383,0.641509,0.642857,0.588235,0.556701,0.669903,0.582524,0.670103,0.616071,0.636364,0.666667,0.51087,0.578947,0.627907,0.619048,0.62931,0.504673,0.602151,0.53271,0.494624,0.579545,0.660714,0.570093,0.55914,0.606061,0.643564,0.623762,0.616162,0.602041,0.656863,0.59596,0.514851,0.623762,0.585859,0.67033,0.568807,0.518868,0.702128,0.483871,0.663551,0.637363,0.568807,0.752577,0.533981,0.636364,0.584158,0.6,0.652632,0.585586,0.617978,0.584158,0.666667,0.595506,0.612613,
66400,0.666667,0.643564,0.574074,0.630435,0.534653,0.686869,0.66,0.73,0.641975,0.689076,0.596154,0.520833,0.553571,0.477273,0.486239,0.593407,0.56701,0.514563,0.597938,0.582524,0.631068,0.57732,0.577778,0.581818,0.651376,0.571429,0.598131,0.677419,0.645455,0.655556,0.655914,0.616822,0.571429,0.588235,0.663158,0.552381,0.61165,0.649485,0.652632,0.561905,0.531532,0.58427,0.5625,0.586538,0.567308,0.65625,0.477778,0.609091,0.642857,0.588235,0.447917,0.576923,0.656566,0.623762,0.631579,0.590476,0.66055,0.626374,0.568627,0.591837,0.616162,0.60396,0.670213,0.518868,0.626087,0.635294,0.655172,0.707965,0.589474,0.552381,0.688073,0.659341,0.555556,0.574257,0.56383,0.622642,0.64,0.62,0.616071,0.522727,0.740741,0.695652,0.56,0.62,0.604396,0.623853,0.627451,0.612245,0.495146,0.525773,0.563107,0.721649,0.633333,0.672727,0.616822,0.709677,0.653846,0.572917,0.685185,0.576087,
66600,0.732673,0.585859,0.62037,0.48913,0.708333,0.625,0.645833,0.596154,0.574257,0.606061,0.688312,0.552846,0.59375,0.490385,0.522222,0.545455,0.6,0.514286,0.594059,0.515152,0.626168,0.569892,0.653846,0.572917,0.64486,0.612903,0.607843,0.520408,0.60396,0.636364,0.65625,0.528846,0.59375,0.586538,0.58,0.49,0.606383,0.669811,0.602151,0.598131,0.659574,0.528302,0.540816,0.539216,0.607843,0.622449,0.686869,0.613861,0.692308,0.577982,0.55,0.69,0.609524,0.652632,0.612245,0.598039,0.537037,0.565217,0.524272,0.628866,0.678261,0.6,0.639175,0.543689,0.583333,0.548077,0.569892,0.504673,0.59434,0.585106,0.595745,0.613208,0.566038,0.574468,0.514563,0.463918,0.632075,0.56383,0.566667,0.563636,0.62069,0.583333,0.490385,0.5625,0.538462,0.625,0.596639,0.62963,0.7,0.57,0.514563,0.649485,0.666667,0.615385,0.627451,0.520408,0.552381,0.621053,0.542553,0.603774,
66800,0.656566,0.653465,0.577982,0.626374,0.609195,0.548673,0.557692,0.614583,0.648352,0.66055,0.702128,0.59434,0.515789,0.647619,0.60396,0.59596,0.580952,0.557895,0.633663,0.686869,0.566038,0.56383,0.521277,0.650943,0.54,0.62,0.72043,0.514019,0.552381,0.684211,0.575758,0.623762,0.741071,0.579545,0.632653,0.637255,0.634409,0.635514,0.571429,0.627451,0.738318,0.602151,0.528302,0.574468,0.659794,0.533981,0.663158,0.619048,0.645833,0.682692,0.669903,0.608247,0.677083,0.625,0.597938,0.563107,0.57732,0.621359,0.52,0.56,0.523364,0.655914,0.704545,0.517857,0.490385,0.635417,0.609524,0.568421,0.591837,0.558824,0.637931,0.714286,0.545455,0.522222,0.561905,0.557895,0.585106,0.622642,0.615385,0.583333,0.631068,0.670103,0.59596,0.613861,0.566372,0.701149,0.630631,0.58427,0.614583,0.586538,0.650943,0.606383,0.637363,0.623853,0.606383,0.566038,0.60396,0.686869,0.57732,0.582524,
67000,0.69,0.68,0.571429,0.605505,0.468085,0.556604,0.677419,0.626168,0.69,0.57,0.626263,0.60396,0.564815,0.532609,0.552381,0.610526,0.623762,0.494949,0.519231,0.5625,0.63,0.53,0.645833,0.644231,0.693878,0.607843,0.542857,0.610526,0.619048,0.663158,0.670455,0.589286,0.712766,0.650943,0.762376,0.707071,0.65,0.52,0.6,0.578947,0.541667,0.586538,0.57,0.51,0.6,0.6,0.595745,0.641509,0.623762,0.636364,0.666667,0.594059,0.666667,0.653846,0.6,0.609524,0.558824,0.622449,0.633028,0.615385,0.625,0.511364,0.696629,0.558559,0.663551,0.580645,0.623853,0.571429,0.591837,0.509804,0.505376,0.598131,0.591837,0.568627,0.578947,0.593023,0.584158,0.666667,0.588889,0.609091,0.683673,0.578431,0.623853,0.648352,0.554622,0.691358,0.669903,0.597938,0.657658,0.52809,0.636364,0.598214,0.617978,0.666667,0.541667,0.605769,0.647059,0.704082,0.590476,0.694737,
67200,0.558824,0.612245,0.622642,0.648936,0.643678,0.59292,0.666667,0.681818,0.539216,0.602041,0.648649,0.483146,0.505051,0.623762,0.722222,0.576087,0.652174,0.62037,0.59633,0.593407,0.56701,0.592233,0.598131,0.548387,0.651685,0.594595,0.527778,0.554348,0.622642,0.585106,0.520408,0.656863,0.598039,0.602041,0.555556,0.5,0.54902,0.581633,0.594595,0.550562,0.57,0.52,0.568182,0.535714,0.645161,0.598131,0.516484,0.559633,0.62963,0.619565,0.554348,0.592593,0.727273,0.574257,0.598039,0.602041,0.568627,0.622449,0.53,0.67,0.612903,0.598131,0.571429,0.568421,0.568421,0.552381,0.6,0.515789,0.61,0.65,0.548077,0.520833,0.551402,0.645161,0.540816,0.627451,0.545455,0.584158,0.557692,0.666667,0.721649,0.582524,0.608247,0.631068,0.53125,0.634615,0.586538,0.697917,0.629213,0.540541,0.52,0.64,0.602151,0.700935,0.561905,0.610526,0.67033,0.504587,0.625,0.682692,
67400,0.626263,0.693069,0.464912,0.569767,0.590909,0.5625,0.636364,0.643564,0.628319,0.643678,0.62766,0.556604,0.568421,0.619048,0.631579,0.52381,0.666667,0.530612,0.607843,0.591837,0.644444,0.5,0.563636,0.6,0.564356,0.636364,0.518519,0.48913,0.73,0.66,0.591837,0.578431,0.69697,0.50495,0.616162,0.524752,0.606061,0.673267,0.611111,0.641304,0.571429,0.578431,0.613861,0.636364,0.615385,0.552083,0.586538,0.604167,0.555556,0.645455,0.574257,0.686869,0.637255,0.72449,0.5,0.730769,0.695238,0.526316,0.6,0.618182,0.541284,0.67033,0.597938,0.601942,0.677083,0.625,0.581633,0.578431,0.617021,0.603774,0.581395,0.605263,0.602151,0.64486,0.613208,0.553191,0.598214,0.602273,0.540541,0.561798,0.685393,0.63964,0.574074,0.521739,0.517241,0.646018,0.592233,0.608247,0.657407,0.565217,0.626087,0.517647,0.594595,0.662921,0.6,0.7,0.694915,0.573171,0.565217,0.601852,
67600,0.653846,0.479167,0.63,0.63,0.623762,0.59596,0.623762,0.636364,0.642857,0.715686,0.535714,0.579545,0.454545,0.653465,0.673077,0.59375,0.776596,0.575472,0.549451,0.605505,0.621359,0.628866,0.546512,0.719298,0.637363,0.559633,0.557692,0.614583,0.564103,0.626506,0.481818,0.555556,0.479167,0.615385,0.51,0.63,0.61165,0.57732,0.626263,0.693069,0.53125,0.567308,0.571429,0.526316,0.612245,0.656863,0.639175,0.563107,0.731959,0.592233,0.591837,0.5,0.653846,0.645833,0.621053,0.619048,0.571429,0.589474,0.645455,0.566667,0.572917,0.615385,0.591837,0.647059,0.621359,0.608247,0.543689,0.618557,0.590476,0.557895,0.634409,0.607477,0.510204,0.715686,0.656566,0.663366,0.567308,0.375,0.55102,0.539216,0.59375,0.663462,0.586207,0.619469,0.5625,0.711538,0.636364,0.544554,0.581818,0.544444,0.526316,0.647619,0.633663,0.666667,0.593023,0.578947,0.60177,0.62069,0.593407,0.688073,
67800,0.702128,0.54717,0.646465,0.554455,0.597826,0.592593,0.614679,0.692308,0.711538,0.697917,0.673077,0.53125,0.484848,0.633663,0.602041,0.715686,0.494949,0.514851,0.66055,0.604396,0.555556,0.60396,0.606061,0.613861,0.643678,0.522124,0.565657,0.574257,0.515464,0.68932,0.580952,0.663158,0.6,0.494737,0.587629,0.572816,0.683168,0.606061,0.651685,0.531532,0.634783,0.576471,0.58,0.52,0.622449,0.588235,0.62,0.71,0.705882,0.53913,0.637255,0.642857,0.608247,0.592233,0.62,0.65,0.617021,0.632075,0.627451,0.510204,0.580952,0.536842,0.666667,0.540816,0.521739,0.62963,0.588235,0.663265,0.632184,0.486726,0.486726,0.586207,0.588785,0.591398,0.475248,0.606061,0.527778,0.576087,0.554348,0.509259,0.627451,0.602041,0.565657,0.633663,0.551724,0.646018,0.51087,0.611111,0.623762,0.646465,0.655914,0.616822,0.626168,0.655914,0.660194,0.536082,0.583333,0.576923,0.525773,0.582524,
68000,0.690722,0.553398,0.55914,0.579439,0.645161,0.514019,0.666667,0.654206,0.55914,0.616822,0.589474,0.657143,0.583333,0.596154,0.509434,0.670213,0.537736,0.553191,0.558559,0.651685,0.54955,0.573034,0.526882,0.691589,0.607477,0.612903,0.623853,0.516484,0.717391,0.666667,0.582524,0.680412,0.65625,0.538462,0.674157,0.54955,0.673469,0.598039,0.6,0.617391,0.625,0.552083,0.561798,0.567568,0.588235,0.571429,0.49505,0.636364,0.585859,0.673267,0.629213,0.612613,0.62766,0.59434,0.67,0.73,0.65625,0.682692,0.655556,0.636364,0.6875,0.663462,0.580357,0.590909,0.604396,0.577982,0.57732,0.592233,0.584158,0.565657,0.515789,0.609524,0.572816,0.587629,0.617021,0.584906,0.626168,0.666667,0.64,0.62,0.636364,0.574257,0.5625,0.692308,0.597938,0.563107,0.659341,0.577982,0.693182,0.625,0.626168,0.634409,0.556604,0.62766,0.552083,0.673077,0.694737,0.590476,0.680412,0.592233,
68200,0.642105,0.695238,0.604396,0.522936,0.631068,0.680412,0.61165,0.608247,0.619469,0.689655,0.586538,0.583333,0.478261,0.601852,0.555556,0.594059,0.548077,0.447917,0.539216,0.55102,0.59596,0.554455,0.652632,0.590476,0.540816,0.460784,0.508929,0.602273,0.485714,0.684211,0.518519,0.630435,0.603774,0.606383,0.6,0.609524,0.646018,0.597701,0.555556,0.565217,0.552381,0.673684,0.634615,0.65625,0.651376,0.505495,0.564706,0.626087,0.701923,0.708333,0.64486,0.602151,0.571429,0.6,0.779817,0.637363,0.612245,0.676471,0.468085,0.584906,0.653061,0.598039,0.683673,0.5,0.504348,0.564706,0.528846,0.572917,0.557692,0.635417,0.595506,0.657658,0.670213,0.745283,0.574074,0.641304,0.494949,0.554455,0.514286,0.557895,0.676768,0.693069,0.530612,0.676471,0.636364,0.732673,0.631068,0.525773,0.566667,0.554545,0.625,0.644231,0.552381,0.536842,0.610526,0.590476,0.670103,0.553398,0.706422,0.626374,
68400,0.673684,0.647619,0.645161,0.579439,0.564815,0.597826,0.588785,0.645161,0.597938,0.592233,0.588235,0.642857,0.523364,0.55914,0.540816,0.598039,0.666667,0.5,0.536364,0.555556,0.618557,0.592233,0.649485,0.640777,0.524752,0.474747,0.5625,0.548077,0.526316,0.628571,0.612245,0.696078,0.625,0.614583,0.711712,0.674157,0.650485,0.659794,0.6,0.54,0.588889,0.654545,0.632075,0.648936,0.6,0.666667,0.574468,0.632075,0.650943,0.62766,0.53211,0.593407,0.62963,0.586957,0.632653,0.598039,0.685714,0.684211,0.59,0.63,0.647727,0.526786,0.707865,0.558559,0.53271,0.666667,0.533333,0.581818,0.494737,0.619048,0.554455,0.555556,0.688889,0.645455,0.454545,0.571429,0.652542,0.597561,0.519608,0.581633,0.708333,0.663462,0.565657,0.712871,0.603774,0.702128,0.627273,0.644444,0.638889,0.717391,0.473684,0.580952,0.615385,0.625,0.590476,0.536842,0.598214,0.738636,0.59596,0.663366,
68600,0.67619,0.642105,0.550459,0.626374,0.602151,0.579439,0.66,0.66,0.67,0.64,0.647059,0.642857,0.5,0.638889,0.72549,0.622449,0.534091,0.553571,0.54902,0.530612,0.585859,0.554455,0.742574,0.505051,0.547368,0.514286,0.59434,0.56383,0.56701,0.640777,0.672897,0.612903,0.592593,0.5,0.595238,0.681034,0.588235,0.683673,0.637255,0.632653,0.532609,0.546296,0.662921,0.612613,0.581818,0.544444,0.636364,0.653465,0.647059,0.683673,0.645833,0.576923,0.582418,0.669725,0.645161,0.663551,0.592593,0.630435,0.644231,0.572917,0.568182,0.598214,0.663265,0.588235,0.574074,0.608696,0.613861,0.585859,0.586538,0.666667,0.669811,0.617021,0.633333,0.563636,0.617647,0.591837,0.603604,0.52809,0.555556,0.524752,0.566038,0.606383,0.581633,0.666667,0.564815,0.73913,0.680412,0.592233,0.758621,0.619469,0.579439,0.612903,0.575,0.675,0.483146,0.621622,0.71028,0.580645,0.639175,0.582524,
68800,0.635514,0.623656,0.640777,0.505155,0.649485,0.563107,0.628571,0.505263,0.627273,0.622222,0.592233,0.56701,0.5,0.704545,0.520833,0.682692,0.576087,0.555556,0.601942,0.505155,0.619048,0.526316,0.616162,0.574257,0.559633,0.582418,0.563107,0.587629,0.579439,0.645161,0.572917,0.615385,0.707071,0.574257,0.607843,0.540816,0.590909,0.677778,0.589286,0.568182,0.518868,0.617021,0.565217,0.564815,0.656863,0.581633,0.626168,0.569892,0.615385,0.6875,0.53,0.61,0.553191,0.641509,0.580645,0.719626,0.557692,0.583333,0.610526,0.571429,0.565657,0.584158,0.578947,0.47619,0.575758,0.673267,0.569892,0.654206,0.583333,0.586538,0.53125,0.567308,0.578947,0.6,0.632653,0.617647,0.607843,0.561224,0.5,0.653061,0.645833,0.644231,0.565657,0.693069,0.555556,0.586957,0.574257,0.606061,0.647059,0.654321,0.625,0.625,0.583333,0.717391,0.628866,0.524272,0.627273,0.666667,0.612245,0.627451,
69000,0.526882,0.588785,0.528846,0.583333,0.529412,0.602041,0.639175,0.601942,0.612245,0.558824,0.57732,0.640777,0.504762,0.578947,0.548387,0.560748,0.681319,0.633028,0.59596,0.594059,0.640351,0.523256,0.591837,0.54902,0.552381,0.663158,0.597938,0.533981,0.607477,0.655914,0.660377,0.542553,0.589474,0.52381,0.637255,0.581633,0.618557,0.61165,0.617021,0.707547,0.62,0.65,0.5,0.578947,0.598039,0.5,0.635514,0.666667,0.654206,0.688172,0.614583,0.596154,0.69697,0.663366,0.65,0.55,0.669725,0.648352,0.567308,0.541667,0.563636,0.7,0.666667,0.471154,0.617021,0.641509,0.621622,0.674157,0.556604,0.595745,0.670103,0.592233,0.474747,0.712871,0.722772,0.676768,0.635417,0.596154,0.51,0.48,0.680851,0.613208,0.603604,0.674157,0.673267,0.626263,0.708333,0.596154,0.642202,0.648352,0.606383,0.669811,0.570093,0.612903,0.568421,0.628571,0.533333,0.589474,0.596154,0.59375,
69200,0.666667,0.475248,0.636364,0.584158,0.695652,0.62037,0.648649,0.595506,0.619565,0.592593,0.569892,0.542056,0.541284,0.615385,0.511364,0.544643,0.575472,0.606383,0.574713,0.60177,0.607843,0.561224,0.617647,0.602041,0.631579,0.657143,0.622642,0.776596,0.655914,0.672897,0.606383,0.613208,0.632653,0.539216,0.614679,0.626374,0.542553,0.679245,0.479167,0.653846,0.56701,0.553398,0.553191,0.54717,0.518519,0.652174,0.587629,0.61165,0.632653,0.696078,0.59,0.62,0.639175,0.660194,0.54,0.59,0.537037,0.652174,0.592233,0.628866,0.621053,0.714286,0.619048,0.568966,0.584158,0.575758,0.631068,0.608247,0.585106,0.556604,0.618557,0.592233,0.59434,0.606383,0.587156,0.571429,0.637168,0.597701,0.626506,0.478632,0.618557,0.601942,0.675926,0.576087,0.666667,0.654867,0.696429,0.5,0.59434,0.595745,0.597826,0.638889,0.597938,0.679612,0.527473,0.577982,0.58,0.57,0.581633,0.666667,
69400,0.621053,0.52381,0.618182,0.6,0.630435,0.537037,0.597938,0.631068,0.628866,0.553398,0.673469,0.558824,0.484536,0.699029,0.577778,0.627273,0.558559,0.662921,0.619565,0.546296,0.653061,0.558824,0.558824,0.653061,0.604167,0.557692,0.566667,0.563636,0.623762,0.666667,0.447619,0.589474,0.636364,0.623762,0.679612,0.515464,0.517241,0.486726,0.61,0.55,0.618557,0.563107,0.602041,0.529412,0.700935,0.602151,0.6,0.631579,0.59375,0.586538,0.558824,0.704082,0.690909,0.633333,0.622222,0.590909,0.533333,0.610526,0.591837,0.607843,0.533981,0.56701,0.613861,0.555556,0.533981,0.670103,0.504854,0.56701,0.561905,0.6,0.682692,0.625,0.558824,0.581633,0.566667,0.5375,0.582524,0.546392,0.606383,0.566038,0.67,0.62,0.607843,0.612245,0.547368,0.704762,0.67,0.62,0.75,0.625,0.6,0.609524,0.558559,0.685393,0.61,0.58,0.516129,0.588785,0.588785,0.698925,
69600,0.673267,0.555556,0.595506,0.621622,0.489796,0.588235,0.593407,0.587156,0.548387,0.616822,0.555556,0.576087,0.466019,0.597938,0.539216,0.663265,0.584158,0.565657,0.621359,0.608247,0.59375,0.576923,0.576923,0.583333,0.572917,0.596154,0.55,0.59,0.640777,0.680412,0.663158,0.609524,0.673913,0.583333,0.627907,0.552632,0.57732,0.601942,0.630631,0.516854,0.545455,0.588889,0.568627,0.571429,0.61,0.59,0.594059,0.585859,0.612903,0.626168,0.539823,0.551724,0.711712,0.539326,0.652174,0.583333,0.580645,0.598131,0.679012,0.613445,0.653846,0.59375,0.534653,0.616162,0.6,0.694737,0.53125,0.576923,0.55,0.54,0.606061,0.613861,0.568182,0.660714,0.59,0.62,0.522936,0.516484,0.542056,0.55914,0.736842,0.6,0.482353,0.573913,0.5,0.663462,0.597938,0.601942,0.595745,0.669811,0.637255,0.622449,0.57,0.67,0.619048,0.452632,0.642857,0.647059,0.55102,0.529412,
69800,0.645455,0.611111,0.527473,0.59633,0.493827,0.529412,0.589474,0.609524,0.590476,0.610526,0.540816,0.627451,0.54902,0.632653,0.586207,0.59292,0.598039,0.612245,0.582609,0.588235,0.57265,0.590361,0.598214,0.579545,0.572816,0.556701,0.632911,0.520661,0.578431,0.469388,0.534653,0.626263,0.56701,0.533981,0.61,0.52,0.643564,0.59596,0.678261,0.611765,0.697917,0.644231,0.571429,0.587156,0.701031,0.592233,0.643564,0.636364,0.657143,0.578947,0.7,0.672727,0.636364,0.633663,0.580645,0.588785,0.59633,0.538462,0.653061,0.568627,0.543103,0.630952,0.604651,0.570175,0.590476,0.536842,0.651786,0.647727,0.650943,0.691489,0.59596,0.70297,0.663462,0.583333,0.597826,0.62037,0.650943,0.617021,0.575758,0.544554,0.647619,0.684211,0.6,0.56,0.602273,0.678571,0.587629,0.553398,0.607477,0.602151,0.553398,0.56701,0.554455,0.686869,0.574713,0.619469,0.518519,0.586957,0.642105,0.6,
70000,0.596491,0.593023,0.59434,0.574468,0.606061,0.70297,0.627273,0.7,0.669811,0.680851,0.50495,0.565657,0.532609,0.62963,0.577778,0.609091,0.616822,0.645161,0.540816,0.617647,0.612245,0.617647,0.53271,0.677419,0.574257,0.535354,0.575472,0.5,0.55102,0.588235,0.554455,0.59596,0.526316,0.52381,0.48913,0.546296,0.538462,0.614583,0.555556,0.673267,0.515464,0.446602,0.54902,0.622449,0.593407,0.559633,0.602041,0.558824,0.663551,0.591398,0.591837,0.607843,0.636364,0.666667,0.602041,0.598039,0.59434,0.585106,0.670213,0.59434,0.6,0.609524,0.617978,0.612613,0.584906,0.670213,0.591398,0.570093,0.647619,0.494737,0.617647,0.653061,0.619048,0.642105,0.643564,0.59596,0.558824,0.571429,0.528846,0.552083,0.648352,0.623853,0.563636,0.555556,0.598131,0.548387,0.683168,0.616162,0.623762,0.646465,0.504673,0.548387,0.655462,0.604938,0.626263,0.554455,0.603774,0.606383,0.68,0.58,
70200,0.669725,0.615385,0.565657,0.554455,0.532609,0.592593,0.617647,0.642857,0.59,0.62,0.612903,0.598131,0.551724,0.60177,0.659574,0.632075,0.543689,0.659794,0.619048,0.578947,0.632653,0.588235,0.578431,0.581633,0.511364,0.455357,0.601942,0.525773,0.647059,0.683673,0.6,0.53,0.679245,0.510638,0.715686,0.489796,0.585859,0.60396,0.591837,0.607843,0.587629,0.504854,0.509804,0.561224,0.656566,0.574257,0.554455,0.616162,0.656566,0.633663,0.68,0.53,0.555556,0.594059,0.594595,0.629213,0.60177,0.62069,0.531915,0.566038,0.586207,0.607143,0.628571,0.526316,0.552381,0.589474,0.602041,0.588235,0.62037,0.532609,0.642105,0.6,0.618557,0.621359,0.552083,0.673077,0.50495,0.616162,0.592233,0.618557,0.528846,0.59375,0.55102,0.598039,0.623853,0.637363,0.557692,0.59375,0.602041,0.568627,0.529412,0.617391,0.627451,0.663265,0.586957,0.638889,0.650485,0.608247,0.613208,0.585106,
70400,0.71134,0.631068,0.565657,0.60396,0.639535,0.578947,0.552083,0.615385,0.59,0.62,0.557692,0.520833,0.520408,0.617647,0.53,0.55,0.606383,0.54717,0.5625,0.548077,0.601942,0.628866,0.628571,0.6,0.636364,0.534653,0.588235,0.55102,0.625,0.59375,0.69,0.67,0.663636,0.633333,0.679612,0.587629,0.698925,0.64486,0.586207,0.59292,0.576087,0.601852,0.543689,0.525773,0.53125,0.615385,0.546392,0.601942,0.592233,0.701031,0.551402,0.505376,0.62766,0.622642,0.568182,0.633929,0.561224,0.72549,0.588235,0.571429,0.669811,0.595745,0.627451,0.622449,0.575758,0.594059,0.553571,0.534091,0.582524,0.587629,0.579439,0.698925,0.626168,0.774194,0.602273,0.732143,0.586538,0.666667,0.638095,0.578947,0.663158,0.609524,0.574074,0.652174,0.555556,0.60396,0.666667,0.6,0.607477,0.623656,0.545455,0.584158,0.49505,0.656566,0.68,0.62,0.64,0.55,0.554348,0.574074,
70600,0.661157,0.607595,0.59,0.59,0.55914,0.607477,0.623762,0.69697,0.647727,0.544643,0.639175,0.592233,0.602151,0.626168,0.520833,0.615385,0.633028,0.582418,0.596154,0.59375,0.636364,0.50495,0.583333,0.615385,0.56,0.53,0.578431,0.540816,0.587156,0.604396,0.636364,0.60396,0.666667,0.573034,0.566038,0.617021,0.627451,0.581633,0.446809,0.566038,0.455556,0.572727,0.589474,0.571429,0.651376,0.626374,0.686869,0.534653,0.535354,0.693069,0.575472,0.542553,0.612903,0.598131,0.660377,0.585106,0.666667,0.681416,0.621359,0.608247,0.533333,0.536842,0.581633,0.627451,0.54717,0.56383,0.638095,0.642105,0.574468,0.566038,0.581633,0.637255,0.504673,0.623656,0.59434,0.595745,0.57,0.64,0.55,0.63,0.633663,0.535354,0.647619,0.642105,0.595745,0.59434,0.65,0.575,0.578947,0.552381,0.621359,0.639175,0.636364,0.653465,0.612903,0.523364,0.657407,0.630435,0.607143,0.637931,
70800,0.7,0.688889,0.526316,0.67619,0.522523,0.685393,0.622642,0.659574,0.654321,0.588235,0.655556,0.6,0.517544,0.534884,0.490385,0.552083,0.62,0.57,0.565657,0.534653,0.54717,0.595745,0.633663,0.545455,0.591398,0.53271,0.5,0.510638,0.638095,0.536842,0.54717,0.574468,0.636364,0.517857,0.659794,0.61165,0.561798,0.603604,0.610526,0.542857,0.585859,0.653465,0.540816,0.54902,0.632075,0.56383,0.663462,0.635417,0.676471,0.591837,0.577778,0.581818,0.623529,0.66087,0.553191,0.679245,0.64486,0.634409,0.642105,0.514286,0.693069,0.656566,0.581395,0.614035,0.518868,0.468085,0.656566,0.574257,0.663158,0.666667,0.621359,0.701031,0.555556,0.673913,0.545455,0.663366,0.650485,0.57732,0.57732,0.582524,0.642857,0.646552,0.646465,0.712871,0.566265,0.649573,0.589474,0.571429,0.598131,0.516129,0.62766,0.575472,0.515152,0.693069,0.571429,0.637255,0.59375,0.673077,0.580952,0.652632,
71000,0.670588,0.547826,0.539326,0.594595,0.603774,0.62766,0.598131,0.623656,0.606383,0.613208,0.591837,0.539216,0.504673,0.591398,0.505263,0.6,0.616162,0.49505,0.601942,0.56701,0.608247,0.592233,0.594595,0.651685,0.584906,0.638298,0.693878,0.637255,0.679612,0.680412,0.679245,0.691489,0.70297,0.585859,0.721649,0.553398,0.688172,0.598131,0.575758,0.445545,0.645161,0.542056,0.602041,0.656863,0.509804,0.459184,0.604167,0.644231,0.543689,0.680412,0.534653,0.585859,0.555556,0.663366,0.607843,0.663265,0.513274,0.666667,0.6,0.6,0.56383,0.641509,0.666667,0.631579,0.583333,0.673077,0.614679,0.67033,0.557895,0.580952,0.637255,0.642857,0.584906,0.617021,0.57,0.66,0.546296,0.641304,0.568421,0.590476,0.632653,0.568627,0.565657,0.594059,0.663265,0.598039,0.585859,0.60396,0.612245,0.715686,0.585859,0.574257,0.632075,0.606383,0.545455,0.571429,0.69,0.66,0.575758,0.574257,
71200,0.673913,0.648148,0.617647,0.540816,0.540541,0.674157,0.53125,0.576923,0.698113,0.638298,0.638298,0.509434,0.489362,0.5,0.587629,0.621359,0.568807,0.538462,0.5,0.59,0.651376,0.703297,0.516484,0.577982,0.576087,0.592593,0.526316,0.638095,0.579439,0.688172,0.561983,0.64557,0.634615,0.65625,0.595745,0.622642,0.635417,0.634615,0.677083,0.471154,0.606061,0.544554,0.63,0.56,0.581633,0.431373,0.647059,0.573913,0.663551,0.591398,0.56383,0.59434,0.730769,0.645833,0.677778,0.581818,0.58,0.62,0.596154,0.583333,0.607477,0.645161,0.658824,0.565217,0.711111,0.545455,0.663366,0.555556,0.494737,0.52381,0.6,0.6375,0.673684,0.6,0.6,0.577778,0.56383,0.622642,0.646465,0.594059,0.715686,0.520408,0.586957,0.657407,0.579545,0.571429,0.59,0.53,0.6,0.590476,0.541667,0.644231,0.608696,0.729412,0.550459,0.615385,0.663265,0.568627,0.603604,0.674157,
71400,0.657407,0.663043,0.598039,0.602041,0.641509,0.574468,0.634615,0.666667,0.673913,0.638889,0.588785,0.494624,0.480769,0.552083,0.602041,0.656863,0.623853,0.483516,0.589474,0.580952,0.626263,0.554455,0.666667,0.663636,0.607477,0.419355,0.682692,0.5,0.625,0.681818,0.673267,0.575758,0.697248,0.527473,0.623656,0.682243,0.677083,0.653846,0.666667,0.609091,0.617021,0.54717,0.529412,0.617391,0.602041,0.54902,0.652174,0.564815,0.738739,0.550562,0.602041,0.588235,0.648352,0.577982,0.561224,0.598039,0.605505,0.648352,0.59,0.62,0.533333,0.609091,0.759494,0.644628,0.67,0.65,0.606061,0.613861,0.591837,0.588235,0.659574,0.669811,0.542857,0.694737,0.551724,0.637168,0.6,0.5,0.524752,0.636364,0.645161,0.626168,0.561224,0.656863,0.631579,0.639535,0.575758,0.564356,0.561224,0.588235,0.581197,0.614458,0.606061,0.584158,0.619565,0.509259,0.66,0.52,0.641509,0.670213,
71600,0.626168,0.580645,0.622449,0.480392,0.568182,0.571429,0.541667,0.615385,0.636364,0.580357,0.60396,0.535354,0.495146,0.57732,0.555556,0.608696,0.598131,0.55914,0.531915,0.566038,0.640449,0.585586,0.517647,0.608696,0.553398,0.546392,0.575472,0.574468,0.61,0.61,0.663265,0.588235,0.61165,0.536082,0.663366,0.494949,0.634409,0.607477,0.686441,0.560976,0.546392,0.621359,0.601942,0.556701,0.623853,0.593407,0.614583,0.596154,0.590476,0.694737,0.678161,0.654867,0.56701,0.669903,0.573034,0.666667,0.587629,0.631068,0.649123,0.616279,0.663551,0.677419,0.580952,0.589474,0.680851,0.518868,0.537634,0.635514,0.541284,0.604396,0.555556,0.673913,0.55,0.62,0.607843,0.540816,0.622642,0.56383,0.595745,0.632075,0.63964,0.662921,0.61,0.57,0.5,0.691667,0.529412,0.730435,0.606383,0.443396,0.527778,0.695652,0.655556,0.636364,0.597938,0.572816,0.673267,0.626263,0.6,0.619048,
71800,0.648936,0.584906,0.61,0.65,0.670103,0.592233,0.644231,0.625,0.652632,0.580952,0.633663,0.525253,0.505051,0.643564,0.575472,0.617021,0.578947,0.628571,0.57732,0.68932,0.540816,0.676471,0.695238,0.673684,0.626263,0.50495,0.608247,0.582524,0.598131,0.602151,0.693878,0.578431,0.731183,0.523364,0.708333,0.653846,0.69,0.63,0.685393,0.648649,0.608247,0.601942,0.526786,0.522727,0.6,0.59,0.666667,0.623762,0.621053,0.628571,0.505155,0.524272,0.655914,0.719626,0.580645,0.64486,0.650943,0.56383,0.660377,0.617021,0.568627,0.622449,0.6875,0.557692,0.633028,0.648352,0.535354,0.594059,0.62931,0.630952,0.6,0.571429,0.553191,0.632075,0.556701,0.61165,0.642105,0.580952,0.550459,0.604396,0.690722,0.640777,0.595745,0.603774,0.541667,0.701923,0.580645,0.682243,0.564356,0.555556,0.617647,0.693878,0.551724,0.654762,0.538462,0.59375,0.575758,0.584158,0.586957,0.583333,
72000,0.626374,0.605505,0.53271,0.612903,0.597938,0.631068,0.505155,0.68932,0.659794,0.621359,0.6,0.542857,0.57732,0.61165,0.613861,0.616162,0.640449,0.540541,0.584158,0.626263,0.612245,0.598039,0.514286,0.726316,0.632653,0.480392,0.56,0.47,0.583333,0.519231,0.605769,0.572917,0.741935,0.485981,0.647619,0.631579,0.647619,0.694737,0.666667,0.461538,0.628866,0.640777,0.551724,0.595238,0.6,0.652174,0.43617,0.59434,0.65,0.51,0.669811,0.531915,0.700935,0.569892,0.679612,0.628866,0.647059,0.663265,0.584158,0.515152,0.622642,0.617021,0.66087,0.670588,0.59375,0.682692,0.625,0.705357,0.607477,0.526882,0.596154,0.625,0.584071,0.678161,0.521277,0.575472,0.568807,0.527473,0.52439,0.601695,0.657407,0.586957,0.617284,0.621849,0.573034,0.666667,0.614583,0.653846,0.564356,0.575758,0.554455,0.686869,0.593407,0.642202,0.557692,0.572917,0.621359,0.525773,0.576087,0.666667,
72200,0.628571,0.589474,0.582418,0.53211,0.59434,0.553191,0.68932,0.639175,0.533333,0.681818,0.627273,0.566667,0.537634,0.626168,0.626263,0.683168,0.659574,0.54717,0.585859,0.544554,0.581633,0.607843,0.60396,0.646465,0.533981,0.649485,0.602151,0.495327,0.557522,0.597701,0.597938,0.640777,0.677083,0.673077,0.613861,0.69697,0.541667,0.615385,0.585859,0.613861,0.614679,0.626374,0.517857,0.681818,0.568627,0.642857,0.556604,0.638298,0.626263,0.643564,0.633028,0.626374,0.648352,0.678899,0.543689,0.618557,0.537634,0.71028,0.690265,0.689655,0.663265,0.588235,0.646465,0.554455,0.542553,0.622642,0.621359,0.515464,0.597701,0.539823,0.637255,0.653061,0.57732,0.524272,0.551402,0.591398,0.669725,0.659341,0.62037,0.597826,0.670213,0.650943,0.62,0.67,0.545455,0.653465,0.663462,0.614583,0.638298,0.650943,0.651685,0.594595,0.561905,0.631579,0.619565,0.62963,0.591837,0.578431,0.519231,0.583333,
72400,0.675926,0.554348,0.572727,0.455556,0.603774,0.659574,0.631068,0.536082,0.51087,0.592593,0.598039,0.612245,0.568627,0.540816,0.598039,0.530612,0.604167,0.5,0.518519,0.543478,0.673077,0.65625,0.585106,0.641509,0.584906,0.595745,0.564356,0.636364,0.616162,0.613861,0.666667,0.652174,0.73913,0.537037,0.643564,0.535354,0.608247,0.533981,0.653061,0.607843,0.574257,0.525253,0.518519,0.478261,0.524272,0.587629,0.597826,0.666667,0.639175,0.650485,0.58,0.71,0.616162,0.623762,0.716981,0.595745,0.61,0.6,0.543478,0.537037,0.633333,0.7,0.632075,0.56383,0.614583,0.576923,0.654206,0.462366,0.563218,0.548673,0.550459,0.648352,0.631068,0.608247,0.525253,0.564356,0.663717,0.62069,0.640777,0.546392,0.642857,0.594828,0.569892,0.551402,0.595745,0.603774,0.654206,0.612903,0.608247,0.640777,0.571429,0.627451,0.613861,0.59596,0.688679,0.659574,0.619565,0.601852,0.587629,0.601942,
72600,0.712644,0.557522,0.666667,0.617978,0.632075,0.606383,0.605769,0.583333,0.52381,0.652632,0.59633,0.648352,0.666667,0.6,0.5625,0.567308,0.505263,0.533333,0.543689,0.701031,0.693069,0.59596,0.542056,0.548387,0.645161,0.542056,0.622642,0.638298,0.564356,0.69697,0.631068,0.546392,0.654206,0.580645,0.611111,0.563636,0.66055,0.626374,0.617647,0.591837,0.696078,0.55102,0.616822,0.526882,0.65812,0.53012,0.583333,0.625,0.62963,0.597826,0.614583,0.548077,0.647059,0.673469,0.641304,0.685185,0.5625,0.701923,0.616162,0.60396,0.590476,0.536842,0.632184,0.628319,0.585586,0.539326,0.5625,0.567308,0.65625,0.586538,0.544643,0.602273,0.548077,0.697917,0.589474,0.657143,0.6,0.564706,0.645833,0.528846,0.59375,0.596154,0.554455,0.69697,0.607843,0.653061,0.634615,0.65625,0.559633,0.549451,0.556701,0.61165,0.577982,0.648352,0.612245,0.588235,0.592233,0.628866,0.56044,0.651376,
72800,0.669643,0.670455,0.584158,0.525253,0.666667,0.561798,0.585106,0.622642,0.544554,0.606061,0.674699,0.598291,0.458333,0.557692,0.672897,0.591398,0.66055,0.571429,0.556522,0.647059,0.56,0.59,0.580952,0.684211,0.619565,0.490741,0.494624,0.542056,0.531915,0.584906,0.5,0.683673,0.621053,0.609524,0.578947,0.590476,0.680412,0.61165,0.704082,0.647059,0.571429,0.688073,0.471154,0.572917,0.701613,0.5,0.540816,0.578431,0.602273,0.625,0.621053,0.609524,0.642857,0.666667,0.64,0.53,0.519231,0.59375,0.555556,0.565217,0.568421,0.580952,0.596154,0.635417,0.595745,0.584906,0.607477,0.666667,0.660194,0.546392,0.663366,0.656566,0.566372,0.609195,0.609524,0.568421,0.587719,0.604651,0.58,0.64,0.625,0.59375,0.595745,0.613208,0.54,0.72,0.585859,0.574257,0.73,0.57,0.650485,0.628866,0.578947,0.628571,0.603604,0.640449,0.556701,0.650485,0.683673,0.656863,
73000,0.673913,0.592593,0.636364,0.574257,0.610526,0.580952,0.628319,0.632184,0.622642,0.56383,0.616279,0.614035,0.534653,0.565657,0.580952,0.642105,0.546392,0.495146,0.641509,0.638298,0.505747,0.575221,0.601942,0.494845,0.528846,0.614583,0.592233,0.628866,0.52,0.69,0.583333,0.619565,0.56383,0.603774,0.670588,0.591304,0.583333,0.586538,0.54717,0.531915,0.686869,0.564356,0.50495,0.575758,0.62,0.5,0.458333,0.653846,0.598131,0.677419,0.474747,0.623762,0.610526,0.542857,0.666667,0.581633,0.574713,0.663717,0.639175,0.582524,0.625,0.552083,0.656566,0.60396,0.557692,0.6875,0.59375,0.644231,0.606742,0.54955,0.517544,0.569767,0.688679,0.574468,0.548387,0.607477,0.58,0.54,0.594059,0.545455,0.606838,0.698795,0.592233,0.618557,0.630252,0.666667,0.641304,0.601852,0.6,0.6,0.537736,0.659574,0.673267,0.525253,0.645833,0.615385,0.598039,0.591837,0.588235,0.608696,
73200,0.583333,0.548077,0.666667,0.682692,0.514286,0.505263,0.576923,0.65625,0.545455,0.514851,0.699029,0.680412,0.555556,0.60396,0.57732,0.504854,0.587629,0.650485,0.61165,0.670103,0.656863,0.612245,0.676768,0.554455,0.561224,0.529412,0.690722,0.524272,0.592233,0.639175,0.609524,0.536842,0.657143,0.610526,0.673684,0.533333,0.686275,0.602041,0.580645,0.570093,0.64,0.58,0.473684,0.504762,0.673077,0.666667,0.589286,0.625,0.588235,0.683673,0.705263,0.542857,0.621359,0.57732,0.574074,0.695652,0.588235,0.669565,0.542553,0.603774,0.62037,0.597826,0.595506,0.522523,0.598131,0.580645,0.61165,0.649485,0.608696,0.564815,0.658333,0.6875,0.62037,0.641304,0.623762,0.59596,0.588889,0.581818,0.580645,0.616822,0.651163,0.657895,0.556522,0.611765,0.545455,0.673267,0.619048,0.610526,0.63,0.57,0.545455,0.653465,0.616162,0.70297,0.556701,0.621359,0.693069,0.616162,0.559633,0.714286,
73400,0.627907,0.587719,0.46,0.62,0.5625,0.605769,0.639175,0.543689,0.686275,0.612245,0.617021,0.54717,0.576471,0.565217,0.475728,0.57732,0.524272,0.474227,0.584906,0.510638,0.588235,0.561224,0.59434,0.56383,0.59375,0.576923,0.59375,0.509615,0.608696,0.576471,0.653846,0.635417,0.64,0.62,0.690722,0.514563,0.621053,0.619048,0.69,0.62,0.663366,0.575758,0.648148,0.652174,0.688889,0.563636,0.645161,0.64486,0.652174,0.592593,0.610526,0.67619,0.578947,0.609524,0.542857,0.642105,0.516129,0.682243,0.626263,0.554455,0.593407,0.587156,0.564815,0.565217,0.587629,0.466019,0.58,0.59,0.638889,0.576087,0.641509,0.574468,0.547619,0.672414,0.54717,0.617021,0.568421,0.685714,0.581818,0.477778,0.641667,0.625,0.628866,0.621359,0.612245,0.588235,0.586207,0.666667,0.56,0.61,0.643564,0.646465,0.690722,0.572816,0.638298,0.613208,0.572917,0.615385,0.593023,0.578947,
73600,0.630435,0.611111,0.5,0.685185,0.536082,0.679612,0.631068,0.608247,0.571429,0.656863,0.643564,0.555556,0.546392,0.669903,0.564103,0.650602,0.588785,0.623656,0.480769,0.572917,0.613208,0.606383,0.517647,0.678261,0.626168,0.623656,0.540541,0.539326,0.675926,0.652174,0.514286,0.684211,0.574468,0.622642,0.606061,0.623762,0.564356,0.676768,0.611111,0.618182,0.591837,0.598039,0.628866,0.592233,0.621053,0.619048,0.588235,0.714286,0.603774,0.670213,0.555556,0.60396,0.582524,0.608247,0.594059,0.676768,0.58,0.6,0.561798,0.612613,0.554348,0.537037,0.575758,0.643564,0.597938,0.68932,0.563107,0.57732,0.516129,0.551402,0.6,0.56,0.606383,0.679245,0.69,0.5,0.5,0.609756,0.539326,0.666667,0.700935,0.623656,0.536364,0.488889,0.563107,0.639175,0.576577,0.595506,0.708333,0.567308,0.543689,0.649485,0.617647,0.673469,0.527473,0.669725,0.583333,0.576923,0.617021,0.566038,
73800,0.586538,0.625,0.64486,0.634409,0.54023,0.60177,0.602151,0.626168,0.642857,0.676471,0.62037,0.554348,0.59434,0.595745,0.617647,0.591837,0.569892,0.598131,0.530973,0.632184,0.554348,0.527778,0.576471,0.6,0.606383,0.518868,0.547826,0.552941,0.557895,0.6,0.472727,0.588889,0.555556,0.544554,0.575472,0.659574,0.586538,0.583333,0.6,0.517647,0.539216,0.571429,0.579439,0.612903,0.663265,0.656863,0.552083,0.615385,0.582524,0.505155,0.601942,0.505155,0.627273,0.611111,0.586538,0.552083,0.553191,0.613208,0.63,0.69,0.61,0.53,0.601852,0.586957,0.556604,0.585106,0.607843,0.663265,0.64486,0.602151,0.630435,0.648148,0.53125,0.567308,0.545455,0.594059,0.659091,0.625,0.592233,0.546392,0.659574,0.575472,0.547368,0.647619,0.632075,0.691489,0.542857,0.621053,0.669903,0.618557,0.566038,0.638298,0.543103,0.607143,0.536082,0.640777,0.635514,0.612903,0.576923,0.666667,
74000,0.582524,0.639175,0.545455,0.643564,0.615385,0.552083,0.64,0.65,0.618557,0.631068,0.58427,0.531532,0.554217,0.615385,0.509804,0.55102,0.57,0.57,0.52381,0.610526,0.711111,0.581818,0.615385,0.614583,0.539216,0.55102,0.588889,0.572727,0.592593,0.608696,0.643564,0.515152,0.785047,0.612903,0.711538,0.583333,0.659794,0.650485,0.710526,0.616279,0.65625,0.605769,0.56383,0.575472,0.663462,0.625,0.569892,0.570093,0.663158,0.619048,0.504587,0.538462,0.619565,0.638889,0.72381,0.621053,0.48,0.61,0.666667,0.594828,0.647727,0.616071,0.58,0.51,0.553571,0.443182,0.57732,0.650485,0.602151,0.654206,0.705263,0.628571,0.553398,0.618557,0.51,0.57,0.525253,0.465347,0.568421,0.552381,0.752809,0.711712,0.567308,0.604167,0.56044,0.678899,0.621359,0.597938,0.61,0.46,0.578431,0.561224,0.641026,0.60241,0.548387,0.64486,0.638095,0.673684,0.490196,0.571429,
74200,0.686275,0.540816,0.628866,0.650485,0.641667,0.5875,0.622449,0.676471,0.680851,0.584906,0.626263,0.465347,0.46789,0.516484,0.604167,0.519231,0.637255,0.530612,0.602151,0.570093,0.627451,0.632653,0.657407,0.630435,0.635514,0.623656,0.594595,0.494382,0.473118,0.570093,0.504854,0.618557,0.606742,0.531532,0.581395,0.535088,0.659574,0.669811,0.564815,0.608696,0.59434,0.659574,0.526316,0.542857,0.693694,0.52809,0.622449,0.666667,0.556701,0.669903,0.587629,0.640777,0.625,0.615385,0.70297,0.656566,0.538462,0.647541,0.704082,0.54902,0.7,0.45,0.554348,0.555556,0.576271,0.695122,0.621359,0.639175,0.660194,0.659794,0.56,0.58,0.663462,0.635417,0.621359,0.587629,0.580357,0.579545,0.613208,0.617021,0.647059,0.602041,0.597938,0.61165,0.581633,0.72549,0.64486,0.548387,0.61165,0.505155,0.548077,0.53125,0.663462,0.666667,0.580645,0.588785,0.604396,0.633028,0.616822,0.623656,
74400,0.627907,0.526316,0.617647,0.571429,0.64,0.54,0.582524,0.690722,0.584158,0.656566,0.494505,0.623853,0.45045,0.595506,0.618557,0.621359,0.633028,0.538462,0.537037,0.565217,0.594059,0.555556,0.657407,0.619565,0.676471,0.704082,0.61165,0.628866,0.586538,0.59375,0.730769,0.614583,0.615385,0.552083,0.558824,0.530612,0.6,0.657143,0.669903,0.587629,0.621053,0.6,0.535354,0.60396,0.63,0.58,0.615385,0.583333,0.613636,0.669643,0.555556,0.683168,0.705882,0.591837,0.578947,0.6,0.619048,0.631579,0.669903,0.56701,0.609195,0.60177,0.684783,0.592593,0.555556,0.623762,0.57265,0.650602,0.582524,0.556701,0.636364,0.613861,0.6,0.628571,0.657895,0.651163,0.663158,0.609524,0.628866,0.621359,0.64,0.61,0.534884,0.631579,0.566038,0.648936,0.564815,0.608696,0.652174,0.564815,0.618557,0.601942,0.64,0.64,0.657143,0.610526,0.583333,0.682692,0.585859,0.613861,
74600,0.627451,0.632653,0.543689,0.56701,0.575221,0.62069,0.589744,0.590361,0.6,0.6,0.662651,0.564103,0.515464,0.68932,0.582418,0.614679,0.605505,0.637363,0.583333,0.721154,0.577982,0.626374,0.582524,0.618557,0.527273,0.622222,0.647059,0.5,0.530612,0.637255,0.545455,0.524752,0.627273,0.633333,0.680851,0.566038,0.517857,0.659091,0.564356,0.636364,0.514563,0.618557,0.578431,0.520408,0.62037,0.652174,0.644231,0.541667,0.613861,0.656566,0.58,0.6,0.678899,0.582418,0.525253,0.554455,0.606061,0.564356,0.627451,0.653061,0.563107,0.608247,0.69,0.61,0.663793,0.52381,0.601942,0.639175,0.591398,0.579439,0.670103,0.621359,0.655556,0.572727,0.589744,0.674699,0.59596,0.554455,0.560976,0.550847,0.705882,0.642857,0.607143,0.646552,0.61165,0.618557,0.727273,0.633663,0.608696,0.611111,0.612903,0.691589,0.588235,0.704082,0.607477,0.698925,0.666667,0.588785,0.572727,0.511111,
74800,0.645161,0.672897,0.642105,0.580952,0.55914,0.672897,0.752577,0.543689,0.631579,0.580952,0.582418,0.633028,0.571429,0.526316,0.56701,0.553398,0.541284,0.538462,0.468468,0.640449,0.613636,0.651786,0.651786,0.522727,0.647727,0.473214,0.646465,0.663366,0.515464,0.592233,0.641509,0.62766,0.666667,0.561224,0.692308,0.559633,0.61165,0.618557,0.637363,0.614679,0.586538,0.604167,0.656863,0.622449,0.556701,0.708738,0.6,0.6,0.592593,0.673913,0.575472,0.56383,0.628866,0.660194,0.590909,0.644444,0.570093,0.634409,0.619048,0.6,0.686869,0.584158,0.625,0.480769,0.623656,0.607477,0.582524,0.639175,0.635417,0.538462,0.510638,0.59434,0.605769,0.65625,0.588785,0.623656,0.623656,0.53271,0.555556,0.545455,0.702703,0.651685,0.504587,0.648352,0.644444,0.654545,0.621053,0.666667,0.596154,0.604167,0.670213,0.613208,0.587629,0.679612,0.621951,0.644068,0.619565,0.611111,0.595745,0.650943,
75000,0.684783,0.583333,0.680412,0.640777,0.640449,0.558559,0.627451,0.653061,0.572816,0.515464,0.656566,0.455446,0.595506,0.657658,0.601852,0.543478,0.637168,0.609195,0.683673,0.637255,0.571429,0.627451,0.564356,0.676768,0.554348,0.453704,0.559524,0.431034,0.481481,0.579832,0.657658,0.640449,0.672897,0.580645,0.7,0.544444,0.614583,0.625,0.666667,0.561224,0.62069,0.619469,0.517241,0.619048,0.646465,0.564356,0.504762,0.631579,0.656863,0.683673,0.741176,0.643478,0.657143,0.589474,0.535088,0.686047,0.666667,0.584158,0.6,0.715789,0.666667,0.589474,0.643678,0.539823,0.582524,0.690722,0.590476,0.694737,0.568627,0.489796,0.649485,0.61165,0.556701,0.747573,0.541176,0.669565,0.520408,0.568627,0.59596,0.534653,0.697917,0.596154,0.54,0.58,0.577982,0.681319,0.673267,0.626263,0.563107,0.57732,0.666667,0.608696,0.510417,0.663462,0.566038,0.585106,0.635417,0.682692,0.533981,0.701031,
75200,0.604651,0.614035,0.447917,0.557692,0.576923,0.510417,0.619048,0.652632,0.68932,0.56701,0.637363,0.642202,0.53,0.55,0.617647,0.571429,0.609524,0.505263,0.615385,0.666667,0.604396,0.541284,0.638298,0.622642,0.693694,0.561798,0.580645,0.53271,0.60396,0.505051,0.539823,0.563218,0.68932,0.57732,0.654206,0.537634,0.645833,0.605769,0.650485,0.608247,0.568421,0.533333,0.683168,0.626263,0.565657,0.60396,0.505495,0.688073,0.61,0.65,0.647619,0.663158,0.567308,0.59375,0.641304,0.675926,0.626263,0.643564,0.663265,0.656863,0.611111,0.572727,0.616162,0.594059,0.56,0.66,0.641304,0.546296,0.57732,0.679612,0.647059,0.632653,0.628571,0.557895,0.575758,0.673267,0.614679,0.648352,0.536364,0.533333,0.64,0.62,0.702381,0.646552,0.558824,0.571429,0.666667,0.568966,0.606061,0.554455,0.5625,0.644231,0.586538,0.645833,0.65625,0.634615,0.609524,0.610526,0.622449,0.5,
75400,0.663265,0.627451,0.567308,0.5625,0.639175,0.640777,0.636364,0.643564,0.613861,0.646465,0.633663,0.616162,0.505263,0.685714,0.584906,0.574468,0.616162,0.564356,0.617391,0.541176,0.59375,0.615385,0.625,0.59375,0.556604,0.56383,0.576923,0.520833,0.56044,0.688073,0.702703,0.662921,0.706522,0.62963,0.565217,0.657407,0.660194,0.608247,0.653846,0.583333,0.596154,0.625,0.538462,0.5,0.60396,0.565657,0.619048,0.560345,0.580247,0.605042,0.617647,0.642857,0.670103,0.669903,0.663551,0.655914,0.666667,0.704082,0.673469,0.637255,0.528302,0.606383,0.605263,0.604651,0.68932,0.56701,0.44,0.56,0.602151,0.551402,0.627451,0.714286,0.526786,0.670455,0.554455,0.59596,0.61165,0.505155,0.623762,0.616162,0.642105,0.580952,0.56044,0.605505,0.591398,0.654206,0.530612,0.637255,0.63,0.57,0.602041,0.568627,0.526882,0.654206,0.64486,0.688172,0.623853,0.747253,0.648148,0.630435,
75600,0.747748,0.505618,0.653465,0.535354,0.67033,0.614679,0.618557,0.631068,0.5625,0.615385,0.64,0.48,0.567568,0.595506,0.55914,0.654206,0.597938,0.660194,0.572917,0.576923,0.6,0.49,0.537736,0.574468,0.590909,0.598214,0.679612,0.649485,0.55,0.64,0.518519,0.597826,0.64,0.58,0.656863,0.602041,0.612069,0.630952,0.621053,0.542857,0.583333,0.557692,0.673684,0.571429,0.640777,0.536082,0.593023,0.552632,0.630252,0.62963,0.634409,0.607477,0.683673,0.558824,0.685714,0.663158,0.541667,0.557692,0.648148,0.586957,0.554455,0.565657,0.653846,0.552083,0.614583,0.557692,0.666667,0.596154,0.571429,0.578431,0.524752,0.757576,0.603774,0.638298,0.576923,0.645833,0.522936,0.626374,0.572917,0.567308,0.650485,0.56701,0.616162,0.693069,0.519608,0.653061,0.55102,0.588235,0.6,0.609091,0.604167,0.605769,0.676471,0.602041,0.594059,0.626263,0.606383,0.59434,0.637255,0.612245,
75800,0.640449,0.621622,0.527473,0.559633,0.56,0.69,0.603774,0.617021,0.712644,0.628319,0.590909,0.669643,0.539326,0.540541,0.588889,0.636364,0.548387,0.514019,0.516129,0.64486,0.629213,0.621622,0.639175,0.553398,0.546296,0.543478,0.62037,0.619565,0.52,0.63,0.583333,0.692308,0.552381,0.578947,0.553398,0.587629,0.621951,0.627119,0.59633,0.505495,0.549451,0.577982,0.587629,0.572816,0.653061,0.598039,0.605769,0.614583,0.615385,0.5625,0.568627,0.55102,0.666667,0.584158,0.625,0.615385,0.533333,0.589474,0.607843,0.602041,0.548077,0.645833,0.638298,0.59434,0.530612,0.578431,0.584071,0.563218,0.6,0.57,0.692308,0.5625,0.6,0.684211,0.572917,0.615385,0.702128,0.575472,0.571429,0.578431,0.612903,0.616822,0.58,0.63,0.530973,0.724138,0.649485,0.660194,0.673469,0.568627,0.532609,0.638889,0.568627,0.591837,0.592233,0.639175,0.686275,0.571429,0.570093,0.634409,
76000,0.571429,0.543103,0.59596,0.613861,0.543689,0.587629,0.64486,0.645161,0.627451,0.581633,0.6,0.61,0.483871,0.607477,0.555556,0.581818,0.642857,0.5,0.5,0.6,0.617021,0.641509,0.576923,0.583333,0.588785,0.526882,0.607477,0.548387,0.40625,0.586538,0.514019,0.537634,0.59,0.53,0.6875,0.644231,0.541667,0.586538,0.578947,0.580952,0.613208,0.702128,0.519608,0.55102,0.559633,0.626374,0.504762,0.684211,0.641304,0.666667,0.56,0.53,0.613861,0.626263,0.663366,0.646465,0.598039,0.673469,0.550562,0.603604,0.597938,0.631068,0.615385,0.59633,0.569892,0.53271,0.604167,0.528846,0.626168,0.731183,0.70297,0.626263,0.527473,0.642202,0.56383,0.575472,0.555556,0.597826,0.553191,0.566038,0.666667,0.584158,0.552941,0.686957,0.525773,0.699029,0.635514,0.634409,0.589474,0.590476,0.68932,0.556701,0.557692,0.65625,0.558559,0.516854,0.614583,0.615385,0.660377,0.659574,
76200,0.602041,0.578431,0.525253,0.663366,0.505495,0.541284,0.632653,0.705882,0.606061,0.594059,0.615385,0.666667,0.583333,0.644231,0.526316,0.619048,0.660377,0.5,0.648352,0.568807,0.641509,0.574468,0.588235,0.641975,0.494845,0.524272,0.536082,0.563107,0.597826,0.648148,0.541284,0.637363,0.612245,0.617647,0.568807,0.604396,0.612613,0.617978,0.630435,0.694444,0.533333,0.473684,0.514851,0.585859,0.6,0.621053,0.58,0.61,0.554348,0.62963,0.61157,0.582278,0.677778,0.654545,0.548077,0.697917,0.54,0.68,0.752137,0.674699,0.548077,0.572917,0.651376,0.56044,0.714286,0.666667,0.582524,0.649485,0.591837,0.578431,0.594595,0.640449,0.58,0.67,0.505263,0.647619,0.606742,0.558559,0.59633,0.604396,0.697674,0.535088,0.611765,0.643478,0.605263,0.616279,0.509615,0.604167,0.532609,0.638889,0.580645,0.691589,0.740741,0.597826,0.556701,0.524272,0.651685,0.567568,0.544444,0.590909,
76400,0.656566,0.613861,0.640777,0.587629,0.63,0.68,0.619048,0.568421,0.61,0.6,0.676768,0.514851,0.490566,0.595745,0.524752,0.636364,0.656566,0.60396,0.645833,0.605769,0.638095,0.484211,0.644231,0.53125,0.537634,0.551402,0.555556,0.643564,0.505263,0.638095,0.597701,0.59292,0.676768,0.475248,0.65,0.63,0.60396,0.656566,0.622807,0.511628,0.625,0.614583,0.632075,0.595745,0.677419,0.579439,0.546512,0.570175,0.563107,0.649485,0.528736,0.654867,0.631068,0.670103,0.593023,0.570175,0.5,0.622642,0.634615,0.572917,0.657895,0.534884,0.677083,0.519231,0.642857,0.54902,0.626087,0.588235,0.609524,0.547368,0.649485,0.553398,0.684685,0.629213,0.528302,0.62766,0.692308,0.59633,0.589474,0.533333,0.597826,0.657407,0.670103,0.601942,0.442308,0.635417,0.609524,0.621053,0.626168,0.483871,0.554455,0.59596,0.69,0.62,0.650485,0.56701,0.636364,0.625,0.547009,0.590361,
76600,0.61165,0.494845,0.570093,0.55914,0.574257,0.575758,0.679487,0.672131,0.6,0.64,0.576087,0.527778,0.576577,0.539326,0.557895,0.619048,0.614679,0.549451,0.6,0.628571,0.568807,0.571429,0.616162,0.60396,0.603774,0.574468,0.629213,0.585586,0.618182,0.677778,0.62963,0.554348,0.639175,0.504854,0.608696,0.509259,0.572917,0.596154,0.589474,0.619048,0.58427,0.594595,0.598131,0.677419,0.581818,0.555556,0.653846,0.666667,0.705882,0.632653,0.657143,0.505263,0.57732,0.61165,0.595506,0.612613,0.561224,0.715686,0.689655,0.663717,0.611111,0.576087,0.611111,0.554348,0.581633,0.598039,0.5,0.641304,0.642105,0.619048,0.636364,0.622222,0.632653,0.558824,0.623656,0.570093,0.54955,0.483146,0.594059,0.59596,0.636364,0.554455,0.644231,0.666667,0.570093,0.655914,0.630631,0.606742,0.581633,0.598039,0.532609,0.62037,0.606061,0.693069,0.582524,0.701031,0.606061,0.594059,0.49505,0.555556,
76800,0.634409,0.53271,0.517857,0.625,0.568807,0.538462,0.635514,0.634409,0.619565,0.611111,0.628571,0.6,0.519231,0.6875,0.548077,0.645833,0.60396,0.626263,0.509259,0.554348,0.605505,0.582418,0.728972,0.677419,0.604167,0.576923,0.594059,0.69697,0.561224,0.558824,0.56383,0.622642,0.656863,0.571429,0.62,0.51,0.585859,0.722772,0.632653,0.637255,0.637255,0.591837,0.50495,0.585859,0.574257,0.535354,0.571429,0.568421,0.647619,0.631579,0.537037,0.608696,0.632653,0.666667,0.63,0.6,0.747573,0.56701,0.574468,0.59434,0.696078,0.642857,0.627451,0.602041,0.584158,0.585859,0.601942,0.639175,0.56044,0.59633,0.593407,0.66055,0.506173,0.579832,0.580952,0.6,0.586538,0.5625,0.633663,0.59596,0.648148,0.630435,0.580952,0.557895,0.510417,0.634615,0.607143,0.646552,0.692308,0.604167,0.510638,0.726415,0.539216,0.704082,0.682692,0.625,0.657143,0.631579,0.494845,0.650485,
77000,0.653846,0.604167,0.575472,0.531915,0.673913,0.537037,0.628319,0.655172,0.598039,0.693878,0.638889,0.630435,0.533333,0.705263,0.533981,0.56701,0.548077,0.552083,0.530612,0.598039,0.578431,0.622449,0.608247,0.650485,0.65,0.566667,0.618557,0.563107,0.607843,0.693878,0.65,0.51,0.714286,0.589474,0.583333,0.615385,0.607843,0.622449,0.705882,0.55102,0.575472,0.670213,0.56383,0.59434,0.555556,0.590909,0.629213,0.540541,0.642857,0.598039,0.573034,0.54955,0.633028,0.571429,0.598039,0.663265,0.73913,0.611111,0.598291,0.542169,0.673267,0.606061,0.590909,0.588889,0.536082,0.572816,0.583333,0.519231,0.613861,0.636364,0.586207,0.607143,0.6,0.609524,0.603774,0.723404,0.556604,0.585106,0.571429,0.578431,0.635514,0.548387,0.540816,0.627451,0.574257,0.666667,0.653061,0.5,0.646465,0.623762,0.588785,0.580645,0.584906,0.723404,0.61157,0.607595,0.622449,0.54902,0.609524,0.684211,
77200,0.691589,0.591398,0.557692,0.53125,0.62037,0.586957,0.635417,0.663462,0.614458,0.581197,0.621053,0.666667,0.5,0.532609,0.521739,0.647059,0.666667,0.504673,0.578431,0.622449,0.552941,0.565217,0.511111,0.618182,0.504505,0.58427,0.556701,0.61165,0.537736,0.691489,0.543689,0.556701,0.642105,0.514286,0.643564,0.585859,0.654762,0.594828,0.6,0.505263,0.621053,0.561905,0.606742,0.594595,0.585106,0.481132,0.591837,0.617647,0.676768,0.70297,0.610619,0.62069,0.627451,0.653061,0.598039,0.642857,0.495327,0.580645,0.596154,0.5625,0.568421,0.533333,0.637363,0.59633,0.714286,0.558824,0.554545,0.522222,0.521277,0.54717,0.673267,0.606061,0.601942,0.608247,0.541284,0.615385,0.56044,0.495413,0.579439,0.655914,0.602151,0.616822,0.714286,0.684211,0.565657,0.653465,0.597826,0.564815,0.589474,0.571429,0.454545,0.50495,0.612245,0.696078,0.61165,0.57732,0.568966,0.607143,0.536082,0.61165,
77400,0.581395,0.596491,0.619469,0.701149,0.5625,0.615385,0.574074,0.695652,0.60396,0.626263,0.686869,0.60396,0.574257,0.515152,0.489583,0.567308,0.55914,0.654206,0.531915,0.660377,0.572816,0.546392,0.585859,0.663366,0.575472,0.680851,0.552083,0.5,0.581633,0.666667,0.606061,0.564356,0.696629,0.585586,0.602041,0.558824,0.617391,0.670588,0.643678,0.584071,0.587629,0.660194,0.547826,0.517647,0.58,0.58,0.585859,0.554455,0.669811,0.617021,0.629213,0.540541,0.633028,0.615385,0.593407,0.605505,0.551724,0.60177,0.692308,0.510417,0.553398,0.597938,0.632653,0.637255,0.6875,0.596154,0.640777,0.659794,0.543478,0.537037,0.6,0.631579,0.564356,0.646465,0.721649,0.631068,0.5625,0.538462,0.525641,0.54918,0.586538,0.614583,0.545455,0.584158,0.684211,0.638095,0.611111,0.618182,0.652174,0.529412,0.610526,0.695238,0.685714,0.642105,0.554545,0.644444,0.702703,0.696629,0.459459,0.662921,
77600,0.543689,0.639175,0.533333,0.568421,0.557692,0.572917,0.622449,0.666667,0.67619,0.694737,0.540816,0.607843,0.490385,0.614583,0.575472,0.648936,0.525862,0.583333,0.511111,0.6,0.60396,0.525253,0.554455,0.565657,0.627273,0.688889,0.596154,0.65625,0.531532,0.58427,0.540816,0.637255,0.641026,0.638554,0.681818,0.577778,0.606383,0.59434,0.630631,0.52809,0.626263,0.653465,0.510417,0.576923,0.546392,0.669903,0.541667,0.634615,0.694444,0.663043,0.581633,0.607843,0.598214,0.715909,0.591837,0.578431,0.612245,0.607843,0.652174,0.638889,0.656566,0.643564,0.645455,0.577778,0.585106,0.556604,0.515152,0.653465,0.592593,0.543478,0.578431,0.642857,0.59434,0.702128,0.577982,0.615385,0.606061,0.653465,0.526316,0.561905,0.595745,0.632075,0.615385,0.625,0.525253,0.594059,0.5,0.759615,0.675926,0.630435,0.666667,0.706522,0.578431,0.693878,0.618182,0.677778,0.593407,0.577982,0.588235,0.55102,
77800,0.683673,0.617647,0.631579,0.647619,0.602151,0.64486,0.611765,0.652174,0.663158,0.628571,0.627273,0.533333,0.574074,0.576087,0.575758,0.554455,0.616822,0.645161,0.621053,0.628571,0.613208,0.648936,0.670455,0.633929,0.538462,0.572917,0.659341,0.577982,0.714286,0.706422,0.597826,0.648148,0.716814,0.436782,0.670103,0.504854,0.727273,0.566667,0.602151,0.579439,0.652174,0.537037,0.54717,0.510638,0.614583,0.567308,0.625,0.605769,0.730769,0.697917,0.518868,0.680851,0.656863,0.642857,0.606383,0.59434,0.559633,0.615385,0.548387,0.64486,0.563218,0.59292,0.647619,0.463158,0.539216,0.612245,0.566038,0.56383,0.613636,0.535714,0.62069,0.630952,0.546392,0.621359,0.486486,0.651685,0.626087,0.494118,0.602151,0.635514,0.72449,0.637255,0.604396,0.66055,0.581633,0.588235,0.641304,0.666667,0.55102,0.637255,0.566667,0.645455,0.535354,0.594059,0.619565,0.537037,0.584158,0.59596,0.697917,0.605769,
78000,0.647619,0.610526,0.504762,0.536842,0.490196,0.612245,0.733333,0.645455,0.737374,0.712871,0.653061,0.568627,0.479592,0.558824,0.632075,0.531915,0.627451,0.530612,0.633663,0.575758,0.598039,0.632653,0.706522,0.537037,0.605769,0.510417,0.68932,0.536082,0.71134,0.592233,0.640777,0.484536,0.729167,0.528846,0.606383,0.603774,0.647727,0.535714,0.71134,0.543689,0.651376,0.604396,0.583333,0.576087,0.67619,0.568421,0.649485,0.679612,0.564356,0.585859,0.582524,0.57732,0.688679,0.595745,0.645161,0.616822,0.659574,0.613208,0.555556,0.586957,0.619565,0.546296,0.579439,0.569892,0.614583,0.548077,0.56701,0.543689,0.666667,0.563636,0.608696,0.574074,0.591837,0.607843,0.603774,0.648936,0.609195,0.654867,0.646465,0.613861,0.647619,0.610526,0.5,0.62,0.614679,0.648352,0.66055,0.681319,0.605769,0.645833,0.584158,0.575758,0.565657,0.594059,0.670213,0.622642,0.623853,0.582418,0.519608,0.642857,
78200,0.571429,0.568807,0.515152,0.643564,0.583333,0.597826,0.642202,0.78022,0.660714,0.590909,0.505376,0.607477,0.616071,0.590909,0.525253,0.524752,0.544444,0.545455,0.56,0.54,0.666667,0.619469,0.515152,0.673267,0.586207,0.583333,0.564815,0.586957,0.602273,0.5625,0.605505,0.516484,0.673077,0.520833,0.574713,0.522124,0.666667,0.674157,0.684783,0.666667,0.625,0.568182,0.688073,0.571429,0.597938,0.533981,0.626263,0.60396,0.638298,0.566038,0.686275,0.591837,0.598039,0.622449,0.629213,0.675676,0.580952,0.652632,0.654867,0.517241,0.582524,0.556701,0.555556,0.673267,0.62,0.6,0.627451,0.673469,0.610619,0.574713,0.6,0.578947,0.628866,0.699029,0.550459,0.626374,0.605505,0.615385,0.581633,0.666667,0.626168,0.548387,0.646465,0.584158,0.56383,0.688679,0.646465,0.554455,0.670103,0.504854,0.544554,0.515152,0.606061,0.643564,0.495146,0.618557,0.6,0.51,0.557895,0.52381,
78400,0.663043,0.583333,0.622642,0.553191,0.576087,0.555556,0.625,0.604167,0.636364,0.643564,0.61,0.56,0.495327,0.698925,0.574468,0.537736,0.618557,0.543689,0.568182,0.482143,0.645833,0.576923,0.56,0.64,0.666667,0.605769,0.606742,0.54955,0.623762,0.69697,0.547368,0.628571,0.603774,0.62766,0.606061,0.524752,0.653846,0.635417,0.623762,0.59596,0.545455,0.544554,0.547368,0.533333,0.522222,0.536364,0.657895,0.651163,0.570093,0.591398,0.576577,0.606742,0.575758,0.663366,0.698925,0.700935,0.597826,0.703704,0.679612,0.618557,0.544554,0.585859,0.660377,0.56383,0.589474,0.580952,0.597938,0.631068,0.544554,0.565657,0.648936,0.59434,0.546512,0.526316,0.540816,0.637255,0.564815,0.576087,0.704082,0.637255,0.656566,0.623762,0.581967,0.5,0.552381,0.589474,0.614035,0.686047,0.601852,0.576087,0.641304,0.601852,0.614679,0.626374,0.6,0.6,0.623853,0.582418,0.712871,0.636364,
78600,0.653061,0.54902,0.623656,0.551402,0.535354,0.514851,0.578947,0.580952,0.586538,0.635417,0.625,0.635417,0.581818,0.488889,0.568421,0.457143,0.597701,0.557522,0.641509,0.574468,0.613861,0.69697,0.563107,0.639175,0.578947,0.495238,0.550459,0.428571,0.591837,0.607843,0.533333,0.568421,0.626168,0.537634,0.662921,0.531532,0.678899,0.637363,0.589474,0.619048,0.610526,0.666667,0.567308,0.625,0.543689,0.587629,0.591398,0.588785,0.715686,0.622449,0.535354,0.584158,0.714286,0.686275,0.663366,0.656566,0.613208,0.638298,0.612613,0.617978,0.607843,0.693878,0.609524,0.642105,0.478261,0.601852,0.606061,0.653465,0.59596,0.544554,0.607843,0.612245,0.64,0.63,0.530612,0.568627,0.653465,0.515152,0.572816,0.649485,0.56701,0.601942,0.59596,0.673267,0.63,0.61,0.631579,0.52381,0.590476,0.726316,0.518072,0.606838,0.641304,0.601852,0.632653,0.509804,0.590909,0.622222,0.557895,0.628571,
78800,0.636364,0.544554,0.556818,0.5625,0.542056,0.526882,0.648352,0.66055,0.629213,0.657658,0.608696,0.62037,0.634783,0.529412,0.537634,0.588785,0.567568,0.52809,0.54023,0.566372,0.623853,0.43956,0.635417,0.5,0.578431,0.520408,0.616162,0.623762,0.655914,0.607477,0.642857,0.539216,0.645833,0.557692,0.619565,0.564815,0.533981,0.56701,0.584158,0.575758,0.590909,0.655556,0.533333,0.505263,0.57,0.52,0.592233,0.57732,0.656566,0.712871,0.55914,0.635514,0.606383,0.650943,0.642105,0.657143,0.6,0.7,0.584158,0.676768,0.63,0.63,0.509259,0.554348,0.555556,0.60396,0.584158,0.616162,0.572917,0.519231,0.670213,0.566038,0.602041,0.647059,0.607477,0.666667,0.566038,0.62766,0.545455,0.508929,0.706522,0.62037,0.563218,0.548673,0.601852,0.695652,0.597826,0.694444,0.656863,0.571429,0.604396,0.605505,0.569892,0.607477,0.590476,0.610526,0.666667,0.616279,0.721649,0.601942,
79000,0.70297,0.616162,0.604167,0.596154,0.483516,0.633028,0.642202,0.637363,0.602151,0.654206,0.633663,0.535354,0.54902,0.55102,0.6,0.52,0.510204,0.617647,0.550459,0.692308,0.559633,0.538462,0.622642,0.553191,0.597561,0.533898,0.613636,0.544643,0.610526,0.590476,0.6,0.589474,0.666667,0.557522,0.659794,0.61165,0.580645,0.654206,0.621053,0.67619,0.537736,0.638298,0.568627,0.489796,0.545455,0.5625,0.646465,0.554455,0.679245,0.680851,0.566372,0.574713,0.659574,0.641509,0.650485,0.57732,0.543689,0.608247,0.631068,0.587629,0.61165,0.628866,0.628571,0.526316,0.513043,0.623529,0.584906,0.62766,0.525253,0.524752,0.637255,0.540816,0.561905,0.505263,0.681818,0.571429,0.55814,0.587719,0.51087,0.564815,0.594595,0.651685,0.626506,0.632479,0.635514,0.655914,0.537736,0.617021,0.638095,0.610526,0.645833,0.682692,0.666667,0.630435,0.59596,0.613861,0.683168,0.646465,0.57,0.63,
79200,0.642105,0.647619,0.634615,0.552083,0.641304,0.574074,0.5625,0.692308,0.606061,0.574257,0.653061,0.529412,0.557895,0.580952,0.571429,0.557895,0.623853,0.483516,0.62963,0.532609,0.555556,0.623762,0.619048,0.652632,0.536842,0.657143,0.59375,0.538462,0.623762,0.646465,0.673267,0.707071,0.553191,0.632075,0.556701,0.572816,0.557692,0.697917,0.637255,0.612245,0.59,0.63,0.54023,0.584071,0.63,0.61,0.57732,0.572816,0.638095,0.642105,0.530612,0.588235,0.615385,0.666667,0.686047,0.701754,0.670103,0.728155,0.591837,0.588235,0.638889,0.619565,0.633663,0.505051,0.640449,0.657658,0.574468,0.566038,0.588235,0.612245,0.716981,0.723404,0.577778,0.654545,0.650943,0.553191,0.625,0.642857,0.542553,0.566038,0.570175,0.581395,0.581395,0.614035,0.5,0.711538,0.568182,0.633929,0.525773,0.601942,0.627451,0.622449,0.669903,0.57732,0.639175,0.660194,0.663366,0.626263,0.531532,0.550562,
79400,0.546392,0.650485,0.637255,0.55102,0.587719,0.616279,0.626168,0.688172,0.56,0.61,0.590476,0.6,0.570093,0.451613,0.572816,0.57732,0.625,0.579545,0.53271,0.623656,0.530612,0.568627,0.673469,0.627451,0.676768,0.633663,0.588235,0.510204,0.533333,0.715789,0.554545,0.577778,0.670588,0.495652,0.6,0.619048,0.606061,0.712871,0.626087,0.647059,0.59633,0.582418,0.526316,0.616279,0.560748,0.580645,0.555556,0.594059,0.642105,0.657143,0.619469,0.574713,0.58,0.58,0.633028,0.714286,0.65,0.6,0.551402,0.591398,0.622222,0.536364,0.611111,0.608696,0.625,0.533333,0.495146,0.556701,0.626263,0.653465,0.686047,0.631579,0.580645,0.579439,0.537736,0.606383,0.60396,0.606061,0.564356,0.626263,0.602041,0.627451,0.612903,0.663551,0.651376,0.714286,0.608247,0.592233,0.650485,0.639175,0.576087,0.648148,0.55102,0.627451,0.609524,0.621053,0.509804,0.612245,0.552083,0.567308,
79600,0.615385,0.552083,0.584906,0.585106,0.62766,0.584906,0.712766,0.59434,0.635514,0.548387,0.586957,0.555556,0.560748,0.548387,0.653846,0.583333,0.594595,0.52809,0.548077,0.614583,0.592593,0.576087,0.561905,0.568421,0.561905,0.557895,0.574257,0.575758,0.589474,0.657143,0.527473,0.633028,0.578431,0.571429,0.573034,0.621622,0.54902,0.714286,0.565657,0.643564,0.616162,0.584158,0.53,0.65,0.542553,0.556604,0.588235,0.642857,0.621053,0.666667,0.697674,0.622807,0.631579,0.647619,0.585106,0.59434,0.588235,0.602041,0.657895,0.709302,0.59,0.61,0.60396,0.585859,0.538462,0.477064,0.538462,0.587156,0.611111,0.597826,0.56,0.58,0.582524,0.608247,0.635417,0.615385,0.604167,0.711538,0.530612,0.54902,0.626263,0.613861,0.61,0.68,0.564356,0.646465,0.62069,0.619469,0.639175,0.650485,0.557895,0.657143,0.679245,0.574468,0.510417,0.596154,0.69697,0.623762,0.62766,0.603774,
79800,0.711538,0.604167,0.65625,0.528846,0.643564,0.565657,0.550459,0.56044,0.525773,0.543689,0.632653,0.578431,0.528846,0.635417,0.563107,0.659794,0.61165,0.56701,0.548387,0.570093,0.606383,0.679245,0.752809,0.63964,0.621359,0.484536,0.577982,0.593407,0.587156,0.626374,0.601942,0.618557,0.703704,0.521739,0.590909,0.588889,0.663462,0.5625,0.633929,0.625,0.681818,0.577778,0.576087,0.574074,0.553398,0.742268,0.529412,0.632653,0.666667,0.693069,0.536842,0.552381,0.723404,0.613208,0.494737,0.590476,0.601942,0.659794,0.635417,0.673077,0.597938,0.61165,0.588235,0.581633,0.563107,0.628866,0.586957,0.62963,0.625,0.59375,0.679612,0.628866,0.583333,0.728261,0.617647,0.581633,0.520833,0.634615,0.604167,0.538462,0.705882,0.602041,0.592233,0.659794,0.561905,0.663158,0.543689,0.639175,0.6,0.6,0.570093,0.569892,0.566038,0.585106,0.473684,0.647619,0.610619,0.563218,0.552941,0.669565,
80000,0.7,0.590909,0.670103,0.514563,0.676768,0.643564,0.631068,0.690722,0.588235,0.581633,0.580645,0.579439,0.56044,0.642202,0.568807,0.626374,0.516129,0.504673,0.514286,0.589474,0.544554,0.585859,0.604167,0.576923,0.528846,0.552083,0.622449,0.54902,0.623656,0.691589,0.612069,0.5,0.68932,0.56701,0.584906,0.617021,0.5,0.635417,0.651685,0.666667,0.626374,0.550459,0.62766,0.556604,0.740741,0.630252,0.523364,0.612903,0.591837,0.637255,0.56044,0.522936,0.618557,0.708738,0.650485,0.587629,0.680851,0.556604,0.5625,0.567308,0.656566,0.60396,0.618557,0.592233,0.574257,0.606061,0.556701,0.563107,0.547368,0.619048,0.601852,0.586957,0.591398,0.616822,0.694737,0.580952,0.673267,0.616162,0.609524,0.642105,0.596491,0.593023,0.538462,0.59375,0.612613,0.640449,0.65,0.54,0.694737,0.590476,0.644231,0.635417,0.490196,0.693878,0.54,0.62,0.608247,0.563107,0.657143,0.568421,
80200,0.598214,0.579545,0.571429,0.567901,0.59375,0.557692,0.553398,0.56701,0.622642,0.702128,0.655914,0.598131,0.481132,0.574468,0.585859,0.623762,0.584158,0.474747,0.5,0.56383,0.60396,0.59596,0.605769,0.604167,0.565657,0.613861,0.548077,0.645833,0.627451,0.683673,0.584158,0.474747,0.547368,0.52381,0.630435,0.527778,0.616162,0.643564,0.606061,0.554455,0.504854,0.546392,0.506024,0.521368,0.515789,0.657143,0.663158,0.552381,0.613861,0.666667,0.578431,0.602041,0.55814,0.684211,0.615385,0.572917,0.601852,0.532609,0.714286,0.577586,0.552083,0.586538,0.613861,0.585859,0.648936,0.556604,0.595745,0.603774,0.548387,0.570093,0.651786,0.613636,0.552083,0.605769,0.524752,0.636364,0.71875,0.644231,0.588235,0.602041,0.718182,0.544444,0.627451,0.683673,0.558824,0.683673,0.598131,0.677419,0.68,0.63,0.62,0.58,0.597701,0.646018,0.509804,0.602041,0.611111,0.576087,0.593407,0.623853,
80400,0.625,0.616071,0.563107,0.536082,0.632184,0.557522,0.699029,0.597938,0.666667,0.6,0.571429,0.590909,0.569892,0.654206,0.571429,0.556818,0.638889,0.5,0.54902,0.591837,0.656566,0.574257,0.628866,0.640777,0.633663,0.545455,0.613861,0.515152,0.593407,0.66055,0.47,0.55,0.550562,0.459459,0.57732,0.563107,0.59,0.59,0.633333,0.618182,0.515789,0.52381,0.586207,0.60177,0.645833,0.596154,0.54955,0.640449,0.555556,0.706522,0.641667,0.6625,0.663366,0.666667,0.596154,0.708333,0.678899,0.648352,0.631579,0.647619,0.573034,0.558559,0.612613,0.516854,0.571429,0.578947,0.604167,0.653846,0.542056,0.526882,0.645455,0.555556,0.57,0.64,0.548077,0.65625,0.606061,0.643564,0.601942,0.597938,0.731959,0.679612,0.479592,0.568627,0.561224,0.666667,0.696078,0.673469,0.683673,0.647059,0.487179,0.686747,0.614583,0.605769,0.550562,0.63964,0.63,0.59,0.510204,0.598039,
80600,0.766355,0.537634,0.580645,0.579439,0.595745,0.603774,0.556604,0.574468,0.602041,0.5,0.555556,0.524752,0.590476,0.6,0.536082,0.61165,0.589744,0.506024,0.427083,0.653846,0.609524,0.568421,0.554455,0.707071,0.6,0.64,0.607477,0.505376,0.656566,0.584158,0.67,0.64,0.693069,0.545455,0.720721,0.595506,0.705882,0.581633,0.633028,0.549451,0.656566,0.683168,0.6,0.59,0.709677,0.560748,0.611765,0.643478,0.691489,0.54717,0.490909,0.588889,0.626374,0.605505,0.551402,0.526882,0.550562,0.630631,0.603774,0.553191,0.604938,0.680672,0.72549,0.612245,0.575758,0.643564,0.596154,0.604167,0.5,0.653846,0.597826,0.601852,0.618557,0.640777,0.628866,0.601942,0.680412,0.524272,0.561905,0.589474,0.711538,0.677083,0.627907,0.596491,0.626168,0.666667,0.660714,0.613636,0.655172,0.584071,0.593407,0.642202,0.6875,0.538462,0.657407,0.608696,0.610526,0.628571,0.570093,0.537634,
80800,0.636364,0.594059,0.648936,0.603774,0.528736,0.584071,0.608696,0.611111,0.66,0.64,0.592593,0.695652,0.543478,0.694444,0.505376,0.616822,0.638298,0.641509,0.592593,0.619565,0.63,0.66,0.663158,0.590476,0.596154,0.635417,0.555556,0.590909,0.7,0.666667,0.55914,0.663551,0.484536,0.485437,0.639175,0.601942,0.625,0.519231,0.555556,0.534653,0.591837,0.617647,0.57732,0.621359,0.666667,0.597826,0.518868,0.617021,0.601852,0.641304,0.634615,0.583333,0.62,0.51,0.653061,0.637255,0.566038,0.670213,0.587156,0.571429,0.601852,0.630435,0.676768,0.633663,0.645833,0.663462,0.609091,0.588889,0.6,0.51,0.627451,0.561224,0.610619,0.586207,0.590476,0.473684,0.641304,0.537037,0.578431,0.571429,0.586957,0.62963,0.642105,0.619048,0.545455,0.660714,0.637255,0.55102,0.584158,0.565657,0.695122,0.677966,0.643564,0.686869,0.533333,0.6,0.597938,0.524272,0.564356,0.525253,
81000,0.627451,0.581633,0.633663,0.555556,0.565217,0.62963,0.62766,0.641509,0.632075,0.56383,0.571429,0.598039,0.588235,0.612245,0.608696,0.62037,0.59,0.64,0.477778,0.545455,0.621053,0.485714,0.607843,0.622449,0.683168,0.515152,0.564815,0.630435,0.632075,0.691489,0.605263,0.55814,0.701031,0.621359,0.627451,0.612245,0.632812,0.694444,0.56701,0.640777,0.534091,0.589286,0.556701,0.543689,0.580952,0.631579,0.688172,0.598131,0.673267,0.565657,0.54,0.56,0.660194,0.56701,0.607843,0.581633,0.519608,0.602041,0.623656,0.588785,0.613861,0.575758,0.653465,0.646465,0.542857,0.568421,0.655914,0.635514,0.474747,0.524752,0.656566,0.70297,0.597938,0.68932,0.583333,0.596154,0.635417,0.634615,0.506024,0.623932,0.626087,0.552941,0.560748,0.591398,0.5,0.662791,0.615385,0.447917,0.606383,0.613208,0.622642,0.56383,0.666667,0.710843,0.604396,0.587156,0.616822,0.634409,0.572917,0.605769,
81200,0.61165,0.597938,0.575472,0.553191,0.595506,0.63964,0.653061,0.598039,0.663462,0.6875,0.54902,0.632653,0.525253,0.623762,0.585106,0.632075,0.61165,0.587629,0.5875,0.658333,0.602151,0.64486,0.61,0.61,0.545455,0.554455,0.583333,0.538462,0.525773,0.553398,0.55102,0.637255,0.565217,0.555556,0.648936,0.603774,0.632184,0.619469,0.518868,0.659574,0.633663,0.656566,0.623656,0.607477,0.553191,0.509434,0.572917,0.682692,0.714286,0.651376,0.554348,0.611111,0.686275,0.622449,0.65625,0.596154,0.632075,0.670213,0.479167,0.644231,0.592593,0.630435,0.518519,0.565217,0.585859,0.544554,0.513043,0.647059,0.56,0.58,0.659091,0.625,0.445652,0.685185,0.564356,0.555556,0.614679,0.56044,0.632653,0.656863,0.634409,0.616822,0.545455,0.623762,0.653061,0.54902,0.590476,0.610526,0.609195,0.469027,0.44186,0.622807,0.663265,0.578431,0.684211,0.695238,0.568421,0.571429,0.585106,0.622642,
81400,0.585106,0.641509,0.58,0.56,0.633028,0.637363,0.622449,0.647059,0.580645,0.663551,0.61165,0.536082,0.563107,0.484536,0.637255,0.612245,0.578947,0.6,0.634615,0.625,0.619565,0.518519,0.590476,0.536842,0.544643,0.602273,0.543478,0.685185,0.590909,0.642857,0.584906,0.606383,0.572727,0.666667,0.585859,0.643564,0.527273,0.544444,0.576923,0.510417,0.55102,0.617647,0.436893,0.453608,0.54902,0.561224,0.633929,0.647727,0.566038,0.680851,0.576087,0.62037,0.653465,0.626263,0.585859,0.613861,0.580645,0.626168,0.568627,0.530612,0.604167,0.663462,0.621359,0.56701,0.614583,0.596154,0.489362,0.54717,0.610526,0.590476,0.623762,0.646465,0.555556,0.684783,0.551402,0.612903,0.585859,0.653465,0.62,0.66,0.684211,0.619048,0.589286,0.625,0.596154,0.614583,0.539216,0.673469,0.71875,0.567308,0.621622,0.640449,0.542857,0.6,0.567308,0.583333,0.537037,0.619565,0.524752,0.585859,
81600,0.631579,0.628571,0.55102,0.519608,0.594595,0.483146,0.633929,0.681818,0.598039,0.612245,0.604167,0.586538,0.570175,0.581395,0.585586,0.606742,0.633663,0.666667,0.616822,0.526882,0.663265,0.705882,0.653846,0.614583,0.652632,0.628571,0.673077,0.604167,0.677419,0.588785,0.755556,0.590909,0.69,0.57,0.694737,0.628571,0.610526,0.67619,0.590476,0.515789,0.509259,0.695652,0.568421,0.485714,0.663265,0.441176,0.509259,0.608696,0.633333,0.618182,0.539326,0.612613,0.660194,0.536082,0.526316,0.651163,0.666667,0.595506,0.536842,0.514286,0.631579,0.639535,0.666667,0.588785,0.582418,0.550459,0.6,0.75,0.694737,0.561905,0.543478,0.62963,0.490385,0.677083,0.625,0.635417,0.594828,0.607143,0.520833,0.567308,0.72381,0.631579,0.548077,0.583333,0.524272,0.649485,0.6,0.6,0.631579,0.542857,0.470588,0.571429,0.578431,0.632653,0.627451,0.489796,0.584158,0.646465,0.618182,0.822222,
81800,0.62069,0.504425,0.555556,0.6,0.613861,0.646465,0.582418,0.651376,0.663462,0.697917,0.68932,0.536082,0.513514,0.651685,0.618557,0.621359,0.6,0.564706,0.576923,0.552083,0.632075,0.702128,0.596154,0.59375,0.597938,0.553398,0.656566,0.584158,0.609524,0.642105,0.656566,0.50495,0.681818,0.711111,0.547368,0.619048,0.618557,0.650485,0.633663,0.535354,0.649485,0.601942,0.505155,0.533981,0.673684,0.542857,0.618557,0.514563,0.704082,0.656863,0.564356,0.606061,0.644444,0.609091,0.663462,0.645833,0.612903,0.654206,0.617021,0.575472,0.615385,0.541667,0.612245,0.568627,0.584906,0.606383,0.606742,0.585586,0.608247,0.582524,0.646465,0.60396,0.709677,0.663551,0.515789,0.666667,0.6,0.58,0.518519,0.630435,0.72449,0.598039,0.62,0.64,0.679245,0.595745,0.69697,0.524752,0.688172,0.560748,0.552381,0.663158,0.555556,0.614458,0.574257,0.69697,0.568182,0.571429,0.63,0.64,
82000,0.59596,0.633663,0.569892,0.551402,0.525424,0.609756,0.679245,0.585106,0.68932,0.525773,0.631579,0.647619,0.591837,0.558824,0.524272,0.628866,0.54717,0.595745,0.564815,0.619565,0.595745,0.481132,0.580952,0.642105,0.653846,0.427083,0.591398,0.560748,0.644231,0.604167,0.644231,0.604167,0.625,0.548077,0.523364,0.591398,0.614583,0.634615,0.552381,0.557895,0.54902,0.581633,0.514563,0.680412,0.6,0.59,0.571429,0.666667,0.592233,0.628866,0.572917,0.528846,0.65625,0.596154,0.572816,0.690722,0.628866,0.631068,0.543689,0.587629,0.673267,0.636364,0.607477,0.623656,0.46,0.63,0.68,0.52,0.575758,0.574257,0.554348,0.62037,0.63,0.57,0.556604,0.691489,0.525253,0.613861,0.552381,0.515789,0.612903,0.570093,0.656566,0.643564,0.556818,0.625,0.666667,0.682692,0.604167,0.615385,0.670103,0.553398,0.543689,0.597938,0.568421,0.52381,0.614583,0.615385,0.559633,0.703297,
82200,0.670103,0.582524,0.597938,0.572816,0.582418,0.541284,0.692308,0.645833,0.526316,0.628571,0.623656,0.551402,0.559633,0.67033,0.59633,0.505495,0.622642,0.595745,0.59596,0.693069,0.552381,0.578947,0.574468,0.59434,0.54717,0.531915,0.59,0.49,0.531915,0.556604,0.525253,0.554455,0.692308,0.583333,0.595745,0.537736,0.585106,0.641509,0.533981,0.494845,0.645161,0.570093,0.5,0.641304,0.625,0.644231,0.581818,0.644444,0.690909,0.7,0.6,0.590476,0.673077,0.59375,0.621053,0.628571,0.546392,0.601942,0.615385,0.666667,0.587629,0.640777,0.632075,0.606383,0.604167,0.663462,0.633028,0.571429,0.612245,0.509804,0.630435,0.574074,0.61,0.54,0.581818,0.6,0.613208,0.542553,0.596154,0.635417,0.574468,0.59434,0.574257,0.616162,0.658537,0.805085,0.586777,0.607595,0.71134,0.563107,0.660194,0.649485,0.627451,0.663265,0.59596,0.653465,0.642105,0.6,0.565217,0.564815,
82400,0.73,0.57,0.6,0.568421,0.576087,0.583333,0.574713,0.628319,0.640449,0.657658,0.604167,0.625,0.469388,0.578431,0.588785,0.55914,0.6,0.536842,0.567901,0.588235,0.59434,0.574468,0.581633,0.715686,0.585859,0.653465,0.675926,0.565217,0.607843,0.561224,0.5,0.615385,0.567308,0.604167,0.5,0.574074,0.639175,0.61165,0.666667,0.6,0.442105,0.542857,0.625,0.508929,0.625,0.613636,0.54,0.65,0.504762,0.631579,0.542857,0.6,0.513043,0.717647,0.618557,0.757282,0.565217,0.62037,0.593407,0.614679,0.606383,0.660377,0.616822,0.55914,0.650943,0.585106,0.595745,0.735849,0.669811,0.617021,0.622642,0.574468,0.571429,0.715789,0.55914,0.691589,0.690909,0.544444,0.565657,0.524752,0.645833,0.548077,0.708333,0.644231,0.613861,0.626263,0.526316,0.619048,0.729167,0.615385,0.660194,0.628866,0.555556,0.709091,0.594595,0.651685,0.583333,0.596154,0.61165,0.628866,
82600,0.659574,0.556604,0.528846,0.541667,0.633333,0.536364,0.53125,0.682692,0.655914,0.64486,0.612613,0.606742,0.636364,0.574257,0.655914,0.616822,0.641509,0.521277,0.6375,0.633333,0.521277,0.613208,0.533333,0.673684,0.548077,0.614583,0.645161,0.663551,0.581633,0.647059,0.58,0.56,0.642105,0.657143,0.571429,0.607843,0.553571,0.602273,0.630435,0.574074,0.455446,0.59596,0.555556,0.572727,0.683673,0.607843,0.596154,0.677083,0.625,0.725,0.572917,0.576923,0.615385,0.605505,0.585586,0.58427,0.644231,0.541667,0.65,0.64,0.608247,0.524272,0.568627,0.540816,0.542553,0.518868,0.707547,0.617021,0.621053,0.485714,0.597938,0.572816,0.509615,0.614583,0.622449,0.637255,0.547368,0.571429,0.552381,0.557895,0.705882,0.632653,0.616822,0.655914,0.59596,0.673267,0.694118,0.669565,0.660194,0.659794,0.614679,0.604396,0.62,0.62,0.613861,0.646465,0.556701,0.621359,0.567308,0.552083,
82800,0.657407,0.663043,0.509434,0.606383,0.595745,0.566038,0.598039,0.755102,0.62766,0.584906,0.588235,0.663265,0.408602,0.570093,0.595506,0.558559,0.610526,0.561905,0.61,0.59,0.652632,0.552381,0.578431,0.632653,0.525253,0.623762,0.577982,0.604396,0.570093,0.580645,0.524752,0.606061,0.709091,0.522222,0.704082,0.509804,0.673077,0.583333,0.529412,0.489796,0.566667,0.518182,0.539216,0.622449,0.628571,0.526316,0.54321,0.647059,0.67,0.71,0.640449,0.522523,0.64,0.64,0.591837,0.529412,0.613861,0.575758,0.686869,0.554455,0.556818,0.571429,0.621622,0.550562,0.64,0.58,0.623762,0.646465,0.574074,0.543478,0.675926,0.521739,0.614583,0.576923,0.59633,0.582418,0.59,0.61,0.615385,0.59375,0.65625,0.644231,0.597701,0.539823,0.574257,0.606061,0.614679,0.626374,0.653061,0.627451,0.570093,0.645161,0.533981,0.587629,0.660194,0.57732,0.666667,0.663717,0.521739,0.694444,
83000,0.694737,0.514286,0.56,0.66,0.660377,0.595745,0.647059,0.642857,0.579545,0.616071,0.561798,0.576577,0.580952,0.621053,0.56,0.57,0.558824,0.622449,0.535354,0.574257,0.521739,0.592593,0.623853,0.538462,0.6875,0.548077,0.692308,0.604167,0.6,0.677778,0.734043,0.632075,0.691489,0.566038,0.647059,0.530612,0.64,0.59,0.556604,0.542553,0.601852,0.51087,0.590476,0.589474,0.673077,0.5625,0.536842,0.561905,0.71028,0.623656,0.55,0.6,0.627451,0.622449,0.659091,0.607143,0.601942,0.680412,0.639175,0.631068,0.6,0.621053,0.62,0.52,0.612903,0.579439,0.59596,0.475248,0.6,0.617391,0.608696,0.638889,0.596491,0.616279,0.607843,0.530612,0.636364,0.544444,0.633663,0.585859,0.675926,0.586957,0.564356,0.636364,0.489796,0.647059,0.59375,0.605769,0.721649,0.524272,0.678899,0.637363,0.525773,0.592233,0.653061,0.617647,0.613208,0.62766,0.53125,0.644231,
83200,0.657143,0.578947,0.626263,0.623762,0.59375,0.586538,0.708738,0.690722,0.709302,0.675439,0.666667,0.574257,0.534653,0.636364,0.614583,0.653846,0.59,0.5,0.555556,0.590361,0.655914,0.542056,0.591837,0.578431,0.64486,0.580645,0.535714,0.568966,0.524272,0.680412,0.526316,0.628571,0.659091,0.580357,0.594059,0.606061,0.553398,0.556701,0.633663,0.565657,0.586538,0.645833,0.465347,0.565657,0.616822,0.580645,0.582524,0.690722,0.574257,0.565657,0.578431,0.663265,0.601852,0.586957,0.556701,0.699029,0.581633,0.637255,0.637363,0.651376,0.557692,0.604167,0.733333,0.463158,0.626263,0.574257,0.54,0.52,0.566372,0.62069,0.537634,0.626168,0.561905,0.589474,0.489796,0.666667,0.611111,0.608696,0.608247,0.592233,0.592233,0.587629,0.58,0.52,0.694915,0.597561,0.666667,0.602041,0.595506,0.540541,0.556701,0.650485,0.659091,0.642857,0.554622,0.62963,0.578947,0.619048,0.55,0.67,
83400,0.6,0.54,0.588235,0.5,0.639175,0.563107,0.532609,0.666667,0.719101,0.630631,0.554545,0.566667,0.50495,0.636364,0.49,0.63,0.553398,0.597938,0.580952,0.578947,0.584906,0.574468,0.590476,0.578947,0.560748,0.537634,0.609195,0.654867,0.619048,0.778947,0.56,0.68,0.646018,0.45977,0.558824,0.55102,0.636364,0.594059,0.573034,0.558559,0.654206,0.602151,0.59,0.6,0.5625,0.673077,0.540816,0.666667,0.69697,0.663366,0.586538,0.635417,0.593023,0.596491,0.54,0.63,0.63964,0.606742,0.626168,0.688172,0.601852,0.576087,0.586207,0.547619,0.578431,0.612245,0.575758,0.653465,0.536842,0.542857,0.525773,0.553398,0.573913,0.6,0.637255,0.571429,0.591837,0.607843,0.504425,0.517241,0.695652,0.648148,0.591837,0.578431,0.583333,0.586538,0.571429,0.652632,0.642105,0.533333,0.577982,0.56044,0.587156,0.67033,0.590476,0.515789,0.660377,0.617021,0.598131,0.548387,
83600,0.685185,0.532609,0.69697,0.574257,0.591837,0.656863,0.616822,0.666667,0.586538,0.65625,0.602041,0.617647,0.574713,0.628319,0.447619,0.621053,0.621622,0.629213,0.483146,0.567568,0.663043,0.62037,0.628571,0.589474,0.70297,0.606061,0.631579,0.580952,0.544554,0.656566,0.628866,0.524272,0.62037,0.554348,0.652632,0.609524,0.572816,0.690722,0.63,0.61,0.55102,0.539216,0.531915,0.575472,0.5625,0.615385,0.55914,0.64486,0.681319,0.651376,0.495238,0.589474,0.647727,0.580357,0.544554,0.646465,0.59596,0.613861,0.55102,0.647059,0.566372,0.62069,0.49,0.56,0.598131,0.580645,0.509434,0.478723,0.59375,0.653846,0.663043,0.62037,0.451923,0.614583,0.560748,0.602151,0.622449,0.480392,0.585859,0.673267,0.677083,0.701923,0.648649,0.696629,0.531915,0.613208,0.62766,0.632075,0.666667,0.571429,0.494845,0.650485,0.643564,0.666667,0.622449,0.666667,0.595745,0.650943,0.62,0.61,
83800,0.686275,0.612245,0.611111,0.563636,0.515464,0.669903,0.633929,0.75,0.606061,0.623762,0.531915,0.622642,0.463158,0.552381,0.565657,0.613861,0.648936,0.528302,0.511364,0.491071,0.59596,0.653465,0.592233,0.597938,0.652174,0.5,0.543103,0.559524,0.577586,0.571429,0.59434,0.542553,0.656863,0.591837,0.649485,0.640777,0.653061,0.637255,0.56,0.53,0.528302,0.5,0.53,0.56,0.632653,0.588235,0.565657,0.643564,0.699029,0.690722,0.56,0.61,0.611111,0.618182,0.691489,0.641509,0.674419,0.622807,0.64,0.693333,0.657143,0.526316,0.669725,0.681319,0.535714,0.488636,0.536842,0.590476,0.63,0.56,0.485437,0.556701,0.48913,0.685185,0.581633,0.676471,0.58,0.57,0.555556,0.608696,0.654545,0.6,0.64486,0.666667,0.59596,0.60396,0.73913,0.546296,0.610619,0.563218,0.588785,0.72043,0.51,0.64,0.589474,0.485714,0.598214,0.579545,0.48,0.58,
84000,0.609091,0.611111,0.718182,0.555556,0.572917,0.567308,0.558559,0.52809,0.702128,0.59434,0.672727,0.711111,0.515789,0.571429,0.540816,0.647059,0.621053,0.580952,0.54902,0.653061,0.519231,0.645833,0.572816,0.57732,0.584906,0.670213,0.577982,0.571429,0.61,0.57,0.655172,0.477876,0.650943,0.478723,0.659574,0.650943,0.659794,0.592233,0.654206,0.602151,0.566038,0.606383,0.565657,0.594059,0.596154,0.604167,0.614458,0.555556,0.582524,0.649485,0.583333,0.673077,0.654762,0.612069,0.634615,0.59375,0.644231,0.739583,0.672414,0.630952,0.653061,0.578431,0.632653,0.558824,0.666667,0.554455,0.621622,0.550562,0.6,0.578947,0.542553,0.641509,0.6,0.638095,0.607477,0.623656,0.589474,0.571429,0.611111,0.6,0.6,0.64,0.593407,0.587156,0.596491,0.604651,0.632075,0.659574,0.645161,0.598131,0.598039,0.693878,0.557692,0.65625,0.61,0.56,0.680412,0.592233,0.666667,0.641304,
84200,0.59292,0.54023,0.653061,0.578431,0.520408,0.588235,0.662921,0.657658,0.622642,0.62766,0.543689,0.608247,0.5,0.627273,0.585106,0.584906,0.5,0.541667,0.591837,0.529412,0.63,0.56,0.552381,0.652632,0.518868,0.531915,0.640777,0.587629,0.58427,0.603604,0.542553,0.59434,0.62069,0.575221,0.627451,0.55102,0.526882,0.672897,0.607477,0.537634,0.56,0.52,0.566372,0.551724,0.548387,0.570093,0.604167,0.548077,0.609524,0.715789,0.654206,0.591398,0.66055,0.736264,0.683168,0.666667,0.604167,0.596154,0.604396,0.587156,0.554348,0.666667,0.57,0.56,0.518519,0.51087,0.579545,0.526786,0.631068,0.649485,0.6125,0.675,0.517857,0.659091,0.673913,0.537037,0.504762,0.610526,0.688679,0.574468,0.679612,0.731959,0.563107,0.608247,0.52,0.66,0.613208,0.606383,0.68,0.6,0.580952,0.589474,0.561224,0.588235,0.727273,0.653465,0.62069,0.566372,0.680851,0.603774,
84400,0.554455,0.646465,0.62037,0.521739,0.691489,0.679245,0.5,0.62,0.54902,0.540816,0.56383,0.54717,0.570175,0.569767,0.59375,0.605769,0.589474,0.514286,0.648148,0.619565,0.52381,0.547368,0.606383,0.632075,0.619048,0.568421,0.58,0.54,0.632075,0.553191,0.638889,0.5,0.747664,0.516129,0.568627,0.459184,0.656566,0.534653,0.59596,0.534653,0.525773,0.592233,0.59596,0.643564,0.580952,0.589474,0.542857,0.589474,0.6,0.6,0.669811,0.510638,0.736264,0.59633,0.590361,0.649573,0.633333,0.681818,0.612245,0.509804,0.568627,0.622449,0.640449,0.540541,0.588785,0.612903,0.530612,0.588235,0.555556,0.581818,0.655172,0.584071,0.545455,0.623762,0.596154,0.572917,0.553398,0.608247,0.537736,0.542553,0.597938,0.640777,0.639175,0.68932,0.60396,0.737374,0.536842,0.609524,0.669811,0.585106,0.612903,0.747664,0.524752,0.616162,0.581818,0.522222,0.590909,0.644444,0.528302,0.585106,
84600,0.618557,0.61165,0.545455,0.594059,0.575758,0.594059,0.546296,0.673913,0.71028,0.634409,0.663158,0.580952,0.582418,0.605505,0.566038,0.553191,0.625,0.647727,0.56701,0.640777,0.578947,0.657143,0.67,0.66,0.704762,0.442105,0.601942,0.546392,0.607843,0.581633,0.554622,0.62963,0.612245,0.598039,0.669903,0.608247,0.653846,0.6875,0.606742,0.540541,0.653061,0.578431,0.590361,0.615385,0.597938,0.621359,0.530612,0.617647,0.707071,0.683168,0.601942,0.546392,0.584158,0.535354,0.62069,0.619048,0.625,0.625,0.663158,0.72381,0.618182,0.622222,0.566038,0.585106,0.603774,0.489362,0.678161,0.522124,0.509615,0.520833,0.673913,0.527778,0.53913,0.670588,0.645833,0.605769,0.578313,0.555556,0.614583,0.567308,0.594595,0.640449,0.518868,0.606383,0.57732,0.553398,0.53,0.68,0.642857,0.617647,0.62963,0.619565,0.553398,0.57732,0.625,0.625,0.68,0.59,0.556701,0.660194,
84800,0.723214,0.534091,0.602151,0.64486,0.581633,0.647059,0.638298,0.556604,0.705882,0.602041,0.669565,0.529412,0.588785,0.709677,0.56701,0.592233,0.572917,0.557692,0.59,0.66,0.574257,0.585859,0.585859,0.683168,0.572816,0.463918,0.663462,0.510417,0.638095,0.568421,0.563107,0.639175,0.566038,0.489362,0.593023,0.587719,0.542857,0.578947,0.54,0.66,0.578947,0.552381,0.55,0.64,0.582418,0.642202,0.5,0.645455,0.69,0.62,0.519231,0.6875,0.7,0.633333,0.681818,0.678571,0.6875,0.681818,0.666667,0.633663,0.616822,0.591398,0.56701,0.495146,0.504762,0.578947,0.553398,0.515464,0.619048,0.589474,0.510417,0.653846,0.596491,0.674419,0.561905,0.631579,0.616162,0.663366,0.58427,0.603604,0.715686,0.653061,0.571429,0.589474,0.61165,0.587629,0.630435,0.62963,0.632653,0.588235,0.572917,0.692308,0.616822,0.677419,0.574257,0.636364,0.660377,0.489362,0.618557,0.582524,
85000,0.715686,0.55102,0.647059,0.642857,0.65625,0.605769,0.561224,0.696078,0.56,0.61,0.594059,0.505051,0.463158,0.6,0.633333,0.581818,0.52,0.6,0.520408,0.656863,0.594059,0.636364,0.541667,0.682692,0.608247,0.563107,0.59434,0.659574,0.613208,0.638298,0.653465,0.535354,0.622449,0.617647,0.636364,0.554455,0.673267,0.646465,0.626263,0.534653,0.63,0.64,0.709677,0.542056,0.627451,0.489796,0.607143,0.62069,0.582524,0.618557,0.483146,0.576577,0.56,0.68,0.585106,0.669811,0.578431,0.602041,0.552381,0.568421,0.542056,0.55914,0.540816,0.529412,0.625,0.576923,0.572917,0.634615,0.535354,0.50495,0.680851,0.726415,0.575221,0.586207,0.638095,0.515789,0.588785,0.505376,0.662791,0.552632,0.719298,0.546512,0.537634,0.523364,0.625,0.602273,0.605505,0.582418,0.606061,0.633663,0.576577,0.674157,0.636364,0.653465,0.638095,0.568421,0.57732,0.563107,0.528736,0.584071,
85200,0.776596,0.490566,0.482143,0.613636,0.582418,0.651376,0.64486,0.602151,0.6,0.644444,0.572917,0.653846,0.549451,0.59633,0.554455,0.59596,0.569892,0.53271,0.509434,0.585106,0.64,0.64,0.601942,0.56701,0.504854,0.505155,0.588785,0.526882,0.589286,0.636364,0.544554,0.525253,0.659794,0.533981,0.609091,0.677778,0.553191,0.54717,0.644444,0.563636,0.538462,0.568807,0.545455,0.574257,0.584906,0.542553,0.61165,0.536082,0.618182,0.6,0.612613,0.516854,0.675676,0.685393,0.555556,0.60396,0.568421,0.666667,0.536082,0.582524,0.602273,0.607143,0.567901,0.596639,0.53271,0.666667,0.618557,0.466019,0.607477,0.602151,0.604396,0.59633,0.579439,0.591398,0.634615,0.625,0.587629,0.533981,0.616162,0.554455,0.7,0.63,0.48,0.63,0.58,0.68,0.669811,0.670213,0.679612,0.597938,0.59375,0.701923,0.608247,0.61165,0.517241,0.637168,0.694444,0.554348,0.505376,0.514019,
85400,0.596154,0.604167,0.637255,0.602041,0.552381,0.589474,0.584906,0.702128,0.62766,0.669811,0.662651,0.649573,0.5,0.576087,0.542553,0.54717,0.59,0.61,0.554545,0.611111,0.59633,0.648352,0.67,0.66,0.558824,0.714286,0.648148,0.619565,0.533333,0.572727,0.553191,0.584906,0.6,0.505263,0.733333,0.572727,0.584906,0.617021,0.64,0.61,0.588785,0.731183,0.556701,0.543689,0.62963,0.5,0.546392,0.650485,0.615385,0.625,0.623656,0.551402,0.64486,0.623656,0.556818,0.678571,0.608247,0.737864,0.653061,0.607843,0.621053,0.733333,0.666667,0.633663,0.553191,0.566038,0.628866,0.592233,0.65,0.54,0.505051,0.643564,0.59596,0.534653,0.590476,0.642105,0.55102,0.539216,0.541667,0.673077,0.654206,0.591398,0.539216,0.622449,0.539823,0.632184,0.642105,0.52381,0.56701,0.621359,0.677083,0.634615,0.6,0.663158,0.466667,0.590909,0.650485,0.587629,0.495238,0.6,
85600,0.673913,0.574074,0.538462,0.5625,0.51,0.6,0.585106,0.641509,0.592593,0.652174,0.553398,0.515464,0.524752,0.585859,0.570175,0.488372,0.505747,0.557522,0.531915,0.679245,0.568807,0.549451,0.61165,0.680412,0.560748,0.537634,0.666667,0.596154,0.62766,0.745283,0.639175,0.669903,0.666667,0.604651,0.669903,0.597938,0.659794,0.650485,0.631068,0.608247,0.515789,0.552381,0.542857,0.631579,0.606061,0.584158,0.513761,0.692308,0.608696,0.666667,0.61,0.6,0.63,0.66,0.586538,0.614583,0.584158,0.585859,0.633663,0.626263,0.684211,0.704762,0.59,0.64,0.609524,0.547368,0.571429,0.656863,0.554348,0.537037,0.653465,0.616162,0.560345,0.642857,0.552941,0.652174,0.529412,0.622449,0.575758,0.534653,0.705882,0.591837,0.591837,0.647059,0.669903,0.659794,0.680412,0.61165,0.578431,0.561224,0.63964,0.674157,0.675926,0.73913,0.510417,0.634615,0.6,0.505263,0.592233,0.556701,
85800,0.65625,0.538462,0.637255,0.642857,0.605769,0.59375,0.591398,0.579439,0.636364,0.633333,0.59,0.54,0.468085,0.59434,0.572816,0.659794,0.690722,0.572816,0.551724,0.584071,0.673267,0.565657,0.618557,0.631068,0.59633,0.615385,0.488372,0.491228,0.706522,0.416667,0.654762,0.5,0.719626,0.451613,0.683673,0.519608,0.695652,0.611111,0.526882,0.64486,0.649485,0.582524,0.594059,0.616162,0.67,0.62,0.591398,0.626168,0.659341,0.706422,0.534653,0.515152,0.633333,0.627273,0.659794,0.631068,0.561224,0.637255,0.586207,0.539823,0.666667,0.633663,0.61,0.67,0.588889,0.609091,0.52381,0.6,0.557895,0.628571,0.638298,0.575472,0.533333,0.663158,0.592233,0.494845,0.494505,0.522936,0.612903,0.551402,0.626263,0.693069,0.554455,0.646465,0.637363,0.697248,0.649485,0.669903,0.663866,0.654321,0.622449,0.647059,0.561905,0.547368,0.489362,0.566038,0.69697,0.613861,0.638298,0.650943,
86000,0.626374,0.642202,0.538462,0.633028,0.569892,0.607477,0.564356,0.565657,0.63964,0.640449,0.627451,0.520408,0.6,0.590476,0.569892,0.560748,0.44086,0.579439,0.6,0.61,0.574257,0.565657,0.51087,0.657407,0.601852,0.586957,0.642105,0.609524,0.621053,0.638095,0.536082,0.650485,0.679245,0.574468,0.546392,0.61165,0.626168,0.612903,0.581818,0.588889,0.490385,0.59375,0.523256,0.552632,0.534653,0.575758,0.608696,0.574074,0.642857,0.696078,0.673267,0.59596,0.657407,0.576087,0.642105,0.647619,0.659794,0.582524,0.582524,0.556701,0.594595,0.629213,0.560748,0.473118,0.626263,0.594059,0.513761,0.67033,0.605505,0.549451,0.62963,0.630435,0.673684,0.695238,0.63,0.61,0.635593,0.634146,0.568421,0.514286,0.641304,0.574074,0.565217,0.601852,0.588889,0.609091,0.644444,0.681818,0.71134,0.621359,0.525773,0.621359,0.538462,0.669725,0.696629,0.576577,0.490741,0.597826,0.60241,0.564103,
86200,0.714286,0.568627,0.641975,0.672269,0.541284,0.582418,0.641509,0.553191,0.532609,0.611111,0.584906,0.531915,0.545455,0.577778,0.614583,0.605769,0.56,0.55,0.598039,0.479592,0.63,0.57,0.6,0.56,0.561404,0.569767,0.478723,0.490566,0.563218,0.60177,0.642857,0.578431,0.633929,0.5,0.752475,0.626263,0.5,0.585106,0.582524,0.463918,0.585859,0.60396,0.552381,0.642105,0.605769,0.614583,0.595745,0.632075,0.552381,0.652632,0.606383,0.59434,0.657143,0.621053,0.6,0.62,0.59,0.65,0.617647,0.632653,0.526316,0.552381,0.644231,0.604167,0.637255,0.622449,0.532609,0.62963,0.613861,0.606061,0.584158,0.69697,0.605769,0.65625,0.6,0.514286,0.684211,0.609524,0.584071,0.597701,0.666667,0.524752,0.586207,0.557522,0.594059,0.727273,0.678571,0.602273,0.594059,0.575758,0.515152,0.544554,0.608247,0.699029,0.52381,0.652632,0.653465,0.505051,0.548387,0.663551,
86400,0.571429,0.568807,0.627273,0.622222,0.602041,0.676471,0.72,0.68,0.680412,0.699029,0.653061,0.558824,0.561224,0.529412,0.626263,0.673267,0.553398,0.536082,0.558824,0.581633,0.611111,0.543478,0.673469,0.705882,0.56,0.54,0.652174,0.592593,0.5625,0.673077,0.535354,0.415842,0.622222,0.6,0.676768,0.594059,0.701149,0.584071,0.672897,0.634409,0.550562,0.558559,0.542553,0.575472,0.552083,0.567308,0.592233,0.628866,0.568807,0.681319,0.62,0.59,0.715686,0.622449,0.606838,0.674699,0.610526,0.561905,0.651376,0.582418,0.584906,0.595745,0.603774,0.659574,0.56701,0.592233,0.60396,0.656566,0.577778,0.554545,0.608696,0.481481,0.574713,0.663717,0.701031,0.582524,0.581818,0.477778,0.542056,0.623656,0.647059,0.582609,0.531532,0.561798,0.514019,0.666667,0.653465,0.626263,0.571429,0.602273,0.572816,0.618557,0.585106,0.735849,0.556604,0.56383,0.670213,0.528302,0.572816,0.587629,
86600,0.578947,0.604651,0.604167,0.538462,0.647059,0.617391,0.597938,0.631068,0.701149,0.654867,0.605505,0.582418,0.534653,0.626263,0.594059,0.515152,0.642857,0.647059,0.59434,0.553191,0.675676,0.595506,0.660194,0.659794,0.614679,0.582418,0.59596,0.50495,0.659091,0.580357,0.455446,0.636364,0.68,0.51,0.663366,0.616162,0.622449,0.637255,0.524272,0.608247,0.6,0.666667,0.5625,0.576923,0.529412,0.653061,0.49505,0.575758,0.585106,0.698113,0.566038,0.648936,0.621849,0.567901,0.587629,0.61165,0.568421,0.666667,0.514019,0.55914,0.61165,0.608247,0.613636,0.5625,0.575758,0.564356,0.58427,0.585586,0.633028,0.615385,0.645455,0.588889,0.605263,0.569767,0.552083,0.548077,0.536082,0.650485,0.67,0.62,0.684783,0.574074,0.606061,0.534653,0.583333,0.721154,0.631068,0.701031,0.680412,0.514563,0.542857,0.642105,0.56044,0.614679,0.54902,0.581633,0.649485,0.631068,0.608247,0.563107,
86800,0.637255,0.612245,0.587629,0.592233,0.631068,0.556701,0.680412,0.61165,0.670103,0.718447,0.534653,0.59596,0.55102,0.627451,0.663636,0.622222,0.585586,0.58427,0.526882,0.635514,0.571429,0.568421,0.625,0.625,0.57,0.56,0.595745,0.669811,0.601852,0.652174,0.625,0.660714,0.576577,0.539326,0.669811,0.542553,0.509259,0.565217,0.479592,0.676471,0.610526,0.514286,0.637363,0.614679,0.63,0.57,0.578431,0.693878,0.609195,0.628319,0.572727,0.622222,0.612613,0.58427,0.568421,0.6,0.609524,0.663158,0.663265,0.607843,0.583333,0.615385,0.617021,0.59434,0.61,0.56,0.612245,0.666667,0.588235,0.530612,0.6,0.610526,0.516854,0.612613,0.59434,0.62766,0.566038,0.553191,0.544304,0.545455,0.642857,0.539216,0.536842,0.52381,0.585586,0.595506,0.567568,0.685393,0.72,0.6,0.568421,0.685714,0.580645,0.672897,0.574468,0.650943,0.64486,0.569892,0.633663,0.565657,
87000,0.634615,0.677083,0.578431,0.591837,0.542857,0.631579,0.559633,0.615385,0.651685,0.630631,0.608247,0.699029,0.587629,0.582524,0.636364,0.577778,0.538462,0.53211,0.684211,0.571429,0.717172,0.574257,0.56,0.7,0.585859,0.653465,0.590909,0.644444,0.52,0.57,0.632075,0.670213,0.643564,0.565657,0.598039,0.510204,0.588235,0.622449,0.59434,0.574468,0.543478,0.574074,0.514019,0.591398,0.592233,0.587629,0.618557,0.61165,0.539216,0.612245,0.527778,0.586957,0.555556,0.633663,0.588785,0.548387,0.660194,0.608247,0.675676,0.539326,0.621359,0.546392,0.63,0.71,0.582418,0.614679,0.559633,0.637363,0.612245,0.568627,0.625,0.541667,0.582524,0.608247,0.62,0.58,0.511364,0.625,0.524272,0.494845,0.711111,0.6,0.603448,0.583333,0.703297,0.642202,0.673469,0.647059,0.598039,0.561224,0.5,0.627451,0.586538,0.572917,0.586957,0.62037,0.626506,0.623932,0.509615,0.552083,
87200,0.74,0.67,0.57,0.66,0.537736,0.574468,0.655914,0.635514,0.663265,0.637255,0.545455,0.564356,0.590476,0.557895,0.579439,0.645161,0.554455,0.555556,0.625,0.653846,0.582524,0.525773,0.698925,0.64486,0.634615,0.614583,0.548387,0.560748,0.62766,0.707547,0.505051,0.534653,0.597938,0.572816,0.6,0.590476,0.54902,0.612245,0.603448,0.5,0.5,0.553191,0.535714,0.613636,0.580952,0.578947,0.62037,0.619565,0.630631,0.595506,0.608247,0.582524,0.673684,0.561905,0.6,0.568421,0.651376,0.593407,0.55,0.55,0.542056,0.645161,0.651376,0.593407,0.58,0.64,0.537736,0.702128,0.591837,0.460784,0.570093,0.494624,0.634409,0.682243,0.580952,0.642105,0.70297,0.555556,0.469565,0.588235,0.672897,0.666667,0.666667,0.621053,0.571429,0.705263,0.66,0.62,0.703297,0.642202,0.602273,0.678571,0.54902,0.612245,0.525773,0.68932,0.616822,0.688172,0.627907,0.578947,
87400,0.78022,0.504587,0.444444,0.594059,0.578947,0.552381,0.572917,0.557692,0.578431,0.632653,0.53125,0.567308,0.495146,0.618557,0.637255,0.653061,0.626168,0.483871,0.43,0.64,0.56701,0.631068,0.533981,0.546392,0.607843,0.581633,0.526316,0.552381,0.607143,0.704545,0.568421,0.590476,0.680412,0.68932,0.460784,0.653061,0.547368,0.647619,0.5,0.59434,0.517241,0.575221,0.51087,0.601852,0.515789,0.6,0.472527,0.59633,0.666667,0.663793,0.519231,0.59375,0.582524,0.618557,0.536842,0.495238,0.645161,0.588785,0.597826,0.62037,0.635417,0.5,0.609524,0.547368,0.590476,0.6,0.604167,0.586538,0.707965,0.551724,0.694737,0.542857,0.483871,0.598131,0.628866,0.669903,0.653846,0.53125,0.666667,0.581818,0.628571,0.610526,0.574074,0.586957,0.55,0.69,0.681034,0.535714,0.612903,0.551402,0.56701,0.631068,0.67,0.64,0.552083,0.548077,0.601942,0.546392,0.630435,0.675926,
87600,0.754902,0.581633,0.6,0.588889,0.536082,0.572816,0.598131,0.516129,0.669903,0.525773,0.563107,0.474227,0.511905,0.551724,0.565217,0.62037,0.553191,0.566038,0.54,0.63,0.490385,0.59375,0.623853,0.637363,0.483871,0.542056,0.54902,0.540816,0.522222,0.663636,0.525253,0.554455,0.56383,0.575472,0.488889,0.527273,0.443299,0.563107,0.656863,0.561224,0.52381,0.631579,0.617647,0.520408,0.6,0.6,0.547619,0.681034,0.566372,0.655172,0.594595,0.550562,0.68932,0.639175,0.585859,0.70297,0.598039,0.632653,0.54902,0.571429,0.568182,0.616071,0.61165,0.608247,0.582418,0.66055,0.609091,0.677778,0.529412,0.642857,0.587629,0.640777,0.592233,0.680412,0.611111,0.565217,0.631579,0.52381,0.61165,0.474227,0.7,0.572727,0.637255,0.612245,0.611765,0.721739,0.752294,0.725275,0.556701,0.592233,0.552381,0.652632,0.618182,0.633333,0.6,0.542857,0.647619,0.589474,0.586538,0.5625,
87800,0.708738,0.597938,0.56044,0.59633,0.67619,0.578947,0.571429,0.614679,0.608247,0.582524,0.655556,0.609091,0.573034,0.576577,0.591837,0.539216,0.685714,0.621053,0.5,0.604167,0.635417,0.557692,0.650485,0.57732,0.585106,0.584906,0.51,0.61,0.60177,0.551724,0.606383,0.603774,0.677419,0.542056,0.759615,0.625,0.645455,0.666667,0.638298,0.622642,0.578947,0.514286,0.651685,0.558559,0.63,0.65,0.626168,0.569892,0.663265,0.696078,0.561905,0.568421,0.652632,0.67619,0.601942,0.525773,0.527778,0.576087,0.606383,0.632075,0.666667,0.554545,0.663366,0.535354,0.552381,0.6,0.583333,0.615385,0.681319,0.550459,0.614583,0.644231,0.581633,0.578431,0.613861,0.626263,0.657143,0.6,0.605505,0.549451,0.606383,0.622642,0.649485,0.61165,0.623529,0.695652,0.571429,0.568627,0.62037,0.597826,0.617647,0.581633,0.641509,0.585106,0.536082,0.669903,0.670103,0.660194,0.587156,0.582418,
88000,0.705357,0.636364,0.625,0.567308,0.516129,0.53271,0.574713,0.619469,0.666667,0.602041,0.509434,0.595745,0.525253,0.574257,0.608247,0.582524,0.594059,0.555556,0.524272,0.597938,0.69,0.55,0.61,0.66,0.635417,0.576923,0.642857,0.525862,0.62037,0.663043,0.645161,0.64486,0.647619,0.578947,0.62766,0.54717,0.653846,0.59375,0.653061,0.54902,0.583333,0.653846,0.584158,0.565657,0.555556,0.608696,0.555556,0.60396,0.669811,0.595745,0.580952,0.621053,0.528302,0.606383,0.545455,0.514851,0.625,0.636364,0.631579,0.619048,0.521739,0.462963,0.695652,0.62963,0.721649,0.61165,0.588889,0.618182,0.59633,0.604396,0.715789,0.533333,0.578947,0.619048,0.612245,0.607843,0.555556,0.673267,0.616162,0.514851,0.656863,0.55102,0.53211,0.571429,0.555556,0.672727,0.672727,0.633333,0.735294,0.520408,0.54717,0.595745,0.485437,0.721649,0.601852,0.673913,0.708333,0.663462,0.655914,0.607477,
88200,0.608247,0.504854,0.553191,0.566038,0.57732,0.631068,0.663462,0.697917,0.63,0.59,0.626263,0.653465,0.524272,0.628866,0.568182,0.571429,0.567797,0.585366,0.559633,0.516484,0.544554,0.555556,0.587629,0.601942,0.666667,0.557692,0.505155,0.543689,0.563107,0.659794,0.607843,0.653061,0.605769,0.552083,0.646465,0.643564,0.606383,0.679245,0.592593,0.663043,0.509434,0.510638,0.476636,0.655914,0.582418,0.522936,0.588235,0.602041,0.585106,0.622642,0.623762,0.575758,0.574074,0.576087,0.527778,0.641304,0.574468,0.603774,0.663265,0.617647,0.66055,0.538462,0.56701,0.495146,0.591837,0.637255,0.616279,0.631579,0.663265,0.509804,0.590361,0.581197,0.556522,0.670588,0.616162,0.663366,0.567568,0.719101,0.618557,0.543689,0.648352,0.577982,0.526316,0.619048,0.663366,0.585859,0.607477,0.688172,0.63,0.56,0.588889,0.627273,0.704082,0.568627,0.491071,0.670455,0.60396,0.59596,0.702128,0.660377,
88400,0.658537,0.533898,0.542857,0.652632,0.494845,0.582524,0.612903,0.663551,0.592233,0.556701,0.64486,0.473118,0.568627,0.5,0.505051,0.653465,0.564815,0.608696,0.561224,0.607843,0.574074,0.565217,0.522222,0.636364,0.581395,0.570175,0.528846,0.520833,0.631068,0.659794,0.561224,0.578431,0.703704,0.563025,0.709677,0.53271,0.663265,0.72549,0.643564,0.585859,0.560345,0.559524,0.546296,0.554348,0.632184,0.575221,0.575472,0.62766,0.626374,0.568807,0.543689,0.525773,0.591837,0.607843,0.56,0.65,0.645833,0.509615,0.555556,0.681818,0.526786,0.647727,0.673684,0.533333,0.638889,0.608696,0.641509,0.680851,0.633333,0.618182,0.59,0.61,0.632075,0.531915,0.641304,0.537037,0.641667,0.6,0.616162,0.554455,0.694118,0.565217,0.565217,0.657407,0.66,0.7,0.635294,0.634783,0.619048,0.663158,0.622449,0.676471,0.67619,0.663158,0.54717,0.531915,0.598039,0.622449,0.584071,0.609195,
88600,0.69,0.66,0.617647,0.581633,0.489796,0.480392,0.590476,0.621053,0.607143,0.647727,0.655556,0.645455,0.524752,0.636364,0.544554,0.727273,0.53211,0.593407,0.538462,0.666667,0.542553,0.528302,0.576271,0.536585,0.601942,0.505155,0.711538,0.5625,0.722772,0.757576,0.617647,0.612245,0.676768,0.584158,0.636364,0.594059,0.722772,0.636364,0.608247,0.475728,0.542857,0.6,0.598131,0.569892,0.640351,0.662791,0.605769,0.666667,0.691057,0.558442,0.581633,0.637255,0.688679,0.702128,0.645833,0.548077,0.598039,0.683673,0.680851,0.613208,0.644231,0.65625,0.663265,0.598039,0.585859,0.49505,0.581633,0.568627,0.622449,0.627451,0.661017,0.585366,0.530612,0.656863,0.636364,0.683168,0.631579,0.590476,0.582524,0.628866,0.718182,0.688889,0.666667,0.643564,0.55814,0.692982,0.666667,0.619565,0.765306,0.509804,0.560976,0.669492,0.604167,0.557692,0.627907,0.649123,0.561798,0.594595,0.482143,0.647727,
88800,0.565657,0.60396,0.58427,0.585586,0.515464,0.631068,0.494624,0.672897,0.564356,0.727273,0.52381,0.684211,0.536585,0.533898,0.6,0.6,0.657407,0.619565,0.53125,0.605769,0.622222,0.645455,0.549451,0.669725,0.640777,0.649485,0.646465,0.613861,0.55102,0.588235,0.663717,0.574713,0.642857,0.482759,0.61165,0.608247,0.588785,0.569892,0.526316,0.590476,0.613636,0.580357,0.572917,0.625,0.590476,0.578947,0.517857,0.625,0.742857,0.673684,0.564103,0.626506,0.516484,0.642202,0.679245,0.56383,0.62766,0.566038,0.730769,0.583333,0.692308,0.568807,0.607843,0.663265,0.524272,0.597938,0.575472,0.606383,0.626168,0.494624,0.638889,0.48913,0.633929,0.590909,0.53,0.61,0.638095,0.621053,0.595506,0.504505,0.640351,0.511628,0.621622,0.674157,0.659574,0.641509,0.663462,0.677083,0.566038,0.595745,0.484536,0.650485,0.60396,0.626263,0.569892,0.616822,0.643564,0.676768,0.5,0.613208,
89000,0.621053,0.590476,0.65625,0.538462,0.588785,0.645161,0.577982,0.67033,0.726316,0.561905,0.530612,0.568627,0.633663,0.606061,0.561224,0.637255,0.6,0.580952,0.54,0.62,0.630435,0.601852,0.654206,0.677419,0.609524,0.536842,0.633028,0.516484,0.722772,0.737374,0.619565,0.657407,0.826531,0.607843,0.654867,0.528736,0.61,0.55,0.59,0.6,0.613208,0.574468,0.556604,0.531915,0.615385,0.604167,0.598131,0.612903,0.617647,0.663265,0.612613,0.617978,0.66,0.58,0.529412,0.591837,0.443299,0.61165,0.580645,0.588785,0.572816,0.701031,0.636364,0.524752,0.61165,0.536082,0.666667,0.598131,0.59,0.56,0.666667,0.610526,0.586538,0.604167,0.634409,0.570093,0.66,0.64,0.568807,0.571429,0.69697,0.584158,0.510417,0.567308,0.701031,0.660194,0.584906,0.62766,0.67,0.54,0.666667,0.591837,0.603774,0.638298,0.627451,0.693878,0.61,0.66,0.606061,0.584158,
89200,0.623656,0.598131,0.621053,0.609524,0.57732,0.592233,0.690909,0.655556,0.669811,0.585106,0.590476,0.547368,0.552083,0.596154,0.58,0.59,0.57,0.44,0.480392,0.693878,0.590476,0.621053,0.610526,0.609524,0.631148,0.602564,0.686747,0.555556,0.706422,0.637363,0.676768,0.465347,0.682243,0.516129,0.718182,0.588889,0.619469,0.54023,0.628571,0.589474,0.660377,0.553191,0.585859,0.554455,0.627119,0.54878,0.646465,0.594059,0.707317,0.533898,0.608247,0.650485,0.534884,0.526316,0.546296,0.565217,0.698113,0.595745,0.605505,0.615385,0.663462,0.5625,0.606742,0.675676,0.551402,0.634409,0.604651,0.535088,0.56044,0.541284,0.550459,0.626374,0.540816,0.578431,0.571429,0.614679,0.623656,0.607477,0.636364,0.555556,0.740385,0.65625,0.642202,0.626374,0.591837,0.617647,0.591837,0.5,0.653846,0.635417,0.605505,0.571429,0.522936,0.659341,0.617647,0.571429,0.647059,0.561224,0.578947,0.628571,
89400,0.682353,0.53913,0.568627,0.591837,0.63,0.63,0.609195,0.610619,0.610526,0.619048,0.630435,0.592593,0.513514,0.617978,0.631579,0.590476,0.563107,0.525773,0.614583,0.653846,0.657143,0.589474,0.663158,0.666667,0.6,0.568421,0.592233,0.57732,0.596154,0.65625,0.578947,0.627907,0.566667,0.572727,0.587629,0.524272,0.544554,0.616162,0.572816,0.546392,0.59292,0.563218,0.56,0.64,0.673267,0.676768,0.590476,0.652632,0.619565,0.62037,0.552632,0.639535,0.68932,0.56701,0.578431,0.673469,0.486957,0.623529,0.617021,0.660377,0.654206,0.537634,0.61,0.58,0.563107,0.639175,0.575472,0.702128,0.607477,0.483871,0.61,0.63,0.574074,0.630435,0.590909,0.625,0.617021,0.603774,0.54902,0.561224,0.601942,0.649485,0.591304,0.588235,0.585586,0.696629,0.6,0.684211,0.617647,0.602041,0.570093,0.602151,0.574257,0.666667,0.552083,0.596154,0.583333,0.663043,0.630435,0.666667,
89600,0.666667,0.5,0.575472,0.659574,0.568627,0.663265,0.641509,0.62766,0.685714,0.642105,0.64486,0.516129,0.594059,0.646465,0.57,0.58,0.574468,0.481132,0.533333,0.572727,0.594595,0.595506,0.634146,0.516949,0.654206,0.526882,0.628866,0.553398,0.631579,0.561905,0.605769,0.53125,0.554455,0.545455,0.594059,0.545455,0.628866,0.737864,0.598131,0.580645,0.648352,0.477064,0.56,0.65,0.603175,0.675676,0.53,0.58,0.666667,0.653061,0.55102,0.607843,0.697248,0.736264,0.534091,0.6875,0.563107,0.57732,0.543478,0.731481,0.612245,0.54902,0.623853,0.450549,0.653465,0.59596,0.592593,0.663043,0.590476,0.578947,0.642105,0.52381,0.6,0.526316,0.632653,0.686275,0.617021,0.584906,0.592233,0.556701,0.58,0.63,0.544643,0.579545,0.631068,0.670103,0.591837,0.617647,0.744681,0.622642,0.656566,0.574257,0.54,0.56,0.520408,0.617647,0.63,0.65,0.629213,0.603604,
89800,0.72043,0.672897,0.571429,0.552846,0.622449,0.578431,0.635417,0.653846,0.650485,0.628866,0.653061,0.480392,0.490566,0.585106,0.519608,0.520408,0.554545,0.6,0.566038,0.521277,0.47619,0.568966,0.604167,0.596154,0.56,0.61,0.553191,0.632075,0.546296,0.630435,0.59,0.62,0.6,0.571429,0.524272,0.412371,0.613861,0.59596,0.622807,0.639535,0.634615,0.5625,0.59375,0.490385,0.625,0.596154,0.560748,0.645161,0.663265,0.735294,0.623656,0.616822,0.54717,0.585106,0.552083,0.615385,0.622642,0.648936,0.604651,0.54386,0.659341,0.53211,0.566265,0.606838,0.578431,0.581633,0.678571,0.613636,0.558824,0.520408,0.615385,0.677083,0.551402,0.655914,0.706422,0.538462,0.619565,0.583333,0.515152,0.534653,0.673077,0.635417,0.533333,0.627273,0.6,0.684211,0.518519,0.706522,0.616822,0.602151,0.604396,0.633028,0.63,0.64,0.581818,0.577778,0.663462,0.65625,0.493976,0.529915,
90000,0.654867,0.574713,0.65,0.55,0.647059,0.663265,0.663551,0.634409,0.676471,0.540816,0.657143,0.631579,0.533333,0.536364,0.640449,0.576577,0.51,0.57,0.515789,0.657143,0.640777,0.587629,0.542056,0.623656,0.548387,0.607477,0.67,0.65,0.680412,0.669903,0.543478,0.592593,0.652632,0.52381,0.785047,0.623656,0.585106,0.688679,0.533333,0.631579,0.477778,0.636364,0.6,0.619048,0.509804,0.561224,0.57732,0.660194,0.728261,0.657407,0.583333,0.548077,0.660377,0.542553,0.627451,0.72449,0.659341,0.587156,0.590909,0.589286,0.633663,0.636364,0.582418,0.559633,0.553191,0.528302,0.59,0.66,0.682243,0.623656,0.637255,0.632653,0.592233,0.639175,0.627273,0.544444,0.591837,0.568627,0.639175,0.514563,0.755102,0.607843,0.666667,0.581633,0.637363,0.715596,0.568627,0.673469,0.656863,0.55102,0.517241,0.559524,0.569767,0.666667,0.5625,0.644231,0.674419,0.631579,0.557692,0.635417,
90200,0.686869,0.584158,0.640777,0.628866,0.552381,0.557895,0.596154,0.677083,0.623656,0.570093,0.649485,0.475728,0.53125,0.596154,0.561905,0.694737,0.601852,0.619565,0.564815,0.684783,0.659341,0.614679,0.616162,0.594059,0.62963,0.597826,0.54902,0.571429,0.644231,0.645833,0.495327,0.645161,0.627451,0.55102,0.598039,0.693878,0.544554,0.606061,0.61,0.63,0.522222,0.581818,0.479592,0.598039,0.657407,0.619565,0.490385,0.458333,0.595238,0.612069,0.561224,0.54902,0.724771,0.758242,0.734694,0.568627,0.673469,0.656863,0.62766,0.707547,0.591837,0.666667,0.578947,0.561905,0.56,0.72,0.642105,0.609524,0.591398,0.476636,0.677419,0.560748,0.58,0.63,0.666667,0.554545,0.58,0.49,0.617647,0.632653,0.591837,0.578431,0.56383,0.641509,0.6,0.634783,0.677419,0.64486,0.648352,0.568807,0.694444,0.608696,0.627451,0.642857,0.558824,0.561224,0.595745,0.566038,0.546296,0.576087,
90400,0.587629,0.524272,0.6,0.6,0.546296,0.619565,0.602151,0.654206,0.580357,0.522727,0.591304,0.635294,0.52381,0.557895,0.626263,0.712871,0.509804,0.540816,0.54902,0.642857,0.602041,0.588235,0.675926,0.619565,0.584158,0.59596,0.594595,0.550562,0.62069,0.637168,0.56383,0.632075,0.603604,0.483146,0.64,0.59,0.537736,0.595745,0.586538,0.635417,0.557895,0.647619,0.504673,0.516129,0.575472,0.489362,0.589474,0.657143,0.706422,0.648352,0.443299,0.543689,0.635417,0.625,0.638298,0.632075,0.695238,0.568421,0.583333,0.608696,0.56,0.65,0.63,0.57,0.555556,0.584158,0.528846,0.59375,0.614583,0.653846,0.608247,0.669903,0.553191,0.641509,0.54955,0.595506,0.6,0.547368,0.578947,0.647619,0.633929,0.534091,0.606742,0.594595,0.663717,0.643678,0.617021,0.613208,0.637168,0.494253,0.596154,0.59375,0.484848,0.623762,0.551402,0.602151,0.653465,0.575758,0.575758,0.524752,
90600,0.688073,0.571429,0.632653,0.54902,0.67,0.58,0.588235,0.663265,0.630435,0.62963,0.565217,0.583333,0.58427,0.702703,0.646018,0.563218,0.578947,0.514286,0.578431,0.571429,0.615385,0.5,0.607143,0.543103,0.485149,0.545455,0.639175,0.533981,0.606061,0.613861,0.61165,0.608247,0.6875,0.568182,0.6,0.654545,0.676471,0.520408,0.584906,0.606383,0.504587,0.637363,0.586538,0.572917,0.673267,0.515152,0.588235,0.530612,0.653465,0.565657,0.578431,0.561224,0.623762,0.565657,0.579439,0.655914,0.584158,0.616162,0.627451,0.663265,0.628571,0.642105,0.598039,0.622449,0.643564,0.555556,0.59375,0.519231,0.598039,0.571429,0.556701,0.563107,0.575472,0.648936,0.680851,0.622642,0.553398,0.546392,0.632653,0.529412,0.684783,0.611111,0.564815,0.576087,0.578431,0.653061,0.546392,0.524272,0.628571,0.515789,0.666667,0.560345,0.666667,0.623762,0.574468,0.566038,0.666667,0.619469,0.59,0.55,
90800,0.675,0.508333,0.583333,0.576087,0.558824,0.591837,0.612903,0.560748,0.670103,0.601942,0.574713,0.60177,0.564815,0.51087,0.612903,0.588785,0.568182,0.580357,0.645161,0.578947,0.587719,0.604651,0.635294,0.634783,0.646465,0.534653,0.619565,0.583333,0.666667,0.596154,0.53271,0.591398,0.550459,0.615385,0.574257,0.585859,0.651376,0.582418,0.539216,0.55102,0.601852,0.565217,0.55102,0.637255,0.635417,0.557692,0.649485,0.61165,0.563636,0.666667,0.535714,0.62931,0.612903,0.654206,0.505495,0.669725,0.590909,0.598214,0.663366,0.565657,0.597938,0.563107,0.565217,0.601852,0.577778,0.636364,0.644231,0.635417,0.54902,0.653061,0.582524,0.731959,0.567308,0.71875,0.581395,0.622807,0.625,0.548077,0.536364,0.622222,0.635417,0.615385,0.646465,0.623762,0.557692,0.708333,0.596154,0.666667,0.677083,0.557692,0.519231,0.65625,0.570093,0.634409,0.666667,0.634615,0.656863,0.591837,0.53,0.68,
91000,0.726415,0.648936,0.663366,0.606061,0.56044,0.614679,0.682692,0.645833,0.688679,0.638298,0.558559,0.516854,0.495146,0.649485,0.528846,0.604167,0.535354,0.524752,0.467391,0.564815,0.609524,0.642105,0.568627,0.622449,0.59375,0.519231,0.568627,0.540816,0.561404,0.651163,0.702128,0.650943,0.650943,0.585106,0.646465,0.613861,0.663717,0.609195,0.566667,0.618182,0.576087,0.555556,0.463415,0.59322,0.688679,0.585106,0.532609,0.537037,0.677966,0.585366,0.505376,0.616822,0.613208,0.723404,0.591837,0.578431,0.677778,0.618182,0.594595,0.595506,0.656566,0.653465,0.61,0.57,0.61,0.66,0.67033,0.633028,0.673469,0.539216,0.627451,0.663265,0.564706,0.556522,0.640351,0.616279,0.525773,0.61165,0.62963,0.619565,0.678161,0.619469,0.622642,0.56383,0.510638,0.726415,0.650943,0.606383,0.669725,0.604396,0.611111,0.576087,0.595745,0.603774,0.545455,0.613861,0.652174,0.675926,0.54717,0.56383,
91200,0.708333,0.586538,0.605769,0.6875,0.572917,0.644231,0.618557,0.621359,0.642202,0.593407,0.615385,0.605505,0.606383,0.566038,0.556701,0.582524,0.602041,0.519608,0.46875,0.615385,0.608333,0.5,0.526316,0.609524,0.650485,0.618557,0.57,0.57,0.565657,0.633663,0.594059,0.505051,0.590476,0.536842,0.670103,0.601942,0.65,0.71,0.587719,0.523256,0.63,0.59,0.617647,0.602041,0.702128,0.5,0.575472,0.617021,0.688073,0.648352,0.598039,0.530612,0.619048,0.631579,0.57732,0.592233,0.62,0.6,0.57732,0.621359,0.621359,0.608247,0.634615,0.583333,0.588235,0.55102,0.554455,0.686869,0.626168,0.623656,0.607843,0.653061,0.476636,0.494624,0.62,0.52,0.575758,0.564356,0.555556,0.609091,0.59,0.67,0.57,0.65,0.66,0.61,0.586957,0.537037,0.638298,0.575472,0.631579,0.580952,0.629213,0.603604,0.583333,0.62069,0.718447,0.628866,0.633663,0.555556,
91400,0.637363,0.623853,0.465116,0.578947,0.590476,0.610526,0.548077,0.583333,0.617978,0.522523,0.603774,0.457447,0.53,0.62,0.575758,0.60396,0.575758,0.574257,0.568627,0.602041,0.663462,0.479167,0.633663,0.616162,0.588235,0.5,0.607843,0.438776,0.58,0.59,0.596491,0.593023,0.744898,0.480392,0.59596,0.60396,0.623853,0.571429,0.568807,0.582418,0.647059,0.6,0.704082,0.529412,0.672566,0.54023,0.564815,0.663043,0.6875,0.634615,0.544554,0.555556,0.62069,0.630952,0.568627,0.632653,0.566038,0.638298,0.576087,0.611111,0.60177,0.62069,0.628866,0.631068,0.556701,0.631068,0.622642,0.56383,0.572816,0.597938,0.581818,0.633333,0.663551,0.645161,0.613861,0.525253,0.636364,0.653465,0.54,0.55,0.625,0.596154,0.634615,0.614583,0.622222,0.663636,0.715789,0.638095,0.651685,0.567568,0.643564,0.575758,0.566038,0.723404,0.59596,0.524752,0.628571,0.621053,0.616162,0.663366,
91600,0.618557,0.533981,0.568627,0.653061,0.606061,0.663366,0.660714,0.693182,0.62,0.65,0.504762,0.568421,0.582609,0.658824,0.59596,0.623762,0.580952,0.578947,0.553571,0.579545,0.552941,0.6,0.571429,0.631579,0.56,0.55,0.651163,0.535088,0.6,0.533333,0.581633,0.460784,0.628866,0.524272,0.619469,0.494253,0.637255,0.55102,0.672414,0.607143,0.568627,0.612245,0.533981,0.56701,0.67,0.53,0.680412,0.592233,0.66055,0.714286,0.621053,0.580952,0.647059,0.704082,0.634615,0.635417,0.550562,0.648649,0.621359,0.608247,0.577982,0.56044,0.639175,0.524272,0.58,0.6,0.6,0.7,0.605505,0.538462,0.583333,0.652174,0.660194,0.556701,0.582418,0.605505,0.55102,0.588235,0.516129,0.570093,0.640449,0.558559,0.616162,0.653465,0.67,0.61,0.395833,0.596154,0.666667,0.529412,0.613636,0.660714,0.617021,0.660377,0.464646,0.613861,0.601852,0.576087,0.504274,0.626506,
91800,0.635514,0.591398,0.572816,0.56701,0.619048,0.578947,0.480769,0.583333,0.647059,0.540816,0.57732,0.582524,0.588235,0.582609,0.584906,0.62766,0.568421,0.571429,0.598131,0.612903,0.521277,0.641509,0.55814,0.666667,0.56044,0.642202,0.625,0.644231,0.591837,0.637255,0.659794,0.582524,0.494624,0.514019,0.568807,0.615385,0.490196,0.673469,0.494845,0.592233,0.565217,0.62037,0.552083,0.548077,0.592233,0.453608,0.586538,0.572917,0.66,0.61,0.533333,0.572727,0.692308,0.651376,0.701923,0.6875,0.652632,0.657143,0.651786,0.647727,0.597938,0.669903,0.6,0.571429,0.645161,0.551402,0.581633,0.676471,0.57732,0.563107,0.62766,0.679245,0.574257,0.636364,0.602151,0.598131,0.533333,0.431579,0.589474,0.571429,0.669811,0.648936,0.62766,0.622642,0.549451,0.633028,0.652174,0.648148,0.742268,0.621359,0.632653,0.696078,0.59375,0.625,0.660377,0.648936,0.65812,0.590361,0.419355,0.635514,
92000,0.717391,0.62963,0.584158,0.575758,0.647619,0.547368,0.619565,0.62037,0.613861,0.545455,0.56044,0.550459,0.540816,0.558824,0.6,0.623529,0.520408,0.529412,0.545455,0.623762,0.611111,0.681818,0.598039,0.571429,0.64486,0.612903,0.636364,0.534653,0.636364,0.644444,0.632075,0.574468,0.62766,0.575472,0.704082,0.558824,0.588785,0.569892,0.639175,0.582524,0.60396,0.606061,0.677419,0.607477,0.680412,0.660194,0.579439,0.55914,0.494737,0.6,0.643678,0.59292,0.666667,0.663462,0.637255,0.602041,0.67,0.62,0.54878,0.618644,0.66055,0.615385,0.662791,0.596491,0.601852,0.586957,0.59375,0.634615,0.568421,0.6,0.683168,0.626263,0.640449,0.612613,0.684783,0.601852,0.554455,0.555556,0.616162,0.584158,0.594595,0.573034,0.67619,0.705263,0.601852,0.673913,0.670103,0.728155,0.696629,0.63964,0.574074,0.608696,0.66055,0.593407,0.568807,0.648352,0.643678,0.575221,0.621622,0.651685,
92200,0.678899,0.527473,0.679612,0.608247,0.540816,0.598039,0.683673,0.627451,0.670213,0.556604,0.505155,0.553398,0.5,0.607843,0.565657,0.49505,0.472727,0.577778,0.602151,0.616822,0.631579,0.504762,0.627451,0.612245,0.554217,0.547009,0.64486,0.580645,0.7,0.49,0.707071,0.524752,0.650485,0.43299,0.722772,0.646465,0.669725,0.615385,0.61165,0.57732,0.535354,0.683168,0.571429,0.610526,0.623762,0.515152,0.516854,0.594595,0.65,0.67,0.578431,0.44898,0.704082,0.656863,0.607477,0.580645,0.613861,0.575758,0.536082,0.514563,0.590476,0.6,0.686275,0.642857,0.495495,0.617978,0.59596,0.60396,0.553191,0.528302,0.60396,0.626263,0.604396,0.66055,0.548077,0.65625,0.586957,0.583333,0.685185,0.586957,0.678899,0.538462,0.554455,0.535354,0.628866,0.582524,0.678899,0.615385,0.591837,0.558824,0.628319,0.655172,0.666667,0.595506,0.556818,0.696429,0.595745,0.509434,0.638889,0.619565,
92400,0.647727,0.625,0.547368,0.619048,0.642105,0.533333,0.589474,0.6,0.65625,0.682692,0.634615,0.604167,0.460784,0.663265,0.540816,0.558824,0.5,0.663462,0.543689,0.618557,0.623762,0.676768,0.617021,0.641509,0.544554,0.515152,0.623853,0.604396,0.663551,0.569892,0.572727,0.555556,0.735849,0.5,0.669421,0.721519,0.637255,0.622449,0.6,0.619048,0.598039,0.622449,0.59596,0.623762,0.613208,0.574468,0.542553,0.641509,0.613208,0.670213,0.64,0.62,0.611111,0.609091,0.62963,0.630435,0.699029,0.587629,0.558824,0.602041,0.645455,0.577778,0.676768,0.683168,0.53,0.64,0.666667,0.644231,0.527778,0.565217,0.616162,0.554455,0.594059,0.626263,0.53125,0.567308,0.564706,0.513043,0.581818,0.577778,0.649485,0.650485,0.686869,0.554455,0.627451,0.591837,0.66,0.63,0.609524,0.673684,0.530612,0.627451,0.602041,0.656863,0.659091,0.616071,0.543689,0.587629,0.62,0.64,
92600,0.618182,0.522222,0.578947,0.495238,0.704762,0.568421,0.677083,0.634615,0.683168,0.666667,0.642857,0.539216,0.54902,0.693878,0.57,0.61,0.606383,0.660377,0.622642,0.585106,0.527778,0.5,0.592233,0.597938,0.555556,0.514851,0.612245,0.529412,0.61,0.68,0.57732,0.533981,0.63,0.54,0.660714,0.590909,0.686869,0.683168,0.596154,0.541667,0.578431,0.510204,0.619048,0.526316,0.621359,0.597938,0.611111,0.608696,0.666667,0.623762,0.509615,0.552083,0.61,0.64,0.641509,0.638298,0.530435,0.670588,0.650485,0.525773,0.654206,0.55914,0.561905,0.6,0.537736,0.62766,0.48,0.61,0.568966,0.619048,0.673077,0.59375,0.66055,0.703297,0.656566,0.594059,0.657143,0.568421,0.602273,0.508929,0.714286,0.557895,0.572816,0.659794,0.626168,0.580645,0.648649,0.685393,0.586957,0.62963,0.611111,0.663043,0.533333,0.694737,0.589474,0.609524,0.637255,0.5,0.585859,0.574257,
92800,0.648936,0.575472,0.604396,0.577982,0.529412,0.561224,0.659091,0.526786,0.626263,0.673267,0.603774,0.62766,0.490741,0.576087,0.54955,0.651685,0.542857,0.578947,0.696629,0.63964,0.65,0.62,0.523364,0.580645,0.55,0.63,0.6,0.657143,0.632653,0.666667,0.505618,0.567568,0.591398,0.626168,0.541667,0.634615,0.553191,0.622642,0.515464,0.543689,0.604651,0.570175,0.576923,0.6875,0.628571,0.610526,0.526882,0.523364,0.622449,0.666667,0.584158,0.656566,0.612903,0.663551,0.516129,0.654206,0.632653,0.588235,0.652632,0.619048,0.605769,0.572917,0.628866,0.631068,0.681818,0.589286,0.6,0.672727,0.649485,0.543689,0.693069,0.575758,0.619565,0.574074,0.691489,0.575472,0.644231,0.635417,0.560976,0.559322,0.690722,0.61165,0.611111,0.521739,0.578431,0.734694,0.680412,0.553398,0.575472,0.542553,0.584906,0.659574,0.586538,0.59375,0.528302,0.56383,0.377551,0.588235,0.558824,0.540816,
93000,0.677083,0.596154,0.537037,0.543478,0.647619,0.610526,0.554545,0.622222,0.588235,0.704082,0.639535,0.622807,0.552381,0.610526,0.584158,0.646465,0.590476,0.6,0.572917,0.653846,0.557692,0.572917,0.640777,0.639175,0.594828,0.559524,0.555556,0.613861,0.583333,0.586538,0.531915,0.537736,0.592233,0.536082,0.591398,0.654206,0.642857,0.590909,0.614583,0.528846,0.516854,0.558559,0.534884,0.614035,0.546392,0.572816,0.578431,0.653061,0.658824,0.695652,0.542857,0.642105,0.701923,0.635417,0.650943,0.56383,0.655914,0.672897,0.666667,0.591837,0.644444,0.627273,0.612245,0.607843,0.647619,0.663158,0.652174,0.518519,0.486486,0.629213,0.623853,0.615385,0.61165,0.649485,0.6,0.609524,0.551724,0.5,0.532609,0.509259,0.710526,0.639535,0.632653,0.578431,0.542857,0.631579,0.585859,0.574257,0.597826,0.685185,0.601942,0.628866,0.623762,0.69697,0.62,0.59,0.628571,0.589474,0.494737,0.590476,
93200,0.702128,0.5,0.631579,0.666667,0.495413,0.582418,0.577778,0.7,0.618182,0.577778,0.594059,0.686869,0.485437,0.608247,0.606061,0.554455,0.555556,0.584158,0.504854,0.608247,0.637363,0.587156,0.616162,0.70297,0.580952,0.568421,0.574468,0.518868,0.469388,0.617647,0.623853,0.604396,0.604167,0.625,0.597826,0.574074,0.627451,0.683673,0.688172,0.570093,0.581818,0.566667,0.606383,0.603774,0.618557,0.553398,0.5625,0.615385,0.548077,0.604167,0.510638,0.584906,0.576087,0.648148,0.571429,0.588235,0.605769,0.614583,0.535354,0.584158,0.680412,0.533981,0.572816,0.597938,0.63,0.68,0.582524,0.618557,0.605769,0.520833,0.62037,0.706522,0.578431,0.602041,0.46789,0.538462,0.617647,0.591837,0.529915,0.566265,0.663265,0.588235,0.563107,0.546392,0.655914,0.682243,0.62069,0.566372,0.625,0.572917,0.633028,0.615385,0.589474,0.6,0.666667,0.6,0.670213,0.632075,0.598214,0.590909,
93400,0.653846,0.625,0.617021,0.613208,0.602151,0.691589,0.609524,0.642105,0.652174,0.564815,0.582418,0.559633,0.622222,0.563636,0.537037,0.597826,0.553191,0.59434,0.543478,0.657407,0.642105,0.6,0.619048,0.684211,0.53271,0.516129,0.631068,0.494845,0.6,0.555556,0.573034,0.630631,0.630631,0.606742,0.542553,0.622642,0.615385,0.5625,0.576577,0.561798,0.580952,0.663158,0.622642,0.585106,0.663366,0.565657,0.550459,0.615385,0.591837,0.568627,0.6,0.636364,0.673267,0.555556,0.666667,0.625,0.623656,0.588785,0.647619,0.610526,0.659341,0.559633,0.606061,0.633663,0.475248,0.656566,0.700855,0.698795,0.589474,0.514286,0.715909,0.696429,0.56,0.6,0.640777,0.525773,0.615385,0.626506,0.585106,0.603774,0.627451,0.642857,0.6,0.581818,0.539216,0.683673,0.485149,0.646465,0.626263,0.584158,0.564815,0.652174,0.653061,0.627451,0.579439,0.580645,0.556604,0.56383,0.608247,0.572816,
93600,0.669903,0.536082,0.509434,0.5,0.682243,0.569892,0.602273,0.625,0.662921,0.675676,0.545455,0.622222,0.50495,0.585859,0.52381,0.560345,0.606061,0.514851,0.519231,0.604167,0.738636,0.598214,0.628099,0.683544,0.640777,0.57732,0.495327,0.430108,0.556701,0.601942,0.518987,0.586777,0.520408,0.490196,0.542056,0.516129,0.646465,0.534653,0.591837,0.617647,0.567308,0.46875,0.603604,0.595506,0.606742,0.558559,0.583333,0.596154,0.652632,0.561905,0.604167,0.576923,0.581395,0.675439,0.595506,0.621622,0.625,0.705357,0.545455,0.544554,0.588235,0.540816,0.660194,0.608247,0.5625,0.673077,0.54,0.62,0.630435,0.527778,0.663462,0.5625,0.54023,0.681416,0.531915,0.660377,0.735294,0.489796,0.579545,0.535714,0.62037,0.532609,0.59375,0.625,0.588889,0.645455,0.659091,0.678571,0.585106,0.54717,0.555556,0.641304,0.578431,0.704082,0.540816,0.598039,0.592593,0.619565,0.514563,0.608247,
93800,0.581633,0.529412,0.531532,0.550562,0.625,0.65625,0.625,0.653846,0.526786,0.636364,0.545455,0.643564,0.585859,0.574257,0.670103,0.631068,0.639175,0.582524,0.586538,0.59375,0.48,0.65,0.608696,0.62037,0.458333,0.519231,0.572816,0.546392,0.656863,0.734694,0.650485,0.56701,0.62766,0.603774,0.607843,0.693878,0.616162,0.623762,0.583333,0.597826,0.642202,0.571429,0.631579,0.619048,0.611111,0.518182,0.623529,0.652174,0.676471,0.622449,0.55914,0.588785,0.564815,0.630435,0.641304,0.703704,0.653846,0.59375,0.697917,0.663462,0.526882,0.495327,0.522936,0.494505,0.653465,0.656566,0.565217,0.675926,0.58,0.57,0.6,0.642105,0.556604,0.712766,0.527778,0.608696,0.524752,0.474747,0.551402,0.591398,0.686275,0.632653,0.556701,0.631068,0.606383,0.707547,0.606061,0.673267,0.675926,0.641304,0.495238,0.642105,0.539326,0.540541,0.598131,0.645161,0.711111,0.636364,0.631068,0.546392,
94000,0.648936,0.669811,0.588235,0.683673,0.595506,0.684685,0.663265,0.627451,0.625,0.567308,0.604396,0.587156,0.595506,0.540541,0.568421,0.666667,0.446809,0.537736,0.460784,0.653061,0.576087,0.592593,0.557522,0.517241,0.598039,0.612245,0.578431,0.520408,0.63964,0.561798,0.617284,0.605042,0.719101,0.468468,0.682243,0.591398,0.561905,0.610526,0.651786,0.568182,0.638298,0.698113,0.557522,0.528736,0.629213,0.504505,0.633663,0.535354,0.632479,0.614458,0.604396,0.587156,0.61165,0.56701,0.657658,0.651685,0.585586,0.606742,0.64,0.59,0.584158,0.59596,0.75,0.645833,0.663717,0.609195,0.607143,0.681818,0.514851,0.585859,0.605505,0.659341,0.588235,0.561224,0.55,0.58,0.573034,0.675676,0.635514,0.655914,0.694737,0.590476,0.588235,0.632653,0.59434,0.659574,0.606383,0.622642,0.62037,0.521739,0.686047,0.605263,0.608247,0.699029,0.61165,0.649485,0.62766,0.679245,0.544554,0.656566,
94200,0.663551,0.580645,0.548387,0.588785,0.505051,0.524752,0.603774,0.56383,0.682692,0.645833,0.684211,0.590476,0.473684,0.647619,0.627451,0.479592,0.435185,0.521739,0.567308,0.53125,0.529412,0.561224,0.572917,0.692308,0.566667,0.536364,0.564815,0.586957,0.701923,0.6875,0.634615,0.583333,0.646465,0.554455,0.6,0.7,0.693878,0.627451,0.587719,0.488372,0.571429,0.598039,0.596491,0.593023,0.6,0.56,0.584158,0.646465,0.574074,0.663043,0.60396,0.606061,0.601942,0.639175,0.614583,0.769231,0.46,0.62,0.568807,0.615385,0.6,0.62,0.518072,0.632479,0.514851,0.515152,0.526316,0.609524,0.554455,0.494949,0.56,0.65,0.524752,0.585859,0.6,0.571429,0.594059,0.565657,0.561905,0.547368,0.613861,0.616162,0.589474,0.619048,0.606061,0.60396,0.632075,0.553191,0.663265,0.598039,0.49,0.64,0.663043,0.611111,0.54,0.6,0.68,0.61,0.602273,0.678571,
94400,0.691589,0.655914,0.535714,0.636364,0.62,0.57,0.602151,0.53271,0.663043,0.657407,0.59434,0.606383,0.557692,0.59375,0.495146,0.556701,0.530435,0.611765,0.5,0.606383,0.607477,0.516129,0.660377,0.510638,0.605769,0.541667,0.594059,0.646465,0.53913,0.6,0.522222,0.627273,0.609195,0.539823,0.597938,0.592233,0.58,0.58,0.57732,0.621359,0.514851,0.585859,0.42268,0.592233,0.653465,0.626263,0.520833,0.634615,0.731183,0.551402,0.61165,0.628866,0.623762,0.666667,0.636364,0.688889,0.583333,0.652174,0.554455,0.606061,0.666667,0.634615,0.62766,0.584906,0.527778,0.586957,0.638095,0.621053,0.56383,0.613208,0.582418,0.605505,0.575758,0.613861,0.6,0.609524,0.598039,0.612245,0.54902,0.530612,0.622642,0.680851,0.657658,0.685393,0.666667,0.60177,0.717391,0.675926,0.536842,0.590476,0.539216,0.673469,0.595506,0.666667,0.551402,0.473118,0.575221,0.586207,0.515789,0.590476,
94600,0.652632,0.590476,0.712766,0.575472,0.597938,0.61165,0.57732,0.631068,0.625,0.5625,0.673077,0.5625,0.490196,0.55102,0.490566,0.670213,0.559633,0.637363,0.529412,0.622449,0.614583,0.586538,0.575758,0.613861,0.556604,0.531915,0.683168,0.555556,0.642105,0.542857,0.646018,0.62069,0.72,0.58,0.605505,0.538462,0.630435,0.638889,0.520833,0.596154,0.627273,0.633333,0.518519,0.673913,0.69697,0.554455,0.5,0.666667,0.669903,0.56701,0.617978,0.693694,0.640449,0.693694,0.56701,0.650485,0.637363,0.614679,0.65625,0.653846,0.559524,0.646552,0.652174,0.601852,0.579439,0.666667,0.596154,0.5625,0.69697,0.613861,0.598039,0.571429,0.515789,0.590476,0.581633,0.617647,0.590909,0.555556,0.582418,0.59633,0.673684,0.647619,0.625,0.605769,0.635417,0.663462,0.632653,0.568627,0.656863,0.581633,0.610526,0.628571,0.6,0.69,0.64,0.58,0.666667,0.615385,0.612613,0.573034,
94800,0.576923,0.541667,0.579545,0.491071,0.586207,0.52381,0.540816,0.607843,0.643564,0.565657,0.603448,0.630952,0.564356,0.565657,0.510638,0.566038,0.623853,0.582418,0.61165,0.608247,0.663366,0.606061,0.660194,0.608247,0.539216,0.612245,0.666667,0.613861,0.575758,0.613861,0.65625,0.538462,0.632075,0.574468,0.814815,0.579832,0.572917,0.576923,0.652632,0.542857,0.647059,0.55102,0.626374,0.568807,0.572727,0.555556,0.6,0.644444,0.609195,0.681416,0.515464,0.68932,0.643564,0.636364,0.559524,0.698276,0.636364,0.580357,0.707547,0.606383,0.54386,0.55814,0.680412,0.650485,0.538462,0.52459,0.53,0.57,0.616071,0.590909,0.682692,0.59375,0.6,0.61,0.625,0.644231,0.592233,0.525773,0.684783,0.555556,0.680412,0.650485,0.64,0.72,0.602273,0.616071,0.622449,0.568627,0.659794,0.495146,0.567308,0.635417,0.556604,0.638298,0.537037,0.586957,0.65625,0.557692,0.593407,0.623853,
95000,0.7,0.636364,0.661017,0.573171,0.653846,0.625,0.633333,0.663636,0.6,0.533333,0.675676,0.595506,0.5,0.614583,0.590909,0.533333,0.56,0.57,0.626374,0.568807,0.6,0.533333,0.653061,0.656863,0.598039,0.561224,0.580645,0.607477,0.623762,0.585859,0.63,0.57,0.615385,0.550459,0.640449,0.54955,0.659794,0.631068,0.682243,0.602151,0.584158,0.585859,0.578947,0.619048,0.625,0.548077,0.61165,0.670103,0.547368,0.657143,0.59596,0.673267,0.6,0.63,0.617021,0.632075,0.684211,0.581395,0.582524,0.71134,0.571429,0.663158,0.69697,0.623762,0.5,0.607843,0.59375,0.663462,0.617647,0.571429,0.6,0.6,0.565217,0.583333,0.625,0.660714,0.707071,0.544554,0.582524,0.505155,0.618557,0.61165,0.609091,0.622222,0.538462,0.614679,0.584158,0.656566,0.752475,0.545455,0.543478,0.648148,0.556701,0.650485,0.625,0.666667,0.654545,0.533333,0.580357,0.670455,
95200,0.697917,0.596154,0.628319,0.678161,0.59375,0.576923,0.630435,0.62037,0.670103,0.640777,0.598039,0.663265,0.602041,0.637255,0.535354,0.574257,0.643564,0.515152,0.613861,0.575758,0.659091,0.589286,0.542857,0.536842,0.586538,0.53125,0.56044,0.623853,0.655914,0.607477,0.642857,0.607843,0.586957,0.592593,0.576577,0.662921,0.606061,0.613861,0.522936,0.571429,0.53125,0.519231,0.516129,0.616822,0.590476,0.652632,0.5,0.59,0.623762,0.626263,0.54902,0.693878,0.660714,0.613636,0.660194,0.587629,0.555556,0.534653,0.67,0.67,0.705263,0.552381,0.642857,0.519608,0.623529,0.634783,0.625,0.5625,0.591398,0.607477,0.621951,0.652542,0.659341,0.587156,0.670103,0.640777,0.533333,0.526316,0.538462,0.59375,0.641509,0.62766,0.623762,0.616162,0.59434,0.638298,0.697248,0.626374,0.639175,0.524272,0.609195,0.619469,0.651376,0.571429,0.59375,0.615385,0.614583,0.634615,0.595506,0.612613,
95400,0.616822,0.612903,0.630435,0.555556,0.634409,0.598131,0.684685,0.662921,0.623656,0.626168,0.56383,0.59434,0.539823,0.528736,0.504854,0.505155,0.519231,0.625,0.627451,0.622449,0.544643,0.534091,0.519608,0.642857,0.564356,0.505051,0.565217,0.518519,0.648649,0.561798,0.632075,0.553191,0.601942,0.56701,0.683761,0.53012,0.642105,0.590476,0.653846,0.447917,0.663265,0.568627,0.59633,0.571429,0.695238,0.578947,0.571429,0.610526,0.568627,0.714286,0.684211,0.638095,0.673077,0.604167,0.605769,0.583333,0.633929,0.636364,0.568421,0.619048,0.596491,0.627907,0.645161,0.626168,0.56,0.56,0.581818,0.577778,0.622449,0.588235,0.623853,0.67033,0.6,0.590476,0.613861,0.646465,0.71134,0.592233,0.606383,0.584906,0.635417,0.682692,0.653465,0.646465,0.566667,0.690909,0.617647,0.612245,0.631579,0.639535,0.555556,0.532609,0.574257,0.585859,0.515789,0.619048,0.539326,0.594595,0.577982,0.648352,
95600,0.688172,0.53271,0.627451,0.704082,0.566667,0.627273,0.681818,0.622222,0.606061,0.613861,0.660377,0.617021,0.514851,0.656566,0.564356,0.545455,0.545455,0.534653,0.575758,0.584158,0.666667,0.567308,0.616822,0.580645,0.642857,0.54902,0.475248,0.575758,0.568807,0.692308,0.542857,0.536842,0.682927,0.652542,0.597938,0.737864,0.538462,0.645833,0.731183,0.64486,0.635417,0.586538,0.537634,0.476636,0.62069,0.575221,0.628571,0.747368,0.678161,0.628319,0.580645,0.654206,0.642857,0.617647,0.582524,0.618557,0.723404,0.622642,0.663265,0.617647,0.585859,0.60396,0.59434,0.680851,0.601942,0.57732,0.602041,0.607843,0.637255,0.55102,0.614583,0.519231,0.633663,0.59596,0.60241,0.598291,0.579439,0.612903,0.589474,0.504762,0.606061,0.623762,0.601852,0.597826,0.572816,0.670103,0.6,0.628571,0.659574,0.622642,0.62,0.65,0.635417,0.730769,0.59,0.56,0.5,0.62,0.590909,0.544444,
95800,0.637168,0.655172,0.634615,0.614583,0.612245,0.607843,0.632653,0.617647,0.586957,0.592593,0.608247,0.563107,0.549451,0.642202,0.59596,0.673267,0.601942,0.556701,0.586207,0.60177,0.626168,0.580645,0.553191,0.641509,0.483871,0.53271,0.566038,0.457447,0.646552,0.607143,0.594059,0.565657,0.72,0.66,0.573034,0.594595,0.634615,0.614583,0.73,0.5,0.593407,0.504587,0.584906,0.510638,0.607843,0.520408,0.62,0.59,0.62069,0.628319,0.556701,0.553398,0.642202,0.538462,0.656863,0.653061,0.615385,0.605505,0.617021,0.632075,0.615385,0.53211,0.565657,0.60396,0.683168,0.656566,0.535354,0.60396,0.554455,0.474747,0.619565,0.62037,0.485437,0.618557,0.572917,0.557692,0.605769,0.572917,0.555556,0.581818,0.635417,0.576923,0.559633,0.538462,0.553398,0.701031,0.636364,0.711111,0.63964,0.595506,0.545455,0.663366,0.631579,0.695238,0.657143,0.610526,0.692308,0.697917,0.494505,0.614679,
96000,0.676768,0.613861,0.637255,0.653061,0.542056,0.548387,0.619565,0.685185,0.61,0.72,0.584158,0.565657,0.525253,0.653465,0.574257,0.565657,0.542553,0.518868,0.548077,0.614583,0.526882,0.691589,0.642857,0.588235,0.584158,0.494949,0.52381,0.526316,0.522222,0.581818,0.555556,0.597826,0.575758,0.574257,0.669903,0.556701,0.660194,0.670103,0.588235,0.642857,0.613861,0.565657,0.472527,0.541284,0.579832,0.617284,0.549451,0.614679,0.555556,0.608696,0.642857,0.602273,0.557895,0.666667,0.59,0.56,0.602273,0.571429,0.59596,0.623762,0.560748,0.569892,0.645161,0.654206,0.612245,0.598039,0.639175,0.582524,0.535354,0.574257,0.558333,0.575,0.53,0.66,0.548673,0.747126,0.575472,0.617021,0.565217,0.518519,0.606061,0.683168,0.572727,0.544444,0.574257,0.656566,0.505376,0.64486,0.66,0.57,0.604396,0.706422,0.557895,0.742857,0.53125,0.653846,0.613208,0.62766,0.59596,0.633663,
96200,0.544643,0.670455,0.567568,0.58427,0.617647,0.72449,0.684783,0.694444,0.639535,0.666667,0.666667,0.519231,0.504854,0.701031,0.628866,0.592233,0.536082,0.563107,0.55814,0.675439,0.575472,0.521277,0.647059,0.642857,0.6,0.627273,0.588235,0.582609,0.567568,0.662921,0.545455,0.6,0.621359,0.515464,0.616162,0.623762,0.622449,0.598039,0.572816,0.546392,0.598131,0.602151,0.696629,0.63964,0.585859,0.683168,0.591837,0.598039,0.519231,0.6875,0.5,0.686275,0.677419,0.607477,0.538462,0.625,0.52809,0.657658,0.626263,0.584158,0.588889,0.590909,0.70297,0.626263,0.509804,0.653061,0.565657,0.712871,0.625,0.544643,0.597938,0.61165,0.588235,0.632653,0.604167,0.528846,0.578947,0.580952,0.6,0.619048,0.648148,0.576087,0.652632,0.666667,0.56383,0.632075,0.606061,0.594059,0.565657,0.613861,0.564815,0.5,0.57732,0.708738,0.591304,0.588235,0.598039,0.581633,0.59596,0.693069,
96400,0.604396,0.59633,0.656566,0.693069,0.572917,0.625,0.625,0.615385,0.638889,0.619565,0.7,0.62,0.557692,0.53125,0.581633,0.54902,0.582524,0.525773,0.618557,0.563107,0.598214,0.534091,0.648936,0.660377,0.574257,0.636364,0.529412,0.632653,0.606061,0.653465,0.478261,0.611111,0.47,0.64,0.516484,0.642202,0.5,0.601852,0.494624,0.663551,0.395604,0.559633,0.52809,0.567568,0.5,0.614583,0.577586,0.666667,0.683673,0.588235,0.605505,0.67033,0.593407,0.66055,0.71,0.62,0.588235,0.642857,0.622807,0.662791,0.644231,0.541667,0.686275,0.653061,0.580357,0.534091,0.540816,0.598039,0.575472,0.585106,0.595506,0.576577,0.666667,0.652174,0.519608,0.642857,0.60241,0.641026,0.575221,0.574713,0.647059,0.678261,0.554348,0.555556,0.567797,0.609756,0.630952,0.681034,0.605769,0.583333,0.666667,0.705263,0.645161,0.626168,0.511628,0.552632,0.653465,0.646465,0.721154,0.645833,
96600,0.634615,0.625,0.57732,0.582524,0.589474,0.638095,0.574257,0.69697,0.646465,0.623762,0.585106,0.603774,0.588785,0.602151,0.658537,0.644068,0.650485,0.546392,0.578431,0.571429,0.614679,0.615385,0.647059,0.653061,0.577778,0.481818,0.490566,0.553191,0.54717,0.606383,0.559633,0.516484,0.657658,0.52809,0.59375,0.538462,0.54902,0.622449,0.623656,0.570093,0.601942,0.618557,0.5,0.62,0.612903,0.570093,0.65,0.66,0.579545,0.580357,0.59375,0.701923,0.666667,0.575221,0.590476,0.663158,0.651376,0.604396,0.607843,0.632653,0.534091,0.571429,0.653465,0.59596,0.642105,0.580952,0.578947,0.590476,0.577778,0.581818,0.663265,0.637255,0.590476,0.568421,0.603604,0.606742,0.54902,0.602041,0.568627,0.571429,0.63964,0.629213,0.615385,0.645833,0.606742,0.693694,0.590909,0.655556,0.649485,0.514563,0.558824,0.622449,0.574257,0.646465,0.590361,0.623932,0.536842,0.542857,0.582524,0.618557,
96800,0.709677,0.495327,0.509091,0.566667,0.465116,0.517544,0.643564,0.616162,0.563107,0.680412,0.592593,0.641304,0.488889,0.590909,0.588235,0.591837,0.65625,0.548077,0.588785,0.55914,0.566038,0.606383,0.623656,0.682243,0.522222,0.490909,0.560748,0.634409,0.494624,0.616822,0.576923,0.520833,0.616162,0.534653,0.647059,0.540816,0.578947,0.590476,0.575758,0.594059,0.623656,0.635514,0.532609,0.509259,0.596154,0.489583,0.52381,0.557895,0.638889,0.619565,0.681818,0.633333,0.580645,0.64486,0.675214,0.662651,0.572917,0.759615,0.663636,0.655556,0.588889,0.518182,0.638095,0.6,0.657143,0.578947,0.537037,0.663043,0.561224,0.558824,0.616162,0.60396,0.583333,0.641304,0.5625,0.625,0.465116,0.578947,0.712871,0.575758,0.666667,0.643564,0.642105,0.647619,0.5,0.641304,0.655914,0.719626,0.641509,0.595745,0.5,0.581633,0.685393,0.603604,0.634615,0.541667,0.639175,0.640777,0.586538,0.520833,
97000,0.677778,0.563636,0.568421,0.638095,0.612903,0.663551,0.57732,0.650485,0.628571,0.536842,0.607843,0.530612,0.477064,0.582418,0.558824,0.673469,0.592593,0.467391,0.514851,0.626263,0.533333,0.581818,0.642857,0.637255,0.680851,0.584906,0.56701,0.563107,0.45045,0.640449,0.556604,0.617021,0.628866,0.524272,0.633333,0.563636,0.650485,0.556701,0.541284,0.604396,0.653465,0.505051,0.618557,0.601942,0.585106,0.59434,0.572727,0.611111,0.597938,0.660194,0.614679,0.637363,0.607843,0.642857,0.701923,0.645833,0.615385,0.590361,0.673913,0.657407,0.505376,0.64486,0.680851,0.556604,0.5625,0.576923,0.580357,0.465909,0.475248,0.585859,0.644444,0.581818,0.56044,0.678899,0.632653,0.627451,0.621053,0.580952,0.592593,0.630435,0.646465,0.594059,0.586538,0.5625,0.565657,0.663366,0.621359,0.546392,0.688073,0.571429,0.55914,0.598131,0.572816,0.680412,0.52809,0.594595,0.666667,0.693878,0.536842,0.6,
97200,0.637255,0.55102,0.53913,0.588235,0.543478,0.583333,0.705882,0.652174,0.578947,0.590476,0.588889,0.563636,0.527473,0.614679,0.62037,0.554348,0.56701,0.533981,0.60396,0.59596,0.585859,0.613861,0.633663,0.59596,0.609524,0.621053,0.597561,0.618644,0.652632,0.619048,0.632653,0.568627,0.619565,0.527778,0.694444,0.565217,0.663158,0.571429,0.54,0.58,0.662921,0.576577,0.509259,0.554348,0.540816,0.588235,0.604167,0.576923,0.616071,0.613636,0.61,0.64,0.715909,0.625,0.621359,0.670103,0.613861,0.626263,0.608247,0.660194,0.625,0.557692,0.527778,0.565217,0.527273,0.488889,0.575758,0.732673,0.594059,0.535354,0.567797,0.573171,0.578947,0.609524,0.582524,0.587629,0.684783,0.518519,0.576923,0.59375,0.700855,0.542169,0.596154,0.572917,0.59375,0.663462,0.631068,0.546392,0.64486,0.752688,0.578431,0.714286,0.57,0.64,0.616162,0.594059,0.636364,0.634146,0.621359,0.56701,
97400,0.697917,0.644231,0.576087,0.62037,0.559633,0.681319,0.630631,0.539326,0.660377,0.574468,0.618557,0.631068,0.588889,0.609091,0.56383,0.622642,0.621622,0.483146,0.625,0.6875,0.652632,0.580952,0.585859,0.534653,0.613208,0.531915,0.627451,0.571429,0.645161,0.607477,0.654545,0.622222,0.722772,0.505051,0.607843,0.571429,0.6,0.6,0.656863,0.581633,0.565217,0.611111,0.565657,0.653465,0.564356,0.656566,0.619565,0.564815,0.685393,0.621622,0.489583,0.596154,0.653061,0.705882,0.609524,0.6,0.653846,0.666667,0.566038,0.62766,0.666667,0.543478,0.632075,0.648936,0.598291,0.60241,0.59596,0.623762,0.547368,0.542857,0.628866,0.592233,0.587156,0.571429,0.53,0.63,0.660194,0.628866,0.688073,0.527473,0.648936,0.584906,0.617978,0.531532,0.59434,0.680851,0.604167,0.682692,0.625,0.604167,0.510638,0.566038,0.622449,0.676471,0.59596,0.584158,0.622449,0.588235,0.604396,0.623853,
97600,0.627451,0.55102,0.578947,0.628571,0.569892,0.616822,0.587629,0.640777,0.62037,0.597826,0.575758,0.613861,0.555556,0.623762,0.63,0.55,0.576087,0.638889,0.575472,0.553191,0.592233,0.556701,0.614583,0.692308,0.568182,0.517857,0.580952,0.568421,0.545455,0.571429,0.513274,0.574713,0.533333,0.547368,0.566667,0.590909,0.616822,0.537634,0.603774,0.648936,0.663462,0.59375,0.552083,0.653846,0.574468,0.650943,0.526882,0.654206,0.655556,0.645455,0.5625,0.557692,0.647059,0.642857,0.670455,0.571429,0.601942,0.680412,0.587629,0.640777,0.581633,0.617647,0.65,0.5,0.659091,0.535714,0.5625,0.615385,0.626263,0.534653,0.633929,0.602273,0.647059,0.632653,0.553398,0.639175,0.605769,0.572917,0.531915,0.566038,0.593407,0.623853,0.602151,0.663551,0.49505,0.656566,0.613208,0.617021,0.692308,0.566265,0.650602,0.606838,0.578431,0.622449,0.686275,0.530612,0.590909,0.6,0.626374,0.697248,
97800,0.647059,0.530612,0.59292,0.62069,0.537634,0.626168,0.707865,0.675676,0.579439,0.655914,0.518519,0.663043,0.505263,0.552381,0.568421,0.504762,0.552381,0.610526,0.618182,0.566667,0.588235,0.617391,0.633663,0.646465,0.566667,0.563636,0.542056,0.645161,0.614583,0.615385,0.63964,0.629213,0.669903,0.57732,0.676768,0.524752,0.676471,0.602041,0.625,0.605769,0.541667,0.605769,0.672727,0.566667,0.659574,0.575472,0.616822,0.645161,0.584158,0.575758,0.571429,0.59633,0.646465,0.623762,0.54902,0.663265,0.514851,0.666667,0.648936,0.584906,0.647619,0.6,0.565217,0.505882,0.570093,0.612903,0.594595,0.629213,0.650485,0.618557,0.670588,0.53913,0.648148,0.586957,0.634615,0.71875,0.564815,0.586957,0.611111,0.456522,0.704082,0.666667,0.575472,0.606383,0.617647,0.591837,0.67,0.66,0.696078,0.591837,0.556604,0.606383,0.608696,0.705882,0.505618,0.612613,0.678571,0.625,0.538462,0.697248,
98000,0.584906,0.606383,0.632184,0.681416,0.682243,0.677419,0.622449,0.627451,0.62,0.63,0.659794,0.553398,0.60241,0.495726,0.537037,0.597826,0.613861,0.59596,0.531532,0.595506,0.554455,0.515152,0.515152,0.574257,0.566667,0.5,0.555556,0.427273,0.63964,0.539326,0.641509,0.510638,0.635417,0.586538,0.603774,0.648936,0.557692,0.677083,0.547368,0.666667,0.504673,0.666667,0.5,0.732143,0.625,0.558333,0.569892,0.579439,0.642857,0.715909,0.545455,0.544444,0.565657,0.643564,0.707071,0.544554,0.51087,0.601852,0.572816,0.608247,0.607843,0.622449,0.650485,0.56701,0.569892,0.579439,0.535354,0.60396,0.547368,0.561905,0.649123,0.639535,0.557692,0.583333,0.525773,0.621359,0.621951,0.635593,0.557692,0.625,0.642105,0.666667,0.61165,0.587629,0.586538,0.65625,0.529412,0.704082,0.582524,0.597938,0.504762,0.6,0.56,0.69,0.567308,0.635417,0.58,0.49,0.632653,0.72549,
98200,0.638095,0.6,0.536842,0.609524,0.650943,0.670213,0.775281,0.585586,0.612245,0.637255,0.604167,0.653846,0.59375,0.596154,0.632479,0.60241,0.539216,0.632653,0.510417,0.538462,0.663265,0.578431,0.623529,0.6,0.585586,0.595506,0.511111,0.6,0.591398,0.607477,0.447059,0.634783,0.67,0.64,0.55102,0.617647,0.575221,0.563218,0.472527,0.541284,0.543478,0.592593,0.395349,0.587719,0.627451,0.520408,0.605769,0.604167,0.64,0.69,0.644231,0.552083,0.699029,0.587629,0.688312,0.634146,0.572917,0.701923,0.548077,0.520833,0.558824,0.591837,0.61165,0.536082,0.57732,0.669903,0.576923,0.645833,0.56383,0.584906,0.702128,0.575472,0.628571,0.663158,0.644231,0.583333,0.660194,0.546392,0.572917,0.576923,0.683168,0.606061,0.551402,0.526882,0.527473,0.642202,0.6,0.591304,0.602151,0.570093,0.590476,0.621053,0.612903,0.691589,0.607843,0.591837,0.633333,0.581818,0.632653,0.705882,
98400,0.580357,0.579545,0.619565,0.675926,0.518182,0.644444,0.590476,0.547368,0.607143,0.556818,0.680851,0.566038,0.570093,0.602151,0.585106,0.59434,0.558559,0.606742,0.6,0.642105,0.623656,0.579439,0.56,0.61,0.569892,0.616822,0.564815,0.576087,0.578431,0.663265,0.705263,0.47619,0.638298,0.509434,0.666667,0.547368,0.677083,0.548077,0.613208,0.489362,0.603774,0.574468,0.606383,0.584906,0.607143,0.693182,0.590476,0.610526,0.515152,0.663366,0.515789,0.619048,0.657143,0.631579,0.648936,0.613208,0.55914,0.719626,0.65,0.6,0.460674,0.513514,0.666667,0.642857,0.535354,0.584158,0.659794,0.582524,0.541667,0.615385,0.606383,0.575472,0.580952,0.631579,0.663265,0.607843,0.673469,0.607843,0.608696,0.537037,0.650943,0.585106,0.48,0.54,0.540816,0.696078,0.7,0.563636,0.590909,0.511111,0.596154,0.65625,0.653465,0.636364,0.678161,0.663717,0.717391,0.555556,0.645455,0.655556,
98600,0.62,0.61,0.585106,0.566038,0.616162,0.633663,0.696429,0.659091,0.7375,0.591667,0.693878,0.588235,0.489796,0.54902,0.6,0.61,0.504762,0.589474,0.607843,0.642857,0.60396,0.585859,0.580952,0.6,0.614458,0.495726,0.589474,0.571429,0.592233,0.57732,0.619048,0.621053,0.62,0.55,0.564356,0.676768,0.55914,0.514019,0.640777,0.608247,0.645161,0.560748,0.617021,0.5,0.570175,0.546512,0.59,0.62,0.76699,0.608247,0.627451,0.510204,0.640777,0.659794,0.571429,0.623853,0.606383,0.726415,0.588785,0.72043,0.695652,0.574074,0.679245,0.542553,0.680851,0.575472,0.574257,0.565657,0.590476,0.6,0.643478,0.705882,0.691589,0.55914,0.55102,0.568627,0.554545,0.511111,0.617647,0.663265,0.69697,0.574257,0.525,0.616667,0.597826,0.666667,0.626374,0.568807,0.612613,0.539326,0.609524,0.663158,0.557692,0.625,0.610619,0.54023,0.626263,0.60396,0.552083,0.701923,
98800,0.693069,0.626263,0.640777,0.608247,0.694737,0.571429,0.655172,0.619048,0.623762,0.69697,0.590909,0.482143,0.58,0.62,0.581197,0.578313,0.62037,0.51087,0.539216,0.591837,0.607143,0.636364,0.662921,0.675676,0.663265,0.539216,0.514851,0.585859,0.585859,0.564356,0.64,0.49,0.631068,0.525773,0.67033,0.587156,0.696429,0.568182,0.574257,0.565657,0.6,0.609524,0.505051,0.60396,0.679612,0.494845,0.58427,0.720721,0.636364,0.70297,0.578947,0.533333,0.639175,0.669903,0.613861,0.676768,0.581818,0.5,0.677083,0.528846,0.52381,0.536842,0.627451,0.571429,0.660194,0.525773,0.682692,0.614583,0.673913,0.583333,0.650485,0.628866,0.605505,0.615385,0.588889,0.618182,0.642857,0.647059,0.583333,0.596154,0.644231,0.677083,0.604651,0.54386,0.610526,0.647619,0.656566,0.623762,0.617647,0.642857,0.56383,0.632075,0.628571,0.6,0.543689,0.659794,0.721739,0.517647,0.568627,0.571429,
99000,0.778761,0.666667,0.608696,0.494118,0.539823,0.62069,0.638298,0.603774,0.660194,0.608247,0.563107,0.536082,0.519608,0.561224,0.490385,0.645833,0.577778,0.645455,0.506024,0.606838,0.616162,0.584158,0.616822,0.634409,0.596154,0.572917,0.581818,0.577778,0.646018,0.655172,0.56383,0.622642,0.685714,0.526316,0.601942,0.474227,0.656863,0.55102,0.672727,0.588889,0.565217,0.576471,0.639175,0.514563,0.652632,0.609524,0.574257,0.656566,0.552381,0.610526,0.61,0.7,0.704082,0.578431,0.583333,0.532609,0.616162,0.693069,0.563107,0.618557,0.642105,0.590476,0.617647,0.683673,0.637255,0.540816,0.557522,0.666667,0.617647,0.653061,0.628866,0.572816,0.54,0.62,0.707547,0.553191,0.543689,0.546392,0.633333,0.563636,0.669811,0.553191,0.684783,0.703704,0.654545,0.677778,0.601942,0.597938,0.61,0.48,0.587629,0.553398,0.608696,0.703704,0.559524,0.646552,0.632653,0.656863,0.567568,0.719101,
99200,0.68932,0.546392,0.557692,0.552083,0.642105,0.638095,0.632653,0.627451,0.643564,0.747475,0.55102,0.539216,0.519231,0.59375,0.53271,0.591398,0.579439,0.526882,0.558824,0.612245,0.524752,0.555556,0.592593,0.586957,0.533333,0.610526,0.564706,0.634783,0.684783,0.703704,0.661157,0.594937,0.672727,0.477778,0.639175,0.592233,0.603604,0.640449,0.571429,0.545455,0.563107,0.608247,0.527778,0.576087,0.628866,0.485437,0.597938,0.592233,0.650943,0.691489,0.576087,0.574074,0.71875,0.692308,0.581818,0.633333,0.542857,0.610526,0.616162,0.613861,0.588235,0.663265,0.580645,0.570093,0.563636,0.677778,0.625,0.59375,0.581633,0.54902,0.625,0.583333,0.447917,0.663462,0.673267,0.616162,0.569892,0.663551,0.533333,0.547368,0.732673,0.636364,0.554455,0.666667,0.596154,0.666667,0.666667,0.632653,0.477064,0.593407,0.541667,0.634615,0.613208,0.659574,0.580952,0.621053,0.587156,0.648352,0.623853,0.659341,
99400,0.659794,0.572816,0.673077,0.625,0.634615,0.583333,0.609524,0.494737,0.622642,0.595745,0.628866,0.495146,0.569892,0.598131,0.533333,0.484211,0.5,0.644231,0.561224,0.637255,0.528302,0.62766,0.55102,0.686275,0.608247,0.601942,0.534884,0.517544,0.504854,0.670103,0.593023,0.578947,0.585859,0.584158,0.58,0.64,0.565657,0.633663,0.524272,0.628866,0.57,0.56,0.505051,0.643564,0.584906,0.670213,0.54386,0.662791,0.59596,0.49505,0.56701,0.708738,0.571429,0.612069,0.561905,0.663158,0.681319,0.678899,0.608696,0.722222,0.571429,0.610526,0.705882,0.591837,0.561224,0.656863,0.568627,0.632653,0.574257,0.484848,0.68,0.63,0.56,0.64,0.660714,0.704545,0.553191,0.575472,0.575758,0.544554,0.684685,0.550562,0.595745,0.54717,0.636364,0.6875,0.58,0.66,0.64,0.66,0.483516,0.614679,0.708738,0.525773,0.611111,0.554348,0.630435,0.638889,0.567568,0.685393,
99600,0.530612,0.470588,0.617647,0.612245,0.564356,0.616162,0.653846,0.614583,0.691489,0.632075,0.632653,0.588235,0.533981,0.56701,0.553398,0.608247,0.649485,0.466019,0.544643,0.613636,0.619048,0.62069,0.6,0.633333,0.556701,0.631068,0.625,0.644231,0.584158,0.575758,0.67619,0.631579,0.619565,0.62963,0.693878,0.647059,0.647619,0.568421,0.648936,0.603774,0.626168,0.505376,0.568421,0.533333,0.565657,0.584158,0.56,0.7,0.678571,0.613636,0.571429,0.705263,0.551402,0.634409,0.602041,0.617647,0.641304,0.648148,0.579545,0.651786,0.574074,0.597826,0.65,0.65,0.561224,0.519608,0.628866,0.631068,0.546392,0.543689,0.582524,0.628866,0.609524,0.652632,0.659341,0.651376,0.577982,0.593407,0.554455,0.606061,0.693878,0.588235,0.638298,0.59434,0.537736,0.62766,0.595506,0.666667,0.556604,0.638298,0.525253,0.663366,0.611765,0.6,0.525253,0.60396,0.646465,0.752475,0.65625,0.576923,
99800,0.648148,0.48913,0.598039,0.520408,0.663551,0.505376,0.576923,0.6875,0.607477,0.602151,0.547368,0.495238,0.52,0.61,0.632653,0.54902,0.488889,0.536364,0.60396,0.535354,0.72,0.53,0.59,0.59,0.555556,0.543478,0.561224,0.539216,0.56701,0.563107,0.6125,0.541667,0.674157,0.531532,0.621053,0.571429,0.673267,0.626263,0.663158,0.514286,0.571429,0.670455,0.494737,0.533333,0.680412,0.533981,0.642105,0.647619,0.580645,0.598131,0.604396,0.59633,0.708333,0.596154,0.514563,0.628866,0.649123,0.569767,0.548387,0.570093,0.543689,0.525773,0.594059,0.575758,0.560748,0.569892,0.576923,0.583333,0.488889,0.563636,0.56701,0.61165,0.509615,0.604167,0.539216,0.581633,0.592233,0.57732,0.60241,0.641026,0.680412,0.621359,0.547368,0.552381,0.576923,0.677083,0.628866,0.650485,0.696429,0.647727,0.657143,0.705263,0.663043,0.638889,0.511628,0.657895,0.588785,0.602151,0.532609,0.601852,
100000,0.584906,0.62766,0.556604,0.56383,0.533981,0.628866,0.569892,0.672897,0.572816,0.649485,0.632653,0.588235,0.505495,0.577982,0.56701,0.640777,0.529412,0.591837,0.495652,0.623529,0.59633,0.604396,0.619565,0.62963,0.648148,0.652174,0.555556,0.532609,0.547368,0.561905,0.481132,0.56383,0.630435,0.648148,0.539326,0.621622,0.568182,0.607143,0.715596,0.538462,0.619565,0.62963,0.54,0.58,0.62,0.63,0.556701,0.68932,0.655556,0.563636,0.685714,0.536842,0.65625,0.596154,0.618557,0.592233,0.561224,0.578431,0.483516,0.651376,0.609756,0.559322,0.639535,0.596491,0.643564,0.585859,0.542553,0.679245,0.5,0.56383,0.609091,0.611111,0.576087,0.564815,0.59633,0.604396,0.627273,0.588889,0.613636,0.642857,0.613208,0.680851,0.658824,0.617391,0.576577,0.696629,0.644444,0.572727,0.701149,0.619469,0.663366,0.676768,0.614583,0.615385,0.509434,0.585106,0.559633,0.637363,0.642857,0.588235,
