mc_step,0&1,1&2,2&3,3&4,4&5,5&6,6&7,7&8,8&9,9&10,10&11,11&12,12&13,13&14,14&15,15&16,16&17,17&18,18&19,19&20,20&21,21&22,22&23,23&24,24&25,25&26,26&27,27&28,28&29,29&30,30&31,31&32,32&33,33&34,34&35,35&36,36&37,37&38,38&39,39&40,40&41,41&42,42&43,43&44,44&45,45&46,46&47,47&48,48&49,
200,1,1,1,1,1,0.99,1,0.99,0.98,0.98,0.96,0.96,0.95,0.95,0.82,0.87,0.77,0.63,0.59,0.64,0.41,0.19,0.49,0.32,0.29,0.25,0.34,0.36,0.29,0.21,0.26,0.28,0.24,0.27,0.25,0.39,0.4,0.38,0.42,0.42,0.38,0.34,0.27,0.24,0.2,0.18,0.18,0.11,0.04,
400,1,1,1,1,1,0.995,1,0.995,0.985,0.96,0.975,0.96,0.97,0.95,0.85,0.78,0.65,0.625,0.41,0.47,0.455,0.305,0.295,0.18,0.185,0.265,0.275,0.255,0.205,0.16,0.16,0.215,0.2,0.225,0.255,0.35,0.38,0.405,0.415,0.44,0.43,0.38,0.35,0.31,0.275,0.23,0.2,0.13,0.06,
600,1,1,1,1,1,0.996667,1,0.99,0.99,0.963333,0.983333,0.966667,0.963333,0.946667,0.86,0.736667,0.516667,0.57,0.493333,0.516667,0.486667,0.353333,0.236667,0.156667,0.15,0.323333,0.376667,0.383333,0.343333,0.306667,0.29,0.343333,0.306667,0.34,0.346667,0.393333,0.45,0.47,0.45,0.456667,0.46,0.436667,0.406667,0.376667,0.333333,0.33,0.293333,0.216667,0.133333,
800,1,1,1,0.9975,1,0.9975,1,0.9925,0.9875,0.9575,0.975,0.9575,0.94,0.905,0.8475,0.7075,0.46,0.5925,0.5125,0.5475,0.55,0.4225,0.3425,0.2775,0.3,0.4175,0.4775,0.47,0.445,0.435,0.4225,0.455,0.4075,0.4425,0.4425,0.4875,0.52,0.5325,0.5,0.495,0.5225,0.52,0.5025,0.4825,0.43,0.4475,0.3925,0.35,0.26,
1000,1,1,1,0.998,0.998,0.996,0.996,0.99,0.986,0.958,0.972,0.948,0.928,0.888,0.8,0.718,0.478,0.62,0.542,0.562,0.58,0.49,0.414,0.356,0.388,0.482,0.544,0.526,0.52,0.502,0.488,0.512,0.488,0.514,0.506,0.544,0.578,0.566,0.558,0.556,0.578,0.554,0.556,0.52,0.502,0.51,0.448,0.42,0.338,
1200,0.998333,1,1,0.995,0.998333,0.996667,0.995,0.99,0.985,0.951667,0.96,0.935,0.905,0.871667,0.788333,0.705,0.51,0.623333,0.568333,0.598333,0.613333,0.53,0.463333,0.408333,0.435,0.53,0.585,0.546667,0.563333,0.55,0.553333,0.561667,0.541667,0.556667,0.548333,0.555,0.603333,0.598333,0.588333,0.591667,0.61,0.591667,0.566667,0.565,0.535,0.553333,0.503333,0.483333,0.403333,
1400,0.998571,1,1,0.994286,0.997143,0.997143,0.991429,0.987143,0.984286,0.942857,0.952857,0.928571,0.898571,0.851429,0.772857,0.687143,0.545714,0.638571,0.588571,0.634286,0.635714,0.55,0.51,0.46,0.472857,0.564286,0.602857,0.582857,0.595714,0.575714,0.577143,0.59,0.561429,0.584286,0.562857,0.582857,0.627143,0.63,0.612857,0.611429,0.641429,0.618571,0.598571,0.6,0.565714,0.571429,0.537143,0.514286,0.467143,
1600,0.99875,1,1,0.995,0.995,0.99625,0.99125,0.98625,0.9825,0.94,0.94625,0.92375,0.8875,0.83875,0.75875,0.69,0.55625,0.655,0.60125,0.645,0.63125,0.58625,0.5275,0.49625,0.50875,0.585,0.6275,0.59875,0.61,0.6,0.6075,0.60625,0.59125,0.6075,0.58,0.59,0.6425,0.64875,0.6375,0.625,0.6475,0.63375,0.62,0.605,0.58875,0.59125,0.55625,0.53125,0.5,
1800,0.996667,1,1,0.994444,0.994444,0.996667,0.991111,0.986667,0.977778,0.941111,0.944444,0.918889,0.882222,0.831111,0.738889,0.686667,0.575556,0.667778,0.618889,0.658889,0.647778,0.606667,0.548889,0.522222,0.543333,0.603333,0.636667,0.623333,0.622222,0.607778,0.623333,0.63,0.615556,0.622222,0.598889,0.605556,0.648889,0.661111,0.64,0.634444,0.667778,0.645556,0.637778,0.632222,0.607778,0.615556,0.568889,0.554444,0.518889,
2000,0.997,1,1,0.995,0.995,0.996,0.991,0.983,0.976,0.945,0.947,0.918,0.878,0.829,0.732,0.683,0.589,0.658,0.609,0.659,0.655,0.602,0.57,0.537,0.562,0.617,0.652,0.627,0.635,0.617,0.639,0.646,0.635,0.63,0.617,0.624,0.659,0.673,0.65,0.645,0.675,0.645,0.643,0.645,0.626,0.631,0.59,0.574,0.532,
2200,0.995455,0.999091,1,0.995455,0.995455,0.992727,0.989091,0.983636,0.976364,0.943636,0.94,0.919091,0.865455,0.820909,0.723636,0.69,0.600909,0.668182,0.621818,0.668182,0.658182,0.607273,0.581818,0.551818,0.571818,0.626364,0.657273,0.643636,0.648182,0.628182,0.650909,0.655455,0.653636,0.645455,0.624545,0.640909,0.663636,0.678182,0.653636,0.645455,0.688182,0.661818,0.657273,0.658182,0.647273,0.640909,0.602727,0.596364,0.547273,
2400,0.995833,0.998333,1,0.995833,0.995,0.9925,0.988333,0.983333,0.974167,0.940833,0.939167,0.92,0.8625,0.824167,0.726667,0.679167,0.601667,0.668333,0.625,0.674167,0.6675,0.613333,0.593333,0.565833,0.5925,0.635833,0.665,0.656667,0.655,0.6425,0.654167,0.658333,0.655833,0.658333,0.6275,0.6475,0.675833,0.68,0.663333,0.6525,0.69,0.669167,0.666667,0.663333,0.650833,0.646667,0.615833,0.6075,0.561667,
2600,0.995385,0.998462,1,0.995385,0.994615,0.992308,0.988462,0.983077,0.973846,0.937692,0.936923,0.916923,0.858462,0.824615,0.713846,0.675385,0.614615,0.666154,0.639231,0.676923,0.67,0.623846,0.605385,0.573077,0.598462,0.650769,0.665385,0.665385,0.663846,0.646923,0.66,0.664615,0.662308,0.668462,0.636154,0.650769,0.677692,0.68,0.669231,0.659231,0.696923,0.674615,0.67,0.663846,0.656923,0.65,0.62,0.616923,0.576923,
2800,0.995,0.998571,0.999286,0.995714,0.995,0.992857,0.988571,0.983571,0.973571,0.935,0.935714,0.913571,0.85,0.821429,0.712857,0.677143,0.622143,0.666429,0.645,0.682143,0.674286,0.637143,0.613571,0.588571,0.608571,0.660714,0.67,0.679286,0.67,0.65,0.667143,0.665,0.667143,0.672143,0.647143,0.655714,0.679286,0.686429,0.674286,0.664286,0.697143,0.687143,0.680714,0.669286,0.662857,0.655,0.63,0.628571,0.585,
3000,0.994667,0.998667,0.999333,0.996,0.994667,0.992667,0.989333,0.984,0.971333,0.934667,0.936,0.912,0.845333,0.82,0.716667,0.671333,0.624667,0.666,0.65,0.689333,0.677333,0.642,0.621333,0.597333,0.610667,0.666,0.675333,0.685333,0.68,0.655333,0.677333,0.668667,0.666,0.673333,0.655333,0.660667,0.689333,0.689333,0.682,0.666,0.698,0.692,0.688667,0.674,0.668,0.658,0.637333,0.642,0.590667,
3200,0.995,0.99875,0.99875,0.995625,0.995,0.991875,0.98875,0.9825,0.97125,0.936875,0.935625,0.911875,0.848125,0.820625,0.715625,0.6625,0.62,0.668125,0.655625,0.69625,0.683125,0.649375,0.6275,0.606875,0.615,0.673125,0.68,0.686875,0.6875,0.66625,0.685,0.67375,0.67,0.67625,0.65625,0.663125,0.686875,0.694375,0.685625,0.6775,0.70375,0.69625,0.6925,0.68,0.673125,0.6625,0.64625,0.646875,0.598125,
3400,0.994118,0.998235,0.998235,0.995294,0.994706,0.991765,0.988824,0.982353,0.971176,0.938235,0.932941,0.904118,0.846471,0.817647,0.72,0.662941,0.625882,0.672353,0.660588,0.694706,0.682941,0.655294,0.637647,0.617059,0.621176,0.678235,0.681176,0.691765,0.692941,0.671176,0.693529,0.677647,0.676471,0.677059,0.655294,0.672353,0.690588,0.698824,0.694118,0.682941,0.708235,0.696471,0.694118,0.684706,0.677059,0.671176,0.651176,0.655294,0.608235,
3600,0.994444,0.998333,0.998333,0.995556,0.995,0.992222,0.986667,0.981111,0.971111,0.94,0.933333,0.903333,0.847778,0.816667,0.715,0.658333,0.628333,0.67,0.66,0.699444,0.689444,0.667222,0.641111,0.626111,0.627778,0.682778,0.686111,0.696111,0.695556,0.676111,0.696111,0.683889,0.677222,0.679444,0.663333,0.681667,0.693889,0.702778,0.697778,0.685,0.708889,0.698889,0.697778,0.687222,0.683889,0.676111,0.654444,0.661667,0.614444,
3800,0.994737,0.998421,0.998421,0.995263,0.994737,0.992105,0.984737,0.980526,0.971053,0.94,0.933684,0.901579,0.845263,0.813684,0.711579,0.657368,0.632632,0.667895,0.666316,0.698947,0.693158,0.67,0.647895,0.633158,0.631579,0.683158,0.684737,0.697895,0.696842,0.682105,0.698421,0.684737,0.681053,0.68,0.661053,0.685789,0.699474,0.706842,0.703158,0.687368,0.708947,0.701579,0.701053,0.692632,0.687895,0.679474,0.659474,0.665263,0.614211,
4000,0.995,0.9985,0.998,0.9955,0.995,0.992,0.9855,0.9795,0.9705,0.9415,0.9315,0.902,0.8425,0.8125,0.7105,0.6575,0.6315,0.671,0.6685,0.7025,0.6985,0.6725,0.6485,0.6395,0.639,0.69,0.686,0.6995,0.7,0.6855,0.7,0.688,0.6865,0.6895,0.6695,0.685,0.7045,0.7095,0.7065,0.687,0.709,0.701,0.705,0.6935,0.692,0.6825,0.663,0.666,0.6185,
4200,0.994762,0.998571,0.998095,0.995238,0.994762,0.992381,0.985238,0.978571,0.968571,0.941429,0.932381,0.900476,0.842857,0.81381,0.711429,0.660952,0.633333,0.670952,0.668571,0.7,0.701429,0.671429,0.649048,0.642857,0.64619,0.69619,0.689524,0.698571,0.701429,0.690476,0.70619,0.693333,0.688095,0.690952,0.66619,0.69,0.701429,0.711905,0.707619,0.691429,0.708571,0.699048,0.707619,0.690476,0.693333,0.688571,0.669524,0.670952,0.62381,
4400,0.995,0.998182,0.997727,0.995455,0.994545,0.991364,0.985909,0.979091,0.968182,0.941364,0.929545,0.896364,0.843182,0.811364,0.710909,0.664545,0.635,0.672273,0.671818,0.698182,0.698636,0.671364,0.651818,0.647727,0.652727,0.697273,0.692273,0.697727,0.703636,0.690909,0.709545,0.694545,0.690455,0.691364,0.668182,0.692273,0.702727,0.716364,0.710455,0.695,0.709545,0.701818,0.711818,0.69,0.695,0.691818,0.674545,0.674545,0.63,
4600,0.995217,0.997826,0.997826,0.995652,0.994783,0.991304,0.985217,0.978696,0.967391,0.940435,0.926957,0.896522,0.841739,0.811739,0.71,0.663478,0.635217,0.67,0.676957,0.7,0.698261,0.674348,0.654783,0.649565,0.653913,0.703478,0.696087,0.70087,0.703478,0.691304,0.713043,0.7,0.690435,0.693478,0.673913,0.697826,0.701304,0.717391,0.711304,0.700435,0.713913,0.701304,0.713043,0.691739,0.693913,0.696087,0.673478,0.676087,0.632609,
4800,0.995417,0.997917,0.997917,0.995833,0.994167,0.99125,0.985,0.979167,0.967083,0.94,0.925417,0.89625,0.839167,0.806667,0.7075,0.668333,0.635417,0.67125,0.68,0.697917,0.70125,0.677083,0.6575,0.6525,0.657083,0.705417,0.6975,0.697917,0.703333,0.69625,0.715,0.702083,0.694583,0.69625,0.67875,0.695833,0.700417,0.71625,0.71375,0.702083,0.71625,0.704583,0.713333,0.695833,0.7,0.7,0.676667,0.68125,0.635417,
5000,0.9956,0.998,0.9976,0.996,0.9944,0.9912,0.984,0.9788,0.966,0.9404,0.9244,0.896,0.8404,0.8072,0.7064,0.668,0.6372,0.67,0.6804,0.6964,0.6968,0.6784,0.66,0.6588,0.6596,0.7068,0.6972,0.6984,0.7052,0.6988,0.716,0.7052,0.6936,0.6944,0.6828,0.6964,0.7008,0.718,0.7128,0.7048,0.7188,0.7072,0.7156,0.7008,0.6984,0.6984,0.6812,0.6824,0.6396,
5200,0.995769,0.998077,0.997692,0.996154,0.994615,0.991154,0.982308,0.978846,0.966538,0.940769,0.925,0.893462,0.836538,0.805385,0.708846,0.666154,0.638462,0.674615,0.678462,0.694231,0.696154,0.680769,0.661923,0.663846,0.665769,0.707692,0.699231,0.701538,0.707692,0.702308,0.715385,0.709231,0.695385,0.696923,0.684615,0.697692,0.699615,0.718462,0.715385,0.705769,0.718846,0.707308,0.713846,0.703846,0.701538,0.699615,0.685769,0.683846,0.641154,
5400,0.995926,0.998148,0.997778,0.996296,0.994074,0.991111,0.982222,0.979259,0.966296,0.941481,0.922963,0.892963,0.837407,0.80037,0.71037,0.666296,0.64,0.675926,0.678889,0.69,0.698148,0.679259,0.667037,0.667778,0.668519,0.70963,0.701481,0.703333,0.709259,0.704444,0.714815,0.71,0.695556,0.698148,0.688519,0.70037,0.700741,0.721481,0.715556,0.706296,0.72037,0.705556,0.716296,0.705556,0.705556,0.7,0.685185,0.684815,0.640741,
5600,0.996071,0.998214,0.997857,0.996429,0.993571,0.991429,0.982857,0.979286,0.966786,0.941429,0.922857,0.89,0.835,0.795714,0.710357,0.6675,0.643214,0.678214,0.681071,0.690357,0.695357,0.681429,0.6675,0.671786,0.673571,0.712143,0.704643,0.706071,0.710357,0.705,0.712143,0.711071,0.695,0.698571,0.689286,0.7,0.7025,0.725,0.715714,0.705357,0.723571,0.706429,0.717857,0.705714,0.705714,0.703214,0.687857,0.687143,0.644286,
5800,0.995862,0.998276,0.997931,0.996552,0.993793,0.991724,0.983448,0.978966,0.967241,0.941379,0.921034,0.887931,0.833103,0.793793,0.708966,0.66931,0.64069,0.673103,0.681724,0.693103,0.696897,0.684138,0.669655,0.677586,0.676897,0.712069,0.706207,0.704828,0.707931,0.708621,0.71069,0.712069,0.696207,0.7,0.691724,0.703793,0.702414,0.724483,0.715517,0.705862,0.721724,0.705172,0.717586,0.706897,0.707586,0.704483,0.691034,0.69,0.648966,
6000,0.995333,0.998333,0.998,0.996333,0.993333,0.991667,0.982,0.978667,0.967,0.942,0.921333,0.887333,0.833667,0.791667,0.710333,0.670667,0.640333,0.671,0.682333,0.695,0.700333,0.685333,0.672333,0.678667,0.678,0.711333,0.709667,0.708,0.713667,0.710667,0.712667,0.713667,0.698667,0.703,0.691,0.703,0.702,0.724333,0.717667,0.706333,0.720333,0.707333,0.716333,0.708667,0.708333,0.708667,0.690667,0.693333,0.652,
6200,0.995161,0.998387,0.998065,0.996452,0.993548,0.990968,0.982258,0.978065,0.966452,0.940968,0.921935,0.886452,0.833871,0.79,0.710323,0.665484,0.638387,0.672581,0.688065,0.699032,0.703226,0.688387,0.675806,0.681613,0.677742,0.710323,0.711935,0.70871,0.714194,0.710323,0.711613,0.711935,0.699677,0.705161,0.691935,0.705484,0.702903,0.725806,0.717742,0.706774,0.72,0.708387,0.715484,0.709355,0.709677,0.709677,0.690968,0.696129,0.651613,
6400,0.995,0.998437,0.997812,0.996563,0.99375,0.990938,0.982187,0.97875,0.965625,0.94125,0.922188,0.886875,0.832812,0.78875,0.70875,0.664687,0.642188,0.6725,0.6875,0.7025,0.703438,0.6875,0.676562,0.683125,0.6825,0.71125,0.710938,0.709375,0.7175,0.710625,0.711875,0.71375,0.699688,0.707812,0.692813,0.708125,0.703438,0.724688,0.719063,0.706875,0.722187,0.712812,0.715625,0.710313,0.71,0.711875,0.690937,0.7,0.654687,
6600,0.995152,0.998485,0.997879,0.996364,0.993636,0.990909,0.982121,0.978788,0.966061,0.941212,0.919091,0.88697,0.834242,0.789697,0.708485,0.660303,0.642727,0.675152,0.688485,0.704545,0.703939,0.688182,0.679394,0.683333,0.683939,0.714545,0.712727,0.711818,0.717879,0.712121,0.712727,0.71303,0.701212,0.709697,0.691212,0.708182,0.706364,0.724545,0.720303,0.708788,0.720909,0.717273,0.716364,0.711515,0.712424,0.711212,0.690606,0.699394,0.65697,
6800,0.995294,0.998529,0.997941,0.996471,0.993529,0.990588,0.982059,0.978824,0.966765,0.940882,0.919412,0.886765,0.835294,0.787353,0.705294,0.661471,0.645588,0.677941,0.688235,0.702941,0.705882,0.690882,0.682059,0.685882,0.686765,0.715,0.715,0.714706,0.718235,0.710882,0.715,0.713824,0.702647,0.706765,0.691765,0.704118,0.708824,0.725,0.722647,0.71,0.721765,0.715882,0.716471,0.712647,0.713235,0.715,0.693235,0.697941,0.658824,
7000,0.995429,0.998571,0.997714,0.996286,0.993714,0.990857,0.982286,0.978857,0.966286,0.94,0.918857,0.887143,0.833714,0.785429,0.707143,0.661714,0.644857,0.677429,0.688571,0.701143,0.705143,0.691714,0.682571,0.685714,0.686857,0.715429,0.716286,0.714857,0.718857,0.711429,0.715143,0.715143,0.703429,0.708571,0.695429,0.705714,0.710571,0.725143,0.722571,0.711714,0.720857,0.716286,0.715143,0.713429,0.713714,0.715714,0.695714,0.698286,0.660286,
7200,0.995556,0.998611,0.997778,0.996111,0.993889,0.990833,0.982222,0.977778,0.965556,0.939722,0.918611,0.8875,0.830556,0.783611,0.705833,0.664167,0.646389,0.680556,0.689722,0.700556,0.704167,0.693611,0.684167,0.688611,0.688889,0.715833,0.7175,0.714722,0.719444,0.711111,0.716389,0.716111,0.703889,0.711389,0.698056,0.706389,0.711944,0.724167,0.724444,0.713333,0.721944,0.714167,0.715278,0.715833,0.714722,0.716944,0.694722,0.699722,0.660278,
7400,0.995676,0.998649,0.997838,0.996216,0.994054,0.990811,0.982703,0.978378,0.965135,0.940541,0.918378,0.885946,0.828919,0.781081,0.706486,0.663784,0.648919,0.678378,0.69,0.701351,0.706486,0.694865,0.685676,0.691351,0.69,0.717568,0.717027,0.714865,0.720541,0.710811,0.715405,0.715405,0.702703,0.709189,0.701622,0.708378,0.712703,0.725946,0.726216,0.713514,0.721351,0.715135,0.716486,0.718108,0.715135,0.717027,0.696757,0.702432,0.660541,
7600,0.995789,0.998684,0.997368,0.996316,0.994211,0.991053,0.982895,0.978421,0.964737,0.940789,0.917368,0.886053,0.827895,0.782105,0.705789,0.664211,0.651842,0.681053,0.693158,0.699737,0.704737,0.696842,0.687105,0.691579,0.692632,0.72,0.718684,0.715263,0.720789,0.710526,0.714474,0.715,0.701316,0.710526,0.701053,0.708947,0.712895,0.726579,0.727368,0.717632,0.723158,0.716053,0.716842,0.719474,0.715263,0.717105,0.697895,0.701579,0.657895,
7800,0.995385,0.998718,0.996923,0.99641,0.993846,0.991026,0.982821,0.978205,0.964103,0.940769,0.917692,0.885385,0.826923,0.784103,0.705385,0.664872,0.652051,0.679231,0.694872,0.698205,0.708205,0.698205,0.686923,0.692308,0.694359,0.721538,0.717949,0.714872,0.721538,0.711026,0.713846,0.713846,0.703333,0.712051,0.701538,0.710769,0.712564,0.728205,0.728718,0.717179,0.722051,0.715385,0.717179,0.719487,0.716667,0.718718,0.697949,0.702308,0.657179,
8000,0.9955,0.99825,0.997,0.9965,0.99375,0.99075,0.983,0.9775,0.964,0.94025,0.91875,0.885,0.827,0.78325,0.706,0.6625,0.654,0.67825,0.6945,0.70125,0.706,0.6985,0.68925,0.6935,0.69425,0.71975,0.71975,0.71525,0.72175,0.70975,0.7155,0.7145,0.7045,0.71025,0.702,0.71225,0.714,0.729,0.72625,0.7195,0.724,0.7175,0.71725,0.7195,0.71775,0.718,0.69775,0.70275,0.66,
8200,0.99561,0.998293,0.997073,0.996341,0.993902,0.990976,0.983415,0.976585,0.963415,0.940488,0.919024,0.885366,0.825366,0.782439,0.70561,0.662195,0.65439,0.680732,0.696098,0.701951,0.707805,0.700244,0.689268,0.695366,0.69561,0.71878,0.72,0.714146,0.720244,0.709756,0.717317,0.715122,0.706829,0.712195,0.702927,0.712927,0.714146,0.729268,0.727317,0.719268,0.724634,0.718293,0.719268,0.720488,0.719756,0.717317,0.697805,0.70561,0.662195,
8400,0.995714,0.998333,0.997143,0.996429,0.99381,0.990952,0.983333,0.976429,0.96381,0.941429,0.92,0.884524,0.824762,0.782619,0.705952,0.66,0.657857,0.682143,0.696429,0.702143,0.708095,0.702381,0.689762,0.694048,0.695952,0.719762,0.722143,0.714762,0.720238,0.710952,0.71881,0.713333,0.709286,0.713333,0.704048,0.713095,0.71619,0.728333,0.729048,0.719524,0.724048,0.717619,0.720952,0.722857,0.720476,0.718571,0.697381,0.706429,0.664524,
8600,0.995814,0.998372,0.997209,0.996279,0.993721,0.99093,0.983488,0.976977,0.963721,0.941628,0.91907,0.885349,0.824884,0.781395,0.70186,0.657442,0.656744,0.683256,0.696279,0.703256,0.710233,0.703953,0.690698,0.695116,0.699302,0.720465,0.72093,0.716744,0.722326,0.71,0.716977,0.712791,0.707674,0.714419,0.704651,0.714884,0.716744,0.728837,0.729302,0.720465,0.72186,0.71814,0.72,0.723488,0.72,0.719767,0.700233,0.705116,0.664419,
8800,0.995455,0.998409,0.997273,0.996136,0.993182,0.990682,0.983182,0.977273,0.963636,0.940909,0.917955,0.885,0.825455,0.781591,0.7,0.656818,0.658409,0.6825,0.693864,0.703636,0.712045,0.706136,0.692727,0.698182,0.699318,0.720682,0.722045,0.716136,0.721364,0.710682,0.717045,0.714091,0.709091,0.715909,0.707273,0.715455,0.714318,0.728409,0.729773,0.721136,0.723864,0.72,0.719773,0.724773,0.720227,0.721136,0.701364,0.706591,0.667273,
9000,0.995556,0.998444,0.997111,0.996222,0.993333,0.990889,0.982889,0.977111,0.964,0.940667,0.918222,0.883778,0.824,0.78,0.700889,0.656222,0.660667,0.683778,0.693778,0.704667,0.712222,0.704667,0.694222,0.699778,0.700889,0.720222,0.723333,0.717556,0.721333,0.710444,0.717333,0.712667,0.711556,0.716222,0.707111,0.714222,0.714,0.729556,0.73,0.722667,0.724667,0.721556,0.72,0.724444,0.721111,0.721778,0.700667,0.707778,0.666444,
9200,0.995652,0.998261,0.996957,0.996304,0.993261,0.99087,0.983043,0.977609,0.964348,0.940652,0.917174,0.885217,0.82413,0.779783,0.701957,0.652391,0.663913,0.683913,0.692609,0.707174,0.712609,0.707391,0.693696,0.702174,0.703696,0.720435,0.725217,0.718696,0.720652,0.708043,0.716087,0.714348,0.713696,0.71587,0.708043,0.71587,0.713261,0.729348,0.72913,0.723478,0.724783,0.722826,0.722174,0.726522,0.722174,0.721522,0.701087,0.708913,0.667391,
9400,0.995532,0.998298,0.997021,0.99617,0.993404,0.990851,0.983191,0.976809,0.963404,0.940851,0.917447,0.884894,0.82383,0.776596,0.701277,0.653617,0.66617,0.685532,0.694043,0.708085,0.713191,0.708723,0.693617,0.703404,0.704468,0.721064,0.725106,0.719362,0.718723,0.710213,0.717447,0.712766,0.715106,0.717234,0.707234,0.714468,0.714043,0.727234,0.728511,0.724894,0.723617,0.724681,0.722979,0.726809,0.724681,0.722553,0.702553,0.709574,0.667234,
9600,0.995625,0.998333,0.997083,0.996042,0.993333,0.990417,0.983542,0.976458,0.963333,0.941458,0.917917,0.884375,0.8225,0.774375,0.701458,0.654792,0.666875,0.68625,0.69375,0.709375,0.713333,0.708333,0.69125,0.705,0.703542,0.722708,0.727083,0.720208,0.719583,0.710625,0.718333,0.711667,0.715,0.719583,0.7075,0.714792,0.714583,0.72875,0.729792,0.722708,0.72125,0.725208,0.724375,0.7275,0.724583,0.720417,0.702083,0.710208,0.667917,
9800,0.995714,0.998367,0.997143,0.996122,0.993061,0.990204,0.983061,0.976939,0.963061,0.941837,0.917347,0.884898,0.823061,0.774694,0.699796,0.653061,0.664694,0.687959,0.694898,0.710612,0.712449,0.709184,0.694082,0.707551,0.705918,0.722857,0.727347,0.719592,0.720204,0.711224,0.71898,0.712449,0.71551,0.72102,0.708571,0.716327,0.716531,0.726939,0.729184,0.723878,0.720408,0.725714,0.723469,0.728163,0.723265,0.71898,0.703673,0.709592,0.670408,
10000,0.9954,0.9984,0.9972,0.9958,0.9932,0.9902,0.9828,0.977,0.9628,0.9418,0.9174,0.885,0.8218,0.7744,0.6996,0.6548,0.6636,0.687,0.6942,0.7122,0.7132,0.711,0.695,0.7086,0.7068,0.724,0.7282,0.7206,0.7226,0.7122,0.7196,0.712,0.7142,0.7212,0.7114,0.7168,0.718,0.728,0.7302,0.7248,0.7212,0.7242,0.7228,0.7276,0.724,0.7194,0.7052,0.7076,0.6716,
10200,0.995294,0.998431,0.997255,0.995882,0.993137,0.99,0.982549,0.976078,0.962745,0.942157,0.917059,0.884118,0.820588,0.773725,0.698824,0.655882,0.663137,0.686275,0.693725,0.711961,0.712353,0.711569,0.696275,0.710784,0.708039,0.72451,0.727843,0.720588,0.723137,0.712353,0.720588,0.711765,0.716471,0.722353,0.712549,0.716667,0.716863,0.728235,0.729804,0.723529,0.722353,0.72549,0.72451,0.728235,0.724706,0.718824,0.706078,0.706863,0.673137,
10400,0.995385,0.998462,0.997308,0.995962,0.993269,0.989808,0.982308,0.976154,0.962885,0.942115,0.915769,0.884423,0.818846,0.7725,0.699423,0.655577,0.665,0.687885,0.693462,0.714038,0.7125,0.711731,0.698269,0.709423,0.708269,0.724038,0.727692,0.721346,0.724615,0.713654,0.721154,0.710769,0.716923,0.722308,0.710962,0.717115,0.7175,0.729423,0.729808,0.723654,0.720962,0.726346,0.723462,0.728654,0.725385,0.718846,0.706731,0.7075,0.673462,
10600,0.995094,0.998491,0.997358,0.996038,0.993208,0.989434,0.982453,0.976226,0.963019,0.942453,0.915094,0.88434,0.819434,0.771509,0.699434,0.656792,0.666604,0.689057,0.696038,0.713962,0.711698,0.711887,0.698113,0.708113,0.709623,0.724151,0.726981,0.721132,0.725849,0.714717,0.722075,0.711509,0.718113,0.723585,0.710755,0.717358,0.717736,0.73,0.730755,0.723585,0.719811,0.727358,0.723962,0.729057,0.726038,0.717736,0.707547,0.708868,0.674151,
10800,0.995185,0.998519,0.997407,0.995741,0.992963,0.989444,0.982778,0.976111,0.962222,0.942963,0.91463,0.883889,0.818889,0.772778,0.69963,0.655,0.668519,0.689815,0.697222,0.713889,0.711481,0.71,0.699815,0.708333,0.70963,0.72463,0.726852,0.719444,0.727593,0.714815,0.722778,0.712407,0.717593,0.722778,0.711852,0.717593,0.717963,0.730926,0.731481,0.725556,0.719074,0.727778,0.723333,0.730185,0.725,0.719074,0.708889,0.709444,0.675741,
11000,0.995091,0.998364,0.997455,0.995818,0.992909,0.989455,0.982727,0.976182,0.962182,0.942909,0.915091,0.882,0.819636,0.772182,0.698909,0.655455,0.67,0.690545,0.697091,0.714909,0.711273,0.709455,0.700727,0.707455,0.710909,0.724545,0.727818,0.719636,0.729091,0.714727,0.724182,0.713636,0.717636,0.723818,0.711636,0.717636,0.718909,0.729636,0.730727,0.724727,0.718909,0.728,0.722545,0.731636,0.724727,0.721455,0.709818,0.709273,0.677091,
11200,0.995,0.998393,0.997321,0.995893,0.992857,0.989643,0.982857,0.975714,0.962321,0.943036,0.915179,0.882321,0.819821,0.769821,0.698571,0.656429,0.669107,0.690536,0.695714,0.715357,0.712321,0.70875,0.700357,0.707321,0.710893,0.725536,0.728393,0.721429,0.730536,0.715,0.72375,0.713571,0.718214,0.72375,0.712143,0.719464,0.718929,0.729643,0.730714,0.725714,0.719286,0.729464,0.721964,0.7325,0.724821,0.720357,0.709464,0.710357,0.677857,
11400,0.995088,0.998421,0.997368,0.995789,0.992807,0.989825,0.983158,0.974912,0.962456,0.943158,0.91614,0.882456,0.818772,0.769649,0.699474,0.657368,0.667368,0.690175,0.694912,0.714737,0.712807,0.710526,0.702105,0.707018,0.711754,0.725614,0.729123,0.720877,0.729474,0.714737,0.724386,0.714211,0.720351,0.724386,0.713333,0.719649,0.719649,0.727368,0.73,0.72614,0.720175,0.729649,0.722281,0.732105,0.72614,0.721754,0.710351,0.710877,0.678421,
11600,0.995172,0.998448,0.997414,0.995862,0.992931,0.989828,0.983103,0.974655,0.962241,0.943621,0.916207,0.882759,0.817931,0.770517,0.700517,0.655345,0.666552,0.692069,0.69569,0.715,0.713448,0.710862,0.701207,0.708276,0.711379,0.726034,0.729828,0.72069,0.73069,0.714828,0.723621,0.713276,0.719828,0.72569,0.713448,0.721034,0.720172,0.727586,0.730517,0.728103,0.720345,0.728966,0.723103,0.731724,0.726552,0.721552,0.709138,0.710345,0.678966,
11800,0.995085,0.998475,0.997458,0.995932,0.992881,0.989661,0.98339,0.974237,0.962542,0.943729,0.915763,0.882203,0.81678,0.770678,0.702034,0.654407,0.66678,0.693051,0.695763,0.717458,0.714407,0.712034,0.701695,0.708136,0.712542,0.725593,0.730339,0.721356,0.730847,0.715424,0.724068,0.714746,0.721186,0.725763,0.714576,0.721695,0.721017,0.727627,0.730508,0.728644,0.720508,0.730339,0.72339,0.731356,0.72678,0.721186,0.709153,0.710508,0.679322,
12000,0.995167,0.998333,0.9975,0.996,0.993,0.989333,0.983167,0.974,0.961833,0.9445,0.915333,0.882833,0.816,0.770167,0.702667,0.6555,0.667,0.692667,0.693833,0.716833,0.714667,0.712333,0.701,0.708833,0.712333,0.725167,0.7315,0.722333,0.731,0.716167,0.724167,0.714,0.721833,0.726,0.7165,0.722167,0.721333,0.728333,0.7305,0.729,0.720167,0.7305,0.721833,0.732,0.727667,0.719833,0.710333,0.711833,0.679333,
12200,0.994754,0.998361,0.997541,0.995902,0.993115,0.989344,0.983115,0.97377,0.961639,0.944098,0.91541,0.881803,0.816066,0.770492,0.702623,0.657049,0.666721,0.692787,0.694426,0.714426,0.713279,0.711967,0.701967,0.710328,0.71377,0.724262,0.732623,0.722459,0.731311,0.718197,0.722787,0.713607,0.722459,0.725738,0.718197,0.722459,0.72082,0.72918,0.730984,0.729344,0.721148,0.730656,0.722131,0.731639,0.727705,0.720328,0.710984,0.712131,0.680656,
12400,0.994516,0.998387,0.997581,0.995968,0.993226,0.989355,0.982742,0.974032,0.961613,0.944194,0.915645,0.882581,0.815,0.770161,0.700161,0.656935,0.666774,0.693871,0.695806,0.714516,0.714839,0.710806,0.701774,0.710484,0.713548,0.724355,0.732258,0.721935,0.731452,0.719677,0.723065,0.713871,0.721935,0.725,0.717903,0.722903,0.721613,0.730484,0.73129,0.730484,0.721452,0.731613,0.72129,0.732258,0.727258,0.720806,0.711774,0.712581,0.681613,
12600,0.994286,0.998413,0.997619,0.996032,0.993175,0.989365,0.982698,0.97381,0.961746,0.944603,0.915397,0.882063,0.815873,0.77127,0.699365,0.656825,0.66746,0.693968,0.695397,0.715238,0.714762,0.711429,0.702857,0.710794,0.715238,0.724603,0.731587,0.72127,0.73254,0.72127,0.723492,0.71381,0.722063,0.725238,0.718571,0.723333,0.721111,0.730476,0.730952,0.72873,0.72127,0.730159,0.721746,0.733968,0.726349,0.722381,0.711587,0.713968,0.683016,
12800,0.994375,0.998437,0.997656,0.996094,0.993125,0.989219,0.982812,0.973594,0.961562,0.944063,0.915312,0.881094,0.814531,0.77125,0.699688,0.657188,0.6675,0.692344,0.694375,0.715938,0.715625,0.712187,0.703125,0.711562,0.716094,0.72375,0.732344,0.721875,0.7325,0.722656,0.724063,0.714531,0.721094,0.725938,0.718594,0.723281,0.720469,0.732031,0.730938,0.729688,0.720156,0.730938,0.7225,0.733281,0.7275,0.722031,0.711406,0.714219,0.682813,
13000,0.994462,0.998154,0.997692,0.996154,0.993077,0.989385,0.982615,0.973385,0.961077,0.944308,0.916,0.880615,0.814462,0.770769,0.700923,0.656308,0.667846,0.691231,0.695231,0.717692,0.716462,0.712,0.703538,0.712308,0.716923,0.723538,0.732462,0.721077,0.732769,0.722923,0.724462,0.712615,0.719385,0.727846,0.720154,0.725231,0.722154,0.731846,0.730308,0.729385,0.720462,0.731692,0.723231,0.733385,0.726462,0.722923,0.712154,0.715077,0.684,
13200,0.994545,0.99803,0.997727,0.996061,0.99303,0.989091,0.982576,0.973485,0.960455,0.944545,0.915606,0.880909,0.814848,0.771212,0.702121,0.655455,0.666818,0.689697,0.693788,0.717879,0.717424,0.712424,0.703182,0.712273,0.717879,0.724697,0.732879,0.720758,0.733182,0.722576,0.724394,0.712879,0.718788,0.729242,0.721364,0.725909,0.723333,0.732879,0.730909,0.729394,0.720303,0.730909,0.723636,0.733333,0.727273,0.722424,0.713333,0.714394,0.683939,
13400,0.994627,0.99791,0.997761,0.99597,0.992687,0.989254,0.982239,0.973433,0.959851,0.944925,0.915224,0.881493,0.814478,0.770746,0.70194,0.656269,0.667015,0.69,0.692537,0.718955,0.71791,0.712388,0.704925,0.71403,0.71791,0.725672,0.732537,0.721493,0.733582,0.722687,0.725373,0.714179,0.717313,0.72806,0.720746,0.725672,0.72403,0.734627,0.732388,0.730149,0.721045,0.731343,0.723731,0.734478,0.727313,0.722388,0.713433,0.714478,0.682239,
13600,0.994706,0.997647,0.997647,0.996029,0.992353,0.988971,0.9825,0.973235,0.960294,0.944706,0.915147,0.881471,0.814853,0.7725,0.702206,0.655882,0.667941,0.690588,0.693676,0.718235,0.717059,0.711765,0.705735,0.714853,0.718824,0.7275,0.732794,0.722353,0.734265,0.722941,0.725,0.714412,0.718088,0.728971,0.721176,0.726324,0.724412,0.734265,0.7325,0.729853,0.719559,0.731029,0.724853,0.735294,0.728529,0.723088,0.714118,0.715294,0.683235,
13800,0.994638,0.997681,0.997681,0.996087,0.992319,0.988696,0.982754,0.973333,0.96,0.944638,0.914928,0.881884,0.815507,0.772899,0.701014,0.654783,0.666812,0.691159,0.693768,0.718261,0.717826,0.712029,0.706812,0.715507,0.720435,0.728841,0.733333,0.721884,0.734058,0.722899,0.725072,0.715652,0.718406,0.73058,0.721449,0.726232,0.724493,0.734783,0.732609,0.72913,0.719855,0.731304,0.724493,0.736232,0.72971,0.723913,0.714203,0.714928,0.683913,
14000,0.994714,0.997714,0.997571,0.996,0.992143,0.988714,0.982857,0.973143,0.959143,0.944857,0.914857,0.881429,0.814857,0.773286,0.700143,0.655714,0.667286,0.692,0.693286,0.717857,0.718286,0.711571,0.706286,0.716429,0.720429,0.729,0.733714,0.723286,0.734,0.723,0.725286,0.716143,0.718143,0.730571,0.721571,0.726571,0.725,0.735286,0.733714,0.729857,0.719857,0.731286,0.723429,0.734714,0.730143,0.724,0.713571,0.715286,0.684286,
14200,0.994789,0.997746,0.997606,0.996056,0.992254,0.988873,0.982958,0.973099,0.959296,0.94493,0.914085,0.881549,0.81493,0.771408,0.700141,0.656197,0.667887,0.692817,0.693521,0.717887,0.71831,0.712394,0.707465,0.716056,0.72169,0.729859,0.733662,0.724366,0.733944,0.723662,0.724789,0.716901,0.71831,0.731127,0.720986,0.727183,0.725352,0.734225,0.73338,0.730563,0.720423,0.730986,0.724648,0.735352,0.730282,0.724085,0.714789,0.714507,0.685211,
14400,0.994861,0.997778,0.997639,0.996111,0.992361,0.989028,0.983194,0.973056,0.959306,0.944722,0.913611,0.881528,0.814028,0.771111,0.699583,0.655833,0.668333,0.694028,0.693472,0.7175,0.71875,0.712083,0.707222,0.716111,0.721944,0.729861,0.734722,0.724167,0.735278,0.721806,0.725694,0.717361,0.719306,0.73125,0.721667,0.724722,0.725278,0.734722,0.733611,0.731111,0.720139,0.731806,0.724444,0.735694,0.730833,0.723611,0.713889,0.714861,0.68625,
14600,0.994932,0.997808,0.997671,0.996164,0.992329,0.989041,0.983288,0.973288,0.959452,0.944521,0.913562,0.881233,0.813425,0.771233,0.700137,0.654795,0.666438,0.694795,0.692329,0.716438,0.717671,0.712329,0.707397,0.716712,0.722192,0.727945,0.735068,0.725479,0.736164,0.72274,0.726575,0.717808,0.719726,0.73137,0.722192,0.726164,0.726027,0.735342,0.733288,0.730548,0.719589,0.731644,0.725479,0.736438,0.731644,0.723973,0.713836,0.714795,0.688082,
14800,0.995,0.997838,0.997297,0.996081,0.992432,0.988919,0.983378,0.973514,0.959189,0.94473,0.913649,0.882027,0.813919,0.77027,0.700135,0.654865,0.665676,0.696216,0.693378,0.717838,0.715811,0.712297,0.707838,0.717838,0.722432,0.728108,0.735,0.725946,0.735405,0.722838,0.727432,0.717027,0.72027,0.731351,0.722568,0.726216,0.725811,0.736351,0.733919,0.731216,0.720541,0.731081,0.72527,0.736081,0.732568,0.724459,0.714324,0.714324,0.689595,
15000,0.995067,0.997867,0.997067,0.996,0.992533,0.988933,0.983333,0.9732,0.959467,0.945067,0.9136,0.881733,0.8144,0.768933,0.7008,0.656,0.665333,0.695067,0.694,0.718,0.715733,0.712933,0.709333,0.7184,0.723733,0.727333,0.7352,0.726267,0.736267,0.722933,0.727467,0.717467,0.720667,0.732933,0.721733,0.725333,0.726667,0.735733,0.7356,0.730533,0.721067,0.731067,0.726667,0.735467,0.733467,0.7252,0.714133,0.715067,0.690267,
15200,0.995132,0.997895,0.997105,0.996053,0.9925,0.988947,0.983158,0.973158,0.959605,0.945132,0.913289,0.881579,0.814474,0.767632,0.700395,0.657105,0.665658,0.695132,0.695263,0.718026,0.715526,0.712632,0.709474,0.719079,0.725263,0.728947,0.734605,0.725658,0.736053,0.722895,0.728158,0.7175,0.721447,0.733026,0.7225,0.724474,0.727237,0.736447,0.735395,0.729474,0.722105,0.731579,0.728289,0.735263,0.733947,0.724868,0.714605,0.715658,0.690526,
15400,0.994935,0.997792,0.997013,0.996104,0.992338,0.988831,0.983377,0.973117,0.95987,0.944416,0.913506,0.881688,0.814545,0.767143,0.698961,0.657403,0.666623,0.694156,0.695714,0.717532,0.717013,0.713766,0.70987,0.718701,0.724805,0.729351,0.734545,0.725844,0.734675,0.723506,0.728312,0.718312,0.720649,0.731818,0.722727,0.724545,0.727922,0.735974,0.735974,0.729481,0.721818,0.731558,0.728961,0.735584,0.734286,0.725455,0.714675,0.715325,0.68974,
15600,0.995,0.997821,0.997051,0.996154,0.992051,0.988846,0.983333,0.972949,0.959872,0.944487,0.913333,0.881795,0.814872,0.766795,0.697051,0.656923,0.667179,0.694615,0.697179,0.717436,0.71641,0.713846,0.710128,0.718462,0.724744,0.728718,0.734487,0.726026,0.735641,0.723846,0.727692,0.718462,0.720641,0.732692,0.723974,0.725897,0.727949,0.734872,0.735897,0.729359,0.721154,0.731282,0.728462,0.735513,0.734103,0.726154,0.714615,0.715641,0.69,
15800,0.995063,0.997722,0.997089,0.996203,0.992152,0.988861,0.983291,0.973038,0.959747,0.94443,0.913797,0.881772,0.81557,0.767595,0.696329,0.656076,0.667848,0.695316,0.698101,0.719494,0.716835,0.714177,0.710127,0.718987,0.72481,0.728481,0.73481,0.726456,0.73519,0.722658,0.726835,0.719747,0.721772,0.733671,0.724051,0.726456,0.728354,0.733924,0.736076,0.728481,0.722152,0.731772,0.728734,0.735063,0.734304,0.72557,0.714684,0.715443,0.690633,
16000,0.995125,0.99775,0.997125,0.99625,0.992125,0.988875,0.983375,0.97275,0.959875,0.944125,0.913625,0.881625,0.8155,0.76775,0.697,0.655625,0.667375,0.6955,0.6985,0.719875,0.718125,0.71425,0.710125,0.719125,0.7255,0.729625,0.733375,0.72625,0.736,0.722375,0.72725,0.7195,0.721875,0.73425,0.724875,0.726125,0.729625,0.73475,0.736375,0.72875,0.722875,0.732125,0.72875,0.73425,0.73425,0.7255,0.714875,0.715875,0.69075,
16200,0.995185,0.997778,0.99716,0.996173,0.992099,0.988765,0.98321,0.972469,0.95963,0.944568,0.913457,0.881852,0.815185,0.767531,0.69679,0.655679,0.668765,0.696049,0.698272,0.71963,0.71679,0.713086,0.711852,0.720123,0.725679,0.73037,0.733086,0.726173,0.735556,0.721358,0.727531,0.719877,0.721235,0.734691,0.724691,0.726914,0.729383,0.734691,0.736667,0.729136,0.72358,0.732963,0.728642,0.734815,0.735185,0.725926,0.715309,0.715802,0.690617,
16400,0.995244,0.997805,0.997073,0.996098,0.992073,0.988902,0.983415,0.972683,0.959146,0.943902,0.913659,0.881829,0.814756,0.767195,0.696585,0.656098,0.669146,0.695854,0.69939,0.719146,0.715732,0.714146,0.712317,0.721098,0.726463,0.730122,0.733415,0.726098,0.735366,0.720976,0.728293,0.720488,0.721829,0.735488,0.725122,0.725854,0.727927,0.734268,0.736463,0.729756,0.724146,0.732927,0.728415,0.735244,0.734878,0.726463,0.715732,0.71622,0.69061,
16600,0.995301,0.997831,0.996988,0.995904,0.992169,0.989036,0.983494,0.972771,0.959157,0.943855,0.913614,0.881446,0.814458,0.767831,0.69747,0.656145,0.668916,0.695181,0.699759,0.719277,0.716024,0.714458,0.713494,0.721687,0.725904,0.72988,0.733735,0.725301,0.73494,0.721205,0.72759,0.72012,0.722048,0.736145,0.72506,0.726627,0.728434,0.734458,0.736988,0.729157,0.723735,0.732892,0.728313,0.734699,0.735542,0.726506,0.715542,0.715542,0.690602,
16800,0.995357,0.997738,0.997024,0.995952,0.992024,0.989167,0.983452,0.972857,0.959524,0.943571,0.913929,0.881786,0.813452,0.766905,0.697024,0.656071,0.67,0.69619,0.699643,0.718095,0.715595,0.713929,0.714524,0.722143,0.725595,0.729762,0.73381,0.725714,0.734881,0.72131,0.727976,0.720833,0.722738,0.736429,0.724167,0.726548,0.728095,0.733333,0.737381,0.730238,0.725119,0.732738,0.72869,0.734643,0.735476,0.725952,0.715238,0.715238,0.69119,
17000,0.995294,0.997765,0.997059,0.996,0.992118,0.989294,0.983647,0.972706,0.959412,0.943294,0.914118,0.881059,0.814,0.766353,0.697176,0.656588,0.669059,0.695176,0.7,0.718235,0.714706,0.713529,0.715412,0.723294,0.725294,0.730118,0.734471,0.725412,0.735412,0.721294,0.728941,0.720941,0.722941,0.736471,0.724353,0.726,0.728,0.734471,0.737882,0.730941,0.724824,0.732588,0.728706,0.734353,0.736353,0.726118,0.714471,0.715529,0.691294,
17200,0.995233,0.997791,0.997093,0.996047,0.992093,0.989186,0.983721,0.972674,0.959767,0.943256,0.914419,0.881395,0.814302,0.766628,0.697093,0.655465,0.670233,0.694535,0.699419,0.717791,0.713372,0.712326,0.714651,0.723837,0.725116,0.730465,0.735698,0.726163,0.736047,0.722093,0.728605,0.719884,0.722209,0.736279,0.724535,0.726744,0.728488,0.733953,0.737209,0.73093,0.724884,0.732209,0.728721,0.734302,0.736279,0.726512,0.713837,0.716047,0.69093,
17400,0.995287,0.997816,0.997126,0.996092,0.992069,0.98908,0.983678,0.972414,0.95954,0.943103,0.914253,0.881264,0.814138,0.767126,0.696782,0.655747,0.67069,0.695517,0.700115,0.717011,0.713103,0.712184,0.715057,0.723793,0.725517,0.73046,0.736552,0.726552,0.735747,0.721954,0.728736,0.721149,0.722874,0.736092,0.724713,0.727701,0.728391,0.734368,0.737471,0.731264,0.726207,0.732069,0.728506,0.733678,0.736437,0.726782,0.714598,0.715862,0.691264,
17600,0.995341,0.997841,0.997159,0.996136,0.992159,0.989091,0.983636,0.9725,0.959545,0.943409,0.914545,0.881591,0.814091,0.7675,0.696477,0.655568,0.66875,0.694886,0.700341,0.717159,0.713523,0.713864,0.716136,0.724432,0.723636,0.731136,0.73625,0.727614,0.736591,0.722045,0.729886,0.721136,0.723182,0.736364,0.723864,0.726818,0.728182,0.735,0.737273,0.731023,0.725795,0.732159,0.729205,0.734659,0.736364,0.725568,0.714773,0.716477,0.691477,
17800,0.995281,0.997865,0.997191,0.99618,0.992247,0.989101,0.98382,0.97236,0.959438,0.943483,0.914045,0.880562,0.814045,0.767191,0.696292,0.65573,0.669213,0.695393,0.699663,0.716966,0.713708,0.712809,0.716742,0.724831,0.723933,0.730899,0.736292,0.728652,0.736966,0.72191,0.730337,0.720449,0.723371,0.736404,0.724157,0.727753,0.727978,0.735843,0.737079,0.731461,0.72573,0.732022,0.72809,0.734607,0.736404,0.726404,0.713371,0.716966,0.692584,
18000,0.995333,0.997889,0.997222,0.996222,0.992333,0.989111,0.984,0.972333,0.959111,0.943778,0.914222,0.880222,0.814111,0.766778,0.696222,0.655,0.669444,0.695556,0.700111,0.717556,0.714222,0.713889,0.717889,0.726,0.723333,0.730889,0.736778,0.728667,0.737222,0.722556,0.729222,0.720444,0.724,0.736222,0.724222,0.728,0.726889,0.735556,0.736889,0.731889,0.726222,0.731556,0.728556,0.733778,0.736444,0.726889,0.713889,0.716444,0.692444,
18200,0.995275,0.997912,0.997253,0.996154,0.992418,0.989121,0.984066,0.972088,0.959121,0.943626,0.914176,0.87978,0.814505,0.767143,0.696044,0.655934,0.668571,0.696484,0.70033,0.718132,0.713846,0.712637,0.718681,0.726703,0.722198,0.73011,0.736154,0.728791,0.737582,0.722418,0.72989,0.72022,0.724945,0.736593,0.723407,0.728242,0.727582,0.735495,0.736813,0.732418,0.726044,0.731648,0.728352,0.733077,0.736484,0.727253,0.714505,0.717143,0.691868,
18400,0.995326,0.997935,0.997283,0.996087,0.992283,0.988913,0.984239,0.972174,0.959239,0.943804,0.914348,0.879783,0.814565,0.766848,0.6975,0.656522,0.66837,0.695978,0.7,0.718261,0.713804,0.712935,0.719239,0.726413,0.722717,0.730761,0.736739,0.729022,0.736304,0.722065,0.730217,0.719783,0.724674,0.737065,0.72337,0.728587,0.728043,0.735652,0.736739,0.732609,0.726848,0.732283,0.727174,0.733043,0.736522,0.728261,0.71413,0.717174,0.692283,
18600,0.995376,0.997957,0.997204,0.996129,0.992258,0.98871,0.984409,0.972258,0.95914,0.944086,0.913978,0.879892,0.814624,0.766452,0.696774,0.657204,0.668495,0.695806,0.700215,0.718495,0.714624,0.712581,0.719247,0.726774,0.723871,0.731505,0.736237,0.729677,0.735484,0.721828,0.730108,0.720323,0.724301,0.736237,0.723978,0.729785,0.728387,0.736022,0.737634,0.731935,0.726774,0.732258,0.727957,0.733333,0.737097,0.728925,0.714086,0.716344,0.692581,
18800,0.995426,0.997979,0.997234,0.99617,0.99234,0.988723,0.984255,0.97234,0.959043,0.944362,0.914043,0.880106,0.814787,0.764468,0.696277,0.65766,0.669468,0.697553,0.700532,0.718617,0.715532,0.71234,0.718936,0.727447,0.724362,0.730745,0.735851,0.729787,0.735106,0.721489,0.730213,0.719468,0.723511,0.734894,0.723936,0.730319,0.728298,0.737021,0.738298,0.732766,0.726489,0.732234,0.728191,0.734043,0.737128,0.727872,0.714255,0.716596,0.692021,
19000,0.995474,0.998,0.997263,0.996,0.992421,0.988737,0.984316,0.972421,0.959368,0.944211,0.914421,0.88,0.814316,0.763895,0.697158,0.657684,0.668737,0.696947,0.700737,0.718211,0.715158,0.712526,0.719474,0.727368,0.724316,0.730105,0.735789,0.730316,0.735368,0.721368,0.73,0.719579,0.723474,0.735053,0.722526,0.731053,0.728316,0.738316,0.737474,0.733263,0.725579,0.730632,0.728632,0.734526,0.738421,0.728,0.714316,0.716632,0.691263,
19200,0.995521,0.998021,0.997292,0.995938,0.992396,0.988646,0.984271,0.972187,0.959583,0.944271,0.914479,0.879479,0.813438,0.763646,0.696979,0.658021,0.668646,0.696979,0.700521,0.718646,0.715729,0.712396,0.719792,0.728229,0.724896,0.729792,0.736146,0.731042,0.734792,0.721875,0.729479,0.719896,0.724063,0.735833,0.722917,0.731563,0.728958,0.737292,0.736979,0.732812,0.726771,0.730729,0.728854,0.734583,0.739062,0.728229,0.715104,0.716875,0.691562,
19400,0.995464,0.998041,0.99732,0.995876,0.992474,0.988557,0.984433,0.971546,0.959691,0.944021,0.914742,0.879485,0.813711,0.763299,0.69732,0.658969,0.66866,0.697423,0.7,0.718763,0.714948,0.712268,0.72,0.729072,0.725155,0.730103,0.73567,0.730309,0.734639,0.722371,0.729897,0.72,0.723918,0.735464,0.722887,0.731649,0.728866,0.73732,0.735979,0.732887,0.727113,0.730515,0.729072,0.734742,0.738557,0.727423,0.715361,0.71732,0.692474,
19600,0.99551,0.998061,0.997143,0.995918,0.992449,0.988367,0.984286,0.971837,0.959286,0.944082,0.915306,0.879694,0.814286,0.763571,0.697143,0.657653,0.667959,0.698265,0.700408,0.718571,0.716122,0.713061,0.720714,0.728878,0.724796,0.730102,0.735204,0.731429,0.734592,0.722245,0.729694,0.720102,0.72398,0.73449,0.722959,0.731735,0.729082,0.737041,0.736122,0.732041,0.726633,0.731224,0.72949,0.735306,0.738367,0.727347,0.714286,0.717755,0.692755,
19800,0.995455,0.998081,0.997172,0.995859,0.992525,0.988485,0.984242,0.971919,0.959192,0.944141,0.915354,0.879596,0.814545,0.762424,0.696566,0.65798,0.668485,0.697879,0.701313,0.718283,0.716465,0.713636,0.720101,0.728687,0.726162,0.730606,0.735556,0.731212,0.734444,0.721919,0.729899,0.720101,0.723939,0.735253,0.723535,0.732121,0.729495,0.736869,0.73596,0.731919,0.726061,0.730909,0.728889,0.735253,0.738889,0.727475,0.715253,0.718283,0.692929,
20000,0.9955,0.9981,0.9972,0.9959,0.9926,0.9885,0.9844,0.9718,0.9595,0.9442,0.9153,0.8794,0.8143,0.7613,0.6958,0.6594,0.6692,0.6987,0.7018,0.7177,0.7156,0.7129,0.7203,0.7273,0.7254,0.7312,0.7359,0.7323,0.7345,0.7214,0.7297,0.7202,0.7244,0.7353,0.7247,0.7322,0.7297,0.736,0.7361,0.732,0.7251,0.7297,0.7295,0.7349,0.7395,0.728,0.7157,0.719,0.6928,
20200,0.995545,0.998119,0.997228,0.995941,0.992673,0.988515,0.984554,0.971683,0.95901,0.944158,0.91495,0.879604,0.814356,0.76099,0.695743,0.659208,0.669406,0.698119,0.701188,0.717525,0.714356,0.71396,0.720792,0.727426,0.725842,0.73198,0.735644,0.731881,0.734257,0.721287,0.73,0.720495,0.724752,0.736139,0.724455,0.731188,0.730297,0.735941,0.736535,0.732475,0.725644,0.729604,0.728119,0.734851,0.74,0.728812,0.71604,0.719307,0.692673,
20400,0.995588,0.998137,0.997255,0.99598,0.992647,0.988627,0.984314,0.971569,0.959216,0.944608,0.915098,0.879314,0.814804,0.761078,0.695588,0.659216,0.669706,0.698333,0.699804,0.717255,0.714118,0.714608,0.720784,0.728529,0.726176,0.731569,0.735686,0.731863,0.734118,0.721667,0.729216,0.721373,0.725,0.736373,0.724118,0.730588,0.73098,0.735588,0.736471,0.731961,0.726078,0.729706,0.728137,0.73549,0.739706,0.728333,0.715882,0.71951,0.693431,
20600,0.995631,0.998155,0.997282,0.996019,0.992718,0.988738,0.984078,0.971748,0.959223,0.944951,0.91534,0.87932,0.81466,0.760194,0.694757,0.659903,0.670097,0.699126,0.699806,0.717087,0.71466,0.714854,0.721456,0.72932,0.726699,0.730583,0.735825,0.73165,0.733981,0.721942,0.729515,0.722136,0.725243,0.736505,0.723398,0.730291,0.730777,0.736311,0.736311,0.731845,0.725728,0.730583,0.727961,0.736505,0.739515,0.728835,0.716214,0.719417,0.693301,
20800,0.995673,0.998173,0.997308,0.996058,0.992788,0.98875,0.983846,0.971635,0.959135,0.945,0.914808,0.879038,0.814423,0.761346,0.694327,0.660192,0.671154,0.698462,0.699327,0.716731,0.714615,0.715288,0.720096,0.729135,0.726731,0.73125,0.735962,0.732212,0.734135,0.722019,0.729135,0.722692,0.725577,0.73625,0.722885,0.730096,0.731154,0.737212,0.736442,0.731154,0.725673,0.730192,0.727788,0.736442,0.740288,0.729904,0.716058,0.719615,0.694135,
21000,0.995714,0.99819,0.997333,0.996095,0.992857,0.988857,0.983905,0.971619,0.959048,0.944476,0.914476,0.87819,0.814762,0.761714,0.694667,0.659714,0.670667,0.69781,0.698381,0.71581,0.71381,0.714762,0.720381,0.729238,0.726857,0.731619,0.735429,0.732667,0.734476,0.721905,0.729619,0.723619,0.72619,0.736381,0.722857,0.729905,0.730857,0.736095,0.736667,0.731333,0.72581,0.730667,0.728476,0.736476,0.740571,0.729333,0.716095,0.719238,0.693048,
21200,0.99566,0.998208,0.997358,0.996038,0.99283,0.988774,0.983868,0.971792,0.959151,0.944434,0.91434,0.877925,0.814906,0.761226,0.695,0.660283,0.671509,0.697736,0.698208,0.715943,0.713679,0.714245,0.719811,0.729717,0.727547,0.731698,0.735566,0.733302,0.734811,0.721132,0.729717,0.723868,0.726226,0.736415,0.722736,0.73,0.731038,0.736415,0.736792,0.731698,0.726038,0.730943,0.728585,0.736604,0.740377,0.728679,0.715472,0.718774,0.692736,
21400,0.995701,0.998224,0.997383,0.996075,0.992804,0.988785,0.983738,0.971869,0.959346,0.944486,0.914393,0.878131,0.814673,0.760748,0.695701,0.659813,0.671028,0.698224,0.698224,0.715794,0.713271,0.714766,0.719907,0.729626,0.727757,0.731589,0.735701,0.733645,0.73486,0.720935,0.73,0.723738,0.726916,0.736729,0.722336,0.729252,0.730561,0.735794,0.735794,0.73028,0.726729,0.730841,0.728785,0.736636,0.739907,0.728972,0.715981,0.718785,0.692991,
21600,0.995741,0.998241,0.997407,0.996019,0.99287,0.988889,0.983889,0.972037,0.959352,0.944074,0.914259,0.878241,0.81463,0.760926,0.695926,0.66,0.671204,0.69787,0.698519,0.716296,0.713519,0.71463,0.72,0.729722,0.727593,0.732037,0.736111,0.734537,0.73463,0.720833,0.730648,0.723981,0.727315,0.736111,0.723148,0.728704,0.729907,0.735,0.735185,0.730185,0.72713,0.73037,0.729167,0.737685,0.74037,0.729352,0.716296,0.719074,0.692778,
21800,0.995688,0.998257,0.997339,0.996055,0.992844,0.988807,0.983945,0.97211,0.959174,0.943853,0.913853,0.87789,0.814128,0.761284,0.696422,0.659725,0.671009,0.697798,0.697706,0.717248,0.713761,0.713303,0.720092,0.730183,0.727431,0.732018,0.736606,0.734862,0.734495,0.720459,0.730917,0.724495,0.728073,0.737339,0.723303,0.72789,0.73,0.735505,0.735046,0.729083,0.726881,0.731009,0.728807,0.736881,0.740459,0.729541,0.716239,0.719174,0.691743,
22000,0.995727,0.998273,0.997273,0.996091,0.992818,0.988818,0.983727,0.972182,0.959455,0.943909,0.913636,0.877818,0.814818,0.760455,0.695545,0.660091,0.671091,0.697818,0.697818,0.716909,0.713364,0.712909,0.720273,0.731455,0.727636,0.732091,0.737182,0.734636,0.734273,0.720182,0.731182,0.725091,0.728727,0.737182,0.723364,0.727364,0.73,0.736182,0.735727,0.729818,0.726636,0.731455,0.728636,0.736091,0.740364,0.728455,0.716,0.720182,0.692182,
22200,0.995676,0.998288,0.997297,0.996126,0.992883,0.988919,0.983694,0.972252,0.95964,0.943784,0.913063,0.877477,0.815405,0.760811,0.695315,0.65991,0.671171,0.698288,0.697297,0.717838,0.713514,0.713063,0.72036,0.731622,0.727207,0.732072,0.737207,0.735225,0.734324,0.72009,0.731441,0.724865,0.729099,0.736757,0.723243,0.726847,0.730631,0.736036,0.735856,0.73,0.725676,0.731532,0.728919,0.735586,0.74018,0.729009,0.716306,0.72018,0.692342,
22400,0.995714,0.998304,0.997321,0.996161,0.992946,0.988929,0.983571,0.972232,0.959196,0.943929,0.912679,0.877143,0.815714,0.760446,0.694732,0.660179,0.671518,0.698571,0.697857,0.718393,0.71375,0.712946,0.720536,0.731161,0.727589,0.733036,0.737411,0.735179,0.734821,0.720357,0.732143,0.725089,0.729286,0.737054,0.723393,0.726875,0.731071,0.736161,0.735982,0.730714,0.725625,0.731518,0.728482,0.736161,0.74,0.729375,0.716607,0.72,0.691696,
22600,0.995575,0.998319,0.997345,0.996106,0.99292,0.988938,0.983628,0.972124,0.959381,0.943628,0.912124,0.877522,0.815487,0.760973,0.695044,0.660265,0.671858,0.698496,0.697788,0.718407,0.713097,0.712743,0.720265,0.730708,0.726549,0.733186,0.737434,0.734956,0.734336,0.720973,0.733097,0.725752,0.729469,0.736991,0.723097,0.726814,0.731681,0.736283,0.736283,0.730708,0.726106,0.731416,0.728938,0.736372,0.740442,0.728584,0.716372,0.718584,0.692035,
22800,0.995614,0.998333,0.997368,0.996053,0.992895,0.988947,0.983596,0.97193,0.959123,0.943772,0.912368,0.877105,0.815789,0.760439,0.694825,0.659649,0.672368,0.698772,0.698246,0.718509,0.71307,0.71307,0.720789,0.730526,0.726579,0.733158,0.737807,0.734912,0.733772,0.721667,0.734211,0.725526,0.73,0.73693,0.722281,0.726842,0.732281,0.735965,0.735789,0.730877,0.726404,0.730877,0.729737,0.736404,0.740263,0.727982,0.716754,0.718246,0.692544,
23000,0.995565,0.998348,0.997391,0.996087,0.992957,0.988957,0.983565,0.972087,0.95913,0.944087,0.912783,0.876957,0.815652,0.760609,0.694087,0.660435,0.672261,0.69887,0.698696,0.718087,0.712696,0.71287,0.720435,0.729826,0.726087,0.733913,0.738435,0.735565,0.733565,0.72287,0.733565,0.725391,0.729826,0.737478,0.721391,0.726087,0.732174,0.735043,0.735565,0.731391,0.726435,0.731565,0.729565,0.73687,0.740435,0.727826,0.716783,0.718,0.692609,
23200,0.995603,0.998362,0.997328,0.996034,0.992931,0.988879,0.983621,0.972069,0.959224,0.943793,0.912069,0.876724,0.814397,0.761034,0.69431,0.661638,0.672069,0.698448,0.698707,0.718103,0.713017,0.7125,0.720603,0.730259,0.726293,0.733879,0.738707,0.735862,0.733621,0.722759,0.733793,0.725259,0.729397,0.736983,0.721724,0.726034,0.731466,0.734397,0.735776,0.732241,0.727069,0.732155,0.73,0.736034,0.739741,0.728103,0.71569,0.717759,0.692241,
23400,0.995556,0.998291,0.997265,0.996068,0.992821,0.988889,0.983675,0.972137,0.959231,0.943932,0.912051,0.877265,0.814444,0.761453,0.693932,0.661709,0.672137,0.697521,0.698889,0.71812,0.71265,0.712393,0.720513,0.730769,0.726838,0.733077,0.738718,0.73641,0.734444,0.723419,0.733675,0.725385,0.729573,0.736667,0.722051,0.726667,0.732479,0.734444,0.735726,0.731453,0.727094,0.731368,0.73094,0.736667,0.740256,0.72812,0.716496,0.71812,0.691709,
23600,0.995593,0.998305,0.997119,0.996017,0.992881,0.988729,0.983729,0.971864,0.959407,0.943898,0.912542,0.877627,0.815169,0.761441,0.693729,0.660339,0.672373,0.697797,0.698475,0.717797,0.712881,0.713559,0.720763,0.730847,0.726356,0.733136,0.737373,0.735169,0.734915,0.723729,0.733305,0.725339,0.730424,0.737373,0.722797,0.726356,0.731949,0.733898,0.735085,0.731695,0.727712,0.73161,0.730763,0.736695,0.740424,0.728051,0.71678,0.717712,0.691695,
23800,0.99563,0.998319,0.997059,0.99605,0.992941,0.988739,0.983866,0.971849,0.959412,0.943782,0.912185,0.878151,0.81563,0.761429,0.694454,0.660588,0.671933,0.697899,0.698487,0.717899,0.713025,0.713697,0.721176,0.730756,0.726471,0.733529,0.736807,0.73563,0.733782,0.724286,0.734034,0.726134,0.731008,0.737227,0.722773,0.726218,0.732017,0.73395,0.735294,0.731429,0.727479,0.731933,0.731092,0.736303,0.740336,0.727815,0.717059,0.717983,0.691933,
24000,0.995667,0.99825,0.997083,0.996,0.992917,0.9885,0.983917,0.971833,0.9595,0.943917,0.912167,0.878417,0.815167,0.759417,0.695417,0.660667,0.672917,0.69825,0.699,0.717667,0.7135,0.713167,0.72175,0.7315,0.72725,0.734417,0.737583,0.735417,0.73375,0.72375,0.734083,0.726,0.73,0.736917,0.723333,0.726667,0.73225,0.733917,0.735083,0.7315,0.72725,0.732167,0.7315,0.736667,0.740083,0.727833,0.716917,0.71875,0.692833,
24200,0.995702,0.998264,0.997107,0.996033,0.992893,0.988512,0.98405,0.971983,0.959504,0.943967,0.912314,0.87843,0.814959,0.760083,0.696116,0.66,0.672149,0.696529,0.699339,0.717686,0.714463,0.713306,0.722479,0.731488,0.728017,0.734545,0.737438,0.735455,0.734298,0.724545,0.734463,0.726033,0.730165,0.736446,0.72314,0.726942,0.733058,0.73314,0.735207,0.731818,0.728182,0.731653,0.732066,0.737438,0.740661,0.727355,0.716529,0.718595,0.692893,
24400,0.995738,0.998197,0.997049,0.995984,0.992951,0.988525,0.983934,0.971967,0.959426,0.943934,0.912377,0.878443,0.815164,0.759344,0.69582,0.660246,0.672213,0.697049,0.700164,0.718607,0.715328,0.713852,0.722951,0.731639,0.728443,0.733689,0.737213,0.735492,0.734344,0.72459,0.734754,0.726066,0.730246,0.736475,0.723279,0.726885,0.733115,0.732951,0.734918,0.732213,0.728525,0.732213,0.732131,0.736967,0.741148,0.727787,0.716393,0.718852,0.693115,
24600,0.99561,0.998211,0.997073,0.995854,0.992927,0.988537,0.983821,0.972114,0.959431,0.943577,0.912439,0.87813,0.815285,0.758862,0.695447,0.660081,0.672602,0.697724,0.699675,0.718699,0.715122,0.714146,0.723008,0.73187,0.72878,0.733821,0.737236,0.73561,0.734472,0.725041,0.735285,0.726504,0.730244,0.736667,0.723252,0.726911,0.733415,0.732927,0.734797,0.733171,0.728943,0.732683,0.732195,0.736992,0.74122,0.727398,0.715854,0.718374,0.692764,
24800,0.995484,0.998226,0.997097,0.995887,0.992903,0.988629,0.98371,0.972016,0.959597,0.94379,0.912823,0.878145,0.815484,0.758952,0.695161,0.659032,0.6725,0.697984,0.7,0.718468,0.715887,0.713952,0.723306,0.7325,0.729516,0.733871,0.737339,0.73621,0.734677,0.725,0.735,0.726129,0.729758,0.736129,0.723145,0.726774,0.733306,0.733145,0.734677,0.733468,0.728548,0.732581,0.732661,0.736532,0.739516,0.727258,0.716613,0.718952,0.692177,
25000,0.99552,0.99824,0.99712,0.99584,0.9928,0.98872,0.98368,0.97208,0.95968,0.94368,0.91232,0.87816,0.81552,0.75928,0.69528,0.6592,0.67256,0.698,0.70048,0.71824,0.71576,0.71408,0.72352,0.73216,0.73008,0.73336,0.7372,0.73648,0.73472,0.72512,0.73424,0.72704,0.73016,0.73624,0.72312,0.72744,0.73336,0.73384,0.7348,0.73312,0.72856,0.7328,0.73272,0.7368,0.7388,0.72752,0.71552,0.7192,0.69296,
25200,0.995556,0.998254,0.997063,0.995873,0.992857,0.98873,0.983492,0.971905,0.959762,0.943651,0.912222,0.878254,0.815556,0.759048,0.695873,0.659127,0.672937,0.697857,0.700556,0.718175,0.715635,0.714921,0.72381,0.731746,0.730635,0.734048,0.737302,0.736667,0.734603,0.725397,0.733889,0.726905,0.729762,0.736032,0.723333,0.727937,0.733175,0.733889,0.735317,0.733095,0.728413,0.733254,0.731905,0.736429,0.73873,0.727302,0.715079,0.71873,0.69373,
25400,0.995591,0.998189,0.997087,0.995906,0.992835,0.988583,0.983543,0.972126,0.959685,0.943622,0.912441,0.878346,0.815748,0.757795,0.695827,0.659449,0.67252,0.697244,0.70126,0.717795,0.715433,0.715197,0.724016,0.731654,0.730709,0.733071,0.737402,0.736693,0.734724,0.725591,0.734173,0.726772,0.730079,0.735512,0.723622,0.727874,0.73315,0.733386,0.734882,0.733307,0.728268,0.732598,0.732205,0.737008,0.73874,0.726614,0.714882,0.718583,0.694409,
25600,0.995469,0.998203,0.997109,0.995938,0.992734,0.988672,0.983437,0.972266,0.959688,0.94375,0.912656,0.878594,0.815391,0.757891,0.696719,0.659766,0.672578,0.696875,0.701016,0.716953,0.715781,0.714844,0.724844,0.731563,0.730625,0.733516,0.737109,0.736328,0.734609,0.726406,0.734141,0.727187,0.730625,0.735313,0.724141,0.728672,0.732734,0.733984,0.734297,0.733828,0.728594,0.732812,0.731328,0.736875,0.738203,0.727031,0.715313,0.718203,0.694766,
25800,0.995426,0.998217,0.997132,0.995969,0.992636,0.988682,0.983488,0.972403,0.95969,0.943333,0.912636,0.878682,0.815426,0.757364,0.697054,0.660233,0.672481,0.695581,0.700388,0.716202,0.716357,0.715659,0.724884,0.731085,0.730078,0.733721,0.737519,0.736512,0.734651,0.726512,0.734729,0.727597,0.730543,0.735581,0.724031,0.729147,0.733023,0.733953,0.734729,0.733566,0.728915,0.733023,0.731318,0.737364,0.738217,0.726744,0.715039,0.71876,0.694806,
26000,0.995462,0.998231,0.997077,0.996,0.992615,0.988769,0.983462,0.972462,0.959615,0.943231,0.912538,0.878231,0.815615,0.757308,0.697846,0.66,0.672692,0.695846,0.700538,0.715462,0.716385,0.715231,0.725538,0.731538,0.730308,0.734308,0.737615,0.736308,0.735077,0.727154,0.734462,0.728231,0.730692,0.735769,0.725,0.729231,0.732923,0.733692,0.734846,0.733077,0.729538,0.732692,0.730846,0.736769,0.738308,0.726385,0.715385,0.718923,0.694923,
26200,0.995496,0.998244,0.997099,0.995954,0.992595,0.988855,0.983206,0.972519,0.959618,0.94313,0.912519,0.878244,0.816183,0.757634,0.697252,0.660076,0.672137,0.696031,0.700382,0.715878,0.716489,0.715725,0.72542,0.731985,0.730076,0.733817,0.737481,0.736794,0.734809,0.72626,0.734962,0.728702,0.730916,0.735649,0.725191,0.729771,0.732672,0.732901,0.734885,0.732824,0.73,0.732748,0.730611,0.736794,0.738321,0.72626,0.716031,0.718931,0.695344,
26400,0.99553,0.998258,0.997045,0.995985,0.992576,0.988864,0.983258,0.9725,0.959924,0.943182,0.912121,0.87803,0.814621,0.757727,0.697879,0.660909,0.6725,0.695985,0.700076,0.716364,0.717273,0.716288,0.725682,0.731818,0.730833,0.734318,0.738106,0.736742,0.734242,0.725985,0.734621,0.728788,0.730833,0.735,0.725227,0.729545,0.732576,0.733106,0.734924,0.73303,0.73053,0.733106,0.73053,0.73697,0.738258,0.725909,0.716212,0.719318,0.695682,
26600,0.995564,0.998271,0.997068,0.996015,0.992632,0.988947,0.983308,0.972406,0.95985,0.943158,0.91203,0.877895,0.81391,0.757143,0.69812,0.661504,0.672556,0.695639,0.699774,0.716992,0.717293,0.716466,0.725038,0.732331,0.731353,0.734361,0.737444,0.736992,0.73391,0.725639,0.734962,0.729474,0.731203,0.734962,0.725789,0.730075,0.732782,0.733008,0.735414,0.733609,0.730376,0.733233,0.730301,0.737368,0.737744,0.726541,0.716165,0.718947,0.696015,
26800,0.995522,0.998284,0.997015,0.99597,0.992612,0.988955,0.983433,0.972612,0.959851,0.94306,0.912015,0.877388,0.814104,0.75709,0.698209,0.662015,0.672836,0.695149,0.699179,0.717836,0.716866,0.716418,0.724627,0.73194,0.731866,0.734552,0.737537,0.736716,0.734328,0.726045,0.735149,0.729179,0.731343,0.735448,0.726343,0.730075,0.732985,0.733731,0.735597,0.733881,0.73097,0.733433,0.730149,0.737313,0.737537,0.726567,0.71694,0.719627,0.696269,
27000,0.995481,0.998296,0.997037,0.995852,0.992667,0.988963,0.983481,0.972593,0.96,0.942963,0.912074,0.877333,0.81437,0.757037,0.697926,0.662222,0.672815,0.695704,0.698593,0.717111,0.71637,0.717333,0.725259,0.731556,0.731926,0.734296,0.737852,0.737259,0.734519,0.727037,0.734593,0.72963,0.731926,0.735556,0.726741,0.730444,0.733333,0.733778,0.735407,0.733111,0.730593,0.73363,0.729852,0.737556,0.737259,0.726667,0.717185,0.719778,0.696296,
27200,0.995368,0.998309,0.997059,0.995882,0.992721,0.98875,0.983603,0.972647,0.960221,0.942647,0.911912,0.877426,0.814118,0.756397,0.698162,0.661765,0.673603,0.696544,0.699191,0.716985,0.716397,0.7175,0.725,0.731176,0.731838,0.733897,0.737794,0.737794,0.735147,0.726765,0.734779,0.73,0.732426,0.735441,0.726912,0.729926,0.732794,0.733235,0.734779,0.733088,0.730882,0.733456,0.730441,0.737426,0.737059,0.726985,0.717206,0.719559,0.696471,
27400,0.995328,0.998321,0.99708,0.995839,0.992774,0.988832,0.983504,0.972555,0.960292,0.942701,0.911898,0.877299,0.814453,0.756788,0.698467,0.661314,0.67365,0.696569,0.698832,0.715985,0.716277,0.717591,0.725255,0.731387,0.731095,0.734526,0.738029,0.738175,0.735401,0.725693,0.735474,0.729927,0.733285,0.734964,0.727737,0.730073,0.733431,0.73365,0.735036,0.733066,0.731168,0.732993,0.730949,0.737007,0.737007,0.72708,0.716788,0.720584,0.69635,
27600,0.995362,0.998333,0.997101,0.99587,0.992754,0.988841,0.983478,0.972464,0.960145,0.942899,0.911739,0.877101,0.814783,0.756594,0.698188,0.660652,0.67413,0.697246,0.699638,0.716014,0.716377,0.717971,0.725,0.731449,0.730435,0.734565,0.737971,0.738261,0.734638,0.725725,0.736014,0.72971,0.733116,0.735507,0.72913,0.730435,0.733116,0.733623,0.734493,0.732536,0.731304,0.732754,0.730942,0.736957,0.737029,0.727319,0.717464,0.72058,0.695797,
27800,0.995396,0.998345,0.997122,0.995827,0.992734,0.988921,0.983525,0.972374,0.960288,0.94259,0.911942,0.876906,0.814964,0.756115,0.698345,0.661151,0.674317,0.697194,0.699712,0.715683,0.716547,0.718129,0.725324,0.731439,0.730863,0.734748,0.738058,0.738345,0.734532,0.725396,0.736043,0.730144,0.733309,0.736043,0.728705,0.730144,0.733237,0.734388,0.734532,0.732518,0.731079,0.733094,0.731439,0.737122,0.737554,0.727482,0.716691,0.719065,0.695971,
28000,0.995429,0.998286,0.997143,0.995857,0.992786,0.989,0.983643,0.972429,0.960286,0.942857,0.912071,0.876857,0.814857,0.755714,0.697857,0.661643,0.674286,0.697429,0.700214,0.715286,0.716714,0.717857,0.724714,0.731214,0.730357,0.734571,0.737857,0.738429,0.734643,0.725714,0.736,0.729643,0.732714,0.736214,0.729143,0.730929,0.733786,0.733714,0.734286,0.732571,0.730714,0.733357,0.7315,0.737143,0.737571,0.727643,0.716857,0.719429,0.696286,
28200,0.995461,0.998227,0.997163,0.995887,0.992766,0.989007,0.983617,0.972482,0.960284,0.942979,0.911844,0.876809,0.814965,0.755461,0.697801,0.661631,0.673901,0.698014,0.700426,0.716241,0.716596,0.718085,0.724965,0.731064,0.730709,0.735106,0.738156,0.738085,0.734894,0.725319,0.736383,0.73,0.732553,0.736241,0.729504,0.731277,0.733759,0.733901,0.734184,0.732908,0.73078,0.733901,0.731489,0.73773,0.737518,0.727872,0.717376,0.719858,0.697092,
28400,0.995493,0.998239,0.997183,0.995775,0.992746,0.989085,0.983592,0.972535,0.960282,0.942817,0.911901,0.876761,0.814718,0.755775,0.698099,0.661408,0.673944,0.697042,0.699507,0.715634,0.716972,0.718099,0.725282,0.731268,0.730775,0.734648,0.738099,0.738662,0.734507,0.725352,0.737042,0.730352,0.733169,0.73662,0.728803,0.731127,0.733521,0.733732,0.734577,0.732324,0.731056,0.733803,0.731479,0.737676,0.737606,0.728099,0.717465,0.719437,0.697535,
28600,0.995524,0.998182,0.997203,0.995804,0.992727,0.989091,0.983566,0.972517,0.96021,0.942937,0.911818,0.876993,0.814895,0.755734,0.698112,0.661678,0.674196,0.696993,0.698881,0.714545,0.717692,0.718182,0.725944,0.732378,0.730909,0.734545,0.738182,0.738951,0.734056,0.725105,0.736923,0.73,0.733357,0.736503,0.729231,0.731259,0.733636,0.733986,0.734476,0.732587,0.730839,0.733497,0.730629,0.737622,0.737762,0.728462,0.717413,0.719441,0.697762,
28800,0.995556,0.998194,0.997222,0.995833,0.992778,0.989028,0.983542,0.972431,0.960069,0.942847,0.911944,0.877153,0.815208,0.755417,0.698125,0.661458,0.674444,0.696181,0.699444,0.715,0.717917,0.717569,0.726042,0.732569,0.730486,0.734861,0.738194,0.739167,0.733542,0.725208,0.737083,0.730208,0.733264,0.736528,0.729375,0.731111,0.732986,0.733889,0.734375,0.732431,0.731319,0.733264,0.730208,0.737708,0.737847,0.728542,0.717778,0.719375,0.697986,
29000,0.995586,0.998207,0.997241,0.995862,0.992828,0.988966,0.983379,0.972483,0.960138,0.943034,0.912138,0.876483,0.81531,0.755586,0.697862,0.661793,0.674414,0.697103,0.699241,0.715793,0.717448,0.717862,0.726345,0.732759,0.731034,0.735172,0.73869,0.73869,0.734,0.725724,0.737448,0.730414,0.732897,0.735724,0.728414,0.731793,0.733655,0.734207,0.734483,0.731862,0.730759,0.732759,0.730069,0.737655,0.737862,0.728828,0.718138,0.719655,0.697517,
29200,0.995616,0.998219,0.99726,0.99589,0.992877,0.989041,0.983493,0.972603,0.96,0.942877,0.912123,0.876644,0.815137,0.755137,0.697945,0.661712,0.674384,0.697329,0.699384,0.71589,0.717671,0.717877,0.726164,0.732945,0.730685,0.735,0.738219,0.738836,0.734863,0.726575,0.737397,0.730274,0.732945,0.735479,0.728082,0.731164,0.734315,0.733836,0.734589,0.731986,0.730685,0.732945,0.730274,0.73774,0.737603,0.72911,0.718836,0.719315,0.69726,
29400,0.995646,0.998231,0.997279,0.99585,0.992789,0.989116,0.983537,0.972721,0.960204,0.942721,0.911973,0.876599,0.814762,0.75517,0.697755,0.661565,0.674626,0.697143,0.69898,0.715714,0.718367,0.718503,0.726667,0.733129,0.73068,0.735102,0.738844,0.738503,0.735034,0.726531,0.737891,0.730476,0.733469,0.73585,0.727551,0.731565,0.734286,0.733741,0.734626,0.732041,0.730884,0.732925,0.73034,0.738163,0.736803,0.728707,0.718912,0.719252,0.697347,
29600,0.995541,0.998176,0.99723,0.995743,0.99277,0.989122,0.983581,0.972838,0.96027,0.94277,0.911959,0.876824,0.814797,0.754595,0.696959,0.661554,0.67473,0.697095,0.699392,0.716351,0.718919,0.718716,0.726689,0.733243,0.730878,0.734932,0.738311,0.738784,0.734865,0.726689,0.737365,0.730405,0.733446,0.735811,0.727635,0.731554,0.734054,0.733581,0.734662,0.732095,0.730878,0.732973,0.729865,0.738446,0.736757,0.728919,0.718649,0.719527,0.697095,
29800,0.99557,0.998188,0.997181,0.995772,0.992685,0.989128,0.983624,0.972819,0.960268,0.942752,0.911678,0.876779,0.814698,0.754497,0.697248,0.661544,0.67443,0.697181,0.698725,0.716107,0.718456,0.718591,0.726577,0.733289,0.73094,0.735034,0.738792,0.738859,0.734161,0.726644,0.73745,0.730201,0.73396,0.735705,0.727718,0.732081,0.734698,0.733691,0.73443,0.731812,0.73047,0.733221,0.729933,0.738322,0.73651,0.72906,0.718591,0.719732,0.696913,
30000,0.995533,0.9982,0.997133,0.9958,0.992733,0.989067,0.983667,0.972867,0.960067,0.9426,0.911133,0.8764,0.814667,0.754267,0.697,0.6616,0.674533,0.696933,0.6984,0.7158,0.7184,0.718667,0.7268,0.733067,0.7312,0.735267,0.7392,0.739,0.734533,0.7268,0.737333,0.730067,0.733867,0.7362,0.727933,0.732467,0.735,0.733867,0.734,0.732333,0.7314,0.733333,0.7298,0.737533,0.736733,0.729267,0.718867,0.719733,0.697267,
30200,0.995497,0.998212,0.99702,0.995828,0.992715,0.989073,0.983642,0.972914,0.960265,0.94245,0.911457,0.876291,0.814768,0.754636,0.69702,0.661589,0.674305,0.697152,0.698675,0.716225,0.718411,0.718609,0.725762,0.732781,0.731258,0.736159,0.73947,0.739272,0.734437,0.727285,0.737748,0.730199,0.73404,0.736026,0.727616,0.732583,0.734702,0.73457,0.733709,0.732053,0.730662,0.733841,0.730066,0.737616,0.737152,0.729139,0.719007,0.720066,0.698079,
30400,0.995526,0.998224,0.996974,0.995789,0.992697,0.989145,0.983618,0.972829,0.960197,0.942171,0.911513,0.876316,0.814408,0.755197,0.696776,0.661447,0.674803,0.697105,0.699145,0.716316,0.718289,0.718882,0.725987,0.732895,0.730987,0.736579,0.739342,0.738882,0.734539,0.727237,0.737368,0.729868,0.734145,0.736118,0.727895,0.732171,0.735329,0.734671,0.733947,0.731842,0.730987,0.734408,0.729474,0.737566,0.737303,0.729211,0.719671,0.720263,0.698487,
30600,0.995556,0.998235,0.996993,0.995817,0.99268,0.989216,0.983529,0.97281,0.960261,0.941961,0.911503,0.876078,0.813856,0.755163,0.697255,0.661242,0.675163,0.697712,0.699216,0.716275,0.718039,0.719412,0.72634,0.733007,0.731046,0.736275,0.739346,0.739085,0.734444,0.727843,0.737124,0.729673,0.734314,0.736144,0.728039,0.732484,0.735425,0.735098,0.733987,0.731961,0.731111,0.734248,0.729085,0.738105,0.737516,0.728889,0.719935,0.720261,0.698497,
30800,0.995584,0.998247,0.996883,0.995844,0.992532,0.989221,0.983506,0.972922,0.960195,0.941818,0.911753,0.876234,0.814481,0.755325,0.697532,0.661818,0.674545,0.697792,0.698831,0.716169,0.718506,0.71961,0.726494,0.732662,0.731364,0.736299,0.739675,0.738506,0.734481,0.727208,0.737403,0.729351,0.733442,0.735909,0.728052,0.732532,0.735714,0.734805,0.734545,0.731558,0.731234,0.734351,0.729481,0.738052,0.737792,0.728182,0.719545,0.72039,0.698442,
31000,0.995613,0.998258,0.996903,0.995806,0.992452,0.989161,0.983419,0.972903,0.960129,0.941742,0.912,0.876516,0.814645,0.754903,0.697484,0.662258,0.674839,0.697097,0.698387,0.715742,0.719097,0.719935,0.726774,0.732129,0.730968,0.737032,0.739806,0.738774,0.734839,0.727355,0.737032,0.72929,0.733226,0.735677,0.727935,0.733032,0.73529,0.734839,0.734516,0.731226,0.731419,0.734903,0.729742,0.738387,0.737935,0.727935,0.71929,0.720581,0.698387,
31200,0.995577,0.998269,0.996923,0.995833,0.9925,0.989167,0.983462,0.972949,0.960192,0.941859,0.911923,0.876667,0.814808,0.754423,0.696474,0.662756,0.675321,0.696987,0.697949,0.715833,0.718846,0.720064,0.726859,0.732179,0.731218,0.737115,0.739744,0.738013,0.735577,0.727692,0.737244,0.729167,0.733269,0.735385,0.727885,0.732756,0.735192,0.735256,0.734231,0.731026,0.731923,0.734423,0.729487,0.738205,0.737628,0.728718,0.719295,0.720769,0.698333,
31400,0.995541,0.998217,0.996943,0.995732,0.992548,0.989172,0.983376,0.972803,0.960064,0.941783,0.911847,0.876369,0.815287,0.754459,0.696752,0.662739,0.675605,0.697134,0.698025,0.716242,0.718662,0.719618,0.726306,0.731975,0.730828,0.736688,0.739236,0.738217,0.735478,0.728025,0.737452,0.728854,0.733758,0.735478,0.728153,0.732739,0.73535,0.735032,0.73414,0.731592,0.732229,0.73465,0.729809,0.73828,0.737834,0.728662,0.719045,0.720892,0.699045,
31600,0.995506,0.998228,0.996899,0.995759,0.992532,0.989051,0.983165,0.972785,0.960063,0.941899,0.911835,0.876076,0.815696,0.75443,0.696582,0.662911,0.675886,0.697658,0.698924,0.716203,0.718734,0.719684,0.726962,0.732278,0.730823,0.736519,0.738987,0.738291,0.735506,0.728228,0.737405,0.728861,0.732722,0.735063,0.728544,0.732848,0.735823,0.734937,0.734241,0.731582,0.732278,0.734367,0.72943,0.738228,0.737975,0.728924,0.718418,0.721203,0.69981,
31800,0.995472,0.998239,0.996918,0.995786,0.992579,0.989057,0.98327,0.972893,0.960189,0.941887,0.911635,0.875597,0.815409,0.754969,0.696101,0.663145,0.676352,0.69761,0.699308,0.716604,0.718553,0.719937,0.726855,0.732516,0.730881,0.736604,0.738931,0.738679,0.73522,0.72805,0.73805,0.728365,0.732453,0.734843,0.728365,0.732579,0.735975,0.734843,0.734843,0.732075,0.732642,0.734528,0.729371,0.738365,0.738302,0.728868,0.718239,0.720755,0.70044,
32000,0.9955,0.99825,0.996938,0.99575,0.992625,0.989062,0.983313,0.972938,0.960063,0.941937,0.911312,0.875625,0.815625,0.754938,0.696375,0.662875,0.676,0.697688,0.699187,0.716688,0.7185,0.720063,0.726938,0.7325,0.730875,0.73625,0.737875,0.738938,0.735375,0.72825,0.738625,0.7285,0.732375,0.735062,0.728437,0.731875,0.735812,0.7355,0.734875,0.7315,0.73275,0.734812,0.72925,0.738563,0.73775,0.728938,0.718875,0.720562,0.7,
32200,0.995528,0.998261,0.996957,0.995776,0.992547,0.989068,0.983292,0.972795,0.960124,0.941925,0.91118,0.875466,0.815466,0.755093,0.696149,0.66323,0.675963,0.697578,0.699068,0.716522,0.71882,0.720311,0.727578,0.732609,0.730807,0.736398,0.737764,0.738571,0.735404,0.728634,0.738385,0.728385,0.732422,0.73441,0.72882,0.731863,0.735901,0.734907,0.734907,0.731056,0.732298,0.735093,0.729441,0.738199,0.737143,0.729317,0.719441,0.720683,0.700683,
32400,0.995494,0.998272,0.996975,0.995802,0.992531,0.989136,0.983333,0.972716,0.96,0.941728,0.911358,0.87537,0.815556,0.755432,0.696111,0.663704,0.675988,0.697531,0.699444,0.716605,0.71821,0.720494,0.726914,0.732531,0.731481,0.736481,0.738086,0.73858,0.735123,0.728765,0.738148,0.72784,0.732099,0.734506,0.728395,0.731605,0.736296,0.734691,0.734815,0.730988,0.732284,0.73537,0.729568,0.738519,0.736728,0.729136,0.719506,0.720494,0.700802,
32600,0.99546,0.998221,0.996994,0.995644,0.992577,0.98908,0.983252,0.972638,0.959939,0.942025,0.911288,0.875521,0.815399,0.755521,0.695276,0.663742,0.67638,0.698037,0.7,0.717117,0.718712,0.721166,0.727301,0.731779,0.731963,0.73589,0.737669,0.738405,0.735583,0.728957,0.73816,0.727975,0.732393,0.73454,0.727607,0.731227,0.736564,0.734785,0.734785,0.730859,0.732025,0.735583,0.729509,0.738282,0.73681,0.729755,0.719202,0.72,0.700982,
32800,0.995488,0.998232,0.997012,0.995671,0.992561,0.989085,0.983293,0.972622,0.959939,0.942073,0.911037,0.875488,0.815732,0.754695,0.695488,0.66372,0.676829,0.698537,0.700549,0.717012,0.719146,0.721768,0.727622,0.732256,0.731829,0.735732,0.737988,0.738659,0.735549,0.729451,0.738293,0.728598,0.732195,0.734512,0.727317,0.731098,0.736037,0.734695,0.734817,0.731098,0.732439,0.736037,0.73,0.738659,0.73689,0.730549,0.719451,0.720366,0.700854,
33000,0.995455,0.998242,0.99703,0.995636,0.992606,0.989091,0.983212,0.972606,0.959939,0.941939,0.910788,0.875273,0.815515,0.754788,0.695152,0.664061,0.676727,0.698485,0.700667,0.717152,0.71897,0.721939,0.727636,0.732242,0.731697,0.736182,0.738606,0.738606,0.735212,0.729758,0.738788,0.728485,0.732364,0.734545,0.727394,0.73103,0.736364,0.735152,0.735091,0.73097,0.732303,0.735818,0.729939,0.738485,0.736424,0.730303,0.719273,0.720545,0.701455,
33200,0.995482,0.998253,0.997048,0.995602,0.99253,0.989096,0.983253,0.972711,0.95988,0.941928,0.910602,0.875361,0.81506,0.754699,0.695,0.664458,0.676988,0.698554,0.700783,0.717048,0.719277,0.721988,0.72747,0.732169,0.731687,0.736566,0.738072,0.738614,0.735422,0.72994,0.738675,0.728675,0.732349,0.734096,0.727651,0.731084,0.736506,0.734699,0.73488,0.730783,0.732108,0.736566,0.730301,0.738554,0.736506,0.730542,0.719458,0.720241,0.700964,
33400,0.995449,0.998263,0.997006,0.995629,0.992515,0.989162,0.983353,0.972754,0.95988,0.941796,0.910838,0.875389,0.81485,0.754491,0.694731,0.664371,0.677485,0.698503,0.700659,0.717365,0.719042,0.722096,0.726766,0.732036,0.731796,0.736108,0.737545,0.738743,0.73491,0.729461,0.738443,0.728802,0.732575,0.73479,0.727844,0.730898,0.737066,0.734731,0.73509,0.730958,0.733054,0.737305,0.730539,0.738802,0.736647,0.730299,0.719341,0.719641,0.700719,
33600,0.995476,0.998274,0.996905,0.995655,0.99256,0.989226,0.983333,0.972738,0.95994,0.941905,0.91131,0.875417,0.814167,0.754643,0.694583,0.663631,0.677857,0.699107,0.700714,0.717679,0.71875,0.722262,0.727083,0.731726,0.732024,0.735952,0.737619,0.738929,0.735,0.729405,0.738393,0.728214,0.732976,0.735238,0.727857,0.731071,0.737024,0.734643,0.734702,0.730714,0.73381,0.7375,0.730417,0.738929,0.736964,0.730536,0.719286,0.720179,0.700655,
33800,0.995444,0.998166,0.996923,0.995621,0.992426,0.989231,0.983314,0.972781,0.96,0.941893,0.911361,0.875148,0.814024,0.754852,0.69503,0.663254,0.678284,0.699408,0.700888,0.717219,0.718462,0.722959,0.727337,0.731775,0.73213,0.736095,0.737515,0.739408,0.73497,0.72929,0.738817,0.728462,0.733077,0.735148,0.728166,0.731183,0.737101,0.734734,0.734556,0.730237,0.733728,0.737219,0.730237,0.739408,0.737278,0.730533,0.719172,0.720296,0.701006,
34000,0.995471,0.998176,0.996882,0.995647,0.992471,0.989235,0.983235,0.972765,0.959882,0.941941,0.911353,0.875176,0.814294,0.754412,0.694941,0.663353,0.678529,0.699353,0.701235,0.717588,0.718412,0.722941,0.727588,0.731824,0.732412,0.736176,0.737471,0.739235,0.735176,0.729176,0.738706,0.728176,0.732588,0.735118,0.728176,0.731176,0.737471,0.734412,0.734588,0.730353,0.734,0.737647,0.73,0.739824,0.737,0.730235,0.719,0.720588,0.701176,
34200,0.995497,0.998187,0.996901,0.995614,0.992515,0.989298,0.983275,0.97269,0.96,0.942047,0.911404,0.875205,0.814035,0.754737,0.695146,0.66269,0.678246,0.699298,0.701404,0.717427,0.718246,0.722924,0.727544,0.731754,0.732339,0.736433,0.737602,0.739181,0.735497,0.729415,0.739006,0.728304,0.733158,0.73538,0.728187,0.730702,0.737836,0.734444,0.734386,0.730117,0.734269,0.73807,0.730643,0.74,0.736842,0.729942,0.719123,0.720468,0.701579,
34400,0.995523,0.998198,0.996919,0.99564,0.992558,0.989302,0.983256,0.972558,0.960058,0.942151,0.91157,0.875058,0.813953,0.755174,0.695523,0.662267,0.677209,0.698779,0.701221,0.717442,0.718779,0.722907,0.7275,0.731628,0.732384,0.736221,0.737791,0.739419,0.734942,0.729593,0.738895,0.728837,0.733663,0.73564,0.728372,0.730465,0.737907,0.734477,0.734709,0.729651,0.734128,0.73814,0.730814,0.739128,0.736802,0.730465,0.719419,0.720407,0.70186,
34600,0.995549,0.998208,0.996936,0.995607,0.992543,0.989191,0.983237,0.972543,0.960116,0.942081,0.911618,0.875087,0.813353,0.755838,0.695549,0.662601,0.677341,0.699306,0.701329,0.717283,0.718208,0.722543,0.727457,0.730983,0.732659,0.736185,0.737746,0.739364,0.735202,0.730173,0.738902,0.729133,0.733757,0.735723,0.728728,0.730231,0.737746,0.734104,0.73474,0.729884,0.734104,0.738555,0.730636,0.739364,0.736821,0.730405,0.719595,0.720694,0.702139,
34800,0.995575,0.998218,0.996954,0.995632,0.992586,0.989253,0.983276,0.972529,0.96023,0.942241,0.911379,0.875287,0.813678,0.755345,0.695747,0.663161,0.677356,0.699195,0.701264,0.717414,0.717989,0.722586,0.727241,0.731494,0.732989,0.735862,0.737701,0.739253,0.73569,0.730402,0.73908,0.729483,0.733506,0.735805,0.728276,0.729943,0.737586,0.734023,0.734943,0.730172,0.734425,0.738966,0.730575,0.739483,0.737069,0.730402,0.719483,0.721379,0.702299,
35000,0.9956,0.998229,0.996914,0.9956,0.992629,0.989314,0.983143,0.972571,0.960286,0.942057,0.911543,0.874971,0.813543,0.755886,0.695886,0.662971,0.677257,0.699029,0.701771,0.718,0.718286,0.722057,0.727714,0.731657,0.733543,0.735657,0.737657,0.7392,0.735314,0.7308,0.739143,0.729543,0.733429,0.735829,0.728171,0.729943,0.737486,0.7336,0.734857,0.729886,0.734571,0.738686,0.730571,0.739486,0.737029,0.729886,0.719143,0.721714,0.702229,
35200,0.995625,0.998239,0.996875,0.995625,0.992557,0.989375,0.983239,0.972443,0.960227,0.941989,0.911591,0.874716,0.813977,0.756136,0.695795,0.66233,0.677102,0.699318,0.702386,0.717557,0.718352,0.722102,0.727898,0.731761,0.733807,0.736023,0.737898,0.738864,0.734716,0.731136,0.739318,0.730057,0.733693,0.73608,0.727159,0.730057,0.737273,0.734148,0.735,0.730114,0.734716,0.73875,0.730455,0.739545,0.736989,0.730284,0.718864,0.721648,0.701705,
35400,0.99565,0.998249,0.996893,0.99565,0.992599,0.989322,0.98322,0.972486,0.960339,0.941808,0.911695,0.874181,0.814011,0.756215,0.695367,0.662938,0.677175,0.699548,0.701977,0.717571,0.718588,0.72226,0.727627,0.731977,0.734011,0.735819,0.737345,0.739153,0.734633,0.731299,0.739096,0.729831,0.733842,0.736045,0.726949,0.730282,0.736949,0.734011,0.734576,0.729605,0.735198,0.738983,0.730169,0.739096,0.736949,0.730395,0.718644,0.721921,0.701921,
35600,0.995618,0.998258,0.99691,0.995618,0.992584,0.989326,0.983258,0.972191,0.960449,0.941742,0.911629,0.874438,0.814157,0.756629,0.695337,0.662697,0.676629,0.699551,0.702135,0.717303,0.71809,0.722584,0.727697,0.731742,0.734326,0.735955,0.737303,0.738483,0.734494,0.731011,0.739101,0.729831,0.733315,0.735449,0.726798,0.730843,0.737472,0.734607,0.734494,0.730281,0.735618,0.739045,0.730618,0.738933,0.736685,0.730674,0.718764,0.721742,0.701966,
35800,0.995642,0.998268,0.996872,0.995587,0.992626,0.989218,0.983128,0.972235,0.960503,0.941676,0.911732,0.874469,0.813966,0.756704,0.694972,0.662793,0.676425,0.699888,0.702458,0.71743,0.718324,0.721899,0.727709,0.731564,0.733911,0.735196,0.737095,0.738659,0.734581,0.730726,0.739497,0.729777,0.733575,0.735475,0.727095,0.730894,0.737263,0.734637,0.734302,0.730112,0.735475,0.73933,0.73095,0.738883,0.737095,0.730726,0.718603,0.721955,0.701899,
36000,0.995611,0.998278,0.996833,0.995556,0.992611,0.989167,0.983,0.972333,0.960389,0.941556,0.911611,0.874111,0.813778,0.756944,0.695167,0.663278,0.675667,0.700056,0.702111,0.717889,0.718611,0.721667,0.727556,0.731389,0.733611,0.735389,0.736833,0.738889,0.734444,0.731056,0.739556,0.729,0.733611,0.735444,0.727389,0.730833,0.737722,0.734444,0.734389,0.730278,0.735556,0.739167,0.731222,0.738889,0.737611,0.730944,0.718778,0.7225,0.701778,
36200,0.99547,0.998287,0.996851,0.99558,0.992652,0.989171,0.983039,0.972431,0.960387,0.941713,0.911657,0.873923,0.813867,0.756575,0.695691,0.663481,0.675359,0.699613,0.70221,0.717845,0.719171,0.721768,0.727348,0.731768,0.733702,0.73558,0.737017,0.739006,0.73442,0.730663,0.739227,0.729558,0.733867,0.735691,0.727514,0.730276,0.737901,0.734696,0.734365,0.730829,0.735414,0.739171,0.730939,0.73895,0.737845,0.730939,0.718619,0.722707,0.70232,
36400,0.995495,0.998297,0.996813,0.995604,0.992527,0.989231,0.983132,0.972418,0.960495,0.941648,0.911703,0.873242,0.814121,0.756264,0.695549,0.663736,0.675879,0.7,0.702582,0.717912,0.719231,0.721758,0.727253,0.731593,0.733626,0.735824,0.736868,0.739121,0.734396,0.73033,0.739725,0.729231,0.733846,0.736044,0.727637,0.73022,0.738187,0.73522,0.734615,0.731154,0.735385,0.739066,0.730604,0.738956,0.737308,0.73044,0.718352,0.723242,0.702473,
36600,0.995519,0.998251,0.996831,0.995628,0.992568,0.98929,0.983115,0.97235,0.960492,0.941585,0.911749,0.873169,0.813552,0.756284,0.695628,0.663607,0.675902,0.699781,0.702404,0.717978,0.719399,0.72224,0.727432,0.731858,0.733279,0.73623,0.737268,0.73929,0.734645,0.730219,0.739727,0.728907,0.734536,0.736011,0.727869,0.729891,0.738197,0.734699,0.734645,0.731093,0.735519,0.739016,0.730656,0.738962,0.737486,0.730546,0.718525,0.723661,0.701967,
36800,0.995543,0.998261,0.996848,0.995598,0.992609,0.989185,0.983043,0.972337,0.960326,0.941413,0.911902,0.873152,0.81375,0.756413,0.695489,0.663641,0.675761,0.700054,0.702609,0.718098,0.72,0.722663,0.727554,0.732065,0.733043,0.735707,0.737174,0.73962,0.735,0.729565,0.739728,0.728913,0.73462,0.736196,0.72788,0.730054,0.73788,0.735109,0.734783,0.731087,0.735326,0.738859,0.730707,0.738696,0.737283,0.730707,0.718587,0.72375,0.702228,
37000,0.995568,0.99827,0.996865,0.995622,0.992595,0.989189,0.983135,0.972324,0.960324,0.941568,0.911892,0.873405,0.813838,0.756,0.695946,0.663946,0.675784,0.700216,0.70227,0.71773,0.720054,0.722703,0.72773,0.731892,0.733459,0.735838,0.737568,0.73973,0.735405,0.729297,0.739568,0.728595,0.734649,0.736378,0.728108,0.729946,0.738,0.734919,0.734865,0.731459,0.735784,0.73973,0.731243,0.738541,0.736811,0.730595,0.718973,0.724108,0.702541,
37200,0.995538,0.99828,0.996774,0.995645,0.992581,0.989194,0.983226,0.972312,0.960376,0.941452,0.911774,0.873387,0.813817,0.756237,0.695538,0.664194,0.676183,0.700269,0.702043,0.717742,0.72,0.722688,0.728065,0.731559,0.73328,0.735806,0.737903,0.739839,0.735914,0.729032,0.739892,0.728871,0.734731,0.736344,0.727634,0.729731,0.73828,0.735,0.735484,0.73172,0.735968,0.73957,0.731935,0.739032,0.736882,0.730699,0.719409,0.724355,0.702634,
37400,0.995561,0.998289,0.996791,0.995668,0.99262,0.989198,0.983209,0.972406,0.960428,0.941551,0.911872,0.873369,0.813797,0.75615,0.695561,0.663957,0.676684,0.700267,0.702513,0.717647,0.71984,0.723048,0.728182,0.731765,0.732995,0.735348,0.737914,0.73984,0.736257,0.72877,0.740053,0.729519,0.734492,0.736203,0.727807,0.730374,0.738235,0.735187,0.735187,0.73139,0.736364,0.739519,0.732139,0.738717,0.736952,0.730481,0.719572,0.724759,0.702941,
37600,0.995532,0.998298,0.996809,0.995691,0.99266,0.989202,0.983138,0.9725,0.960479,0.941702,0.911596,0.873245,0.81383,0.756117,0.695851,0.663564,0.677021,0.700745,0.702553,0.717766,0.72,0.722979,0.728085,0.731277,0.733191,0.735957,0.738351,0.739734,0.736596,0.728936,0.739521,0.729681,0.734149,0.735851,0.728191,0.730745,0.738777,0.735479,0.735266,0.731649,0.736117,0.739628,0.731862,0.73867,0.737074,0.730213,0.719415,0.724681,0.702979,
37800,0.995556,0.998307,0.996825,0.995714,0.992646,0.989259,0.983175,0.972275,0.960423,0.941587,0.911534,0.873175,0.813862,0.756243,0.696032,0.663439,0.676931,0.700847,0.702963,0.717566,0.72,0.722963,0.728307,0.731587,0.733862,0.736138,0.738677,0.739471,0.736032,0.728571,0.739312,0.730212,0.734339,0.736138,0.728519,0.730794,0.738995,0.735503,0.735503,0.731693,0.735979,0.739947,0.731852,0.737989,0.73709,0.730317,0.719683,0.72455,0.702646,
38000,0.995579,0.998263,0.996842,0.995737,0.992632,0.989211,0.983211,0.972263,0.960526,0.941526,0.911158,0.873158,0.814,0.756158,0.696,0.663316,0.676737,0.701,0.703316,0.717947,0.720474,0.723158,0.728474,0.731368,0.733789,0.735947,0.738,0.739684,0.736632,0.729158,0.739579,0.730421,0.734316,0.736,0.728947,0.730579,0.739211,0.735684,0.736,0.731947,0.736105,0.740158,0.731684,0.737632,0.736579,0.730684,0.719789,0.724895,0.702842,
38200,0.995602,0.998272,0.996859,0.995759,0.992513,0.989162,0.983246,0.972356,0.960628,0.941361,0.911414,0.873037,0.813508,0.756178,0.696178,0.663351,0.676806,0.700942,0.703508,0.71801,0.720157,0.72356,0.728377,0.731047,0.733979,0.736126,0.737644,0.739791,0.73733,0.728848,0.739843,0.730733,0.734031,0.736073,0.729215,0.730209,0.738796,0.735497,0.735707,0.731937,0.735654,0.740471,0.732147,0.737592,0.737068,0.730733,0.719895,0.725236,0.702827,
38400,0.995573,0.998281,0.996771,0.995729,0.992552,0.989115,0.983333,0.972292,0.960365,0.941354,0.911458,0.873333,0.813594,0.756302,0.695729,0.663229,0.677031,0.700729,0.70349,0.717812,0.72,0.723542,0.728281,0.73125,0.734062,0.73625,0.737604,0.740156,0.73724,0.728437,0.740104,0.731094,0.734479,0.736198,0.729583,0.730313,0.738802,0.735417,0.735469,0.731563,0.735469,0.739844,0.731719,0.7375,0.737031,0.730469,0.719688,0.725208,0.702865,
38600,0.995596,0.99829,0.996788,0.995699,0.992539,0.989171,0.983368,0.97228,0.960415,0.941347,0.911658,0.873316,0.813316,0.755907,0.695907,0.663212,0.677358,0.700881,0.703523,0.718083,0.719845,0.723005,0.728342,0.731399,0.733782,0.736114,0.737461,0.739948,0.737254,0.728342,0.740259,0.730622,0.735026,0.736114,0.729793,0.730259,0.738394,0.735648,0.735855,0.73171,0.735337,0.739948,0.731658,0.737668,0.737202,0.731088,0.719896,0.725648,0.702953,
38800,0.995619,0.998299,0.996753,0.995722,0.992577,0.989227,0.983247,0.972216,0.960361,0.94134,0.911443,0.87299,0.813454,0.756443,0.696392,0.663041,0.677423,0.700361,0.703093,0.71799,0.719588,0.722629,0.728608,0.731598,0.734124,0.736289,0.737526,0.740258,0.737423,0.728608,0.740464,0.730567,0.734948,0.736186,0.729588,0.729845,0.738608,0.735309,0.735876,0.731598,0.735412,0.740103,0.731495,0.73799,0.737113,0.730825,0.720258,0.725464,0.703454,
39000,0.995641,0.998308,0.996769,0.995744,0.992615,0.989282,0.983179,0.972256,0.96041,0.941487,0.911385,0.873282,0.813538,0.75641,0.696308,0.663385,0.677436,0.699436,0.703128,0.71841,0.719949,0.722769,0.728769,0.731641,0.734103,0.736359,0.737692,0.74041,0.737641,0.728821,0.740564,0.730718,0.735231,0.736154,0.729897,0.730154,0.738769,0.735436,0.735641,0.731333,0.735282,0.740154,0.731949,0.738154,0.736821,0.730872,0.720462,0.725744,0.703795,
39200,0.995612,0.998316,0.996786,0.995765,0.992602,0.989235,0.983163,0.972296,0.96051,0.941378,0.911429,0.873316,0.813418,0.756531,0.696071,0.663571,0.677194,0.699184,0.70301,0.718469,0.720204,0.72301,0.729235,0.731531,0.734133,0.736531,0.737602,0.740153,0.737806,0.728878,0.740714,0.730306,0.734745,0.73602,0.730153,0.730612,0.738673,0.735612,0.735765,0.731633,0.734796,0.740663,0.732092,0.737959,0.73648,0.730816,0.720357,0.72602,0.704133,
39400,0.995635,0.998325,0.996751,0.995787,0.99264,0.989289,0.983198,0.972234,0.960508,0.941421,0.911421,0.873096,0.813452,0.756091,0.696396,0.663503,0.677665,0.699188,0.703249,0.718782,0.720152,0.723198,0.729289,0.731117,0.734162,0.736599,0.737766,0.740203,0.737716,0.728629,0.740711,0.730102,0.734822,0.735939,0.730152,0.730711,0.738477,0.735787,0.735635,0.731371,0.73467,0.74066,0.73198,0.738274,0.736345,0.730964,0.720964,0.726041,0.704213,
39600,0.995657,0.998333,0.996717,0.995657,0.992525,0.989343,0.983232,0.972172,0.960505,0.941212,0.911515,0.873182,0.813838,0.756162,0.69596,0.663081,0.677475,0.699293,0.703535,0.718788,0.719949,0.723131,0.729444,0.731667,0.734091,0.736818,0.737626,0.740202,0.737525,0.728889,0.740808,0.730253,0.734747,0.736162,0.730253,0.73101,0.738182,0.736162,0.735606,0.73101,0.734646,0.740808,0.731566,0.737828,0.736061,0.731212,0.721364,0.72596,0.704444,
39800,0.995678,0.998342,0.996734,0.995578,0.992563,0.989397,0.983317,0.972211,0.960402,0.941357,0.911558,0.873166,0.813719,0.75598,0.695678,0.663266,0.67799,0.699799,0.703568,0.718693,0.72,0.723116,0.729799,0.731809,0.734121,0.736884,0.737889,0.740503,0.737638,0.728492,0.741307,0.730452,0.734221,0.736281,0.730251,0.730955,0.738492,0.73608,0.735829,0.730955,0.734975,0.740653,0.731608,0.73799,0.73608,0.731357,0.721558,0.725578,0.704171,
40000,0.9957,0.99835,0.99675,0.9956,0.9926,0.9894,0.9832,0.97225,0.96045,0.9413,0.9114,0.873,0.8143,0.7564,0.696,0.66315,0.67755,0.69995,0.70395,0.719,0.7204,0.72345,0.72975,0.7321,0.734,0.73625,0.7381,0.74085,0.7377,0.72875,0.7413,0.7304,0.73385,0.736,0.7303,0.7314,0.73855,0.73625,0.736,0.73145,0.73525,0.7408,0.7319,0.7381,0.73575,0.731,0.72185,0.7259,0.7045,
40200,0.995721,0.998358,0.996766,0.995522,0.992637,0.989453,0.983234,0.972289,0.960398,0.941493,0.911294,0.872886,0.814478,0.756567,0.695821,0.663184,0.677463,0.699502,0.703383,0.719204,0.720448,0.723184,0.729751,0.732239,0.73398,0.736418,0.738109,0.740547,0.737562,0.729055,0.741144,0.730299,0.733831,0.736468,0.730199,0.731542,0.738607,0.736119,0.736119,0.731194,0.735124,0.740846,0.731542,0.738109,0.735522,0.731343,0.721642,0.72602,0.704726,
40400,0.995693,0.998366,0.996782,0.995446,0.992574,0.989455,0.983317,0.972178,0.960396,0.941485,0.911485,0.872772,0.814703,0.756881,0.695792,0.663119,0.677277,0.69896,0.703218,0.719257,0.720842,0.723713,0.73,0.73203,0.73401,0.737228,0.738317,0.740495,0.737772,0.729307,0.741386,0.730842,0.733861,0.736634,0.73,0.731089,0.738168,0.735693,0.736089,0.731139,0.735149,0.740792,0.731683,0.738168,0.735495,0.731485,0.722129,0.72604,0.704851,
40600,0.995714,0.998374,0.996798,0.995369,0.992611,0.989507,0.9833,0.97202,0.960345,0.941527,0.911232,0.872857,0.814778,0.75665,0.695123,0.663153,0.677833,0.699261,0.703645,0.719655,0.720788,0.723645,0.730148,0.731724,0.734286,0.736995,0.73867,0.740493,0.737635,0.729507,0.741182,0.730985,0.733793,0.736897,0.729901,0.731133,0.738374,0.735862,0.736355,0.730887,0.73532,0.741034,0.731823,0.737882,0.735911,0.731773,0.722266,0.726108,0.704926,
40800,0.995735,0.998333,0.996765,0.995294,0.992598,0.989363,0.983284,0.972059,0.960441,0.941422,0.911275,0.872843,0.814657,0.756716,0.695147,0.663775,0.677059,0.698824,0.703873,0.719167,0.720784,0.723873,0.73049,0.731961,0.734069,0.73701,0.73848,0.740539,0.737941,0.729902,0.741373,0.731422,0.734118,0.736814,0.730049,0.730931,0.73848,0.735784,0.736471,0.73049,0.735147,0.741569,0.731667,0.737647,0.736127,0.731961,0.722353,0.725931,0.704657,
41000,0.995756,0.998341,0.99678,0.995317,0.992585,0.989415,0.98322,0.972098,0.96039,0.941268,0.911122,0.872732,0.814829,0.756488,0.694878,0.663951,0.677171,0.698829,0.704,0.718585,0.720634,0.723854,0.730634,0.732195,0.734634,0.737024,0.738634,0.740634,0.738341,0.730146,0.741073,0.731317,0.734195,0.73678,0.729756,0.730927,0.738439,0.735512,0.736098,0.730634,0.735463,0.74161,0.731707,0.737951,0.736341,0.732,0.72239,0.725854,0.704,
41200,0.995777,0.99835,0.996796,0.99534,0.992621,0.989369,0.983204,0.972184,0.960388,0.941505,0.911359,0.872767,0.814709,0.756699,0.695,0.664078,0.67733,0.69835,0.703641,0.718592,0.720777,0.724078,0.731068,0.732379,0.735194,0.737427,0.738301,0.740631,0.738107,0.730194,0.740922,0.731019,0.733932,0.736553,0.729854,0.730777,0.738107,0.735583,0.736117,0.730874,0.735437,0.741796,0.731359,0.738058,0.736602,0.731845,0.722524,0.725922,0.704563,
41400,0.995797,0.998357,0.996812,0.995314,0.992657,0.98942,0.983285,0.972174,0.960531,0.941498,0.911353,0.872754,0.814589,0.756184,0.695024,0.664106,0.677198,0.697536,0.703768,0.718792,0.720966,0.723913,0.731304,0.73256,0.735556,0.737778,0.738357,0.74058,0.737971,0.73029,0.741063,0.731111,0.734203,0.736135,0.730435,0.731063,0.738261,0.735507,0.735797,0.730676,0.735217,0.741884,0.731353,0.738164,0.736715,0.731498,0.722609,0.726232,0.704686,
41600,0.995817,0.998317,0.996827,0.995288,0.992644,0.989423,0.983365,0.972163,0.960577,0.941202,0.911154,0.872788,0.814808,0.755962,0.695048,0.663654,0.677308,0.697356,0.70399,0.719231,0.721154,0.723798,0.731106,0.732452,0.735577,0.737885,0.73851,0.740673,0.737644,0.730385,0.740865,0.731298,0.734183,0.736154,0.730385,0.730962,0.738221,0.735529,0.735721,0.730433,0.735385,0.742019,0.731538,0.738462,0.736538,0.731442,0.722644,0.726394,0.705,
41800,0.995837,0.998325,0.996842,0.995263,0.992679,0.989474,0.983397,0.972153,0.960478,0.94134,0.911005,0.872823,0.814928,0.755837,0.695072,0.663876,0.677033,0.696746,0.703828,0.719282,0.721244,0.723876,0.730813,0.732536,0.73555,0.73799,0.738852,0.740526,0.737847,0.730144,0.740957,0.731579,0.734258,0.735933,0.730813,0.730909,0.737799,0.735167,0.735933,0.730718,0.735502,0.741722,0.731148,0.738469,0.737129,0.731292,0.722823,0.726364,0.705024,
42000,0.995857,0.998333,0.99681,0.995286,0.992667,0.989524,0.983381,0.97219,0.960381,0.941381,0.911286,0.872905,0.815,0.755667,0.695381,0.663714,0.677524,0.696286,0.704286,0.719667,0.721238,0.724238,0.73119,0.732095,0.73519,0.738286,0.738905,0.740857,0.737952,0.730429,0.741048,0.731524,0.733762,0.735381,0.730714,0.730762,0.737857,0.735476,0.736048,0.730619,0.735857,0.741762,0.731143,0.738429,0.736952,0.73119,0.723286,0.726333,0.704952,
42200,0.995877,0.998341,0.996777,0.995308,0.992701,0.989526,0.98346,0.97218,0.960379,0.941374,0.911137,0.873081,0.815213,0.756066,0.694834,0.663839,0.677962,0.69654,0.704455,0.719431,0.720948,0.724265,0.730995,0.731848,0.734929,0.738104,0.739194,0.740758,0.737773,0.73019,0.741469,0.731611,0.733839,0.735355,0.731374,0.730664,0.737725,0.735261,0.736209,0.730616,0.736019,0.741706,0.73109,0.737915,0.737204,0.730948,0.723507,0.727109,0.705261,
42400,0.995896,0.998349,0.996792,0.995283,0.992689,0.989575,0.983491,0.972311,0.96033,0.941132,0.911179,0.873208,0.815566,0.756226,0.695094,0.663726,0.677358,0.696321,0.704717,0.719104,0.721085,0.724387,0.73066,0.731745,0.735,0.738302,0.739245,0.740472,0.737877,0.73066,0.741604,0.731792,0.733962,0.734906,0.730802,0.729811,0.737689,0.735094,0.736038,0.730613,0.736462,0.741462,0.731651,0.737736,0.737453,0.730519,0.723491,0.726981,0.705613,
42600,0.995822,0.99831,0.996808,0.995305,0.992676,0.989484,0.983568,0.972347,0.960329,0.941174,0.911174,0.873333,0.815634,0.75615,0.695305,0.662958,0.677089,0.696291,0.704648,0.719108,0.721268,0.724554,0.730751,0.731737,0.735258,0.738169,0.739014,0.739953,0.738075,0.73061,0.741362,0.731221,0.734366,0.734883,0.730704,0.729906,0.737418,0.734883,0.736244,0.730329,0.736948,0.741502,0.731972,0.737606,0.737559,0.730563,0.723568,0.726995,0.706244,
42800,0.995841,0.998318,0.996822,0.99528,0.99271,0.989533,0.983598,0.972477,0.96028,0.941168,0.911355,0.873505,0.816028,0.756075,0.694953,0.663037,0.677103,0.696168,0.704579,0.718832,0.721168,0.724766,0.730421,0.731822,0.735514,0.738364,0.738598,0.73986,0.738131,0.730514,0.741449,0.731402,0.734346,0.734907,0.730654,0.729579,0.73729,0.735187,0.735981,0.730561,0.737243,0.741636,0.732477,0.737664,0.737383,0.73028,0.723879,0.726963,0.706262,
43000,0.99586,0.998326,0.996837,0.995209,0.992698,0.989581,0.983581,0.972512,0.960233,0.940884,0.911116,0.873488,0.816047,0.755767,0.695209,0.663023,0.67693,0.696279,0.704977,0.718977,0.72107,0.724977,0.730419,0.731628,0.735163,0.73814,0.738419,0.739535,0.738419,0.730465,0.741767,0.731163,0.734186,0.73507,0.731116,0.729907,0.737488,0.735163,0.736326,0.730419,0.73707,0.741209,0.732093,0.737442,0.737581,0.730279,0.724,0.72707,0.706186,
43200,0.995787,0.998333,0.996852,0.995231,0.992731,0.98963,0.983611,0.972593,0.960278,0.940833,0.911389,0.873426,0.816111,0.756157,0.695185,0.663009,0.676528,0.695926,0.704815,0.718796,0.721296,0.725093,0.730417,0.731667,0.735231,0.738704,0.737963,0.739583,0.738704,0.730833,0.741898,0.731759,0.734491,0.735417,0.730926,0.729861,0.737269,0.735093,0.736157,0.730972,0.737269,0.74088,0.731759,0.737639,0.737685,0.730694,0.724259,0.726991,0.706343,
43400,0.995806,0.998341,0.996866,0.995207,0.992765,0.989677,0.983548,0.972719,0.960415,0.940968,0.91129,0.873226,0.816406,0.756175,0.694747,0.662903,0.676406,0.69576,0.704977,0.718894,0.721429,0.725438,0.730369,0.731659,0.734885,0.738479,0.738295,0.739585,0.738802,0.730553,0.742166,0.732212,0.734378,0.735161,0.730922,0.729724,0.737143,0.734977,0.735899,0.73106,0.73765,0.741382,0.731382,0.737926,0.737926,0.730829,0.724055,0.72682,0.706682,
43600,0.99578,0.998349,0.996835,0.995138,0.992752,0.989633,0.983532,0.972706,0.960505,0.94078,0.911514,0.873257,0.816422,0.756009,0.694404,0.662752,0.67656,0.695963,0.705138,0.718945,0.72156,0.725367,0.730367,0.731972,0.735092,0.738486,0.738349,0.739679,0.738578,0.730505,0.742477,0.732156,0.734174,0.735138,0.731147,0.73,0.737339,0.735092,0.736147,0.731284,0.738165,0.74156,0.731468,0.737706,0.73789,0.731055,0.724128,0.727064,0.706284,
43800,0.995753,0.998356,0.996849,0.99516,0.99274,0.989635,0.98347,0.972694,0.960594,0.940731,0.911507,0.873288,0.816438,0.755982,0.694201,0.662922,0.676758,0.695616,0.705251,0.718037,0.721461,0.725571,0.730046,0.732192,0.735388,0.738539,0.738219,0.739498,0.738995,0.730594,0.742557,0.7321,0.733973,0.73516,0.731142,0.730228,0.737306,0.734795,0.736301,0.731507,0.738082,0.741781,0.731507,0.737763,0.737626,0.73105,0.724247,0.727032,0.70653,
44000,0.995773,0.998364,0.996864,0.995182,0.992773,0.989636,0.9835,0.972773,0.960682,0.940727,0.911409,0.873455,0.816682,0.755773,0.694318,0.663182,0.676318,0.695409,0.7055,0.718318,0.721227,0.725273,0.729909,0.732545,0.735136,0.738545,0.738136,0.739636,0.739091,0.730955,0.742409,0.732409,0.734045,0.7345,0.731273,0.7305,0.737364,0.735227,0.736364,0.731545,0.737955,0.741773,0.731409,0.737727,0.738045,0.730909,0.724455,0.726818,0.706318,
44200,0.995792,0.998371,0.996787,0.995158,0.992805,0.989638,0.983529,0.97276,0.960679,0.940814,0.911538,0.873122,0.816742,0.755792,0.694389,0.663303,0.675882,0.695566,0.705158,0.71819,0.721538,0.72552,0.73,0.732489,0.735385,0.738326,0.737919,0.739502,0.73914,0.730679,0.741991,0.732624,0.734253,0.734163,0.731629,0.730317,0.737511,0.73543,0.736063,0.731493,0.737692,0.74181,0.731629,0.737738,0.737919,0.730724,0.724525,0.726923,0.706697,
44400,0.995811,0.998333,0.996757,0.99518,0.992838,0.98964,0.983559,0.972748,0.960811,0.940946,0.911712,0.873288,0.816667,0.755766,0.694234,0.663514,0.675721,0.69491,0.705315,0.718378,0.721532,0.725631,0.729865,0.732613,0.735,0.738108,0.737568,0.73955,0.738964,0.730631,0.741802,0.732658,0.73464,0.733964,0.731937,0.73036,0.737793,0.73509,0.736306,0.731171,0.737523,0.741712,0.731306,0.737838,0.738153,0.731036,0.724775,0.726667,0.706892,
44600,0.99583,0.998341,0.996726,0.995202,0.99287,0.989552,0.983543,0.972691,0.960942,0.941031,0.911659,0.873498,0.816637,0.755561,0.694305,0.663946,0.67583,0.694843,0.705561,0.718161,0.721659,0.725516,0.729641,0.73296,0.734888,0.738386,0.737444,0.739776,0.738969,0.730314,0.741794,0.732377,0.734753,0.734484,0.732018,0.730493,0.737848,0.735112,0.735919,0.730987,0.737354,0.7413,0.731166,0.737892,0.738386,0.73139,0.725067,0.726368,0.706771,
44800,0.995848,0.998348,0.996741,0.995134,0.992902,0.989509,0.983482,0.972589,0.960893,0.940937,0.911563,0.873393,0.816562,0.755893,0.694063,0.664241,0.675848,0.695089,0.705714,0.718348,0.721562,0.725402,0.729866,0.7325,0.734911,0.738348,0.737321,0.739464,0.738795,0.73067,0.741964,0.731875,0.734732,0.734643,0.732098,0.730804,0.738125,0.734955,0.735804,0.731161,0.737545,0.741071,0.731205,0.7375,0.738482,0.731205,0.725179,0.726161,0.706875,
45000,0.995867,0.998356,0.996711,0.995156,0.992933,0.989467,0.983378,0.972533,0.960933,0.941067,0.911556,0.873422,0.8168,0.755689,0.694178,0.664578,0.6756,0.695111,0.705733,0.718178,0.721556,0.724978,0.729556,0.732533,0.735067,0.738444,0.737556,0.739333,0.738933,0.730444,0.741822,0.731867,0.734844,0.734667,0.732444,0.730978,0.737867,0.734933,0.735511,0.731422,0.737467,0.741422,0.731244,0.737422,0.738356,0.7312,0.725733,0.726,0.707067,
45200,0.995885,0.998363,0.996681,0.995177,0.992965,0.989469,0.983319,0.972566,0.960929,0.941018,0.911637,0.873186,0.817035,0.755752,0.693982,0.664513,0.675796,0.695221,0.705752,0.718142,0.72146,0.725044,0.729248,0.732212,0.735,0.738363,0.737566,0.739425,0.738717,0.730796,0.742124,0.731903,0.734867,0.734513,0.732345,0.731018,0.737876,0.735044,0.735708,0.731814,0.737611,0.740973,0.730885,0.737655,0.738142,0.731549,0.726062,0.725929,0.70646,
45400,0.995815,0.998326,0.996608,0.995154,0.992907,0.989383,0.983172,0.972599,0.961013,0.940837,0.911586,0.873216,0.81674,0.755727,0.694229,0.66511,0.675727,0.695286,0.705639,0.717797,0.721189,0.725022,0.729207,0.732247,0.735066,0.738326,0.737841,0.739559,0.738502,0.730485,0.741982,0.731894,0.734802,0.734714,0.733084,0.731233,0.737753,0.73489,0.735903,0.73163,0.737665,0.741189,0.730749,0.737445,0.738106,0.731586,0.725815,0.725815,0.706388,
45600,0.995833,0.998333,0.996623,0.995132,0.992939,0.989386,0.983158,0.972632,0.961009,0.940789,0.911667,0.87307,0.816798,0.755833,0.69364,0.665482,0.675614,0.695658,0.705482,0.717588,0.721053,0.725526,0.729211,0.732149,0.734605,0.738333,0.737895,0.739342,0.738509,0.73057,0.741754,0.732149,0.735044,0.734737,0.733158,0.731316,0.737807,0.735132,0.736623,0.731491,0.737632,0.74114,0.730921,0.737281,0.738289,0.731535,0.725746,0.725526,0.706053,
45800,0.995852,0.998341,0.996638,0.995153,0.992926,0.989345,0.9831,0.972533,0.961004,0.94083,0.911747,0.872533,0.817118,0.755983,0.693974,0.665459,0.675328,0.69559,0.705502,0.717424,0.721179,0.724978,0.729214,0.732227,0.734629,0.738297,0.73786,0.73952,0.738515,0.730437,0.741266,0.732402,0.735371,0.734934,0.733362,0.731703,0.737904,0.735546,0.73655,0.731223,0.737817,0.741485,0.73083,0.73738,0.738646,0.73179,0.725939,0.725284,0.705808,
46000,0.99587,0.998348,0.996609,0.995174,0.992913,0.989217,0.98313,0.972522,0.961043,0.941,0.911696,0.872609,0.817043,0.755696,0.693957,0.665739,0.675478,0.695478,0.705783,0.717565,0.721435,0.724913,0.728957,0.732043,0.734609,0.738217,0.737478,0.739783,0.738609,0.730261,0.741174,0.732478,0.735609,0.734826,0.733565,0.731652,0.737739,0.735435,0.736913,0.731522,0.738174,0.741739,0.730522,0.737217,0.738652,0.731783,0.726087,0.72513,0.706,
46200,0.995887,0.998355,0.996623,0.995195,0.9929,0.989264,0.983117,0.972381,0.961169,0.941169,0.911775,0.872814,0.817186,0.755801,0.693896,0.665628,0.674935,0.695584,0.706061,0.717922,0.721818,0.724632,0.728961,0.731905,0.734632,0.738312,0.737532,0.739827,0.738701,0.730433,0.741039,0.732597,0.735584,0.734805,0.733723,0.731861,0.737489,0.735628,0.737013,0.731645,0.738398,0.742035,0.730693,0.737143,0.738615,0.732035,0.725887,0.725411,0.706104,
46400,0.995862,0.998362,0.996595,0.995216,0.992931,0.989267,0.98306,0.972414,0.961207,0.941293,0.91194,0.872974,0.817241,0.756034,0.693578,0.665302,0.674957,0.695647,0.705819,0.717974,0.72181,0.724741,0.728836,0.731983,0.734784,0.738448,0.737974,0.739655,0.73875,0.729871,0.741078,0.732759,0.735388,0.734871,0.733534,0.731509,0.737328,0.73569,0.737241,0.731767,0.738707,0.742155,0.730905,0.737069,0.738578,0.73194,0.725517,0.72556,0.706422,
46600,0.99588,0.998369,0.996609,0.99515,0.992918,0.989227,0.983133,0.972318,0.961116,0.941159,0.911974,0.873176,0.817039,0.755708,0.693219,0.665665,0.675193,0.696052,0.706352,0.717897,0.721803,0.724936,0.728884,0.732318,0.734721,0.73824,0.738112,0.740086,0.738927,0.729742,0.740773,0.732661,0.735279,0.734893,0.733605,0.731202,0.737511,0.73588,0.736953,0.732017,0.738498,0.742361,0.730944,0.737425,0.738798,0.731803,0.725193,0.725365,0.706524,
46800,0.995897,0.998376,0.996581,0.995171,0.992949,0.989231,0.983162,0.972436,0.960983,0.941154,0.912179,0.873205,0.816368,0.755726,0.693291,0.665513,0.675256,0.696026,0.706624,0.717991,0.722051,0.725171,0.728761,0.732265,0.734487,0.737863,0.737821,0.74,0.738889,0.730385,0.741068,0.733034,0.735385,0.735128,0.733803,0.731068,0.737265,0.735812,0.736496,0.731838,0.738547,0.742265,0.730812,0.737009,0.738846,0.731966,0.725598,0.725684,0.706624,
47000,0.995915,0.998383,0.996596,0.995149,0.992894,0.989277,0.983191,0.972468,0.960979,0.941319,0.912298,0.873277,0.816553,0.755574,0.692681,0.665787,0.675106,0.696213,0.706936,0.717957,0.722255,0.724894,0.728511,0.732426,0.734468,0.737872,0.738043,0.740128,0.738596,0.730255,0.740851,0.732596,0.735064,0.735149,0.73383,0.731064,0.737149,0.735617,0.736468,0.731702,0.738298,0.742128,0.730723,0.737064,0.738468,0.732,0.725702,0.72583,0.706511,
47200,0.995932,0.998347,0.99661,0.995127,0.992881,0.98928,0.98322,0.972458,0.960763,0.941356,0.912373,0.873093,0.816737,0.75572,0.693093,0.664873,0.674873,0.696356,0.706822,0.717797,0.722627,0.725297,0.728602,0.732076,0.734322,0.737881,0.737839,0.739958,0.738686,0.730212,0.74072,0.733008,0.735508,0.734915,0.734068,0.731186,0.737373,0.735424,0.736144,0.731356,0.738347,0.742246,0.730678,0.737331,0.738517,0.732034,0.725932,0.725932,0.706992,
47400,0.995907,0.998312,0.996624,0.995148,0.992869,0.989198,0.983291,0.972405,0.960802,0.941435,0.912574,0.87308,0.816667,0.755654,0.692827,0.66443,0.674937,0.696414,0.706835,0.717848,0.7227,0.725654,0.728523,0.731857,0.734726,0.73789,0.737932,0.739536,0.738903,0.730253,0.740886,0.733333,0.735654,0.734895,0.73384,0.731139,0.737848,0.735654,0.736287,0.731392,0.738481,0.742405,0.730675,0.737215,0.738397,0.732152,0.725992,0.725907,0.706962,
47600,0.995924,0.998319,0.996597,0.995168,0.992857,0.989118,0.983277,0.972395,0.960882,0.941387,0.912689,0.872605,0.816513,0.755462,0.692605,0.66479,0.675042,0.696639,0.707059,0.717857,0.722857,0.725504,0.728277,0.731891,0.734748,0.737941,0.738151,0.739496,0.739034,0.730546,0.74105,0.733235,0.735714,0.735126,0.733866,0.731261,0.737983,0.735672,0.735882,0.731639,0.738571,0.742773,0.730378,0.737353,0.738697,0.732311,0.726008,0.725966,0.706849,
47800,0.995941,0.998326,0.996569,0.995188,0.992845,0.989038,0.983347,0.972343,0.960795,0.941297,0.91251,0.87251,0.816611,0.755356,0.692845,0.664686,0.675105,0.69682,0.707238,0.717782,0.72318,0.725021,0.728159,0.732385,0.734603,0.737824,0.738494,0.739707,0.738619,0.730586,0.740921,0.733264,0.735272,0.735021,0.734017,0.731548,0.73795,0.7359,0.736025,0.731967,0.738285,0.742469,0.730502,0.737615,0.738996,0.732343,0.726025,0.725858,0.706485,
48000,0.995958,0.998333,0.996583,0.995167,0.992833,0.989,0.98325,0.972417,0.960833,0.94125,0.912417,0.872417,0.816667,0.7555,0.692458,0.664125,0.674917,0.696792,0.707375,0.717708,0.723333,0.725417,0.728167,0.732417,0.734708,0.737667,0.7385,0.739625,0.73875,0.730375,0.740667,0.7335,0.73525,0.734667,0.734125,0.73175,0.737792,0.735958,0.736,0.732042,0.738083,0.742625,0.730625,0.737792,0.739125,0.732375,0.725583,0.725875,0.706458,
48200,0.995975,0.99834,0.996598,0.995187,0.992822,0.989046,0.983237,0.97249,0.960954,0.941328,0.912407,0.872407,0.817095,0.755228,0.692656,0.664108,0.674813,0.696929,0.707054,0.717427,0.72332,0.725602,0.728133,0.732573,0.734647,0.737676,0.738631,0.739585,0.738921,0.730622,0.740664,0.733237,0.735394,0.734606,0.734149,0.73195,0.737635,0.735643,0.7361,0.732365,0.738091,0.74249,0.730124,0.737884,0.738797,0.732448,0.725394,0.725851,0.706432,
48400,0.99595,0.998347,0.99657,0.995165,0.992769,0.98905,0.983182,0.972479,0.960868,0.941446,0.912355,0.872273,0.817107,0.755289,0.692686,0.664298,0.675124,0.697231,0.706736,0.717521,0.723719,0.725826,0.728223,0.732686,0.734917,0.737479,0.738843,0.739421,0.73876,0.730496,0.740661,0.732893,0.735826,0.734421,0.734339,0.732149,0.737645,0.735826,0.736281,0.732355,0.737851,0.742231,0.730165,0.737893,0.738926,0.732645,0.725207,0.725744,0.706281,
48600,0.995926,0.998354,0.996543,0.995185,0.992798,0.989095,0.98321,0.97251,0.960864,0.941564,0.912346,0.872428,0.816872,0.755267,0.693004,0.664568,0.675103,0.697407,0.70679,0.717572,0.724033,0.725844,0.727942,0.732881,0.734938,0.737449,0.739012,0.739218,0.738477,0.730082,0.740288,0.73321,0.735679,0.734609,0.734733,0.732058,0.737819,0.735844,0.736214,0.732099,0.737942,0.74214,0.730576,0.738272,0.739053,0.732798,0.725267,0.725679,0.706461,
48800,0.995943,0.99832,0.996516,0.995205,0.992787,0.989098,0.983238,0.972459,0.960861,0.941639,0.91209,0.872213,0.816885,0.755246,0.693566,0.664508,0.675369,0.696557,0.706557,0.717623,0.72459,0.726189,0.728115,0.733033,0.734959,0.737336,0.739057,0.738934,0.738443,0.730164,0.740697,0.732951,0.736066,0.734918,0.734754,0.731721,0.737582,0.735656,0.736066,0.732172,0.738156,0.742418,0.730451,0.738115,0.738525,0.732623,0.725082,0.72582,0.706721,
49000,0.995918,0.998327,0.996531,0.995184,0.992816,0.989143,0.983224,0.97249,0.960694,0.941673,0.912122,0.872204,0.81698,0.75498,0.69351,0.664571,0.675469,0.696653,0.706571,0.717551,0.724694,0.726408,0.728204,0.733469,0.734898,0.737061,0.739224,0.738898,0.738041,0.730122,0.740735,0.732857,0.735714,0.735224,0.734898,0.731592,0.737265,0.736204,0.736449,0.732245,0.738163,0.742245,0.730327,0.737714,0.738449,0.73249,0.725224,0.726163,0.70698,
49200,0.995854,0.998333,0.996545,0.995163,0.992764,0.989187,0.983293,0.972602,0.960691,0.94187,0.912033,0.872317,0.816748,0.755081,0.693659,0.664593,0.675244,0.697033,0.706301,0.717886,0.724837,0.726626,0.72813,0.733496,0.734959,0.737114,0.739228,0.739106,0.738008,0.730528,0.740894,0.733008,0.735854,0.735163,0.734797,0.731138,0.737398,0.736138,0.736667,0.731626,0.738171,0.742317,0.730203,0.737764,0.738455,0.732317,0.725122,0.72622,0.707236,
49400,0.99587,0.9983,0.996559,0.995142,0.992753,0.989231,0.983239,0.972551,0.960688,0.941903,0.912267,0.872065,0.816842,0.755304,0.693846,0.664291,0.675101,0.696802,0.706559,0.717854,0.725101,0.726761,0.728421,0.733563,0.735223,0.737126,0.739312,0.738745,0.737935,0.730445,0.741134,0.733117,0.735911,0.735101,0.734413,0.730648,0.737247,0.736113,0.736842,0.73166,0.738462,0.742308,0.730729,0.738057,0.7383,0.732146,0.725061,0.726235,0.707409,
49600,0.995887,0.998306,0.996573,0.995121,0.992782,0.989234,0.983145,0.97254,0.960645,0.941895,0.912097,0.872097,0.817056,0.755282,0.693952,0.663992,0.675524,0.697056,0.706855,0.717782,0.725121,0.726935,0.728306,0.73379,0.735121,0.737339,0.739556,0.738629,0.737984,0.730242,0.741129,0.732863,0.73621,0.73504,0.734274,0.730968,0.7375,0.735766,0.737097,0.731613,0.738629,0.742097,0.730847,0.737863,0.738024,0.73246,0.725484,0.726008,0.707379,
49800,0.995904,0.998313,0.996546,0.995141,0.992811,0.989197,0.983173,0.97261,0.960723,0.942048,0.911928,0.871807,0.817068,0.755301,0.693976,0.664016,0.675542,0.696948,0.706867,0.718153,0.725181,0.727269,0.728594,0.733293,0.735301,0.737189,0.739317,0.738594,0.737992,0.730402,0.741165,0.732731,0.735743,0.73494,0.734137,0.731124,0.73751,0.735663,0.737108,0.731767,0.738876,0.742129,0.730602,0.738032,0.737992,0.732651,0.725502,0.726506,0.70751,
50000,0.99584,0.99828,0.99656,0.99516,0.99284,0.98916,0.98324,0.9726,0.96076,0.94212,0.9118,0.87188,0.81732,0.75516,0.69424,0.66384,0.6754,0.69684,0.7072,0.718,0.72508,0.72696,0.72856,0.73276,0.73564,0.7374,0.73928,0.73876,0.73808,0.73024,0.74136,0.73248,0.73564,0.73472,0.73416,0.73116,0.73756,0.73584,0.73704,0.73208,0.73896,0.74216,0.7308,0.738,0.73804,0.73288,0.72572,0.72652,0.70716,
50200,0.995857,0.998287,0.996574,0.995139,0.992829,0.989124,0.983267,0.97259,0.960717,0.942191,0.911833,0.871673,0.81741,0.7551,0.694422,0.663944,0.675538,0.697211,0.706932,0.717928,0.7251,0.726892,0.728685,0.732629,0.735817,0.73757,0.739243,0.738805,0.737968,0.730239,0.741554,0.732629,0.735578,0.734821,0.733984,0.730916,0.737291,0.735737,0.736892,0.732032,0.739084,0.742191,0.730996,0.738327,0.738048,0.732829,0.726175,0.726454,0.707131,
50400,0.995873,0.998254,0.996587,0.995079,0.992857,0.989087,0.983254,0.972619,0.960714,0.942262,0.911865,0.871706,0.817698,0.755119,0.694603,0.664087,0.675079,0.697143,0.706905,0.717976,0.725278,0.726825,0.728254,0.732698,0.735754,0.737659,0.739365,0.739048,0.738016,0.729802,0.741429,0.7325,0.735952,0.73496,0.734127,0.730913,0.737421,0.735595,0.736825,0.732063,0.739206,0.742341,0.730992,0.738651,0.738056,0.732937,0.726349,0.726389,0.706706,
50600,0.99585,0.998261,0.996601,0.995059,0.992846,0.98913,0.983241,0.972688,0.960632,0.942292,0.911779,0.871937,0.817589,0.754941,0.694427,0.66419,0.675257,0.697273,0.707075,0.717866,0.725217,0.72664,0.728103,0.732925,0.735731,0.737628,0.739763,0.738893,0.737945,0.729763,0.741462,0.732174,0.736206,0.734664,0.734229,0.730949,0.737312,0.735534,0.736996,0.732292,0.739368,0.742332,0.731107,0.738735,0.738063,0.733162,0.726285,0.726403,0.707075,
50800,0.995827,0.998228,0.996614,0.995079,0.992835,0.989094,0.983228,0.972638,0.960669,0.942205,0.911772,0.871929,0.817638,0.755276,0.694803,0.664488,0.675197,0.697441,0.706772,0.71752,0.725039,0.726457,0.727953,0.732874,0.73563,0.737795,0.739803,0.738937,0.737874,0.729843,0.741654,0.73248,0.73622,0.73437,0.734291,0.730591,0.737323,0.735709,0.737441,0.732323,0.739646,0.742126,0.730866,0.738819,0.737756,0.733189,0.72626,0.726378,0.707283,
51000,0.995843,0.998196,0.996627,0.995059,0.992824,0.989137,0.983216,0.972706,0.960667,0.942157,0.911529,0.871765,0.817686,0.754784,0.695176,0.664745,0.675137,0.69749,0.706941,0.717294,0.725137,0.726118,0.727922,0.732941,0.735608,0.737882,0.738941,0.73902,0.738118,0.729961,0.741765,0.73251,0.735922,0.734235,0.734314,0.73051,0.737137,0.735647,0.737647,0.732706,0.739725,0.742118,0.731137,0.738745,0.737608,0.733255,0.726353,0.726235,0.707412,
51200,0.995859,0.998203,0.996445,0.995039,0.992852,0.989141,0.983242,0.972695,0.960586,0.942109,0.911719,0.871914,0.817656,0.754805,0.695312,0.664453,0.675117,0.6975,0.706914,0.717461,0.724883,0.725938,0.728086,0.733125,0.735938,0.737695,0.73918,0.73875,0.738359,0.729883,0.741953,0.732187,0.736133,0.734531,0.73457,0.73043,0.737422,0.735508,0.737422,0.73293,0.739609,0.74207,0.731172,0.738906,0.7375,0.733008,0.726172,0.726367,0.706992,
51400,0.995875,0.99821,0.99642,0.995058,0.99284,0.989105,0.98323,0.972763,0.960661,0.942179,0.911712,0.871984,0.817432,0.754747,0.695486,0.664202,0.675409,0.69751,0.706926,0.717432,0.724981,0.726031,0.72786,0.733385,0.735992,0.737704,0.739144,0.739027,0.738794,0.729883,0.741868,0.731868,0.735914,0.734436,0.734319,0.730428,0.736965,0.735642,0.737704,0.732724,0.739728,0.742101,0.731712,0.739144,0.737665,0.732646,0.725992,0.726459,0.707082,
51600,0.995891,0.998217,0.996434,0.995039,0.992791,0.988992,0.983256,0.972829,0.960698,0.942132,0.91186,0.871744,0.817481,0.754845,0.695504,0.66407,0.675388,0.697597,0.707093,0.717713,0.725,0.726124,0.727752,0.733023,0.735969,0.737946,0.739419,0.739186,0.738682,0.730116,0.741783,0.731938,0.735426,0.734186,0.734496,0.730504,0.736705,0.735659,0.737791,0.732829,0.740039,0.742481,0.732016,0.739109,0.737326,0.732791,0.726008,0.726434,0.706822,
51800,0.995907,0.998185,0.996448,0.995019,0.992819,0.989035,0.983282,0.972896,0.960656,0.942239,0.911776,0.871776,0.817568,0.754942,0.695753,0.664208,0.67556,0.697683,0.706757,0.717606,0.725405,0.725946,0.727876,0.733012,0.736255,0.737954,0.739266,0.739305,0.738764,0.730077,0.741776,0.732085,0.735676,0.734363,0.734286,0.730463,0.736564,0.735869,0.737915,0.733166,0.74027,0.742471,0.731776,0.739344,0.737606,0.732857,0.726293,0.726139,0.706525,
52000,0.995923,0.998192,0.996462,0.995038,0.992846,0.989038,0.983308,0.972885,0.9605,0.942308,0.9115,0.871423,0.817654,0.755077,0.696077,0.664231,0.675577,0.697962,0.706885,0.717269,0.725615,0.726,0.727808,0.732846,0.736308,0.737577,0.739385,0.739346,0.738692,0.730269,0.741731,0.732154,0.735692,0.734462,0.734538,0.730192,0.736692,0.735538,0.738346,0.733038,0.740192,0.742731,0.731808,0.739269,0.737154,0.733346,0.726769,0.726346,0.706308,
52200,0.995939,0.998199,0.996475,0.995057,0.992874,0.989004,0.983295,0.972874,0.960575,0.942452,0.911494,0.871341,0.817586,0.754943,0.696015,0.664291,0.675364,0.697778,0.706782,0.71728,0.725326,0.726015,0.727663,0.732874,0.736398,0.736973,0.739387,0.739119,0.738238,0.730421,0.741801,0.732299,0.735556,0.734368,0.734674,0.730115,0.737088,0.73567,0.738161,0.733257,0.740115,0.742797,0.732069,0.738774,0.737088,0.733218,0.726935,0.726552,0.706245,
52400,0.995916,0.998206,0.996489,0.995076,0.992901,0.989008,0.983321,0.972863,0.960458,0.942405,0.911603,0.871107,0.817977,0.755115,0.695611,0.664275,0.675649,0.697405,0.707099,0.717366,0.725496,0.72626,0.727519,0.733168,0.73645,0.736794,0.739389,0.738969,0.738321,0.730649,0.741756,0.732405,0.735267,0.734695,0.734847,0.730305,0.73729,0.735611,0.737939,0.733397,0.74,0.74313,0.73229,0.739008,0.737137,0.733244,0.726832,0.726679,0.705916,
52600,0.995932,0.998213,0.996464,0.995057,0.992928,0.989049,0.983346,0.972852,0.960532,0.942471,0.911673,0.871217,0.818099,0.755171,0.695513,0.664068,0.675551,0.697605,0.706882,0.717376,0.725627,0.726426,0.727871,0.73346,0.736616,0.736692,0.739696,0.739125,0.738517,0.730722,0.741901,0.731711,0.735361,0.734487,0.734411,0.730304,0.737452,0.735513,0.737833,0.733232,0.740152,0.742776,0.732091,0.738897,0.737338,0.733308,0.726958,0.726312,0.706008,
52800,0.995909,0.99822,0.996477,0.995076,0.992955,0.988939,0.983333,0.972879,0.960644,0.942424,0.911742,0.871174,0.818106,0.754811,0.695644,0.664205,0.675417,0.697424,0.706705,0.717197,0.725303,0.726553,0.727765,0.733561,0.736591,0.736894,0.739773,0.73928,0.738182,0.73053,0.74178,0.731553,0.735379,0.73428,0.734621,0.730227,0.737652,0.735833,0.737727,0.733295,0.740265,0.742765,0.731932,0.738712,0.737121,0.733295,0.727273,0.726439,0.70625,
53000,0.995925,0.998226,0.996491,0.995057,0.992943,0.988943,0.983283,0.972981,0.960604,0.942528,0.911849,0.87117,0.817887,0.754943,0.695962,0.664453,0.674604,0.697208,0.706981,0.717132,0.725472,0.726415,0.727849,0.733434,0.736604,0.736642,0.739509,0.739358,0.738377,0.730755,0.741849,0.731208,0.735283,0.734377,0.734679,0.729962,0.737585,0.735547,0.737623,0.733434,0.739925,0.742415,0.732377,0.738792,0.737321,0.733509,0.727358,0.726264,0.706,
53200,0.99594,0.998195,0.996504,0.995038,0.992932,0.988985,0.983346,0.972932,0.960714,0.942406,0.911955,0.871241,0.817857,0.755,0.695902,0.664286,0.674549,0.697331,0.707256,0.717105,0.725602,0.726353,0.728271,0.733534,0.736617,0.736504,0.739624,0.739774,0.738571,0.730639,0.74203,0.731053,0.735639,0.734211,0.734662,0.730075,0.737105,0.735188,0.737744,0.733571,0.74015,0.742594,0.732632,0.73891,0.737368,0.733722,0.72688,0.726391,0.70609,
53400,0.995955,0.998165,0.996517,0.995019,0.992884,0.988914,0.983333,0.972959,0.960674,0.942434,0.91206,0.871461,0.81764,0.755281,0.695618,0.664082,0.674569,0.697266,0.707191,0.717041,0.725581,0.726554,0.727903,0.733558,0.736517,0.736517,0.739625,0.739813,0.738614,0.730674,0.74191,0.731273,0.73588,0.734232,0.734757,0.730112,0.736704,0.735206,0.738202,0.733783,0.740262,0.74236,0.732921,0.738989,0.737378,0.73382,0.727116,0.726367,0.706105,
53600,0.995896,0.998134,0.99653,0.995037,0.992836,0.988918,0.983284,0.97291,0.960597,0.942276,0.91194,0.871455,0.817388,0.755261,0.695709,0.664067,0.674739,0.697276,0.707127,0.717164,0.725933,0.726455,0.727873,0.733806,0.736418,0.736493,0.739552,0.739888,0.738843,0.730784,0.741903,0.731082,0.735933,0.734216,0.734291,0.730037,0.737015,0.735336,0.73847,0.733843,0.740336,0.741978,0.732948,0.738731,0.737724,0.733694,0.727388,0.726231,0.705821,
53800,0.995911,0.998141,0.996543,0.995019,0.992862,0.988885,0.983197,0.972937,0.960595,0.942454,0.911784,0.871524,0.8171,0.755204,0.695762,0.664349,0.674721,0.697361,0.707063,0.717212,0.725985,0.726394,0.727732,0.733383,0.73658,0.736468,0.739331,0.740186,0.738996,0.730855,0.74171,0.730929,0.735836,0.734535,0.734498,0.730223,0.737212,0.735204,0.738141,0.733717,0.740558,0.742045,0.7329,0.73881,0.737472,0.733941,0.727398,0.726283,0.705762,
54000,0.995926,0.998148,0.996556,0.995,0.992889,0.988889,0.983259,0.973,0.96063,0.942593,0.911778,0.871444,0.817074,0.755333,0.695778,0.664,0.674667,0.697481,0.707148,0.717296,0.725963,0.726444,0.727704,0.733037,0.736259,0.736593,0.739481,0.740407,0.738963,0.730667,0.74163,0.731037,0.735889,0.734593,0.734333,0.730444,0.737296,0.734963,0.738185,0.733444,0.740148,0.741926,0.733148,0.739037,0.737333,0.733704,0.727444,0.726556,0.705926,
54200,0.995941,0.998155,0.996568,0.994945,0.992841,0.988893,0.983321,0.972989,0.960701,0.942657,0.911734,0.871439,0.817048,0.755461,0.695978,0.663764,0.674686,0.697417,0.707048,0.717454,0.725867,0.72631,0.727823,0.733173,0.736125,0.73679,0.739705,0.740369,0.739004,0.730886,0.741697,0.730886,0.736015,0.734723,0.734502,0.730221,0.737306,0.734982,0.738118,0.733579,0.74059,0.741808,0.733321,0.738967,0.737306,0.733764,0.727343,0.726679,0.70572,
54400,0.995882,0.998162,0.996544,0.994963,0.992831,0.988897,0.983382,0.973015,0.960772,0.942684,0.911912,0.871213,0.816912,0.755184,0.695662,0.66375,0.675037,0.697426,0.706912,0.717426,0.72614,0.726434,0.727868,0.733272,0.735625,0.736287,0.739779,0.740588,0.739412,0.731213,0.741654,0.731287,0.735993,0.734375,0.734265,0.730037,0.737316,0.734926,0.737868,0.733824,0.740294,0.741765,0.733235,0.738934,0.737132,0.733897,0.727206,0.726544,0.706176,
54600,0.995824,0.998168,0.996557,0.994982,0.992857,0.988901,0.98337,0.972967,0.960769,0.942674,0.911795,0.871282,0.817253,0.755165,0.695971,0.663663,0.674872,0.697582,0.706886,0.71707,0.726374,0.726337,0.727546,0.733297,0.735495,0.736117,0.739744,0.740916,0.739231,0.731172,0.741722,0.731612,0.735861,0.734432,0.734359,0.73,0.737363,0.734945,0.738095,0.733846,0.740293,0.741392,0.733333,0.738864,0.737253,0.734249,0.727363,0.726264,0.706044,
54800,0.995839,0.998175,0.996569,0.994927,0.992883,0.988942,0.983431,0.972956,0.960839,0.942591,0.911679,0.871387,0.817117,0.755219,0.69635,0.663248,0.674818,0.697628,0.706934,0.716496,0.726496,0.726387,0.727445,0.733285,0.735365,0.736277,0.739818,0.740803,0.739088,0.731095,0.741496,0.731934,0.735839,0.734635,0.734416,0.730036,0.737555,0.734854,0.738139,0.734161,0.740255,0.741314,0.733248,0.738978,0.737445,0.734161,0.727336,0.725912,0.706168,
55000,0.995855,0.998182,0.996582,0.994909,0.992909,0.988945,0.983455,0.972982,0.960764,0.942618,0.911782,0.871527,0.816945,0.755309,0.6964,0.663491,0.6748,0.697273,0.707127,0.716509,0.726618,0.726218,0.727491,0.733345,0.735236,0.736036,0.739709,0.740873,0.7392,0.730945,0.741345,0.731782,0.735964,0.734836,0.734655,0.730036,0.737527,0.734618,0.737855,0.733964,0.740218,0.741455,0.733382,0.738873,0.737382,0.734364,0.727236,0.725855,0.706145,
55200,0.99587,0.998188,0.996594,0.994928,0.992935,0.988949,0.983442,0.972935,0.960725,0.942681,0.911848,0.871558,0.816884,0.755181,0.696341,0.663225,0.674746,0.6975,0.706848,0.716486,0.726848,0.726377,0.727754,0.733478,0.735362,0.735833,0.73942,0.741051,0.739167,0.731304,0.741268,0.731703,0.735906,0.73471,0.73471,0.730072,0.73779,0.734565,0.737717,0.733877,0.740145,0.741304,0.733514,0.738732,0.737246,0.733877,0.727283,0.726014,0.706449,
55400,0.995884,0.998195,0.996606,0.994946,0.99296,0.988881,0.983466,0.972924,0.960758,0.942708,0.911877,0.871588,0.817184,0.755343,0.695884,0.663177,0.674404,0.697581,0.707184,0.716895,0.726931,0.726679,0.72787,0.733321,0.735343,0.73574,0.739567,0.740975,0.739458,0.731444,0.741444,0.731769,0.735993,0.735018,0.734657,0.73,0.738051,0.734693,0.737653,0.733863,0.740036,0.741155,0.733321,0.738448,0.73722,0.734007,0.727112,0.726173,0.706823,
55600,0.995899,0.998201,0.996583,0.994964,0.99295,0.988921,0.983381,0.972986,0.960827,0.942698,0.911978,0.871583,0.81723,0.755144,0.69554,0.663129,0.674676,0.697878,0.707446,0.716763,0.726942,0.726871,0.727662,0.733489,0.735396,0.735863,0.739496,0.741043,0.739424,0.731259,0.741475,0.731799,0.735935,0.735216,0.734784,0.730216,0.73795,0.734712,0.73777,0.734209,0.74,0.741115,0.733525,0.738489,0.736906,0.733885,0.726835,0.726187,0.706655,
55800,0.995914,0.998208,0.996559,0.994982,0.992975,0.988925,0.983369,0.972903,0.960824,0.942616,0.91172,0.871685,0.817384,0.755269,0.694982,0.663011,0.67509,0.697993,0.707634,0.716953,0.727168,0.726703,0.727814,0.733513,0.735412,0.735627,0.739892,0.741183,0.73957,0.731362,0.741577,0.732258,0.735878,0.735269,0.734982,0.730072,0.737814,0.73448,0.737419,0.734229,0.740036,0.741254,0.733548,0.738459,0.736989,0.733943,0.726487,0.72595,0.706703,
56000,0.995929,0.998214,0.996536,0.994964,0.992929,0.988857,0.983321,0.972964,0.960786,0.942679,0.911786,0.87175,0.817464,0.755286,0.695036,0.663179,0.675321,0.697786,0.707607,0.716929,0.727464,0.726643,0.727893,0.733393,0.735107,0.735429,0.739643,0.741393,0.739714,0.731286,0.741571,0.732536,0.735786,0.735286,0.735,0.73025,0.73775,0.734571,0.737393,0.734107,0.740179,0.741321,0.733857,0.738214,0.737,0.734071,0.726464,0.726071,0.706607,
56200,0.995907,0.998221,0.996548,0.994982,0.992954,0.988897,0.983345,0.972954,0.960783,0.942847,0.911779,0.871886,0.817331,0.75516,0.694626,0.663381,0.675765,0.697972,0.707367,0.71694,0.727473,0.726726,0.727616,0.733238,0.735302,0.735445,0.739573,0.741459,0.739537,0.731459,0.741174,0.732527,0.735872,0.735125,0.734947,0.730356,0.737722,0.734698,0.737367,0.733879,0.740391,0.741281,0.733772,0.737936,0.737295,0.734021,0.726477,0.726014,0.706584,
56400,0.995922,0.998227,0.99656,0.995,0.992979,0.988901,0.983333,0.972943,0.960887,0.94266,0.911844,0.871809,0.81734,0.75539,0.694433,0.663794,0.67578,0.697837,0.707234,0.716915,0.727447,0.726738,0.727766,0.733156,0.735496,0.735248,0.739539,0.741348,0.739645,0.731489,0.740851,0.732447,0.735745,0.735106,0.735,0.730213,0.737872,0.734929,0.737482,0.733972,0.740567,0.741206,0.733617,0.737837,0.73734,0.734043,0.726454,0.726064,0.706206,
56600,0.995936,0.998233,0.996572,0.994947,0.992933,0.988869,0.983357,0.973039,0.960848,0.942721,0.911767,0.871731,0.817456,0.7553,0.694558,0.663958,0.675477,0.697845,0.707456,0.71682,0.727314,0.726714,0.727633,0.733286,0.735724,0.735512,0.739576,0.741343,0.739717,0.731343,0.740601,0.73258,0.736007,0.735442,0.734841,0.729894,0.737597,0.735088,0.737385,0.733816,0.740495,0.740883,0.73364,0.737456,0.737279,0.734028,0.726714,0.72636,0.706325,
56800,0.995915,0.998239,0.996585,0.99493,0.992958,0.988908,0.983415,0.972993,0.960915,0.942641,0.911866,0.871585,0.817606,0.755458,0.694542,0.66419,0.675669,0.697852,0.707183,0.717042,0.727042,0.727007,0.727817,0.733415,0.73581,0.735493,0.739577,0.741303,0.739965,0.731444,0.740352,0.732394,0.736092,0.735246,0.734683,0.72993,0.737535,0.735493,0.737394,0.733944,0.740599,0.741127,0.733873,0.737218,0.737324,0.733944,0.72669,0.726232,0.706338,
57000,0.995895,0.998246,0.996596,0.994947,0.992947,0.988912,0.983474,0.972947,0.960912,0.942561,0.911965,0.871544,0.817825,0.755544,0.694421,0.664,0.675789,0.697754,0.706982,0.716632,0.727509,0.727088,0.727789,0.733368,0.73586,0.735509,0.739368,0.741263,0.74,0.731614,0.740456,0.732632,0.73614,0.735509,0.734842,0.730175,0.737684,0.735509,0.737333,0.733895,0.740702,0.741053,0.733754,0.737298,0.737474,0.73414,0.726807,0.726456,0.706421,
57200,0.995909,0.998252,0.996608,0.994965,0.992902,0.988916,0.983462,0.972902,0.960909,0.942517,0.912063,0.871573,0.818077,0.755524,0.694685,0.664231,0.67542,0.697552,0.706993,0.716259,0.727448,0.727133,0.728007,0.733427,0.736049,0.735874,0.73958,0.741434,0.74014,0.731503,0.740105,0.732657,0.736294,0.735594,0.73493,0.730105,0.737552,0.735385,0.737343,0.734231,0.740874,0.741189,0.733776,0.737273,0.737448,0.734021,0.726958,0.726503,0.706049,
57400,0.995923,0.998258,0.99662,0.994983,0.992892,0.988955,0.983484,0.972892,0.96101,0.942578,0.912195,0.871533,0.817875,0.755679,0.694739,0.664146,0.674843,0.6977,0.707038,0.716376,0.727387,0.727178,0.728153,0.733415,0.736028,0.735819,0.739338,0.740836,0.740209,0.731498,0.740139,0.732613,0.736132,0.73554,0.734704,0.72993,0.737491,0.735401,0.737178,0.734774,0.74108,0.741463,0.733937,0.737317,0.737561,0.734216,0.726969,0.726411,0.706307,
57600,0.995938,0.998264,0.996632,0.994965,0.992917,0.988993,0.983437,0.972951,0.961076,0.942569,0.912153,0.871389,0.817708,0.755625,0.694826,0.664201,0.674687,0.697917,0.707326,0.716562,0.727222,0.727292,0.728507,0.733785,0.736076,0.735799,0.739167,0.740938,0.740174,0.731354,0.740174,0.732535,0.736458,0.735382,0.734722,0.730104,0.737257,0.735694,0.737222,0.734653,0.741319,0.741354,0.733715,0.737535,0.737535,0.734444,0.726771,0.726493,0.706007,
57800,0.995882,0.99827,0.996644,0.994983,0.992907,0.988997,0.983426,0.972976,0.961038,0.942595,0.912042,0.871142,0.818062,0.75564,0.69481,0.664221,0.674775,0.698028,0.707578,0.716471,0.727059,0.727405,0.728235,0.733218,0.735848,0.735848,0.739343,0.74083,0.740208,0.731765,0.740346,0.732526,0.73654,0.735433,0.73474,0.730242,0.737682,0.735467,0.737266,0.734429,0.74083,0.741419,0.733633,0.737509,0.737232,0.734325,0.727163,0.726644,0.705882,
58000,0.995897,0.998276,0.996621,0.994966,0.992897,0.989,0.983483,0.973034,0.961,0.942552,0.912103,0.871276,0.818103,0.755517,0.695241,0.664172,0.674379,0.698103,0.707828,0.716379,0.726862,0.727276,0.728414,0.733379,0.735931,0.735966,0.739379,0.740931,0.740103,0.731862,0.740241,0.732621,0.736793,0.735345,0.734828,0.730276,0.737483,0.734862,0.736759,0.734448,0.740862,0.741483,0.733966,0.737621,0.737414,0.734034,0.727207,0.726621,0.705828,
58200,0.995911,0.998282,0.996632,0.994983,0.992921,0.9889,0.98354,0.972921,0.960997,0.942474,0.912165,0.871134,0.818316,0.755395,0.695052,0.664296,0.674467,0.697869,0.707869,0.716392,0.72677,0.727216,0.728522,0.733402,0.735945,0.735842,0.739485,0.741237,0.740206,0.73189,0.740447,0.732474,0.736838,0.735086,0.734845,0.730481,0.737663,0.73512,0.73677,0.734674,0.740962,0.741581,0.733986,0.737629,0.737388,0.734296,0.727148,0.726701,0.705636,
58400,0.995925,0.998288,0.996644,0.995,0.992911,0.988904,0.983459,0.972979,0.96113,0.942603,0.912089,0.871062,0.818253,0.755445,0.695445,0.664212,0.674418,0.697945,0.707877,0.716062,0.726712,0.727329,0.72887,0.733356,0.735856,0.735822,0.739247,0.741301,0.740377,0.731815,0.740514,0.732603,0.737055,0.735137,0.734726,0.730377,0.737705,0.735445,0.737055,0.734863,0.741199,0.741438,0.734007,0.737705,0.737295,0.734281,0.727226,0.726815,0.705548,
58600,0.995939,0.998294,0.996655,0.995017,0.992867,0.988908,0.983447,0.973038,0.961195,0.94273,0.912082,0.870853,0.818225,0.755392,0.695563,0.6643,0.674505,0.698055,0.707611,0.71587,0.726621,0.727065,0.728942,0.733174,0.735904,0.736041,0.739317,0.741092,0.740375,0.731433,0.740853,0.732867,0.737133,0.735154,0.734334,0.730273,0.73785,0.735563,0.737201,0.734915,0.741331,0.741433,0.733891,0.737611,0.73727,0.734369,0.727338,0.727167,0.705666,
58800,0.995884,0.998299,0.996667,0.995034,0.992789,0.988912,0.983503,0.973095,0.96119,0.942653,0.912211,0.870884,0.818163,0.755272,0.69551,0.664558,0.674728,0.698095,0.707279,0.715918,0.726565,0.727109,0.729184,0.733367,0.736088,0.736122,0.739048,0.740952,0.740544,0.731701,0.741122,0.732891,0.737211,0.734932,0.734422,0.730646,0.738095,0.735748,0.736939,0.734932,0.741259,0.741599,0.73398,0.737517,0.736973,0.734286,0.727143,0.727143,0.705646,
59000,0.995898,0.998305,0.996678,0.995051,0.992814,0.988949,0.983525,0.972983,0.96122,0.942508,0.912237,0.870814,0.818034,0.755288,0.695627,0.664644,0.674847,0.697864,0.707492,0.716203,0.726407,0.727322,0.729424,0.733525,0.736034,0.736475,0.739051,0.740949,0.740305,0.731322,0.740949,0.732881,0.736814,0.735051,0.734644,0.730441,0.737966,0.735695,0.736915,0.734881,0.741356,0.741492,0.733966,0.737831,0.737254,0.734542,0.727254,0.727254,0.705458,
59200,0.995912,0.998311,0.996689,0.995068,0.992838,0.988919,0.983581,0.972872,0.961047,0.942568,0.912365,0.870642,0.818176,0.755203,0.695473,0.66473,0.675068,0.697939,0.707635,0.716385,0.726182,0.727162,0.729561,0.733615,0.736014,0.736588,0.738615,0.741047,0.74027,0.731081,0.741115,0.733074,0.736858,0.735034,0.734764,0.730338,0.737804,0.735608,0.737128,0.734865,0.741385,0.741655,0.734054,0.73777,0.736892,0.735034,0.727432,0.727568,0.705608,
59400,0.995926,0.998316,0.9967,0.995084,0.992828,0.988822,0.983603,0.972862,0.961044,0.942694,0.912458,0.870741,0.818552,0.755017,0.695455,0.66468,0.675017,0.697946,0.707946,0.7167,0.726094,0.727374,0.729731,0.733569,0.736061,0.736498,0.738788,0.741077,0.740135,0.731347,0.741246,0.732896,0.737037,0.735084,0.734815,0.730438,0.737778,0.735657,0.737104,0.734747,0.741111,0.74165,0.734141,0.738114,0.73697,0.735084,0.727273,0.727542,0.705791,
59600,0.99594,0.998289,0.996711,0.995101,0.992819,0.988859,0.983557,0.972852,0.961007,0.942785,0.912349,0.870671,0.818557,0.754933,0.695403,0.664631,0.675369,0.698054,0.707852,0.716644,0.72651,0.727517,0.729597,0.733926,0.736309,0.736577,0.738624,0.741275,0.739899,0.731644,0.741174,0.733221,0.737148,0.735201,0.735134,0.730336,0.737617,0.735235,0.736946,0.735,0.74094,0.741409,0.734161,0.737819,0.737181,0.735403,0.727248,0.727416,0.705738,
59800,0.995953,0.998294,0.996689,0.995084,0.992809,0.988863,0.983478,0.972876,0.960936,0.942742,0.912408,0.870769,0.818562,0.75505,0.695452,0.664716,0.675452,0.697926,0.70786,0.716722,0.726321,0.727659,0.729666,0.733779,0.736054,0.736455,0.738696,0.741204,0.739799,0.731739,0.741338,0.733311,0.73689,0.735318,0.735151,0.730334,0.737692,0.735418,0.736789,0.735351,0.740803,0.741572,0.73408,0.73786,0.73709,0.735485,0.727324,0.727391,0.705686,
60000,0.995967,0.998267,0.9967,0.9951,0.992733,0.988867,0.983467,0.972967,0.960933,0.9425,0.912533,0.870767,0.8188,0.7552,0.695533,0.664667,0.6752,0.6974,0.7079,0.716767,0.7261,0.727533,0.729367,0.7336,0.736067,0.736733,0.739033,0.741433,0.7399,0.731933,0.741367,0.733233,0.737067,0.735233,0.734933,0.7302,0.737967,0.735467,0.737067,0.735367,0.740933,0.741533,0.734333,0.737867,0.736833,0.7354,0.7274,0.727533,0.706,
60200,0.995947,0.998272,0.996678,0.995116,0.992757,0.98887,0.983455,0.973023,0.960897,0.942492,0.912558,0.870897,0.818671,0.755282,0.695581,0.664419,0.675382,0.697243,0.707608,0.717043,0.726379,0.727741,0.729236,0.733488,0.736213,0.736611,0.739037,0.741661,0.7401,0.73206,0.740997,0.733455,0.736944,0.735482,0.73505,0.730332,0.738106,0.735681,0.73691,0.735216,0.740897,0.741528,0.734219,0.73814,0.73711,0.735415,0.727375,0.727076,0.706412,
60400,0.995927,0.998278,0.996689,0.995132,0.992781,0.988874,0.98351,0.973079,0.960927,0.942351,0.912583,0.870795,0.818642,0.755662,0.69553,0.664503,0.675166,0.697086,0.707649,0.717219,0.726523,0.727815,0.729205,0.733411,0.735828,0.736457,0.739338,0.741623,0.740199,0.731954,0.740927,0.733675,0.736954,0.73553,0.735199,0.730662,0.738113,0.735364,0.736921,0.735298,0.740795,0.741556,0.734238,0.738179,0.737086,0.734967,0.727583,0.727185,0.706424,
60600,0.995941,0.998251,0.9967,0.995149,0.992739,0.988878,0.983465,0.973069,0.960825,0.942211,0.912607,0.870594,0.818647,0.755545,0.695182,0.664488,0.675116,0.697228,0.707855,0.717063,0.726667,0.727756,0.729076,0.733168,0.735908,0.736337,0.739274,0.741716,0.740396,0.732343,0.741089,0.733762,0.7367,0.735644,0.734983,0.730759,0.738218,0.735512,0.736766,0.735611,0.740858,0.741617,0.734257,0.738119,0.736634,0.73505,0.727921,0.727162,0.706436,
60800,0.995954,0.998257,0.996711,0.995132,0.99273,0.988914,0.98352,0.973092,0.960855,0.942105,0.912599,0.870789,0.81875,0.755395,0.695099,0.664375,0.675296,0.697039,0.707895,0.716875,0.727007,0.727763,0.729145,0.733224,0.735822,0.736414,0.739178,0.741743,0.740329,0.732204,0.741086,0.733882,0.736711,0.735559,0.735099,0.730855,0.738454,0.735461,0.736809,0.735757,0.740855,0.741809,0.734342,0.737928,0.736743,0.735197,0.727993,0.72727,0.70648,
61000,0.995967,0.998262,0.996721,0.995082,0.992721,0.988918,0.983574,0.973082,0.960885,0.942066,0.912525,0.870721,0.818721,0.755344,0.695279,0.664623,0.675344,0.696918,0.707672,0.717246,0.727148,0.72777,0.729311,0.733475,0.736033,0.73623,0.73918,0.741836,0.740164,0.732459,0.740787,0.733902,0.73682,0.735541,0.73518,0.730754,0.738426,0.735672,0.736885,0.735672,0.740918,0.741803,0.734262,0.738098,0.737016,0.735213,0.728197,0.727115,0.706197,
61200,0.99598,0.998268,0.996732,0.995098,0.992745,0.988954,0.983627,0.973105,0.960882,0.942124,0.912614,0.870784,0.818922,0.755098,0.695229,0.664542,0.675425,0.69683,0.707582,0.717353,0.726732,0.727778,0.729608,0.733399,0.735948,0.736144,0.73902,0.741895,0.740131,0.732484,0.740686,0.733889,0.736961,0.735392,0.735065,0.730686,0.73866,0.735588,0.73683,0.735752,0.741209,0.741732,0.73415,0.737908,0.737092,0.735523,0.728301,0.727124,0.706144,
61400,0.995993,0.998274,0.996743,0.995081,0.992769,0.98899,0.983616,0.973062,0.960847,0.942182,0.91241,0.870749,0.81873,0.754984,0.695407,0.66456,0.675309,0.696906,0.707231,0.717003,0.726873,0.727948,0.729577,0.733518,0.736221,0.736221,0.738958,0.741857,0.74,0.732313,0.740684,0.733844,0.73684,0.735375,0.735114,0.730814,0.738762,0.73557,0.73671,0.735863,0.741303,0.741726,0.734137,0.737915,0.736775,0.73557,0.72798,0.727362,0.706287,
61600,0.996006,0.998279,0.996721,0.995065,0.99276,0.989026,0.983636,0.973149,0.960812,0.94224,0.912273,0.870584,0.818766,0.754838,0.695519,0.664545,0.675357,0.697045,0.707273,0.716948,0.726656,0.728052,0.729578,0.733766,0.736234,0.736104,0.738799,0.742078,0.739968,0.73237,0.740942,0.734188,0.736786,0.735714,0.735227,0.730877,0.738506,0.735747,0.737078,0.735714,0.741526,0.741526,0.734318,0.73776,0.736786,0.735584,0.728117,0.727468,0.706169,
61800,0.995987,0.998285,0.996731,0.995081,0.992751,0.988964,0.983625,0.973204,0.960777,0.942233,0.912298,0.870777,0.818738,0.754854,0.695599,0.664498,0.675307,0.697055,0.707217,0.717087,0.726505,0.728188,0.729806,0.733819,0.736311,0.736052,0.738706,0.741521,0.739903,0.732686,0.740809,0.734466,0.736537,0.735728,0.735243,0.730841,0.738835,0.736019,0.736893,0.735728,0.741392,0.741456,0.734272,0.737832,0.736926,0.735631,0.728123,0.727443,0.706084,
62000,0.996,0.99829,0.996742,0.995097,0.992774,0.988968,0.983677,0.973161,0.960806,0.942323,0.912387,0.870839,0.818677,0.754806,0.695613,0.66471,0.675613,0.696677,0.706935,0.716968,0.726355,0.728484,0.729871,0.733806,0.736387,0.735968,0.738645,0.741323,0.739968,0.732677,0.740613,0.734258,0.736677,0.735903,0.735226,0.731065,0.738677,0.735903,0.736806,0.735968,0.741355,0.741419,0.734419,0.737935,0.736774,0.735742,0.728097,0.727581,0.706065,
62200,0.996013,0.998296,0.996752,0.995113,0.992765,0.988971,0.983698,0.973151,0.960707,0.942379,0.912283,0.870643,0.818714,0.754695,0.695531,0.664534,0.675563,0.696785,0.706752,0.716977,0.726302,0.728457,0.730064,0.733601,0.736334,0.73582,0.738392,0.741158,0.739775,0.732669,0.740514,0.734212,0.736881,0.735981,0.735402,0.730932,0.738617,0.736077,0.736849,0.735884,0.741318,0.741543,0.734373,0.737781,0.736881,0.735756,0.728167,0.72791,0.706141,
62400,0.995994,0.998301,0.996763,0.995128,0.992788,0.989006,0.983718,0.973173,0.960641,0.942276,0.912276,0.870545,0.818718,0.754904,0.695705,0.664583,0.67516,0.697083,0.706763,0.717115,0.726635,0.728718,0.730032,0.733718,0.736442,0.735801,0.738141,0.741122,0.739583,0.732468,0.740769,0.734295,0.736731,0.735833,0.735256,0.731058,0.738782,0.735962,0.736955,0.735994,0.741538,0.741699,0.734231,0.737821,0.736859,0.735385,0.728237,0.727756,0.706026,
62600,0.996006,0.998307,0.996773,0.995144,0.99278,0.988946,0.983738,0.973131,0.960703,0.942396,0.912396,0.870447,0.818754,0.75492,0.695783,0.664409,0.675495,0.696965,0.706645,0.717125,0.726581,0.728882,0.730128,0.73361,0.736422,0.735623,0.738275,0.741022,0.739265,0.732428,0.740831,0.734345,0.736869,0.735719,0.735335,0.730863,0.738914,0.736134,0.736741,0.736102,0.741374,0.741725,0.734633,0.737923,0.737029,0.735176,0.728403,0.727764,0.705783,
62800,0.995987,0.998312,0.996752,0.995159,0.992771,0.988981,0.98379,0.973121,0.960701,0.942357,0.912166,0.870414,0.818854,0.755127,0.695796,0.664395,0.675828,0.697389,0.706815,0.717229,0.726497,0.728503,0.730191,0.733822,0.736688,0.735669,0.73828,0.741019,0.739331,0.732516,0.740764,0.734554,0.736879,0.735701,0.735223,0.731083,0.739108,0.736115,0.736561,0.736306,0.74172,0.741911,0.734682,0.737962,0.736783,0.735223,0.728312,0.727994,0.705955,
63000,0.996,0.998317,0.996762,0.995111,0.992762,0.988984,0.98381,0.973111,0.960762,0.942381,0.912159,0.87054,0.818857,0.755206,0.695841,0.664127,0.675778,0.697524,0.707048,0.717492,0.726476,0.72854,0.73,0.733873,0.73673,0.735556,0.738413,0.741206,0.73927,0.732317,0.740794,0.734413,0.736952,0.735492,0.735365,0.730984,0.738952,0.736,0.735905,0.736159,0.741746,0.742286,0.734921,0.738159,0.736984,0.735206,0.728159,0.728063,0.70619,
63200,0.996013,0.998323,0.996772,0.995127,0.992785,0.989019,0.983766,0.973133,0.960665,0.942373,0.912342,0.870411,0.818956,0.75519,0.695854,0.664019,0.675728,0.69731,0.707025,0.717373,0.726709,0.728608,0.729873,0.733671,0.736741,0.735791,0.738513,0.741392,0.739209,0.732247,0.740886,0.734241,0.736741,0.73538,0.735411,0.730791,0.738924,0.736044,0.736076,0.736139,0.741677,0.742342,0.734968,0.738165,0.73712,0.735158,0.728165,0.727943,0.706076,
63400,0.996025,0.998328,0.996751,0.99511,0.992776,0.988991,0.983785,0.973155,0.960694,0.942208,0.912303,0.87041,0.818927,0.754763,0.695931,0.664164,0.676025,0.69735,0.707224,0.717287,0.726782,0.728707,0.730032,0.733785,0.736498,0.735552,0.738202,0.741609,0.739338,0.732208,0.741136,0.73429,0.736877,0.735647,0.735647,0.731009,0.73877,0.736025,0.736309,0.736467,0.741861,0.742082,0.735016,0.738233,0.737066,0.734984,0.728139,0.727697,0.706057,
63600,0.996038,0.998333,0.996761,0.995126,0.992767,0.988994,0.983774,0.973145,0.960629,0.942201,0.912264,0.870346,0.819057,0.754686,0.696006,0.664528,0.676226,0.697264,0.707075,0.717296,0.727013,0.728742,0.729874,0.733711,0.736572,0.735472,0.738208,0.741478,0.739465,0.732233,0.741069,0.734308,0.736855,0.735629,0.735566,0.731069,0.738711,0.736069,0.736352,0.736635,0.741667,0.742075,0.735126,0.738208,0.736918,0.734811,0.727987,0.72761,0.706321,
63800,0.996019,0.998339,0.996771,0.995141,0.992759,0.988997,0.983793,0.973166,0.960596,0.9421,0.912257,0.870282,0.818966,0.754545,0.695893,0.664608,0.676207,0.697429,0.706897,0.717461,0.726928,0.728871,0.729843,0.733605,0.736771,0.735486,0.738245,0.74163,0.739467,0.732194,0.741066,0.734169,0.736677,0.735831,0.735643,0.731066,0.738621,0.735862,0.736583,0.736552,0.74163,0.742132,0.735078,0.738245,0.736677,0.734639,0.7279,0.727492,0.706489,
64000,0.996,0.998344,0.996781,0.995156,0.992687,0.988969,0.983812,0.973156,0.960594,0.942125,0.912406,0.870437,0.818875,0.754344,0.69575,0.664625,0.676125,0.697562,0.706906,0.7175,0.726844,0.728781,0.729719,0.733656,0.737031,0.735313,0.738219,0.741906,0.739406,0.732437,0.741094,0.734125,0.736469,0.73575,0.735281,0.731,0.738375,0.736125,0.736719,0.736844,0.741719,0.742313,0.735031,0.738156,0.736812,0.734688,0.727812,0.727719,0.706594,
64200,0.996012,0.998349,0.996791,0.99514,0.99271,0.988941,0.983801,0.973146,0.960592,0.942118,0.912523,0.870374,0.818567,0.754455,0.696168,0.664642,0.676106,0.697508,0.706667,0.717477,0.726916,0.729003,0.729813,0.733551,0.737196,0.735358,0.738349,0.7419,0.73947,0.732243,0.74081,0.734019,0.736137,0.735607,0.73514,0.73109,0.738224,0.736137,0.736573,0.737134,0.741745,0.742368,0.735389,0.738474,0.73676,0.734798,0.727913,0.72757,0.706324,
64400,0.995963,0.998354,0.996801,0.995155,0.992702,0.988882,0.98382,0.973168,0.960528,0.942019,0.91264,0.87028,0.818385,0.754472,0.69618,0.664348,0.676087,0.697236,0.706615,0.717547,0.72705,0.729286,0.729938,0.733292,0.737174,0.735342,0.738602,0.742019,0.73941,0.732174,0.740776,0.734037,0.736056,0.735714,0.735062,0.731025,0.738354,0.736056,0.736646,0.736925,0.741677,0.742578,0.735466,0.73854,0.736708,0.734565,0.728075,0.727733,0.706304,
64600,0.995975,0.998359,0.996811,0.995139,0.992724,0.988885,0.98387,0.973158,0.960557,0.942043,0.912632,0.870093,0.818204,0.75452,0.696409,0.664365,0.676099,0.697245,0.70678,0.717678,0.727307,0.729133,0.730093,0.733406,0.737276,0.735511,0.738638,0.741889,0.739505,0.732384,0.740867,0.734025,0.736161,0.735789,0.735139,0.731022,0.73808,0.73613,0.736594,0.737059,0.741703,0.742663,0.735573,0.738266,0.736749,0.734303,0.728111,0.727678,0.706471,
64800,0.995864,0.998364,0.996821,0.995154,0.992747,0.988889,0.983858,0.97321,0.960648,0.942006,0.912654,0.870031,0.81821,0.754475,0.696698,0.664074,0.676142,0.697315,0.706944,0.717531,0.727253,0.729043,0.729907,0.733549,0.737438,0.735216,0.738611,0.742068,0.739228,0.732438,0.740833,0.734198,0.736111,0.735957,0.735185,0.730957,0.737901,0.736204,0.736605,0.737006,0.741574,0.742932,0.73534,0.738457,0.736914,0.734444,0.728148,0.727685,0.706265,
65000,0.995877,0.998369,0.996831,0.995169,0.992769,0.988831,0.983815,0.9732,0.960646,0.942031,0.912615,0.869938,0.818369,0.754585,0.696954,0.663938,0.675723,0.697569,0.706985,0.717077,0.727292,0.729292,0.729969,0.733477,0.737569,0.735077,0.738615,0.742277,0.739262,0.732523,0.740862,0.734062,0.736185,0.735877,0.735046,0.7308,0.737877,0.736338,0.736677,0.7372,0.741938,0.742892,0.735385,0.738092,0.737077,0.734523,0.728154,0.7276,0.706,
65200,0.995859,0.998374,0.99681,0.995184,0.992791,0.988742,0.983865,0.97319,0.960613,0.942025,0.912669,0.870092,0.818313,0.754755,0.697117,0.663712,0.675521,0.697393,0.707147,0.716748,0.727178,0.729601,0.729816,0.733896,0.737638,0.734969,0.738558,0.741994,0.739448,0.732546,0.741043,0.73408,0.736258,0.735675,0.735337,0.730736,0.737791,0.736258,0.736687,0.737117,0.741902,0.742853,0.735276,0.738252,0.73727,0.734601,0.72819,0.727485,0.706166,
65400,0.995841,0.998379,0.99682,0.995199,0.992783,0.988777,0.983914,0.97318,0.960581,0.941988,0.912752,0.870398,0.818318,0.754495,0.697248,0.663823,0.675627,0.697125,0.707309,0.716636,0.72737,0.729602,0.730092,0.733914,0.737798,0.735076,0.738746,0.742049,0.739174,0.732813,0.740979,0.73367,0.736116,0.735627,0.735229,0.730826,0.738073,0.736514,0.736697,0.737401,0.741774,0.742997,0.73526,0.738379,0.737248,0.734495,0.728379,0.727615,0.706116,
65600,0.995854,0.998384,0.996829,0.995183,0.992805,0.98878,0.983841,0.973232,0.960579,0.941982,0.912713,0.870244,0.818354,0.754604,0.697195,0.663963,0.675854,0.697104,0.707378,0.716585,0.7275,0.729817,0.730244,0.733933,0.737957,0.735,0.738445,0.741768,0.739268,0.732866,0.741098,0.733659,0.736128,0.735427,0.735274,0.730823,0.738262,0.736433,0.736921,0.73747,0.741799,0.742957,0.735274,0.738293,0.737439,0.734421,0.728415,0.727927,0.706311,
65800,0.995866,0.998389,0.996809,0.995198,0.992796,0.988784,0.98386,0.973252,0.960486,0.942036,0.912796,0.870182,0.81845,0.754225,0.697143,0.664316,0.675805,0.697325,0.707477,0.716717,0.72766,0.73003,0.730243,0.733769,0.737994,0.734802,0.738207,0.741581,0.73921,0.732796,0.741307,0.733647,0.736353,0.735198,0.735532,0.730973,0.738207,0.736322,0.736596,0.737599,0.741793,0.742948,0.73538,0.73845,0.737234,0.734438,0.72848,0.727842,0.706322,
66000,0.995879,0.998364,0.996818,0.995212,0.992818,0.988697,0.983818,0.973242,0.960515,0.94197,0.912818,0.870212,0.818576,0.753939,0.697242,0.664424,0.675818,0.697091,0.707727,0.716818,0.727697,0.730182,0.730061,0.733636,0.73797,0.734758,0.738152,0.741636,0.739152,0.732758,0.741061,0.733515,0.736273,0.735364,0.735545,0.730939,0.738303,0.736485,0.736606,0.737333,0.741667,0.743182,0.735333,0.738606,0.737242,0.734273,0.728455,0.727818,0.706152,
66200,0.995861,0.998369,0.996828,0.995196,0.992749,0.988701,0.983807,0.973263,0.960483,0.941994,0.912598,0.870332,0.81855,0.754048,0.697251,0.664562,0.67574,0.69713,0.707795,0.716858,0.727613,0.730332,0.730151,0.733565,0.737613,0.734834,0.738066,0.741269,0.739094,0.73281,0.741208,0.733444,0.736435,0.735498,0.73574,0.730816,0.738489,0.736314,0.736556,0.73713,0.741722,0.743172,0.735196,0.738489,0.737341,0.73429,0.728036,0.727704,0.706073,
66400,0.995873,0.998343,0.996837,0.995211,0.992771,0.988735,0.983795,0.973313,0.960482,0.942048,0.91247,0.870392,0.818675,0.754217,0.697229,0.664488,0.675753,0.697289,0.707831,0.716747,0.72756,0.730301,0.730181,0.733464,0.737651,0.73509,0.738102,0.741416,0.739157,0.732922,0.741235,0.733524,0.736265,0.735331,0.735753,0.731024,0.738675,0.736476,0.736506,0.737199,0.741717,0.743163,0.735211,0.738343,0.737139,0.734277,0.728163,0.727651,0.706355,
66600,0.995886,0.998348,0.996847,0.995225,0.992763,0.988769,0.983814,0.973333,0.96042,0.941982,0.912523,0.87042,0.818529,0.754264,0.697237,0.664384,0.675676,0.697267,0.707718,0.716937,0.727628,0.730511,0.73015,0.733303,0.737868,0.735255,0.738108,0.741321,0.739159,0.732943,0.741081,0.733514,0.736216,0.735465,0.735916,0.731261,0.738889,0.736577,0.736486,0.737357,0.741532,0.743333,0.735165,0.738228,0.737357,0.734324,0.728258,0.727598,0.706306,
66800,0.995868,0.998323,0.996856,0.99521,0.992725,0.988772,0.983802,0.973413,0.960419,0.941916,0.912545,0.870479,0.818683,0.754341,0.697365,0.664311,0.675479,0.697275,0.707874,0.716856,0.727784,0.730569,0.73015,0.733473,0.737934,0.73518,0.738114,0.741407,0.739102,0.733144,0.740958,0.733533,0.736078,0.735359,0.735958,0.731228,0.738713,0.736916,0.736377,0.737605,0.741257,0.743413,0.73512,0.738054,0.737365,0.734192,0.728263,0.727545,0.706317,
67000,0.995821,0.998328,0.996866,0.995224,0.992746,0.988776,0.983821,0.973373,0.960328,0.941851,0.912657,0.870448,0.818687,0.754478,0.697463,0.664567,0.675343,0.697284,0.707672,0.716925,0.727851,0.730507,0.73009,0.733612,0.737881,0.735015,0.738209,0.741284,0.739075,0.733254,0.740746,0.733552,0.736119,0.735403,0.736,0.731493,0.738746,0.736866,0.736149,0.737761,0.741224,0.743224,0.734955,0.738,0.737313,0.734388,0.728388,0.727612,0.706657,
67200,0.995833,0.998333,0.996875,0.995208,0.992768,0.98878,0.983839,0.973304,0.960268,0.941815,0.912738,0.870476,0.818482,0.754464,0.697589,0.664345,0.675298,0.697321,0.707827,0.717083,0.728095,0.730655,0.730268,0.733631,0.738065,0.73503,0.738244,0.740982,0.739107,0.733214,0.740804,0.73369,0.73622,0.735476,0.735952,0.731548,0.73878,0.736935,0.735982,0.737679,0.741101,0.743185,0.734881,0.738065,0.737232,0.734286,0.728601,0.727708,0.706696,
67400,0.995816,0.998309,0.996884,0.995223,0.99276,0.988754,0.983828,0.973234,0.960119,0.94181,0.91276,0.870653,0.818487,0.75454,0.697567,0.664392,0.675341,0.6973,0.707567,0.717092,0.727745,0.730712,0.730208,0.733531,0.738249,0.735074,0.738309,0.740861,0.738843,0.733056,0.740831,0.733591,0.736291,0.735163,0.735964,0.731602,0.738932,0.737122,0.735875,0.737507,0.741068,0.743234,0.734837,0.738012,0.737122,0.734362,0.728398,0.727834,0.706706,
67600,0.995799,0.998314,0.996893,0.995237,0.992751,0.988757,0.983817,0.973225,0.960207,0.941657,0.912899,0.870533,0.818491,0.75432,0.697456,0.664556,0.675533,0.69716,0.707811,0.716982,0.72784,0.730503,0.730266,0.733639,0.738166,0.735207,0.738254,0.740769,0.738728,0.733284,0.740917,0.733462,0.736302,0.734793,0.736036,0.731657,0.738994,0.737278,0.736124,0.737663,0.740976,0.742751,0.734704,0.738107,0.737041,0.734615,0.728728,0.727722,0.706598,
67800,0.995811,0.998319,0.996903,0.995221,0.992773,0.988761,0.983864,0.973186,0.960206,0.941534,0.913009,0.870619,0.818614,0.75413,0.697581,0.664631,0.675339,0.69705,0.707699,0.716726,0.727817,0.730383,0.730383,0.733805,0.737965,0.735251,0.738171,0.740855,0.738702,0.733009,0.741032,0.733481,0.736342,0.73472,0.736195,0.731622,0.739145,0.737227,0.736165,0.737375,0.740796,0.742861,0.734956,0.738024,0.737168,0.734484,0.728791,0.727788,0.706755,
68000,0.995824,0.998294,0.996912,0.995206,0.992794,0.988765,0.983882,0.973176,0.960294,0.941618,0.912912,0.870676,0.818353,0.754353,0.697647,0.664382,0.675324,0.696941,0.707794,0.716882,0.727735,0.730441,0.730471,0.733912,0.738,0.735353,0.7385,0.741,0.738824,0.733029,0.740971,0.733235,0.736559,0.734794,0.736412,0.731824,0.739059,0.737353,0.736147,0.737353,0.740794,0.743088,0.735235,0.737824,0.737353,0.734588,0.728529,0.728088,0.706412,
68200,0.995806,0.998299,0.996921,0.995191,0.992815,0.988798,0.983871,0.973226,0.960205,0.941642,0.912874,0.870792,0.818416,0.754252,0.697566,0.664487,0.675337,0.696716,0.708035,0.716979,0.727859,0.730469,0.730469,0.733783,0.738094,0.735513,0.738534,0.740997,0.738592,0.733167,0.740968,0.733519,0.736628,0.735073,0.736188,0.731935,0.739062,0.737302,0.736276,0.737537,0.74088,0.74305,0.735044,0.737889,0.73739,0.734633,0.728504,0.728299,0.706364,
68400,0.995819,0.998304,0.996871,0.995175,0.992836,0.988801,0.983801,0.973216,0.960292,0.941754,0.912924,0.870673,0.818333,0.754357,0.697544,0.664444,0.675585,0.696608,0.707807,0.716988,0.727836,0.730263,0.730556,0.733801,0.738275,0.735585,0.738684,0.740936,0.738684,0.733275,0.74117,0.733596,0.736667,0.735088,0.73617,0.731901,0.738977,0.737398,0.736111,0.737836,0.740906,0.74307,0.734766,0.73769,0.737251,0.734532,0.728596,0.728421,0.706696,
68600,0.995773,0.998309,0.99688,0.99519,0.992828,0.988746,0.983819,0.973265,0.96035,0.94172,0.913003,0.870612,0.818455,0.754169,0.697522,0.664198,0.675743,0.696676,0.707901,0.717026,0.727872,0.730146,0.730758,0.73379,0.738484,0.735743,0.73895,0.74105,0.738601,0.733061,0.741079,0.733557,0.736647,0.735131,0.736006,0.731983,0.739184,0.737405,0.736152,0.737843,0.740962,0.743003,0.73481,0.737726,0.737289,0.734461,0.728251,0.728192,0.706647,
68800,0.995785,0.998314,0.99689,0.995203,0.992849,0.988721,0.983837,0.973227,0.96032,0.941686,0.912994,0.870436,0.818692,0.75407,0.697733,0.66407,0.675843,0.696541,0.707965,0.717297,0.727791,0.730291,0.730901,0.733663,0.738517,0.735581,0.738924,0.741483,0.738663,0.732849,0.741279,0.73375,0.736744,0.735262,0.736163,0.732006,0.739419,0.737616,0.736076,0.737616,0.740872,0.742907,0.734913,0.737733,0.737151,0.73407,0.727994,0.728576,0.706802,
69000,0.995797,0.998319,0.996899,0.995188,0.99287,0.988754,0.983884,0.973246,0.960319,0.941681,0.912957,0.870522,0.818783,0.754203,0.69771,0.664174,0.675652,0.696638,0.707594,0.717014,0.727971,0.730464,0.731072,0.733768,0.73829,0.735478,0.739072,0.74142,0.738261,0.732725,0.74113,0.73371,0.736435,0.735333,0.73629,0.732029,0.739391,0.737681,0.736087,0.737536,0.740754,0.742812,0.73487,0.737623,0.737101,0.734029,0.728087,0.72858,0.706957,
69200,0.995809,0.998324,0.996879,0.995202,0.992832,0.988786,0.983902,0.973237,0.960231,0.941705,0.913064,0.870665,0.818931,0.75396,0.697486,0.664306,0.675462,0.696763,0.70763,0.716936,0.728064,0.730231,0.731127,0.733815,0.738324,0.735462,0.739133,0.741329,0.73841,0.732948,0.740925,0.733873,0.736532,0.735347,0.736301,0.73211,0.739711,0.73789,0.735809,0.737543,0.740694,0.742861,0.734827,0.737688,0.737254,0.734133,0.727948,0.728266,0.707225,
69400,0.995793,0.998329,0.996859,0.995216,0.992795,0.988818,0.983862,0.973228,0.960202,0.941758,0.913141,0.870548,0.818876,0.754092,0.697464,0.66438,0.675504,0.696369,0.707752,0.717061,0.7283,0.730375,0.731354,0.73389,0.738242,0.735533,0.739107,0.74147,0.738444,0.732536,0.740576,0.733631,0.736628,0.735648,0.736542,0.732133,0.739568,0.73781,0.735735,0.737637,0.74072,0.742795,0.735101,0.737896,0.737522,0.734236,0.72804,0.727954,0.707089,
69600,0.995805,0.998333,0.996868,0.995201,0.992816,0.988822,0.983851,0.973276,0.960144,0.941782,0.913218,0.870546,0.818822,0.754195,0.697213,0.664253,0.675489,0.696552,0.707874,0.716925,0.72842,0.730345,0.731236,0.733908,0.737989,0.735431,0.739109,0.74158,0.738247,0.732672,0.740747,0.733678,0.736523,0.735489,0.736351,0.73204,0.739511,0.738017,0.736034,0.73773,0.74069,0.742759,0.735057,0.737874,0.737529,0.734368,0.728132,0.727874,0.706925,
69800,0.995817,0.998338,0.996848,0.995158,0.992808,0.988825,0.983897,0.973324,0.960201,0.941719,0.913095,0.870487,0.818911,0.75404,0.697335,0.664413,0.675731,0.696676,0.708023,0.716934,0.728223,0.730115,0.730974,0.734069,0.737908,0.735444,0.739169,0.741433,0.738596,0.732923,0.740774,0.733811,0.736304,0.735702,0.736361,0.732149,0.739484,0.738195,0.735903,0.737765,0.740573,0.742837,0.7351,0.737736,0.73765,0.734126,0.728252,0.727994,0.70702,
70000,0.995829,0.998343,0.996857,0.995143,0.9928,0.988829,0.983943,0.973286,0.960229,0.941629,0.913029,0.870429,0.818714,0.753914,0.697543,0.664571,0.675771,0.696771,0.707943,0.717257,0.728143,0.73,0.731057,0.734057,0.737886,0.7354,0.7392,0.741686,0.738829,0.732886,0.740686,0.7338,0.736229,0.735857,0.736343,0.732257,0.739171,0.738286,0.735971,0.737914,0.7406,0.742886,0.735029,0.7378,0.737429,0.734029,0.728229,0.727886,0.706829,
70200,0.995812,0.998348,0.996866,0.995157,0.992821,0.988832,0.98396,0.973276,0.960228,0.941624,0.912991,0.870256,0.818746,0.753789,0.697806,0.664672,0.675897,0.696496,0.707778,0.717379,0.728177,0.729972,0.731254,0.734103,0.738006,0.735271,0.738974,0.741425,0.738889,0.732906,0.740826,0.733903,0.73604,0.735926,0.73641,0.732536,0.739202,0.738376,0.736268,0.737863,0.74057,0.742707,0.735128,0.737749,0.737493,0.733875,0.728291,0.727806,0.706667,
70400,0.995824,0.998352,0.996847,0.99517,0.992841,0.988807,0.983977,0.973295,0.960227,0.941619,0.913097,0.870369,0.818864,0.753778,0.698182,0.664687,0.675767,0.696165,0.707642,0.717074,0.728068,0.730114,0.731335,0.734233,0.73821,0.735341,0.739091,0.741335,0.738949,0.732869,0.740653,0.733892,0.736136,0.735597,0.736222,0.732472,0.739347,0.738722,0.736506,0.737926,0.740568,0.742756,0.735114,0.737699,0.737557,0.733778,0.728381,0.727983,0.706449,
70600,0.995836,0.998329,0.996856,0.995156,0.992861,0.988782,0.983966,0.973258,0.960312,0.941615,0.913116,0.870255,0.819008,0.753909,0.697875,0.664759,0.675609,0.696204,0.70728,0.717167,0.727989,0.730425,0.73119,0.734193,0.738215,0.735212,0.739263,0.741558,0.738839,0.73272,0.740737,0.733853,0.736062,0.735666,0.736402,0.73238,0.739292,0.738442,0.736516,0.737932,0.740368,0.742663,0.735382,0.737734,0.737705,0.733739,0.728385,0.72813,0.706544,
70800,0.995847,0.998333,0.996864,0.995169,0.992853,0.988729,0.983983,0.973277,0.960198,0.941638,0.913051,0.870282,0.819153,0.753955,0.697627,0.664689,0.675537,0.696328,0.707599,0.717175,0.728164,0.730367,0.731215,0.734181,0.738305,0.735141,0.73904,0.741667,0.738729,0.732768,0.740565,0.733644,0.736271,0.736073,0.73661,0.732401,0.73952,0.738333,0.736582,0.738051,0.740565,0.742853,0.735452,0.73791,0.737486,0.733757,0.728418,0.728418,0.706554,
71000,0.995859,0.998338,0.996873,0.995183,0.992817,0.988761,0.983915,0.973324,0.960225,0.941606,0.913099,0.870282,0.819183,0.754141,0.697775,0.664479,0.675268,0.696113,0.707521,0.717324,0.728254,0.730366,0.731239,0.734394,0.73831,0.735042,0.73893,0.741662,0.738704,0.733042,0.740535,0.733437,0.736141,0.736197,0.736592,0.732197,0.739493,0.738394,0.736873,0.738338,0.740592,0.742648,0.735521,0.737887,0.737493,0.733915,0.728366,0.728704,0.706704,
71200,0.995871,0.998315,0.996826,0.995197,0.992837,0.988792,0.983961,0.97323,0.960253,0.941713,0.91323,0.870337,0.819298,0.754157,0.697809,0.664045,0.675281,0.69618,0.7075,0.717275,0.727978,0.730421,0.731517,0.734466,0.738511,0.735365,0.738792,0.741742,0.738708,0.733034,0.740702,0.733343,0.736376,0.736152,0.736685,0.73191,0.739298,0.73823,0.736966,0.738483,0.740506,0.742669,0.73559,0.737949,0.737444,0.733876,0.72868,0.728624,0.706517,
71400,0.995882,0.998319,0.996835,0.99521,0.992857,0.988796,0.98395,0.973109,0.96028,0.941737,0.913165,0.870392,0.819356,0.754202,0.697983,0.663894,0.675294,0.696106,0.707395,0.717423,0.727815,0.730504,0.731681,0.734146,0.738347,0.735322,0.73902,0.741709,0.738543,0.733081,0.740504,0.733557,0.736555,0.736106,0.736807,0.731905,0.739272,0.737843,0.736863,0.738627,0.74056,0.742717,0.735546,0.737927,0.737143,0.73409,0.728768,0.728627,0.706499,
71600,0.995894,0.998324,0.996844,0.995196,0.992849,0.988799,0.983966,0.973128,0.960307,0.941732,0.912961,0.870223,0.819385,0.754385,0.697933,0.663631,0.675307,0.696145,0.707654,0.717542,0.727905,0.730391,0.731927,0.734274,0.738464,0.735279,0.739134,0.741872,0.738659,0.733101,0.740447,0.733408,0.736508,0.736034,0.736983,0.732179,0.739274,0.737933,0.736927,0.738659,0.740447,0.742682,0.735698,0.737709,0.736927,0.734302,0.728799,0.728436,0.706425,
71800,0.995905,0.998329,0.996825,0.995181,0.992869,0.98883,0.983983,0.97312,0.960223,0.941811,0.912925,0.870334,0.819192,0.754513,0.697744,0.663538,0.675376,0.696045,0.707604,0.717465,0.727855,0.730752,0.732061,0.734206,0.738301,0.735237,0.739164,0.741894,0.738496,0.73312,0.740418,0.733621,0.736435,0.736072,0.736936,0.732228,0.739443,0.737911,0.736936,0.738691,0.740279,0.742618,0.735655,0.737772,0.737187,0.734373,0.728969,0.728273,0.706462,
72000,0.995889,0.998333,0.996806,0.995194,0.992806,0.988806,0.983972,0.973083,0.960306,0.941889,0.912806,0.870139,0.818889,0.754139,0.698056,0.663861,0.675583,0.695972,0.70775,0.717444,0.727944,0.730778,0.732194,0.734139,0.738472,0.735583,0.739306,0.741861,0.738667,0.733139,0.740417,0.73325,0.736417,0.736028,0.736972,0.732417,0.739361,0.737972,0.736944,0.738972,0.740278,0.742556,0.735833,0.737694,0.737194,0.734278,0.729083,0.728056,0.706611,
72200,0.995873,0.998338,0.996814,0.99518,0.992825,0.988809,0.983934,0.973102,0.960194,0.942022,0.912853,0.870305,0.818587,0.754183,0.698366,0.663823,0.675485,0.695845,0.707756,0.717313,0.727673,0.730665,0.732271,0.733657,0.738698,0.735623,0.739529,0.741967,0.738698,0.733158,0.740388,0.733102,0.736482,0.736122,0.737064,0.732438,0.739557,0.737673,0.73687,0.739003,0.740582,0.742825,0.735983,0.737839,0.737285,0.734321,0.729141,0.727922,0.706704,
72400,0.995829,0.998315,0.996823,0.995193,0.992818,0.988812,0.983923,0.973094,0.960249,0.942044,0.912762,0.870331,0.818536,0.754199,0.69826,0.663785,0.675221,0.69605,0.707845,0.717514,0.727928,0.730801,0.732238,0.733564,0.738591,0.73547,0.73942,0.742044,0.738757,0.733122,0.740276,0.733287,0.736243,0.736381,0.737155,0.732541,0.739365,0.737762,0.737099,0.73895,0.740304,0.743066,0.735691,0.738039,0.737348,0.734365,0.728785,0.728039,0.706602,
72600,0.99584,0.99832,0.996832,0.995207,0.992837,0.988843,0.983939,0.973085,0.960331,0.942094,0.912562,0.87022,0.81854,0.753884,0.698209,0.663857,0.675592,0.69595,0.707769,0.717383,0.727851,0.730854,0.732121,0.733802,0.738402,0.735317,0.739311,0.742011,0.738788,0.733278,0.740468,0.733388,0.736143,0.736309,0.73708,0.732534,0.739284,0.737631,0.737245,0.738953,0.740138,0.743003,0.73573,0.738072,0.737273,0.734325,0.728815,0.728237,0.706474,
72800,0.995824,0.998324,0.996841,0.99522,0.99283,0.988846,0.983984,0.973104,0.96033,0.942115,0.912363,0.870192,0.818544,0.753874,0.698242,0.663846,0.675577,0.695934,0.708022,0.717225,0.727637,0.731126,0.732143,0.733571,0.738297,0.735247,0.739368,0.742088,0.738544,0.733516,0.74022,0.733462,0.736154,0.736016,0.736951,0.732527,0.739176,0.737665,0.737143,0.739148,0.740027,0.743022,0.735577,0.73794,0.737198,0.734588,0.728846,0.728049,0.706319,
73000,0.995836,0.998329,0.996849,0.995205,0.992849,0.988849,0.983973,0.973096,0.960329,0.94211,0.912247,0.870192,0.81863,0.753945,0.698164,0.664,0.675808,0.695808,0.707781,0.717205,0.727781,0.731123,0.732384,0.733753,0.738438,0.73526,0.739288,0.741836,0.738493,0.733507,0.740027,0.733616,0.736219,0.736,0.736986,0.73274,0.739205,0.737562,0.737178,0.739288,0.740027,0.742959,0.735562,0.737945,0.73726,0.734356,0.728712,0.728082,0.706493,
73200,0.995847,0.998333,0.996858,0.995219,0.992869,0.988852,0.983962,0.973033,0.960273,0.942022,0.912213,0.870164,0.818743,0.754016,0.697923,0.66429,0.675929,0.695929,0.707869,0.71694,0.727678,0.731257,0.732541,0.733798,0.738333,0.73541,0.739399,0.741667,0.738634,0.73347,0.739891,0.733689,0.736421,0.736093,0.73724,0.732869,0.739071,0.737514,0.737186,0.739426,0.739754,0.742951,0.735246,0.737896,0.737104,0.734098,0.728634,0.728005,0.706475,
73400,0.995831,0.998338,0.996812,0.995177,0.992888,0.988856,0.983978,0.973079,0.960354,0.942071,0.912125,0.870272,0.818665,0.753978,0.69812,0.664251,0.675804,0.695967,0.707929,0.716948,0.727711,0.731144,0.732452,0.733842,0.738311,0.73564,0.739292,0.741499,0.73842,0.733624,0.740109,0.733624,0.736213,0.73624,0.737248,0.733052,0.739155,0.737275,0.737248,0.73951,0.739591,0.743025,0.735395,0.737902,0.737221,0.73436,0.728747,0.727984,0.706485,
73600,0.995842,0.998342,0.996821,0.995163,0.99288,0.988859,0.984022,0.973043,0.96038,0.942065,0.912065,0.870299,0.818397,0.754321,0.697962,0.664185,0.676005,0.695707,0.707935,0.716957,0.727473,0.731304,0.732391,0.733886,0.738152,0.73587,0.739293,0.741712,0.738533,0.733424,0.740054,0.733315,0.736359,0.736495,0.737337,0.733016,0.73913,0.737255,0.73731,0.739511,0.739212,0.743207,0.735598,0.737772,0.73731,0.734185,0.72875,0.727717,0.706549,
73800,0.995854,0.998347,0.996829,0.995176,0.9929,0.988808,0.984038,0.973008,0.960271,0.942114,0.911951,0.870325,0.818509,0.754173,0.69794,0.664173,0.676152,0.695664,0.707751,0.716883,0.727317,0.731328,0.732547,0.733957,0.738347,0.735664,0.739214,0.741409,0.738672,0.733415,0.740054,0.733306,0.73645,0.73664,0.737398,0.733008,0.739295,0.737263,0.737453,0.739485,0.739295,0.743171,0.735637,0.737967,0.73729,0.734038,0.728645,0.727642,0.706396,
74000,0.995865,0.998351,0.996838,0.995189,0.992919,0.988784,0.984081,0.973054,0.960216,0.942108,0.911973,0.87027,0.818541,0.754216,0.697892,0.664432,0.675973,0.695676,0.707649,0.716757,0.727459,0.731378,0.732297,0.734,0.738432,0.735919,0.739324,0.741514,0.73873,0.733432,0.740162,0.733541,0.736378,0.736459,0.737351,0.733054,0.739378,0.737324,0.737595,0.739541,0.739378,0.743135,0.735811,0.737919,0.737108,0.734189,0.728865,0.727568,0.706459,
74200,0.995876,0.998356,0.996846,0.995202,0.992938,0.988814,0.984097,0.973073,0.960189,0.941995,0.912129,0.870189,0.818464,0.754097,0.697925,0.664313,0.676226,0.695903,0.707736,0.716873,0.727547,0.731375,0.732237,0.733935,0.738518,0.735903,0.739084,0.741213,0.738787,0.733693,0.740216,0.733504,0.736388,0.736604,0.737412,0.732992,0.739515,0.737466,0.737763,0.739326,0.739326,0.742911,0.73593,0.737709,0.737035,0.734259,0.728814,0.727628,0.706577,
74400,0.995887,0.99836,0.996855,0.995215,0.992903,0.988844,0.984086,0.973118,0.960188,0.942124,0.911989,0.870296,0.818575,0.754194,0.697823,0.663978,0.67629,0.695699,0.707849,0.716989,0.727527,0.731425,0.732366,0.733925,0.73879,0.73586,0.738737,0.741075,0.739086,0.733683,0.740323,0.733629,0.736398,0.736532,0.737124,0.732957,0.739543,0.737446,0.737876,0.739247,0.739086,0.74293,0.735887,0.737823,0.737312,0.734247,0.729032,0.727634,0.706747,
74600,0.995871,0.998365,0.996863,0.995228,0.992922,0.98882,0.984075,0.973083,0.960161,0.942145,0.912091,0.870295,0.818499,0.754075,0.697802,0.664102,0.676434,0.695174,0.707882,0.717078,0.727694,0.731314,0.73244,0.734102,0.73882,0.735925,0.738499,0.741099,0.739249,0.733861,0.740322,0.73378,0.73622,0.736461,0.737051,0.733244,0.739517,0.737319,0.737748,0.739464,0.739008,0.743056,0.735952,0.737802,0.737373,0.734102,0.728981,0.727775,0.706702,
74800,0.995856,0.998369,0.996872,0.995241,0.992914,0.988824,0.984091,0.973021,0.960134,0.942112,0.912166,0.870481,0.818529,0.75385,0.697834,0.664278,0.676578,0.695107,0.707834,0.716979,0.727647,0.731176,0.73254,0.734011,0.739011,0.735775,0.738449,0.74115,0.739439,0.733824,0.740561,0.734011,0.73631,0.736497,0.736872,0.732968,0.739813,0.737406,0.737754,0.739465,0.739011,0.742968,0.735829,0.737807,0.737513,0.734118,0.728957,0.727754,0.706604,
75000,0.995867,0.998373,0.99688,0.995227,0.992907,0.988827,0.984133,0.972987,0.96016,0.94192,0.912187,0.870453,0.81864,0.75384,0.697973,0.6644,0.6768,0.69496,0.70792,0.71688,0.727653,0.7312,0.732347,0.73408,0.738693,0.735893,0.738507,0.741093,0.73944,0.733947,0.740507,0.734027,0.73632,0.736427,0.736773,0.732853,0.739707,0.737467,0.737653,0.739627,0.73912,0.74312,0.735787,0.73792,0.73752,0.734,0.729013,0.727653,0.706667,
75200,0.995878,0.998378,0.996888,0.995186,0.992872,0.988803,0.984149,0.972979,0.960186,0.941968,0.912181,0.870532,0.818564,0.753644,0.697952,0.664601,0.676702,0.695053,0.707846,0.716516,0.727686,0.731144,0.732447,0.734043,0.738723,0.735984,0.738564,0.741011,0.739362,0.733856,0.740399,0.734043,0.735984,0.73617,0.736835,0.733005,0.739787,0.737553,0.737606,0.739734,0.739122,0.743191,0.735824,0.738112,0.737527,0.734149,0.728936,0.727606,0.706862,
75400,0.995836,0.998382,0.996897,0.995199,0.992891,0.98878,0.984164,0.972918,0.960159,0.941936,0.912149,0.870584,0.818594,0.753767,0.698037,0.664721,0.676817,0.695199,0.707719,0.716127,0.727905,0.731088,0.732599,0.734058,0.73878,0.736101,0.738541,0.740769,0.73939,0.734005,0.740212,0.733952,0.735862,0.736393,0.736844,0.733156,0.739708,0.737454,0.737294,0.739761,0.73931,0.743369,0.735676,0.738196,0.737613,0.734324,0.728992,0.727454,0.706897,
75600,0.995847,0.998386,0.996905,0.995212,0.992884,0.988783,0.984153,0.972989,0.960106,0.941878,0.912196,0.870688,0.818651,0.753413,0.698069,0.664815,0.67672,0.694974,0.707646,0.716164,0.727884,0.731032,0.732487,0.733836,0.738651,0.735899,0.738545,0.740873,0.739365,0.734286,0.740212,0.733942,0.735741,0.736243,0.736667,0.733201,0.739735,0.737434,0.737328,0.739841,0.739365,0.743519,0.735635,0.738016,0.737249,0.734259,0.728783,0.727381,0.707037,
75800,0.995858,0.998391,0.996913,0.995224,0.992876,0.988786,0.98409,0.972955,0.960132,0.941979,0.912032,0.87066,0.818734,0.753483,0.698153,0.664697,0.676544,0.694987,0.707573,0.716148,0.728021,0.731108,0.73248,0.734011,0.73847,0.735831,0.738549,0.740844,0.739024,0.734248,0.740343,0.734037,0.736016,0.736332,0.736913,0.733193,0.74,0.737414,0.737256,0.739947,0.739525,0.743272,0.735515,0.737889,0.737335,0.734169,0.72876,0.72723,0.707018,
76000,0.995816,0.998395,0.996921,0.995211,0.992895,0.988737,0.984053,0.972868,0.960184,0.941816,0.912105,0.870684,0.818711,0.753421,0.698421,0.664737,0.6765,0.695184,0.707632,0.716158,0.728053,0.731105,0.732632,0.734158,0.738368,0.735816,0.738553,0.740868,0.739053,0.734184,0.740237,0.733895,0.736079,0.7365,0.736763,0.733211,0.739921,0.737316,0.737237,0.739421,0.739421,0.743368,0.735632,0.738,0.7375,0.734132,0.728658,0.727316,0.706921,
76200,0.995774,0.998399,0.996929,0.995197,0.992887,0.98874,0.984068,0.972887,0.960157,0.941785,0.912257,0.87063,0.818714,0.75336,0.698399,0.664646,0.676772,0.695197,0.707612,0.716352,0.727874,0.731024,0.73273,0.734331,0.738373,0.736063,0.73874,0.740971,0.738976,0.734278,0.740184,0.733885,0.736168,0.736404,0.736614,0.733097,0.740079,0.737454,0.73727,0.739528,0.739423,0.743333,0.735643,0.7379,0.737585,0.734304,0.728688,0.727165,0.706929,
76400,0.995759,0.998377,0.996937,0.995183,0.992906,0.988743,0.98411,0.972906,0.960183,0.941675,0.912173,0.870654,0.818691,0.753455,0.698482,0.664607,0.676806,0.695157,0.707277,0.716152,0.727408,0.731047,0.732906,0.734581,0.738429,0.736204,0.738665,0.741073,0.738979,0.734215,0.740052,0.73377,0.73623,0.73644,0.736754,0.733168,0.739921,0.737539,0.737147,0.739581,0.739634,0.743429,0.735838,0.737775,0.737382,0.734424,0.728743,0.727304,0.707016,
76600,0.99577,0.998381,0.996945,0.995196,0.992898,0.988747,0.984151,0.97295,0.960157,0.941671,0.912298,0.870496,0.818642,0.75342,0.698198,0.664752,0.676919,0.69517,0.707206,0.716084,0.727206,0.731227,0.733003,0.734595,0.738538,0.736188,0.738956,0.740966,0.738956,0.734178,0.739974,0.733943,0.736371,0.736345,0.736971,0.733316,0.739948,0.737598,0.736815,0.739713,0.739661,0.743394,0.735666,0.737833,0.737546,0.734386,0.728616,0.727285,0.70718,
76800,0.995755,0.998385,0.996953,0.995208,0.992917,0.988724,0.984141,0.972995,0.960208,0.941771,0.912292,0.870365,0.818698,0.753125,0.698385,0.664635,0.676953,0.695417,0.707266,0.715964,0.727318,0.73138,0.732943,0.734766,0.738542,0.736172,0.739036,0.741172,0.739167,0.734245,0.74,0.733906,0.736458,0.73638,0.737057,0.733359,0.739818,0.7375,0.736667,0.739505,0.739583,0.743464,0.735833,0.73776,0.737526,0.734479,0.728672,0.727161,0.707214,
77000,0.995766,0.99839,0.996961,0.995221,0.992935,0.988727,0.98413,0.972987,0.960104,0.941766,0.912286,0.870338,0.818623,0.753429,0.69787,0.664649,0.677143,0.695455,0.707377,0.716,0.727481,0.731221,0.732909,0.734701,0.738623,0.736182,0.738987,0.741351,0.739247,0.734234,0.74,0.733662,0.736338,0.736364,0.737195,0.73361,0.739766,0.737558,0.736909,0.739403,0.739299,0.743584,0.736026,0.738,0.737532,0.734364,0.728623,0.727221,0.707091,
77200,0.995725,0.998394,0.996969,0.995207,0.992927,0.988756,0.984171,0.972902,0.960104,0.941788,0.912383,0.870466,0.818731,0.753264,0.697902,0.664456,0.677383,0.695518,0.707487,0.716166,0.727617,0.731321,0.732772,0.734689,0.738834,0.736244,0.739171,0.741373,0.739223,0.734067,0.739819,0.733705,0.736321,0.736606,0.737176,0.733653,0.739922,0.737358,0.736891,0.739534,0.739352,0.743653,0.73601,0.737824,0.737591,0.734145,0.728575,0.727073,0.706917,
77400,0.995711,0.998398,0.996977,0.99522,0.99292,0.98876,0.984212,0.97292,0.960078,0.941731,0.912326,0.870517,0.818398,0.753437,0.697984,0.664574,0.677339,0.695478,0.707519,0.71615,0.727597,0.73124,0.732817,0.734703,0.738811,0.736124,0.739302,0.741628,0.739354,0.734134,0.739845,0.733643,0.736331,0.736615,0.737106,0.733592,0.740052,0.73739,0.73708,0.739742,0.739147,0.743695,0.736021,0.737623,0.737442,0.734186,0.728527,0.727158,0.707028,
77600,0.995722,0.998402,0.996985,0.995206,0.992938,0.988789,0.984201,0.972964,0.960077,0.941727,0.912345,0.870722,0.818531,0.753196,0.69799,0.66482,0.677113,0.695387,0.707603,0.716108,0.7275,0.731082,0.732809,0.734613,0.738789,0.736108,0.739356,0.741469,0.739175,0.734124,0.739768,0.733763,0.736186,0.736572,0.737268,0.733454,0.740129,0.737294,0.737268,0.739716,0.739278,0.743608,0.736082,0.737809,0.737242,0.734021,0.728428,0.727242,0.707113,
77800,0.995733,0.99838,0.996992,0.995219,0.992931,0.988792,0.984216,0.972982,0.960026,0.941774,0.912339,0.870746,0.818483,0.752982,0.698355,0.664781,0.677018,0.695398,0.707249,0.71581,0.727224,0.731105,0.732776,0.734653,0.738792,0.736118,0.739383,0.741697,0.739075,0.734062,0.739692,0.734062,0.736093,0.736581,0.737172,0.733573,0.740103,0.737326,0.737095,0.739794,0.739357,0.743625,0.736144,0.737712,0.737301,0.733985,0.728406,0.727069,0.707198,
78000,0.995718,0.998385,0.996974,0.995179,0.992923,0.988795,0.984231,0.972974,0.959974,0.941769,0.912256,0.870744,0.818308,0.753154,0.69841,0.664795,0.676795,0.695231,0.707205,0.715872,0.726949,0.731026,0.732667,0.734769,0.738692,0.736256,0.739333,0.741641,0.739051,0.734179,0.739923,0.734051,0.736154,0.736513,0.737103,0.733513,0.740231,0.737256,0.737128,0.739846,0.739513,0.743513,0.736205,0.737821,0.737487,0.733769,0.728359,0.72741,0.707154,
78200,0.995729,0.998363,0.996957,0.995192,0.992916,0.988747,0.984246,0.973018,0.959974,0.941611,0.912199,0.870665,0.818312,0.753095,0.698363,0.664962,0.676752,0.695345,0.707136,0.71578,0.727059,0.730793,0.732813,0.734783,0.738619,0.736419,0.739207,0.741867,0.738951,0.734066,0.739872,0.734169,0.736036,0.736496,0.737161,0.733427,0.74023,0.737366,0.737136,0.739847,0.739412,0.743581,0.736266,0.737852,0.737545,0.73376,0.728465,0.727442,0.707238,
78400,0.99574,0.998342,0.996964,0.995204,0.992934,0.988699,0.984235,0.973061,0.959923,0.941531,0.912168,0.870791,0.818367,0.752832,0.698265,0.665,0.676939,0.695536,0.707092,0.715816,0.72727,0.730714,0.732806,0.735026,0.738622,0.73648,0.739209,0.741913,0.738852,0.733878,0.739694,0.734031,0.735969,0.736607,0.737347,0.73352,0.740459,0.737194,0.737296,0.739949,0.739133,0.743597,0.736122,0.737883,0.737372,0.733724,0.728648,0.727372,0.7075,
78600,0.995751,0.998346,0.996972,0.995191,0.992952,0.988728,0.984224,0.973104,0.959949,0.941501,0.911959,0.870636,0.818295,0.75285,0.69827,0.66514,0.677226,0.695649,0.707048,0.71598,0.727277,0.730941,0.733003,0.734987,0.738601,0.736361,0.739186,0.742036,0.738957,0.734071,0.73972,0.733944,0.736031,0.736539,0.737455,0.733537,0.740662,0.737074,0.737328,0.739898,0.739186,0.743588,0.736056,0.738041,0.737252,0.733791,0.728728,0.727099,0.707506,
78800,0.995736,0.998325,0.99698,0.995178,0.99297,0.988706,0.984264,0.973122,0.959898,0.941345,0.912107,0.87066,0.818274,0.753046,0.698147,0.665178,0.677183,0.695355,0.707183,0.715888,0.72736,0.730863,0.733096,0.735254,0.738452,0.736066,0.739061,0.742081,0.738807,0.734112,0.739645,0.734137,0.736168,0.736523,0.737513,0.733731,0.740812,0.737234,0.737386,0.739949,0.73901,0.743604,0.736066,0.738046,0.737234,0.733934,0.728756,0.726929,0.707589,
79000,0.995747,0.998329,0.996987,0.995165,0.992962,0.988734,0.984304,0.973089,0.959924,0.941316,0.912152,0.870658,0.818076,0.752962,0.698152,0.665165,0.677241,0.695418,0.707241,0.715797,0.727215,0.730759,0.733241,0.735089,0.738228,0.735797,0.739114,0.742253,0.738886,0.734152,0.739696,0.733873,0.736101,0.736582,0.737772,0.734051,0.740633,0.737165,0.737544,0.740127,0.739114,0.74357,0.736025,0.738152,0.737139,0.733797,0.728633,0.727114,0.707823,
79200,0.995707,0.998333,0.996995,0.995152,0.992955,0.988763,0.984268,0.973106,0.959949,0.941389,0.912146,0.870732,0.817955,0.753182,0.698056,0.665177,0.677399,0.695354,0.706944,0.71553,0.727146,0.73096,0.733232,0.735126,0.738106,0.73596,0.739394,0.742172,0.738813,0.734343,0.739747,0.733864,0.735682,0.73649,0.737727,0.734242,0.740581,0.73697,0.737626,0.740152,0.739268,0.743813,0.736187,0.738232,0.737121,0.734015,0.728535,0.72702,0.707778,
79400,0.995718,0.998338,0.997003,0.995139,0.992947,0.988791,0.984232,0.973174,0.95995,0.941411,0.912141,0.87068,0.81806,0.753174,0.698035,0.665139,0.677431,0.695642,0.707154,0.715592,0.727028,0.731008,0.733073,0.735038,0.737935,0.735793,0.739068,0.74204,0.738892,0.734433,0.739773,0.734106,0.73597,0.736599,0.737733,0.734433,0.740655,0.737003,0.737657,0.73995,0.739144,0.743652,0.736171,0.738363,0.737078,0.733904,0.728539,0.726952,0.707783,
79600,0.995729,0.998342,0.99701,0.995101,0.992915,0.988769,0.984246,0.973216,0.95995,0.941482,0.912085,0.870854,0.817915,0.753191,0.698015,0.665075,0.677437,0.695678,0.707462,0.715578,0.726784,0.730704,0.73299,0.735201,0.738065,0.735653,0.739221,0.74201,0.738794,0.734573,0.739799,0.734045,0.736131,0.736533,0.737588,0.734497,0.740653,0.737111,0.737789,0.740075,0.739196,0.743693,0.736181,0.738216,0.73696,0.733744,0.728291,0.72701,0.707889,
79800,0.995739,0.998346,0.997018,0.995088,0.992882,0.988797,0.984236,0.973233,0.959975,0.941529,0.911955,0.870777,0.817995,0.753358,0.69807,0.665088,0.677393,0.695764,0.707619,0.715363,0.726842,0.730752,0.733033,0.735063,0.73797,0.735464,0.739248,0.74193,0.738622,0.734812,0.739825,0.734135,0.73614,0.736241,0.737644,0.734511,0.740627,0.737143,0.737694,0.740025,0.739298,0.74396,0.736316,0.738221,0.737043,0.733684,0.728246,0.727143,0.707895,
80000,0.99575,0.99835,0.997025,0.9951,0.9929,0.988825,0.984225,0.973275,0.959975,0.941525,0.91205,0.87075,0.817925,0.75345,0.6979,0.665325,0.67755,0.695375,0.707875,0.715575,0.726625,0.730575,0.7328,0.73505,0.738175,0.73555,0.739175,0.74185,0.73865,0.734875,0.73985,0.734225,0.735975,0.736375,0.737675,0.734425,0.740775,0.737275,0.737675,0.74015,0.739175,0.743875,0.7363,0.738025,0.736775,0.733675,0.728275,0.727225,0.707875,
80200,0.995761,0.998304,0.997032,0.995112,0.992918,0.988803,0.98419,0.973317,0.959975,0.941571,0.912095,0.870898,0.818055,0.753217,0.697756,0.665237,0.677656,0.695387,0.708055,0.715561,0.726559,0.730474,0.732943,0.735237,0.738279,0.735636,0.739027,0.741845,0.738728,0.734863,0.739751,0.734464,0.73596,0.736384,0.737506,0.734464,0.740449,0.737132,0.737631,0.740075,0.739352,0.743915,0.736359,0.738204,0.737032,0.733691,0.728204,0.727307,0.707706,
80400,0.995771,0.998284,0.99704,0.9951,0.992935,0.988731,0.984179,0.973308,0.959975,0.941617,0.912189,0.870821,0.818184,0.753035,0.697662,0.665473,0.677736,0.695522,0.70806,0.715647,0.726468,0.730597,0.73291,0.735199,0.738209,0.735622,0.73903,0.741816,0.738632,0.735124,0.739577,0.734204,0.735697,0.736468,0.737562,0.734552,0.740448,0.737114,0.737786,0.7399,0.739502,0.744005,0.736194,0.738159,0.737114,0.733557,0.728184,0.727512,0.707612,
80600,0.995782,0.998263,0.997047,0.995112,0.992928,0.988734,0.984218,0.973251,0.96005,0.941588,0.912333,0.87067,0.818238,0.753077,0.697767,0.665509,0.677717,0.695484,0.707891,0.715608,0.726526,0.730695,0.732854,0.735236,0.738114,0.735658,0.738983,0.741762,0.738586,0.735136,0.739529,0.734144,0.735608,0.736352,0.737593,0.734541,0.740819,0.737295,0.737767,0.740074,0.739429,0.743896,0.736328,0.738238,0.736973,0.733598,0.728114,0.72737,0.707717,
80800,0.995792,0.998267,0.997054,0.995099,0.992946,0.988688,0.984208,0.973218,0.960099,0.941634,0.912426,0.870644,0.818218,0.752946,0.697772,0.665223,0.677649,0.695545,0.707871,0.715718,0.72651,0.730743,0.732896,0.735248,0.738119,0.735718,0.739084,0.741535,0.738688,0.735,0.739629,0.734059,0.735743,0.736213,0.737624,0.734579,0.740866,0.737203,0.737624,0.74,0.739332,0.743861,0.736411,0.738193,0.737054,0.733465,0.727896,0.727351,0.707822,
81000,0.995778,0.998272,0.997062,0.995111,0.992963,0.988667,0.984123,0.97321,0.960074,0.94158,0.912469,0.870741,0.818272,0.752864,0.697802,0.66521,0.677506,0.69563,0.708049,0.715901,0.726519,0.730691,0.732716,0.735407,0.738247,0.735852,0.739012,0.741506,0.738889,0.735037,0.739605,0.734099,0.735802,0.735877,0.737778,0.734543,0.740988,0.737309,0.73758,0.739975,0.739333,0.743802,0.736395,0.738272,0.737111,0.733407,0.727926,0.727383,0.707975,
81200,0.995788,0.998251,0.997069,0.995099,0.992956,0.988621,0.984064,0.973153,0.960123,0.941675,0.91234,0.870665,0.818177,0.752734,0.698103,0.665025,0.677635,0.695788,0.708227,0.715911,0.726478,0.730493,0.732241,0.735296,0.738374,0.735764,0.738916,0.741576,0.738867,0.735197,0.739606,0.733916,0.735788,0.736133,0.737882,0.734483,0.740837,0.737365,0.737586,0.739975,0.739532,0.744039,0.736502,0.738325,0.73697,0.733645,0.727906,0.727291,0.707956,
81400,0.995799,0.998256,0.997052,0.995061,0.992948,0.988649,0.984079,0.97317,0.960147,0.941572,0.912285,0.870688,0.818206,0.752703,0.698108,0.664791,0.677666,0.695774,0.708354,0.716069,0.726462,0.730442,0.73226,0.735381,0.738354,0.735823,0.739017,0.741523,0.73887,0.735283,0.739681,0.733907,0.735823,0.735848,0.737887,0.734521,0.740835,0.737297,0.737568,0.739926,0.739509,0.744103,0.736634,0.738305,0.736904,0.733415,0.727887,0.727396,0.708182,
81600,0.995809,0.99826,0.997059,0.995049,0.992966,0.988627,0.984118,0.973186,0.960147,0.941667,0.912279,0.870833,0.818113,0.752525,0.698113,0.664706,0.677647,0.695686,0.708235,0.716078,0.726642,0.730245,0.732279,0.735,0.738211,0.735809,0.739093,0.741446,0.738922,0.735466,0.739657,0.733971,0.73598,0.735711,0.73799,0.734681,0.740882,0.737426,0.737647,0.739657,0.739363,0.743873,0.736667,0.738309,0.736887,0.733554,0.727966,0.727377,0.708456,
81800,0.995819,0.998264,0.997042,0.995012,0.992983,0.988655,0.984156,0.973203,0.960171,0.941736,0.912298,0.870807,0.818142,0.752592,0.69802,0.664621,0.677775,0.695281,0.707873,0.716015,0.726699,0.730318,0.732421,0.735183,0.738264,0.735672,0.73912,0.741418,0.738729,0.735257,0.739707,0.734205,0.735966,0.735672,0.73802,0.734621,0.740685,0.737262,0.737726,0.739511,0.739584,0.743912,0.736773,0.738142,0.736846,0.733716,0.728044,0.727457,0.708484,
82000,0.995829,0.998268,0.997024,0.995,0.992951,0.988659,0.984146,0.973244,0.960073,0.941707,0.912146,0.870805,0.81822,0.752439,0.697902,0.664756,0.677805,0.695268,0.707902,0.715976,0.726634,0.73022,0.732366,0.735293,0.738293,0.735756,0.739195,0.741024,0.738951,0.735537,0.739512,0.734171,0.735902,0.735561,0.738098,0.734683,0.74078,0.737317,0.737854,0.739561,0.739659,0.74378,0.737024,0.73839,0.736756,0.733707,0.728024,0.727195,0.708537,
82200,0.995839,0.998273,0.997032,0.995012,0.992968,0.988613,0.984136,0.973212,0.960097,0.941703,0.912092,0.870754,0.818248,0.752457,0.697981,0.664964,0.677689,0.695085,0.707859,0.716107,0.726594,0.730122,0.732409,0.735231,0.738564,0.735791,0.739148,0.741071,0.738905,0.735353,0.739416,0.734161,0.735839,0.735572,0.738297,0.734696,0.740827,0.737324,0.737932,0.739708,0.739489,0.743771,0.73708,0.738297,0.736813,0.733796,0.728102,0.727372,0.708564,
82400,0.995825,0.998277,0.997039,0.995024,0.992961,0.988617,0.98415,0.973252,0.960073,0.94165,0.912112,0.870801,0.818155,0.752451,0.697937,0.665049,0.677646,0.695291,0.707743,0.716117,0.726723,0.730194,0.732573,0.735243,0.738617,0.735728,0.739175,0.741117,0.739053,0.735364,0.739539,0.734029,0.735874,0.735607,0.73835,0.734733,0.74085,0.737282,0.73801,0.739879,0.739515,0.744005,0.73716,0.738155,0.73682,0.733908,0.727888,0.727233,0.708714,
82600,0.995835,0.998257,0.997046,0.995012,0.992954,0.988644,0.98414,0.973293,0.960073,0.941598,0.912131,0.870872,0.818281,0.752591,0.697869,0.665109,0.677554,0.695182,0.707554,0.716174,0.726901,0.730097,0.732446,0.735254,0.738523,0.735787,0.738959,0.74109,0.739177,0.735472,0.739516,0.734044,0.735884,0.735763,0.738305,0.73477,0.740969,0.737191,0.737942,0.739903,0.739564,0.744019,0.737288,0.738232,0.736731,0.733801,0.727627,0.727264,0.708838,
82800,0.995845,0.998237,0.997053,0.995024,0.992971,0.988647,0.984179,0.973285,0.960072,0.941594,0.912271,0.870725,0.818357,0.75215,0.698116,0.665121,0.677585,0.695097,0.707657,0.716014,0.727005,0.73029,0.732585,0.735483,0.73843,0.735773,0.73913,0.741135,0.739227,0.73558,0.73942,0.734106,0.735773,0.735845,0.738478,0.734903,0.741184,0.737174,0.737923,0.739783,0.739444,0.74401,0.73715,0.738382,0.736715,0.733889,0.727729,0.727319,0.708889,
83000,0.995855,0.998241,0.99706,0.995036,0.992988,0.988602,0.984193,0.973301,0.96,0.94147,0.912265,0.870699,0.818554,0.751952,0.698048,0.66506,0.677373,0.695253,0.707711,0.715831,0.727157,0.730386,0.732482,0.735446,0.738241,0.735855,0.739253,0.74106,0.739181,0.735687,0.739349,0.733976,0.73588,0.735735,0.73841,0.734916,0.741301,0.737277,0.737976,0.73988,0.739422,0.743494,0.737181,0.73841,0.736916,0.733831,0.727687,0.727181,0.708988,
83200,0.995865,0.998245,0.997067,0.995024,0.993005,0.98863,0.984183,0.973317,0.960024,0.941466,0.912067,0.870865,0.818462,0.751947,0.698101,0.664952,0.677308,0.695216,0.70762,0.716034,0.72726,0.730385,0.732596,0.735385,0.738053,0.735889,0.739303,0.741034,0.739231,0.735745,0.739399,0.734014,0.735938,0.735649,0.738558,0.734976,0.741466,0.737548,0.737933,0.739663,0.739255,0.743486,0.737236,0.738437,0.736731,0.73399,0.727596,0.727139,0.709087,
83400,0.995875,0.998249,0.997074,0.995012,0.993022,0.988609,0.984197,0.973333,0.960072,0.941559,0.911894,0.870839,0.818609,0.752014,0.698034,0.664604,0.677218,0.695348,0.70777,0.715947,0.727386,0.730504,0.732518,0.7353,0.73789,0.735827,0.739281,0.741151,0.739089,0.735923,0.739353,0.734293,0.735827,0.735659,0.738633,0.735204,0.741463,0.737506,0.737818,0.739856,0.739353,0.743549,0.737362,0.738489,0.736859,0.733789,0.727674,0.72717,0.708897,
83600,0.995885,0.998254,0.997081,0.995024,0.993038,0.988612,0.984187,0.973325,0.96012,0.941579,0.911914,0.870933,0.818589,0.751914,0.697943,0.664809,0.677297,0.695359,0.707679,0.715622,0.727201,0.730861,0.732703,0.735359,0.737919,0.735789,0.739282,0.741244,0.739211,0.735909,0.73945,0.73445,0.735742,0.735766,0.738684,0.735167,0.741124,0.737536,0.737679,0.739809,0.739354,0.743278,0.737368,0.738445,0.736938,0.733732,0.727536,0.727273,0.708947,
83800,0.995895,0.998258,0.997064,0.995012,0.993055,0.988568,0.984153,0.973294,0.960143,0.941575,0.911885,0.870931,0.81852,0.75179,0.698186,0.664749,0.677422,0.695442,0.707518,0.715632,0.727279,0.731026,0.732888,0.735298,0.738019,0.735632,0.73926,0.741217,0.739236,0.735823,0.739475,0.734487,0.735776,0.735871,0.738831,0.735155,0.741146,0.737589,0.737685,0.739905,0.739308,0.743126,0.737064,0.738473,0.736993,0.733962,0.727494,0.727279,0.708831,
84000,0.995905,0.998262,0.997071,0.995024,0.993071,0.988571,0.984143,0.97331,0.960167,0.941619,0.911643,0.870881,0.8185,0.75169,0.698357,0.66481,0.677405,0.695595,0.70719,0.715595,0.727048,0.730786,0.732833,0.735286,0.738095,0.735714,0.73931,0.741071,0.73931,0.735881,0.739524,0.7345,0.735762,0.735833,0.738643,0.735143,0.741,0.73731,0.73769,0.739952,0.739571,0.743333,0.737024,0.738524,0.737,0.734167,0.727643,0.727071,0.708952,
84200,0.995914,0.998266,0.997078,0.995012,0.993088,0.988504,0.984109,0.973325,0.960214,0.941544,0.91152,0.870926,0.818646,0.751591,0.698147,0.664798,0.677221,0.695701,0.707387,0.715582,0.727221,0.730974,0.732922,0.735416,0.738147,0.735796,0.739216,0.740926,0.739287,0.735843,0.739501,0.734299,0.735701,0.735914,0.738551,0.735178,0.740974,0.737482,0.737886,0.740024,0.739644,0.743373,0.736983,0.73848,0.737007,0.734157,0.727672,0.726936,0.708717,
84400,0.995924,0.99827,0.997085,0.995024,0.993057,0.988531,0.984123,0.973318,0.960261,0.941611,0.911611,0.8709,0.818649,0.751825,0.698033,0.664976,0.677085,0.695948,0.707441,0.715664,0.727299,0.730972,0.732891,0.735213,0.738057,0.735711,0.739171,0.741043,0.739313,0.735995,0.739526,0.734313,0.735735,0.735877,0.73846,0.735284,0.740924,0.737559,0.737867,0.740047,0.73981,0.743507,0.736919,0.738436,0.737038,0.734289,0.727915,0.726943,0.708578,
84600,0.99591,0.998227,0.997092,0.995035,0.993073,0.988511,0.984161,0.97331,0.960236,0.941608,0.911584,0.870757,0.818534,0.751678,0.698156,0.665059,0.677139,0.695863,0.707565,0.715603,0.727163,0.730898,0.732908,0.735012,0.73792,0.735626,0.738936,0.740898,0.739385,0.736028,0.739409,0.734255,0.73565,0.735839,0.738534,0.735296,0.741182,0.737565,0.738014,0.740142,0.739858,0.74331,0.736738,0.738345,0.737139,0.734303,0.728061,0.72695,0.708605,
84800,0.99592,0.998184,0.997099,0.995047,0.99309,0.988538,0.984127,0.973325,0.960259,0.941533,0.911604,0.870613,0.818491,0.751792,0.698019,0.665047,0.676981,0.695991,0.707453,0.715566,0.72717,0.730967,0.73283,0.734788,0.737925,0.735825,0.739127,0.741038,0.73941,0.736061,0.739528,0.734222,0.735778,0.735873,0.738373,0.735212,0.741179,0.737618,0.738231,0.740165,0.739811,0.743396,0.736675,0.738325,0.737052,0.734434,0.727925,0.727028,0.708608,
85000,0.995906,0.998188,0.997106,0.995059,0.993106,0.988541,0.984118,0.973318,0.960259,0.941624,0.911694,0.870753,0.818071,0.751624,0.698094,0.665012,0.677012,0.695859,0.707576,0.715435,0.7272,0.731059,0.732824,0.734847,0.737953,0.735741,0.739035,0.741176,0.739318,0.736212,0.739741,0.734306,0.735859,0.735718,0.738259,0.735129,0.741129,0.737741,0.738259,0.740071,0.739882,0.743294,0.736541,0.738235,0.737012,0.734588,0.728024,0.727082,0.708612,
85200,0.995915,0.998169,0.997113,0.99507,0.993122,0.988545,0.984108,0.973357,0.960188,0.941596,0.911643,0.870751,0.818192,0.751432,0.698052,0.664977,0.67716,0.695587,0.707488,0.715446,0.727254,0.73108,0.733075,0.734789,0.737934,0.735681,0.739108,0.741127,0.739343,0.736479,0.739812,0.73446,0.735681,0.73554,0.738216,0.735211,0.741033,0.737606,0.738216,0.740141,0.739812,0.743333,0.736526,0.738099,0.736925,0.734742,0.728075,0.727066,0.708568,
85400,0.995925,0.998173,0.997096,0.995082,0.993138,0.988571,0.984122,0.973396,0.960211,0.941663,0.911616,0.870749,0.818244,0.751288,0.697986,0.664824,0.677143,0.695902,0.707564,0.715433,0.727307,0.731054,0.733162,0.73466,0.738033,0.735621,0.738923,0.741265,0.739204,0.736581,0.739977,0.734637,0.735714,0.735597,0.738103,0.735082,0.740679,0.737447,0.73829,0.740187,0.739789,0.743326,0.73644,0.73815,0.737073,0.734684,0.728103,0.726956,0.708712,
85600,0.995888,0.998178,0.997103,0.995093,0.993131,0.988598,0.984136,0.973411,0.96014,0.941729,0.911589,0.870794,0.818271,0.751238,0.697991,0.664579,0.677009,0.695818,0.70771,0.715374,0.727313,0.731168,0.733248,0.734556,0.737687,0.735304,0.738949,0.741379,0.739439,0.736612,0.74014,0.734673,0.735561,0.735444,0.738037,0.735234,0.740864,0.737243,0.738364,0.740304,0.739836,0.743084,0.736589,0.738084,0.736916,0.734439,0.728201,0.726799,0.708902,
85800,0.995874,0.998182,0.99711,0.995105,0.993147,0.988601,0.984149,0.97345,0.960163,0.941702,0.911608,0.870816,0.818345,0.751072,0.697949,0.664848,0.677016,0.695734,0.707786,0.715455,0.727203,0.731142,0.733403,0.734522,0.737925,0.735408,0.738858,0.741562,0.739487,0.73655,0.74021,0.734685,0.735618,0.735478,0.737995,0.735128,0.740816,0.737203,0.738368,0.740233,0.739837,0.743077,0.73648,0.738042,0.737016,0.734499,0.728298,0.72662,0.708811,
86000,0.995884,0.998186,0.997116,0.995093,0.99314,0.988605,0.984163,0.973349,0.960116,0.941791,0.911674,0.870907,0.818395,0.751047,0.698,0.664744,0.676977,0.695512,0.707767,0.715512,0.727279,0.731419,0.733651,0.734628,0.737791,0.735233,0.738605,0.741558,0.739488,0.736581,0.74007,0.734535,0.735535,0.735512,0.737953,0.735023,0.740884,0.737209,0.738512,0.740163,0.739698,0.742953,0.736558,0.738186,0.73707,0.734442,0.728302,0.726605,0.708977,
86200,0.99587,0.99819,0.9971,0.995104,0.993109,0.988608,0.9842,0.973364,0.960139,0.94181,0.911763,0.870974,0.818237,0.75123,0.69819,0.664617,0.676914,0.695313,0.708074,0.715661,0.727262,0.731346,0.733387,0.734571,0.737796,0.73536,0.73826,0.741578,0.739606,0.736543,0.74,0.734524,0.735592,0.735452,0.737865,0.73471,0.741021,0.737262,0.738631,0.740116,0.739536,0.742993,0.736636,0.738376,0.736984,0.734594,0.728237,0.726589,0.708886,
86400,0.99588,0.998194,0.997106,0.995116,0.993125,0.988634,0.984167,0.973356,0.960162,0.941806,0.911736,0.871019,0.818287,0.751204,0.698009,0.664769,0.677037,0.695278,0.708171,0.715671,0.727083,0.731273,0.733588,0.734514,0.737731,0.735208,0.73831,0.741736,0.739722,0.736597,0.739907,0.734491,0.735648,0.73544,0.737801,0.734653,0.741019,0.73713,0.73875,0.740185,0.73963,0.743032,0.736713,0.738426,0.737014,0.734537,0.728009,0.726644,0.709051,
86600,0.995866,0.998199,0.997113,0.995127,0.993141,0.988614,0.984157,0.973395,0.960185,0.941755,0.911778,0.871016,0.818199,0.751109,0.697945,0.664596,0.677044,0.695381,0.708222,0.715497,0.727252,0.731386,0.733418,0.734619,0.737737,0.735289,0.738222,0.74157,0.739792,0.736605,0.740115,0.734388,0.735704,0.735658,0.737806,0.734527,0.741039,0.737229,0.738845,0.740069,0.73963,0.743072,0.736651,0.738222,0.736975,0.734527,0.728106,0.726559,0.709192,
86800,0.995853,0.998203,0.997097,0.995138,0.993157,0.988618,0.984194,0.973364,0.96023,0.941774,0.911751,0.871152,0.818249,0.750829,0.697972,0.66447,0.676959,0.695369,0.708295,0.715438,0.727143,0.731359,0.73371,0.734654,0.737972,0.735392,0.738226,0.741429,0.739793,0.736774,0.74,0.734332,0.735691,0.735576,0.737765,0.734562,0.740991,0.737212,0.738963,0.740023,0.739677,0.74288,0.736636,0.738295,0.73712,0.73447,0.728018,0.726544,0.709078,
87000,0.995862,0.998184,0.997103,0.995149,0.993149,0.988621,0.98423,0.973402,0.96023,0.941724,0.911747,0.871172,0.818322,0.75069,0.698069,0.664506,0.676805,0.695011,0.708345,0.715517,0.727195,0.731287,0.733586,0.734506,0.738161,0.735425,0.738299,0.741333,0.73977,0.736782,0.740023,0.734414,0.735448,0.735793,0.73777,0.734552,0.741195,0.737356,0.738989,0.740046,0.73977,0.742943,0.736529,0.738414,0.737195,0.734552,0.727885,0.72623,0.709264,
87200,0.995826,0.998165,0.99711,0.995161,0.993142,0.988647,0.984243,0.973463,0.960252,0.941743,0.911858,0.871284,0.818188,0.750711,0.697913,0.664472,0.677087,0.695252,0.708509,0.715528,0.727248,0.731147,0.733532,0.734266,0.738188,0.73539,0.738211,0.741422,0.739679,0.736812,0.740046,0.734289,0.73555,0.735734,0.737982,0.73461,0.74117,0.737431,0.738876,0.740275,0.739839,0.743096,0.73656,0.738555,0.736858,0.734541,0.727798,0.726284,0.70945,
87400,0.995835,0.998169,0.997094,0.995172,0.993158,0.98865,0.984233,0.973432,0.960229,0.941762,0.911899,0.871121,0.818192,0.750709,0.697986,0.664211,0.677048,0.695126,0.708535,0.715423,0.72746,0.731236,0.733501,0.734325,0.73833,0.735423,0.73833,0.74135,0.739474,0.736682,0.740206,0.734142,0.735629,0.735812,0.738055,0.734691,0.74119,0.737346,0.73897,0.740206,0.739611,0.742769,0.736568,0.73865,0.736842,0.734439,0.727803,0.726224,0.709314,
87600,0.995845,0.998174,0.9971,0.99516,0.993105,0.98863,0.984155,0.97347,0.960228,0.941735,0.911963,0.871187,0.818219,0.750822,0.697945,0.664315,0.677123,0.694909,0.708676,0.715502,0.727603,0.73137,0.73347,0.733927,0.738082,0.735411,0.738288,0.741416,0.739521,0.736689,0.740205,0.734224,0.735571,0.735776,0.7379,0.734703,0.741119,0.737397,0.739018,0.74016,0.739452,0.742626,0.736621,0.738721,0.736849,0.734361,0.727968,0.726164,0.709224,
87800,0.995854,0.998155,0.997107,0.995171,0.993075,0.98861,0.984169,0.973485,0.960159,0.941731,0.912027,0.871207,0.818337,0.750797,0.698064,0.664419,0.67697,0.69492,0.708679,0.715353,0.727608,0.731412,0.733531,0.733918,0.73795,0.735535,0.738178,0.741435,0.739522,0.736811,0.740137,0.734123,0.735285,0.735923,0.738109,0.734624,0.740934,0.737267,0.738861,0.740023,0.739317,0.742597,0.73656,0.738907,0.737153,0.734579,0.727995,0.725968,0.70918,
88000,0.995864,0.998136,0.997114,0.995182,0.993091,0.988614,0.984182,0.973477,0.960159,0.941682,0.911977,0.871227,0.818068,0.751,0.697977,0.664455,0.67675,0.695068,0.708591,0.715227,0.727523,0.731545,0.733386,0.733864,0.73775,0.735591,0.738341,0.741523,0.739523,0.736932,0.740227,0.734114,0.735432,0.735795,0.738136,0.734705,0.741023,0.73725,0.738841,0.740091,0.739227,0.742545,0.736682,0.738841,0.737341,0.734614,0.728,0.725955,0.709068,
88200,0.995873,0.998141,0.99712,0.99517,0.993084,0.988594,0.984172,0.973537,0.960113,0.94161,0.911973,0.871088,0.818027,0.750952,0.698027,0.66458,0.676757,0.694853,0.708503,0.715306,0.727551,0.731633,0.733356,0.733946,0.737755,0.735669,0.738254,0.741769,0.739705,0.736939,0.74034,0.734036,0.735351,0.735714,0.738095,0.734739,0.741043,0.737143,0.738821,0.740204,0.739161,0.742494,0.736599,0.738753,0.737324,0.734694,0.728073,0.725918,0.708934,
88400,0.99586,0.998145,0.997127,0.995181,0.9931,0.988597,0.984163,0.973484,0.960181,0.941697,0.911968,0.871041,0.817964,0.751018,0.697964,0.664842,0.6769,0.694706,0.708575,0.71543,0.727398,0.731403,0.733348,0.733891,0.737851,0.735747,0.738258,0.741765,0.739729,0.737059,0.740475,0.734072,0.735339,0.73586,0.737964,0.735045,0.740995,0.737059,0.738824,0.740181,0.738937,0.742511,0.736652,0.73871,0.73733,0.734661,0.728281,0.72586,0.708869,
88600,0.995869,0.998149,0.997111,0.995147,0.993093,0.9886,0.984199,0.973431,0.960158,0.941648,0.911986,0.871129,0.818081,0.751016,0.697946,0.66474,0.677065,0.694718,0.708352,0.715485,0.727517,0.731174,0.733341,0.734063,0.737878,0.735869,0.738194,0.741964,0.739752,0.736998,0.740519,0.734108,0.735282,0.735869,0.737923,0.735169,0.740926,0.736795,0.738894,0.74009,0.739233,0.742777,0.736637,0.7386,0.737201,0.734447,0.727856,0.725869,0.708939,
88800,0.995856,0.998153,0.997117,0.995158,0.993108,0.988626,0.984212,0.973446,0.960248,0.941667,0.911892,0.871261,0.817883,0.751081,0.697748,0.664685,0.677095,0.694977,0.708266,0.71545,0.72732,0.731014,0.733378,0.734077,0.737883,0.735878,0.738018,0.74205,0.73991,0.736959,0.740653,0.734144,0.73509,0.735923,0.737995,0.73527,0.740991,0.736869,0.738716,0.740068,0.739234,0.742883,0.736622,0.738671,0.737275,0.73464,0.727815,0.726081,0.708851,
89000,0.995843,0.998135,0.997124,0.995146,0.993124,0.988629,0.984225,0.973483,0.96027,0.941663,0.911955,0.871236,0.81782,0.751326,0.697775,0.664697,0.677079,0.694831,0.708202,0.715506,0.727281,0.731124,0.733281,0.733933,0.738135,0.736045,0.73809,0.741933,0.74009,0.736989,0.740652,0.734225,0.735146,0.736067,0.73791,0.735348,0.740989,0.736697,0.738674,0.739933,0.738989,0.742539,0.736764,0.738742,0.737483,0.734719,0.727843,0.72609,0.708921,
89200,0.99583,0.998139,0.997108,0.995157,0.993117,0.988655,0.98426,0.973408,0.960336,0.941682,0.912018,0.871368,0.817825,0.751435,0.697534,0.664753,0.67704,0.694776,0.708049,0.715628,0.727422,0.731211,0.733206,0.733924,0.738139,0.736054,0.738049,0.741816,0.740157,0.736973,0.740561,0.734238,0.735269,0.735987,0.737892,0.735067,0.740897,0.736592,0.738744,0.739843,0.739215,0.742556,0.736659,0.738834,0.737377,0.734731,0.727892,0.725852,0.709013,
89400,0.995817,0.998143,0.997114,0.995145,0.993132,0.988613,0.984273,0.973333,0.960313,0.941767,0.912036,0.871387,0.817696,0.751588,0.697494,0.664877,0.677315,0.694832,0.708166,0.715772,0.727517,0.731253,0.733043,0.733848,0.738009,0.736264,0.738166,0.741812,0.740157,0.736577,0.740694,0.734385,0.73519,0.735951,0.737942,0.735101,0.740895,0.736667,0.738747,0.739776,0.739172,0.742438,0.736756,0.738546,0.737427,0.734765,0.728076,0.725772,0.708971,
89600,0.995826,0.998147,0.997121,0.995156,0.993125,0.988616,0.984286,0.973259,0.960335,0.941674,0.911987,0.871205,0.817656,0.751629,0.697612,0.665022,0.677478,0.694911,0.708103,0.715603,0.727388,0.731049,0.732991,0.733929,0.738103,0.736116,0.738214,0.742031,0.740223,0.736429,0.740804,0.734397,0.735179,0.735714,0.738125,0.734955,0.740737,0.736696,0.738772,0.739955,0.739263,0.742455,0.736563,0.73875,0.737411,0.734911,0.728103,0.725603,0.708951,
89800,0.995835,0.998151,0.997127,0.995167,0.99314,0.988641,0.984321,0.973229,0.960267,0.94167,0.912071,0.871292,0.817595,0.751693,0.697483,0.664944,0.677617,0.695167,0.70833,0.715546,0.727372,0.73098,0.73294,0.733764,0.738018,0.73608,0.738196,0.742027,0.740111,0.73637,0.740846,0.734477,0.735278,0.735813,0.738151,0.734967,0.740601,0.736726,0.738842,0.739933,0.739042,0.742472,0.736615,0.738998,0.737327,0.734967,0.728263,0.725546,0.709065,
90000,0.9958,0.998156,0.997133,0.995178,0.993156,0.988644,0.984333,0.973244,0.960289,0.941778,0.912111,0.871311,0.817689,0.751756,0.697311,0.664822,0.677556,0.695467,0.708289,0.715667,0.727356,0.730867,0.733,0.733444,0.738111,0.736156,0.738244,0.742133,0.740022,0.736289,0.740822,0.734533,0.735178,0.735711,0.737933,0.734933,0.740689,0.736756,0.738778,0.739889,0.739089,0.742289,0.736644,0.7392,0.737378,0.735,0.728178,0.725556,0.708978,
90200,0.995809,0.99816,0.99714,0.995188,0.993149,0.988603,0.984302,0.973304,0.960288,0.941796,0.912129,0.871486,0.817871,0.751885,0.696962,0.664745,0.677583,0.695543,0.708315,0.71541,0.727251,0.730887,0.733149,0.733525,0.738226,0.736009,0.738248,0.742217,0.739956,0.736231,0.740776,0.73439,0.735233,0.735942,0.738004,0.734834,0.740621,0.737007,0.738803,0.7398,0.739246,0.742417,0.736696,0.739268,0.737384,0.734945,0.728093,0.72561,0.709069,
90400,0.995819,0.998164,0.997124,0.995199,0.993164,0.988606,0.984336,0.973296,0.960288,0.941836,0.912102,0.871549,0.818009,0.751814,0.696814,0.664801,0.677721,0.695597,0.708252,0.71531,0.727323,0.730752,0.733097,0.733695,0.738164,0.735863,0.73823,0.742301,0.740066,0.735951,0.740841,0.734425,0.735332,0.735863,0.738031,0.734779,0.740442,0.73677,0.738894,0.739823,0.739093,0.742389,0.73677,0.739336,0.737588,0.734934,0.728053,0.725465,0.708872,
90600,0.995828,0.998168,0.997108,0.995166,0.993179,0.988609,0.984349,0.973333,0.960221,0.94181,0.912075,0.871391,0.818035,0.751788,0.696777,0.664879,0.677439,0.695695,0.708322,0.715188,0.727351,0.730971,0.733157,0.733664,0.738102,0.735828,0.738278,0.742318,0.740066,0.73596,0.741038,0.734371,0.73521,0.735916,0.737991,0.734923,0.740397,0.736777,0.73894,0.739691,0.739029,0.742406,0.736976,0.739426,0.737483,0.734658,0.727903,0.725563,0.709029,
90800,0.995815,0.998172,0.997115,0.995154,0.993194,0.988612,0.984317,0.973348,0.960198,0.941828,0.912048,0.871366,0.818084,0.751806,0.696894,0.664912,0.677643,0.695727,0.708502,0.715132,0.727489,0.730727,0.733238,0.733568,0.73815,0.735925,0.73837,0.742291,0.740132,0.735969,0.741013,0.734185,0.735352,0.735837,0.738018,0.734912,0.740286,0.736762,0.738833,0.739868,0.739251,0.742423,0.736982,0.739449,0.737621,0.734537,0.727819,0.725661,0.709053,
91000,0.995824,0.998176,0.997099,0.995165,0.993209,0.988615,0.984308,0.973275,0.960176,0.941802,0.912022,0.871341,0.818044,0.751934,0.697121,0.664747,0.677758,0.695714,0.708571,0.714945,0.727275,0.730505,0.733429,0.733626,0.738198,0.736044,0.738484,0.742396,0.740022,0.735912,0.741033,0.733978,0.735385,0.73567,0.738044,0.734989,0.74033,0.736857,0.738681,0.739692,0.739407,0.742505,0.736923,0.73967,0.73778,0.734462,0.727802,0.72567,0.709275,
91200,0.995833,0.99818,0.997105,0.995175,0.993224,0.98864,0.984342,0.973246,0.960066,0.941732,0.912083,0.871316,0.818048,0.751886,0.696886,0.66489,0.677763,0.695811,0.708596,0.714781,0.727149,0.730548,0.733355,0.733596,0.738224,0.736053,0.738399,0.7425,0.739934,0.735811,0.741118,0.733904,0.735329,0.735526,0.737982,0.73489,0.74057,0.736798,0.738575,0.739803,0.739364,0.742654,0.736908,0.739583,0.7375,0.734539,0.727697,0.725636,0.709408,
91400,0.995842,0.998184,0.99709,0.995164,0.993173,0.988665,0.984354,0.973217,0.960109,0.941707,0.911991,0.871335,0.817856,0.751991,0.696958,0.66488,0.67779,0.69593,0.7086,0.714748,0.727221,0.730569,0.733457,0.733611,0.738162,0.735996,0.738315,0.742276,0.739891,0.735755,0.741028,0.733939,0.735536,0.735624,0.738206,0.734814,0.740394,0.736958,0.7386,0.739912,0.739409,0.742713,0.736937,0.739672,0.737637,0.734376,0.727834,0.725558,0.709562,
91600,0.995852,0.998188,0.997096,0.995153,0.993144,0.98869,0.984279,0.973231,0.960087,0.941703,0.911943,0.871397,0.817751,0.751856,0.696725,0.664956,0.678013,0.696092,0.70869,0.71476,0.727118,0.730611,0.733559,0.733581,0.7381,0.735895,0.738493,0.742205,0.739978,0.735524,0.740677,0.73393,0.735655,0.735939,0.738166,0.734934,0.740611,0.736834,0.738755,0.739869,0.739389,0.742576,0.737031,0.739694,0.737598,0.734367,0.72786,0.725677,0.709367,
91800,0.995861,0.99817,0.997102,0.995142,0.993115,0.988693,0.98427,0.97329,0.960131,0.941786,0.91183,0.871416,0.817669,0.751656,0.696558,0.664924,0.678148,0.69634,0.708824,0.714749,0.727102,0.730501,0.733529,0.733682,0.737952,0.736057,0.738453,0.742222,0.740087,0.735468,0.740675,0.733813,0.735773,0.735882,0.738061,0.735142,0.740719,0.736732,0.738671,0.739935,0.739542,0.742527,0.736928,0.739717,0.7378,0.734575,0.727778,0.725882,0.709499,
92000,0.99587,0.998174,0.997087,0.99513,0.993109,0.988717,0.984304,0.973304,0.96013,0.94187,0.911761,0.871348,0.817848,0.751652,0.696522,0.664674,0.678109,0.69637,0.708978,0.71487,0.727109,0.730348,0.73363,0.733739,0.737978,0.736065,0.738522,0.741826,0.740196,0.735478,0.740826,0.733804,0.735739,0.735652,0.738087,0.735152,0.740652,0.736761,0.738804,0.739957,0.739478,0.742413,0.737087,0.739848,0.737957,0.734587,0.727978,0.725957,0.709478,
92200,0.995879,0.998178,0.997093,0.995141,0.993124,0.988698,0.984317,0.973362,0.960087,0.941952,0.91167,0.871302,0.817852,0.75154,0.696356,0.664664,0.678069,0.696638,0.709132,0.714924,0.727007,0.730217,0.733709,0.733601,0.737939,0.735944,0.738742,0.741909,0.740108,0.73538,0.740564,0.733796,0.735792,0.735727,0.738091,0.735271,0.740651,0.736855,0.738959,0.740087,0.73974,0.742451,0.737267,0.739826,0.737939,0.734555,0.727961,0.726074,0.709414,
92400,0.995887,0.998182,0.9971,0.995152,0.993139,0.98868,0.984329,0.973398,0.960108,0.94197,0.911645,0.871169,0.817965,0.751299,0.696342,0.664719,0.67803,0.696299,0.709242,0.715022,0.726883,0.730325,0.733788,0.733723,0.737944,0.735823,0.738766,0.741753,0.740065,0.735541,0.740628,0.733853,0.735909,0.735779,0.738117,0.735281,0.740606,0.736991,0.738788,0.739784,0.739827,0.742359,0.737186,0.739935,0.737987,0.734502,0.727879,0.726017,0.709437,
92600,0.995875,0.998186,0.997106,0.99514,0.993132,0.988661,0.984363,0.973413,0.960022,0.941987,0.911598,0.871253,0.817927,0.751274,0.696393,0.664816,0.678164,0.69635,0.709395,0.715076,0.727127,0.730367,0.733909,0.733521,0.737991,0.73581,0.738834,0.741901,0.740022,0.73568,0.740778,0.733996,0.736004,0.735616,0.737883,0.734773,0.740821,0.737041,0.739006,0.739935,0.739827,0.742376,0.737235,0.739762,0.73797,0.734557,0.728035,0.726112,0.709266,
92800,0.995884,0.99819,0.997091,0.995129,0.993147,0.988685,0.984353,0.973448,0.960043,0.941918,0.911573,0.871272,0.817802,0.751078,0.696487,0.664806,0.678427,0.696336,0.709224,0.715129,0.727263,0.730409,0.733728,0.733556,0.738147,0.735905,0.738879,0.74194,0.739978,0.735625,0.740625,0.733966,0.735841,0.735539,0.737953,0.734828,0.740647,0.73722,0.738966,0.740043,0.739849,0.742306,0.737198,0.73972,0.737716,0.734418,0.728147,0.726228,0.709203,
93000,0.995892,0.998194,0.997054,0.99514,0.99314,0.98871,0.984366,0.973462,0.960022,0.941914,0.911505,0.871247,0.81772,0.75086,0.696473,0.665118,0.678452,0.696516,0.709333,0.715118,0.727312,0.730151,0.733591,0.733699,0.738129,0.735785,0.738753,0.742,0.739806,0.735828,0.740688,0.733871,0.735957,0.735484,0.737914,0.735032,0.74086,0.737419,0.739032,0.739914,0.73957,0.742323,0.737075,0.739871,0.737806,0.734323,0.727892,0.726258,0.70929,
93200,0.99588,0.998197,0.99706,0.99515,0.993112,0.988691,0.984313,0.973433,0.959957,0.941931,0.911524,0.871137,0.817768,0.750773,0.696567,0.665,0.678541,0.696695,0.709292,0.715086,0.727318,0.730107,0.733433,0.733627,0.738283,0.735751,0.738884,0.741996,0.739828,0.735644,0.740644,0.733948,0.735901,0.735579,0.73794,0.734957,0.741009,0.737275,0.73897,0.740021,0.739528,0.742403,0.737124,0.73985,0.737704,0.734421,0.72794,0.726288,0.709099,
93400,0.995889,0.998201,0.997066,0.995161,0.993126,0.988694,0.984347,0.973426,0.959893,0.941884,0.91152,0.871071,0.817816,0.750814,0.696467,0.664989,0.678544,0.696788,0.709293,0.714968,0.727302,0.730107,0.733383,0.733555,0.73833,0.735696,0.738844,0.742034,0.739893,0.735439,0.740557,0.734026,0.735653,0.735546,0.73788,0.735161,0.740899,0.737259,0.739058,0.740107,0.739615,0.742355,0.737173,0.739914,0.737837,0.734433,0.72773,0.726317,0.708994,
93600,0.995897,0.998205,0.997051,0.995171,0.993141,0.988697,0.984338,0.973419,0.959936,0.941816,0.91156,0.871068,0.817671,0.750962,0.696538,0.664979,0.678846,0.696688,0.709295,0.714936,0.727286,0.73015,0.733269,0.733462,0.738205,0.735641,0.738782,0.741987,0.739893,0.73547,0.740406,0.734017,0.735726,0.735598,0.737906,0.735171,0.74094,0.737073,0.739081,0.740107,0.739679,0.742393,0.737158,0.740128,0.737735,0.734487,0.727863,0.72641,0.708846,
93800,0.995906,0.998209,0.997058,0.99516,0.993156,0.988721,0.98435,0.973433,0.959872,0.941812,0.911535,0.871151,0.817676,0.751151,0.696567,0.664755,0.679104,0.696397,0.709403,0.714797,0.727292,0.730235,0.733198,0.733369,0.738166,0.735629,0.738785,0.742132,0.740043,0.735309,0.740405,0.733987,0.735693,0.73565,0.737846,0.735267,0.740853,0.737079,0.739062,0.740107,0.739638,0.742473,0.737079,0.740107,0.73791,0.734691,0.727996,0.726333,0.709041,
94000,0.995851,0.998213,0.997064,0.995149,0.99317,0.988638,0.98434,0.973468,0.959851,0.941787,0.911596,0.871213,0.817787,0.751191,0.696383,0.664766,0.679085,0.696426,0.709447,0.714809,0.72717,0.730404,0.733362,0.733383,0.738191,0.735638,0.73883,0.742191,0.740213,0.73517,0.740255,0.733957,0.735617,0.735404,0.737851,0.735064,0.740872,0.73717,0.739149,0.740064,0.739681,0.742532,0.737106,0.740149,0.737957,0.734447,0.728021,0.726213,0.709,
94200,0.995839,0.998217,0.997049,0.995159,0.993185,0.988641,0.984352,0.973439,0.95983,0.941847,0.91172,0.871104,0.817707,0.751274,0.696178,0.664777,0.679151,0.696454,0.709512,0.714968,0.727219,0.730297,0.733355,0.733185,0.73828,0.735817,0.738981,0.742272,0.740361,0.735159,0.740361,0.733694,0.735669,0.735414,0.737898,0.735032,0.740807,0.737155,0.739172,0.740149,0.739597,0.742442,0.736943,0.740106,0.738025,0.734628,0.728089,0.726221,0.708938,
94400,0.995847,0.99822,0.997055,0.995148,0.993199,0.988623,0.984364,0.973432,0.959852,0.941907,0.911695,0.871123,0.817797,0.751292,0.696123,0.664873,0.679258,0.696547,0.709597,0.715042,0.727097,0.730445,0.733369,0.733114,0.738114,0.735742,0.738941,0.742246,0.740318,0.735021,0.740424,0.733623,0.735508,0.735339,0.738072,0.735021,0.740678,0.737097,0.739153,0.740148,0.73964,0.742458,0.737013,0.740042,0.73803,0.734513,0.727924,0.726144,0.708919,
94600,0.995856,0.998224,0.997061,0.995159,0.993214,0.988626,0.984376,0.973446,0.959873,0.941945,0.911734,0.87093,0.817822,0.751099,0.696237,0.664926,0.679175,0.696554,0.709493,0.715011,0.726977,0.730402,0.733467,0.733066,0.738245,0.735835,0.738753,0.742199,0.740317,0.735137,0.740529,0.733573,0.735476,0.735391,0.73814,0.734884,0.74074,0.737146,0.739197,0.740211,0.739535,0.742326,0.736956,0.74019,0.737907,0.734651,0.72797,0.725856,0.70907,
94800,0.995865,0.998228,0.997046,0.995148,0.993228,0.98865,0.984367,0.97346,0.959873,0.941941,0.911751,0.870738,0.81789,0.751097,0.696118,0.665,0.679304,0.696456,0.709388,0.715084,0.726857,0.730401,0.733586,0.733122,0.73827,0.735886,0.73865,0.742004,0.740422,0.735211,0.740253,0.73346,0.735485,0.735422,0.73827,0.734937,0.740717,0.737025,0.739135,0.740084,0.739641,0.742468,0.736793,0.740042,0.73789,0.734599,0.72789,0.725865,0.70903,
95000,0.995853,0.998211,0.997011,0.995137,0.993221,0.988674,0.984379,0.973495,0.959853,0.941937,0.911663,0.870758,0.817916,0.751074,0.695958,0.664842,0.679474,0.6964,0.709368,0.715053,0.726989,0.730568,0.733642,0.733116,0.738274,0.735916,0.738779,0.742147,0.740421,0.735032,0.740042,0.733453,0.7356,0.735263,0.738232,0.734989,0.740905,0.737074,0.738968,0.740189,0.739684,0.742589,0.736674,0.740063,0.737874,0.734779,0.727874,0.725937,0.709095,
95200,0.995861,0.998214,0.997017,0.995147,0.993214,0.988676,0.98437,0.97355,0.959874,0.941891,0.911597,0.870882,0.817899,0.750987,0.695693,0.664874,0.679496,0.696387,0.70958,0.715189,0.727122,0.730525,0.733739,0.733151,0.738382,0.735819,0.738908,0.74208,0.740462,0.734895,0.74021,0.733466,0.735651,0.735126,0.738319,0.734979,0.74105,0.737206,0.738971,0.740252,0.739685,0.742584,0.736513,0.739958,0.737647,0.734853,0.727857,0.726029,0.708992,
95400,0.995849,0.998218,0.997023,0.995094,0.993208,0.988679,0.98434,0.973543,0.959853,0.941992,0.911572,0.870797,0.817841,0.751006,0.695744,0.664906,0.679371,0.696457,0.709748,0.715199,0.727149,0.730608,0.733899,0.733103,0.738428,0.735723,0.738931,0.741866,0.740482,0.734906,0.740419,0.733585,0.735639,0.735136,0.738491,0.73499,0.741111,0.737317,0.738931,0.740189,0.73956,0.742662,0.736604,0.739727,0.737631,0.734885,0.727966,0.72587,0.709119,
95600,0.995858,0.998201,0.997029,0.995084,0.993201,0.988682,0.98431,0.973536,0.959854,0.94205,0.911485,0.870837,0.817803,0.751109,0.695628,0.664937,0.679435,0.696276,0.709833,0.715272,0.727113,0.730774,0.73387,0.733075,0.738556,0.735669,0.738787,0.741778,0.740439,0.734728,0.740418,0.733598,0.735732,0.735209,0.738305,0.735063,0.741172,0.737238,0.739017,0.740272,0.739498,0.742552,0.736402,0.739644,0.737615,0.734916,0.728138,0.725795,0.709163,
95800,0.995866,0.998205,0.997035,0.995094,0.993194,0.988706,0.984342,0.973507,0.959791,0.942088,0.911378,0.870877,0.817808,0.751148,0.695783,0.665115,0.679165,0.696284,0.710021,0.715219,0.727182,0.73096,0.733987,0.733257,0.738518,0.735678,0.738935,0.741837,0.74048,0.734635,0.740334,0.733549,0.735866,0.735031,0.738518,0.735157,0.741002,0.737077,0.739165,0.740251,0.739729,0.742589,0.73643,0.739478,0.73762,0.734948,0.728497,0.725699,0.709207,
96000,0.995854,0.998208,0.997042,0.995083,0.993188,0.988708,0.984292,0.973479,0.959771,0.942063,0.911417,0.87075,0.817917,0.751146,0.695708,0.665104,0.679229,0.696313,0.710042,0.715021,0.727229,0.730792,0.734208,0.733333,0.738646,0.735542,0.738833,0.741896,0.740437,0.734625,0.740313,0.733646,0.735938,0.735062,0.738271,0.735062,0.741229,0.737042,0.739229,0.740354,0.739646,0.742708,0.736583,0.739521,0.73775,0.734979,0.728417,0.725542,0.709271,
96200,0.995821,0.998212,0.997048,0.995052,0.993202,0.988732,0.984304,0.973514,0.959709,0.942058,0.911393,0.870707,0.817983,0.750998,0.695593,0.665177,0.679231,0.696528,0.710146,0.715135,0.72736,0.730769,0.73422,0.733389,0.738524,0.735613,0.738919,0.741892,0.740457,0.734615,0.740437,0.733721,0.735988,0.735031,0.73842,0.735177,0.741227,0.737027,0.739418,0.740457,0.739335,0.742723,0.73659,0.739397,0.737609,0.735094,0.728462,0.725551,0.70921,
96400,0.99583,0.998216,0.997033,0.995062,0.993216,0.988755,0.984295,0.973485,0.959668,0.942054,0.91139,0.870602,0.818029,0.750851,0.695477,0.665207,0.679336,0.696826,0.709959,0.715187,0.727365,0.730788,0.734212,0.73334,0.738548,0.73556,0.738983,0.741909,0.740415,0.73471,0.740477,0.733672,0.73612,0.735041,0.738589,0.735311,0.741245,0.737075,0.73944,0.740602,0.739481,0.742573,0.736535,0.739564,0.737635,0.735145,0.728382,0.725581,0.709357,
96600,0.995839,0.998219,0.997039,0.995072,0.99323,0.988758,0.984306,0.97354,0.959689,0.942133,0.911304,0.870518,0.818095,0.750807,0.695404,0.6653,0.679358,0.696977,0.710083,0.715052,0.727246,0.730807,0.734161,0.733333,0.738675,0.735694,0.738861,0.741988,0.740621,0.734783,0.740538,0.733727,0.736128,0.735176,0.738551,0.735362,0.741263,0.737101,0.739482,0.740704,0.739255,0.742505,0.736356,0.739586,0.737557,0.735342,0.728406,0.725549,0.709317,
96800,0.995847,0.998223,0.997045,0.995083,0.993223,0.98876,0.984318,0.973512,0.959711,0.942087,0.911384,0.870517,0.818264,0.750744,0.695124,0.66531,0.679525,0.697149,0.710145,0.714793,0.727417,0.730992,0.734339,0.733326,0.738678,0.735847,0.738905,0.742004,0.740868,0.734897,0.74064,0.73374,0.736281,0.734938,0.738492,0.735413,0.741405,0.737087,0.739607,0.74064,0.739318,0.742376,0.736426,0.739566,0.737438,0.735372,0.728388,0.725393,0.709256,
97000,0.995856,0.998227,0.99701,0.995093,0.993237,0.988701,0.984268,0.973526,0.959711,0.942062,0.911381,0.870412,0.818247,0.750763,0.695093,0.665299,0.679505,0.697196,0.710268,0.714619,0.727526,0.731052,0.73433,0.733299,0.738887,0.735918,0.738845,0.741979,0.74101,0.734866,0.74068,0.733876,0.736289,0.734742,0.738598,0.735381,0.741361,0.736969,0.739588,0.74068,0.739464,0.742268,0.736412,0.739649,0.737485,0.735443,0.728495,0.725216,0.709299,
97200,0.995864,0.99823,0.996996,0.995082,0.993251,0.988663,0.9843,0.973539,0.959671,0.942119,0.911461,0.870494,0.818333,0.750658,0.694815,0.665185,0.679774,0.697284,0.710494,0.714547,0.727531,0.730947,0.734156,0.73321,0.738951,0.735988,0.738621,0.741831,0.741029,0.734959,0.74072,0.733909,0.73644,0.734815,0.738663,0.735226,0.741379,0.736831,0.739403,0.740679,0.739547,0.742284,0.736461,0.739815,0.737449,0.735597,0.728436,0.725247,0.709259,
97400,0.995873,0.998234,0.997002,0.995092,0.993265,0.988624,0.984333,0.973573,0.959651,0.942177,0.911396,0.870452,0.818255,0.750575,0.694764,0.665072,0.679856,0.697536,0.710472,0.714559,0.727474,0.730965,0.734168,0.733203,0.739076,0.736119,0.738563,0.741786,0.740945,0.734949,0.740739,0.733984,0.736571,0.734867,0.738542,0.735195,0.741314,0.736899,0.739487,0.740719,0.739528,0.742218,0.736509,0.739692,0.737146,0.735565,0.728214,0.725339,0.709425,
97600,0.995881,0.998217,0.997008,0.995082,0.993238,0.988648,0.984283,0.973525,0.959652,0.942111,0.911414,0.87041,0.818217,0.750533,0.694795,0.665184,0.679918,0.697664,0.710594,0.714652,0.727234,0.730922,0.734303,0.733115,0.738955,0.736189,0.73873,0.741926,0.741025,0.735102,0.740881,0.734078,0.736721,0.734918,0.738443,0.735143,0.74123,0.736844,0.739426,0.740738,0.739631,0.742131,0.736475,0.739734,0.737172,0.73543,0.728217,0.72543,0.709672,
97800,0.995849,0.998221,0.997014,0.995092,0.993231,0.98865,0.984274,0.973538,0.959673,0.942147,0.911329,0.870429,0.8182,0.750389,0.694765,0.66501,0.679734,0.697873,0.710634,0.714724,0.72728,0.731002,0.73407,0.733047,0.739141,0.735971,0.738793,0.741881,0.740961,0.735153,0.740838,0.733804,0.736871,0.73501,0.738609,0.735133,0.741022,0.736728,0.739509,0.740859,0.739836,0.742209,0.736442,0.739632,0.737219,0.735317,0.728221,0.725603,0.709734,
98000,0.995837,0.998224,0.99698,0.995082,0.993245,0.988673,0.984265,0.97351,0.959694,0.94202,0.911245,0.870388,0.818245,0.750571,0.694918,0.664878,0.679612,0.697837,0.710755,0.714735,0.727122,0.730816,0.734061,0.733102,0.739061,0.736184,0.738939,0.741918,0.74098,0.735204,0.740898,0.733735,0.736816,0.734898,0.73849,0.734959,0.741102,0.736918,0.739551,0.740939,0.739837,0.742245,0.736327,0.739694,0.737204,0.735306,0.727959,0.725776,0.709571,
98200,0.995845,0.998228,0.996986,0.995092,0.993238,0.988676,0.984257,0.973503,0.959695,0.942118,0.911365,0.870387,0.818371,0.75057,0.694929,0.664827,0.679654,0.698045,0.710774,0.714949,0.727067,0.730774,0.734094,0.733096,0.73888,0.736273,0.738798,0.741996,0.740957,0.735316,0.741018,0.733829,0.736823,0.734929,0.738574,0.734664,0.741181,0.736802,0.739491,0.7411,0.739878,0.742261,0.736293,0.739756,0.737149,0.735234,0.72776,0.725642,0.709633,
98400,0.995854,0.998211,0.996972,0.995061,0.993252,0.988679,0.984289,0.973516,0.959654,0.942134,0.911321,0.870366,0.818374,0.75061,0.694919,0.664878,0.679573,0.697988,0.710813,0.715041,0.726972,0.730711,0.734146,0.733171,0.738943,0.73624,0.738882,0.742175,0.740732,0.735285,0.741016,0.733862,0.736667,0.734878,0.738577,0.734553,0.741423,0.73689,0.739593,0.741098,0.739858,0.742459,0.73628,0.739675,0.737256,0.735305,0.727846,0.725732,0.709533,
98600,0.995862,0.998215,0.996978,0.995071,0.993266,0.988702,0.98426,0.97355,0.959675,0.94217,0.911379,0.870264,0.818398,0.750609,0.695051,0.664888,0.679594,0.69787,0.710771,0.715051,0.726917,0.730669,0.734118,0.733205,0.739026,0.736369,0.738925,0.742069,0.740791,0.735172,0.741034,0.733895,0.736633,0.734828,0.738398,0.734767,0.741379,0.736937,0.739574,0.741034,0.739878,0.742373,0.736369,0.739838,0.737363,0.735396,0.727748,0.725781,0.709594,
98800,0.99587,0.998219,0.996984,0.995081,0.993279,0.988725,0.984291,0.973583,0.959676,0.942126,0.911275,0.870182,0.81836,0.750304,0.695121,0.665101,0.679636,0.697935,0.71081,0.715121,0.726943,0.730891,0.734231,0.73332,0.739049,0.736316,0.738765,0.742024,0.740729,0.734939,0.740951,0.733907,0.736741,0.734899,0.738441,0.734777,0.741397,0.736923,0.739534,0.741215,0.739717,0.742389,0.736316,0.739858,0.737287,0.735385,0.727672,0.725769,0.709737,
99000,0.995859,0.998222,0.99699,0.995071,0.993273,0.988727,0.984323,0.973616,0.959677,0.942162,0.911333,0.870303,0.818222,0.750283,0.695172,0.66503,0.679697,0.697879,0.710788,0.715172,0.726909,0.730828,0.734121,0.733131,0.73901,0.736303,0.738667,0.741838,0.740707,0.73499,0.740768,0.73402,0.736707,0.734768,0.738586,0.734768,0.741293,0.73701,0.739495,0.741111,0.739515,0.742384,0.736121,0.739838,0.737131,0.735475,0.727758,0.725717,0.709758,
99200,0.995847,0.998226,0.996996,0.99506,0.993286,0.98873,0.984335,0.973589,0.959718,0.942077,0.911411,0.870242,0.818266,0.750403,0.69502,0.665081,0.679556,0.697823,0.710766,0.715101,0.726895,0.730907,0.734234,0.733246,0.739032,0.736331,0.738528,0.741855,0.740847,0.735101,0.740847,0.734153,0.736593,0.734718,0.738387,0.734718,0.74131,0.737097,0.739516,0.74123,0.739456,0.74246,0.73623,0.739698,0.737258,0.735302,0.727863,0.725806,0.709778,
99400,0.995855,0.998229,0.997002,0.99507,0.9933,0.988732,0.984346,0.973622,0.959638,0.942093,0.911368,0.870181,0.818189,0.750362,0.69505,0.665312,0.679658,0.697988,0.710724,0.715252,0.726801,0.730885,0.734266,0.7334,0.739235,0.736338,0.738451,0.741851,0.740885,0.73499,0.740845,0.734044,0.736559,0.734789,0.73835,0.734789,0.741268,0.737163,0.739658,0.741187,0.739537,0.742394,0.735996,0.739718,0.737344,0.735412,0.727907,0.725855,0.709698,
99600,0.995843,0.998233,0.997008,0.99506,0.993273,0.988735,0.984317,0.973635,0.959639,0.942088,0.911466,0.870241,0.818273,0.750382,0.69508,0.665442,0.679759,0.698012,0.710542,0.715241,0.726888,0.730984,0.734277,0.733293,0.739357,0.736205,0.738273,0.742028,0.740884,0.73506,0.740904,0.734177,0.736486,0.734859,0.738193,0.734799,0.741305,0.737088,0.739679,0.741084,0.739418,0.742169,0.736084,0.739679,0.73743,0.735382,0.727811,0.725904,0.709679,
99800,0.995852,0.998236,0.996994,0.99503,0.993267,0.988758,0.984329,0.973667,0.959659,0.942064,0.911423,0.87022,0.818417,0.750361,0.69507,0.665491,0.67992,0.698076,0.710501,0.71519,0.726934,0.731102,0.734269,0.733387,0.739379,0.736212,0.738216,0.741924,0.740822,0.73509,0.740922,0.734128,0.736493,0.73483,0.738257,0.73477,0.741122,0.737194,0.73986,0.741202,0.739259,0.742024,0.736032,0.739619,0.737555,0.735511,0.727936,0.725892,0.709579,
100000,0.99586,0.99824,0.997,0.99504,0.99326,0.98874,0.98434,0.97366,0.95966,0.9421,0.91124,0.8702,0.81836,0.7503,0.69506,0.66548,0.67988,0.69812,0.71048,0.71518,0.72704,0.731,0.7341,0.73324,0.73948,0.7362,0.73826,0.74186,0.74094,0.7351,0.74092,0.7341,0.73652,0.73504,0.7382,0.73474,0.7411,0.7372,0.73992,0.74118,0.73928,0.74208,0.73618,0.73982,0.73756,0.73554,0.72782,0.72602,0.70952,
