mc_step,0&1,1&2,2&3,3&4,4&5,5&6,6&7,7&8,8&9,9&10,10&11,11&12,12&13,13&14,14&15,15&16,16&17,17&18,18&19,19&20,20&21,21&22,22&23,23&24,24&25,25&26,26&27,27&28,28&29,29&30,30&31,31&32,32&33,33&34,34&35,35&36,36&37,37&38,38&39,39&40,40&41,41&42,42&43,43&44,44&45,45&46,46&47,47&48,48&49,
200,1,1,1,1,1,1,1,1,1,0.98,0.96,0.96,0.96,0.92,0.9,0.81,0.75,0.72,0.64,0.49,0.53,0.21,0.38,0.33,0.31,0.3,0.15,0.18,0.23,0.32,0.2,0.25,0.19,0.26,0.26,0.36,0.33,0.43,0.4,0.35,0.35,0.36,0.28,0.27,0.21,0.14,0.1,0.06,0.04,
400,1,0.995,1,0.995,0.995,1,1,0.99,0.995,0.97,0.98,0.97,0.945,0.94,0.915,0.795,0.65,0.575,0.54,0.28,0.35,0.255,0.31,0.335,0.27,0.185,0.15,0.27,0.3,0.37,0.295,0.36,0.305,0.375,0.375,0.46,0.455,0.425,0.46,0.405,0.41,0.455,0.405,0.355,0.37,0.305,0.22,0.195,0.145,
600,1,0.996667,1,0.996667,0.996667,1,1,0.99,0.983333,0.966667,0.973333,0.956667,0.95,0.926667,0.883333,0.766667,0.566667,0.48,0.36,0.436667,0.453333,0.33,0.416667,0.483333,0.383333,0.32,0.386667,0.4,0.446667,0.5,0.47,0.48,0.42,0.466667,0.486667,0.556667,0.546667,0.48,0.566667,0.513333,0.506667,0.54,0.536667,0.523333,0.516667,0.476667,0.403333,0.35,0.353333,
800,1,0.9975,1,0.9975,0.9975,0.9975,0.995,0.9925,0.9825,0.9675,0.9575,0.95,0.9375,0.8675,0.8325,0.75,0.575,0.4675,0.425,0.5125,0.53,0.445,0.5075,0.535,0.46,0.4375,0.4625,0.4775,0.5225,0.575,0.5575,0.5375,0.475,0.52,0.56,0.605,0.605,0.555,0.585,0.57,0.565,0.6125,0.595,0.5825,0.5625,0.5525,0.4875,0.4475,0.4575,
1000,1,0.998,1,0.998,0.998,0.996,0.996,0.992,0.982,0.966,0.958,0.924,0.914,0.832,0.824,0.708,0.606,0.478,0.48,0.57,0.562,0.526,0.55,0.586,0.526,0.512,0.516,0.516,0.576,0.612,0.608,0.586,0.534,0.564,0.602,0.626,0.628,0.604,0.612,0.62,0.602,0.644,0.638,0.62,0.588,0.584,0.534,0.512,0.518,
1200,1,0.998333,1,0.996667,0.998333,0.996667,0.995,0.988333,0.976667,0.966667,0.958333,0.916667,0.901667,0.825,0.785,0.708333,0.621667,0.52,0.516667,0.6,0.586667,0.575,0.586667,0.61,0.551667,0.555,0.558333,0.546667,0.605,0.641667,0.633333,0.628333,0.573333,0.595,0.615,0.65,0.65,0.623333,0.628333,0.64,0.616667,0.666667,0.653333,0.651667,0.611667,0.61,0.563333,0.543333,0.556667,
1400,1,0.997143,1,0.997143,0.998571,0.997143,0.995714,0.99,0.977143,0.962857,0.954286,0.911429,0.898571,0.824286,0.777143,0.695714,0.634286,0.54,0.538571,0.605714,0.608571,0.607143,0.614286,0.611429,0.581429,0.582857,0.58,0.581429,0.614286,0.654286,0.658571,0.645714,0.601429,0.624286,0.634286,0.662857,0.661429,0.64,0.634286,0.667143,0.637143,0.665714,0.667143,0.667143,0.625714,0.617143,0.607143,0.57,0.577143,
1600,1,0.99625,1,0.9975,0.99875,0.995,0.99625,0.985,0.97875,0.9625,0.95375,0.91375,0.90125,0.81375,0.7675,0.68875,0.64,0.5475,0.555,0.61375,0.61,0.62,0.63375,0.6275,0.60125,0.6075,0.59875,0.6025,0.6225,0.67625,0.65875,0.655,0.62375,0.63625,0.6475,0.67375,0.66625,0.66,0.6475,0.675,0.6525,0.6875,0.68,0.6775,0.6425,0.6275,0.625,0.58375,0.59875,
1800,1,0.996667,0.998889,0.996667,0.998889,0.994444,0.994444,0.983333,0.978889,0.962222,0.951111,0.91,0.893333,0.806667,0.757778,0.673333,0.646667,0.566667,0.558889,0.628889,0.615556,0.645556,0.641111,0.647778,0.613333,0.62,0.612222,0.615556,0.641111,0.686667,0.67,0.664444,0.635556,0.638889,0.658889,0.682222,0.674444,0.664444,0.658889,0.667778,0.67,0.694444,0.694444,0.69,0.648889,0.642222,0.627778,0.6,0.611111,
2000,1,0.997,0.998,0.996,0.999,0.993,0.992,0.983,0.976,0.96,0.94,0.905,0.888,0.793,0.76,0.684,0.646,0.581,0.569,0.638,0.627,0.649,0.657,0.668,0.625,0.629,0.62,0.629,0.661,0.697,0.674,0.676,0.643,0.646,0.674,0.688,0.677,0.669,0.663,0.67,0.673,0.69,0.7,0.696,0.66,0.653,0.646,0.612,0.624,
2200,0.999091,0.997273,0.998182,0.995455,0.999091,0.993636,0.992727,0.982727,0.972727,0.96,0.94,0.898182,0.888182,0.794545,0.743636,0.67,0.658182,0.583636,0.584545,0.641818,0.644545,0.660909,0.664545,0.679091,0.639091,0.629091,0.636364,0.645455,0.667273,0.697273,0.673636,0.682727,0.648182,0.65,0.687273,0.692727,0.683636,0.666364,0.674545,0.67,0.667273,0.693636,0.701818,0.694545,0.67,0.667273,0.666364,0.620909,0.626364,
2400,0.999167,0.9975,0.998333,0.995833,0.999167,0.993333,0.988333,0.981667,0.974167,0.955833,0.94,0.896667,0.884167,0.784167,0.7325,0.668333,0.660833,0.5975,0.590833,0.648333,0.655833,0.665833,0.6625,0.685,0.650833,0.634167,0.645,0.654167,0.673333,0.701667,0.681667,0.685833,0.660833,0.661667,0.690833,0.69,0.678333,0.678333,0.6825,0.683333,0.681667,0.688333,0.705,0.706667,0.664167,0.6725,0.673333,0.628333,0.630833,
2600,0.997692,0.997692,0.997692,0.994615,0.999231,0.993846,0.988462,0.979231,0.97,0.956923,0.936154,0.891538,0.883077,0.785385,0.730769,0.657692,0.663077,0.608462,0.606154,0.647692,0.667692,0.673077,0.66,0.683077,0.653077,0.64,0.656154,0.663846,0.673077,0.702308,0.687692,0.685385,0.66,0.666923,0.694615,0.692308,0.684615,0.683846,0.683846,0.687692,0.693077,0.692308,0.709231,0.713077,0.663077,0.687692,0.68,0.639231,0.637692,
2800,0.997143,0.997857,0.997857,0.995,0.999286,0.993571,0.988571,0.978571,0.968571,0.955,0.931429,0.89,0.88,0.777857,0.729286,0.659286,0.668571,0.614286,0.613571,0.655,0.672143,0.677857,0.662143,0.688571,0.663571,0.644286,0.665,0.673571,0.679286,0.7,0.690714,0.685,0.664286,0.672143,0.697857,0.694286,0.680714,0.685,0.692857,0.687857,0.707143,0.692857,0.708571,0.713571,0.672143,0.691429,0.689286,0.640714,0.644286,
3000,0.997333,0.997333,0.998,0.994667,0.998667,0.993333,0.988667,0.979333,0.968667,0.956,0.93,0.888,0.875333,0.766,0.724667,0.664667,0.674667,0.620667,0.617333,0.654667,0.673333,0.676667,0.674,0.690667,0.666667,0.645333,0.668667,0.677333,0.686667,0.699333,0.692,0.694667,0.663333,0.674667,0.698667,0.69,0.69,0.69,0.694667,0.692,0.702667,0.693333,0.712,0.713333,0.672,0.694667,0.698,0.648,0.649333,
3200,0.9975,0.9975,0.9975,0.995,0.99875,0.9925,0.98875,0.979375,0.9675,0.956875,0.93125,0.88875,0.870625,0.766875,0.725,0.66,0.671875,0.629375,0.628125,0.66125,0.675,0.68,0.67625,0.691875,0.674375,0.649375,0.675625,0.680625,0.69375,0.706875,0.690625,0.695,0.66875,0.67625,0.703125,0.69875,0.69375,0.691875,0.70125,0.695,0.699375,0.69,0.710625,0.713125,0.679375,0.7,0.70375,0.65375,0.65625,
3400,0.997647,0.997647,0.997059,0.995294,0.997059,0.992353,0.988235,0.978235,0.966471,0.956471,0.93,0.888824,0.868235,0.765882,0.724118,0.655882,0.669412,0.633529,0.628824,0.663529,0.674706,0.684706,0.682353,0.694706,0.678824,0.659412,0.678235,0.682353,0.693529,0.711176,0.691176,0.7,0.670588,0.682353,0.702353,0.698235,0.697059,0.697059,0.704118,0.695882,0.705882,0.692353,0.718235,0.716471,0.684118,0.708235,0.708235,0.658235,0.650588,
3600,0.997778,0.997778,0.997222,0.995556,0.996667,0.992778,0.985556,0.978333,0.967222,0.953889,0.928333,0.89,0.866667,0.760556,0.718889,0.653889,0.670556,0.641667,0.633889,0.665556,0.678333,0.692222,0.686667,0.699444,0.682222,0.658889,0.678333,0.686111,0.697222,0.713889,0.697778,0.701667,0.67,0.68,0.705,0.704444,0.699444,0.697778,0.704444,0.696667,0.705,0.691111,0.721111,0.716111,0.69,0.713333,0.710556,0.657778,0.652778,
3800,0.997895,0.997895,0.997368,0.995789,0.996842,0.992105,0.985789,0.978421,0.965263,0.953684,0.927368,0.888421,0.863158,0.761053,0.723158,0.652105,0.674211,0.641579,0.633158,0.667895,0.677895,0.693684,0.691053,0.701579,0.686316,0.665789,0.68,0.69,0.696842,0.719474,0.702632,0.700526,0.677368,0.681579,0.706316,0.700526,0.702105,0.702632,0.708421,0.697895,0.711053,0.693158,0.725789,0.713684,0.692632,0.708947,0.710526,0.656316,0.655789,
4000,0.998,0.9975,0.997,0.996,0.9965,0.9915,0.9865,0.979,0.9655,0.9515,0.9265,0.89,0.863,0.758,0.72,0.651,0.675,0.6465,0.6395,0.6655,0.681,0.6955,0.6945,0.7005,0.69,0.6735,0.6825,0.69,0.696,0.721,0.707,0.7035,0.683,0.686,0.706,0.7015,0.7055,0.7025,0.7135,0.703,0.71,0.6975,0.7215,0.715,0.6945,0.7085,0.713,0.653,0.659,
4200,0.998095,0.997143,0.996667,0.995238,0.996667,0.991429,0.986667,0.979524,0.964286,0.95,0.926667,0.889524,0.861905,0.759048,0.724286,0.64619,0.676667,0.648571,0.644286,0.665238,0.68381,0.695714,0.696667,0.702381,0.691905,0.678095,0.686667,0.694286,0.702381,0.72619,0.71,0.704286,0.68381,0.685714,0.708095,0.704762,0.706667,0.704762,0.71381,0.705714,0.709048,0.702857,0.721429,0.714762,0.699524,0.70619,0.714286,0.662857,0.661429,
4400,0.998182,0.997273,0.996818,0.995455,0.996818,0.991818,0.985909,0.979091,0.963636,0.950455,0.924091,0.885455,0.857727,0.757727,0.725455,0.646364,0.675909,0.649091,0.642273,0.668182,0.686364,0.699091,0.700455,0.708636,0.695455,0.682727,0.690455,0.698636,0.705,0.728182,0.709545,0.705,0.686364,0.691364,0.708636,0.707727,0.708182,0.704545,0.712273,0.707273,0.709545,0.707273,0.722273,0.713636,0.702273,0.708182,0.714091,0.667727,0.663636,
4600,0.998261,0.996957,0.996522,0.995652,0.996957,0.991304,0.986087,0.98,0.963043,0.951304,0.923913,0.883478,0.857826,0.758696,0.726087,0.648696,0.674348,0.653043,0.648261,0.67,0.682609,0.699565,0.704348,0.709565,0.698696,0.683478,0.694348,0.69913,0.704783,0.723478,0.713478,0.707391,0.683913,0.693913,0.706957,0.706957,0.708696,0.707391,0.714348,0.705217,0.708696,0.712174,0.72,0.717826,0.703913,0.711304,0.713913,0.672174,0.668696,
4800,0.997917,0.997083,0.996667,0.995833,0.996667,0.990833,0.98625,0.980833,0.962917,0.950833,0.923333,0.8825,0.858333,0.76,0.722083,0.6475,0.6725,0.650833,0.65,0.669583,0.684583,0.697083,0.7075,0.70875,0.69875,0.683333,0.692083,0.702083,0.706667,0.726667,0.715417,0.709583,0.688333,0.69,0.705833,0.71125,0.71125,0.714583,0.717917,0.707917,0.71125,0.71375,0.7225,0.718333,0.704583,0.714167,0.71125,0.671667,0.671667,
5000,0.9976,0.9972,0.9964,0.996,0.9968,0.9908,0.986,0.9804,0.9628,0.9504,0.9204,0.8816,0.856,0.7592,0.7228,0.6476,0.6728,0.6516,0.6536,0.6716,0.6824,0.6968,0.708,0.712,0.7016,0.6864,0.6908,0.7004,0.7088,0.7248,0.7184,0.7144,0.6876,0.6884,0.7084,0.714,0.7116,0.7156,0.7212,0.7064,0.7104,0.7168,0.7224,0.7188,0.7076,0.716,0.71,0.672,0.6744,
5200,0.996154,0.997308,0.996538,0.996154,0.996923,0.990769,0.985385,0.979231,0.962308,0.948846,0.918846,0.881154,0.852692,0.759615,0.725,0.647692,0.675769,0.652692,0.656923,0.670385,0.683462,0.700385,0.707308,0.711923,0.704231,0.686538,0.690769,0.700769,0.710769,0.724231,0.721154,0.714615,0.689615,0.690769,0.708462,0.715769,0.712308,0.718846,0.723846,0.707692,0.708077,0.72,0.723462,0.718846,0.707692,0.717308,0.715,0.673462,0.670769,
5400,0.996296,0.997407,0.996667,0.996296,0.996667,0.990741,0.984815,0.97963,0.962963,0.946667,0.915556,0.878889,0.852593,0.76,0.724815,0.648148,0.67963,0.654815,0.658889,0.67,0.685556,0.69963,0.708889,0.712222,0.706667,0.692222,0.695926,0.701852,0.714074,0.724074,0.722222,0.718148,0.693333,0.692963,0.711111,0.71037,0.708889,0.71963,0.723704,0.709259,0.711852,0.721111,0.724815,0.722593,0.707778,0.718148,0.713704,0.678889,0.671111,
5600,0.996429,0.9975,0.996429,0.996071,0.996786,0.990357,0.985357,0.979286,0.963571,0.946786,0.916071,0.877143,0.851786,0.758214,0.721071,0.649643,0.681786,0.654286,0.662857,0.671071,0.685,0.700357,0.71,0.715357,0.707857,0.694286,0.6975,0.705,0.712857,0.723571,0.725,0.72,0.693214,0.696429,0.713929,0.710357,0.710357,0.72,0.724643,0.709286,0.710714,0.7225,0.725357,0.723929,0.708571,0.718571,0.715714,0.679643,0.675714,
5800,0.996552,0.997586,0.996552,0.996207,0.996552,0.989655,0.985517,0.979655,0.963793,0.946552,0.917931,0.877586,0.851379,0.755517,0.719655,0.64931,0.681724,0.655862,0.665862,0.673793,0.686207,0.7,0.71,0.716552,0.707586,0.694138,0.699655,0.707586,0.716207,0.724483,0.725172,0.718966,0.696207,0.698276,0.717931,0.713103,0.711034,0.722069,0.725517,0.708966,0.712414,0.722069,0.726207,0.722759,0.709655,0.718276,0.715172,0.683793,0.677931,
6000,0.996667,0.997667,0.996667,0.996,0.996667,0.99,0.985333,0.979667,0.963667,0.946,0.918,0.878,0.851333,0.755667,0.716333,0.651667,0.680333,0.655333,0.665333,0.676667,0.688,0.701333,0.712,0.72,0.709,0.698333,0.699,0.705,0.715667,0.722667,0.725333,0.719333,0.701333,0.702333,0.721333,0.714,0.713667,0.721667,0.724333,0.710667,0.714333,0.724,0.729667,0.726,0.709667,0.719667,0.718333,0.683,0.678,
6200,0.996774,0.997419,0.996452,0.995806,0.996129,0.990323,0.985484,0.98,0.963871,0.946774,0.917097,0.874516,0.85,0.754839,0.716129,0.652581,0.681613,0.659677,0.664839,0.677419,0.689677,0.704194,0.718387,0.722258,0.710645,0.700968,0.699032,0.705161,0.718387,0.723871,0.726452,0.718387,0.703548,0.705161,0.724839,0.713226,0.713226,0.720645,0.722903,0.712581,0.714194,0.72129,0.733226,0.729677,0.708065,0.720645,0.716129,0.683226,0.676774,
6400,0.996563,0.9975,0.996563,0.995938,0.995938,0.990313,0.985313,0.980313,0.96375,0.946562,0.915937,0.874687,0.84875,0.755625,0.716875,0.655312,0.681875,0.659375,0.666562,0.679063,0.69,0.706562,0.717187,0.721875,0.711875,0.7025,0.700625,0.706562,0.718125,0.725625,0.727187,0.717187,0.700937,0.706562,0.724375,0.712187,0.714063,0.720625,0.725625,0.715,0.716875,0.72125,0.736875,0.728437,0.709375,0.720938,0.714063,0.684063,0.679375,
6600,0.996061,0.997576,0.996667,0.996061,0.996061,0.990606,0.985455,0.980303,0.964848,0.94697,0.915152,0.874848,0.848485,0.754545,0.716061,0.655152,0.683636,0.66,0.666364,0.677576,0.688485,0.707576,0.716061,0.72303,0.711818,0.7,0.702727,0.706364,0.719091,0.725152,0.727273,0.71697,0.702727,0.705758,0.723939,0.713939,0.71697,0.723636,0.724545,0.716061,0.720303,0.71697,0.735758,0.729697,0.710909,0.723939,0.71303,0.683636,0.68,
6800,0.996176,0.997647,0.996765,0.996176,0.995882,0.990588,0.984706,0.980882,0.965,0.945588,0.915588,0.875294,0.846765,0.755882,0.716176,0.657353,0.685882,0.659118,0.666765,0.675588,0.69,0.710294,0.719706,0.724706,0.709412,0.700588,0.702941,0.706471,0.718824,0.723824,0.728529,0.716176,0.703529,0.707353,0.720588,0.716471,0.718824,0.722941,0.725294,0.716471,0.718529,0.717059,0.737353,0.731471,0.710882,0.726176,0.713824,0.682647,0.679412,
7000,0.995714,0.997714,0.996857,0.996286,0.995429,0.990857,0.984286,0.98,0.965143,0.945429,0.916857,0.875429,0.846286,0.756,0.716286,0.658,0.684,0.660571,0.668571,0.675714,0.692571,0.711714,0.717429,0.726286,0.709429,0.702286,0.704857,0.706,0.72,0.726286,0.731714,0.718,0.705429,0.710286,0.719714,0.716571,0.716286,0.722286,0.726571,0.715429,0.720571,0.717714,0.737143,0.728286,0.712,0.729143,0.715143,0.685429,0.68,
7200,0.995833,0.997778,0.996944,0.996111,0.995556,0.990833,0.984444,0.979167,0.964722,0.945278,0.917222,0.873056,0.847222,0.755278,0.712222,0.659444,0.685278,0.660556,0.671667,0.676111,0.694167,0.711944,0.719444,0.723056,0.709444,0.703333,0.703889,0.708056,0.721944,0.726111,0.731111,0.719444,0.704444,0.711389,0.719722,0.717778,0.720278,0.723056,0.727222,0.715278,0.718889,0.718333,0.738056,0.731389,0.713333,0.73,0.717778,0.685556,0.682222,
7400,0.995676,0.997568,0.996486,0.996216,0.995676,0.990811,0.984324,0.979189,0.964865,0.945135,0.917027,0.874324,0.848108,0.755676,0.710811,0.661622,0.689189,0.660811,0.671892,0.678919,0.695946,0.714054,0.718919,0.722703,0.709459,0.705405,0.704865,0.708919,0.722162,0.725405,0.73,0.71973,0.705946,0.710811,0.720811,0.71973,0.721351,0.722162,0.73,0.717027,0.718919,0.72027,0.737297,0.733243,0.713784,0.731081,0.718649,0.685946,0.682703,
7600,0.995789,0.997632,0.996053,0.996316,0.995263,0.991053,0.984211,0.979474,0.965,0.945789,0.916316,0.874211,0.848421,0.755,0.71,0.661579,0.687632,0.663158,0.673158,0.679737,0.697368,0.715,0.719737,0.720526,0.712895,0.708158,0.706842,0.711316,0.722895,0.726053,0.730789,0.718947,0.707105,0.709211,0.722105,0.72,0.720263,0.721579,0.729211,0.717368,0.719474,0.720789,0.737895,0.731579,0.712368,0.729737,0.716842,0.687632,0.683421,
7800,0.995641,0.997692,0.996154,0.996154,0.995128,0.990513,0.98359,0.978974,0.964615,0.946154,0.915128,0.873846,0.84641,0.754615,0.710769,0.66359,0.687949,0.664359,0.67359,0.677692,0.697179,0.717436,0.721026,0.722051,0.714103,0.707949,0.706667,0.710513,0.718974,0.724615,0.731795,0.721026,0.708718,0.709487,0.723077,0.720256,0.722821,0.722051,0.725897,0.717949,0.719487,0.717692,0.737436,0.734359,0.712051,0.729744,0.717179,0.686923,0.684615,
8000,0.99525,0.99775,0.99575,0.99575,0.995,0.99025,0.984,0.97825,0.964,0.94475,0.914,0.87275,0.84475,0.7555,0.70975,0.665,0.6865,0.66625,0.67125,0.67875,0.698,0.71825,0.72275,0.7235,0.714,0.70875,0.7095,0.71125,0.7195,0.72575,0.72925,0.72125,0.711,0.7115,0.7225,0.7205,0.72175,0.72275,0.725,0.71725,0.7185,0.7185,0.7355,0.73275,0.71425,0.7295,0.7175,0.68825,0.68475,
8200,0.995122,0.997805,0.99561,0.995854,0.994878,0.990488,0.984146,0.978293,0.963902,0.94439,0.914146,0.872439,0.843659,0.75561,0.70878,0.665122,0.687073,0.667561,0.673902,0.679024,0.695854,0.718293,0.721463,0.723659,0.713171,0.709268,0.710488,0.713415,0.721707,0.726098,0.728537,0.721463,0.71,0.711707,0.721463,0.720976,0.722439,0.723902,0.726585,0.717805,0.715854,0.718537,0.737805,0.733659,0.713902,0.729268,0.716098,0.689756,0.684878,
8400,0.995238,0.997857,0.995476,0.995476,0.994762,0.990714,0.984286,0.97881,0.963571,0.945,0.914286,0.872143,0.843571,0.755714,0.707381,0.665714,0.685476,0.67,0.675714,0.680238,0.697619,0.720952,0.722381,0.723095,0.713095,0.707381,0.711667,0.715714,0.722143,0.725,0.72881,0.720476,0.712381,0.713333,0.722619,0.719762,0.723571,0.72381,0.727381,0.71881,0.71619,0.717619,0.736667,0.732619,0.715714,0.730476,0.715952,0.690952,0.684524,
8600,0.995349,0.997907,0.995581,0.995581,0.994884,0.990698,0.984651,0.978837,0.963256,0.945814,0.913953,0.870698,0.843023,0.752093,0.707674,0.666047,0.683488,0.670698,0.676977,0.679767,0.699535,0.722558,0.721395,0.723256,0.714884,0.708837,0.71093,0.717209,0.719767,0.727674,0.728372,0.72186,0.712326,0.713953,0.723488,0.72093,0.723953,0.723023,0.727674,0.719302,0.717674,0.717209,0.735349,0.733953,0.718372,0.730465,0.716744,0.69093,0.684419,
8800,0.995,0.997955,0.995455,0.995682,0.994773,0.990455,0.984773,0.978864,0.962727,0.946364,0.913864,0.871136,0.842955,0.750455,0.706818,0.665682,0.684773,0.672273,0.679773,0.679773,0.698636,0.722273,0.72,0.725455,0.716818,0.708864,0.711818,0.719091,0.719545,0.727273,0.727727,0.723864,0.713409,0.715227,0.725455,0.719545,0.720682,0.723864,0.7275,0.720455,0.719545,0.717955,0.733409,0.733409,0.719545,0.732955,0.718864,0.691136,0.683864,
9000,0.995111,0.998,0.995556,0.995556,0.994889,0.990444,0.985111,0.978222,0.962222,0.945333,0.914889,0.870444,0.841556,0.751556,0.705556,0.666889,0.685778,0.672889,0.680889,0.679333,0.700889,0.722889,0.72,0.726444,0.72,0.710889,0.709111,0.72,0.72,0.727556,0.727556,0.723778,0.712667,0.717778,0.728,0.72,0.720222,0.725333,0.726667,0.720889,0.718889,0.719333,0.733333,0.735111,0.72,0.733333,0.718889,0.692,0.684667,
9200,0.995217,0.998043,0.995652,0.995435,0.995,0.990652,0.985435,0.978478,0.962826,0.945435,0.915435,0.868261,0.841522,0.751522,0.705217,0.668261,0.683913,0.669565,0.682391,0.681957,0.70413,0.724783,0.72,0.726087,0.721522,0.709565,0.709783,0.721739,0.722174,0.728261,0.726739,0.722609,0.714783,0.718261,0.728696,0.718478,0.721957,0.727391,0.726304,0.720652,0.717391,0.718043,0.733043,0.735,0.721087,0.733043,0.719348,0.692174,0.684783,
9400,0.995319,0.998085,0.995745,0.995319,0.995106,0.990638,0.984894,0.978723,0.962128,0.945745,0.915532,0.868936,0.838723,0.751702,0.704468,0.669574,0.682979,0.670851,0.684255,0.68234,0.705319,0.724894,0.719787,0.727872,0.720638,0.710213,0.711489,0.720851,0.723191,0.728723,0.727447,0.721489,0.715745,0.719362,0.729149,0.718936,0.720213,0.727021,0.72766,0.720213,0.718511,0.719362,0.733404,0.73617,0.72,0.731915,0.722128,0.691702,0.685106,
9600,0.995417,0.997917,0.995625,0.995417,0.995,0.99,0.985208,0.978958,0.961458,0.945625,0.916458,0.869167,0.837292,0.753125,0.706042,0.671667,0.677083,0.671667,0.684583,0.683958,0.705417,0.725417,0.720833,0.728125,0.720417,0.709583,0.711458,0.721458,0.722708,0.727708,0.727708,0.720208,0.715417,0.721458,0.729375,0.719375,0.721042,0.723958,0.7275,0.721042,0.718958,0.72125,0.731875,0.73375,0.721875,0.730625,0.721667,0.69375,0.686667,
9800,0.995306,0.997959,0.995714,0.99551,0.994898,0.99,0.984898,0.979184,0.962041,0.945714,0.916735,0.868163,0.835102,0.752857,0.708163,0.671429,0.677959,0.671429,0.685918,0.684898,0.705918,0.725306,0.723469,0.726939,0.72102,0.710816,0.713673,0.722653,0.723673,0.728367,0.726939,0.720408,0.71551,0.722653,0.730408,0.719184,0.722245,0.724898,0.728571,0.723265,0.719184,0.722857,0.731837,0.732653,0.721837,0.728776,0.722245,0.694286,0.687143,
10000,0.9952,0.998,0.9956,0.9956,0.995,0.9902,0.9842,0.9782,0.9624,0.9452,0.9174,0.8688,0.8352,0.7526,0.7066,0.6702,0.6788,0.6724,0.6854,0.6856,0.7068,0.7268,0.7246,0.7272,0.7214,0.7118,0.7148,0.7212,0.7222,0.7274,0.7264,0.7206,0.716,0.724,0.7302,0.7198,0.7214,0.724,0.7276,0.7236,0.7196,0.7244,0.7336,0.733,0.7234,0.7304,0.7224,0.695,0.6876,
10200,0.995294,0.998039,0.995686,0.995686,0.994902,0.990196,0.984314,0.978431,0.962745,0.945686,0.917647,0.869216,0.834118,0.751765,0.707647,0.670784,0.677255,0.673725,0.684902,0.684902,0.706667,0.726471,0.723922,0.72549,0.722549,0.712157,0.716078,0.721765,0.723137,0.728235,0.726863,0.721961,0.716078,0.723725,0.730196,0.720588,0.721176,0.723333,0.728039,0.725098,0.720784,0.724118,0.733529,0.733922,0.724314,0.73098,0.722157,0.692157,0.685098,
10400,0.995385,0.998077,0.995769,0.995577,0.994808,0.99,0.984231,0.978462,0.963269,0.945385,0.917308,0.868269,0.833846,0.751731,0.7075,0.669231,0.676731,0.674231,0.686346,0.685962,0.708462,0.726154,0.725192,0.726923,0.720962,0.713846,0.7175,0.721923,0.722692,0.729231,0.725962,0.722308,0.7175,0.723846,0.731346,0.721346,0.722885,0.723654,0.728654,0.724231,0.721538,0.724423,0.733462,0.733462,0.724808,0.730385,0.720769,0.692885,0.685962,
10600,0.995472,0.998113,0.995849,0.995094,0.994906,0.990189,0.983585,0.978113,0.963208,0.94566,0.916415,0.869245,0.833208,0.752075,0.708302,0.669434,0.676415,0.676604,0.687736,0.688302,0.708491,0.725283,0.725849,0.727925,0.720189,0.714906,0.717925,0.722453,0.723208,0.728868,0.726604,0.722264,0.716038,0.723396,0.731698,0.721321,0.721132,0.726038,0.729434,0.726604,0.721698,0.724151,0.73434,0.733019,0.725849,0.729623,0.718679,0.694151,0.687925,
10800,0.995556,0.997963,0.995741,0.995,0.995,0.99037,0.983148,0.977963,0.963519,0.944259,0.916296,0.869259,0.832778,0.752593,0.707593,0.668333,0.677037,0.677037,0.687963,0.688889,0.708889,0.725,0.726481,0.729444,0.721481,0.715926,0.719074,0.720556,0.725,0.729444,0.72537,0.722963,0.715926,0.722037,0.732963,0.721852,0.722222,0.725741,0.728333,0.725926,0.722407,0.723519,0.733519,0.733889,0.725185,0.728889,0.718889,0.694444,0.689074,
11000,0.995455,0.998,0.995636,0.995091,0.994909,0.990364,0.983273,0.977818,0.963818,0.944364,0.916182,0.870364,0.832364,0.749091,0.707273,0.669455,0.677091,0.679091,0.689636,0.688909,0.709818,0.724545,0.726,0.728727,0.722727,0.716364,0.719818,0.72,0.724364,0.730182,0.726545,0.722909,0.714,0.722727,0.733818,0.722,0.723455,0.727455,0.727091,0.725818,0.722364,0.722182,0.734,0.736364,0.723636,0.728364,0.718364,0.695636,0.689818,
11200,0.995536,0.997857,0.995714,0.995,0.994821,0.990179,0.983571,0.977321,0.964286,0.943929,0.916071,0.870536,0.831071,0.749286,0.706429,0.667679,0.677321,0.680536,0.69,0.690893,0.71125,0.724464,0.726607,0.728571,0.722321,0.715893,0.720893,0.720357,0.7225,0.730714,0.727321,0.723393,0.714464,0.722143,0.733214,0.722857,0.722143,0.72875,0.726607,0.72625,0.723393,0.722321,0.735536,0.736607,0.723214,0.727857,0.717857,0.693036,0.687857,
11400,0.995614,0.997895,0.995789,0.994912,0.994561,0.990175,0.983684,0.977018,0.964561,0.943684,0.916316,0.869123,0.830351,0.750351,0.707719,0.666316,0.677895,0.680351,0.689123,0.689649,0.712632,0.726316,0.72807,0.729649,0.722281,0.71614,0.721404,0.720175,0.724211,0.731053,0.728596,0.723333,0.714035,0.722807,0.732456,0.722982,0.722982,0.728421,0.727544,0.727544,0.723509,0.722982,0.735789,0.73614,0.723684,0.728772,0.718246,0.694386,0.687719,
11600,0.99569,0.997931,0.995862,0.995,0.994483,0.989655,0.983276,0.977241,0.963966,0.943276,0.915862,0.868966,0.830862,0.751034,0.707414,0.666897,0.678793,0.680345,0.689655,0.690345,0.712241,0.72569,0.727241,0.728793,0.722414,0.715862,0.721897,0.721379,0.725172,0.732414,0.728966,0.724655,0.71431,0.723621,0.733103,0.723276,0.723448,0.72931,0.727759,0.726552,0.723448,0.722241,0.736379,0.736379,0.72569,0.728621,0.719483,0.69569,0.688276,
11800,0.995763,0.997966,0.995932,0.994915,0.994237,0.989661,0.98339,0.97678,0.96339,0.942712,0.916102,0.868644,0.831017,0.751186,0.70661,0.665254,0.679153,0.681186,0.690339,0.691695,0.713898,0.72661,0.727797,0.729492,0.722542,0.715085,0.722034,0.720847,0.723898,0.73339,0.729492,0.724576,0.715932,0.724915,0.732542,0.723051,0.725085,0.730678,0.727797,0.728305,0.722373,0.722542,0.736441,0.735763,0.725763,0.727288,0.719153,0.697119,0.689661,
12000,0.995667,0.998,0.996,0.994833,0.994333,0.9895,0.983,0.976667,0.963667,0.9415,0.915833,0.868667,0.829833,0.751833,0.707167,0.665833,0.6795,0.680833,0.691333,0.691667,0.715167,0.726333,0.729167,0.729667,0.7235,0.715333,0.723,0.721667,0.725167,0.734167,0.73,0.724,0.716167,0.726167,0.733,0.723167,0.7255,0.730667,0.729333,0.729333,0.7225,0.722,0.736333,0.736,0.7255,0.727833,0.717167,0.6965,0.690333,
12200,0.995738,0.997869,0.996066,0.994918,0.994098,0.989672,0.982951,0.976721,0.963607,0.941639,0.914918,0.867869,0.829344,0.751311,0.706066,0.66459,0.680164,0.681311,0.692459,0.693443,0.715574,0.724098,0.730492,0.730492,0.723607,0.715082,0.723607,0.722623,0.725902,0.734754,0.730328,0.724918,0.71623,0.727377,0.73377,0.721967,0.726885,0.729672,0.727705,0.730328,0.722623,0.722131,0.736557,0.737049,0.727049,0.728033,0.717213,0.697377,0.69082,
12400,0.995645,0.997903,0.996129,0.995,0.994194,0.989355,0.982903,0.976774,0.963871,0.94129,0.914677,0.868387,0.829355,0.750968,0.706774,0.666129,0.679355,0.681935,0.693871,0.695323,0.715484,0.723548,0.731129,0.732097,0.724839,0.715161,0.723871,0.722419,0.725806,0.734355,0.729839,0.725484,0.715806,0.727097,0.733226,0.721935,0.729032,0.728226,0.727419,0.731613,0.721613,0.721613,0.736452,0.737742,0.728871,0.728387,0.717258,0.697097,0.69129,
12600,0.995714,0.997778,0.99619,0.995079,0.994127,0.989206,0.983016,0.97619,0.963651,0.941905,0.914127,0.868254,0.828095,0.751111,0.70746,0.666508,0.680317,0.681746,0.694762,0.695714,0.715238,0.723175,0.730317,0.732063,0.725714,0.716032,0.722381,0.722063,0.726349,0.733651,0.730635,0.725079,0.715556,0.726667,0.734127,0.722063,0.728095,0.729365,0.725873,0.731429,0.722063,0.721746,0.736667,0.737302,0.728254,0.729048,0.717778,0.696032,0.689524,
12800,0.995781,0.997812,0.99625,0.995156,0.994219,0.989375,0.983281,0.976094,0.96375,0.94125,0.914375,0.868594,0.829063,0.7525,0.706562,0.664531,0.680312,0.680937,0.694375,0.695469,0.715156,0.723125,0.729844,0.73375,0.727656,0.71625,0.721406,0.721406,0.725938,0.733594,0.731406,0.725469,0.714844,0.726562,0.734375,0.723125,0.727812,0.73,0.725469,0.732187,0.722656,0.723125,0.737812,0.737031,0.72875,0.728594,0.718437,0.697656,0.690312,
13000,0.995846,0.997846,0.996308,0.995077,0.994308,0.989538,0.983538,0.976154,0.963692,0.941385,0.914154,0.868769,0.828308,0.753077,0.706154,0.665077,0.681692,0.680769,0.694,0.696923,0.716,0.724615,0.729846,0.734615,0.727538,0.715538,0.722,0.720462,0.726462,0.733692,0.730462,0.726615,0.715077,0.727231,0.733692,0.723385,0.727692,0.730308,0.724308,0.733231,0.722923,0.723385,0.737538,0.736462,0.727231,0.728923,0.719538,0.697385,0.689846,
13200,0.995909,0.997879,0.996364,0.995152,0.994242,0.989697,0.983333,0.976061,0.963182,0.941818,0.914394,0.87,0.827879,0.752879,0.707121,0.666212,0.681212,0.681364,0.693939,0.696364,0.715455,0.725152,0.729394,0.735758,0.728182,0.717121,0.721212,0.721818,0.725758,0.734394,0.728939,0.725909,0.714394,0.727727,0.734091,0.723636,0.729091,0.731667,0.724697,0.733485,0.724242,0.722879,0.736818,0.735606,0.725909,0.728939,0.717424,0.697727,0.689242,
13400,0.99597,0.99791,0.996269,0.995224,0.994328,0.989701,0.983433,0.976119,0.962985,0.94194,0.913881,0.869552,0.827164,0.753582,0.70597,0.665821,0.68194,0.681791,0.694925,0.698955,0.716418,0.725821,0.729254,0.735075,0.728507,0.716567,0.720299,0.719851,0.726716,0.735672,0.729851,0.726418,0.716119,0.728806,0.735672,0.723284,0.730448,0.731194,0.723134,0.732239,0.724478,0.723433,0.73806,0.736866,0.725672,0.729104,0.718806,0.698209,0.688955,
13600,0.996029,0.997941,0.996324,0.995,0.994412,0.989559,0.983529,0.976324,0.963382,0.941324,0.914118,0.869853,0.826912,0.754412,0.704853,0.666029,0.682941,0.6825,0.694706,0.698088,0.716912,0.726324,0.729412,0.735,0.728235,0.716324,0.721618,0.720294,0.726029,0.735,0.731618,0.726176,0.717206,0.729412,0.735294,0.724412,0.730147,0.7325,0.724853,0.732647,0.723676,0.723235,0.737059,0.737794,0.725,0.729412,0.720294,0.698235,0.689853,
13800,0.996087,0.997971,0.996377,0.994928,0.994203,0.98971,0.983333,0.976522,0.963478,0.941304,0.914928,0.869855,0.826377,0.754348,0.703768,0.667246,0.682609,0.682029,0.695362,0.698406,0.716377,0.725217,0.73,0.735797,0.728841,0.717246,0.722754,0.719565,0.724783,0.734203,0.732174,0.725797,0.717826,0.729275,0.735217,0.724493,0.72971,0.732319,0.724928,0.732319,0.724928,0.722899,0.737681,0.737826,0.724783,0.729565,0.722029,0.698261,0.69,
14000,0.996,0.998,0.996429,0.995,0.994286,0.989857,0.983429,0.976571,0.962857,0.941429,0.914286,0.87,0.826429,0.755,0.703571,0.667286,0.682286,0.680857,0.696,0.697429,0.716571,0.724571,0.731,0.734571,0.727857,0.717714,0.722857,0.720286,0.726,0.733714,0.733,0.727286,0.718143,0.729714,0.735429,0.724857,0.729429,0.731571,0.725,0.733,0.725143,0.723714,0.739,0.738571,0.724571,0.730714,0.722143,0.698571,0.688714,
14200,0.996056,0.997887,0.996479,0.994507,0.993944,0.989718,0.983099,0.976901,0.962676,0.941972,0.913803,0.870141,0.826338,0.75493,0.704225,0.667465,0.681268,0.680563,0.696338,0.697465,0.716761,0.724648,0.731831,0.735775,0.73,0.718169,0.722535,0.721127,0.726901,0.734085,0.732958,0.727324,0.717324,0.730282,0.734225,0.723662,0.730563,0.73,0.726197,0.732817,0.724648,0.724225,0.738732,0.737746,0.72507,0.730282,0.722254,0.698451,0.689577,
14400,0.995972,0.997917,0.996528,0.994583,0.99375,0.989444,0.983194,0.976944,0.962361,0.942361,0.913472,0.869167,0.82625,0.754722,0.704722,0.668611,0.680556,0.680833,0.697222,0.697778,0.716389,0.724722,0.731667,0.735833,0.729861,0.717917,0.723194,0.721944,0.727222,0.734722,0.733611,0.726944,0.718611,0.729583,0.734444,0.724028,0.731111,0.729444,0.7275,0.733611,0.724444,0.725139,0.739028,0.736528,0.725139,0.730694,0.723056,0.698333,0.691111,
14600,0.99589,0.997945,0.996575,0.994658,0.993699,0.989452,0.983425,0.977123,0.962192,0.942877,0.913699,0.869452,0.826027,0.754247,0.704384,0.667945,0.68,0.68,0.697397,0.698356,0.71589,0.723699,0.731781,0.736027,0.730548,0.719178,0.722877,0.722466,0.727123,0.734247,0.733151,0.727123,0.718356,0.731233,0.734384,0.725479,0.730959,0.730137,0.727808,0.733973,0.725479,0.724384,0.739041,0.736986,0.724795,0.731233,0.723699,0.698356,0.692192,
14800,0.995946,0.997838,0.996622,0.994595,0.993649,0.989595,0.983378,0.977297,0.962162,0.942838,0.913919,0.870135,0.825405,0.753919,0.702973,0.667432,0.680405,0.680135,0.695946,0.698108,0.715405,0.723378,0.732162,0.735946,0.731351,0.719595,0.723784,0.722703,0.727973,0.734595,0.732838,0.727297,0.718784,0.731622,0.734865,0.725541,0.731892,0.730541,0.728514,0.733243,0.725,0.723514,0.738514,0.737162,0.724865,0.731892,0.72473,0.699054,0.692297,
15000,0.995867,0.997867,0.996533,0.994667,0.9936,0.9892,0.983333,0.9776,0.962267,0.942933,0.914267,0.870533,0.823333,0.754667,0.7024,0.6676,0.6796,0.6816,0.696133,0.6996,0.716267,0.724533,0.732667,0.7352,0.7324,0.720133,0.7232,0.7216,0.7276,0.734267,0.7328,0.728,0.718933,0.731467,0.734667,0.725867,0.7328,0.7304,0.729067,0.733467,0.724933,0.723733,0.738933,0.736667,0.725467,0.733467,0.7256,0.6988,0.692533,
15200,0.995921,0.997763,0.996579,0.994737,0.993553,0.989211,0.983553,0.977632,0.961974,0.943026,0.914211,0.871447,0.823289,0.754605,0.702105,0.668421,0.680132,0.682368,0.696447,0.699474,0.714868,0.723947,0.7325,0.735921,0.731579,0.720658,0.721842,0.722105,0.728816,0.733816,0.7325,0.727632,0.718684,0.731316,0.734868,0.725789,0.733553,0.730921,0.729868,0.733158,0.724211,0.723026,0.738816,0.736447,0.725263,0.734079,0.724605,0.7,0.693158,
15400,0.995714,0.997792,0.996494,0.994805,0.993377,0.989221,0.983636,0.977792,0.961688,0.943506,0.913896,0.872208,0.822468,0.754026,0.702857,0.668312,0.679481,0.682597,0.696234,0.699091,0.714675,0.724416,0.733247,0.736364,0.731818,0.721169,0.722208,0.722208,0.729091,0.733896,0.732208,0.727922,0.718701,0.732208,0.735714,0.726753,0.733896,0.731299,0.728961,0.733766,0.723506,0.723247,0.739481,0.736883,0.725714,0.734675,0.724545,0.700649,0.693377,
15600,0.995769,0.997821,0.996538,0.994744,0.993205,0.989103,0.983718,0.977821,0.961795,0.943846,0.913846,0.871923,0.823205,0.75359,0.702821,0.66859,0.679744,0.682564,0.695,0.700385,0.715641,0.725,0.733077,0.735385,0.732949,0.720769,0.721923,0.721923,0.73,0.734487,0.73359,0.729359,0.718718,0.731538,0.735,0.725641,0.733462,0.732051,0.729359,0.734359,0.723718,0.723974,0.740256,0.737179,0.725897,0.734744,0.724615,0.700256,0.694359,
15800,0.995696,0.997848,0.996582,0.994684,0.993165,0.989241,0.983797,0.977975,0.962025,0.943924,0.913924,0.872278,0.823291,0.754304,0.701646,0.669241,0.680633,0.681392,0.694557,0.701139,0.715823,0.72519,0.73443,0.734684,0.734304,0.721139,0.722152,0.722405,0.729873,0.734177,0.734304,0.730127,0.719114,0.731266,0.734684,0.727468,0.733671,0.731646,0.729367,0.733671,0.724304,0.723165,0.74038,0.737089,0.727215,0.735949,0.72557,0.7,0.693291,
16000,0.99575,0.99775,0.996625,0.99475,0.99325,0.98925,0.983875,0.978125,0.9615,0.944125,0.913875,0.87175,0.823125,0.754125,0.702625,0.66875,0.680375,0.682,0.695875,0.701625,0.71675,0.72475,0.733,0.733875,0.734125,0.721125,0.721875,0.722875,0.730875,0.734625,0.734125,0.728625,0.719,0.73175,0.73525,0.728,0.733875,0.731875,0.72875,0.733125,0.724375,0.7235,0.739375,0.73675,0.7275,0.735875,0.725,0.700625,0.694375,
16200,0.995802,0.997531,0.996667,0.994815,0.993333,0.989259,0.983951,0.978148,0.961852,0.943951,0.914321,0.871852,0.822593,0.753457,0.70284,0.669259,0.680123,0.681975,0.696173,0.701481,0.716296,0.725802,0.731605,0.734444,0.734444,0.721358,0.722346,0.722593,0.730123,0.734321,0.735432,0.729753,0.72037,0.731852,0.736049,0.728642,0.734074,0.732963,0.728642,0.73284,0.725309,0.722963,0.739753,0.736914,0.72716,0.735679,0.724198,0.701111,0.693457,
16400,0.99561,0.997561,0.996707,0.994756,0.993415,0.98939,0.984024,0.978049,0.961707,0.943293,0.914512,0.871829,0.821585,0.753902,0.702805,0.669634,0.679634,0.682561,0.695732,0.701951,0.71622,0.724634,0.731463,0.734634,0.734146,0.721951,0.722805,0.723415,0.730244,0.734268,0.73561,0.729146,0.72061,0.732439,0.73561,0.72939,0.733415,0.732805,0.728902,0.732317,0.72561,0.723049,0.739024,0.737195,0.727561,0.735732,0.723902,0.701463,0.694146,
16600,0.995663,0.99759,0.996747,0.994819,0.993494,0.989398,0.984217,0.978193,0.961928,0.943373,0.913494,0.871928,0.821084,0.753735,0.703373,0.669759,0.679277,0.68253,0.696386,0.701446,0.716747,0.725422,0.73012,0.733614,0.734578,0.721687,0.723976,0.723855,0.730361,0.734337,0.735181,0.728795,0.720241,0.733253,0.735904,0.730361,0.733614,0.732651,0.729398,0.73241,0.725663,0.722651,0.737711,0.736988,0.727108,0.735542,0.723855,0.70241,0.694458,
16800,0.995714,0.997619,0.996786,0.994881,0.993452,0.989524,0.984048,0.978214,0.962143,0.943214,0.91369,0.871786,0.820595,0.754048,0.703571,0.670714,0.678333,0.683214,0.696667,0.702143,0.717619,0.725119,0.730952,0.732738,0.735119,0.723095,0.724048,0.724643,0.73119,0.734405,0.735238,0.72881,0.720476,0.732262,0.73381,0.729524,0.733333,0.732857,0.729881,0.732381,0.725357,0.72369,0.737619,0.736905,0.726548,0.736548,0.72381,0.703333,0.695595,
17000,0.995529,0.997647,0.996824,0.994941,0.993529,0.989529,0.984118,0.978,0.962118,0.943412,0.913647,0.871765,0.820588,0.754118,0.702824,0.670353,0.678588,0.682941,0.697059,0.701882,0.718235,0.725529,0.731294,0.732,0.734471,0.722235,0.723529,0.724706,0.730941,0.734588,0.735294,0.728706,0.721059,0.732235,0.733882,0.730118,0.733647,0.732706,0.730588,0.732,0.724941,0.723176,0.738,0.737765,0.725765,0.736824,0.723765,0.703882,0.695529,
17200,0.995465,0.997674,0.99686,0.995,0.993605,0.989535,0.98407,0.97814,0.962442,0.94314,0.913372,0.871977,0.821628,0.754302,0.703372,0.669302,0.678023,0.683721,0.697907,0.702093,0.71907,0.725349,0.730349,0.732326,0.73407,0.722558,0.722907,0.725,0.730349,0.735116,0.736163,0.729186,0.720814,0.731744,0.733721,0.729535,0.733721,0.732674,0.731047,0.731279,0.725,0.723023,0.738488,0.737093,0.726744,0.737093,0.723605,0.70407,0.695465,
17400,0.995517,0.997701,0.996897,0.995057,0.993563,0.98954,0.984023,0.978276,0.962184,0.943218,0.912874,0.871264,0.821379,0.754943,0.704138,0.669655,0.677241,0.684138,0.697126,0.700345,0.718966,0.726092,0.731379,0.732759,0.734023,0.722299,0.723103,0.724253,0.731149,0.734598,0.736552,0.730115,0.721379,0.731839,0.732184,0.729655,0.733218,0.733333,0.731034,0.731034,0.725287,0.723908,0.738391,0.736552,0.726782,0.737586,0.722874,0.704483,0.695747,
17600,0.995341,0.997614,0.996932,0.995114,0.993409,0.989659,0.984091,0.978295,0.9625,0.943295,0.912614,0.871705,0.822159,0.755455,0.702614,0.667955,0.678068,0.684659,0.696477,0.700341,0.719545,0.725114,0.732273,0.733523,0.734205,0.7225,0.723636,0.724432,0.731023,0.733409,0.736705,0.731023,0.722045,0.732955,0.732386,0.729659,0.733636,0.73375,0.731023,0.729773,0.725682,0.724773,0.738977,0.736136,0.725909,0.737045,0.7225,0.704318,0.696136,
17800,0.995169,0.99764,0.996742,0.995169,0.993371,0.989663,0.98382,0.978539,0.962472,0.943483,0.91236,0.872135,0.821573,0.753596,0.703034,0.667079,0.679438,0.686517,0.696404,0.700112,0.720337,0.725056,0.732472,0.734157,0.73427,0.722584,0.724494,0.723371,0.730787,0.734494,0.735393,0.730674,0.722921,0.732809,0.732697,0.730674,0.73382,0.735169,0.731798,0.730899,0.726067,0.724494,0.737528,0.736404,0.726742,0.736629,0.723034,0.705169,0.697191,
18000,0.995222,0.997667,0.996778,0.995222,0.993222,0.989667,0.983889,0.978667,0.962667,0.943333,0.912333,0.872111,0.821778,0.754,0.703333,0.666556,0.678889,0.686667,0.697333,0.700333,0.72,0.725111,0.732444,0.734333,0.734556,0.723222,0.724889,0.723444,0.731333,0.733889,0.735444,0.731,0.721778,0.733111,0.733222,0.729889,0.734333,0.735778,0.731556,0.731111,0.725778,0.725333,0.738333,0.736111,0.726667,0.736556,0.721778,0.705333,0.696444,
18200,0.995275,0.997692,0.996813,0.995275,0.993297,0.98956,0.984066,0.978791,0.962418,0.943297,0.912418,0.872198,0.822198,0.754505,0.702637,0.665934,0.67989,0.686923,0.699231,0.701319,0.720879,0.724286,0.732198,0.734945,0.734396,0.723846,0.725714,0.723736,0.730989,0.733736,0.734176,0.73044,0.721538,0.731758,0.733956,0.730989,0.734725,0.735604,0.732418,0.731538,0.725934,0.724945,0.737912,0.735714,0.728132,0.736484,0.722088,0.705275,0.697033,
18400,0.995326,0.997717,0.996848,0.995326,0.99337,0.989348,0.98413,0.978696,0.962391,0.942609,0.912609,0.872391,0.822935,0.753261,0.701196,0.666304,0.680435,0.686739,0.698587,0.700761,0.719348,0.723152,0.732935,0.734457,0.735761,0.724891,0.726087,0.723804,0.729674,0.733913,0.734239,0.730435,0.721304,0.732609,0.734239,0.730217,0.734891,0.736304,0.733152,0.731087,0.725978,0.725326,0.737717,0.73587,0.728478,0.737065,0.722391,0.705978,0.697065,
18600,0.995376,0.997742,0.996882,0.995376,0.993333,0.989355,0.984194,0.978602,0.962151,0.942903,0.912688,0.872796,0.822903,0.753226,0.70086,0.666344,0.681075,0.687742,0.698065,0.69957,0.719462,0.723011,0.734194,0.734946,0.736452,0.725161,0.726882,0.723763,0.730323,0.733763,0.732796,0.730645,0.721505,0.732473,0.733871,0.730645,0.734624,0.735376,0.733441,0.731613,0.726022,0.725914,0.737742,0.735806,0.72871,0.736774,0.722903,0.706344,0.697742,
18800,0.995426,0.997766,0.996702,0.995426,0.993191,0.989362,0.983936,0.97883,0.96234,0.943085,0.912872,0.872447,0.821915,0.753511,0.700213,0.666489,0.680851,0.687766,0.698191,0.699787,0.720319,0.722766,0.73383,0.735532,0.735851,0.724894,0.727234,0.724574,0.730745,0.734362,0.732234,0.730426,0.721383,0.73266,0.734362,0.730106,0.734468,0.735638,0.733085,0.731809,0.726809,0.725106,0.738298,0.735957,0.728723,0.736809,0.723511,0.706383,0.697979,
19000,0.995474,0.997789,0.996737,0.995474,0.993263,0.989368,0.983789,0.979053,0.962421,0.943263,0.912947,0.872316,0.822421,0.752737,0.7,0.666737,0.681053,0.687579,0.698316,0.700316,0.720632,0.722737,0.732947,0.735053,0.735684,0.725789,0.727263,0.725368,0.730737,0.734526,0.733158,0.730316,0.721579,0.733368,0.734632,0.729263,0.734842,0.736842,0.732737,0.732,0.727684,0.725158,0.739368,0.736316,0.729368,0.735789,0.723053,0.706421,0.698211,
19200,0.995521,0.997812,0.996771,0.995521,0.993021,0.989479,0.983854,0.978854,0.9625,0.943021,0.913125,0.872396,0.822083,0.752292,0.700625,0.666667,0.681458,0.688958,0.698542,0.701146,0.721146,0.723021,0.733646,0.734896,0.736458,0.724896,0.726979,0.725208,0.731146,0.734271,0.733125,0.730833,0.72125,0.732812,0.734792,0.728854,0.735104,0.737917,0.733854,0.731875,0.728021,0.725521,0.738854,0.735729,0.729479,0.734688,0.723125,0.706354,0.697604,
19400,0.995464,0.997835,0.996701,0.995567,0.99299,0.989485,0.983918,0.978969,0.962165,0.94299,0.912887,0.872062,0.821237,0.752371,0.700515,0.66732,0.680722,0.688969,0.699588,0.701856,0.720928,0.72299,0.733918,0.734742,0.736082,0.724742,0.727113,0.725464,0.730619,0.733814,0.734124,0.730206,0.72134,0.731856,0.735567,0.729897,0.736082,0.738866,0.733814,0.731856,0.728763,0.726598,0.739381,0.735979,0.729691,0.73433,0.723608,0.706598,0.698247,
19600,0.99551,0.997857,0.996735,0.995612,0.993061,0.989286,0.983776,0.979082,0.962347,0.942857,0.912959,0.872347,0.820408,0.752245,0.701122,0.667755,0.681327,0.688061,0.699388,0.701837,0.721122,0.722959,0.73398,0.734184,0.735204,0.72449,0.728061,0.725408,0.731224,0.733367,0.73398,0.729898,0.721735,0.732143,0.736327,0.730612,0.735714,0.738776,0.733061,0.731837,0.72898,0.726939,0.739082,0.736327,0.72949,0.734388,0.72398,0.707041,0.698878,
19800,0.995556,0.997778,0.996768,0.995556,0.992929,0.989293,0.983636,0.979192,0.962323,0.942828,0.913232,0.87303,0.820202,0.752525,0.700202,0.667778,0.681515,0.687475,0.699899,0.702727,0.721111,0.722424,0.734848,0.734545,0.735455,0.723838,0.728687,0.725657,0.731515,0.733939,0.734646,0.729798,0.722626,0.73303,0.736768,0.731515,0.734848,0.73899,0.733131,0.731515,0.729798,0.726869,0.738586,0.736768,0.728889,0.734444,0.723737,0.708384,0.699293,
20000,0.9956,0.9978,0.9968,0.9956,0.993,0.9889,0.9837,0.9793,0.9622,0.9432,0.9134,0.873,0.8197,0.7515,0.6996,0.6687,0.6813,0.6871,0.6994,0.7028,0.7209,0.7229,0.7351,0.7346,0.736,0.7241,0.7282,0.7257,0.7313,0.7341,0.7341,0.7296,0.7219,0.7333,0.737,0.7321,0.7355,0.7387,0.7322,0.7317,0.7305,0.7272,0.7393,0.7363,0.7284,0.7341,0.7231,0.7093,0.6995,
20200,0.995545,0.997822,0.996733,0.995644,0.993069,0.988911,0.983762,0.979208,0.962079,0.943168,0.913564,0.872475,0.819505,0.751287,0.7,0.667822,0.681386,0.687426,0.699208,0.703564,0.720297,0.72396,0.735248,0.734851,0.735941,0.724752,0.728515,0.726337,0.730297,0.734554,0.734554,0.73,0.722574,0.733267,0.736535,0.732277,0.735149,0.739208,0.732574,0.732376,0.730891,0.726238,0.738713,0.737129,0.729109,0.735347,0.723366,0.709802,0.699505,
20400,0.99549,0.997843,0.996765,0.995686,0.993137,0.988824,0.983725,0.979216,0.961667,0.943137,0.913137,0.872157,0.818922,0.751078,0.699902,0.668039,0.681176,0.686863,0.698824,0.70451,0.720686,0.724706,0.73598,0.735196,0.73598,0.725588,0.72951,0.726176,0.730686,0.735294,0.734706,0.730882,0.722745,0.732647,0.736275,0.731765,0.736765,0.739118,0.732549,0.733333,0.731373,0.725882,0.738627,0.737059,0.728922,0.73598,0.722843,0.70951,0.699412,
20600,0.995534,0.997864,0.996796,0.995728,0.99301,0.988932,0.983592,0.979223,0.961359,0.94301,0.913107,0.871845,0.818641,0.751262,0.700291,0.668155,0.680388,0.686602,0.698058,0.70534,0.721553,0.725049,0.736602,0.735534,0.735049,0.725728,0.729903,0.726311,0.731262,0.735243,0.734369,0.730194,0.722816,0.732816,0.735728,0.731748,0.736699,0.738932,0.733689,0.733883,0.731359,0.726311,0.738835,0.736699,0.729126,0.735922,0.72301,0.709126,0.700097,
20800,0.995577,0.997885,0.996827,0.995577,0.992981,0.989038,0.983654,0.979327,0.961731,0.943173,0.913173,0.872019,0.818365,0.751635,0.699904,0.668365,0.680385,0.686058,0.697885,0.705577,0.721346,0.724423,0.736635,0.735577,0.735288,0.726442,0.729615,0.726442,0.730769,0.734615,0.734423,0.730577,0.723077,0.732788,0.736154,0.731538,0.737019,0.738077,0.734327,0.732981,0.731058,0.726058,0.738942,0.736827,0.729904,0.736538,0.723269,0.709231,0.701058,
21000,0.995619,0.997905,0.996762,0.995524,0.992952,0.989048,0.983524,0.979238,0.961619,0.942857,0.913619,0.87181,0.818667,0.751048,0.700095,0.667619,0.680476,0.686,0.697524,0.706095,0.72181,0.724762,0.737333,0.735524,0.735905,0.725905,0.729905,0.726667,0.730381,0.734381,0.734286,0.731238,0.723619,0.732762,0.736286,0.731714,0.737143,0.737238,0.73381,0.733143,0.731524,0.726762,0.739524,0.737143,0.73,0.736381,0.722952,0.709905,0.701524,
21200,0.99566,0.997925,0.996698,0.995566,0.993019,0.989057,0.983585,0.978962,0.961698,0.94283,0.913774,0.871604,0.818396,0.750472,0.698774,0.667453,0.681132,0.686415,0.697925,0.706887,0.722547,0.725,0.737736,0.73566,0.736698,0.726321,0.73,0.72717,0.730849,0.734434,0.734528,0.730943,0.724151,0.732642,0.736038,0.731792,0.737547,0.736226,0.734434,0.733302,0.732075,0.726792,0.739623,0.737736,0.73,0.735755,0.723302,0.709528,0.700755,
21400,0.995701,0.99785,0.996729,0.995514,0.993084,0.988972,0.983458,0.978972,0.961215,0.942991,0.913458,0.871402,0.818224,0.75,0.698505,0.668224,0.681776,0.68729,0.698505,0.707196,0.722336,0.725514,0.738037,0.735607,0.735888,0.725514,0.730374,0.726636,0.730841,0.734206,0.734393,0.731215,0.724579,0.733084,0.736355,0.731308,0.737944,0.735421,0.734486,0.733458,0.732804,0.727757,0.739907,0.737009,0.729907,0.736729,0.722523,0.710374,0.700561,
21600,0.995648,0.99787,0.996759,0.995556,0.993148,0.989074,0.983611,0.978981,0.961389,0.942963,0.913241,0.871296,0.817685,0.750463,0.697778,0.668148,0.680926,0.68787,0.699259,0.70787,0.722778,0.726111,0.738056,0.735093,0.735185,0.725833,0.73037,0.727222,0.730185,0.734537,0.735,0.731111,0.72537,0.733148,0.736204,0.732315,0.738241,0.735185,0.73463,0.733333,0.732685,0.729074,0.73963,0.736667,0.72963,0.735926,0.722315,0.710556,0.701204,
21800,0.995596,0.99789,0.996697,0.995596,0.993211,0.989083,0.983578,0.978899,0.961284,0.943028,0.913303,0.871651,0.817706,0.750826,0.696606,0.668073,0.68055,0.68844,0.699266,0.707615,0.722477,0.72633,0.73844,0.735229,0.735229,0.726239,0.73055,0.727706,0.730917,0.734037,0.734587,0.731284,0.725963,0.733303,0.735688,0.732661,0.738257,0.734771,0.734679,0.732936,0.732477,0.72844,0.739266,0.736422,0.729633,0.735872,0.723028,0.710459,0.701835,
22000,0.995636,0.997909,0.996636,0.995636,0.993273,0.989091,0.983455,0.979091,0.961364,0.943091,0.913273,0.871636,0.818182,0.751364,0.696273,0.668364,0.680727,0.687818,0.699091,0.708636,0.722,0.726818,0.737909,0.735273,0.735182,0.725818,0.730364,0.728091,0.731818,0.734545,0.734545,0.730818,0.726545,0.733727,0.735818,0.733182,0.738182,0.734818,0.735,0.733364,0.732273,0.728364,0.739091,0.736455,0.730182,0.735455,0.723364,0.710818,0.702182,
22200,0.995586,0.997838,0.996667,0.995676,0.993333,0.989189,0.983423,0.979009,0.961532,0.943243,0.913063,0.871982,0.818378,0.750991,0.696126,0.668378,0.67964,0.687748,0.699279,0.708468,0.722342,0.727568,0.737748,0.735315,0.735405,0.725225,0.730631,0.727928,0.731982,0.733514,0.734865,0.72991,0.727117,0.734595,0.736667,0.733063,0.738288,0.735135,0.734955,0.732523,0.730991,0.728468,0.73982,0.735766,0.729099,0.735135,0.723784,0.711441,0.702793,
22400,0.995625,0.997857,0.996696,0.995714,0.993393,0.989286,0.983482,0.979018,0.961696,0.943214,0.913393,0.871786,0.818571,0.751518,0.695893,0.667321,0.678393,0.687857,0.699196,0.709286,0.722679,0.727946,0.737411,0.735089,0.735625,0.725268,0.730804,0.728304,0.7325,0.733661,0.735536,0.730536,0.727768,0.735089,0.736696,0.732679,0.7375,0.734643,0.735446,0.732768,0.731071,0.728839,0.740089,0.735982,0.729464,0.734643,0.723929,0.712321,0.701429,
22600,0.995664,0.997876,0.996726,0.995752,0.993451,0.989115,0.983451,0.979027,0.961858,0.942655,0.912832,0.87177,0.81823,0.751681,0.696726,0.667522,0.67823,0.688496,0.699027,0.709027,0.722212,0.72823,0.737522,0.735841,0.735752,0.725575,0.730265,0.728938,0.732301,0.733805,0.735841,0.729823,0.728053,0.735575,0.73708,0.732212,0.737257,0.735664,0.735487,0.732655,0.731681,0.72823,0.739823,0.735752,0.729823,0.734956,0.724159,0.711593,0.70115,
22800,0.995702,0.997895,0.996754,0.995702,0.993509,0.989035,0.983509,0.97886,0.961579,0.942193,0.91307,0.871842,0.81807,0.752281,0.697193,0.666491,0.677544,0.689035,0.698684,0.709123,0.722895,0.728509,0.737368,0.735526,0.735439,0.724912,0.730175,0.729649,0.731754,0.734474,0.735614,0.729386,0.727895,0.735351,0.736754,0.732807,0.737105,0.735175,0.735877,0.732456,0.73114,0.727193,0.739649,0.734825,0.730614,0.735614,0.724386,0.71193,0.701754,
23000,0.995652,0.997826,0.996696,0.995739,0.993565,0.98887,0.983565,0.979043,0.961304,0.942174,0.913217,0.871652,0.817217,0.752,0.697304,0.666087,0.678,0.689565,0.699826,0.709304,0.722435,0.727652,0.738,0.735565,0.736174,0.724261,0.730174,0.72913,0.731478,0.734522,0.736087,0.728696,0.727826,0.735478,0.736522,0.732957,0.736609,0.734957,0.735478,0.732696,0.731391,0.727217,0.738609,0.735652,0.731304,0.735391,0.724174,0.712522,0.701565,
23200,0.99569,0.997845,0.996724,0.995776,0.993534,0.988793,0.983707,0.979138,0.961207,0.942586,0.912931,0.871379,0.816897,0.752241,0.697672,0.665517,0.677931,0.690086,0.699483,0.708103,0.721983,0.726638,0.737931,0.735345,0.736983,0.725,0.730862,0.729052,0.731724,0.73431,0.735862,0.727672,0.727586,0.736207,0.736379,0.733793,0.736466,0.734828,0.735862,0.732845,0.730948,0.727328,0.738707,0.735603,0.731552,0.735345,0.723966,0.711983,0.701724,
23400,0.995726,0.997863,0.996752,0.995812,0.99359,0.988803,0.983761,0.979316,0.961197,0.942564,0.913077,0.871282,0.815641,0.752051,0.698547,0.665385,0.677521,0.689316,0.699915,0.707863,0.722735,0.726068,0.738034,0.736154,0.737436,0.725556,0.730598,0.729487,0.732137,0.73453,0.735983,0.727094,0.727436,0.735641,0.735897,0.732906,0.735983,0.735641,0.736239,0.732308,0.731111,0.72641,0.738889,0.736325,0.731624,0.736325,0.724274,0.712393,0.701966,
23600,0.995678,0.997797,0.99678,0.995678,0.993475,0.988814,0.983729,0.979153,0.961102,0.942373,0.912458,0.871017,0.816102,0.752119,0.698475,0.665932,0.677458,0.689661,0.699492,0.70822,0.722797,0.72678,0.738136,0.736441,0.737966,0.725339,0.731271,0.729661,0.73178,0.733644,0.735678,0.726949,0.726949,0.735593,0.736017,0.732797,0.736017,0.735763,0.736356,0.732542,0.731525,0.72661,0.739915,0.737034,0.731525,0.736102,0.724492,0.711441,0.702712,
23800,0.99563,0.997815,0.996807,0.995714,0.993529,0.988571,0.983782,0.979244,0.961092,0.942269,0.912017,0.87042,0.816218,0.752773,0.698403,0.66563,0.677059,0.68916,0.699496,0.708655,0.723613,0.727143,0.738403,0.736134,0.738067,0.725798,0.731261,0.729832,0.731429,0.733866,0.736303,0.727899,0.727143,0.73437,0.73563,0.732521,0.735798,0.736387,0.736639,0.732521,0.731681,0.726471,0.739664,0.736723,0.731765,0.736134,0.724034,0.711765,0.702605,
24000,0.995667,0.997833,0.99675,0.99575,0.993583,0.988667,0.98375,0.979167,0.961083,0.942333,0.911917,0.8705,0.817083,0.75325,0.699083,0.664917,0.676167,0.688667,0.699417,0.709,0.723917,0.72675,0.738083,0.735667,0.738167,0.726417,0.731667,0.730083,0.73175,0.733583,0.736833,0.727833,0.726667,0.735,0.736167,0.732667,0.735083,0.73625,0.736583,0.7335,0.73175,0.726667,0.740083,0.736667,0.73175,0.736167,0.724167,0.711,0.703417,
24200,0.995702,0.997851,0.996777,0.995785,0.993636,0.988678,0.983719,0.978843,0.96124,0.942149,0.911818,0.869917,0.816777,0.752975,0.699835,0.665041,0.675702,0.688678,0.700248,0.708264,0.724132,0.727107,0.738512,0.735702,0.737521,0.72595,0.732314,0.73,0.731818,0.733058,0.736364,0.728099,0.72719,0.734959,0.736116,0.733058,0.734545,0.736281,0.736529,0.733802,0.730909,0.72686,0.739587,0.736198,0.731488,0.736116,0.723884,0.710496,0.703223,
24400,0.995656,0.997869,0.996803,0.995738,0.993525,0.988689,0.983607,0.978852,0.961066,0.942541,0.911475,0.869426,0.816803,0.752951,0.70041,0.664918,0.67418,0.688689,0.700574,0.708443,0.724262,0.727623,0.739098,0.735738,0.737869,0.726066,0.732459,0.730246,0.731721,0.733689,0.735738,0.727705,0.727541,0.735574,0.73623,0.733115,0.734754,0.736311,0.736475,0.732541,0.73123,0.727541,0.739754,0.736393,0.731803,0.73582,0.724426,0.71041,0.703115,
24600,0.99561,0.997886,0.996829,0.995528,0.993496,0.98878,0.98374,0.978943,0.960976,0.942358,0.91122,0.868943,0.816748,0.753577,0.700813,0.665203,0.67439,0.688537,0.700325,0.708862,0.723821,0.727967,0.73878,0.73561,0.73748,0.726179,0.732195,0.730407,0.73187,0.734065,0.735935,0.727967,0.72748,0.735691,0.736016,0.732764,0.734715,0.736829,0.736829,0.732683,0.730894,0.728211,0.740163,0.735935,0.731463,0.735854,0.72439,0.710894,0.703415,
24800,0.995645,0.997903,0.996855,0.995565,0.993468,0.98879,0.983629,0.978952,0.960968,0.942339,0.911129,0.869194,0.81621,0.752823,0.700645,0.665565,0.674919,0.687742,0.700565,0.709516,0.725323,0.728306,0.738871,0.735403,0.737339,0.725242,0.731371,0.730161,0.732016,0.734274,0.735645,0.728065,0.728145,0.735565,0.735887,0.732984,0.735242,0.736694,0.737097,0.731855,0.73121,0.727581,0.739919,0.736048,0.731613,0.735242,0.724194,0.71121,0.703065,
25000,0.99568,0.99792,0.99688,0.99552,0.99352,0.98872,0.98376,0.97896,0.96096,0.94224,0.91152,0.86896,0.81648,0.75288,0.70072,0.66576,0.67456,0.68736,0.70056,0.70936,0.72544,0.72896,0.73888,0.73544,0.73728,0.72512,0.73184,0.73048,0.73248,0.73448,0.73584,0.72832,0.72832,0.73568,0.73608,0.73344,0.73512,0.73664,0.73728,0.73216,0.73168,0.72808,0.73968,0.73528,0.73184,0.73496,0.72464,0.71168,0.7032,
25200,0.995714,0.997937,0.996905,0.995556,0.993571,0.988651,0.98381,0.979048,0.961032,0.942063,0.911587,0.868968,0.816825,0.752937,0.699365,0.666825,0.674286,0.688016,0.700794,0.709127,0.725476,0.729206,0.738968,0.735794,0.737778,0.724921,0.732063,0.730476,0.732857,0.735159,0.736429,0.728571,0.727937,0.735952,0.735238,0.732302,0.735159,0.736587,0.737778,0.73254,0.731984,0.727778,0.740476,0.735635,0.73246,0.735397,0.725238,0.712222,0.702698,
25400,0.995748,0.997953,0.996929,0.995591,0.993543,0.988583,0.983622,0.978976,0.960866,0.942362,0.911417,0.869134,0.817087,0.752362,0.699528,0.666772,0.674567,0.688504,0.700945,0.709055,0.724882,0.729213,0.739291,0.736614,0.737402,0.725197,0.732047,0.730787,0.733622,0.735591,0.736378,0.729606,0.728661,0.736378,0.736142,0.732835,0.734882,0.735984,0.737559,0.732283,0.731654,0.727559,0.740157,0.735827,0.732598,0.735276,0.724724,0.712598,0.70315,
25600,0.995781,0.997969,0.996953,0.995625,0.993594,0.988516,0.983437,0.978906,0.961016,0.9425,0.911094,0.869375,0.816953,0.752891,0.699141,0.666328,0.674531,0.688594,0.701016,0.708984,0.724922,0.729453,0.739453,0.736094,0.737422,0.725391,0.731797,0.730469,0.733984,0.735547,0.736406,0.73,0.728828,0.736953,0.735938,0.733125,0.735,0.735938,0.737812,0.731953,0.731641,0.726797,0.740156,0.735313,0.732812,0.735469,0.724609,0.713125,0.702109,
25800,0.995814,0.997984,0.996977,0.995659,0.993566,0.988527,0.983488,0.978915,0.961085,0.942558,0.91093,0.86938,0.816667,0.753101,0.699302,0.666899,0.674341,0.688915,0.70093,0.709457,0.724651,0.728915,0.738992,0.736512,0.737054,0.725659,0.732248,0.73062,0.734109,0.735504,0.736512,0.73062,0.729147,0.736822,0.736357,0.733023,0.734884,0.735659,0.73814,0.731938,0.73124,0.726357,0.740078,0.735659,0.733333,0.735426,0.725039,0.713876,0.701783,
26000,0.995846,0.998,0.997,0.995692,0.993538,0.988538,0.983385,0.978769,0.961154,0.942615,0.910615,0.869154,0.817385,0.753538,0.698846,0.667462,0.674538,0.688538,0.701154,0.709538,0.724769,0.728692,0.738846,0.736231,0.735846,0.726,0.731462,0.730308,0.734615,0.735692,0.736615,0.730462,0.728923,0.736462,0.737154,0.732923,0.735308,0.735769,0.738154,0.732077,0.730923,0.725769,0.739846,0.735385,0.733154,0.735,0.724462,0.713692,0.702154,
26200,0.995878,0.998015,0.997023,0.995725,0.993511,0.988397,0.983359,0.978702,0.961298,0.942595,0.910458,0.869008,0.817252,0.753053,0.699008,0.668244,0.674809,0.68855,0.701145,0.709847,0.724733,0.728473,0.739008,0.735878,0.736107,0.72626,0.730992,0.729695,0.734046,0.735573,0.736947,0.73084,0.729313,0.736794,0.737634,0.73229,0.735344,0.736336,0.738168,0.73229,0.731221,0.725725,0.740153,0.736107,0.733282,0.734656,0.724656,0.713893,0.702137,
26400,0.995909,0.99803,0.997045,0.995682,0.993333,0.988333,0.983182,0.978712,0.961515,0.9425,0.910682,0.869318,0.817045,0.753182,0.699318,0.669015,0.67447,0.689773,0.701818,0.71,0.725606,0.728636,0.739318,0.735303,0.735606,0.725909,0.731515,0.730152,0.734924,0.735985,0.7375,0.730985,0.729167,0.737348,0.737652,0.732348,0.735455,0.736439,0.738561,0.732273,0.730909,0.725758,0.739621,0.735682,0.732879,0.73447,0.724697,0.714773,0.702803,
26600,0.99594,0.998045,0.997068,0.995564,0.993233,0.988421,0.983308,0.978722,0.961579,0.942481,0.910451,0.869173,0.816767,0.753158,0.699023,0.669248,0.674737,0.69,0.701278,0.709474,0.724962,0.728496,0.739624,0.735113,0.735865,0.725865,0.731805,0.729549,0.735338,0.736015,0.737293,0.730902,0.729398,0.737293,0.737444,0.732406,0.735639,0.73594,0.738496,0.731579,0.731353,0.726466,0.738872,0.735639,0.733383,0.734737,0.725414,0.715263,0.702857,
26800,0.995896,0.99806,0.997015,0.995448,0.993209,0.988433,0.983433,0.978806,0.961567,0.942537,0.910821,0.869254,0.817015,0.752761,0.699179,0.669403,0.674776,0.690522,0.701269,0.709254,0.725597,0.727164,0.738955,0.735224,0.736269,0.726194,0.73194,0.729627,0.735448,0.734627,0.738134,0.731716,0.729925,0.737388,0.737985,0.732463,0.735522,0.735821,0.73791,0.732015,0.731418,0.726493,0.739478,0.735896,0.732836,0.734701,0.724851,0.715,0.703134,
27000,0.995852,0.998074,0.997037,0.995481,0.993111,0.98837,0.983333,0.978815,0.961556,0.942222,0.910667,0.868815,0.816741,0.753037,0.698593,0.669333,0.675185,0.691037,0.701111,0.709333,0.725852,0.727259,0.73837,0.734815,0.736519,0.725778,0.732222,0.729852,0.735481,0.734889,0.737111,0.731407,0.730519,0.738,0.738074,0.733333,0.735407,0.735333,0.738,0.732296,0.731556,0.726222,0.739333,0.735407,0.733333,0.734519,0.72437,0.715259,0.703037,
27200,0.995882,0.998088,0.997059,0.995368,0.993162,0.988456,0.983235,0.978603,0.961618,0.942353,0.910662,0.86875,0.816691,0.752574,0.698529,0.668897,0.675441,0.691471,0.70125,0.710221,0.726397,0.727574,0.738456,0.734632,0.736103,0.725735,0.732353,0.729338,0.735662,0.734338,0.736691,0.731618,0.730809,0.738088,0.738235,0.733971,0.735147,0.734853,0.737868,0.731985,0.731397,0.726691,0.739412,0.734559,0.733603,0.734706,0.723897,0.715074,0.702868,
27400,0.995912,0.998102,0.99708,0.995401,0.993212,0.988467,0.983358,0.978467,0.961606,0.94219,0.91073,0.868759,0.816423,0.752774,0.698175,0.668978,0.675401,0.691022,0.700803,0.710219,0.726861,0.727226,0.738394,0.734964,0.736131,0.725547,0.732336,0.729781,0.736131,0.734745,0.736715,0.732263,0.730803,0.738248,0.737883,0.733577,0.734891,0.735109,0.737226,0.731606,0.731606,0.727445,0.739416,0.734745,0.733942,0.734526,0.724015,0.715474,0.702628,
27600,0.99587,0.998043,0.997101,0.995435,0.993261,0.988478,0.983261,0.978406,0.961739,0.942246,0.910652,0.868623,0.816304,0.752536,0.698261,0.668913,0.67442,0.691812,0.701739,0.71058,0.726449,0.726884,0.738043,0.735,0.73587,0.725652,0.731812,0.72971,0.736739,0.735217,0.736667,0.732464,0.73087,0.738623,0.737899,0.734058,0.735652,0.735145,0.737246,0.731667,0.731812,0.728043,0.739638,0.734783,0.733478,0.73442,0.724058,0.715652,0.702536,
27800,0.995899,0.998058,0.99705,0.995468,0.993309,0.988489,0.983381,0.978417,0.961727,0.942158,0.910576,0.868489,0.815612,0.751727,0.698417,0.668849,0.674892,0.692086,0.701942,0.710791,0.727554,0.726619,0.738129,0.735108,0.736259,0.725971,0.731799,0.729856,0.736906,0.73554,0.736259,0.733165,0.730863,0.737986,0.738201,0.733669,0.735612,0.735036,0.736906,0.731727,0.73223,0.728201,0.739353,0.735396,0.733813,0.734245,0.723669,0.715755,0.702158,
28000,0.995929,0.998,0.997071,0.9955,0.993357,0.9885,0.9835,0.978357,0.961786,0.942214,0.910357,0.868071,0.815357,0.751786,0.697929,0.668786,0.675357,0.691857,0.702357,0.710786,0.727357,0.725929,0.738429,0.735857,0.736143,0.726,0.731,0.729286,0.737286,0.735929,0.736,0.733571,0.731071,0.738071,0.737929,0.733357,0.736071,0.735071,0.737071,0.732,0.732643,0.728286,0.738429,0.735,0.734143,0.734571,0.723643,0.715714,0.701714,
28200,0.995887,0.998014,0.997021,0.995532,0.993333,0.98844,0.983475,0.978298,0.961631,0.941986,0.910426,0.868156,0.814965,0.751702,0.698014,0.669007,0.675532,0.691915,0.70305,0.711348,0.72695,0.725957,0.738298,0.735674,0.736312,0.725461,0.731348,0.729433,0.737305,0.735816,0.736241,0.733262,0.731206,0.737943,0.737518,0.732979,0.734681,0.734752,0.737447,0.732057,0.732695,0.728582,0.738794,0.735248,0.733972,0.734255,0.724043,0.715957,0.701348,
28400,0.995915,0.998028,0.997042,0.995563,0.99331,0.98838,0.98338,0.97831,0.961479,0.941972,0.910634,0.868028,0.81493,0.751549,0.697394,0.669225,0.675845,0.692113,0.702676,0.711408,0.72669,0.726972,0.738521,0.735915,0.735986,0.725141,0.731268,0.729366,0.737113,0.735986,0.735986,0.732676,0.731127,0.738239,0.737465,0.733028,0.73493,0.73493,0.737254,0.731549,0.733028,0.729014,0.738451,0.735493,0.733944,0.734225,0.723873,0.715563,0.701268,
28600,0.995944,0.998042,0.997063,0.995594,0.993357,0.988462,0.983497,0.978182,0.961538,0.941748,0.911049,0.868112,0.815175,0.751678,0.697343,0.668182,0.676573,0.692727,0.702657,0.710699,0.727133,0.726713,0.737832,0.736084,0.736434,0.725245,0.730699,0.72958,0.736573,0.735594,0.736084,0.733147,0.731399,0.738531,0.737343,0.733217,0.735105,0.734895,0.736713,0.731748,0.733007,0.729301,0.738601,0.734196,0.733916,0.734545,0.723706,0.715944,0.701678,
28800,0.995833,0.998056,0.997083,0.995625,0.993403,0.988542,0.983542,0.978125,0.961528,0.941944,0.911111,0.868056,0.815278,0.751875,0.697222,0.667708,0.677361,0.693264,0.7025,0.710347,0.726806,0.727083,0.737917,0.736042,0.735694,0.725069,0.73125,0.729722,0.736736,0.735764,0.735903,0.732986,0.731528,0.738472,0.736667,0.732639,0.734861,0.734931,0.737153,0.732569,0.732986,0.729653,0.739167,0.734444,0.733889,0.734861,0.723889,0.715694,0.701181,
29000,0.995862,0.998069,0.997103,0.995655,0.993448,0.988552,0.983655,0.978207,0.961241,0.942138,0.911379,0.868,0.815448,0.752207,0.69669,0.667517,0.677517,0.693448,0.702207,0.710276,0.726552,0.72731,0.737586,0.735655,0.735724,0.725172,0.731586,0.730138,0.736414,0.736345,0.735448,0.732759,0.731448,0.738276,0.73669,0.733172,0.735172,0.735034,0.737034,0.732138,0.733241,0.728966,0.739379,0.734828,0.734,0.73469,0.724069,0.715655,0.701103,
29200,0.995822,0.998082,0.997055,0.995685,0.993493,0.988425,0.983699,0.978219,0.961438,0.942055,0.911233,0.867671,0.815274,0.75274,0.696507,0.668151,0.677534,0.693562,0.702329,0.710548,0.726644,0.727329,0.737055,0.73589,0.735685,0.725068,0.731575,0.730616,0.735959,0.736438,0.734932,0.73274,0.731918,0.738219,0.736233,0.732877,0.735,0.734726,0.73726,0.731301,0.733219,0.728836,0.739589,0.735205,0.734384,0.734795,0.724315,0.715479,0.701096,
29400,0.99585,0.998095,0.997007,0.995714,0.993469,0.988435,0.983673,0.978163,0.961224,0.941769,0.911224,0.867755,0.815102,0.752381,0.697143,0.668299,0.677211,0.693741,0.702313,0.710476,0.726735,0.727347,0.737755,0.736054,0.735714,0.724694,0.731088,0.730748,0.73585,0.736259,0.734898,0.733605,0.732245,0.738912,0.735918,0.733401,0.734966,0.734558,0.736871,0.731497,0.733401,0.728912,0.739728,0.735374,0.734762,0.735034,0.724218,0.71483,0.701361,
29600,0.995878,0.998108,0.997027,0.995743,0.993446,0.988446,0.983784,0.978041,0.961284,0.941486,0.911554,0.867973,0.815541,0.752568,0.697635,0.667838,0.6775,0.694189,0.701689,0.710473,0.726486,0.727095,0.737838,0.736284,0.735608,0.724595,0.730405,0.730608,0.735878,0.736149,0.735203,0.733784,0.732432,0.739122,0.736081,0.733581,0.734189,0.735135,0.737432,0.731622,0.733378,0.728986,0.739797,0.735,0.735811,0.735405,0.72473,0.71473,0.701216,
29800,0.995839,0.998121,0.99698,0.995772,0.993423,0.988456,0.983691,0.978121,0.96094,0.941611,0.911409,0.868054,0.815839,0.752617,0.697718,0.668188,0.67745,0.694631,0.702617,0.710134,0.726577,0.726711,0.737987,0.736174,0.73557,0.724832,0.729799,0.730201,0.735705,0.736242,0.734966,0.733893,0.73255,0.738859,0.736242,0.733758,0.734094,0.734899,0.737987,0.732148,0.733423,0.72953,0.739664,0.734899,0.735638,0.735168,0.724497,0.714295,0.701074,
30000,0.995867,0.998133,0.997,0.9958,0.9934,0.988467,0.9838,0.978267,0.961,0.9414,0.911533,0.867933,0.815667,0.7524,0.697333,0.6688,0.677667,0.694867,0.702667,0.7092,0.7266,0.7264,0.7382,0.7364,0.7354,0.725,0.730467,0.730333,0.735267,0.736467,0.735133,0.734,0.732867,0.7392,0.735933,0.733533,0.734067,0.734333,0.738467,0.732467,0.733467,0.7296,0.739733,0.734933,0.7356,0.735133,0.724667,0.714933,0.701733,
30200,0.995828,0.998146,0.99702,0.995828,0.993377,0.988477,0.983907,0.978212,0.961126,0.941523,0.911589,0.868146,0.815497,0.752185,0.697285,0.668808,0.678278,0.694967,0.702914,0.70894,0.726225,0.726093,0.738212,0.736291,0.735166,0.725364,0.730993,0.730728,0.735166,0.736623,0.735298,0.733974,0.732649,0.739669,0.736424,0.73404,0.734305,0.734702,0.738543,0.73245,0.732715,0.730265,0.739801,0.734834,0.736159,0.735033,0.724768,0.715099,0.700927,
30400,0.995789,0.998158,0.997039,0.995855,0.993355,0.988553,0.983947,0.978158,0.96125,0.941513,0.911711,0.868289,0.814934,0.752697,0.697237,0.668882,0.677763,0.695592,0.703026,0.709342,0.72625,0.725592,0.738224,0.736513,0.734934,0.725724,0.73125,0.730987,0.735526,0.735855,0.735132,0.734013,0.733158,0.740395,0.736513,0.734408,0.734605,0.734408,0.738684,0.732434,0.733092,0.73,0.740066,0.734474,0.735921,0.735329,0.724671,0.715132,0.70125,
30600,0.995752,0.998105,0.997059,0.995882,0.993333,0.988627,0.983922,0.978039,0.961242,0.941307,0.91183,0.868366,0.815163,0.752745,0.697451,0.668431,0.678105,0.695621,0.703595,0.709542,0.726144,0.725686,0.737908,0.736732,0.734575,0.726275,0.731111,0.731176,0.735163,0.736601,0.734902,0.734183,0.733595,0.74,0.736536,0.734183,0.734837,0.734771,0.73902,0.732549,0.733725,0.729935,0.740523,0.73451,0.735686,0.734967,0.725359,0.714837,0.701307,
30800,0.995779,0.998117,0.997078,0.995909,0.993312,0.988571,0.983831,0.978117,0.961299,0.941039,0.911364,0.868506,0.81526,0.753117,0.697403,0.668052,0.677727,0.695584,0.703636,0.709545,0.726299,0.725844,0.737922,0.736623,0.734675,0.726494,0.730325,0.731299,0.735844,0.736429,0.735519,0.734416,0.733442,0.74,0.736494,0.734286,0.735,0.734545,0.738831,0.732662,0.733571,0.73039,0.74026,0.73461,0.735909,0.73474,0.725455,0.714545,0.701558,
31000,0.995806,0.998129,0.997097,0.995935,0.993355,0.988645,0.983871,0.978194,0.961484,0.940968,0.911419,0.86871,0.815161,0.753097,0.697548,0.667226,0.677548,0.695097,0.703548,0.71,0.725935,0.725871,0.738065,0.73671,0.734968,0.72671,0.729419,0.73071,0.735161,0.736645,0.735484,0.73471,0.733484,0.740129,0.737097,0.735226,0.73529,0.734581,0.739226,0.733032,0.734,0.730387,0.739419,0.734516,0.735613,0.734903,0.725935,0.714387,0.701484,
31200,0.995705,0.998141,0.997115,0.995962,0.993333,0.988654,0.983846,0.978205,0.961474,0.940833,0.911538,0.868718,0.815897,0.753077,0.697436,0.666795,0.677115,0.695256,0.703974,0.709808,0.726538,0.72609,0.738013,0.737244,0.735385,0.726731,0.729359,0.731218,0.735321,0.736538,0.73609,0.733974,0.733526,0.739936,0.736731,0.735449,0.735641,0.734359,0.739359,0.732564,0.733526,0.730385,0.739615,0.734936,0.735321,0.735321,0.726026,0.714167,0.701667,
31400,0.995732,0.998153,0.997134,0.995987,0.993312,0.988726,0.983822,0.977962,0.961592,0.941019,0.911656,0.868917,0.816115,0.752994,0.69707,0.667134,0.676879,0.694586,0.703694,0.709618,0.726497,0.726178,0.73828,0.737325,0.735478,0.726752,0.729108,0.730955,0.734777,0.737006,0.735669,0.734076,0.733885,0.740191,0.736752,0.73586,0.735924,0.734395,0.738917,0.732675,0.733694,0.730382,0.739172,0.73465,0.735732,0.73535,0.725987,0.714522,0.701975,
31600,0.995759,0.998165,0.997152,0.996013,0.993291,0.988608,0.983924,0.977911,0.961709,0.941139,0.911835,0.868861,0.816392,0.753165,0.697215,0.667785,0.676835,0.693734,0.703671,0.709747,0.726835,0.727025,0.738354,0.737152,0.734937,0.726899,0.72962,0.730949,0.734304,0.737342,0.735633,0.73443,0.733861,0.74019,0.736456,0.735759,0.736266,0.734241,0.738924,0.732595,0.733734,0.730443,0.73943,0.734367,0.735759,0.73519,0.725823,0.71443,0.702405,
31800,0.99566,0.998113,0.99717,0.996038,0.993333,0.988616,0.983836,0.977799,0.961635,0.940943,0.911887,0.868742,0.81673,0.753333,0.696289,0.667862,0.676792,0.694025,0.703396,0.709686,0.72717,0.726667,0.73805,0.737421,0.735409,0.72717,0.73,0.731572,0.734214,0.737296,0.735912,0.734151,0.733711,0.740252,0.736981,0.735597,0.736541,0.73434,0.738805,0.732264,0.733836,0.730503,0.739434,0.734843,0.735723,0.734277,0.725975,0.714843,0.702642,
32000,0.995687,0.998125,0.997188,0.996,0.993375,0.988625,0.98375,0.977812,0.961437,0.940937,0.911813,0.868625,0.816438,0.753437,0.69625,0.668063,0.677,0.69325,0.703688,0.709125,0.727563,0.726812,0.73775,0.737812,0.735812,0.727313,0.730187,0.731812,0.734062,0.737563,0.735812,0.734625,0.734,0.740625,0.73725,0.735563,0.737,0.734187,0.738563,0.732062,0.734062,0.730875,0.73975,0.734625,0.735875,0.733875,0.725938,0.714562,0.703125,
32200,0.995714,0.998137,0.997205,0.996025,0.993416,0.988509,0.983727,0.977826,0.961491,0.940745,0.911863,0.86882,0.816522,0.753602,0.695714,0.667702,0.676335,0.692919,0.703478,0.70913,0.728012,0.726584,0.73764,0.737702,0.736273,0.727391,0.730124,0.731677,0.734845,0.737764,0.735652,0.734907,0.734224,0.740621,0.737019,0.735466,0.736832,0.734037,0.738571,0.732671,0.73441,0.731118,0.74,0.73441,0.735963,0.733416,0.726335,0.714845,0.702733,
32400,0.995741,0.998086,0.997222,0.996049,0.993395,0.988519,0.983704,0.977778,0.961543,0.940802,0.91179,0.869074,0.81679,0.754012,0.69463,0.667531,0.675802,0.693827,0.703951,0.709198,0.727531,0.726667,0.737469,0.737346,0.736111,0.727778,0.730309,0.731852,0.73463,0.737593,0.735494,0.734877,0.734074,0.740988,0.737284,0.735617,0.736975,0.733889,0.738457,0.733025,0.734568,0.731296,0.74,0.734506,0.736049,0.732901,0.726173,0.714938,0.702778,
32600,0.995706,0.998098,0.997239,0.996074,0.993313,0.988466,0.983742,0.977791,0.961595,0.941043,0.911656,0.868957,0.816748,0.753497,0.69454,0.667669,0.67589,0.693988,0.703988,0.709264,0.728037,0.726564,0.737914,0.737301,0.735644,0.727301,0.730123,0.732147,0.734785,0.737791,0.73589,0.734908,0.73411,0.740982,0.736933,0.735951,0.736871,0.733926,0.738221,0.733006,0.734172,0.731656,0.73908,0.734785,0.736564,0.732577,0.726135,0.714847,0.702515,
32800,0.99561,0.99811,0.997256,0.996098,0.993354,0.988415,0.983659,0.977805,0.961646,0.941037,0.911646,0.86939,0.816768,0.753415,0.695061,0.668049,0.675122,0.693537,0.703902,0.709146,0.727988,0.726524,0.737805,0.737317,0.735427,0.727195,0.730854,0.732134,0.735,0.737439,0.73622,0.734268,0.734451,0.74122,0.736768,0.735854,0.736463,0.734268,0.737927,0.733415,0.734329,0.731768,0.738902,0.734756,0.736585,0.7325,0.72628,0.715,0.702744,
33000,0.995576,0.998121,0.997212,0.996061,0.993394,0.988424,0.983758,0.977879,0.961879,0.94097,0.911576,0.868848,0.816909,0.753394,0.69503,0.668121,0.674909,0.693333,0.704121,0.709152,0.727879,0.726909,0.738242,0.736848,0.735576,0.727273,0.73103,0.732182,0.734909,0.737636,0.736424,0.733636,0.734303,0.740909,0.736485,0.735879,0.736121,0.734485,0.738061,0.734121,0.734303,0.732182,0.738848,0.73503,0.736,0.732545,0.726303,0.71503,0.702121,
33200,0.995602,0.998133,0.997169,0.996084,0.993373,0.988494,0.983735,0.977831,0.961867,0.941024,0.911566,0.869157,0.816988,0.752952,0.695542,0.667229,0.675181,0.693434,0.704277,0.709639,0.728313,0.726988,0.738614,0.736867,0.73512,0.727651,0.731325,0.731988,0.73494,0.737892,0.736627,0.733735,0.734759,0.740904,0.736566,0.735602,0.735663,0.734157,0.738253,0.734157,0.734518,0.73247,0.738976,0.73494,0.736386,0.731807,0.726205,0.71506,0.702289,
33400,0.995569,0.998144,0.997126,0.996108,0.993353,0.988563,0.983533,0.977784,0.961856,0.940838,0.911677,0.869461,0.817246,0.752934,0.695629,0.666766,0.675269,0.694012,0.704132,0.709102,0.727844,0.726647,0.738443,0.736946,0.73521,0.727784,0.731617,0.731737,0.734371,0.738683,0.736946,0.733593,0.734551,0.740719,0.736707,0.735269,0.736048,0.733952,0.737665,0.733593,0.734731,0.732635,0.738563,0.734671,0.736647,0.731856,0.726228,0.714731,0.702395,
33600,0.995595,0.998095,0.997143,0.996131,0.993274,0.988452,0.983571,0.977679,0.961726,0.941071,0.911905,0.869702,0.817321,0.752798,0.695357,0.667024,0.67506,0.693214,0.703869,0.709226,0.728036,0.726726,0.738571,0.737143,0.735595,0.72756,0.731667,0.732024,0.73494,0.738571,0.737262,0.73369,0.734524,0.740417,0.737083,0.734762,0.73631,0.733988,0.738274,0.733631,0.734821,0.732381,0.738571,0.73494,0.736726,0.731488,0.726131,0.715298,0.702857,
33800,0.995621,0.998107,0.99716,0.996095,0.993314,0.988462,0.98355,0.977574,0.961598,0.941302,0.912189,0.869763,0.817337,0.75284,0.694734,0.667456,0.674911,0.693373,0.703432,0.709112,0.728047,0.726568,0.73858,0.737456,0.735799,0.728225,0.731716,0.731834,0.734852,0.738284,0.737396,0.734379,0.735148,0.740888,0.736923,0.73426,0.736154,0.734142,0.738462,0.733373,0.734793,0.732959,0.738757,0.73497,0.736686,0.731124,0.726272,0.715503,0.703136,
34000,0.995588,0.998118,0.997118,0.996059,0.993353,0.988529,0.983588,0.977647,0.961765,0.941176,0.912529,0.869706,0.817412,0.752765,0.694471,0.667412,0.674941,0.693294,0.703118,0.709,0.727882,0.727235,0.738706,0.737353,0.735706,0.728529,0.731176,0.731471,0.734824,0.738294,0.737176,0.734118,0.735235,0.741059,0.737,0.734176,0.735882,0.733824,0.738412,0.733765,0.734765,0.733059,0.739294,0.735059,0.737,0.731059,0.726353,0.715176,0.703235,
34200,0.995614,0.998129,0.997076,0.996023,0.993333,0.98848,0.983567,0.977719,0.961871,0.941228,0.912807,0.869649,0.817895,0.753041,0.693743,0.667485,0.675029,0.692281,0.702281,0.709181,0.728538,0.726901,0.738713,0.737368,0.735673,0.728713,0.730994,0.731637,0.735205,0.738538,0.736901,0.734035,0.735146,0.741287,0.737076,0.734094,0.735673,0.734035,0.738713,0.73345,0.73462,0.733099,0.739298,0.735205,0.737544,0.73076,0.726023,0.715556,0.703392,
34400,0.995581,0.99814,0.997093,0.995988,0.993372,0.988372,0.983547,0.977733,0.962093,0.941221,0.912849,0.869593,0.817965,0.752849,0.693953,0.667151,0.674593,0.692616,0.702093,0.709651,0.728895,0.726744,0.738198,0.737442,0.73593,0.728256,0.73064,0.73186,0.735349,0.738314,0.736744,0.733721,0.735058,0.741337,0.737384,0.733605,0.73564,0.733779,0.738547,0.733663,0.734767,0.733372,0.738895,0.735349,0.737384,0.730349,0.726337,0.715407,0.703779,
34600,0.995549,0.99815,0.99711,0.996012,0.993353,0.988382,0.983526,0.977746,0.961792,0.94104,0.912659,0.869711,0.818266,0.752601,0.693873,0.667399,0.674798,0.692775,0.702543,0.70948,0.727803,0.726936,0.738555,0.737746,0.736069,0.728786,0.730347,0.731503,0.734798,0.738555,0.736705,0.733873,0.734855,0.741503,0.737457,0.733468,0.735723,0.733873,0.738555,0.733988,0.734393,0.733757,0.738613,0.735838,0.736763,0.730405,0.726243,0.715607,0.703873,
34800,0.995575,0.998161,0.997069,0.995977,0.993391,0.988448,0.983563,0.977644,0.961839,0.941034,0.912816,0.86977,0.818161,0.752586,0.693103,0.667529,0.675,0.692759,0.702644,0.70931,0.728161,0.727184,0.738563,0.737816,0.735977,0.728678,0.730747,0.732126,0.735115,0.738506,0.736207,0.733391,0.733908,0.741494,0.737586,0.733391,0.735977,0.73408,0.738678,0.734253,0.734483,0.733276,0.738736,0.735632,0.736149,0.730402,0.726149,0.716437,0.704195,
35000,0.9956,0.998171,0.997086,0.996,0.993429,0.9884,0.983486,0.977771,0.961943,0.941086,0.912686,0.87,0.818114,0.752571,0.693029,0.667257,0.6748,0.6932,0.703314,0.709429,0.728457,0.726971,0.738343,0.737543,0.736057,0.728857,0.730914,0.731771,0.735371,0.737943,0.736171,0.733429,0.733943,0.741486,0.737543,0.733657,0.735771,0.733714,0.738971,0.734343,0.734571,0.733771,0.738686,0.7356,0.736114,0.730457,0.726229,0.716343,0.703943,
35200,0.995625,0.998182,0.997102,0.995966,0.993466,0.988352,0.983523,0.977727,0.961932,0.94125,0.912614,0.87,0.817841,0.753068,0.692386,0.667386,0.675057,0.693693,0.703523,0.709716,0.728239,0.726989,0.738295,0.737614,0.735909,0.729091,0.73142,0.732216,0.73517,0.738295,0.73625,0.733068,0.73392,0.741136,0.736989,0.733295,0.73608,0.733409,0.739375,0.734205,0.734886,0.733977,0.738636,0.735909,0.73625,0.730057,0.725966,0.715795,0.704091,
35400,0.99565,0.998136,0.997119,0.995989,0.993503,0.988418,0.983559,0.977571,0.961921,0.941186,0.912881,0.870339,0.818023,0.753333,0.692655,0.667288,0.674407,0.692881,0.703446,0.709153,0.727853,0.727175,0.738305,0.737458,0.736384,0.729322,0.731638,0.732316,0.734802,0.738079,0.736667,0.732825,0.733729,0.740904,0.737175,0.733051,0.735763,0.733503,0.739605,0.734294,0.735085,0.734237,0.738249,0.735819,0.735876,0.730056,0.726667,0.715876,0.704237,
35600,0.995674,0.998146,0.997135,0.995955,0.993539,0.988371,0.983596,0.97764,0.962079,0.941067,0.912865,0.87073,0.818146,0.752809,0.692584,0.667697,0.674888,0.69264,0.703539,0.709551,0.728315,0.72691,0.738652,0.73736,0.736124,0.729382,0.731798,0.732416,0.735169,0.738202,0.736798,0.732079,0.733764,0.740506,0.736798,0.732921,0.735449,0.73382,0.739831,0.734551,0.735225,0.734045,0.738315,0.735787,0.735618,0.730393,0.727079,0.716236,0.704213,
35800,0.995698,0.998156,0.997151,0.995922,0.99352,0.988268,0.983575,0.977486,0.962123,0.940894,0.912682,0.870112,0.818492,0.752849,0.692402,0.667821,0.674749,0.692961,0.703631,0.709665,0.727765,0.727151,0.739106,0.737654,0.736369,0.729832,0.731117,0.732179,0.735028,0.738045,0.737039,0.731955,0.733687,0.741006,0.737374,0.73257,0.735196,0.734134,0.739777,0.734358,0.73514,0.734413,0.738771,0.735363,0.735587,0.729665,0.727151,0.716369,0.703966,
36000,0.995667,0.998111,0.997167,0.995833,0.993444,0.988222,0.983556,0.9775,0.962111,0.940889,0.912611,0.869944,0.818611,0.752778,0.692111,0.666889,0.674722,0.693056,0.704,0.709889,0.727889,0.727278,0.738778,0.737389,0.735889,0.729778,0.731444,0.732056,0.734889,0.737944,0.737222,0.732444,0.734111,0.741222,0.737722,0.732722,0.735056,0.733778,0.739833,0.734222,0.734556,0.734444,0.738778,0.735833,0.735611,0.729167,0.727278,0.716778,0.703222,
36200,0.995691,0.998066,0.997182,0.995801,0.993425,0.988177,0.983536,0.977348,0.962099,0.940884,0.912431,0.869724,0.818508,0.752873,0.691768,0.667127,0.674972,0.692928,0.703867,0.709945,0.727569,0.727459,0.73884,0.737845,0.736077,0.729724,0.731215,0.732099,0.734862,0.737901,0.737017,0.732818,0.733923,0.74116,0.737348,0.732597,0.734917,0.733867,0.739613,0.733425,0.734751,0.734586,0.73884,0.735193,0.736077,0.729448,0.727238,0.71674,0.703591,
36400,0.995659,0.998077,0.997198,0.995769,0.993462,0.988242,0.983516,0.977418,0.961923,0.940769,0.912253,0.86967,0.818516,0.752912,0.691209,0.667198,0.67511,0.693077,0.703846,0.710549,0.727582,0.727418,0.738462,0.737582,0.736044,0.729505,0.731099,0.731593,0.735,0.737747,0.737308,0.732418,0.733736,0.741264,0.737308,0.732967,0.73489,0.733736,0.73989,0.733516,0.73467,0.734505,0.738956,0.735495,0.735659,0.729066,0.727473,0.716923,0.703846,
36600,0.995683,0.998087,0.997213,0.995792,0.993443,0.988251,0.983388,0.977377,0.961749,0.940656,0.91235,0.869508,0.818087,0.752951,0.691475,0.667268,0.674699,0.692951,0.703716,0.710492,0.727978,0.727814,0.738197,0.737814,0.735738,0.729016,0.731749,0.731694,0.734918,0.737923,0.737541,0.732186,0.733388,0.740765,0.737213,0.733333,0.734973,0.733333,0.739727,0.733443,0.734918,0.734699,0.738907,0.735683,0.735355,0.729016,0.727486,0.716557,0.703607,
36800,0.995707,0.998043,0.997228,0.995815,0.993424,0.988261,0.98337,0.977337,0.961576,0.940598,0.912337,0.869457,0.818098,0.75288,0.691304,0.66663,0.675,0.693207,0.704022,0.710435,0.728098,0.727826,0.738098,0.737609,0.736033,0.729402,0.73212,0.731467,0.734565,0.737717,0.737228,0.731848,0.733641,0.740978,0.737011,0.73375,0.735163,0.733098,0.739674,0.733261,0.735054,0.734674,0.738967,0.735815,0.735272,0.729239,0.727772,0.717011,0.703641,
37000,0.99573,0.998054,0.997243,0.995784,0.993405,0.988324,0.983351,0.977297,0.961568,0.940649,0.912432,0.869243,0.81827,0.752757,0.690973,0.666703,0.674811,0.693622,0.70427,0.71,0.727676,0.72827,0.73827,0.737405,0.735946,0.729514,0.73227,0.731351,0.734324,0.738378,0.737838,0.732162,0.733405,0.741027,0.737081,0.733946,0.735081,0.732811,0.739405,0.733243,0.735081,0.734973,0.739027,0.736432,0.735351,0.729405,0.728108,0.716811,0.703189,
37200,0.995699,0.998065,0.997258,0.995753,0.993441,0.988387,0.983387,0.977312,0.961774,0.940753,0.912151,0.869247,0.818548,0.752312,0.691237,0.667043,0.674839,0.692849,0.70414,0.709677,0.728172,0.728387,0.738333,0.737366,0.735806,0.729946,0.732258,0.731398,0.734355,0.739032,0.737419,0.732419,0.733656,0.741129,0.737097,0.734194,0.735376,0.733495,0.739677,0.733172,0.735269,0.735,0.73871,0.736022,0.735108,0.729624,0.728387,0.716882,0.702903,
37400,0.995668,0.998075,0.997273,0.995775,0.993476,0.988342,0.983369,0.97738,0.961711,0.940642,0.912406,0.869037,0.818396,0.752299,0.691872,0.666898,0.674385,0.692674,0.704278,0.709733,0.728342,0.728449,0.738289,0.737166,0.735989,0.73016,0.732727,0.730909,0.733957,0.739251,0.73754,0.73262,0.733797,0.741016,0.73738,0.733583,0.735989,0.733529,0.74,0.732941,0.735241,0.734706,0.73877,0.73615,0.734866,0.729519,0.728503,0.717005,0.702781,
37600,0.995691,0.998085,0.997287,0.995745,0.993511,0.988351,0.983351,0.977447,0.961755,0.940691,0.91234,0.868936,0.818564,0.752713,0.692287,0.666862,0.674149,0.692021,0.704149,0.710213,0.72883,0.728883,0.738298,0.737128,0.736223,0.730319,0.732606,0.730585,0.734468,0.739255,0.737553,0.732447,0.733936,0.741223,0.7375,0.733351,0.736064,0.733936,0.739894,0.733298,0.735426,0.734734,0.738298,0.736117,0.734681,0.729628,0.72867,0.71766,0.703298,
37800,0.995661,0.998095,0.997302,0.995714,0.993545,0.988307,0.983386,0.977513,0.961693,0.940582,0.912646,0.868889,0.818783,0.75291,0.692487,0.666402,0.673862,0.691534,0.704339,0.71037,0.728942,0.728889,0.738413,0.737302,0.736455,0.730688,0.732116,0.730423,0.734339,0.739259,0.737937,0.732857,0.734021,0.741323,0.736931,0.732593,0.735661,0.733704,0.739947,0.733598,0.735556,0.734815,0.737989,0.736085,0.73455,0.729524,0.728466,0.71746,0.703598,
38000,0.995684,0.998105,0.997263,0.995684,0.993579,0.988368,0.983421,0.977368,0.961632,0.940684,0.912895,0.869,0.818947,0.752789,0.692789,0.665737,0.673632,0.691263,0.704,0.710053,0.729368,0.729368,0.738421,0.737316,0.736421,0.731105,0.731842,0.730579,0.734,0.738632,0.737947,0.732579,0.733895,0.741158,0.737158,0.732421,0.735947,0.733789,0.740053,0.733895,0.735474,0.734895,0.738211,0.736263,0.735,0.729421,0.728632,0.717632,0.703895,
38200,0.995707,0.998063,0.997277,0.995707,0.993613,0.988377,0.983351,0.97733,0.961571,0.940471,0.912932,0.868953,0.818901,0.75267,0.693037,0.665707,0.67377,0.691361,0.704084,0.710314,0.729634,0.729005,0.738691,0.736911,0.73623,0.730995,0.73199,0.730576,0.734346,0.738848,0.737853,0.732461,0.734136,0.741099,0.737435,0.733141,0.736178,0.733822,0.739895,0.733351,0.735759,0.734974,0.738115,0.736335,0.734817,0.729058,0.728534,0.717801,0.703927,
38400,0.995729,0.998073,0.997292,0.995729,0.993594,0.988385,0.983385,0.977344,0.961458,0.940156,0.912969,0.86901,0.818854,0.752812,0.693073,0.666302,0.674115,0.69125,0.703854,0.710313,0.729219,0.728958,0.73849,0.736927,0.736042,0.731198,0.732031,0.730677,0.734427,0.738958,0.737812,0.732552,0.734115,0.741302,0.737344,0.732969,0.73599,0.733906,0.740417,0.733125,0.735625,0.73526,0.737708,0.736198,0.734375,0.729375,0.728437,0.718229,0.703854,
38600,0.995751,0.998083,0.997306,0.995751,0.993627,0.988446,0.983472,0.977306,0.961554,0.940311,0.912798,0.869326,0.818756,0.752642,0.692798,0.665596,0.674249,0.690984,0.704197,0.710155,0.729223,0.728756,0.738342,0.737254,0.736218,0.730933,0.732591,0.730622,0.734197,0.73886,0.737979,0.732332,0.73456,0.741192,0.737565,0.732332,0.736062,0.734145,0.739534,0.733005,0.735544,0.735389,0.737979,0.73658,0.734663,0.729378,0.728756,0.71829,0.703886,
38800,0.995773,0.998093,0.99732,0.995722,0.993557,0.988454,0.983557,0.977371,0.961598,0.940464,0.912629,0.869639,0.818763,0.753093,0.693041,0.665619,0.673969,0.690773,0.704124,0.710361,0.728918,0.728866,0.73866,0.736856,0.736546,0.730722,0.732732,0.731186,0.734639,0.738505,0.738196,0.731959,0.73433,0.740979,0.73799,0.732371,0.736134,0.733918,0.739485,0.732732,0.735515,0.735412,0.738351,0.736753,0.734845,0.729278,0.729021,0.71799,0.703247,
39000,0.995744,0.998103,0.997333,0.995744,0.993538,0.988462,0.983538,0.977436,0.961641,0.940718,0.912359,0.869846,0.819128,0.753077,0.693026,0.665487,0.673897,0.690103,0.703641,0.710513,0.729077,0.729128,0.738462,0.736923,0.736718,0.730667,0.732462,0.731282,0.734769,0.738974,0.737897,0.732154,0.73441,0.741026,0.737641,0.732308,0.735897,0.733846,0.739641,0.733128,0.736051,0.735538,0.738667,0.736821,0.734564,0.729231,0.729231,0.718051,0.703026,
39200,0.995714,0.998112,0.997347,0.995765,0.993469,0.98852,0.98352,0.977296,0.961378,0.940561,0.912194,0.869898,0.819184,0.752959,0.693418,0.665765,0.674184,0.690153,0.703061,0.710204,0.728878,0.729082,0.738673,0.736429,0.736684,0.73051,0.732398,0.73148,0.734643,0.739184,0.737653,0.731888,0.734337,0.740459,0.737347,0.732245,0.735816,0.734031,0.739541,0.733418,0.736071,0.735102,0.738929,0.736684,0.734592,0.729337,0.729439,0.718163,0.702602,
39400,0.995685,0.998122,0.99736,0.995736,0.993503,0.988579,0.983553,0.97731,0.961218,0.940508,0.912132,0.869848,0.819442,0.753096,0.693147,0.665584,0.674213,0.690355,0.703299,0.710406,0.728985,0.729289,0.738274,0.73665,0.736142,0.730863,0.731624,0.731777,0.735127,0.739594,0.737614,0.732487,0.734162,0.74066,0.73736,0.732487,0.735736,0.733706,0.739239,0.733096,0.736142,0.734975,0.738579,0.73665,0.734619,0.729695,0.729239,0.718071,0.702741,
39600,0.995707,0.998131,0.997374,0.995758,0.993535,0.988485,0.983586,0.977374,0.961061,0.940455,0.912323,0.869697,0.819899,0.752879,0.692879,0.665606,0.674343,0.690556,0.703131,0.710707,0.729444,0.729545,0.738333,0.736616,0.735909,0.73101,0.731465,0.731717,0.735202,0.739596,0.737273,0.732778,0.734444,0.740808,0.737323,0.732374,0.735,0.733939,0.739192,0.732778,0.73601,0.735404,0.738737,0.736465,0.735253,0.729596,0.729192,0.71798,0.702677,
39800,0.995729,0.998141,0.997387,0.995779,0.993518,0.988492,0.983518,0.977387,0.961055,0.940352,0.912312,0.869497,0.819899,0.752764,0.693216,0.665528,0.674774,0.690503,0.703216,0.71,0.729548,0.729799,0.738593,0.736432,0.73593,0.731055,0.73201,0.731558,0.735176,0.739849,0.737638,0.732814,0.734121,0.740905,0.737688,0.732513,0.734724,0.73392,0.739196,0.733015,0.736231,0.735477,0.73799,0.736181,0.735377,0.729899,0.728894,0.718442,0.702965,
40000,0.99575,0.99815,0.99735,0.9958,0.99355,0.9884,0.98355,0.97725,0.96105,0.9406,0.91235,0.86975,0.8198,0.7531,0.6928,0.6653,0.6747,0.6906,0.7034,0.7101,0.7295,0.73005,0.7386,0.73655,0.73575,0.7313,0.73255,0.73175,0.7353,0.73985,0.73775,0.7328,0.73385,0.74085,0.73835,0.73255,0.7348,0.73375,0.7392,0.73305,0.736,0.7361,0.7381,0.73595,0.7355,0.72975,0.72855,0.7183,0.70225,
40200,0.995771,0.998159,0.997264,0.995771,0.993532,0.988458,0.983632,0.977313,0.961095,0.940498,0.912537,0.869701,0.8199,0.752935,0.693035,0.665075,0.674378,0.690647,0.703731,0.710647,0.729701,0.730647,0.738507,0.736617,0.735622,0.730945,0.732736,0.731891,0.735174,0.739602,0.737761,0.733134,0.734328,0.740697,0.738109,0.732338,0.733881,0.733682,0.739254,0.733134,0.736617,0.735721,0.738209,0.735721,0.735423,0.729801,0.728259,0.718209,0.702736,
40400,0.995743,0.998168,0.997277,0.995693,0.993515,0.988465,0.983713,0.977277,0.961089,0.940495,0.912525,0.869554,0.820198,0.753218,0.693366,0.664752,0.67401,0.690396,0.703416,0.710594,0.730198,0.730693,0.738465,0.736733,0.735594,0.731287,0.733069,0.732079,0.735396,0.739901,0.737921,0.732723,0.734208,0.740495,0.737871,0.732525,0.73401,0.733614,0.739455,0.733218,0.736535,0.735941,0.737574,0.735644,0.735198,0.729851,0.728267,0.718416,0.702772,
40600,0.995764,0.998177,0.997291,0.995714,0.993498,0.988522,0.983793,0.977094,0.961133,0.94064,0.91266,0.869507,0.820049,0.753054,0.693547,0.66468,0.674286,0.690049,0.703892,0.710246,0.730246,0.730985,0.738916,0.736749,0.735517,0.731232,0.732512,0.732611,0.735567,0.740493,0.738374,0.732463,0.733892,0.740837,0.737685,0.733005,0.733744,0.733645,0.739015,0.733251,0.736749,0.736207,0.737635,0.735813,0.735025,0.729901,0.728177,0.718177,0.703153,
40800,0.995784,0.998186,0.997304,0.995686,0.993431,0.98848,0.983824,0.977059,0.961127,0.940784,0.912843,0.869412,0.819951,0.753186,0.692843,0.664804,0.674951,0.690294,0.703676,0.709951,0.730392,0.731422,0.739265,0.736863,0.735539,0.731275,0.732304,0.732451,0.735196,0.740343,0.738088,0.732353,0.734265,0.740735,0.73799,0.73348,0.734265,0.733578,0.738922,0.733088,0.736765,0.735833,0.737598,0.735882,0.735,0.729804,0.728382,0.718137,0.70299,
41000,0.995805,0.998146,0.997317,0.995707,0.993463,0.988537,0.983707,0.976976,0.960976,0.940488,0.913122,0.869317,0.819707,0.753268,0.69278,0.664878,0.67478,0.689951,0.703707,0.709707,0.730146,0.731707,0.739463,0.736732,0.735366,0.731366,0.732244,0.732341,0.735122,0.740585,0.73839,0.732732,0.734585,0.740927,0.738049,0.733707,0.734098,0.734,0.739073,0.733171,0.73678,0.735902,0.738,0.735951,0.734829,0.729512,0.728829,0.718244,0.703122,
41200,0.995825,0.998107,0.997282,0.995728,0.993495,0.988544,0.983689,0.976942,0.960971,0.94068,0.91301,0.869369,0.819612,0.753058,0.692427,0.665388,0.675243,0.689223,0.703641,0.71,0.730146,0.731699,0.739951,0.736845,0.735291,0.731117,0.732184,0.732087,0.734806,0.740534,0.738689,0.732573,0.734563,0.741214,0.737961,0.733689,0.733981,0.733981,0.73932,0.733107,0.736456,0.735922,0.737913,0.735728,0.734515,0.729417,0.728495,0.718301,0.703107,
41400,0.995845,0.998116,0.997246,0.995652,0.993478,0.988599,0.983478,0.976812,0.960918,0.940676,0.91314,0.86971,0.819662,0.752754,0.692077,0.665749,0.675314,0.68942,0.703816,0.709565,0.729662,0.731691,0.739903,0.737005,0.735072,0.731643,0.732609,0.73256,0.735072,0.740145,0.738647,0.732705,0.734493,0.740918,0.738309,0.733816,0.733671,0.733623,0.73971,0.733188,0.736087,0.735797,0.738068,0.735604,0.734686,0.729614,0.728309,0.718406,0.702754,
41600,0.995865,0.998125,0.99726,0.995625,0.993365,0.988654,0.983462,0.976731,0.961106,0.940962,0.913173,0.869808,0.819327,0.752596,0.692308,0.665817,0.675385,0.689904,0.703462,0.708894,0.729231,0.731442,0.740048,0.737308,0.73524,0.731923,0.732596,0.732452,0.734856,0.74024,0.738413,0.732981,0.734856,0.74101,0.738221,0.73399,0.733413,0.732981,0.739712,0.733269,0.735962,0.735769,0.73851,0.735865,0.734038,0.729663,0.728029,0.718221,0.702981,
41800,0.995885,0.998134,0.997225,0.995598,0.993349,0.98866,0.983493,0.976746,0.961244,0.941005,0.913445,0.870048,0.819378,0.752392,0.691388,0.665742,0.676077,0.690335,0.703636,0.709139,0.729617,0.7311,0.739952,0.737847,0.735359,0.731962,0.732775,0.732584,0.735072,0.740191,0.73866,0.73311,0.734689,0.740909,0.737895,0.734163,0.733445,0.732823,0.739904,0.733301,0.735167,0.735263,0.7389,0.735933,0.734211,0.729617,0.728325,0.718373,0.703014,
42000,0.995857,0.998143,0.997238,0.995571,0.993381,0.988619,0.983476,0.976619,0.961143,0.941095,0.913476,0.87,0.819095,0.752762,0.691667,0.666333,0.675905,0.690524,0.703286,0.709143,0.729571,0.731,0.740143,0.737762,0.735619,0.731429,0.732429,0.732905,0.735286,0.740429,0.738714,0.73319,0.734952,0.740714,0.737524,0.734286,0.733619,0.733095,0.740333,0.733476,0.735048,0.735429,0.738857,0.735952,0.734619,0.729905,0.728143,0.718571,0.703,
42200,0.995877,0.998152,0.997251,0.995545,0.993318,0.988578,0.983555,0.976588,0.961185,0.941185,0.913412,0.870047,0.819289,0.752749,0.691469,0.666682,0.675924,0.690711,0.702607,0.709005,0.729526,0.730853,0.739953,0.738057,0.735829,0.730948,0.732796,0.733128,0.735355,0.740142,0.738957,0.733412,0.735355,0.740758,0.737867,0.734313,0.733507,0.733555,0.740521,0.733412,0.734739,0.735118,0.738578,0.735829,0.734502,0.72981,0.728294,0.718626,0.70327,
42400,0.995896,0.998113,0.997264,0.995519,0.993302,0.988538,0.983632,0.976604,0.961179,0.941321,0.913349,0.870094,0.819292,0.752689,0.691274,0.66684,0.675802,0.690708,0.703255,0.708349,0.729292,0.730849,0.740047,0.738019,0.736038,0.731274,0.733066,0.733443,0.735566,0.739764,0.739057,0.733443,0.735472,0.740802,0.73816,0.734434,0.733726,0.733868,0.740708,0.733868,0.735047,0.734906,0.738491,0.735896,0.734151,0.73,0.728538,0.718491,0.703208,
42600,0.995915,0.998122,0.99723,0.99554,0.993333,0.988592,0.983709,0.976667,0.96108,0.941221,0.913005,0.870376,0.819577,0.752817,0.691362,0.666808,0.675681,0.690188,0.70338,0.708404,0.729249,0.730939,0.740235,0.7377,0.735634,0.730939,0.733286,0.733521,0.736103,0.739812,0.73939,0.73338,0.735493,0.740939,0.738357,0.734601,0.733803,0.733756,0.740939,0.733662,0.734413,0.734413,0.738685,0.735775,0.733803,0.729906,0.728545,0.718404,0.703427,
42800,0.995935,0.998131,0.997243,0.995514,0.993318,0.988551,0.983692,0.976729,0.961121,0.941215,0.913037,0.87028,0.81972,0.752757,0.691682,0.666262,0.675561,0.689907,0.703551,0.708598,0.729579,0.731215,0.740234,0.73785,0.736075,0.730841,0.733505,0.733505,0.736215,0.739907,0.739299,0.732944,0.734907,0.741215,0.738692,0.734673,0.733224,0.733645,0.741028,0.734019,0.734486,0.734579,0.738178,0.735888,0.734065,0.729533,0.728645,0.718505,0.703224,
43000,0.995907,0.99814,0.997256,0.995535,0.993349,0.988605,0.983674,0.976744,0.960977,0.941209,0.913163,0.870326,0.819395,0.752326,0.691953,0.666651,0.675395,0.690186,0.703767,0.708047,0.729581,0.731116,0.740372,0.737814,0.736326,0.730744,0.733302,0.733442,0.736093,0.74014,0.739535,0.732791,0.734744,0.741349,0.738977,0.734884,0.733442,0.73386,0.740465,0.734047,0.734279,0.734698,0.738372,0.736279,0.734186,0.729628,0.728605,0.718837,0.703023,
43200,0.995926,0.998148,0.997222,0.995556,0.99338,0.988657,0.983519,0.976667,0.961065,0.941157,0.913056,0.870648,0.81963,0.752361,0.691898,0.66713,0.675417,0.689907,0.703333,0.708657,0.729815,0.731759,0.740509,0.73787,0.736481,0.730741,0.732917,0.733241,0.735787,0.740139,0.739352,0.732222,0.734907,0.741065,0.739259,0.735231,0.733611,0.733935,0.740741,0.734028,0.734074,0.734444,0.73838,0.736435,0.734444,0.729722,0.729074,0.718889,0.703009,
43400,0.995945,0.998111,0.997143,0.995576,0.99341,0.988618,0.983502,0.976728,0.961014,0.941198,0.913088,0.870553,0.819539,0.751751,0.691935,0.667512,0.6753,0.689401,0.70341,0.70871,0.729862,0.731659,0.740507,0.738157,0.736544,0.730599,0.733272,0.732857,0.735806,0.74023,0.739493,0.732488,0.734654,0.74106,0.738756,0.735253,0.733641,0.733871,0.740829,0.733871,0.733963,0.734747,0.738341,0.736728,0.734378,0.729954,0.729032,0.719217,0.702949,
43600,0.995963,0.998119,0.997156,0.995596,0.993349,0.98867,0.983486,0.97656,0.960872,0.941239,0.913165,0.870413,0.819312,0.751376,0.691468,0.667798,0.675505,0.68945,0.703532,0.708853,0.729908,0.731697,0.740734,0.738119,0.736651,0.730459,0.733119,0.732936,0.735642,0.739679,0.739725,0.732523,0.73445,0.741147,0.739083,0.735092,0.733624,0.733853,0.741284,0.733578,0.733899,0.734587,0.738624,0.736743,0.734817,0.729862,0.729358,0.719495,0.703532,
43800,0.995982,0.998128,0.997169,0.995571,0.993379,0.988676,0.983516,0.976621,0.961005,0.941279,0.913333,0.870685,0.819132,0.751461,0.691598,0.667489,0.675114,0.689132,0.703653,0.708767,0.729909,0.731735,0.740822,0.738174,0.736301,0.730548,0.732922,0.733105,0.735753,0.739635,0.73968,0.732374,0.734612,0.741142,0.738858,0.734977,0.733836,0.734064,0.741507,0.733425,0.733562,0.734292,0.738858,0.737123,0.735023,0.729726,0.729406,0.720046,0.703516,
44000,0.996,0.998136,0.997182,0.995591,0.993364,0.988682,0.983545,0.976727,0.960909,0.941182,0.913091,0.870636,0.819,0.751818,0.691591,0.6675,0.674636,0.689273,0.703955,0.708545,0.730227,0.731591,0.741091,0.738409,0.736273,0.730818,0.732955,0.733,0.736045,0.739545,0.739773,0.732955,0.734955,0.741273,0.738864,0.735273,0.733955,0.733682,0.741455,0.733045,0.733682,0.734682,0.738682,0.7365,0.735136,0.73,0.729636,0.720682,0.703591,
44200,0.996018,0.9981,0.997149,0.995611,0.993348,0.988733,0.983529,0.976697,0.96086,0.941176,0.913077,0.870588,0.819095,0.751674,0.691222,0.667692,0.674525,0.689231,0.704118,0.708462,0.73,0.7319,0.740724,0.738643,0.735973,0.730814,0.732986,0.73276,0.73629,0.74009,0.739683,0.733258,0.735385,0.741086,0.738462,0.735068,0.734615,0.73362,0.741448,0.733213,0.73362,0.734525,0.738552,0.736561,0.735158,0.730045,0.729955,0.720814,0.703303,
44400,0.996036,0.998108,0.997117,0.995586,0.993333,0.988784,0.983559,0.976757,0.960856,0.941306,0.913153,0.870495,0.819009,0.751351,0.691306,0.667523,0.674865,0.689279,0.704099,0.707793,0.72991,0.731847,0.740991,0.738784,0.736126,0.730991,0.732973,0.732613,0.736351,0.74009,0.739865,0.733198,0.735045,0.740901,0.738288,0.734955,0.734775,0.733468,0.741396,0.732973,0.733468,0.734505,0.738604,0.736486,0.735135,0.73036,0.730225,0.720586,0.702928,
44600,0.996009,0.998117,0.99713,0.995561,0.993363,0.988834,0.983543,0.976771,0.960852,0.941256,0.913318,0.870448,0.818789,0.751345,0.691525,0.667937,0.674978,0.688475,0.704215,0.707668,0.72991,0.731614,0.740897,0.738744,0.736054,0.731121,0.732915,0.732511,0.736592,0.740045,0.73991,0.733139,0.734798,0.741031,0.738475,0.735022,0.734709,0.733453,0.74139,0.733229,0.733677,0.734439,0.738565,0.736323,0.735067,0.730673,0.730583,0.720179,0.703274,
44800,0.995982,0.998125,0.997143,0.995491,0.993348,0.988884,0.983616,0.976652,0.961027,0.941384,0.913304,0.870536,0.818973,0.751384,0.691741,0.667723,0.674687,0.688348,0.704152,0.707723,0.72942,0.731563,0.74058,0.739152,0.736161,0.731161,0.733214,0.732411,0.736607,0.739911,0.739509,0.732679,0.734688,0.741518,0.738616,0.734821,0.734732,0.73375,0.741696,0.733393,0.733304,0.734598,0.738661,0.73625,0.735,0.730938,0.73058,0.72,0.702946,
45000,0.996,0.998044,0.997111,0.995511,0.993333,0.988844,0.983644,0.976756,0.960933,0.941378,0.913511,0.870089,0.818711,0.751511,0.691867,0.668133,0.674667,0.688044,0.704222,0.708,0.729378,0.731556,0.7412,0.739467,0.736089,0.731111,0.7332,0.732844,0.736489,0.7396,0.738933,0.732711,0.734622,0.741644,0.738978,0.735022,0.734222,0.733822,0.741733,0.733244,0.733244,0.734044,0.738578,0.736444,0.735378,0.730756,0.730711,0.719956,0.703067,
45200,0.995973,0.998053,0.997124,0.995487,0.993319,0.98885,0.983673,0.976726,0.960973,0.941327,0.91354,0.870044,0.818805,0.751903,0.69177,0.667611,0.674735,0.688407,0.704469,0.708009,0.728894,0.731681,0.740752,0.73885,0.73615,0.73146,0.733805,0.732965,0.736283,0.739425,0.738894,0.732743,0.734248,0.741726,0.738761,0.734956,0.734071,0.734115,0.74208,0.73354,0.73323,0.734027,0.73854,0.736726,0.735575,0.730708,0.730575,0.720133,0.702965,
45400,0.995903,0.998062,0.997137,0.995507,0.99326,0.988811,0.983568,0.97652,0.961013,0.941322,0.913568,0.87,0.819075,0.752026,0.691498,0.667445,0.674581,0.688678,0.704537,0.708062,0.729163,0.731806,0.740925,0.738767,0.735991,0.731454,0.733921,0.733436,0.736167,0.739295,0.739075,0.733084,0.734537,0.741982,0.73837,0.73511,0.734185,0.733612,0.742291,0.733568,0.733348,0.7337,0.738194,0.736696,0.735727,0.730661,0.730661,0.719692,0.70348,
45600,0.995921,0.99807,0.997149,0.995482,0.993246,0.988728,0.983596,0.976579,0.961096,0.941404,0.913509,0.870044,0.818772,0.751886,0.691272,0.667588,0.674912,0.688947,0.704561,0.707763,0.729123,0.73193,0.74136,0.739035,0.736404,0.731667,0.733947,0.733114,0.735702,0.739693,0.739123,0.733114,0.734561,0.742193,0.738596,0.734956,0.734298,0.733596,0.742325,0.733553,0.733377,0.734079,0.737895,0.736754,0.735921,0.730614,0.730482,0.719386,0.70386,
45800,0.995939,0.998079,0.997162,0.995459,0.993231,0.988734,0.983581,0.976681,0.960917,0.941528,0.913406,0.870044,0.818908,0.751616,0.691485,0.667773,0.674891,0.68869,0.704891,0.70738,0.729039,0.731834,0.741354,0.738996,0.73655,0.731616,0.734585,0.733144,0.735721,0.739563,0.738734,0.733188,0.734716,0.742009,0.738952,0.735153,0.734367,0.733712,0.742227,0.733581,0.732969,0.73441,0.738122,0.736594,0.735546,0.730611,0.73048,0.719476,0.703843,
46000,0.995913,0.998087,0.997174,0.995391,0.993261,0.988696,0.983652,0.976652,0.960957,0.941609,0.913435,0.869913,0.818957,0.751652,0.691565,0.667913,0.675391,0.688826,0.704739,0.707348,0.729043,0.731348,0.74087,0.739043,0.736391,0.731522,0.734609,0.733,0.735826,0.739565,0.738913,0.733478,0.734652,0.741696,0.738957,0.734957,0.734435,0.73413,0.74213,0.733261,0.733174,0.734522,0.737652,0.736652,0.735783,0.730739,0.730652,0.719652,0.70413,
46200,0.995931,0.998095,0.997186,0.995368,0.993203,0.988701,0.98368,0.976623,0.960952,0.941515,0.913463,0.870087,0.818874,0.751861,0.691905,0.668182,0.674978,0.688874,0.704675,0.707229,0.729394,0.731299,0.741082,0.739091,0.735931,0.730996,0.735195,0.73342,0.735801,0.739394,0.738788,0.733853,0.734892,0.741558,0.739048,0.735152,0.734545,0.734199,0.741991,0.73342,0.733203,0.734069,0.737403,0.736623,0.735931,0.731082,0.730519,0.71961,0.704286,
46400,0.995905,0.998103,0.997198,0.995388,0.993233,0.988707,0.983707,0.976681,0.960991,0.941552,0.913491,0.869957,0.819009,0.751552,0.69181,0.668448,0.674784,0.688707,0.704612,0.70694,0.72944,0.731724,0.741422,0.739095,0.736207,0.731034,0.735086,0.733448,0.735517,0.739569,0.738793,0.733707,0.734741,0.741724,0.738922,0.735388,0.73444,0.734612,0.742069,0.733319,0.733276,0.734224,0.737802,0.736767,0.735776,0.730862,0.730259,0.719526,0.70431,
46600,0.995923,0.998069,0.99721,0.995408,0.993176,0.98867,0.983691,0.976609,0.961073,0.941631,0.913519,0.87,0.818798,0.751459,0.692361,0.668369,0.674506,0.68867,0.704421,0.707468,0.729399,0.731717,0.741631,0.739313,0.736137,0.730773,0.73515,0.733734,0.735751,0.739485,0.738412,0.733906,0.734979,0.741631,0.739013,0.735365,0.734206,0.734678,0.74176,0.733348,0.733519,0.734378,0.737854,0.737382,0.73588,0.730901,0.7303,0.719442,0.704034,
46800,0.99594,0.998077,0.997222,0.995385,0.993205,0.988675,0.98359,0.976624,0.961197,0.941538,0.913675,0.870214,0.818761,0.751239,0.692179,0.66859,0.674444,0.688889,0.704359,0.707906,0.72953,0.731752,0.74141,0.739145,0.735897,0.730342,0.734957,0.734017,0.736026,0.739487,0.738504,0.733675,0.734915,0.741923,0.739231,0.735556,0.733846,0.734444,0.741752,0.73359,0.733803,0.734615,0.737906,0.737222,0.736453,0.731111,0.730556,0.71953,0.704359,
47000,0.995915,0.998085,0.997234,0.995404,0.993191,0.988723,0.983574,0.976638,0.961191,0.941532,0.913532,0.87,0.818553,0.751404,0.69217,0.668979,0.674638,0.688596,0.704383,0.708085,0.72966,0.731915,0.741404,0.738936,0.73617,0.730255,0.734936,0.734,0.735617,0.739362,0.738681,0.733787,0.735021,0.741787,0.739489,0.735447,0.733787,0.73434,0.741872,0.73383,0.733915,0.734128,0.738383,0.737064,0.736128,0.730894,0.730766,0.719234,0.704085,
47200,0.995932,0.998093,0.997246,0.995381,0.99322,0.988644,0.983602,0.976653,0.961186,0.941314,0.913517,0.870042,0.818432,0.751271,0.692119,0.668771,0.675169,0.688263,0.704237,0.708347,0.729703,0.732119,0.741568,0.739025,0.736441,0.730169,0.734831,0.733941,0.735593,0.739492,0.738475,0.733898,0.735,0.741907,0.739576,0.735381,0.733771,0.734576,0.741992,0.733856,0.733729,0.734025,0.738771,0.736992,0.735763,0.73089,0.730975,0.718856,0.703898,
47400,0.995949,0.998101,0.997257,0.995359,0.993207,0.988692,0.983586,0.976667,0.961097,0.941392,0.913502,0.869958,0.818734,0.750886,0.691899,0.668776,0.675738,0.688481,0.704641,0.708481,0.729662,0.732321,0.741603,0.738439,0.736118,0.729916,0.734641,0.73384,0.735527,0.739662,0.738186,0.734262,0.73519,0.742068,0.739451,0.735316,0.733671,0.734641,0.74211,0.734051,0.733882,0.734219,0.73903,0.736835,0.735527,0.730759,0.731097,0.718734,0.703882,
47600,0.995966,0.998109,0.997269,0.995336,0.993193,0.988655,0.983487,0.976555,0.961092,0.941261,0.913655,0.87,0.81895,0.750168,0.691849,0.669118,0.67605,0.688445,0.705042,0.708697,0.729622,0.732353,0.741681,0.738319,0.73605,0.729706,0.73437,0.733655,0.735756,0.739874,0.738361,0.73437,0.73458,0.742353,0.739664,0.735462,0.733613,0.734118,0.741639,0.734202,0.734412,0.73458,0.739328,0.736303,0.735546,0.730756,0.731218,0.718697,0.704286,
47800,0.995983,0.998117,0.99728,0.995314,0.993222,0.988703,0.983431,0.976611,0.96113,0.941339,0.913347,0.869958,0.818745,0.750209,0.692385,0.669079,0.676067,0.688117,0.705063,0.709121,0.729163,0.732594,0.741548,0.738536,0.736318,0.73,0.734603,0.733724,0.735816,0.740209,0.738661,0.73431,0.734644,0.742301,0.739372,0.735732,0.733682,0.7341,0.741506,0.734435,0.734268,0.734519,0.739665,0.736485,0.735607,0.731172,0.731715,0.718954,0.704435,
48000,0.996,0.998125,0.997292,0.995292,0.99325,0.988708,0.983375,0.976667,0.960792,0.941375,0.913417,0.87,0.818708,0.750125,0.69225,0.668958,0.676417,0.688042,0.704917,0.709167,0.729042,0.732125,0.741417,0.738333,0.736167,0.729917,0.734708,0.734042,0.735667,0.740375,0.73875,0.734625,0.73475,0.742,0.7395,0.735833,0.73375,0.734,0.741583,0.734292,0.73425,0.734583,0.739542,0.736583,0.735792,0.731167,0.731583,0.719,0.704167,
48200,0.996017,0.998133,0.997303,0.995311,0.993278,0.988672,0.98332,0.976722,0.96083,0.941162,0.91332,0.869959,0.819046,0.750207,0.692199,0.668548,0.676058,0.687718,0.705104,0.709544,0.72917,0.732407,0.741037,0.738423,0.736349,0.730249,0.734772,0.733776,0.735187,0.740539,0.738465,0.734564,0.734772,0.74195,0.739668,0.735975,0.733817,0.734149,0.741286,0.734066,0.733983,0.734813,0.739585,0.736515,0.735726,0.731286,0.731535,0.718921,0.704232,
48400,0.996033,0.99814,0.997314,0.995331,0.993264,0.988636,0.983306,0.976736,0.960785,0.941198,0.913388,0.87,0.818884,0.750124,0.692355,0.668926,0.676198,0.687479,0.704835,0.708884,0.728967,0.732727,0.741198,0.738554,0.736364,0.730083,0.735041,0.733264,0.735579,0.740785,0.738802,0.734545,0.734298,0.742107,0.739711,0.736157,0.733884,0.734256,0.741116,0.733843,0.733967,0.734504,0.739339,0.736446,0.736116,0.731322,0.731612,0.719008,0.70438,
48600,0.995967,0.998148,0.997325,0.995267,0.993292,0.988519,0.983251,0.976831,0.960823,0.941235,0.913374,0.869918,0.818807,0.75037,0.692346,0.66893,0.676091,0.687325,0.704733,0.708889,0.728642,0.733045,0.741276,0.738025,0.736337,0.730329,0.735103,0.733292,0.73535,0.740658,0.738889,0.734527,0.734403,0.742346,0.739712,0.736173,0.733951,0.734486,0.741152,0.733827,0.733951,0.734568,0.7393,0.73642,0.736214,0.730988,0.731523,0.719095,0.704198,
48800,0.995902,0.998156,0.997295,0.995287,0.99332,0.988566,0.983279,0.976844,0.960779,0.941393,0.91332,0.869836,0.818607,0.750656,0.691967,0.668566,0.67627,0.687664,0.70459,0.709057,0.728811,0.733279,0.740615,0.737705,0.736393,0.730287,0.735,0.733115,0.735533,0.740984,0.738852,0.734713,0.734508,0.742295,0.739795,0.736025,0.733811,0.734098,0.740902,0.733566,0.73418,0.734918,0.739754,0.736639,0.735861,0.731025,0.731557,0.718934,0.70459,
49000,0.995918,0.998163,0.997306,0.995306,0.993347,0.988571,0.983265,0.976735,0.960735,0.941347,0.913306,0.870204,0.818531,0.750327,0.692041,0.668694,0.67649,0.687837,0.704694,0.709224,0.728531,0.73298,0.740571,0.737755,0.73649,0.730408,0.735224,0.733102,0.73551,0.74098,0.738694,0.73502,0.734694,0.742082,0.739878,0.736204,0.734245,0.734286,0.740694,0.733265,0.734122,0.735102,0.739796,0.736367,0.736204,0.731143,0.731714,0.718939,0.704612,
49200,0.995935,0.998171,0.997317,0.995325,0.993333,0.988496,0.983252,0.976707,0.960894,0.941423,0.913333,0.870488,0.818496,0.750569,0.692276,0.668537,0.676504,0.687724,0.704878,0.709309,0.728821,0.732642,0.740691,0.737683,0.736585,0.730325,0.735081,0.732927,0.735691,0.740813,0.738699,0.735407,0.734919,0.742398,0.739919,0.736341,0.734472,0.73435,0.740813,0.732967,0.734187,0.735366,0.740122,0.736423,0.736341,0.731301,0.731992,0.719309,0.704512,
49400,0.995951,0.998138,0.997328,0.995344,0.99332,0.988421,0.983158,0.976599,0.960931,0.941296,0.913279,0.870405,0.818381,0.750526,0.692186,0.668704,0.676761,0.687935,0.704939,0.709231,0.728988,0.732955,0.74081,0.737652,0.736802,0.730486,0.735142,0.73332,0.735385,0.740243,0.739069,0.735709,0.73502,0.742146,0.74004,0.736559,0.734696,0.734089,0.740729,0.732996,0.734008,0.735263,0.740324,0.736721,0.736599,0.731377,0.731984,0.719393,0.704534,
49600,0.995968,0.998145,0.997339,0.995323,0.993306,0.988427,0.983226,0.976613,0.960927,0.94121,0.913387,0.870524,0.818669,0.750323,0.6925,0.668427,0.676774,0.688185,0.704597,0.709637,0.729395,0.733024,0.740806,0.737621,0.736613,0.730484,0.735202,0.733387,0.735565,0.740363,0.73871,0.736089,0.735161,0.742137,0.74004,0.736895,0.734597,0.733911,0.74129,0.732823,0.733952,0.735484,0.740242,0.736774,0.736331,0.731694,0.732218,0.719315,0.704718,
49800,0.995944,0.998153,0.997349,0.995341,0.993293,0.988353,0.983253,0.976627,0.961044,0.941084,0.913614,0.870763,0.818394,0.750442,0.692048,0.668835,0.676506,0.687912,0.704739,0.709719,0.729277,0.732851,0.740763,0.737831,0.736707,0.730482,0.735542,0.733173,0.735743,0.740402,0.738795,0.736185,0.735221,0.742249,0.740201,0.736667,0.734458,0.733735,0.741004,0.733052,0.734297,0.735542,0.74012,0.736827,0.736466,0.731888,0.732329,0.718916,0.704699,
50000,0.99588,0.99816,0.99736,0.99532,0.99332,0.98836,0.9832,0.97668,0.961,0.941,0.91388,0.8706,0.8184,0.75032,0.6922,0.6688,0.6764,0.68748,0.70512,0.71016,0.7292,0.73276,0.74076,0.73724,0.73664,0.73052,0.7358,0.73328,0.73576,0.7404,0.73864,0.73608,0.7354,0.74244,0.74052,0.7368,0.7342,0.73352,0.741,0.73316,0.73476,0.73548,0.74024,0.73676,0.7366,0.73192,0.73212,0.719,0.70476,
50200,0.995857,0.998127,0.997371,0.995339,0.993267,0.988367,0.983267,0.976733,0.961036,0.941036,0.913904,0.870598,0.817769,0.75004,0.692749,0.669004,0.676574,0.68741,0.705179,0.710398,0.729124,0.732948,0.740558,0.737291,0.736335,0.730159,0.736096,0.733386,0.735817,0.740478,0.738566,0.736175,0.735498,0.74259,0.740598,0.736972,0.734104,0.733745,0.741155,0.733267,0.734701,0.735657,0.73996,0.736215,0.736135,0.731952,0.73243,0.719243,0.704741,
50400,0.995873,0.998095,0.997302,0.995317,0.993294,0.988333,0.983294,0.976825,0.961071,0.941071,0.914087,0.870516,0.81746,0.75,0.693095,0.669484,0.676071,0.687619,0.705238,0.710357,0.729365,0.732976,0.740833,0.737579,0.736032,0.730317,0.736429,0.733333,0.735833,0.740714,0.738532,0.736032,0.735635,0.742778,0.740437,0.736667,0.733968,0.73377,0.741468,0.733571,0.734722,0.735675,0.739802,0.735873,0.736071,0.731984,0.732659,0.719405,0.704643,
50600,0.995889,0.998063,0.997312,0.995336,0.993281,0.988379,0.983281,0.976838,0.961067,0.940909,0.914111,0.870553,0.817866,0.749921,0.692925,0.669289,0.675968,0.687905,0.705217,0.710277,0.729526,0.733202,0.740988,0.737431,0.736047,0.730119,0.736403,0.733162,0.735336,0.740791,0.738854,0.735889,0.735652,0.74253,0.740514,0.737036,0.73419,0.733439,0.741146,0.733518,0.734941,0.735534,0.739565,0.736008,0.736364,0.732174,0.732648,0.719684,0.704901,
50800,0.995827,0.998071,0.997323,0.995276,0.993268,0.988386,0.98315,0.976811,0.961181,0.940827,0.914016,0.870669,0.817677,0.750157,0.692717,0.669528,0.676024,0.68815,0.705118,0.710669,0.729488,0.732638,0.740906,0.737244,0.736299,0.73,0.736693,0.732992,0.735354,0.740984,0.738701,0.735866,0.735709,0.742717,0.740433,0.737205,0.73437,0.733189,0.740669,0.733465,0.734921,0.735591,0.73937,0.736024,0.736457,0.732323,0.732795,0.719843,0.704921,
51000,0.995843,0.998078,0.997294,0.995294,0.993294,0.988392,0.983176,0.976824,0.96102,0.940941,0.914078,0.870667,0.817647,0.750157,0.692667,0.669647,0.676118,0.687961,0.705255,0.710784,0.729686,0.732706,0.741137,0.737451,0.736431,0.730157,0.736824,0.733098,0.735451,0.740627,0.738745,0.736039,0.735804,0.742667,0.740784,0.736941,0.734471,0.732941,0.740431,0.733255,0.734667,0.735608,0.739647,0.736431,0.736235,0.732314,0.733059,0.720118,0.70502,
51200,0.99582,0.998047,0.997266,0.995273,0.99332,0.988359,0.983125,0.976719,0.961133,0.941016,0.914102,0.870742,0.817617,0.750039,0.692813,0.669375,0.676289,0.688008,0.705391,0.710625,0.730117,0.732734,0.741172,0.737227,0.736719,0.730313,0.736719,0.733242,0.735547,0.740703,0.738594,0.73582,0.735703,0.742695,0.740742,0.736914,0.734336,0.732969,0.740586,0.733437,0.734883,0.735352,0.739922,0.736484,0.736172,0.73207,0.732969,0.720234,0.70543,
51400,0.995837,0.998054,0.997276,0.995292,0.993307,0.988405,0.983074,0.97677,0.961167,0.941167,0.914241,0.870739,0.817665,0.750117,0.692685,0.669144,0.676459,0.68821,0.705253,0.710623,0.730117,0.732879,0.741128,0.737043,0.736809,0.730195,0.736537,0.733307,0.735525,0.740739,0.738482,0.735875,0.735564,0.742607,0.740856,0.736965,0.734202,0.732879,0.740661,0.73358,0.734864,0.735603,0.739961,0.736693,0.736109,0.731946,0.732451,0.720311,0.705759,
51600,0.995814,0.998062,0.997287,0.995271,0.993333,0.98845,0.982946,0.976783,0.961279,0.941163,0.914109,0.87062,0.817674,0.750155,0.692636,0.669264,0.676628,0.688217,0.705543,0.710581,0.730116,0.732868,0.74124,0.737326,0.737016,0.73,0.736667,0.733411,0.735543,0.740543,0.738295,0.735814,0.735233,0.742287,0.740775,0.736628,0.73438,0.73314,0.740698,0.733256,0.735039,0.73593,0.740194,0.736938,0.736008,0.731899,0.732093,0.720504,0.705504,
51800,0.99583,0.998069,0.997297,0.99529,0.993359,0.988456,0.982934,0.976834,0.961236,0.941313,0.913861,0.870541,0.817606,0.750425,0.692857,0.668842,0.67668,0.68834,0.70556,0.710695,0.730347,0.73278,0.741313,0.737375,0.737027,0.730039,0.736332,0.733668,0.736062,0.740888,0.737992,0.735946,0.735097,0.742471,0.740849,0.736757,0.73444,0.73332,0.741042,0.73332,0.735019,0.735946,0.739653,0.737066,0.736023,0.732162,0.732278,0.720347,0.705328,
52000,0.995846,0.998038,0.997308,0.995269,0.993385,0.9885,0.982885,0.976769,0.961269,0.941308,0.913808,0.870615,0.817269,0.750269,0.692077,0.669,0.676846,0.688115,0.705731,0.710615,0.730308,0.732731,0.741231,0.737692,0.737231,0.730308,0.736154,0.733385,0.735692,0.741154,0.738192,0.736154,0.734885,0.742385,0.741038,0.737,0.734769,0.733385,0.741115,0.733308,0.735,0.736,0.739654,0.737269,0.735885,0.732385,0.732423,0.720346,0.705423,
52200,0.995824,0.998046,0.997318,0.995287,0.99341,0.988544,0.982912,0.976743,0.961264,0.941188,0.913985,0.870536,0.816973,0.750345,0.691992,0.669004,0.677126,0.688008,0.705709,0.710843,0.730268,0.733027,0.741379,0.737969,0.73728,0.730153,0.736245,0.733448,0.7359,0.741111,0.738199,0.73636,0.735096,0.742337,0.740805,0.736782,0.734789,0.733103,0.741034,0.73341,0.735134,0.735862,0.739655,0.737586,0.7359,0.732184,0.732222,0.720307,0.705249,
52400,0.99584,0.998053,0.99729,0.995267,0.993397,0.98855,0.982824,0.976679,0.961298,0.941374,0.914084,0.870763,0.816985,0.750076,0.69229,0.669084,0.677557,0.687748,0.705573,0.710916,0.729924,0.732328,0.740954,0.737977,0.737176,0.730153,0.736221,0.733664,0.735458,0.741412,0.738397,0.736527,0.735153,0.742405,0.740802,0.736908,0.734733,0.73313,0.741069,0.733397,0.735267,0.735802,0.739542,0.737672,0.735992,0.732328,0.732176,0.720382,0.705229,
52600,0.995856,0.998061,0.997262,0.995285,0.993346,0.988555,0.982776,0.976616,0.961331,0.941483,0.914144,0.870837,0.817034,0.749696,0.692624,0.669125,0.677719,0.687529,0.705665,0.711027,0.729924,0.732319,0.741179,0.737719,0.737338,0.730228,0.736388,0.733574,0.735665,0.741445,0.738479,0.736464,0.734943,0.742738,0.740913,0.737072,0.734943,0.733194,0.741027,0.73327,0.735133,0.735665,0.739544,0.73749,0.735399,0.732548,0.732167,0.720304,0.705209,
52800,0.995871,0.998068,0.997235,0.995303,0.993371,0.988485,0.982765,0.976553,0.961477,0.941439,0.914091,0.87072,0.817197,0.749886,0.692235,0.668295,0.677879,0.687652,0.705833,0.711364,0.73,0.732462,0.741402,0.737424,0.737348,0.730303,0.736439,0.733447,0.735492,0.741402,0.738674,0.736629,0.734962,0.742689,0.740644,0.737159,0.735038,0.733561,0.741136,0.73303,0.735076,0.73553,0.739242,0.737576,0.735379,0.732462,0.732386,0.720455,0.705379,
53000,0.995849,0.998075,0.997208,0.995321,0.993396,0.988528,0.982755,0.976642,0.961509,0.941509,0.914189,0.870642,0.817358,0.749887,0.692415,0.66834,0.677887,0.687811,0.705962,0.711358,0.729849,0.732679,0.741132,0.736755,0.737585,0.73034,0.736491,0.733547,0.735472,0.741434,0.738717,0.736604,0.73483,0.742943,0.740604,0.737019,0.735245,0.733509,0.741547,0.732943,0.734453,0.73517,0.739434,0.737887,0.735472,0.732377,0.732491,0.720566,0.705283,
53200,0.995865,0.998083,0.997218,0.995338,0.993346,0.988571,0.98282,0.976692,0.961504,0.941353,0.914323,0.870564,0.817068,0.750075,0.692331,0.66812,0.677744,0.68782,0.70609,0.711165,0.72985,0.732857,0.740902,0.736692,0.737707,0.730526,0.736391,0.733534,0.735263,0.741429,0.738233,0.736617,0.734887,0.743195,0.740414,0.737368,0.735489,0.733346,0.741353,0.732594,0.734662,0.735301,0.739662,0.738195,0.735602,0.732669,0.732481,0.720301,0.705338,
53400,0.995843,0.99809,0.997191,0.995356,0.993296,0.988539,0.982846,0.976704,0.96161,0.941461,0.914307,0.870337,0.817004,0.749963,0.692172,0.66809,0.67764,0.68794,0.705918,0.711348,0.73,0.732772,0.740749,0.73633,0.737603,0.730449,0.736442,0.733371,0.735393,0.741723,0.73839,0.736667,0.734906,0.743034,0.740524,0.737453,0.735318,0.733521,0.741423,0.732135,0.734569,0.735506,0.739513,0.738502,0.735655,0.732959,0.732622,0.720712,0.705393,
53600,0.995858,0.998097,0.997201,0.995373,0.993284,0.988507,0.982873,0.976642,0.961418,0.941343,0.914328,0.870261,0.816978,0.750037,0.691978,0.667948,0.677649,0.68791,0.70597,0.711455,0.730299,0.732873,0.740634,0.736157,0.737799,0.730485,0.736642,0.733507,0.735037,0.741567,0.738134,0.736642,0.735224,0.742948,0.740784,0.7375,0.735448,0.733694,0.741231,0.732351,0.734739,0.735522,0.73959,0.738619,0.735597,0.732799,0.732575,0.720709,0.704963,
53800,0.995874,0.998067,0.997212,0.995353,0.993271,0.98855,0.982825,0.976691,0.961487,0.941338,0.914424,0.870149,0.817175,0.750297,0.692007,0.667955,0.677138,0.688104,0.706097,0.711264,0.73026,0.732305,0.740967,0.736245,0.737807,0.730781,0.736468,0.733569,0.735019,0.741747,0.738141,0.736729,0.735167,0.742565,0.74052,0.737063,0.735019,0.733457,0.741227,0.732416,0.734461,0.735725,0.739591,0.738625,0.735465,0.7329,0.732602,0.720743,0.705204,
54000,0.995852,0.998074,0.997222,0.99537,0.993259,0.988481,0.982852,0.976704,0.961519,0.94137,0.914556,0.870333,0.817148,0.749778,0.691963,0.668333,0.677296,0.688,0.706259,0.711407,0.729889,0.731815,0.740963,0.736296,0.73837,0.730852,0.736556,0.733556,0.735296,0.741889,0.738444,0.736778,0.735148,0.742259,0.740185,0.737037,0.735111,0.733296,0.741074,0.732556,0.734333,0.735963,0.739444,0.738852,0.73563,0.733,0.732519,0.720815,0.705222,
54200,0.995867,0.998081,0.997196,0.995387,0.993247,0.98845,0.982841,0.976753,0.961587,0.941365,0.914613,0.870406,0.817269,0.749889,0.69214,0.668118,0.677306,0.688155,0.706015,0.711587,0.729852,0.731587,0.740775,0.736162,0.738155,0.730996,0.736679,0.733358,0.735424,0.741956,0.738635,0.73679,0.735314,0.742362,0.740148,0.7369,0.735129,0.733432,0.741218,0.732509,0.734317,0.736199,0.739483,0.739004,0.735609,0.732841,0.732435,0.720923,0.705572,
54400,0.995882,0.998051,0.997206,0.995368,0.993235,0.988493,0.982868,0.976801,0.961581,0.941397,0.914632,0.870368,0.81739,0.74989,0.692243,0.668272,0.676985,0.687941,0.705735,0.711801,0.73,0.731471,0.740956,0.736066,0.738162,0.730882,0.736213,0.733309,0.735404,0.742206,0.738603,0.736801,0.735257,0.74261,0.740331,0.73739,0.735147,0.733566,0.740846,0.731875,0.734118,0.736176,0.739632,0.739265,0.735772,0.733272,0.732537,0.72114,0.705257,
54600,0.995861,0.998059,0.997179,0.995348,0.99326,0.988462,0.98293,0.976813,0.961538,0.941282,0.914542,0.87044,0.817143,0.749744,0.692857,0.668498,0.676813,0.687839,0.705751,0.712051,0.730037,0.731465,0.741136,0.736007,0.738278,0.730879,0.735934,0.733114,0.734982,0.742271,0.738828,0.736996,0.735128,0.742747,0.74,0.737179,0.735458,0.73348,0.740696,0.731905,0.734286,0.735971,0.739597,0.73956,0.736154,0.733333,0.732894,0.720879,0.705348,
54800,0.995839,0.997993,0.99719,0.995365,0.993248,0.988394,0.98292,0.976825,0.961606,0.941204,0.914489,0.870474,0.817226,0.749854,0.692701,0.66865,0.676898,0.688066,0.705693,0.711934,0.730036,0.731715,0.741168,0.736277,0.738248,0.731022,0.736131,0.73292,0.734854,0.742226,0.738869,0.736934,0.735146,0.743029,0.739781,0.737117,0.735365,0.733431,0.740657,0.732044,0.734599,0.735949,0.739307,0.739562,0.735912,0.733321,0.732993,0.720949,0.70562,
55000,0.995818,0.998,0.9972,0.995382,0.993236,0.9884,0.982909,0.9768,0.961527,0.941127,0.9144,0.870582,0.817345,0.749855,0.692836,0.668364,0.676691,0.688036,0.706073,0.711891,0.730255,0.731345,0.740909,0.736364,0.738545,0.731382,0.735927,0.733236,0.734836,0.742182,0.738873,0.736945,0.735055,0.742873,0.739745,0.737127,0.735345,0.733273,0.740691,0.732255,0.734655,0.735636,0.738836,0.739564,0.735745,0.733273,0.733382,0.721236,0.705527,
55200,0.995797,0.998007,0.99721,0.995362,0.993261,0.988442,0.982935,0.976739,0.961449,0.941159,0.914384,0.870725,0.817138,0.74971,0.69308,0.668514,0.67721,0.688116,0.706304,0.711739,0.73029,0.730761,0.740833,0.736051,0.738587,0.731703,0.736196,0.733406,0.734746,0.742101,0.738804,0.737138,0.735217,0.742826,0.739928,0.736884,0.73529,0.733225,0.740942,0.732283,0.734493,0.735543,0.738659,0.739529,0.736014,0.733333,0.733442,0.721377,0.705399,
55400,0.995812,0.998014,0.99722,0.995379,0.993249,0.988448,0.982924,0.976606,0.961588,0.941191,0.91444,0.870722,0.817076,0.749783,0.693177,0.668448,0.67704,0.688412,0.706065,0.711661,0.730289,0.730469,0.740397,0.736173,0.7387,0.731516,0.735993,0.733069,0.734801,0.741913,0.738736,0.73722,0.735451,0.742888,0.740072,0.737004,0.735343,0.733105,0.740794,0.732166,0.734368,0.735343,0.739025,0.739639,0.736065,0.733538,0.733177,0.721372,0.705668,
55600,0.995827,0.998022,0.997194,0.995396,0.993273,0.988453,0.982878,0.976511,0.961439,0.941295,0.914496,0.870612,0.816835,0.749424,0.693417,0.668777,0.676799,0.688561,0.706115,0.711727,0.730324,0.730396,0.740647,0.736187,0.738957,0.731475,0.735647,0.733058,0.73482,0.742122,0.738669,0.737086,0.735468,0.742878,0.74018,0.737086,0.73536,0.733201,0.740827,0.732014,0.734209,0.735432,0.738921,0.739712,0.735971,0.733597,0.733345,0.721511,0.705683,
55800,0.995842,0.998029,0.997204,0.995412,0.993262,0.988387,0.982903,0.976452,0.96147,0.94129,0.914337,0.870789,0.81681,0.74914,0.693656,0.669211,0.676989,0.688208,0.706523,0.7119,0.730394,0.730573,0.74043,0.736272,0.738996,0.731613,0.73552,0.732975,0.734731,0.74172,0.73828,0.737061,0.735556,0.742724,0.739928,0.737168,0.735305,0.733082,0.741004,0.731935,0.734194,0.735161,0.738889,0.739857,0.735914,0.733584,0.733405,0.72172,0.705484,
56000,0.995857,0.998036,0.997179,0.995429,0.99325,0.988393,0.982893,0.976321,0.961393,0.941357,0.9145,0.870714,0.816964,0.749143,0.693536,0.668929,0.676893,0.688464,0.706607,0.711929,0.730179,0.730393,0.740714,0.736107,0.739071,0.731536,0.735714,0.732964,0.734929,0.741607,0.738429,0.737179,0.7355,0.742679,0.739929,0.737071,0.7355,0.733,0.741,0.731929,0.734071,0.7355,0.738821,0.739607,0.736036,0.733571,0.733464,0.721464,0.705536,
56200,0.995836,0.997972,0.997153,0.995445,0.993238,0.988434,0.982883,0.97637,0.961423,0.941388,0.914128,0.870854,0.817082,0.749359,0.69363,0.668968,0.677011,0.688363,0.706619,0.711922,0.730249,0.730676,0.740498,0.73605,0.739146,0.731779,0.735943,0.733025,0.734804,0.74153,0.738292,0.737367,0.735552,0.742562,0.740107,0.737082,0.735409,0.733203,0.741103,0.731708,0.734199,0.735587,0.739004,0.73968,0.735765,0.733665,0.733416,0.721246,0.705445,
56400,0.995851,0.997908,0.997163,0.995461,0.993262,0.988404,0.982872,0.976277,0.961383,0.941348,0.914149,0.871099,0.817128,0.749397,0.693582,0.668759,0.676986,0.688511,0.706525,0.71195,0.730567,0.731028,0.740603,0.736028,0.738936,0.731702,0.735887,0.732801,0.734787,0.741348,0.738511,0.737234,0.735213,0.742589,0.740035,0.737163,0.735461,0.733298,0.741135,0.731738,0.734043,0.735496,0.739149,0.739752,0.735496,0.733617,0.733546,0.72117,0.705851,
56600,0.995866,0.997915,0.997173,0.995477,0.993251,0.988375,0.982898,0.97629,0.961449,0.941307,0.914134,0.871131,0.817279,0.749223,0.693922,0.668693,0.67682,0.688657,0.70636,0.711555,0.730424,0.731095,0.740848,0.736148,0.739011,0.731519,0.73576,0.732721,0.734311,0.741343,0.738269,0.73735,0.734982,0.742862,0.739929,0.737102,0.7353,0.733392,0.741095,0.731837,0.73417,0.735336,0.738869,0.739859,0.735406,0.733746,0.73364,0.721201,0.706113,
56800,0.99588,0.997923,0.997183,0.995493,0.993239,0.98831,0.982887,0.976268,0.961338,0.941162,0.914085,0.871056,0.8175,0.748697,0.693908,0.668944,0.676972,0.688768,0.706444,0.711514,0.730599,0.731408,0.740775,0.736127,0.739049,0.731127,0.735704,0.732817,0.733979,0.740915,0.738204,0.737394,0.734824,0.742958,0.739577,0.737324,0.735423,0.733486,0.741127,0.731972,0.734261,0.735246,0.738873,0.740106,0.735563,0.733556,0.733838,0.721056,0.706303,
57000,0.995895,0.99793,0.997193,0.995509,0.993263,0.988316,0.982912,0.976316,0.961333,0.941088,0.914,0.870912,0.817439,0.748596,0.694246,0.668877,0.676632,0.688386,0.706561,0.711404,0.730561,0.731368,0.740386,0.736246,0.739018,0.731158,0.735649,0.732912,0.73393,0.741439,0.73814,0.737509,0.734772,0.742947,0.739404,0.737439,0.735263,0.733614,0.741158,0.73193,0.733895,0.735439,0.738982,0.74014,0.735368,0.733263,0.734035,0.721123,0.706491,
57200,0.995909,0.997937,0.997168,0.995524,0.993287,0.988287,0.982902,0.976399,0.961329,0.941049,0.913811,0.870839,0.817308,0.748636,0.694231,0.668811,0.676608,0.688462,0.706434,0.711678,0.730909,0.731364,0.74042,0.736329,0.738916,0.731259,0.735664,0.733077,0.733706,0.741329,0.738252,0.737517,0.734476,0.743077,0.739231,0.737273,0.73507,0.733636,0.740944,0.731818,0.733671,0.735385,0.739231,0.740245,0.735559,0.733322,0.734196,0.721189,0.706434,
57400,0.995889,0.997909,0.997178,0.99554,0.99324,0.988328,0.982927,0.976341,0.961324,0.94101,0.913833,0.870976,0.817247,0.748746,0.694425,0.668746,0.676725,0.688258,0.706237,0.711672,0.73108,0.731289,0.740209,0.736585,0.738815,0.731638,0.735889,0.732787,0.733554,0.741185,0.738258,0.737666,0.73453,0.743275,0.73892,0.737247,0.735192,0.733833,0.740592,0.731986,0.733624,0.735436,0.739477,0.740139,0.735714,0.733659,0.734251,0.721359,0.706411,
57600,0.995903,0.997917,0.997188,0.995556,0.993264,0.988333,0.982951,0.976285,0.961354,0.940937,0.913819,0.870938,0.816875,0.749028,0.69441,0.668819,0.676736,0.688507,0.706458,0.711597,0.730938,0.731146,0.740208,0.736319,0.738785,0.731771,0.735868,0.732778,0.733681,0.741285,0.738264,0.737639,0.734653,0.743194,0.738854,0.737361,0.734826,0.733924,0.740382,0.732049,0.733472,0.735104,0.739653,0.739896,0.735833,0.733472,0.734167,0.721319,0.706528,
57800,0.995917,0.997889,0.997197,0.995571,0.993183,0.988374,0.982941,0.976194,0.96128,0.941003,0.913841,0.870969,0.816955,0.748997,0.694498,0.669031,0.676713,0.688512,0.706332,0.711384,0.730796,0.731176,0.740035,0.736332,0.738927,0.731903,0.735917,0.73301,0.734083,0.741349,0.738408,0.737509,0.73474,0.743149,0.738685,0.737405,0.73481,0.734118,0.740208,0.731972,0.733322,0.735225,0.739827,0.739827,0.735744,0.733599,0.733841,0.721488,0.706505,
58000,0.995931,0.997862,0.997207,0.995586,0.993207,0.988379,0.983,0.976207,0.96131,0.941069,0.913759,0.870862,0.817,0.749034,0.69431,0.668966,0.676448,0.687966,0.706793,0.711483,0.730759,0.731138,0.740103,0.736103,0.739034,0.732,0.735862,0.733034,0.734172,0.741517,0.738517,0.737724,0.734414,0.742931,0.738759,0.737621,0.734759,0.734276,0.740414,0.732069,0.733379,0.735103,0.739793,0.739621,0.735862,0.733345,0.733897,0.721517,0.706586,
58200,0.995945,0.997869,0.997216,0.995567,0.993196,0.988385,0.98299,0.976254,0.96134,0.9411,0.913608,0.871065,0.817045,0.749072,0.694364,0.668316,0.676495,0.68811,0.706942,0.711478,0.730893,0.731271,0.740206,0.736392,0.738969,0.731993,0.736014,0.733058,0.733849,0.74134,0.738625,0.737766,0.734639,0.742955,0.739072,0.737698,0.734467,0.734089,0.740378,0.732131,0.733299,0.735395,0.739863,0.739622,0.736323,0.733436,0.73378,0.721512,0.706254,
58400,0.995959,0.997877,0.997226,0.995548,0.993185,0.988322,0.982979,0.976336,0.96137,0.940993,0.913562,0.870993,0.817192,0.749247,0.694349,0.668356,0.676233,0.687945,0.707123,0.711507,0.731096,0.731233,0.740274,0.736267,0.73887,0.731712,0.735856,0.733082,0.734041,0.741096,0.738459,0.737945,0.734966,0.743185,0.739178,0.737637,0.734144,0.73411,0.740411,0.731952,0.733219,0.735137,0.739692,0.739829,0.73637,0.733664,0.73387,0.721507,0.706473,
58600,0.995904,0.99785,0.997235,0.995563,0.99314,0.988362,0.983003,0.97628,0.961433,0.940819,0.913549,0.871024,0.817167,0.74959,0.694608,0.668703,0.676143,0.687952,0.706792,0.711126,0.73099,0.73099,0.740205,0.736212,0.739044,0.731775,0.7357,0.733242,0.734232,0.741229,0.738362,0.737747,0.735222,0.743549,0.739352,0.737679,0.733754,0.734061,0.740478,0.731945,0.733413,0.735154,0.739727,0.739556,0.736655,0.733652,0.733584,0.721604,0.706109,
58800,0.995918,0.997857,0.997245,0.99551,0.993129,0.988367,0.983027,0.976224,0.961565,0.940952,0.913435,0.870986,0.817075,0.749456,0.694558,0.668741,0.676156,0.687925,0.706769,0.711463,0.731224,0.73068,0.740306,0.736122,0.739048,0.731939,0.73585,0.733197,0.734252,0.74119,0.738469,0.737517,0.735204,0.743639,0.739388,0.737857,0.73415,0.733912,0.740544,0.731905,0.733231,0.735272,0.739694,0.73983,0.736599,0.733605,0.733776,0.721633,0.706054,
59000,0.995932,0.997864,0.997254,0.995525,0.993153,0.988305,0.983017,0.976169,0.961525,0.940983,0.913424,0.870949,0.817085,0.749288,0.694644,0.66861,0.676169,0.688136,0.706881,0.71122,0.731153,0.731153,0.740339,0.735898,0.739254,0.732136,0.736034,0.73339,0.734373,0.741322,0.738305,0.737593,0.735525,0.743254,0.739525,0.737763,0.734136,0.733627,0.740475,0.731695,0.73339,0.735661,0.739831,0.74,0.736712,0.733729,0.734169,0.721186,0.706237,
59200,0.995946,0.997872,0.997264,0.995541,0.993142,0.988345,0.983007,0.976149,0.961554,0.941014,0.913514,0.871047,0.817027,0.749459,0.694459,0.668108,0.675878,0.688311,0.706926,0.711318,0.731318,0.731284,0.740338,0.736081,0.739189,0.732365,0.736115,0.733345,0.734459,0.741216,0.738311,0.737635,0.735709,0.743345,0.739628,0.737736,0.733919,0.733919,0.740439,0.731622,0.733784,0.735743,0.74,0.740034,0.736723,0.733818,0.734257,0.721149,0.70652,
59400,0.99596,0.997879,0.997273,0.995522,0.993131,0.988283,0.98303,0.976162,0.961347,0.940875,0.913603,0.87101,0.817003,0.749596,0.694545,0.667946,0.675724,0.688687,0.706801,0.711515,0.731279,0.731347,0.74037,0.736128,0.739327,0.732626,0.736162,0.733232,0.734411,0.741212,0.73835,0.737542,0.735758,0.743333,0.739764,0.737441,0.733838,0.733906,0.740404,0.731448,0.733771,0.735791,0.739596,0.740101,0.736431,0.733939,0.73404,0.721145,0.706094,
59600,0.995906,0.997886,0.997282,0.995537,0.993121,0.988255,0.983054,0.976174,0.961309,0.94094,0.91349,0.870872,0.816745,0.749597,0.694262,0.668255,0.675906,0.688926,0.707047,0.711678,0.731342,0.731376,0.740034,0.736007,0.739262,0.732718,0.736107,0.733557,0.73453,0.741309,0.738523,0.737718,0.735839,0.743322,0.739732,0.737483,0.733792,0.734228,0.740369,0.73151,0.733725,0.73557,0.739463,0.740034,0.736141,0.733893,0.733591,0.721174,0.706074,
59800,0.99592,0.997893,0.997291,0.995552,0.993144,0.988261,0.98311,0.976221,0.961371,0.941003,0.913579,0.871037,0.816622,0.749732,0.694013,0.668361,0.67592,0.689197,0.706622,0.711572,0.731171,0.731204,0.739565,0.736154,0.739264,0.732809,0.735853,0.733645,0.734749,0.741237,0.738361,0.73786,0.735786,0.743177,0.739833,0.737625,0.733579,0.734047,0.740502,0.731639,0.733579,0.735686,0.739398,0.739866,0.73612,0.733946,0.733712,0.72107,0.706187,
60000,0.995933,0.997867,0.9973,0.995567,0.993167,0.9883,0.983133,0.976233,0.961333,0.940933,0.913667,0.870933,0.816733,0.749533,0.693967,0.668267,0.676067,0.689433,0.7066,0.7115,0.731267,0.7312,0.739667,0.736233,0.7392,0.733033,0.735967,0.733867,0.734633,0.7411,0.738467,0.737667,0.7358,0.7431,0.7398,0.737467,0.733133,0.734233,0.7404,0.731633,0.7334,0.735733,0.7393,0.7397,0.736233,0.7343,0.7339,0.721433,0.706067,
60200,0.995947,0.997841,0.997309,0.995581,0.993156,0.988339,0.983123,0.976246,0.961329,0.940963,0.913654,0.870963,0.816645,0.749568,0.693754,0.66794,0.676478,0.689601,0.706711,0.711163,0.731362,0.731229,0.739468,0.736346,0.739236,0.73299,0.73588,0.733987,0.734452,0.74113,0.738472,0.737973,0.735515,0.743389,0.74,0.737542,0.73309,0.733887,0.740698,0.731761,0.733389,0.735714,0.739203,0.739568,0.736412,0.734319,0.733854,0.721628,0.705814,
60400,0.995927,0.997848,0.997318,0.995596,0.993146,0.988278,0.983179,0.976325,0.961358,0.940993,0.913709,0.870993,0.816424,0.749338,0.693576,0.668311,0.676689,0.689437,0.707086,0.710861,0.731291,0.731291,0.739636,0.736258,0.739238,0.732914,0.736093,0.734106,0.734272,0.74096,0.738808,0.73798,0.735497,0.743543,0.740099,0.73755,0.733013,0.733907,0.740596,0.731887,0.733311,0.735728,0.739272,0.73947,0.736589,0.734702,0.734007,0.721887,0.705927,
60600,0.995941,0.997855,0.997327,0.995611,0.993168,0.988284,0.983168,0.976238,0.961419,0.941089,0.913762,0.870891,0.816238,0.749505,0.694158,0.66802,0.676205,0.68967,0.707129,0.710759,0.731287,0.731287,0.739472,0.736337,0.738944,0.732805,0.736238,0.734224,0.734323,0.741023,0.73868,0.737723,0.735479,0.743465,0.740264,0.737327,0.733003,0.733729,0.740594,0.732376,0.733069,0.735347,0.73934,0.73967,0.736634,0.735149,0.734224,0.721716,0.705941,
60800,0.995954,0.997862,0.997336,0.995592,0.993158,0.988289,0.983224,0.976118,0.961414,0.941118,0.91375,0.871118,0.816184,0.749375,0.694013,0.668454,0.67625,0.689507,0.707072,0.711151,0.731382,0.73125,0.739474,0.736086,0.739046,0.732928,0.73625,0.734243,0.734408,0.741151,0.738717,0.737697,0.735263,0.743717,0.740493,0.737467,0.733125,0.733882,0.740559,0.7325,0.733322,0.735197,0.739211,0.739638,0.736678,0.734803,0.734243,0.721283,0.706118,
61000,0.995967,0.997869,0.997344,0.995541,0.993115,0.988295,0.983213,0.976131,0.961443,0.941148,0.913738,0.871213,0.816262,0.749574,0.694131,0.668393,0.675902,0.689246,0.707213,0.711377,0.731311,0.731213,0.739311,0.735934,0.73882,0.733115,0.73623,0.734262,0.734393,0.740787,0.738754,0.73777,0.73541,0.743705,0.740459,0.737705,0.733311,0.733738,0.740393,0.732262,0.733475,0.735443,0.738951,0.739902,0.736623,0.734918,0.734361,0.72141,0.705934,
61200,0.99598,0.997843,0.99732,0.995556,0.993105,0.988268,0.983203,0.976144,0.961438,0.941176,0.913791,0.871307,0.816176,0.749575,0.694118,0.668366,0.675882,0.689216,0.70683,0.711438,0.731242,0.73098,0.739379,0.736144,0.738791,0.733366,0.735948,0.734477,0.734379,0.740784,0.738725,0.737614,0.735261,0.743203,0.740425,0.737778,0.733431,0.733791,0.740458,0.732255,0.733399,0.735686,0.73915,0.739837,0.736405,0.734706,0.734314,0.721307,0.706078,
61400,0.995928,0.99785,0.997329,0.99557,0.993127,0.988274,0.98316,0.976124,0.961433,0.94101,0.913876,0.871336,0.816189,0.749544,0.694137,0.668306,0.675993,0.689511,0.706938,0.711466,0.73127,0.731107,0.739316,0.736091,0.739121,0.733225,0.736059,0.734495,0.734202,0.740423,0.738893,0.737655,0.735537,0.743257,0.740228,0.737785,0.733713,0.733941,0.740586,0.732182,0.733127,0.7357,0.73899,0.74,0.736254,0.734821,0.734463,0.721303,0.706189,
61600,0.995942,0.997857,0.997305,0.995584,0.993149,0.988247,0.983182,0.976071,0.961461,0.941039,0.913929,0.871396,0.816266,0.749675,0.693929,0.668247,0.675909,0.689416,0.707143,0.711234,0.731039,0.731006,0.739286,0.736169,0.738701,0.733312,0.735844,0.73474,0.734416,0.74013,0.738896,0.737597,0.735292,0.743442,0.740162,0.737987,0.733604,0.734091,0.740844,0.732208,0.733247,0.735682,0.739188,0.73987,0.736331,0.735097,0.734253,0.721234,0.706201,
61800,0.995955,0.997864,0.997249,0.995599,0.993172,0.988285,0.983139,0.976019,0.961359,0.9411,0.913851,0.871359,0.816019,0.749968,0.693786,0.668317,0.675696,0.68945,0.706861,0.711262,0.731392,0.7311,0.739288,0.736149,0.738673,0.733398,0.735696,0.734854,0.734628,0.74,0.739159,0.73754,0.735146,0.743398,0.740388,0.738123,0.733657,0.733883,0.740906,0.73233,0.733366,0.735631,0.739288,0.739903,0.736537,0.734984,0.734369,0.721262,0.706019,
62000,0.995935,0.997839,0.997226,0.995581,0.993194,0.98829,0.983129,0.975903,0.96129,0.941097,0.913903,0.871419,0.816161,0.750065,0.693871,0.66771,0.675935,0.689677,0.707032,0.711355,0.731613,0.730742,0.738871,0.735935,0.738839,0.733355,0.736032,0.735032,0.734742,0.739968,0.738935,0.737452,0.73471,0.743258,0.740548,0.738226,0.733903,0.733871,0.740935,0.732032,0.733194,0.735677,0.739419,0.739935,0.736258,0.734968,0.734548,0.721323,0.706194,
62200,0.995884,0.997781,0.997235,0.995595,0.993215,0.988232,0.983087,0.975916,0.96135,0.941125,0.914019,0.871415,0.816206,0.750129,0.693762,0.667846,0.675788,0.689614,0.706945,0.711254,0.731672,0.731061,0.739132,0.735884,0.738553,0.733441,0.735852,0.734984,0.734984,0.74,0.738971,0.737685,0.734823,0.743344,0.740386,0.738296,0.733859,0.733955,0.741061,0.732283,0.733312,0.735595,0.739132,0.739904,0.736174,0.734952,0.734759,0.721447,0.706109,
62400,0.995833,0.997788,0.997244,0.995577,0.993205,0.988269,0.983141,0.975962,0.96125,0.941186,0.914038,0.871282,0.81625,0.75,0.693846,0.667981,0.675577,0.689519,0.707051,0.711603,0.731763,0.73109,0.739071,0.735994,0.73859,0.733429,0.735897,0.735032,0.734968,0.740064,0.738814,0.738077,0.734808,0.743429,0.740417,0.738205,0.734006,0.73391,0.741218,0.732147,0.733429,0.735513,0.739006,0.74,0.736186,0.73516,0.735,0.72125,0.70625,
62600,0.995847,0.997796,0.997252,0.995559,0.993195,0.988275,0.983131,0.976006,0.961086,0.941246,0.913962,0.871246,0.816358,0.749808,0.69377,0.667732,0.675367,0.689681,0.707093,0.711502,0.732013,0.731022,0.739137,0.736262,0.738722,0.733419,0.735879,0.73492,0.734984,0.740192,0.738754,0.737987,0.734856,0.743387,0.740671,0.738179,0.73393,0.733962,0.741534,0.732204,0.733419,0.735335,0.739042,0.740256,0.736358,0.735304,0.735016,0.721406,0.706038,
62800,0.99586,0.997803,0.997261,0.995541,0.993185,0.988217,0.983121,0.976019,0.961115,0.941306,0.914076,0.871274,0.816433,0.750096,0.693726,0.667707,0.675191,0.68965,0.70707,0.711561,0.731688,0.731051,0.739204,0.736338,0.738535,0.733535,0.735924,0.734936,0.734682,0.74051,0.738917,0.738025,0.734936,0.743248,0.740701,0.738057,0.733662,0.733726,0.741529,0.731943,0.733471,0.735382,0.739236,0.740159,0.736529,0.735541,0.735096,0.721497,0.706306,
63000,0.995873,0.99781,0.99727,0.995524,0.993175,0.988222,0.983111,0.976,0.961111,0.941111,0.914159,0.871365,0.816317,0.750127,0.693778,0.667206,0.675143,0.68981,0.707016,0.711778,0.731968,0.731206,0.739079,0.736603,0.738413,0.733683,0.736,0.734921,0.734794,0.740635,0.739111,0.738159,0.734952,0.743492,0.740571,0.738,0.733714,0.733651,0.741492,0.732,0.733587,0.735429,0.739206,0.739937,0.736825,0.735714,0.734857,0.721714,0.706254,
63200,0.995823,0.997816,0.997278,0.995538,0.993165,0.988228,0.983133,0.976013,0.961171,0.941203,0.914177,0.871139,0.816329,0.75,0.693987,0.667563,0.675253,0.689462,0.706835,0.711646,0.732152,0.731013,0.739209,0.736677,0.738354,0.733576,0.735823,0.73481,0.734842,0.740728,0.739177,0.738165,0.734873,0.743639,0.740506,0.737975,0.733608,0.733449,0.741392,0.731867,0.733259,0.735633,0.739051,0.739968,0.736804,0.735728,0.735,0.721646,0.706171,
63400,0.995836,0.997792,0.997192,0.995521,0.993186,0.988233,0.983186,0.976088,0.961073,0.94123,0.91429,0.871073,0.81653,0.749905,0.693975,0.667603,0.675174,0.68959,0.706877,0.71205,0.731956,0.730883,0.739306,0.736404,0.738139,0.733659,0.73571,0.735047,0.734858,0.740568,0.739306,0.737823,0.735047,0.743502,0.740568,0.737981,0.733785,0.733691,0.741388,0.731893,0.73347,0.735868,0.73918,0.74,0.736625,0.735647,0.735426,0.721703,0.706278,
63600,0.995849,0.997799,0.99717,0.995503,0.993208,0.988239,0.983239,0.976132,0.961038,0.941164,0.914277,0.871321,0.816478,0.750094,0.693836,0.667767,0.674969,0.689497,0.706698,0.711824,0.73173,0.731101,0.739277,0.736352,0.738208,0.733868,0.735692,0.735,0.734874,0.740283,0.739119,0.737893,0.734906,0.743396,0.740472,0.737673,0.734057,0.733648,0.741635,0.731855,0.733585,0.736101,0.738836,0.739748,0.736824,0.735692,0.735346,0.72173,0.706289,
63800,0.995831,0.997806,0.997179,0.995455,0.993229,0.988245,0.983292,0.976113,0.961066,0.941097,0.914201,0.871254,0.816552,0.750157,0.69395,0.667931,0.674734,0.689248,0.706771,0.712069,0.73185,0.73094,0.73906,0.736238,0.73837,0.733856,0.73558,0.735172,0.73489,0.740094,0.739122,0.738245,0.734828,0.743354,0.740752,0.737774,0.734295,0.733636,0.741661,0.731818,0.733668,0.735925,0.738589,0.739969,0.736677,0.735361,0.735298,0.722038,0.70627,
64000,0.995844,0.997781,0.997156,0.995437,0.99325,0.988281,0.98325,0.976063,0.961125,0.941156,0.914219,0.871281,0.816813,0.750375,0.69425,0.667906,0.674562,0.689063,0.706344,0.712219,0.732187,0.730938,0.739062,0.735875,0.738531,0.734,0.735531,0.735125,0.734844,0.740125,0.739062,0.738219,0.734688,0.743625,0.740844,0.73775,0.7345,0.733531,0.741625,0.731906,0.733531,0.735969,0.738688,0.739906,0.736688,0.735094,0.735344,0.722156,0.706219,
64200,0.995857,0.997788,0.997165,0.995452,0.993271,0.988287,0.983209,0.976012,0.961059,0.941246,0.914237,0.87134,0.817072,0.750436,0.69405,0.667975,0.674361,0.688785,0.706449,0.712087,0.732368,0.731059,0.738847,0.735919,0.738505,0.733801,0.735358,0.735171,0.734953,0.740405,0.739315,0.738318,0.734704,0.743302,0.740717,0.737726,0.734673,0.732866,0.741464,0.732025,0.733364,0.736075,0.738442,0.740125,0.73648,0.735016,0.735327,0.722212,0.706542,
64400,0.99587,0.997795,0.997174,0.995466,0.993292,0.988292,0.98323,0.976056,0.960963,0.941335,0.914161,0.871366,0.817019,0.750466,0.69382,0.668199,0.674472,0.688789,0.706335,0.711832,0.732329,0.731118,0.738944,0.735714,0.738385,0.733944,0.735342,0.73528,0.73528,0.740528,0.739565,0.738261,0.734565,0.742919,0.740559,0.737391,0.734503,0.732764,0.741491,0.732112,0.733137,0.736025,0.738478,0.740031,0.736273,0.735,0.735466,0.72236,0.70677,
64600,0.995882,0.997802,0.997183,0.995449,0.993189,0.988266,0.983282,0.976006,0.960898,0.941331,0.913963,0.871269,0.816904,0.750433,0.693839,0.668297,0.674799,0.688762,0.70644,0.711981,0.731889,0.731176,0.738824,0.735387,0.738545,0.733932,0.735108,0.735263,0.735325,0.740619,0.739783,0.738235,0.734551,0.743065,0.740681,0.737492,0.734211,0.73291,0.741517,0.732136,0.733065,0.735913,0.738545,0.740062,0.736192,0.735294,0.735387,0.722415,0.706842,
64800,0.995864,0.997778,0.99716,0.995401,0.993148,0.988241,0.983302,0.975988,0.960802,0.941358,0.914074,0.871358,0.817068,0.75034,0.693858,0.668364,0.675062,0.688765,0.70642,0.711759,0.731852,0.731019,0.738981,0.735401,0.738488,0.734136,0.735216,0.73537,0.735463,0.740556,0.73966,0.738179,0.73463,0.74321,0.740864,0.737623,0.734074,0.73287,0.741389,0.732346,0.732994,0.736049,0.738426,0.74,0.736111,0.735309,0.735494,0.722562,0.706821,
65000,0.995877,0.997785,0.997169,0.995415,0.993138,0.988246,0.983292,0.975969,0.960738,0.941446,0.913908,0.871231,0.8172,0.750246,0.694031,0.668185,0.675015,0.688677,0.706431,0.711938,0.731877,0.730985,0.738923,0.735138,0.738554,0.734,0.734985,0.735169,0.735169,0.740769,0.739692,0.738185,0.734646,0.743077,0.740738,0.737446,0.734123,0.733077,0.741538,0.732246,0.732677,0.735938,0.738708,0.740185,0.736246,0.7356,0.735385,0.722338,0.706923,
65200,0.99589,0.997791,0.997147,0.995429,0.993098,0.988221,0.983282,0.975828,0.960736,0.941472,0.913773,0.871166,0.817025,0.750429,0.694049,0.668006,0.675153,0.688742,0.706472,0.711933,0.731963,0.731074,0.738742,0.735031,0.738558,0.734233,0.735031,0.735184,0.735245,0.740644,0.739479,0.738344,0.734724,0.742822,0.740583,0.737393,0.734294,0.733067,0.741503,0.732515,0.732669,0.73589,0.738528,0.740153,0.736319,0.735767,0.735552,0.722362,0.70684,
65400,0.995902,0.997798,0.997156,0.995382,0.993089,0.988257,0.983303,0.97581,0.960795,0.941468,0.9137,0.87104,0.817125,0.750336,0.693884,0.668043,0.674924,0.688716,0.706667,0.712202,0.731682,0.731131,0.738624,0.734924,0.738349,0.734434,0.735107,0.73526,0.735138,0.740734,0.739388,0.738287,0.734526,0.742905,0.740489,0.737584,0.734251,0.732813,0.741529,0.732661,0.732936,0.735657,0.738624,0.740214,0.736239,0.73578,0.735413,0.722508,0.707003,
65600,0.995884,0.997805,0.997165,0.995366,0.99311,0.988232,0.983323,0.975884,0.960823,0.941402,0.91372,0.871189,0.817287,0.75,0.69378,0.66811,0.674878,0.688811,0.706707,0.712134,0.731616,0.731098,0.73872,0.735244,0.738506,0.73436,0.735305,0.735183,0.734848,0.74064,0.739421,0.738232,0.734238,0.742896,0.74061,0.737591,0.734482,0.732774,0.741585,0.732744,0.733049,0.735884,0.738598,0.74003,0.73622,0.735793,0.735274,0.7225,0.70689,
65800,0.995897,0.997812,0.997173,0.99535,0.99307,0.988207,0.983313,0.975927,0.960851,0.94152,0.913617,0.871125,0.817325,0.75003,0.693617,0.668085,0.675137,0.688571,0.707052,0.71234,0.731459,0.730912,0.738511,0.73535,0.73848,0.734407,0.735319,0.735198,0.734802,0.740638,0.739149,0.738602,0.734195,0.742675,0.740608,0.737568,0.734377,0.732857,0.741884,0.732766,0.733313,0.735805,0.738815,0.739939,0.73614,0.736109,0.73538,0.722523,0.707204,
66000,0.995909,0.997818,0.997182,0.995333,0.993091,0.988182,0.983303,0.975848,0.960848,0.941606,0.913788,0.871152,0.817152,0.750333,0.693515,0.66797,0.675273,0.688545,0.70703,0.712333,0.731394,0.731061,0.738394,0.735273,0.738485,0.734485,0.735303,0.735273,0.734667,0.740697,0.739364,0.738424,0.734091,0.742909,0.740455,0.737636,0.734394,0.733061,0.741667,0.73303,0.733182,0.735788,0.738606,0.739788,0.736273,0.735939,0.735394,0.722667,0.707303,
66200,0.995921,0.997825,0.99719,0.995347,0.993051,0.988187,0.983353,0.975831,0.960876,0.941571,0.913776,0.871178,0.81713,0.750363,0.693474,0.668066,0.675589,0.688429,0.706979,0.712628,0.731299,0.730846,0.738459,0.734924,0.738459,0.734713,0.735257,0.735468,0.734562,0.740695,0.739486,0.73864,0.733958,0.7429,0.740665,0.737915,0.73423,0.733202,0.741511,0.733323,0.733353,0.73577,0.738338,0.739637,0.736344,0.735831,0.735408,0.722931,0.707311,
66400,0.995934,0.997801,0.997169,0.995361,0.993012,0.988163,0.983283,0.975723,0.960934,0.941657,0.913855,0.871024,0.817229,0.750602,0.693404,0.667831,0.675783,0.688223,0.707018,0.712952,0.731084,0.730994,0.738434,0.73509,0.738645,0.734548,0.73506,0.735572,0.734428,0.740693,0.739367,0.738825,0.734277,0.743163,0.740723,0.73762,0.734187,0.733283,0.741416,0.732982,0.733705,0.735783,0.738464,0.739759,0.736175,0.735693,0.735452,0.722861,0.707349,
66600,0.995946,0.997808,0.997177,0.995375,0.993033,0.988138,0.983243,0.975736,0.960961,0.941712,0.913784,0.871081,0.817327,0.750721,0.693153,0.667718,0.675526,0.688318,0.707057,0.713123,0.731261,0.731081,0.738529,0.735165,0.738589,0.734174,0.735165,0.735766,0.734384,0.740661,0.739429,0.738679,0.734234,0.743183,0.740841,0.737327,0.734084,0.733453,0.741441,0.733093,0.733994,0.736066,0.738559,0.73994,0.736126,0.735676,0.735526,0.722643,0.707087,
66800,0.995928,0.997814,0.997186,0.995359,0.993054,0.988024,0.983293,0.975749,0.960928,0.941647,0.913713,0.871078,0.817216,0.750778,0.692934,0.667515,0.675689,0.688743,0.707126,0.713234,0.731287,0.731108,0.738593,0.735329,0.738413,0.734222,0.73491,0.736048,0.734341,0.740659,0.739491,0.738683,0.734162,0.743204,0.740898,0.737275,0.734222,0.733443,0.741587,0.733174,0.734012,0.736198,0.738623,0.739341,0.735898,0.735599,0.735689,0.722964,0.707066,
67000,0.99594,0.997821,0.997194,0.995373,0.993075,0.98806,0.983254,0.975791,0.960896,0.941672,0.913522,0.871015,0.817224,0.750866,0.693045,0.667493,0.675612,0.688687,0.707254,0.712687,0.731134,0.731224,0.738507,0.735493,0.738418,0.734239,0.734836,0.73591,0.734269,0.740507,0.739761,0.738716,0.734149,0.742866,0.740746,0.737224,0.734119,0.733701,0.741582,0.732925,0.73391,0.736269,0.738776,0.739552,0.73594,0.735642,0.735761,0.723015,0.707075,
67200,0.995952,0.997827,0.997173,0.995357,0.993065,0.988036,0.983304,0.975804,0.960893,0.941548,0.913601,0.871012,0.817411,0.750893,0.692917,0.667589,0.675536,0.688125,0.706905,0.712351,0.73131,0.731101,0.738274,0.735506,0.738244,0.734256,0.735,0.736101,0.734315,0.740387,0.739851,0.738839,0.734405,0.742887,0.740744,0.737143,0.734018,0.733839,0.74128,0.732798,0.733929,0.73622,0.738452,0.739643,0.735804,0.735685,0.735833,0.722917,0.707054,
67400,0.995964,0.997834,0.997181,0.995371,0.993056,0.988042,0.983323,0.975846,0.960861,0.941543,0.913591,0.871098,0.817359,0.750742,0.692789,0.667626,0.675252,0.688101,0.706825,0.712226,0.731276,0.731187,0.738012,0.735786,0.738249,0.734273,0.735074,0.736083,0.734481,0.740445,0.739792,0.738724,0.734184,0.742849,0.74092,0.737211,0.734065,0.734125,0.741276,0.732967,0.733739,0.736172,0.738457,0.739792,0.735905,0.735846,0.735935,0.722819,0.707329,
67600,0.995976,0.99784,0.997189,0.995355,0.993077,0.988047,0.983254,0.975917,0.960799,0.941627,0.913669,0.871154,0.817515,0.750888,0.692959,0.667574,0.674911,0.68784,0.706686,0.712396,0.731657,0.731331,0.737781,0.735799,0.738254,0.734201,0.735178,0.735976,0.73426,0.740207,0.739734,0.738757,0.734231,0.743195,0.740917,0.737278,0.734083,0.733994,0.741154,0.732959,0.73358,0.73642,0.738462,0.739763,0.736006,0.73571,0.735858,0.722781,0.707278,
67800,0.995988,0.997847,0.997139,0.995339,0.993038,0.987965,0.983274,0.975959,0.960826,0.941681,0.913687,0.871268,0.817463,0.750796,0.693009,0.667463,0.674779,0.68764,0.706578,0.712301,0.731563,0.731416,0.737699,0.73587,0.738201,0.734189,0.73531,0.735988,0.734366,0.740177,0.739912,0.738938,0.734425,0.743304,0.740767,0.737345,0.734071,0.733923,0.740767,0.732891,0.733658,0.736401,0.738466,0.739794,0.735988,0.735752,0.736195,0.722802,0.707404,
68000,0.996,0.997853,0.997118,0.995353,0.992971,0.987971,0.983206,0.975941,0.960765,0.941588,0.913588,0.871412,0.8175,0.750971,0.693206,0.667618,0.674912,0.687618,0.706412,0.712294,0.731176,0.731176,0.737794,0.735941,0.738147,0.734324,0.735353,0.736,0.734147,0.740118,0.740029,0.739059,0.7345,0.743382,0.740824,0.737265,0.734088,0.733941,0.740735,0.732765,0.733824,0.736412,0.738588,0.739676,0.736029,0.735559,0.736559,0.722735,0.707382,
68200,0.996012,0.997859,0.997126,0.995337,0.992991,0.987977,0.983167,0.976012,0.960762,0.941642,0.913636,0.871525,0.817449,0.751085,0.693021,0.667654,0.674516,0.687801,0.706246,0.712111,0.731261,0.731202,0.737918,0.735924,0.738065,0.734399,0.735396,0.735924,0.734164,0.740352,0.74,0.739003,0.734487,0.743519,0.74088,0.737449,0.734223,0.734076,0.740762,0.732551,0.733724,0.736452,0.738475,0.739531,0.7361,0.735484,0.736628,0.722727,0.707185,
68400,0.996023,0.997865,0.997135,0.995292,0.993012,0.987924,0.983158,0.975936,0.96076,0.941667,0.913713,0.871316,0.817368,0.751257,0.693129,0.66769,0.674298,0.687865,0.706082,0.712339,0.731287,0.731374,0.737661,0.735994,0.738216,0.734503,0.735322,0.735877,0.734386,0.740468,0.74,0.738918,0.734503,0.743538,0.740936,0.737544,0.734269,0.733743,0.740614,0.732602,0.733567,0.736404,0.738363,0.739795,0.736082,0.735468,0.736462,0.722895,0.707222,
68600,0.996006,0.997872,0.997143,0.995306,0.993003,0.98793,0.983207,0.975918,0.960758,0.941574,0.913761,0.871283,0.81723,0.751166,0.693003,0.66793,0.674373,0.687959,0.705889,0.71207,0.731283,0.731662,0.737493,0.735948,0.738251,0.734665,0.735598,0.735918,0.734461,0.740554,0.740175,0.738921,0.73449,0.743178,0.740962,0.737259,0.733819,0.733673,0.740525,0.732566,0.733673,0.736647,0.738455,0.73965,0.736064,0.735627,0.736181,0.722945,0.707055,
68800,0.996017,0.997878,0.997151,0.99532,0.993023,0.987907,0.983169,0.975872,0.96064,0.941599,0.913692,0.871337,0.817384,0.75125,0.693052,0.667878,0.674244,0.688052,0.705698,0.711919,0.731453,0.731948,0.737587,0.735901,0.738285,0.734826,0.73561,0.735814,0.734157,0.740552,0.740233,0.738866,0.734564,0.743198,0.741047,0.737151,0.733488,0.733663,0.740669,0.732558,0.733808,0.736541,0.738401,0.739826,0.736017,0.735756,0.736134,0.723169,0.70718,
69000,0.996,0.997884,0.997159,0.995304,0.993043,0.987913,0.983159,0.975884,0.960638,0.941536,0.913681,0.871217,0.817188,0.751333,0.693014,0.667942,0.674377,0.688261,0.705594,0.71171,0.731391,0.732116,0.737507,0.735884,0.738261,0.73487,0.735623,0.735855,0.734058,0.74058,0.740174,0.739014,0.734841,0.743304,0.741014,0.737362,0.733391,0.733681,0.740667,0.732522,0.734,0.736551,0.738551,0.73971,0.735681,0.735565,0.73629,0.723217,0.707304,
69200,0.996012,0.997861,0.997168,0.995318,0.993064,0.987948,0.98315,0.975867,0.960694,0.941618,0.913757,0.871214,0.817139,0.751301,0.692775,0.667861,0.674306,0.688295,0.705665,0.711936,0.731329,0.732197,0.737283,0.735694,0.738092,0.734942,0.735607,0.735723,0.734017,0.740491,0.740058,0.739075,0.734884,0.743497,0.740983,0.737486,0.733584,0.733815,0.740723,0.732746,0.734075,0.736503,0.738353,0.739769,0.735665,0.735723,0.736445,0.723295,0.707312,
69400,0.996023,0.997867,0.997176,0.995274,0.993055,0.987983,0.98317,0.975908,0.960692,0.941585,0.913862,0.871182,0.816859,0.751441,0.692738,0.66804,0.674179,0.688242,0.705764,0.71196,0.731239,0.732421,0.73732,0.735764,0.73804,0.734813,0.735447,0.73585,0.733977,0.740548,0.739942,0.738905,0.735043,0.743372,0.740951,0.737493,0.733631,0.73389,0.740605,0.732738,0.733573,0.736513,0.738444,0.739481,0.73562,0.735648,0.736513,0.723285,0.707262,
69600,0.996034,0.997845,0.997184,0.995287,0.993075,0.98796,0.983103,0.975833,0.96069,0.941609,0.914023,0.871063,0.817069,0.751322,0.692931,0.667931,0.674282,0.688362,0.705833,0.711897,0.731178,0.732414,0.737443,0.735948,0.738276,0.734828,0.735603,0.735833,0.733822,0.740345,0.739914,0.738994,0.735057,0.743362,0.741006,0.737615,0.733707,0.733793,0.740632,0.732644,0.733649,0.736609,0.738391,0.739828,0.735718,0.735661,0.736638,0.723276,0.707184,
69800,0.996046,0.997851,0.997135,0.995272,0.993066,0.987937,0.983123,0.975845,0.96063,0.941633,0.914011,0.871089,0.817163,0.751461,0.693238,0.667679,0.674413,0.688395,0.70596,0.712034,0.731117,0.732579,0.736963,0.735845,0.738252,0.73447,0.735587,0.735845,0.733725,0.740143,0.740057,0.738797,0.734928,0.743496,0.74106,0.73745,0.73384,0.734069,0.74043,0.732436,0.73384,0.736819,0.738453,0.739943,0.735817,0.735616,0.736676,0.722951,0.706877,
70000,0.996057,0.997829,0.997143,0.995229,0.993086,0.987943,0.983143,0.975857,0.960657,0.941657,0.913971,0.8712,0.8172,0.7512,0.693114,0.667286,0.674429,0.688457,0.706143,0.712229,0.731171,0.732743,0.737057,0.736057,0.7384,0.734429,0.7356,0.735886,0.7338,0.739829,0.739943,0.738857,0.735114,0.743629,0.741114,0.737686,0.734,0.734057,0.740457,0.732857,0.734,0.736771,0.738543,0.740029,0.7358,0.735571,0.736657,0.722714,0.7068,
70200,0.996011,0.997835,0.997151,0.995242,0.993077,0.987949,0.983191,0.975869,0.96057,0.941624,0.914131,0.871168,0.817293,0.751168,0.69302,0.667265,0.674473,0.688462,0.706068,0.712165,0.730969,0.732735,0.737208,0.736068,0.738405,0.734473,0.735755,0.735499,0.73396,0.739687,0.739915,0.738889,0.735385,0.743903,0.741197,0.737607,0.734074,0.734074,0.74037,0.732991,0.733789,0.736695,0.738661,0.739658,0.735812,0.735698,0.73661,0.72265,0.706866,
70400,0.996023,0.997841,0.997131,0.995227,0.993068,0.987983,0.98321,0.97571,0.960426,0.941506,0.914091,0.871136,0.817244,0.751023,0.693125,0.667301,0.67446,0.688636,0.706165,0.711989,0.730767,0.732812,0.737386,0.736023,0.738295,0.734574,0.735824,0.735256,0.734205,0.739602,0.739886,0.738949,0.735369,0.743636,0.741136,0.737557,0.734205,0.734091,0.740369,0.733068,0.733864,0.736534,0.738636,0.739375,0.73571,0.735568,0.736676,0.722841,0.706705,
70600,0.996006,0.997819,0.99711,0.995212,0.993088,0.987989,0.983229,0.975751,0.960425,0.941586,0.914193,0.871076,0.817082,0.750878,0.693003,0.667507,0.674618,0.688527,0.706176,0.71221,0.730623,0.732578,0.737309,0.736006,0.738159,0.734419,0.735609,0.735212,0.734193,0.739603,0.739943,0.738924,0.735552,0.743569,0.741275,0.737819,0.734249,0.734108,0.740255,0.732946,0.733994,0.736487,0.738499,0.739235,0.735666,0.735779,0.736771,0.723031,0.706742,
70800,0.996017,0.997825,0.997119,0.995198,0.993107,0.987994,0.98322,0.975734,0.960339,0.941695,0.914124,0.870904,0.816949,0.750819,0.693079,0.667514,0.674774,0.68839,0.706271,0.712175,0.73048,0.732486,0.737486,0.736186,0.738164,0.734435,0.735678,0.735141,0.734068,0.739774,0.740113,0.739096,0.735621,0.743701,0.741497,0.737994,0.734209,0.73404,0.740452,0.733051,0.733983,0.73661,0.738333,0.739237,0.735678,0.735876,0.736836,0.723023,0.706836,
71000,0.996028,0.997803,0.997127,0.995211,0.99307,0.988028,0.983239,0.97569,0.960338,0.941775,0.914169,0.870958,0.816958,0.750817,0.693324,0.667521,0.674732,0.688338,0.706197,0.712169,0.730282,0.732535,0.73738,0.736254,0.738282,0.734394,0.735915,0.734958,0.734085,0.739972,0.739972,0.739296,0.73569,0.74369,0.74138,0.737915,0.73431,0.734,0.740366,0.733211,0.734028,0.736479,0.738394,0.739155,0.735746,0.735887,0.736873,0.723099,0.70693,
71200,0.996011,0.997781,0.997135,0.995197,0.99309,0.988062,0.983258,0.97573,0.960449,0.941742,0.914185,0.87118,0.817022,0.750787,0.693399,0.667444,0.674803,0.688062,0.706208,0.712612,0.730365,0.732669,0.7375,0.73632,0.73809,0.734579,0.73618,0.734972,0.733989,0.739803,0.740225,0.739326,0.735815,0.74368,0.741404,0.738034,0.73427,0.734017,0.740365,0.733174,0.734045,0.736573,0.738399,0.739298,0.735815,0.736039,0.73691,0.723202,0.706798,
71400,0.996022,0.997787,0.997115,0.99521,0.993081,0.988095,0.983249,0.97577,0.960308,0.941653,0.914062,0.871036,0.817171,0.750784,0.693613,0.667395,0.67465,0.688207,0.706387,0.712717,0.730336,0.732745,0.737423,0.736359,0.738011,0.734426,0.735994,0.734846,0.733557,0.739748,0.74028,0.739076,0.735658,0.743389,0.741485,0.738291,0.734538,0.734202,0.74042,0.733417,0.734202,0.736415,0.738151,0.739384,0.735938,0.735798,0.736863,0.723389,0.706807,
71600,0.996006,0.997793,0.997123,0.995223,0.993101,0.988073,0.98324,0.975698,0.960335,0.941676,0.91405,0.871006,0.816955,0.750866,0.693771,0.667318,0.674637,0.688184,0.706313,0.712877,0.730335,0.732737,0.737374,0.736313,0.737849,0.734609,0.73595,0.734609,0.733631,0.739777,0.740335,0.738994,0.73581,0.743352,0.741508,0.738101,0.734665,0.734106,0.740447,0.733631,0.734385,0.736397,0.73824,0.739413,0.735838,0.735698,0.736927,0.723296,0.706536,
71800,0.996017,0.997799,0.997103,0.995237,0.99312,0.988078,0.983175,0.975543,0.960362,0.941755,0.914039,0.871031,0.817047,0.751058,0.693593,0.667159,0.674735,0.688245,0.70624,0.713092,0.730223,0.732813,0.737465,0.736184,0.737939,0.734568,0.735682,0.734708,0.733482,0.739777,0.740474,0.738858,0.73571,0.743538,0.741643,0.738245,0.734958,0.734373,0.740223,0.733482,0.734596,0.736518,0.738384,0.739387,0.735822,0.735627,0.736741,0.723287,0.70649,
72000,0.996028,0.997806,0.997111,0.99525,0.993139,0.988056,0.983139,0.975528,0.960361,0.941833,0.913972,0.870889,0.816806,0.751028,0.693667,0.667222,0.674944,0.687889,0.706333,0.713056,0.730333,0.732861,0.737583,0.735972,0.738194,0.734722,0.73575,0.734861,0.733167,0.739833,0.740444,0.738611,0.735611,0.743556,0.741639,0.73825,0.734833,0.734444,0.740306,0.733472,0.734667,0.736472,0.738056,0.739472,0.735778,0.735667,0.736778,0.723306,0.706389,
72200,0.996011,0.997812,0.997119,0.995208,0.99313,0.988089,0.983186,0.975512,0.96036,0.941801,0.913989,0.871053,0.817036,0.750997,0.693823,0.666925,0.675125,0.688255,0.70662,0.713213,0.730388,0.732881,0.737618,0.7359,0.737895,0.734432,0.735762,0.734848,0.733213,0.739861,0.740609,0.738726,0.735485,0.74349,0.74169,0.738255,0.734765,0.734127,0.740111,0.733712,0.734765,0.736316,0.738006,0.739557,0.735983,0.735596,0.736981,0.723573,0.706343,
72400,0.995994,0.997818,0.997099,0.995221,0.993149,0.988122,0.983232,0.975442,0.960331,0.941823,0.91395,0.871022,0.817044,0.750773,0.693674,0.66674,0.674945,0.688591,0.706878,0.713315,0.730304,0.732873,0.737459,0.736022,0.738011,0.73453,0.735746,0.734917,0.732956,0.73989,0.74058,0.738564,0.735663,0.743287,0.741685,0.738287,0.734945,0.734171,0.739945,0.733564,0.734724,0.736243,0.737956,0.739669,0.73605,0.735525,0.736851,0.723674,0.706298,
72600,0.996006,0.997824,0.99708,0.995207,0.99314,0.988044,0.983223,0.975427,0.960358,0.941983,0.913884,0.870992,0.81719,0.751074,0.693747,0.66686,0.674821,0.688485,0.706612,0.713113,0.729532,0.732507,0.737631,0.736088,0.737824,0.734353,0.735895,0.735014,0.73314,0.73978,0.740661,0.73865,0.735758,0.743526,0.741488,0.738099,0.735207,0.734242,0.739945,0.733526,0.734573,0.736198,0.738044,0.739972,0.736171,0.73584,0.73697,0.723526,0.70595,
72800,0.996016,0.99783,0.997088,0.99522,0.993159,0.988049,0.983132,0.975412,0.960357,0.941923,0.913874,0.871181,0.817143,0.750907,0.693846,0.667225,0.674725,0.688462,0.706538,0.713077,0.729231,0.73261,0.737527,0.736126,0.738077,0.734698,0.735797,0.734973,0.733159,0.739753,0.740687,0.738764,0.735879,0.743599,0.741538,0.738214,0.735082,0.734093,0.74022,0.733544,0.734588,0.736209,0.738187,0.739835,0.736429,0.735907,0.736786,0.723654,0.705879,
73000,0.996,0.997836,0.997068,0.995151,0.993178,0.987973,0.983178,0.975479,0.960438,0.941918,0.913973,0.871315,0.817425,0.750959,0.693918,0.666932,0.674959,0.688274,0.706603,0.713123,0.729479,0.732685,0.737425,0.735945,0.738082,0.734767,0.735863,0.735123,0.733096,0.739534,0.740548,0.738575,0.735836,0.743671,0.74126,0.738192,0.734959,0.734027,0.740082,0.733616,0.734877,0.736137,0.738247,0.74,0.736493,0.736219,0.736795,0.723534,0.705918,
73200,0.995984,0.997842,0.997077,0.995137,0.993197,0.987923,0.983197,0.975519,0.960383,0.941913,0.913852,0.871202,0.817295,0.75112,0.694098,0.66694,0.675055,0.688443,0.706339,0.712951,0.729563,0.732404,0.737322,0.73612,0.738224,0.735,0.735792,0.735137,0.733197,0.739699,0.740601,0.738607,0.736038,0.743743,0.741066,0.738115,0.735164,0.734153,0.740191,0.733689,0.734973,0.736038,0.738142,0.739617,0.736612,0.73623,0.736721,0.723661,0.705874,
73400,0.99594,0.997847,0.997084,0.99515,0.993215,0.987956,0.983215,0.975559,0.960354,0.941907,0.913842,0.870981,0.817193,0.751226,0.694087,0.667248,0.67485,0.688529,0.706104,0.713161,0.729755,0.732561,0.737166,0.736076,0.73842,0.735068,0.735913,0.735259,0.733569,0.739564,0.740899,0.738774,0.736185,0.743488,0.741035,0.738311,0.735177,0.734087,0.740354,0.733515,0.734959,0.735749,0.737956,0.739482,0.736485,0.736376,0.73673,0.723624,0.705995,
73600,0.995924,0.997853,0.997092,0.995163,0.993234,0.987989,0.983207,0.975625,0.96038,0.941957,0.913832,0.871087,0.817147,0.751413,0.694076,0.667038,0.674973,0.68856,0.705978,0.713261,0.72962,0.732853,0.737337,0.735951,0.738342,0.734918,0.735924,0.73538,0.733315,0.739429,0.740951,0.73875,0.736332,0.743397,0.741005,0.738288,0.735299,0.734049,0.740516,0.733505,0.735109,0.735897,0.738043,0.739103,0.736495,0.736549,0.736522,0.723668,0.706087,
73800,0.995935,0.997859,0.9971,0.995149,0.993252,0.988022,0.983225,0.975583,0.960379,0.942033,0.913821,0.870949,0.817154,0.751165,0.69439,0.667209,0.674905,0.688753,0.70607,0.713117,0.729295,0.732954,0.737154,0.736016,0.738428,0.734986,0.736098,0.735556,0.733442,0.739512,0.741003,0.738862,0.735908,0.743306,0.740867,0.738293,0.73542,0.733984,0.740244,0.73374,0.735068,0.735799,0.737995,0.739024,0.736369,0.73645,0.736612,0.72374,0.706341,
74000,0.995946,0.997838,0.997108,0.995162,0.99327,0.988,0.983216,0.975595,0.960378,0.942081,0.91373,0.870892,0.817189,0.750892,0.694432,0.667378,0.674865,0.688838,0.706027,0.713351,0.72927,0.733081,0.737108,0.736,0.73827,0.73527,0.736189,0.735568,0.733405,0.739649,0.740838,0.738919,0.735892,0.743351,0.741054,0.738405,0.735595,0.733946,0.740405,0.733649,0.734946,0.735784,0.738054,0.738811,0.736541,0.736568,0.736811,0.723757,0.706541,
74200,0.99593,0.997844,0.997089,0.995148,0.993288,0.987978,0.983235,0.975606,0.960377,0.942075,0.913747,0.870863,0.817143,0.750809,0.694474,0.667574,0.674879,0.68876,0.705903,0.712911,0.729299,0.733019,0.737062,0.736038,0.738302,0.735283,0.736092,0.735418,0.733639,0.739569,0.74097,0.739057,0.736011,0.743288,0.741051,0.738518,0.735606,0.733854,0.740431,0.733827,0.735013,0.735849,0.738194,0.73903,0.736765,0.736334,0.736577,0.723693,0.706604,
74400,0.995914,0.997849,0.997097,0.995108,0.993306,0.987957,0.983226,0.975565,0.960403,0.942124,0.913737,0.870833,0.817016,0.751075,0.694624,0.667876,0.674812,0.688683,0.705806,0.712849,0.729167,0.732984,0.737258,0.735914,0.738091,0.735242,0.735995,0.735349,0.733683,0.739597,0.740968,0.739167,0.736263,0.743306,0.74121,0.738602,0.735618,0.733306,0.740188,0.73379,0.735,0.735833,0.738414,0.739167,0.736855,0.736237,0.736452,0.723737,0.706667,
74600,0.995925,0.997855,0.997051,0.995121,0.993298,0.987989,0.983164,0.975576,0.960429,0.942145,0.913753,0.870777,0.817105,0.751019,0.694504,0.667962,0.674745,0.68874,0.705764,0.712869,0.729062,0.73319,0.737265,0.735925,0.737936,0.735174,0.735898,0.735147,0.733592,0.739598,0.741019,0.739383,0.736086,0.743271,0.741314,0.738633,0.73571,0.733432,0.740054,0.733727,0.734906,0.735684,0.738418,0.739249,0.736863,0.736273,0.736622,0.72378,0.706676,
74800,0.995936,0.997861,0.997059,0.995134,0.993316,0.987995,0.983182,0.975508,0.960428,0.942112,0.913877,0.870856,0.816898,0.750909,0.694599,0.668155,0.674813,0.688904,0.705882,0.712701,0.729011,0.733075,0.73738,0.736123,0.738209,0.735374,0.736016,0.735053,0.733583,0.739492,0.741016,0.739332,0.736016,0.743021,0.74115,0.73861,0.735802,0.733422,0.740241,0.733797,0.734813,0.735936,0.73861,0.739171,0.736791,0.736283,0.736684,0.723797,0.706604,
75000,0.995947,0.997867,0.99704,0.995147,0.993333,0.987947,0.983173,0.975493,0.960427,0.94216,0.913947,0.870747,0.816853,0.750987,0.694533,0.6684,0.674747,0.68896,0.705867,0.71256,0.729093,0.733013,0.73728,0.73624,0.737973,0.735253,0.736107,0.735147,0.733707,0.73976,0.741227,0.739547,0.736107,0.743013,0.741147,0.738373,0.735627,0.73352,0.7404,0.734053,0.73496,0.73592,0.73864,0.7392,0.736667,0.736053,0.7368,0.723787,0.706613,
75200,0.995957,0.997872,0.996995,0.995133,0.993324,0.987979,0.983138,0.975505,0.960372,0.942207,0.91383,0.870824,0.816968,0.751117,0.694574,0.668404,0.674362,0.68867,0.705878,0.712606,0.729309,0.732952,0.737074,0.736117,0.738005,0.735319,0.736356,0.73508,0.73375,0.739761,0.74117,0.739654,0.736011,0.742979,0.741277,0.738431,0.735665,0.73367,0.740372,0.734202,0.735133,0.735957,0.738723,0.739255,0.736463,0.735798,0.736755,0.72367,0.706702,
75400,0.995915,0.997878,0.996976,0.995146,0.993316,0.988011,0.98313,0.975491,0.960451,0.942255,0.913899,0.870663,0.81695,0.751273,0.694615,0.668117,0.674191,0.688806,0.705836,0.712865,0.729151,0.732838,0.737109,0.736101,0.73817,0.735332,0.73618,0.735066,0.733714,0.740027,0.741247,0.739655,0.736074,0.742997,0.741512,0.738568,0.735676,0.733714,0.740212,0.734377,0.735172,0.736021,0.738435,0.739337,0.736472,0.735995,0.73695,0.723793,0.706684,
75600,0.995926,0.997857,0.996984,0.995159,0.993333,0.988016,0.983122,0.975503,0.960397,0.942302,0.913889,0.870741,0.817011,0.751243,0.694656,0.667963,0.674365,0.688862,0.705741,0.712751,0.729206,0.732646,0.737196,0.73582,0.738228,0.735212,0.736111,0.735185,0.733757,0.739974,0.740952,0.739841,0.736058,0.743201,0.741693,0.738624,0.735794,0.733624,0.740026,0.734339,0.735291,0.736032,0.73836,0.739312,0.73672,0.735847,0.737063,0.723651,0.706561,
75800,0.99591,0.997863,0.996939,0.995172,0.993298,0.988047,0.983166,0.975541,0.960475,0.942216,0.913905,0.870686,0.817045,0.751214,0.694617,0.667995,0.674485,0.68905,0.705831,0.712876,0.729288,0.732612,0.737071,0.735515,0.737916,0.735092,0.736174,0.735198,0.733799,0.739868,0.741161,0.739868,0.736253,0.743272,0.74153,0.738496,0.735884,0.733615,0.740343,0.734485,0.73504,0.73628,0.738206,0.739367,0.736887,0.735726,0.737018,0.723377,0.706623,
76000,0.995895,0.997842,0.996947,0.995184,0.993289,0.988053,0.983184,0.975526,0.9605,0.942289,0.913947,0.870737,0.817079,0.751211,0.694842,0.667842,0.674605,0.689,0.705868,0.712711,0.729289,0.732605,0.737,0.735395,0.737368,0.735211,0.736474,0.735184,0.733763,0.739947,0.741105,0.739947,0.735974,0.743079,0.7415,0.738895,0.736053,0.7335,0.740368,0.734553,0.735132,0.736026,0.738342,0.7395,0.736789,0.735658,0.736868,0.723605,0.706763,
76200,0.995879,0.997848,0.996955,0.995197,0.993307,0.988058,0.983228,0.975486,0.960525,0.942388,0.913911,0.870709,0.817244,0.750892,0.694803,0.667769,0.674593,0.688898,0.705669,0.712546,0.729186,0.732493,0.736798,0.735381,0.737218,0.735354,0.736614,0.735197,0.733885,0.739764,0.741102,0.739948,0.735827,0.743018,0.741496,0.738976,0.735984,0.733543,0.740577,0.734462,0.735118,0.735984,0.738294,0.739318,0.736929,0.735617,0.73664,0.723727,0.70685,
76400,0.99589,0.997853,0.996937,0.995157,0.993246,0.988063,0.983194,0.975524,0.960445,0.942513,0.913927,0.870602,0.817016,0.751099,0.694817,0.667827,0.674634,0.689058,0.705838,0.712644,0.729293,0.732539,0.736911,0.735366,0.737382,0.735288,0.73678,0.735183,0.733822,0.739791,0.741178,0.739764,0.735602,0.74288,0.741492,0.739058,0.735969,0.733691,0.740759,0.734267,0.735209,0.735707,0.738115,0.739241,0.736963,0.735759,0.736518,0.723691,0.707094,
76600,0.995901,0.997859,0.996945,0.99517,0.993264,0.988068,0.983238,0.975483,0.960522,0.942454,0.914073,0.870679,0.817023,0.751149,0.69483,0.667807,0.674804,0.68893,0.705718,0.712559,0.729373,0.732559,0.73658,0.735196,0.737154,0.735535,0.736658,0.735222,0.733969,0.739922,0.741279,0.739948,0.735326,0.743081,0.741332,0.739112,0.73577,0.733655,0.740653,0.734178,0.735144,0.73564,0.737937,0.739399,0.737023,0.735692,0.736397,0.723551,0.706919,
76800,0.995911,0.997865,0.996953,0.995156,0.993281,0.988073,0.983255,0.975495,0.960521,0.942448,0.91401,0.870573,0.817005,0.751146,0.694922,0.668047,0.674635,0.689063,0.705547,0.712396,0.729115,0.73263,0.736797,0.735313,0.73724,0.735573,0.736563,0.735286,0.733932,0.739896,0.74112,0.740104,0.735521,0.743047,0.741406,0.73901,0.735807,0.733646,0.740833,0.734297,0.73513,0.73599,0.737865,0.739427,0.736927,0.735443,0.73651,0.723646,0.706927,
77000,0.995922,0.997818,0.996935,0.995169,0.993299,0.988052,0.983273,0.975429,0.960623,0.942545,0.914078,0.870571,0.817117,0.751065,0.694545,0.667818,0.674857,0.689351,0.705558,0.712338,0.728909,0.732701,0.736883,0.735455,0.737247,0.735584,0.736468,0.735273,0.734104,0.73987,0.740961,0.74026,0.735766,0.743143,0.741221,0.739065,0.736026,0.733922,0.740883,0.734364,0.735195,0.735818,0.737792,0.739403,0.736805,0.735325,0.736468,0.723688,0.706883,
77200,0.995933,0.997824,0.996943,0.995181,0.993316,0.988057,0.983264,0.975389,0.960596,0.942565,0.914067,0.87057,0.817202,0.751088,0.694482,0.667824,0.675078,0.689508,0.705648,0.712383,0.728834,0.73285,0.737073,0.735415,0.737254,0.735466,0.736528,0.735363,0.734249,0.739845,0.741036,0.740285,0.735648,0.743083,0.74101,0.739067,0.736192,0.733756,0.74101,0.734456,0.735285,0.735829,0.73772,0.73956,0.73658,0.735389,0.736658,0.72386,0.706995,
77400,0.995917,0.997829,0.996951,0.995142,0.993307,0.98801,0.983282,0.975375,0.960568,0.942532,0.914005,0.870646,0.817054,0.751034,0.694496,0.667855,0.675142,0.689664,0.705426,0.712248,0.72863,0.732636,0.736951,0.735478,0.737339,0.735581,0.736744,0.73522,0.734134,0.739922,0.740956,0.740362,0.735581,0.743204,0.741214,0.739018,0.736047,0.733798,0.741034,0.73416,0.735323,0.735917,0.737907,0.739638,0.736408,0.735323,0.736615,0.723928,0.707054,
77600,0.995928,0.997835,0.996959,0.995155,0.993273,0.988041,0.983222,0.975361,0.960567,0.942552,0.914021,0.870515,0.817088,0.751134,0.694613,0.667809,0.675077,0.689562,0.705593,0.712397,0.728351,0.732784,0.736881,0.735619,0.737345,0.735412,0.736598,0.735335,0.734227,0.739974,0.741134,0.740387,0.735799,0.743376,0.741237,0.739227,0.736186,0.733943,0.740799,0.734304,0.73518,0.735799,0.738015,0.739639,0.736366,0.735258,0.736675,0.723814,0.706881,
77800,0.995938,0.997841,0.996967,0.995167,0.993265,0.988046,0.983239,0.975347,0.960566,0.942571,0.914036,0.870334,0.817249,0.751285,0.694602,0.667532,0.674987,0.689743,0.705887,0.712494,0.728303,0.732674,0.736812,0.735578,0.737404,0.735578,0.736555,0.735398,0.734344,0.74018,0.74126,0.740463,0.735758,0.743393,0.741285,0.739049,0.736093,0.73383,0.740694,0.734139,0.735373,0.735861,0.738021,0.739614,0.736478,0.735193,0.736864,0.723959,0.706889,
78000,0.995949,0.997846,0.996949,0.995179,0.993231,0.988051,0.983256,0.975359,0.960615,0.942692,0.914103,0.870256,0.817154,0.751179,0.694385,0.667462,0.675077,0.689872,0.705795,0.712308,0.728359,0.732769,0.736769,0.735744,0.737282,0.735385,0.736564,0.735615,0.734564,0.740308,0.741077,0.740385,0.735641,0.743641,0.741564,0.739128,0.735974,0.733846,0.740615,0.734308,0.735308,0.735795,0.738103,0.739359,0.736667,0.735436,0.737051,0.723769,0.706872,
78200,0.995959,0.997852,0.996957,0.995166,0.993248,0.988082,0.983274,0.975422,0.960639,0.942685,0.914066,0.870256,0.817187,0.751074,0.694322,0.667724,0.674757,0.689744,0.705499,0.712379,0.728235,0.732839,0.736905,0.735908,0.737187,0.735396,0.736445,0.735396,0.734501,0.740409,0.7411,0.740384,0.735652,0.743555,0.741483,0.739207,0.736061,0.733632,0.740486,0.734143,0.735243,0.735831,0.738261,0.739386,0.736905,0.735396,0.737008,0.72376,0.707084,
78400,0.995918,0.997857,0.996964,0.995153,0.99324,0.988087,0.983291,0.975459,0.960612,0.94273,0.914005,0.870026,0.81699,0.750969,0.69449,0.667628,0.674949,0.689872,0.70551,0.712449,0.728112,0.732857,0.736862,0.73602,0.737066,0.735383,0.736352,0.73551,0.734515,0.740434,0.741122,0.740332,0.735689,0.743597,0.741505,0.739286,0.735969,0.73375,0.740153,0.734158,0.735306,0.735689,0.738189,0.739286,0.737092,0.735383,0.736939,0.723801,0.707092,
78600,0.995929,0.997863,0.996972,0.995165,0.993232,0.988092,0.983308,0.975445,0.960662,0.942646,0.914173,0.87,0.816819,0.750891,0.694504,0.667634,0.674707,0.689949,0.705623,0.712595,0.728219,0.732977,0.73687,0.736031,0.736896,0.735267,0.736361,0.735445,0.734529,0.740534,0.74112,0.740153,0.735623,0.743715,0.741679,0.739389,0.736005,0.733766,0.740229,0.734198,0.73542,0.735522,0.738015,0.739211,0.736997,0.735827,0.737099,0.72369,0.707252,
78800,0.995914,0.997868,0.99698,0.995178,0.993249,0.988046,0.983325,0.975482,0.960685,0.942589,0.914188,0.870228,0.816802,0.751066,0.694213,0.667741,0.674569,0.690102,0.705736,0.712665,0.727766,0.732766,0.737005,0.736117,0.736878,0.735305,0.736345,0.735431,0.734645,0.740584,0.741168,0.740482,0.735964,0.743579,0.741751,0.739264,0.735787,0.733832,0.740203,0.734188,0.735381,0.735584,0.738096,0.739264,0.73703,0.735964,0.73698,0.723579,0.707183,
79000,0.995899,0.997873,0.996987,0.99519,0.993241,0.988051,0.983316,0.975544,0.960658,0.942633,0.914278,0.870354,0.816886,0.750886,0.694228,0.66757,0.674278,0.690051,0.705747,0.712886,0.727696,0.732658,0.737013,0.736025,0.736937,0.735215,0.736481,0.735266,0.734709,0.74043,0.741215,0.740456,0.735899,0.743772,0.741823,0.739468,0.735899,0.733848,0.740127,0.734152,0.735418,0.735316,0.738127,0.738987,0.736734,0.736127,0.737089,0.72362,0.707241,
79200,0.995909,0.997879,0.996995,0.995202,0.993258,0.988056,0.983308,0.975581,0.960657,0.942652,0.914217,0.870278,0.816995,0.751035,0.694343,0.667727,0.674268,0.690076,0.705657,0.712803,0.727626,0.732424,0.73697,0.735859,0.736843,0.735303,0.736338,0.735253,0.734924,0.740556,0.740909,0.740253,0.735985,0.743687,0.741919,0.739495,0.735833,0.734116,0.740354,0.733914,0.735556,0.735505,0.73803,0.739116,0.736869,0.735985,0.737045,0.723434,0.707323,
79400,0.995919,0.997859,0.997003,0.995214,0.993275,0.98801,0.983325,0.975642,0.960605,0.942569,0.914106,0.870176,0.816952,0.751033,0.694257,0.667758,0.674408,0.689874,0.705617,0.712947,0.727456,0.732166,0.737154,0.73597,0.736776,0.73529,0.736171,0.735189,0.734685,0.740378,0.741008,0.740277,0.735919,0.743652,0.74194,0.739395,0.735844,0.734257,0.740529,0.73398,0.73539,0.735365,0.738111,0.739118,0.736625,0.735894,0.736977,0.723552,0.707456,
79600,0.99593,0.997864,0.99701,0.995201,0.993241,0.98794,0.983342,0.975653,0.960653,0.942688,0.914146,0.870151,0.81706,0.751005,0.694146,0.667789,0.674347,0.690075,0.705678,0.712889,0.727538,0.732312,0.737286,0.736005,0.736809,0.735302,0.736206,0.735126,0.734648,0.740477,0.741005,0.740251,0.735905,0.743643,0.74196,0.739221,0.735829,0.73402,0.740653,0.734146,0.735327,0.735427,0.738191,0.739146,0.736281,0.735829,0.73696,0.723518,0.707538,
79800,0.995915,0.99787,0.996967,0.995213,0.993233,0.98797,0.983333,0.975639,0.960677,0.942757,0.914035,0.870301,0.817168,0.751003,0.694211,0.66807,0.674261,0.68995,0.705639,0.713058,0.727469,0.73213,0.737368,0.736165,0.737018,0.735464,0.73599,0.734862,0.734837,0.740501,0.741153,0.740451,0.735764,0.743684,0.741955,0.739273,0.73599,0.73406,0.740752,0.733985,0.735464,0.735564,0.73817,0.738972,0.736316,0.735714,0.737068,0.723409,0.707519,
80000,0.995925,0.997875,0.996975,0.9952,0.993225,0.987975,0.983325,0.975625,0.96055,0.9427,0.91395,0.87035,0.8172,0.751125,0.69415,0.668,0.674425,0.69005,0.7056,0.713025,0.72735,0.7323,0.737475,0.7361,0.7372,0.73555,0.736075,0.735025,0.73485,0.740425,0.74135,0.74045,0.735875,0.743675,0.742225,0.7394,0.7358,0.73405,0.74065,0.734175,0.735425,0.73565,0.7382,0.738925,0.73625,0.73575,0.737075,0.72355,0.70755,
80200,0.995935,0.99788,0.996983,0.995212,0.993217,0.987955,0.983367,0.975636,0.960499,0.942594,0.913915,0.87015,0.817357,0.751247,0.694414,0.667805,0.674439,0.690274,0.705611,0.713242,0.727382,0.732319,0.737631,0.736185,0.737057,0.735387,0.73601,0.734888,0.734688,0.740648,0.741347,0.740324,0.735786,0.743641,0.74217,0.739302,0.735711,0.73389,0.740499,0.734065,0.735362,0.73581,0.738229,0.738778,0.736384,0.735561,0.737207,0.723466,0.707207,
80400,0.995945,0.997886,0.99699,0.995224,0.993209,0.98796,0.983408,0.975697,0.960522,0.942562,0.913955,0.870224,0.817264,0.751169,0.694527,0.667687,0.674328,0.690199,0.705348,0.713483,0.727289,0.732488,0.737786,0.736418,0.737015,0.735721,0.736219,0.73495,0.734577,0.740672,0.741318,0.740174,0.735522,0.743856,0.742313,0.739502,0.735871,0.73393,0.740597,0.734154,0.735473,0.735771,0.738333,0.738682,0.736318,0.735647,0.73709,0.723582,0.707139,
80600,0.995955,0.997866,0.996998,0.995186,0.993201,0.98799,0.983449,0.975682,0.960496,0.942605,0.913945,0.870149,0.817146,0.750943,0.694615,0.66794,0.674566,0.690248,0.705335,0.713499,0.72737,0.732382,0.737395,0.736551,0.737171,0.735856,0.736104,0.734963,0.734615,0.740521,0.74129,0.740149,0.735658,0.743846,0.742283,0.739504,0.736055,0.733921,0.740422,0.734342,0.735409,0.735707,0.738387,0.738734,0.736079,0.735757,0.737221,0.723697,0.707221,
80800,0.995916,0.997871,0.997005,0.995198,0.993193,0.987946,0.983441,0.975718,0.960495,0.942599,0.913886,0.870272,0.817153,0.750866,0.694381,0.668045,0.674579,0.690198,0.705594,0.713812,0.727599,0.732327,0.737401,0.736708,0.737302,0.735866,0.736139,0.73495,0.734406,0.740495,0.741238,0.740025,0.735743,0.74396,0.7425,0.73953,0.736238,0.734059,0.740272,0.734381,0.73547,0.735619,0.738416,0.738713,0.73599,0.735668,0.73698,0.723713,0.707203,
81000,0.995926,0.997852,0.997012,0.995185,0.99321,0.987852,0.983481,0.975728,0.960519,0.942568,0.913901,0.870198,0.817037,0.750765,0.694543,0.668247,0.674889,0.690247,0.705654,0.714,0.727284,0.732099,0.737358,0.736617,0.737358,0.735778,0.736123,0.734938,0.734395,0.740519,0.741333,0.740025,0.735556,0.743753,0.742543,0.73958,0.736395,0.734173,0.740099,0.734222,0.735333,0.73558,0.738321,0.73884,0.736,0.735481,0.736765,0.723802,0.707358,
81200,0.995936,0.997857,0.99702,0.995172,0.993202,0.987882,0.983473,0.97569,0.960542,0.942537,0.913818,0.870222,0.816946,0.75069,0.694704,0.667833,0.675246,0.690369,0.705714,0.71399,0.72697,0.732069,0.737512,0.736773,0.737414,0.735764,0.735985,0.735025,0.734557,0.740296,0.741429,0.740099,0.73564,0.743818,0.742414,0.739483,0.736305,0.734236,0.740271,0.734236,0.735468,0.735813,0.738424,0.738719,0.735862,0.735369,0.736576,0.723793,0.707512,
81400,0.995946,0.997862,0.997027,0.99516,0.993219,0.987912,0.983464,0.975749,0.960516,0.94258,0.913931,0.870295,0.816806,0.750737,0.694398,0.667789,0.675233,0.690344,0.705848,0.714324,0.726929,0.73226,0.737568,0.736904,0.737445,0.735725,0.736093,0.735061,0.734595,0.740442,0.741425,0.739877,0.735258,0.74371,0.742408,0.739656,0.736167,0.734201,0.740123,0.734103,0.735528,0.735774,0.738428,0.738673,0.736044,0.735479,0.736585,0.723857,0.707592,
81600,0.995931,0.997868,0.99701,0.995172,0.993211,0.987892,0.983431,0.975711,0.960564,0.942574,0.913946,0.869975,0.816642,0.750931,0.694216,0.668186,0.675417,0.690245,0.705637,0.714216,0.726863,0.732279,0.737598,0.737108,0.737328,0.735784,0.736152,0.734853,0.734559,0.740686,0.741544,0.739975,0.734975,0.743676,0.742108,0.739804,0.736373,0.734412,0.740221,0.733676,0.735417,0.736029,0.738382,0.738946,0.735931,0.735466,0.736593,0.723799,0.70723,
81800,0.995868,0.997873,0.996993,0.995183,0.993227,0.987897,0.983472,0.975721,0.960587,0.942469,0.913765,0.87,0.816724,0.750905,0.694059,0.66824,0.675526,0.690538,0.705746,0.71445,0.726846,0.732249,0.737359,0.737042,0.737188,0.735746,0.736088,0.734988,0.734621,0.740611,0.741443,0.74,0.734939,0.743545,0.742176,0.739731,0.736308,0.734597,0.740318,0.733643,0.735355,0.735868,0.738533,0.738826,0.735844,0.735623,0.736528,0.72379,0.707335,
82000,0.995854,0.997854,0.997,0.995146,0.993244,0.987927,0.983488,0.975707,0.960512,0.942512,0.913732,0.869951,0.81678,0.750829,0.693976,0.668171,0.675659,0.690732,0.705902,0.714707,0.726537,0.732244,0.737463,0.737073,0.73739,0.735756,0.736171,0.735122,0.734659,0.740439,0.74139,0.739902,0.735049,0.743317,0.742293,0.739488,0.736415,0.734585,0.74039,0.733683,0.735293,0.735854,0.738561,0.738756,0.736049,0.735805,0.736585,0.723732,0.707366,
82200,0.995864,0.997859,0.997007,0.995134,0.993236,0.987956,0.983528,0.975718,0.960487,0.942433,0.913601,0.869757,0.81691,0.750803,0.694161,0.668151,0.675426,0.690925,0.705839,0.714623,0.726642,0.732238,0.737397,0.737299,0.737494,0.735669,0.735961,0.735182,0.734647,0.740608,0.741265,0.739757,0.735328,0.743333,0.742311,0.739367,0.736496,0.734501,0.740292,0.733771,0.735207,0.735985,0.73854,0.738637,0.736156,0.736083,0.736472,0.723504,0.707105,
82400,0.995874,0.997864,0.997015,0.995146,0.993252,0.987961,0.983544,0.97568,0.960461,0.9425,0.913592,0.869733,0.817063,0.750947,0.694248,0.668252,0.675388,0.690777,0.705655,0.714927,0.726505,0.732451,0.737451,0.73716,0.737549,0.735728,0.735922,0.735388,0.734466,0.740485,0.741262,0.739879,0.735413,0.743155,0.74233,0.739175,0.736408,0.734466,0.740485,0.733762,0.735218,0.735898,0.738422,0.738568,0.736044,0.736214,0.736578,0.723325,0.706942,
82600,0.995884,0.997869,0.997022,0.995157,0.993245,0.987966,0.983535,0.975642,0.960533,0.942494,0.913462,0.869855,0.816998,0.750751,0.69431,0.668184,0.675496,0.690944,0.705617,0.715036,0.72661,0.73247,0.737385,0.737215,0.737482,0.735593,0.735981,0.735375,0.734431,0.740581,0.741332,0.739879,0.735036,0.743172,0.742421,0.739007,0.736513,0.734479,0.740412,0.73368,0.735303,0.735908,0.738378,0.738547,0.736295,0.73632,0.736392,0.723341,0.706804,
82800,0.995894,0.997874,0.997029,0.995169,0.993237,0.987995,0.983527,0.975628,0.960556,0.94244,0.913454,0.869952,0.817126,0.750773,0.69413,0.668092,0.675507,0.690845,0.705604,0.715072,0.72657,0.732536,0.737488,0.737126,0.737295,0.7357,0.735845,0.735459,0.734541,0.740604,0.741353,0.739879,0.734952,0.743092,0.742609,0.739251,0.73657,0.734493,0.740314,0.733599,0.735338,0.73587,0.738382,0.738333,0.73628,0.736159,0.736473,0.723502,0.707029,
83000,0.995904,0.99788,0.997036,0.995157,0.993205,0.988,0.983518,0.975614,0.960578,0.942482,0.913446,0.869928,0.817108,0.750819,0.694169,0.667976,0.675301,0.690747,0.705614,0.715301,0.726771,0.732578,0.737229,0.737181,0.737229,0.73559,0.735855,0.735663,0.734506,0.740795,0.741494,0.739904,0.735012,0.743036,0.742699,0.739301,0.736602,0.734578,0.740289,0.733663,0.735205,0.735831,0.738554,0.738386,0.736386,0.736072,0.736458,0.723349,0.707036,
83200,0.995913,0.997885,0.997043,0.995144,0.993221,0.988005,0.983558,0.975553,0.960505,0.942524,0.913293,0.869976,0.817043,0.750913,0.694327,0.668053,0.67524,0.690625,0.705625,0.715288,0.726995,0.732452,0.737115,0.736947,0.737356,0.735793,0.736058,0.735721,0.734519,0.740793,0.741466,0.739808,0.735,0.743053,0.742885,0.739159,0.736707,0.734375,0.740024,0.733822,0.735313,0.735889,0.738654,0.738486,0.736274,0.736034,0.736394,0.723413,0.707091,
83400,0.995875,0.99789,0.99705,0.995156,0.993165,0.98801,0.983501,0.975588,0.960504,0.942542,0.913357,0.869832,0.817074,0.750983,0.69446,0.668393,0.675252,0.690336,0.705612,0.715132,0.727146,0.732374,0.737266,0.73705,0.73729,0.735779,0.735827,0.735516,0.734508,0.740863,0.741679,0.73976,0.734988,0.743141,0.74283,0.739424,0.736691,0.734197,0.740048,0.733909,0.7353,0.735731,0.738801,0.738681,0.736283,0.735947,0.736379,0.723477,0.707026,
83600,0.995885,0.997895,0.997057,0.99512,0.993158,0.988014,0.983541,0.975574,0.960455,0.942512,0.913349,0.869737,0.817057,0.751172,0.694593,0.668421,0.675144,0.689976,0.705574,0.71512,0.727129,0.732416,0.737153,0.73701,0.737177,0.735837,0.735813,0.735646,0.734522,0.740598,0.741483,0.739809,0.734904,0.74311,0.74299,0.739522,0.73677,0.734211,0.74,0.733852,0.735167,0.735574,0.738947,0.738565,0.736411,0.735933,0.736388,0.723469,0.706986,
83800,0.995895,0.9979,0.997064,0.995107,0.993174,0.988019,0.983532,0.975561,0.96043,0.942506,0.913317,0.869666,0.816945,0.751146,0.694749,0.668282,0.675155,0.689976,0.705632,0.715274,0.727375,0.732458,0.737303,0.736921,0.736969,0.735728,0.735656,0.735704,0.734487,0.740525,0.741575,0.739952,0.734726,0.743246,0.742983,0.739594,0.736587,0.734272,0.740095,0.73389,0.73506,0.735585,0.739021,0.738544,0.736468,0.735967,0.736301,0.723675,0.706945,
84000,0.995905,0.997905,0.997048,0.995048,0.993167,0.988024,0.983548,0.975548,0.960381,0.942405,0.913452,0.869643,0.816833,0.750952,0.694786,0.668214,0.675333,0.689952,0.7055,0.715381,0.727333,0.732667,0.737452,0.737048,0.73669,0.735738,0.735643,0.735571,0.734476,0.740619,0.741405,0.739976,0.734786,0.743071,0.742905,0.739429,0.736524,0.734286,0.740286,0.733833,0.735214,0.735476,0.739024,0.738619,0.7365,0.735976,0.736214,0.723881,0.707,
84200,0.995914,0.99791,0.997055,0.995059,0.993159,0.988052,0.983587,0.975582,0.960428,0.942423,0.913492,0.869691,0.816817,0.75095,0.694798,0.668005,0.675558,0.689834,0.705558,0.715487,0.727197,0.732803,0.737553,0.736983,0.73658,0.735772,0.735724,0.735701,0.734418,0.740594,0.741283,0.740071,0.735036,0.743135,0.742993,0.739572,0.736461,0.734086,0.74,0.733919,0.735273,0.735582,0.73905,0.738717,0.736532,0.735891,0.736128,0.723848,0.707102,
84400,0.9959,0.997867,0.997062,0.995047,0.993152,0.988057,0.983602,0.97564,0.960498,0.942488,0.91346,0.869668,0.816801,0.751066,0.694479,0.668246,0.675592,0.690024,0.70564,0.715498,0.727204,0.732844,0.73737,0.736919,0.73654,0.735687,0.735616,0.735427,0.734455,0.740616,0.741493,0.739882,0.735118,0.742986,0.742938,0.739668,0.736517,0.733981,0.74,0.734028,0.73545,0.735592,0.738934,0.738673,0.736445,0.735616,0.736137,0.723768,0.70718,
84600,0.995887,0.997872,0.997069,0.995059,0.993144,0.988085,0.983617,0.975579,0.960544,0.942506,0.913333,0.869693,0.816738,0.751111,0.694515,0.668345,0.675437,0.689858,0.705556,0.715745,0.727376,0.733097,0.73747,0.736856,0.736548,0.735532,0.735532,0.735556,0.734444,0.74078,0.7413,0.739716,0.734965,0.742837,0.742766,0.739551,0.736265,0.733995,0.739835,0.733901,0.735319,0.735745,0.739125,0.738652,0.73643,0.735579,0.736028,0.723688,0.707352,
84800,0.995873,0.997877,0.997075,0.995071,0.99316,0.988066,0.983632,0.975566,0.96059,0.942476,0.91342,0.869623,0.816792,0.751274,0.694505,0.668208,0.675259,0.689858,0.705542,0.716132,0.727429,0.733184,0.737311,0.736981,0.73658,0.735566,0.735637,0.735684,0.734552,0.740613,0.741392,0.739646,0.735165,0.742689,0.742547,0.73941,0.736132,0.733986,0.739788,0.734033,0.735354,0.735495,0.738986,0.738608,0.736462,0.735684,0.735873,0.723726,0.707358,
85000,0.995882,0.997882,0.997082,0.995035,0.993129,0.988071,0.983647,0.975624,0.960588,0.942565,0.913365,0.869553,0.816824,0.750965,0.694494,0.668329,0.675412,0.689906,0.705506,0.716235,0.727388,0.733129,0.737482,0.736659,0.736659,0.735459,0.735788,0.7356,0.734541,0.740541,0.741482,0.739718,0.735341,0.742753,0.742376,0.739247,0.735976,0.734141,0.739835,0.734047,0.735224,0.735553,0.738918,0.738471,0.736588,0.735694,0.736047,0.723835,0.707388,
85200,0.995892,0.997887,0.997066,0.995047,0.993122,0.988052,0.983662,0.975634,0.96054,0.942582,0.91338,0.869507,0.81669,0.750939,0.694577,0.668263,0.675704,0.690023,0.705469,0.716127,0.727512,0.733099,0.737441,0.736526,0.736854,0.735634,0.735915,0.735657,0.73446,0.740493,0.741244,0.739789,0.735516,0.74277,0.74223,0.739296,0.736174,0.734155,0.74,0.733967,0.735376,0.735587,0.738897,0.738451,0.736573,0.735493,0.736056,0.723662,0.707371,
85400,0.995878,0.997869,0.997049,0.995059,0.993138,0.988033,0.983677,0.975574,0.960468,0.942646,0.913443,0.869532,0.816674,0.750843,0.694731,0.668454,0.675597,0.690258,0.705621,0.716042,0.727354,0.732927,0.737564,0.736534,0.736792,0.735761,0.736042,0.735457,0.734075,0.740422,0.741101,0.739789,0.73548,0.74274,0.742225,0.739321,0.736136,0.734286,0.739953,0.734075,0.73555,0.73555,0.738829,0.738337,0.736674,0.735105,0.736112,0.723677,0.707354,
85600,0.995864,0.997874,0.997056,0.995047,0.993154,0.988061,0.983715,0.975561,0.960467,0.94271,0.913271,0.869556,0.816776,0.750981,0.694883,0.668458,0.675818,0.69028,0.705584,0.715981,0.727266,0.732804,0.73736,0.736612,0.736869,0.735981,0.736168,0.735537,0.734089,0.740491,0.741145,0.739766,0.735421,0.742477,0.742243,0.739229,0.736098,0.734346,0.739907,0.734019,0.735888,0.735561,0.738645,0.738551,0.736636,0.73521,0.736192,0.723738,0.707383,
85800,0.995874,0.997855,0.997063,0.995058,0.993147,0.988089,0.983753,0.975571,0.96042,0.942727,0.91324,0.86965,0.81676,0.750816,0.694988,0.668578,0.675828,0.69021,0.705758,0.716294,0.727203,0.732774,0.737552,0.73655,0.736667,0.736014,0.7362,0.735478,0.734126,0.740629,0.740956,0.73993,0.735338,0.742634,0.742284,0.738998,0.736294,0.734242,0.739837,0.734079,0.736107,0.735618,0.738741,0.738671,0.73662,0.735175,0.735921,0.723497,0.707483,
86000,0.995884,0.99786,0.99707,0.995023,0.993116,0.98807,0.983767,0.975605,0.960419,0.942814,0.913279,0.869651,0.81686,0.75093,0.694674,0.668326,0.675744,0.690233,0.706116,0.716349,0.727186,0.732581,0.737605,0.736651,0.736721,0.736047,0.736256,0.735442,0.734093,0.740674,0.741093,0.739977,0.735558,0.742814,0.74214,0.739,0.736186,0.734395,0.739814,0.734047,0.73607,0.735488,0.738628,0.738395,0.736558,0.735233,0.735907,0.723558,0.707488,
86200,0.995893,0.997865,0.997053,0.995012,0.993109,0.988028,0.983643,0.975592,0.960418,0.942877,0.913248,0.869675,0.816705,0.751137,0.694803,0.668631,0.675731,0.690093,0.70594,0.716125,0.727169,0.732506,0.737564,0.736543,0.736636,0.736148,0.736195,0.735545,0.734316,0.740719,0.740998,0.739698,0.735615,0.742668,0.742088,0.738863,0.736102,0.734385,0.739791,0.734084,0.736148,0.735452,0.738701,0.738353,0.736497,0.735267,0.736125,0.72355,0.707657,
86400,0.995903,0.997847,0.99706,0.995023,0.993125,0.988032,0.983634,0.975602,0.96037,0.94287,0.913333,0.86956,0.81662,0.751296,0.694838,0.668634,0.675833,0.690069,0.705949,0.716181,0.726759,0.732616,0.737708,0.736458,0.736597,0.736111,0.73625,0.735532,0.734329,0.740718,0.741065,0.739676,0.735694,0.742685,0.74206,0.73875,0.736157,0.734491,0.739491,0.734236,0.736273,0.73544,0.738727,0.738495,0.73662,0.735208,0.735787,0.723519,0.707755,
86600,0.995912,0.997852,0.997067,0.995035,0.993048,0.98806,0.983649,0.975612,0.960462,0.942864,0.913372,0.869538,0.816351,0.751247,0.694804,0.668661,0.675889,0.690092,0.705935,0.716328,0.72679,0.73261,0.737783,0.736536,0.736651,0.736097,0.736189,0.735497,0.734457,0.740785,0.741201,0.739469,0.735704,0.742587,0.742055,0.73873,0.736166,0.734342,0.739584,0.734249,0.736143,0.735358,0.738545,0.738568,0.73649,0.735081,0.735681,0.72351,0.707714,
86800,0.995922,0.997834,0.997074,0.995046,0.993041,0.988018,0.983664,0.975576,0.960507,0.942903,0.913479,0.86947,0.816406,0.751359,0.694677,0.668687,0.675668,0.690184,0.705991,0.716152,0.726843,0.732419,0.737811,0.736659,0.736521,0.736152,0.736336,0.735691,0.734286,0.740806,0.741267,0.739378,0.735622,0.742719,0.741982,0.738618,0.736221,0.734332,0.73977,0.734286,0.736244,0.735253,0.738525,0.738756,0.736613,0.734885,0.735714,0.723502,0.707488,
87000,0.995908,0.997839,0.99708,0.995034,0.993057,0.988023,0.983678,0.975563,0.960598,0.942805,0.913471,0.86954,0.816713,0.751448,0.694943,0.668345,0.675448,0.690069,0.705954,0.716161,0.726713,0.732322,0.73777,0.736529,0.736644,0.736161,0.736506,0.735701,0.734506,0.740989,0.741195,0.739126,0.735563,0.742759,0.742069,0.738345,0.736414,0.734138,0.739793,0.734276,0.736138,0.735218,0.738437,0.738736,0.736644,0.734736,0.735793,0.723632,0.70754,
87200,0.995917,0.997844,0.997087,0.995046,0.99305,0.988028,0.983601,0.97555,0.960573,0.942821,0.913303,0.869518,0.816812,0.751445,0.694954,0.668349,0.675711,0.690275,0.70594,0.716239,0.726399,0.73211,0.737431,0.736445,0.73656,0.736055,0.736583,0.735757,0.734518,0.740963,0.741353,0.739106,0.735642,0.742706,0.741858,0.738394,0.736376,0.734151,0.739633,0.734312,0.735917,0.735046,0.738234,0.738716,0.736651,0.734817,0.735757,0.72367,0.707592,
87400,0.995927,0.997849,0.997094,0.995011,0.993066,0.988055,0.983593,0.975584,0.960572,0.942883,0.913387,0.869634,0.816934,0.751373,0.694966,0.668581,0.675195,0.69016,0.706087,0.716339,0.726293,0.732174,0.737391,0.73611,0.736751,0.735973,0.736819,0.735767,0.734645,0.740938,0.741236,0.739108,0.735515,0.742654,0.741991,0.738444,0.736499,0.734211,0.739725,0.734371,0.735812,0.734897,0.73833,0.738673,0.736636,0.734737,0.735812,0.723844,0.707735,
87600,0.995913,0.997854,0.9971,0.995,0.993037,0.988082,0.983584,0.975525,0.960639,0.942785,0.913447,0.869749,0.817032,0.751438,0.694817,0.66863,0.675205,0.690137,0.706027,0.716438,0.726142,0.732078,0.737489,0.73621,0.736986,0.736027,0.736941,0.735685,0.734863,0.740959,0.741301,0.738973,0.735502,0.742648,0.741712,0.738516,0.736484,0.734178,0.73968,0.734406,0.735753,0.734635,0.738105,0.738425,0.736598,0.734521,0.735799,0.723858,0.708059,
87800,0.995923,0.997836,0.997062,0.994989,0.99303,0.988109,0.983622,0.97549,0.960661,0.942802,0.913417,0.869658,0.81697,0.75139,0.694784,0.668451,0.675239,0.690296,0.705991,0.716606,0.726082,0.731868,0.737244,0.736219,0.73697,0.736105,0.736879,0.735763,0.735034,0.740843,0.741435,0.739021,0.735444,0.74262,0.741754,0.738405,0.736492,0.734032,0.739749,0.7341,0.735854,0.734624,0.738087,0.738565,0.736538,0.734647,0.735831,0.723964,0.707927,
88000,0.995886,0.997841,0.997068,0.995,0.993045,0.988091,0.983614,0.975523,0.960682,0.942795,0.913386,0.869773,0.817045,0.751341,0.694955,0.668182,0.675,0.690477,0.706159,0.716477,0.726045,0.732045,0.737318,0.736182,0.737045,0.735977,0.736932,0.735545,0.735068,0.741,0.74125,0.738955,0.735432,0.742614,0.741705,0.738386,0.736455,0.734045,0.739886,0.734068,0.735818,0.734795,0.738227,0.73875,0.736455,0.734477,0.736,0.724045,0.707773,
88200,0.995896,0.997846,0.997075,0.994966,0.993016,0.988118,0.983583,0.975578,0.960748,0.942721,0.913447,0.869819,0.817075,0.751519,0.695011,0.667868,0.675147,0.690227,0.706485,0.716644,0.726122,0.732132,0.737392,0.735986,0.736961,0.735918,0.737029,0.735601,0.735079,0.74102,0.741134,0.738889,0.735397,0.742744,0.741361,0.738594,0.736712,0.734263,0.74,0.734127,0.735828,0.73458,0.737959,0.738639,0.736395,0.734422,0.735873,0.724036,0.707778,
88400,0.995882,0.997828,0.997081,0.994977,0.993032,0.988145,0.983575,0.975611,0.960769,0.942692,0.913462,0.869774,0.817081,0.751448,0.69509,0.667941,0.675068,0.690136,0.706652,0.716403,0.726131,0.732127,0.737579,0.736063,0.737081,0.735995,0.737217,0.735633,0.735068,0.741109,0.741131,0.738914,0.73543,0.742896,0.741357,0.73862,0.736448,0.734389,0.739932,0.734005,0.735928,0.734706,0.73776,0.738869,0.736493,0.734638,0.735973,0.723801,0.707624,
88600,0.995892,0.99781,0.997088,0.994989,0.993047,0.988126,0.983589,0.975643,0.960722,0.942686,0.913409,0.869752,0.817269,0.751512,0.695034,0.66772,0.675237,0.689977,0.706885,0.716479,0.72623,0.731919,0.737607,0.73605,0.736953,0.735847,0.737359,0.735688,0.735011,0.740993,0.741084,0.738984,0.735463,0.742889,0.741309,0.738781,0.736637,0.734402,0.73991,0.734108,0.735914,0.734876,0.737607,0.738849,0.736524,0.734718,0.735959,0.723612,0.707607,
88800,0.995901,0.997815,0.997095,0.995,0.993041,0.988131,0.983604,0.975698,0.960766,0.942658,0.913514,0.86991,0.817252,0.751261,0.695068,0.66768,0.675203,0.689932,0.706959,0.716351,0.726284,0.731869,0.737748,0.736126,0.736802,0.735473,0.737365,0.735811,0.735158,0.741171,0.741104,0.738919,0.735405,0.74286,0.741149,0.738581,0.736892,0.734662,0.739955,0.734234,0.735833,0.734707,0.737387,0.738919,0.736622,0.73473,0.735856,0.723536,0.707838,
89000,0.99591,0.99782,0.997101,0.994989,0.993056,0.988067,0.983618,0.975685,0.960831,0.942742,0.913573,0.869978,0.817146,0.751258,0.695169,0.66773,0.674989,0.689865,0.707034,0.716315,0.726337,0.731843,0.737596,0.736247,0.736787,0.735393,0.737303,0.735573,0.735124,0.741191,0.740944,0.739146,0.735393,0.742854,0.741213,0.738562,0.737034,0.734876,0.74009,0.73409,0.735955,0.734607,0.737303,0.738719,0.736764,0.734629,0.735843,0.723753,0.70782,
89200,0.995897,0.997803,0.997108,0.994978,0.993049,0.988072,0.983655,0.975695,0.960717,0.942713,0.913655,0.869978,0.817018,0.7513,0.695224,0.667422,0.674843,0.690022,0.707265,0.71639,0.726592,0.731794,0.737691,0.736323,0.736951,0.735359,0.737377,0.73565,0.735,0.74139,0.74083,0.739283,0.735426,0.74287,0.741345,0.738677,0.737063,0.734865,0.739955,0.733901,0.735897,0.734596,0.737265,0.738879,0.736637,0.734664,0.73574,0.72361,0.707803,
89400,0.995861,0.997808,0.997114,0.994966,0.993065,0.988076,0.983691,0.97566,0.960716,0.942707,0.913691,0.870022,0.816846,0.751387,0.695145,0.667494,0.674989,0.689911,0.707427,0.716532,0.726577,0.731946,0.737562,0.736443,0.736957,0.735324,0.737517,0.735615,0.734832,0.741477,0.74085,0.73915,0.735503,0.742752,0.741477,0.738837,0.736913,0.735034,0.739866,0.734004,0.735884,0.73481,0.737315,0.738993,0.7366,0.734497,0.73566,0.723378,0.707919,
89600,0.995848,0.997812,0.997121,0.994955,0.99308,0.988103,0.983705,0.975647,0.960781,0.942679,0.913683,0.870045,0.816562,0.751317,0.695201,0.667567,0.675067,0.690156,0.707433,0.716562,0.726362,0.731741,0.737679,0.736585,0.73692,0.735379,0.737411,0.735647,0.735022,0.741406,0.740647,0.73933,0.735424,0.742567,0.741652,0.738683,0.737009,0.735067,0.739888,0.733906,0.735871,0.735,0.737388,0.738929,0.736629,0.734531,0.735871,0.723549,0.707879,
89800,0.995835,0.997817,0.997127,0.994944,0.993029,0.988129,0.983675,0.975635,0.96078,0.942717,0.913764,0.870022,0.816615,0.751247,0.695167,0.667483,0.675122,0.690245,0.707661,0.716548,0.726192,0.731559,0.737483,0.736659,0.736971,0.735345,0.737483,0.735568,0.735189,0.741359,0.740713,0.739443,0.735479,0.742584,0.741514,0.738797,0.736904,0.735145,0.739688,0.733831,0.735835,0.734878,0.737483,0.73882,0.736704,0.734655,0.735768,0.723519,0.70784,
90000,0.995822,0.997822,0.997133,0.994933,0.993044,0.988133,0.983644,0.975644,0.960867,0.942778,0.913822,0.870089,0.816578,0.751289,0.6952,0.667311,0.6752,0.690089,0.707422,0.716689,0.726289,0.731556,0.737556,0.7366,0.736844,0.735244,0.737511,0.7356,0.735356,0.741356,0.740644,0.7394,0.735422,0.742444,0.741378,0.7388,0.736933,0.735089,0.739822,0.733889,0.735889,0.7348,0.737467,0.738778,0.736533,0.734622,0.735644,0.723778,0.707867,
90200,0.995831,0.997827,0.99714,0.994922,0.992993,0.98816,0.983681,0.975632,0.960909,0.942794,0.913747,0.870089,0.816519,0.751286,0.695166,0.667361,0.675255,0.690133,0.707251,0.716541,0.726275,0.731574,0.73745,0.736741,0.736896,0.735144,0.737494,0.735632,0.735211,0.741308,0.740665,0.739534,0.73541,0.742594,0.741419,0.738803,0.73694,0.735188,0.739911,0.733991,0.735876,0.734723,0.737561,0.738758,0.736585,0.734612,0.735854,0.723902,0.708093,
90400,0.995841,0.997832,0.997146,0.994934,0.992965,0.988186,0.983673,0.975642,0.960841,0.942699,0.913562,0.870088,0.816504,0.751394,0.695177,0.667389,0.675288,0.690221,0.707301,0.71646,0.725885,0.731416,0.737434,0.73677,0.736881,0.735243,0.737544,0.735619,0.735155,0.74115,0.740752,0.73958,0.735376,0.742522,0.74135,0.73885,0.736991,0.735044,0.74,0.733982,0.73573,0.734602,0.737544,0.738872,0.736527,0.734558,0.735863,0.723894,0.708075,
90600,0.995828,0.997815,0.997152,0.994945,0.992958,0.988168,0.983687,0.975563,0.960861,0.942737,0.913598,0.870088,0.816446,0.751325,0.695386,0.667594,0.675232,0.690066,0.706887,0.7166,0.725916,0.7317,0.737373,0.736556,0.737064,0.735166,0.737594,0.735673,0.735055,0.741236,0.740773,0.739382,0.735386,0.742318,0.741302,0.738852,0.736865,0.735121,0.739956,0.734018,0.73585,0.734614,0.737682,0.738742,0.736468,0.734371,0.73585,0.724018,0.70819,
90800,0.995837,0.997819,0.997137,0.994956,0.992974,0.98815,0.983678,0.975573,0.960903,0.942731,0.9137,0.87011,0.816454,0.751322,0.695198,0.667489,0.675463,0.690242,0.70707,0.716498,0.725859,0.731674,0.737313,0.736432,0.736982,0.735308,0.737511,0.735683,0.735088,0.741101,0.740749,0.739361,0.735396,0.742335,0.7413,0.739053,0.73707,0.73522,0.739846,0.733877,0.735639,0.734471,0.737797,0.738789,0.73663,0.734427,0.736035,0.724207,0.708216,
91000,0.995846,0.997824,0.997143,0.994967,0.992989,0.988154,0.983648,0.975626,0.960923,0.942725,0.91356,0.870132,0.81644,0.751187,0.694945,0.667473,0.675802,0.690264,0.707275,0.716505,0.726044,0.731604,0.737407,0.736286,0.736923,0.735297,0.737473,0.73567,0.735143,0.741253,0.740835,0.739385,0.735253,0.742264,0.741231,0.739011,0.736901,0.735429,0.74,0.733956,0.735802,0.734418,0.737648,0.738791,0.736549,0.734396,0.736088,0.72422,0.70844,
91200,0.995855,0.997829,0.997149,0.994978,0.993004,0.988158,0.983684,0.975614,0.960921,0.942719,0.913662,0.870066,0.816469,0.751228,0.694825,0.667303,0.675899,0.690461,0.707346,0.716535,0.725943,0.731447,0.737566,0.736425,0.736974,0.73511,0.737588,0.735658,0.735285,0.74136,0.740811,0.739364,0.735373,0.742083,0.74114,0.738838,0.73682,0.735614,0.74,0.734101,0.735877,0.734408,0.737719,0.73864,0.736469,0.734605,0.73625,0.72432,0.708465,
91400,0.995864,0.997834,0.997155,0.994967,0.99302,0.988184,0.983654,0.975646,0.960853,0.942626,0.913742,0.870088,0.816521,0.751072,0.694814,0.667221,0.675864,0.690547,0.70709,0.716696,0.726105,0.731379,0.737527,0.736433,0.736849,0.73523,0.737396,0.735799,0.735339,0.741182,0.740941,0.739409,0.735252,0.741991,0.741247,0.73884,0.736958,0.735842,0.740175,0.734158,0.735996,0.734376,0.73779,0.738643,0.736411,0.734398,0.73593,0.724114,0.708468,
91600,0.995873,0.997838,0.997162,0.994978,0.993013,0.988166,0.983646,0.975677,0.960852,0.942642,0.913734,0.870262,0.816507,0.751026,0.694585,0.667467,0.675983,0.690677,0.707074,0.716725,0.726201,0.731485,0.737642,0.736463,0.736856,0.735284,0.737249,0.73583,0.735175,0.741266,0.740852,0.739498,0.735109,0.742183,0.741223,0.738865,0.736878,0.735699,0.740044,0.734192,0.736114,0.734498,0.737707,0.738668,0.736463,0.73452,0.736048,0.724127,0.708319,
91800,0.995882,0.997843,0.997168,0.994967,0.993007,0.988192,0.98366,0.975643,0.96085,0.94268,0.913813,0.870327,0.816601,0.751046,0.694444,0.667473,0.676013,0.690741,0.707124,0.716688,0.726296,0.731394,0.737691,0.736209,0.73671,0.735185,0.737015,0.735861,0.735054,0.741373,0.740871,0.739673,0.735272,0.742331,0.741438,0.738824,0.73695,0.735664,0.73976,0.734314,0.7361,0.734466,0.737712,0.73854,0.736667,0.734619,0.736035,0.724118,0.70841,
92000,0.99587,0.997848,0.997174,0.994957,0.993022,0.988152,0.983674,0.97563,0.960804,0.942652,0.913826,0.870217,0.816522,0.751043,0.694391,0.667674,0.676087,0.690804,0.70713,0.716674,0.726478,0.731413,0.737717,0.73613,0.736761,0.73513,0.737152,0.735935,0.735022,0.741217,0.740891,0.7395,0.735152,0.742457,0.741587,0.739,0.736913,0.735543,0.739913,0.734239,0.73613,0.734435,0.737783,0.738478,0.736891,0.734587,0.735891,0.724152,0.708435,
92200,0.995879,0.997852,0.99718,0.994967,0.993037,0.988178,0.983709,0.975575,0.960824,0.942668,0.913796,0.870304,0.816659,0.751063,0.694208,0.667614,0.676204,0.690933,0.707158,0.716855,0.726638,0.731171,0.737939,0.736399,0.736855,0.735228,0.737245,0.735531,0.735011,0.74128,0.740954,0.739631,0.735249,0.742581,0.741714,0.739111,0.736768,0.735597,0.739783,0.73423,0.736139,0.73449,0.737787,0.738308,0.736768,0.734664,0.735662,0.723948,0.708416,
92400,0.995887,0.997835,0.997165,0.994957,0.993052,0.98816,0.983636,0.975606,0.960866,0.942619,0.91381,0.87026,0.816645,0.750996,0.694048,0.667359,0.676342,0.691017,0.707273,0.717013,0.726472,0.731126,0.737987,0.73658,0.736883,0.73513,0.737338,0.735498,0.734978,0.741277,0.741082,0.739654,0.735238,0.742338,0.741905,0.738961,0.736753,0.735801,0.739935,0.734307,0.736147,0.734545,0.737879,0.738203,0.736688,0.734762,0.735368,0.723896,0.70855,
92600,0.995896,0.99784,0.997171,0.994968,0.993045,0.988164,0.983585,0.975637,0.960842,0.94257,0.913758,0.870173,0.816566,0.751037,0.693866,0.667538,0.676544,0.690994,0.707495,0.717235,0.726371,0.731231,0.73797,0.736609,0.736868,0.735184,0.737235,0.735508,0.734968,0.741231,0.741015,0.739568,0.735248,0.742484,0.741965,0.739028,0.736803,0.735724,0.739957,0.734298,0.736199,0.734622,0.737711,0.738186,0.736587,0.734816,0.735508,0.723996,0.708553,
92800,0.995905,0.997845,0.997177,0.994978,0.993039,0.988147,0.983621,0.975668,0.960905,0.942629,0.913772,0.870065,0.816703,0.751078,0.69375,0.667543,0.67653,0.691121,0.7075,0.717134,0.726358,0.731315,0.737845,0.736616,0.736853,0.735259,0.737177,0.73556,0.735108,0.741078,0.740841,0.739461,0.735388,0.742629,0.741897,0.738707,0.736897,0.735647,0.739978,0.734159,0.73625,0.734828,0.737866,0.738297,0.736724,0.734677,0.735453,0.72403,0.708685,
93000,0.995914,0.997849,0.997183,0.994989,0.993011,0.988172,0.983591,0.975656,0.960925,0.942688,0.913613,0.869957,0.81686,0.751032,0.693656,0.667462,0.676731,0.691075,0.707462,0.71714,0.726538,0.731269,0.738043,0.736495,0.736839,0.735398,0.737247,0.735763,0.73514,0.741183,0.740559,0.739613,0.735419,0.742624,0.741892,0.738581,0.736839,0.73572,0.739935,0.734043,0.736237,0.734645,0.737935,0.738151,0.736731,0.734774,0.735398,0.724022,0.70886,
93200,0.99588,0.997833,0.997167,0.994957,0.992983,0.988197,0.983562,0.975536,0.96088,0.942725,0.91367,0.870064,0.816824,0.750987,0.693262,0.667618,0.67676,0.691073,0.707489,0.717361,0.726567,0.731266,0.738133,0.736674,0.736824,0.735408,0.737103,0.73588,0.735086,0.74103,0.740601,0.7397,0.735429,0.742446,0.741996,0.738476,0.736824,0.735622,0.739936,0.734185,0.736395,0.7347,0.737811,0.738155,0.736717,0.734657,0.735579,0.724163,0.708927,
93400,0.995889,0.997837,0.997173,0.994968,0.992998,0.988201,0.983576,0.975503,0.960942,0.942677,0.913662,0.870107,0.816788,0.751028,0.693062,0.667623,0.676938,0.691071,0.707452,0.717238,0.726552,0.731178,0.737923,0.73666,0.736895,0.735375,0.737066,0.735996,0.735161,0.740942,0.740728,0.739572,0.735396,0.742484,0.741906,0.73833,0.736724,0.735846,0.740021,0.73439,0.736424,0.734711,0.737752,0.738116,0.73666,0.734561,0.735824,0.724197,0.708865,
93600,0.995897,0.997842,0.997137,0.994979,0.993013,0.988162,0.983611,0.975491,0.960876,0.942692,0.913718,0.87015,0.816902,0.750962,0.693162,0.667393,0.677073,0.691282,0.707521,0.717137,0.726496,0.73109,0.737735,0.736496,0.737009,0.735491,0.737137,0.736132,0.735021,0.740876,0.740748,0.739509,0.735406,0.7425,0.741816,0.73812,0.736774,0.735855,0.740278,0.734487,0.736474,0.734295,0.73765,0.738226,0.736496,0.734295,0.735684,0.724145,0.708974,
93800,0.995885,0.997846,0.997122,0.994989,0.993028,0.988188,0.983603,0.97548,0.960938,0.942687,0.913689,0.870213,0.81693,0.750746,0.693134,0.667399,0.676844,0.691066,0.707527,0.717313,0.726503,0.731087,0.737825,0.736546,0.737122,0.73548,0.737207,0.736141,0.735075,0.740746,0.740789,0.739339,0.735394,0.742388,0.741748,0.738273,0.736738,0.735928,0.74032,0.734691,0.736461,0.734328,0.737527,0.73838,0.736631,0.734264,0.735842,0.7242,0.708849,
94000,0.995894,0.997851,0.997128,0.995,0.993021,0.98817,0.983617,0.975468,0.960957,0.942681,0.913617,0.870234,0.817021,0.750468,0.693362,0.667362,0.676851,0.691106,0.707553,0.717362,0.726617,0.730979,0.737787,0.736468,0.737021,0.735489,0.737085,0.736298,0.735149,0.740766,0.740787,0.739447,0.735213,0.742362,0.741787,0.73834,0.73683,0.736085,0.740213,0.734574,0.736319,0.734617,0.737468,0.738426,0.736702,0.734277,0.735723,0.72417,0.708681,
94200,0.995902,0.997856,0.997113,0.994989,0.993015,0.988153,0.983609,0.975414,0.960998,0.942696,0.913567,0.87017,0.817028,0.750297,0.693524,0.667304,0.67707,0.691125,0.707707,0.717155,0.726391,0.73121,0.737834,0.736539,0.73707,0.735159,0.736837,0.736263,0.735117,0.740722,0.740786,0.739448,0.735117,0.742442,0.741932,0.738365,0.736752,0.736072,0.740191,0.734607,0.736285,0.734692,0.737389,0.738365,0.736688,0.734352,0.735669,0.724268,0.70862,
94400,0.995911,0.99786,0.997119,0.994979,0.99303,0.988157,0.983623,0.975381,0.960953,0.942712,0.913559,0.870169,0.816949,0.750275,0.693581,0.667394,0.677097,0.691165,0.707521,0.716758,0.726165,0.731271,0.737754,0.736419,0.737034,0.735318,0.736992,0.736398,0.735127,0.740932,0.740911,0.739386,0.735233,0.742415,0.741758,0.738199,0.736716,0.736081,0.740254,0.734576,0.736038,0.734619,0.737373,0.738157,0.736653,0.73447,0.735847,0.72447,0.708496,
94600,0.99592,0.997865,0.997125,0.994947,0.993002,0.988161,0.983658,0.975391,0.960951,0.942706,0.913552,0.870211,0.816934,0.750254,0.693425,0.667378,0.677252,0.691226,0.707696,0.716913,0.726342,0.731395,0.737717,0.736554,0.737125,0.73518,0.736808,0.736321,0.735201,0.740782,0.741036,0.739218,0.735349,0.742262,0.741755,0.738203,0.736744,0.735983,0.740275,0.734545,0.735983,0.73444,0.737484,0.738309,0.73666,0.734419,0.735877,0.724503,0.708499,
94800,0.995928,0.997869,0.997131,0.994937,0.992996,0.988186,0.98365,0.97538,0.960928,0.9427,0.913523,0.870253,0.816941,0.750401,0.693523,0.667447,0.677173,0.691287,0.707637,0.716751,0.726371,0.731287,0.737827,0.736519,0.736899,0.73519,0.736941,0.73635,0.735274,0.740949,0.741118,0.739241,0.735253,0.742342,0.74173,0.738122,0.736667,0.736034,0.740274,0.734473,0.735949,0.734409,0.737489,0.738586,0.736793,0.734599,0.735949,0.724409,0.708481,
95000,0.995916,0.997874,0.997137,0.994947,0.992968,0.988189,0.983579,0.975305,0.960884,0.9428,0.913642,0.870295,0.816968,0.750316,0.693537,0.667305,0.677221,0.6912,0.707726,0.716821,0.726442,0.731411,0.737811,0.736526,0.736674,0.735095,0.736842,0.736337,0.735368,0.741095,0.741137,0.739368,0.735074,0.742526,0.741895,0.738105,0.736632,0.735937,0.740274,0.734547,0.735958,0.734316,0.737579,0.738695,0.736737,0.734547,0.736189,0.724316,0.708442,
95200,0.995861,0.997878,0.997122,0.994937,0.992962,0.988193,0.98355,0.975252,0.960903,0.942836,0.913655,0.87021,0.816912,0.75,0.693487,0.66708,0.677374,0.691303,0.707731,0.716807,0.726408,0.731576,0.737794,0.736723,0.73666,0.735105,0.736912,0.736471,0.735462,0.741155,0.741008,0.739433,0.735105,0.742584,0.741975,0.738088,0.736723,0.735798,0.740357,0.734433,0.735966,0.734307,0.737563,0.738908,0.737038,0.734601,0.736155,0.724202,0.708487,
95400,0.99587,0.997883,0.997128,0.994948,0.992977,0.988218,0.983564,0.975157,0.960922,0.942872,0.913669,0.870252,0.816939,0.750063,0.693522,0.667002,0.677296,0.691111,0.707799,0.71696,0.726436,0.73174,0.737799,0.736813,0.736562,0.73522,0.737002,0.73631,0.735597,0.741279,0.741069,0.739539,0.735052,0.742495,0.742034,0.738176,0.736667,0.735912,0.740335,0.73434,0.735765,0.734235,0.737631,0.738931,0.737044,0.73457,0.736205,0.724193,0.708449,
95600,0.995858,0.997887,0.997134,0.994937,0.992992,0.988243,0.983577,0.975146,0.960921,0.942845,0.913787,0.870188,0.816946,0.750063,0.693452,0.66705,0.677364,0.691067,0.707762,0.716862,0.726402,0.731674,0.737782,0.736653,0.736632,0.735126,0.737113,0.736381,0.735418,0.741339,0.741109,0.739623,0.735084,0.74228,0.742071,0.738096,0.736632,0.735921,0.740272,0.734351,0.735858,0.734393,0.737657,0.738787,0.73705,0.73454,0.736213,0.724268,0.708326,
95800,0.995846,0.997871,0.99714,0.994906,0.993006,0.988267,0.983612,0.975136,0.960939,0.942839,0.913758,0.870251,0.816952,0.749875,0.693299,0.667161,0.677641,0.691232,0.707766,0.716639,0.726263,0.731691,0.737996,0.736806,0.736868,0.735219,0.736994,0.736347,0.735595,0.741294,0.741023,0.739562,0.735031,0.742338,0.741858,0.738142,0.736639,0.735887,0.74023,0.734384,0.735866,0.73453,0.737662,0.738894,0.737056,0.734718,0.736075,0.723925,0.708267,
96000,0.995854,0.997875,0.997146,0.994917,0.993,0.988271,0.983646,0.975104,0.960875,0.942833,0.913729,0.870313,0.816708,0.749729,0.693208,0.666854,0.677896,0.691625,0.707917,0.716875,0.726271,0.731563,0.737833,0.736667,0.736896,0.735208,0.737083,0.736229,0.735812,0.741396,0.741062,0.739458,0.735083,0.742417,0.741833,0.738229,0.736667,0.735708,0.740125,0.734458,0.735917,0.734667,0.737667,0.738958,0.736896,0.734604,0.736125,0.723938,0.70825,
96200,0.995863,0.997879,0.997152,0.994886,0.993015,0.988274,0.983597,0.975073,0.960873,0.942848,0.913805,0.87027,0.816819,0.749543,0.693119,0.666881,0.677983,0.691622,0.708129,0.717027,0.726279,0.731663,0.737879,0.736778,0.736881,0.735281,0.737048,0.736175,0.735884,0.741351,0.74104,0.739543,0.734948,0.742349,0.741892,0.738274,0.736694,0.735946,0.739979,0.734491,0.736071,0.734782,0.737796,0.73894,0.736902,0.73447,0.736216,0.724012,0.708378,
96400,0.995851,0.997884,0.997158,0.994896,0.993008,0.988278,0.983589,0.975021,0.960851,0.942863,0.913755,0.870249,0.816722,0.749627,0.693216,0.667054,0.677884,0.691556,0.708195,0.717116,0.72639,0.731494,0.737718,0.736639,0.736722,0.735373,0.737261,0.736162,0.735975,0.74139,0.74112,0.73973,0.734876,0.742344,0.741992,0.738402,0.736577,0.736037,0.739855,0.734564,0.736037,0.734793,0.73778,0.739004,0.737012,0.734461,0.736203,0.72388,0.708506,
96600,0.995859,0.997888,0.997164,0.994907,0.992981,0.988302,0.983602,0.97501,0.96087,0.942899,0.913851,0.870393,0.816729,0.749503,0.69323,0.666936,0.67795,0.691387,0.70824,0.717019,0.726522,0.731346,0.737495,0.736646,0.736874,0.7353,0.737039,0.73619,0.736066,0.741201,0.741118,0.739627,0.734865,0.742195,0.741843,0.738592,0.736667,0.736087,0.739731,0.734596,0.736046,0.734865,0.737743,0.739089,0.737143,0.734596,0.73619,0.723954,0.708654,
96800,0.995868,0.997893,0.997169,0.994917,0.992975,0.988285,0.983616,0.975062,0.96093,0.942975,0.913843,0.870455,0.816901,0.749421,0.693285,0.666942,0.67812,0.691612,0.708244,0.717045,0.726467,0.731426,0.737562,0.736736,0.736963,0.735331,0.737087,0.736095,0.736033,0.741281,0.741219,0.739669,0.734711,0.742231,0.741818,0.738678,0.736777,0.736136,0.739793,0.734525,0.735888,0.73469,0.73781,0.73905,0.737004,0.734483,0.736095,0.723843,0.708595,
97000,0.995876,0.997876,0.997175,0.994907,0.99299,0.988309,0.983526,0.975031,0.960928,0.94299,0.913856,0.870515,0.817052,0.749361,0.693443,0.66701,0.678041,0.691423,0.708206,0.71701,0.726433,0.731299,0.737485,0.736701,0.73699,0.735278,0.737093,0.736247,0.736144,0.741299,0.741072,0.739732,0.73466,0.742289,0.741711,0.738557,0.736784,0.73633,0.739711,0.734392,0.735918,0.734639,0.737876,0.739216,0.737052,0.734474,0.736082,0.723835,0.70866,
97200,0.995864,0.99786,0.997181,0.994897,0.992963,0.988333,0.983539,0.975021,0.960926,0.942901,0.913827,0.870494,0.816914,0.749403,0.693745,0.666975,0.678107,0.691379,0.708107,0.717058,0.72644,0.731379,0.737654,0.736626,0.736996,0.735391,0.73714,0.736132,0.736091,0.741132,0.741008,0.739609,0.734733,0.742222,0.741708,0.73858,0.73677,0.736523,0.739733,0.734259,0.735926,0.734609,0.738086,0.739321,0.73714,0.734321,0.736049,0.723807,0.708539,
97400,0.995873,0.997823,0.997187,0.994908,0.992936,0.988357,0.983532,0.975072,0.960903,0.942916,0.91384,0.870513,0.816838,0.749507,0.693758,0.666899,0.677988,0.691458,0.70809,0.716982,0.72614,0.731109,0.737803,0.736715,0.736982,0.7354,0.737248,0.73614,0.736037,0.741088,0.740903,0.739713,0.734702,0.742053,0.741561,0.738583,0.736817,0.73655,0.739836,0.734394,0.736099,0.734702,0.738029,0.739302,0.737207,0.734189,0.73577,0.72386,0.708542,
97600,0.995861,0.997828,0.997172,0.994877,0.992951,0.988361,0.983545,0.975082,0.960922,0.942889,0.913791,0.870615,0.816865,0.749488,0.693791,0.666988,0.677828,0.691557,0.70791,0.716926,0.72623,0.73123,0.738033,0.736824,0.737049,0.735492,0.737213,0.73623,0.736168,0.741066,0.74084,0.73957,0.734775,0.741721,0.741619,0.73873,0.736803,0.736414,0.739877,0.734447,0.736209,0.734795,0.738033,0.739447,0.737234,0.734221,0.735635,0.723914,0.708627,
97800,0.995869,0.997832,0.997178,0.994888,0.992965,0.988364,0.983538,0.975092,0.960879,0.942863,0.913681,0.870675,0.816892,0.749305,0.694008,0.666994,0.67773,0.69135,0.707832,0.71683,0.72636,0.731247,0.738098,0.736912,0.737055,0.735624,0.737219,0.736299,0.735971,0.741002,0.7409,0.73953,0.734847,0.741575,0.741534,0.738425,0.736973,0.736503,0.739857,0.734581,0.736278,0.734969,0.738098,0.739346,0.737137,0.734233,0.735726,0.723967,0.708466,
98000,0.995857,0.997837,0.997184,0.994857,0.992939,0.988367,0.98351,0.975102,0.960878,0.942898,0.913694,0.870714,0.816857,0.749204,0.693837,0.667163,0.677898,0.691469,0.707796,0.716939,0.726367,0.731245,0.73802,0.736959,0.737388,0.735714,0.737122,0.736449,0.735735,0.740571,0.740959,0.739551,0.734837,0.741551,0.741551,0.738469,0.737041,0.736571,0.74,0.734714,0.736184,0.735061,0.738122,0.739367,0.737204,0.734245,0.735653,0.724041,0.708531,
98200,0.995866,0.997821,0.997169,0.994868,0.992933,0.988371,0.983544,0.975132,0.960916,0.942912,0.913686,0.87057,0.816802,0.749409,0.693931,0.667189,0.67778,0.691426,0.70778,0.716741,0.726395,0.731324,0.738065,0.736782,0.737291,0.735743,0.737108,0.736558,0.735662,0.740468,0.740957,0.739593,0.734786,0.741629,0.741365,0.738676,0.737006,0.736619,0.739939,0.734705,0.736191,0.735031,0.738167,0.739267,0.73721,0.734257,0.735642,0.72389,0.708432,
98400,0.995874,0.997825,0.997175,0.994878,0.992947,0.988354,0.983537,0.975163,0.960935,0.942846,0.913618,0.87063,0.816809,0.749411,0.69372,0.667195,0.677866,0.69128,0.707886,0.716789,0.726341,0.731341,0.738232,0.736728,0.737337,0.735671,0.737012,0.736402,0.735854,0.740305,0.741077,0.739593,0.734756,0.741707,0.741362,0.73874,0.737134,0.736626,0.739919,0.734634,0.736199,0.734878,0.738069,0.739045,0.737033,0.734268,0.73563,0.724004,0.708496,
98600,0.995882,0.99783,0.99716,0.994868,0.992901,0.988337,0.98357,0.975152,0.960953,0.94286,0.91359,0.870527,0.816694,0.749371,0.693712,0.667343,0.67783,0.691237,0.707667,0.716998,0.726471,0.731339,0.738276,0.736694,0.737343,0.73568,0.737059,0.736511,0.735862,0.740243,0.741055,0.739574,0.734746,0.741744,0.741379,0.738925,0.737221,0.736734,0.74002,0.734523,0.736227,0.73497,0.738053,0.739067,0.73716,0.73428,0.735578,0.724097,0.70854,
98800,0.995891,0.997834,0.997166,0.994858,0.992874,0.98832,0.983583,0.975202,0.960931,0.942814,0.913482,0.870547,0.81666,0.749372,0.693664,0.667389,0.677935,0.691275,0.707611,0.716903,0.726296,0.731275,0.738138,0.736721,0.737308,0.735709,0.737065,0.73666,0.735972,0.740223,0.741093,0.739514,0.734757,0.74168,0.741215,0.739008,0.737287,0.736842,0.739899,0.734555,0.736296,0.734879,0.738219,0.738907,0.737267,0.734393,0.735587,0.724231,0.708563,
99000,0.995899,0.997838,0.997172,0.994869,0.992869,0.988283,0.983576,0.975212,0.960949,0.942808,0.913515,0.870545,0.816606,0.749374,0.693495,0.667495,0.678,0.691394,0.707798,0.716889,0.726303,0.731354,0.738303,0.736687,0.737333,0.735556,0.73701,0.736626,0.73596,0.740323,0.740828,0.739495,0.734747,0.741636,0.741111,0.739212,0.737374,0.73701,0.73998,0.734283,0.736283,0.73503,0.738424,0.738687,0.737293,0.734444,0.735657,0.724242,0.708566,
99200,0.995907,0.997843,0.997177,0.994879,0.992883,0.988286,0.983548,0.975222,0.960988,0.942702,0.913548,0.870585,0.816573,0.749435,0.693347,0.667581,0.678185,0.691391,0.707762,0.716694,0.72631,0.731452,0.738327,0.736794,0.737198,0.735665,0.736996,0.736714,0.735927,0.740222,0.740806,0.739395,0.734798,0.741593,0.74121,0.739133,0.737258,0.737097,0.739758,0.733931,0.736169,0.734839,0.738589,0.73879,0.737419,0.734415,0.735746,0.724214,0.708488,
99400,0.995915,0.997847,0.997183,0.994889,0.992897,0.98831,0.983581,0.975252,0.960966,0.942616,0.913602,0.870523,0.816459,0.749517,0.6934,0.667746,0.678149,0.691429,0.707847,0.716559,0.726298,0.731408,0.738491,0.7367,0.737425,0.735594,0.736861,0.736579,0.735956,0.740101,0.740704,0.739235,0.734809,0.74169,0.741227,0.739276,0.737103,0.737062,0.739658,0.734024,0.735996,0.734829,0.738531,0.738712,0.737404,0.734467,0.735734,0.724245,0.708571,
99600,0.995924,0.997851,0.997189,0.99488,0.992851,0.988313,0.983574,0.975261,0.960944,0.942671,0.913514,0.870462,0.816486,0.749277,0.693534,0.667871,0.678273,0.691606,0.707972,0.716647,0.726305,0.731365,0.738454,0.736827,0.73741,0.735462,0.737008,0.736667,0.735843,0.739859,0.740763,0.739137,0.734639,0.741767,0.741245,0.739378,0.737289,0.737108,0.739699,0.734116,0.735884,0.73488,0.738514,0.738735,0.73745,0.734478,0.735863,0.724237,0.708454,
99800,0.995932,0.997856,0.997194,0.99489,0.992826,0.988317,0.983587,0.97523,0.960942,0.942625,0.913487,0.870501,0.816413,0.749158,0.693587,0.667936,0.678457,0.691743,0.708016,0.716693,0.726172,0.731343,0.738517,0.736794,0.737575,0.735491,0.736814,0.736593,0.735832,0.73988,0.740862,0.739118,0.734589,0.741583,0.741403,0.739459,0.737395,0.737114,0.739739,0.734008,0.735872,0.734749,0.738537,0.738778,0.737495,0.734409,0.735832,0.724228,0.708657,
100000,0.99594,0.99786,0.99718,0.9949,0.99284,0.98834,0.98356,0.97522,0.9609,0.94268,0.91348,0.87052,0.81636,0.74922,0.69364,0.66794,0.67842,0.6918,0.708,0.71658,0.72606,0.73126,0.73848,0.73688,0.73748,0.73554,0.73678,0.7367,0.73578,0.73992,0.74094,0.73914,0.73466,0.74146,0.74142,0.73938,0.73736,0.73686,0.73996,0.73396,0.7358,0.73486,0.73854,0.73878,0.73756,0.7343,0.73582,0.72392,0.70868,
