mc_step,l = 0_K,l = 0_gamma,l = 1_K,l = 1_gamma,l = 2_K,l = 2_gamma,l = 3_K,l = 3_gamma,l = 4_K,l = 4_gamma,l = 5_K,l = 5_gamma,l = 6_K,l = 6_gamma,l = 7_K,l = 7_gamma,l = 8_K,l = 8_gamma,l = 9_K,l = 9_gamma,l = 10_K,l = 10_gamma,l = 11_K,l = 11_gamma,l = 12_K,l = 12_gamma,l = 13_K,l = 13_gamma,l = 14_K,l = 14_gamma,l = 15_K,l = 15_gamma,l = 16_K,l = 16_gamma,l = 17_K,l = 17_gamma,l = 18_K,l = 18_gamma,l = 19_K,l = 19_gamma,l = 20_K,l = 20_gamma,l = 21_K,l = 21_gamma,l = 22_K,l = 22_gamma,l = 23_K,l = 23_gamma,l = 24_K,l = 24_gamma,l = 25_K,l = 25_gamma,l = 26_K,l = 26_gamma,l = 27_K,l = 27_gamma,l = 28_K,l = 28_gamma,l = 29_K,l = 29_gamma,l = 30_K,l = 30_gamma,l = 31_K,l = 31_gamma,l = 32_K,l = 32_gamma,l = 33_K,l = 33_gamma,l = 34_K,l = 34_gamma,l = 35_K,l = 35_gamma,l = 36_K,l = 36_gamma,l = 37_K,l = 37_gamma,l = 38_K,l = 38_gamma,l = 39_K,l = 39_gamma,l = 40_K,l = 40_gamma,l = 41_K,l = 41_gamma,l = 42_K,l = 42_gamma,l = 43_K,l = 43_gamma,l = 44_K,l = 44_gamma,l = 45_K,l = 45_gamma,l = 46_K,l = 46_gamma,l = 47_K,l = 47_gamma,l = 48_K,l = 48_gamma,l = 49_K,l = 49_gamma,
200,0.014,0.014,0.013899,0.014,0.0139,0.014,0.0136552,0.014,0.0139065,0.014,0.0138969,0.0139029,0.014,0.014,0.014,0.014,0.0139048,0.014,0.0138901,0.0139083,0.014,0.014,0.014,0.014,0.014,0.013899,0.014,0.0138095,0.0137436,0.013918,0.0138182,0.0138889,0.0136226,0.0138936,0.0138947,0.013619,0.0131509,0.0134681,0.0138182,0.0128889,0.0128764,0.0122883,0.0107961,0.0132784,0.0120435,0.0114074,0.0116744,0.0094386,0.0109697,0.01,0.01,0.01,0.0105347,0.00894949,0.008,0.00894737,0.0079604,0.00834343,0.00867391,0.00909259,0.0081,0.0087,0.00924272,0.0083299,0.009,0.00814894,0.00942056,0.00797849,0.0085045,0.00770787,0.00860674,0.00814414,0.00815094,0.00889362,0.00823529,0.00843478,0.00774369,0.00723192,0.00401898,0.00496369,0.00348451,0.00333326,0.00234196,0.00238136,0.00144959,0.00134126,0.00106104,0.00105923,0.000661929,0.000684343,0.000433744,0.000397952,0.000300743,0.000251602,0.000192394,0.00020297,0.000120749,0.000122662,8.72754e-05,8.26517e-05,
400,0.0196,0.0196,0.0194586,0.0196,0.01946,0.0194526,0.0191172,0.0194478,0.0193354,0.0196,0.0194557,0.0193377,0.0196,0.0194641,0.0196,0.0194627,0.0194667,0.0196,0.0191711,0.0193311,0.0194495,0.0196,0.0196,0.0194667,0.0196,0.0194586,0.0196,0.0193333,0.0189176,0.0194852,0.0190515,0.0193134,0.0185576,0.0190077,0.0170244,0.0183647,0.0159007,0.0173589,0.0138182,0.0163421,0.0128764,0.0122883,0.00889862,0.015303,0.0107744,0.0114074,0.0122638,0.00834878,0.0118794,0.00798305,0.01,0.00786139,0.00915604,0.00651283,0.00649825,0.00711628,0.00712415,0.00680692,0.00749987,0.00516747,0.00651447,0.00528566,0.00759768,0.00552885,0.00723636,0.00503459,0.00658468,0.00489554,0.00617878,0.00474563,0.00609092,0.00419084,0.00478308,0.00478134,0.00519457,0.00407681,0.00518827,0.00419451,0.0024925,0.00280367,0.00243174,0.0021509,0.00162282,0.00151841,0.00106303,0.000921617,0.000933281,0.000756002,0.000533121,0.000481347,0.000373687,0.000322198,0.00025367,0.000177601,0.000171269,0.000147464,0.000120749,9.30382e-05,7.85479e-05,6.77744e-05,
600,0.0272379,0.02744,0.0268366,0.02744,0.0270532,0.0270352,0.0260217,0.026826,0.0265224,0.02744,0.0270331,0.0270728,0.0272533,0.0268399,0.0272379,0.0272478,0.0268716,0.02744,0.0268395,0.0266649,0.026595,0.02744,0.027242,0.0272533,0.0265591,0.0268914,0.0268691,0.0268674,0.0255388,0.0268896,0.02591,0.0264594,0.0237974,0.025253,0.0189701,0.0243573,0.00898466,0.0226918,0.0170182,0.0163421,0.0163189,0.0122883,0.011577,0.015303,0.011792,0.0106386,0.0122638,0.00790042,0.0124934,0.00750838,0.0106,0.00707525,0.00915604,0.00576286,0.00649825,0.00563433,0.00656016,0.00488266,0.00599989,0.00377226,0.00552179,0.00400597,0.00526883,0.00354256,0.0052589,0.00353947,0.00440198,0.00307568,0.00387289,0.00245114,0.00347183,0.00230496,0.00316287,0.00250349,0.00307477,0.00247838,0.00309157,0.0018407,0.00150568,0.00142382,0.00143151,0.000974768,0.00110497,0.000839914,0.000532591,0.00054202,0.000559968,0.000430921,0.000440318,0.000281483,0.000284988,0.000199822,0.000206954,0.000137417,0.000146854,0.000116024,0.000120749,7.38938e-05,7.85479e-05,5.84395e-05,
800,0.0378607,0.038416,0.0366767,0.038416,0.0371433,0.0378493,0.0364304,0.0375564,0.036561,0.0376467,0.0378464,0.0374184,0.0378794,0.0362472,0.0376287,0.0378508,0.0368221,0.0370301,0.0370386,0.0365309,0.0367451,0.0381145,0.0367346,0.0378901,0.0354613,0.0370634,0.0356159,0.0368539,0.0340836,0.0356215,0.0317794,0.0328926,0.028217,0.0301888,0.0210893,0.0243573,0.0107816,0.0246027,0.020211,0.0174316,0.0181839,0.0134689,0.0130182,0.0137727,0.011792,0.0106386,0.0122638,0.00832282,0.0124934,0.00750838,0.0106,0.00643575,0.00915604,0.00576286,0.00649825,0.00501096,0.00656016,0.00410718,0.0056966,0.00320469,0.00508004,0.00296442,0.00460889,0.00303047,0.00401589,0.00239546,0.00341698,0.00231763,0.00309145,0.00162846,0.00242629,0.00157472,0.00181521,0.00148818,0.00196054,0.00141693,0.00218037,0.00113948,0.00117523,0.000929576,0.00104978,0.000599437,0.000824083,0.000516593,0.000465316,0.000345861,0.000430291,0.000274969,0.00034247,0.000202156,0.000284988,0.00014587,0.000166013,0.000122403,0.000137257,9.56316e-05,0.000109858,6.57504e-05,7.37734e-05,5.37882e-05,
1000,0.0512021,0.0525693,0.050236,0.0526413,0.0502811,0.0513433,0.0488804,0.050643,0.0494769,0.0498717,0.0508824,0.0511656,0.0520343,0.0499031,0.0506127,0.0512549,0.0503882,0.0500789,0.0491846,0.0478596,0.0478342,0.0516278,0.0495542,0.0515602,0.0472359,0.0484499,0.0471742,0.0472828,0.0429527,0.0452094,0.0414931,0.0387013,0.035777,0.0339143,0.0269139,0.0256393,0.0139223,0.0246027,0.0253783,0.0174316,0.0232273,0.0134689,0.0153172,0.0137727,0.0127965,0.0106386,0.0122638,0.00775062,0.0124934,0.00750838,0.0106,0.00696576,0.00915604,0.00576286,0.00649825,0.00462917,0.00603277,0.00369646,0.00505264,0.00294077,0.00440991,0.00238832,0.00409897,0.00247012,0.00374597,0.00212521,0.00285381,0.00173319,0.00236615,0.00121117,0.00222455,0.00112642,0.00150403,0.00113643,0.00151421,0.00104799,0.00150516,0.000860467,0.000849591,0.000631039,0.000839822,0.000437849,0.000576088,0.000351061,0.000411734,0.000282167,0.000391481,0.000225025,0.000296585,0.000170478,0.000220866,0.000127075,0.000166013,9.72483e-05,0.000116529,8.51309e-05,0.000109858,5.6753e-05,8.46452e-05,4.86655e-05,
1200,0.0706983,0.0692162,0.0687767,0.0726757,0.0683619,0.0678139,0.0665343,0.0688118,0.0673647,0.0672229,0.0682998,0.0716319,0.0692417,0.067344,0.0670482,0.0698407,0.0676082,0.0690778,0.0666429,0.0621638,0.0644765,0.0693004,0.0679184,0.0653447,0.062368,0.0605902,0.0617554,0.0591737,0.0552711,0.0565598,0.0526962,0.0433455,0.045243,0.0339143,0.0307587,0.0256393,0.0167358,0.0246027,0.0294291,0.0174316,0.0261189,0.0134689,0.0175131,0.0137727,0.0146017,0.0106386,0.0122638,0.00719914,0.0133706,0.00675754,0.0117224,0.00598486,0.00915604,0.00496493,0.00649825,0.00462917,0.00560023,0.00344478,0.00505264,0.00261786,0.00396892,0.00238832,0.00389177,0.00221178,0.00325899,0.00180642,0.00260631,0.00162959,0.00220348,0.00113663,0.00187851,0.000963591,0.00128526,0.000983407,0.00143421,0.000842855,0.00132262,0.000628304,0.00080157,0.000404333,0.00075584,0.000380382,0.000498903,0.000274334,0.00034428,0.000259275,0.000343186,0.000196474,0.000315317,0.000128264,0.00020503,0.000117071,0.000166013,8.30212e-05,0.000116529,7.66178e-05,0.000104305,5.6753e-05,8.46452e-05,4.86655e-05,
1400,0.0918364,0.0941614,0.0923195,0.0934186,0.0928583,0.0929833,0.0869874,0.0903529,0.090802,0.0876483,0.0910153,0.0925406,0.0923223,0.0881594,0.0873262,0.0930421,0.0871395,0.0929548,0.0904025,0.0841513,0.0860092,0.0903854,0.0855772,0.0829877,0.0805361,0.0736058,0.0804162,0.072433,0.0728159,0.0636454,0.0657448,0.0474519,0.0573078,0.0339143,0.036428,0.0256393,0.0213381,0.0246027,0.0294291,0.0174316,0.0261189,0.0142308,0.0175131,0.0137727,0.0160755,0.0112335,0.0137749,0.00719914,0.0133706,0.00675754,0.0117224,0.00544179,0.00915604,0.00496493,0.00649825,0.00412174,0.00521165,0.00344478,0.00505264,0.00261786,0.00396892,0.00221973,0.00389177,0.00197896,0.00293309,0.0016612,0.00260631,0.00134562,0.00220348,0.00106754,0.00155648,0.000856282,0.00128526,0.000750965,0.00123225,0.000717253,0.00116336,0.000565473,0.000682121,0.00034327,0.000671667,0.000332155,0.000464604,0.000274334,0.00034428,0.000259275,0.000343186,0.000196474,0.000283785,0.000128264,0.00020503,0.000109503,0.000157216,8.30212e-05,0.000116529,6.9368e-05,0.000110914,5.6753e-05,8.46452e-05,4.86655e-05,
1600,0.122206,0.124217,0.125277,0.123801,0.123502,0.119948,0.113653,0.118722,0.121983,0.117113,0.126529,0.122003,0.12323,0.111179,0.114551,0.118866,0.115715,0.113426,0.120537,0.105572,0.112062,0.110699,0.112473,0.100459,0.110427,0.0854135,0.104292,0.0873415,0.093,0.0636454,0.0787539,0.0538982,0.0686642,0.0374175,0.0413346,0.0256393,0.0248256,0.0246027,0.0327924,0.0197665,0.0274249,0.0142308,0.0184053,0.0147397,0.0160755,0.01064,0.0137749,0.00719914,0.0141182,0.00675754,0.0117224,0.00544179,0.00963794,0.00496493,0.00649825,0.00412174,0.00580726,0.00310031,0.00454738,0.00235608,0.00353234,0.00199776,0.00389177,0.00197896,0.00293309,0.00138376,0.00247344,0.00126599,0.00193523,0.00106754,0.00155648,0.000747717,0.00128526,0.000696963,0.00110903,0.000645528,0.000998998,0.000487177,0.000682121,0.00034327,0.00061582,0.000332155,0.000464604,0.000235227,0.000366096,0.000234657,0.000343186,0.000196474,0.000264866,0.000121514,0.00020503,0.000109503,0.000157216,7.73369e-05,0.000116529,6.9368e-05,0.000100351,5.13764e-05,7.66672e-05,5.13356e-05,
1800,0.162448,0.160375,0.161326,0.15633,0.151108,0.163032,0.148492,0.152168,0.156565,0.148263,0.166788,0.155892,0.155441,0.141051,0.144313,0.151075,0.149643,0.137748,0.157903,0.127742,0.136741,0.13603,0.142175,0.127179,0.1353,0.101968,0.118718,0.103495,0.105726,0.0751621,0.0929296,0.0538982,0.080625,0.0415439,0.048683,0.0278131,0.0294533,0.0246027,0.0368524,0.0178939,0.0310112,0.0142308,0.0204545,0.0147397,0.0169743,0.011714,0.015218,0.00719914,0.0123702,0.00675754,0.0117224,0.00515007,0.00963794,0.00496493,0.00649825,0.00412174,0.00610112,0.00310031,0.00454738,0.00250432,0.00323262,0.00188699,0.00369505,0.00197896,0.00318356,0.00152588,0.00229745,0.00113939,0.0018374,0.00106754,0.00144848,0.000790235,0.00128526,0.000696963,0.00104308,0.000562842,0.000908348,0.00044905,0.000682121,0.000320386,0.00061582,0.000302133,0.000464604,0.000235227,0.000343567,0.000203858,0.000312442,0.000174937,0.000264866,0.000103406,0.000216689,0.000103022,0.000157216,7.73369e-05,0.00013016,6.9368e-05,0.000100351,5.13764e-05,7.66672e-05,5.13356e-05,
2000,0.216387,0.201378,0.206437,0.196771,0.191012,0.203034,0.199068,0.193054,0.194081,0.183909,0.221342,0.189769,0.196659,0.173328,0.189669,0.186061,0.18793,0.175822,0.203158,0.154034,0.176244,0.163505,0.183247,0.159162,0.157339,0.127905,0.141142,0.116667,0.120941,0.0822962,0.103067,0.0580903,0.080625,0.0445961,0.0522406,0.031985,0.0337147,0.0246027,0.0368524,0.0188506,0.0310112,0.01523,0.022431,0.0134649,0.0169743,0.011714,0.0159998,0.00786367,0.0132361,0.00594664,0.0104943,0.00515007,0.00908427,0.00470263,0.00649825,0.00377751,0.00610112,0.00331835,0.00454738,0.00250432,0.00323262,0.00178216,0.00350057,0.00197896,0.00318356,0.00130912,0.00212946,0.00106272,0.00172433,0.00100527,0.00144848,0.000687572,0.00128526,0.000652415,0.00104308,0.000532142,0.00083156,0.000489159,0.000682121,0.000320386,0.000571033,0.000302133,0.000464604,0.000235227,0.000368739,0.000203858,0.000312442,0.000149328,0.000264866,0.000111049,0.000196114,0.000103022,0.000170292,7.73369e-05,0.00013016,6.9368e-05,0.000100351,5.13764e-05,7.02926e-05,4.50458e-05,
2200,0.26014,0.24498,0.250558,0.241346,0.23831,0.247915,0.233807,0.242696,0.246937,0.226243,0.273698,0.238002,0.238829,0.190492,0.221506,0.220313,0.229938,0.222828,0.242533,0.193216,0.215332,0.195876,0.219526,0.180279,0.197413,0.148247,0.169371,0.128948,0.149705,0.0822962,0.119278,0.0580903,0.0879197,0.0409054,0.0635136,0.031985,0.0358573,0.0230683,0.0398676,0.0203167,0.0333033,0.01523,0.022431,0.0134649,0.0169743,0.011714,0.0168552,0.00711702,0.0125368,0.00594664,0.0104943,0.00515007,0.00972017,0.00427939,0.00649825,0.00377751,0.00557817,0.00331835,0.00454738,0.00250432,0.0034596,0.00188976,0.00323716,0.00197896,0.00281386,0.00130912,0.00212946,0.00106272,0.00172433,0.00100527,0.00158845,0.000751993,0.00119179,0.000601672,0.00104308,0.000491598,0.00083156,0.000489159,0.000682121,0.000302586,0.000571033,0.000321307,0.000436727,0.000214056,0.000347897,0.000183472,0.000288782,0.000149328,0.000264866,0.000111049,0.000196114,9.47012e-05,0.000146988,7.73369e-05,0.00013016,5.99087e-05,9.43298e-05,5.54865e-05,7.85289e-05,4.50458e-05,
2400,0.311204,0.287052,0.297471,0.301455,0.304453,0.303331,0.290797,0.295436,0.283328,0.284419,0.317604,0.266836,0.286087,0.239733,0.256345,0.260741,0.271546,0.267393,0.292905,0.222198,0.272306,0.232791,0.243736,0.200052,0.24142,0.164782,0.196541,0.128948,0.164024,0.0822962,0.13988,0.0580903,0.0879197,0.0409054,0.0691137,0.0301317,0.0430287,0.0230683,0.0419992,0.021466,0.0333033,0.01523,0.025185,0.0142266,0.0186203,0.0106006,0.0168552,0.00711702,0.0125368,0.00594664,0.0104943,0.00515007,0.00972017,0.00427939,0.00649825,0.00377751,0.00557817,0.00309472,0.00454738,0.00250432,0.00313076,0.00188976,0.00323716,0.00197896,0.00247504,0.00130912,0.00212946,0.00112995,0.00172433,0.00100527,0.00158845,0.000799568,0.00113103,0.000601672,0.00104308,0.000491598,0.000779041,0.000489159,0.000682121,0.000282195,0.000571033,0.000255192,0.000436727,0.000214056,0.000347897,0.00016765,0.000288782,0.000135093,0.000244015,0.000102039,0.000196114,9.47012e-05,0.000146988,8.34655e-05,0.000120243,5.99087e-05,9.43298e-05,5.10258e-05,8.26825e-05,4.50458e-05,
2600,0.362851,0.326048,0.351663,0.358092,0.35621,0.345797,0.321408,0.357337,0.35416,0.315705,0.35161,0.310164,0.336298,0.29567,0.284116,0.282302,0.314792,0.33366,0.333142,0.264878,0.323769,0.269628,0.281491,0.226997,0.282663,0.181577,0.216779,0.128948,0.183897,0.0822962,0.153543,0.0580903,0.0879197,0.036429,0.0737213,0.0301317,0.0456016,0.0230683,0.0419992,0.021466,0.0333033,0.01523,0.025185,0.0130384,0.0186203,0.0106006,0.0168552,0.00711702,0.0132071,0.00594664,0.0113428,0.00458648,0.00972017,0.00466763,0.00649825,0.00377751,0.00557817,0.00309472,0.00454738,0.00250432,0.00334961,0.00188976,0.00323716,0.00170029,0.00233754,0.00130912,0.00198617,0.00112995,0.00172433,0.00100527,0.00158845,0.000799568,0.00119911,0.000601672,0.00104308,0.000463916,0.000779041,0.000444947,0.000682121,0.000302817,0.00049951,0.000255192,0.000409145,0.000214056,0.000347897,0.000184025,0.000274184,0.000135093,0.000244015,0.000102039,0.000196114,9.94822e-05,0.000161242,8.34655e-05,0.000120243,6.4122e-05,0.000100025,5.10258e-05,7.56422e-05,4.12238e-05,
2800,0.410559,0.389131,0.382849,0.398473,0.39692,0.369908,0.35859,0.405468,0.384925,0.348214,0.386771,0.365994,0.364267,0.339274,0.331267,0.320653,0.362822,0.366702,0.353062,0.27825,0.361225,0.300443,0.323715,0.226997,0.303373,0.181577,0.245033,0.128948,0.198608,0.0822962,0.166978,0.0580903,0.0931948,0.036429,0.0737213,0.0301317,0.0508132,0.0230683,0.0379992,0.021466,0.0333033,0.0127932,0.0225147,0.0130384,0.0186203,0.0106006,0.0168552,0.00711702,0.0125255,0.00594664,0.0113428,0.0042968,0.0104386,0.00466763,0.00707451,0.00377751,0.00557817,0.00309472,0.00454738,0.00250432,0.00334961,0.00188976,0.00323716,0.00183855,0.00233754,0.00120548,0.00198617,0.00112995,0.00172433,0.00100527,0.00147632,0.000744088,0.00119911,0.000639798,0.00104308,0.000523838,0.000779041,0.000444947,0.000682121,0.000302817,0.000457793,0.000255192,0.000409145,0.000214056,0.000347897,0.000184025,0.000274184,0.000142075,0.000227571,0.000102039,0.000196114,9.94822e-05,0.000161242,8.34655e-05,0.000120243,6.4122e-05,8.80614e-05,5.47746e-05,7.56422e-05,4.12238e-05,
3000,0.443403,0.435827,0.382849,0.460457,0.428674,0.417996,0.410621,0.426982,0.416939,0.371428,0.436337,0.365994,0.403877,0.339274,0.366521,0.36787,0.40799,0.391149,0.423674,0.325113,0.393489,0.330797,0.323715,0.260474,0.325796,0.200407,0.264844,0.142816,0.198608,0.0892264,0.151141,0.0580903,0.0931948,0.0336534,0.0639377,0.0301317,0.0537026,0.0257047,0.0379992,0.021466,0.0314085,0.0134938,0.0225147,0.0141491,0.0186203,0.0106006,0.0156964,0.00711702,0.0125255,0.00632506,0.0106264,0.00462418,0.00978761,0.00505151,0.00707451,0.00377751,0.00516715,0.00309472,0.00454738,0.00218935,0.00364736,0.0017695,0.00323716,0.00198564,0.00268175,0.00120548,0.00198617,0.00119079,0.00161697,0.000851271,0.00147632,0.000744088,0.00119911,0.000639798,0.000975652,0.000494793,0.000779041,0.000444947,0.000625405,0.000302817,0.000488312,0.000255192,0.000409145,0.000198947,0.000347897,0.000194063,0.000274184,0.000142075,0.000227571,0.000102039,0.000168331,0.000104839,0.000161242,8.34655e-05,0.000120243,6.4122e-05,9.91122e-05,5.09739e-05,7.56422e-05,3.86869e-05,
3200,0.443403,0.469891,0.414507,0.460457,0.428674,0.443076,0.410621,0.458266,0.45205,0.428026,0.436337,0.390394,0.451714,0.408528,0.418106,0.36787,0.462943,0.391149,0.423674,0.325113,0.44649,0.330797,0.363794,0.276925,0.325796,0.213017,0.246636,0.151879,0.209566,0.0957012,0.151141,0.0580903,0.0862773,0.0376396,0.058728,0.0323588,0.0537026,0.0257047,0.0379992,0.021466,0.0314085,0.0134938,0.0243664,0.0134188,0.0186203,0.0106006,0.0156964,0.00776269,0.0125255,0.00677069,0.0111945,0.00462418,0.00978761,0.00505151,0.00707451,0.00377751,0.00516715,0.00309472,0.00454738,0.00231384,0.00364736,0.0017695,0.00323716,0.00198564,0.00241358,0.00120548,0.00221615,0.00119079,0.00170843,0.000851271,0.00136224,0.000744088,0.00119911,0.000588614,0.000975652,0.000494793,0.00073859,0.000444947,0.000625405,0.000324014,0.000513789,0.000255192,0.000440554,0.000198947,0.000347897,0.000194063,0.000274184,0.000142075,0.000227571,0.000102039,0.000168331,9.74385e-05,0.000147133,8.34655e-05,0.000120243,6.4122e-05,0.000105114,5.09739e-05,7.56422e-05,3.86869e-05,
3400,0.486907,0.469891,0.414507,0.414412,0.473583,0.471059,0.410621,0.458266,0.426218,0.428026,0.45889,0.390394,0.451714,0.453181,0.463717,0.396482,0.462943,0.417225,0.447049,0.342951,0.44649,0.330797,0.383383,0.276925,0.345047,0.213017,0.246636,0.151879,0.209566,0.0897425,0.161217,0.0580903,0.0862773,0.041363,0.0648405,0.0345161,0.0582884,0.0257047,0.0379992,0.021466,0.0314085,0.0134938,0.0223984,0.0134188,0.0186203,0.0106006,0.0156964,0.0084046,0.0133605,0.00677069,0.0105642,0.00499602,0.00978761,0.00505151,0.00707451,0.00343608,0.00516715,0.00287284,0.00454738,0.00245114,0.00364736,0.0017695,0.00323716,0.00184786,0.00241358,0.00120548,0.00206841,0.00130361,0.00170843,0.000851271,0.00136224,0.000744088,0.00119911,0.000588614,0.000915612,0.000538372,0.00073859,0.000407194,0.000625405,0.000324014,0.000513789,0.000255192,0.000440554,0.000198947,0.000347897,0.000207,0.000274184,0.000153963,0.000227571,0.000111799,0.000182603,8.76947e-05,0.000147133,8.92923e-05,0.000120243,6.4122e-05,0.000105114,5.09739e-05,7.56422e-05,3.86869e-05,
3600,0.538773,0.469891,0.453132,0.414412,0.473583,0.471059,0.410621,0.458266,0.453267,0.389682,0.45889,0.420363,0.481829,0.453181,0.463717,0.422914,0.502379,0.417225,0.447049,0.342951,0.44649,0.330797,0.383383,0.276925,0.345047,0.227218,0.279521,0.167866,0.209566,0.0962844,0.161217,0.061963,0.0862773,0.041363,0.0580534,0.0319923,0.0582884,0.0257047,0.0379992,0.021466,0.0314085,0.0134938,0.0241995,0.0124026,0.0186203,0.0106006,0.0156964,0.0084046,0.0119596,0.00677069,0.0105642,0.00534526,0.00978761,0.00423949,0.00707451,0.00371097,0.00549553,0.00257011,0.00493291,0.00245114,0.00364736,0.0017695,0.00304557,0.00195293,0.00241358,0.00136362,0.00206841,0.00121754,0.00170843,0.000937276,0.00136224,0.000744088,0.00112815,0.000547065,0.000915612,0.000538372,0.00073859,0.000407194,0.000625405,0.000324014,0.000513789,0.000255192,0.000440554,0.000198947,0.000347897,0.000207,0.000274184,0.000153963,0.000214498,0.000111799,0.000182603,8.76947e-05,0.000147133,8.92923e-05,0.000129103,6.4122e-05,0.000105114,4.74058e-05,7.56422e-05,3.86869e-05,
3800,0.538773,0.469891,0.453132,0.466416,0.473583,0.471059,0.446291,0.49638,0.453267,0.420428,0.434245,0.456003,0.506968,0.483393,0.499048,0.454076,0.502379,0.458543,0.447049,0.342951,0.44649,0.330797,0.383383,0.291373,0.345047,0.227218,0.279521,0.155406,0.209566,0.0962844,0.161217,0.0656928,0.0934528,0.041363,0.0633647,0.0319923,0.0582884,0.0257047,0.0423991,0.021466,0.0334017,0.0134938,0.0241995,0.0124026,0.0186203,0.00969489,0.0156964,0.0084046,0.0127569,0.00677069,0.011202,0.00534526,0.00978761,0.00475998,0.00707451,0.00371097,0.00505813,0.00281704,0.00493291,0.00260622,0.00395254,0.00187012,0.00304557,0.00185337,0.00241358,0.00136362,0.00206841,0.00121754,0.00170843,0.000855564,0.00136224,0.000744088,0.00118889,0.000547065,0.000915612,0.000510418,0.00073859,0.000407194,0.000669123,0.000324014,0.000513789,0.000269546,0.000409715,0.000198947,0.000347897,0.00018855,0.000274184,0.000153963,0.00023256,0.000111799,0.000182603,9.47849e-05,0.000147133,8.92923e-05,0.000122182,6.4122e-05,9.19478e-05,4.74058e-05,7.56422e-05,3.86869e-05,
4000,0.508948,0.469891,0.42,0.496058,0.448563,0.471059,0.446291,0.49638,0.485201,0.457215,0.434245,0.498095,0.47842,0.447512,0.499048,0.454076,0.534162,0.458543,0.471282,0.365815,0.476256,0.351874,0.383383,0.319123,0.345047,0.246977,0.279521,0.146082,0.209566,0.0962844,0.161217,0.0594845,0.103577,0.041363,0.066885,0.0319923,0.0617327,0.0257047,0.0450721,0.021466,0.0334017,0.0151353,0.0241995,0.0124026,0.0186203,0.00969489,0.0156964,0.0084046,0.0127569,0.00677069,0.0120655,0.00563308,0.00978761,0.00475998,0.00707451,0.00340989,0.00505813,0.00281704,0.00493291,0.00260622,0.00395254,0.00187012,0.00287671,0.00185337,0.00241358,0.00136362,0.00206841,0.00121754,0.00149691,0.000902768,0.00136224,0.000802552,0.00118889,0.000594933,0.000915612,0.000510418,0.00073859,0.000436808,0.000669123,0.000288012,0.000513789,0.000269546,0.000409715,0.000198947,0.000347897,0.000169695,0.000289416,0.000145565,0.00023256,0.000111799,0.000182603,9.47849e-05,0.000147133,8.27634e-05,0.000129055,6.4122e-05,0.000102947,5.10759e-05,7.56422e-05,3.86869e-05,
4200,0.480182,0.522972,0.498291,0.496058,0.482739,0.471059,0.487788,0.49638,0.485201,0.457215,0.48074,0.498095,0.47842,0.447512,0.499048,0.454076,0.454038,0.486055,0.434181,0.365815,0.430815,0.351874,0.415268,0.319123,0.374623,0.246977,0.294572,0.146082,0.209566,0.0962844,0.161217,0.0628669,0.103577,0.0441206,0.066885,0.03531,0.0561768,0.0257047,0.0405649,0.0199386,0.0334017,0.0143717,0.0241995,0.0124026,0.0186203,0.0104455,0.0165794,0.0084046,0.0134438,0.00677069,0.0120655,0.0053366,0.00978761,0.00450035,0.00707451,0.00318009,0.00533049,0.00281704,0.00532212,0.0021308,0.00372668,0.00204729,0.00287671,0.00185337,0.00241358,0.00136362,0.00206841,0.00114652,0.00157695,0.000902768,0.00136224,0.000802552,0.00118889,0.000594933,0.000915612,0.000510418,0.000775878,0.000436808,0.000626542,0.000288012,0.000513789,0.000269546,0.000409715,0.000187172,0.000347897,0.000156189,0.000289416,0.000145565,0.000217207,0.000111799,0.000182603,9.47849e-05,0.000147133,8.27634e-05,0.000129055,6.4122e-05,0.000102947,5.10759e-05,8.27615e-05,3.86869e-05,
4400,0.453041,0.522972,0.538154,0.496058,0.482739,0.471059,0.487788,0.545536,0.485201,0.490714,0.452513,0.498095,0.47842,0.474363,0.52592,0.489078,0.482662,0.486055,0.48574,0.392547,0.468511,0.377588,0.369823,0.319123,0.329356,0.246977,0.294572,0.146082,0.223537,0.0897957,0.161217,0.0628669,0.110799,0.0441206,0.0709459,0.03531,0.0561768,0.0236811,0.0405649,0.0199386,0.0334017,0.0143717,0.0241995,0.0124026,0.0186203,0.0104455,0.0165794,0.0084046,0.012684,0.00621901,0.0113058,0.0053366,0.00978761,0.00450035,0.00707451,0.00337152,0.00533049,0.00281704,0.00561357,0.0021308,0.00372668,0.00204729,0.00306849,0.00153873,0.00241358,0.00136362,0.00229152,0.00114652,0.00157695,0.000902768,0.00136224,0.000754399,0.00118889,0.000551965,0.000915612,0.00053642,0.000775878,0.000436808,0.000626542,0.000310413,0.000513789,0.000269546,0.000409715,0.000197638,0.000319929,0.00017882,0.000289416,0.000145565,0.000217207,0.000119253,0.000191905,9.47849e-05,0.000147133,8.27634e-05,0.00014067,6.4122e-05,0.000102947,4.785e-05,8.27615e-05,4.17978e-05,
4600,0.486527,0.494886,0.59197,0.496058,0.448128,0.471059,0.487788,0.545536,0.509462,0.490714,0.498285,0.498095,0.505331,0.474363,0.52592,0.489078,0.482662,0.486055,0.453672,0.392547,0.468511,0.377588,0.369823,0.319123,0.31081,0.246977,0.294572,0.146082,0.223537,0.0967175,0.161217,0.0628669,0.110799,0.0441206,0.081081,0.03531,0.0561768,0.0260238,0.0405649,0.0199386,0.0334017,0.0143717,0.0241995,0.0124026,0.0196893,0.0104455,0.0177368,0.0084046,0.0134877,0.00669642,0.0113058,0.0053366,0.00978761,0.00407559,0.00707451,0.00377484,0.00533049,0.00281704,0.00517695,0.0021308,0.00402636,0.00204729,0.00306849,0.00163513,0.00255082,0.00136362,0.0021159,0.00114652,0.00157695,0.000812491,0.00136224,0.000686984,0.00118889,0.000551965,0.000915612,0.00053642,0.000775878,0.000436808,0.000626542,0.000332174,0.000472686,0.000269546,0.000409715,0.000211435,0.000319929,0.00017882,0.000289416,0.000145565,0.000217207,0.000119253,0.000191905,9.47849e-05,0.000135196,7.71285e-05,0.00014067,6.4122e-05,0.000102947,5.02658e-05,7.22117e-05,4.17978e-05,
4800,0.486527,0.543344,0.59197,0.535368,0.480795,0.471059,0.487788,0.510269,0.509462,0.570645,0.498285,0.498095,0.46054,0.474363,0.52592,0.489078,0.482662,0.530242,0.453672,0.42761,0.435123,0.377588,0.369823,0.341401,0.33066,0.246977,0.294572,0.161473,0.223537,0.0967175,0.172998,0.0664032,0.122662,0.0408006,0.0747355,0.03531,0.0528062,0.0260238,0.0405649,0.0175822,0.0357398,0.0160963,0.0241995,0.0105622,0.0196893,0.0118034,0.0177368,0.00796226,0.0134877,0.00706384,0.0120211,0.00501222,0.00875623,0.00441078,0.00707451,0.00377484,0.00533049,0.00281704,0.00445624,0.0021308,0.00402636,0.00204729,0.00306849,0.00163513,0.00227121,0.00136362,0.0021159,0.00108618,0.00157695,0.000812491,0.00136224,0.000734944,0.00118889,0.000551965,0.000810178,0.00053642,0.000775878,0.000436808,0.000717191,0.000298957,0.000472686,0.000269546,0.000409715,0.000211435,0.000319929,0.000163542,0.000289416,0.000155269,0.000217207,0.000119253,0.000191905,9.47849e-05,0.000152273,7.71285e-05,0.00014067,6.4122e-05,9.47972e-05,4.71725e-05,7.22117e-05,4.17978e-05,
5000,0.486527,0.543344,0.544854,0.535368,0.480795,0.553735,0.451846,0.471391,0.509462,0.540611,0.498285,0.498095,0.492691,0.474363,0.48007,0.489078,0.482662,0.48559,0.485578,0.390733,0.435123,0.377588,0.419133,0.341401,0.33066,0.267775,0.31421,0.151675,0.223537,0.0967175,0.16306,0.0664032,0.132249,0.0408006,0.0687274,0.03531,0.0528062,0.0260238,0.0405649,0.0175822,0.0336689,0.0160963,0.0241995,0.0105622,0.0182496,0.0118034,0.016738,0.00796226,0.0134877,0.00706384,0.0120211,0.00501222,0.00875623,0.00441078,0.00707451,0.00339735,0.00573662,0.00281704,0.00445624,0.0021308,0.00402636,0.00204729,0.00306849,0.00154447,0.00240748,0.00147271,0.0021159,0.00108618,0.00170735,0.000866657,0.00136224,0.000789097,0.00110064,0.000551965,0.000810178,0.000480317,0.000775878,0.000436808,0.000663956,0.000298957,0.000472686,0.00024676,0.000409715,0.000211435,0.000340232,0.000163542,0.000289416,0.000155269,0.000217207,0.000119253,0.00020338,9.47849e-05,0.000152273,7.71285e-05,0.000122114,6.4122e-05,9.47972e-05,4.71725e-05,8.08771e-05,3.8872e-05,
5200,0.486527,0.543344,0.493236,0.535368,0.480795,0.553735,0.451846,0.516285,0.509462,0.540611,0.498285,0.498095,0.529108,0.527949,0.48007,0.516062,0.510108,0.48559,0.485578,0.390733,0.435123,0.377588,0.379942,0.341401,0.364816,0.267775,0.31421,0.151675,0.203419,0.10252,0.153167,0.0702318,0.132249,0.0408006,0.0687274,0.0302364,0.0472417,0.0260238,0.0375539,0.0191526,0.0315691,0.0160963,0.0229505,0.0105622,0.0182496,0.0107949,0.016738,0.00738969,0.0134877,0.00661432,0.0120211,0.00530965,0.00875623,0.00441078,0.00707451,0.00339735,0.00573662,0.00259057,0.00479459,0.0021308,0.00362372,0.00204729,0.00306849,0.00154447,0.00240748,0.00136339,0.0021159,0.00108618,0.00170735,0.000924434,0.00136224,0.000789097,0.000996763,0.000551965,0.000810178,0.000480317,0.000701985,0.00040922,0.000615033,0.000298957,0.000512762,0.00024676,0.000409715,0.000224812,0.000340232,0.00014996,0.000289416,0.00017443,0.000217207,0.000111543,0.000216202,0.000101104,0.000152273,7.71285e-05,0.000128983,6.4122e-05,9.47972e-05,4.71725e-05,8.81945e-05,3.8872e-05,
5400,0.486527,0.543344,0.493236,0.535368,0.480795,0.553735,0.451846,0.516285,0.509462,0.488985,0.533391,0.498095,0.529108,0.527949,0.516647,0.543223,0.510108,0.48559,0.485578,0.412712,0.459599,0.40155,0.379942,0.310256,0.390473,0.244682,0.291517,0.151675,0.203419,0.10252,0.153167,0.0625584,0.122992,0.0408006,0.0687274,0.0302364,0.0502352,0.0260238,0.0414484,0.0178619,0.0355307,0.0160963,0.0229505,0.0105622,0.0182496,0.0107949,0.0157616,0.00738969,0.0134877,0.00661432,0.0112527,0.00530965,0.00875623,0.00441078,0.00707451,0.00339735,0.00573662,0.00259057,0.00511422,0.00228576,0.00382977,0.00204729,0.00334923,0.00166686,0.00256048,0.00136339,0.0021159,0.00117816,0.00170735,0.000924434,0.00144795,0.000789097,0.000996763,0.000551965,0.000891196,0.000441019,0.000701985,0.00040922,0.000615033,0.000298957,0.000512762,0.00024676,0.000409715,0.000224812,0.000340232,0.00014996,0.000310621,0.000161392,0.000217207,0.000111543,0.000216202,0.000101104,0.000152273,7.71285e-05,0.000128983,6.4122e-05,9.47972e-05,4.71725e-05,8.25249e-05,3.8872e-05,
5600,0.518962,0.543344,0.493236,0.486788,0.517562,0.553735,0.451846,0.516285,0.509462,0.459263,0.533391,0.498095,0.456703,0.527949,0.516647,0.512016,0.510108,0.48559,0.485578,0.412712,0.459599,0.40155,0.351352,0.310256,0.412561,0.244682,0.291517,0.161787,0.203419,0.10252,0.153167,0.0684197,0.122992,0.0408006,0.0687274,0.0302364,0.0502352,0.0239871,0.0414484,0.0178619,0.0314393,0.0160963,0.0258714,0.0114864,0.0182496,0.0107949,0.0157616,0.00827963,0.0144733,0.00661432,0.0112527,0.00530965,0.00937205,0.00463739,0.00707451,0.00339735,0.00573662,0.00259057,0.00444298,0.00228576,0.00382977,0.00204729,0.00334923,0.00166686,0.00256048,0.00136339,0.0021159,0.00111735,0.00170735,0.000924434,0.00144795,0.000789097,0.00107044,0.000551965,0.000891196,0.000441019,0.000808893,0.00037954,0.000615033,0.000298957,0.000512762,0.00024676,0.000409715,0.000224812,0.000340232,0.00014996,0.000310621,0.000161392,0.000230195,0.000111543,0.000199933,0.000101104,0.000152273,7.71285e-05,0.000128983,6.4122e-05,9.47972e-05,4.71725e-05,8.25249e-05,3.8872e-05,
5800,0.518962,0.543344,0.493236,0.486788,0.517562,0.553735,0.497453,0.545153,0.509462,0.459263,0.533391,0.468209,0.456703,0.527949,0.516647,0.512016,0.510108,0.511912,0.485578,0.39185,0.459599,0.40155,0.351352,0.310256,0.412561,0.268913,0.311953,0.161787,0.203419,0.10252,0.143977,0.0684197,0.115516,0.0408006,0.0687274,0.0282402,0.0543203,0.0254396,0.0414484,0.0178619,0.0342083,0.0160963,0.0258714,0.0114864,0.0182496,0.0107949,0.0157616,0.00871161,0.0144733,0.00661432,0.0112527,0.00499013,0.00937205,0.00402475,0.0080385,0.00339735,0.00573662,0.00259057,0.00444298,0.00228576,0.00357736,0.00173288,0.00373668,0.00166686,0.00256048,0.00136339,0.0021159,0.00104943,0.00170735,0.000924434,0.00144795,0.000789097,0.00114908,0.000551965,0.00097682,0.000441019,0.000808893,0.00037954,0.000615033,0.000325863,0.000512762,0.000228192,0.000409715,0.000224812,0.000340232,0.00014996,0.000279559,0.000151978,0.000230195,0.000125644,0.000199933,0.000101104,0.000143968,7.71285e-05,0.000128983,5.9491e-05,9.47972e-05,5.06287e-05,8.25249e-05,3.63318e-05,
6000,0.518962,0.496922,0.453978,0.486788,0.517562,0.506124,0.497453,0.545153,0.509462,0.459263,0.533391,0.468209,0.502801,0.527949,0.556155,0.512016,0.510108,0.511912,0.485578,0.4264,0.459599,0.40155,0.351352,0.310256,0.412561,0.268913,0.311953,0.161787,0.214986,0.10796,0.157938,0.0684197,0.115516,0.0408006,0.0652236,0.0311794,0.0509775,0.0254396,0.0414484,0.0178619,0.0342083,0.0175155,0.0258714,0.0114864,0.0200746,0.0107949,0.0157616,0.00871161,0.0134979,0.00661432,0.00966409,0.00499013,0.00937205,0.00423473,0.00760004,0.00314171,0.00573662,0.00281561,0.00487141,0.00249876,0.00384264,0.00173288,0.00303125,0.00166686,0.00256048,0.00136339,0.0021159,0.00104943,0.00170735,0.000827415,0.00144795,0.000789097,0.0012293,0.000551965,0.00097682,0.000414174,0.000808893,0.00037954,0.000615033,0.000325863,0.000484331,0.00024571,0.000409715,0.000224812,0.000340232,0.000161519,0.000279559,0.000151978,0.000230195,0.000134021,0.000199933,9.42202e-05,0.000134463,7.71285e-05,0.000128983,6.53824e-05,9.47972e-05,5.06287e-05,8.74412e-05,3.81827e-05,
6200,0.518962,0.496922,0.453978,0.486788,0.517562,0.506124,0.497453,0.506992,0.552364,0.485506,0.533391,0.468209,0.502801,0.477767,0.556155,0.46638,0.510108,0.511912,0.485578,0.456207,0.459599,0.450435,0.330558,0.310256,0.367179,0.268913,0.290714,0.161787,0.214986,0.10796,0.145241,0.0684197,0.115516,0.0433899,0.0596511,0.0311794,0.0509775,0.0254396,0.0385226,0.019721,0.0342083,0.0175155,0.0258714,0.0129597,0.0200746,0.0107949,0.0165646,0.00871161,0.0145194,0.00661432,0.00966409,0.00499013,0.00937205,0.00423473,0.00760004,0.00344092,0.00573662,0.00295639,0.00487141,0.00249876,0.00384264,0.00173288,0.00303125,0.00166686,0.00240894,0.00136339,0.0021159,0.00104943,0.00170735,0.000882575,0.00154946,0.000789097,0.0012293,0.000551965,0.000918211,0.000414174,0.000808893,0.000356973,0.000615033,0.000325863,0.000484331,0.00024571,0.000409715,0.000224812,0.000340232,0.000161519,0.000279559,0.000151978,0.000243735,0.000123532,0.000211041,0.000101929,0.000134463,7.09582e-05,0.000128983,6.01518e-05,8.58061e-05,5.36763e-05,8.74412e-05,3.81827e-05,
6400,0.461876,0.496922,0.491964,0.486788,0.517562,0.506124,0.497453,0.476573,0.50409,0.535855,0.482499,0.468209,0.534876,0.477767,0.47873,0.46638,0.539257,0.511912,0.485578,0.456207,0.50851,0.450435,0.362039,0.310256,0.40049,0.25377,0.290714,0.161787,0.236861,0.113484,0.135558,0.0720207,0.108915,0.0433899,0.0649409,0.0337003,0.0509775,0.0282379,0.0385226,0.021393,0.037287,0.0175155,0.0243403,0.0121719,0.0200746,0.0107949,0.0165646,0.00871161,0.0145194,0.00661432,0.010801,0.00538066,0.00937205,0.00423473,0.00760004,0.00344092,0.00573662,0.00295639,0.00487141,0.00236246,0.00384264,0.00199694,0.00303125,0.00166686,0.00259387,0.0012608,0.0021159,0.00104943,0.00170735,0.000832877,0.00154946,0.000730114,0.0012293,0.000551965,0.000918211,0.000435973,0.000808893,0.000356973,0.000615033,0.000325863,0.000484331,0.00024571,0.000409715,0.000224812,0.000340232,0.000161519,0.000279559,0.000151978,0.000226058,0.000123532,0.000211041,0.000101929,0.000134463,7.09582e-05,0.000128983,6.01518e-05,9.37845e-05,5.36763e-05,8.74412e-05,3.81827e-05,
6600,0.461876,0.53005,0.491964,0.486788,0.517562,0.506124,0.459781,0.476573,0.537696,0.564709,0.482499,0.468209,0.534876,0.527819,0.47873,0.46638,0.485331,0.475488,0.485578,0.406113,0.450661,0.427666,0.389437,0.336749,0.40049,0.25377,0.290714,0.161787,0.236861,0.106418,0.151393,0.0784777,0.114638,0.0459298,0.0649409,0.0337003,0.0509775,0.0282379,0.0417082,0.021393,0.0352846,0.0175155,0.0243403,0.0121719,0.0200746,0.0107949,0.0176126,0.00871161,0.0145194,0.00661432,0.010801,0.00538066,0.00937205,0.00423473,0.00760004,0.0036262,0.00573662,0.00295639,0.00443299,0.00236246,0.00384264,0.00188449,0.00303125,0.00166686,0.00259387,0.0012608,0.00225696,0.0011463,0.00170735,0.00088285,0.00154946,0.000686178,0.0012293,0.000551965,0.000918211,0.000435973,0.000808893,0.000356973,0.000615033,0.000325863,0.000546401,0.00024571,0.000409715,0.000212549,0.000369078,0.000161519,0.000255012,0.000151978,0.000249854,0.000123532,0.000211041,0.000111637,0.00014522,7.45061e-05,0.000117428,6.51259e-05,9.37845e-05,5.36763e-05,9.3591e-05,3.81827e-05,
6800,0.485406,0.471407,0.519107,0.530831,0.543928,0.471665,0.459781,0.504734,0.506807,0.564709,0.531677,0.504301,0.50347,0.527819,0.419007,0.492761,0.485331,0.507187,0.485578,0.406113,0.450661,0.386936,0.416826,0.336749,0.40049,0.25377,0.290714,0.161787,0.236861,0.106418,0.151393,0.0784777,0.101928,0.0485665,0.0649409,0.0371615,0.0568703,0.0282379,0.0465952,0.021393,0.0352846,0.0175155,0.0243403,0.0121719,0.0186576,0.00993574,0.0176126,0.00871161,0.0145194,0.00703345,0.010222,0.00607022,0.00937205,0.00423473,0.00760004,0.00383132,0.00573662,0.00295639,0.00443299,0.00221146,0.00384264,0.00177798,0.00303125,0.00154063,0.00259387,0.00132998,0.00225696,0.0011463,0.00170735,0.00088285,0.00154946,0.000727349,0.001125,0.000551965,0.000918211,0.000435973,0.000808893,0.000327033,0.000615033,0.000325863,0.000546401,0.000267054,0.000409715,0.000212549,0.000369078,0.000173323,0.000270363,0.000151978,0.000249854,0.000123532,0.000211041,0.00010354,0.00014522,7.45061e-05,0.000117428,6.51259e-05,8.63599e-05,5.36763e-05,9.3591e-05,3.81827e-05,
7000,0.485406,0.471407,0.488826,0.503268,0.543928,0.471665,0.459781,0.504734,0.506807,0.482569,0.499418,0.504301,0.50347,0.495338,0.419007,0.492761,0.42843,0.48062,0.454058,0.44578,0.405595,0.386936,0.416826,0.336749,0.438314,0.25377,0.290714,0.161787,0.236861,0.106418,0.151393,0.0784777,0.101928,0.0453287,0.0686336,0.0371615,0.0610607,0.0282379,0.0465952,0.0226722,0.0352846,0.0161975,0.0243403,0.0132592,0.0206969,0.0106853,0.0176126,0.00871161,0.0135914,0.00581796,0.00862121,0.00607022,0.00857133,0.00423473,0.00711426,0.00383132,0.00573662,0.00331329,0.00478762,0.00221146,0.00364675,0.00177798,0.00318793,0.00154063,0.00259387,0.00132998,0.00239998,0.00121115,0.00170735,0.00088285,0.00146901,0.000727349,0.001125,0.000551965,0.000918211,0.000408827,0.000808893,0.000327033,0.000615033,0.000325863,0.000546401,0.000267054,0.000434523,0.000212549,0.000326217,0.000173323,0.000270363,0.000151978,0.000249854,0.000123532,0.000196591,0.00010354,0.00014522,7.45061e-05,0.000117428,6.51259e-05,8.63599e-05,5.36763e-05,9.3591e-05,4.31916e-05,
7200,0.516007,0.471407,0.51433,0.503268,0.543928,0.471665,0.459781,0.504734,0.506807,0.482569,0.499418,0.46949,0.50347,0.520105,0.458342,0.520781,0.504089,0.48062,0.454058,0.44578,0.430221,0.386936,0.416826,0.306442,0.438314,0.25377,0.306571,0.161787,0.236861,0.11762,0.151393,0.0784777,0.101928,0.0453287,0.0686336,0.0371615,0.0578349,0.0263153,0.0465952,0.020717,0.0352846,0.0161975,0.0265485,0.0143147,0.0206969,0.00983936,0.0191857,0.00815479,0.0135914,0.00581796,0.00958281,0.00607022,0.00795678,0.00423473,0.00711426,0.00383132,0.00573662,0.00314358,0.00450835,0.00221146,0.00364675,0.00177798,0.00318793,0.00154063,0.00244486,0.00132998,0.0021971,0.00121115,0.00170735,0.00088285,0.00146901,0.000727349,0.001125,0.000590549,0.00082639,0.000408827,0.000808893,0.000327033,0.000615033,0.000325863,0.000512776,0.000267054,0.000434523,0.000212549,0.000326217,0.000173323,0.000270363,0.000138331,0.000224868,0.000123532,0.000196591,9.61727e-05,0.00014522,7.45061e-05,0.000117428,6.51259e-05,9.64789e-05,5.07001e-05,8.84018e-05,4.31916e-05,
7400,0.516007,0.471407,0.561807,0.503268,0.543928,0.471665,0.459781,0.430784,0.506807,0.482569,0.499418,0.539914,0.50347,0.520105,0.493991,0.520781,0.401171,0.48062,0.454058,0.44578,0.408016,0.386936,0.416826,0.306442,0.438314,0.233092,0.306571,0.161787,0.236861,0.11762,0.151393,0.0717511,0.101928,0.0389457,0.0739025,0.0371615,0.0639955,0.0263153,0.0465952,0.020717,0.0352846,0.0161975,0.0265485,0.0143147,0.0206969,0.00983936,0.0174712,0.00772397,0.0144526,0.00581796,0.0106644,0.00607022,0.00795678,0.0044925,0.00711426,0.00383132,0.00604758,0.00314358,0.00478055,0.00221146,0.00401518,0.00177798,0.00318793,0.00163826,0.00244486,0.00132998,0.0021971,0.00121115,0.00158783,0.00088285,0.00146901,0.000775839,0.001125,0.000551562,0.000743751,0.000408827,0.000808893,0.00035792,0.000615033,0.000301675,0.000512776,0.000267054,0.000434523,0.000201805,0.000326217,0.000173323,0.000270363,0.000138331,0.000224868,0.000123532,0.000196591,9.61727e-05,0.00014522,7.87206e-05,0.000110917,6.02579e-05,8.8975e-05,5.07001e-05,8.84018e-05,4.31916e-05,
7600,0.477179,0.471407,0.489102,0.503268,0.543928,0.471665,0.490434,0.430784,0.506807,0.482569,0.527668,0.539914,0.50347,0.520105,0.55384,0.520781,0.427916,0.48062,0.454058,0.44578,0.408016,0.386936,0.441835,0.306442,0.438314,0.24703,0.306571,0.172054,0.236861,0.11762,0.151393,0.0758511,0.101928,0.0429687,0.0685425,0.0342976,0.0585102,0.0277004,0.0465952,0.020717,0.0352846,0.0170697,0.0265485,0.0134106,0.0206969,0.00983936,0.019182,0.00772397,0.0135288,0.00581796,0.0106644,0.0054632,0.00795678,0.00486247,0.00711426,0.00383132,0.00570016,0.00294785,0.00478055,0.00221146,0.00378096,0.00187372,0.00318793,0.00163826,0.00244486,0.00132998,0.0021971,0.00114826,0.00158783,0.00088285,0.00146901,0.000775839,0.001125,0.000584959,0.000793334,0.000430841,0.000808893,0.00035792,0.000677719,0.000301675,0.000558357,0.000240349,0.000378865,0.000201805,0.000346701,0.000173323,0.000270363,0.000138331,0.000244375,0.000123532,0.000196591,9.61727e-05,0.00014522,7.87206e-05,0.000110917,6.02579e-05,8.8975e-05,4.6772e-05,8.84018e-05,3.6173e-05,
7800,0.477179,0.411171,0.489102,0.532405,0.477285,0.471665,0.543564,0.430784,0.506807,0.517834,0.494813,0.539914,0.50347,0.468094,0.523631,0.520781,0.427916,0.437564,0.454058,0.468069,0.408016,0.386936,0.441835,0.340998,0.400744,0.24703,0.306571,0.159194,0.198057,0.106967,0.151393,0.0758511,0.101928,0.0429687,0.0685425,0.0342976,0.0585102,0.0277004,0.0425769,0.020717,0.0352846,0.0170697,0.0294121,0.0134106,0.0206969,0.00983936,0.0179857,0.00828702,0.0142467,0.00581796,0.0106644,0.00600422,0.00752278,0.00486247,0.00658619,0.00383132,0.00610105,0.0030993,0.00478055,0.00221146,0.00417449,0.00187372,0.00318793,0.00154269,0.00244486,0.00132998,0.0021971,0.00107676,0.00158783,0.00088285,0.00146901,0.000775839,0.00120765,0.000584959,0.000874193,0.000430841,0.000808893,0.00035792,0.000677719,0.000301675,0.000558357,0.000240349,0.000378865,0.000231521,0.000346701,0.000173323,0.000285197,0.000138331,0.000222483,0.000111179,0.0001852,9.61727e-05,0.00014522,7.87206e-05,0.000121425,6.02579e-05,9.49066e-05,4.97311e-05,7.99825e-05,3.6173e-05,
8000,0.477179,0.437226,0.489102,0.532405,0.477285,0.471665,0.543564,0.430784,0.506807,0.55906,0.494813,0.539914,0.50347,0.468094,0.523631,0.520781,0.460639,0.411668,0.413104,0.468069,0.429304,0.386936,0.472606,0.340998,0.400744,0.24703,0.306571,0.145549,0.198057,0.106967,0.151393,0.0758511,0.111721,0.0429687,0.0685425,0.0295229,0.0620088,0.0256027,0.0448178,0.020717,0.0352846,0.0170697,0.0278641,0.0134106,0.0218611,0.00983936,0.0167866,0.00828702,0.0142467,0.00627047,0.0106644,0.0055876,0.00790601,0.00458314,0.00658619,0.00340743,0.00567398,0.00288235,0.00478055,0.0020219,0.00417449,0.00204514,0.00318793,0.0014022,0.00244486,0.00132998,0.00230695,0.00107676,0.00158783,0.00088285,0.00132984,0.000716727,0.00120765,0.000584959,0.000874193,0.000408877,0.000808893,0.00035792,0.000606592,0.000301675,0.0005095,0.000252366,0.000378865,0.000231521,0.000346701,0.000187738,0.000285197,0.000138331,0.000222483,0.000111179,0.000174468,9.61727e-05,0.00014522,8.75146e-05,0.000107611,6.51579e-05,9.49066e-05,4.97311e-05,7.99825e-05,3.6173e-05,
8200,0.477179,0.460037,0.489102,0.532405,0.477285,0.471665,0.468301,0.430784,0.506807,0.55906,0.494813,0.539914,0.50347,0.468094,0.496071,0.520781,0.498949,0.411668,0.43396,0.468069,0.460844,0.359622,0.472606,0.340998,0.36067,0.266072,0.306571,0.145549,0.198057,0.106967,0.159651,0.0758511,0.111721,0.0429687,0.0724592,0.0323198,0.0587891,0.0273095,0.0448178,0.02186,0.0352846,0.0170697,0.0278641,0.0123275,0.0218611,0.0105978,0.0152793,0.00828702,0.0142467,0.00697756,0.0106644,0.00486121,0.00748218,0.00458314,0.00608743,0.00361117,0.00567398,0.00288235,0.00478055,0.00213496,0.00417449,0.00204514,0.00298184,0.0014022,0.00266666,0.00132998,0.00230695,0.00107676,0.00158783,0.00088285,0.00132984,0.000716727,0.00120765,0.000584959,0.000938243,0.000440265,0.000808893,0.000388409,0.000606592,0.000319889,0.0005095,0.000252366,0.000342818,0.000216723,0.000310083,0.000187738,0.00024901,0.000138331,0.000222483,0.000118234,0.000174468,8.75368e-05,0.00014522,8.16258e-05,0.000107611,6.51579e-05,0.0001019,4.97311e-05,8.42893e-05,3.6173e-05,
8400,0.477179,0.526596,0.489102,0.504384,0.477285,0.471665,0.468301,0.460821,0.506807,0.55906,0.531166,0.539914,0.50347,0.510561,0.496071,0.473809,0.524788,0.384535,0.487831,0.406765,0.460844,0.359622,0.445993,0.340998,0.36067,0.266072,0.306571,0.157384,0.21407,0.106967,0.169676,0.0656046,0.111721,0.0429687,0.0687652,0.0323198,0.0587891,0.0273095,0.0448178,0.0203298,0.0331132,0.0170697,0.0278641,0.0130209,0.0218611,0.0105978,0.0152793,0.00775429,0.0142467,0.00659697,0.0106644,0.00486121,0.00748218,0.00415,0.00608743,0.00361117,0.00537937,0.00310453,0.00506738,0.0024125,0.00417449,0.00204514,0.00271347,0.0014022,0.00266666,0.00132998,0.00247694,0.00107676,0.00166723,0.00088285,0.00132984,0.000716727,0.00126803,0.000584959,0.000830203,0.000440265,0.000808893,0.000388409,0.000606592,0.000319889,0.0005095,0.000252366,0.000382477,0.000201685,0.000310083,0.000167976,0.000274928,0.000138331,0.000241099,0.000111048,0.000174468,8.18165e-05,0.00014522,8.16258e-05,0.000115541,6.51579e-05,9.64274e-05,4.97311e-05,7.87813e-05,3.6173e-05,
8600,0.513961,0.526596,0.489102,0.470758,0.477285,0.471665,0.43552,0.460821,0.506807,0.55906,0.531166,0.539914,0.50347,0.510561,0.496071,0.515925,0.475014,0.403948,0.487831,0.44263,0.505121,0.359622,0.445993,0.340998,0.36067,0.266072,0.306571,0.157384,0.21407,0.106967,0.156673,0.0656046,0.111721,0.0429687,0.0687652,0.0323198,0.0587891,0.0252414,0.0448178,0.0203298,0.0362218,0.0188771,0.0247748,0.0130209,0.0218611,0.0105978,0.0152793,0.008142,0.0153602,0.00619998,0.0106644,0.00486121,0.00812111,0.00415,0.00645386,0.0038271,0.00568526,0.00288911,0.00466,0.00271283,0.00391414,0.00204514,0.0029147,0.0014022,0.00266666,0.00132998,0.00247694,0.00107676,0.00166723,0.00088285,0.00132984,0.000716727,0.00126803,0.000584959,0.000830203,0.000495878,0.000808893,0.000388409,0.000572306,0.000319889,0.000549876,0.000252366,0.000405347,0.000201685,0.000310083,0.000167976,0.000274928,0.000138331,0.000260592,0.0001188,0.000174468,8.18165e-05,0.00014522,8.16258e-05,0.000108113,6.51579e-05,9.64274e-05,5.39778e-05,7.87813e-05,3.6173e-05,
8800,0.513961,0.493337,0.545,0.470758,0.477285,0.471665,0.43552,0.436117,0.545563,0.600133,0.475254,0.539914,0.438019,0.510561,0.496071,0.515925,0.475014,0.403948,0.518694,0.44263,0.454609,0.389046,0.445993,0.306898,0.416689,0.246995,0.306571,0.157384,0.21407,0.106967,0.156673,0.0613872,0.117307,0.0399609,0.0722035,0.0323198,0.0587891,0.0233547,0.0476577,0.0203298,0.0381438,0.0188771,0.0247748,0.0130209,0.0218611,0.0113043,0.0152793,0.00755651,0.0153602,0.00619998,0.0106644,0.00486121,0.00812111,0.00415,0.00645386,0.00409539,0.00568526,0.00288911,0.00466,0.00271283,0.00370065,0.00204514,0.0029147,0.0014022,0.00266666,0.00132998,0.0023396,0.00107676,0.00166723,0.00088285,0.00132984,0.000716727,0.00126803,0.000584959,0.000830203,0.000495878,0.000808893,0.000388409,0.000625928,0.000286103,0.000549876,0.000236476,0.000405347,0.000218669,0.000310083,0.000167976,0.000274928,0.000125854,0.000260592,0.0001188,0.000174468,8.18165e-05,0.00014522,8.16258e-05,0.000113519,5.86422e-05,0.000109473,5.84943e-05,7.87813e-05,3.6173e-05,
9000,0.513961,0.493337,0.545,0.470758,0.506102,0.471665,0.43552,0.436117,0.545563,0.600133,0.475254,0.509511,0.438019,0.554159,0.496071,0.515925,0.53547,0.439855,0.48554,0.473571,0.483416,0.389046,0.405682,0.306898,0.416689,0.246995,0.306571,0.157384,0.21407,0.0962707,0.156673,0.0613872,0.117307,0.0399609,0.0722035,0.0306123,0.0623043,0.0245338,0.0476577,0.0216851,0.0381438,0.0188771,0.0260894,0.0137613,0.0203769,0.0113043,0.0152793,0.00810736,0.0143461,0.00619998,0.00979921,0.00486121,0.00812111,0.00415,0.00688412,0.00409539,0.00692568,0.00288911,0.00466,0.00237304,0.00392192,0.00171156,0.0029147,0.0014022,0.00266666,0.00132998,0.00222134,0.00107676,0.00166723,0.00088285,0.00132984,0.000716727,0.00119887,0.000584959,0.000830203,0.000495878,0.000808893,0.000388409,0.000625928,0.000286103,0.000549876,0.00025793,0.000405347,0.000201265,0.000310083,0.000167976,0.000274928,0.000125854,0.000237192,0.0001188,0.000174468,8.18165e-05,0.00014522,8.16258e-05,0.000113519,5.86422e-05,0.000109473,5.84943e-05,7.87813e-05,3.83195e-05,
9200,0.513961,0.519302,0.545,0.470758,0.538066,0.516585,0.461651,0.436117,0.483499,0.600133,0.475254,0.509511,0.438019,0.554159,0.470468,0.515925,0.506713,0.477147,0.48554,0.4978,0.449577,0.389046,0.405682,0.306898,0.37502,0.246995,0.306571,0.166334,0.21407,0.106215,0.156673,0.0613872,0.117307,0.0399609,0.0791099,0.0306123,0.0514587,0.0218137,0.0446903,0.0216851,0.0359187,0.0188771,0.0242478,0.012666,0.0203769,0.0113043,0.0152793,0.00810736,0.015483,0.00619998,0.00979921,0.00525211,0.00863722,0.00451592,0.00688412,0.00374436,0.00642549,0.00272582,0.00466,0.00237304,0.00392192,0.00171156,0.00308834,0.001553,0.00266666,0.00141864,0.00222134,0.00100715,0.00187004,0.00088285,0.00132984,0.000716727,0.00119887,0.000584959,0.000830203,0.000495878,0.000808893,0.000357495,0.000625928,0.000309762,0.000549876,0.00025793,0.000426496,0.000201265,0.000310083,0.000154472,0.000274928,0.000116899,0.000237192,0.000108469,0.000157022,8.18165e-05,0.000159601,8.16258e-05,0.000120282,5.86422e-05,0.000109473,5.45231e-05,7.87813e-05,3.83195e-05,
9400,0.513961,0.549244,0.545,0.470758,0.501226,0.543285,0.461651,0.46923,0.508236,0.600133,0.475254,0.509511,0.438019,0.554159,0.470468,0.515925,0.506713,0.477147,0.452351,0.4978,0.449577,0.413573,0.405682,0.288012,0.433186,0.26104,0.306571,0.153901,0.226111,0.0996788,0.156673,0.0613872,0.124752,0.0399609,0.0831401,0.0282024,0.0541435,0.0234699,0.0446903,0.0216851,0.0359187,0.0171745,0.0242478,0.0133862,0.0203769,0.0113043,0.0152793,0.00751456,0.0136549,0.00619998,0.00979921,0.00563497,0.00801795,0.00451592,0.00653681,0.00374436,0.0058513,0.00272582,0.00466,0.00251327,0.00417044,0.00171156,0.00308834,0.001553,0.00266666,0.00141864,0.00222134,0.00100715,0.00187004,0.000926992,0.00132984,0.000716727,0.00128291,0.000584959,0.000830203,0.000495878,0.000808893,0.000357495,0.000625928,0.000309762,0.000549876,0.00025793,0.000426496,0.000201265,0.000310083,0.000167319,0.000307919,0.000116899,0.000237192,0.000117259,0.000166921,9.10588e-05,0.000150155,7.34632e-05,0.000131904,5.86422e-05,0.000109473,5.45231e-05,7.87813e-05,3.83195e-05,
9600,0.556462,0.549244,0.545,0.500541,0.501226,0.485684,0.461651,0.46923,0.508236,0.494827,0.510171,0.509511,0.438019,0.554159,0.470468,0.515925,0.506713,0.477147,0.492755,0.445454,0.449577,0.413573,0.405682,0.311699,0.433186,0.24476,0.280967,0.153901,0.210566,0.0996788,0.143379,0.0658848,0.117169,0.0453433,0.0831401,0.0282024,0.0541435,0.0234699,0.0446903,0.020119,0.0359187,0.0148373,0.0282592,0.0133862,0.0203769,0.0113043,0.016061,0.00751456,0.0136549,0.00619998,0.00979921,0.00563497,0.00801795,0.00416468,0.00653681,0.00350054,0.0058513,0.00272582,0.00466,0.00251327,0.00417044,0.00185736,0.00308834,0.00146464,0.00238705,0.00141864,0.00209663,0.00100715,0.00187004,0.000926992,0.00132984,0.000716727,0.00113629,0.000628061,0.00076903,0.000495878,0.000808893,0.000357495,0.000625928,0.000287552,0.000549876,0.00025793,0.000426496,0.000201265,0.000310083,0.000167319,0.000275688,0.000116899,0.000237192,0.000117259,0.000166921,9.10588e-05,0.000150155,7.34632e-05,0.000131904,5.86422e-05,0.000109473,5.45231e-05,7.87813e-05,3.83195e-05,
9800,0.556462,0.549244,0.465151,0.500541,0.536311,0.485684,0.461651,0.46923,0.508236,0.494827,0.560736,0.537622,0.438019,0.554159,0.470468,0.451562,0.506713,0.437297,0.492755,0.445454,0.449577,0.413573,0.384618,0.311699,0.433186,0.24476,0.280967,0.153901,0.210566,0.0996788,0.143379,0.0658848,0.124175,0.0453433,0.0831401,0.0302869,0.0583,0.0249571,0.042412,0.020119,0.0359187,0.0148373,0.0282592,0.012594,0.0203769,0.0113043,0.016061,0.00751456,0.012786,0.00619998,0.0106632,0.00563497,0.00894551,0.00416468,0.00653681,0.00381559,0.0058513,0.00272582,0.00466,0.00251327,0.00417044,0.00185736,0.00308834,0.00146464,0.00238705,0.00141864,0.00209663,0.00109044,0.00187004,0.000926992,0.00122641,0.000716727,0.00113629,0.000628061,0.000837227,0.000495878,0.000707577,0.000376609,0.000625928,0.000287552,0.000549876,0.000275125,0.000477516,0.000201265,0.000310083,0.000167319,0.000275688,0.000116899,0.000237192,0.000117259,0.000176865,9.10588e-05,0.000150155,7.34632e-05,0.000122593,6.17538e-05,0.000109473,5.45231e-05,7.87813e-05,4.36024e-05,
10000,0.556462,0.549244,0.497711,0.530573,0.495153,0.485684,0.461651,0.46923,0.508236,0.494827,0.560736,0.497716,0.438019,0.585506,0.470468,0.451562,0.506713,0.466451,0.455923,0.445454,0.50372,0.439856,0.384618,0.280529,0.400807,0.260269,0.307344,0.133984,0.210566,0.107362,0.143379,0.0658848,0.124175,0.0412139,0.0774957,0.0302869,0.0583,0.0249571,0.042412,0.020119,0.0319603,0.0148373,0.0282592,0.012594,0.0214664,0.0113043,0.0178524,0.00751456,0.012786,0.00619998,0.0106632,0.00563497,0.00894551,0.00457667,0.00653681,0.00381559,0.0058513,0.00272582,0.00466,0.00251327,0.00417044,0.00185736,0.00308834,0.00146464,0.00251159,0.00141864,0.00209663,0.00101226,0.00187004,0.000926992,0.00122641,0.000716727,0.00113629,0.000578618,0.000837227,0.000495878,0.000707577,0.000407058,0.000625928,0.000287552,0.000518912,0.000275125,0.000477516,0.000201265,0.000288377,0.000167319,0.000275688,0.000116899,0.000260417,0.000117259,0.000161971,9.10588e-05,0.000136971,7.79457e-05,0.000122593,6.17538e-05,0.000101601,4.93164e-05,8.40334e-05,4.59502e-05,
10200,0.598712,0.549244,0.457331,0.530573,0.495153,0.522969,0.486509,0.500512,0.471074,0.494827,0.46461,0.497716,0.438019,0.585506,0.470468,0.428115,0.447306,0.466451,0.489419,0.445454,0.50372,0.439856,0.384618,0.280529,0.400807,0.281434,0.324175,0.133984,0.210566,0.107362,0.143379,0.0658848,0.124175,0.0412139,0.0704772,0.0302869,0.0544903,0.0249571,0.042412,0.020119,0.0319603,0.0148373,0.0282592,0.012594,0.0237106,0.0113043,0.0159712,0.00751456,0.012786,0.00585086,0.0106632,0.00593625,0.00894551,0.00421054,0.00620638,0.00381559,0.0058513,0.00272582,0.00466,0.00278656,0.0038655,0.00185736,0.00308834,0.00161708,0.00251159,0.00132499,0.00209663,0.00107355,0.00187004,0.00100505,0.00134154,0.000680188,0.00113629,0.000578618,0.000837227,0.000465791,0.000752099,0.000407058,0.000625928,0.000287552,0.000518912,0.000275125,0.00042281,0.000201265,0.000288377,0.000167319,0.000275688,0.00013078,0.000260417,0.000117259,0.000178011,9.10588e-05,0.00014698,7.25869e-05,0.000122593,6.17538e-05,0.000101601,4.93164e-05,7.94497e-05,4.59502e-05,
10400,0.550815,0.549244,0.457331,0.530573,0.495153,0.485757,0.512706,0.500512,0.471074,0.4696,0.46461,0.497716,0.438019,0.585506,0.470468,0.428115,0.447306,0.466451,0.460167,0.485663,0.50372,0.415087,0.424222,0.280529,0.400807,0.281434,0.324175,0.133984,0.210566,0.107362,0.143379,0.0700026,0.117518,0.0384929,0.0764121,0.0302869,0.0544903,0.0267857,0.042412,0.020119,0.0319603,0.0148373,0.0282592,0.012594,0.0225018,0.0106353,0.0159712,0.00751456,0.012786,0.00585086,0.0106632,0.00558008,0.00821662,0.00456752,0.00653303,0.00381559,0.0058513,0.00272582,0.00466,0.00278656,0.0038655,0.00201871,0.00330394,0.00161708,0.00251159,0.00121899,0.00180806,0.000991277,0.00197245,0.000930542,0.00124763,0.000680188,0.00113629,0.000639525,0.000887288,0.000493829,0.000752099,0.000407058,0.000625928,0.000287552,0.000560867,0.000275125,0.00042281,0.000201265,0.000288377,0.000183735,0.000275688,0.00013078,0.000260417,0.000108982,0.000168451,9.58097e-05,0.00014698,7.25869e-05,0.000122593,6.17538e-05,0.000101601,4.93164e-05,8.41829e-05,4.59502e-05,
10600,0.550815,0.549244,0.457331,0.530573,0.548994,0.485757,0.512706,0.500512,0.471074,0.4696,0.46461,0.523071,0.438019,0.544879,0.470468,0.450648,0.447306,0.466451,0.460167,0.485663,0.50372,0.415087,0.424222,0.280529,0.400807,0.250636,0.324175,0.133984,0.210566,0.0971912,0.143379,0.0749028,0.117518,0.0416424,0.0716466,0.028532,0.0584937,0.0267857,0.042412,0.020119,0.0319603,0.0148373,0.0252876,0.012594,0.0225018,0.0106353,0.0175199,0.00806513,0.012786,0.00585086,0.00996642,0.00558008,0.00821662,0.00427993,0.00706755,0.00381559,0.0058513,0.00272582,0.00466,0.00256595,0.0038655,0.00186782,0.00330394,0.00161708,0.00251159,0.00121899,0.0020147,0.000991277,0.0017752,0.000930542,0.00124763,0.000680188,0.00113629,0.000639525,0.000836586,0.000493829,0.000752099,0.000407058,0.000678934,0.000287552,0.000560867,0.000258971,0.00042281,0.000220159,0.000288377,0.000183735,0.000275688,0.000145727,0.000260417,0.000108982,0.000168451,9.58097e-05,0.00013955,7.25869e-05,0.000122593,6.66261e-05,0.000101601,5.34429e-05,8.41829e-05,4.59502e-05,
10800,0.522734,0.549244,0.506298,0.530573,0.548994,0.512918,0.478526,0.500512,0.471074,0.4696,0.46461,0.490882,0.468774,0.544879,0.470468,0.450648,0.447306,0.497547,0.507163,0.485663,0.50372,0.415087,0.424222,0.280529,0.400807,0.250636,0.324175,0.144946,0.23184,0.0971912,0.158022,0.0749028,0.117518,0.0416424,0.0775713,0.0310285,0.0584937,0.0267857,0.042412,0.0182087,0.0287643,0.0148373,0.0252876,0.012594,0.0225018,0.0106353,0.0175199,0.00806513,0.012786,0.00585086,0.00996642,0.00558008,0.00776105,0.00452203,0.00706755,0.00381559,0.00615926,0.00272582,0.00431411,0.00256595,0.0038655,0.00186782,0.00330394,0.00161708,0.00274535,0.00128794,0.0020147,0.000924474,0.0017752,0.000930542,0.00124763,0.000680188,0.00113629,0.000639525,0.000882743,0.000493829,0.000752099,0.000407058,0.000678934,0.000305714,0.000560867,0.000258971,0.00042281,0.000220159,0.000288377,0.000183735,0.000295785,0.000145727,0.000242188,0.000108982,0.000168451,9.58097e-05,0.000150561,7.25869e-05,0.000122593,6.66261e-05,0.000101601,5.34429e-05,6.86001e-05,4.17887e-05,
11000,0.522734,0.549244,0.506298,0.530573,0.519564,0.512918,0.478526,0.500512,0.471074,0.4696,0.498845,0.490882,0.494015,0.501742,0.519991,0.450648,0.494953,0.497547,0.463179,0.485663,0.50372,0.451687,0.424222,0.280529,0.400807,0.250636,0.324175,0.154609,0.23184,0.0897429,0.158022,0.0749028,0.109921,0.0416424,0.0775713,0.0310285,0.0523604,0.0253497,0.042412,0.0182087,0.0287643,0.0148373,0.0252876,0.012594,0.0225018,0.0106353,0.0175199,0.00806513,0.012786,0.00632956,0.00996642,0.00558008,0.00722448,0.00452203,0.00706755,0.00424626,0.00615926,0.00245323,0.00431411,0.00256595,0.0038655,0.00186782,0.00330394,0.00161708,0.00274535,0.00128794,0.0020147,0.000924474,0.0017752,0.000860074,0.00124763,0.000680188,0.00113629,0.000597735,0.000882743,0.000521606,0.000818413,0.000407058,0.000678934,0.000279969,0.000560867,0.000258971,0.000391426,0.000220159,0.000288377,0.000183735,0.000295785,0.000145727,0.000242188,0.000108982,0.000168451,0.0001006,0.000150561,7.25869e-05,0.000122593,5.8414e-05,0.000101601,5.66267e-05,6.45722e-05,4.17887e-05,
11200,0.522734,0.514138,0.558803,0.530573,0.554201,0.512918,0.478526,0.500512,0.497572,0.494887,0.498845,0.517128,0.534188,0.501742,0.519991,0.450648,0.494953,0.471867,0.463179,0.44431,0.458595,0.451687,0.424222,0.280529,0.400807,0.263615,0.324175,0.154609,0.23184,0.0897429,0.158022,0.0749028,0.102293,0.0416424,0.0775713,0.0310285,0.0523604,0.0272592,0.042412,0.0182087,0.0311866,0.0158265,0.0252876,0.012594,0.0209135,0.0106353,0.0175199,0.00806513,0.012786,0.00632956,0.00996642,0.00502207,0.00761074,0.00452203,0.00706755,0.00386409,0.00615926,0.00264949,0.00431411,0.00256595,0.0038655,0.00186782,0.00330394,0.00161708,0.00274535,0.00128794,0.0020147,0.000924474,0.00166838,0.000907526,0.00124763,0.000680188,0.00113629,0.000597735,0.000882743,0.000521606,0.000818413,0.000407058,0.000640819,0.000279969,0.000531745,0.000258971,0.000417521,0.000220159,0.00031395,0.000196636,0.000295785,0.000145727,0.000224696,0.000108982,0.000168451,0.0001006,0.000141171,7.25869e-05,0.000122593,5.8414e-05,9.51842e-05,5.66267e-05,7.29666e-05,4.17887e-05,
11400,0.522734,0.514138,0.517034,0.530573,0.608576,0.483452,0.517005,0.500512,0.525718,0.494887,0.498845,0.440919,0.472335,0.501742,0.560073,0.450648,0.494953,0.471867,0.463179,0.44431,0.458595,0.451687,0.424222,0.259707,0.368585,0.263615,0.324175,0.154609,0.211968,0.084075,0.146868,0.0749028,0.102293,0.0416424,0.0775713,0.0310285,0.0563497,0.0272592,0.042412,0.0182087,0.0311866,0.0158265,0.0252876,0.0119343,0.0193611,0.0106353,0.0175199,0.00806513,0.012786,0.00632956,0.00996642,0.00502207,0.00761074,0.0049527,0.00706755,0.00341667,0.00615926,0.00264949,0.00431411,0.00242146,0.00409889,0.00170091,0.00330394,0.00171921,0.00274535,0.00128794,0.00184095,0.000924474,0.00166838,0.000907526,0.00124763,0.000680188,0.00113629,0.000550414,0.000882743,0.000492686,0.000818413,0.000407058,0.000604734,0.000279969,0.000499423,0.000258971,0.000417521,0.000220159,0.000294867,0.000196636,0.000295785,0.000145727,0.000224696,0.000102443,0.000168451,0.0001006,0.000149612,7.7661e-05,0.000122593,5.8414e-05,9.51842e-05,5.03742e-05,8.05335e-05,3.85183e-05,
11600,0.493751,0.514138,0.517034,0.530573,0.608576,0.517247,0.544438,0.500512,0.491732,0.494887,0.467734,0.440919,0.472335,0.501742,0.496065,0.450648,0.494953,0.471867,0.463179,0.44431,0.458595,0.40419,0.449758,0.235075,0.368585,0.263615,0.324175,0.164318,0.225305,0.0889225,0.16115,0.0678241,0.109809,0.0416424,0.0775713,0.0310285,0.0512566,0.0272592,0.042412,0.0192974,0.0311866,0.0158265,0.0252876,0.0119343,0.017973,0.0106353,0.0175199,0.00806513,0.012786,0.00667038,0.00996642,0.00502207,0.00677356,0.00430885,0.00706755,0.00341667,0.00615926,0.00264949,0.00431411,0.00229802,0.00381709,0.0018252,0.00330394,0.00181697,0.00254157,0.00128794,0.00184095,0.000924474,0.00166838,0.000907526,0.00124763,0.000739705,0.00113629,0.000550414,0.000970236,0.000492686,0.00074849,0.000407058,0.000604734,0.000279969,0.000595863,0.000243387,0.000417521,0.000245651,0.000294867,0.000196636,0.000295785,0.000145727,0.000236522,0.000102443,0.000159627,0.0001006,0.000141708,7.7661e-05,0.000122593,6.35253e-05,9.51842e-05,5.03742e-05,8.75294e-05,3.85183e-05,
11800,0.493751,0.56041,0.517034,0.530573,0.608576,0.517247,0.544438,0.500512,0.521332,0.468357,0.467734,0.440919,0.472335,0.501742,0.532226,0.450648,0.494953,0.437788,0.430484,0.467885,0.430374,0.424955,0.421709,0.252211,0.31593,0.249741,0.324175,0.174208,0.225305,0.0889225,0.16115,0.0678241,0.109809,0.0416424,0.0775713,0.0294271,0.0512566,0.0252661,0.0386318,0.0192974,0.0311866,0.0158265,0.0252876,0.0125724,0.019632,0.0106353,0.0156829,0.00754963,0.0137253,0.00667038,0.00996642,0.00502207,0.00770047,0.00459611,0.00706755,0.00363207,0.00615926,0.00264949,0.00431411,0.00208057,0.00381709,0.0018252,0.0031057,0.00194416,0.00267842,0.00117256,0.00184095,0.000924474,0.00180059,0.000907526,0.00136453,0.000739705,0.0012085,0.000587108,0.000970236,0.000492686,0.00074849,0.000407058,0.000675724,0.000306411,0.000500263,0.000243387,0.000383501,0.000245651,0.000316531,0.000207817,0.000274739,0.000145727,0.000236522,0.000102443,0.000159627,9.22357e-05,0.000141708,7.7661e-05,0.000122593,6.35253e-05,0.000105782,5.03742e-05,8.75294e-05,3.85183e-05,
12000,0.493751,0.56041,0.563388,0.56438,0.608576,0.517247,0.515783,0.548179,0.521332,0.50989,0.515407,0.410606,0.472335,0.501742,0.493625,0.399382,0.494953,0.405292,0.430484,0.467885,0.430374,0.38246,0.421709,0.252211,0.294122,0.249741,0.298373,0.174208,0.244743,0.0954556,0.16115,0.0737587,0.109809,0.0416424,0.0867829,0.0324264,0.054332,0.0252661,0.0386318,0.0192974,0.0311866,0.0146068,0.0252876,0.0125724,0.0210631,0.0106353,0.0156829,0.00754963,0.0137253,0.00667038,0.00996642,0.00502207,0.00770047,0.00459611,0.00665258,0.00363207,0.00615926,0.00278894,0.00431411,0.00221241,0.00381709,0.00197277,0.0031057,0.00194416,0.00287466,0.00117256,0.00184095,0.000858694,0.00180059,0.000907526,0.00128493,0.000739705,0.00130901,0.000587108,0.00105722,0.000492686,0.00074849,0.000407058,0.000624878,0.000286603,0.000500263,0.000226985,0.000383501,0.000228172,0.000316531,0.000195028,0.000274739,0.000145727,0.000236522,0.000102443,0.000173994,9.22357e-05,0.000131609,7.7661e-05,0.000122593,5.99347e-05,0.000105782,5.55777e-05,7.10051e-05,3.85183e-05,
12200,0.493751,0.56041,0.563388,0.56438,0.566348,0.517247,0.553678,0.498736,0.521332,0.50989,0.4529,0.431524,0.472335,0.501742,0.493625,0.376438,0.494953,0.428757,0.46549,0.467885,0.430374,0.38246,0.421709,0.269892,0.320394,0.231203,0.298373,0.174208,0.244743,0.0954556,0.16115,0.0737587,0.0976079,0.0416424,0.0781046,0.0324264,0.0570486,0.0265294,0.0386318,0.0192974,0.0311866,0.0146068,0.0252876,0.0132283,0.0210631,0.0100552,0.0156829,0.00754963,0.0130169,0.00628388,0.00996642,0.00502207,0.00813103,0.00459611,0.00665258,0.00363207,0.00615926,0.00278894,0.00431411,0.00238533,0.00381709,0.00197277,0.0031057,0.00174083,0.00287466,0.00117256,0.00184095,0.000858694,0.00163605,0.000907526,0.00128493,0.000680528,0.00119204,0.000587108,0.00111669,0.000443417,0.00074849,0.000364337,0.000624878,0.000304704,0.000500263,0.000226985,0.000414339,0.000228172,0.000339722,0.000176511,0.000274739,0.000136759,0.000236522,0.000111015,0.000173994,0.00010082,0.000131609,7.7661e-05,0.000122593,5.99347e-05,0.000105782,5.00199e-05,6.60348e-05,3.85183e-05,
12400,0.493751,0.525924,0.518096,0.56438,0.566348,0.517247,0.586898,0.498736,0.521332,0.50989,0.50879,0.431524,0.472335,0.501742,0.493625,0.376438,0.523098,0.428757,0.46549,0.467885,0.430374,0.38246,0.421709,0.319176,0.320394,0.231203,0.298373,0.174208,0.244743,0.0954556,0.16115,0.0655982,0.0976079,0.0389212,0.0781046,0.0300746,0.0570486,0.0291093,0.0386318,0.0192974,0.0311866,0.0146068,0.0252876,0.0139632,0.0210631,0.00952597,0.0156829,0.00754963,0.0130169,0.00628388,0.00996642,0.00502207,0.00767316,0.00434972,0.00665258,0.00338005,0.00615926,0.00278894,0.0046481,0.00238533,0.00381709,0.00184126,0.0031057,0.00163501,0.00287466,0.00117256,0.00184095,0.000858694,0.00177542,0.000846367,0.00128493,0.000645835,0.00119204,0.000587108,0.00111669,0.000401315,0.00074849,0.000364337,0.000624878,0.000328005,0.000500263,0.000226985,0.000414339,0.000228172,0.000339722,0.000189557,0.000274739,0.000136759,0.000236522,0.000111015,0.000173994,0.00010082,0.000131609,7.7661e-05,0.000122593,5.99347e-05,9.31696e-05,5.00199e-05,6.60348e-05,3.85183e-05,
12600,0.468579,0.525924,0.518096,0.524873,0.566348,0.517247,0.586898,0.498736,0.482635,0.476228,0.50879,0.454421,0.472335,0.467389,0.493625,0.401534,0.440503,0.392006,0.426786,0.467885,0.430374,0.38246,0.443711,0.29908,0.320394,0.217921,0.298373,0.174208,0.257417,0.0954556,0.146647,0.0655982,0.0863682,0.0389212,0.069865,0.0316197,0.0602384,0.0260623,0.0431668,0.0192974,0.0311866,0.0146068,0.0268924,0.0148941,0.0194583,0.00952597,0.0156829,0.00754963,0.0130169,0.00683794,0.0105498,0.0055413,0.00820954,0.00434972,0.00665258,0.00390363,0.00615926,0.00278894,0.00490006,0.00238533,0.00381709,0.00193895,0.00333388,0.00163501,0.00243943,0.00117256,0.00199978,0.000921782,0.00177542,0.000846367,0.00135311,0.000645835,0.00119204,0.000587108,0.00100502,0.000452391,0.00074849,0.000364337,0.000554951,0.000300859,0.000500263,0.000226985,0.000414339,0.000228172,0.000339722,0.000189557,0.000274739,0.000136759,0.000222935,0.000111015,0.000165063,0.00011913,0.000139532,8.23046e-05,0.000122593,6.37201e-05,9.31696e-05,5.00199e-05,6.60348e-05,3.85183e-05,
12800,0.468579,0.525924,0.571825,0.524873,0.566348,0.517247,0.586898,0.498736,0.482635,0.476228,0.50879,0.478533,0.472335,0.49104,0.493625,0.480202,0.464531,0.41814,0.458234,0.432237,0.430374,0.38246,0.443711,0.316897,0.348035,0.231708,0.298373,0.174208,0.257417,0.106843,0.146647,0.0744338,0.0944065,0.0389212,0.0745226,0.0351465,0.0602384,0.0260623,0.0404405,0.0192974,0.0311866,0.0146068,0.0268924,0.0133324,0.0194583,0.00952597,0.0156829,0.00854587,0.0130169,0.00683794,0.00989187,0.0055413,0.00820954,0.00391474,0.00624319,0.00390363,0.00615926,0.00278894,0.00490006,0.00238533,0.00416944,0.00193895,0.00333388,0.00163501,0.00263364,0.00124267,0.00227343,0.000974455,0.00177542,0.000846367,0.00135311,0.000645835,0.00119204,0.000587108,0.00100502,0.000452391,0.00074849,0.000343407,0.000554951,0.000322845,0.000467236,0.000226985,0.000414339,0.000228172,0.000339722,0.000179975,0.000274739,0.000136759,0.000203065,0.000111015,0.000178568,0.000109864,0.000139532,7.73663e-05,0.000130405,6.37201e-05,9.31696e-05,4.61866e-05,7.21303e-05,3.85183e-05,
13000,0.468579,0.525924,0.571825,0.497144,0.602289,0.517247,0.519133,0.498736,0.508623,0.476228,0.547697,0.478533,0.502055,0.519352,0.493625,0.447188,0.490661,0.41814,0.458234,0.432237,0.430374,0.421441,0.387014,0.316897,0.348035,0.231708,0.275921,0.174208,0.257417,0.0955966,0.138876,0.0744338,0.0831503,0.0427322,0.0745226,0.0351465,0.0542145,0.0260623,0.0404405,0.0192974,0.0276047,0.0163183,0.0245665,0.0133324,0.0204908,0.00952597,0.0156829,0.00807973,0.0130169,0.00683794,0.00989187,0.0055413,0.00820954,0.00419882,0.00717967,0.00360198,0.00615926,0.00278894,0.00430116,0.00216848,0.00416944,0.00210223,0.00352141,0.00155012,0.00263364,0.00124267,0.00194035,0.000974455,0.00177542,0.000846367,0.00145698,0.000699548,0.00119204,0.000587108,0.00100502,0.000452391,0.000810385,0.000377032,0.000554951,0.000322845,0.000467236,0.000239029,0.000385589,0.000228172,0.000366768,0.000203724,0.000289073,0.000136759,0.000189795,0.000111015,0.00019874,0.000109864,0.000139532,7.73663e-05,0.000130405,6.37201e-05,9.31696e-05,5.10252e-05,7.21303e-05,4.18886e-05,
13200,0.468579,0.475789,0.571825,0.497144,0.602289,0.517247,0.519133,0.498736,0.508623,0.504703,0.547697,0.478533,0.502055,0.519352,0.493625,0.407128,0.421391,0.396324,0.458234,0.389013,0.430374,0.421441,0.407706,0.316897,0.348035,0.231708,0.275921,0.162595,0.257417,0.103791,0.129073,0.0744338,0.0878785,0.0449996,0.0674122,0.0351465,0.0542145,0.0276024,0.0369854,0.0192974,0.0276047,0.0163183,0.0245665,0.0133324,0.0204908,0.00952597,0.0172673,0.00807973,0.0130169,0.00719136,0.0106972,0.00584703,0.00820954,0.00490599,0.00717967,0.00360198,0.00615926,0.00305076,0.00430116,0.0023278,0.00416944,0.00210223,0.00313541,0.00155012,0.00263364,0.00135367,0.00204949,0.000974455,0.00177542,0.000846367,0.00145698,0.000699548,0.00110932,0.000587108,0.00100502,0.000452391,0.000759845,0.000377032,0.000610446,0.000303475,0.000431429,0.000239029,0.000385589,0.000210011,0.000337895,0.000203724,0.000273801,0.000146361,0.000189795,0.000111015,0.00019874,0.000109864,0.000139532,7.73663e-05,0.000130405,6.37201e-05,9.31696e-05,5.10252e-05,7.71868e-05,4.44101e-05,
13400,0.499818,0.475789,0.541615,0.497144,0.556401,0.544471,0.583097,0.533874,0.455192,0.504703,0.501226,0.504118,0.502055,0.519352,0.493625,0.449502,0.444376,0.396324,0.458234,0.412274,0.395306,0.421441,0.43766,0.316897,0.372434,0.231708,0.275921,0.162595,0.23845,0.111699,0.129073,0.0703068,0.0966663,0.0449996,0.0674122,0.0351465,0.0495676,0.025278,0.0369854,0.0174672,0.0309492,0.0163183,0.0264452,0.0133324,0.0204908,0.00952597,0.0172673,0.00807973,0.0136678,0.00668796,0.0106972,0.00584703,0.00866563,0.00490599,0.00717967,0.00360198,0.00615926,0.00305076,0.00478005,0.0023278,0.00416944,0.00210223,0.00313541,0.00155012,0.00263364,0.00135367,0.00204949,0.000974455,0.00177542,0.000846367,0.00145698,0.000699548,0.00110932,0.000587108,0.00100502,0.000452391,0.000759845,0.000377032,0.000549401,0.000288003,0.000431429,0.000239029,0.000385589,0.000226812,0.000337895,0.000203724,0.000294907,0.000146361,0.000189795,0.000117697,0.00019874,0.00010112,0.000129032,7.73663e-05,0.000130405,6.37201e-05,8.75794e-05,5.10252e-05,7.71868e-05,4.16771e-05,
13600,0.499818,0.475789,0.541615,0.497144,0.556401,0.544471,0.528139,0.57734,0.507851,0.504703,0.501226,0.430792,0.502055,0.519352,0.493625,0.485462,0.444376,0.396324,0.520674,0.456149,0.395306,0.421441,0.400525,0.316897,0.372434,0.231708,0.275921,0.162595,0.23845,0.111699,0.149,0.0703068,0.0966663,0.0449996,0.0729564,0.0371117,0.0530237,0.025278,0.0369854,0.0184309,0.0329039,0.0163183,0.0290005,0.0133324,0.0204908,0.00952597,0.0172673,0.00807973,0.0136678,0.00668796,0.0106972,0.00584703,0.00813236,0.00490599,0.00717967,0.00360198,0.00557717,0.00305076,0.00478005,0.0023278,0.00416944,0.00210223,0.00313541,0.00155012,0.00263364,0.00135367,0.00226281,0.00103942,0.00177542,0.000846367,0.00145698,0.000699548,0.00105277,0.000540379,0.000947592,0.000452391,0.000759845,0.000420734,0.000549401,0.000288003,0.000431429,0.000273797,0.000385589,0.00020943,0.000337895,0.000193426,0.000294907,0.000146361,0.000189795,0.000117697,0.00019874,0.00010112,0.000129032,7.73663e-05,0.000130405,6.37201e-05,8.75794e-05,4.77638e-05,7.71868e-05,4.16771e-05,
13800,0.499818,0.51742,0.541615,0.497144,0.500761,0.588028,0.528139,0.543441,0.545645,0.504703,0.501226,0.469563,0.529269,0.519352,0.493625,0.485462,0.481334,0.422745,0.520674,0.456149,0.395306,0.421441,0.400525,0.316897,0.372434,0.252404,0.29348,0.162595,0.251938,0.111699,0.140181,0.0703068,0.0966663,0.0481335,0.0729564,0.03286,0.0530237,0.0267946,0.0369854,0.0184309,0.0329039,0.0163183,0.0290005,0.0125839,0.0204908,0.00952597,0.016381,0.00889699,0.0125589,0.00630376,0.0106972,0.00584703,0.00813236,0.0051642,0.00717967,0.00360198,0.00608419,0.00332194,0.00478005,0.00260423,0.00388846,0.00210223,0.00333409,0.0016378,0.00263364,0.00144872,0.00205603,0.00103942,0.00177542,0.000846367,0.00135331,0.000753471,0.00105277,0.000581408,0.00100733,0.000452391,0.000759845,0.000420734,0.000599347,0.000288003,0.000431429,0.000255373,0.000405399,0.00020943,0.000337895,0.000174083,0.000321888,0.000155198,0.000189795,0.000117697,0.000188086,0.00010112,0.000138601,7.73663e-05,0.000118023,5.38782e-05,9.40527e-05,4.77638e-05,7.71868e-05,4.16771e-05,
14000,0.499818,0.51742,0.504532,0.497144,0.500761,0.545033,0.528139,0.543441,0.504859,0.504703,0.501226,0.469563,0.481635,0.519352,0.463248,0.44703,0.443664,0.422745,0.493949,0.456149,0.395306,0.421441,0.427227,0.346919,0.349244,0.252404,0.310168,0.162595,0.273018,0.106004,0.168218,0.0636462,0.102792,0.0481335,0.0771446,0.03286,0.0530237,0.0246207,0.0391801,0.0173487,0.0329039,0.0150003,0.0290005,0.0125839,0.0204908,0.00952597,0.016381,0.00889699,0.0125589,0.00630376,0.0106972,0.00584703,0.00813236,0.00450591,0.00717967,0.00360198,0.00608419,0.00332194,0.00478005,0.00245462,0.00388846,0.00197445,0.00333409,0.0016378,0.00263364,0.00129622,0.00192312,0.00103942,0.00177542,0.000846367,0.00135331,0.000674466,0.00120752,0.000615199,0.000937435,0.000429328,0.000759845,0.000420734,0.000599347,0.000288003,0.000431429,0.000255373,0.00042964,0.00022407,0.000337895,0.000174083,0.000272511,0.000155198,0.000179602,0.000117697,0.000200625,0.00010112,0.000148277,7.73663e-05,0.000118023,5.65982e-05,9.40527e-05,5.03528e-05,8.49055e-05,4.16771e-05,
14200,0.499818,0.487237,0.449132,0.538742,0.475232,0.545033,0.528139,0.514308,0.504859,0.504703,0.501226,0.469563,0.481635,0.519352,0.463248,0.476832,0.443664,0.422745,0.493949,0.39657,0.395306,0.421441,0.427227,0.327996,0.370199,0.252404,0.284154,0.162595,0.273018,0.106004,0.168218,0.067049,0.111393,0.0481335,0.0771446,0.0304038,0.0572072,0.0246207,0.0391801,0.0173487,0.0354298,0.0141686,0.0290005,0.0125839,0.0204908,0.00952597,0.015289,0.00833082,0.0125589,0.00630376,0.00978958,0.00552283,0.00813236,0.00450591,0.00717967,0.00388874,0.00608419,0.00332194,0.00511567,0.00245462,0.00421,0.00197445,0.00333409,0.0016378,0.00238282,0.00129622,0.00192312,0.00103942,0.00177542,0.000803583,0.00127598,0.000674466,0.00120752,0.000615199,0.000937435,0.000429328,0.000679861,0.000420734,0.000599347,0.000305392,0.000512207,0.000255373,0.000461118,0.000205058,0.000337895,0.000174083,0.000272511,0.000155198,0.000179602,0.000117697,0.000200625,0.00010112,0.000148277,7.73663e-05,0.000118023,5.65982e-05,9.40527e-05,5.03528e-05,8.49055e-05,4.16771e-05,
14400,0.499818,0.513473,0.471807,0.538742,0.475232,0.545033,0.528139,0.557862,0.504859,0.530183,0.501226,0.493687,0.516744,0.492547,0.463248,0.502507,0.473242,0.422745,0.493949,0.39657,0.420355,0.421441,0.427227,0.296789,0.406821,0.225985,0.305883,0.162595,0.273018,0.091947,0.168218,0.067049,0.111393,0.0481335,0.0771446,0.0304038,0.0572072,0.0246207,0.0411761,0.0173487,0.0354298,0.0141686,0.0290005,0.0117107,0.0193731,0.00952597,0.015289,0.00919475,0.0114933,0.00630376,0.00978958,0.00552283,0.00813236,0.00450591,0.00717967,0.00388874,0.00565128,0.00332194,0.00511567,0.00261826,0.00421,0.00207413,0.00333409,0.00174174,0.00238282,0.00129622,0.00203129,0.00103942,0.00177542,0.000803583,0.00139577,0.000674466,0.00108676,0.000559831,0.00087361,0.000429328,0.000733501,0.000420734,0.000659794,0.000305392,0.000512207,0.000255373,0.000461118,0.000223819,0.000312997,0.000184031,0.000257902,0.000155198,0.00018867,0.000101681,0.000200625,0.00010112,0.000148277,7.73663e-05,0.000123924,6.05601e-05,9.40527e-05,4.61297e-05,8.49055e-05,3.88987e-05,
14600,0.499818,0.513473,0.506285,0.569046,0.443205,0.545033,0.469584,0.557862,0.504859,0.482167,0.501226,0.53628,0.516744,0.492547,0.463248,0.433984,0.435777,0.445509,0.450887,0.426194,0.420355,0.421441,0.39992,0.296789,0.406821,0.256684,0.326275,0.179518,0.273018,0.0991429,0.168218,0.067049,0.111393,0.0481335,0.0771446,0.0304038,0.0517814,0.0246207,0.0411761,0.0182762,0.0317079,0.016329,0.0290005,0.0124528,0.0193731,0.00952597,0.015289,0.00859603,0.0114933,0.00630376,0.00978958,0.00552283,0.00864598,0.00450591,0.00717967,0.00388874,0.00565128,0.00308557,0.00511567,0.00261826,0.00421,0.00207413,0.00333409,0.00174174,0.00238282,0.00129622,0.0021462,0.00103942,0.00164271,0.000870416,0.00148882,0.000674466,0.00121718,0.000559831,0.000998164,0.000462287,0.000733501,0.000420734,0.000659794,0.000305392,0.000512207,0.000273436,0.000461118,0.000223819,0.000339029,0.000160981,0.000244865,0.000155198,0.0002079,9.57495e-05,0.000200625,0.00010112,0.000156567,7.73663e-05,0.000123924,6.05601e-05,9.40527e-05,4.93686e-05,9.00466e-05,3.88987e-05,
14800,0.499818,0.513473,0.534218,0.524731,0.474108,0.517482,0.469584,0.522737,0.504859,0.482167,0.501226,0.53628,0.516744,0.492547,0.463248,0.433984,0.435777,0.445509,0.450887,0.426194,0.389154,0.421441,0.425335,0.296789,0.406821,0.240888,0.326275,0.179518,0.273018,0.110603,0.168218,0.0710581,0.111393,0.0443025,0.0771446,0.0323411,0.0517814,0.0246207,0.0362511,0.019619,0.0300081,0.016329,0.0290005,0.0124528,0.0193731,0.00952597,0.015289,0.00859603,0.0114933,0.00630376,0.0103297,0.00552283,0.00927945,0.00450591,0.00717967,0.00369049,0.00565128,0.00308557,0.00511567,0.00245714,0.00397611,0.00207413,0.00333409,0.00164221,0.00238282,0.00129622,0.00226008,0.00103942,0.00181186,0.000870416,0.00148882,0.000674466,0.00121718,0.000524917,0.000998164,0.000462287,0.000733501,0.00038691,0.000659794,0.000305392,0.000481475,0.000273436,0.000461118,0.000202503,0.000339029,0.000160981,0.000263663,0.000155198,0.0002079,0.000107604,0.000200625,0.00010112,0.000156567,7.73663e-05,0.000123924,6.05601e-05,9.40527e-05,4.93686e-05,8.37433e-05,4.08436e-05,
15000,0.499818,0.513473,0.534218,0.524731,0.558393,0.517482,0.516087,0.522737,0.504859,0.531409,0.541985,0.53628,0.516744,0.492547,0.495676,0.433984,0.435777,0.445509,0.475481,0.426194,0.389154,0.454993,0.425335,0.296789,0.406821,0.240888,0.300307,0.165086,0.273018,0.110603,0.168218,0.0710581,0.104114,0.0443025,0.0825373,0.0306073,0.0517814,0.0231056,0.0362511,0.019619,0.0275957,0.016329,0.02625,0.0138069,0.0193731,0.00952597,0.0160678,0.00859603,0.0114933,0.00682504,0.00973943,0.00552283,0.00927945,0.0042249,0.00717967,0.00369049,0.00565128,0.00308557,0.00466095,0.00245714,0.00397611,0.00207413,0.00300068,0.00164221,0.00238282,0.00129622,0.00250082,0.00103942,0.00181186,0.000870416,0.00148882,0.000721901,0.0011335,0.000524917,0.000917181,0.000462287,0.000772298,0.000360463,0.000659794,0.000305392,0.000481475,0.000292501,0.000461118,0.000188525,0.000339029,0.000175256,0.000263663,0.000146013,0.0002079,0.000107604,0.000200625,9.34742e-05,0.000156567,7.73663e-05,0.000132186,5.63798e-05,9.40527e-05,4.93686e-05,8.37433e-05,4.34135e-05,
15200,0.499818,0.513473,0.534218,0.493675,0.517783,0.517482,0.516087,0.522737,0.504859,0.531409,0.541985,0.496194,0.472452,0.492547,0.526925,0.433984,0.435777,0.445509,0.475481,0.426194,0.415097,0.400744,0.425335,0.296789,0.406821,0.240888,0.300307,0.165086,0.273018,0.103797,0.168218,0.0710581,0.104114,0.0443025,0.0880398,0.0306073,0.0574918,0.0231056,0.0381425,0.019619,0.0310011,0.0173149,0.02625,0.0138069,0.0210045,0.00952597,0.0139355,0.00787507,0.0114933,0.00682504,0.00973943,0.00552283,0.00845461,0.00449375,0.00758993,0.00369049,0.00565128,0.00308557,0.00504859,0.00222384,0.00397611,0.00207413,0.00300068,0.00164221,0.00238282,0.00121874,0.00250082,0.00109457,0.00181186,0.000870416,0.00148882,0.000721901,0.0011335,0.000524917,0.000917181,0.000462287,0.000708859,0.000360463,0.000584389,0.000305392,0.000513573,0.000292501,0.000504322,0.000188525,0.000339029,0.000175256,0.000282981,0.000133624,0.0002079,0.000107604,0.000200625,9.34742e-05,0.000156567,6.92137e-05,0.000132186,6.01385e-05,0.000104011,5.19882e-05,8.37433e-05,4.34135e-05,
15400,0.499818,0.513473,0.534218,0.466748,0.480549,0.517482,0.516087,0.554102,0.467385,0.531409,0.541985,0.496194,0.472452,0.455987,0.526925,0.466061,0.407923,0.476651,0.475481,0.403869,0.415097,0.421652,0.425335,0.337706,0.381449,0.240888,0.300307,0.165086,0.258649,0.103797,0.168218,0.0748843,0.104114,0.0443025,0.0880398,0.0306073,0.0574918,0.0231056,0.0405594,0.019619,0.0341672,0.0173149,0.02625,0.0130084,0.0210045,0.00952597,0.0139355,0.00787507,0.012178,0.00682504,0.00973943,0.00552283,0.00845461,0.00449375,0.00679612,0.00369049,0.00565128,0.00308557,0.00504859,0.00222384,0.00397611,0.00221241,0.00300068,0.0017461,0.00263245,0.00130855,0.00250082,0.00120403,0.00164133,0.000930967,0.0013241,0.000765488,0.0011335,0.000524917,0.000917181,0.000462287,0.000786834,0.000360463,0.000584389,0.000305392,0.000513573,0.000292501,0.000456788,0.000188525,0.000318165,0.000175256,0.000263769,0.000133624,0.000224303,0.000107604,0.000200625,9.34742e-05,0.000156567,6.92137e-05,0.000132186,6.01385e-05,0.000104011,5.67046e-05,7.85899e-05,4.34135e-05,
15600,0.499818,0.513473,0.534218,0.466748,0.480549,0.517482,0.516087,0.554102,0.443117,0.531409,0.507343,0.496194,0.516063,0.455987,0.526925,0.492816,0.444636,0.476651,0.475481,0.403869,0.455742,0.367324,0.425335,0.337706,0.381449,0.240888,0.330337,0.180094,0.241747,0.103797,0.168218,0.0791425,0.0912233,0.0443025,0.0880398,0.0306073,0.0574918,0.0215325,0.0405594,0.019619,0.0341672,0.0173149,0.0283846,0.0130084,0.0210045,0.0100515,0.0139355,0.00787507,0.0130781,0.00645851,0.0103275,0.00552283,0.00845461,0.00418481,0.00679612,0.00398295,0.00565128,0.00308557,0.00504859,0.00222384,0.00397611,0.00200306,0.00300068,0.0017461,0.00289841,0.00130855,0.00250082,0.00120403,0.00164133,0.000930967,0.0013241,0.000699875,0.00121273,0.000524917,0.000917181,0.000462287,0.000720841,0.000360463,0.000635154,0.000305392,0.000513573,0.000292501,0.000456788,0.000188525,0.000318165,0.000175256,0.000263769,0.000133624,0.000224303,0.000114778,0.000182354,9.34742e-05,0.000156567,7.28863e-05,0.000118241,6.01385e-05,0.000104011,5.67046e-05,7.85899e-05,4.34135e-05,
15800,0.499818,0.513473,0.534218,0.466748,0.504577,0.517482,0.449648,0.554102,0.443117,0.531409,0.507343,0.496194,0.516063,0.481145,0.492492,0.492816,0.444636,0.446547,0.475481,0.403869,0.47875,0.404435,0.460507,0.337706,0.406879,0.240888,0.353429,0.180094,0.254879,0.103797,0.168218,0.0719477,0.0795192,0.0474131,0.0835515,0.0341053,0.0574918,0.0215325,0.0374338,0.019619,0.032161,0.0158688,0.0261632,0.0130084,0.0210045,0.0100515,0.0146322,0.00826882,0.0130781,0.00645851,0.00935547,0.00552283,0.00845461,0.00440855,0.00679612,0.00353834,0.00565128,0.00308557,0.00504859,0.00244878,0.00397611,0.00200306,0.00300068,0.0017461,0.00289841,0.00130855,0.00250082,0.00128032,0.00164133,0.000930967,0.0013241,0.000699875,0.00121273,0.000524917,0.000917181,0.000462287,0.000783032,0.000360463,0.000635154,0.000327829,0.000547812,0.000292501,0.000456788,0.000188525,0.000301109,0.000175256,0.000263769,0.000144068,0.000224303,0.000114778,0.000182354,9.34742e-05,0.000165266,7.28863e-05,0.000126123,5.55232e-05,0.000104011,5.67046e-05,7.85899e-05,3.96808e-05,
16000,0.53497,0.513473,0.534218,0.531898,0.504577,0.517482,0.407209,0.554102,0.443117,0.531409,0.507343,0.496194,0.479286,0.481145,0.492492,0.538738,0.504681,0.446547,0.475481,0.403869,0.47875,0.382802,0.460507,0.337706,0.382686,0.240888,0.371869,0.180094,0.276591,0.103797,0.168218,0.0719477,0.0853785,0.0474131,0.0835515,0.0341053,0.0574918,0.023358,0.0417119,0.0206516,0.0292799,0.0158688,0.0261632,0.0130084,0.0246326,0.0100515,0.0146322,0.00826882,0.0140953,0.00645851,0.00935547,0.00552283,0.00845461,0.00440855,0.00679612,0.00381354,0.00621092,0.00308557,0.00504859,0.00258935,0.00368098,0.00200306,0.00300068,0.00160573,0.00289841,0.00130855,0.00250082,0.00128032,0.00164133,0.00083787,0.00141739,0.000699875,0.00121273,0.000524917,0.000997434,0.000500514,0.000840253,0.000360463,0.000635154,0.000327829,0.000498737,0.000268876,0.000456788,0.000188525,0.000316311,0.000187542,0.000263769,0.000144068,0.000211485,0.000122027,0.000182354,9.34742e-05,0.000151146,7.28863e-05,0.000126123,5.55232e-05,0.000104011,5.67046e-05,7.85899e-05,3.96808e-05,
16200,0.564882,0.513473,0.534218,0.531898,0.504577,0.517482,0.434357,0.488036,0.443117,0.491964,0.507343,0.496194,0.423457,0.481145,0.517117,0.538738,0.475689,0.401892,0.437077,0.403869,0.47875,0.402304,0.486556,0.337706,0.362545,0.240888,0.371869,0.180094,0.276591,0.103797,0.168218,0.0719477,0.0957033,0.0474131,0.0835515,0.0341053,0.060963,0.023358,0.0417119,0.0206516,0.0292799,0.0158688,0.0261632,0.0130084,0.0225583,0.0106259,0.0146322,0.00826882,0.0140953,0.00645851,0.00991282,0.00523106,0.00771943,0.00440855,0.00679612,0.00381354,0.00621092,0.00288921,0.00478645,0.00227647,0.00368098,0.00200306,0.00300068,0.00160573,0.0027377,0.00130855,0.00232021,0.00118012,0.00164133,0.000890692,0.00141739,0.000699875,0.00121273,0.000524917,0.000997434,0.000500514,0.000840253,0.000385596,0.000635154,0.000327829,0.000471533,0.000291238,0.000456788,0.000188525,0.000316311,0.000170557,0.000263769,0.000136457,0.000211485,0.000122027,0.000182354,9.34742e-05,0.000140391,7.28863e-05,0.000126123,5.55232e-05,0.000104011,5.67046e-05,7.85899e-05,3.70354e-05,
16400,0.514158,0.513473,0.495157,0.531898,0.532099,0.517482,0.434357,0.488036,0.490773,0.491964,0.507343,0.496194,0.448684,0.481145,0.517117,0.538738,0.475689,0.461161,0.437077,0.403869,0.425556,0.402304,0.433632,0.354984,0.362545,0.240888,0.303693,0.180094,0.257759,0.103797,0.168218,0.0719477,0.0957033,0.0502266,0.0835515,0.0341053,0.0536714,0.023358,0.0417119,0.0193021,0.0292799,0.0158688,0.0261632,0.0130084,0.0208396,0.0100667,0.0146322,0.00774658,0.0140953,0.00645851,0.0107099,0.00564751,0.00828354,0.00440855,0.00679612,0.00381354,0.00562322,0.00288921,0.00478645,0.00244721,0.00398712,0.00200306,0.00300068,0.00160573,0.0027377,0.00130855,0.00232021,0.00118012,0.00164133,0.000890692,0.00128982,0.000699875,0.00121273,0.000524917,0.000932954,0.000500514,0.000840253,0.0003558,0.000635154,0.000357334,0.000471533,0.000291238,0.000411109,0.000188525,0.000316311,0.000161254,0.000263769,0.000136457,0.000229501,0.000111151,0.000182354,9.34742e-05,0.000132456,7.977e-05,0.000126123,6.06484e-05,9.87087e-05,5.21914e-05,8.38292e-05,4.10756e-05,
16600,0.514158,0.542184,0.495157,0.531898,0.500607,0.517482,0.434357,0.488036,0.490773,0.448234,0.507343,0.496194,0.50579,0.45451,0.517117,0.497451,0.475689,0.496709,0.437077,0.403869,0.425556,0.430506,0.433632,0.354984,0.362545,0.240888,0.303693,0.169914,0.242504,0.103797,0.168218,0.0719477,0.100891,0.0535751,0.0793363,0.0341053,0.0536714,0.023358,0.0417119,0.0173719,0.0313325,0.0158688,0.0261632,0.0145909,0.0193567,0.0100667,0.0159224,0.00774658,0.0129181,0.00645851,0.0107099,0.00564751,0.00828354,0.00440855,0.00634305,0.00381354,0.00562322,0.00318672,0.00478645,0.00227123,0.00378386,0.00200306,0.00316846,0.00160573,0.0027377,0.00130855,0.00232021,0.00105054,0.00174564,0.000890692,0.00128982,0.000699875,0.00121273,0.000563843,0.000853794,0.000500514,0.000764008,0.0003558,0.000635154,0.000357334,0.000471533,0.000255046,0.000411109,0.000188525,0.000341493,0.000161254,0.000263769,0.000123545,0.000229501,0.000111151,0.000182354,0.000102103,0.00014079,7.977e-05,0.000126123,6.06484e-05,9.87087e-05,5.21914e-05,8.38292e-05,4.10756e-05,
16800,0.484778,0.50794,0.495157,0.483726,0.500607,0.517482,0.469895,0.520571,0.490773,0.448234,0.471829,0.53589,0.5344,0.420309,0.517117,0.530615,0.475689,0.496709,0.437077,0.403869,0.425556,0.407387,0.433632,0.387496,0.362545,0.240888,0.283446,0.169914,0.213403,0.0944553,0.153224,0.0567587,0.100891,0.0580579,0.0793363,0.0341053,0.0536714,0.023358,0.0417119,0.0183073,0.0313325,0.0158688,0.0261632,0.013061,0.0193567,0.0100667,0.0159224,0.0085051,0.0135858,0.00706363,0.0107099,0.00564751,0.00872307,0.00440855,0.00681343,0.00381354,0.00562322,0.00302125,0.00508875,0.00227123,0.00378386,0.00200306,0.00316846,0.00160573,0.0027377,0.00130855,0.00232021,0.00112731,0.00174564,0.000890692,0.00128982,0.000764479,0.00110878,0.000563843,0.000931907,0.000549621,0.000764008,0.000337661,0.000635154,0.000357334,0.000471533,0.000255046,0.000411109,0.000188525,0.000341493,0.000161254,0.000263769,0.000123545,0.000229501,0.000111151,0.000182354,9.65334e-05,0.00014079,7.977e-05,0.000126123,6.06484e-05,9.87087e-05,5.21914e-05,8.38292e-05,4.10756e-05,
17000,0.520609,0.50794,0.495157,0.483726,0.526955,0.517482,0.469895,0.520571,0.531356,0.448234,0.471829,0.53589,0.5344,0.444438,0.547674,0.530615,0.451438,0.462243,0.437077,0.403869,0.425556,0.407387,0.433632,0.353052,0.362545,0.240888,0.299857,0.169914,0.22763,0.0944553,0.153224,0.0639212,0.106944,0.0522521,0.0793363,0.0341053,0.0536714,0.021984,0.0417119,0.0198867,0.0313325,0.0158688,0.0261632,0.013061,0.0193567,0.0107378,0.0159224,0.0085051,0.0135858,0.00706363,0.0101463,0.00564751,0.00872307,0.00481232,0.00760317,0.00381354,0.00616659,0.00302125,0.00508875,0.00242264,0.00378386,0.00200306,0.00316846,0.00160573,0.0027377,0.00148302,0.00203497,0.00112731,0.00174564,0.000890692,0.00128982,0.000764479,0.00110878,0.000563843,0.000931907,0.000497435,0.000764008,0.000337661,0.000635154,0.000332539,0.000471533,0.000238558,0.000411109,0.000188525,0.000341493,0.000161254,0.000263769,0.000123545,0.000215051,0.000111151,0.000193926,9.65334e-05,0.000154128,7.21729e-05,0.000126123,6.06484e-05,9.37288e-05,5.21914e-05,8.38292e-05,4.10756e-05,
17200,0.520609,0.50794,0.540078,0.526933,0.479749,0.517482,0.505968,0.486554,0.531356,0.448234,0.471829,0.498378,0.5344,0.444438,0.547674,0.530615,0.451438,0.462243,0.437077,0.382613,0.425556,0.376935,0.433632,0.353052,0.320684,0.240888,0.299857,0.169914,0.22763,0.108624,0.153224,0.0709319,0.106944,0.0522521,0.0793363,0.0389574,0.0488409,0.021984,0.0417119,0.0198867,0.0313325,0.0158688,0.0276431,0.0123368,0.0204517,0.0100361,0.0159224,0.0085051,0.0135858,0.00706363,0.0101463,0.0053248,0.00957892,0.00481232,0.00760317,0.00381354,0.00669189,0.00302125,0.0046724,0.00263799,0.00378386,0.00200306,0.00316846,0.00160573,0.00254774,0.00148302,0.00223847,0.0012175,0.00174564,0.000890692,0.00116084,0.000688031,0.00110878,0.000563843,0.000884398,0.000539057,0.000720986,0.000368295,0.000635154,0.000332539,0.000511511,0.000238558,0.000411109,0.000206558,0.000341493,0.000161254,0.000263769,0.000130242,0.000235904,0.000111151,0.000193926,9.65334e-05,0.000154128,7.21729e-05,0.000126123,5.26362e-05,0.000108948,5.21914e-05,9.23733e-05,4.10756e-05,
17400,0.520609,0.50794,0.540078,0.526933,0.479749,0.517482,0.472236,0.486554,0.498218,0.472531,0.471829,0.498378,0.570027,0.444438,0.547674,0.530615,0.476831,0.491578,0.408616,0.382613,0.425556,0.376935,0.387833,0.328879,0.320684,0.240888,0.315638,0.153732,0.22763,0.101382,0.172861,0.0671293,0.114074,0.0483203,0.0837989,0.03656,0.0488409,0.021984,0.0417119,0.0198867,0.0313325,0.0158688,0.0276431,0.0114421,0.0204517,0.0100361,0.0159224,0.00797468,0.0135858,0.00706363,0.0101463,0.00571296,0.00957892,0.00481232,0.00760317,0.00381354,0.00631506,0.00285929,0.0046724,0.00263799,0.00378386,0.00219551,0.00316846,0.00160573,0.00254774,0.00148302,0.00223847,0.0012175,0.00159092,0.000960675,0.00116084,0.00074209,0.00117552,0.000563843,0.000884398,0.000539057,0.000720986,0.000407062,0.000635154,0.000332539,0.000511511,0.000238558,0.000411109,0.000206558,0.000319119,0.000161254,0.000263769,0.000140201,0.000235904,0.000111151,0.000193926,9.65334e-05,0.000154128,7.21729e-05,0.000112385,5.26362e-05,0.000120795,5.21914e-05,8.64017e-05,3.79848e-05,
17600,0.520609,0.482264,0.508574,0.526933,0.479749,0.517482,0.472236,0.486554,0.498218,0.497975,0.496864,0.526717,0.570027,0.444438,0.515726,0.462247,0.476831,0.461327,0.408616,0.418222,0.425556,0.376935,0.387833,0.309415,0.340046,0.240888,0.315638,0.168969,0.241953,0.113621,0.172861,0.0671293,0.114074,0.0483203,0.0885126,0.03656,0.0488409,0.021984,0.0417119,0.0198867,0.0313325,0.016824,0.0276431,0.0114421,0.0186031,0.0109142,0.0159224,0.00797468,0.0150158,0.00706363,0.0101463,0.00571296,0.0101828,0.00481232,0.00760317,0.00344968,0.00631506,0.00285929,0.0046724,0.00263799,0.00378386,0.00197596,0.00316846,0.00150432,0.00284626,0.00148302,0.00223847,0.0012175,0.00159092,0.000960675,0.00123025,0.00074209,0.00117552,0.000563843,0.000884398,0.000539057,0.000720986,0.000407062,0.000635154,0.000332539,0.000458174,0.000265,0.00046504,0.000206558,0.000319119,0.000161254,0.00028461,0.000140201,0.000235904,0.00010323,0.000193926,9.65334e-05,0.000154128,7.67229e-05,0.000112385,5.8001e-05,0.000120795,5.21914e-05,9.13148e-05,4.00003e-05,
17800,0.557163,0.482264,0.508574,0.526933,0.445613,0.517482,0.472236,0.486554,0.531432,0.497975,0.496864,0.526717,0.570027,0.471104,0.452325,0.462247,0.51797,0.518758,0.408616,0.418222,0.451172,0.376935,0.387833,0.309415,0.309442,0.240888,0.315638,0.186226,0.212919,0.113621,0.154736,0.0671293,0.114074,0.0430145,0.0730229,0.03656,0.0517714,0.0239626,0.0417119,0.0198867,0.0313325,0.0157887,0.0256612,0.0123672,0.0186031,0.0115316,0.0159224,0.00797468,0.0150158,0.00644135,0.0101463,0.00647469,0.0101828,0.00481232,0.00760317,0.00344968,0.00579632,0.00267084,0.00499947,0.00263799,0.00378386,0.00185436,0.00316846,0.00159514,0.00284626,0.00148302,0.00223847,0.00112474,0.00143182,0.000874214,0.00130808,0.00074209,0.00117552,0.000563843,0.000884398,0.000539057,0.000720986,0.000407062,0.000635154,0.000332539,0.000458174,0.000265,0.000425308,0.000206558,0.000319119,0.000172512,0.000270223,0.000140201,0.000235904,0.00010323,0.000193926,9.65334e-05,0.000154128,7.67229e-05,0.000112385,5.8001e-05,0.000120795,5.21914e-05,9.13148e-05,4.00003e-05,
18000,0.557163,0.506378,0.508574,0.526933,0.469258,0.517482,0.472236,0.454486,0.531432,0.497975,0.496864,0.526717,0.570027,0.471104,0.452325,0.462247,0.543868,0.518758,0.464532,0.446104,0.451172,0.376935,0.387833,0.342176,0.309442,0.256948,0.315638,0.186226,0.239194,0.113621,0.154736,0.0671293,0.114074,0.0430145,0.0730229,0.03656,0.0555454,0.0239626,0.0452245,0.0198867,0.0313325,0.0174917,0.0256612,0.0123672,0.0198434,0.0115316,0.0170422,0.00845755,0.0150158,0.00644135,0.0106585,0.0058606,0.0101828,0.00448801,0.00798333,0.00344968,0.00579632,0.00267084,0.00499947,0.00263799,0.00401162,0.00185436,0.00316846,0.00159514,0.00284626,0.00148302,0.00223847,0.000971679,0.00159761,0.000874214,0.00130808,0.00074209,0.00117552,0.000522562,0.000884398,0.000447323,0.000758933,0.000376048,0.000635154,0.000332539,0.000458174,0.000248693,0.000389637,0.000206558,0.000338328,0.000172512,0.000270223,0.000140201,0.000235904,0.00010323,0.000204216,8.97192e-05,0.000162307,7.28115e-05,0.000112385,6.18677e-05,0.000120795,4.86741e-05,9.13148e-05,4.38791e-05,
18200,0.557163,0.506378,0.508574,0.526933,0.503734,0.517482,0.472236,0.454486,0.501507,0.579088,0.544127,0.526717,0.570027,0.495308,0.452325,0.462247,0.543868,0.518758,0.491426,0.446104,0.408163,0.376935,0.387833,0.318879,0.353363,0.256948,0.315638,0.186226,0.239194,0.113621,0.154736,0.0671293,0.10204,0.0430145,0.0730229,0.0385286,0.0555454,0.0239626,0.0452245,0.0198867,0.0340741,0.0174917,0.0241014,0.0123672,0.0198434,0.0115316,0.0170422,0.00845755,0.0150158,0.00644135,0.0106585,0.0058606,0.00894787,0.00416623,0.00798333,0.00367966,0.00579632,0.00282933,0.00499947,0.00292484,0.00401162,0.0020832,0.00316846,0.00159514,0.00284626,0.00148302,0.00207458,0.000971679,0.00173049,0.000874214,0.00119793,0.00074209,0.00128001,0.000522562,0.000884398,0.000409368,0.000827784,0.000376048,0.000635154,0.000310809,0.000458174,0.000264341,0.000389637,0.000206558,0.000338328,0.000172512,0.000270223,0.000140201,0.000247699,0.000111488,0.000204216,8.97192e-05,0.000162307,7.28115e-05,0.000112385,6.18677e-05,0.000120795,4.86741e-05,9.13148e-05,4.38791e-05,
18400,0.557163,0.506378,0.544078,0.485451,0.476681,0.517482,0.472236,0.454486,0.501507,0.579088,0.510192,0.471584,0.537454,0.521377,0.494423,0.488394,0.486735,0.518758,0.491426,0.446104,0.408163,0.376935,0.445067,0.318879,0.353363,0.256948,0.289517,0.186226,0.239194,0.107519,0.154736,0.0621231,0.10204,0.0430145,0.0730229,0.0385286,0.0603705,0.0239626,0.0475077,0.0175905,0.0340741,0.0174917,0.0258721,0.0123672,0.0198434,0.0105645,0.0158493,0.00786552,0.0150158,0.0067695,0.0106585,0.0058606,0.00894787,0.0047299,0.00798333,0.00367966,0.00579632,0.00282933,0.00499947,0.00269459,0.00453313,0.0020832,0.00316846,0.00168215,0.00284626,0.00148302,0.00207458,0.000971679,0.00154935,0.000874214,0.00119793,0.000781148,0.00128001,0.000494548,0.000946397,0.000409368,0.000827784,0.000396641,0.000635154,0.000335802,0.000458174,0.000264341,0.000413015,0.000221017,0.000338328,0.000172512,0.000270223,0.000154741,0.000247699,0.000111488,0.000183795,8.25783e-05,0.000162307,7.28115e-05,0.000112385,5.82062e-05,0.000120795,4.86741e-05,9.13148e-05,3.80286e-05,
18600,0.557163,0.506378,0.505992,0.485451,0.476681,0.517482,0.472236,0.454486,0.474622,0.518368,0.535702,0.471584,0.537454,0.521377,0.494423,0.434671,0.447995,0.518758,0.491426,0.446104,0.408163,0.343168,0.402902,0.273325,0.353363,0.256948,0.307733,0.171797,0.239194,0.107519,0.168662,0.0621231,0.10204,0.0430145,0.0730229,0.0385286,0.0603705,0.0263836,0.0475077,0.0190372,0.0340741,0.0174917,0.0258721,0.0110704,0.0198434,0.0105645,0.0158493,0.00786552,0.0141578,0.0067695,0.0106585,0.0058606,0.00894787,0.0047299,0.00798333,0.00367966,0.00579632,0.00297556,0.00499947,0.00269459,0.00453313,0.0020832,0.00268659,0.00168215,0.00256164,0.0015875,0.00207458,0.00102118,0.00154935,0.0008177,0.00127406,0.000732431,0.00116963,0.000540199,0.000946397,0.000409368,0.000874855,0.00042983,0.000571639,0.000335802,0.000458174,0.000264341,0.000413015,0.000206952,0.000338328,0.000172512,0.000270223,0.000154741,0.000247699,0.000111488,0.000183795,8.25783e-05,0.000162307,7.28115e-05,0.000123088,5.82062e-05,0.000114437,4.86741e-05,9.13148e-05,4.09479e-05,
18800,0.557163,0.450353,0.505992,0.455943,0.476681,0.562761,0.472236,0.454486,0.474622,0.518368,0.535702,0.471584,0.537454,0.487859,0.494423,0.434671,0.447995,0.518758,0.491426,0.446104,0.408163,0.368126,0.402902,0.273325,0.353363,0.256948,0.307733,0.192611,0.239194,0.116212,0.168662,0.0621231,0.10204,0.0385121,0.0810319,0.0359361,0.0635479,0.0263836,0.0445496,0.0205764,0.0340741,0.0174917,0.0237824,0.0120391,0.0198434,0.0113365,0.0158493,0.00786552,0.0141578,0.0067695,0.0099402,0.0062513,0.008327,0.00448877,0.00798333,0.00367966,0.00579632,0.00297556,0.00499947,0.00269459,0.00453313,0.00194755,0.00268659,0.00168215,0.00256164,0.0015875,0.00207458,0.00115205,0.00172642,0.0008177,0.00138964,0.000732431,0.00116963,0.000540199,0.000946397,0.0003849,0.000874855,0.000367696,0.000609748,0.000302222,0.000494482,0.000264341,0.000413015,0.000206952,0.000338328,0.000172512,0.000270223,0.000154741,0.000217659,0.000111488,0.000197524,8.25783e-05,0.000162307,7.28115e-05,0.000123088,5.82062e-05,0.000114437,4.86741e-05,8.30964e-05,4.09479e-05,
19000,0.557163,0.450353,0.505992,0.455943,0.476681,0.53294,0.472236,0.454486,0.444285,0.484146,0.501071,0.471584,0.537454,0.520383,0.527384,0.462367,0.447995,0.485222,0.491426,0.446104,0.408163,0.347319,0.402902,0.273325,0.353363,0.256948,0.332758,0.192611,0.239194,0.116212,0.168662,0.0621231,0.10204,0.0405711,0.0764015,0.0340447,0.0635479,0.0263836,0.0445496,0.0205764,0.0313917,0.0174917,0.025287,0.0129597,0.0210944,0.0113365,0.016814,0.00851327,0.0141578,0.0067695,0.0104588,0.0062513,0.008327,0.00418315,0.00798333,0.00404405,0.00579632,0.00297556,0.00499947,0.00249756,0.00453313,0.00194755,0.00268659,0.00168215,0.00256164,0.0015875,0.00207458,0.00115205,0.00172642,0.000890384,0.00138964,0.000681161,0.0011105,0.000540199,0.000946397,0.000408139,0.000874855,0.000367696,0.000609748,0.000317333,0.000494482,0.000264341,0.000413015,0.000206952,0.000338328,0.000172512,0.000270223,0.000154741,0.000190946,0.000119252,0.000197524,8.887e-05,0.000150635,7.28115e-05,0.000123088,5.29919e-05,0.000114437,4.86741e-05,8.30964e-05,4.09479e-05,
19200,0.557163,0.497758,0.505992,0.455943,0.524349,0.564916,0.472236,0.479374,0.469902,0.484146,0.501071,0.518235,0.537454,0.484275,0.493291,0.462367,0.447995,0.429768,0.462759,0.418651,0.440984,0.347319,0.402902,0.273325,0.353363,0.256948,0.332758,0.192611,0.239194,0.116212,0.168662,0.0621231,0.110057,0.0405711,0.0764015,0.0318686,0.0635479,0.0263836,0.0445496,0.0205764,0.0313917,0.0174917,0.025287,0.0129597,0.0210944,0.0107478,0.016814,0.00851327,0.0141578,0.0067695,0.0104588,0.0062513,0.008327,0.00418315,0.00798333,0.00378408,0.00579632,0.00297556,0.00499947,0.00249756,0.00453313,0.00194755,0.00268659,0.00168215,0.00256164,0.00145143,0.00207458,0.00115205,0.00185291,0.000890384,0.00138964,0.000728842,0.0011105,0.000540199,0.000946397,0.000408139,0.000874855,0.000367696,0.000609748,0.000317333,0.000462876,0.000264341,0.000413015,0.000219483,0.000338328,0.000159448,0.000255241,0.0001463,0.000190946,0.000119252,0.000197524,8.887e-05,0.000133193,6.79574e-05,0.000136793,5.56672e-05,0.000114437,5.40126e-05,8.30964e-05,4.09479e-05,
19400,0.557163,0.497758,0.534284,0.455943,0.524349,0.519953,0.472236,0.479374,0.469902,0.516422,0.501071,0.49209,0.537454,0.484275,0.493291,0.490013,0.470612,0.429768,0.462759,0.418651,0.440984,0.347319,0.402902,0.273325,0.33275,0.256948,0.302621,0.177448,0.239194,0.106963,0.15868,0.058347,0.110057,0.0405711,0.0823438,0.0283921,0.0635479,0.0244115,0.0445496,0.0205764,0.0347356,0.0165524,0.025287,0.0120525,0.022433,0.0107478,0.016814,0.00851327,0.0141578,0.0067695,0.0114322,0.00553146,0.008327,0.00418315,0.00736644,0.00378408,0.00618275,0.00319417,0.00499947,0.0026469,0.00453313,0.00222398,0.00307529,0.0014822,0.00256164,0.00131377,0.00187852,0.00115205,0.00185291,0.000890384,0.00138964,0.00067555,0.0011105,0.000540199,0.000946397,0.000455447,0.000805748,0.000346814,0.000640531,0.000317333,0.000435481,0.000264341,0.00039196,0.000233369,0.000355409,0.000173913,0.000275877,0.0001463,0.000201804,0.00012558,0.000197524,8.887e-05,0.000133193,6.79574e-05,0.000121159,5.56672e-05,0.000114437,5.40126e-05,8.30964e-05,4.09479e-05,
19600,0.521973,0.497758,0.499494,0.502337,0.524349,0.519953,0.472236,0.479374,0.521439,0.516422,0.501071,0.49209,0.489307,0.484275,0.493291,0.490013,0.470612,0.429768,0.462759,0.418651,0.440984,0.375104,0.402902,0.288043,0.356043,0.256948,0.302621,0.166156,0.239194,0.0967856,0.15868,0.058347,0.110057,0.0447062,0.0823438,0.0283921,0.0535961,0.0244115,0.0445496,0.0205764,0.0347356,0.0165524,0.025287,0.0120525,0.022433,0.0107478,0.016814,0.00757848,0.0141578,0.0067695,0.0121944,0.00553146,0.00896377,0.00457585,0.00736644,0.00378408,0.00618275,0.00319417,0.00533277,0.00248402,0.00407982,0.00193617,0.00289862,0.0014822,0.00256164,0.00131377,0.00187852,0.00115205,0.00161417,0.000890384,0.00138964,0.00067555,0.0011105,0.000540199,0.000946397,0.000455447,0.000805748,0.000346814,0.000640531,0.000317333,0.000435481,0.000243338,0.00039196,0.000233369,0.000376867,0.000173913,0.000299267,0.0001463,0.000201804,0.00012558,0.000197524,8.887e-05,0.000133193,7.20481e-05,0.000121159,5.56672e-05,0.000107395,5.40126e-05,8.30964e-05,4.34128e-05,
19800,0.521973,0.434407,0.499494,0.457336,0.524349,0.519953,0.50037,0.521885,0.551236,0.516422,0.501071,0.49209,0.489307,0.484275,0.493291,0.521154,0.470612,0.429768,0.462759,0.443684,0.440984,0.395159,0.463338,0.32017,0.356043,0.277842,0.32463,0.184618,0.239194,0.101835,0.170338,0.058347,0.110057,0.0495143,0.0823438,0.0283921,0.0571692,0.0244115,0.0445496,0.0220167,0.0347356,0.0148041,0.0266288,0.0127379,0.022433,0.0107478,0.0183523,0.00757848,0.0130432,0.00641187,0.0121944,0.00553146,0.00956135,0.00457585,0.00688826,0.00378408,0.00618275,0.00319417,0.00500073,0.00248402,0.00407982,0.00193617,0.00249967,0.0014822,0.00256164,0.00131377,0.00199716,0.00115205,0.00172178,0.000890384,0.00138964,0.00067555,0.0011105,0.000540199,0.000946397,0.000495011,0.000736908,0.000317496,0.000640531,0.000317333,0.000435481,0.000243338,0.00039196,0.000233369,0.000332969,0.000173913,0.000299267,0.000130974,0.000219967,0.00012558,0.000197524,8.887e-05,0.000133193,7.20481e-05,0.000121159,5.56672e-05,0.000101721,5.72304e-05,8.30964e-05,4.34128e-05,
20000,0.521973,0.434407,0.499494,0.457336,0.524349,0.519953,0.50037,0.521885,0.520196,0.516422,0.537512,0.524896,0.489307,0.484275,0.493291,0.476629,0.536678,0.429768,0.4952,0.443684,0.440984,0.433852,0.486784,0.32017,0.356043,0.277842,0.302753,0.184618,0.239194,0.101835,0.15255,0.0629074,0.110057,0.0495143,0.0823438,0.0309924,0.0624463,0.0244115,0.0414868,0.0208736,0.0347356,0.0148041,0.0249073,0.0127379,0.0204984,0.0107478,0.0183523,0.00757848,0.0130432,0.00673246,0.0110994,0.00590022,0.00855789,0.00492713,0.00688826,0.00378408,0.00618275,0.00319417,0.00500073,0.00248402,0.00407982,0.00193617,0.00249967,0.00156021,0.00256164,0.00131377,0.00199716,0.00108817,0.00172178,0.000890384,0.00138964,0.00067555,0.00105448,0.000568119,0.000946397,0.000495011,0.000690366,0.000338662,0.000640531,0.000339579,0.000435481,0.000243338,0.000426481,0.000233369,0.000332969,0.000192327,0.000299267,0.000130974,0.000219967,0.000116259,0.000197524,8.887e-05,0.000133193,7.20481e-05,0.000121159,6.25593e-05,0.000107804,5.72304e-05,8.30964e-05,4.34128e-05,
20200,0.553184,0.434407,0.499494,0.457336,0.524349,0.481359,0.50037,0.521885,0.520196,0.516422,0.537512,0.554421,0.448102,0.484275,0.493291,0.476629,0.499994,0.452499,0.4952,0.443684,0.440984,0.433852,0.486784,0.32017,0.356043,0.277842,0.302753,0.184618,0.239194,0.101835,0.15255,0.0674825,0.110057,0.0495143,0.0781459,0.0291582,0.0624463,0.0244115,0.0414868,0.0208736,0.0347356,0.0158888,0.0249073,0.0119055,0.0204984,0.0107478,0.0168009,0.00757848,0.0130432,0.00673246,0.0110994,0.00590022,0.0092538,0.00463783,0.00688826,0.00406061,0.00576179,0.00319417,0.00500073,0.00248402,0.00407982,0.00205151,0.00249967,0.00156021,0.00256164,0.00123391,0.00199716,0.00100203,0.00172178,0.000890384,0.00138964,0.00067555,0.00105448,0.000568119,0.000946397,0.000495011,0.000690366,0.000338662,0.000640531,0.000339579,0.000464513,0.000243338,0.000426481,0.000233369,0.000332969,0.000172061,0.000299267,0.000141452,0.000219967,0.000116259,0.000197524,8.04713e-05,0.000133193,7.84373e-05,0.000112752,6.25593e-05,0.000107804,5.72304e-05,7.432e-05,4.34128e-05,
20400,0.553184,0.434407,0.499494,0.457336,0.524349,0.481359,0.530289,0.467163,0.473178,0.47016,0.498528,0.516782,0.474988,0.508489,0.493291,0.476629,0.499994,0.452499,0.4952,0.488053,0.440984,0.457517,0.486784,0.32017,0.356043,0.277842,0.302753,0.184618,0.239194,0.101835,0.15255,0.0571308,0.116661,0.0495143,0.0781459,0.0291582,0.0624463,0.0244115,0.0389338,0.0208736,0.0347356,0.0158888,0.027019,0.0119055,0.0204984,0.0107478,0.0168009,0.00757848,0.0120381,0.00673246,0.0102476,0.00541371,0.0085135,0.00463783,0.00688826,0.00406061,0.00576179,0.00319417,0.00500073,0.00229207,0.00407982,0.00205151,0.00270177,0.00156021,0.00256164,0.00133968,0.00199716,0.00100203,0.00172178,0.000890384,0.00138964,0.00067555,0.00116195,0.000517225,0.000879593,0.000495011,0.000726701,0.000338662,0.000640531,0.000339579,0.000464513,0.00026819,0.000448012,0.000233369,0.000332969,0.000172061,0.000299267,0.000127306,0.000219967,0.000124009,0.000197524,8.04713e-05,0.000133193,7.84373e-05,0.000106708,6.25593e-05,9.63738e-05,5.17519e-05,7.432e-05,4.34128e-05,
20600,0.553184,0.471642,0.499494,0.480425,0.524349,0.481359,0.530289,0.467163,0.504723,0.513559,0.462076,0.516782,0.474988,0.508489,0.43275,0.476629,0.499994,0.452499,0.4952,0.488053,0.440984,0.457517,0.454332,0.32017,0.386561,0.260294,0.302753,0.184618,0.26452,0.101835,0.162245,0.0571308,0.10784,0.0495143,0.0742034,0.0291582,0.0624463,0.0274696,0.0389338,0.0195718,0.031434,0.0158888,0.027019,0.0119055,0.0221595,0.0115923,0.0182504,0.00757848,0.012769,0.00673246,0.0102476,0.00541371,0.00799695,0.00463783,0.00688826,0.00406061,0.00537767,0.00299244,0.00455622,0.00243793,0.00407982,0.00227459,0.00295908,0.00167517,0.00256164,0.00133968,0.00215776,0.00111098,0.00185763,0.000890384,0.00129322,0.00067555,0.00116195,0.000485786,0.000879593,0.000441009,0.000726701,0.000338662,0.000672558,0.000298829,0.000464513,0.00026819,0.000448012,0.000251284,0.000353072,0.000172061,0.000299267,0.000127306,0.000219967,0.000124009,0.000197524,8.04713e-05,0.000133193,7.23366e-05,0.000116817,6.25593e-05,9.63738e-05,5.17519e-05,7.432e-05,4.6838e-05,
20800,0.553184,0.471642,0.499494,0.480425,0.524349,0.44392,0.491722,0.467163,0.504723,0.54209,0.488068,0.549578,0.474988,0.537252,0.43275,0.515165,0.499994,0.378243,0.4952,0.454823,0.440984,0.407366,0.454332,0.32017,0.328751,0.260294,0.302753,0.174901,0.243155,0.108624,0.162245,0.0571308,0.10784,0.0464313,0.0692103,0.0291582,0.0624463,0.0274696,0.0410302,0.0195718,0.031434,0.0158888,0.0250434,0.0119055,0.018813,0.0115923,0.0169418,0.00811058,0.012769,0.00673246,0.0102476,0.00541371,0.00858998,0.00463783,0.00745787,0.00406061,0.00585183,0.00299244,0.00455622,0.00227862,0.00431403,0.00227459,0.00295908,0.00167517,0.00256164,0.00133968,0.00215776,0.00111098,0.00185763,0.000966703,0.00129322,0.000712822,0.00107634,0.000485786,0.000938232,0.000392668,0.00079161,0.000338662,0.000672558,0.000298829,0.000464513,0.00026819,0.000448012,0.000235222,0.000381464,0.000172061,0.000274882,0.000133949,0.000219967,0.000124009,0.000185834,8.6625e-05,0.000126157,7.23366e-05,0.000116817,6.25593e-05,9.11982e-05,5.17519e-05,7.432e-05,4.6838e-05,
21000,0.553184,0.471642,0.499494,0.480425,0.477376,0.44392,0.522722,0.467163,0.535104,0.54209,0.488068,0.549578,0.474988,0.475044,0.43275,0.515165,0.499994,0.378243,0.43309,0.454823,0.479823,0.407366,0.454332,0.32017,0.351871,0.260294,0.302753,0.174901,0.209834,0.108624,0.162245,0.0571308,0.10784,0.0422718,0.0692103,0.0319352,0.0580383,0.0274696,0.0410302,0.0195718,0.031434,0.0158888,0.0250434,0.0127377,0.018813,0.01096,0.0169418,0.00746505,0.012769,0.00673246,0.0102476,0.00541371,0.00858998,0.00463783,0.00745787,0.00406061,0.00620408,0.00299244,0.00455622,0.00245426,0.00464521,0.00227459,0.00277922,0.00184953,0.00275097,0.00125533,0.00215776,0.00105302,0.00170183,0.000966703,0.00141638,0.000630285,0.00113965,0.000485786,0.000938232,0.000438678,0.00079161,0.000360052,0.000612775,0.000298829,0.000501163,0.00026819,0.000448012,0.000223082,0.000381464,0.000172061,0.00029497,0.000133949,0.000219967,0.000124009,0.000185834,8.6625e-05,0.000126157,7.23366e-05,0.000116817,6.25593e-05,9.11982e-05,5.17519e-05,7.8036e-05,4.6838e-05,
21200,0.553184,0.471642,0.499494,0.509344,0.477376,0.44392,0.522722,0.443347,0.535104,0.54209,0.488068,0.549578,0.501706,0.500623,0.43275,0.515165,0.499994,0.415661,0.454955,0.454823,0.479823,0.407366,0.454332,0.32017,0.351871,0.239688,0.302753,0.174901,0.209834,0.0982791,0.162245,0.0571308,0.10784,0.0422718,0.0726708,0.0293804,0.0580383,0.0253767,0.0410302,0.0195718,0.031434,0.0148295,0.0250434,0.0117561,0.018813,0.0097044,0.0154944,0.00746505,0.0108536,0.00673246,0.0102476,0.00541371,0.00858998,0.00463783,0.00745787,0.00382029,0.00582697,0.00299244,0.0041006,0.00245426,0.00437424,0.00215649,0.00277922,0.00184953,0.00275097,0.00125533,0.00189061,0.00113061,0.00181528,0.0008572,0.00141638,0.000708065,0.00113965,0.000529177,0.000938232,0.000438678,0.00079161,0.000360052,0.000612775,0.000330135,0.000501163,0.000248739,0.000448012,0.000223082,0.000381464,0.000172061,0.00027013,0.000150533,0.000219967,0.00010965,0.000185834,8.6625e-05,0.000126157,7.66291e-05,0.000124605,6.25593e-05,9.11982e-05,5.60081e-05,7.8036e-05,4.93769e-05,
21400,0.553184,0.536879,0.541556,0.548151,0.477376,0.44392,0.522722,0.443347,0.535104,0.54209,0.488068,0.49462,0.501706,0.500623,0.473026,0.515165,0.499994,0.415661,0.454955,0.421836,0.479823,0.407366,0.454332,0.32017,0.372752,0.223415,0.281746,0.174901,0.209834,0.0982791,0.162245,0.0571308,0.10784,0.0389636,0.0726708,0.0293804,0.0580383,0.0253767,0.045231,0.0184582,0.0336411,0.0148295,0.0250434,0.0117561,0.018813,0.0097044,0.0154944,0.00746505,0.0108536,0.00673246,0.0102476,0.00541371,0.00858998,0.00505524,0.00745787,0.00382029,0.00582697,0.00299244,0.00451537,0.00245426,0.00437424,0.00179381,0.00277922,0.00175218,0.00275097,0.00125533,0.00189061,0.00113061,0.00181528,0.0008572,0.00141638,0.000752932,0.00107646,0.000529177,0.000938232,0.000438678,0.00079161,0.000378054,0.000612775,0.000330135,0.000501163,0.000248739,0.000448012,0.000244216,0.000354537,0.000172061,0.00027013,0.000150533,0.000219967,0.000115513,0.000185834,8.0065e-05,0.000126157,7.66291e-05,0.000124605,6.25593e-05,9.11982e-05,5.95515e-05,7.36417e-05,4.93769e-05,
21600,0.553184,0.599044,0.490312,0.548151,0.477376,0.44392,0.522722,0.443347,0.496625,0.54209,0.512472,0.49462,0.536731,0.439909,0.473026,0.515165,0.529664,0.415661,0.454955,0.421836,0.479823,0.407366,0.454332,0.346115,0.372752,0.223415,0.304285,0.187144,0.232052,0.0982791,0.152383,0.0571308,0.10784,0.0428221,0.0726708,0.0293804,0.0580383,0.0253767,0.0419194,0.0195489,0.0336411,0.0156351,0.0235613,0.0117561,0.018813,0.0097044,0.0154944,0.00746505,0.0108536,0.00673246,0.0102476,0.00541371,0.00930948,0.00505524,0.00745787,0.00407497,0.00612634,0.00274252,0.00451537,0.00257817,0.00437424,0.00179381,0.00298134,0.0016159,0.00275097,0.00125533,0.00189061,0.00120189,0.00165392,0.0008572,0.00150076,0.000752932,0.00119044,0.000529177,0.000938232,0.000438678,0.000745131,0.000378054,0.000666006,0.000330135,0.000501163,0.000248739,0.000408081,0.000244216,0.000354537,0.000172061,0.00027013,0.000150533,0.000219967,0.000101312,0.000185834,8.0065e-05,0.000138108,7.66291e-05,0.000124605,6.57927e-05,9.11982e-05,5.95515e-05,7.36417e-05,4.93769e-05,
21800,0.553184,0.552631,0.490312,0.512912,0.477376,0.44392,0.457511,0.443347,0.496625,0.54209,0.512472,0.535089,0.494985,0.439909,0.473026,0.479418,0.468335,0.415661,0.454955,0.421836,0.479823,0.407366,0.454332,0.346115,0.411548,0.223415,0.304285,0.187144,0.244784,0.10822,0.167764,0.0571308,0.10784,0.0428221,0.0654037,0.0293804,0.051575,0.0269174,0.0419194,0.0195489,0.0336411,0.0156351,0.0235613,0.012459,0.018813,0.0097044,0.0154944,0.00808967,0.0121104,0.00673246,0.0108663,0.00541371,0.00880169,0.00459485,0.00706387,0.00407497,0.00612634,0.00274252,0.00451537,0.00234721,0.00437424,0.00179381,0.00298134,0.0016159,0.00243581,0.00125533,0.00189061,0.00120189,0.00173941,0.0008572,0.00150076,0.000752932,0.00111265,0.000489622,0.000880495,0.000438678,0.000745131,0.000378054,0.000666006,0.000330135,0.000501163,0.000248739,0.000408081,0.000244216,0.000354537,0.000172061,0.00027013,0.000161625,0.000219967,0.000111232,0.000185834,8.91094e-05,0.00014592,8.07261e-05,0.000124605,6.57927e-05,9.11982e-05,5.95515e-05,7.83007e-05,4.44392e-05,
22000,0.553184,0.523937,0.490312,0.512912,0.501245,0.44392,0.457511,0.443347,0.496625,0.501039,0.463922,0.565665,0.494985,0.439909,0.503128,0.479418,0.468335,0.415661,0.428819,0.395571,0.479823,0.407366,0.404262,0.325077,0.411548,0.223415,0.287973,0.187144,0.244784,0.101385,0.180696,0.0508684,0.10784,0.0397519,0.0804168,0.0293804,0.051575,0.0269174,0.0419194,0.0195489,0.0336411,0.0156351,0.0272897,0.0138993,0.0205791,0.0097044,0.0172447,0.00808967,0.0121104,0.00673246,0.0108663,0.00541371,0.00880169,0.00430465,0.00706387,0.00378067,0.00612634,0.00274252,0.00451537,0.00234721,0.00412428,0.00179381,0.00298134,0.0016159,0.00243581,0.00125533,0.00189061,0.00120189,0.00173941,0.0008572,0.00150076,0.000752932,0.00117918,0.000489622,0.000880495,0.000464908,0.000695938,0.000378054,0.000666006,0.000330135,0.000548495,0.000248739,0.000385015,0.000244216,0.000354537,0.000172061,0.00027013,0.000161625,0.000219967,0.00011828,0.000185834,8.91094e-05,0.00014592,8.07261e-05,0.000124605,6.57927e-05,9.11982e-05,5.62549e-05,7.83007e-05,4.44392e-05,
22200,0.553184,0.491261,0.490312,0.478399,0.501245,0.44392,0.506246,0.443347,0.525135,0.501039,0.505515,0.565665,0.494985,0.439909,0.503128,0.479418,0.468335,0.415661,0.451193,0.363339,0.479823,0.381328,0.443846,0.325077,0.411548,0.235982,0.287973,0.200264,0.224526,0.116817,0.158154,0.0558011,0.113562,0.042402,0.0804168,0.0275723,0.0545077,0.0269174,0.0419194,0.0195489,0.0308999,0.0156351,0.0272897,0.0138993,0.0205791,0.0097044,0.0181732,0.00808967,0.0129177,0.00631815,0.0108663,0.00541371,0.00880169,0.00430465,0.00746554,0.00378067,0.00682649,0.00258149,0.00451537,0.00252892,0.00412428,0.00179381,0.00298134,0.0016159,0.00243581,0.00125533,0.00209543,0.00112793,0.00173941,0.0008572,0.00150076,0.000752932,0.00117918,0.000489622,0.000880495,0.000464908,0.00073485,0.000378054,0.000701868,0.000330135,0.000548495,0.000227288,0.000385015,0.000244216,0.000354537,0.000172061,0.00027013,0.000161625,0.000238616,0.000128356,0.000185834,9.50501e-05,0.000132037,7.55663e-05,0.000124605,6.57927e-05,9.11982e-05,5.62549e-05,7.83007e-05,4.44392e-05,
22400,0.553184,0.491261,0.459441,0.503359,0.531217,0.474951,0.506246,0.443347,0.485882,0.501039,0.505515,0.503081,0.494985,0.439909,0.503128,0.479418,0.468335,0.415661,0.476715,0.363339,0.479823,0.381328,0.443846,0.325077,0.411548,0.235982,0.287973,0.215066,0.224526,0.128608,0.158154,0.0616749,0.113562,0.042402,0.0804168,0.0305593,0.0513764,0.0269174,0.038583,0.0195489,0.0308999,0.0156351,0.0272897,0.0122851,0.0194759,0.0097044,0.0181732,0.00808967,0.0129177,0.00675768,0.0119972,0.00541371,0.00816333,0.00389393,0.00746554,0.00401021,0.00620479,0.00258149,0.00451537,0.00237719,0.00412428,0.0018835,0.00298134,0.0016159,0.00243581,0.00125533,0.00209543,0.00103682,0.00173941,0.000923564,0.00141072,0.000752932,0.00109594,0.000489622,0.000830913,0.000464908,0.000820954,0.000405753,0.000701868,0.000295487,0.000548495,0.000241617,0.000420848,0.000244216,0.000319083,0.000172061,0.00027013,0.000161625,0.00022319,0.000128356,0.000195439,0.000102243,0.000132037,7.55663e-05,0.000124605,6.13655e-05,9.11982e-05,6.1369e-05,7.08365e-05,4.21455e-05,
22600,0.553184,0.491261,0.459441,0.503359,0.502688,0.525544,0.506246,0.512022,0.485882,0.529529,0.505515,0.503081,0.52145,0.464793,0.440603,0.508085,0.468335,0.415661,0.476715,0.386287,0.445319,0.381328,0.443846,0.305072,0.411548,0.235982,0.287973,0.200594,0.224526,0.128608,0.171892,0.0616749,0.113562,0.042402,0.0804168,0.0305593,0.0513764,0.0245003,0.0444741,0.0195489,0.0332383,0.0156351,0.0252104,0.0115092,0.0194759,0.0097044,0.0181732,0.00739627,0.0129177,0.00675768,0.0109975,0.00602275,0.00908387,0.0040923,0.00746554,0.00401021,0.00620479,0.00258149,0.00483191,0.00237719,0.00412428,0.0018835,0.00298134,0.001532,0.00243581,0.00125533,0.00209543,0.00109265,0.00187294,0.000863212,0.00133747,0.000752932,0.00109594,0.000525231,0.000830913,0.000464908,0.000820954,0.000405753,0.000701868,0.000295487,0.000508881,0.000241617,0.000420848,0.000244216,0.000319083,0.000172061,0.00027013,0.000153086,0.00022319,0.000128356,0.000205888,0.000102243,0.000132037,7.13765e-05,0.000124605,6.84647e-05,9.11982e-05,5.30403e-05,7.08365e-05,4.21455e-05,
22800,0.553184,0.491261,0.430834,0.503359,0.529565,0.496878,0.506246,0.477161,0.485882,0.501792,0.505515,0.503081,0.52145,0.464793,0.440603,0.508085,0.516164,0.452521,0.476715,0.386287,0.445319,0.381328,0.443846,0.305072,0.411548,0.235982,0.267991,0.178568,0.248047,0.128608,0.182816,0.0664497,0.113562,0.042402,0.0804168,0.0305593,0.0513764,0.0245003,0.0416314,0.0195489,0.0359111,0.0156351,0.0252104,0.0108936,0.0194759,0.0097044,0.0169504,0.00739627,0.0129177,0.00675768,0.0100579,0.00602275,0.00908387,0.0040923,0.00746554,0.00353492,0.00620479,0.00238853,0.00483191,0.00237719,0.00412428,0.0018835,0.00279363,0.00161193,0.00243581,0.00136517,0.00209543,0.00109265,0.00187294,0.000917293,0.00133747,0.000752932,0.00102923,0.000525231,0.000878394,0.000464908,0.000777746,0.000378703,0.000653167,0.00031229,0.000555048,0.000241617,0.000398287,0.000244216,0.000347379,0.000172061,0.00027013,0.000153086,0.000237354,0.000128356,0.000173861,0.000102243,0.000132037,7.86514e-05,0.000124605,6.46094e-05,9.89669e-05,5.30403e-05,7.08365e-05,3.9552e-05,
23000,0.553184,0.491261,0.483245,0.503359,0.529565,0.467065,0.506246,0.477161,0.485882,0.501792,0.505515,0.503081,0.52145,0.412504,0.440603,0.462162,0.516164,0.452521,0.508496,0.40694,0.445319,0.381328,0.443846,0.305072,0.411548,0.235982,0.267991,0.178568,0.233675,0.12197,0.173324,0.0604969,0.113562,0.042402,0.0698086,0.0305593,0.0513764,0.0245003,0.0416314,0.0195489,0.0359111,0.0164826,0.0252104,0.0108936,0.0194759,0.0105535,0.0169504,0.00739627,0.0129177,0.00675768,0.00931678,0.00602275,0.00908387,0.0040923,0.00826078,0.00386878,0.00620479,0.00226525,0.00483191,0.00237719,0.00412428,0.0018835,0.00279363,0.00161193,0.00243581,0.00127895,0.00209543,0.00109265,0.00187294,0.000963158,0.00133747,0.000702191,0.0010834,0.000525231,0.000973554,0.000464908,0.000777746,0.000350396,0.000653167,0.000296503,0.000555048,0.000241617,0.000430315,0.000204383,0.000347379,0.000157222,0.00027013,0.000153086,0.000237354,0.000128356,0.000173861,0.000102243,0.000132037,7.86514e-05,0.000116298,6.05288e-05,9.89669e-05,5.30403e-05,7.08365e-05,3.9552e-05,
23200,0.553184,0.533369,0.523436,0.536916,0.529565,0.467065,0.506246,0.525892,0.485882,0.501792,0.505515,0.503081,0.589414,0.412504,0.48161,0.462162,0.516164,0.452521,0.542395,0.40694,0.445319,0.381328,0.412777,0.305072,0.411548,0.235982,0.267991,0.16729,0.233675,0.12197,0.182446,0.0668347,0.113562,0.0398246,0.0698086,0.0329252,0.0575637,0.0267443,0.0416314,0.0195489,0.0359111,0.0164826,0.0280916,0.0117267,0.0205172,0.0105535,0.0169504,0.00810374,0.0129177,0.00675768,0.00999595,0.00602275,0.00831892,0.0040923,0.00747912,0.00386878,0.00579933,0.00241627,0.00483191,0.0022365,0.00412428,0.00204109,0.00279363,0.00161193,0.00243581,0.00137713,0.00209543,0.00109265,0.00187294,0.00101793,0.00133747,0.000702191,0.0010834,0.000525231,0.000973554,0.000464908,0.000777746,0.000350396,0.000594515,0.000313363,0.000555048,0.000241617,0.000397934,0.000220073,0.000368413,0.000157222,0.00027013,0.000139308,0.000237354,0.000121575,0.000188408,0.000102243,0.000132037,7.86514e-05,0.000116298,5.57112e-05,0.000104534,5.02863e-05,7.08365e-05,3.9552e-05,
23400,0.483896,0.533369,0.47704,0.536916,0.529565,0.467065,0.506246,0.525892,0.485882,0.533588,0.505515,0.503081,0.521542,0.450895,0.507879,0.462162,0.516164,0.452521,0.503507,0.40694,0.445319,0.381328,0.412777,0.305072,0.411548,0.254769,0.293302,0.16729,0.233675,0.107001,0.182446,0.0668347,0.106728,0.0424796,0.0698086,0.0329252,0.0533887,0.0267443,0.0416314,0.0209154,0.0359111,0.0164826,0.0280916,0.0126306,0.0205172,0.0105535,0.0169504,0.0072498,0.0139565,0.00716445,0.00999595,0.00602275,0.00778113,0.0040923,0.00699038,0.00428301,0.00629834,0.00241627,0.00483191,0.0022365,0.00373227,0.00190915,0.00279363,0.00161193,0.00243581,0.00137713,0.00209543,0.00102934,0.00187294,0.00101793,0.00133747,0.000749004,0.0010834,0.000525231,0.000973554,0.000464908,0.000715526,0.000350396,0.000594515,0.000313363,0.000520488,0.000271433,0.000352562,0.000220073,0.000368413,0.000157222,0.00027013,0.000132158,0.000210162,0.000121575,0.000198006,0.000102243,0.000132037,7.86514e-05,0.000116298,6.05859e-05,0.000114183,5.28698e-05,7.645e-05,4.40121e-05,
23600,0.447978,0.533369,0.516956,0.536916,0.529565,0.508784,0.506246,0.525892,0.485882,0.533588,0.505515,0.503081,0.521542,0.480955,0.507879,0.494561,0.516164,0.50355,0.503507,0.40694,0.445319,0.400754,0.412777,0.305072,0.376163,0.24162,0.293302,0.15447,0.221886,0.0969021,0.162447,0.0668347,0.106728,0.040314,0.0698086,0.0352334,0.0567768,0.0267443,0.0416314,0.0209154,0.0359111,0.0164826,0.0297926,0.0126306,0.021543,0.0105535,0.0169504,0.0072498,0.0129969,0.00716445,0.0108273,0.00602275,0.00778113,0.0040923,0.00699038,0.00428301,0.00669541,0.00241627,0.00483191,0.0022365,0.00373227,0.00190915,0.00279363,0.00161193,0.00271049,0.00137713,0.00209543,0.00102934,0.00187294,0.00101793,0.00133747,0.000704063,0.0010834,0.000525231,0.000973554,0.000464908,0.000715526,0.000350396,0.000594515,0.000345023,0.000520488,0.000271433,0.000374867,0.000220073,0.000329633,0.000157222,0.00027013,0.000132158,0.000229228,0.000121575,0.000198006,0.000102243,0.000140839,7.86514e-05,0.000116298,6.05859e-05,0.000114183,5.28698e-05,8.12943e-05,4.40121e-05,
23800,0.485915,0.533369,0.516956,0.536916,0.49426,0.508784,0.506246,0.562759,0.485882,0.533588,0.505515,0.503081,0.521542,0.455862,0.507879,0.494561,0.516164,0.50355,0.453156,0.40694,0.445319,0.400754,0.412777,0.332529,0.376163,0.24162,0.293302,0.15447,0.221886,0.0969021,0.154166,0.0628792,0.106728,0.0366702,0.0698086,0.0352334,0.0567768,0.0234331,0.044815,0.0209154,0.0301008,0.0152056,0.026061,0.0116802,0.021543,0.0112571,0.0169504,0.00823468,0.0129969,0.00716445,0.0108273,0.00602275,0.00778113,0.0040923,0.00699038,0.00428301,0.00669541,0.00241627,0.00483191,0.00207863,0.00373227,0.00190915,0.00279363,0.00161193,0.00271049,0.00146894,0.00209543,0.00110129,0.0017197,0.000961374,0.00140434,0.000704063,0.00114882,0.000525231,0.000973554,0.000427358,0.000765765,0.000378163,0.000594515,0.000313715,0.000520488,0.000242997,0.000374867,0.000208591,0.000329633,0.000157222,0.00027013,0.000141896,0.000229228,0.000121575,0.000198006,0.000102243,0.000140839,8.44298e-05,0.000116298,6.05859e-05,0.000114183,4.96976e-05,7.22616e-05,4.40121e-05,
24000,0.442723,0.533369,0.516956,0.570884,0.52553,0.508784,0.506246,0.52371,0.485882,0.533588,0.545956,0.503081,0.521542,0.455862,0.507879,0.494561,0.516164,0.466928,0.453156,0.40694,0.445319,0.353117,0.4388,0.332529,0.394971,0.24162,0.309484,0.15447,0.221886,0.0969021,0.154166,0.0660537,0.114248,0.043153,0.0733649,0.0352334,0.0625753,0.0246269,0.044815,0.0209154,0.0301008,0.0162193,0.026061,0.0116802,0.021543,0.0118633,0.0158669,0.00777098,0.0129969,0.00716445,0.0108273,0.00602275,0.00835123,0.0040923,0.00699038,0.00401334,0.00669541,0.00271542,0.00483191,0.00207863,0.00373227,0.00208683,0.00279363,0.00161193,0.00271049,0.001382,0.00209543,0.00110129,0.00180858,0.000961374,0.00153739,0.000704063,0.00114882,0.000525231,0.000973554,0.000473828,0.000765765,0.000378163,0.000594515,0.000313715,0.000520488,0.000242997,0.000335408,0.000208591,0.000351608,0.000173586,0.00027013,0.000141896,0.000229228,0.000128165,0.000198006,8.85332e-05,0.000147881,9.28728e-05,0.000122516,6.05859e-05,0.000107425,5.34981e-05,7.94878e-05,4.40121e-05,
24200,0.518037,0.533369,0.559704,0.537582,0.52553,0.508784,0.506246,0.482027,0.485882,0.533588,0.510405,0.503081,0.521542,0.455862,0.507879,0.494561,0.516164,0.466928,0.453156,0.40694,0.445319,0.353117,0.4388,0.332529,0.394971,0.24162,0.309484,0.15447,0.235967,0.0969021,0.161949,0.0660537,0.12031,0.0392607,0.0771927,0.0333412,0.0625753,0.0246269,0.0488807,0.0209154,0.0301008,0.0162193,0.0281459,0.0116802,0.021543,0.0106769,0.0169793,0.00777098,0.0129969,0.00716445,0.0108273,0.00602275,0.00835123,0.00377014,0.00699038,0.00401334,0.00669541,0.00271542,0.00483191,0.00207863,0.00373227,0.00196275,0.00279363,0.00161193,0.00271049,0.001382,0.00193775,0.00110129,0.00180858,0.000961374,0.00153739,0.000704063,0.00114882,0.000525231,0.000973554,0.000473828,0.000829453,0.000399554,0.000594515,0.000347305,0.000491069,0.000242997,0.000363303,0.00022039,0.000351608,0.000173586,0.00027013,0.000141896,0.000229228,0.000114644,0.000198006,9.30434e-05,0.000139129,8.35855e-05,0.000122516,6.05859e-05,0.000117602,5.34981e-05,7.27195e-05,4.40121e-05,
24400,0.518037,0.533369,0.523929,0.465557,0.486807,0.508784,0.463615,0.482027,0.485882,0.533588,0.510405,0.529083,0.521542,0.455862,0.507879,0.494561,0.516164,0.390769,0.453156,0.40694,0.488923,0.353117,0.4388,0.332529,0.394971,0.24162,0.309484,0.163207,0.235967,0.104372,0.161949,0.0660537,0.12031,0.0421452,0.0771927,0.0352371,0.057753,0.0222995,0.0488807,0.0197535,0.0301008,0.0177164,0.0281459,0.0116802,0.021543,0.0106769,0.0169793,0.00777098,0.0129969,0.00652588,0.0108273,0.00548193,0.00835123,0.00402148,0.0077998,0.0035929,0.00609561,0.0024961,0.00483191,0.00207863,0.00373227,0.00196275,0.0031129,0.00169474,0.00271049,0.001382,0.00193775,0.00110129,0.00180858,0.000839937,0.00165978,0.000704063,0.00114882,0.000525231,0.000973554,0.000527201,0.000829453,0.00036759,0.000594515,0.000347305,0.000491069,0.000242997,0.000401545,0.00022039,0.000351608,0.000173586,0.00027013,0.000133787,0.000242885,0.000114644,0.000198006,9.30434e-05,0.000139129,9.17699e-05,0.000115833,6.05859e-05,0.000110525,4.53811e-05,7.27195e-05,3.96109e-05,
24600,0.518037,0.533369,0.558858,0.49006,0.486807,0.508784,0.493078,0.482027,0.485882,0.533588,0.466798,0.529083,0.521542,0.484748,0.507879,0.494561,0.459769,0.390769,0.453156,0.370669,0.488923,0.391846,0.4388,0.332529,0.394971,0.227963,0.309484,0.152657,0.261344,0.0983758,0.149928,0.059769,0.112448,0.0466577,0.0672887,0.0352371,0.0625028,0.0254646,0.0488807,0.0197535,0.034037,0.0164984,0.0281459,0.0116802,0.021543,0.00991722,0.0180497,0.00777098,0.0129969,0.00696094,0.0108273,0.00548193,0.00835123,0.00402148,0.0077998,0.00328493,0.00609561,0.0024961,0.00483191,0.00207863,0.00373227,0.00196275,0.0031129,0.00159708,0.00271049,0.001382,0.00182397,0.00117875,0.00180858,0.000839937,0.00141244,0.000784528,0.00114882,0.000525231,0.000973554,0.000527201,0.000829453,0.00036759,0.000594515,0.000327181,0.000462859,0.000269131,0.000401545,0.000233568,0.000351608,0.000173586,0.000254372,0.000133787,0.000242885,0.000124179,0.000212596,9.30434e-05,0.000139129,9.17699e-05,0.000102563,6.42086e-05,0.000117894,4.77696e-05,8.00664e-05,3.96109e-05,
24800,0.518037,0.533369,0.48194,0.534944,0.486807,0.508784,0.446604,0.482027,0.485882,0.533588,0.466798,0.529083,0.521542,0.484748,0.507879,0.459371,0.459769,0.434277,0.453156,0.403315,0.488923,0.391846,0.410753,0.355773,0.425175,0.227963,0.309484,0.144086,0.261344,0.0983758,0.138574,0.059769,0.112448,0.0466577,0.0707666,0.0352371,0.0571454,0.0254646,0.0437764,0.0210704,0.034037,0.0164984,0.0281459,0.0116802,0.021543,0.00991722,0.0180497,0.00831419,0.0123002,0.00737995,0.0102086,0.00548193,0.00835123,0.00445714,0.0077998,0.00328493,0.00568059,0.0024961,0.00483191,0.00207863,0.00395693,0.00196275,0.0031129,0.00159708,0.00271049,0.001382,0.00182397,0.00110453,0.0019427,0.000839937,0.00141244,0.000743793,0.00114882,0.000525231,0.000973554,0.000527201,0.000759604,0.00036759,0.000594515,0.000327181,0.000462859,0.000254451,0.000401545,0.000233568,0.000351608,0.000173586,0.000254372,0.000125869,0.000242885,0.000136861,0.000197807,9.30434e-05,0.000139129,8.57215e-05,9.33751e-05,6.42086e-05,0.000123846,4.77696e-05,8.00664e-05,3.96109e-05,
25000,0.518037,0.533369,0.48194,0.534944,0.440635,0.508784,0.446604,0.482027,0.543434,0.533588,0.499428,0.529083,0.472192,0.484748,0.507879,0.459371,0.459769,0.434277,0.453156,0.45541,0.488923,0.368266,0.410753,0.355773,0.382657,0.227963,0.309484,0.144086,0.261344,0.0983758,0.138574,0.065486,0.098576,0.0466577,0.0760144,0.0382211,0.0605222,0.0270106,0.0398746,0.0168173,0.0312522,0.0164984,0.0281459,0.0116802,0.023049,0.0107147,0.0190074,0.00831419,0.0131202,0.00696005,0.0102086,0.00548193,0.00835123,0.00445714,0.00739123,0.00352281,0.00531185,0.00265283,0.00483191,0.00220246,0.00447601,0.00196275,0.0031129,0.00159708,0.00271049,0.001382,0.00182397,0.00120649,0.00180557,0.000839937,0.00141244,0.000743793,0.00114882,0.000525231,0.000973554,0.000527201,0.000810244,0.00036759,0.000594515,0.000327181,0.00048722,0.000254451,0.000401545,0.000214702,0.000375049,0.000173586,0.000254372,0.000125869,0.000242885,0.000136861,0.000197807,9.30434e-05,0.000139129,8.57215e-05,0.000109382,6.42086e-05,0.00010942,5.32916e-05,7.24561e-05,4.34519e-05,
25200,0.518037,0.533369,0.48194,0.534944,0.440635,0.508784,0.446604,0.482027,0.543434,0.533588,0.52632,0.529083,0.531837,0.484748,0.507879,0.459371,0.459769,0.434277,0.453156,0.45541,0.488923,0.391602,0.410753,0.301471,0.382657,0.202841,0.309484,0.161926,0.261344,0.0983758,0.138574,0.059282,0.098576,0.0466577,0.0676677,0.032449,0.054158,0.0270106,0.0398746,0.0168173,0.02655,0.0151205,0.0281459,0.0116802,0.0190634,0.0101584,0.0176446,0.00831419,0.0131202,0.00640609,0.0102086,0.00548193,0.00835123,0.00469364,0.00698142,0.00352281,0.00562706,0.00265283,0.00453056,0.00234243,0.00447601,0.00196275,0.00328991,0.00150256,0.00271049,0.001382,0.00182397,0.00128692,0.00180557,0.000839937,0.00141244,0.000743793,0.00114882,0.000587443,0.000973554,0.000527201,0.000810244,0.00036759,0.000648021,0.000327181,0.000458799,0.000254451,0.000401545,0.000214702,0.000375049,0.000173586,0.000280415,0.000125869,0.000242885,0.000126434,0.000197807,9.30434e-05,0.000125216,8.57215e-05,0.00011809,6.42086e-05,9.84778e-05,5.66631e-05,7.77257e-05,4.34519e-05,
25400,0.466233,0.533369,0.456104,0.478853,0.472756,0.508784,0.506468,0.482027,0.504186,0.533588,0.561409,0.529083,0.531837,0.484748,0.507879,0.459371,0.459769,0.434277,0.453156,0.45541,0.488923,0.360774,0.410753,0.3264,0.405691,0.202841,0.309484,0.161926,0.245262,0.0983758,0.146334,0.0553299,0.098576,0.0427135,0.0676677,0.032449,0.054158,0.0251931,0.0425329,0.015459,0.02655,0.0142031,0.0281459,0.0116802,0.0203343,0.0101584,0.0176446,0.00893075,0.0120655,0.00640609,0.0110295,0.00548193,0.00835123,0.00469364,0.00698142,0.00352281,0.00562706,0.00248134,0.00453056,0.00221663,0.00417437,0.00196275,0.00311909,0.00158708,0.00271049,0.001382,0.00182397,0.00128692,0.00180557,0.000881934,0.00134043,0.000692183,0.00114882,0.000587443,0.000973554,0.000527201,0.000810244,0.00036759,0.000648021,0.000327181,0.000458799,0.000254451,0.000401545,0.000197526,0.000375049,0.000173586,0.000296985,0.000132388,0.000242885,0.000117777,0.000197807,9.98792e-05,0.00013899,8.57215e-05,0.00011809,5.80935e-05,0.000106827,5.66631e-05,7.77257e-05,4.34519e-05,
25600,0.431383,0.533369,0.456104,0.478853,0.472756,0.508784,0.477373,0.482027,0.504186,0.533588,0.527284,0.476175,0.531837,0.528208,0.507879,0.459371,0.418789,0.491377,0.453156,0.382204,0.452378,0.360774,0.386792,0.3264,0.363031,0.218989,0.309484,0.161926,0.245262,0.103387,0.146334,0.0553299,0.098576,0.0427135,0.0623107,0.032449,0.054158,0.0251931,0.0392462,0.015459,0.02655,0.0142031,0.0281459,0.0116802,0.0185002,0.0101584,0.0176446,0.00893075,0.0131792,0.00572689,0.0110295,0.00589815,0.00835123,0.00469364,0.00698142,0.00352281,0.00562706,0.00282089,0.0048326,0.00245573,0.00441049,0.00212598,0.00311909,0.00158708,0.00271049,0.00125139,0.0021077,0.00128692,0.00180557,0.000958547,0.00134043,0.000692183,0.00114882,0.000587443,0.000973554,0.000490297,0.000810244,0.00036759,0.000577219,0.000327181,0.000458799,0.000254451,0.000401545,0.000197526,0.000375049,0.000173586,0.000296985,0.000132388,0.000242885,0.000125629,0.000197807,9.98792e-05,0.00013899,7.83739e-05,0.000130521,5.80935e-05,9.44576e-05,5.66631e-05,8.52363e-05,4.34519e-05,
25800,0.454447,0.504277,0.456104,0.503247,0.472756,0.550856,0.477373,0.482027,0.504186,0.472305,0.527284,0.500214,0.567293,0.528208,0.507879,0.459371,0.418789,0.491377,0.453156,0.401314,0.428889,0.360774,0.386792,0.3264,0.363031,0.238298,0.309484,0.161926,0.245262,0.103387,0.146334,0.0592148,0.118744,0.045813,0.0688697,0.032449,0.0613046,0.0237745,0.0365818,0.015459,0.02655,0.0142031,0.0257186,0.0116802,0.0185002,0.0101584,0.0176446,0.00893075,0.0141377,0.00572689,0.0110295,0.00668119,0.00876879,0.00422428,0.00698142,0.00352281,0.00562706,0.00282089,0.00447138,0.00258703,0.00441049,0.00198271,0.00311909,0.00148127,0.00271049,0.00125139,0.00194084,0.00115823,0.0015332,0.00101466,0.00126343,0.000692183,0.00114882,0.000496849,0.000973554,0.000490297,0.000737839,0.00039672,0.000577219,0.000289505,0.000497697,0.000254451,0.000401545,0.000213954,0.000375049,0.000187342,0.000296985,0.000140275,0.000242885,0.000125629,0.000197807,9.15022e-05,0.000148256,7.83739e-05,0.000130521,5.80935e-05,9.44576e-05,5.30844e-05,9.11867e-05,4.34519e-05,
26000,0.486173,0.504277,0.499926,0.503247,0.472756,0.550856,0.477373,0.482027,0.504186,0.498219,0.527284,0.540037,0.567293,0.496516,0.507879,0.459371,0.441723,0.463419,0.453156,0.445329,0.428889,0.360774,0.386792,0.3053,0.342512,0.238298,0.309484,0.161926,0.245262,0.111187,0.160968,0.0592148,0.118744,0.0414585,0.0688697,0.032449,0.0613046,0.0237745,0.0414594,0.0162726,0.0317516,0.0142031,0.0257186,0.0116802,0.0207508,0.0101584,0.0176446,0.00821279,0.0149887,0.00572689,0.0117261,0.00617214,0.0093855,0.00444131,0.00698142,0.00352281,0.00593208,0.0025843,0.00496922,0.00258703,0.00405765,0.00178444,0.00311909,0.00148127,0.00271049,0.00125139,0.00194084,0.00115823,0.0016547,0.00101466,0.00126343,0.000692183,0.00114882,0.000496849,0.00107412,0.000490297,0.000737839,0.000375414,0.000577219,0.000289505,0.000459556,0.000254451,0.000361391,0.000213954,0.000341017,0.000187342,0.000296985,0.000140275,0.000242885,0.000125629,0.000211744,0.000100326,0.000148256,7.83739e-05,0.000130521,5.80935e-05,9.44576e-05,5.30844e-05,8.54276e-05,4.34519e-05,
26200,0.486173,0.504277,0.499926,0.503247,0.472756,0.495771,0.526528,0.482027,0.531515,0.498219,0.527284,0.540037,0.567293,0.496516,0.533273,0.49612,0.469755,0.463419,0.453156,0.472136,0.428889,0.360774,0.408549,0.324675,0.371984,0.222829,0.309484,0.161926,0.223523,0.102054,0.160968,0.0592148,0.130872,0.0414585,0.0688697,0.0342845,0.0554717,0.0237745,0.0414594,0.0162726,0.029699,0.0142031,0.0257186,0.0116802,0.0207508,0.0101584,0.0176446,0.00821279,0.0149887,0.00628877,0.0117261,0.00617214,0.00880793,0.00444131,0.00698142,0.00352281,0.00593208,0.0025843,0.00460782,0.00258703,0.00369167,0.00178444,0.00311909,0.00148127,0.00271049,0.00131669,0.00204535,0.00115823,0.0016547,0.00101466,0.00133527,0.000644154,0.00120734,0.000496849,0.000983317,0.000490297,0.00080811,0.000375414,0.000577219,0.000289505,0.000496926,0.000254451,0.000361391,0.000228931,0.000341017,0.000187342,0.000296985,0.000150552,0.000242885,0.000117694,0.000211744,0.000100326,0.000148256,8.35988e-05,0.000130521,5.80935e-05,9.44576e-05,5.30844e-05,7.97324e-05,4.34519e-05,
26400,0.452885,0.504277,0.499926,0.503247,0.472756,0.495771,0.526528,0.482027,0.574037,0.498219,0.527284,0.599267,0.518989,0.496516,0.533273,0.465964,0.469755,0.463419,0.453156,0.444193,0.428889,0.360774,0.408549,0.348752,0.371984,0.222829,0.309484,0.161926,0.223523,0.0966621,0.151769,0.0592148,0.130872,0.0440814,0.0688697,0.0324465,0.0554717,0.0237745,0.0414594,0.0149623,0.032184,0.0142031,0.0257186,0.0116802,0.0182688,0.00934983,0.0176446,0.00821279,0.0149887,0.00628877,0.0117261,0.00617214,0.00814196,0.00482522,0.00698142,0.00322285,0.00593208,0.0025843,0.00460782,0.00258703,0.00369167,0.00178444,0.00311909,0.00148127,0.00271049,0.00131669,0.0019357,0.00105927,0.0016547,0.000953093,0.00133527,0.000644154,0.00120734,0.000528229,0.000899589,0.000490297,0.00080811,0.000414071,0.000577219,0.000289505,0.000444774,0.000254451,0.000396113,0.00019903,0.000341017,0.000187342,0.000296985,0.000150552,0.000242885,0.000117694,0.000195382,0.000100326,0.000148256,7.57086e-05,0.000130521,6.32574e-05,9.44576e-05,5.30844e-05,7.97324e-05,4.34519e-05,
26600,0.481667,0.504277,0.499926,0.536797,0.504273,0.463374,0.526528,0.482027,0.541712,0.498219,0.527284,0.527111,0.518989,0.534789,0.568825,0.49534,0.469755,0.463419,0.453156,0.444193,0.428889,0.338274,0.408549,0.348752,0.371984,0.234455,0.309484,0.161926,0.223523,0.0880028,0.139822,0.0592148,0.12232,0.0492465,0.0688697,0.0324465,0.0554717,0.0250456,0.0414594,0.0165298,0.032184,0.0156096,0.0242085,0.0116802,0.0182688,0.0103458,0.0176446,0.00770738,0.0149887,0.00628877,0.0111209,0.00564145,0.00860252,0.00482522,0.00645609,0.0037958,0.0062694,0.00282691,0.00460782,0.00242167,0.00369167,0.00178444,0.00291317,0.00148127,0.00271049,0.00144971,0.0019357,0.00115931,0.0016547,0.00103284,0.00133527,0.000607745,0.00110982,0.000528229,0.000899589,0.000490297,0.00080811,0.000442942,0.000577219,0.000289505,0.000507213,0.000254451,0.000396113,0.00019903,0.000341017,0.000187342,0.000278464,0.000150552,0.000223876,0.000117694,0.000195382,9.20532e-05,0.000148256,8.14981e-05,0.000130521,6.32574e-05,0.000105546,4.9742e-05,7.97324e-05,4.11958e-05,
26800,0.481667,0.540951,0.550433,0.536797,0.504273,0.463374,0.49249,0.482027,0.541712,0.498219,0.493387,0.492576,0.518989,0.48131,0.539826,0.49534,0.469755,0.506924,0.453156,0.444193,0.428889,0.364463,0.408549,0.367257,0.371984,0.234455,0.309484,0.161926,0.223523,0.0880028,0.160159,0.0500036,0.12232,0.0492465,0.0688697,0.0301342,0.0518857,0.0250456,0.0414594,0.0174829,0.032184,0.0156096,0.0242085,0.0116802,0.0173259,0.0103458,0.0176446,0.00770738,0.0149887,0.00628877,0.0111209,0.00513732,0.00860252,0.00482522,0.00679588,0.0037958,0.00561202,0.00261707,0.00460782,0.00242167,0.00369167,0.00188053,0.00313594,0.00148127,0.00254369,0.00144971,0.00205855,0.00115931,0.00177007,0.00109413,0.00133527,0.000698907,0.00110982,0.000528229,0.000844908,0.000490297,0.00080811,0.000412128,0.000607847,0.000289505,0.000507213,0.000284985,0.000396113,0.000216559,0.000341017,0.000173436,0.000278464,0.000150552,0.000223876,0.000117694,0.000195382,9.20532e-05,0.000163954,8.14981e-05,0.000120079,6.32574e-05,0.000105546,4.6105e-05,7.97324e-05,4.11958e-05,
27000,0.481667,0.540951,0.550433,0.536797,0.536176,0.512437,0.53345,0.482027,0.541712,0.498219,0.546449,0.492576,0.45671,0.48131,0.539826,0.49534,0.445807,0.456231,0.514905,0.418112,0.428889,0.364463,0.408549,0.339996,0.371984,0.216462,0.309484,0.161926,0.223523,0.0880028,0.160159,0.0500036,0.112104,0.0436441,0.0688697,0.0301342,0.0518857,0.0250456,0.0373134,0.0188305,0.0305129,0.0156096,0.0229744,0.0116802,0.0186026,0.0103458,0.0166222,0.00822121,0.0141143,0.00628877,0.0111209,0.00549552,0.00933102,0.0043698,0.00679588,0.0037958,0.00612115,0.00261707,0.0050982,0.00242167,0.00369167,0.00188053,0.00313594,0.00148127,0.00254369,0.00144971,0.00205855,0.00102508,0.00177007,0.0010085,0.00144157,0.000740697,0.00110982,0.000563445,0.000903892,0.000451699,0.00080811,0.000388991,0.000607847,0.000308806,0.000507213,0.000262187,0.000396113,0.000216559,0.000341017,0.000173436,0.000278464,0.000150552,0.000223876,0.000107035,0.000195382,9.20532e-05,0.000151616,8.14981e-05,0.000120079,6.64938e-05,0.000105546,4.6105e-05,8.42662e-05,4.11958e-05,
27200,0.481667,0.540951,0.550433,0.536797,0.536176,0.512437,0.49476,0.482027,0.541712,0.498219,0.546449,0.492576,0.45671,0.439349,0.539826,0.49534,0.499818,0.456231,0.514905,0.418112,0.428889,0.398106,0.408549,0.339996,0.39559,0.230893,0.309484,0.161926,0.223523,0.0880028,0.160159,0.0533372,0.112104,0.0436441,0.0688697,0.0301342,0.0518857,0.0250456,0.039801,0.0176,0.0305129,0.0147442,0.0260517,0.0116802,0.0186026,0.00942367,0.0166222,0.00822121,0.0133577,0.00660626,0.0103659,0.00521773,0.00874351,0.00502527,0.00679588,0.0041324,0.00612115,0.00277298,0.0050982,0.00266149,0.00395956,0.00176813,0.00313594,0.00148127,0.00254369,0.00144971,0.00205855,0.00102508,0.00177007,0.0010085,0.00144157,0.000740697,0.00104061,0.000563445,0.000826416,0.000423171,0.00080811,0.000388991,0.000607847,0.000308806,0.000537185,0.000247673,0.000396113,0.000216559,0.000341017,0.000173436,0.000262328,0.000150552,0.000223876,0.000107035,0.000174793,9.87636e-05,0.000142401,8.14981e-05,0.000128473,6.64938e-05,0.000105546,5.10415e-05,7.70434e-05,3.51248e-05,
27400,0.481667,0.540951,0.550433,0.536797,0.476731,0.512437,0.49476,0.427067,0.541712,0.498219,0.507567,0.492576,0.421188,0.475296,0.483321,0.49534,0.461968,0.456231,0.514905,0.418112,0.428889,0.398106,0.408549,0.320568,0.39559,0.230893,0.284487,0.161926,0.223523,0.10145,0.171355,0.0533372,0.112104,0.0410255,0.0688697,0.0341877,0.0518857,0.0265532,0.039801,0.0176,0.0305129,0.0147442,0.0260517,0.0107368,0.0208864,0.00942367,0.0166222,0.00822121,0.0119558,0.00660626,0.0103659,0.00486248,0.00874351,0.00430426,0.00679588,0.0041324,0.00562033,0.00295785,0.0050982,0.00239534,0.00395956,0.00190442,0.00313594,0.00148127,0.00254369,0.00144971,0.00218246,0.00102508,0.00177007,0.0010085,0.001268,0.000740697,0.00104061,0.000563445,0.000875249,0.000423171,0.00080811,0.000388991,0.000607847,0.00033339,0.000537185,0.000247673,0.000369458,0.000228668,0.000341017,0.000173436,0.000262328,0.000150552,0.000223876,0.000107035,0.000174793,9.87636e-05,0.000153737,8.14981e-05,0.000119641,6.24019e-05,0.000105546,4.75467e-05,7.70434e-05,3.51248e-05,
27600,0.429199,0.480709,0.550433,0.536797,0.476731,0.553643,0.49476,0.427067,0.541712,0.498219,0.533424,0.492576,0.446541,0.475296,0.533443,0.445806,0.461968,0.498693,0.514905,0.452153,0.428889,0.398106,0.408549,0.320568,0.39559,0.244206,0.302566,0.174462,0.207618,0.107157,0.18167,0.0482784,0.102783,0.0410255,0.0727205,0.0341877,0.0518857,0.0265532,0.039801,0.0176,0.0326404,0.0147442,0.0260517,0.0107368,0.0208864,0.00942367,0.0181693,0.00822121,0.0130685,0.00660626,0.0110915,0.00534873,0.00874351,0.00451947,0.00679588,0.0041324,0.00562033,0.00295785,0.0050982,0.00239534,0.00429087,0.00190442,0.00329638,0.00156703,0.00267328,0.00144971,0.00218246,0.00102508,0.00187553,0.0010085,0.00137538,0.000740697,0.00104061,0.000563445,0.000979185,0.000423171,0.00080811,0.000388991,0.000659322,0.00033339,0.000537185,0.000247673,0.000369458,0.000210951,0.000341017,0.000173436,0.000262328,0.000161645,0.000223876,0.000107035,0.000174793,8.73278e-05,0.000153737,8.14981e-05,0.000119641,6.24019e-05,0.000105546,4.75467e-05,7.70434e-05,3.51248e-05,
27800,0.429199,0.480709,0.550433,0.536797,0.476731,0.584785,0.465899,0.458276,0.500439,0.471997,0.471092,0.492576,0.446541,0.475296,0.533443,0.445806,0.557342,0.465136,0.514905,0.483804,0.428889,0.428793,0.456941,0.359565,0.39559,0.257355,0.302566,0.174462,0.207618,0.0958889,0.169558,0.0482784,0.102783,0.0410255,0.0778109,0.0341877,0.0563929,0.0240293,0.039801,0.0176,0.0326404,0.0147442,0.0260517,0.0107368,0.0227973,0.00942367,0.0196558,0.00822121,0.0130685,0.00660626,0.0102183,0.00534873,0.00874351,0.00406752,0.00679588,0.0041324,0.0059753,0.00318321,0.0050982,0.00239534,0.00429087,0.00190442,0.00364933,0.00177493,0.00267328,0.00144971,0.00218246,0.00109664,0.00187553,0.0010085,0.00137538,0.000740697,0.00104061,0.000563445,0.000979185,0.000451382,0.00080811,0.000388991,0.000659322,0.00033339,0.000537185,0.000264942,0.000389212,0.000210951,0.000341017,0.000173436,0.000262328,0.000161645,0.000243191,0.000112715,0.000174793,8.73278e-05,0.000153737,7.5571e-05,0.000106285,6.6562e-05,0.000105546,5.02362e-05,7.18513e-05,3.29133e-05,
28000,0.429199,0.480709,0.590465,0.506975,0.476731,0.526307,0.494029,0.514829,0.538435,0.471997,0.471092,0.492576,0.471042,0.475296,0.533443,0.482883,0.527898,0.465136,0.514905,0.483804,0.428889,0.428793,0.425919,0.359565,0.39559,0.240393,0.302566,0.174462,0.207618,0.0958889,0.159523,0.0529169,0.108989,0.0410255,0.0848847,0.0341877,0.0617189,0.0263278,0.039801,0.0176,0.0326404,0.0147442,0.0260517,0.0107368,0.0227973,0.010366,0.0182799,0.00822121,0.0130685,0.00611949,0.0102183,0.00534873,0.00874351,0.00406752,0.0072938,0.0041324,0.0059753,0.00318321,0.0050982,0.00224974,0.00429087,0.00180381,0.00364933,0.00177493,0.00267328,0.00144971,0.00206546,0.00116265,0.00170567,0.0010085,0.00137538,0.000691797,0.00104061,0.000563445,0.000913197,0.000451382,0.000853821,0.000417492,0.000659322,0.00033339,0.000537185,0.000264942,0.000420349,0.000210951,0.000341017,0.000156093,0.000247258,0.000161645,0.000216661,0.000112715,0.000165101,9.40318e-05,0.000153737,7.15935e-05,0.000111968,6.6562e-05,0.000105546,4.74961e-05,7.18513e-05,3.46144e-05,
28200,0.429199,0.480709,0.590465,0.547533,0.476731,0.568628,0.494029,0.514829,0.538435,0.471997,0.471092,0.448147,0.502445,0.519916,0.533443,0.482883,0.527898,0.465136,0.514905,0.483804,0.428889,0.403297,0.425919,0.359565,0.341143,0.240393,0.302566,0.174462,0.207618,0.0958889,0.170158,0.0529169,0.108989,0.0410255,0.0848847,0.0341877,0.0617189,0.0263278,0.039801,0.016192,0.0326404,0.0160611,0.0279508,0.0120298,0.0227973,0.010366,0.0193767,0.00887891,0.0130685,0.00568752,0.0102183,0.00563024,0.00874351,0.00406752,0.0072938,0.00386943,0.0059753,0.00318321,0.00542074,0.00224974,0.00429087,0.0018957,0.00332163,0.00158004,0.00267328,0.00132763,0.00206546,0.00116265,0.00170567,0.0010085,0.00137538,0.00073023,0.00104061,0.000563445,0.000913197,0.000451382,0.000808049,0.000417492,0.000659322,0.00033339,0.000537185,0.000264942,0.000389778,0.000210951,0.000341017,0.000156093,0.000247258,0.00015112,0.000216661,0.000124358,0.000165101,9.40318e-05,0.000153737,7.15935e-05,0.000120882,6.09351e-05,0.000105546,4.74961e-05,7.18513e-05,3.6922e-05,
28400,0.429199,0.480709,0.54813,0.547533,0.476731,0.511766,0.494029,0.514829,0.572499,0.471997,0.520972,0.448147,0.472209,0.519916,0.533443,0.451666,0.527898,0.465136,0.468462,0.483804,0.428889,0.403297,0.425919,0.359565,0.341143,0.240393,0.302566,0.162517,0.207618,0.0958889,0.157272,0.056081,0.108989,0.0410255,0.0848847,0.0302175,0.0617189,0.0245896,0.0422295,0.016192,0.0326404,0.0160611,0.0279508,0.0120298,0.0227973,0.010366,0.0193767,0.00887891,0.0130685,0.00619744,0.0111864,0.00563024,0.00874351,0.00429995,0.0072938,0.00386943,0.0059753,0.00300396,0.00512506,0.00224974,0.00429087,0.00204593,0.00332163,0.00158004,0.00284148,0.00141614,0.00220965,0.00116265,0.00170567,0.0010085,0.00148541,0.00073023,0.00104061,0.000563445,0.000913197,0.000451382,0.000808049,0.000442771,0.000659322,0.000360199,0.000537185,0.000264942,0.000423062,0.000210951,0.000341017,0.000182629,0.000271469,0.00015112,0.000216661,0.000124358,0.000177231,9.40318e-05,0.000153737,7.15935e-05,0.000120882,6.09351e-05,9.74122e-05,5.24023e-05,7.18513e-05,3.6922e-05,
28600,0.456353,0.512756,0.54813,0.547533,0.476731,0.479543,0.494029,0.547591,0.542254,0.471997,0.520972,0.486142,0.472209,0.519916,0.572425,0.420614,0.449564,0.465136,0.432167,0.454449,0.428889,0.403297,0.425919,0.359565,0.341143,0.240393,0.321522,0.185853,0.228157,0.0958889,0.179076,0.056081,0.11896,0.0410255,0.0848847,0.0302175,0.0617189,0.0245896,0.0446183,0.016192,0.0305421,0.0160611,0.0260874,0.0120298,0.0202984,0.010366,0.0193767,0.00799102,0.0130685,0.00568215,0.0111864,0.00594694,0.00874351,0.00429995,0.0072938,0.00386943,0.0059753,0.0027336,0.00544754,0.00224974,0.00429087,0.00204593,0.00332163,0.00158004,0.0025438,0.00141614,0.00220965,0.00101513,0.00170567,0.0010085,0.00137363,0.00073023,0.00104061,0.00059189,0.00101894,0.000451382,0.000808049,0.000442771,0.000659322,0.000360199,0.000578263,0.000264942,0.000423062,0.000195506,0.000341017,0.000182629,0.000252307,0.00015112,0.000216661,0.000124358,0.000189047,9.40318e-05,0.000144769,7.15935e-05,0.000120882,6.45912e-05,9.74122e-05,5.24023e-05,7.18513e-05,4.05446e-05,
28800,0.493049,0.512756,0.54813,0.547533,0.518144,0.479543,0.494029,0.547591,0.542254,0.471997,0.520972,0.486142,0.472209,0.519916,0.539257,0.475792,0.449564,0.465136,0.407831,0.425402,0.428889,0.382737,0.394536,0.359565,0.341143,0.260637,0.30315,0.185853,0.228157,0.0958889,0.160299,0.0594343,0.11896,0.0410255,0.0848847,0.0340345,0.0585725,0.0245896,0.0446183,0.0186609,0.0305421,0.0171318,0.0260874,0.0120298,0.0202984,0.010366,0.0175369,0.00799102,0.0111293,0.00630878,0.0111864,0.00594694,0.00808138,0.00429995,0.0072938,0.00362505,0.00567325,0.0027336,0.00544754,0.00224974,0.00429087,0.00204593,0.00332163,0.00158004,0.0025438,0.00155623,0.00220965,0.00101513,0.00170567,0.0010085,0.00137363,0.000690399,0.00104061,0.00059189,0.00109401,0.000425589,0.000744811,0.000418993,0.000623359,0.000340228,0.000514152,0.000243354,0.000423062,0.00020854,0.000341017,0.000182629,0.000277797,0.00015112,0.000216661,0.000124358,0.000189047,8.80215e-05,0.000134962,7.15935e-05,0.000129789,6.45912e-05,9.74122e-05,5.24023e-05,7.18513e-05,4.05446e-05,
29000,0.493049,0.512756,0.54813,0.547533,0.544924,0.479543,0.462923,0.547591,0.462451,0.505137,0.520972,0.486142,0.472209,0.519916,0.500887,0.475792,0.449564,0.519548,0.407831,0.461225,0.457481,0.432622,0.394536,0.409451,0.341143,0.282314,0.30315,0.185853,0.228157,0.102282,0.147912,0.0594343,0.107665,0.0410255,0.0736282,0.0340345,0.0585725,0.0259947,0.0446183,0.0186609,0.0337095,0.0171318,0.0260874,0.0108888,0.0202984,0.010366,0.016193,0.00799102,0.0111293,0.00674978,0.0111864,0.00554204,0.00808138,0.00458661,0.00644419,0.0038778,0.00567325,0.0027336,0.00487634,0.00224974,0.00429087,0.00214946,0.00332163,0.0014815,0.00241412,0.00155623,0.00220965,0.00101513,0.00170567,0.000921532,0.00124366,0.000690399,0.00110998,0.00059189,0.00100086,0.000449663,0.000685846,0.000418993,0.000586466,0.000359574,0.000514152,0.000243354,0.000423062,0.000197909,0.000341017,0.000182629,0.000277797,0.00015112,0.000216661,0.00010663,0.000189047,8.80215e-05,0.000147929,7.15935e-05,0.000123241,5.77692e-05,9.74122e-05,5.24023e-05,7.18513e-05,4.05446e-05,
29200,0.493049,0.548599,0.586348,0.547533,0.511801,0.509882,0.428321,0.506386,0.462451,0.505137,0.573556,0.486142,0.50369,0.519916,0.500887,0.448459,0.449564,0.519548,0.458602,0.487452,0.432116,0.400284,0.394536,0.357953,0.341143,0.282314,0.279571,0.170646,0.228157,0.102282,0.147912,0.0594343,0.107665,0.044565,0.0686152,0.0340345,0.0585725,0.0274038,0.0446183,0.0186609,0.0337095,0.0171318,0.0260874,0.0108888,0.0188027,0.010366,0.016193,0.00799102,0.0111293,0.00674978,0.0111864,0.00520578,0.00884004,0.00408299,0.00644419,0.0038778,0.00567325,0.0027336,0.0054141,0.00237553,0.00429087,0.00214946,0.00332163,0.0014815,0.00260543,0.00155623,0.00220965,0.00101513,0.00170567,0.000921532,0.00124366,0.000652044,0.00110998,0.00059189,0.00100086,0.00047655,0.000685846,0.000418993,0.000586466,0.000316425,0.000514152,0.000230285,0.000466625,0.000197909,0.000341017,0.000167947,0.000277797,0.00015112,0.000216661,0.00010663,0.000189047,9.33028e-05,0.000147929,6.79437e-05,0.000123241,5.77692e-05,9.74122e-05,5.24023e-05,8.28001e-05,4.05446e-05,
29400,0.493049,0.518676,0.586348,0.547533,0.511801,0.509882,0.468184,0.506386,0.50476,0.505137,0.573556,0.486142,0.50369,0.492106,0.464263,0.48115,0.449564,0.475973,0.405793,0.487452,0.432116,0.400284,0.424823,0.357953,0.341143,0.282314,0.279571,0.184054,0.205341,0.102282,0.131612,0.0594343,0.11593,0.044565,0.060647,0.0340345,0.0585725,0.0274038,0.0446183,0.0173437,0.0337095,0.0160651,0.0274716,0.0108888,0.0188027,0.010366,0.016193,0.00799102,0.0111293,0.00674978,0.0111864,0.00557129,0.00836614,0.00385307,0.00644419,0.0038778,0.00567325,0.0027336,0.0054141,0.0025339,0.00457693,0.00214946,0.00332163,0.0014815,0.00260543,0.00164426,0.00220965,0.00101513,0.00159929,0.000921532,0.00124366,0.000722376,0.00110998,0.00059189,0.00100086,0.000451954,0.000760146,0.000369036,0.000586466,0.000316425,0.000514152,0.000246481,0.000466625,0.000209653,0.000322109,0.000167947,0.000277797,0.00015112,0.000216661,0.00010663,0.000177276,9.33028e-05,0.000147929,6.79437e-05,0.00013515,5.77692e-05,9.74122e-05,5.24023e-05,8.28001e-05,4.05446e-05,
29600,0.465285,0.518676,0.586348,0.517174,0.4789,0.480871,0.468184,0.506386,0.57167,0.505137,0.542809,0.510686,0.50369,0.517782,0.464263,0.48115,0.449564,0.433042,0.405793,0.431873,0.409373,0.365974,0.424823,0.338428,0.313991,0.282314,0.260933,0.205366,0.217475,0.108491,0.131612,0.0670511,0.11593,0.044565,0.0638112,0.0340345,0.0585725,0.025909,0.0446183,0.0173437,0.0337095,0.0160651,0.0274716,0.0108888,0.0188027,0.010366,0.016193,0.00799102,0.0128533,0.00674978,0.0111864,0.00557129,0.00836614,0.00424198,0.00644419,0.0038778,0.00567325,0.0027336,0.004645,0.0025339,0.00421264,0.00187129,0.00313746,0.0014815,0.00260543,0.00164426,0.00244114,0.00101513,0.00151776,0.000921532,0.00135331,0.000722376,0.00110998,0.00059189,0.000889401,0.000426935,0.000687684,0.000369036,0.000586466,0.000316425,0.000514152,0.000246481,0.000466625,0.000209653,0.000322109,0.000167947,0.000277797,0.00015112,0.000216661,0.000113739,0.000177276,9.33028e-05,0.000147929,7.24733e-05,0.00013515,5.77692e-05,9.74122e-05,5.24023e-05,8.28001e-05,4.05446e-05,
29800,0.506311,0.518676,0.520895,0.517174,0.4789,0.5181,0.468184,0.464631,0.541469,0.459997,0.586023,0.510686,0.446125,0.517782,0.464263,0.48115,0.449564,0.433042,0.440803,0.431873,0.409373,0.341311,0.446465,0.318986,0.313991,0.282314,0.291565,0.194337,0.20625,0.108491,0.140386,0.0670511,0.102876,0.044565,0.0678341,0.0340345,0.0553776,0.0239595,0.0446183,0.0183192,0.030499,0.0160651,0.0274716,0.0108888,0.0188027,0.010366,0.016193,0.00738971,0.0128533,0.00674978,0.0111864,0.00557129,0.00836614,0.00424198,0.00644419,0.0038778,0.00603156,0.0027336,0.00424685,0.0025339,0.00452129,0.00187129,0.00313746,0.00164488,0.00260543,0.00151482,0.00222194,0.00107286,0.00151776,0.000921532,0.00135331,0.000722376,0.00110998,0.00059189,0.000889401,0.000470068,0.000687684,0.000369036,0.000524858,0.000289482,0.000514152,0.000246481,0.000466625,0.000209653,0.000301402,0.000167947,0.000251316,0.00014007,0.000216661,0.000113739,0.000177276,0.000101767,0.000147929,7.24733e-05,0.000126614,5.77692e-05,9.74122e-05,4.84591e-05,8.71201e-05,4.05446e-05,
30000,0.506311,0.518676,0.520895,0.575494,0.4789,0.5181,0.468184,0.464631,0.541469,0.504446,0.586023,0.538861,0.494888,0.517782,0.493681,0.48115,0.496045,0.433042,0.416314,0.431873,0.409373,0.362971,0.446465,0.338188,0.313991,0.282314,0.291565,0.194337,0.20625,0.108491,0.140386,0.0582934,0.102876,0.044565,0.0638771,0.0340345,0.0553776,0.0239595,0.0384018,0.0183192,0.030499,0.0160651,0.0274716,0.0108888,0.0188027,0.010366,0.016193,0.00738971,0.0140599,0.00674978,0.0120418,0.00557129,0.00902912,0.00424198,0.00644419,0.0038778,0.00603156,0.0027336,0.00424685,0.0025339,0.00422688,0.00201246,0.00313746,0.00146394,0.00247398,0.00151482,0.00222194,0.00107286,0.00151776,0.00086964,0.00118791,0.000722376,0.00098371,0.000548962,0.000889401,0.000441141,0.000756452,0.000369036,0.000554205,0.000289482,0.000514152,0.000260262,0.000496319,0.000209653,0.000301402,0.000188795,0.000251316,0.00014007,0.000216661,0.000121322,0.000177276,0.000101767,0.000139228,7.24733e-05,0.000126614,6.14298e-05,0.000104569,4.84591e-05,8.25348e-05,4.05446e-05,
30200,0.473948,0.479397,0.520895,0.508022,0.4789,0.546472,0.468184,0.488088,0.541469,0.504446,0.586023,0.538861,0.494888,0.517782,0.493681,0.48115,0.448675,0.433042,0.416314,0.431873,0.409373,0.362971,0.446465,0.338188,0.313991,0.298367,0.306143,0.194337,0.20625,0.108491,0.151675,0.0640662,0.102876,0.044565,0.0638771,0.0340345,0.060041,0.0239595,0.0384018,0.0192834,0.030499,0.0140833,0.0300506,0.0117215,0.0203575,0.010366,0.016193,0.00738971,0.0133199,0.00674978,0.0129627,0.00557129,0.00902912,0.00455278,0.00644419,0.0038778,0.0056554,0.00300952,0.00447553,0.0025339,0.00397042,0.00182028,0.00313746,0.00146394,0.00247398,0.0013994,0.00222194,0.00107286,0.00151776,0.00086964,0.00110785,0.000722376,0.0010774,0.000548962,0.000889401,0.000441141,0.000756452,0.000369036,0.000554205,0.00030962,0.000564371,0.000260262,0.000461881,0.000209653,0.000301402,0.000201992,0.000251316,0.00014007,0.000216661,0.000121322,0.000159548,0.000101767,0.000139228,7.73048e-05,0.00011918,6.14298e-05,0.000104569,4.84591e-05,9.17054e-05,4.05446e-05,
30400,0.473948,0.479397,0.520895,0.508022,0.4789,0.517602,0.468184,0.488088,0.541469,0.504446,0.586023,0.538861,0.494888,0.481854,0.493681,0.506875,0.448675,0.433042,0.392398,0.39276,0.409373,0.403089,0.408197,0.338188,0.336003,0.278669,0.306143,0.148403,0.219253,0.108491,0.16831,0.0640662,0.112209,0.0403248,0.0713617,0.0277667,0.060041,0.0239595,0.0408352,0.0192834,0.032631,0.0159417,0.0280046,0.0117215,0.0203575,0.010366,0.016193,0.00738971,0.0133199,0.00674978,0.0119544,0.00557129,0.00902912,0.00455278,0.00683084,0.0038778,0.0052562,0.00300952,0.00447553,0.0025339,0.00397042,0.00182028,0.00313746,0.00146394,0.00247398,0.0013994,0.00239251,0.00118333,0.00151776,0.0009307,0.00120756,0.000722376,0.00114922,0.000548962,0.000889401,0.000441141,0.000809565,0.000369036,0.000554205,0.00030962,0.000528727,0.00024539,0.000461881,0.000198618,0.000301402,0.000187836,0.000276706,0.00014007,0.000233435,0.000121322,0.000173408,0.000101767,0.000139228,8.4069e-05,0.00011918,6.14298e-05,0.000104569,4.84591e-05,9.17054e-05,4.05446e-05,
30600,0.473948,0.479397,0.520895,0.508022,0.4789,0.485321,0.513425,0.488088,0.572097,0.504446,0.508718,0.490059,0.494888,0.481854,0.493681,0.506875,0.448675,0.433042,0.426485,0.39276,0.409373,0.403089,0.441595,0.35872,0.35433,0.256995,0.306143,0.148403,0.219253,0.114628,0.16831,0.0640662,0.103278,0.0430131,0.0713617,0.0277667,0.060041,0.0239595,0.0385711,0.0192834,0.032631,0.0150871,0.0280046,0.0117215,0.0203575,0.0110951,0.016193,0.00738971,0.0133199,0.00637553,0.012841,0.00524003,0.00902912,0.00455278,0.00683084,0.00354999,0.00555794,0.00300952,0.00447553,0.0025339,0.00397042,0.00182028,0.00313746,0.0015725,0.00247398,0.0013994,0.00239251,0.00118333,0.00163208,0.0009307,0.00120756,0.000722376,0.00114922,0.000548962,0.000889401,0.000441141,0.000871713,0.000369036,0.000554205,0.00030962,0.000528727,0.00024539,0.000420221,0.000198618,0.000320438,0.000187836,0.000250329,0.00014007,0.000233435,0.000108476,0.000173408,9.21498e-05,0.000139228,8.4069e-05,0.000109645,6.14298e-05,0.000104569,5.2317e-05,8.5651e-05,4.05446e-05,
30800,0.473948,0.524402,0.520895,0.508022,0.4789,0.485321,0.513425,0.523948,0.572097,0.504446,0.508718,0.530363,0.494888,0.481854,0.493681,0.506875,0.426039,0.433042,0.426485,0.39276,0.409373,0.403089,0.441595,0.319188,0.35433,0.242309,0.306143,0.156027,0.241383,0.107479,0.16831,0.0710067,0.103278,0.0430131,0.0758904,0.0277667,0.060041,0.0239595,0.0433236,0.0192834,0.032631,0.0140719,0.0256558,0.0117215,0.0203575,0.0102497,0.016193,0.00738971,0.0133199,0.00637553,0.012841,0.00524003,0.00902912,0.00455278,0.00721926,0.00330366,0.00555794,0.00280889,0.00447553,0.00233657,0.00397042,0.00182028,0.0029283,0.0015725,0.00266468,0.0013994,0.00239251,0.00118333,0.00163208,0.0009307,0.00120756,0.000722376,0.00114922,0.000548962,0.000889401,0.000417079,0.000747881,0.000369036,0.000554205,0.000291295,0.000528727,0.00024539,0.000420221,0.000198618,0.000320438,0.000187836,0.000250329,0.00014007,0.000215649,0.000102766,0.000182535,0.000100926,0.000139228,7.75727e-05,0.000109645,5.80791e-05,9.52246e-05,5.2317e-05,8.05819e-05,4.285e-05,
31000,0.502184,0.524402,0.490971,0.508022,0.4789,0.519344,0.513425,0.494008,0.514887,0.47418,0.477412,0.477326,0.494888,0.481854,0.493681,0.456188,0.426039,0.433042,0.45936,0.39276,0.409373,0.403089,0.441595,0.319188,0.35433,0.242309,0.331604,0.144365,0.272562,0.107479,0.16831,0.0710067,0.103278,0.0430131,0.0720542,0.0277667,0.060041,0.0239595,0.0433236,0.0214304,0.032631,0.0160782,0.0276335,0.0104367,0.0203575,0.0102497,0.016193,0.00675243,0.0133199,0.00637553,0.0109596,0.00524003,0.00853662,0.00455278,0.00765242,0.00330366,0.00585721,0.00258652,0.0047739,0.00233657,0.00397042,0.00182028,0.0029283,0.0015725,0.00266468,0.0013994,0.0020769,0.00108732,0.00174668,0.0009307,0.00107339,0.000722376,0.00126793,0.000548962,0.000955589,0.000417079,0.000747881,0.000341844,0.000601415,0.000291295,0.000528727,0.000267841,0.000460416,0.000184274,0.000320438,0.000187836,0.000263808,0.00014007,0.000215649,0.000102766,0.000182535,0.000100926,0.000139228,7.75727e-05,0.000118931,5.80791e-05,9.52246e-05,5.2317e-05,8.56713e-05,4.285e-05,
31200,0.502184,0.524402,0.490971,0.561498,0.4789,0.519344,0.513425,0.545654,0.514887,0.499712,0.477412,0.477326,0.463728,0.533182,0.493681,0.484892,0.470579,0.433042,0.45936,0.429015,0.409373,0.403089,0.413369,0.344599,0.35433,0.242309,0.331604,0.161349,0.255401,0.107479,0.16831,0.0710067,0.103278,0.0430131,0.0672057,0.0277667,0.060041,0.0239595,0.0433236,0.0225485,0.032631,0.0160782,0.0276335,0.0115113,0.0203575,0.00948359,0.016193,0.00730777,0.0133199,0.00602134,0.0109596,0.00524003,0.00853662,0.00455278,0.00722813,0.00330366,0.00585721,0.00281457,0.00432014,0.00233657,0.00371664,0.00182028,0.0029283,0.00148265,0.00266468,0.00132674,0.0020769,0.00108732,0.00174668,0.0009307,0.00116617,0.000722376,0.00126793,0.000612377,0.00105618,0.000417079,0.000747881,0.000383429,0.000601415,0.000291295,0.000528727,0.000267841,0.000460416,0.000197812,0.000342868,0.000187836,0.000242313,0.000147378,0.000215649,0.000102766,0.000199507,0.000100926,0.000127458,7.75727e-05,0.000125377,5.50815e-05,9.02802e-05,5.2317e-05,8.56713e-05,4.285e-05,
31400,0.530083,0.524402,0.517408,0.561498,0.514187,0.553967,0.513425,0.545654,0.572949,0.463884,0.477412,0.477326,0.463728,0.533182,0.493681,0.484892,0.423521,0.433042,0.48392,0.405614,0.409373,0.403089,0.450291,0.386519,0.35433,0.242309,0.331604,0.161349,0.255401,0.107479,0.16831,0.0710067,0.103278,0.039798,0.0672057,0.0277667,0.056766,0.0239595,0.0433236,0.0225485,0.0305765,0.0160782,0.0254981,0.0115113,0.0203575,0.00948359,0.016193,0.00730777,0.0133199,0.00652212,0.0109596,0.00524003,0.00853662,0.00455278,0.00722813,0.00330366,0.00618668,0.00281457,0.00432014,0.00221846,0.00406555,0.00194163,0.0029283,0.00148265,0.00266468,0.00132674,0.00197102,0.00108732,0.00174668,0.000878095,0.00123137,0.000722376,0.00126793,0.000653202,0.00105618,0.000446234,0.000747881,0.000383429,0.000601415,0.000316951,0.000528727,0.000267841,0.000402748,0.000197812,0.000342868,0.000187836,0.000242313,0.000147378,0.000215649,0.000102766,0.000199507,0.000108363,0.000127458,7.75727e-05,0.000139011,5.50815e-05,9.02802e-05,5.2317e-05,9.47971e-05,4.285e-05,
31600,0.530083,0.524402,0.582338,0.511078,0.514187,0.522143,0.561624,0.517837,0.532182,0.49481,0.477412,0.477326,0.501866,0.533182,0.458833,0.484892,0.423521,0.433042,0.48392,0.455189,0.409373,0.403089,0.42573,0.386519,0.320982,0.26338,0.311979,0.161349,0.255401,0.100022,0.16831,0.0750232,0.103278,0.042307,0.0712242,0.025664,0.056766,0.02144,0.0433236,0.0206286,0.0305765,0.0160782,0.0254981,0.0106569,0.0203575,0.00948359,0.0170984,0.00790879,0.0133199,0.00695693,0.0109596,0.00564395,0.00853662,0.00455278,0.00722813,0.00330366,0.00618668,0.00281457,0.00432014,0.00221846,0.00363846,0.00194163,0.0029283,0.00148265,0.0024985,0.00132674,0.00184222,0.00108732,0.00174668,0.000754445,0.00123137,0.000668757,0.00126793,0.000653202,0.000934227,0.000494756,0.000747881,0.000383429,0.000632313,0.000316951,0.000497884,0.000302866,0.000430901,0.000197812,0.000374779,0.000175693,0.000242313,0.000147378,0.000215649,0.000102766,0.000199507,0.000108363,0.000140783,7.75727e-05,0.000139011,5.50815e-05,8.54405e-05,5.2317e-05,9.47971e-05,4.50857e-05,
31800,0.530083,0.524402,0.582338,0.541525,0.514187,0.481905,0.533234,0.517837,0.486424,0.49481,0.477412,0.477326,0.501866,0.50512,0.458833,0.484892,0.471924,0.433042,0.48392,0.455189,0.4408,0.372757,0.42573,0.386519,0.320982,0.227538,0.311979,0.161349,0.239076,0.0856497,0.179531,0.0601817,0.119762,0.042307,0.0712242,0.025664,0.0605504,0.02144,0.0433236,0.019295,0.0305765,0.0160782,0.0282708,0.00953626,0.0203575,0.00948359,0.0161076,0.00750059,0.0133199,0.00749553,0.0109596,0.00564395,0.00853662,0.00455278,0.00795094,0.00384426,0.00666357,0.00281457,0.00432014,0.00221846,0.00363846,0.00194163,0.0029283,0.00139885,0.0024985,0.00132674,0.00184222,0.00101782,0.00174668,0.000812362,0.00136176,0.000765658,0.00126793,0.000653202,0.000934227,0.000494756,0.000747881,0.000410549,0.000632313,0.00027492,0.000497884,0.000302866,0.000430901,0.000197812,0.000374779,0.000175693,0.000265727,0.000137287,0.000215649,0.000113043,0.000183713,0.000114198,0.000140783,7.75727e-05,0.000139011,5.97514e-05,9.62329e-05,5.2317e-05,9.47971e-05,4.50857e-05,
32000,0.530083,0.524402,0.512686,0.541525,0.479179,0.481905,0.533234,0.485131,0.486424,0.49481,0.506149,0.510788,0.501866,0.546662,0.458833,0.484892,0.471924,0.433042,0.48392,0.455189,0.4408,0.372757,0.42573,0.386519,0.320982,0.227538,0.296074,0.161349,0.239076,0.0856497,0.168106,0.0601817,0.111856,0.0452728,0.0663476,0.025664,0.0509336,0.0225776,0.0433236,0.019295,0.029007,0.0160782,0.0282708,0.0106847,0.0191527,0.00948359,0.0182361,0.00750059,0.0133199,0.00749553,0.0109596,0.00564395,0.00853662,0.00455278,0.00795094,0.00347925,0.00610243,0.00281457,0.00432014,0.0023798,0.00363846,0.00194163,0.00314344,0.00156067,0.0024985,0.00132674,0.00197719,0.00101782,0.00174668,0.000812362,0.00136176,0.000724539,0.00126793,0.000653202,0.000934227,0.000494756,0.0008024,0.000410549,0.000632313,0.000295794,0.000497884,0.000277684,0.000430901,0.000209719,0.00033555,0.000175693,0.000265727,0.000137287,0.000215649,0.000113043,0.000183713,0.000107087,0.000140783,7.27349e-05,0.000139011,6.41413e-05,0.000105955,4.78472e-05,9.47971e-05,4.50857e-05,
32200,0.530083,0.524402,0.512686,0.541525,0.479179,0.509164,0.533234,0.485131,0.486424,0.49481,0.506149,0.510788,0.501866,0.573995,0.490718,0.442316,0.471924,0.433042,0.48392,0.455189,0.4408,0.401491,0.42573,0.347867,0.290412,0.246699,0.296074,0.170568,0.26564,0.0856497,0.168106,0.0601817,0.122921,0.0452728,0.0701203,0.025664,0.0509336,0.0225776,0.0433236,0.019295,0.029007,0.0160782,0.0282708,0.0106847,0.0178759,0.00948359,0.0182361,0.00750059,0.0121393,0.0070806,0.0109596,0.00602021,0.00853662,0.00455278,0.00795094,0.00314789,0.0056403,0.00281457,0.00453615,0.0023798,0.00363846,0.00214041,0.00314344,0.00156067,0.0024985,0.00132674,0.00217299,0.00101782,0.00174668,0.000866519,0.00136176,0.000687986,0.00126793,0.000653202,0.000990633,0.000494756,0.0008024,0.000378911,0.000632313,0.000295794,0.000497884,0.000277684,0.000406147,0.000209719,0.00033555,0.000175693,0.000265727,0.000137287,0.000215649,0.000106549,0.000173368,0.000107087,0.000133104,7.8064e-05,0.000139011,6.41413e-05,9.98686e-05,4.53195e-05,9.47971e-05,4.50857e-05,
32400,0.568549,0.524402,0.512686,0.541525,0.52787,0.509164,0.533234,0.51914,0.513448,0.49481,0.506149,0.510788,0.501866,0.573995,0.490718,0.471803,0.471924,0.433042,0.48392,0.455189,0.473096,0.401491,0.42573,0.347867,0.290412,0.246699,0.296074,0.181301,0.244752,0.0920476,0.168106,0.0637801,0.112905,0.0452728,0.0738693,0.025664,0.0509336,0.0225776,0.0433236,0.019295,0.029007,0.0160782,0.0255925,0.0106847,0.0178759,0.00948359,0.0182361,0.00750059,0.01366,0.0070806,0.0109596,0.00602021,0.00853662,0.00455278,0.00795094,0.00314789,0.0056403,0.00259539,0.00453615,0.00219591,0.00363846,0.00214041,0.00314344,0.00144963,0.0024985,0.00141961,0.00217299,0.00101782,0.00174668,0.000866519,0.00136176,0.000687986,0.00126793,0.000609655,0.000990633,0.000494756,0.000855893,0.000378911,0.000563117,0.000295794,0.000534806,0.000277684,0.000406147,0.000209719,0.000308843,0.000187406,0.000265727,0.00014644,0.000215649,0.000106549,0.000173368,0.000107087,0.000133104,7.8064e-05,0.000130902,6.75951e-05,9.98686e-05,4.85946e-05,8.9541e-05,4.12602e-05,
32600,0.568549,0.524402,0.512686,0.541525,0.52787,0.509164,0.576596,0.479133,0.475069,0.49481,0.47813,0.510788,0.501866,0.573995,0.490718,0.471803,0.49552,0.433042,0.437877,0.455189,0.410016,0.439527,0.450057,0.380823,0.305451,0.272491,0.296074,0.181301,0.244752,0.0860326,0.168106,0.0637801,0.112905,0.0452728,0.0775627,0.0282304,0.0509336,0.0225776,0.0433236,0.019295,0.029007,0.0169244,0.0255925,0.0106847,0.0178759,0.0100229,0.0168924,0.00750059,0.01366,0.0070806,0.0109596,0.00547962,0.00896345,0.00455278,0.00795094,0.00347955,0.0056403,0.00281,0.00482264,0.00219591,0.00363846,0.00214041,0.00314344,0.00144963,0.00263107,0.00131941,0.00217299,0.00101782,0.00174668,0.000789085,0.00136176,0.000687986,0.00126793,0.000609655,0.000990633,0.000494756,0.000855893,0.000378911,0.000563117,0.000295794,0.000494306,0.000262798,0.000328411,0.000209719,0.000308843,0.000187406,0.000265727,0.00014644,0.000215649,0.000106549,0.000173368,0.000107087,0.000133104,7.8064e-05,0.000130902,6.75951e-05,9.98686e-05,4.85946e-05,8.40308e-05,4.12602e-05,
32800,0.531396,0.554065,0.512686,0.541525,0.477921,0.509164,0.522036,0.479133,0.475069,0.521065,0.47813,0.510788,0.501866,0.519437,0.446457,0.471803,0.459992,0.389738,0.409263,0.430361,0.410016,0.439527,0.394729,0.361573,0.321898,0.272491,0.296074,0.181301,0.219174,0.0860326,0.159536,0.0637801,0.121608,0.0452728,0.0775627,0.0308363,0.0552469,0.0225776,0.0455401,0.019295,0.0275408,0.0169244,0.0255925,0.0119965,0.0178759,0.0100229,0.0153721,0.00795063,0.0144672,0.0070806,0.0109596,0.00588597,0.00896345,0.00455278,0.00795094,0.00328288,0.0056403,0.00281,0.00482264,0.00219591,0.00383152,0.00214041,0.00314344,0.00144963,0.00263107,0.00131941,0.00217299,0.00101782,0.00174668,0.000841691,0.00145254,0.000687986,0.00126793,0.000609655,0.000990633,0.000494756,0.000791078,0.000378911,0.000533367,0.000295794,0.000458357,0.000262798,0.000328411,0.000209719,0.000308843,0.000187406,0.000265727,0.00014644,0.000215649,0.000106549,0.000196992,0.000116519,0.000133104,7.8064e-05,0.000120378,6.35946e-05,0.000105486,5.21458e-05,8.40308e-05,4.37183e-05,
33000,0.531396,0.554065,0.512686,0.541525,0.477921,0.509164,0.522036,0.479133,0.505217,0.521065,0.47813,0.452549,0.501866,0.519437,0.479258,0.471803,0.459992,0.389738,0.409263,0.407818,0.410016,0.439527,0.394729,0.361573,0.342296,0.272491,0.31489,0.181301,0.219174,0.0860326,0.159536,0.0637801,0.102256,0.0452728,0.0821835,0.0324072,0.0552469,0.0225776,0.041203,0.0182795,0.0289777,0.0179199,0.0255925,0.0119965,0.0178759,0.0100229,0.0153721,0.00795063,0.0137094,0.0070806,0.011653,0.00588597,0.00896345,0.00455278,0.0075247,0.00328288,0.0056403,0.00295187,0.00482264,0.00239205,0.00383152,0.00193813,0.00296229,0.00153448,0.00278839,0.00131941,0.00217299,0.00107437,0.00162709,0.000894652,0.00155359,0.000687986,0.00126793,0.000609655,0.000990633,0.000494756,0.000791078,0.000400758,0.000533367,0.000295794,0.000507797,0.000262798,0.000358414,0.000187866,0.000308843,0.000187406,0.000251233,0.00014644,0.000234254,0.000121988,0.000196992,0.000108826,0.000133104,7.8064e-05,0.000120378,6.35946e-05,0.000105486,5.21458e-05,8.40308e-05,4.37183e-05,
33200,0.587948,0.554065,0.483037,0.541525,0.544025,0.482884,0.522036,0.479133,0.533795,0.521065,0.47813,0.487156,0.536902,0.519437,0.479258,0.471803,0.486149,0.389738,0.439332,0.407818,0.43876,0.439527,0.394729,0.361573,0.342296,0.272491,0.31489,0.168381,0.219174,0.0860326,0.167932,0.0637801,0.102256,0.0452728,0.0821835,0.0324072,0.0497222,0.0245532,0.041203,0.0182795,0.0324441,0.0179199,0.0255925,0.0119965,0.0195694,0.0100229,0.0162505,0.00795063,0.0137094,0.00666486,0.011653,0.00513915,0.00896345,0.00479031,0.00697379,0.00306651,0.0056403,0.00295187,0.00482264,0.00239205,0.00383152,0.00211257,0.00296229,0.0014364,0.00278839,0.00141864,0.00217299,0.00113181,0.00162709,0.000815589,0.00155359,0.000687986,0.00126793,0.000609655,0.000990633,0.000494756,0.000791078,0.000400758,0.000495013,0.000315513,0.000475726,0.000262798,0.000379919,0.000187866,0.000308843,0.000187406,0.000264851,0.00014644,0.000234254,0.000121988,0.000209528,9.91527e-05,0.000133104,8.40814e-05,0.000113156,5.78711e-05,0.000105486,4.84956e-05,8.40308e-05,4.37183e-05,
33400,0.529154,0.554065,0.458106,0.541525,0.544025,0.482884,0.522036,0.479133,0.533795,0.482388,0.44438,0.461739,0.501456,0.519437,0.479258,0.443604,0.448102,0.44459,0.439332,0.436288,0.43876,0.439527,0.394729,0.361573,0.366292,0.272491,0.340787,0.177795,0.219174,0.0860326,0.151939,0.0637801,0.102256,0.0481575,0.0726396,0.0293179,0.0497222,0.027764,0.041203,0.0182795,0.0324441,0.0179199,0.0255925,0.0119965,0.0195694,0.0100229,0.0172802,0.00795063,0.012898,0.00666486,0.011653,0.00560538,0.00969235,0.00433326,0.00697379,0.00306651,0.00528912,0.00295187,0.00482264,0.00239205,0.00465313,0.00211257,0.00296229,0.0014364,0.00278839,0.00129016,0.00217299,0.00113181,0.00162709,0.000864525,0.00155359,0.000745552,0.00118341,0.00067062,0.000990633,0.000494756,0.000791078,0.000358774,0.000544033,0.000315513,0.000500968,0.000282894,0.000379919,0.00019726,0.000308843,0.000187406,0.000264851,0.000139037,0.000251465,0.000108593,0.000209528,9.91527e-05,0.000133104,7.89071e-05,0.000113156,6.21626e-05,9.8824e-05,4.52625e-05,8.40308e-05,4.37183e-05,
33600,0.529154,0.526057,0.458106,0.541525,0.495536,0.482884,0.522036,0.479133,0.533795,0.5087,0.44438,0.497652,0.501456,0.467494,0.479258,0.467321,0.448102,0.44459,0.439332,0.436288,0.43876,0.375183,0.394729,0.361573,0.416611,0.272491,0.35972,0.190726,0.241318,0.0928818,0.169303,0.0637801,0.115822,0.0481575,0.0726396,0.0293179,0.0497222,0.0245089,0.041203,0.0170727,0.0324441,0.016041,0.0289475,0.0126482,0.0195694,0.0100229,0.0172802,0.00795063,0.012898,0.00666486,0.011653,0.00560538,0.00969235,0.00433326,0.00697379,0.0032279,0.00556507,0.00295187,0.005112,0.00217676,0.00438582,0.00211257,0.00296229,0.0014364,0.00293635,0.00129016,0.0020172,0.000994548,0.00171408,0.000791171,0.00155359,0.000745552,0.00118341,0.00067062,0.00105007,0.000534337,0.000791078,0.000338842,0.000574969,0.000315513,0.000500968,0.000282894,0.000360019,0.00019726,0.000308843,0.000187406,0.000264851,0.000146415,0.000232422,0.000116206,0.000209528,9.2212e-05,0.000141978,8.70322e-05,0.000113156,6.21626e-05,0.000104181,4.828e-05,8.40308e-05,4.37183e-05,
33800,0.581555,0.526057,0.504443,0.541525,0.495536,0.482884,0.522036,0.506236,0.485451,0.555241,0.490138,0.497652,0.501456,0.538822,0.479258,0.467321,0.448102,0.44459,0.439332,0.436288,0.43876,0.375183,0.418562,0.361573,0.416611,0.272491,0.35972,0.200923,0.222012,0.0928818,0.169303,0.0561265,0.115822,0.0438768,0.0726396,0.0293179,0.0497222,0.0229829,0.0383977,0.0170727,0.0324441,0.016041,0.0289475,0.0126482,0.0195694,0.0100229,0.0163884,0.00795063,0.012898,0.00666486,0.0108114,0.00560538,0.00969235,0.00433326,0.00697379,0.0032279,0.00556507,0.00316874,0.005112,0.00217676,0.0040843,0.00211257,0.00277785,0.0015831,0.0026699,0.00129016,0.0020172,0.000994548,0.00171408,0.000833152,0.00155359,0.000646145,0.00109324,0.000621206,0.00105007,0.000534337,0.000791078,0.000338842,0.000574969,0.000315513,0.000500968,0.000282894,0.000360019,0.00019726,0.000326111,0.000187406,0.000264851,0.000146415,0.000232422,0.000123154,0.000209528,9.2212e-05,0.000141978,8.14059e-05,0.000113156,5.8935e-05,0.000104181,5.40556e-05,8.40308e-05,4.37183e-05,
34000,0.581555,0.526057,0.504443,0.541525,0.495536,0.482884,0.522036,0.506236,0.485451,0.517545,0.490138,0.523373,0.501456,0.538822,0.506368,0.467321,0.475075,0.44459,0.475512,0.436288,0.43876,0.375183,0.418562,0.361573,0.371019,0.272491,0.35972,0.200923,0.23928,0.103014,0.169303,0.059505,0.121918,0.0438768,0.0807273,0.0293179,0.0569268,0.0245151,0.0420868,0.0170727,0.0350673,0.016041,0.0289475,0.0115873,0.0195694,0.0100229,0.0163884,0.00848067,0.012898,0.00666486,0.0108114,0.00492028,0.00896302,0.00405313,0.00697379,0.00290511,0.00556507,0.00282306,0.00429408,0.00230737,0.0040843,0.00198933,0.00277785,0.0015831,0.0026699,0.00141303,0.00214502,0.000994548,0.00182286,0.000833152,0.00146037,0.000646145,0.00109324,0.000621206,0.000955565,0.000534337,0.000791078,0.000338842,0.000574969,0.000315513,0.000500968,0.000282894,0.000382832,0.000182515,0.000362346,0.000187406,0.000264851,0.000146415,0.000232422,0.000123154,0.000209528,9.83595e-05,0.000141978,8.14059e-05,0.000113156,5.8935e-05,0.000104181,5.40556e-05,8.40308e-05,4.37183e-05,
34200,0.581555,0.496324,0.504443,0.541525,0.459902,0.482884,0.522036,0.506236,0.485451,0.517545,0.456252,0.523373,0.501456,0.538822,0.506368,0.432633,0.511696,0.44459,0.475512,0.436288,0.43876,0.375183,0.418562,0.338198,0.371019,0.256595,0.327418,0.200923,0.23928,0.11667,0.156053,0.063472,0.112805,0.0501325,0.0807273,0.0314782,0.0521936,0.0245151,0.0420868,0.0170727,0.0329633,0.016041,0.0289475,0.0128952,0.0195694,0.00941971,0.0152512,0.00848067,0.012898,0.00607243,0.0108114,0.00526694,0.00896302,0.00405313,0.00760328,0.00290511,0.00586473,0.00282306,0.00451137,0.00252035,0.0040843,0.00183868,0.00305084,0.0015831,0.0026699,0.00129272,0.00214502,0.000994548,0.00172021,0.000833152,0.00146037,0.000646145,0.00117241,0.000670015,0.000955565,0.000534337,0.000731551,0.000338842,0.000625956,0.000315513,0.000467571,0.000298325,0.000382832,0.000203074,0.000362346,0.000187406,0.000286878,0.000146415,0.000245174,0.000123154,0.000188575,9.83595e-05,0.000141978,7.36255e-05,0.000113156,6.225e-05,0.000104181,5.69457e-05,8.40308e-05,4.37183e-05,
34400,0.581555,0.470553,0.504443,0.541525,0.459902,0.482884,0.522036,0.534166,0.524288,0.476142,0.456252,0.523373,0.536379,0.582908,0.449977,0.432633,0.511696,0.44459,0.475512,0.436288,0.43876,0.375183,0.418562,0.313773,0.337116,0.256595,0.327418,0.200923,0.20649,0.098662,0.147951,0.063472,0.112805,0.0446463,0.0668883,0.0314782,0.0521936,0.0245151,0.0420868,0.0186616,0.0310796,0.016041,0.0289475,0.0128952,0.0195694,0.00941971,0.0152512,0.00848067,0.012898,0.00607243,0.0108114,0.00570764,0.00896302,0.00405313,0.00718171,0.00271731,0.00616785,0.00282306,0.00406023,0.00237333,0.00382026,0.00170033,0.00305084,0.0015831,0.00252938,0.00141583,0.00200996,0.000994548,0.00172021,0.000758168,0.00146037,0.000680095,0.00117241,0.000670015,0.000955565,0.000534337,0.000731551,0.000310937,0.000625956,0.00033431,0.000467571,0.000298325,0.000382832,0.000215172,0.000362346,0.000187406,0.000309088,0.000146415,0.000245174,0.000112743,0.000188575,0.00010679,0.000141978,7.36255e-05,0.000113156,6.225e-05,0.000104181,5.69457e-05,7.43545e-05,4.37183e-05,
34600,0.541412,0.496515,0.504443,0.541525,0.499853,0.508702,0.522036,0.498222,0.524288,0.438878,0.480983,0.603286,0.536379,0.582908,0.449977,0.476817,0.511696,0.44459,0.505772,0.436288,0.43876,0.349639,0.396084,0.292627,0.35514,0.22964,0.327418,0.200923,0.20649,0.098662,0.147951,0.063472,0.112805,0.0446463,0.0668883,0.0314782,0.055303,0.0262265,0.046074,0.0211498,0.0310796,0.016041,0.0269766,0.0128952,0.0195694,0.00941971,0.0152512,0.00848067,0.012898,0.00607243,0.0108114,0.00619155,0.00896302,0.00405313,0.00718171,0.00271731,0.00616785,0.00242553,0.00406023,0.00237333,0.00343823,0.00170033,0.00305084,0.0015831,0.00252938,0.00130503,0.00200996,0.00106407,0.00172021,0.000758168,0.00130648,0.000680095,0.00117241,0.000629814,0.00105211,0.000534337,0.000731551,0.000332673,0.000557342,0.00033431,0.000517377,0.000276779,0.000382832,0.000215172,0.000316576,0.000187406,0.000309088,0.000146415,0.000245174,0.000124869,0.000188575,0.00010679,0.000141978,6.96716e-05,0.000113156,6.225e-05,0.000104181,5.36239e-05,7.03685e-05,4.37183e-05,
34800,0.5932,0.496515,0.466242,0.541525,0.528416,0.546185,0.467196,0.498222,0.552518,0.490995,0.480983,0.510051,0.490553,0.582908,0.47366,0.476817,0.511696,0.44459,0.505772,0.403904,0.43876,0.349639,0.454454,0.292627,0.38848,0.242698,0.355178,0.182691,0.224189,0.104893,0.166781,0.063472,0.122305,0.0408195,0.0668883,0.0314782,0.055303,0.0262265,0.046074,0.0211498,0.0310796,0.016041,0.0269766,0.0128952,0.0195694,0.00941971,0.0152512,0.00848067,0.012898,0.00643552,0.0114347,0.00619155,0.00896302,0.00439924,0.00664864,0.00290725,0.00542519,0.00261101,0.00426883,0.00256633,0.00343823,0.001802,0.00305084,0.0015831,0.00252938,0.00130503,0.00213712,0.00106407,0.00191419,0.000703809,0.00130648,0.000680095,0.00117241,0.000629814,0.00105211,0.000534337,0.000693794,0.000332673,0.000557342,0.00033431,0.000517377,0.000276779,0.000412912,0.000215172,0.000316576,0.000162809,0.000309088,0.000159825,0.000245174,0.000124869,0.000188575,0.00010679,0.000150436,7.32209e-05,0.000113156,6.225e-05,0.000110471,4.94024e-05,7.55385e-05,4.37183e-05,
35000,0.521521,0.528024,0.466242,0.507324,0.528416,0.496358,0.467196,0.498222,0.552518,0.490995,0.522766,0.481771,0.490553,0.582908,0.47366,0.476817,0.467978,0.44459,0.505772,0.424655,0.43876,0.388488,0.454454,0.314012,0.38848,0.227008,0.355178,0.182691,0.224189,0.11154,0.166781,0.0683647,0.110732,0.0408195,0.0717891,0.0314782,0.055303,0.0262265,0.046074,0.0211498,0.0310796,0.016041,0.0269766,0.0121544,0.0195694,0.00941971,0.0152512,0.00848067,0.012898,0.00643552,0.0114347,0.00619155,0.00896302,0.0049344,0.00620539,0.00318268,0.00542519,0.0028034,0.00467898,0.00256633,0.00343823,0.00193305,0.00324416,0.00148076,0.00237564,0.00130503,0.00213712,0.00106407,0.00177015,0.000779166,0.00141514,0.000642999,0.00117241,0.000629814,0.000981311,0.000534337,0.000693794,0.000332673,0.000557342,0.00033431,0.000517377,0.000276779,0.000381091,0.000215172,0.000291953,0.000174649,0.000293039,0.000159825,0.000245174,0.000115157,0.000188575,0.000100965,0.000150436,6.94417e-05,0.000113156,6.225e-05,9.49148e-05,4.68839e-05,7.55385e-05,4.37183e-05,
35200,0.521521,0.528024,0.519527,0.537302,0.467568,0.496358,0.467196,0.498222,0.516413,0.490995,0.522766,0.481771,0.490553,0.530953,0.47366,0.476817,0.507387,0.44459,0.505772,0.452965,0.43876,0.356833,0.454454,0.314012,0.38848,0.227008,0.355178,0.182691,0.23764,0.11154,0.166781,0.0683647,0.110732,0.0408195,0.0717891,0.0314782,0.0518102,0.0262265,0.043745,0.0222364,0.0310796,0.0172724,0.0269766,0.0121544,0.0195694,0.00941971,0.0152512,0.00848067,0.012898,0.00700622,0.0114347,0.00619155,0.00896302,0.0049344,0.00674837,0.00318268,0.00488267,0.0028034,0.00467898,0.00256633,0.00365499,0.00193305,0.00324416,0.0015981,0.00259865,0.00130503,0.00213712,0.00106407,0.00188816,0.000779166,0.00151941,0.000704237,0.00110506,0.000629814,0.00090796,0.000534337,0.000693794,0.000359157,0.000557342,0.00033431,0.000517377,0.000276779,0.000381091,0.000215172,0.000291953,0.000174649,0.000293039,0.000139723,0.000245174,0.000115157,0.000188575,0.000108383,0.000131973,6.94417e-05,0.000113156,5.51358e-05,9.49148e-05,4.68839e-05,7.55385e-05,4.37183e-05,
35400,0.521521,0.528024,0.519527,0.537302,0.491388,0.496358,0.467196,0.498222,0.516413,0.490995,0.559532,0.481771,0.490553,0.530953,0.47366,0.476817,0.547419,0.44459,0.505772,0.452965,0.43876,0.377318,0.406844,0.314012,0.408926,0.227008,0.332476,0.195462,0.264187,0.126078,0.166781,0.0770656,0.129036,0.0408195,0.0785691,0.0314782,0.0572027,0.0262265,0.043745,0.0222364,0.0310796,0.0172724,0.0269766,0.0121544,0.0195694,0.00941971,0.0152512,0.0092635,0.012898,0.0065584,0.0114347,0.00557239,0.00843406,0.00418791,0.00634346,0.00318268,0.00488267,0.0028034,0.00430657,0.00228454,0.00365499,0.00193305,0.0030399,0.0015981,0.00280554,0.00120816,0.00224599,0.00106407,0.00168941,0.000779166,0.0014113,0.000704237,0.00110506,0.000596541,0.000959589,0.000534337,0.000693794,0.000359157,0.000507413,0.00033431,0.000517377,0.000276779,0.000381091,0.000215172,0.00032415,0.00019756,0.000293039,0.000130307,0.000226608,0.000105422,0.000188575,0.000108383,0.000143851,7.70803e-05,0.000122414,5.51358e-05,8.82708e-05,4.68839e-05,7.55385e-05,4.37183e-05,
35600,0.550857,0.556456,0.519527,0.537302,0.491388,0.533296,0.467196,0.498222,0.516413,0.490995,0.559532,0.481771,0.490553,0.497419,0.47366,0.476817,0.547419,0.44459,0.478658,0.452965,0.479595,0.377318,0.44576,0.314012,0.408926,0.227008,0.332476,0.195462,0.264187,0.112157,0.166781,0.0718799,0.11476,0.0408195,0.0785691,0.0314782,0.0572027,0.0280551,0.043745,0.0222364,0.0310796,0.0163464,0.0269766,0.0121544,0.0195694,0.00941971,0.0143016,0.00804151,0.012898,0.00706394,0.0114347,0.00557239,0.00843406,0.00418791,0.00634346,0.00347889,0.00539966,0.0028034,0.0040757,0.00215589,0.00365499,0.00193305,0.00287409,0.00174683,0.00280554,0.00120816,0.00206939,0.000964073,0.00168941,0.000779166,0.0014113,0.000704237,0.00110506,0.000596541,0.000959589,0.000534337,0.000693794,0.000396963,0.00053966,0.00033431,0.000517377,0.000276779,0.000423597,0.000195896,0.00032415,0.000185259,0.000293039,0.000130307,0.000204986,0.000105422,0.000200559,9.81276e-05,0.000154337,7.70803e-05,0.000122414,6.08744e-05,9.56121e-05,4.68839e-05,7.55385e-05,4.37183e-05,
35800,0.550857,0.517177,0.519527,0.537302,0.439864,0.533296,0.523799,0.498222,0.516413,0.490995,0.559532,0.510771,0.490553,0.497419,0.47366,0.476817,0.514574,0.44459,0.478658,0.409911,0.479595,0.377318,0.44576,0.314012,0.408926,0.227008,0.332476,0.171572,0.264187,0.118501,0.142033,0.0718799,0.11476,0.0430019,0.0785691,0.0314782,0.0535047,0.0264996,0.043745,0.0238749,0.0310796,0.0139688,0.0269766,0.0121544,0.0195694,0.00941971,0.0143016,0.00757242,0.0137985,0.0062824,0.0114347,0.00557239,0.00843406,0.00448066,0.0069646,0.0032648,0.00539966,0.00265871,0.0040757,0.0023737,0.00365499,0.00193305,0.00304531,0.00174683,0.00280554,0.00128111,0.00206939,0.00101598,0.00182456,0.000779166,0.0014113,0.000797168,0.00110506,0.000542735,0.000959589,0.000494965,0.000693794,0.000396963,0.00053966,0.000360312,0.000517377,0.000257405,0.000423597,0.000195896,0.00032415,0.000185259,0.000263736,0.000136822,0.000204986,0.000105422,0.000200559,9.81276e-05,0.000154337,7.70803e-05,0.000122414,6.08744e-05,0.000104707,4.68839e-05,7.55385e-05,4.74901e-05,
36000,0.550857,0.517177,0.480964,0.537302,0.490134,0.533296,0.523799,0.498222,0.516413,0.490995,0.52596,0.480125,0.490553,0.497419,0.47366,0.476817,0.482482,0.485309,0.478658,0.409911,0.479595,0.377318,0.44576,0.314012,0.408926,0.227008,0.332476,0.184214,0.247204,0.118501,0.142033,0.0718799,0.11476,0.0387017,0.0785691,0.0290147,0.0535047,0.0248918,0.0407375,0.021717,0.0310796,0.0139688,0.0291837,0.0128297,0.0195694,0.00990752,0.0143016,0.00757242,0.0149166,0.0062824,0.0114347,0.00557239,0.00843406,0.00448066,0.0069646,0.0032648,0.00583386,0.00265871,0.00439727,0.00256673,0.00365499,0.00193305,0.00304531,0.00174683,0.00303753,0.00128111,0.00206939,0.00101598,0.00182456,0.00082324,0.00127017,0.000797168,0.00118581,0.000601532,0.000959589,0.000494965,0.000735278,0.000339924,0.00053966,0.000383107,0.000517377,0.000291725,0.000423597,0.000195896,0.00032415,0.000185259,0.000263736,0.000146935,0.000219357,0.000105422,0.000182949,9.81276e-05,0.000144727,7.18323e-05,0.000122414,6.08744e-05,0.000104707,5.12852e-05,8.10322e-05,4.74901e-05,
36200,0.550857,0.517177,0.505246,0.537302,0.524308,0.533296,0.523799,0.498222,0.516413,0.490995,0.490252,0.52972,0.517806,0.497419,0.519924,0.476817,0.482482,0.485309,0.478658,0.432831,0.479595,0.377318,0.44576,0.295341,0.381368,0.212715,0.332476,0.171708,0.247204,0.106,0.129309,0.0674565,0.11476,0.0387017,0.072657,0.0290147,0.0502121,0.0275408,0.0407375,0.021717,0.0310796,0.014674,0.0291837,0.0128297,0.0195694,0.00990752,0.0143016,0.00807725,0.0140792,0.00682297,0.0104056,0.00557239,0.00908152,0.00448066,0.00749339,0.0032648,0.00583386,0.00281063,0.00439727,0.00256673,0.00409359,0.00193305,0.00304531,0.00174683,0.00303753,0.00128111,0.00206939,0.00101598,0.00182456,0.00082324,0.00127017,0.000797168,0.00118581,0.000601532,0.000877882,0.000494965,0.000775134,0.000369896,0.00053966,0.000383107,0.000517377,0.000291725,0.000423597,0.000210177,0.00032415,0.000185259,0.000263736,0.000138199,0.000219357,0.000119333,0.000182949,9.81276e-05,0.00013254,7.18323e-05,0.000122414,6.08744e-05,0.000104707,4.83865e-05,8.10322e-05,4.74901e-05,
36400,0.550857,0.517177,0.505246,0.537302,0.568709,0.56086,0.469101,0.537164,0.488245,0.490995,0.490252,0.487135,0.48291,0.525975,0.519924,0.526445,0.482482,0.485309,0.444871,0.432831,0.479595,0.377318,0.44576,0.295341,0.403357,0.212715,0.309904,0.171708,0.26698,0.11236,0.142101,0.0674565,0.11476,0.0387017,0.0685052,0.0308472,0.0502121,0.0275408,0.0431818,0.021717,0.0310796,0.014674,0.026597,0.0138377,0.0208113,0.00990752,0.016086,0.00749142,0.0140792,0.00682297,0.0104056,0.00557239,0.00908152,0.00448066,0.00749339,0.0032648,0.00583386,0.00257976,0.00439727,0.00256673,0.00432859,0.00193305,0.00274078,0.00174683,0.00303753,0.00128111,0.00206939,0.00101598,0.00182456,0.000890946,0.00127017,0.000753686,0.00118581,0.000601532,0.000941877,0.000494965,0.000775134,0.000424407,0.0005792,0.000383107,0.000489156,0.000291725,0.000451837,0.000210177,0.000303677,0.000199374,0.000278806,0.000138199,0.000219357,0.000119333,0.000171307,9.81276e-05,0.000122442,7.18323e-05,0.000122414,5.73539e-05,0.000104707,5.1092e-05,8.10322e-05,4.32256e-05,
36600,0.550857,0.553195,0.449955,0.537302,0.568709,0.56086,0.510799,0.537164,0.488245,0.490995,0.490252,0.524684,0.507511,0.478973,0.484627,0.526445,0.443337,0.447104,0.444871,0.410615,0.438902,0.377318,0.373589,0.295341,0.403357,0.237304,0.309904,0.171708,0.241604,0.11236,0.142101,0.0674565,0.103284,0.0410238,0.0747201,0.0308472,0.053912,0.0275408,0.0431818,0.021717,0.0350055,0.0162113,0.026597,0.0129242,0.0219749,0.00990752,0.0180829,0.00749142,0.0154089,0.00682297,0.0104056,0.00529071,0.00908152,0.00448066,0.00786806,0.0032648,0.00583386,0.00292373,0.00439727,0.00256673,0.00432859,0.00193305,0.0029235,0.00185675,0.00303753,0.00137078,0.00206939,0.00101598,0.00182456,0.000801851,0.00140237,0.000753686,0.00107842,0.000601532,0.000877123,0.000494965,0.000775134,0.000424407,0.0005792,0.000383107,0.000489156,0.000259801,0.000419687,0.000210177,0.000303677,0.000187822,0.000278806,0.000138199,0.000219357,0.000119333,0.000187966,9.81276e-05,0.000122442,7.76806e-05,0.000107674,5.73539e-05,0.000113415,5.1092e-05,8.10322e-05,4.32256e-05,
36800,0.550857,0.511568,0.449955,0.537302,0.514599,0.507665,0.510799,0.537164,0.514535,0.490995,0.490252,0.524684,0.507511,0.478973,0.513704,0.526445,0.483558,0.447104,0.469136,0.387803,0.494386,0.377318,0.40089,0.295341,0.403357,0.237304,0.294105,0.159794,0.2547,0.11236,0.142101,0.0594381,0.103284,0.0369215,0.0747201,0.0308472,0.053912,0.0255115,0.0431818,0.021717,0.0350055,0.0162113,0.0244209,0.0129242,0.0232934,0.00990752,0.0200998,0.00749142,0.0137917,0.00682297,0.0104056,0.00570424,0.00908152,0.00448066,0.00851515,0.0032648,0.00583386,0.00292373,0.00400335,0.00256673,0.00371154,0.00193305,0.0029235,0.00195919,0.00265213,0.00137078,0.00225422,0.00101598,0.00182456,0.000758114,0.00140237,0.000713282,0.00107842,0.000601532,0.000877123,0.000526329,0.000775134,0.000424407,0.000540167,0.000351891,0.000520243,0.000259801,0.000419687,0.000210177,0.00032292,0.000187822,0.000300209,0.000138199,0.000219357,0.000119333,0.000187966,9.81276e-05,0.000122442,7.76806e-05,9.74397e-05,5.73539e-05,0.000104342,5.1092e-05,8.10322e-05,4.32256e-05,
37000,0.489911,0.511568,0.449955,0.537302,0.514599,0.507665,0.470144,0.567708,0.514535,0.446806,0.490252,0.524684,0.507511,0.478973,0.47979,0.481941,0.483558,0.447104,0.469136,0.387803,0.426341,0.397771,0.40089,0.295341,0.403357,0.237304,0.294105,0.159794,0.2547,0.11236,0.142101,0.0594381,0.112579,0.0369215,0.0786527,0.0308472,0.053912,0.0255115,0.0431818,0.021717,0.0375702,0.0162113,0.0244209,0.0121653,0.0232934,0.00990752,0.0200998,0.00796684,0.0137917,0.00682297,0.0113914,0.00570424,0.00959792,0.00448066,0.00787441,0.0037133,0.00583386,0.00324439,0.00439534,0.00256673,0.00371154,0.00193305,0.00307243,0.00178411,0.0024681,0.00137078,0.00225422,0.00101598,0.00182456,0.000758114,0.00140237,0.000755932,0.00113942,0.000645604,0.000828394,0.000526329,0.000775134,0.000424407,0.000540167,0.000331065,0.000476101,0.000259801,0.000419687,0.000210177,0.00032292,0.000176127,0.00034256,0.000157358,0.000219357,0.000119333,0.000170082,9.81276e-05,0.000141433,7.21973e-05,9.74397e-05,6.43954e-05,0.000104342,5.1092e-05,8.10322e-05,4.32256e-05,
37200,0.489911,0.511568,0.449955,0.537302,0.480626,0.507665,0.506542,0.567708,0.460483,0.492813,0.461414,0.524684,0.474005,0.478973,0.47979,0.481941,0.457635,0.447104,0.434069,0.427735,0.426341,0.397771,0.40089,0.295341,0.403357,0.249312,0.278063,0.159794,0.240068,0.106424,0.142101,0.0594381,0.104633,0.0369215,0.0733522,0.0308472,0.053912,0.0237413,0.0407828,0.021717,0.0340197,0.0179365,0.0244209,0.0121653,0.0232934,0.00990752,0.0187052,0.00796684,0.0130524,0.00682297,0.0113914,0.00570424,0.00902988,0.00448066,0.00787441,0.0037133,0.00583386,0.00324439,0.00439534,0.00256673,0.00395898,0.00193305,0.00307243,0.00178411,0.0024681,0.00137078,0.00210394,0.00111758,0.00182456,0.00079834,0.00140237,0.000694601,0.00113942,0.000645604,0.000828394,0.000526329,0.000775134,0.000424407,0.000540167,0.000331065,0.000476101,0.000259801,0.000419687,0.000223473,0.00032292,0.000176127,0.000320415,0.000157358,0.000219357,0.000119333,0.000179703,0.000105317,0.000141433,7.21973e-05,0.00010334,6.43954e-05,0.000104342,4.7852e-05,8.10322e-05,4.55193e-05,
37400,0.489911,0.545673,0.493434,0.537302,0.480626,0.507665,0.506542,0.498377,0.503392,0.522734,0.507555,0.524684,0.504169,0.521548,0.47979,0.481941,0.457635,0.505228,0.463007,0.463755,0.426341,0.361746,0.40089,0.295341,0.403357,0.232387,0.278063,0.159794,0.240068,0.113896,0.155218,0.0664964,0.112733,0.039958,0.0733522,0.0308472,0.053912,0.0237413,0.0371293,0.021717,0.0340197,0.0169295,0.02587,0.0121653,0.0232934,0.00990752,0.0176519,0.00796684,0.0123025,0.00742803,0.0113914,0.00570424,0.00902988,0.00474759,0.00734945,0.0037133,0.00583386,0.00287447,0.00439534,0.00256673,0.00395898,0.00193305,0.00281474,0.00178411,0.0024681,0.00137078,0.0019401,0.00111758,0.0019462,0.00079834,0.00124783,0.000611522,0.00113942,0.000645604,0.000828394,0.000526329,0.000775134,0.000424407,0.000567918,0.000331065,0.000476101,0.000240657,0.000444591,0.000223473,0.00032292,0.000176127,0.000320415,0.000157358,0.000219357,0.000119333,0.000179703,0.000105317,0.000148638,7.21973e-05,0.00010334,6.43954e-05,0.000104342,4.7852e-05,7.36525e-05,4.04501e-05,
37600,0.52784,0.545673,0.493434,0.566946,0.480626,0.452198,0.562403,0.498377,0.503392,0.522734,0.507555,0.524684,0.478467,0.521548,0.47979,0.481941,0.457635,0.476671,0.463007,0.463755,0.426341,0.361746,0.423567,0.273117,0.376727,0.232387,0.247476,0.159794,0.273048,0.104198,0.155218,0.0700247,0.120932,0.039958,0.0775438,0.0308472,0.053912,0.0205444,0.040115,0.0190182,0.0340197,0.0169295,0.02587,0.0111783,0.0215187,0.00990752,0.0164984,0.00753229,0.0114747,0.00680503,0.0113914,0.00570424,0.00902988,0.00474759,0.00734945,0.0037133,0.00583386,0.00287447,0.00439534,0.00241071,0.00395898,0.00193305,0.00261771,0.00178411,0.00227166,0.00137078,0.00170804,0.00102863,0.0019462,0.00079834,0.00141695,0.000611522,0.00113942,0.000645604,0.000828394,0.000526329,0.000775134,0.000424407,0.000537915,0.000331065,0.000476101,0.000256701,0.000444591,0.000209559,0.00032292,0.000176127,0.000298182,0.000157358,0.000238855,0.000119333,0.000179703,0.000105317,0.000148638,7.99275e-05,0.000108904,6.43954e-05,0.000104342,4.7852e-05,7.83195e-05,4.27381e-05,
37800,0.52784,0.545673,0.531469,0.566946,0.480626,0.452198,0.525274,0.498377,0.533381,0.470461,0.507555,0.490398,0.478467,0.521548,0.47979,0.481941,0.457635,0.476671,0.463007,0.463755,0.457497,0.361746,0.423567,0.273117,0.376727,0.251175,0.280133,0.167861,0.273048,0.112779,0.155218,0.074462,0.114767,0.039958,0.0827133,0.034881,0.053912,0.0205444,0.040115,0.0190182,0.0340197,0.0169295,0.0236672,0.0111783,0.0204142,0.00990752,0.0164984,0.00753229,0.0114747,0.00680503,0.0113914,0.00570424,0.00990802,0.00474759,0.00692724,0.0037133,0.0055104,0.00287447,0.00439534,0.00241071,0.00395898,0.00182761,0.00261771,0.00178411,0.00227166,0.00144407,0.00170804,0.000905197,0.0019462,0.00079834,0.00141695,0.000611522,0.00113942,0.000645604,0.000828394,0.000489176,0.000775134,0.000424407,0.000609637,0.000352133,0.000516194,0.000256701,0.000444591,0.000209559,0.00032292,0.000165922,0.000298182,0.000146362,0.000238855,0.000119333,0.000179703,0.000105317,0.000148638,7.99275e-05,0.000108904,6.43954e-05,0.000104342,4.7852e-05,8.64097e-05,4.49339e-05,
38000,0.52784,0.545673,0.531469,0.522314,0.480626,0.452198,0.525274,0.535214,0.533381,0.470461,0.507555,0.490398,0.51606,0.478385,0.47979,0.509729,0.457635,0.476671,0.498698,0.439675,0.457497,0.361746,0.423567,0.273117,0.376727,0.275532,0.280133,0.179052,0.273048,0.112779,0.168799,0.074462,0.114767,0.039958,0.0827133,0.0317489,0.053912,0.0187951,0.040115,0.0190182,0.0340197,0.0169295,0.0236672,0.0117502,0.0204142,0.00990752,0.017346,0.00753229,0.0128706,0.00680503,0.00937148,0.00570424,0.00990802,0.00474759,0.00692724,0.0037133,0.0055104,0.00287447,0.00439534,0.00241071,0.00395898,0.00182761,0.00261771,0.00178411,0.00227166,0.00144407,0.00187415,0.000905197,0.0016965,0.000879873,0.00141695,0.000611522,0.00113942,0.000645604,0.000828394,0.000489176,0.000775134,0.000424407,0.000609637,0.000352133,0.000516194,0.000237647,0.000444591,0.000209559,0.000360278,0.000165922,0.000298182,0.000146362,0.000238855,0.000119333,0.00019849,0.000105317,0.000148638,7.99275e-05,0.000108904,6.43954e-05,0.000104342,5.10421e-05,7.77687e-05,4.80792e-05,
38200,0.52784,0.491105,0.531469,0.522314,0.480626,0.476192,0.525274,0.535214,0.533381,0.470461,0.507555,0.490398,0.46696,0.478385,0.47979,0.483743,0.457635,0.476671,0.498698,0.439675,0.424944,0.361746,0.423567,0.295079,0.403178,0.275532,0.280133,0.165216,0.273048,0.105025,0.180633,0.0688231,0.114767,0.0423705,0.0827133,0.0317489,0.0568526,0.0187951,0.040115,0.0190182,0.0340197,0.0169295,0.0236672,0.0124528,0.0204142,0.00990752,0.0183901,0.00712849,0.0128706,0.00680503,0.00992274,0.00570424,0.00990802,0.00431848,0.00692724,0.0037133,0.0055104,0.00287447,0.00481764,0.00241071,0.00395898,0.00182761,0.00280214,0.00178411,0.00227166,0.00144407,0.00187415,0.000959509,0.0016965,0.000961092,0.00141695,0.000611522,0.00113942,0.000599667,0.000828394,0.000489176,0.000824173,0.000424407,0.000609637,0.000352133,0.000516194,0.000237647,0.000479171,0.000209559,0.000360278,0.000165922,0.000298182,0.000146362,0.000238855,0.000110608,0.00019849,0.000105317,0.000148638,7.99275e-05,0.000115097,6.43954e-05,9.63457e-05,4.78588e-05,7.38453e-05,4.30012e-05,
38400,0.52784,0.465898,0.531469,0.522314,0.527781,0.504561,0.554986,0.535214,0.533381,0.470461,0.507555,0.490398,0.46696,0.478385,0.516098,0.483743,0.457635,0.476671,0.498698,0.439675,0.424944,0.361746,0.38121,0.295079,0.36706,0.258576,0.253659,0.155515,0.273048,0.0973462,0.157816,0.0688231,0.104511,0.0423705,0.0827133,0.0317489,0.0568526,0.0218617,0.0437851,0.0190182,0.0340197,0.0169295,0.0236672,0.0116391,0.0204142,0.00990752,0.0183901,0.00712849,0.0128706,0.00680503,0.00992274,0.00570424,0.00990802,0.00431848,0.00692724,0.00351713,0.00519894,0.00287447,0.00481764,0.00241071,0.00395898,0.00199755,0.00303971,0.00178411,0.00246404,0.00144407,0.00187415,0.00101316,0.0016965,0.000961092,0.00141695,0.000611522,0.00113942,0.000560078,0.000870595,0.000533931,0.000824173,0.000424407,0.000609637,0.000352133,0.000516194,0.000237647,0.000479171,0.000209559,0.000335748,0.00017907,0.000266971,0.000156119,0.000238855,0.000117981,0.00019849,0.000105317,0.000148638,7.99275e-05,0.000115097,6.43954e-05,9.63457e-05,4.51095e-05,7.38453e-05,4.91046e-05,
38600,0.52784,0.465898,0.531469,0.522314,0.527781,0.504561,0.554986,0.56514,0.533381,0.511626,0.507555,0.490398,0.46696,0.478385,0.516098,0.483743,0.457635,0.440141,0.498698,0.439675,0.424944,0.381705,0.410595,0.310968,0.36706,0.278426,0.274286,0.155515,0.273048,0.102935,0.144819,0.0688231,0.104511,0.0423705,0.0890631,0.0317489,0.0568526,0.0218617,0.0460346,0.0190182,0.0340197,0.0181146,0.0214154,0.0116391,0.0204142,0.00990752,0.0169342,0.00712849,0.0128706,0.00642833,0.00992274,0.00570424,0.00902731,0.00431848,0.00692724,0.00320283,0.00545889,0.00307569,0.00481764,0.00228554,0.0042469,0.00199755,0.00303971,0.00166406,0.00246404,0.00144407,0.00187415,0.00101316,0.0016965,0.000961092,0.00141695,0.000661555,0.00123988,0.000595671,0.000870595,0.000469641,0.000824173,0.000373478,0.000609637,0.000329122,0.000547059,0.000237647,0.000446546,0.000209559,0.000335748,0.00017907,0.000240274,0.000156119,0.000238855,0.000117981,0.00019849,0.000105317,0.000161154,7.38378e-05,0.000115097,6.10062e-05,9.63457e-05,4.51095e-05,7.38453e-05,4.49695e-05,
38800,0.52784,0.490025,0.531469,0.522314,0.527781,0.556516,0.554986,0.532173,0.533381,0.511626,0.507555,0.519822,0.46696,0.478385,0.516098,0.445447,0.457635,0.416134,0.498698,0.439675,0.44731,0.381705,0.359569,0.275062,0.36706,0.295909,0.293459,0.155515,0.273048,0.109797,0.144819,0.0688231,0.116625,0.044943,0.0845226,0.0340814,0.0568526,0.0218617,0.0484364,0.017452,0.0340197,0.0171435,0.0231965,0.0116391,0.0204142,0.0104954,0.0169342,0.0075779,0.0128706,0.00642833,0.00992274,0.00525782,0.00828388,0.00431848,0.00692724,0.00320283,0.00607504,0.00307569,0.00481764,0.00228554,0.0042469,0.00209743,0.00303971,0.00166406,0.00233435,0.00136155,0.00187415,0.00101316,0.0016965,0.000856552,0.00141695,0.000661555,0.00123988,0.000549283,0.000870595,0.000469641,0.000824173,0.000373478,0.000646215,0.000329122,0.000598726,0.000237647,0.000446546,0.00022353,0.000335748,0.000189083,0.000240274,0.000156119,0.000238855,0.000117981,0.00019849,0.000105317,0.000161154,7.38378e-05,0.000115097,6.10062e-05,8.97219e-05,4.51095e-05,7.38453e-05,4.49695e-05,
39000,0.52784,0.514822,0.531469,0.522314,0.527781,0.503514,0.554986,0.532173,0.533381,0.511626,0.507555,0.519822,0.46696,0.4381,0.516098,0.445447,0.457635,0.416134,0.498698,0.39156,0.44731,0.407152,0.359569,0.291449,0.347668,0.295909,0.326997,0.155515,0.287941,0.102477,0.144819,0.0688231,0.110464,0.044943,0.0799123,0.032188,0.0568526,0.0231535,0.0438109,0.017452,0.0340197,0.0171435,0.0231965,0.0116391,0.0204142,0.0104954,0.0169342,0.0075779,0.0128706,0.00642833,0.0104189,0.00525782,0.00910494,0.00431848,0.00692724,0.00351055,0.00607504,0.00307569,0.00481764,0.00211978,0.00449277,0.00209743,0.0033519,0.00176876,0.00212473,0.00136155,0.00187415,0.00101316,0.0016965,0.000856552,0.00151142,0.000661555,0.00123988,0.000549283,0.000870595,0.000469641,0.000768715,0.000402392,0.000612204,0.000329122,0.000524033,0.000237647,0.000446546,0.000204564,0.000335748,0.000178599,0.000255475,0.000156119,0.000238855,0.000117981,0.00019849,9.36651e-05,0.000161154,7.38378e-05,0.000126495,6.10062e-05,8.97219e-05,4.51095e-05,7.38453e-05,4.2236e-05,
39200,0.52784,0.455036,0.531469,0.522314,0.527781,0.503514,0.520374,0.532173,0.533381,0.478415,0.507555,0.519822,0.514092,0.462596,0.516098,0.476628,0.457635,0.437513,0.498698,0.39156,0.44731,0.407152,0.393814,0.291449,0.375778,0.277484,0.292646,0.155515,0.287941,0.102477,0.166542,0.0644898,0.117044,0.044943,0.0799123,0.032188,0.0568526,0.0243502,0.0438109,0.017452,0.0340197,0.0171435,0.0263573,0.0116391,0.0226871,0.0104954,0.0169342,0.00862847,0.0120126,0.00642833,0.0104189,0.00525782,0.0104707,0.00431848,0.00692724,0.00351055,0.00607504,0.0025253,0.00481764,0.00243217,0.00449277,0.00209743,0.0035643,0.00176876,0.00212473,0.00147164,0.00207528,0.00101316,0.0016965,0.000856552,0.00151142,0.000661555,0.00123988,0.000549283,0.000938641,0.000469641,0.000768715,0.000402392,0.000612204,0.000309923,0.000524033,0.000237647,0.000446546,0.000204564,0.000335748,0.000178599,0.000255475,0.000156119,0.000238855,0.000117981,0.00019849,9.36651e-05,0.000161154,7.38378e-05,0.000126495,6.41891e-05,9.42516e-05,4.51095e-05,7.38453e-05,4.50518e-05,
39400,0.496291,0.455036,0.531469,0.522314,0.527781,0.463876,0.468337,0.532173,0.6219,0.478415,0.507555,0.519822,0.467723,0.487142,0.449006,0.476628,0.457635,0.437513,0.498698,0.39156,0.402579,0.407152,0.393814,0.291449,0.375778,0.258985,0.314209,0.155515,0.253021,0.108664,0.166542,0.0644898,0.117044,0.0404487,0.074024,0.032188,0.0568526,0.0225841,0.0438109,0.017452,0.0340197,0.0161782,0.0243872,0.0105328,0.0226871,0.00975458,0.0169342,0.00728626,0.0120126,0.00642833,0.0104189,0.00525782,0.0104707,0.00431848,0.00692724,0.00327397,0.00559679,0.00236806,0.00481764,0.00243217,0.00449277,0.00209743,0.00334496,0.00187586,0.00225302,0.00147164,0.00207528,0.00110595,0.0016965,0.000856552,0.00151142,0.000661555,0.00123988,0.000549283,0.000872384,0.000469641,0.000768715,0.000402392,0.000612204,0.000309923,0.000524033,0.00024993,0.000446546,0.000204564,0.000300661,0.000155722,0.000255475,0.000139764,0.000213628,0.000117981,0.000185519,9.36651e-05,0.000151485,7.8268e-05,0.000115062,6.41891e-05,9.42516e-05,4.51095e-05,7.99517e-05,4.50518e-05,
39600,0.496291,0.495832,0.531469,0.522314,0.527781,0.463876,0.468337,0.532173,0.6219,0.478415,0.507555,0.547181,0.467723,0.487142,0.449006,0.503864,0.457635,0.474356,0.498698,0.39156,0.428127,0.407152,0.393814,0.291449,0.375778,0.276251,0.342488,0.174177,0.253021,0.1142,0.175026,0.0644898,0.117044,0.0427488,0.074024,0.032188,0.0600685,0.0251332,0.0438109,0.017452,0.0322853,0.0152207,0.0243872,0.0105328,0.0226871,0.00975458,0.0169342,0.00779705,0.0120126,0.00642833,0.0104189,0.00525782,0.0104707,0.00470829,0.00692724,0.00367412,0.00559679,0.00254985,0.00481764,0.00227002,0.00426373,0.00209743,0.00334496,0.00187586,0.00225302,0.00147164,0.00221363,0.00110595,0.0016965,0.000856552,0.00151142,0.000661555,0.00117225,0.000549283,0.000872384,0.000469641,0.000768715,0.000402392,0.000648676,0.000309923,0.000495941,0.00027468,0.000446546,0.000204564,0.000300661,0.000155722,0.000255475,0.000150493,0.00022965,0.000117981,0.000185519,9.36651e-05,0.000151485,7.8268e-05,0.000115062,6.41891e-05,0.000100204,4.94056e-05,7.99517e-05,4.50518e-05,
39800,0.522184,0.495832,0.531469,0.522314,0.527781,0.523284,0.520482,0.532173,0.543681,0.478415,0.533788,0.489998,0.498904,0.487142,0.449006,0.475927,0.501219,0.474356,0.498698,0.39156,0.428127,0.407152,0.423018,0.291449,0.375778,0.276251,0.342488,0.174177,0.239219,0.1142,0.175026,0.0644898,0.117044,0.0427488,0.074024,0.032188,0.0600685,0.0251332,0.0483709,0.0157068,0.0352655,0.0152207,0.0243872,0.0113447,0.0226871,0.0091543,0.0169342,0.00779705,0.0136943,0.00642833,0.0104189,0.00525782,0.00891696,0.00470829,0.00730025,0.00367412,0.00559679,0.00277297,0.00481764,0.0021462,0.00426373,0.00209743,0.00334496,0.00171614,0.00238981,0.00147164,0.00221363,0.00110595,0.0016965,0.000856552,0.00151142,0.000729676,0.00117225,0.000549283,0.000872384,0.000469641,0.000768715,0.000402392,0.000648676,0.000293309,0.000535821,0.00027468,0.000446546,0.000204564,0.000300661,0.000155722,0.000239974,0.000150493,0.00022965,0.000110721,0.000185519,9.36651e-05,0.000151485,8.3732e-05,0.000127473,6.09507e-05,9.28208e-05,4.94056e-05,8.86131e-05,4.50518e-05,
40000,0.522184,0.574294,0.531469,0.567733,0.527781,0.486654,0.520482,0.532173,0.543681,0.478415,0.488497,0.489998,0.498904,0.487142,0.485308,0.475927,0.459943,0.474356,0.498698,0.39156,0.428127,0.378412,0.423018,0.319792,0.375778,0.276251,0.322219,0.174177,0.239219,0.1142,0.164129,0.0587269,0.117044,0.0427488,0.074024,0.032188,0.0600685,0.0251332,0.0483709,0.0182335,0.0376165,0.0159994,0.0262269,0.0124528,0.0226871,0.0096361,0.0180018,0.00779705,0.0136943,0.00707116,0.00987051,0.00525782,0.00891696,0.00497314,0.00730025,0.00367412,0.00559679,0.00293877,0.00481764,0.0021462,0.00453253,0.00209743,0.00362156,0.00171614,0.00238981,0.00133222,0.00221363,0.0010222,0.0016965,0.000856552,0.00131668,0.000785922,0.00117225,0.000590016,0.000872384,0.000469641,0.000768715,0.00036452,0.000648676,0.000293309,0.000535821,0.000251643,0.000392511,0.000204564,0.000300661,0.000165034,0.000254419,0.000150493,0.000245682,0.000110721,0.000185519,9.36651e-05,0.000164644,8.3732e-05,0.00011814,6.73228e-05,9.28208e-05,5.18999e-05,8.86131e-05,4.50518e-05,
40200,0.522184,0.523107,0.531469,0.475476,0.527781,0.486654,0.520482,0.562276,0.543681,0.478415,0.461073,0.463789,0.498904,0.487142,0.454288,0.475927,0.459943,0.50291,0.431546,0.413709,0.456669,0.378412,0.423018,0.319792,0.350969,0.276251,0.322219,0.174177,0.224498,0.105159,0.175618,0.0651868,0.117044,0.0462464,0.074024,0.032188,0.0600685,0.0251332,0.03974,0.0182335,0.0376165,0.0159994,0.0262269,0.0124528,0.0208721,0.0096361,0.0162017,0.00779705,0.0128955,0.00707116,0.00987051,0.00573102,0.00891696,0.00497314,0.00771089,0.00387196,0.00629353,0.00293877,0.00481764,0.00199471,0.00453253,0.00209743,0.00362156,0.00171614,0.00238981,0.00133222,0.00221363,0.0010222,0.0016965,0.000916428,0.00131668,0.000677102,0.00108951,0.000590016,0.000872384,0.000469641,0.000814331,0.00036452,0.000583808,0.000293309,0.000593191,0.000265097,0.000353259,0.000204564,0.000318915,0.000174786,0.0002384,0.000150493,0.000245682,0.000120648,0.000165217,0.000101238,0.000164644,8.3732e-05,0.00011034,6.73228e-05,9.28208e-05,5.18999e-05,8.25972e-05,4.12892e-05,
40400,0.522184,0.523107,0.531469,0.515261,0.48994,0.486654,0.478072,0.518272,0.515067,0.514866,0.461073,0.50744,0.473,0.487142,0.421028,0.475927,0.459943,0.50291,0.431546,0.413709,0.456669,0.378412,0.423018,0.319792,0.350969,0.276251,0.293425,0.189623,0.224498,0.105159,0.186118,0.072908,0.117044,0.0462464,0.074024,0.032188,0.0600685,0.0251332,0.0436216,0.0182335,0.0376165,0.0159994,0.0304232,0.0124528,0.0208721,0.0096361,0.0162017,0.0083773,0.0136119,0.00707116,0.00987051,0.00543885,0.00843058,0.00497314,0.00650168,0.00387196,0.00629353,0.00293877,0.00481764,0.00199471,0.00407928,0.00209743,0.00338744,0.00171614,0.00277426,0.00133222,0.00208898,0.0010222,0.0016965,0.000829608,0.00131668,0.000677102,0.00108951,0.000590016,0.000872384,0.000469641,0.000814331,0.000400972,0.000583808,0.000293309,0.000593191,0.000250885,0.00037275,0.000204564,0.000318915,0.000174786,0.0002384,0.000150493,0.000245682,0.000120648,0.000165217,0.000101238,0.000164644,8.3732e-05,0.00011034,6.73228e-05,9.28208e-05,5.18999e-05,8.25972e-05,4.12892e-05,
40600,0.522184,0.523107,0.502048,0.515261,0.48994,0.486654,0.478072,0.552823,0.515067,0.477681,0.461073,0.475391,0.473,0.487142,0.45471,0.475927,0.459943,0.433276,0.431546,0.382188,0.430435,0.378412,0.461762,0.365182,0.350969,0.276251,0.309113,0.189623,0.224498,0.114946,0.172404,0.072908,0.117044,0.0462464,0.074024,0.0356498,0.0600685,0.0251332,0.0468176,0.0182335,0.0376165,0.0159994,0.0304232,0.0124528,0.0208721,0.00890638,0.0162017,0.0083773,0.0136119,0.00643927,0.0107166,0.00543885,0.00843058,0.00447582,0.00650168,0.00387196,0.00687998,0.00322216,0.00481764,0.0021211,0.00380733,0.0022881,0.00338744,0.00181944,0.00245303,0.00133222,0.00208898,0.0010222,0.0016965,0.000926657,0.00131668,0.000677102,0.00117667,0.000590016,0.000872384,0.000469641,0.000814331,0.000400972,0.000583808,0.000325655,0.000505774,0.000250885,0.000346024,0.000204564,0.000318915,0.000189504,0.000267538,0.000150493,0.000245682,0.000130743,0.000165217,0.000101238,0.000164644,8.3732e-05,0.00011034,6.73228e-05,9.28208e-05,4.85826e-05,8.25972e-05,4.12892e-05,
40800,0.522184,0.473735,0.53253,0.515261,0.48994,0.527129,0.478072,0.485256,0.515067,0.477681,0.491811,0.510318,0.473,0.487142,0.45471,0.475927,0.429887,0.433276,0.431546,0.382188,0.466928,0.378412,0.461762,0.365182,0.350969,0.276251,0.309113,0.189623,0.224498,0.120694,0.163453,0.072908,0.103699,0.0413731,0.074024,0.0333711,0.064262,0.0251332,0.0468176,0.0165022,0.0376165,0.0159994,0.0304232,0.0124528,0.0208721,0.00950014,0.0162017,0.00782516,0.0136119,0.00712107,0.0107166,0.00543885,0.00843058,0.00447582,0.00650168,0.00387196,0.00631632,0.00305141,0.00481764,0.0021211,0.00351312,0.00216144,0.00338744,0.0016762,0.00245303,0.00133222,0.00208898,0.0010222,0.0016965,0.000926657,0.00131668,0.000715402,0.00117667,0.000590016,0.000872384,0.000469641,0.000814331,0.000400972,0.000642189,0.000325655,0.000505774,0.000250885,0.000371376,0.000204564,0.000318915,0.000189504,0.000282751,0.000158479,0.000226027,0.000130743,0.000176232,0.000101238,0.000164644,7.53588e-05,0.00011034,6.73228e-05,9.28208e-05,4.85826e-05,8.25972e-05,3.77859e-05,
41000,0.522184,0.500532,0.53253,0.569548,0.519236,0.563977,0.506937,0.45738,0.541306,0.477681,0.491811,0.510318,0.498098,0.462308,0.512582,0.475927,0.429887,0.433276,0.431546,0.402269,0.466928,0.378412,0.461762,0.325012,0.350969,0.291598,0.309113,0.177364,0.224498,0.106796,0.178423,0.069145,0.103699,0.0441313,0.074024,0.0333711,0.064262,0.0251332,0.0468176,0.0165022,0.0349612,0.0159994,0.0287036,0.011784,0.0193342,0.0105859,0.0162017,0.00782516,0.0136119,0.0065107,0.0107166,0.00543885,0.00843058,0.00447582,0.00612701,0.00339033,0.00631632,0.00305141,0.00481764,0.0021211,0.0037587,0.00182274,0.00321654,0.0016762,0.00245303,0.00133222,0.00208898,0.0010222,0.0016965,0.000760834,0.00131668,0.000715402,0.00117667,0.000590016,0.000872384,0.000469641,0.000814331,0.000376599,0.000599376,0.000325655,0.000505774,0.000290841,0.000371376,0.000215136,0.000318915,0.000189504,0.000282751,0.000158479,0.000248863,0.000120842,0.000176232,0.000101238,0.000164644,6.66576e-05,0.00011034,6.24266e-05,9.28208e-05,5.28336e-05,8.25972e-05,3.77859e-05,
41200,0.563756,0.500532,0.53253,0.569548,0.467312,0.563977,0.506937,0.45738,0.577393,0.477681,0.522817,0.478186,0.498098,0.462308,0.512582,0.537958,0.429887,0.433276,0.431546,0.353997,0.466928,0.378412,0.48865,0.325012,0.350969,0.291598,0.309113,0.177364,0.224498,0.112462,0.178423,0.0639088,0.103699,0.0403736,0.074024,0.0306758,0.0569178,0.0251332,0.0438607,0.0165022,0.0323852,0.0159994,0.0287036,0.0129004,0.0193342,0.0105859,0.0162017,0.00840175,0.0144792,0.0065107,0.0107166,0.00572745,0.00901841,0.00447582,0.00667163,0.00339033,0.00589065,0.00305141,0.00481764,0.0021211,0.0037587,0.00194425,0.00296053,0.00159075,0.00245303,0.00133222,0.00221343,0.0010222,0.0016965,0.000760834,0.00131668,0.000768116,0.00117667,0.000619517,0.000936478,0.000427281,0.000814331,0.000376599,0.000562492,0.000325655,0.000505774,0.000308587,0.000371376,0.000215136,0.000297423,0.000189504,0.000282751,0.000158479,0.000263932,0.000128013,0.000158608,8.68959e-05,0.00014132,6.66576e-05,0.000119995,6.24266e-05,8.64394e-05,5.28336e-05,7.84301e-05,4.01634e-05,
41400,0.525821,0.500532,0.53253,0.569548,0.503659,0.563977,0.546365,0.45738,0.509922,0.477681,0.485558,0.478186,0.534408,0.462308,0.512582,0.537958,0.429887,0.433276,0.455957,0.353997,0.466928,0.356016,0.454157,0.325012,0.383634,0.291598,0.309113,0.166818,0.224498,0.105113,0.150884,0.0639088,0.112588,0.0403736,0.0845779,0.0283828,0.0662925,0.0236458,0.0438607,0.0176024,0.0323852,0.0159994,0.0268118,0.0137988,0.0193342,0.0111382,0.0175491,0.00840175,0.0133209,0.0065107,0.0107166,0.00572745,0.00901841,0.00480062,0.00711641,0.00339033,0.00559034,0.00305141,0.00481764,0.0021211,0.0037587,0.00194425,0.00280857,0.00159075,0.00230029,0.00133222,0.00207722,0.0010222,0.0016965,0.000760834,0.00131668,0.000768116,0.00110029,0.000619517,0.000936478,0.000427281,0.000814331,0.000417101,0.000562492,0.000325655,0.000505774,0.000288015,0.000371376,0.000195818,0.000297423,0.000202138,0.000255904,0.000140277,0.000263932,0.000135609,0.000171122,8.25034e-05,0.000128573,7.01945e-05,0.000119995,6.24266e-05,9.18888e-05,5.28336e-05,7.39246e-05,4.01634e-05,
41600,0.562529,0.500532,0.53253,0.569548,0.533878,0.563977,0.509272,0.45738,0.509922,0.51765,0.485558,0.540916,0.534408,0.493128,0.512582,0.489541,0.454452,0.433276,0.455957,0.385389,0.466928,0.325599,0.408741,0.325012,0.383634,0.273042,0.309113,0.166818,0.240287,0.105113,0.150884,0.0639088,0.121641,0.0424119,0.0845779,0.0267382,0.0625595,0.0236458,0.0438607,0.0176024,0.0365069,0.0159994,0.028415,0.0137988,0.0205593,0.0111382,0.0157942,0.00840175,0.0124796,0.0065107,0.0095885,0.00572745,0.00901841,0.00480062,0.00800432,0.00359151,0.00559034,0.00305141,0.00481764,0.0021211,0.0037587,0.00179994,0.00280857,0.00159075,0.00217482,0.00133222,0.00207722,0.0010222,0.0017833,0.000760834,0.00145932,0.000720848,0.00118586,0.000546301,0.000852011,0.000427281,0.000814331,0.000385924,0.000562492,0.000325655,0.000505774,0.000288015,0.000371376,0.000205704,0.00032216,0.000202138,0.000255904,0.000140277,0.000263932,0.000135609,0.000171122,8.25034e-05,0.000128573,7.01945e-05,0.000119995,6.24266e-05,8.55715e-05,5.28336e-05,7.83286e-05,4.01634e-05,
41800,0.562529,0.463934,0.53253,0.526417,0.533878,0.563977,0.509272,0.530222,0.509922,0.51765,0.485558,0.540916,0.534408,0.493128,0.512582,0.489541,0.454452,0.462161,0.455957,0.420648,0.52155,0.325599,0.408741,0.348,0.383634,0.273042,0.337855,0.190871,0.240287,0.105113,0.142082,0.0639088,0.110117,0.0424119,0.0736804,0.0267382,0.0560056,0.0236458,0.0465089,0.0176024,0.0365069,0.0159994,0.028415,0.0137988,0.0205593,0.0101294,0.0157942,0.00840175,0.0135562,0.0065107,0.0095885,0.00572745,0.00820164,0.00452484,0.0073419,0.00359151,0.00603757,0.00305141,0.00481764,0.00228394,0.0037587,0.00169621,0.00280857,0.00171153,0.00229643,0.00141688,0.00207722,0.0010222,0.0017833,0.000760834,0.00145932,0.000682908,0.00118586,0.000518105,0.000953655,0.000473984,0.000814331,0.000385924,0.000562492,0.000325655,0.000505774,0.000269194,0.000371376,0.000205704,0.00032216,0.000186928,0.000255904,0.000140277,0.000263932,0.000135609,0.000171122,8.68811e-05,0.000128573,7.01945e-05,0.000119995,6.24266e-05,8.55715e-05,5.28336e-05,8.32756e-05,4.01634e-05,
42000,0.562529,0.463934,0.53253,0.526417,0.533878,0.563977,0.509272,0.48005,0.509922,0.51765,0.485558,0.540916,0.534408,0.493128,0.512582,0.525508,0.492981,0.462161,0.455957,0.395126,0.52155,0.34959,0.408741,0.348,0.360929,0.256445,0.313283,0.190871,0.240287,0.105113,0.142082,0.0672431,0.118605,0.0467346,0.0736804,0.0267382,0.0560056,0.0236458,0.0465089,0.0186652,0.0365069,0.0173005,0.028415,0.0145134,0.0205593,0.0101294,0.0167899,0.00840175,0.0135562,0.0065107,0.0095885,0.00572745,0.00820164,0.00452484,0.0073419,0.00377283,0.00603757,0.00305141,0.00481764,0.00228394,0.00399609,0.00169621,0.00266539,0.00171153,0.00229643,0.0012825,0.00207722,0.0010222,0.0017833,0.000680829,0.00136297,0.000723742,0.00118586,0.000568711,0.000953655,0.000473984,0.000814331,0.000411652,0.000562492,0.000299234,0.000536398,0.000269194,0.000391374,0.000205704,0.00032216,0.000186928,0.000273817,0.000140277,0.000263932,0.000123461,0.000183597,8.68811e-05,0.000121806,6.48464e-05,0.000119995,6.24266e-05,8.55715e-05,5.28336e-05,8.96205e-05,4.01634e-05,
42200,0.532373,0.509877,0.485328,0.526417,0.503815,0.510486,0.555916,0.48005,0.509922,0.51765,0.485558,0.48107,0.534408,0.493128,0.512582,0.452349,0.492981,0.485705,0.455957,0.426009,0.45275,0.34959,0.408741,0.348,0.360929,0.256445,0.313283,0.172856,0.224753,0.114896,0.160044,0.0672431,0.118605,0.0467346,0.084024,0.0267382,0.0591371,0.0249275,0.0465089,0.0186652,0.0365069,0.0173005,0.028415,0.0145134,0.0205593,0.0101294,0.0167899,0.00893143,0.0148987,0.0065107,0.0095885,0.0051547,0.00902181,0.00497732,0.0073419,0.00377283,0.00603757,0.00305141,0.00481764,0.00212843,0.00399609,0.00169621,0.00266539,0.00151545,0.00229643,0.0012825,0.00207722,0.0010222,0.00167996,0.0007555,0.00136297,0.000764896,0.00118586,0.000626792,0.000953655,0.000473984,0.000814331,0.000411652,0.000562492,0.000274243,0.000536398,0.000269194,0.000391374,0.000205704,0.000300926,0.00015989,0.000273817,0.000140277,0.000263932,0.000116482,0.000198779,9.26732e-05,0.000121806,6.48464e-05,0.000119995,6.24266e-05,8.55715e-05,5.83326e-05,8.96205e-05,4.01634e-05,
42400,0.532373,0.509877,0.485328,0.526417,0.530752,0.451703,0.526657,0.534913,0.509922,0.51765,0.485558,0.48107,0.504315,0.493128,0.512582,0.452349,0.46307,0.485705,0.455957,0.426009,0.491091,0.34959,0.447669,0.348,0.360929,0.256445,0.347222,0.18715,0.224753,0.108402,0.160044,0.0672431,0.118605,0.0467346,0.084024,0.0290778,0.0591371,0.0249275,0.0465089,0.0197771,0.0339514,0.0185115,0.0313725,0.0133466,0.0190682,0.0101294,0.0181091,0.00824127,0.0148987,0.0065107,0.0108728,0.0051547,0.00807406,0.00497732,0.0073419,0.00353168,0.00603757,0.00305141,0.00481764,0.00212843,0.00399609,0.00189007,0.00266539,0.00151545,0.00229643,0.0012825,0.00207722,0.0010222,0.00167996,0.0007555,0.00136297,0.000721188,0.00102167,0.000626792,0.000953655,0.000447704,0.000762281,0.000411652,0.000605506,0.000302786,0.000502946,0.000269194,0.000417465,0.000205704,0.000331598,0.00015989,0.000295515,0.000148634,0.000263932,0.000116482,0.000187014,9.26732e-05,0.000121806,7.12087e-05,0.000119995,6.24266e-05,9.21406e-05,5.83326e-05,7.89349e-05,4.01634e-05,
42600,0.532373,0.483041,0.485328,0.526417,0.530752,0.451703,0.494703,0.534913,0.509922,0.51765,0.485558,0.48107,0.504315,0.493128,0.512582,0.479578,0.46307,0.485705,0.455957,0.387427,0.491091,0.386606,0.400885,0.299515,0.360929,0.256445,0.308883,0.18715,0.224753,0.108402,0.147444,0.0672431,0.099332,0.0467346,0.0737119,0.0318817,0.0493407,0.0249275,0.0413929,0.0197771,0.0310151,0.0185115,0.0279336,0.012151,0.0210317,0.0101294,0.0171214,0.00824127,0.0148987,0.0065107,0.0108728,0.0051547,0.00853318,0.00497732,0.0073419,0.00353168,0.00603757,0.00281562,0.00481764,0.00233921,0.00399609,0.00189007,0.0029269,0.00151545,0.00229643,0.0012825,0.00207722,0.0010222,0.00176396,0.000823495,0.00136297,0.000678505,0.00102167,0.000626792,0.0010669,0.00048903,0.000762281,0.000385341,0.000533311,0.000302786,0.000502946,0.000297111,0.000417465,0.000205704,0.000348898,0.00015989,0.000295515,0.000148634,0.000263932,0.000116482,0.000187014,9.26732e-05,0.000121806,7.12087e-05,0.000119995,6.57643e-05,0.000101256,5.16816e-05,7.89349e-05,4.01634e-05,
42800,0.578303,0.483041,0.485328,0.556637,0.530752,0.451703,0.494703,0.534913,0.552416,0.51765,0.485558,0.540132,0.504315,0.493128,0.512582,0.516706,0.500307,0.485705,0.455957,0.387427,0.491091,0.386606,0.400885,0.329746,0.315722,0.256445,0.308883,0.18715,0.238895,0.108402,0.147444,0.0672431,0.105954,0.0467346,0.0786261,0.033902,0.0493407,0.0268267,0.0413929,0.0197771,0.033878,0.0168532,0.0279336,0.012151,0.0181196,0.0101294,0.0183725,0.00824127,0.0135418,0.0065107,0.0108728,0.0051547,0.00853318,0.00497732,0.0073419,0.00312275,0.0063548,0.00298043,0.00481764,0.00233921,0.00399609,0.00189007,0.0029269,0.00151545,0.00229643,0.0012825,0.00207722,0.0010222,0.00187077,0.000890461,0.00136297,0.00071243,0.00102167,0.000626792,0.0010669,0.00048903,0.000762281,0.000385341,0.000533311,0.000327409,0.000502946,0.000278346,0.000375719,0.000205704,0.000348898,0.00015989,0.000295515,0.000139964,0.000263932,0.000116482,0.000199482,9.26732e-05,0.000121806,7.47691e-05,0.000127995,6.57643e-05,0.000101256,5.16816e-05,7.34578e-05,4.01634e-05,
43000,0.578303,0.483041,0.485328,0.521978,0.530752,0.488025,0.494703,0.481422,0.552416,0.550285,0.456098,0.540132,0.504315,0.493128,0.485604,0.551153,0.500307,0.446475,0.455957,0.387427,0.491091,0.386606,0.400885,0.329746,0.315722,0.238815,0.308883,0.172417,0.238895,0.108402,0.147444,0.0672431,0.105954,0.0505132,0.0786261,0.0293817,0.0531783,0.0268267,0.0413929,0.0197771,0.0303119,0.0168532,0.0254141,0.012151,0.019383,0.0101294,0.0169727,0.00737377,0.0123179,0.0065107,0.0108728,0.00543587,0.00853318,0.00454808,0.0073419,0.00340663,0.00598974,0.00298043,0.00481764,0.00214003,0.00399609,0.00189007,0.00314913,0.00151545,0.00229643,0.0012825,0.00207722,0.00108373,0.00187077,0.000845065,0.00136297,0.000661659,0.00102167,0.000626792,0.0010669,0.00048903,0.000762281,0.000385341,0.000599702,0.000327409,0.000540243,0.000278346,0.000411203,0.000216436,0.000348898,0.00015989,0.00027501,0.000139964,0.000279913,0.000116482,0.000199482,9.26732e-05,0.000132769,7.47691e-05,0.000127995,6.17173e-05,0.000106951,5.16816e-05,7.34578e-05,4.01634e-05,
43200,0.517771,0.51005,0.457595,0.521978,0.501802,0.488025,0.494703,0.481422,0.500209,0.512926,0.480103,0.540132,0.536047,0.493128,0.485604,0.551153,0.500307,0.419687,0.455957,0.387427,0.491091,0.334808,0.400885,0.329746,0.33677,0.238815,0.291723,0.186524,0.238895,0.108402,0.147444,0.0612342,0.105954,0.0505132,0.0786261,0.0313405,0.0569062,0.0268267,0.0413929,0.0197771,0.0321244,0.0152497,0.0254141,0.012151,0.0216788,0.00948198,0.0169727,0.00737377,0.0134643,0.00615557,0.0108728,0.00543587,0.00853318,0.00427124,0.0073419,0.00340663,0.00598974,0.00298043,0.00481764,0.00231123,0.00371637,0.00189007,0.00294784,0.00165081,0.00229643,0.0012825,0.00207722,0.00102648,0.00187077,0.000845065,0.00136297,0.000661659,0.00111675,0.000626792,0.0010669,0.000521632,0.000762281,0.000385341,0.000599702,0.000327409,0.000498224,0.000278346,0.000383534,0.000191302,0.000348898,0.00015989,0.00027501,0.000139964,0.000259288,0.000109826,0.000199482,9.26732e-05,0.000132769,7.47691e-05,0.000127995,6.17173e-05,0.000106951,5.55015e-05,7.34578e-05,4.01634e-05,
43400,0.548837,0.51005,0.433021,0.521978,0.530186,0.51895,0.45724,0.53006,0.470197,0.446246,0.480103,0.540132,0.536047,0.493128,0.485604,0.520117,0.529153,0.441378,0.455957,0.387427,0.491091,0.334808,0.428947,0.329746,0.319388,0.253992,0.291723,0.176897,0.2187,0.108402,0.147444,0.0650946,0.105954,0.0546675,0.0851653,0.0313405,0.0569062,0.0268267,0.0413929,0.0197771,0.0321244,0.0162663,0.0272812,0.012151,0.020329,0.00843291,0.0169727,0.00737377,0.0134643,0.00667063,0.0108728,0.00543587,0.00913231,0.00427124,0.0073419,0.00315377,0.00598974,0.00298043,0.00481764,0.00255595,0.00371637,0.00225995,0.00294784,0.00165081,0.0021691,0.0012825,0.00207722,0.00109491,0.00187077,0.000795355,0.00136297,0.000661659,0.00111675,0.000626792,0.0010669,0.000521632,0.000762281,0.000385341,0.000566991,0.000327409,0.000498224,0.000261015,0.000383534,0.000202606,0.000370894,0.00015989,0.000291394,0.000139964,0.000234696,0.000117503,0.000199482,9.74344e-05,0.000132769,7.90207e-05,0.000135273,6.17173e-05,0.000106951,5.85467e-05,8.03539e-05,4.01634e-05,
43600,0.548837,0.51005,0.469486,0.521978,0.499465,0.51895,0.507536,0.492956,0.470197,0.42061,0.480103,0.497861,0.503059,0.448952,0.485604,0.520117,0.529153,0.479999,0.455957,0.387427,0.459344,0.334808,0.40555,0.360435,0.319388,0.235139,0.291723,0.176897,0.2187,0.108402,0.13658,0.0650946,0.105954,0.0546675,0.075304,0.0331314,0.0569062,0.0268267,0.0413929,0.0197771,0.0321244,0.0162663,0.0272812,0.0130004,0.020329,0.00843291,0.0169727,0.00737377,0.0134643,0.00667063,0.0114165,0.00494664,0.00913231,0.0045419,0.00780911,0.00336402,0.00598974,0.00298043,0.00481764,0.00255595,0.00371637,0.00212557,0.00313464,0.00156077,0.00239486,0.0012825,0.00207722,0.00118168,0.00173745,0.000853071,0.00126889,0.00070577,0.00111675,0.000626792,0.0010669,0.000521632,0.0008054,0.000385341,0.000566991,0.000294668,0.000498224,0.000261015,0.00040271,0.000212736,0.000370894,0.00015989,0.000243123,0.000148833,0.000234696,0.000117503,0.000199482,0.00010393,0.00014205,7.90207e-05,0.000128008,6.17173e-05,0.000106951,5.85467e-05,8.03539e-05,4.01634e-05,
43800,0.548837,0.51005,0.469486,0.567652,0.499465,0.51895,0.569278,0.492956,0.470197,0.42061,0.480103,0.497861,0.503059,0.48387,0.485604,0.472834,0.529153,0.479999,0.483014,0.387427,0.459344,0.360229,0.448278,0.328488,0.355889,0.204709,0.291723,0.176897,0.232599,0.108402,0.14878,0.0650946,0.11779,0.0495079,0.075304,0.0331314,0.0569062,0.0268267,0.0413929,0.0197771,0.0346006,0.0149525,0.0245531,0.0130004,0.0187895,0.00843291,0.0169727,0.00786535,0.0134643,0.00667063,0.0105885,0.00538231,0.00913231,0.00483013,0.00734694,0.00336402,0.00598974,0.00277988,0.00450971,0.00255595,0.00371637,0.00194589,0.00313464,0.00156077,0.00239486,0.0012825,0.00207722,0.00106351,0.00173745,0.000853071,0.00126889,0.000757345,0.00111675,0.000626792,0.000928204,0.000521632,0.000737063,0.000385341,0.00061035,0.000310303,0.000498224,0.000276941,0.00040271,0.000212736,0.000370894,0.000148108,0.000243123,0.000148833,0.000234696,0.000109209,0.000199482,9.24544e-05,0.000133643,8.42887e-05,0.000115881,6.17173e-05,9.3171e-05,6.42794e-05,8.60152e-05,4.26019e-05,
44000,0.548837,0.53732,0.499188,0.538712,0.499465,0.51895,0.569278,0.518282,0.470197,0.465414,0.505578,0.497861,0.503059,0.48387,0.485604,0.434822,0.529153,0.479999,0.509196,0.421587,0.484687,0.341739,0.448278,0.328488,0.355889,0.181257,0.291723,0.176897,0.219911,0.108402,0.14878,0.0650946,0.11779,0.0463811,0.075304,0.0331314,0.0529576,0.0268267,0.0413929,0.0197771,0.0327133,0.0149525,0.02619,0.0130004,0.0187895,0.00843291,0.0169727,0.00786535,0.0134643,0.00667063,0.0105885,0.00538231,0.00913231,0.00483013,0.00734694,0.00336402,0.00547319,0.00297539,0.00450971,0.00255595,0.00371637,0.00194589,0.00313464,0.00164952,0.00239486,0.0012825,0.00207722,0.00106351,0.00173745,0.000897162,0.00133722,0.000757345,0.00111675,0.000574676,0.000928204,0.000551294,0.000678098,0.000420021,0.00061035,0.000310303,0.000498224,0.000276941,0.00040271,0.000212736,0.000403113,0.000160426,0.000263227,0.000148833,0.000234696,0.000109209,0.000199482,9.24544e-05,0.000141687,7.89012e-05,0.000115881,6.17173e-05,9.87793e-05,5.95082e-05,8.60152e-05,4.26019e-05,
44200,0.548837,0.53732,0.499188,0.538712,0.534428,0.51895,0.525904,0.518282,0.470197,0.502648,0.505578,0.47248,0.503059,0.48387,0.485604,0.434822,0.529153,0.442434,0.509196,0.421587,0.444035,0.341739,0.448278,0.357023,0.355889,0.181257,0.291723,0.176897,0.219911,0.108402,0.157813,0.0556263,0.123817,0.0463811,0.075304,0.0331314,0.0529576,0.0268267,0.0446883,0.0197771,0.0327133,0.0157885,0.02619,0.0130004,0.0187895,0.00843291,0.0158412,0.00786535,0.0143619,0.00667063,0.0113297,0.00538231,0.00860315,0.0041134,0.00734694,0.00336402,0.00547319,0.00316393,0.00450971,0.00233758,0.00371637,0.00194589,0.00268683,0.00164952,0.00252382,0.0012825,0.00207722,0.00106351,0.00187793,0.000897162,0.00142242,0.000757345,0.00120525,0.000574676,0.000928204,0.000551294,0.000678098,0.00045097,0.000642736,0.000310303,0.000498224,0.000276941,0.00040271,0.000198692,0.000403113,0.000160426,0.000286259,0.000148833,0.000218762,0.00011569,0.000199482,0.000102354,0.000131907,7.23714e-05,0.000115881,6.17173e-05,9.87793e-05,5.95082e-05,8.60152e-05,3.98789e-05,
44400,0.581405,0.505771,0.499188,0.538712,0.534428,0.51895,0.498225,0.518282,0.498586,0.502648,0.505578,0.526478,0.503059,0.48387,0.533153,0.434822,0.497836,0.480604,0.509196,0.421587,0.470489,0.341739,0.448278,0.323054,0.391478,0.19757,0.270069,0.176897,0.219911,0.0995692,0.157813,0.0556263,0.123817,0.0463811,0.075304,0.0331314,0.0529576,0.0268267,0.0446883,0.0197771,0.0350925,0.0140343,0.0246622,0.0130004,0.0200422,0.00962679,0.0158412,0.00833727,0.0143619,0.00603943,0.0113297,0.00538231,0.00860315,0.00458351,0.00734694,0.00372021,0.00607677,0.00316393,0.00450971,0.00233758,0.00371637,0.00194589,0.00283247,0.00164952,0.00252382,0.0012825,0.00207722,0.00114515,0.00187793,0.000897162,0.00142242,0.000685217,0.00120525,0.000574676,0.000852897,0.000551294,0.000717356,0.000416361,0.000642736,0.000310303,0.000498224,0.000276941,0.000458032,0.000198692,0.000403113,0.000168796,0.000286259,0.000148833,0.000218762,0.000109275,0.000199482,0.000102354,0.000131907,7.23714e-05,0.00012198,6.17173e-05,9.87793e-05,5.32628e-05,8.60152e-05,3.98789e-05,
44600,0.581405,0.505771,0.499188,0.538712,0.500675,0.484353,0.543065,0.518282,0.498586,0.502648,0.505578,0.486862,0.503059,0.48387,0.533153,0.434822,0.497836,0.517095,0.480963,0.421587,0.470489,0.341739,0.448278,0.323054,0.391478,0.20886,0.298986,0.160083,0.219911,0.0995692,0.176553,0.0556263,0.138141,0.0431628,0.0849626,0.0304318,0.0529576,0.0244123,0.0525846,0.0187169,0.0350925,0.0152298,0.02646,0.0130004,0.0200422,0.00962679,0.0170911,0.00833727,0.0129257,0.00642375,0.0104664,0.00538231,0.00860315,0.00393807,0.00734694,0.00372021,0.00569841,0.00316393,0.00486404,0.00233758,0.00349338,0.00194589,0.00283247,0.00176515,0.00252382,0.0012825,0.00207722,0.00114515,0.00173381,0.000897162,0.00149663,0.000685217,0.00120525,0.000539808,0.000852897,0.000551294,0.000717356,0.000384831,0.000642736,0.000292572,0.000498224,0.000276941,0.000458032,0.000198692,0.000403113,0.000168796,0.000286259,0.000148833,0.000218762,0.000128702,0.000199482,0.000102354,0.000131907,7.85073e-05,0.000113234,6.17173e-05,9.87793e-05,5.61105e-05,8.13234e-05,3.98789e-05,
44800,0.581405,0.505771,0.499188,0.490123,0.528145,0.455403,0.543065,0.518282,0.498586,0.502648,0.505578,0.450723,0.54676,0.48387,0.533153,0.483941,0.468372,0.480594,0.480963,0.421587,0.470489,0.375913,0.448278,0.323054,0.391478,0.20886,0.316798,0.151626,0.231832,0.0995692,0.176553,0.062706,0.138141,0.0473483,0.0849626,0.0304318,0.0529576,0.0244123,0.0455039,0.0175069,0.0350925,0.0141076,0.02646,0.0121243,0.021054,0.00962679,0.0170911,0.00833727,0.0129257,0.00642375,0.0104664,0.00449306,0.00804097,0.00393807,0.00734694,0.00392053,0.00611592,0.00299135,0.00486404,0.00233758,0.00349338,0.00194589,0.00305907,0.00176515,0.00266803,0.0012825,0.00207722,0.00114515,0.00173381,0.000897162,0.00149663,0.000685217,0.0010409,0.000587791,0.000926002,0.000551294,0.000717356,0.000422512,0.000642736,0.000292572,0.000453384,0.000276941,0.000458032,0.000215217,0.000341951,0.000168796,0.000286259,0.000148833,0.000218762,0.000119617,0.000178506,9.659e-05,0.000131907,7.85073e-05,0.000113234,6.17173e-05,9.87793e-05,5.61105e-05,8.62186e-05,3.98789e-05,
45000,0.581405,0.47951,0.499188,0.490123,0.528145,0.491185,0.543065,0.474997,0.498586,0.477022,0.534016,0.479327,0.495226,0.48387,0.533153,0.483941,0.468372,0.480594,0.513027,0.448,0.441942,0.375913,0.448278,0.323054,0.391478,0.195358,0.316798,0.151626,0.231832,0.0995692,0.165436,0.062706,0.138141,0.0473483,0.0849626,0.0304318,0.0556312,0.0244123,0.0421026,0.0175069,0.0350925,0.0141076,0.02646,0.0121243,0.019834,0.00881938,0.0170911,0.00833727,0.0129257,0.00693516,0.0113823,0.00482139,0.00804097,0.0037336,0.00677196,0.00367368,0.00572672,0.00282517,0.00453287,0.00250077,0.00349338,0.00220672,0.00329487,0.00176515,0.00266803,0.0012825,0.00207722,0.0012324,0.00173381,0.000944767,0.00149663,0.000685217,0.0010409,0.000587791,0.000926002,0.000551294,0.00076518,0.000422512,0.000642736,0.000292572,0.000481911,0.000262969,0.000458032,0.000215217,0.000341951,0.000168796,0.000286259,0.000140564,0.000218762,0.000119617,0.000178506,0.000101674,0.000143733,7.85073e-05,0.000113234,6.17173e-05,9.87793e-05,5.61105e-05,7.92548e-05,3.98789e-05,
45200,0.581405,0.47951,0.499188,0.490123,0.528145,0.491185,0.515191,0.474997,0.450973,0.44808,0.534016,0.479327,0.495226,0.511648,0.533153,0.516203,0.505326,0.480594,0.545484,0.448,0.441942,0.375913,0.448278,0.323054,0.368989,0.195358,0.316798,0.151626,0.231832,0.0995692,0.165436,0.062706,0.138141,0.0430966,0.0784892,0.0320334,0.0606782,0.0244123,0.0421026,0.0175069,0.0350925,0.0149594,0.02646,0.0129742,0.0181573,0.00881938,0.0170911,0.00833727,0.0129257,0.00693516,0.0106904,0.00522482,0.00804097,0.00425475,0.00634426,0.00367368,0.00572672,0.00282517,0.00484932,0.00250077,0.00349338,0.00191409,0.00329487,0.00189605,0.00266803,0.0012825,0.00207722,0.0012324,0.00186691,0.00101399,0.00139592,0.000723531,0.00110355,0.000587791,0.000926002,0.000551294,0.00069647,0.000400972,0.000681759,0.000292572,0.000481911,0.000262969,0.000458032,0.000215217,0.000362398,0.000168796,0.000286259,0.000131021,0.000233346,0.000119617,0.000167655,9.35813e-05,0.000143733,7.85073e-05,0.000113234,6.58318e-05,9.87793e-05,5.61105e-05,7.92548e-05,3.98789e-05,
45400,0.581405,0.507037,0.499188,0.490123,0.528145,0.491185,0.45645,0.532201,0.450973,0.44808,0.534016,0.505309,0.495226,0.545758,0.533153,0.516203,0.505326,0.419185,0.545484,0.448,0.441942,0.375913,0.448278,0.298745,0.368989,0.195358,0.316798,0.16708,0.231832,0.0995692,0.165436,0.0676534,0.125011,0.0407459,0.0784892,0.0320334,0.0606782,0.0244123,0.0421026,0.0175069,0.0328239,0.0149594,0.02646,0.0122665,0.0191844,0.00929091,0.0170911,0.00833727,0.0129257,0.00655064,0.00976326,0.00551308,0.00850045,0.00425475,0.00634426,0.00367368,0.00572672,0.00282517,0.00484932,0.00250077,0.00349338,0.00191409,0.00329487,0.00189605,0.00294888,0.0012825,0.00207722,0.0012324,0.00186691,0.000939846,0.00139592,0.000723531,0.00124832,0.000587791,0.000926002,0.000551294,0.00069647,0.000370243,0.000681759,0.000292572,0.000481911,0.000285657,0.000458032,0.000215217,0.000332996,0.000168796,0.000286259,0.000141557,0.000233346,0.000119617,0.000167655,9.35813e-05,0.000154913,7.85073e-05,0.000119194,6.58318e-05,9.87793e-05,5.61105e-05,7.92548e-05,3.98789e-05,
45600,0.5004,0.507037,0.499188,0.490123,0.528145,0.460163,0.482768,0.475991,0.515133,0.44808,0.49174,0.505309,0.458467,0.545758,0.533153,0.516203,0.505326,0.440721,0.545484,0.448,0.472878,0.375913,0.448278,0.320633,0.419306,0.212723,0.316798,0.176137,0.231832,0.0995692,0.165436,0.0676534,0.125011,0.0433388,0.0784892,0.0320334,0.0606782,0.0244123,0.0421026,0.0175069,0.035718,0.0140926,0.02646,0.0128799,0.0191844,0.010098,0.0170911,0.00833727,0.0137472,0.0061421,0.0109753,0.00551308,0.00803679,0.00456648,0.00669031,0.00367368,0.00572672,0.00282517,0.00458481,0.00250077,0.00326275,0.00191409,0.00329487,0.00164957,0.00266831,0.00138563,0.00207722,0.0012324,0.00186691,0.000890381,0.00139592,0.000723531,0.00116675,0.000587791,0.000981563,0.0004686,0.00069647,0.000399719,0.000731994,0.000292572,0.000481911,0.000285657,0.000396961,0.000228809,0.000315144,0.000168796,0.000270003,0.000141557,0.000249636,0.000119617,0.000167655,9.94917e-05,0.000154913,7.85073e-05,0.000119194,6.58318e-05,9.87793e-05,5.61105e-05,8.50323e-05,3.4819e-05,
45800,0.533761,0.507037,0.540467,0.522798,0.528145,0.460163,0.482768,0.475991,0.515133,0.44808,0.49174,0.477747,0.458467,0.511722,0.533153,0.516203,0.505326,0.440721,0.545484,0.448,0.443387,0.403316,0.425002,0.320633,0.419306,0.236054,0.316798,0.190377,0.209895,0.0995692,0.165436,0.0676534,0.125011,0.0433388,0.0855533,0.0320334,0.0606782,0.0271652,0.0421026,0.0175069,0.035718,0.0128138,0.02646,0.0128799,0.02178,0.011149,0.0170911,0.00889309,0.0137472,0.0061421,0.0109753,0.00512081,0.00803679,0.00456648,0.00669031,0.00367368,0.00606655,0.00315174,0.00481405,0.00250077,0.00306965,0.00202293,0.00329487,0.00164957,0.00266831,0.00146876,0.00207722,0.00115104,0.00186691,0.000890381,0.00139592,0.000723531,0.00116675,0.000587791,0.000981563,0.0004686,0.000740669,0.000399719,0.000731994,0.000292572,0.000481911,0.000270753,0.000396961,0.000228809,0.000315144,0.000168796,0.000270003,0.000141557,0.000249636,0.000112157,0.000179907,9.94917e-05,0.000154913,7.85073e-05,0.000119194,6.02666e-05,9.31348e-05,5.61105e-05,7.33963e-05,3.74719e-05,
46000,0.563953,0.507037,0.540467,0.522798,0.592696,0.460163,0.482768,0.475991,0.515133,0.470483,0.49174,0.511406,0.495333,0.547492,0.533153,0.516203,0.505326,0.412113,0.545484,0.448,0.443387,0.373598,0.425002,0.345247,0.419306,0.209011,0.316798,0.190377,0.209895,0.0995692,0.155786,0.0676534,0.125011,0.0433388,0.0855533,0.0320334,0.0606782,0.0271652,0.0421026,0.0175069,0.035718,0.0135874,0.02646,0.0128799,0.02178,0.011149,0.0170911,0.00889309,0.0137472,0.0061421,0.0102768,0.00512081,0.00803679,0.00499517,0.00669031,0.00367368,0.00606655,0.00315174,0.00481405,0.00250077,0.00306965,0.00202293,0.00329487,0.00174235,0.00266831,0.00146876,0.00191465,0.00115104,0.00186691,0.00100449,0.00139592,0.000723531,0.00116675,0.000529012,0.000897701,0.000496619,0.000663075,0.000366058,0.000731994,0.000263314,0.000481911,0.000270753,0.000396961,0.000228809,0.000315144,0.000168796,0.000297577,0.000130072,0.000220965,0.0001219,0.00019083,9.18037e-05,0.00013725,7.10786e-05,0.000119194,5.6728e-05,9.96286e-05,5.61105e-05,7.91403e-05,3.74719e-05,
46200,0.563953,0.507037,0.540467,0.49143,0.592696,0.529187,0.482768,0.475991,0.515133,0.470483,0.49174,0.511406,0.495333,0.506854,0.533153,0.516203,0.476871,0.412113,0.465293,0.448,0.443387,0.373598,0.395252,0.345247,0.385597,0.245694,0.316798,0.190377,0.209895,0.0995692,0.155786,0.0676534,0.115544,0.0405687,0.0900169,0.0320334,0.0606782,0.0248868,0.0421026,0.0175069,0.035718,0.0148663,0.0281439,0.0128799,0.0194823,0.0103921,0.0146051,0.00889309,0.0137472,0.0061421,0.0102768,0.00512081,0.00803679,0.00461929,0.00669031,0.00400023,0.00606655,0.00315174,0.00481405,0.00250077,0.00330195,0.00202293,0.00329487,0.00165031,0.00266831,0.00166083,0.00191465,0.00115104,0.00186691,0.00100449,0.00129821,0.000774178,0.00109495,0.000570751,0.000897701,0.000496619,0.000663075,0.000366058,0.000629514,0.000281746,0.000481911,0.000248884,0.000396961,0.000228809,0.000315144,0.000168796,0.00026782,0.000140828,0.000208913,0.0001219,0.000177837,9.18037e-05,0.00013725,6.5601e-05,0.000128276,5.31452e-05,9.96286e-05,5.61105e-05,7.91403e-05,3.74719e-05,
46400,0.563953,0.507037,0.570286,0.49143,0.592696,0.529187,0.482768,0.509659,0.515133,0.470483,0.522991,0.441019,0.495333,0.459081,0.492778,0.516203,0.476871,0.412113,0.465293,0.448,0.483952,0.373598,0.395252,0.36251,0.364564,0.245694,0.316798,0.190377,0.223888,0.0995692,0.165658,0.0676534,0.115544,0.0405687,0.0975973,0.0320334,0.0606782,0.0248868,0.0463939,0.0164857,0.035718,0.0138752,0.0265591,0.0128799,0.0194823,0.0103921,0.0146051,0.00945661,0.0137472,0.0061421,0.0111125,0.00512081,0.00803679,0.00461929,0.00669031,0.00400023,0.00606655,0.00315174,0.0051191,0.00216228,0.00330195,0.00186243,0.00329487,0.00150931,0.00266831,0.00148582,0.00191465,0.00115104,0.00170008,0.000904039,0.00129821,0.000727727,0.00119275,0.000570751,0.000897701,0.000496619,0.0007265,0.000366058,0.000629514,0.000312739,0.000481911,0.000248884,0.000396961,0.000228809,0.000315144,0.000168796,0.000297639,0.000157509,0.000191963,0.0001219,0.000177837,9.18037e-05,0.000152174,6.5601e-05,0.000128276,5.68602e-05,9.96286e-05,5.61105e-05,7.91403e-05,3.74719e-05,
46600,0.513557,0.507037,0.498856,0.49143,0.521573,0.529187,0.482768,0.509659,0.515133,0.520553,0.453259,0.465075,0.495333,0.459081,0.522531,0.516203,0.44321,0.412113,0.465293,0.416123,0.483952,0.343423,0.434777,0.306119,0.345304,0.245694,0.283716,0.17681,0.223888,0.0995692,0.176701,0.0726539,0.109137,0.0405687,0.0894117,0.0298779,0.0606782,0.0276577,0.0431665,0.0176494,0.035718,0.0138752,0.0265591,0.0128799,0.0205782,0.0103921,0.0146051,0.00945661,0.0137472,0.0061421,0.0104206,0.00548035,0.00803679,0.0048644,0.00669031,0.00400023,0.00555774,0.00315174,0.0051191,0.00216228,0.00330195,0.00186243,0.00310864,0.00150931,0.00266831,0.00122236,0.00191465,0.00121454,0.00170008,0.000904039,0.00129821,0.000727727,0.00105675,0.000570751,0.000844992,0.000496619,0.0007265,0.000366058,0.000682188,0.000312739,0.000481911,0.000248884,0.0003685,0.000205928,0.000341514,0.000168796,0.000297639,0.000139968,0.000210797,0.000111007,0.000200851,9.18037e-05,0.000152174,6.5601e-05,0.000128276,5.68602e-05,9.96286e-05,5.07828e-05,8.41472e-05,3.74719e-05,
46800,0.513557,0.507037,0.498856,0.460488,0.521573,0.529187,0.482768,0.456066,0.515133,0.520553,0.453259,0.465075,0.529958,0.459081,0.493107,0.578999,0.44321,0.412113,0.465293,0.416123,0.483952,0.343423,0.434777,0.306119,0.345304,0.245694,0.283716,0.163241,0.223888,0.0995692,0.176701,0.0792452,0.109137,0.0380427,0.0894117,0.0276446,0.0606782,0.0241092,0.0431665,0.0176494,0.0375039,0.0159565,0.0265591,0.0139005,0.0205782,0.0103921,0.0146051,0.00945661,0.0137472,0.0061421,0.0104206,0.00493232,0.0084561,0.0048644,0.00708888,0.0037889,0.00585025,0.00315174,0.0051191,0.00196906,0.00348206,0.00198659,0.00310864,0.00150931,0.00251749,0.00122236,0.00209861,0.00121454,0.00160157,0.000904039,0.00129821,0.000727727,0.00100333,0.000570751,0.000844992,0.000496619,0.000770364,0.000366058,0.000640207,0.000312739,0.000426418,0.000235085,0.000401931,0.000205928,0.000358911,0.000168796,0.000297639,0.000139968,0.000210797,0.000111007,0.000200851,8.36212e-05,0.000152174,7.03831e-05,0.000120029,5.68602e-05,9.96286e-05,5.07828e-05,8.41472e-05,3.74719e-05,
47000,0.513557,0.478063,0.525528,0.460488,0.521573,0.564466,0.482768,0.456066,0.515133,0.493686,0.453259,0.503533,0.529958,0.459081,0.493107,0.578999,0.44321,0.412113,0.465293,0.416123,0.483952,0.343423,0.434777,0.28633,0.345304,0.245694,0.299478,0.163241,0.223888,0.0918152,0.176701,0.0736514,0.10257,0.0414534,0.0963339,0.0276446,0.0606782,0.0241092,0.0454186,0.0176494,0.0375039,0.0159565,0.0301191,0.0139005,0.0205782,0.0103921,0.0156247,0.00945661,0.0137472,0.00684406,0.0104206,0.00531252,0.0084561,0.0052208,0.00708888,0.00410221,0.00585025,0.00315174,0.00479679,0.00207179,0.00348206,0.00184875,0.00310864,0.00150931,0.00251749,0.00130385,0.00209861,0.00121454,0.00160157,0.000904039,0.00129821,0.000793222,0.00100333,0.000570751,0.000844992,0.000496619,0.000770364,0.000366058,0.000640207,0.000312739,0.000426418,0.000235085,0.000401931,0.00019509,0.000358911,0.000188934,0.000297639,0.000139968,0.000210797,0.000111007,0.000200851,8.36212e-05,0.000140878,7.80364e-05,0.00011227,5.68602e-05,9.96286e-05,4.4624e-05,8.41472e-05,3.96324e-05,
47200,0.513557,0.478063,0.525528,0.488371,0.521573,0.564466,0.482768,0.50123,0.487918,0.523097,0.453259,0.464624,0.529958,0.459081,0.493107,0.578999,0.44321,0.452465,0.465293,0.416123,0.483952,0.302072,0.463762,0.28633,0.369549,0.245694,0.299478,0.163241,0.223888,0.0918152,0.163405,0.0736514,0.10257,0.0414534,0.0963339,0.0276446,0.0606782,0.0260197,0.0454186,0.0176494,0.0337535,0.0159565,0.0276864,0.0129449,0.0193858,0.0103921,0.0140622,0.00945661,0.0137472,0.00684406,0.0104206,0.00531252,0.0084561,0.0052208,0.00708888,0.00373861,0.00585025,0.00339276,0.00479679,0.00236098,0.00368103,0.00194605,0.00310864,0.00150931,0.00251749,0.00130385,0.00195299,0.00114072,0.00144141,0.00084377,0.00116839,0.000793222,0.00100333,0.000570751,0.000844992,0.000456508,0.000770364,0.000399268,0.000640207,0.000312739,0.000462571,0.000220283,0.000454657,0.00019509,0.000332668,0.000188934,0.000297639,0.000139968,0.000210797,0.000111007,0.000183691,7.91384e-05,0.000155708,7.80364e-05,0.00011227,5.68602e-05,0.000104955,4.4624e-05,8.41472e-05,3.96324e-05,
47400,0.513557,0.478063,0.495136,0.488371,0.521573,0.564466,0.5407,0.561377,0.517542,0.470787,0.489519,0.492501,0.529958,0.459081,0.493107,0.578999,0.44321,0.414074,0.533809,0.416123,0.483952,0.319249,0.463762,0.324318,0.396488,0.267358,0.299478,0.163241,0.208084,0.102308,0.163405,0.0679991,0.0962579,0.0414534,0.0837515,0.0276446,0.0606782,0.0260197,0.0430604,0.0190099,0.0337535,0.0159565,0.0290968,0.0129449,0.0193858,0.00924234,0.0140622,0.00945661,0.0137472,0.00648697,0.0104206,0.00531252,0.0084561,0.00489952,0.00666518,0.00394374,0.00585025,0.00319485,0.00513085,0.00236098,0.00368103,0.00175145,0.00310864,0.00150931,0.00279124,0.00130385,0.00195299,0.00114072,0.00144141,0.00084377,0.00116839,0.000793222,0.00100333,0.000570751,0.000844992,0.00048407,0.000770364,0.00042439,0.000582589,0.000312739,0.000462571,0.000231669,0.000454657,0.00019509,0.000332668,0.000188934,0.000267875,0.000139968,0.000222899,0.000111007,0.000172387,8.44143e-05,0.000135466,7.80364e-05,0.000118084,6.02201e-05,0.000104955,4.80788e-05,8.41472e-05,4.21476e-05,
47600,0.513557,0.524874,0.495136,0.488371,0.469415,0.564466,0.5407,0.532758,0.54402,0.470787,0.489519,0.492501,0.501052,0.459081,0.493107,0.517918,0.44321,0.388905,0.494186,0.441171,0.430812,0.319249,0.436187,0.341081,0.396488,0.267358,0.299478,0.163241,0.208084,0.0948882,0.163405,0.0618931,0.0962579,0.0414534,0.0837515,0.0298926,0.0606782,0.0260197,0.0430604,0.0190099,0.031067,0.0173331,0.0290968,0.0129449,0.0219578,0.00924234,0.0140622,0.00865719,0.0137472,0.00689737,0.0104206,0.00531252,0.0084561,0.00461372,0.00599866,0.00394374,0.00585025,0.00319485,0.00441344,0.00236098,0.00368103,0.00175145,0.00310864,0.00150931,0.00260884,0.00130385,0.00195299,0.00114072,0.0015326,0.00084377,0.00124985,0.000793222,0.00100333,0.000642374,0.000844992,0.00048407,0.000770364,0.00042439,0.000582589,0.000312739,0.000462571,0.000231669,0.000454657,0.00019509,0.000332668,0.000188934,0.000267875,0.000139968,0.000222899,0.000111007,0.000172387,8.44143e-05,0.000135466,7.25739e-05,0.000128631,6.02201e-05,0.000104955,4.80788e-05,8.41472e-05,4.21476e-05,
47800,0.513557,0.524874,0.495136,0.488371,0.469415,0.52932,0.5407,0.502153,0.54402,0.470787,0.489519,0.492501,0.456514,0.459081,0.46478,0.471012,0.44321,0.429383,0.494186,0.441171,0.460927,0.319249,0.398066,0.321711,0.349065,0.267358,0.299478,0.163241,0.208084,0.101214,0.163405,0.0672329,0.0962579,0.0414534,0.0837515,0.0298926,0.0606782,0.0260197,0.0430604,0.0190099,0.0330256,0.0173331,0.0290968,0.0137216,0.0219578,0.00924234,0.0155856,0.00865719,0.0137472,0.00689737,0.00943985,0.00531252,0.0084561,0.00461372,0.00634144,0.00394374,0.00585025,0.00319485,0.00441344,0.00236098,0.00368103,0.00175145,0.00310864,0.00150931,0.00260884,0.00130385,0.00212264,0.00114072,0.0015326,0.00084377,0.00124985,0.000681743,0.00109363,0.000590984,0.000844992,0.000537318,0.000770364,0.00042439,0.000582589,0.000312739,0.000507427,0.000231669,0.000425429,0.00019509,0.000332668,0.000188934,0.000254126,0.000147691,0.000222899,0.000111007,0.000172387,8.44143e-05,0.000135466,7.25739e-05,0.000128631,6.63579e-05,9.92304e-05,4.80788e-05,8.41472e-05,3.87133e-05,
48000,0.513557,0.524874,0.495136,0.488371,0.493114,0.52932,0.5407,0.502153,0.503356,0.470787,0.489519,0.492501,0.482193,0.459081,0.46478,0.471012,0.494644,0.429383,0.447483,0.441171,0.425604,0.347397,0.369742,0.296242,0.370141,0.234933,0.299478,0.163241,0.208084,0.101214,0.163405,0.0672329,0.0962579,0.0414534,0.0783983,0.0314018,0.0606782,0.0260197,0.0430604,0.0190099,0.0330256,0.0173331,0.0290968,0.0128345,0.0219578,0.00924234,0.0165105,0.00865719,0.0137472,0.00689737,0.00943985,0.00531252,0.00801703,0.0042004,0.00634144,0.00371368,0.00585025,0.00319485,0.0046953,0.00236098,0.00368103,0.00186821,0.00310864,0.00136649,0.00260884,0.00130385,0.00197406,0.00114072,0.0015326,0.000910944,0.00124985,0.000681743,0.00109363,0.000642696,0.000921651,0.000491411,0.000707863,0.00042439,0.000582589,0.000330692,0.000471045,0.000231669,0.000425429,0.00019509,0.000332668,0.000188934,0.000254126,0.000140225,0.000202794,0.000128224,0.000162984,8.44143e-05,0.000135466,7.25739e-05,0.000117571,6.63579e-05,9.92304e-05,4.80788e-05,8.41472e-05,3.62758e-05,
48200,0.513557,0.524874,0.495136,0.488371,0.493114,0.502335,0.497894,0.529192,0.538542,0.470787,0.489519,0.525334,0.482193,0.459081,0.500068,0.471012,0.494644,0.451982,0.447483,0.414022,0.425604,0.347397,0.405267,0.296242,0.370141,0.234933,0.299478,0.163241,0.233248,0.101214,0.173665,0.0672329,0.0962579,0.0414534,0.0825899,0.0314018,0.0606782,0.0229447,0.0479246,0.0190099,0.0330256,0.0161198,0.0266371,0.0121118,0.0219578,0.00924234,0.0165105,0.00865719,0.0144345,0.00689737,0.00943985,0.00531252,0.00846799,0.0042004,0.00634144,0.00371368,0.00585025,0.00303335,0.0046953,0.00236098,0.00368103,0.00186821,0.00310864,0.00136649,0.00260884,0.00122729,0.00182457,0.00114072,0.0015326,0.000910944,0.00132459,0.000681743,0.00115478,0.000642696,0.000848295,0.000491411,0.000808986,0.00042439,0.000582589,0.000330692,0.000507066,0.000231669,0.000425429,0.000215626,0.00031093,0.000188934,0.000271067,0.000140225,0.000215602,0.000128224,0.000162984,8.44143e-05,0.000135466,7.25739e-05,0.000117571,6.97384e-05,9.92304e-05,4.80788e-05,8.41472e-05,3.81851e-05,
48400,0.513557,0.574599,0.550448,0.488371,0.493114,0.464294,0.523871,0.529192,0.538542,0.470787,0.517355,0.525334,0.482193,0.491487,0.500068,0.429263,0.494644,0.451982,0.447483,0.414022,0.389242,0.389658,0.405267,0.311961,0.370141,0.234933,0.299478,0.174124,0.248798,0.101214,0.173665,0.0626106,0.106144,0.0440618,0.0756081,0.0329871,0.0549297,0.0229447,0.0479246,0.0190099,0.0330256,0.0161198,0.0266371,0.0121118,0.0219578,0.00991951,0.0165105,0.00932451,0.0134421,0.00689737,0.00943985,0.00531252,0.00949812,0.0042004,0.00634144,0.0034985,0.00616737,0.00287679,0.00494444,0.00214802,0.00368103,0.00186821,0.00310864,0.00151915,0.00288037,0.00122729,0.00203583,0.00107553,0.0016452,0.000910944,0.00132459,0.000681743,0.00125028,0.000642696,0.000848295,0.000524172,0.000808986,0.00042439,0.000645488,0.000330692,0.000507066,0.000231669,0.000425429,0.000215626,0.00031093,0.000178628,0.000271067,0.000140225,0.000215602,0.000128224,0.000162984,8.44143e-05,0.000135466,7.25739e-05,0.000117571,6.97384e-05,9.92304e-05,4.80788e-05,8.41472e-05,3.81851e-05,
48600,0.484211,0.574599,0.550448,0.488371,0.493114,0.464294,0.523871,0.529192,0.538542,0.470787,0.517355,0.486625,0.482193,0.491487,0.500068,0.47219,0.494644,0.451982,0.447483,0.458083,0.434775,0.389658,0.405267,0.311961,0.370141,0.234933,0.299478,0.174124,0.248798,0.101214,0.161177,0.0662206,0.117073,0.0440618,0.0756081,0.0329871,0.0549297,0.0243166,0.0449754,0.0200792,0.0330256,0.0161198,0.0241136,0.0121118,0.0219578,0.00991951,0.0165105,0.00932451,0.012658,0.00689737,0.00943985,0.00569978,0.00949812,0.00450589,0.00634144,0.0034985,0.00616737,0.00287679,0.00494444,0.00214802,0.00368103,0.00186821,0.00310864,0.00160636,0.00249414,0.0013018,0.00203583,0.00107553,0.0016452,0.000842853,0.00132459,0.00072088,0.00125028,0.000642696,0.000791213,0.000497118,0.000808986,0.000454291,0.000574072,0.000360018,0.000507066,0.000217221,0.000425429,0.000215626,0.00031093,0.000178628,0.000252431,0.000140225,0.000215602,0.000128224,0.000173259,8.92603e-05,0.000144497,7.25739e-05,0.000117571,6.97384e-05,0.000106913,4.80788e-05,8.41472e-05,3.81851e-05,
48800,0.457364,0.574599,0.550448,0.488371,0.493114,0.464294,0.523871,0.496242,0.538542,0.470787,0.517355,0.486625,0.482193,0.491487,0.500068,0.47219,0.494644,0.451982,0.478612,0.458083,0.468289,0.354439,0.434555,0.311961,0.406033,0.247494,0.299478,0.174124,0.233487,0.0942556,0.14913,0.0662206,0.108447,0.0440618,0.0756081,0.0300118,0.0549297,0.0243166,0.0424767,0.0200792,0.03009,0.0161198,0.0241136,0.0121118,0.0205081,0.00991951,0.0165105,0.00932451,0.012658,0.00689737,0.0100081,0.00569978,0.0087242,0.00381041,0.00634144,0.0034985,0.00616737,0.00287679,0.00530771,0.00214802,0.00319023,0.00186821,0.00349226,0.00160636,0.00249414,0.0013018,0.00203583,0.00101497,0.00149511,0.000842853,0.00120653,0.00072088,0.00125028,0.000642696,0.000855631,0.000497118,0.000808986,0.000424299,0.000612343,0.000404218,0.000507066,0.000247864,0.000425429,0.000215626,0.000339376,0.000178628,0.000252431,0.000140225,0.000215602,0.000128224,0.000196796,9.74266e-05,0.000144497,7.25739e-05,0.000110336,6.97384e-05,9.56071e-05,4.80788e-05,7.98573e-05,4.09905e-05,
49000,0.457364,0.574599,0.550448,0.488371,0.493114,0.498612,0.523871,0.496242,0.538542,0.470787,0.480486,0.486625,0.482193,0.491487,0.500068,0.47219,0.494644,0.474801,0.478612,0.458083,0.468289,0.354439,0.434555,0.294664,0.406033,0.26558,0.316508,0.162042,0.233487,0.0993968,0.14913,0.0565885,0.108447,0.0440618,0.0756081,0.0300118,0.0549297,0.0260213,0.0424767,0.0212417,0.03009,0.0174686,0.0241136,0.0121118,0.0189365,0.0105808,0.0165105,0.00984902,0.012658,0.00630808,0.00906108,0.00569978,0.0087242,0.00381041,0.00683239,0.0034985,0.00616737,0.00287679,0.00488309,0.00214802,0.00319023,0.00186821,0.00328273,0.00160636,0.00249414,0.0013018,0.00203583,0.000941667,0.00159993,0.000842853,0.00126948,0.00072088,0.00112525,0.00060363,0.000855631,0.000497118,0.000808986,0.000379485,0.000612343,0.000339048,0.00056108,0.000247864,0.000425429,0.000237603,0.000339376,0.000178628,0.000265504,0.000140225,0.000215602,0.000128224,0.000196796,9.74266e-05,0.000155212,7.25739e-05,0.000110336,6.53339e-05,0.000104682,5.20658e-05,7.98573e-05,4.09905e-05,
49200,0.457364,0.574599,0.550448,0.488371,0.493114,0.498612,0.523871,0.496242,0.583076,0.470787,0.445541,0.486625,0.482193,0.491487,0.500068,0.47219,0.525768,0.446569,0.478612,0.458083,0.468289,0.316958,0.434555,0.294664,0.406033,0.26558,0.282128,0.174774,0.233487,0.0993968,0.14913,0.0565885,0.118064,0.0405931,0.0756081,0.0316164,0.0549297,0.0260213,0.0424767,0.0212417,0.033099,0.0174686,0.0241136,0.0121118,0.0209203,0.0105808,0.0165105,0.00984902,0.012658,0.00630808,0.00906108,0.00569978,0.0087242,0.00381041,0.00683239,0.0034985,0.00616737,0.00271988,0.00488309,0.00214802,0.00319023,0.0020452,0.00328273,0.00160636,0.00249414,0.0013018,0.00203583,0.000941667,0.00159993,0.000921297,0.00126948,0.00072088,0.00112525,0.00060363,0.000855631,0.00045639,0.000808986,0.000350403,0.000612343,0.000339048,0.00056108,0.000247864,0.000392555,0.000237603,0.000339376,0.000178628,0.000265504,0.000140225,0.000201229,0.000128224,0.000196796,9.74266e-05,0.000155212,7.76968e-05,0.000119364,6.05505e-05,0.000104682,4.87379e-05,7.98573e-05,4.09905e-05,
49400,0.457364,0.508253,0.492379,0.488371,0.493114,0.498612,0.476723,0.545866,0.583076,0.470787,0.445541,0.486625,0.482193,0.491487,0.500068,0.47219,0.481857,0.446569,0.478612,0.458083,0.468289,0.342315,0.434555,0.294664,0.406033,0.26558,0.282128,0.174774,0.252408,0.0993968,0.14913,0.0565885,0.1098,0.0405931,0.0756081,0.0316164,0.0610565,0.0260213,0.0424767,0.0212417,0.0303229,0.0184155,0.0241136,0.0130538,0.0198406,0.0105808,0.0151257,0.00984902,0.012658,0.00570675,0.00951853,0.0060406,0.0087242,0.00425123,0.00730937,0.0034985,0.00616737,0.00271988,0.00520863,0.00214802,0.00339297,0.0020452,0.00346067,0.00160636,0.00249414,0.0013018,0.00203583,0.000941667,0.00159993,0.000921297,0.0013581,0.00072088,0.00119644,0.00060363,0.000855631,0.000502554,0.000736514,0.000350403,0.000612343,0.000283031,0.00051691,0.000247864,0.000392555,0.000237603,0.000339376,0.000178628,0.000265504,0.000140225,0.000201229,0.000113419,0.000196796,8.6042e-05,0.000155212,7.76968e-05,0.000127321,5.51133e-05,0.000104682,5.26369e-05,7.98573e-05,3.53446e-05,
49600,0.457364,0.508253,0.492379,0.538818,0.493114,0.431752,0.518436,0.501777,0.524768,0.470787,0.445541,0.486625,0.482193,0.491487,0.54959,0.432273,0.52599,0.446569,0.444046,0.458083,0.468289,0.342315,0.434555,0.276054,0.437204,0.26558,0.330581,0.184807,0.265903,0.0993968,0.161461,0.0603611,0.1098,0.0441722,0.0809085,0.0316164,0.0558068,0.0229995,0.0451798,0.0198255,0.032255,0.0168914,0.0241136,0.0130538,0.0198406,0.0105808,0.0164397,0.00930293,0.012658,0.00570675,0.00887046,0.00555051,0.0087242,0.00425123,0.00730937,0.0034985,0.00582008,0.00310683,0.00520863,0.00243443,0.00339297,0.0020452,0.00346067,0.00160636,0.00249414,0.00136812,0.00203583,0.000941667,0.00159993,0.000921297,0.0013581,0.00072088,0.00111668,0.00060363,0.000855631,0.000502554,0.000736514,0.000383015,0.000653166,0.00031778,0.000468189,0.000247864,0.000392555,0.000253443,0.000339376,0.000178628,0.000265504,0.000140225,0.000220393,0.000119388,0.000196796,8.6042e-05,0.000155212,8.78892e-05,0.000127321,5.82135e-05,0.000104682,5.26369e-05,8.46323e-05,3.53446e-05,
49800,0.457364,0.543939,0.492379,0.538818,0.53464,0.460536,0.518436,0.53016,0.524768,0.470787,0.445541,0.44505,0.507571,0.491487,0.51732,0.472175,0.52599,0.446569,0.406236,0.419216,0.468289,0.383265,0.474668,0.276054,0.437204,0.26558,0.330581,0.184807,0.285241,0.0993968,0.161461,0.0552584,0.122203,0.0441722,0.0747814,0.0316164,0.0558068,0.0214811,0.0474913,0.0209733,0.032255,0.0156991,0.0268353,0.0130538,0.0209687,0.00909086,0.0164397,0.00870831,0.012658,0.00570675,0.00887046,0.00555051,0.0087242,0.00425123,0.00684915,0.00379511,0.00582008,0.00287966,0.00488379,0.00261189,0.00339297,0.0020452,0.00327515,0.00148471,0.0026947,0.00136812,0.00203583,0.000941667,0.00159993,0.00086384,0.0013581,0.000786832,0.00111668,0.00060363,0.000855631,0.000502554,0.000736514,0.000359445,0.000653166,0.00031778,0.000468189,0.00023221,0.000392555,0.000253443,0.000339376,0.000178628,0.000265504,0.000140225,0.000220393,0.000119388,0.000196796,8.6042e-05,0.000155212,8.78892e-05,0.000127321,5.82135e-05,0.000104682,5.26369e-05,8.46323e-05,3.53446e-05,
50000,0.457364,0.543939,0.521712,0.538818,0.53464,0.426112,0.518436,0.574253,0.524768,0.470787,0.482384,0.502535,0.539782,0.491487,0.51732,0.472175,0.52599,0.446569,0.433318,0.419216,0.515118,0.383265,0.422151,0.303138,0.437204,0.24289,0.330581,0.184807,0.285241,0.0993968,0.193754,0.0552584,0.130745,0.0441722,0.0827473,0.0299185,0.0558068,0.0214811,0.0474913,0.0209733,0.032255,0.0156991,0.0268353,0.0130538,0.0209687,0.00909086,0.0164397,0.00939841,0.012658,0.00570675,0.00887046,0.00555051,0.0087242,0.00425123,0.00684915,0.00379511,0.00582008,0.00287966,0.00488379,0.00276911,0.00363048,0.0020452,0.00327515,0.00148471,0.0026947,0.00136812,0.00203583,0.000941667,0.00159993,0.00086384,0.0013581,0.000744652,0.00111668,0.00060363,0.000855631,0.000466105,0.000736514,0.000359445,0.000619641,0.000287828,0.000492243,0.00023221,0.000392555,0.000233168,0.000376708,0.000162552,0.000265504,0.000129743,0.000220393,0.000127734,0.000196796,8.6042e-05,0.000155212,9.37485e-05,0.000134346,6.24378e-05,9.52603e-05,5.26369e-05,7.92466e-05,3.53446e-05,
50200,0.457364,0.543939,0.521712,0.538818,0.53464,0.426112,0.518436,0.574253,0.524768,0.470787,0.482384,0.502535,0.539782,0.491487,0.51732,0.472175,0.52599,0.446569,0.433318,0.419216,0.515118,0.383265,0.422151,0.303138,0.437204,0.24289,0.330581,0.184807,0.285241,0.0993968,0.193754,0.0552584,0.130745,0.0441722,0.0827473,0.0299185,0.0558068,0.0214811,0.0474913,0.0209733,0.032255,0.0156991,0.0268353,0.0130538,0.0209687,0.00909086,0.0164397,0.00939841,0.012658,0.00570675,0.00887046,0.00555051,0.0087242,0.00425123,0.00684915,0.00379511,0.00582008,0.00287966,0.00488379,0.00276911,0.00363048,0.0020452,0.00327515,0.00148471,0.0026947,0.00136812,0.00203583,0.000941667,0.00159993,0.00086384,0.0013581,0.000744652,0.00111668,0.00060363,0.000855631,0.000466105,0.000736514,0.000359445,0.000619641,0.000287828,0.000492243,0.00023221,0.000392555,0.000233168,0.000376708,0.000162552,0.000265504,0.000129743,0.000220393,0.000127734,0.000196796,8.6042e-05,0.000155212,9.37485e-05,0.000134346,6.24378e-05,9.52603e-05,5.26369e-05,7.92466e-05,3.53446e-05,
50400,0.457364,0.543939,0.521712,0.538818,0.53464,0.426112,0.518436,0.574253,0.524768,0.470787,0.482384,0.502535,0.539782,0.491487,0.51732,0.472175,0.52599,0.446569,0.433318,0.419216,0.515118,0.383265,0.422151,0.303138,0.437204,0.24289,0.330581,0.184807,0.285241,0.0993968,0.193754,0.0552584,0.130745,0.0441722,0.0827473,0.0299185,0.0558068,0.0214811,0.0474913,0.0209733,0.032255,0.0156991,0.0268353,0.0130538,0.0209687,0.00909086,0.0164397,0.00939841,0.012658,0.00570675,0.00887046,0.00555051,0.0087242,0.00425123,0.00684915,0.00379511,0.00582008,0.00287966,0.00488379,0.00276911,0.00363048,0.0020452,0.00327515,0.00148471,0.0026947,0.00136812,0.00203583,0.000941667,0.00159993,0.00086384,0.0013581,0.000744652,0.00111668,0.00060363,0.000855631,0.000466105,0.000736514,0.000359445,0.000619641,0.000287828,0.000492243,0.00023221,0.000392555,0.000233168,0.000376708,0.000162552,0.000265504,0.000129743,0.000220393,0.000127734,0.000196796,8.6042e-05,0.000155212,9.37485e-05,0.000134346,6.24378e-05,9.52603e-05,5.26369e-05,7.92466e-05,3.53446e-05,
50600,0.457364,0.543939,0.521712,0.538818,0.53464,0.426112,0.518436,0.574253,0.524768,0.470787,0.482384,0.502535,0.539782,0.491487,0.51732,0.472175,0.52599,0.446569,0.433318,0.419216,0.515118,0.383265,0.422151,0.303138,0.437204,0.24289,0.330581,0.184807,0.285241,0.0993968,0.193754,0.0552584,0.130745,0.0441722,0.0827473,0.0299185,0.0558068,0.0214811,0.0474913,0.0209733,0.032255,0.0156991,0.0268353,0.0130538,0.0209687,0.00909086,0.0164397,0.00939841,0.012658,0.00570675,0.00887046,0.00555051,0.0087242,0.00425123,0.00684915,0.00379511,0.00582008,0.00287966,0.00488379,0.00276911,0.00363048,0.0020452,0.00327515,0.00148471,0.0026947,0.00136812,0.00203583,0.000941667,0.00159993,0.00086384,0.0013581,0.000744652,0.00111668,0.00060363,0.000855631,0.000466105,0.000736514,0.000359445,0.000619641,0.000287828,0.000492243,0.00023221,0.000392555,0.000233168,0.000376708,0.000162552,0.000265504,0.000129743,0.000220393,0.000127734,0.000196796,8.6042e-05,0.000155212,9.37485e-05,0.000134346,6.24378e-05,9.52603e-05,5.26369e-05,7.92466e-05,3.53446e-05,
50800,0.457364,0.543939,0.521712,0.538818,0.53464,0.426112,0.518436,0.574253,0.524768,0.470787,0.482384,0.502535,0.539782,0.491487,0.51732,0.472175,0.52599,0.446569,0.433318,0.419216,0.515118,0.383265,0.422151,0.303138,0.437204,0.24289,0.330581,0.184807,0.285241,0.0993968,0.193754,0.0552584,0.130745,0.0441722,0.0827473,0.0299185,0.0558068,0.0214811,0.0474913,0.0209733,0.032255,0.0156991,0.0268353,0.0130538,0.0209687,0.00909086,0.0164397,0.00939841,0.012658,0.00570675,0.00887046,0.00555051,0.0087242,0.00425123,0.00684915,0.00379511,0.00582008,0.00287966,0.00488379,0.00276911,0.00363048,0.0020452,0.00327515,0.00148471,0.0026947,0.00136812,0.00203583,0.000941667,0.00159993,0.00086384,0.0013581,0.000744652,0.00111668,0.00060363,0.000855631,0.000466105,0.000736514,0.000359445,0.000619641,0.000287828,0.000492243,0.00023221,0.000392555,0.000233168,0.000376708,0.000162552,0.000265504,0.000129743,0.000220393,0.000127734,0.000196796,8.6042e-05,0.000155212,9.37485e-05,0.000134346,6.24378e-05,9.52603e-05,5.26369e-05,7.92466e-05,3.53446e-05,
51000,0.457364,0.543939,0.521712,0.538818,0.53464,0.426112,0.518436,0.574253,0.524768,0.470787,0.482384,0.502535,0.539782,0.491487,0.51732,0.472175,0.52599,0.446569,0.433318,0.419216,0.515118,0.383265,0.422151,0.303138,0.437204,0.24289,0.330581,0.184807,0.285241,0.0993968,0.193754,0.0552584,0.130745,0.0441722,0.0827473,0.0299185,0.0558068,0.0214811,0.0474913,0.0209733,0.032255,0.0156991,0.0268353,0.0130538,0.0209687,0.00909086,0.0164397,0.00939841,0.012658,0.00570675,0.00887046,0.00555051,0.0087242,0.00425123,0.00684915,0.00379511,0.00582008,0.00287966,0.00488379,0.00276911,0.00363048,0.0020452,0.00327515,0.00148471,0.0026947,0.00136812,0.00203583,0.000941667,0.00159993,0.00086384,0.0013581,0.000744652,0.00111668,0.00060363,0.000855631,0.000466105,0.000736514,0.000359445,0.000619641,0.000287828,0.000492243,0.00023221,0.000392555,0.000233168,0.000376708,0.000162552,0.000265504,0.000129743,0.000220393,0.000127734,0.000196796,8.6042e-05,0.000155212,9.37485e-05,0.000134346,6.24378e-05,9.52603e-05,5.26369e-05,7.92466e-05,3.53446e-05,
51200,0.457364,0.543939,0.521712,0.538818,0.53464,0.426112,0.518436,0.574253,0.524768,0.470787,0.482384,0.502535,0.539782,0.491487,0.51732,0.472175,0.52599,0.446569,0.433318,0.419216,0.515118,0.383265,0.422151,0.303138,0.437204,0.24289,0.330581,0.184807,0.285241,0.0993968,0.193754,0.0552584,0.130745,0.0441722,0.0827473,0.0299185,0.0558068,0.0214811,0.0474913,0.0209733,0.032255,0.0156991,0.0268353,0.0130538,0.0209687,0.00909086,0.0164397,0.00939841,0.012658,0.00570675,0.00887046,0.00555051,0.0087242,0.00425123,0.00684915,0.00379511,0.00582008,0.00287966,0.00488379,0.00276911,0.00363048,0.0020452,0.00327515,0.00148471,0.0026947,0.00136812,0.00203583,0.000941667,0.00159993,0.00086384,0.0013581,0.000744652,0.00111668,0.00060363,0.000855631,0.000466105,0.000736514,0.000359445,0.000619641,0.000287828,0.000492243,0.00023221,0.000392555,0.000233168,0.000376708,0.000162552,0.000265504,0.000129743,0.000220393,0.000127734,0.000196796,8.6042e-05,0.000155212,9.37485e-05,0.000134346,6.24378e-05,9.52603e-05,5.26369e-05,7.92466e-05,3.53446e-05,
51400,0.457364,0.543939,0.521712,0.538818,0.53464,0.426112,0.518436,0.574253,0.524768,0.470787,0.482384,0.502535,0.539782,0.491487,0.51732,0.472175,0.52599,0.446569,0.433318,0.419216,0.515118,0.383265,0.422151,0.303138,0.437204,0.24289,0.330581,0.184807,0.285241,0.0993968,0.193754,0.0552584,0.130745,0.0441722,0.0827473,0.0299185,0.0558068,0.0214811,0.0474913,0.0209733,0.032255,0.0156991,0.0268353,0.0130538,0.0209687,0.00909086,0.0164397,0.00939841,0.012658,0.00570675,0.00887046,0.00555051,0.0087242,0.00425123,0.00684915,0.00379511,0.00582008,0.00287966,0.00488379,0.00276911,0.00363048,0.0020452,0.00327515,0.00148471,0.0026947,0.00136812,0.00203583,0.000941667,0.00159993,0.00086384,0.0013581,0.000744652,0.00111668,0.00060363,0.000855631,0.000466105,0.000736514,0.000359445,0.000619641,0.000287828,0.000492243,0.00023221,0.000392555,0.000233168,0.000376708,0.000162552,0.000265504,0.000129743,0.000220393,0.000127734,0.000196796,8.6042e-05,0.000155212,9.37485e-05,0.000134346,6.24378e-05,9.52603e-05,5.26369e-05,7.92466e-05,3.53446e-05,
51600,0.457364,0.543939,0.521712,0.538818,0.53464,0.426112,0.518436,0.574253,0.524768,0.470787,0.482384,0.502535,0.539782,0.491487,0.51732,0.472175,0.52599,0.446569,0.433318,0.419216,0.515118,0.383265,0.422151,0.303138,0.437204,0.24289,0.330581,0.184807,0.285241,0.0993968,0.193754,0.0552584,0.130745,0.0441722,0.0827473,0.0299185,0.0558068,0.0214811,0.0474913,0.0209733,0.032255,0.0156991,0.0268353,0.0130538,0.0209687,0.00909086,0.0164397,0.00939841,0.012658,0.00570675,0.00887046,0.00555051,0.0087242,0.00425123,0.00684915,0.00379511,0.00582008,0.00287966,0.00488379,0.00276911,0.00363048,0.0020452,0.00327515,0.00148471,0.0026947,0.00136812,0.00203583,0.000941667,0.00159993,0.00086384,0.0013581,0.000744652,0.00111668,0.00060363,0.000855631,0.000466105,0.000736514,0.000359445,0.000619641,0.000287828,0.000492243,0.00023221,0.000392555,0.000233168,0.000376708,0.000162552,0.000265504,0.000129743,0.000220393,0.000127734,0.000196796,8.6042e-05,0.000155212,9.37485e-05,0.000134346,6.24378e-05,9.52603e-05,5.26369e-05,7.92466e-05,3.53446e-05,
51800,0.457364,0.543939,0.521712,0.538818,0.53464,0.426112,0.518436,0.574253,0.524768,0.470787,0.482384,0.502535,0.539782,0.491487,0.51732,0.472175,0.52599,0.446569,0.433318,0.419216,0.515118,0.383265,0.422151,0.303138,0.437204,0.24289,0.330581,0.184807,0.285241,0.0993968,0.193754,0.0552584,0.130745,0.0441722,0.0827473,0.0299185,0.0558068,0.0214811,0.0474913,0.0209733,0.032255,0.0156991,0.0268353,0.0130538,0.0209687,0.00909086,0.0164397,0.00939841,0.012658,0.00570675,0.00887046,0.00555051,0.0087242,0.00425123,0.00684915,0.00379511,0.00582008,0.00287966,0.00488379,0.00276911,0.00363048,0.0020452,0.00327515,0.00148471,0.0026947,0.00136812,0.00203583,0.000941667,0.00159993,0.00086384,0.0013581,0.000744652,0.00111668,0.00060363,0.000855631,0.000466105,0.000736514,0.000359445,0.000619641,0.000287828,0.000492243,0.00023221,0.000392555,0.000233168,0.000376708,0.000162552,0.000265504,0.000129743,0.000220393,0.000127734,0.000196796,8.6042e-05,0.000155212,9.37485e-05,0.000134346,6.24378e-05,9.52603e-05,5.26369e-05,7.92466e-05,3.53446e-05,
52000,0.457364,0.543939,0.521712,0.538818,0.53464,0.426112,0.518436,0.574253,0.524768,0.470787,0.482384,0.502535,0.539782,0.491487,0.51732,0.472175,0.52599,0.446569,0.433318,0.419216,0.515118,0.383265,0.422151,0.303138,0.437204,0.24289,0.330581,0.184807,0.285241,0.0993968,0.193754,0.0552584,0.130745,0.0441722,0.0827473,0.0299185,0.0558068,0.0214811,0.0474913,0.0209733,0.032255,0.0156991,0.0268353,0.0130538,0.0209687,0.00909086,0.0164397,0.00939841,0.012658,0.00570675,0.00887046,0.00555051,0.0087242,0.00425123,0.00684915,0.00379511,0.00582008,0.00287966,0.00488379,0.00276911,0.00363048,0.0020452,0.00327515,0.00148471,0.0026947,0.00136812,0.00203583,0.000941667,0.00159993,0.00086384,0.0013581,0.000744652,0.00111668,0.00060363,0.000855631,0.000466105,0.000736514,0.000359445,0.000619641,0.000287828,0.000492243,0.00023221,0.000392555,0.000233168,0.000376708,0.000162552,0.000265504,0.000129743,0.000220393,0.000127734,0.000196796,8.6042e-05,0.000155212,9.37485e-05,0.000134346,6.24378e-05,9.52603e-05,5.26369e-05,7.92466e-05,3.53446e-05,
52200,0.457364,0.543939,0.521712,0.538818,0.53464,0.426112,0.518436,0.574253,0.524768,0.470787,0.482384,0.502535,0.539782,0.491487,0.51732,0.472175,0.52599,0.446569,0.433318,0.419216,0.515118,0.383265,0.422151,0.303138,0.437204,0.24289,0.330581,0.184807,0.285241,0.0993968,0.193754,0.0552584,0.130745,0.0441722,0.0827473,0.0299185,0.0558068,0.0214811,0.0474913,0.0209733,0.032255,0.0156991,0.0268353,0.0130538,0.0209687,0.00909086,0.0164397,0.00939841,0.012658,0.00570675,0.00887046,0.00555051,0.0087242,0.00425123,0.00684915,0.00379511,0.00582008,0.00287966,0.00488379,0.00276911,0.00363048,0.0020452,0.00327515,0.00148471,0.0026947,0.00136812,0.00203583,0.000941667,0.00159993,0.00086384,0.0013581,0.000744652,0.00111668,0.00060363,0.000855631,0.000466105,0.000736514,0.000359445,0.000619641,0.000287828,0.000492243,0.00023221,0.000392555,0.000233168,0.000376708,0.000162552,0.000265504,0.000129743,0.000220393,0.000127734,0.000196796,8.6042e-05,0.000155212,9.37485e-05,0.000134346,6.24378e-05,9.52603e-05,5.26369e-05,7.92466e-05,3.53446e-05,
52400,0.457364,0.543939,0.521712,0.538818,0.53464,0.426112,0.518436,0.574253,0.524768,0.470787,0.482384,0.502535,0.539782,0.491487,0.51732,0.472175,0.52599,0.446569,0.433318,0.419216,0.515118,0.383265,0.422151,0.303138,0.437204,0.24289,0.330581,0.184807,0.285241,0.0993968,0.193754,0.0552584,0.130745,0.0441722,0.0827473,0.0299185,0.0558068,0.0214811,0.0474913,0.0209733,0.032255,0.0156991,0.0268353,0.0130538,0.0209687,0.00909086,0.0164397,0.00939841,0.012658,0.00570675,0.00887046,0.00555051,0.0087242,0.00425123,0.00684915,0.00379511,0.00582008,0.00287966,0.00488379,0.00276911,0.00363048,0.0020452,0.00327515,0.00148471,0.0026947,0.00136812,0.00203583,0.000941667,0.00159993,0.00086384,0.0013581,0.000744652,0.00111668,0.00060363,0.000855631,0.000466105,0.000736514,0.000359445,0.000619641,0.000287828,0.000492243,0.00023221,0.000392555,0.000233168,0.000376708,0.000162552,0.000265504,0.000129743,0.000220393,0.000127734,0.000196796,8.6042e-05,0.000155212,9.37485e-05,0.000134346,6.24378e-05,9.52603e-05,5.26369e-05,7.92466e-05,3.53446e-05,
52600,0.457364,0.543939,0.521712,0.538818,0.53464,0.426112,0.518436,0.574253,0.524768,0.470787,0.482384,0.502535,0.539782,0.491487,0.51732,0.472175,0.52599,0.446569,0.433318,0.419216,0.515118,0.383265,0.422151,0.303138,0.437204,0.24289,0.330581,0.184807,0.285241,0.0993968,0.193754,0.0552584,0.130745,0.0441722,0.0827473,0.0299185,0.0558068,0.0214811,0.0474913,0.0209733,0.032255,0.0156991,0.0268353,0.0130538,0.0209687,0.00909086,0.0164397,0.00939841,0.012658,0.00570675,0.00887046,0.00555051,0.0087242,0.00425123,0.00684915,0.00379511,0.00582008,0.00287966,0.00488379,0.00276911,0.00363048,0.0020452,0.00327515,0.00148471,0.0026947,0.00136812,0.00203583,0.000941667,0.00159993,0.00086384,0.0013581,0.000744652,0.00111668,0.00060363,0.000855631,0.000466105,0.000736514,0.000359445,0.000619641,0.000287828,0.000492243,0.00023221,0.000392555,0.000233168,0.000376708,0.000162552,0.000265504,0.000129743,0.000220393,0.000127734,0.000196796,8.6042e-05,0.000155212,9.37485e-05,0.000134346,6.24378e-05,9.52603e-05,5.26369e-05,7.92466e-05,3.53446e-05,
52800,0.457364,0.543939,0.521712,0.538818,0.53464,0.426112,0.518436,0.574253,0.524768,0.470787,0.482384,0.502535,0.539782,0.491487,0.51732,0.472175,0.52599,0.446569,0.433318,0.419216,0.515118,0.383265,0.422151,0.303138,0.437204,0.24289,0.330581,0.184807,0.285241,0.0993968,0.193754,0.0552584,0.130745,0.0441722,0.0827473,0.0299185,0.0558068,0.0214811,0.0474913,0.0209733,0.032255,0.0156991,0.0268353,0.0130538,0.0209687,0.00909086,0.0164397,0.00939841,0.012658,0.00570675,0.00887046,0.00555051,0.0087242,0.00425123,0.00684915,0.00379511,0.00582008,0.00287966,0.00488379,0.00276911,0.00363048,0.0020452,0.00327515,0.00148471,0.0026947,0.00136812,0.00203583,0.000941667,0.00159993,0.00086384,0.0013581,0.000744652,0.00111668,0.00060363,0.000855631,0.000466105,0.000736514,0.000359445,0.000619641,0.000287828,0.000492243,0.00023221,0.000392555,0.000233168,0.000376708,0.000162552,0.000265504,0.000129743,0.000220393,0.000127734,0.000196796,8.6042e-05,0.000155212,9.37485e-05,0.000134346,6.24378e-05,9.52603e-05,5.26369e-05,7.92466e-05,3.53446e-05,
53000,0.457364,0.543939,0.521712,0.538818,0.53464,0.426112,0.518436,0.574253,0.524768,0.470787,0.482384,0.502535,0.539782,0.491487,0.51732,0.472175,0.52599,0.446569,0.433318,0.419216,0.515118,0.383265,0.422151,0.303138,0.437204,0.24289,0.330581,0.184807,0.285241,0.0993968,0.193754,0.0552584,0.130745,0.0441722,0.0827473,0.0299185,0.0558068,0.0214811,0.0474913,0.0209733,0.032255,0.0156991,0.0268353,0.0130538,0.0209687,0.00909086,0.0164397,0.00939841,0.012658,0.00570675,0.00887046,0.00555051,0.0087242,0.00425123,0.00684915,0.00379511,0.00582008,0.00287966,0.00488379,0.00276911,0.00363048,0.0020452,0.00327515,0.00148471,0.0026947,0.00136812,0.00203583,0.000941667,0.00159993,0.00086384,0.0013581,0.000744652,0.00111668,0.00060363,0.000855631,0.000466105,0.000736514,0.000359445,0.000619641,0.000287828,0.000492243,0.00023221,0.000392555,0.000233168,0.000376708,0.000162552,0.000265504,0.000129743,0.000220393,0.000127734,0.000196796,8.6042e-05,0.000155212,9.37485e-05,0.000134346,6.24378e-05,9.52603e-05,5.26369e-05,7.92466e-05,3.53446e-05,
53200,0.457364,0.543939,0.521712,0.538818,0.53464,0.426112,0.518436,0.574253,0.524768,0.470787,0.482384,0.502535,0.539782,0.491487,0.51732,0.472175,0.52599,0.446569,0.433318,0.419216,0.515118,0.383265,0.422151,0.303138,0.437204,0.24289,0.330581,0.184807,0.285241,0.0993968,0.193754,0.0552584,0.130745,0.0441722,0.0827473,0.0299185,0.0558068,0.0214811,0.0474913,0.0209733,0.032255,0.0156991,0.0268353,0.0130538,0.0209687,0.00909086,0.0164397,0.00939841,0.012658,0.00570675,0.00887046,0.00555051,0.0087242,0.00425123,0.00684915,0.00379511,0.00582008,0.00287966,0.00488379,0.00276911,0.00363048,0.0020452,0.00327515,0.00148471,0.0026947,0.00136812,0.00203583,0.000941667,0.00159993,0.00086384,0.0013581,0.000744652,0.00111668,0.00060363,0.000855631,0.000466105,0.000736514,0.000359445,0.000619641,0.000287828,0.000492243,0.00023221,0.000392555,0.000233168,0.000376708,0.000162552,0.000265504,0.000129743,0.000220393,0.000127734,0.000196796,8.6042e-05,0.000155212,9.37485e-05,0.000134346,6.24378e-05,9.52603e-05,5.26369e-05,7.92466e-05,3.53446e-05,
53400,0.457364,0.543939,0.521712,0.538818,0.53464,0.426112,0.518436,0.574253,0.524768,0.470787,0.482384,0.502535,0.539782,0.491487,0.51732,0.472175,0.52599,0.446569,0.433318,0.419216,0.515118,0.383265,0.422151,0.303138,0.437204,0.24289,0.330581,0.184807,0.285241,0.0993968,0.193754,0.0552584,0.130745,0.0441722,0.0827473,0.0299185,0.0558068,0.0214811,0.0474913,0.0209733,0.032255,0.0156991,0.0268353,0.0130538,0.0209687,0.00909086,0.0164397,0.00939841,0.012658,0.00570675,0.00887046,0.00555051,0.0087242,0.00425123,0.00684915,0.00379511,0.00582008,0.00287966,0.00488379,0.00276911,0.00363048,0.0020452,0.00327515,0.00148471,0.0026947,0.00136812,0.00203583,0.000941667,0.00159993,0.00086384,0.0013581,0.000744652,0.00111668,0.00060363,0.000855631,0.000466105,0.000736514,0.000359445,0.000619641,0.000287828,0.000492243,0.00023221,0.000392555,0.000233168,0.000376708,0.000162552,0.000265504,0.000129743,0.000220393,0.000127734,0.000196796,8.6042e-05,0.000155212,9.37485e-05,0.000134346,6.24378e-05,9.52603e-05,5.26369e-05,7.92466e-05,3.53446e-05,
53600,0.457364,0.543939,0.521712,0.538818,0.53464,0.426112,0.518436,0.574253,0.524768,0.470787,0.482384,0.502535,0.539782,0.491487,0.51732,0.472175,0.52599,0.446569,0.433318,0.419216,0.515118,0.383265,0.422151,0.303138,0.437204,0.24289,0.330581,0.184807,0.285241,0.0993968,0.193754,0.0552584,0.130745,0.0441722,0.0827473,0.0299185,0.0558068,0.0214811,0.0474913,0.0209733,0.032255,0.0156991,0.0268353,0.0130538,0.0209687,0.00909086,0.0164397,0.00939841,0.012658,0.00570675,0.00887046,0.00555051,0.0087242,0.00425123,0.00684915,0.00379511,0.00582008,0.00287966,0.00488379,0.00276911,0.00363048,0.0020452,0.00327515,0.00148471,0.0026947,0.00136812,0.00203583,0.000941667,0.00159993,0.00086384,0.0013581,0.000744652,0.00111668,0.00060363,0.000855631,0.000466105,0.000736514,0.000359445,0.000619641,0.000287828,0.000492243,0.00023221,0.000392555,0.000233168,0.000376708,0.000162552,0.000265504,0.000129743,0.000220393,0.000127734,0.000196796,8.6042e-05,0.000155212,9.37485e-05,0.000134346,6.24378e-05,9.52603e-05,5.26369e-05,7.92466e-05,3.53446e-05,
53800,0.457364,0.543939,0.521712,0.538818,0.53464,0.426112,0.518436,0.574253,0.524768,0.470787,0.482384,0.502535,0.539782,0.491487,0.51732,0.472175,0.52599,0.446569,0.433318,0.419216,0.515118,0.383265,0.422151,0.303138,0.437204,0.24289,0.330581,0.184807,0.285241,0.0993968,0.193754,0.0552584,0.130745,0.0441722,0.0827473,0.0299185,0.0558068,0.0214811,0.0474913,0.0209733,0.032255,0.0156991,0.0268353,0.0130538,0.0209687,0.00909086,0.0164397,0.00939841,0.012658,0.00570675,0.00887046,0.00555051,0.0087242,0.00425123,0.00684915,0.00379511,0.00582008,0.00287966,0.00488379,0.00276911,0.00363048,0.0020452,0.00327515,0.00148471,0.0026947,0.00136812,0.00203583,0.000941667,0.00159993,0.00086384,0.0013581,0.000744652,0.00111668,0.00060363,0.000855631,0.000466105,0.000736514,0.000359445,0.000619641,0.000287828,0.000492243,0.00023221,0.000392555,0.000233168,0.000376708,0.000162552,0.000265504,0.000129743,0.000220393,0.000127734,0.000196796,8.6042e-05,0.000155212,9.37485e-05,0.000134346,6.24378e-05,9.52603e-05,5.26369e-05,7.92466e-05,3.53446e-05,
54000,0.457364,0.543939,0.521712,0.538818,0.53464,0.426112,0.518436,0.574253,0.524768,0.470787,0.482384,0.502535,0.539782,0.491487,0.51732,0.472175,0.52599,0.446569,0.433318,0.419216,0.515118,0.383265,0.422151,0.303138,0.437204,0.24289,0.330581,0.184807,0.285241,0.0993968,0.193754,0.0552584,0.130745,0.0441722,0.0827473,0.0299185,0.0558068,0.0214811,0.0474913,0.0209733,0.032255,0.0156991,0.0268353,0.0130538,0.0209687,0.00909086,0.0164397,0.00939841,0.012658,0.00570675,0.00887046,0.00555051,0.0087242,0.00425123,0.00684915,0.00379511,0.00582008,0.00287966,0.00488379,0.00276911,0.00363048,0.0020452,0.00327515,0.00148471,0.0026947,0.00136812,0.00203583,0.000941667,0.00159993,0.00086384,0.0013581,0.000744652,0.00111668,0.00060363,0.000855631,0.000466105,0.000736514,0.000359445,0.000619641,0.000287828,0.000492243,0.00023221,0.000392555,0.000233168,0.000376708,0.000162552,0.000265504,0.000129743,0.000220393,0.000127734,0.000196796,8.6042e-05,0.000155212,9.37485e-05,0.000134346,6.24378e-05,9.52603e-05,5.26369e-05,7.92466e-05,3.53446e-05,
54200,0.457364,0.543939,0.521712,0.538818,0.53464,0.426112,0.518436,0.574253,0.524768,0.470787,0.482384,0.502535,0.539782,0.491487,0.51732,0.472175,0.52599,0.446569,0.433318,0.419216,0.515118,0.383265,0.422151,0.303138,0.437204,0.24289,0.330581,0.184807,0.285241,0.0993968,0.193754,0.0552584,0.130745,0.0441722,0.0827473,0.0299185,0.0558068,0.0214811,0.0474913,0.0209733,0.032255,0.0156991,0.0268353,0.0130538,0.0209687,0.00909086,0.0164397,0.00939841,0.012658,0.00570675,0.00887046,0.00555051,0.0087242,0.00425123,0.00684915,0.00379511,0.00582008,0.00287966,0.00488379,0.00276911,0.00363048,0.0020452,0.00327515,0.00148471,0.0026947,0.00136812,0.00203583,0.000941667,0.00159993,0.00086384,0.0013581,0.000744652,0.00111668,0.00060363,0.000855631,0.000466105,0.000736514,0.000359445,0.000619641,0.000287828,0.000492243,0.00023221,0.000392555,0.000233168,0.000376708,0.000162552,0.000265504,0.000129743,0.000220393,0.000127734,0.000196796,8.6042e-05,0.000155212,9.37485e-05,0.000134346,6.24378e-05,9.52603e-05,5.26369e-05,7.92466e-05,3.53446e-05,
54400,0.457364,0.543939,0.521712,0.538818,0.53464,0.426112,0.518436,0.574253,0.524768,0.470787,0.482384,0.502535,0.539782,0.491487,0.51732,0.472175,0.52599,0.446569,0.433318,0.419216,0.515118,0.383265,0.422151,0.303138,0.437204,0.24289,0.330581,0.184807,0.285241,0.0993968,0.193754,0.0552584,0.130745,0.0441722,0.0827473,0.0299185,0.0558068,0.0214811,0.0474913,0.0209733,0.032255,0.0156991,0.0268353,0.0130538,0.0209687,0.00909086,0.0164397,0.00939841,0.012658,0.00570675,0.00887046,0.00555051,0.0087242,0.00425123,0.00684915,0.00379511,0.00582008,0.00287966,0.00488379,0.00276911,0.00363048,0.0020452,0.00327515,0.00148471,0.0026947,0.00136812,0.00203583,0.000941667,0.00159993,0.00086384,0.0013581,0.000744652,0.00111668,0.00060363,0.000855631,0.000466105,0.000736514,0.000359445,0.000619641,0.000287828,0.000492243,0.00023221,0.000392555,0.000233168,0.000376708,0.000162552,0.000265504,0.000129743,0.000220393,0.000127734,0.000196796,8.6042e-05,0.000155212,9.37485e-05,0.000134346,6.24378e-05,9.52603e-05,5.26369e-05,7.92466e-05,3.53446e-05,
54600,0.457364,0.543939,0.521712,0.538818,0.53464,0.426112,0.518436,0.574253,0.524768,0.470787,0.482384,0.502535,0.539782,0.491487,0.51732,0.472175,0.52599,0.446569,0.433318,0.419216,0.515118,0.383265,0.422151,0.303138,0.437204,0.24289,0.330581,0.184807,0.285241,0.0993968,0.193754,0.0552584,0.130745,0.0441722,0.0827473,0.0299185,0.0558068,0.0214811,0.0474913,0.0209733,0.032255,0.0156991,0.0268353,0.0130538,0.0209687,0.00909086,0.0164397,0.00939841,0.012658,0.00570675,0.00887046,0.00555051,0.0087242,0.00425123,0.00684915,0.00379511,0.00582008,0.00287966,0.00488379,0.00276911,0.00363048,0.0020452,0.00327515,0.00148471,0.0026947,0.00136812,0.00203583,0.000941667,0.00159993,0.00086384,0.0013581,0.000744652,0.00111668,0.00060363,0.000855631,0.000466105,0.000736514,0.000359445,0.000619641,0.000287828,0.000492243,0.00023221,0.000392555,0.000233168,0.000376708,0.000162552,0.000265504,0.000129743,0.000220393,0.000127734,0.000196796,8.6042e-05,0.000155212,9.37485e-05,0.000134346,6.24378e-05,9.52603e-05,5.26369e-05,7.92466e-05,3.53446e-05,
54800,0.457364,0.543939,0.521712,0.538818,0.53464,0.426112,0.518436,0.574253,0.524768,0.470787,0.482384,0.502535,0.539782,0.491487,0.51732,0.472175,0.52599,0.446569,0.433318,0.419216,0.515118,0.383265,0.422151,0.303138,0.437204,0.24289,0.330581,0.184807,0.285241,0.0993968,0.193754,0.0552584,0.130745,0.0441722,0.0827473,0.0299185,0.0558068,0.0214811,0.0474913,0.0209733,0.032255,0.0156991,0.0268353,0.0130538,0.0209687,0.00909086,0.0164397,0.00939841,0.012658,0.00570675,0.00887046,0.00555051,0.0087242,0.00425123,0.00684915,0.00379511,0.00582008,0.00287966,0.00488379,0.00276911,0.00363048,0.0020452,0.00327515,0.00148471,0.0026947,0.00136812,0.00203583,0.000941667,0.00159993,0.00086384,0.0013581,0.000744652,0.00111668,0.00060363,0.000855631,0.000466105,0.000736514,0.000359445,0.000619641,0.000287828,0.000492243,0.00023221,0.000392555,0.000233168,0.000376708,0.000162552,0.000265504,0.000129743,0.000220393,0.000127734,0.000196796,8.6042e-05,0.000155212,9.37485e-05,0.000134346,6.24378e-05,9.52603e-05,5.26369e-05,7.92466e-05,3.53446e-05,
55000,0.457364,0.543939,0.521712,0.538818,0.53464,0.426112,0.518436,0.574253,0.524768,0.470787,0.482384,0.502535,0.539782,0.491487,0.51732,0.472175,0.52599,0.446569,0.433318,0.419216,0.515118,0.383265,0.422151,0.303138,0.437204,0.24289,0.330581,0.184807,0.285241,0.0993968,0.193754,0.0552584,0.130745,0.0441722,0.0827473,0.0299185,0.0558068,0.0214811,0.0474913,0.0209733,0.032255,0.0156991,0.0268353,0.0130538,0.0209687,0.00909086,0.0164397,0.00939841,0.012658,0.00570675,0.00887046,0.00555051,0.0087242,0.00425123,0.00684915,0.00379511,0.00582008,0.00287966,0.00488379,0.00276911,0.00363048,0.0020452,0.00327515,0.00148471,0.0026947,0.00136812,0.00203583,0.000941667,0.00159993,0.00086384,0.0013581,0.000744652,0.00111668,0.00060363,0.000855631,0.000466105,0.000736514,0.000359445,0.000619641,0.000287828,0.000492243,0.00023221,0.000392555,0.000233168,0.000376708,0.000162552,0.000265504,0.000129743,0.000220393,0.000127734,0.000196796,8.6042e-05,0.000155212,9.37485e-05,0.000134346,6.24378e-05,9.52603e-05,5.26369e-05,7.92466e-05,3.53446e-05,
55200,0.457364,0.543939,0.521712,0.538818,0.53464,0.426112,0.518436,0.574253,0.524768,0.470787,0.482384,0.502535,0.539782,0.491487,0.51732,0.472175,0.52599,0.446569,0.433318,0.419216,0.515118,0.383265,0.422151,0.303138,0.437204,0.24289,0.330581,0.184807,0.285241,0.0993968,0.193754,0.0552584,0.130745,0.0441722,0.0827473,0.0299185,0.0558068,0.0214811,0.0474913,0.0209733,0.032255,0.0156991,0.0268353,0.0130538,0.0209687,0.00909086,0.0164397,0.00939841,0.012658,0.00570675,0.00887046,0.00555051,0.0087242,0.00425123,0.00684915,0.00379511,0.00582008,0.00287966,0.00488379,0.00276911,0.00363048,0.0020452,0.00327515,0.00148471,0.0026947,0.00136812,0.00203583,0.000941667,0.00159993,0.00086384,0.0013581,0.000744652,0.00111668,0.00060363,0.000855631,0.000466105,0.000736514,0.000359445,0.000619641,0.000287828,0.000492243,0.00023221,0.000392555,0.000233168,0.000376708,0.000162552,0.000265504,0.000129743,0.000220393,0.000127734,0.000196796,8.6042e-05,0.000155212,9.37485e-05,0.000134346,6.24378e-05,9.52603e-05,5.26369e-05,7.92466e-05,3.53446e-05,
55400,0.457364,0.543939,0.521712,0.538818,0.53464,0.426112,0.518436,0.574253,0.524768,0.470787,0.482384,0.502535,0.539782,0.491487,0.51732,0.472175,0.52599,0.446569,0.433318,0.419216,0.515118,0.383265,0.422151,0.303138,0.437204,0.24289,0.330581,0.184807,0.285241,0.0993968,0.193754,0.0552584,0.130745,0.0441722,0.0827473,0.0299185,0.0558068,0.0214811,0.0474913,0.0209733,0.032255,0.0156991,0.0268353,0.0130538,0.0209687,0.00909086,0.0164397,0.00939841,0.012658,0.00570675,0.00887046,0.00555051,0.0087242,0.00425123,0.00684915,0.00379511,0.00582008,0.00287966,0.00488379,0.00276911,0.00363048,0.0020452,0.00327515,0.00148471,0.0026947,0.00136812,0.00203583,0.000941667,0.00159993,0.00086384,0.0013581,0.000744652,0.00111668,0.00060363,0.000855631,0.000466105,0.000736514,0.000359445,0.000619641,0.000287828,0.000492243,0.00023221,0.000392555,0.000233168,0.000376708,0.000162552,0.000265504,0.000129743,0.000220393,0.000127734,0.000196796,8.6042e-05,0.000155212,9.37485e-05,0.000134346,6.24378e-05,9.52603e-05,5.26369e-05,7.92466e-05,3.53446e-05,
55600,0.457364,0.543939,0.521712,0.538818,0.53464,0.426112,0.518436,0.574253,0.524768,0.470787,0.482384,0.502535,0.539782,0.491487,0.51732,0.472175,0.52599,0.446569,0.433318,0.419216,0.515118,0.383265,0.422151,0.303138,0.437204,0.24289,0.330581,0.184807,0.285241,0.0993968,0.193754,0.0552584,0.130745,0.0441722,0.0827473,0.0299185,0.0558068,0.0214811,0.0474913,0.0209733,0.032255,0.0156991,0.0268353,0.0130538,0.0209687,0.00909086,0.0164397,0.00939841,0.012658,0.00570675,0.00887046,0.00555051,0.0087242,0.00425123,0.00684915,0.00379511,0.00582008,0.00287966,0.00488379,0.00276911,0.00363048,0.0020452,0.00327515,0.00148471,0.0026947,0.00136812,0.00203583,0.000941667,0.00159993,0.00086384,0.0013581,0.000744652,0.00111668,0.00060363,0.000855631,0.000466105,0.000736514,0.000359445,0.000619641,0.000287828,0.000492243,0.00023221,0.000392555,0.000233168,0.000376708,0.000162552,0.000265504,0.000129743,0.000220393,0.000127734,0.000196796,8.6042e-05,0.000155212,9.37485e-05,0.000134346,6.24378e-05,9.52603e-05,5.26369e-05,7.92466e-05,3.53446e-05,
55800,0.457364,0.543939,0.521712,0.538818,0.53464,0.426112,0.518436,0.574253,0.524768,0.470787,0.482384,0.502535,0.539782,0.491487,0.51732,0.472175,0.52599,0.446569,0.433318,0.419216,0.515118,0.383265,0.422151,0.303138,0.437204,0.24289,0.330581,0.184807,0.285241,0.0993968,0.193754,0.0552584,0.130745,0.0441722,0.0827473,0.0299185,0.0558068,0.0214811,0.0474913,0.0209733,0.032255,0.0156991,0.0268353,0.0130538,0.0209687,0.00909086,0.0164397,0.00939841,0.012658,0.00570675,0.00887046,0.00555051,0.0087242,0.00425123,0.00684915,0.00379511,0.00582008,0.00287966,0.00488379,0.00276911,0.00363048,0.0020452,0.00327515,0.00148471,0.0026947,0.00136812,0.00203583,0.000941667,0.00159993,0.00086384,0.0013581,0.000744652,0.00111668,0.00060363,0.000855631,0.000466105,0.000736514,0.000359445,0.000619641,0.000287828,0.000492243,0.00023221,0.000392555,0.000233168,0.000376708,0.000162552,0.000265504,0.000129743,0.000220393,0.000127734,0.000196796,8.6042e-05,0.000155212,9.37485e-05,0.000134346,6.24378e-05,9.52603e-05,5.26369e-05,7.92466e-05,3.53446e-05,
56000,0.457364,0.543939,0.521712,0.538818,0.53464,0.426112,0.518436,0.574253,0.524768,0.470787,0.482384,0.502535,0.539782,0.491487,0.51732,0.472175,0.52599,0.446569,0.433318,0.419216,0.515118,0.383265,0.422151,0.303138,0.437204,0.24289,0.330581,0.184807,0.285241,0.0993968,0.193754,0.0552584,0.130745,0.0441722,0.0827473,0.0299185,0.0558068,0.0214811,0.0474913,0.0209733,0.032255,0.0156991,0.0268353,0.0130538,0.0209687,0.00909086,0.0164397,0.00939841,0.012658,0.00570675,0.00887046,0.00555051,0.0087242,0.00425123,0.00684915,0.00379511,0.00582008,0.00287966,0.00488379,0.00276911,0.00363048,0.0020452,0.00327515,0.00148471,0.0026947,0.00136812,0.00203583,0.000941667,0.00159993,0.00086384,0.0013581,0.000744652,0.00111668,0.00060363,0.000855631,0.000466105,0.000736514,0.000359445,0.000619641,0.000287828,0.000492243,0.00023221,0.000392555,0.000233168,0.000376708,0.000162552,0.000265504,0.000129743,0.000220393,0.000127734,0.000196796,8.6042e-05,0.000155212,9.37485e-05,0.000134346,6.24378e-05,9.52603e-05,5.26369e-05,7.92466e-05,3.53446e-05,
56200,0.457364,0.543939,0.521712,0.538818,0.53464,0.426112,0.518436,0.574253,0.524768,0.470787,0.482384,0.502535,0.539782,0.491487,0.51732,0.472175,0.52599,0.446569,0.433318,0.419216,0.515118,0.383265,0.422151,0.303138,0.437204,0.24289,0.330581,0.184807,0.285241,0.0993968,0.193754,0.0552584,0.130745,0.0441722,0.0827473,0.0299185,0.0558068,0.0214811,0.0474913,0.0209733,0.032255,0.0156991,0.0268353,0.0130538,0.0209687,0.00909086,0.0164397,0.00939841,0.012658,0.00570675,0.00887046,0.00555051,0.0087242,0.00425123,0.00684915,0.00379511,0.00582008,0.00287966,0.00488379,0.00276911,0.00363048,0.0020452,0.00327515,0.00148471,0.0026947,0.00136812,0.00203583,0.000941667,0.00159993,0.00086384,0.0013581,0.000744652,0.00111668,0.00060363,0.000855631,0.000466105,0.000736514,0.000359445,0.000619641,0.000287828,0.000492243,0.00023221,0.000392555,0.000233168,0.000376708,0.000162552,0.000265504,0.000129743,0.000220393,0.000127734,0.000196796,8.6042e-05,0.000155212,9.37485e-05,0.000134346,6.24378e-05,9.52603e-05,5.26369e-05,7.92466e-05,3.53446e-05,
56400,0.457364,0.543939,0.521712,0.538818,0.53464,0.426112,0.518436,0.574253,0.524768,0.470787,0.482384,0.502535,0.539782,0.491487,0.51732,0.472175,0.52599,0.446569,0.433318,0.419216,0.515118,0.383265,0.422151,0.303138,0.437204,0.24289,0.330581,0.184807,0.285241,0.0993968,0.193754,0.0552584,0.130745,0.0441722,0.0827473,0.0299185,0.0558068,0.0214811,0.0474913,0.0209733,0.032255,0.0156991,0.0268353,0.0130538,0.0209687,0.00909086,0.0164397,0.00939841,0.012658,0.00570675,0.00887046,0.00555051,0.0087242,0.00425123,0.00684915,0.00379511,0.00582008,0.00287966,0.00488379,0.00276911,0.00363048,0.0020452,0.00327515,0.00148471,0.0026947,0.00136812,0.00203583,0.000941667,0.00159993,0.00086384,0.0013581,0.000744652,0.00111668,0.00060363,0.000855631,0.000466105,0.000736514,0.000359445,0.000619641,0.000287828,0.000492243,0.00023221,0.000392555,0.000233168,0.000376708,0.000162552,0.000265504,0.000129743,0.000220393,0.000127734,0.000196796,8.6042e-05,0.000155212,9.37485e-05,0.000134346,6.24378e-05,9.52603e-05,5.26369e-05,7.92466e-05,3.53446e-05,
56600,0.457364,0.543939,0.521712,0.538818,0.53464,0.426112,0.518436,0.574253,0.524768,0.470787,0.482384,0.502535,0.539782,0.491487,0.51732,0.472175,0.52599,0.446569,0.433318,0.419216,0.515118,0.383265,0.422151,0.303138,0.437204,0.24289,0.330581,0.184807,0.285241,0.0993968,0.193754,0.0552584,0.130745,0.0441722,0.0827473,0.0299185,0.0558068,0.0214811,0.0474913,0.0209733,0.032255,0.0156991,0.0268353,0.0130538,0.0209687,0.00909086,0.0164397,0.00939841,0.012658,0.00570675,0.00887046,0.00555051,0.0087242,0.00425123,0.00684915,0.00379511,0.00582008,0.00287966,0.00488379,0.00276911,0.00363048,0.0020452,0.00327515,0.00148471,0.0026947,0.00136812,0.00203583,0.000941667,0.00159993,0.00086384,0.0013581,0.000744652,0.00111668,0.00060363,0.000855631,0.000466105,0.000736514,0.000359445,0.000619641,0.000287828,0.000492243,0.00023221,0.000392555,0.000233168,0.000376708,0.000162552,0.000265504,0.000129743,0.000220393,0.000127734,0.000196796,8.6042e-05,0.000155212,9.37485e-05,0.000134346,6.24378e-05,9.52603e-05,5.26369e-05,7.92466e-05,3.53446e-05,
56800,0.457364,0.543939,0.521712,0.538818,0.53464,0.426112,0.518436,0.574253,0.524768,0.470787,0.482384,0.502535,0.539782,0.491487,0.51732,0.472175,0.52599,0.446569,0.433318,0.419216,0.515118,0.383265,0.422151,0.303138,0.437204,0.24289,0.330581,0.184807,0.285241,0.0993968,0.193754,0.0552584,0.130745,0.0441722,0.0827473,0.0299185,0.0558068,0.0214811,0.0474913,0.0209733,0.032255,0.0156991,0.0268353,0.0130538,0.0209687,0.00909086,0.0164397,0.00939841,0.012658,0.00570675,0.00887046,0.00555051,0.0087242,0.00425123,0.00684915,0.00379511,0.00582008,0.00287966,0.00488379,0.00276911,0.00363048,0.0020452,0.00327515,0.00148471,0.0026947,0.00136812,0.00203583,0.000941667,0.00159993,0.00086384,0.0013581,0.000744652,0.00111668,0.00060363,0.000855631,0.000466105,0.000736514,0.000359445,0.000619641,0.000287828,0.000492243,0.00023221,0.000392555,0.000233168,0.000376708,0.000162552,0.000265504,0.000129743,0.000220393,0.000127734,0.000196796,8.6042e-05,0.000155212,9.37485e-05,0.000134346,6.24378e-05,9.52603e-05,5.26369e-05,7.92466e-05,3.53446e-05,
57000,0.457364,0.543939,0.521712,0.538818,0.53464,0.426112,0.518436,0.574253,0.524768,0.470787,0.482384,0.502535,0.539782,0.491487,0.51732,0.472175,0.52599,0.446569,0.433318,0.419216,0.515118,0.383265,0.422151,0.303138,0.437204,0.24289,0.330581,0.184807,0.285241,0.0993968,0.193754,0.0552584,0.130745,0.0441722,0.0827473,0.0299185,0.0558068,0.0214811,0.0474913,0.0209733,0.032255,0.0156991,0.0268353,0.0130538,0.0209687,0.00909086,0.0164397,0.00939841,0.012658,0.00570675,0.00887046,0.00555051,0.0087242,0.00425123,0.00684915,0.00379511,0.00582008,0.00287966,0.00488379,0.00276911,0.00363048,0.0020452,0.00327515,0.00148471,0.0026947,0.00136812,0.00203583,0.000941667,0.00159993,0.00086384,0.0013581,0.000744652,0.00111668,0.00060363,0.000855631,0.000466105,0.000736514,0.000359445,0.000619641,0.000287828,0.000492243,0.00023221,0.000392555,0.000233168,0.000376708,0.000162552,0.000265504,0.000129743,0.000220393,0.000127734,0.000196796,8.6042e-05,0.000155212,9.37485e-05,0.000134346,6.24378e-05,9.52603e-05,5.26369e-05,7.92466e-05,3.53446e-05,
57200,0.457364,0.543939,0.521712,0.538818,0.53464,0.426112,0.518436,0.574253,0.524768,0.470787,0.482384,0.502535,0.539782,0.491487,0.51732,0.472175,0.52599,0.446569,0.433318,0.419216,0.515118,0.383265,0.422151,0.303138,0.437204,0.24289,0.330581,0.184807,0.285241,0.0993968,0.193754,0.0552584,0.130745,0.0441722,0.0827473,0.0299185,0.0558068,0.0214811,0.0474913,0.0209733,0.032255,0.0156991,0.0268353,0.0130538,0.0209687,0.00909086,0.0164397,0.00939841,0.012658,0.00570675,0.00887046,0.00555051,0.0087242,0.00425123,0.00684915,0.00379511,0.00582008,0.00287966,0.00488379,0.00276911,0.00363048,0.0020452,0.00327515,0.00148471,0.0026947,0.00136812,0.00203583,0.000941667,0.00159993,0.00086384,0.0013581,0.000744652,0.00111668,0.00060363,0.000855631,0.000466105,0.000736514,0.000359445,0.000619641,0.000287828,0.000492243,0.00023221,0.000392555,0.000233168,0.000376708,0.000162552,0.000265504,0.000129743,0.000220393,0.000127734,0.000196796,8.6042e-05,0.000155212,9.37485e-05,0.000134346,6.24378e-05,9.52603e-05,5.26369e-05,7.92466e-05,3.53446e-05,
57400,0.457364,0.543939,0.521712,0.538818,0.53464,0.426112,0.518436,0.574253,0.524768,0.470787,0.482384,0.502535,0.539782,0.491487,0.51732,0.472175,0.52599,0.446569,0.433318,0.419216,0.515118,0.383265,0.422151,0.303138,0.437204,0.24289,0.330581,0.184807,0.285241,0.0993968,0.193754,0.0552584,0.130745,0.0441722,0.0827473,0.0299185,0.0558068,0.0214811,0.0474913,0.0209733,0.032255,0.0156991,0.0268353,0.0130538,0.0209687,0.00909086,0.0164397,0.00939841,0.012658,0.00570675,0.00887046,0.00555051,0.0087242,0.00425123,0.00684915,0.00379511,0.00582008,0.00287966,0.00488379,0.00276911,0.00363048,0.0020452,0.00327515,0.00148471,0.0026947,0.00136812,0.00203583,0.000941667,0.00159993,0.00086384,0.0013581,0.000744652,0.00111668,0.00060363,0.000855631,0.000466105,0.000736514,0.000359445,0.000619641,0.000287828,0.000492243,0.00023221,0.000392555,0.000233168,0.000376708,0.000162552,0.000265504,0.000129743,0.000220393,0.000127734,0.000196796,8.6042e-05,0.000155212,9.37485e-05,0.000134346,6.24378e-05,9.52603e-05,5.26369e-05,7.92466e-05,3.53446e-05,
57600,0.457364,0.543939,0.521712,0.538818,0.53464,0.426112,0.518436,0.574253,0.524768,0.470787,0.482384,0.502535,0.539782,0.491487,0.51732,0.472175,0.52599,0.446569,0.433318,0.419216,0.515118,0.383265,0.422151,0.303138,0.437204,0.24289,0.330581,0.184807,0.285241,0.0993968,0.193754,0.0552584,0.130745,0.0441722,0.0827473,0.0299185,0.0558068,0.0214811,0.0474913,0.0209733,0.032255,0.0156991,0.0268353,0.0130538,0.0209687,0.00909086,0.0164397,0.00939841,0.012658,0.00570675,0.00887046,0.00555051,0.0087242,0.00425123,0.00684915,0.00379511,0.00582008,0.00287966,0.00488379,0.00276911,0.00363048,0.0020452,0.00327515,0.00148471,0.0026947,0.00136812,0.00203583,0.000941667,0.00159993,0.00086384,0.0013581,0.000744652,0.00111668,0.00060363,0.000855631,0.000466105,0.000736514,0.000359445,0.000619641,0.000287828,0.000492243,0.00023221,0.000392555,0.000233168,0.000376708,0.000162552,0.000265504,0.000129743,0.000220393,0.000127734,0.000196796,8.6042e-05,0.000155212,9.37485e-05,0.000134346,6.24378e-05,9.52603e-05,5.26369e-05,7.92466e-05,3.53446e-05,
57800,0.457364,0.543939,0.521712,0.538818,0.53464,0.426112,0.518436,0.574253,0.524768,0.470787,0.482384,0.502535,0.539782,0.491487,0.51732,0.472175,0.52599,0.446569,0.433318,0.419216,0.515118,0.383265,0.422151,0.303138,0.437204,0.24289,0.330581,0.184807,0.285241,0.0993968,0.193754,0.0552584,0.130745,0.0441722,0.0827473,0.0299185,0.0558068,0.0214811,0.0474913,0.0209733,0.032255,0.0156991,0.0268353,0.0130538,0.0209687,0.00909086,0.0164397,0.00939841,0.012658,0.00570675,0.00887046,0.00555051,0.0087242,0.00425123,0.00684915,0.00379511,0.00582008,0.00287966,0.00488379,0.00276911,0.00363048,0.0020452,0.00327515,0.00148471,0.0026947,0.00136812,0.00203583,0.000941667,0.00159993,0.00086384,0.0013581,0.000744652,0.00111668,0.00060363,0.000855631,0.000466105,0.000736514,0.000359445,0.000619641,0.000287828,0.000492243,0.00023221,0.000392555,0.000233168,0.000376708,0.000162552,0.000265504,0.000129743,0.000220393,0.000127734,0.000196796,8.6042e-05,0.000155212,9.37485e-05,0.000134346,6.24378e-05,9.52603e-05,5.26369e-05,7.92466e-05,3.53446e-05,
58000,0.457364,0.543939,0.521712,0.538818,0.53464,0.426112,0.518436,0.574253,0.524768,0.470787,0.482384,0.502535,0.539782,0.491487,0.51732,0.472175,0.52599,0.446569,0.433318,0.419216,0.515118,0.383265,0.422151,0.303138,0.437204,0.24289,0.330581,0.184807,0.285241,0.0993968,0.193754,0.0552584,0.130745,0.0441722,0.0827473,0.0299185,0.0558068,0.0214811,0.0474913,0.0209733,0.032255,0.0156991,0.0268353,0.0130538,0.0209687,0.00909086,0.0164397,0.00939841,0.012658,0.00570675,0.00887046,0.00555051,0.0087242,0.00425123,0.00684915,0.00379511,0.00582008,0.00287966,0.00488379,0.00276911,0.00363048,0.0020452,0.00327515,0.00148471,0.0026947,0.00136812,0.00203583,0.000941667,0.00159993,0.00086384,0.0013581,0.000744652,0.00111668,0.00060363,0.000855631,0.000466105,0.000736514,0.000359445,0.000619641,0.000287828,0.000492243,0.00023221,0.000392555,0.000233168,0.000376708,0.000162552,0.000265504,0.000129743,0.000220393,0.000127734,0.000196796,8.6042e-05,0.000155212,9.37485e-05,0.000134346,6.24378e-05,9.52603e-05,5.26369e-05,7.92466e-05,3.53446e-05,
58200,0.457364,0.543939,0.521712,0.538818,0.53464,0.426112,0.518436,0.574253,0.524768,0.470787,0.482384,0.502535,0.539782,0.491487,0.51732,0.472175,0.52599,0.446569,0.433318,0.419216,0.515118,0.383265,0.422151,0.303138,0.437204,0.24289,0.330581,0.184807,0.285241,0.0993968,0.193754,0.0552584,0.130745,0.0441722,0.0827473,0.0299185,0.0558068,0.0214811,0.0474913,0.0209733,0.032255,0.0156991,0.0268353,0.0130538,0.0209687,0.00909086,0.0164397,0.00939841,0.012658,0.00570675,0.00887046,0.00555051,0.0087242,0.00425123,0.00684915,0.00379511,0.00582008,0.00287966,0.00488379,0.00276911,0.00363048,0.0020452,0.00327515,0.00148471,0.0026947,0.00136812,0.00203583,0.000941667,0.00159993,0.00086384,0.0013581,0.000744652,0.00111668,0.00060363,0.000855631,0.000466105,0.000736514,0.000359445,0.000619641,0.000287828,0.000492243,0.00023221,0.000392555,0.000233168,0.000376708,0.000162552,0.000265504,0.000129743,0.000220393,0.000127734,0.000196796,8.6042e-05,0.000155212,9.37485e-05,0.000134346,6.24378e-05,9.52603e-05,5.26369e-05,7.92466e-05,3.53446e-05,
58400,0.457364,0.543939,0.521712,0.538818,0.53464,0.426112,0.518436,0.574253,0.524768,0.470787,0.482384,0.502535,0.539782,0.491487,0.51732,0.472175,0.52599,0.446569,0.433318,0.419216,0.515118,0.383265,0.422151,0.303138,0.437204,0.24289,0.330581,0.184807,0.285241,0.0993968,0.193754,0.0552584,0.130745,0.0441722,0.0827473,0.0299185,0.0558068,0.0214811,0.0474913,0.0209733,0.032255,0.0156991,0.0268353,0.0130538,0.0209687,0.00909086,0.0164397,0.00939841,0.012658,0.00570675,0.00887046,0.00555051,0.0087242,0.00425123,0.00684915,0.00379511,0.00582008,0.00287966,0.00488379,0.00276911,0.00363048,0.0020452,0.00327515,0.00148471,0.0026947,0.00136812,0.00203583,0.000941667,0.00159993,0.00086384,0.0013581,0.000744652,0.00111668,0.00060363,0.000855631,0.000466105,0.000736514,0.000359445,0.000619641,0.000287828,0.000492243,0.00023221,0.000392555,0.000233168,0.000376708,0.000162552,0.000265504,0.000129743,0.000220393,0.000127734,0.000196796,8.6042e-05,0.000155212,9.37485e-05,0.000134346,6.24378e-05,9.52603e-05,5.26369e-05,7.92466e-05,3.53446e-05,
58600,0.457364,0.543939,0.521712,0.538818,0.53464,0.426112,0.518436,0.574253,0.524768,0.470787,0.482384,0.502535,0.539782,0.491487,0.51732,0.472175,0.52599,0.446569,0.433318,0.419216,0.515118,0.383265,0.422151,0.303138,0.437204,0.24289,0.330581,0.184807,0.285241,0.0993968,0.193754,0.0552584,0.130745,0.0441722,0.0827473,0.0299185,0.0558068,0.0214811,0.0474913,0.0209733,0.032255,0.0156991,0.0268353,0.0130538,0.0209687,0.00909086,0.0164397,0.00939841,0.012658,0.00570675,0.00887046,0.00555051,0.0087242,0.00425123,0.00684915,0.00379511,0.00582008,0.00287966,0.00488379,0.00276911,0.00363048,0.0020452,0.00327515,0.00148471,0.0026947,0.00136812,0.00203583,0.000941667,0.00159993,0.00086384,0.0013581,0.000744652,0.00111668,0.00060363,0.000855631,0.000466105,0.000736514,0.000359445,0.000619641,0.000287828,0.000492243,0.00023221,0.000392555,0.000233168,0.000376708,0.000162552,0.000265504,0.000129743,0.000220393,0.000127734,0.000196796,8.6042e-05,0.000155212,9.37485e-05,0.000134346,6.24378e-05,9.52603e-05,5.26369e-05,7.92466e-05,3.53446e-05,
58800,0.457364,0.543939,0.521712,0.538818,0.53464,0.426112,0.518436,0.574253,0.524768,0.470787,0.482384,0.502535,0.539782,0.491487,0.51732,0.472175,0.52599,0.446569,0.433318,0.419216,0.515118,0.383265,0.422151,0.303138,0.437204,0.24289,0.330581,0.184807,0.285241,0.0993968,0.193754,0.0552584,0.130745,0.0441722,0.0827473,0.0299185,0.0558068,0.0214811,0.0474913,0.0209733,0.032255,0.0156991,0.0268353,0.0130538,0.0209687,0.00909086,0.0164397,0.00939841,0.012658,0.00570675,0.00887046,0.00555051,0.0087242,0.00425123,0.00684915,0.00379511,0.00582008,0.00287966,0.00488379,0.00276911,0.00363048,0.0020452,0.00327515,0.00148471,0.0026947,0.00136812,0.00203583,0.000941667,0.00159993,0.00086384,0.0013581,0.000744652,0.00111668,0.00060363,0.000855631,0.000466105,0.000736514,0.000359445,0.000619641,0.000287828,0.000492243,0.00023221,0.000392555,0.000233168,0.000376708,0.000162552,0.000265504,0.000129743,0.000220393,0.000127734,0.000196796,8.6042e-05,0.000155212,9.37485e-05,0.000134346,6.24378e-05,9.52603e-05,5.26369e-05,7.92466e-05,3.53446e-05,
59000,0.457364,0.543939,0.521712,0.538818,0.53464,0.426112,0.518436,0.574253,0.524768,0.470787,0.482384,0.502535,0.539782,0.491487,0.51732,0.472175,0.52599,0.446569,0.433318,0.419216,0.515118,0.383265,0.422151,0.303138,0.437204,0.24289,0.330581,0.184807,0.285241,0.0993968,0.193754,0.0552584,0.130745,0.0441722,0.0827473,0.0299185,0.0558068,0.0214811,0.0474913,0.0209733,0.032255,0.0156991,0.0268353,0.0130538,0.0209687,0.00909086,0.0164397,0.00939841,0.012658,0.00570675,0.00887046,0.00555051,0.0087242,0.00425123,0.00684915,0.00379511,0.00582008,0.00287966,0.00488379,0.00276911,0.00363048,0.0020452,0.00327515,0.00148471,0.0026947,0.00136812,0.00203583,0.000941667,0.00159993,0.00086384,0.0013581,0.000744652,0.00111668,0.00060363,0.000855631,0.000466105,0.000736514,0.000359445,0.000619641,0.000287828,0.000492243,0.00023221,0.000392555,0.000233168,0.000376708,0.000162552,0.000265504,0.000129743,0.000220393,0.000127734,0.000196796,8.6042e-05,0.000155212,9.37485e-05,0.000134346,6.24378e-05,9.52603e-05,5.26369e-05,7.92466e-05,3.53446e-05,
59200,0.457364,0.543939,0.521712,0.538818,0.53464,0.426112,0.518436,0.574253,0.524768,0.470787,0.482384,0.502535,0.539782,0.491487,0.51732,0.472175,0.52599,0.446569,0.433318,0.419216,0.515118,0.383265,0.422151,0.303138,0.437204,0.24289,0.330581,0.184807,0.285241,0.0993968,0.193754,0.0552584,0.130745,0.0441722,0.0827473,0.0299185,0.0558068,0.0214811,0.0474913,0.0209733,0.032255,0.0156991,0.0268353,0.0130538,0.0209687,0.00909086,0.0164397,0.00939841,0.012658,0.00570675,0.00887046,0.00555051,0.0087242,0.00425123,0.00684915,0.00379511,0.00582008,0.00287966,0.00488379,0.00276911,0.00363048,0.0020452,0.00327515,0.00148471,0.0026947,0.00136812,0.00203583,0.000941667,0.00159993,0.00086384,0.0013581,0.000744652,0.00111668,0.00060363,0.000855631,0.000466105,0.000736514,0.000359445,0.000619641,0.000287828,0.000492243,0.00023221,0.000392555,0.000233168,0.000376708,0.000162552,0.000265504,0.000129743,0.000220393,0.000127734,0.000196796,8.6042e-05,0.000155212,9.37485e-05,0.000134346,6.24378e-05,9.52603e-05,5.26369e-05,7.92466e-05,3.53446e-05,
59400,0.457364,0.543939,0.521712,0.538818,0.53464,0.426112,0.518436,0.574253,0.524768,0.470787,0.482384,0.502535,0.539782,0.491487,0.51732,0.472175,0.52599,0.446569,0.433318,0.419216,0.515118,0.383265,0.422151,0.303138,0.437204,0.24289,0.330581,0.184807,0.285241,0.0993968,0.193754,0.0552584,0.130745,0.0441722,0.0827473,0.0299185,0.0558068,0.0214811,0.0474913,0.0209733,0.032255,0.0156991,0.0268353,0.0130538,0.0209687,0.00909086,0.0164397,0.00939841,0.012658,0.00570675,0.00887046,0.00555051,0.0087242,0.00425123,0.00684915,0.00379511,0.00582008,0.00287966,0.00488379,0.00276911,0.00363048,0.0020452,0.00327515,0.00148471,0.0026947,0.00136812,0.00203583,0.000941667,0.00159993,0.00086384,0.0013581,0.000744652,0.00111668,0.00060363,0.000855631,0.000466105,0.000736514,0.000359445,0.000619641,0.000287828,0.000492243,0.00023221,0.000392555,0.000233168,0.000376708,0.000162552,0.000265504,0.000129743,0.000220393,0.000127734,0.000196796,8.6042e-05,0.000155212,9.37485e-05,0.000134346,6.24378e-05,9.52603e-05,5.26369e-05,7.92466e-05,3.53446e-05,
59600,0.457364,0.543939,0.521712,0.538818,0.53464,0.426112,0.518436,0.574253,0.524768,0.470787,0.482384,0.502535,0.539782,0.491487,0.51732,0.472175,0.52599,0.446569,0.433318,0.419216,0.515118,0.383265,0.422151,0.303138,0.437204,0.24289,0.330581,0.184807,0.285241,0.0993968,0.193754,0.0552584,0.130745,0.0441722,0.0827473,0.0299185,0.0558068,0.0214811,0.0474913,0.0209733,0.032255,0.0156991,0.0268353,0.0130538,0.0209687,0.00909086,0.0164397,0.00939841,0.012658,0.00570675,0.00887046,0.00555051,0.0087242,0.00425123,0.00684915,0.00379511,0.00582008,0.00287966,0.00488379,0.00276911,0.00363048,0.0020452,0.00327515,0.00148471,0.0026947,0.00136812,0.00203583,0.000941667,0.00159993,0.00086384,0.0013581,0.000744652,0.00111668,0.00060363,0.000855631,0.000466105,0.000736514,0.000359445,0.000619641,0.000287828,0.000492243,0.00023221,0.000392555,0.000233168,0.000376708,0.000162552,0.000265504,0.000129743,0.000220393,0.000127734,0.000196796,8.6042e-05,0.000155212,9.37485e-05,0.000134346,6.24378e-05,9.52603e-05,5.26369e-05,7.92466e-05,3.53446e-05,
59800,0.457364,0.543939,0.521712,0.538818,0.53464,0.426112,0.518436,0.574253,0.524768,0.470787,0.482384,0.502535,0.539782,0.491487,0.51732,0.472175,0.52599,0.446569,0.433318,0.419216,0.515118,0.383265,0.422151,0.303138,0.437204,0.24289,0.330581,0.184807,0.285241,0.0993968,0.193754,0.0552584,0.130745,0.0441722,0.0827473,0.0299185,0.0558068,0.0214811,0.0474913,0.0209733,0.032255,0.0156991,0.0268353,0.0130538,0.0209687,0.00909086,0.0164397,0.00939841,0.012658,0.00570675,0.00887046,0.00555051,0.0087242,0.00425123,0.00684915,0.00379511,0.00582008,0.00287966,0.00488379,0.00276911,0.00363048,0.0020452,0.00327515,0.00148471,0.0026947,0.00136812,0.00203583,0.000941667,0.00159993,0.00086384,0.0013581,0.000744652,0.00111668,0.00060363,0.000855631,0.000466105,0.000736514,0.000359445,0.000619641,0.000287828,0.000492243,0.00023221,0.000392555,0.000233168,0.000376708,0.000162552,0.000265504,0.000129743,0.000220393,0.000127734,0.000196796,8.6042e-05,0.000155212,9.37485e-05,0.000134346,6.24378e-05,9.52603e-05,5.26369e-05,7.92466e-05,3.53446e-05,
60000,0.457364,0.543939,0.521712,0.538818,0.53464,0.426112,0.518436,0.574253,0.524768,0.470787,0.482384,0.502535,0.539782,0.491487,0.51732,0.472175,0.52599,0.446569,0.433318,0.419216,0.515118,0.383265,0.422151,0.303138,0.437204,0.24289,0.330581,0.184807,0.285241,0.0993968,0.193754,0.0552584,0.130745,0.0441722,0.0827473,0.0299185,0.0558068,0.0214811,0.0474913,0.0209733,0.032255,0.0156991,0.0268353,0.0130538,0.0209687,0.00909086,0.0164397,0.00939841,0.012658,0.00570675,0.00887046,0.00555051,0.0087242,0.00425123,0.00684915,0.00379511,0.00582008,0.00287966,0.00488379,0.00276911,0.00363048,0.0020452,0.00327515,0.00148471,0.0026947,0.00136812,0.00203583,0.000941667,0.00159993,0.00086384,0.0013581,0.000744652,0.00111668,0.00060363,0.000855631,0.000466105,0.000736514,0.000359445,0.000619641,0.000287828,0.000492243,0.00023221,0.000392555,0.000233168,0.000376708,0.000162552,0.000265504,0.000129743,0.000220393,0.000127734,0.000196796,8.6042e-05,0.000155212,9.37485e-05,0.000134346,6.24378e-05,9.52603e-05,5.26369e-05,7.92466e-05,3.53446e-05,
60200,0.457364,0.543939,0.521712,0.538818,0.53464,0.426112,0.518436,0.574253,0.524768,0.470787,0.482384,0.502535,0.539782,0.491487,0.51732,0.472175,0.52599,0.446569,0.433318,0.419216,0.515118,0.383265,0.422151,0.303138,0.437204,0.24289,0.330581,0.184807,0.285241,0.0993968,0.193754,0.0552584,0.130745,0.0441722,0.0827473,0.0299185,0.0558068,0.0214811,0.0474913,0.0209733,0.032255,0.0156991,0.0268353,0.0130538,0.0209687,0.00909086,0.0164397,0.00939841,0.012658,0.00570675,0.00887046,0.00555051,0.0087242,0.00425123,0.00684915,0.00379511,0.00582008,0.00287966,0.00488379,0.00276911,0.00363048,0.0020452,0.00327515,0.00148471,0.0026947,0.00136812,0.00203583,0.000941667,0.00159993,0.00086384,0.0013581,0.000744652,0.00111668,0.00060363,0.000855631,0.000466105,0.000736514,0.000359445,0.000619641,0.000287828,0.000492243,0.00023221,0.000392555,0.000233168,0.000376708,0.000162552,0.000265504,0.000129743,0.000220393,0.000127734,0.000196796,8.6042e-05,0.000155212,9.37485e-05,0.000134346,6.24378e-05,9.52603e-05,5.26369e-05,7.92466e-05,3.53446e-05,
60400,0.457364,0.543939,0.521712,0.538818,0.53464,0.426112,0.518436,0.574253,0.524768,0.470787,0.482384,0.502535,0.539782,0.491487,0.51732,0.472175,0.52599,0.446569,0.433318,0.419216,0.515118,0.383265,0.422151,0.303138,0.437204,0.24289,0.330581,0.184807,0.285241,0.0993968,0.193754,0.0552584,0.130745,0.0441722,0.0827473,0.0299185,0.0558068,0.0214811,0.0474913,0.0209733,0.032255,0.0156991,0.0268353,0.0130538,0.0209687,0.00909086,0.0164397,0.00939841,0.012658,0.00570675,0.00887046,0.00555051,0.0087242,0.00425123,0.00684915,0.00379511,0.00582008,0.00287966,0.00488379,0.00276911,0.00363048,0.0020452,0.00327515,0.00148471,0.0026947,0.00136812,0.00203583,0.000941667,0.00159993,0.00086384,0.0013581,0.000744652,0.00111668,0.00060363,0.000855631,0.000466105,0.000736514,0.000359445,0.000619641,0.000287828,0.000492243,0.00023221,0.000392555,0.000233168,0.000376708,0.000162552,0.000265504,0.000129743,0.000220393,0.000127734,0.000196796,8.6042e-05,0.000155212,9.37485e-05,0.000134346,6.24378e-05,9.52603e-05,5.26369e-05,7.92466e-05,3.53446e-05,
60600,0.457364,0.543939,0.521712,0.538818,0.53464,0.426112,0.518436,0.574253,0.524768,0.470787,0.482384,0.502535,0.539782,0.491487,0.51732,0.472175,0.52599,0.446569,0.433318,0.419216,0.515118,0.383265,0.422151,0.303138,0.437204,0.24289,0.330581,0.184807,0.285241,0.0993968,0.193754,0.0552584,0.130745,0.0441722,0.0827473,0.0299185,0.0558068,0.0214811,0.0474913,0.0209733,0.032255,0.0156991,0.0268353,0.0130538,0.0209687,0.00909086,0.0164397,0.00939841,0.012658,0.00570675,0.00887046,0.00555051,0.0087242,0.00425123,0.00684915,0.00379511,0.00582008,0.00287966,0.00488379,0.00276911,0.00363048,0.0020452,0.00327515,0.00148471,0.0026947,0.00136812,0.00203583,0.000941667,0.00159993,0.00086384,0.0013581,0.000744652,0.00111668,0.00060363,0.000855631,0.000466105,0.000736514,0.000359445,0.000619641,0.000287828,0.000492243,0.00023221,0.000392555,0.000233168,0.000376708,0.000162552,0.000265504,0.000129743,0.000220393,0.000127734,0.000196796,8.6042e-05,0.000155212,9.37485e-05,0.000134346,6.24378e-05,9.52603e-05,5.26369e-05,7.92466e-05,3.53446e-05,
60800,0.457364,0.543939,0.521712,0.538818,0.53464,0.426112,0.518436,0.574253,0.524768,0.470787,0.482384,0.502535,0.539782,0.491487,0.51732,0.472175,0.52599,0.446569,0.433318,0.419216,0.515118,0.383265,0.422151,0.303138,0.437204,0.24289,0.330581,0.184807,0.285241,0.0993968,0.193754,0.0552584,0.130745,0.0441722,0.0827473,0.0299185,0.0558068,0.0214811,0.0474913,0.0209733,0.032255,0.0156991,0.0268353,0.0130538,0.0209687,0.00909086,0.0164397,0.00939841,0.012658,0.00570675,0.00887046,0.00555051,0.0087242,0.00425123,0.00684915,0.00379511,0.00582008,0.00287966,0.00488379,0.00276911,0.00363048,0.0020452,0.00327515,0.00148471,0.0026947,0.00136812,0.00203583,0.000941667,0.00159993,0.00086384,0.0013581,0.000744652,0.00111668,0.00060363,0.000855631,0.000466105,0.000736514,0.000359445,0.000619641,0.000287828,0.000492243,0.00023221,0.000392555,0.000233168,0.000376708,0.000162552,0.000265504,0.000129743,0.000220393,0.000127734,0.000196796,8.6042e-05,0.000155212,9.37485e-05,0.000134346,6.24378e-05,9.52603e-05,5.26369e-05,7.92466e-05,3.53446e-05,
61000,0.457364,0.543939,0.521712,0.538818,0.53464,0.426112,0.518436,0.574253,0.524768,0.470787,0.482384,0.502535,0.539782,0.491487,0.51732,0.472175,0.52599,0.446569,0.433318,0.419216,0.515118,0.383265,0.422151,0.303138,0.437204,0.24289,0.330581,0.184807,0.285241,0.0993968,0.193754,0.0552584,0.130745,0.0441722,0.0827473,0.0299185,0.0558068,0.0214811,0.0474913,0.0209733,0.032255,0.0156991,0.0268353,0.0130538,0.0209687,0.00909086,0.0164397,0.00939841,0.012658,0.00570675,0.00887046,0.00555051,0.0087242,0.00425123,0.00684915,0.00379511,0.00582008,0.00287966,0.00488379,0.00276911,0.00363048,0.0020452,0.00327515,0.00148471,0.0026947,0.00136812,0.00203583,0.000941667,0.00159993,0.00086384,0.0013581,0.000744652,0.00111668,0.00060363,0.000855631,0.000466105,0.000736514,0.000359445,0.000619641,0.000287828,0.000492243,0.00023221,0.000392555,0.000233168,0.000376708,0.000162552,0.000265504,0.000129743,0.000220393,0.000127734,0.000196796,8.6042e-05,0.000155212,9.37485e-05,0.000134346,6.24378e-05,9.52603e-05,5.26369e-05,7.92466e-05,3.53446e-05,
61200,0.457364,0.543939,0.521712,0.538818,0.53464,0.426112,0.518436,0.574253,0.524768,0.470787,0.482384,0.502535,0.539782,0.491487,0.51732,0.472175,0.52599,0.446569,0.433318,0.419216,0.515118,0.383265,0.422151,0.303138,0.437204,0.24289,0.330581,0.184807,0.285241,0.0993968,0.193754,0.0552584,0.130745,0.0441722,0.0827473,0.0299185,0.0558068,0.0214811,0.0474913,0.0209733,0.032255,0.0156991,0.0268353,0.0130538,0.0209687,0.00909086,0.0164397,0.00939841,0.012658,0.00570675,0.00887046,0.00555051,0.0087242,0.00425123,0.00684915,0.00379511,0.00582008,0.00287966,0.00488379,0.00276911,0.00363048,0.0020452,0.00327515,0.00148471,0.0026947,0.00136812,0.00203583,0.000941667,0.00159993,0.00086384,0.0013581,0.000744652,0.00111668,0.00060363,0.000855631,0.000466105,0.000736514,0.000359445,0.000619641,0.000287828,0.000492243,0.00023221,0.000392555,0.000233168,0.000376708,0.000162552,0.000265504,0.000129743,0.000220393,0.000127734,0.000196796,8.6042e-05,0.000155212,9.37485e-05,0.000134346,6.24378e-05,9.52603e-05,5.26369e-05,7.92466e-05,3.53446e-05,
61400,0.457364,0.543939,0.521712,0.538818,0.53464,0.426112,0.518436,0.574253,0.524768,0.470787,0.482384,0.502535,0.539782,0.491487,0.51732,0.472175,0.52599,0.446569,0.433318,0.419216,0.515118,0.383265,0.422151,0.303138,0.437204,0.24289,0.330581,0.184807,0.285241,0.0993968,0.193754,0.0552584,0.130745,0.0441722,0.0827473,0.0299185,0.0558068,0.0214811,0.0474913,0.0209733,0.032255,0.0156991,0.0268353,0.0130538,0.0209687,0.00909086,0.0164397,0.00939841,0.012658,0.00570675,0.00887046,0.00555051,0.0087242,0.00425123,0.00684915,0.00379511,0.00582008,0.00287966,0.00488379,0.00276911,0.00363048,0.0020452,0.00327515,0.00148471,0.0026947,0.00136812,0.00203583,0.000941667,0.00159993,0.00086384,0.0013581,0.000744652,0.00111668,0.00060363,0.000855631,0.000466105,0.000736514,0.000359445,0.000619641,0.000287828,0.000492243,0.00023221,0.000392555,0.000233168,0.000376708,0.000162552,0.000265504,0.000129743,0.000220393,0.000127734,0.000196796,8.6042e-05,0.000155212,9.37485e-05,0.000134346,6.24378e-05,9.52603e-05,5.26369e-05,7.92466e-05,3.53446e-05,
61600,0.457364,0.543939,0.521712,0.538818,0.53464,0.426112,0.518436,0.574253,0.524768,0.470787,0.482384,0.502535,0.539782,0.491487,0.51732,0.472175,0.52599,0.446569,0.433318,0.419216,0.515118,0.383265,0.422151,0.303138,0.437204,0.24289,0.330581,0.184807,0.285241,0.0993968,0.193754,0.0552584,0.130745,0.0441722,0.0827473,0.0299185,0.0558068,0.0214811,0.0474913,0.0209733,0.032255,0.0156991,0.0268353,0.0130538,0.0209687,0.00909086,0.0164397,0.00939841,0.012658,0.00570675,0.00887046,0.00555051,0.0087242,0.00425123,0.00684915,0.00379511,0.00582008,0.00287966,0.00488379,0.00276911,0.00363048,0.0020452,0.00327515,0.00148471,0.0026947,0.00136812,0.00203583,0.000941667,0.00159993,0.00086384,0.0013581,0.000744652,0.00111668,0.00060363,0.000855631,0.000466105,0.000736514,0.000359445,0.000619641,0.000287828,0.000492243,0.00023221,0.000392555,0.000233168,0.000376708,0.000162552,0.000265504,0.000129743,0.000220393,0.000127734,0.000196796,8.6042e-05,0.000155212,9.37485e-05,0.000134346,6.24378e-05,9.52603e-05,5.26369e-05,7.92466e-05,3.53446e-05,
61800,0.457364,0.543939,0.521712,0.538818,0.53464,0.426112,0.518436,0.574253,0.524768,0.470787,0.482384,0.502535,0.539782,0.491487,0.51732,0.472175,0.52599,0.446569,0.433318,0.419216,0.515118,0.383265,0.422151,0.303138,0.437204,0.24289,0.330581,0.184807,0.285241,0.0993968,0.193754,0.0552584,0.130745,0.0441722,0.0827473,0.0299185,0.0558068,0.0214811,0.0474913,0.0209733,0.032255,0.0156991,0.0268353,0.0130538,0.0209687,0.00909086,0.0164397,0.00939841,0.012658,0.00570675,0.00887046,0.00555051,0.0087242,0.00425123,0.00684915,0.00379511,0.00582008,0.00287966,0.00488379,0.00276911,0.00363048,0.0020452,0.00327515,0.00148471,0.0026947,0.00136812,0.00203583,0.000941667,0.00159993,0.00086384,0.0013581,0.000744652,0.00111668,0.00060363,0.000855631,0.000466105,0.000736514,0.000359445,0.000619641,0.000287828,0.000492243,0.00023221,0.000392555,0.000233168,0.000376708,0.000162552,0.000265504,0.000129743,0.000220393,0.000127734,0.000196796,8.6042e-05,0.000155212,9.37485e-05,0.000134346,6.24378e-05,9.52603e-05,5.26369e-05,7.92466e-05,3.53446e-05,
62000,0.457364,0.543939,0.521712,0.538818,0.53464,0.426112,0.518436,0.574253,0.524768,0.470787,0.482384,0.502535,0.539782,0.491487,0.51732,0.472175,0.52599,0.446569,0.433318,0.419216,0.515118,0.383265,0.422151,0.303138,0.437204,0.24289,0.330581,0.184807,0.285241,0.0993968,0.193754,0.0552584,0.130745,0.0441722,0.0827473,0.0299185,0.0558068,0.0214811,0.0474913,0.0209733,0.032255,0.0156991,0.0268353,0.0130538,0.0209687,0.00909086,0.0164397,0.00939841,0.012658,0.00570675,0.00887046,0.00555051,0.0087242,0.00425123,0.00684915,0.00379511,0.00582008,0.00287966,0.00488379,0.00276911,0.00363048,0.0020452,0.00327515,0.00148471,0.0026947,0.00136812,0.00203583,0.000941667,0.00159993,0.00086384,0.0013581,0.000744652,0.00111668,0.00060363,0.000855631,0.000466105,0.000736514,0.000359445,0.000619641,0.000287828,0.000492243,0.00023221,0.000392555,0.000233168,0.000376708,0.000162552,0.000265504,0.000129743,0.000220393,0.000127734,0.000196796,8.6042e-05,0.000155212,9.37485e-05,0.000134346,6.24378e-05,9.52603e-05,5.26369e-05,7.92466e-05,3.53446e-05,
62200,0.457364,0.543939,0.521712,0.538818,0.53464,0.426112,0.518436,0.574253,0.524768,0.470787,0.482384,0.502535,0.539782,0.491487,0.51732,0.472175,0.52599,0.446569,0.433318,0.419216,0.515118,0.383265,0.422151,0.303138,0.437204,0.24289,0.330581,0.184807,0.285241,0.0993968,0.193754,0.0552584,0.130745,0.0441722,0.0827473,0.0299185,0.0558068,0.0214811,0.0474913,0.0209733,0.032255,0.0156991,0.0268353,0.0130538,0.0209687,0.00909086,0.0164397,0.00939841,0.012658,0.00570675,0.00887046,0.00555051,0.0087242,0.00425123,0.00684915,0.00379511,0.00582008,0.00287966,0.00488379,0.00276911,0.00363048,0.0020452,0.00327515,0.00148471,0.0026947,0.00136812,0.00203583,0.000941667,0.00159993,0.00086384,0.0013581,0.000744652,0.00111668,0.00060363,0.000855631,0.000466105,0.000736514,0.000359445,0.000619641,0.000287828,0.000492243,0.00023221,0.000392555,0.000233168,0.000376708,0.000162552,0.000265504,0.000129743,0.000220393,0.000127734,0.000196796,8.6042e-05,0.000155212,9.37485e-05,0.000134346,6.24378e-05,9.52603e-05,5.26369e-05,7.92466e-05,3.53446e-05,
62400,0.457364,0.543939,0.521712,0.538818,0.53464,0.426112,0.518436,0.574253,0.524768,0.470787,0.482384,0.502535,0.539782,0.491487,0.51732,0.472175,0.52599,0.446569,0.433318,0.419216,0.515118,0.383265,0.422151,0.303138,0.437204,0.24289,0.330581,0.184807,0.285241,0.0993968,0.193754,0.0552584,0.130745,0.0441722,0.0827473,0.0299185,0.0558068,0.0214811,0.0474913,0.0209733,0.032255,0.0156991,0.0268353,0.0130538,0.0209687,0.00909086,0.0164397,0.00939841,0.012658,0.00570675,0.00887046,0.00555051,0.0087242,0.00425123,0.00684915,0.00379511,0.00582008,0.00287966,0.00488379,0.00276911,0.00363048,0.0020452,0.00327515,0.00148471,0.0026947,0.00136812,0.00203583,0.000941667,0.00159993,0.00086384,0.0013581,0.000744652,0.00111668,0.00060363,0.000855631,0.000466105,0.000736514,0.000359445,0.000619641,0.000287828,0.000492243,0.00023221,0.000392555,0.000233168,0.000376708,0.000162552,0.000265504,0.000129743,0.000220393,0.000127734,0.000196796,8.6042e-05,0.000155212,9.37485e-05,0.000134346,6.24378e-05,9.52603e-05,5.26369e-05,7.92466e-05,3.53446e-05,
62600,0.457364,0.543939,0.521712,0.538818,0.53464,0.426112,0.518436,0.574253,0.524768,0.470787,0.482384,0.502535,0.539782,0.491487,0.51732,0.472175,0.52599,0.446569,0.433318,0.419216,0.515118,0.383265,0.422151,0.303138,0.437204,0.24289,0.330581,0.184807,0.285241,0.0993968,0.193754,0.0552584,0.130745,0.0441722,0.0827473,0.0299185,0.0558068,0.0214811,0.0474913,0.0209733,0.032255,0.0156991,0.0268353,0.0130538,0.0209687,0.00909086,0.0164397,0.00939841,0.012658,0.00570675,0.00887046,0.00555051,0.0087242,0.00425123,0.00684915,0.00379511,0.00582008,0.00287966,0.00488379,0.00276911,0.00363048,0.0020452,0.00327515,0.00148471,0.0026947,0.00136812,0.00203583,0.000941667,0.00159993,0.00086384,0.0013581,0.000744652,0.00111668,0.00060363,0.000855631,0.000466105,0.000736514,0.000359445,0.000619641,0.000287828,0.000492243,0.00023221,0.000392555,0.000233168,0.000376708,0.000162552,0.000265504,0.000129743,0.000220393,0.000127734,0.000196796,8.6042e-05,0.000155212,9.37485e-05,0.000134346,6.24378e-05,9.52603e-05,5.26369e-05,7.92466e-05,3.53446e-05,
62800,0.457364,0.543939,0.521712,0.538818,0.53464,0.426112,0.518436,0.574253,0.524768,0.470787,0.482384,0.502535,0.539782,0.491487,0.51732,0.472175,0.52599,0.446569,0.433318,0.419216,0.515118,0.383265,0.422151,0.303138,0.437204,0.24289,0.330581,0.184807,0.285241,0.0993968,0.193754,0.0552584,0.130745,0.0441722,0.0827473,0.0299185,0.0558068,0.0214811,0.0474913,0.0209733,0.032255,0.0156991,0.0268353,0.0130538,0.0209687,0.00909086,0.0164397,0.00939841,0.012658,0.00570675,0.00887046,0.00555051,0.0087242,0.00425123,0.00684915,0.00379511,0.00582008,0.00287966,0.00488379,0.00276911,0.00363048,0.0020452,0.00327515,0.00148471,0.0026947,0.00136812,0.00203583,0.000941667,0.00159993,0.00086384,0.0013581,0.000744652,0.00111668,0.00060363,0.000855631,0.000466105,0.000736514,0.000359445,0.000619641,0.000287828,0.000492243,0.00023221,0.000392555,0.000233168,0.000376708,0.000162552,0.000265504,0.000129743,0.000220393,0.000127734,0.000196796,8.6042e-05,0.000155212,9.37485e-05,0.000134346,6.24378e-05,9.52603e-05,5.26369e-05,7.92466e-05,3.53446e-05,
63000,0.457364,0.543939,0.521712,0.538818,0.53464,0.426112,0.518436,0.574253,0.524768,0.470787,0.482384,0.502535,0.539782,0.491487,0.51732,0.472175,0.52599,0.446569,0.433318,0.419216,0.515118,0.383265,0.422151,0.303138,0.437204,0.24289,0.330581,0.184807,0.285241,0.0993968,0.193754,0.0552584,0.130745,0.0441722,0.0827473,0.0299185,0.0558068,0.0214811,0.0474913,0.0209733,0.032255,0.0156991,0.0268353,0.0130538,0.0209687,0.00909086,0.0164397,0.00939841,0.012658,0.00570675,0.00887046,0.00555051,0.0087242,0.00425123,0.00684915,0.00379511,0.00582008,0.00287966,0.00488379,0.00276911,0.00363048,0.0020452,0.00327515,0.00148471,0.0026947,0.00136812,0.00203583,0.000941667,0.00159993,0.00086384,0.0013581,0.000744652,0.00111668,0.00060363,0.000855631,0.000466105,0.000736514,0.000359445,0.000619641,0.000287828,0.000492243,0.00023221,0.000392555,0.000233168,0.000376708,0.000162552,0.000265504,0.000129743,0.000220393,0.000127734,0.000196796,8.6042e-05,0.000155212,9.37485e-05,0.000134346,6.24378e-05,9.52603e-05,5.26369e-05,7.92466e-05,3.53446e-05,
63200,0.457364,0.543939,0.521712,0.538818,0.53464,0.426112,0.518436,0.574253,0.524768,0.470787,0.482384,0.502535,0.539782,0.491487,0.51732,0.472175,0.52599,0.446569,0.433318,0.419216,0.515118,0.383265,0.422151,0.303138,0.437204,0.24289,0.330581,0.184807,0.285241,0.0993968,0.193754,0.0552584,0.130745,0.0441722,0.0827473,0.0299185,0.0558068,0.0214811,0.0474913,0.0209733,0.032255,0.0156991,0.0268353,0.0130538,0.0209687,0.00909086,0.0164397,0.00939841,0.012658,0.00570675,0.00887046,0.00555051,0.0087242,0.00425123,0.00684915,0.00379511,0.00582008,0.00287966,0.00488379,0.00276911,0.00363048,0.0020452,0.00327515,0.00148471,0.0026947,0.00136812,0.00203583,0.000941667,0.00159993,0.00086384,0.0013581,0.000744652,0.00111668,0.00060363,0.000855631,0.000466105,0.000736514,0.000359445,0.000619641,0.000287828,0.000492243,0.00023221,0.000392555,0.000233168,0.000376708,0.000162552,0.000265504,0.000129743,0.000220393,0.000127734,0.000196796,8.6042e-05,0.000155212,9.37485e-05,0.000134346,6.24378e-05,9.52603e-05,5.26369e-05,7.92466e-05,3.53446e-05,
63400,0.457364,0.543939,0.521712,0.538818,0.53464,0.426112,0.518436,0.574253,0.524768,0.470787,0.482384,0.502535,0.539782,0.491487,0.51732,0.472175,0.52599,0.446569,0.433318,0.419216,0.515118,0.383265,0.422151,0.303138,0.437204,0.24289,0.330581,0.184807,0.285241,0.0993968,0.193754,0.0552584,0.130745,0.0441722,0.0827473,0.0299185,0.0558068,0.0214811,0.0474913,0.0209733,0.032255,0.0156991,0.0268353,0.0130538,0.0209687,0.00909086,0.0164397,0.00939841,0.012658,0.00570675,0.00887046,0.00555051,0.0087242,0.00425123,0.00684915,0.00379511,0.00582008,0.00287966,0.00488379,0.00276911,0.00363048,0.0020452,0.00327515,0.00148471,0.0026947,0.00136812,0.00203583,0.000941667,0.00159993,0.00086384,0.0013581,0.000744652,0.00111668,0.00060363,0.000855631,0.000466105,0.000736514,0.000359445,0.000619641,0.000287828,0.000492243,0.00023221,0.000392555,0.000233168,0.000376708,0.000162552,0.000265504,0.000129743,0.000220393,0.000127734,0.000196796,8.6042e-05,0.000155212,9.37485e-05,0.000134346,6.24378e-05,9.52603e-05,5.26369e-05,7.92466e-05,3.53446e-05,
63600,0.457364,0.543939,0.521712,0.538818,0.53464,0.426112,0.518436,0.574253,0.524768,0.470787,0.482384,0.502535,0.539782,0.491487,0.51732,0.472175,0.52599,0.446569,0.433318,0.419216,0.515118,0.383265,0.422151,0.303138,0.437204,0.24289,0.330581,0.184807,0.285241,0.0993968,0.193754,0.0552584,0.130745,0.0441722,0.0827473,0.0299185,0.0558068,0.0214811,0.0474913,0.0209733,0.032255,0.0156991,0.0268353,0.0130538,0.0209687,0.00909086,0.0164397,0.00939841,0.012658,0.00570675,0.00887046,0.00555051,0.0087242,0.00425123,0.00684915,0.00379511,0.00582008,0.00287966,0.00488379,0.00276911,0.00363048,0.0020452,0.00327515,0.00148471,0.0026947,0.00136812,0.00203583,0.000941667,0.00159993,0.00086384,0.0013581,0.000744652,0.00111668,0.00060363,0.000855631,0.000466105,0.000736514,0.000359445,0.000619641,0.000287828,0.000492243,0.00023221,0.000392555,0.000233168,0.000376708,0.000162552,0.000265504,0.000129743,0.000220393,0.000127734,0.000196796,8.6042e-05,0.000155212,9.37485e-05,0.000134346,6.24378e-05,9.52603e-05,5.26369e-05,7.92466e-05,3.53446e-05,
63800,0.457364,0.543939,0.521712,0.538818,0.53464,0.426112,0.518436,0.574253,0.524768,0.470787,0.482384,0.502535,0.539782,0.491487,0.51732,0.472175,0.52599,0.446569,0.433318,0.419216,0.515118,0.383265,0.422151,0.303138,0.437204,0.24289,0.330581,0.184807,0.285241,0.0993968,0.193754,0.0552584,0.130745,0.0441722,0.0827473,0.0299185,0.0558068,0.0214811,0.0474913,0.0209733,0.032255,0.0156991,0.0268353,0.0130538,0.0209687,0.00909086,0.0164397,0.00939841,0.012658,0.00570675,0.00887046,0.00555051,0.0087242,0.00425123,0.00684915,0.00379511,0.00582008,0.00287966,0.00488379,0.00276911,0.00363048,0.0020452,0.00327515,0.00148471,0.0026947,0.00136812,0.00203583,0.000941667,0.00159993,0.00086384,0.0013581,0.000744652,0.00111668,0.00060363,0.000855631,0.000466105,0.000736514,0.000359445,0.000619641,0.000287828,0.000492243,0.00023221,0.000392555,0.000233168,0.000376708,0.000162552,0.000265504,0.000129743,0.000220393,0.000127734,0.000196796,8.6042e-05,0.000155212,9.37485e-05,0.000134346,6.24378e-05,9.52603e-05,5.26369e-05,7.92466e-05,3.53446e-05,
64000,0.457364,0.543939,0.521712,0.538818,0.53464,0.426112,0.518436,0.574253,0.524768,0.470787,0.482384,0.502535,0.539782,0.491487,0.51732,0.472175,0.52599,0.446569,0.433318,0.419216,0.515118,0.383265,0.422151,0.303138,0.437204,0.24289,0.330581,0.184807,0.285241,0.0993968,0.193754,0.0552584,0.130745,0.0441722,0.0827473,0.0299185,0.0558068,0.0214811,0.0474913,0.0209733,0.032255,0.0156991,0.0268353,0.0130538,0.0209687,0.00909086,0.0164397,0.00939841,0.012658,0.00570675,0.00887046,0.00555051,0.0087242,0.00425123,0.00684915,0.00379511,0.00582008,0.00287966,0.00488379,0.00276911,0.00363048,0.0020452,0.00327515,0.00148471,0.0026947,0.00136812,0.00203583,0.000941667,0.00159993,0.00086384,0.0013581,0.000744652,0.00111668,0.00060363,0.000855631,0.000466105,0.000736514,0.000359445,0.000619641,0.000287828,0.000492243,0.00023221,0.000392555,0.000233168,0.000376708,0.000162552,0.000265504,0.000129743,0.000220393,0.000127734,0.000196796,8.6042e-05,0.000155212,9.37485e-05,0.000134346,6.24378e-05,9.52603e-05,5.26369e-05,7.92466e-05,3.53446e-05,
64200,0.457364,0.543939,0.521712,0.538818,0.53464,0.426112,0.518436,0.574253,0.524768,0.470787,0.482384,0.502535,0.539782,0.491487,0.51732,0.472175,0.52599,0.446569,0.433318,0.419216,0.515118,0.383265,0.422151,0.303138,0.437204,0.24289,0.330581,0.184807,0.285241,0.0993968,0.193754,0.0552584,0.130745,0.0441722,0.0827473,0.0299185,0.0558068,0.0214811,0.0474913,0.0209733,0.032255,0.0156991,0.0268353,0.0130538,0.0209687,0.00909086,0.0164397,0.00939841,0.012658,0.00570675,0.00887046,0.00555051,0.0087242,0.00425123,0.00684915,0.00379511,0.00582008,0.00287966,0.00488379,0.00276911,0.00363048,0.0020452,0.00327515,0.00148471,0.0026947,0.00136812,0.00203583,0.000941667,0.00159993,0.00086384,0.0013581,0.000744652,0.00111668,0.00060363,0.000855631,0.000466105,0.000736514,0.000359445,0.000619641,0.000287828,0.000492243,0.00023221,0.000392555,0.000233168,0.000376708,0.000162552,0.000265504,0.000129743,0.000220393,0.000127734,0.000196796,8.6042e-05,0.000155212,9.37485e-05,0.000134346,6.24378e-05,9.52603e-05,5.26369e-05,7.92466e-05,3.53446e-05,
64400,0.457364,0.543939,0.521712,0.538818,0.53464,0.426112,0.518436,0.574253,0.524768,0.470787,0.482384,0.502535,0.539782,0.491487,0.51732,0.472175,0.52599,0.446569,0.433318,0.419216,0.515118,0.383265,0.422151,0.303138,0.437204,0.24289,0.330581,0.184807,0.285241,0.0993968,0.193754,0.0552584,0.130745,0.0441722,0.0827473,0.0299185,0.0558068,0.0214811,0.0474913,0.0209733,0.032255,0.0156991,0.0268353,0.0130538,0.0209687,0.00909086,0.0164397,0.00939841,0.012658,0.00570675,0.00887046,0.00555051,0.0087242,0.00425123,0.00684915,0.00379511,0.00582008,0.00287966,0.00488379,0.00276911,0.00363048,0.0020452,0.00327515,0.00148471,0.0026947,0.00136812,0.00203583,0.000941667,0.00159993,0.00086384,0.0013581,0.000744652,0.00111668,0.00060363,0.000855631,0.000466105,0.000736514,0.000359445,0.000619641,0.000287828,0.000492243,0.00023221,0.000392555,0.000233168,0.000376708,0.000162552,0.000265504,0.000129743,0.000220393,0.000127734,0.000196796,8.6042e-05,0.000155212,9.37485e-05,0.000134346,6.24378e-05,9.52603e-05,5.26369e-05,7.92466e-05,3.53446e-05,
64600,0.457364,0.543939,0.521712,0.538818,0.53464,0.426112,0.518436,0.574253,0.524768,0.470787,0.482384,0.502535,0.539782,0.491487,0.51732,0.472175,0.52599,0.446569,0.433318,0.419216,0.515118,0.383265,0.422151,0.303138,0.437204,0.24289,0.330581,0.184807,0.285241,0.0993968,0.193754,0.0552584,0.130745,0.0441722,0.0827473,0.0299185,0.0558068,0.0214811,0.0474913,0.0209733,0.032255,0.0156991,0.0268353,0.0130538,0.0209687,0.00909086,0.0164397,0.00939841,0.012658,0.00570675,0.00887046,0.00555051,0.0087242,0.00425123,0.00684915,0.00379511,0.00582008,0.00287966,0.00488379,0.00276911,0.00363048,0.0020452,0.00327515,0.00148471,0.0026947,0.00136812,0.00203583,0.000941667,0.00159993,0.00086384,0.0013581,0.000744652,0.00111668,0.00060363,0.000855631,0.000466105,0.000736514,0.000359445,0.000619641,0.000287828,0.000492243,0.00023221,0.000392555,0.000233168,0.000376708,0.000162552,0.000265504,0.000129743,0.000220393,0.000127734,0.000196796,8.6042e-05,0.000155212,9.37485e-05,0.000134346,6.24378e-05,9.52603e-05,5.26369e-05,7.92466e-05,3.53446e-05,
64800,0.457364,0.543939,0.521712,0.538818,0.53464,0.426112,0.518436,0.574253,0.524768,0.470787,0.482384,0.502535,0.539782,0.491487,0.51732,0.472175,0.52599,0.446569,0.433318,0.419216,0.515118,0.383265,0.422151,0.303138,0.437204,0.24289,0.330581,0.184807,0.285241,0.0993968,0.193754,0.0552584,0.130745,0.0441722,0.0827473,0.0299185,0.0558068,0.0214811,0.0474913,0.0209733,0.032255,0.0156991,0.0268353,0.0130538,0.0209687,0.00909086,0.0164397,0.00939841,0.012658,0.00570675,0.00887046,0.00555051,0.0087242,0.00425123,0.00684915,0.00379511,0.00582008,0.00287966,0.00488379,0.00276911,0.00363048,0.0020452,0.00327515,0.00148471,0.0026947,0.00136812,0.00203583,0.000941667,0.00159993,0.00086384,0.0013581,0.000744652,0.00111668,0.00060363,0.000855631,0.000466105,0.000736514,0.000359445,0.000619641,0.000287828,0.000492243,0.00023221,0.000392555,0.000233168,0.000376708,0.000162552,0.000265504,0.000129743,0.000220393,0.000127734,0.000196796,8.6042e-05,0.000155212,9.37485e-05,0.000134346,6.24378e-05,9.52603e-05,5.26369e-05,7.92466e-05,3.53446e-05,
65000,0.457364,0.543939,0.521712,0.538818,0.53464,0.426112,0.518436,0.574253,0.524768,0.470787,0.482384,0.502535,0.539782,0.491487,0.51732,0.472175,0.52599,0.446569,0.433318,0.419216,0.515118,0.383265,0.422151,0.303138,0.437204,0.24289,0.330581,0.184807,0.285241,0.0993968,0.193754,0.0552584,0.130745,0.0441722,0.0827473,0.0299185,0.0558068,0.0214811,0.0474913,0.0209733,0.032255,0.0156991,0.0268353,0.0130538,0.0209687,0.00909086,0.0164397,0.00939841,0.012658,0.00570675,0.00887046,0.00555051,0.0087242,0.00425123,0.00684915,0.00379511,0.00582008,0.00287966,0.00488379,0.00276911,0.00363048,0.0020452,0.00327515,0.00148471,0.0026947,0.00136812,0.00203583,0.000941667,0.00159993,0.00086384,0.0013581,0.000744652,0.00111668,0.00060363,0.000855631,0.000466105,0.000736514,0.000359445,0.000619641,0.000287828,0.000492243,0.00023221,0.000392555,0.000233168,0.000376708,0.000162552,0.000265504,0.000129743,0.000220393,0.000127734,0.000196796,8.6042e-05,0.000155212,9.37485e-05,0.000134346,6.24378e-05,9.52603e-05,5.26369e-05,7.92466e-05,3.53446e-05,
65200,0.457364,0.543939,0.521712,0.538818,0.53464,0.426112,0.518436,0.574253,0.524768,0.470787,0.482384,0.502535,0.539782,0.491487,0.51732,0.472175,0.52599,0.446569,0.433318,0.419216,0.515118,0.383265,0.422151,0.303138,0.437204,0.24289,0.330581,0.184807,0.285241,0.0993968,0.193754,0.0552584,0.130745,0.0441722,0.0827473,0.0299185,0.0558068,0.0214811,0.0474913,0.0209733,0.032255,0.0156991,0.0268353,0.0130538,0.0209687,0.00909086,0.0164397,0.00939841,0.012658,0.00570675,0.00887046,0.00555051,0.0087242,0.00425123,0.00684915,0.00379511,0.00582008,0.00287966,0.00488379,0.00276911,0.00363048,0.0020452,0.00327515,0.00148471,0.0026947,0.00136812,0.00203583,0.000941667,0.00159993,0.00086384,0.0013581,0.000744652,0.00111668,0.00060363,0.000855631,0.000466105,0.000736514,0.000359445,0.000619641,0.000287828,0.000492243,0.00023221,0.000392555,0.000233168,0.000376708,0.000162552,0.000265504,0.000129743,0.000220393,0.000127734,0.000196796,8.6042e-05,0.000155212,9.37485e-05,0.000134346,6.24378e-05,9.52603e-05,5.26369e-05,7.92466e-05,3.53446e-05,
65400,0.457364,0.543939,0.521712,0.538818,0.53464,0.426112,0.518436,0.574253,0.524768,0.470787,0.482384,0.502535,0.539782,0.491487,0.51732,0.472175,0.52599,0.446569,0.433318,0.419216,0.515118,0.383265,0.422151,0.303138,0.437204,0.24289,0.330581,0.184807,0.285241,0.0993968,0.193754,0.0552584,0.130745,0.0441722,0.0827473,0.0299185,0.0558068,0.0214811,0.0474913,0.0209733,0.032255,0.0156991,0.0268353,0.0130538,0.0209687,0.00909086,0.0164397,0.00939841,0.012658,0.00570675,0.00887046,0.00555051,0.0087242,0.00425123,0.00684915,0.00379511,0.00582008,0.00287966,0.00488379,0.00276911,0.00363048,0.0020452,0.00327515,0.00148471,0.0026947,0.00136812,0.00203583,0.000941667,0.00159993,0.00086384,0.0013581,0.000744652,0.00111668,0.00060363,0.000855631,0.000466105,0.000736514,0.000359445,0.000619641,0.000287828,0.000492243,0.00023221,0.000392555,0.000233168,0.000376708,0.000162552,0.000265504,0.000129743,0.000220393,0.000127734,0.000196796,8.6042e-05,0.000155212,9.37485e-05,0.000134346,6.24378e-05,9.52603e-05,5.26369e-05,7.92466e-05,3.53446e-05,
65600,0.457364,0.543939,0.521712,0.538818,0.53464,0.426112,0.518436,0.574253,0.524768,0.470787,0.482384,0.502535,0.539782,0.491487,0.51732,0.472175,0.52599,0.446569,0.433318,0.419216,0.515118,0.383265,0.422151,0.303138,0.437204,0.24289,0.330581,0.184807,0.285241,0.0993968,0.193754,0.0552584,0.130745,0.0441722,0.0827473,0.0299185,0.0558068,0.0214811,0.0474913,0.0209733,0.032255,0.0156991,0.0268353,0.0130538,0.0209687,0.00909086,0.0164397,0.00939841,0.012658,0.00570675,0.00887046,0.00555051,0.0087242,0.00425123,0.00684915,0.00379511,0.00582008,0.00287966,0.00488379,0.00276911,0.00363048,0.0020452,0.00327515,0.00148471,0.0026947,0.00136812,0.00203583,0.000941667,0.00159993,0.00086384,0.0013581,0.000744652,0.00111668,0.00060363,0.000855631,0.000466105,0.000736514,0.000359445,0.000619641,0.000287828,0.000492243,0.00023221,0.000392555,0.000233168,0.000376708,0.000162552,0.000265504,0.000129743,0.000220393,0.000127734,0.000196796,8.6042e-05,0.000155212,9.37485e-05,0.000134346,6.24378e-05,9.52603e-05,5.26369e-05,7.92466e-05,3.53446e-05,
65800,0.457364,0.543939,0.521712,0.538818,0.53464,0.426112,0.518436,0.574253,0.524768,0.470787,0.482384,0.502535,0.539782,0.491487,0.51732,0.472175,0.52599,0.446569,0.433318,0.419216,0.515118,0.383265,0.422151,0.303138,0.437204,0.24289,0.330581,0.184807,0.285241,0.0993968,0.193754,0.0552584,0.130745,0.0441722,0.0827473,0.0299185,0.0558068,0.0214811,0.0474913,0.0209733,0.032255,0.0156991,0.0268353,0.0130538,0.0209687,0.00909086,0.0164397,0.00939841,0.012658,0.00570675,0.00887046,0.00555051,0.0087242,0.00425123,0.00684915,0.00379511,0.00582008,0.00287966,0.00488379,0.00276911,0.00363048,0.0020452,0.00327515,0.00148471,0.0026947,0.00136812,0.00203583,0.000941667,0.00159993,0.00086384,0.0013581,0.000744652,0.00111668,0.00060363,0.000855631,0.000466105,0.000736514,0.000359445,0.000619641,0.000287828,0.000492243,0.00023221,0.000392555,0.000233168,0.000376708,0.000162552,0.000265504,0.000129743,0.000220393,0.000127734,0.000196796,8.6042e-05,0.000155212,9.37485e-05,0.000134346,6.24378e-05,9.52603e-05,5.26369e-05,7.92466e-05,3.53446e-05,
66000,0.457364,0.543939,0.521712,0.538818,0.53464,0.426112,0.518436,0.574253,0.524768,0.470787,0.482384,0.502535,0.539782,0.491487,0.51732,0.472175,0.52599,0.446569,0.433318,0.419216,0.515118,0.383265,0.422151,0.303138,0.437204,0.24289,0.330581,0.184807,0.285241,0.0993968,0.193754,0.0552584,0.130745,0.0441722,0.0827473,0.0299185,0.0558068,0.0214811,0.0474913,0.0209733,0.032255,0.0156991,0.0268353,0.0130538,0.0209687,0.00909086,0.0164397,0.00939841,0.012658,0.00570675,0.00887046,0.00555051,0.0087242,0.00425123,0.00684915,0.00379511,0.00582008,0.00287966,0.00488379,0.00276911,0.00363048,0.0020452,0.00327515,0.00148471,0.0026947,0.00136812,0.00203583,0.000941667,0.00159993,0.00086384,0.0013581,0.000744652,0.00111668,0.00060363,0.000855631,0.000466105,0.000736514,0.000359445,0.000619641,0.000287828,0.000492243,0.00023221,0.000392555,0.000233168,0.000376708,0.000162552,0.000265504,0.000129743,0.000220393,0.000127734,0.000196796,8.6042e-05,0.000155212,9.37485e-05,0.000134346,6.24378e-05,9.52603e-05,5.26369e-05,7.92466e-05,3.53446e-05,
66200,0.457364,0.543939,0.521712,0.538818,0.53464,0.426112,0.518436,0.574253,0.524768,0.470787,0.482384,0.502535,0.539782,0.491487,0.51732,0.472175,0.52599,0.446569,0.433318,0.419216,0.515118,0.383265,0.422151,0.303138,0.437204,0.24289,0.330581,0.184807,0.285241,0.0993968,0.193754,0.0552584,0.130745,0.0441722,0.0827473,0.0299185,0.0558068,0.0214811,0.0474913,0.0209733,0.032255,0.0156991,0.0268353,0.0130538,0.0209687,0.00909086,0.0164397,0.00939841,0.012658,0.00570675,0.00887046,0.00555051,0.0087242,0.00425123,0.00684915,0.00379511,0.00582008,0.00287966,0.00488379,0.00276911,0.00363048,0.0020452,0.00327515,0.00148471,0.0026947,0.00136812,0.00203583,0.000941667,0.00159993,0.00086384,0.0013581,0.000744652,0.00111668,0.00060363,0.000855631,0.000466105,0.000736514,0.000359445,0.000619641,0.000287828,0.000492243,0.00023221,0.000392555,0.000233168,0.000376708,0.000162552,0.000265504,0.000129743,0.000220393,0.000127734,0.000196796,8.6042e-05,0.000155212,9.37485e-05,0.000134346,6.24378e-05,9.52603e-05,5.26369e-05,7.92466e-05,3.53446e-05,
66400,0.457364,0.543939,0.521712,0.538818,0.53464,0.426112,0.518436,0.574253,0.524768,0.470787,0.482384,0.502535,0.539782,0.491487,0.51732,0.472175,0.52599,0.446569,0.433318,0.419216,0.515118,0.383265,0.422151,0.303138,0.437204,0.24289,0.330581,0.184807,0.285241,0.0993968,0.193754,0.0552584,0.130745,0.0441722,0.0827473,0.0299185,0.0558068,0.0214811,0.0474913,0.0209733,0.032255,0.0156991,0.0268353,0.0130538,0.0209687,0.00909086,0.0164397,0.00939841,0.012658,0.00570675,0.00887046,0.00555051,0.0087242,0.00425123,0.00684915,0.00379511,0.00582008,0.00287966,0.00488379,0.00276911,0.00363048,0.0020452,0.00327515,0.00148471,0.0026947,0.00136812,0.00203583,0.000941667,0.00159993,0.00086384,0.0013581,0.000744652,0.00111668,0.00060363,0.000855631,0.000466105,0.000736514,0.000359445,0.000619641,0.000287828,0.000492243,0.00023221,0.000392555,0.000233168,0.000376708,0.000162552,0.000265504,0.000129743,0.000220393,0.000127734,0.000196796,8.6042e-05,0.000155212,9.37485e-05,0.000134346,6.24378e-05,9.52603e-05,5.26369e-05,7.92466e-05,3.53446e-05,
66600,0.457364,0.543939,0.521712,0.538818,0.53464,0.426112,0.518436,0.574253,0.524768,0.470787,0.482384,0.502535,0.539782,0.491487,0.51732,0.472175,0.52599,0.446569,0.433318,0.419216,0.515118,0.383265,0.422151,0.303138,0.437204,0.24289,0.330581,0.184807,0.285241,0.0993968,0.193754,0.0552584,0.130745,0.0441722,0.0827473,0.0299185,0.0558068,0.0214811,0.0474913,0.0209733,0.032255,0.0156991,0.0268353,0.0130538,0.0209687,0.00909086,0.0164397,0.00939841,0.012658,0.00570675,0.00887046,0.00555051,0.0087242,0.00425123,0.00684915,0.00379511,0.00582008,0.00287966,0.00488379,0.00276911,0.00363048,0.0020452,0.00327515,0.00148471,0.0026947,0.00136812,0.00203583,0.000941667,0.00159993,0.00086384,0.0013581,0.000744652,0.00111668,0.00060363,0.000855631,0.000466105,0.000736514,0.000359445,0.000619641,0.000287828,0.000492243,0.00023221,0.000392555,0.000233168,0.000376708,0.000162552,0.000265504,0.000129743,0.000220393,0.000127734,0.000196796,8.6042e-05,0.000155212,9.37485e-05,0.000134346,6.24378e-05,9.52603e-05,5.26369e-05,7.92466e-05,3.53446e-05,
66800,0.457364,0.543939,0.521712,0.538818,0.53464,0.426112,0.518436,0.574253,0.524768,0.470787,0.482384,0.502535,0.539782,0.491487,0.51732,0.472175,0.52599,0.446569,0.433318,0.419216,0.515118,0.383265,0.422151,0.303138,0.437204,0.24289,0.330581,0.184807,0.285241,0.0993968,0.193754,0.0552584,0.130745,0.0441722,0.0827473,0.0299185,0.0558068,0.0214811,0.0474913,0.0209733,0.032255,0.0156991,0.0268353,0.0130538,0.0209687,0.00909086,0.0164397,0.00939841,0.012658,0.00570675,0.00887046,0.00555051,0.0087242,0.00425123,0.00684915,0.00379511,0.00582008,0.00287966,0.00488379,0.00276911,0.00363048,0.0020452,0.00327515,0.00148471,0.0026947,0.00136812,0.00203583,0.000941667,0.00159993,0.00086384,0.0013581,0.000744652,0.00111668,0.00060363,0.000855631,0.000466105,0.000736514,0.000359445,0.000619641,0.000287828,0.000492243,0.00023221,0.000392555,0.000233168,0.000376708,0.000162552,0.000265504,0.000129743,0.000220393,0.000127734,0.000196796,8.6042e-05,0.000155212,9.37485e-05,0.000134346,6.24378e-05,9.52603e-05,5.26369e-05,7.92466e-05,3.53446e-05,
67000,0.457364,0.543939,0.521712,0.538818,0.53464,0.426112,0.518436,0.574253,0.524768,0.470787,0.482384,0.502535,0.539782,0.491487,0.51732,0.472175,0.52599,0.446569,0.433318,0.419216,0.515118,0.383265,0.422151,0.303138,0.437204,0.24289,0.330581,0.184807,0.285241,0.0993968,0.193754,0.0552584,0.130745,0.0441722,0.0827473,0.0299185,0.0558068,0.0214811,0.0474913,0.0209733,0.032255,0.0156991,0.0268353,0.0130538,0.0209687,0.00909086,0.0164397,0.00939841,0.012658,0.00570675,0.00887046,0.00555051,0.0087242,0.00425123,0.00684915,0.00379511,0.00582008,0.00287966,0.00488379,0.00276911,0.00363048,0.0020452,0.00327515,0.00148471,0.0026947,0.00136812,0.00203583,0.000941667,0.00159993,0.00086384,0.0013581,0.000744652,0.00111668,0.00060363,0.000855631,0.000466105,0.000736514,0.000359445,0.000619641,0.000287828,0.000492243,0.00023221,0.000392555,0.000233168,0.000376708,0.000162552,0.000265504,0.000129743,0.000220393,0.000127734,0.000196796,8.6042e-05,0.000155212,9.37485e-05,0.000134346,6.24378e-05,9.52603e-05,5.26369e-05,7.92466e-05,3.53446e-05,
67200,0.457364,0.543939,0.521712,0.538818,0.53464,0.426112,0.518436,0.574253,0.524768,0.470787,0.482384,0.502535,0.539782,0.491487,0.51732,0.472175,0.52599,0.446569,0.433318,0.419216,0.515118,0.383265,0.422151,0.303138,0.437204,0.24289,0.330581,0.184807,0.285241,0.0993968,0.193754,0.0552584,0.130745,0.0441722,0.0827473,0.0299185,0.0558068,0.0214811,0.0474913,0.0209733,0.032255,0.0156991,0.0268353,0.0130538,0.0209687,0.00909086,0.0164397,0.00939841,0.012658,0.00570675,0.00887046,0.00555051,0.0087242,0.00425123,0.00684915,0.00379511,0.00582008,0.00287966,0.00488379,0.00276911,0.00363048,0.0020452,0.00327515,0.00148471,0.0026947,0.00136812,0.00203583,0.000941667,0.00159993,0.00086384,0.0013581,0.000744652,0.00111668,0.00060363,0.000855631,0.000466105,0.000736514,0.000359445,0.000619641,0.000287828,0.000492243,0.00023221,0.000392555,0.000233168,0.000376708,0.000162552,0.000265504,0.000129743,0.000220393,0.000127734,0.000196796,8.6042e-05,0.000155212,9.37485e-05,0.000134346,6.24378e-05,9.52603e-05,5.26369e-05,7.92466e-05,3.53446e-05,
67400,0.457364,0.543939,0.521712,0.538818,0.53464,0.426112,0.518436,0.574253,0.524768,0.470787,0.482384,0.502535,0.539782,0.491487,0.51732,0.472175,0.52599,0.446569,0.433318,0.419216,0.515118,0.383265,0.422151,0.303138,0.437204,0.24289,0.330581,0.184807,0.285241,0.0993968,0.193754,0.0552584,0.130745,0.0441722,0.0827473,0.0299185,0.0558068,0.0214811,0.0474913,0.0209733,0.032255,0.0156991,0.0268353,0.0130538,0.0209687,0.00909086,0.0164397,0.00939841,0.012658,0.00570675,0.00887046,0.00555051,0.0087242,0.00425123,0.00684915,0.00379511,0.00582008,0.00287966,0.00488379,0.00276911,0.00363048,0.0020452,0.00327515,0.00148471,0.0026947,0.00136812,0.00203583,0.000941667,0.00159993,0.00086384,0.0013581,0.000744652,0.00111668,0.00060363,0.000855631,0.000466105,0.000736514,0.000359445,0.000619641,0.000287828,0.000492243,0.00023221,0.000392555,0.000233168,0.000376708,0.000162552,0.000265504,0.000129743,0.000220393,0.000127734,0.000196796,8.6042e-05,0.000155212,9.37485e-05,0.000134346,6.24378e-05,9.52603e-05,5.26369e-05,7.92466e-05,3.53446e-05,
67600,0.457364,0.543939,0.521712,0.538818,0.53464,0.426112,0.518436,0.574253,0.524768,0.470787,0.482384,0.502535,0.539782,0.491487,0.51732,0.472175,0.52599,0.446569,0.433318,0.419216,0.515118,0.383265,0.422151,0.303138,0.437204,0.24289,0.330581,0.184807,0.285241,0.0993968,0.193754,0.0552584,0.130745,0.0441722,0.0827473,0.0299185,0.0558068,0.0214811,0.0474913,0.0209733,0.032255,0.0156991,0.0268353,0.0130538,0.0209687,0.00909086,0.0164397,0.00939841,0.012658,0.00570675,0.00887046,0.00555051,0.0087242,0.00425123,0.00684915,0.00379511,0.00582008,0.00287966,0.00488379,0.00276911,0.00363048,0.0020452,0.00327515,0.00148471,0.0026947,0.00136812,0.00203583,0.000941667,0.00159993,0.00086384,0.0013581,0.000744652,0.00111668,0.00060363,0.000855631,0.000466105,0.000736514,0.000359445,0.000619641,0.000287828,0.000492243,0.00023221,0.000392555,0.000233168,0.000376708,0.000162552,0.000265504,0.000129743,0.000220393,0.000127734,0.000196796,8.6042e-05,0.000155212,9.37485e-05,0.000134346,6.24378e-05,9.52603e-05,5.26369e-05,7.92466e-05,3.53446e-05,
67800,0.457364,0.543939,0.521712,0.538818,0.53464,0.426112,0.518436,0.574253,0.524768,0.470787,0.482384,0.502535,0.539782,0.491487,0.51732,0.472175,0.52599,0.446569,0.433318,0.419216,0.515118,0.383265,0.422151,0.303138,0.437204,0.24289,0.330581,0.184807,0.285241,0.0993968,0.193754,0.0552584,0.130745,0.0441722,0.0827473,0.0299185,0.0558068,0.0214811,0.0474913,0.0209733,0.032255,0.0156991,0.0268353,0.0130538,0.0209687,0.00909086,0.0164397,0.00939841,0.012658,0.00570675,0.00887046,0.00555051,0.0087242,0.00425123,0.00684915,0.00379511,0.00582008,0.00287966,0.00488379,0.00276911,0.00363048,0.0020452,0.00327515,0.00148471,0.0026947,0.00136812,0.00203583,0.000941667,0.00159993,0.00086384,0.0013581,0.000744652,0.00111668,0.00060363,0.000855631,0.000466105,0.000736514,0.000359445,0.000619641,0.000287828,0.000492243,0.00023221,0.000392555,0.000233168,0.000376708,0.000162552,0.000265504,0.000129743,0.000220393,0.000127734,0.000196796,8.6042e-05,0.000155212,9.37485e-05,0.000134346,6.24378e-05,9.52603e-05,5.26369e-05,7.92466e-05,3.53446e-05,
68000,0.457364,0.543939,0.521712,0.538818,0.53464,0.426112,0.518436,0.574253,0.524768,0.470787,0.482384,0.502535,0.539782,0.491487,0.51732,0.472175,0.52599,0.446569,0.433318,0.419216,0.515118,0.383265,0.422151,0.303138,0.437204,0.24289,0.330581,0.184807,0.285241,0.0993968,0.193754,0.0552584,0.130745,0.0441722,0.0827473,0.0299185,0.0558068,0.0214811,0.0474913,0.0209733,0.032255,0.0156991,0.0268353,0.0130538,0.0209687,0.00909086,0.0164397,0.00939841,0.012658,0.00570675,0.00887046,0.00555051,0.0087242,0.00425123,0.00684915,0.00379511,0.00582008,0.00287966,0.00488379,0.00276911,0.00363048,0.0020452,0.00327515,0.00148471,0.0026947,0.00136812,0.00203583,0.000941667,0.00159993,0.00086384,0.0013581,0.000744652,0.00111668,0.00060363,0.000855631,0.000466105,0.000736514,0.000359445,0.000619641,0.000287828,0.000492243,0.00023221,0.000392555,0.000233168,0.000376708,0.000162552,0.000265504,0.000129743,0.000220393,0.000127734,0.000196796,8.6042e-05,0.000155212,9.37485e-05,0.000134346,6.24378e-05,9.52603e-05,5.26369e-05,7.92466e-05,3.53446e-05,
68200,0.457364,0.543939,0.521712,0.538818,0.53464,0.426112,0.518436,0.574253,0.524768,0.470787,0.482384,0.502535,0.539782,0.491487,0.51732,0.472175,0.52599,0.446569,0.433318,0.419216,0.515118,0.383265,0.422151,0.303138,0.437204,0.24289,0.330581,0.184807,0.285241,0.0993968,0.193754,0.0552584,0.130745,0.0441722,0.0827473,0.0299185,0.0558068,0.0214811,0.0474913,0.0209733,0.032255,0.0156991,0.0268353,0.0130538,0.0209687,0.00909086,0.0164397,0.00939841,0.012658,0.00570675,0.00887046,0.00555051,0.0087242,0.00425123,0.00684915,0.00379511,0.00582008,0.00287966,0.00488379,0.00276911,0.00363048,0.0020452,0.00327515,0.00148471,0.0026947,0.00136812,0.00203583,0.000941667,0.00159993,0.00086384,0.0013581,0.000744652,0.00111668,0.00060363,0.000855631,0.000466105,0.000736514,0.000359445,0.000619641,0.000287828,0.000492243,0.00023221,0.000392555,0.000233168,0.000376708,0.000162552,0.000265504,0.000129743,0.000220393,0.000127734,0.000196796,8.6042e-05,0.000155212,9.37485e-05,0.000134346,6.24378e-05,9.52603e-05,5.26369e-05,7.92466e-05,3.53446e-05,
68400,0.457364,0.543939,0.521712,0.538818,0.53464,0.426112,0.518436,0.574253,0.524768,0.470787,0.482384,0.502535,0.539782,0.491487,0.51732,0.472175,0.52599,0.446569,0.433318,0.419216,0.515118,0.383265,0.422151,0.303138,0.437204,0.24289,0.330581,0.184807,0.285241,0.0993968,0.193754,0.0552584,0.130745,0.0441722,0.0827473,0.0299185,0.0558068,0.0214811,0.0474913,0.0209733,0.032255,0.0156991,0.0268353,0.0130538,0.0209687,0.00909086,0.0164397,0.00939841,0.012658,0.00570675,0.00887046,0.00555051,0.0087242,0.00425123,0.00684915,0.00379511,0.00582008,0.00287966,0.00488379,0.00276911,0.00363048,0.0020452,0.00327515,0.00148471,0.0026947,0.00136812,0.00203583,0.000941667,0.00159993,0.00086384,0.0013581,0.000744652,0.00111668,0.00060363,0.000855631,0.000466105,0.000736514,0.000359445,0.000619641,0.000287828,0.000492243,0.00023221,0.000392555,0.000233168,0.000376708,0.000162552,0.000265504,0.000129743,0.000220393,0.000127734,0.000196796,8.6042e-05,0.000155212,9.37485e-05,0.000134346,6.24378e-05,9.52603e-05,5.26369e-05,7.92466e-05,3.53446e-05,
68600,0.457364,0.543939,0.521712,0.538818,0.53464,0.426112,0.518436,0.574253,0.524768,0.470787,0.482384,0.502535,0.539782,0.491487,0.51732,0.472175,0.52599,0.446569,0.433318,0.419216,0.515118,0.383265,0.422151,0.303138,0.437204,0.24289,0.330581,0.184807,0.285241,0.0993968,0.193754,0.0552584,0.130745,0.0441722,0.0827473,0.0299185,0.0558068,0.0214811,0.0474913,0.0209733,0.032255,0.0156991,0.0268353,0.0130538,0.0209687,0.00909086,0.0164397,0.00939841,0.012658,0.00570675,0.00887046,0.00555051,0.0087242,0.00425123,0.00684915,0.00379511,0.00582008,0.00287966,0.00488379,0.00276911,0.00363048,0.0020452,0.00327515,0.00148471,0.0026947,0.00136812,0.00203583,0.000941667,0.00159993,0.00086384,0.0013581,0.000744652,0.00111668,0.00060363,0.000855631,0.000466105,0.000736514,0.000359445,0.000619641,0.000287828,0.000492243,0.00023221,0.000392555,0.000233168,0.000376708,0.000162552,0.000265504,0.000129743,0.000220393,0.000127734,0.000196796,8.6042e-05,0.000155212,9.37485e-05,0.000134346,6.24378e-05,9.52603e-05,5.26369e-05,7.92466e-05,3.53446e-05,
68800,0.457364,0.543939,0.521712,0.538818,0.53464,0.426112,0.518436,0.574253,0.524768,0.470787,0.482384,0.502535,0.539782,0.491487,0.51732,0.472175,0.52599,0.446569,0.433318,0.419216,0.515118,0.383265,0.422151,0.303138,0.437204,0.24289,0.330581,0.184807,0.285241,0.0993968,0.193754,0.0552584,0.130745,0.0441722,0.0827473,0.0299185,0.0558068,0.0214811,0.0474913,0.0209733,0.032255,0.0156991,0.0268353,0.0130538,0.0209687,0.00909086,0.0164397,0.00939841,0.012658,0.00570675,0.00887046,0.00555051,0.0087242,0.00425123,0.00684915,0.00379511,0.00582008,0.00287966,0.00488379,0.00276911,0.00363048,0.0020452,0.00327515,0.00148471,0.0026947,0.00136812,0.00203583,0.000941667,0.00159993,0.00086384,0.0013581,0.000744652,0.00111668,0.00060363,0.000855631,0.000466105,0.000736514,0.000359445,0.000619641,0.000287828,0.000492243,0.00023221,0.000392555,0.000233168,0.000376708,0.000162552,0.000265504,0.000129743,0.000220393,0.000127734,0.000196796,8.6042e-05,0.000155212,9.37485e-05,0.000134346,6.24378e-05,9.52603e-05,5.26369e-05,7.92466e-05,3.53446e-05,
69000,0.457364,0.543939,0.521712,0.538818,0.53464,0.426112,0.518436,0.574253,0.524768,0.470787,0.482384,0.502535,0.539782,0.491487,0.51732,0.472175,0.52599,0.446569,0.433318,0.419216,0.515118,0.383265,0.422151,0.303138,0.437204,0.24289,0.330581,0.184807,0.285241,0.0993968,0.193754,0.0552584,0.130745,0.0441722,0.0827473,0.0299185,0.0558068,0.0214811,0.0474913,0.0209733,0.032255,0.0156991,0.0268353,0.0130538,0.0209687,0.00909086,0.0164397,0.00939841,0.012658,0.00570675,0.00887046,0.00555051,0.0087242,0.00425123,0.00684915,0.00379511,0.00582008,0.00287966,0.00488379,0.00276911,0.00363048,0.0020452,0.00327515,0.00148471,0.0026947,0.00136812,0.00203583,0.000941667,0.00159993,0.00086384,0.0013581,0.000744652,0.00111668,0.00060363,0.000855631,0.000466105,0.000736514,0.000359445,0.000619641,0.000287828,0.000492243,0.00023221,0.000392555,0.000233168,0.000376708,0.000162552,0.000265504,0.000129743,0.000220393,0.000127734,0.000196796,8.6042e-05,0.000155212,9.37485e-05,0.000134346,6.24378e-05,9.52603e-05,5.26369e-05,7.92466e-05,3.53446e-05,
69200,0.457364,0.543939,0.521712,0.538818,0.53464,0.426112,0.518436,0.574253,0.524768,0.470787,0.482384,0.502535,0.539782,0.491487,0.51732,0.472175,0.52599,0.446569,0.433318,0.419216,0.515118,0.383265,0.422151,0.303138,0.437204,0.24289,0.330581,0.184807,0.285241,0.0993968,0.193754,0.0552584,0.130745,0.0441722,0.0827473,0.0299185,0.0558068,0.0214811,0.0474913,0.0209733,0.032255,0.0156991,0.0268353,0.0130538,0.0209687,0.00909086,0.0164397,0.00939841,0.012658,0.00570675,0.00887046,0.00555051,0.0087242,0.00425123,0.00684915,0.00379511,0.00582008,0.00287966,0.00488379,0.00276911,0.00363048,0.0020452,0.00327515,0.00148471,0.0026947,0.00136812,0.00203583,0.000941667,0.00159993,0.00086384,0.0013581,0.000744652,0.00111668,0.00060363,0.000855631,0.000466105,0.000736514,0.000359445,0.000619641,0.000287828,0.000492243,0.00023221,0.000392555,0.000233168,0.000376708,0.000162552,0.000265504,0.000129743,0.000220393,0.000127734,0.000196796,8.6042e-05,0.000155212,9.37485e-05,0.000134346,6.24378e-05,9.52603e-05,5.26369e-05,7.92466e-05,3.53446e-05,
69400,0.457364,0.543939,0.521712,0.538818,0.53464,0.426112,0.518436,0.574253,0.524768,0.470787,0.482384,0.502535,0.539782,0.491487,0.51732,0.472175,0.52599,0.446569,0.433318,0.419216,0.515118,0.383265,0.422151,0.303138,0.437204,0.24289,0.330581,0.184807,0.285241,0.0993968,0.193754,0.0552584,0.130745,0.0441722,0.0827473,0.0299185,0.0558068,0.0214811,0.0474913,0.0209733,0.032255,0.0156991,0.0268353,0.0130538,0.0209687,0.00909086,0.0164397,0.00939841,0.012658,0.00570675,0.00887046,0.00555051,0.0087242,0.00425123,0.00684915,0.00379511,0.00582008,0.00287966,0.00488379,0.00276911,0.00363048,0.0020452,0.00327515,0.00148471,0.0026947,0.00136812,0.00203583,0.000941667,0.00159993,0.00086384,0.0013581,0.000744652,0.00111668,0.00060363,0.000855631,0.000466105,0.000736514,0.000359445,0.000619641,0.000287828,0.000492243,0.00023221,0.000392555,0.000233168,0.000376708,0.000162552,0.000265504,0.000129743,0.000220393,0.000127734,0.000196796,8.6042e-05,0.000155212,9.37485e-05,0.000134346,6.24378e-05,9.52603e-05,5.26369e-05,7.92466e-05,3.53446e-05,
69600,0.457364,0.543939,0.521712,0.538818,0.53464,0.426112,0.518436,0.574253,0.524768,0.470787,0.482384,0.502535,0.539782,0.491487,0.51732,0.472175,0.52599,0.446569,0.433318,0.419216,0.515118,0.383265,0.422151,0.303138,0.437204,0.24289,0.330581,0.184807,0.285241,0.0993968,0.193754,0.0552584,0.130745,0.0441722,0.0827473,0.0299185,0.0558068,0.0214811,0.0474913,0.0209733,0.032255,0.0156991,0.0268353,0.0130538,0.0209687,0.00909086,0.0164397,0.00939841,0.012658,0.00570675,0.00887046,0.00555051,0.0087242,0.00425123,0.00684915,0.00379511,0.00582008,0.00287966,0.00488379,0.00276911,0.00363048,0.0020452,0.00327515,0.00148471,0.0026947,0.00136812,0.00203583,0.000941667,0.00159993,0.00086384,0.0013581,0.000744652,0.00111668,0.00060363,0.000855631,0.000466105,0.000736514,0.000359445,0.000619641,0.000287828,0.000492243,0.00023221,0.000392555,0.000233168,0.000376708,0.000162552,0.000265504,0.000129743,0.000220393,0.000127734,0.000196796,8.6042e-05,0.000155212,9.37485e-05,0.000134346,6.24378e-05,9.52603e-05,5.26369e-05,7.92466e-05,3.53446e-05,
69800,0.457364,0.543939,0.521712,0.538818,0.53464,0.426112,0.518436,0.574253,0.524768,0.470787,0.482384,0.502535,0.539782,0.491487,0.51732,0.472175,0.52599,0.446569,0.433318,0.419216,0.515118,0.383265,0.422151,0.303138,0.437204,0.24289,0.330581,0.184807,0.285241,0.0993968,0.193754,0.0552584,0.130745,0.0441722,0.0827473,0.0299185,0.0558068,0.0214811,0.0474913,0.0209733,0.032255,0.0156991,0.0268353,0.0130538,0.0209687,0.00909086,0.0164397,0.00939841,0.012658,0.00570675,0.00887046,0.00555051,0.0087242,0.00425123,0.00684915,0.00379511,0.00582008,0.00287966,0.00488379,0.00276911,0.00363048,0.0020452,0.00327515,0.00148471,0.0026947,0.00136812,0.00203583,0.000941667,0.00159993,0.00086384,0.0013581,0.000744652,0.00111668,0.00060363,0.000855631,0.000466105,0.000736514,0.000359445,0.000619641,0.000287828,0.000492243,0.00023221,0.000392555,0.000233168,0.000376708,0.000162552,0.000265504,0.000129743,0.000220393,0.000127734,0.000196796,8.6042e-05,0.000155212,9.37485e-05,0.000134346,6.24378e-05,9.52603e-05,5.26369e-05,7.92466e-05,3.53446e-05,
70000,0.457364,0.543939,0.521712,0.538818,0.53464,0.426112,0.518436,0.574253,0.524768,0.470787,0.482384,0.502535,0.539782,0.491487,0.51732,0.472175,0.52599,0.446569,0.433318,0.419216,0.515118,0.383265,0.422151,0.303138,0.437204,0.24289,0.330581,0.184807,0.285241,0.0993968,0.193754,0.0552584,0.130745,0.0441722,0.0827473,0.0299185,0.0558068,0.0214811,0.0474913,0.0209733,0.032255,0.0156991,0.0268353,0.0130538,0.0209687,0.00909086,0.0164397,0.00939841,0.012658,0.00570675,0.00887046,0.00555051,0.0087242,0.00425123,0.00684915,0.00379511,0.00582008,0.00287966,0.00488379,0.00276911,0.00363048,0.0020452,0.00327515,0.00148471,0.0026947,0.00136812,0.00203583,0.000941667,0.00159993,0.00086384,0.0013581,0.000744652,0.00111668,0.00060363,0.000855631,0.000466105,0.000736514,0.000359445,0.000619641,0.000287828,0.000492243,0.00023221,0.000392555,0.000233168,0.000376708,0.000162552,0.000265504,0.000129743,0.000220393,0.000127734,0.000196796,8.6042e-05,0.000155212,9.37485e-05,0.000134346,6.24378e-05,9.52603e-05,5.26369e-05,7.92466e-05,3.53446e-05,
70200,0.457364,0.543939,0.521712,0.538818,0.53464,0.426112,0.518436,0.574253,0.524768,0.470787,0.482384,0.502535,0.539782,0.491487,0.51732,0.472175,0.52599,0.446569,0.433318,0.419216,0.515118,0.383265,0.422151,0.303138,0.437204,0.24289,0.330581,0.184807,0.285241,0.0993968,0.193754,0.0552584,0.130745,0.0441722,0.0827473,0.0299185,0.0558068,0.0214811,0.0474913,0.0209733,0.032255,0.0156991,0.0268353,0.0130538,0.0209687,0.00909086,0.0164397,0.00939841,0.012658,0.00570675,0.00887046,0.00555051,0.0087242,0.00425123,0.00684915,0.00379511,0.00582008,0.00287966,0.00488379,0.00276911,0.00363048,0.0020452,0.00327515,0.00148471,0.0026947,0.00136812,0.00203583,0.000941667,0.00159993,0.00086384,0.0013581,0.000744652,0.00111668,0.00060363,0.000855631,0.000466105,0.000736514,0.000359445,0.000619641,0.000287828,0.000492243,0.00023221,0.000392555,0.000233168,0.000376708,0.000162552,0.000265504,0.000129743,0.000220393,0.000127734,0.000196796,8.6042e-05,0.000155212,9.37485e-05,0.000134346,6.24378e-05,9.52603e-05,5.26369e-05,7.92466e-05,3.53446e-05,
70400,0.457364,0.543939,0.521712,0.538818,0.53464,0.426112,0.518436,0.574253,0.524768,0.470787,0.482384,0.502535,0.539782,0.491487,0.51732,0.472175,0.52599,0.446569,0.433318,0.419216,0.515118,0.383265,0.422151,0.303138,0.437204,0.24289,0.330581,0.184807,0.285241,0.0993968,0.193754,0.0552584,0.130745,0.0441722,0.0827473,0.0299185,0.0558068,0.0214811,0.0474913,0.0209733,0.032255,0.0156991,0.0268353,0.0130538,0.0209687,0.00909086,0.0164397,0.00939841,0.012658,0.00570675,0.00887046,0.00555051,0.0087242,0.00425123,0.00684915,0.00379511,0.00582008,0.00287966,0.00488379,0.00276911,0.00363048,0.0020452,0.00327515,0.00148471,0.0026947,0.00136812,0.00203583,0.000941667,0.00159993,0.00086384,0.0013581,0.000744652,0.00111668,0.00060363,0.000855631,0.000466105,0.000736514,0.000359445,0.000619641,0.000287828,0.000492243,0.00023221,0.000392555,0.000233168,0.000376708,0.000162552,0.000265504,0.000129743,0.000220393,0.000127734,0.000196796,8.6042e-05,0.000155212,9.37485e-05,0.000134346,6.24378e-05,9.52603e-05,5.26369e-05,7.92466e-05,3.53446e-05,
70600,0.457364,0.543939,0.521712,0.538818,0.53464,0.426112,0.518436,0.574253,0.524768,0.470787,0.482384,0.502535,0.539782,0.491487,0.51732,0.472175,0.52599,0.446569,0.433318,0.419216,0.515118,0.383265,0.422151,0.303138,0.437204,0.24289,0.330581,0.184807,0.285241,0.0993968,0.193754,0.0552584,0.130745,0.0441722,0.0827473,0.0299185,0.0558068,0.0214811,0.0474913,0.0209733,0.032255,0.0156991,0.0268353,0.0130538,0.0209687,0.00909086,0.0164397,0.00939841,0.012658,0.00570675,0.00887046,0.00555051,0.0087242,0.00425123,0.00684915,0.00379511,0.00582008,0.00287966,0.00488379,0.00276911,0.00363048,0.0020452,0.00327515,0.00148471,0.0026947,0.00136812,0.00203583,0.000941667,0.00159993,0.00086384,0.0013581,0.000744652,0.00111668,0.00060363,0.000855631,0.000466105,0.000736514,0.000359445,0.000619641,0.000287828,0.000492243,0.00023221,0.000392555,0.000233168,0.000376708,0.000162552,0.000265504,0.000129743,0.000220393,0.000127734,0.000196796,8.6042e-05,0.000155212,9.37485e-05,0.000134346,6.24378e-05,9.52603e-05,5.26369e-05,7.92466e-05,3.53446e-05,
70800,0.457364,0.543939,0.521712,0.538818,0.53464,0.426112,0.518436,0.574253,0.524768,0.470787,0.482384,0.502535,0.539782,0.491487,0.51732,0.472175,0.52599,0.446569,0.433318,0.419216,0.515118,0.383265,0.422151,0.303138,0.437204,0.24289,0.330581,0.184807,0.285241,0.0993968,0.193754,0.0552584,0.130745,0.0441722,0.0827473,0.0299185,0.0558068,0.0214811,0.0474913,0.0209733,0.032255,0.0156991,0.0268353,0.0130538,0.0209687,0.00909086,0.0164397,0.00939841,0.012658,0.00570675,0.00887046,0.00555051,0.0087242,0.00425123,0.00684915,0.00379511,0.00582008,0.00287966,0.00488379,0.00276911,0.00363048,0.0020452,0.00327515,0.00148471,0.0026947,0.00136812,0.00203583,0.000941667,0.00159993,0.00086384,0.0013581,0.000744652,0.00111668,0.00060363,0.000855631,0.000466105,0.000736514,0.000359445,0.000619641,0.000287828,0.000492243,0.00023221,0.000392555,0.000233168,0.000376708,0.000162552,0.000265504,0.000129743,0.000220393,0.000127734,0.000196796,8.6042e-05,0.000155212,9.37485e-05,0.000134346,6.24378e-05,9.52603e-05,5.26369e-05,7.92466e-05,3.53446e-05,
71000,0.457364,0.543939,0.521712,0.538818,0.53464,0.426112,0.518436,0.574253,0.524768,0.470787,0.482384,0.502535,0.539782,0.491487,0.51732,0.472175,0.52599,0.446569,0.433318,0.419216,0.515118,0.383265,0.422151,0.303138,0.437204,0.24289,0.330581,0.184807,0.285241,0.0993968,0.193754,0.0552584,0.130745,0.0441722,0.0827473,0.0299185,0.0558068,0.0214811,0.0474913,0.0209733,0.032255,0.0156991,0.0268353,0.0130538,0.0209687,0.00909086,0.0164397,0.00939841,0.012658,0.00570675,0.00887046,0.00555051,0.0087242,0.00425123,0.00684915,0.00379511,0.00582008,0.00287966,0.00488379,0.00276911,0.00363048,0.0020452,0.00327515,0.00148471,0.0026947,0.00136812,0.00203583,0.000941667,0.00159993,0.00086384,0.0013581,0.000744652,0.00111668,0.00060363,0.000855631,0.000466105,0.000736514,0.000359445,0.000619641,0.000287828,0.000492243,0.00023221,0.000392555,0.000233168,0.000376708,0.000162552,0.000265504,0.000129743,0.000220393,0.000127734,0.000196796,8.6042e-05,0.000155212,9.37485e-05,0.000134346,6.24378e-05,9.52603e-05,5.26369e-05,7.92466e-05,3.53446e-05,
71200,0.457364,0.543939,0.521712,0.538818,0.53464,0.426112,0.518436,0.574253,0.524768,0.470787,0.482384,0.502535,0.539782,0.491487,0.51732,0.472175,0.52599,0.446569,0.433318,0.419216,0.515118,0.383265,0.422151,0.303138,0.437204,0.24289,0.330581,0.184807,0.285241,0.0993968,0.193754,0.0552584,0.130745,0.0441722,0.0827473,0.0299185,0.0558068,0.0214811,0.0474913,0.0209733,0.032255,0.0156991,0.0268353,0.0130538,0.0209687,0.00909086,0.0164397,0.00939841,0.012658,0.00570675,0.00887046,0.00555051,0.0087242,0.00425123,0.00684915,0.00379511,0.00582008,0.00287966,0.00488379,0.00276911,0.00363048,0.0020452,0.00327515,0.00148471,0.0026947,0.00136812,0.00203583,0.000941667,0.00159993,0.00086384,0.0013581,0.000744652,0.00111668,0.00060363,0.000855631,0.000466105,0.000736514,0.000359445,0.000619641,0.000287828,0.000492243,0.00023221,0.000392555,0.000233168,0.000376708,0.000162552,0.000265504,0.000129743,0.000220393,0.000127734,0.000196796,8.6042e-05,0.000155212,9.37485e-05,0.000134346,6.24378e-05,9.52603e-05,5.26369e-05,7.92466e-05,3.53446e-05,
71400,0.457364,0.543939,0.521712,0.538818,0.53464,0.426112,0.518436,0.574253,0.524768,0.470787,0.482384,0.502535,0.539782,0.491487,0.51732,0.472175,0.52599,0.446569,0.433318,0.419216,0.515118,0.383265,0.422151,0.303138,0.437204,0.24289,0.330581,0.184807,0.285241,0.0993968,0.193754,0.0552584,0.130745,0.0441722,0.0827473,0.0299185,0.0558068,0.0214811,0.0474913,0.0209733,0.032255,0.0156991,0.0268353,0.0130538,0.0209687,0.00909086,0.0164397,0.00939841,0.012658,0.00570675,0.00887046,0.00555051,0.0087242,0.00425123,0.00684915,0.00379511,0.00582008,0.00287966,0.00488379,0.00276911,0.00363048,0.0020452,0.00327515,0.00148471,0.0026947,0.00136812,0.00203583,0.000941667,0.00159993,0.00086384,0.0013581,0.000744652,0.00111668,0.00060363,0.000855631,0.000466105,0.000736514,0.000359445,0.000619641,0.000287828,0.000492243,0.00023221,0.000392555,0.000233168,0.000376708,0.000162552,0.000265504,0.000129743,0.000220393,0.000127734,0.000196796,8.6042e-05,0.000155212,9.37485e-05,0.000134346,6.24378e-05,9.52603e-05,5.26369e-05,7.92466e-05,3.53446e-05,
71600,0.457364,0.543939,0.521712,0.538818,0.53464,0.426112,0.518436,0.574253,0.524768,0.470787,0.482384,0.502535,0.539782,0.491487,0.51732,0.472175,0.52599,0.446569,0.433318,0.419216,0.515118,0.383265,0.422151,0.303138,0.437204,0.24289,0.330581,0.184807,0.285241,0.0993968,0.193754,0.0552584,0.130745,0.0441722,0.0827473,0.0299185,0.0558068,0.0214811,0.0474913,0.0209733,0.032255,0.0156991,0.0268353,0.0130538,0.0209687,0.00909086,0.0164397,0.00939841,0.012658,0.00570675,0.00887046,0.00555051,0.0087242,0.00425123,0.00684915,0.00379511,0.00582008,0.00287966,0.00488379,0.00276911,0.00363048,0.0020452,0.00327515,0.00148471,0.0026947,0.00136812,0.00203583,0.000941667,0.00159993,0.00086384,0.0013581,0.000744652,0.00111668,0.00060363,0.000855631,0.000466105,0.000736514,0.000359445,0.000619641,0.000287828,0.000492243,0.00023221,0.000392555,0.000233168,0.000376708,0.000162552,0.000265504,0.000129743,0.000220393,0.000127734,0.000196796,8.6042e-05,0.000155212,9.37485e-05,0.000134346,6.24378e-05,9.52603e-05,5.26369e-05,7.92466e-05,3.53446e-05,
71800,0.457364,0.543939,0.521712,0.538818,0.53464,0.426112,0.518436,0.574253,0.524768,0.470787,0.482384,0.502535,0.539782,0.491487,0.51732,0.472175,0.52599,0.446569,0.433318,0.419216,0.515118,0.383265,0.422151,0.303138,0.437204,0.24289,0.330581,0.184807,0.285241,0.0993968,0.193754,0.0552584,0.130745,0.0441722,0.0827473,0.0299185,0.0558068,0.0214811,0.0474913,0.0209733,0.032255,0.0156991,0.0268353,0.0130538,0.0209687,0.00909086,0.0164397,0.00939841,0.012658,0.00570675,0.00887046,0.00555051,0.0087242,0.00425123,0.00684915,0.00379511,0.00582008,0.00287966,0.00488379,0.00276911,0.00363048,0.0020452,0.00327515,0.00148471,0.0026947,0.00136812,0.00203583,0.000941667,0.00159993,0.00086384,0.0013581,0.000744652,0.00111668,0.00060363,0.000855631,0.000466105,0.000736514,0.000359445,0.000619641,0.000287828,0.000492243,0.00023221,0.000392555,0.000233168,0.000376708,0.000162552,0.000265504,0.000129743,0.000220393,0.000127734,0.000196796,8.6042e-05,0.000155212,9.37485e-05,0.000134346,6.24378e-05,9.52603e-05,5.26369e-05,7.92466e-05,3.53446e-05,
72000,0.457364,0.543939,0.521712,0.538818,0.53464,0.426112,0.518436,0.574253,0.524768,0.470787,0.482384,0.502535,0.539782,0.491487,0.51732,0.472175,0.52599,0.446569,0.433318,0.419216,0.515118,0.383265,0.422151,0.303138,0.437204,0.24289,0.330581,0.184807,0.285241,0.0993968,0.193754,0.0552584,0.130745,0.0441722,0.0827473,0.0299185,0.0558068,0.0214811,0.0474913,0.0209733,0.032255,0.0156991,0.0268353,0.0130538,0.0209687,0.00909086,0.0164397,0.00939841,0.012658,0.00570675,0.00887046,0.00555051,0.0087242,0.00425123,0.00684915,0.00379511,0.00582008,0.00287966,0.00488379,0.00276911,0.00363048,0.0020452,0.00327515,0.00148471,0.0026947,0.00136812,0.00203583,0.000941667,0.00159993,0.00086384,0.0013581,0.000744652,0.00111668,0.00060363,0.000855631,0.000466105,0.000736514,0.000359445,0.000619641,0.000287828,0.000492243,0.00023221,0.000392555,0.000233168,0.000376708,0.000162552,0.000265504,0.000129743,0.000220393,0.000127734,0.000196796,8.6042e-05,0.000155212,9.37485e-05,0.000134346,6.24378e-05,9.52603e-05,5.26369e-05,7.92466e-05,3.53446e-05,
72200,0.457364,0.543939,0.521712,0.538818,0.53464,0.426112,0.518436,0.574253,0.524768,0.470787,0.482384,0.502535,0.539782,0.491487,0.51732,0.472175,0.52599,0.446569,0.433318,0.419216,0.515118,0.383265,0.422151,0.303138,0.437204,0.24289,0.330581,0.184807,0.285241,0.0993968,0.193754,0.0552584,0.130745,0.0441722,0.0827473,0.0299185,0.0558068,0.0214811,0.0474913,0.0209733,0.032255,0.0156991,0.0268353,0.0130538,0.0209687,0.00909086,0.0164397,0.00939841,0.012658,0.00570675,0.00887046,0.00555051,0.0087242,0.00425123,0.00684915,0.00379511,0.00582008,0.00287966,0.00488379,0.00276911,0.00363048,0.0020452,0.00327515,0.00148471,0.0026947,0.00136812,0.00203583,0.000941667,0.00159993,0.00086384,0.0013581,0.000744652,0.00111668,0.00060363,0.000855631,0.000466105,0.000736514,0.000359445,0.000619641,0.000287828,0.000492243,0.00023221,0.000392555,0.000233168,0.000376708,0.000162552,0.000265504,0.000129743,0.000220393,0.000127734,0.000196796,8.6042e-05,0.000155212,9.37485e-05,0.000134346,6.24378e-05,9.52603e-05,5.26369e-05,7.92466e-05,3.53446e-05,
72400,0.457364,0.543939,0.521712,0.538818,0.53464,0.426112,0.518436,0.574253,0.524768,0.470787,0.482384,0.502535,0.539782,0.491487,0.51732,0.472175,0.52599,0.446569,0.433318,0.419216,0.515118,0.383265,0.422151,0.303138,0.437204,0.24289,0.330581,0.184807,0.285241,0.0993968,0.193754,0.0552584,0.130745,0.0441722,0.0827473,0.0299185,0.0558068,0.0214811,0.0474913,0.0209733,0.032255,0.0156991,0.0268353,0.0130538,0.0209687,0.00909086,0.0164397,0.00939841,0.012658,0.00570675,0.00887046,0.00555051,0.0087242,0.00425123,0.00684915,0.00379511,0.00582008,0.00287966,0.00488379,0.00276911,0.00363048,0.0020452,0.00327515,0.00148471,0.0026947,0.00136812,0.00203583,0.000941667,0.00159993,0.00086384,0.0013581,0.000744652,0.00111668,0.00060363,0.000855631,0.000466105,0.000736514,0.000359445,0.000619641,0.000287828,0.000492243,0.00023221,0.000392555,0.000233168,0.000376708,0.000162552,0.000265504,0.000129743,0.000220393,0.000127734,0.000196796,8.6042e-05,0.000155212,9.37485e-05,0.000134346,6.24378e-05,9.52603e-05,5.26369e-05,7.92466e-05,3.53446e-05,
72600,0.457364,0.543939,0.521712,0.538818,0.53464,0.426112,0.518436,0.574253,0.524768,0.470787,0.482384,0.502535,0.539782,0.491487,0.51732,0.472175,0.52599,0.446569,0.433318,0.419216,0.515118,0.383265,0.422151,0.303138,0.437204,0.24289,0.330581,0.184807,0.285241,0.0993968,0.193754,0.0552584,0.130745,0.0441722,0.0827473,0.0299185,0.0558068,0.0214811,0.0474913,0.0209733,0.032255,0.0156991,0.0268353,0.0130538,0.0209687,0.00909086,0.0164397,0.00939841,0.012658,0.00570675,0.00887046,0.00555051,0.0087242,0.00425123,0.00684915,0.00379511,0.00582008,0.00287966,0.00488379,0.00276911,0.00363048,0.0020452,0.00327515,0.00148471,0.0026947,0.00136812,0.00203583,0.000941667,0.00159993,0.00086384,0.0013581,0.000744652,0.00111668,0.00060363,0.000855631,0.000466105,0.000736514,0.000359445,0.000619641,0.000287828,0.000492243,0.00023221,0.000392555,0.000233168,0.000376708,0.000162552,0.000265504,0.000129743,0.000220393,0.000127734,0.000196796,8.6042e-05,0.000155212,9.37485e-05,0.000134346,6.24378e-05,9.52603e-05,5.26369e-05,7.92466e-05,3.53446e-05,
72800,0.457364,0.543939,0.521712,0.538818,0.53464,0.426112,0.518436,0.574253,0.524768,0.470787,0.482384,0.502535,0.539782,0.491487,0.51732,0.472175,0.52599,0.446569,0.433318,0.419216,0.515118,0.383265,0.422151,0.303138,0.437204,0.24289,0.330581,0.184807,0.285241,0.0993968,0.193754,0.0552584,0.130745,0.0441722,0.0827473,0.0299185,0.0558068,0.0214811,0.0474913,0.0209733,0.032255,0.0156991,0.0268353,0.0130538,0.0209687,0.00909086,0.0164397,0.00939841,0.012658,0.00570675,0.00887046,0.00555051,0.0087242,0.00425123,0.00684915,0.00379511,0.00582008,0.00287966,0.00488379,0.00276911,0.00363048,0.0020452,0.00327515,0.00148471,0.0026947,0.00136812,0.00203583,0.000941667,0.00159993,0.00086384,0.0013581,0.000744652,0.00111668,0.00060363,0.000855631,0.000466105,0.000736514,0.000359445,0.000619641,0.000287828,0.000492243,0.00023221,0.000392555,0.000233168,0.000376708,0.000162552,0.000265504,0.000129743,0.000220393,0.000127734,0.000196796,8.6042e-05,0.000155212,9.37485e-05,0.000134346,6.24378e-05,9.52603e-05,5.26369e-05,7.92466e-05,3.53446e-05,
73000,0.457364,0.543939,0.521712,0.538818,0.53464,0.426112,0.518436,0.574253,0.524768,0.470787,0.482384,0.502535,0.539782,0.491487,0.51732,0.472175,0.52599,0.446569,0.433318,0.419216,0.515118,0.383265,0.422151,0.303138,0.437204,0.24289,0.330581,0.184807,0.285241,0.0993968,0.193754,0.0552584,0.130745,0.0441722,0.0827473,0.0299185,0.0558068,0.0214811,0.0474913,0.0209733,0.032255,0.0156991,0.0268353,0.0130538,0.0209687,0.00909086,0.0164397,0.00939841,0.012658,0.00570675,0.00887046,0.00555051,0.0087242,0.00425123,0.00684915,0.00379511,0.00582008,0.00287966,0.00488379,0.00276911,0.00363048,0.0020452,0.00327515,0.00148471,0.0026947,0.00136812,0.00203583,0.000941667,0.00159993,0.00086384,0.0013581,0.000744652,0.00111668,0.00060363,0.000855631,0.000466105,0.000736514,0.000359445,0.000619641,0.000287828,0.000492243,0.00023221,0.000392555,0.000233168,0.000376708,0.000162552,0.000265504,0.000129743,0.000220393,0.000127734,0.000196796,8.6042e-05,0.000155212,9.37485e-05,0.000134346,6.24378e-05,9.52603e-05,5.26369e-05,7.92466e-05,3.53446e-05,
73200,0.457364,0.543939,0.521712,0.538818,0.53464,0.426112,0.518436,0.574253,0.524768,0.470787,0.482384,0.502535,0.539782,0.491487,0.51732,0.472175,0.52599,0.446569,0.433318,0.419216,0.515118,0.383265,0.422151,0.303138,0.437204,0.24289,0.330581,0.184807,0.285241,0.0993968,0.193754,0.0552584,0.130745,0.0441722,0.0827473,0.0299185,0.0558068,0.0214811,0.0474913,0.0209733,0.032255,0.0156991,0.0268353,0.0130538,0.0209687,0.00909086,0.0164397,0.00939841,0.012658,0.00570675,0.00887046,0.00555051,0.0087242,0.00425123,0.00684915,0.00379511,0.00582008,0.00287966,0.00488379,0.00276911,0.00363048,0.0020452,0.00327515,0.00148471,0.0026947,0.00136812,0.00203583,0.000941667,0.00159993,0.00086384,0.0013581,0.000744652,0.00111668,0.00060363,0.000855631,0.000466105,0.000736514,0.000359445,0.000619641,0.000287828,0.000492243,0.00023221,0.000392555,0.000233168,0.000376708,0.000162552,0.000265504,0.000129743,0.000220393,0.000127734,0.000196796,8.6042e-05,0.000155212,9.37485e-05,0.000134346,6.24378e-05,9.52603e-05,5.26369e-05,7.92466e-05,3.53446e-05,
73400,0.457364,0.543939,0.521712,0.538818,0.53464,0.426112,0.518436,0.574253,0.524768,0.470787,0.482384,0.502535,0.539782,0.491487,0.51732,0.472175,0.52599,0.446569,0.433318,0.419216,0.515118,0.383265,0.422151,0.303138,0.437204,0.24289,0.330581,0.184807,0.285241,0.0993968,0.193754,0.0552584,0.130745,0.0441722,0.0827473,0.0299185,0.0558068,0.0214811,0.0474913,0.0209733,0.032255,0.0156991,0.0268353,0.0130538,0.0209687,0.00909086,0.0164397,0.00939841,0.012658,0.00570675,0.00887046,0.00555051,0.0087242,0.00425123,0.00684915,0.00379511,0.00582008,0.00287966,0.00488379,0.00276911,0.00363048,0.0020452,0.00327515,0.00148471,0.0026947,0.00136812,0.00203583,0.000941667,0.00159993,0.00086384,0.0013581,0.000744652,0.00111668,0.00060363,0.000855631,0.000466105,0.000736514,0.000359445,0.000619641,0.000287828,0.000492243,0.00023221,0.000392555,0.000233168,0.000376708,0.000162552,0.000265504,0.000129743,0.000220393,0.000127734,0.000196796,8.6042e-05,0.000155212,9.37485e-05,0.000134346,6.24378e-05,9.52603e-05,5.26369e-05,7.92466e-05,3.53446e-05,
73600,0.457364,0.543939,0.521712,0.538818,0.53464,0.426112,0.518436,0.574253,0.524768,0.470787,0.482384,0.502535,0.539782,0.491487,0.51732,0.472175,0.52599,0.446569,0.433318,0.419216,0.515118,0.383265,0.422151,0.303138,0.437204,0.24289,0.330581,0.184807,0.285241,0.0993968,0.193754,0.0552584,0.130745,0.0441722,0.0827473,0.0299185,0.0558068,0.0214811,0.0474913,0.0209733,0.032255,0.0156991,0.0268353,0.0130538,0.0209687,0.00909086,0.0164397,0.00939841,0.012658,0.00570675,0.00887046,0.00555051,0.0087242,0.00425123,0.00684915,0.00379511,0.00582008,0.00287966,0.00488379,0.00276911,0.00363048,0.0020452,0.00327515,0.00148471,0.0026947,0.00136812,0.00203583,0.000941667,0.00159993,0.00086384,0.0013581,0.000744652,0.00111668,0.00060363,0.000855631,0.000466105,0.000736514,0.000359445,0.000619641,0.000287828,0.000492243,0.00023221,0.000392555,0.000233168,0.000376708,0.000162552,0.000265504,0.000129743,0.000220393,0.000127734,0.000196796,8.6042e-05,0.000155212,9.37485e-05,0.000134346,6.24378e-05,9.52603e-05,5.26369e-05,7.92466e-05,3.53446e-05,
73800,0.457364,0.543939,0.521712,0.538818,0.53464,0.426112,0.518436,0.574253,0.524768,0.470787,0.482384,0.502535,0.539782,0.491487,0.51732,0.472175,0.52599,0.446569,0.433318,0.419216,0.515118,0.383265,0.422151,0.303138,0.437204,0.24289,0.330581,0.184807,0.285241,0.0993968,0.193754,0.0552584,0.130745,0.0441722,0.0827473,0.0299185,0.0558068,0.0214811,0.0474913,0.0209733,0.032255,0.0156991,0.0268353,0.0130538,0.0209687,0.00909086,0.0164397,0.00939841,0.012658,0.00570675,0.00887046,0.00555051,0.0087242,0.00425123,0.00684915,0.00379511,0.00582008,0.00287966,0.00488379,0.00276911,0.00363048,0.0020452,0.00327515,0.00148471,0.0026947,0.00136812,0.00203583,0.000941667,0.00159993,0.00086384,0.0013581,0.000744652,0.00111668,0.00060363,0.000855631,0.000466105,0.000736514,0.000359445,0.000619641,0.000287828,0.000492243,0.00023221,0.000392555,0.000233168,0.000376708,0.000162552,0.000265504,0.000129743,0.000220393,0.000127734,0.000196796,8.6042e-05,0.000155212,9.37485e-05,0.000134346,6.24378e-05,9.52603e-05,5.26369e-05,7.92466e-05,3.53446e-05,
74000,0.457364,0.543939,0.521712,0.538818,0.53464,0.426112,0.518436,0.574253,0.524768,0.470787,0.482384,0.502535,0.539782,0.491487,0.51732,0.472175,0.52599,0.446569,0.433318,0.419216,0.515118,0.383265,0.422151,0.303138,0.437204,0.24289,0.330581,0.184807,0.285241,0.0993968,0.193754,0.0552584,0.130745,0.0441722,0.0827473,0.0299185,0.0558068,0.0214811,0.0474913,0.0209733,0.032255,0.0156991,0.0268353,0.0130538,0.0209687,0.00909086,0.0164397,0.00939841,0.012658,0.00570675,0.00887046,0.00555051,0.0087242,0.00425123,0.00684915,0.00379511,0.00582008,0.00287966,0.00488379,0.00276911,0.00363048,0.0020452,0.00327515,0.00148471,0.0026947,0.00136812,0.00203583,0.000941667,0.00159993,0.00086384,0.0013581,0.000744652,0.00111668,0.00060363,0.000855631,0.000466105,0.000736514,0.000359445,0.000619641,0.000287828,0.000492243,0.00023221,0.000392555,0.000233168,0.000376708,0.000162552,0.000265504,0.000129743,0.000220393,0.000127734,0.000196796,8.6042e-05,0.000155212,9.37485e-05,0.000134346,6.24378e-05,9.52603e-05,5.26369e-05,7.92466e-05,3.53446e-05,
74200,0.457364,0.543939,0.521712,0.538818,0.53464,0.426112,0.518436,0.574253,0.524768,0.470787,0.482384,0.502535,0.539782,0.491487,0.51732,0.472175,0.52599,0.446569,0.433318,0.419216,0.515118,0.383265,0.422151,0.303138,0.437204,0.24289,0.330581,0.184807,0.285241,0.0993968,0.193754,0.0552584,0.130745,0.0441722,0.0827473,0.0299185,0.0558068,0.0214811,0.0474913,0.0209733,0.032255,0.0156991,0.0268353,0.0130538,0.0209687,0.00909086,0.0164397,0.00939841,0.012658,0.00570675,0.00887046,0.00555051,0.0087242,0.00425123,0.00684915,0.00379511,0.00582008,0.00287966,0.00488379,0.00276911,0.00363048,0.0020452,0.00327515,0.00148471,0.0026947,0.00136812,0.00203583,0.000941667,0.00159993,0.00086384,0.0013581,0.000744652,0.00111668,0.00060363,0.000855631,0.000466105,0.000736514,0.000359445,0.000619641,0.000287828,0.000492243,0.00023221,0.000392555,0.000233168,0.000376708,0.000162552,0.000265504,0.000129743,0.000220393,0.000127734,0.000196796,8.6042e-05,0.000155212,9.37485e-05,0.000134346,6.24378e-05,9.52603e-05,5.26369e-05,7.92466e-05,3.53446e-05,
74400,0.457364,0.543939,0.521712,0.538818,0.53464,0.426112,0.518436,0.574253,0.524768,0.470787,0.482384,0.502535,0.539782,0.491487,0.51732,0.472175,0.52599,0.446569,0.433318,0.419216,0.515118,0.383265,0.422151,0.303138,0.437204,0.24289,0.330581,0.184807,0.285241,0.0993968,0.193754,0.0552584,0.130745,0.0441722,0.0827473,0.0299185,0.0558068,0.0214811,0.0474913,0.0209733,0.032255,0.0156991,0.0268353,0.0130538,0.0209687,0.00909086,0.0164397,0.00939841,0.012658,0.00570675,0.00887046,0.00555051,0.0087242,0.00425123,0.00684915,0.00379511,0.00582008,0.00287966,0.00488379,0.00276911,0.00363048,0.0020452,0.00327515,0.00148471,0.0026947,0.00136812,0.00203583,0.000941667,0.00159993,0.00086384,0.0013581,0.000744652,0.00111668,0.00060363,0.000855631,0.000466105,0.000736514,0.000359445,0.000619641,0.000287828,0.000492243,0.00023221,0.000392555,0.000233168,0.000376708,0.000162552,0.000265504,0.000129743,0.000220393,0.000127734,0.000196796,8.6042e-05,0.000155212,9.37485e-05,0.000134346,6.24378e-05,9.52603e-05,5.26369e-05,7.92466e-05,3.53446e-05,
74600,0.457364,0.543939,0.521712,0.538818,0.53464,0.426112,0.518436,0.574253,0.524768,0.470787,0.482384,0.502535,0.539782,0.491487,0.51732,0.472175,0.52599,0.446569,0.433318,0.419216,0.515118,0.383265,0.422151,0.303138,0.437204,0.24289,0.330581,0.184807,0.285241,0.0993968,0.193754,0.0552584,0.130745,0.0441722,0.0827473,0.0299185,0.0558068,0.0214811,0.0474913,0.0209733,0.032255,0.0156991,0.0268353,0.0130538,0.0209687,0.00909086,0.0164397,0.00939841,0.012658,0.00570675,0.00887046,0.00555051,0.0087242,0.00425123,0.00684915,0.00379511,0.00582008,0.00287966,0.00488379,0.00276911,0.00363048,0.0020452,0.00327515,0.00148471,0.0026947,0.00136812,0.00203583,0.000941667,0.00159993,0.00086384,0.0013581,0.000744652,0.00111668,0.00060363,0.000855631,0.000466105,0.000736514,0.000359445,0.000619641,0.000287828,0.000492243,0.00023221,0.000392555,0.000233168,0.000376708,0.000162552,0.000265504,0.000129743,0.000220393,0.000127734,0.000196796,8.6042e-05,0.000155212,9.37485e-05,0.000134346,6.24378e-05,9.52603e-05,5.26369e-05,7.92466e-05,3.53446e-05,
74800,0.457364,0.543939,0.521712,0.538818,0.53464,0.426112,0.518436,0.574253,0.524768,0.470787,0.482384,0.502535,0.539782,0.491487,0.51732,0.472175,0.52599,0.446569,0.433318,0.419216,0.515118,0.383265,0.422151,0.303138,0.437204,0.24289,0.330581,0.184807,0.285241,0.0993968,0.193754,0.0552584,0.130745,0.0441722,0.0827473,0.0299185,0.0558068,0.0214811,0.0474913,0.0209733,0.032255,0.0156991,0.0268353,0.0130538,0.0209687,0.00909086,0.0164397,0.00939841,0.012658,0.00570675,0.00887046,0.00555051,0.0087242,0.00425123,0.00684915,0.00379511,0.00582008,0.00287966,0.00488379,0.00276911,0.00363048,0.0020452,0.00327515,0.00148471,0.0026947,0.00136812,0.00203583,0.000941667,0.00159993,0.00086384,0.0013581,0.000744652,0.00111668,0.00060363,0.000855631,0.000466105,0.000736514,0.000359445,0.000619641,0.000287828,0.000492243,0.00023221,0.000392555,0.000233168,0.000376708,0.000162552,0.000265504,0.000129743,0.000220393,0.000127734,0.000196796,8.6042e-05,0.000155212,9.37485e-05,0.000134346,6.24378e-05,9.52603e-05,5.26369e-05,7.92466e-05,3.53446e-05,
75000,0.457364,0.543939,0.521712,0.538818,0.53464,0.426112,0.518436,0.574253,0.524768,0.470787,0.482384,0.502535,0.539782,0.491487,0.51732,0.472175,0.52599,0.446569,0.433318,0.419216,0.515118,0.383265,0.422151,0.303138,0.437204,0.24289,0.330581,0.184807,0.285241,0.0993968,0.193754,0.0552584,0.130745,0.0441722,0.0827473,0.0299185,0.0558068,0.0214811,0.0474913,0.0209733,0.032255,0.0156991,0.0268353,0.0130538,0.0209687,0.00909086,0.0164397,0.00939841,0.012658,0.00570675,0.00887046,0.00555051,0.0087242,0.00425123,0.00684915,0.00379511,0.00582008,0.00287966,0.00488379,0.00276911,0.00363048,0.0020452,0.00327515,0.00148471,0.0026947,0.00136812,0.00203583,0.000941667,0.00159993,0.00086384,0.0013581,0.000744652,0.00111668,0.00060363,0.000855631,0.000466105,0.000736514,0.000359445,0.000619641,0.000287828,0.000492243,0.00023221,0.000392555,0.000233168,0.000376708,0.000162552,0.000265504,0.000129743,0.000220393,0.000127734,0.000196796,8.6042e-05,0.000155212,9.37485e-05,0.000134346,6.24378e-05,9.52603e-05,5.26369e-05,7.92466e-05,3.53446e-05,
75200,0.457364,0.543939,0.521712,0.538818,0.53464,0.426112,0.518436,0.574253,0.524768,0.470787,0.482384,0.502535,0.539782,0.491487,0.51732,0.472175,0.52599,0.446569,0.433318,0.419216,0.515118,0.383265,0.422151,0.303138,0.437204,0.24289,0.330581,0.184807,0.285241,0.0993968,0.193754,0.0552584,0.130745,0.0441722,0.0827473,0.0299185,0.0558068,0.0214811,0.0474913,0.0209733,0.032255,0.0156991,0.0268353,0.0130538,0.0209687,0.00909086,0.0164397,0.00939841,0.012658,0.00570675,0.00887046,0.00555051,0.0087242,0.00425123,0.00684915,0.00379511,0.00582008,0.00287966,0.00488379,0.00276911,0.00363048,0.0020452,0.00327515,0.00148471,0.0026947,0.00136812,0.00203583,0.000941667,0.00159993,0.00086384,0.0013581,0.000744652,0.00111668,0.00060363,0.000855631,0.000466105,0.000736514,0.000359445,0.000619641,0.000287828,0.000492243,0.00023221,0.000392555,0.000233168,0.000376708,0.000162552,0.000265504,0.000129743,0.000220393,0.000127734,0.000196796,8.6042e-05,0.000155212,9.37485e-05,0.000134346,6.24378e-05,9.52603e-05,5.26369e-05,7.92466e-05,3.53446e-05,
75400,0.457364,0.543939,0.521712,0.538818,0.53464,0.426112,0.518436,0.574253,0.524768,0.470787,0.482384,0.502535,0.539782,0.491487,0.51732,0.472175,0.52599,0.446569,0.433318,0.419216,0.515118,0.383265,0.422151,0.303138,0.437204,0.24289,0.330581,0.184807,0.285241,0.0993968,0.193754,0.0552584,0.130745,0.0441722,0.0827473,0.0299185,0.0558068,0.0214811,0.0474913,0.0209733,0.032255,0.0156991,0.0268353,0.0130538,0.0209687,0.00909086,0.0164397,0.00939841,0.012658,0.00570675,0.00887046,0.00555051,0.0087242,0.00425123,0.00684915,0.00379511,0.00582008,0.00287966,0.00488379,0.00276911,0.00363048,0.0020452,0.00327515,0.00148471,0.0026947,0.00136812,0.00203583,0.000941667,0.00159993,0.00086384,0.0013581,0.000744652,0.00111668,0.00060363,0.000855631,0.000466105,0.000736514,0.000359445,0.000619641,0.000287828,0.000492243,0.00023221,0.000392555,0.000233168,0.000376708,0.000162552,0.000265504,0.000129743,0.000220393,0.000127734,0.000196796,8.6042e-05,0.000155212,9.37485e-05,0.000134346,6.24378e-05,9.52603e-05,5.26369e-05,7.92466e-05,3.53446e-05,
75600,0.457364,0.543939,0.521712,0.538818,0.53464,0.426112,0.518436,0.574253,0.524768,0.470787,0.482384,0.502535,0.539782,0.491487,0.51732,0.472175,0.52599,0.446569,0.433318,0.419216,0.515118,0.383265,0.422151,0.303138,0.437204,0.24289,0.330581,0.184807,0.285241,0.0993968,0.193754,0.0552584,0.130745,0.0441722,0.0827473,0.0299185,0.0558068,0.0214811,0.0474913,0.0209733,0.032255,0.0156991,0.0268353,0.0130538,0.0209687,0.00909086,0.0164397,0.00939841,0.012658,0.00570675,0.00887046,0.00555051,0.0087242,0.00425123,0.00684915,0.00379511,0.00582008,0.00287966,0.00488379,0.00276911,0.00363048,0.0020452,0.00327515,0.00148471,0.0026947,0.00136812,0.00203583,0.000941667,0.00159993,0.00086384,0.0013581,0.000744652,0.00111668,0.00060363,0.000855631,0.000466105,0.000736514,0.000359445,0.000619641,0.000287828,0.000492243,0.00023221,0.000392555,0.000233168,0.000376708,0.000162552,0.000265504,0.000129743,0.000220393,0.000127734,0.000196796,8.6042e-05,0.000155212,9.37485e-05,0.000134346,6.24378e-05,9.52603e-05,5.26369e-05,7.92466e-05,3.53446e-05,
75800,0.457364,0.543939,0.521712,0.538818,0.53464,0.426112,0.518436,0.574253,0.524768,0.470787,0.482384,0.502535,0.539782,0.491487,0.51732,0.472175,0.52599,0.446569,0.433318,0.419216,0.515118,0.383265,0.422151,0.303138,0.437204,0.24289,0.330581,0.184807,0.285241,0.0993968,0.193754,0.0552584,0.130745,0.0441722,0.0827473,0.0299185,0.0558068,0.0214811,0.0474913,0.0209733,0.032255,0.0156991,0.0268353,0.0130538,0.0209687,0.00909086,0.0164397,0.00939841,0.012658,0.00570675,0.00887046,0.00555051,0.0087242,0.00425123,0.00684915,0.00379511,0.00582008,0.00287966,0.00488379,0.00276911,0.00363048,0.0020452,0.00327515,0.00148471,0.0026947,0.00136812,0.00203583,0.000941667,0.00159993,0.00086384,0.0013581,0.000744652,0.00111668,0.00060363,0.000855631,0.000466105,0.000736514,0.000359445,0.000619641,0.000287828,0.000492243,0.00023221,0.000392555,0.000233168,0.000376708,0.000162552,0.000265504,0.000129743,0.000220393,0.000127734,0.000196796,8.6042e-05,0.000155212,9.37485e-05,0.000134346,6.24378e-05,9.52603e-05,5.26369e-05,7.92466e-05,3.53446e-05,
76000,0.457364,0.543939,0.521712,0.538818,0.53464,0.426112,0.518436,0.574253,0.524768,0.470787,0.482384,0.502535,0.539782,0.491487,0.51732,0.472175,0.52599,0.446569,0.433318,0.419216,0.515118,0.383265,0.422151,0.303138,0.437204,0.24289,0.330581,0.184807,0.285241,0.0993968,0.193754,0.0552584,0.130745,0.0441722,0.0827473,0.0299185,0.0558068,0.0214811,0.0474913,0.0209733,0.032255,0.0156991,0.0268353,0.0130538,0.0209687,0.00909086,0.0164397,0.00939841,0.012658,0.00570675,0.00887046,0.00555051,0.0087242,0.00425123,0.00684915,0.00379511,0.00582008,0.00287966,0.00488379,0.00276911,0.00363048,0.0020452,0.00327515,0.00148471,0.0026947,0.00136812,0.00203583,0.000941667,0.00159993,0.00086384,0.0013581,0.000744652,0.00111668,0.00060363,0.000855631,0.000466105,0.000736514,0.000359445,0.000619641,0.000287828,0.000492243,0.00023221,0.000392555,0.000233168,0.000376708,0.000162552,0.000265504,0.000129743,0.000220393,0.000127734,0.000196796,8.6042e-05,0.000155212,9.37485e-05,0.000134346,6.24378e-05,9.52603e-05,5.26369e-05,7.92466e-05,3.53446e-05,
76200,0.457364,0.543939,0.521712,0.538818,0.53464,0.426112,0.518436,0.574253,0.524768,0.470787,0.482384,0.502535,0.539782,0.491487,0.51732,0.472175,0.52599,0.446569,0.433318,0.419216,0.515118,0.383265,0.422151,0.303138,0.437204,0.24289,0.330581,0.184807,0.285241,0.0993968,0.193754,0.0552584,0.130745,0.0441722,0.0827473,0.0299185,0.0558068,0.0214811,0.0474913,0.0209733,0.032255,0.0156991,0.0268353,0.0130538,0.0209687,0.00909086,0.0164397,0.00939841,0.012658,0.00570675,0.00887046,0.00555051,0.0087242,0.00425123,0.00684915,0.00379511,0.00582008,0.00287966,0.00488379,0.00276911,0.00363048,0.0020452,0.00327515,0.00148471,0.0026947,0.00136812,0.00203583,0.000941667,0.00159993,0.00086384,0.0013581,0.000744652,0.00111668,0.00060363,0.000855631,0.000466105,0.000736514,0.000359445,0.000619641,0.000287828,0.000492243,0.00023221,0.000392555,0.000233168,0.000376708,0.000162552,0.000265504,0.000129743,0.000220393,0.000127734,0.000196796,8.6042e-05,0.000155212,9.37485e-05,0.000134346,6.24378e-05,9.52603e-05,5.26369e-05,7.92466e-05,3.53446e-05,
76400,0.457364,0.543939,0.521712,0.538818,0.53464,0.426112,0.518436,0.574253,0.524768,0.470787,0.482384,0.502535,0.539782,0.491487,0.51732,0.472175,0.52599,0.446569,0.433318,0.419216,0.515118,0.383265,0.422151,0.303138,0.437204,0.24289,0.330581,0.184807,0.285241,0.0993968,0.193754,0.0552584,0.130745,0.0441722,0.0827473,0.0299185,0.0558068,0.0214811,0.0474913,0.0209733,0.032255,0.0156991,0.0268353,0.0130538,0.0209687,0.00909086,0.0164397,0.00939841,0.012658,0.00570675,0.00887046,0.00555051,0.0087242,0.00425123,0.00684915,0.00379511,0.00582008,0.00287966,0.00488379,0.00276911,0.00363048,0.0020452,0.00327515,0.00148471,0.0026947,0.00136812,0.00203583,0.000941667,0.00159993,0.00086384,0.0013581,0.000744652,0.00111668,0.00060363,0.000855631,0.000466105,0.000736514,0.000359445,0.000619641,0.000287828,0.000492243,0.00023221,0.000392555,0.000233168,0.000376708,0.000162552,0.000265504,0.000129743,0.000220393,0.000127734,0.000196796,8.6042e-05,0.000155212,9.37485e-05,0.000134346,6.24378e-05,9.52603e-05,5.26369e-05,7.92466e-05,3.53446e-05,
76600,0.457364,0.543939,0.521712,0.538818,0.53464,0.426112,0.518436,0.574253,0.524768,0.470787,0.482384,0.502535,0.539782,0.491487,0.51732,0.472175,0.52599,0.446569,0.433318,0.419216,0.515118,0.383265,0.422151,0.303138,0.437204,0.24289,0.330581,0.184807,0.285241,0.0993968,0.193754,0.0552584,0.130745,0.0441722,0.0827473,0.0299185,0.0558068,0.0214811,0.0474913,0.0209733,0.032255,0.0156991,0.0268353,0.0130538,0.0209687,0.00909086,0.0164397,0.00939841,0.012658,0.00570675,0.00887046,0.00555051,0.0087242,0.00425123,0.00684915,0.00379511,0.00582008,0.00287966,0.00488379,0.00276911,0.00363048,0.0020452,0.00327515,0.00148471,0.0026947,0.00136812,0.00203583,0.000941667,0.00159993,0.00086384,0.0013581,0.000744652,0.00111668,0.00060363,0.000855631,0.000466105,0.000736514,0.000359445,0.000619641,0.000287828,0.000492243,0.00023221,0.000392555,0.000233168,0.000376708,0.000162552,0.000265504,0.000129743,0.000220393,0.000127734,0.000196796,8.6042e-05,0.000155212,9.37485e-05,0.000134346,6.24378e-05,9.52603e-05,5.26369e-05,7.92466e-05,3.53446e-05,
76800,0.457364,0.543939,0.521712,0.538818,0.53464,0.426112,0.518436,0.574253,0.524768,0.470787,0.482384,0.502535,0.539782,0.491487,0.51732,0.472175,0.52599,0.446569,0.433318,0.419216,0.515118,0.383265,0.422151,0.303138,0.437204,0.24289,0.330581,0.184807,0.285241,0.0993968,0.193754,0.0552584,0.130745,0.0441722,0.0827473,0.0299185,0.0558068,0.0214811,0.0474913,0.0209733,0.032255,0.0156991,0.0268353,0.0130538,0.0209687,0.00909086,0.0164397,0.00939841,0.012658,0.00570675,0.00887046,0.00555051,0.0087242,0.00425123,0.00684915,0.00379511,0.00582008,0.00287966,0.00488379,0.00276911,0.00363048,0.0020452,0.00327515,0.00148471,0.0026947,0.00136812,0.00203583,0.000941667,0.00159993,0.00086384,0.0013581,0.000744652,0.00111668,0.00060363,0.000855631,0.000466105,0.000736514,0.000359445,0.000619641,0.000287828,0.000492243,0.00023221,0.000392555,0.000233168,0.000376708,0.000162552,0.000265504,0.000129743,0.000220393,0.000127734,0.000196796,8.6042e-05,0.000155212,9.37485e-05,0.000134346,6.24378e-05,9.52603e-05,5.26369e-05,7.92466e-05,3.53446e-05,
77000,0.457364,0.543939,0.521712,0.538818,0.53464,0.426112,0.518436,0.574253,0.524768,0.470787,0.482384,0.502535,0.539782,0.491487,0.51732,0.472175,0.52599,0.446569,0.433318,0.419216,0.515118,0.383265,0.422151,0.303138,0.437204,0.24289,0.330581,0.184807,0.285241,0.0993968,0.193754,0.0552584,0.130745,0.0441722,0.0827473,0.0299185,0.0558068,0.0214811,0.0474913,0.0209733,0.032255,0.0156991,0.0268353,0.0130538,0.0209687,0.00909086,0.0164397,0.00939841,0.012658,0.00570675,0.00887046,0.00555051,0.0087242,0.00425123,0.00684915,0.00379511,0.00582008,0.00287966,0.00488379,0.00276911,0.00363048,0.0020452,0.00327515,0.00148471,0.0026947,0.00136812,0.00203583,0.000941667,0.00159993,0.00086384,0.0013581,0.000744652,0.00111668,0.00060363,0.000855631,0.000466105,0.000736514,0.000359445,0.000619641,0.000287828,0.000492243,0.00023221,0.000392555,0.000233168,0.000376708,0.000162552,0.000265504,0.000129743,0.000220393,0.000127734,0.000196796,8.6042e-05,0.000155212,9.37485e-05,0.000134346,6.24378e-05,9.52603e-05,5.26369e-05,7.92466e-05,3.53446e-05,
77200,0.457364,0.543939,0.521712,0.538818,0.53464,0.426112,0.518436,0.574253,0.524768,0.470787,0.482384,0.502535,0.539782,0.491487,0.51732,0.472175,0.52599,0.446569,0.433318,0.419216,0.515118,0.383265,0.422151,0.303138,0.437204,0.24289,0.330581,0.184807,0.285241,0.0993968,0.193754,0.0552584,0.130745,0.0441722,0.0827473,0.0299185,0.0558068,0.0214811,0.0474913,0.0209733,0.032255,0.0156991,0.0268353,0.0130538,0.0209687,0.00909086,0.0164397,0.00939841,0.012658,0.00570675,0.00887046,0.00555051,0.0087242,0.00425123,0.00684915,0.00379511,0.00582008,0.00287966,0.00488379,0.00276911,0.00363048,0.0020452,0.00327515,0.00148471,0.0026947,0.00136812,0.00203583,0.000941667,0.00159993,0.00086384,0.0013581,0.000744652,0.00111668,0.00060363,0.000855631,0.000466105,0.000736514,0.000359445,0.000619641,0.000287828,0.000492243,0.00023221,0.000392555,0.000233168,0.000376708,0.000162552,0.000265504,0.000129743,0.000220393,0.000127734,0.000196796,8.6042e-05,0.000155212,9.37485e-05,0.000134346,6.24378e-05,9.52603e-05,5.26369e-05,7.92466e-05,3.53446e-05,
77400,0.457364,0.543939,0.521712,0.538818,0.53464,0.426112,0.518436,0.574253,0.524768,0.470787,0.482384,0.502535,0.539782,0.491487,0.51732,0.472175,0.52599,0.446569,0.433318,0.419216,0.515118,0.383265,0.422151,0.303138,0.437204,0.24289,0.330581,0.184807,0.285241,0.0993968,0.193754,0.0552584,0.130745,0.0441722,0.0827473,0.0299185,0.0558068,0.0214811,0.0474913,0.0209733,0.032255,0.0156991,0.0268353,0.0130538,0.0209687,0.00909086,0.0164397,0.00939841,0.012658,0.00570675,0.00887046,0.00555051,0.0087242,0.00425123,0.00684915,0.00379511,0.00582008,0.00287966,0.00488379,0.00276911,0.00363048,0.0020452,0.00327515,0.00148471,0.0026947,0.00136812,0.00203583,0.000941667,0.00159993,0.00086384,0.0013581,0.000744652,0.00111668,0.00060363,0.000855631,0.000466105,0.000736514,0.000359445,0.000619641,0.000287828,0.000492243,0.00023221,0.000392555,0.000233168,0.000376708,0.000162552,0.000265504,0.000129743,0.000220393,0.000127734,0.000196796,8.6042e-05,0.000155212,9.37485e-05,0.000134346,6.24378e-05,9.52603e-05,5.26369e-05,7.92466e-05,3.53446e-05,
77600,0.457364,0.543939,0.521712,0.538818,0.53464,0.426112,0.518436,0.574253,0.524768,0.470787,0.482384,0.502535,0.539782,0.491487,0.51732,0.472175,0.52599,0.446569,0.433318,0.419216,0.515118,0.383265,0.422151,0.303138,0.437204,0.24289,0.330581,0.184807,0.285241,0.0993968,0.193754,0.0552584,0.130745,0.0441722,0.0827473,0.0299185,0.0558068,0.0214811,0.0474913,0.0209733,0.032255,0.0156991,0.0268353,0.0130538,0.0209687,0.00909086,0.0164397,0.00939841,0.012658,0.00570675,0.00887046,0.00555051,0.0087242,0.00425123,0.00684915,0.00379511,0.00582008,0.00287966,0.00488379,0.00276911,0.00363048,0.0020452,0.00327515,0.00148471,0.0026947,0.00136812,0.00203583,0.000941667,0.00159993,0.00086384,0.0013581,0.000744652,0.00111668,0.00060363,0.000855631,0.000466105,0.000736514,0.000359445,0.000619641,0.000287828,0.000492243,0.00023221,0.000392555,0.000233168,0.000376708,0.000162552,0.000265504,0.000129743,0.000220393,0.000127734,0.000196796,8.6042e-05,0.000155212,9.37485e-05,0.000134346,6.24378e-05,9.52603e-05,5.26369e-05,7.92466e-05,3.53446e-05,
77800,0.457364,0.543939,0.521712,0.538818,0.53464,0.426112,0.518436,0.574253,0.524768,0.470787,0.482384,0.502535,0.539782,0.491487,0.51732,0.472175,0.52599,0.446569,0.433318,0.419216,0.515118,0.383265,0.422151,0.303138,0.437204,0.24289,0.330581,0.184807,0.285241,0.0993968,0.193754,0.0552584,0.130745,0.0441722,0.0827473,0.0299185,0.0558068,0.0214811,0.0474913,0.0209733,0.032255,0.0156991,0.0268353,0.0130538,0.0209687,0.00909086,0.0164397,0.00939841,0.012658,0.00570675,0.00887046,0.00555051,0.0087242,0.00425123,0.00684915,0.00379511,0.00582008,0.00287966,0.00488379,0.00276911,0.00363048,0.0020452,0.00327515,0.00148471,0.0026947,0.00136812,0.00203583,0.000941667,0.00159993,0.00086384,0.0013581,0.000744652,0.00111668,0.00060363,0.000855631,0.000466105,0.000736514,0.000359445,0.000619641,0.000287828,0.000492243,0.00023221,0.000392555,0.000233168,0.000376708,0.000162552,0.000265504,0.000129743,0.000220393,0.000127734,0.000196796,8.6042e-05,0.000155212,9.37485e-05,0.000134346,6.24378e-05,9.52603e-05,5.26369e-05,7.92466e-05,3.53446e-05,
78000,0.457364,0.543939,0.521712,0.538818,0.53464,0.426112,0.518436,0.574253,0.524768,0.470787,0.482384,0.502535,0.539782,0.491487,0.51732,0.472175,0.52599,0.446569,0.433318,0.419216,0.515118,0.383265,0.422151,0.303138,0.437204,0.24289,0.330581,0.184807,0.285241,0.0993968,0.193754,0.0552584,0.130745,0.0441722,0.0827473,0.0299185,0.0558068,0.0214811,0.0474913,0.0209733,0.032255,0.0156991,0.0268353,0.0130538,0.0209687,0.00909086,0.0164397,0.00939841,0.012658,0.00570675,0.00887046,0.00555051,0.0087242,0.00425123,0.00684915,0.00379511,0.00582008,0.00287966,0.00488379,0.00276911,0.00363048,0.0020452,0.00327515,0.00148471,0.0026947,0.00136812,0.00203583,0.000941667,0.00159993,0.00086384,0.0013581,0.000744652,0.00111668,0.00060363,0.000855631,0.000466105,0.000736514,0.000359445,0.000619641,0.000287828,0.000492243,0.00023221,0.000392555,0.000233168,0.000376708,0.000162552,0.000265504,0.000129743,0.000220393,0.000127734,0.000196796,8.6042e-05,0.000155212,9.37485e-05,0.000134346,6.24378e-05,9.52603e-05,5.26369e-05,7.92466e-05,3.53446e-05,
78200,0.457364,0.543939,0.521712,0.538818,0.53464,0.426112,0.518436,0.574253,0.524768,0.470787,0.482384,0.502535,0.539782,0.491487,0.51732,0.472175,0.52599,0.446569,0.433318,0.419216,0.515118,0.383265,0.422151,0.303138,0.437204,0.24289,0.330581,0.184807,0.285241,0.0993968,0.193754,0.0552584,0.130745,0.0441722,0.0827473,0.0299185,0.0558068,0.0214811,0.0474913,0.0209733,0.032255,0.0156991,0.0268353,0.0130538,0.0209687,0.00909086,0.0164397,0.00939841,0.012658,0.00570675,0.00887046,0.00555051,0.0087242,0.00425123,0.00684915,0.00379511,0.00582008,0.00287966,0.00488379,0.00276911,0.00363048,0.0020452,0.00327515,0.00148471,0.0026947,0.00136812,0.00203583,0.000941667,0.00159993,0.00086384,0.0013581,0.000744652,0.00111668,0.00060363,0.000855631,0.000466105,0.000736514,0.000359445,0.000619641,0.000287828,0.000492243,0.00023221,0.000392555,0.000233168,0.000376708,0.000162552,0.000265504,0.000129743,0.000220393,0.000127734,0.000196796,8.6042e-05,0.000155212,9.37485e-05,0.000134346,6.24378e-05,9.52603e-05,5.26369e-05,7.92466e-05,3.53446e-05,
78400,0.457364,0.543939,0.521712,0.538818,0.53464,0.426112,0.518436,0.574253,0.524768,0.470787,0.482384,0.502535,0.539782,0.491487,0.51732,0.472175,0.52599,0.446569,0.433318,0.419216,0.515118,0.383265,0.422151,0.303138,0.437204,0.24289,0.330581,0.184807,0.285241,0.0993968,0.193754,0.0552584,0.130745,0.0441722,0.0827473,0.0299185,0.0558068,0.0214811,0.0474913,0.0209733,0.032255,0.0156991,0.0268353,0.0130538,0.0209687,0.00909086,0.0164397,0.00939841,0.012658,0.00570675,0.00887046,0.00555051,0.0087242,0.00425123,0.00684915,0.00379511,0.00582008,0.00287966,0.00488379,0.00276911,0.00363048,0.0020452,0.00327515,0.00148471,0.0026947,0.00136812,0.00203583,0.000941667,0.00159993,0.00086384,0.0013581,0.000744652,0.00111668,0.00060363,0.000855631,0.000466105,0.000736514,0.000359445,0.000619641,0.000287828,0.000492243,0.00023221,0.000392555,0.000233168,0.000376708,0.000162552,0.000265504,0.000129743,0.000220393,0.000127734,0.000196796,8.6042e-05,0.000155212,9.37485e-05,0.000134346,6.24378e-05,9.52603e-05,5.26369e-05,7.92466e-05,3.53446e-05,
78600,0.457364,0.543939,0.521712,0.538818,0.53464,0.426112,0.518436,0.574253,0.524768,0.470787,0.482384,0.502535,0.539782,0.491487,0.51732,0.472175,0.52599,0.446569,0.433318,0.419216,0.515118,0.383265,0.422151,0.303138,0.437204,0.24289,0.330581,0.184807,0.285241,0.0993968,0.193754,0.0552584,0.130745,0.0441722,0.0827473,0.0299185,0.0558068,0.0214811,0.0474913,0.0209733,0.032255,0.0156991,0.0268353,0.0130538,0.0209687,0.00909086,0.0164397,0.00939841,0.012658,0.00570675,0.00887046,0.00555051,0.0087242,0.00425123,0.00684915,0.00379511,0.00582008,0.00287966,0.00488379,0.00276911,0.00363048,0.0020452,0.00327515,0.00148471,0.0026947,0.00136812,0.00203583,0.000941667,0.00159993,0.00086384,0.0013581,0.000744652,0.00111668,0.00060363,0.000855631,0.000466105,0.000736514,0.000359445,0.000619641,0.000287828,0.000492243,0.00023221,0.000392555,0.000233168,0.000376708,0.000162552,0.000265504,0.000129743,0.000220393,0.000127734,0.000196796,8.6042e-05,0.000155212,9.37485e-05,0.000134346,6.24378e-05,9.52603e-05,5.26369e-05,7.92466e-05,3.53446e-05,
78800,0.457364,0.543939,0.521712,0.538818,0.53464,0.426112,0.518436,0.574253,0.524768,0.470787,0.482384,0.502535,0.539782,0.491487,0.51732,0.472175,0.52599,0.446569,0.433318,0.419216,0.515118,0.383265,0.422151,0.303138,0.437204,0.24289,0.330581,0.184807,0.285241,0.0993968,0.193754,0.0552584,0.130745,0.0441722,0.0827473,0.0299185,0.0558068,0.0214811,0.0474913,0.0209733,0.032255,0.0156991,0.0268353,0.0130538,0.0209687,0.00909086,0.0164397,0.00939841,0.012658,0.00570675,0.00887046,0.00555051,0.0087242,0.00425123,0.00684915,0.00379511,0.00582008,0.00287966,0.00488379,0.00276911,0.00363048,0.0020452,0.00327515,0.00148471,0.0026947,0.00136812,0.00203583,0.000941667,0.00159993,0.00086384,0.0013581,0.000744652,0.00111668,0.00060363,0.000855631,0.000466105,0.000736514,0.000359445,0.000619641,0.000287828,0.000492243,0.00023221,0.000392555,0.000233168,0.000376708,0.000162552,0.000265504,0.000129743,0.000220393,0.000127734,0.000196796,8.6042e-05,0.000155212,9.37485e-05,0.000134346,6.24378e-05,9.52603e-05,5.26369e-05,7.92466e-05,3.53446e-05,
79000,0.457364,0.543939,0.521712,0.538818,0.53464,0.426112,0.518436,0.574253,0.524768,0.470787,0.482384,0.502535,0.539782,0.491487,0.51732,0.472175,0.52599,0.446569,0.433318,0.419216,0.515118,0.383265,0.422151,0.303138,0.437204,0.24289,0.330581,0.184807,0.285241,0.0993968,0.193754,0.0552584,0.130745,0.0441722,0.0827473,0.0299185,0.0558068,0.0214811,0.0474913,0.0209733,0.032255,0.0156991,0.0268353,0.0130538,0.0209687,0.00909086,0.0164397,0.00939841,0.012658,0.00570675,0.00887046,0.00555051,0.0087242,0.00425123,0.00684915,0.00379511,0.00582008,0.00287966,0.00488379,0.00276911,0.00363048,0.0020452,0.00327515,0.00148471,0.0026947,0.00136812,0.00203583,0.000941667,0.00159993,0.00086384,0.0013581,0.000744652,0.00111668,0.00060363,0.000855631,0.000466105,0.000736514,0.000359445,0.000619641,0.000287828,0.000492243,0.00023221,0.000392555,0.000233168,0.000376708,0.000162552,0.000265504,0.000129743,0.000220393,0.000127734,0.000196796,8.6042e-05,0.000155212,9.37485e-05,0.000134346,6.24378e-05,9.52603e-05,5.26369e-05,7.92466e-05,3.53446e-05,
79200,0.457364,0.543939,0.521712,0.538818,0.53464,0.426112,0.518436,0.574253,0.524768,0.470787,0.482384,0.502535,0.539782,0.491487,0.51732,0.472175,0.52599,0.446569,0.433318,0.419216,0.515118,0.383265,0.422151,0.303138,0.437204,0.24289,0.330581,0.184807,0.285241,0.0993968,0.193754,0.0552584,0.130745,0.0441722,0.0827473,0.0299185,0.0558068,0.0214811,0.0474913,0.0209733,0.032255,0.0156991,0.0268353,0.0130538,0.0209687,0.00909086,0.0164397,0.00939841,0.012658,0.00570675,0.00887046,0.00555051,0.0087242,0.00425123,0.00684915,0.00379511,0.00582008,0.00287966,0.00488379,0.00276911,0.00363048,0.0020452,0.00327515,0.00148471,0.0026947,0.00136812,0.00203583,0.000941667,0.00159993,0.00086384,0.0013581,0.000744652,0.00111668,0.00060363,0.000855631,0.000466105,0.000736514,0.000359445,0.000619641,0.000287828,0.000492243,0.00023221,0.000392555,0.000233168,0.000376708,0.000162552,0.000265504,0.000129743,0.000220393,0.000127734,0.000196796,8.6042e-05,0.000155212,9.37485e-05,0.000134346,6.24378e-05,9.52603e-05,5.26369e-05,7.92466e-05,3.53446e-05,
79400,0.457364,0.543939,0.521712,0.538818,0.53464,0.426112,0.518436,0.574253,0.524768,0.470787,0.482384,0.502535,0.539782,0.491487,0.51732,0.472175,0.52599,0.446569,0.433318,0.419216,0.515118,0.383265,0.422151,0.303138,0.437204,0.24289,0.330581,0.184807,0.285241,0.0993968,0.193754,0.0552584,0.130745,0.0441722,0.0827473,0.0299185,0.0558068,0.0214811,0.0474913,0.0209733,0.032255,0.0156991,0.0268353,0.0130538,0.0209687,0.00909086,0.0164397,0.00939841,0.012658,0.00570675,0.00887046,0.00555051,0.0087242,0.00425123,0.00684915,0.00379511,0.00582008,0.00287966,0.00488379,0.00276911,0.00363048,0.0020452,0.00327515,0.00148471,0.0026947,0.00136812,0.00203583,0.000941667,0.00159993,0.00086384,0.0013581,0.000744652,0.00111668,0.00060363,0.000855631,0.000466105,0.000736514,0.000359445,0.000619641,0.000287828,0.000492243,0.00023221,0.000392555,0.000233168,0.000376708,0.000162552,0.000265504,0.000129743,0.000220393,0.000127734,0.000196796,8.6042e-05,0.000155212,9.37485e-05,0.000134346,6.24378e-05,9.52603e-05,5.26369e-05,7.92466e-05,3.53446e-05,
79600,0.457364,0.543939,0.521712,0.538818,0.53464,0.426112,0.518436,0.574253,0.524768,0.470787,0.482384,0.502535,0.539782,0.491487,0.51732,0.472175,0.52599,0.446569,0.433318,0.419216,0.515118,0.383265,0.422151,0.303138,0.437204,0.24289,0.330581,0.184807,0.285241,0.0993968,0.193754,0.0552584,0.130745,0.0441722,0.0827473,0.0299185,0.0558068,0.0214811,0.0474913,0.0209733,0.032255,0.0156991,0.0268353,0.0130538,0.0209687,0.00909086,0.0164397,0.00939841,0.012658,0.00570675,0.00887046,0.00555051,0.0087242,0.00425123,0.00684915,0.00379511,0.00582008,0.00287966,0.00488379,0.00276911,0.00363048,0.0020452,0.00327515,0.00148471,0.0026947,0.00136812,0.00203583,0.000941667,0.00159993,0.00086384,0.0013581,0.000744652,0.00111668,0.00060363,0.000855631,0.000466105,0.000736514,0.000359445,0.000619641,0.000287828,0.000492243,0.00023221,0.000392555,0.000233168,0.000376708,0.000162552,0.000265504,0.000129743,0.000220393,0.000127734,0.000196796,8.6042e-05,0.000155212,9.37485e-05,0.000134346,6.24378e-05,9.52603e-05,5.26369e-05,7.92466e-05,3.53446e-05,
79800,0.457364,0.543939,0.521712,0.538818,0.53464,0.426112,0.518436,0.574253,0.524768,0.470787,0.482384,0.502535,0.539782,0.491487,0.51732,0.472175,0.52599,0.446569,0.433318,0.419216,0.515118,0.383265,0.422151,0.303138,0.437204,0.24289,0.330581,0.184807,0.285241,0.0993968,0.193754,0.0552584,0.130745,0.0441722,0.0827473,0.0299185,0.0558068,0.0214811,0.0474913,0.0209733,0.032255,0.0156991,0.0268353,0.0130538,0.0209687,0.00909086,0.0164397,0.00939841,0.012658,0.00570675,0.00887046,0.00555051,0.0087242,0.00425123,0.00684915,0.00379511,0.00582008,0.00287966,0.00488379,0.00276911,0.00363048,0.0020452,0.00327515,0.00148471,0.0026947,0.00136812,0.00203583,0.000941667,0.00159993,0.00086384,0.0013581,0.000744652,0.00111668,0.00060363,0.000855631,0.000466105,0.000736514,0.000359445,0.000619641,0.000287828,0.000492243,0.00023221,0.000392555,0.000233168,0.000376708,0.000162552,0.000265504,0.000129743,0.000220393,0.000127734,0.000196796,8.6042e-05,0.000155212,9.37485e-05,0.000134346,6.24378e-05,9.52603e-05,5.26369e-05,7.92466e-05,3.53446e-05,
80000,0.457364,0.543939,0.521712,0.538818,0.53464,0.426112,0.518436,0.574253,0.524768,0.470787,0.482384,0.502535,0.539782,0.491487,0.51732,0.472175,0.52599,0.446569,0.433318,0.419216,0.515118,0.383265,0.422151,0.303138,0.437204,0.24289,0.330581,0.184807,0.285241,0.0993968,0.193754,0.0552584,0.130745,0.0441722,0.0827473,0.0299185,0.0558068,0.0214811,0.0474913,0.0209733,0.032255,0.0156991,0.0268353,0.0130538,0.0209687,0.00909086,0.0164397,0.00939841,0.012658,0.00570675,0.00887046,0.00555051,0.0087242,0.00425123,0.00684915,0.00379511,0.00582008,0.00287966,0.00488379,0.00276911,0.00363048,0.0020452,0.00327515,0.00148471,0.0026947,0.00136812,0.00203583,0.000941667,0.00159993,0.00086384,0.0013581,0.000744652,0.00111668,0.00060363,0.000855631,0.000466105,0.000736514,0.000359445,0.000619641,0.000287828,0.000492243,0.00023221,0.000392555,0.000233168,0.000376708,0.000162552,0.000265504,0.000129743,0.000220393,0.000127734,0.000196796,8.6042e-05,0.000155212,9.37485e-05,0.000134346,6.24378e-05,9.52603e-05,5.26369e-05,7.92466e-05,3.53446e-05,
80200,0.457364,0.543939,0.521712,0.538818,0.53464,0.426112,0.518436,0.574253,0.524768,0.470787,0.482384,0.502535,0.539782,0.491487,0.51732,0.472175,0.52599,0.446569,0.433318,0.419216,0.515118,0.383265,0.422151,0.303138,0.437204,0.24289,0.330581,0.184807,0.285241,0.0993968,0.193754,0.0552584,0.130745,0.0441722,0.0827473,0.0299185,0.0558068,0.0214811,0.0474913,0.0209733,0.032255,0.0156991,0.0268353,0.0130538,0.0209687,0.00909086,0.0164397,0.00939841,0.012658,0.00570675,0.00887046,0.00555051,0.0087242,0.00425123,0.00684915,0.00379511,0.00582008,0.00287966,0.00488379,0.00276911,0.00363048,0.0020452,0.00327515,0.00148471,0.0026947,0.00136812,0.00203583,0.000941667,0.00159993,0.00086384,0.0013581,0.000744652,0.00111668,0.00060363,0.000855631,0.000466105,0.000736514,0.000359445,0.000619641,0.000287828,0.000492243,0.00023221,0.000392555,0.000233168,0.000376708,0.000162552,0.000265504,0.000129743,0.000220393,0.000127734,0.000196796,8.6042e-05,0.000155212,9.37485e-05,0.000134346,6.24378e-05,9.52603e-05,5.26369e-05,7.92466e-05,3.53446e-05,
80400,0.457364,0.543939,0.521712,0.538818,0.53464,0.426112,0.518436,0.574253,0.524768,0.470787,0.482384,0.502535,0.539782,0.491487,0.51732,0.472175,0.52599,0.446569,0.433318,0.419216,0.515118,0.383265,0.422151,0.303138,0.437204,0.24289,0.330581,0.184807,0.285241,0.0993968,0.193754,0.0552584,0.130745,0.0441722,0.0827473,0.0299185,0.0558068,0.0214811,0.0474913,0.0209733,0.032255,0.0156991,0.0268353,0.0130538,0.0209687,0.00909086,0.0164397,0.00939841,0.012658,0.00570675,0.00887046,0.00555051,0.0087242,0.00425123,0.00684915,0.00379511,0.00582008,0.00287966,0.00488379,0.00276911,0.00363048,0.0020452,0.00327515,0.00148471,0.0026947,0.00136812,0.00203583,0.000941667,0.00159993,0.00086384,0.0013581,0.000744652,0.00111668,0.00060363,0.000855631,0.000466105,0.000736514,0.000359445,0.000619641,0.000287828,0.000492243,0.00023221,0.000392555,0.000233168,0.000376708,0.000162552,0.000265504,0.000129743,0.000220393,0.000127734,0.000196796,8.6042e-05,0.000155212,9.37485e-05,0.000134346,6.24378e-05,9.52603e-05,5.26369e-05,7.92466e-05,3.53446e-05,
80600,0.457364,0.543939,0.521712,0.538818,0.53464,0.426112,0.518436,0.574253,0.524768,0.470787,0.482384,0.502535,0.539782,0.491487,0.51732,0.472175,0.52599,0.446569,0.433318,0.419216,0.515118,0.383265,0.422151,0.303138,0.437204,0.24289,0.330581,0.184807,0.285241,0.0993968,0.193754,0.0552584,0.130745,0.0441722,0.0827473,0.0299185,0.0558068,0.0214811,0.0474913,0.0209733,0.032255,0.0156991,0.0268353,0.0130538,0.0209687,0.00909086,0.0164397,0.00939841,0.012658,0.00570675,0.00887046,0.00555051,0.0087242,0.00425123,0.00684915,0.00379511,0.00582008,0.00287966,0.00488379,0.00276911,0.00363048,0.0020452,0.00327515,0.00148471,0.0026947,0.00136812,0.00203583,0.000941667,0.00159993,0.00086384,0.0013581,0.000744652,0.00111668,0.00060363,0.000855631,0.000466105,0.000736514,0.000359445,0.000619641,0.000287828,0.000492243,0.00023221,0.000392555,0.000233168,0.000376708,0.000162552,0.000265504,0.000129743,0.000220393,0.000127734,0.000196796,8.6042e-05,0.000155212,9.37485e-05,0.000134346,6.24378e-05,9.52603e-05,5.26369e-05,7.92466e-05,3.53446e-05,
80800,0.457364,0.543939,0.521712,0.538818,0.53464,0.426112,0.518436,0.574253,0.524768,0.470787,0.482384,0.502535,0.539782,0.491487,0.51732,0.472175,0.52599,0.446569,0.433318,0.419216,0.515118,0.383265,0.422151,0.303138,0.437204,0.24289,0.330581,0.184807,0.285241,0.0993968,0.193754,0.0552584,0.130745,0.0441722,0.0827473,0.0299185,0.0558068,0.0214811,0.0474913,0.0209733,0.032255,0.0156991,0.0268353,0.0130538,0.0209687,0.00909086,0.0164397,0.00939841,0.012658,0.00570675,0.00887046,0.00555051,0.0087242,0.00425123,0.00684915,0.00379511,0.00582008,0.00287966,0.00488379,0.00276911,0.00363048,0.0020452,0.00327515,0.00148471,0.0026947,0.00136812,0.00203583,0.000941667,0.00159993,0.00086384,0.0013581,0.000744652,0.00111668,0.00060363,0.000855631,0.000466105,0.000736514,0.000359445,0.000619641,0.000287828,0.000492243,0.00023221,0.000392555,0.000233168,0.000376708,0.000162552,0.000265504,0.000129743,0.000220393,0.000127734,0.000196796,8.6042e-05,0.000155212,9.37485e-05,0.000134346,6.24378e-05,9.52603e-05,5.26369e-05,7.92466e-05,3.53446e-05,
81000,0.457364,0.543939,0.521712,0.538818,0.53464,0.426112,0.518436,0.574253,0.524768,0.470787,0.482384,0.502535,0.539782,0.491487,0.51732,0.472175,0.52599,0.446569,0.433318,0.419216,0.515118,0.383265,0.422151,0.303138,0.437204,0.24289,0.330581,0.184807,0.285241,0.0993968,0.193754,0.0552584,0.130745,0.0441722,0.0827473,0.0299185,0.0558068,0.0214811,0.0474913,0.0209733,0.032255,0.0156991,0.0268353,0.0130538,0.0209687,0.00909086,0.0164397,0.00939841,0.012658,0.00570675,0.00887046,0.00555051,0.0087242,0.00425123,0.00684915,0.00379511,0.00582008,0.00287966,0.00488379,0.00276911,0.00363048,0.0020452,0.00327515,0.00148471,0.0026947,0.00136812,0.00203583,0.000941667,0.00159993,0.00086384,0.0013581,0.000744652,0.00111668,0.00060363,0.000855631,0.000466105,0.000736514,0.000359445,0.000619641,0.000287828,0.000492243,0.00023221,0.000392555,0.000233168,0.000376708,0.000162552,0.000265504,0.000129743,0.000220393,0.000127734,0.000196796,8.6042e-05,0.000155212,9.37485e-05,0.000134346,6.24378e-05,9.52603e-05,5.26369e-05,7.92466e-05,3.53446e-05,
81200,0.457364,0.543939,0.521712,0.538818,0.53464,0.426112,0.518436,0.574253,0.524768,0.470787,0.482384,0.502535,0.539782,0.491487,0.51732,0.472175,0.52599,0.446569,0.433318,0.419216,0.515118,0.383265,0.422151,0.303138,0.437204,0.24289,0.330581,0.184807,0.285241,0.0993968,0.193754,0.0552584,0.130745,0.0441722,0.0827473,0.0299185,0.0558068,0.0214811,0.0474913,0.0209733,0.032255,0.0156991,0.0268353,0.0130538,0.0209687,0.00909086,0.0164397,0.00939841,0.012658,0.00570675,0.00887046,0.00555051,0.0087242,0.00425123,0.00684915,0.00379511,0.00582008,0.00287966,0.00488379,0.00276911,0.00363048,0.0020452,0.00327515,0.00148471,0.0026947,0.00136812,0.00203583,0.000941667,0.00159993,0.00086384,0.0013581,0.000744652,0.00111668,0.00060363,0.000855631,0.000466105,0.000736514,0.000359445,0.000619641,0.000287828,0.000492243,0.00023221,0.000392555,0.000233168,0.000376708,0.000162552,0.000265504,0.000129743,0.000220393,0.000127734,0.000196796,8.6042e-05,0.000155212,9.37485e-05,0.000134346,6.24378e-05,9.52603e-05,5.26369e-05,7.92466e-05,3.53446e-05,
81400,0.457364,0.543939,0.521712,0.538818,0.53464,0.426112,0.518436,0.574253,0.524768,0.470787,0.482384,0.502535,0.539782,0.491487,0.51732,0.472175,0.52599,0.446569,0.433318,0.419216,0.515118,0.383265,0.422151,0.303138,0.437204,0.24289,0.330581,0.184807,0.285241,0.0993968,0.193754,0.0552584,0.130745,0.0441722,0.0827473,0.0299185,0.0558068,0.0214811,0.0474913,0.0209733,0.032255,0.0156991,0.0268353,0.0130538,0.0209687,0.00909086,0.0164397,0.00939841,0.012658,0.00570675,0.00887046,0.00555051,0.0087242,0.00425123,0.00684915,0.00379511,0.00582008,0.00287966,0.00488379,0.00276911,0.00363048,0.0020452,0.00327515,0.00148471,0.0026947,0.00136812,0.00203583,0.000941667,0.00159993,0.00086384,0.0013581,0.000744652,0.00111668,0.00060363,0.000855631,0.000466105,0.000736514,0.000359445,0.000619641,0.000287828,0.000492243,0.00023221,0.000392555,0.000233168,0.000376708,0.000162552,0.000265504,0.000129743,0.000220393,0.000127734,0.000196796,8.6042e-05,0.000155212,9.37485e-05,0.000134346,6.24378e-05,9.52603e-05,5.26369e-05,7.92466e-05,3.53446e-05,
81600,0.457364,0.543939,0.521712,0.538818,0.53464,0.426112,0.518436,0.574253,0.524768,0.470787,0.482384,0.502535,0.539782,0.491487,0.51732,0.472175,0.52599,0.446569,0.433318,0.419216,0.515118,0.383265,0.422151,0.303138,0.437204,0.24289,0.330581,0.184807,0.285241,0.0993968,0.193754,0.0552584,0.130745,0.0441722,0.0827473,0.0299185,0.0558068,0.0214811,0.0474913,0.0209733,0.032255,0.0156991,0.0268353,0.0130538,0.0209687,0.00909086,0.0164397,0.00939841,0.012658,0.00570675,0.00887046,0.00555051,0.0087242,0.00425123,0.00684915,0.00379511,0.00582008,0.00287966,0.00488379,0.00276911,0.00363048,0.0020452,0.00327515,0.00148471,0.0026947,0.00136812,0.00203583,0.000941667,0.00159993,0.00086384,0.0013581,0.000744652,0.00111668,0.00060363,0.000855631,0.000466105,0.000736514,0.000359445,0.000619641,0.000287828,0.000492243,0.00023221,0.000392555,0.000233168,0.000376708,0.000162552,0.000265504,0.000129743,0.000220393,0.000127734,0.000196796,8.6042e-05,0.000155212,9.37485e-05,0.000134346,6.24378e-05,9.52603e-05,5.26369e-05,7.92466e-05,3.53446e-05,
81800,0.457364,0.543939,0.521712,0.538818,0.53464,0.426112,0.518436,0.574253,0.524768,0.470787,0.482384,0.502535,0.539782,0.491487,0.51732,0.472175,0.52599,0.446569,0.433318,0.419216,0.515118,0.383265,0.422151,0.303138,0.437204,0.24289,0.330581,0.184807,0.285241,0.0993968,0.193754,0.0552584,0.130745,0.0441722,0.0827473,0.0299185,0.0558068,0.0214811,0.0474913,0.0209733,0.032255,0.0156991,0.0268353,0.0130538,0.0209687,0.00909086,0.0164397,0.00939841,0.012658,0.00570675,0.00887046,0.00555051,0.0087242,0.00425123,0.00684915,0.00379511,0.00582008,0.00287966,0.00488379,0.00276911,0.00363048,0.0020452,0.00327515,0.00148471,0.0026947,0.00136812,0.00203583,0.000941667,0.00159993,0.00086384,0.0013581,0.000744652,0.00111668,0.00060363,0.000855631,0.000466105,0.000736514,0.000359445,0.000619641,0.000287828,0.000492243,0.00023221,0.000392555,0.000233168,0.000376708,0.000162552,0.000265504,0.000129743,0.000220393,0.000127734,0.000196796,8.6042e-05,0.000155212,9.37485e-05,0.000134346,6.24378e-05,9.52603e-05,5.26369e-05,7.92466e-05,3.53446e-05,
82000,0.457364,0.543939,0.521712,0.538818,0.53464,0.426112,0.518436,0.574253,0.524768,0.470787,0.482384,0.502535,0.539782,0.491487,0.51732,0.472175,0.52599,0.446569,0.433318,0.419216,0.515118,0.383265,0.422151,0.303138,0.437204,0.24289,0.330581,0.184807,0.285241,0.0993968,0.193754,0.0552584,0.130745,0.0441722,0.0827473,0.0299185,0.0558068,0.0214811,0.0474913,0.0209733,0.032255,0.0156991,0.0268353,0.0130538,0.0209687,0.00909086,0.0164397,0.00939841,0.012658,0.00570675,0.00887046,0.00555051,0.0087242,0.00425123,0.00684915,0.00379511,0.00582008,0.00287966,0.00488379,0.00276911,0.00363048,0.0020452,0.00327515,0.00148471,0.0026947,0.00136812,0.00203583,0.000941667,0.00159993,0.00086384,0.0013581,0.000744652,0.00111668,0.00060363,0.000855631,0.000466105,0.000736514,0.000359445,0.000619641,0.000287828,0.000492243,0.00023221,0.000392555,0.000233168,0.000376708,0.000162552,0.000265504,0.000129743,0.000220393,0.000127734,0.000196796,8.6042e-05,0.000155212,9.37485e-05,0.000134346,6.24378e-05,9.52603e-05,5.26369e-05,7.92466e-05,3.53446e-05,
82200,0.457364,0.543939,0.521712,0.538818,0.53464,0.426112,0.518436,0.574253,0.524768,0.470787,0.482384,0.502535,0.539782,0.491487,0.51732,0.472175,0.52599,0.446569,0.433318,0.419216,0.515118,0.383265,0.422151,0.303138,0.437204,0.24289,0.330581,0.184807,0.285241,0.0993968,0.193754,0.0552584,0.130745,0.0441722,0.0827473,0.0299185,0.0558068,0.0214811,0.0474913,0.0209733,0.032255,0.0156991,0.0268353,0.0130538,0.0209687,0.00909086,0.0164397,0.00939841,0.012658,0.00570675,0.00887046,0.00555051,0.0087242,0.00425123,0.00684915,0.00379511,0.00582008,0.00287966,0.00488379,0.00276911,0.00363048,0.0020452,0.00327515,0.00148471,0.0026947,0.00136812,0.00203583,0.000941667,0.00159993,0.00086384,0.0013581,0.000744652,0.00111668,0.00060363,0.000855631,0.000466105,0.000736514,0.000359445,0.000619641,0.000287828,0.000492243,0.00023221,0.000392555,0.000233168,0.000376708,0.000162552,0.000265504,0.000129743,0.000220393,0.000127734,0.000196796,8.6042e-05,0.000155212,9.37485e-05,0.000134346,6.24378e-05,9.52603e-05,5.26369e-05,7.92466e-05,3.53446e-05,
82400,0.457364,0.543939,0.521712,0.538818,0.53464,0.426112,0.518436,0.574253,0.524768,0.470787,0.482384,0.502535,0.539782,0.491487,0.51732,0.472175,0.52599,0.446569,0.433318,0.419216,0.515118,0.383265,0.422151,0.303138,0.437204,0.24289,0.330581,0.184807,0.285241,0.0993968,0.193754,0.0552584,0.130745,0.0441722,0.0827473,0.0299185,0.0558068,0.0214811,0.0474913,0.0209733,0.032255,0.0156991,0.0268353,0.0130538,0.0209687,0.00909086,0.0164397,0.00939841,0.012658,0.00570675,0.00887046,0.00555051,0.0087242,0.00425123,0.00684915,0.00379511,0.00582008,0.00287966,0.00488379,0.00276911,0.00363048,0.0020452,0.00327515,0.00148471,0.0026947,0.00136812,0.00203583,0.000941667,0.00159993,0.00086384,0.0013581,0.000744652,0.00111668,0.00060363,0.000855631,0.000466105,0.000736514,0.000359445,0.000619641,0.000287828,0.000492243,0.00023221,0.000392555,0.000233168,0.000376708,0.000162552,0.000265504,0.000129743,0.000220393,0.000127734,0.000196796,8.6042e-05,0.000155212,9.37485e-05,0.000134346,6.24378e-05,9.52603e-05,5.26369e-05,7.92466e-05,3.53446e-05,
82600,0.457364,0.543939,0.521712,0.538818,0.53464,0.426112,0.518436,0.574253,0.524768,0.470787,0.482384,0.502535,0.539782,0.491487,0.51732,0.472175,0.52599,0.446569,0.433318,0.419216,0.515118,0.383265,0.422151,0.303138,0.437204,0.24289,0.330581,0.184807,0.285241,0.0993968,0.193754,0.0552584,0.130745,0.0441722,0.0827473,0.0299185,0.0558068,0.0214811,0.0474913,0.0209733,0.032255,0.0156991,0.0268353,0.0130538,0.0209687,0.00909086,0.0164397,0.00939841,0.012658,0.00570675,0.00887046,0.00555051,0.0087242,0.00425123,0.00684915,0.00379511,0.00582008,0.00287966,0.00488379,0.00276911,0.00363048,0.0020452,0.00327515,0.00148471,0.0026947,0.00136812,0.00203583,0.000941667,0.00159993,0.00086384,0.0013581,0.000744652,0.00111668,0.00060363,0.000855631,0.000466105,0.000736514,0.000359445,0.000619641,0.000287828,0.000492243,0.00023221,0.000392555,0.000233168,0.000376708,0.000162552,0.000265504,0.000129743,0.000220393,0.000127734,0.000196796,8.6042e-05,0.000155212,9.37485e-05,0.000134346,6.24378e-05,9.52603e-05,5.26369e-05,7.92466e-05,3.53446e-05,
82800,0.457364,0.543939,0.521712,0.538818,0.53464,0.426112,0.518436,0.574253,0.524768,0.470787,0.482384,0.502535,0.539782,0.491487,0.51732,0.472175,0.52599,0.446569,0.433318,0.419216,0.515118,0.383265,0.422151,0.303138,0.437204,0.24289,0.330581,0.184807,0.285241,0.0993968,0.193754,0.0552584,0.130745,0.0441722,0.0827473,0.0299185,0.0558068,0.0214811,0.0474913,0.0209733,0.032255,0.0156991,0.0268353,0.0130538,0.0209687,0.00909086,0.0164397,0.00939841,0.012658,0.00570675,0.00887046,0.00555051,0.0087242,0.00425123,0.00684915,0.00379511,0.00582008,0.00287966,0.00488379,0.00276911,0.00363048,0.0020452,0.00327515,0.00148471,0.0026947,0.00136812,0.00203583,0.000941667,0.00159993,0.00086384,0.0013581,0.000744652,0.00111668,0.00060363,0.000855631,0.000466105,0.000736514,0.000359445,0.000619641,0.000287828,0.000492243,0.00023221,0.000392555,0.000233168,0.000376708,0.000162552,0.000265504,0.000129743,0.000220393,0.000127734,0.000196796,8.6042e-05,0.000155212,9.37485e-05,0.000134346,6.24378e-05,9.52603e-05,5.26369e-05,7.92466e-05,3.53446e-05,
83000,0.457364,0.543939,0.521712,0.538818,0.53464,0.426112,0.518436,0.574253,0.524768,0.470787,0.482384,0.502535,0.539782,0.491487,0.51732,0.472175,0.52599,0.446569,0.433318,0.419216,0.515118,0.383265,0.422151,0.303138,0.437204,0.24289,0.330581,0.184807,0.285241,0.0993968,0.193754,0.0552584,0.130745,0.0441722,0.0827473,0.0299185,0.0558068,0.0214811,0.0474913,0.0209733,0.032255,0.0156991,0.0268353,0.0130538,0.0209687,0.00909086,0.0164397,0.00939841,0.012658,0.00570675,0.00887046,0.00555051,0.0087242,0.00425123,0.00684915,0.00379511,0.00582008,0.00287966,0.00488379,0.00276911,0.00363048,0.0020452,0.00327515,0.00148471,0.0026947,0.00136812,0.00203583,0.000941667,0.00159993,0.00086384,0.0013581,0.000744652,0.00111668,0.00060363,0.000855631,0.000466105,0.000736514,0.000359445,0.000619641,0.000287828,0.000492243,0.00023221,0.000392555,0.000233168,0.000376708,0.000162552,0.000265504,0.000129743,0.000220393,0.000127734,0.000196796,8.6042e-05,0.000155212,9.37485e-05,0.000134346,6.24378e-05,9.52603e-05,5.26369e-05,7.92466e-05,3.53446e-05,
83200,0.457364,0.543939,0.521712,0.538818,0.53464,0.426112,0.518436,0.574253,0.524768,0.470787,0.482384,0.502535,0.539782,0.491487,0.51732,0.472175,0.52599,0.446569,0.433318,0.419216,0.515118,0.383265,0.422151,0.303138,0.437204,0.24289,0.330581,0.184807,0.285241,0.0993968,0.193754,0.0552584,0.130745,0.0441722,0.0827473,0.0299185,0.0558068,0.0214811,0.0474913,0.0209733,0.032255,0.0156991,0.0268353,0.0130538,0.0209687,0.00909086,0.0164397,0.00939841,0.012658,0.00570675,0.00887046,0.00555051,0.0087242,0.00425123,0.00684915,0.00379511,0.00582008,0.00287966,0.00488379,0.00276911,0.00363048,0.0020452,0.00327515,0.00148471,0.0026947,0.00136812,0.00203583,0.000941667,0.00159993,0.00086384,0.0013581,0.000744652,0.00111668,0.00060363,0.000855631,0.000466105,0.000736514,0.000359445,0.000619641,0.000287828,0.000492243,0.00023221,0.000392555,0.000233168,0.000376708,0.000162552,0.000265504,0.000129743,0.000220393,0.000127734,0.000196796,8.6042e-05,0.000155212,9.37485e-05,0.000134346,6.24378e-05,9.52603e-05,5.26369e-05,7.92466e-05,3.53446e-05,
83400,0.457364,0.543939,0.521712,0.538818,0.53464,0.426112,0.518436,0.574253,0.524768,0.470787,0.482384,0.502535,0.539782,0.491487,0.51732,0.472175,0.52599,0.446569,0.433318,0.419216,0.515118,0.383265,0.422151,0.303138,0.437204,0.24289,0.330581,0.184807,0.285241,0.0993968,0.193754,0.0552584,0.130745,0.0441722,0.0827473,0.0299185,0.0558068,0.0214811,0.0474913,0.0209733,0.032255,0.0156991,0.0268353,0.0130538,0.0209687,0.00909086,0.0164397,0.00939841,0.012658,0.00570675,0.00887046,0.00555051,0.0087242,0.00425123,0.00684915,0.00379511,0.00582008,0.00287966,0.00488379,0.00276911,0.00363048,0.0020452,0.00327515,0.00148471,0.0026947,0.00136812,0.00203583,0.000941667,0.00159993,0.00086384,0.0013581,0.000744652,0.00111668,0.00060363,0.000855631,0.000466105,0.000736514,0.000359445,0.000619641,0.000287828,0.000492243,0.00023221,0.000392555,0.000233168,0.000376708,0.000162552,0.000265504,0.000129743,0.000220393,0.000127734,0.000196796,8.6042e-05,0.000155212,9.37485e-05,0.000134346,6.24378e-05,9.52603e-05,5.26369e-05,7.92466e-05,3.53446e-05,
83600,0.457364,0.543939,0.521712,0.538818,0.53464,0.426112,0.518436,0.574253,0.524768,0.470787,0.482384,0.502535,0.539782,0.491487,0.51732,0.472175,0.52599,0.446569,0.433318,0.419216,0.515118,0.383265,0.422151,0.303138,0.437204,0.24289,0.330581,0.184807,0.285241,0.0993968,0.193754,0.0552584,0.130745,0.0441722,0.0827473,0.0299185,0.0558068,0.0214811,0.0474913,0.0209733,0.032255,0.0156991,0.0268353,0.0130538,0.0209687,0.00909086,0.0164397,0.00939841,0.012658,0.00570675,0.00887046,0.00555051,0.0087242,0.00425123,0.00684915,0.00379511,0.00582008,0.00287966,0.00488379,0.00276911,0.00363048,0.0020452,0.00327515,0.00148471,0.0026947,0.00136812,0.00203583,0.000941667,0.00159993,0.00086384,0.0013581,0.000744652,0.00111668,0.00060363,0.000855631,0.000466105,0.000736514,0.000359445,0.000619641,0.000287828,0.000492243,0.00023221,0.000392555,0.000233168,0.000376708,0.000162552,0.000265504,0.000129743,0.000220393,0.000127734,0.000196796,8.6042e-05,0.000155212,9.37485e-05,0.000134346,6.24378e-05,9.52603e-05,5.26369e-05,7.92466e-05,3.53446e-05,
83800,0.457364,0.543939,0.521712,0.538818,0.53464,0.426112,0.518436,0.574253,0.524768,0.470787,0.482384,0.502535,0.539782,0.491487,0.51732,0.472175,0.52599,0.446569,0.433318,0.419216,0.515118,0.383265,0.422151,0.303138,0.437204,0.24289,0.330581,0.184807,0.285241,0.0993968,0.193754,0.0552584,0.130745,0.0441722,0.0827473,0.0299185,0.0558068,0.0214811,0.0474913,0.0209733,0.032255,0.0156991,0.0268353,0.0130538,0.0209687,0.00909086,0.0164397,0.00939841,0.012658,0.00570675,0.00887046,0.00555051,0.0087242,0.00425123,0.00684915,0.00379511,0.00582008,0.00287966,0.00488379,0.00276911,0.00363048,0.0020452,0.00327515,0.00148471,0.0026947,0.00136812,0.00203583,0.000941667,0.00159993,0.00086384,0.0013581,0.000744652,0.00111668,0.00060363,0.000855631,0.000466105,0.000736514,0.000359445,0.000619641,0.000287828,0.000492243,0.00023221,0.000392555,0.000233168,0.000376708,0.000162552,0.000265504,0.000129743,0.000220393,0.000127734,0.000196796,8.6042e-05,0.000155212,9.37485e-05,0.000134346,6.24378e-05,9.52603e-05,5.26369e-05,7.92466e-05,3.53446e-05,
84000,0.457364,0.543939,0.521712,0.538818,0.53464,0.426112,0.518436,0.574253,0.524768,0.470787,0.482384,0.502535,0.539782,0.491487,0.51732,0.472175,0.52599,0.446569,0.433318,0.419216,0.515118,0.383265,0.422151,0.303138,0.437204,0.24289,0.330581,0.184807,0.285241,0.0993968,0.193754,0.0552584,0.130745,0.0441722,0.0827473,0.0299185,0.0558068,0.0214811,0.0474913,0.0209733,0.032255,0.0156991,0.0268353,0.0130538,0.0209687,0.00909086,0.0164397,0.00939841,0.012658,0.00570675,0.00887046,0.00555051,0.0087242,0.00425123,0.00684915,0.00379511,0.00582008,0.00287966,0.00488379,0.00276911,0.00363048,0.0020452,0.00327515,0.00148471,0.0026947,0.00136812,0.00203583,0.000941667,0.00159993,0.00086384,0.0013581,0.000744652,0.00111668,0.00060363,0.000855631,0.000466105,0.000736514,0.000359445,0.000619641,0.000287828,0.000492243,0.00023221,0.000392555,0.000233168,0.000376708,0.000162552,0.000265504,0.000129743,0.000220393,0.000127734,0.000196796,8.6042e-05,0.000155212,9.37485e-05,0.000134346,6.24378e-05,9.52603e-05,5.26369e-05,7.92466e-05,3.53446e-05,
84200,0.457364,0.543939,0.521712,0.538818,0.53464,0.426112,0.518436,0.574253,0.524768,0.470787,0.482384,0.502535,0.539782,0.491487,0.51732,0.472175,0.52599,0.446569,0.433318,0.419216,0.515118,0.383265,0.422151,0.303138,0.437204,0.24289,0.330581,0.184807,0.285241,0.0993968,0.193754,0.0552584,0.130745,0.0441722,0.0827473,0.0299185,0.0558068,0.0214811,0.0474913,0.0209733,0.032255,0.0156991,0.0268353,0.0130538,0.0209687,0.00909086,0.0164397,0.00939841,0.012658,0.00570675,0.00887046,0.00555051,0.0087242,0.00425123,0.00684915,0.00379511,0.00582008,0.00287966,0.00488379,0.00276911,0.00363048,0.0020452,0.00327515,0.00148471,0.0026947,0.00136812,0.00203583,0.000941667,0.00159993,0.00086384,0.0013581,0.000744652,0.00111668,0.00060363,0.000855631,0.000466105,0.000736514,0.000359445,0.000619641,0.000287828,0.000492243,0.00023221,0.000392555,0.000233168,0.000376708,0.000162552,0.000265504,0.000129743,0.000220393,0.000127734,0.000196796,8.6042e-05,0.000155212,9.37485e-05,0.000134346,6.24378e-05,9.52603e-05,5.26369e-05,7.92466e-05,3.53446e-05,
84400,0.457364,0.543939,0.521712,0.538818,0.53464,0.426112,0.518436,0.574253,0.524768,0.470787,0.482384,0.502535,0.539782,0.491487,0.51732,0.472175,0.52599,0.446569,0.433318,0.419216,0.515118,0.383265,0.422151,0.303138,0.437204,0.24289,0.330581,0.184807,0.285241,0.0993968,0.193754,0.0552584,0.130745,0.0441722,0.0827473,0.0299185,0.0558068,0.0214811,0.0474913,0.0209733,0.032255,0.0156991,0.0268353,0.0130538,0.0209687,0.00909086,0.0164397,0.00939841,0.012658,0.00570675,0.00887046,0.00555051,0.0087242,0.00425123,0.00684915,0.00379511,0.00582008,0.00287966,0.00488379,0.00276911,0.00363048,0.0020452,0.00327515,0.00148471,0.0026947,0.00136812,0.00203583,0.000941667,0.00159993,0.00086384,0.0013581,0.000744652,0.00111668,0.00060363,0.000855631,0.000466105,0.000736514,0.000359445,0.000619641,0.000287828,0.000492243,0.00023221,0.000392555,0.000233168,0.000376708,0.000162552,0.000265504,0.000129743,0.000220393,0.000127734,0.000196796,8.6042e-05,0.000155212,9.37485e-05,0.000134346,6.24378e-05,9.52603e-05,5.26369e-05,7.92466e-05,3.53446e-05,
84600,0.457364,0.543939,0.521712,0.538818,0.53464,0.426112,0.518436,0.574253,0.524768,0.470787,0.482384,0.502535,0.539782,0.491487,0.51732,0.472175,0.52599,0.446569,0.433318,0.419216,0.515118,0.383265,0.422151,0.303138,0.437204,0.24289,0.330581,0.184807,0.285241,0.0993968,0.193754,0.0552584,0.130745,0.0441722,0.0827473,0.0299185,0.0558068,0.0214811,0.0474913,0.0209733,0.032255,0.0156991,0.0268353,0.0130538,0.0209687,0.00909086,0.0164397,0.00939841,0.012658,0.00570675,0.00887046,0.00555051,0.0087242,0.00425123,0.00684915,0.00379511,0.00582008,0.00287966,0.00488379,0.00276911,0.00363048,0.0020452,0.00327515,0.00148471,0.0026947,0.00136812,0.00203583,0.000941667,0.00159993,0.00086384,0.0013581,0.000744652,0.00111668,0.00060363,0.000855631,0.000466105,0.000736514,0.000359445,0.000619641,0.000287828,0.000492243,0.00023221,0.000392555,0.000233168,0.000376708,0.000162552,0.000265504,0.000129743,0.000220393,0.000127734,0.000196796,8.6042e-05,0.000155212,9.37485e-05,0.000134346,6.24378e-05,9.52603e-05,5.26369e-05,7.92466e-05,3.53446e-05,
84800,0.457364,0.543939,0.521712,0.538818,0.53464,0.426112,0.518436,0.574253,0.524768,0.470787,0.482384,0.502535,0.539782,0.491487,0.51732,0.472175,0.52599,0.446569,0.433318,0.419216,0.515118,0.383265,0.422151,0.303138,0.437204,0.24289,0.330581,0.184807,0.285241,0.0993968,0.193754,0.0552584,0.130745,0.0441722,0.0827473,0.0299185,0.0558068,0.0214811,0.0474913,0.0209733,0.032255,0.0156991,0.0268353,0.0130538,0.0209687,0.00909086,0.0164397,0.00939841,0.012658,0.00570675,0.00887046,0.00555051,0.0087242,0.00425123,0.00684915,0.00379511,0.00582008,0.00287966,0.00488379,0.00276911,0.00363048,0.0020452,0.00327515,0.00148471,0.0026947,0.00136812,0.00203583,0.000941667,0.00159993,0.00086384,0.0013581,0.000744652,0.00111668,0.00060363,0.000855631,0.000466105,0.000736514,0.000359445,0.000619641,0.000287828,0.000492243,0.00023221,0.000392555,0.000233168,0.000376708,0.000162552,0.000265504,0.000129743,0.000220393,0.000127734,0.000196796,8.6042e-05,0.000155212,9.37485e-05,0.000134346,6.24378e-05,9.52603e-05,5.26369e-05,7.92466e-05,3.53446e-05,
85000,0.457364,0.543939,0.521712,0.538818,0.53464,0.426112,0.518436,0.574253,0.524768,0.470787,0.482384,0.502535,0.539782,0.491487,0.51732,0.472175,0.52599,0.446569,0.433318,0.419216,0.515118,0.383265,0.422151,0.303138,0.437204,0.24289,0.330581,0.184807,0.285241,0.0993968,0.193754,0.0552584,0.130745,0.0441722,0.0827473,0.0299185,0.0558068,0.0214811,0.0474913,0.0209733,0.032255,0.0156991,0.0268353,0.0130538,0.0209687,0.00909086,0.0164397,0.00939841,0.012658,0.00570675,0.00887046,0.00555051,0.0087242,0.00425123,0.00684915,0.00379511,0.00582008,0.00287966,0.00488379,0.00276911,0.00363048,0.0020452,0.00327515,0.00148471,0.0026947,0.00136812,0.00203583,0.000941667,0.00159993,0.00086384,0.0013581,0.000744652,0.00111668,0.00060363,0.000855631,0.000466105,0.000736514,0.000359445,0.000619641,0.000287828,0.000492243,0.00023221,0.000392555,0.000233168,0.000376708,0.000162552,0.000265504,0.000129743,0.000220393,0.000127734,0.000196796,8.6042e-05,0.000155212,9.37485e-05,0.000134346,6.24378e-05,9.52603e-05,5.26369e-05,7.92466e-05,3.53446e-05,
85200,0.457364,0.543939,0.521712,0.538818,0.53464,0.426112,0.518436,0.574253,0.524768,0.470787,0.482384,0.502535,0.539782,0.491487,0.51732,0.472175,0.52599,0.446569,0.433318,0.419216,0.515118,0.383265,0.422151,0.303138,0.437204,0.24289,0.330581,0.184807,0.285241,0.0993968,0.193754,0.0552584,0.130745,0.0441722,0.0827473,0.0299185,0.0558068,0.0214811,0.0474913,0.0209733,0.032255,0.0156991,0.0268353,0.0130538,0.0209687,0.00909086,0.0164397,0.00939841,0.012658,0.00570675,0.00887046,0.00555051,0.0087242,0.00425123,0.00684915,0.00379511,0.00582008,0.00287966,0.00488379,0.00276911,0.00363048,0.0020452,0.00327515,0.00148471,0.0026947,0.00136812,0.00203583,0.000941667,0.00159993,0.00086384,0.0013581,0.000744652,0.00111668,0.00060363,0.000855631,0.000466105,0.000736514,0.000359445,0.000619641,0.000287828,0.000492243,0.00023221,0.000392555,0.000233168,0.000376708,0.000162552,0.000265504,0.000129743,0.000220393,0.000127734,0.000196796,8.6042e-05,0.000155212,9.37485e-05,0.000134346,6.24378e-05,9.52603e-05,5.26369e-05,7.92466e-05,3.53446e-05,
85400,0.457364,0.543939,0.521712,0.538818,0.53464,0.426112,0.518436,0.574253,0.524768,0.470787,0.482384,0.502535,0.539782,0.491487,0.51732,0.472175,0.52599,0.446569,0.433318,0.419216,0.515118,0.383265,0.422151,0.303138,0.437204,0.24289,0.330581,0.184807,0.285241,0.0993968,0.193754,0.0552584,0.130745,0.0441722,0.0827473,0.0299185,0.0558068,0.0214811,0.0474913,0.0209733,0.032255,0.0156991,0.0268353,0.0130538,0.0209687,0.00909086,0.0164397,0.00939841,0.012658,0.00570675,0.00887046,0.00555051,0.0087242,0.00425123,0.00684915,0.00379511,0.00582008,0.00287966,0.00488379,0.00276911,0.00363048,0.0020452,0.00327515,0.00148471,0.0026947,0.00136812,0.00203583,0.000941667,0.00159993,0.00086384,0.0013581,0.000744652,0.00111668,0.00060363,0.000855631,0.000466105,0.000736514,0.000359445,0.000619641,0.000287828,0.000492243,0.00023221,0.000392555,0.000233168,0.000376708,0.000162552,0.000265504,0.000129743,0.000220393,0.000127734,0.000196796,8.6042e-05,0.000155212,9.37485e-05,0.000134346,6.24378e-05,9.52603e-05,5.26369e-05,7.92466e-05,3.53446e-05,
85600,0.457364,0.543939,0.521712,0.538818,0.53464,0.426112,0.518436,0.574253,0.524768,0.470787,0.482384,0.502535,0.539782,0.491487,0.51732,0.472175,0.52599,0.446569,0.433318,0.419216,0.515118,0.383265,0.422151,0.303138,0.437204,0.24289,0.330581,0.184807,0.285241,0.0993968,0.193754,0.0552584,0.130745,0.0441722,0.0827473,0.0299185,0.0558068,0.0214811,0.0474913,0.0209733,0.032255,0.0156991,0.0268353,0.0130538,0.0209687,0.00909086,0.0164397,0.00939841,0.012658,0.00570675,0.00887046,0.00555051,0.0087242,0.00425123,0.00684915,0.00379511,0.00582008,0.00287966,0.00488379,0.00276911,0.00363048,0.0020452,0.00327515,0.00148471,0.0026947,0.00136812,0.00203583,0.000941667,0.00159993,0.00086384,0.0013581,0.000744652,0.00111668,0.00060363,0.000855631,0.000466105,0.000736514,0.000359445,0.000619641,0.000287828,0.000492243,0.00023221,0.000392555,0.000233168,0.000376708,0.000162552,0.000265504,0.000129743,0.000220393,0.000127734,0.000196796,8.6042e-05,0.000155212,9.37485e-05,0.000134346,6.24378e-05,9.52603e-05,5.26369e-05,7.92466e-05,3.53446e-05,
85800,0.457364,0.543939,0.521712,0.538818,0.53464,0.426112,0.518436,0.574253,0.524768,0.470787,0.482384,0.502535,0.539782,0.491487,0.51732,0.472175,0.52599,0.446569,0.433318,0.419216,0.515118,0.383265,0.422151,0.303138,0.437204,0.24289,0.330581,0.184807,0.285241,0.0993968,0.193754,0.0552584,0.130745,0.0441722,0.0827473,0.0299185,0.0558068,0.0214811,0.0474913,0.0209733,0.032255,0.0156991,0.0268353,0.0130538,0.0209687,0.00909086,0.0164397,0.00939841,0.012658,0.00570675,0.00887046,0.00555051,0.0087242,0.00425123,0.00684915,0.00379511,0.00582008,0.00287966,0.00488379,0.00276911,0.00363048,0.0020452,0.00327515,0.00148471,0.0026947,0.00136812,0.00203583,0.000941667,0.00159993,0.00086384,0.0013581,0.000744652,0.00111668,0.00060363,0.000855631,0.000466105,0.000736514,0.000359445,0.000619641,0.000287828,0.000492243,0.00023221,0.000392555,0.000233168,0.000376708,0.000162552,0.000265504,0.000129743,0.000220393,0.000127734,0.000196796,8.6042e-05,0.000155212,9.37485e-05,0.000134346,6.24378e-05,9.52603e-05,5.26369e-05,7.92466e-05,3.53446e-05,
86000,0.457364,0.543939,0.521712,0.538818,0.53464,0.426112,0.518436,0.574253,0.524768,0.470787,0.482384,0.502535,0.539782,0.491487,0.51732,0.472175,0.52599,0.446569,0.433318,0.419216,0.515118,0.383265,0.422151,0.303138,0.437204,0.24289,0.330581,0.184807,0.285241,0.0993968,0.193754,0.0552584,0.130745,0.0441722,0.0827473,0.0299185,0.0558068,0.0214811,0.0474913,0.0209733,0.032255,0.0156991,0.0268353,0.0130538,0.0209687,0.00909086,0.0164397,0.00939841,0.012658,0.00570675,0.00887046,0.00555051,0.0087242,0.00425123,0.00684915,0.00379511,0.00582008,0.00287966,0.00488379,0.00276911,0.00363048,0.0020452,0.00327515,0.00148471,0.0026947,0.00136812,0.00203583,0.000941667,0.00159993,0.00086384,0.0013581,0.000744652,0.00111668,0.00060363,0.000855631,0.000466105,0.000736514,0.000359445,0.000619641,0.000287828,0.000492243,0.00023221,0.000392555,0.000233168,0.000376708,0.000162552,0.000265504,0.000129743,0.000220393,0.000127734,0.000196796,8.6042e-05,0.000155212,9.37485e-05,0.000134346,6.24378e-05,9.52603e-05,5.26369e-05,7.92466e-05,3.53446e-05,
86200,0.457364,0.543939,0.521712,0.538818,0.53464,0.426112,0.518436,0.574253,0.524768,0.470787,0.482384,0.502535,0.539782,0.491487,0.51732,0.472175,0.52599,0.446569,0.433318,0.419216,0.515118,0.383265,0.422151,0.303138,0.437204,0.24289,0.330581,0.184807,0.285241,0.0993968,0.193754,0.0552584,0.130745,0.0441722,0.0827473,0.0299185,0.0558068,0.0214811,0.0474913,0.0209733,0.032255,0.0156991,0.0268353,0.0130538,0.0209687,0.00909086,0.0164397,0.00939841,0.012658,0.00570675,0.00887046,0.00555051,0.0087242,0.00425123,0.00684915,0.00379511,0.00582008,0.00287966,0.00488379,0.00276911,0.00363048,0.0020452,0.00327515,0.00148471,0.0026947,0.00136812,0.00203583,0.000941667,0.00159993,0.00086384,0.0013581,0.000744652,0.00111668,0.00060363,0.000855631,0.000466105,0.000736514,0.000359445,0.000619641,0.000287828,0.000492243,0.00023221,0.000392555,0.000233168,0.000376708,0.000162552,0.000265504,0.000129743,0.000220393,0.000127734,0.000196796,8.6042e-05,0.000155212,9.37485e-05,0.000134346,6.24378e-05,9.52603e-05,5.26369e-05,7.92466e-05,3.53446e-05,
86400,0.457364,0.543939,0.521712,0.538818,0.53464,0.426112,0.518436,0.574253,0.524768,0.470787,0.482384,0.502535,0.539782,0.491487,0.51732,0.472175,0.52599,0.446569,0.433318,0.419216,0.515118,0.383265,0.422151,0.303138,0.437204,0.24289,0.330581,0.184807,0.285241,0.0993968,0.193754,0.0552584,0.130745,0.0441722,0.0827473,0.0299185,0.0558068,0.0214811,0.0474913,0.0209733,0.032255,0.0156991,0.0268353,0.0130538,0.0209687,0.00909086,0.0164397,0.00939841,0.012658,0.00570675,0.00887046,0.00555051,0.0087242,0.00425123,0.00684915,0.00379511,0.00582008,0.00287966,0.00488379,0.00276911,0.00363048,0.0020452,0.00327515,0.00148471,0.0026947,0.00136812,0.00203583,0.000941667,0.00159993,0.00086384,0.0013581,0.000744652,0.00111668,0.00060363,0.000855631,0.000466105,0.000736514,0.000359445,0.000619641,0.000287828,0.000492243,0.00023221,0.000392555,0.000233168,0.000376708,0.000162552,0.000265504,0.000129743,0.000220393,0.000127734,0.000196796,8.6042e-05,0.000155212,9.37485e-05,0.000134346,6.24378e-05,9.52603e-05,5.26369e-05,7.92466e-05,3.53446e-05,
86600,0.457364,0.543939,0.521712,0.538818,0.53464,0.426112,0.518436,0.574253,0.524768,0.470787,0.482384,0.502535,0.539782,0.491487,0.51732,0.472175,0.52599,0.446569,0.433318,0.419216,0.515118,0.383265,0.422151,0.303138,0.437204,0.24289,0.330581,0.184807,0.285241,0.0993968,0.193754,0.0552584,0.130745,0.0441722,0.0827473,0.0299185,0.0558068,0.0214811,0.0474913,0.0209733,0.032255,0.0156991,0.0268353,0.0130538,0.0209687,0.00909086,0.0164397,0.00939841,0.012658,0.00570675,0.00887046,0.00555051,0.0087242,0.00425123,0.00684915,0.00379511,0.00582008,0.00287966,0.00488379,0.00276911,0.00363048,0.0020452,0.00327515,0.00148471,0.0026947,0.00136812,0.00203583,0.000941667,0.00159993,0.00086384,0.0013581,0.000744652,0.00111668,0.00060363,0.000855631,0.000466105,0.000736514,0.000359445,0.000619641,0.000287828,0.000492243,0.00023221,0.000392555,0.000233168,0.000376708,0.000162552,0.000265504,0.000129743,0.000220393,0.000127734,0.000196796,8.6042e-05,0.000155212,9.37485e-05,0.000134346,6.24378e-05,9.52603e-05,5.26369e-05,7.92466e-05,3.53446e-05,
86800,0.457364,0.543939,0.521712,0.538818,0.53464,0.426112,0.518436,0.574253,0.524768,0.470787,0.482384,0.502535,0.539782,0.491487,0.51732,0.472175,0.52599,0.446569,0.433318,0.419216,0.515118,0.383265,0.422151,0.303138,0.437204,0.24289,0.330581,0.184807,0.285241,0.0993968,0.193754,0.0552584,0.130745,0.0441722,0.0827473,0.0299185,0.0558068,0.0214811,0.0474913,0.0209733,0.032255,0.0156991,0.0268353,0.0130538,0.0209687,0.00909086,0.0164397,0.00939841,0.012658,0.00570675,0.00887046,0.00555051,0.0087242,0.00425123,0.00684915,0.00379511,0.00582008,0.00287966,0.00488379,0.00276911,0.00363048,0.0020452,0.00327515,0.00148471,0.0026947,0.00136812,0.00203583,0.000941667,0.00159993,0.00086384,0.0013581,0.000744652,0.00111668,0.00060363,0.000855631,0.000466105,0.000736514,0.000359445,0.000619641,0.000287828,0.000492243,0.00023221,0.000392555,0.000233168,0.000376708,0.000162552,0.000265504,0.000129743,0.000220393,0.000127734,0.000196796,8.6042e-05,0.000155212,9.37485e-05,0.000134346,6.24378e-05,9.52603e-05,5.26369e-05,7.92466e-05,3.53446e-05,
87000,0.457364,0.543939,0.521712,0.538818,0.53464,0.426112,0.518436,0.574253,0.524768,0.470787,0.482384,0.502535,0.539782,0.491487,0.51732,0.472175,0.52599,0.446569,0.433318,0.419216,0.515118,0.383265,0.422151,0.303138,0.437204,0.24289,0.330581,0.184807,0.285241,0.0993968,0.193754,0.0552584,0.130745,0.0441722,0.0827473,0.0299185,0.0558068,0.0214811,0.0474913,0.0209733,0.032255,0.0156991,0.0268353,0.0130538,0.0209687,0.00909086,0.0164397,0.00939841,0.012658,0.00570675,0.00887046,0.00555051,0.0087242,0.00425123,0.00684915,0.00379511,0.00582008,0.00287966,0.00488379,0.00276911,0.00363048,0.0020452,0.00327515,0.00148471,0.0026947,0.00136812,0.00203583,0.000941667,0.00159993,0.00086384,0.0013581,0.000744652,0.00111668,0.00060363,0.000855631,0.000466105,0.000736514,0.000359445,0.000619641,0.000287828,0.000492243,0.00023221,0.000392555,0.000233168,0.000376708,0.000162552,0.000265504,0.000129743,0.000220393,0.000127734,0.000196796,8.6042e-05,0.000155212,9.37485e-05,0.000134346,6.24378e-05,9.52603e-05,5.26369e-05,7.92466e-05,3.53446e-05,
87200,0.457364,0.543939,0.521712,0.538818,0.53464,0.426112,0.518436,0.574253,0.524768,0.470787,0.482384,0.502535,0.539782,0.491487,0.51732,0.472175,0.52599,0.446569,0.433318,0.419216,0.515118,0.383265,0.422151,0.303138,0.437204,0.24289,0.330581,0.184807,0.285241,0.0993968,0.193754,0.0552584,0.130745,0.0441722,0.0827473,0.0299185,0.0558068,0.0214811,0.0474913,0.0209733,0.032255,0.0156991,0.0268353,0.0130538,0.0209687,0.00909086,0.0164397,0.00939841,0.012658,0.00570675,0.00887046,0.00555051,0.0087242,0.00425123,0.00684915,0.00379511,0.00582008,0.00287966,0.00488379,0.00276911,0.00363048,0.0020452,0.00327515,0.00148471,0.0026947,0.00136812,0.00203583,0.000941667,0.00159993,0.00086384,0.0013581,0.000744652,0.00111668,0.00060363,0.000855631,0.000466105,0.000736514,0.000359445,0.000619641,0.000287828,0.000492243,0.00023221,0.000392555,0.000233168,0.000376708,0.000162552,0.000265504,0.000129743,0.000220393,0.000127734,0.000196796,8.6042e-05,0.000155212,9.37485e-05,0.000134346,6.24378e-05,9.52603e-05,5.26369e-05,7.92466e-05,3.53446e-05,
87400,0.457364,0.543939,0.521712,0.538818,0.53464,0.426112,0.518436,0.574253,0.524768,0.470787,0.482384,0.502535,0.539782,0.491487,0.51732,0.472175,0.52599,0.446569,0.433318,0.419216,0.515118,0.383265,0.422151,0.303138,0.437204,0.24289,0.330581,0.184807,0.285241,0.0993968,0.193754,0.0552584,0.130745,0.0441722,0.0827473,0.0299185,0.0558068,0.0214811,0.0474913,0.0209733,0.032255,0.0156991,0.0268353,0.0130538,0.0209687,0.00909086,0.0164397,0.00939841,0.012658,0.00570675,0.00887046,0.00555051,0.0087242,0.00425123,0.00684915,0.00379511,0.00582008,0.00287966,0.00488379,0.00276911,0.00363048,0.0020452,0.00327515,0.00148471,0.0026947,0.00136812,0.00203583,0.000941667,0.00159993,0.00086384,0.0013581,0.000744652,0.00111668,0.00060363,0.000855631,0.000466105,0.000736514,0.000359445,0.000619641,0.000287828,0.000492243,0.00023221,0.000392555,0.000233168,0.000376708,0.000162552,0.000265504,0.000129743,0.000220393,0.000127734,0.000196796,8.6042e-05,0.000155212,9.37485e-05,0.000134346,6.24378e-05,9.52603e-05,5.26369e-05,7.92466e-05,3.53446e-05,
87600,0.457364,0.543939,0.521712,0.538818,0.53464,0.426112,0.518436,0.574253,0.524768,0.470787,0.482384,0.502535,0.539782,0.491487,0.51732,0.472175,0.52599,0.446569,0.433318,0.419216,0.515118,0.383265,0.422151,0.303138,0.437204,0.24289,0.330581,0.184807,0.285241,0.0993968,0.193754,0.0552584,0.130745,0.0441722,0.0827473,0.0299185,0.0558068,0.0214811,0.0474913,0.0209733,0.032255,0.0156991,0.0268353,0.0130538,0.0209687,0.00909086,0.0164397,0.00939841,0.012658,0.00570675,0.00887046,0.00555051,0.0087242,0.00425123,0.00684915,0.00379511,0.00582008,0.00287966,0.00488379,0.00276911,0.00363048,0.0020452,0.00327515,0.00148471,0.0026947,0.00136812,0.00203583,0.000941667,0.00159993,0.00086384,0.0013581,0.000744652,0.00111668,0.00060363,0.000855631,0.000466105,0.000736514,0.000359445,0.000619641,0.000287828,0.000492243,0.00023221,0.000392555,0.000233168,0.000376708,0.000162552,0.000265504,0.000129743,0.000220393,0.000127734,0.000196796,8.6042e-05,0.000155212,9.37485e-05,0.000134346,6.24378e-05,9.52603e-05,5.26369e-05,7.92466e-05,3.53446e-05,
87800,0.457364,0.543939,0.521712,0.538818,0.53464,0.426112,0.518436,0.574253,0.524768,0.470787,0.482384,0.502535,0.539782,0.491487,0.51732,0.472175,0.52599,0.446569,0.433318,0.419216,0.515118,0.383265,0.422151,0.303138,0.437204,0.24289,0.330581,0.184807,0.285241,0.0993968,0.193754,0.0552584,0.130745,0.0441722,0.0827473,0.0299185,0.0558068,0.0214811,0.0474913,0.0209733,0.032255,0.0156991,0.0268353,0.0130538,0.0209687,0.00909086,0.0164397,0.00939841,0.012658,0.00570675,0.00887046,0.00555051,0.0087242,0.00425123,0.00684915,0.00379511,0.00582008,0.00287966,0.00488379,0.00276911,0.00363048,0.0020452,0.00327515,0.00148471,0.0026947,0.00136812,0.00203583,0.000941667,0.00159993,0.00086384,0.0013581,0.000744652,0.00111668,0.00060363,0.000855631,0.000466105,0.000736514,0.000359445,0.000619641,0.000287828,0.000492243,0.00023221,0.000392555,0.000233168,0.000376708,0.000162552,0.000265504,0.000129743,0.000220393,0.000127734,0.000196796,8.6042e-05,0.000155212,9.37485e-05,0.000134346,6.24378e-05,9.52603e-05,5.26369e-05,7.92466e-05,3.53446e-05,
88000,0.457364,0.543939,0.521712,0.538818,0.53464,0.426112,0.518436,0.574253,0.524768,0.470787,0.482384,0.502535,0.539782,0.491487,0.51732,0.472175,0.52599,0.446569,0.433318,0.419216,0.515118,0.383265,0.422151,0.303138,0.437204,0.24289,0.330581,0.184807,0.285241,0.0993968,0.193754,0.0552584,0.130745,0.0441722,0.0827473,0.0299185,0.0558068,0.0214811,0.0474913,0.0209733,0.032255,0.0156991,0.0268353,0.0130538,0.0209687,0.00909086,0.0164397,0.00939841,0.012658,0.00570675,0.00887046,0.00555051,0.0087242,0.00425123,0.00684915,0.00379511,0.00582008,0.00287966,0.00488379,0.00276911,0.00363048,0.0020452,0.00327515,0.00148471,0.0026947,0.00136812,0.00203583,0.000941667,0.00159993,0.00086384,0.0013581,0.000744652,0.00111668,0.00060363,0.000855631,0.000466105,0.000736514,0.000359445,0.000619641,0.000287828,0.000492243,0.00023221,0.000392555,0.000233168,0.000376708,0.000162552,0.000265504,0.000129743,0.000220393,0.000127734,0.000196796,8.6042e-05,0.000155212,9.37485e-05,0.000134346,6.24378e-05,9.52603e-05,5.26369e-05,7.92466e-05,3.53446e-05,
88200,0.457364,0.543939,0.521712,0.538818,0.53464,0.426112,0.518436,0.574253,0.524768,0.470787,0.482384,0.502535,0.539782,0.491487,0.51732,0.472175,0.52599,0.446569,0.433318,0.419216,0.515118,0.383265,0.422151,0.303138,0.437204,0.24289,0.330581,0.184807,0.285241,0.0993968,0.193754,0.0552584,0.130745,0.0441722,0.0827473,0.0299185,0.0558068,0.0214811,0.0474913,0.0209733,0.032255,0.0156991,0.0268353,0.0130538,0.0209687,0.00909086,0.0164397,0.00939841,0.012658,0.00570675,0.00887046,0.00555051,0.0087242,0.00425123,0.00684915,0.00379511,0.00582008,0.00287966,0.00488379,0.00276911,0.00363048,0.0020452,0.00327515,0.00148471,0.0026947,0.00136812,0.00203583,0.000941667,0.00159993,0.00086384,0.0013581,0.000744652,0.00111668,0.00060363,0.000855631,0.000466105,0.000736514,0.000359445,0.000619641,0.000287828,0.000492243,0.00023221,0.000392555,0.000233168,0.000376708,0.000162552,0.000265504,0.000129743,0.000220393,0.000127734,0.000196796,8.6042e-05,0.000155212,9.37485e-05,0.000134346,6.24378e-05,9.52603e-05,5.26369e-05,7.92466e-05,3.53446e-05,
88400,0.457364,0.543939,0.521712,0.538818,0.53464,0.426112,0.518436,0.574253,0.524768,0.470787,0.482384,0.502535,0.539782,0.491487,0.51732,0.472175,0.52599,0.446569,0.433318,0.419216,0.515118,0.383265,0.422151,0.303138,0.437204,0.24289,0.330581,0.184807,0.285241,0.0993968,0.193754,0.0552584,0.130745,0.0441722,0.0827473,0.0299185,0.0558068,0.0214811,0.0474913,0.0209733,0.032255,0.0156991,0.0268353,0.0130538,0.0209687,0.00909086,0.0164397,0.00939841,0.012658,0.00570675,0.00887046,0.00555051,0.0087242,0.00425123,0.00684915,0.00379511,0.00582008,0.00287966,0.00488379,0.00276911,0.00363048,0.0020452,0.00327515,0.00148471,0.0026947,0.00136812,0.00203583,0.000941667,0.00159993,0.00086384,0.0013581,0.000744652,0.00111668,0.00060363,0.000855631,0.000466105,0.000736514,0.000359445,0.000619641,0.000287828,0.000492243,0.00023221,0.000392555,0.000233168,0.000376708,0.000162552,0.000265504,0.000129743,0.000220393,0.000127734,0.000196796,8.6042e-05,0.000155212,9.37485e-05,0.000134346,6.24378e-05,9.52603e-05,5.26369e-05,7.92466e-05,3.53446e-05,
88600,0.457364,0.543939,0.521712,0.538818,0.53464,0.426112,0.518436,0.574253,0.524768,0.470787,0.482384,0.502535,0.539782,0.491487,0.51732,0.472175,0.52599,0.446569,0.433318,0.419216,0.515118,0.383265,0.422151,0.303138,0.437204,0.24289,0.330581,0.184807,0.285241,0.0993968,0.193754,0.0552584,0.130745,0.0441722,0.0827473,0.0299185,0.0558068,0.0214811,0.0474913,0.0209733,0.032255,0.0156991,0.0268353,0.0130538,0.0209687,0.00909086,0.0164397,0.00939841,0.012658,0.00570675,0.00887046,0.00555051,0.0087242,0.00425123,0.00684915,0.00379511,0.00582008,0.00287966,0.00488379,0.00276911,0.00363048,0.0020452,0.00327515,0.00148471,0.0026947,0.00136812,0.00203583,0.000941667,0.00159993,0.00086384,0.0013581,0.000744652,0.00111668,0.00060363,0.000855631,0.000466105,0.000736514,0.000359445,0.000619641,0.000287828,0.000492243,0.00023221,0.000392555,0.000233168,0.000376708,0.000162552,0.000265504,0.000129743,0.000220393,0.000127734,0.000196796,8.6042e-05,0.000155212,9.37485e-05,0.000134346,6.24378e-05,9.52603e-05,5.26369e-05,7.92466e-05,3.53446e-05,
88800,0.457364,0.543939,0.521712,0.538818,0.53464,0.426112,0.518436,0.574253,0.524768,0.470787,0.482384,0.502535,0.539782,0.491487,0.51732,0.472175,0.52599,0.446569,0.433318,0.419216,0.515118,0.383265,0.422151,0.303138,0.437204,0.24289,0.330581,0.184807,0.285241,0.0993968,0.193754,0.0552584,0.130745,0.0441722,0.0827473,0.0299185,0.0558068,0.0214811,0.0474913,0.0209733,0.032255,0.0156991,0.0268353,0.0130538,0.0209687,0.00909086,0.0164397,0.00939841,0.012658,0.00570675,0.00887046,0.00555051,0.0087242,0.00425123,0.00684915,0.00379511,0.00582008,0.00287966,0.00488379,0.00276911,0.00363048,0.0020452,0.00327515,0.00148471,0.0026947,0.00136812,0.00203583,0.000941667,0.00159993,0.00086384,0.0013581,0.000744652,0.00111668,0.00060363,0.000855631,0.000466105,0.000736514,0.000359445,0.000619641,0.000287828,0.000492243,0.00023221,0.000392555,0.000233168,0.000376708,0.000162552,0.000265504,0.000129743,0.000220393,0.000127734,0.000196796,8.6042e-05,0.000155212,9.37485e-05,0.000134346,6.24378e-05,9.52603e-05,5.26369e-05,7.92466e-05,3.53446e-05,
89000,0.457364,0.543939,0.521712,0.538818,0.53464,0.426112,0.518436,0.574253,0.524768,0.470787,0.482384,0.502535,0.539782,0.491487,0.51732,0.472175,0.52599,0.446569,0.433318,0.419216,0.515118,0.383265,0.422151,0.303138,0.437204,0.24289,0.330581,0.184807,0.285241,0.0993968,0.193754,0.0552584,0.130745,0.0441722,0.0827473,0.0299185,0.0558068,0.0214811,0.0474913,0.0209733,0.032255,0.0156991,0.0268353,0.0130538,0.0209687,0.00909086,0.0164397,0.00939841,0.012658,0.00570675,0.00887046,0.00555051,0.0087242,0.00425123,0.00684915,0.00379511,0.00582008,0.00287966,0.00488379,0.00276911,0.00363048,0.0020452,0.00327515,0.00148471,0.0026947,0.00136812,0.00203583,0.000941667,0.00159993,0.00086384,0.0013581,0.000744652,0.00111668,0.00060363,0.000855631,0.000466105,0.000736514,0.000359445,0.000619641,0.000287828,0.000492243,0.00023221,0.000392555,0.000233168,0.000376708,0.000162552,0.000265504,0.000129743,0.000220393,0.000127734,0.000196796,8.6042e-05,0.000155212,9.37485e-05,0.000134346,6.24378e-05,9.52603e-05,5.26369e-05,7.92466e-05,3.53446e-05,
89200,0.457364,0.543939,0.521712,0.538818,0.53464,0.426112,0.518436,0.574253,0.524768,0.470787,0.482384,0.502535,0.539782,0.491487,0.51732,0.472175,0.52599,0.446569,0.433318,0.419216,0.515118,0.383265,0.422151,0.303138,0.437204,0.24289,0.330581,0.184807,0.285241,0.0993968,0.193754,0.0552584,0.130745,0.0441722,0.0827473,0.0299185,0.0558068,0.0214811,0.0474913,0.0209733,0.032255,0.0156991,0.0268353,0.0130538,0.0209687,0.00909086,0.0164397,0.00939841,0.012658,0.00570675,0.00887046,0.00555051,0.0087242,0.00425123,0.00684915,0.00379511,0.00582008,0.00287966,0.00488379,0.00276911,0.00363048,0.0020452,0.00327515,0.00148471,0.0026947,0.00136812,0.00203583,0.000941667,0.00159993,0.00086384,0.0013581,0.000744652,0.00111668,0.00060363,0.000855631,0.000466105,0.000736514,0.000359445,0.000619641,0.000287828,0.000492243,0.00023221,0.000392555,0.000233168,0.000376708,0.000162552,0.000265504,0.000129743,0.000220393,0.000127734,0.000196796,8.6042e-05,0.000155212,9.37485e-05,0.000134346,6.24378e-05,9.52603e-05,5.26369e-05,7.92466e-05,3.53446e-05,
89400,0.457364,0.543939,0.521712,0.538818,0.53464,0.426112,0.518436,0.574253,0.524768,0.470787,0.482384,0.502535,0.539782,0.491487,0.51732,0.472175,0.52599,0.446569,0.433318,0.419216,0.515118,0.383265,0.422151,0.303138,0.437204,0.24289,0.330581,0.184807,0.285241,0.0993968,0.193754,0.0552584,0.130745,0.0441722,0.0827473,0.0299185,0.0558068,0.0214811,0.0474913,0.0209733,0.032255,0.0156991,0.0268353,0.0130538,0.0209687,0.00909086,0.0164397,0.00939841,0.012658,0.00570675,0.00887046,0.00555051,0.0087242,0.00425123,0.00684915,0.00379511,0.00582008,0.00287966,0.00488379,0.00276911,0.00363048,0.0020452,0.00327515,0.00148471,0.0026947,0.00136812,0.00203583,0.000941667,0.00159993,0.00086384,0.0013581,0.000744652,0.00111668,0.00060363,0.000855631,0.000466105,0.000736514,0.000359445,0.000619641,0.000287828,0.000492243,0.00023221,0.000392555,0.000233168,0.000376708,0.000162552,0.000265504,0.000129743,0.000220393,0.000127734,0.000196796,8.6042e-05,0.000155212,9.37485e-05,0.000134346,6.24378e-05,9.52603e-05,5.26369e-05,7.92466e-05,3.53446e-05,
89600,0.457364,0.543939,0.521712,0.538818,0.53464,0.426112,0.518436,0.574253,0.524768,0.470787,0.482384,0.502535,0.539782,0.491487,0.51732,0.472175,0.52599,0.446569,0.433318,0.419216,0.515118,0.383265,0.422151,0.303138,0.437204,0.24289,0.330581,0.184807,0.285241,0.0993968,0.193754,0.0552584,0.130745,0.0441722,0.0827473,0.0299185,0.0558068,0.0214811,0.0474913,0.0209733,0.032255,0.0156991,0.0268353,0.0130538,0.0209687,0.00909086,0.0164397,0.00939841,0.012658,0.00570675,0.00887046,0.00555051,0.0087242,0.00425123,0.00684915,0.00379511,0.00582008,0.00287966,0.00488379,0.00276911,0.00363048,0.0020452,0.00327515,0.00148471,0.0026947,0.00136812,0.00203583,0.000941667,0.00159993,0.00086384,0.0013581,0.000744652,0.00111668,0.00060363,0.000855631,0.000466105,0.000736514,0.000359445,0.000619641,0.000287828,0.000492243,0.00023221,0.000392555,0.000233168,0.000376708,0.000162552,0.000265504,0.000129743,0.000220393,0.000127734,0.000196796,8.6042e-05,0.000155212,9.37485e-05,0.000134346,6.24378e-05,9.52603e-05,5.26369e-05,7.92466e-05,3.53446e-05,
89800,0.457364,0.543939,0.521712,0.538818,0.53464,0.426112,0.518436,0.574253,0.524768,0.470787,0.482384,0.502535,0.539782,0.491487,0.51732,0.472175,0.52599,0.446569,0.433318,0.419216,0.515118,0.383265,0.422151,0.303138,0.437204,0.24289,0.330581,0.184807,0.285241,0.0993968,0.193754,0.0552584,0.130745,0.0441722,0.0827473,0.0299185,0.0558068,0.0214811,0.0474913,0.0209733,0.032255,0.0156991,0.0268353,0.0130538,0.0209687,0.00909086,0.0164397,0.00939841,0.012658,0.00570675,0.00887046,0.00555051,0.0087242,0.00425123,0.00684915,0.00379511,0.00582008,0.00287966,0.00488379,0.00276911,0.00363048,0.0020452,0.00327515,0.00148471,0.0026947,0.00136812,0.00203583,0.000941667,0.00159993,0.00086384,0.0013581,0.000744652,0.00111668,0.00060363,0.000855631,0.000466105,0.000736514,0.000359445,0.000619641,0.000287828,0.000492243,0.00023221,0.000392555,0.000233168,0.000376708,0.000162552,0.000265504,0.000129743,0.000220393,0.000127734,0.000196796,8.6042e-05,0.000155212,9.37485e-05,0.000134346,6.24378e-05,9.52603e-05,5.26369e-05,7.92466e-05,3.53446e-05,
90000,0.457364,0.543939,0.521712,0.538818,0.53464,0.426112,0.518436,0.574253,0.524768,0.470787,0.482384,0.502535,0.539782,0.491487,0.51732,0.472175,0.52599,0.446569,0.433318,0.419216,0.515118,0.383265,0.422151,0.303138,0.437204,0.24289,0.330581,0.184807,0.285241,0.0993968,0.193754,0.0552584,0.130745,0.0441722,0.0827473,0.0299185,0.0558068,0.0214811,0.0474913,0.0209733,0.032255,0.0156991,0.0268353,0.0130538,0.0209687,0.00909086,0.0164397,0.00939841,0.012658,0.00570675,0.00887046,0.00555051,0.0087242,0.00425123,0.00684915,0.00379511,0.00582008,0.00287966,0.00488379,0.00276911,0.00363048,0.0020452,0.00327515,0.00148471,0.0026947,0.00136812,0.00203583,0.000941667,0.00159993,0.00086384,0.0013581,0.000744652,0.00111668,0.00060363,0.000855631,0.000466105,0.000736514,0.000359445,0.000619641,0.000287828,0.000492243,0.00023221,0.000392555,0.000233168,0.000376708,0.000162552,0.000265504,0.000129743,0.000220393,0.000127734,0.000196796,8.6042e-05,0.000155212,9.37485e-05,0.000134346,6.24378e-05,9.52603e-05,5.26369e-05,7.92466e-05,3.53446e-05,
90200,0.457364,0.543939,0.521712,0.538818,0.53464,0.426112,0.518436,0.574253,0.524768,0.470787,0.482384,0.502535,0.539782,0.491487,0.51732,0.472175,0.52599,0.446569,0.433318,0.419216,0.515118,0.383265,0.422151,0.303138,0.437204,0.24289,0.330581,0.184807,0.285241,0.0993968,0.193754,0.0552584,0.130745,0.0441722,0.0827473,0.0299185,0.0558068,0.0214811,0.0474913,0.0209733,0.032255,0.0156991,0.0268353,0.0130538,0.0209687,0.00909086,0.0164397,0.00939841,0.012658,0.00570675,0.00887046,0.00555051,0.0087242,0.00425123,0.00684915,0.00379511,0.00582008,0.00287966,0.00488379,0.00276911,0.00363048,0.0020452,0.00327515,0.00148471,0.0026947,0.00136812,0.00203583,0.000941667,0.00159993,0.00086384,0.0013581,0.000744652,0.00111668,0.00060363,0.000855631,0.000466105,0.000736514,0.000359445,0.000619641,0.000287828,0.000492243,0.00023221,0.000392555,0.000233168,0.000376708,0.000162552,0.000265504,0.000129743,0.000220393,0.000127734,0.000196796,8.6042e-05,0.000155212,9.37485e-05,0.000134346,6.24378e-05,9.52603e-05,5.26369e-05,7.92466e-05,3.53446e-05,
90400,0.457364,0.543939,0.521712,0.538818,0.53464,0.426112,0.518436,0.574253,0.524768,0.470787,0.482384,0.502535,0.539782,0.491487,0.51732,0.472175,0.52599,0.446569,0.433318,0.419216,0.515118,0.383265,0.422151,0.303138,0.437204,0.24289,0.330581,0.184807,0.285241,0.0993968,0.193754,0.0552584,0.130745,0.0441722,0.0827473,0.0299185,0.0558068,0.0214811,0.0474913,0.0209733,0.032255,0.0156991,0.0268353,0.0130538,0.0209687,0.00909086,0.0164397,0.00939841,0.012658,0.00570675,0.00887046,0.00555051,0.0087242,0.00425123,0.00684915,0.00379511,0.00582008,0.00287966,0.00488379,0.00276911,0.00363048,0.0020452,0.00327515,0.00148471,0.0026947,0.00136812,0.00203583,0.000941667,0.00159993,0.00086384,0.0013581,0.000744652,0.00111668,0.00060363,0.000855631,0.000466105,0.000736514,0.000359445,0.000619641,0.000287828,0.000492243,0.00023221,0.000392555,0.000233168,0.000376708,0.000162552,0.000265504,0.000129743,0.000220393,0.000127734,0.000196796,8.6042e-05,0.000155212,9.37485e-05,0.000134346,6.24378e-05,9.52603e-05,5.26369e-05,7.92466e-05,3.53446e-05,
90600,0.457364,0.543939,0.521712,0.538818,0.53464,0.426112,0.518436,0.574253,0.524768,0.470787,0.482384,0.502535,0.539782,0.491487,0.51732,0.472175,0.52599,0.446569,0.433318,0.419216,0.515118,0.383265,0.422151,0.303138,0.437204,0.24289,0.330581,0.184807,0.285241,0.0993968,0.193754,0.0552584,0.130745,0.0441722,0.0827473,0.0299185,0.0558068,0.0214811,0.0474913,0.0209733,0.032255,0.0156991,0.0268353,0.0130538,0.0209687,0.00909086,0.0164397,0.00939841,0.012658,0.00570675,0.00887046,0.00555051,0.0087242,0.00425123,0.00684915,0.00379511,0.00582008,0.00287966,0.00488379,0.00276911,0.00363048,0.0020452,0.00327515,0.00148471,0.0026947,0.00136812,0.00203583,0.000941667,0.00159993,0.00086384,0.0013581,0.000744652,0.00111668,0.00060363,0.000855631,0.000466105,0.000736514,0.000359445,0.000619641,0.000287828,0.000492243,0.00023221,0.000392555,0.000233168,0.000376708,0.000162552,0.000265504,0.000129743,0.000220393,0.000127734,0.000196796,8.6042e-05,0.000155212,9.37485e-05,0.000134346,6.24378e-05,9.52603e-05,5.26369e-05,7.92466e-05,3.53446e-05,
90800,0.457364,0.543939,0.521712,0.538818,0.53464,0.426112,0.518436,0.574253,0.524768,0.470787,0.482384,0.502535,0.539782,0.491487,0.51732,0.472175,0.52599,0.446569,0.433318,0.419216,0.515118,0.383265,0.422151,0.303138,0.437204,0.24289,0.330581,0.184807,0.285241,0.0993968,0.193754,0.0552584,0.130745,0.0441722,0.0827473,0.0299185,0.0558068,0.0214811,0.0474913,0.0209733,0.032255,0.0156991,0.0268353,0.0130538,0.0209687,0.00909086,0.0164397,0.00939841,0.012658,0.00570675,0.00887046,0.00555051,0.0087242,0.00425123,0.00684915,0.00379511,0.00582008,0.00287966,0.00488379,0.00276911,0.00363048,0.0020452,0.00327515,0.00148471,0.0026947,0.00136812,0.00203583,0.000941667,0.00159993,0.00086384,0.0013581,0.000744652,0.00111668,0.00060363,0.000855631,0.000466105,0.000736514,0.000359445,0.000619641,0.000287828,0.000492243,0.00023221,0.000392555,0.000233168,0.000376708,0.000162552,0.000265504,0.000129743,0.000220393,0.000127734,0.000196796,8.6042e-05,0.000155212,9.37485e-05,0.000134346,6.24378e-05,9.52603e-05,5.26369e-05,7.92466e-05,3.53446e-05,
91000,0.457364,0.543939,0.521712,0.538818,0.53464,0.426112,0.518436,0.574253,0.524768,0.470787,0.482384,0.502535,0.539782,0.491487,0.51732,0.472175,0.52599,0.446569,0.433318,0.419216,0.515118,0.383265,0.422151,0.303138,0.437204,0.24289,0.330581,0.184807,0.285241,0.0993968,0.193754,0.0552584,0.130745,0.0441722,0.0827473,0.0299185,0.0558068,0.0214811,0.0474913,0.0209733,0.032255,0.0156991,0.0268353,0.0130538,0.0209687,0.00909086,0.0164397,0.00939841,0.012658,0.00570675,0.00887046,0.00555051,0.0087242,0.00425123,0.00684915,0.00379511,0.00582008,0.00287966,0.00488379,0.00276911,0.00363048,0.0020452,0.00327515,0.00148471,0.0026947,0.00136812,0.00203583,0.000941667,0.00159993,0.00086384,0.0013581,0.000744652,0.00111668,0.00060363,0.000855631,0.000466105,0.000736514,0.000359445,0.000619641,0.000287828,0.000492243,0.00023221,0.000392555,0.000233168,0.000376708,0.000162552,0.000265504,0.000129743,0.000220393,0.000127734,0.000196796,8.6042e-05,0.000155212,9.37485e-05,0.000134346,6.24378e-05,9.52603e-05,5.26369e-05,7.92466e-05,3.53446e-05,
91200,0.457364,0.543939,0.521712,0.538818,0.53464,0.426112,0.518436,0.574253,0.524768,0.470787,0.482384,0.502535,0.539782,0.491487,0.51732,0.472175,0.52599,0.446569,0.433318,0.419216,0.515118,0.383265,0.422151,0.303138,0.437204,0.24289,0.330581,0.184807,0.285241,0.0993968,0.193754,0.0552584,0.130745,0.0441722,0.0827473,0.0299185,0.0558068,0.0214811,0.0474913,0.0209733,0.032255,0.0156991,0.0268353,0.0130538,0.0209687,0.00909086,0.0164397,0.00939841,0.012658,0.00570675,0.00887046,0.00555051,0.0087242,0.00425123,0.00684915,0.00379511,0.00582008,0.00287966,0.00488379,0.00276911,0.00363048,0.0020452,0.00327515,0.00148471,0.0026947,0.00136812,0.00203583,0.000941667,0.00159993,0.00086384,0.0013581,0.000744652,0.00111668,0.00060363,0.000855631,0.000466105,0.000736514,0.000359445,0.000619641,0.000287828,0.000492243,0.00023221,0.000392555,0.000233168,0.000376708,0.000162552,0.000265504,0.000129743,0.000220393,0.000127734,0.000196796,8.6042e-05,0.000155212,9.37485e-05,0.000134346,6.24378e-05,9.52603e-05,5.26369e-05,7.92466e-05,3.53446e-05,
91400,0.457364,0.543939,0.521712,0.538818,0.53464,0.426112,0.518436,0.574253,0.524768,0.470787,0.482384,0.502535,0.539782,0.491487,0.51732,0.472175,0.52599,0.446569,0.433318,0.419216,0.515118,0.383265,0.422151,0.303138,0.437204,0.24289,0.330581,0.184807,0.285241,0.0993968,0.193754,0.0552584,0.130745,0.0441722,0.0827473,0.0299185,0.0558068,0.0214811,0.0474913,0.0209733,0.032255,0.0156991,0.0268353,0.0130538,0.0209687,0.00909086,0.0164397,0.00939841,0.012658,0.00570675,0.00887046,0.00555051,0.0087242,0.00425123,0.00684915,0.00379511,0.00582008,0.00287966,0.00488379,0.00276911,0.00363048,0.0020452,0.00327515,0.00148471,0.0026947,0.00136812,0.00203583,0.000941667,0.00159993,0.00086384,0.0013581,0.000744652,0.00111668,0.00060363,0.000855631,0.000466105,0.000736514,0.000359445,0.000619641,0.000287828,0.000492243,0.00023221,0.000392555,0.000233168,0.000376708,0.000162552,0.000265504,0.000129743,0.000220393,0.000127734,0.000196796,8.6042e-05,0.000155212,9.37485e-05,0.000134346,6.24378e-05,9.52603e-05,5.26369e-05,7.92466e-05,3.53446e-05,
91600,0.457364,0.543939,0.521712,0.538818,0.53464,0.426112,0.518436,0.574253,0.524768,0.470787,0.482384,0.502535,0.539782,0.491487,0.51732,0.472175,0.52599,0.446569,0.433318,0.419216,0.515118,0.383265,0.422151,0.303138,0.437204,0.24289,0.330581,0.184807,0.285241,0.0993968,0.193754,0.0552584,0.130745,0.0441722,0.0827473,0.0299185,0.0558068,0.0214811,0.0474913,0.0209733,0.032255,0.0156991,0.0268353,0.0130538,0.0209687,0.00909086,0.0164397,0.00939841,0.012658,0.00570675,0.00887046,0.00555051,0.0087242,0.00425123,0.00684915,0.00379511,0.00582008,0.00287966,0.00488379,0.00276911,0.00363048,0.0020452,0.00327515,0.00148471,0.0026947,0.00136812,0.00203583,0.000941667,0.00159993,0.00086384,0.0013581,0.000744652,0.00111668,0.00060363,0.000855631,0.000466105,0.000736514,0.000359445,0.000619641,0.000287828,0.000492243,0.00023221,0.000392555,0.000233168,0.000376708,0.000162552,0.000265504,0.000129743,0.000220393,0.000127734,0.000196796,8.6042e-05,0.000155212,9.37485e-05,0.000134346,6.24378e-05,9.52603e-05,5.26369e-05,7.92466e-05,3.53446e-05,
91800,0.457364,0.543939,0.521712,0.538818,0.53464,0.426112,0.518436,0.574253,0.524768,0.470787,0.482384,0.502535,0.539782,0.491487,0.51732,0.472175,0.52599,0.446569,0.433318,0.419216,0.515118,0.383265,0.422151,0.303138,0.437204,0.24289,0.330581,0.184807,0.285241,0.0993968,0.193754,0.0552584,0.130745,0.0441722,0.0827473,0.0299185,0.0558068,0.0214811,0.0474913,0.0209733,0.032255,0.0156991,0.0268353,0.0130538,0.0209687,0.00909086,0.0164397,0.00939841,0.012658,0.00570675,0.00887046,0.00555051,0.0087242,0.00425123,0.00684915,0.00379511,0.00582008,0.00287966,0.00488379,0.00276911,0.00363048,0.0020452,0.00327515,0.00148471,0.0026947,0.00136812,0.00203583,0.000941667,0.00159993,0.00086384,0.0013581,0.000744652,0.00111668,0.00060363,0.000855631,0.000466105,0.000736514,0.000359445,0.000619641,0.000287828,0.000492243,0.00023221,0.000392555,0.000233168,0.000376708,0.000162552,0.000265504,0.000129743,0.000220393,0.000127734,0.000196796,8.6042e-05,0.000155212,9.37485e-05,0.000134346,6.24378e-05,9.52603e-05,5.26369e-05,7.92466e-05,3.53446e-05,
92000,0.457364,0.543939,0.521712,0.538818,0.53464,0.426112,0.518436,0.574253,0.524768,0.470787,0.482384,0.502535,0.539782,0.491487,0.51732,0.472175,0.52599,0.446569,0.433318,0.419216,0.515118,0.383265,0.422151,0.303138,0.437204,0.24289,0.330581,0.184807,0.285241,0.0993968,0.193754,0.0552584,0.130745,0.0441722,0.0827473,0.0299185,0.0558068,0.0214811,0.0474913,0.0209733,0.032255,0.0156991,0.0268353,0.0130538,0.0209687,0.00909086,0.0164397,0.00939841,0.012658,0.00570675,0.00887046,0.00555051,0.0087242,0.00425123,0.00684915,0.00379511,0.00582008,0.00287966,0.00488379,0.00276911,0.00363048,0.0020452,0.00327515,0.00148471,0.0026947,0.00136812,0.00203583,0.000941667,0.00159993,0.00086384,0.0013581,0.000744652,0.00111668,0.00060363,0.000855631,0.000466105,0.000736514,0.000359445,0.000619641,0.000287828,0.000492243,0.00023221,0.000392555,0.000233168,0.000376708,0.000162552,0.000265504,0.000129743,0.000220393,0.000127734,0.000196796,8.6042e-05,0.000155212,9.37485e-05,0.000134346,6.24378e-05,9.52603e-05,5.26369e-05,7.92466e-05,3.53446e-05,
92200,0.457364,0.543939,0.521712,0.538818,0.53464,0.426112,0.518436,0.574253,0.524768,0.470787,0.482384,0.502535,0.539782,0.491487,0.51732,0.472175,0.52599,0.446569,0.433318,0.419216,0.515118,0.383265,0.422151,0.303138,0.437204,0.24289,0.330581,0.184807,0.285241,0.0993968,0.193754,0.0552584,0.130745,0.0441722,0.0827473,0.0299185,0.0558068,0.0214811,0.0474913,0.0209733,0.032255,0.0156991,0.0268353,0.0130538,0.0209687,0.00909086,0.0164397,0.00939841,0.012658,0.00570675,0.00887046,0.00555051,0.0087242,0.00425123,0.00684915,0.00379511,0.00582008,0.00287966,0.00488379,0.00276911,0.00363048,0.0020452,0.00327515,0.00148471,0.0026947,0.00136812,0.00203583,0.000941667,0.00159993,0.00086384,0.0013581,0.000744652,0.00111668,0.00060363,0.000855631,0.000466105,0.000736514,0.000359445,0.000619641,0.000287828,0.000492243,0.00023221,0.000392555,0.000233168,0.000376708,0.000162552,0.000265504,0.000129743,0.000220393,0.000127734,0.000196796,8.6042e-05,0.000155212,9.37485e-05,0.000134346,6.24378e-05,9.52603e-05,5.26369e-05,7.92466e-05,3.53446e-05,
92400,0.457364,0.543939,0.521712,0.538818,0.53464,0.426112,0.518436,0.574253,0.524768,0.470787,0.482384,0.502535,0.539782,0.491487,0.51732,0.472175,0.52599,0.446569,0.433318,0.419216,0.515118,0.383265,0.422151,0.303138,0.437204,0.24289,0.330581,0.184807,0.285241,0.0993968,0.193754,0.0552584,0.130745,0.0441722,0.0827473,0.0299185,0.0558068,0.0214811,0.0474913,0.0209733,0.032255,0.0156991,0.0268353,0.0130538,0.0209687,0.00909086,0.0164397,0.00939841,0.012658,0.00570675,0.00887046,0.00555051,0.0087242,0.00425123,0.00684915,0.00379511,0.00582008,0.00287966,0.00488379,0.00276911,0.00363048,0.0020452,0.00327515,0.00148471,0.0026947,0.00136812,0.00203583,0.000941667,0.00159993,0.00086384,0.0013581,0.000744652,0.00111668,0.00060363,0.000855631,0.000466105,0.000736514,0.000359445,0.000619641,0.000287828,0.000492243,0.00023221,0.000392555,0.000233168,0.000376708,0.000162552,0.000265504,0.000129743,0.000220393,0.000127734,0.000196796,8.6042e-05,0.000155212,9.37485e-05,0.000134346,6.24378e-05,9.52603e-05,5.26369e-05,7.92466e-05,3.53446e-05,
92600,0.457364,0.543939,0.521712,0.538818,0.53464,0.426112,0.518436,0.574253,0.524768,0.470787,0.482384,0.502535,0.539782,0.491487,0.51732,0.472175,0.52599,0.446569,0.433318,0.419216,0.515118,0.383265,0.422151,0.303138,0.437204,0.24289,0.330581,0.184807,0.285241,0.0993968,0.193754,0.0552584,0.130745,0.0441722,0.0827473,0.0299185,0.0558068,0.0214811,0.0474913,0.0209733,0.032255,0.0156991,0.0268353,0.0130538,0.0209687,0.00909086,0.0164397,0.00939841,0.012658,0.00570675,0.00887046,0.00555051,0.0087242,0.00425123,0.00684915,0.00379511,0.00582008,0.00287966,0.00488379,0.00276911,0.00363048,0.0020452,0.00327515,0.00148471,0.0026947,0.00136812,0.00203583,0.000941667,0.00159993,0.00086384,0.0013581,0.000744652,0.00111668,0.00060363,0.000855631,0.000466105,0.000736514,0.000359445,0.000619641,0.000287828,0.000492243,0.00023221,0.000392555,0.000233168,0.000376708,0.000162552,0.000265504,0.000129743,0.000220393,0.000127734,0.000196796,8.6042e-05,0.000155212,9.37485e-05,0.000134346,6.24378e-05,9.52603e-05,5.26369e-05,7.92466e-05,3.53446e-05,
92800,0.457364,0.543939,0.521712,0.538818,0.53464,0.426112,0.518436,0.574253,0.524768,0.470787,0.482384,0.502535,0.539782,0.491487,0.51732,0.472175,0.52599,0.446569,0.433318,0.419216,0.515118,0.383265,0.422151,0.303138,0.437204,0.24289,0.330581,0.184807,0.285241,0.0993968,0.193754,0.0552584,0.130745,0.0441722,0.0827473,0.0299185,0.0558068,0.0214811,0.0474913,0.0209733,0.032255,0.0156991,0.0268353,0.0130538,0.0209687,0.00909086,0.0164397,0.00939841,0.012658,0.00570675,0.00887046,0.00555051,0.0087242,0.00425123,0.00684915,0.00379511,0.00582008,0.00287966,0.00488379,0.00276911,0.00363048,0.0020452,0.00327515,0.00148471,0.0026947,0.00136812,0.00203583,0.000941667,0.00159993,0.00086384,0.0013581,0.000744652,0.00111668,0.00060363,0.000855631,0.000466105,0.000736514,0.000359445,0.000619641,0.000287828,0.000492243,0.00023221,0.000392555,0.000233168,0.000376708,0.000162552,0.000265504,0.000129743,0.000220393,0.000127734,0.000196796,8.6042e-05,0.000155212,9.37485e-05,0.000134346,6.24378e-05,9.52603e-05,5.26369e-05,7.92466e-05,3.53446e-05,
93000,0.457364,0.543939,0.521712,0.538818,0.53464,0.426112,0.518436,0.574253,0.524768,0.470787,0.482384,0.502535,0.539782,0.491487,0.51732,0.472175,0.52599,0.446569,0.433318,0.419216,0.515118,0.383265,0.422151,0.303138,0.437204,0.24289,0.330581,0.184807,0.285241,0.0993968,0.193754,0.0552584,0.130745,0.0441722,0.0827473,0.0299185,0.0558068,0.0214811,0.0474913,0.0209733,0.032255,0.0156991,0.0268353,0.0130538,0.0209687,0.00909086,0.0164397,0.00939841,0.012658,0.00570675,0.00887046,0.00555051,0.0087242,0.00425123,0.00684915,0.00379511,0.00582008,0.00287966,0.00488379,0.00276911,0.00363048,0.0020452,0.00327515,0.00148471,0.0026947,0.00136812,0.00203583,0.000941667,0.00159993,0.00086384,0.0013581,0.000744652,0.00111668,0.00060363,0.000855631,0.000466105,0.000736514,0.000359445,0.000619641,0.000287828,0.000492243,0.00023221,0.000392555,0.000233168,0.000376708,0.000162552,0.000265504,0.000129743,0.000220393,0.000127734,0.000196796,8.6042e-05,0.000155212,9.37485e-05,0.000134346,6.24378e-05,9.52603e-05,5.26369e-05,7.92466e-05,3.53446e-05,
93200,0.457364,0.543939,0.521712,0.538818,0.53464,0.426112,0.518436,0.574253,0.524768,0.470787,0.482384,0.502535,0.539782,0.491487,0.51732,0.472175,0.52599,0.446569,0.433318,0.419216,0.515118,0.383265,0.422151,0.303138,0.437204,0.24289,0.330581,0.184807,0.285241,0.0993968,0.193754,0.0552584,0.130745,0.0441722,0.0827473,0.0299185,0.0558068,0.0214811,0.0474913,0.0209733,0.032255,0.0156991,0.0268353,0.0130538,0.0209687,0.00909086,0.0164397,0.00939841,0.012658,0.00570675,0.00887046,0.00555051,0.0087242,0.00425123,0.00684915,0.00379511,0.00582008,0.00287966,0.00488379,0.00276911,0.00363048,0.0020452,0.00327515,0.00148471,0.0026947,0.00136812,0.00203583,0.000941667,0.00159993,0.00086384,0.0013581,0.000744652,0.00111668,0.00060363,0.000855631,0.000466105,0.000736514,0.000359445,0.000619641,0.000287828,0.000492243,0.00023221,0.000392555,0.000233168,0.000376708,0.000162552,0.000265504,0.000129743,0.000220393,0.000127734,0.000196796,8.6042e-05,0.000155212,9.37485e-05,0.000134346,6.24378e-05,9.52603e-05,5.26369e-05,7.92466e-05,3.53446e-05,
93400,0.457364,0.543939,0.521712,0.538818,0.53464,0.426112,0.518436,0.574253,0.524768,0.470787,0.482384,0.502535,0.539782,0.491487,0.51732,0.472175,0.52599,0.446569,0.433318,0.419216,0.515118,0.383265,0.422151,0.303138,0.437204,0.24289,0.330581,0.184807,0.285241,0.0993968,0.193754,0.0552584,0.130745,0.0441722,0.0827473,0.0299185,0.0558068,0.0214811,0.0474913,0.0209733,0.032255,0.0156991,0.0268353,0.0130538,0.0209687,0.00909086,0.0164397,0.00939841,0.012658,0.00570675,0.00887046,0.00555051,0.0087242,0.00425123,0.00684915,0.00379511,0.00582008,0.00287966,0.00488379,0.00276911,0.00363048,0.0020452,0.00327515,0.00148471,0.0026947,0.00136812,0.00203583,0.000941667,0.00159993,0.00086384,0.0013581,0.000744652,0.00111668,0.00060363,0.000855631,0.000466105,0.000736514,0.000359445,0.000619641,0.000287828,0.000492243,0.00023221,0.000392555,0.000233168,0.000376708,0.000162552,0.000265504,0.000129743,0.000220393,0.000127734,0.000196796,8.6042e-05,0.000155212,9.37485e-05,0.000134346,6.24378e-05,9.52603e-05,5.26369e-05,7.92466e-05,3.53446e-05,
93600,0.457364,0.543939,0.521712,0.538818,0.53464,0.426112,0.518436,0.574253,0.524768,0.470787,0.482384,0.502535,0.539782,0.491487,0.51732,0.472175,0.52599,0.446569,0.433318,0.419216,0.515118,0.383265,0.422151,0.303138,0.437204,0.24289,0.330581,0.184807,0.285241,0.0993968,0.193754,0.0552584,0.130745,0.0441722,0.0827473,0.0299185,0.0558068,0.0214811,0.0474913,0.0209733,0.032255,0.0156991,0.0268353,0.0130538,0.0209687,0.00909086,0.0164397,0.00939841,0.012658,0.00570675,0.00887046,0.00555051,0.0087242,0.00425123,0.00684915,0.00379511,0.00582008,0.00287966,0.00488379,0.00276911,0.00363048,0.0020452,0.00327515,0.00148471,0.0026947,0.00136812,0.00203583,0.000941667,0.00159993,0.00086384,0.0013581,0.000744652,0.00111668,0.00060363,0.000855631,0.000466105,0.000736514,0.000359445,0.000619641,0.000287828,0.000492243,0.00023221,0.000392555,0.000233168,0.000376708,0.000162552,0.000265504,0.000129743,0.000220393,0.000127734,0.000196796,8.6042e-05,0.000155212,9.37485e-05,0.000134346,6.24378e-05,9.52603e-05,5.26369e-05,7.92466e-05,3.53446e-05,
93800,0.457364,0.543939,0.521712,0.538818,0.53464,0.426112,0.518436,0.574253,0.524768,0.470787,0.482384,0.502535,0.539782,0.491487,0.51732,0.472175,0.52599,0.446569,0.433318,0.419216,0.515118,0.383265,0.422151,0.303138,0.437204,0.24289,0.330581,0.184807,0.285241,0.0993968,0.193754,0.0552584,0.130745,0.0441722,0.0827473,0.0299185,0.0558068,0.0214811,0.0474913,0.0209733,0.032255,0.0156991,0.0268353,0.0130538,0.0209687,0.00909086,0.0164397,0.00939841,0.012658,0.00570675,0.00887046,0.00555051,0.0087242,0.00425123,0.00684915,0.00379511,0.00582008,0.00287966,0.00488379,0.00276911,0.00363048,0.0020452,0.00327515,0.00148471,0.0026947,0.00136812,0.00203583,0.000941667,0.00159993,0.00086384,0.0013581,0.000744652,0.00111668,0.00060363,0.000855631,0.000466105,0.000736514,0.000359445,0.000619641,0.000287828,0.000492243,0.00023221,0.000392555,0.000233168,0.000376708,0.000162552,0.000265504,0.000129743,0.000220393,0.000127734,0.000196796,8.6042e-05,0.000155212,9.37485e-05,0.000134346,6.24378e-05,9.52603e-05,5.26369e-05,7.92466e-05,3.53446e-05,
94000,0.457364,0.543939,0.521712,0.538818,0.53464,0.426112,0.518436,0.574253,0.524768,0.470787,0.482384,0.502535,0.539782,0.491487,0.51732,0.472175,0.52599,0.446569,0.433318,0.419216,0.515118,0.383265,0.422151,0.303138,0.437204,0.24289,0.330581,0.184807,0.285241,0.0993968,0.193754,0.0552584,0.130745,0.0441722,0.0827473,0.0299185,0.0558068,0.0214811,0.0474913,0.0209733,0.032255,0.0156991,0.0268353,0.0130538,0.0209687,0.00909086,0.0164397,0.00939841,0.012658,0.00570675,0.00887046,0.00555051,0.0087242,0.00425123,0.00684915,0.00379511,0.00582008,0.00287966,0.00488379,0.00276911,0.00363048,0.0020452,0.00327515,0.00148471,0.0026947,0.00136812,0.00203583,0.000941667,0.00159993,0.00086384,0.0013581,0.000744652,0.00111668,0.00060363,0.000855631,0.000466105,0.000736514,0.000359445,0.000619641,0.000287828,0.000492243,0.00023221,0.000392555,0.000233168,0.000376708,0.000162552,0.000265504,0.000129743,0.000220393,0.000127734,0.000196796,8.6042e-05,0.000155212,9.37485e-05,0.000134346,6.24378e-05,9.52603e-05,5.26369e-05,7.92466e-05,3.53446e-05,
94200,0.457364,0.543939,0.521712,0.538818,0.53464,0.426112,0.518436,0.574253,0.524768,0.470787,0.482384,0.502535,0.539782,0.491487,0.51732,0.472175,0.52599,0.446569,0.433318,0.419216,0.515118,0.383265,0.422151,0.303138,0.437204,0.24289,0.330581,0.184807,0.285241,0.0993968,0.193754,0.0552584,0.130745,0.0441722,0.0827473,0.0299185,0.0558068,0.0214811,0.0474913,0.0209733,0.032255,0.0156991,0.0268353,0.0130538,0.0209687,0.00909086,0.0164397,0.00939841,0.012658,0.00570675,0.00887046,0.00555051,0.0087242,0.00425123,0.00684915,0.00379511,0.00582008,0.00287966,0.00488379,0.00276911,0.00363048,0.0020452,0.00327515,0.00148471,0.0026947,0.00136812,0.00203583,0.000941667,0.00159993,0.00086384,0.0013581,0.000744652,0.00111668,0.00060363,0.000855631,0.000466105,0.000736514,0.000359445,0.000619641,0.000287828,0.000492243,0.00023221,0.000392555,0.000233168,0.000376708,0.000162552,0.000265504,0.000129743,0.000220393,0.000127734,0.000196796,8.6042e-05,0.000155212,9.37485e-05,0.000134346,6.24378e-05,9.52603e-05,5.26369e-05,7.92466e-05,3.53446e-05,
94400,0.457364,0.543939,0.521712,0.538818,0.53464,0.426112,0.518436,0.574253,0.524768,0.470787,0.482384,0.502535,0.539782,0.491487,0.51732,0.472175,0.52599,0.446569,0.433318,0.419216,0.515118,0.383265,0.422151,0.303138,0.437204,0.24289,0.330581,0.184807,0.285241,0.0993968,0.193754,0.0552584,0.130745,0.0441722,0.0827473,0.0299185,0.0558068,0.0214811,0.0474913,0.0209733,0.032255,0.0156991,0.0268353,0.0130538,0.0209687,0.00909086,0.0164397,0.00939841,0.012658,0.00570675,0.00887046,0.00555051,0.0087242,0.00425123,0.00684915,0.00379511,0.00582008,0.00287966,0.00488379,0.00276911,0.00363048,0.0020452,0.00327515,0.00148471,0.0026947,0.00136812,0.00203583,0.000941667,0.00159993,0.00086384,0.0013581,0.000744652,0.00111668,0.00060363,0.000855631,0.000466105,0.000736514,0.000359445,0.000619641,0.000287828,0.000492243,0.00023221,0.000392555,0.000233168,0.000376708,0.000162552,0.000265504,0.000129743,0.000220393,0.000127734,0.000196796,8.6042e-05,0.000155212,9.37485e-05,0.000134346,6.24378e-05,9.52603e-05,5.26369e-05,7.92466e-05,3.53446e-05,
94600,0.457364,0.543939,0.521712,0.538818,0.53464,0.426112,0.518436,0.574253,0.524768,0.470787,0.482384,0.502535,0.539782,0.491487,0.51732,0.472175,0.52599,0.446569,0.433318,0.419216,0.515118,0.383265,0.422151,0.303138,0.437204,0.24289,0.330581,0.184807,0.285241,0.0993968,0.193754,0.0552584,0.130745,0.0441722,0.0827473,0.0299185,0.0558068,0.0214811,0.0474913,0.0209733,0.032255,0.0156991,0.0268353,0.0130538,0.0209687,0.00909086,0.0164397,0.00939841,0.012658,0.00570675,0.00887046,0.00555051,0.0087242,0.00425123,0.00684915,0.00379511,0.00582008,0.00287966,0.00488379,0.00276911,0.00363048,0.0020452,0.00327515,0.00148471,0.0026947,0.00136812,0.00203583,0.000941667,0.00159993,0.00086384,0.0013581,0.000744652,0.00111668,0.00060363,0.000855631,0.000466105,0.000736514,0.000359445,0.000619641,0.000287828,0.000492243,0.00023221,0.000392555,0.000233168,0.000376708,0.000162552,0.000265504,0.000129743,0.000220393,0.000127734,0.000196796,8.6042e-05,0.000155212,9.37485e-05,0.000134346,6.24378e-05,9.52603e-05,5.26369e-05,7.92466e-05,3.53446e-05,
94800,0.457364,0.543939,0.521712,0.538818,0.53464,0.426112,0.518436,0.574253,0.524768,0.470787,0.482384,0.502535,0.539782,0.491487,0.51732,0.472175,0.52599,0.446569,0.433318,0.419216,0.515118,0.383265,0.422151,0.303138,0.437204,0.24289,0.330581,0.184807,0.285241,0.0993968,0.193754,0.0552584,0.130745,0.0441722,0.0827473,0.0299185,0.0558068,0.0214811,0.0474913,0.0209733,0.032255,0.0156991,0.0268353,0.0130538,0.0209687,0.00909086,0.0164397,0.00939841,0.012658,0.00570675,0.00887046,0.00555051,0.0087242,0.00425123,0.00684915,0.00379511,0.00582008,0.00287966,0.00488379,0.00276911,0.00363048,0.0020452,0.00327515,0.00148471,0.0026947,0.00136812,0.00203583,0.000941667,0.00159993,0.00086384,0.0013581,0.000744652,0.00111668,0.00060363,0.000855631,0.000466105,0.000736514,0.000359445,0.000619641,0.000287828,0.000492243,0.00023221,0.000392555,0.000233168,0.000376708,0.000162552,0.000265504,0.000129743,0.000220393,0.000127734,0.000196796,8.6042e-05,0.000155212,9.37485e-05,0.000134346,6.24378e-05,9.52603e-05,5.26369e-05,7.92466e-05,3.53446e-05,
95000,0.457364,0.543939,0.521712,0.538818,0.53464,0.426112,0.518436,0.574253,0.524768,0.470787,0.482384,0.502535,0.539782,0.491487,0.51732,0.472175,0.52599,0.446569,0.433318,0.419216,0.515118,0.383265,0.422151,0.303138,0.437204,0.24289,0.330581,0.184807,0.285241,0.0993968,0.193754,0.0552584,0.130745,0.0441722,0.0827473,0.0299185,0.0558068,0.0214811,0.0474913,0.0209733,0.032255,0.0156991,0.0268353,0.0130538,0.0209687,0.00909086,0.0164397,0.00939841,0.012658,0.00570675,0.00887046,0.00555051,0.0087242,0.00425123,0.00684915,0.00379511,0.00582008,0.00287966,0.00488379,0.00276911,0.00363048,0.0020452,0.00327515,0.00148471,0.0026947,0.00136812,0.00203583,0.000941667,0.00159993,0.00086384,0.0013581,0.000744652,0.00111668,0.00060363,0.000855631,0.000466105,0.000736514,0.000359445,0.000619641,0.000287828,0.000492243,0.00023221,0.000392555,0.000233168,0.000376708,0.000162552,0.000265504,0.000129743,0.000220393,0.000127734,0.000196796,8.6042e-05,0.000155212,9.37485e-05,0.000134346,6.24378e-05,9.52603e-05,5.26369e-05,7.92466e-05,3.53446e-05,
95200,0.457364,0.543939,0.521712,0.538818,0.53464,0.426112,0.518436,0.574253,0.524768,0.470787,0.482384,0.502535,0.539782,0.491487,0.51732,0.472175,0.52599,0.446569,0.433318,0.419216,0.515118,0.383265,0.422151,0.303138,0.437204,0.24289,0.330581,0.184807,0.285241,0.0993968,0.193754,0.0552584,0.130745,0.0441722,0.0827473,0.0299185,0.0558068,0.0214811,0.0474913,0.0209733,0.032255,0.0156991,0.0268353,0.0130538,0.0209687,0.00909086,0.0164397,0.00939841,0.012658,0.00570675,0.00887046,0.00555051,0.0087242,0.00425123,0.00684915,0.00379511,0.00582008,0.00287966,0.00488379,0.00276911,0.00363048,0.0020452,0.00327515,0.00148471,0.0026947,0.00136812,0.00203583,0.000941667,0.00159993,0.00086384,0.0013581,0.000744652,0.00111668,0.00060363,0.000855631,0.000466105,0.000736514,0.000359445,0.000619641,0.000287828,0.000492243,0.00023221,0.000392555,0.000233168,0.000376708,0.000162552,0.000265504,0.000129743,0.000220393,0.000127734,0.000196796,8.6042e-05,0.000155212,9.37485e-05,0.000134346,6.24378e-05,9.52603e-05,5.26369e-05,7.92466e-05,3.53446e-05,
95400,0.457364,0.543939,0.521712,0.538818,0.53464,0.426112,0.518436,0.574253,0.524768,0.470787,0.482384,0.502535,0.539782,0.491487,0.51732,0.472175,0.52599,0.446569,0.433318,0.419216,0.515118,0.383265,0.422151,0.303138,0.437204,0.24289,0.330581,0.184807,0.285241,0.0993968,0.193754,0.0552584,0.130745,0.0441722,0.0827473,0.0299185,0.0558068,0.0214811,0.0474913,0.0209733,0.032255,0.0156991,0.0268353,0.0130538,0.0209687,0.00909086,0.0164397,0.00939841,0.012658,0.00570675,0.00887046,0.00555051,0.0087242,0.00425123,0.00684915,0.00379511,0.00582008,0.00287966,0.00488379,0.00276911,0.00363048,0.0020452,0.00327515,0.00148471,0.0026947,0.00136812,0.00203583,0.000941667,0.00159993,0.00086384,0.0013581,0.000744652,0.00111668,0.00060363,0.000855631,0.000466105,0.000736514,0.000359445,0.000619641,0.000287828,0.000492243,0.00023221,0.000392555,0.000233168,0.000376708,0.000162552,0.000265504,0.000129743,0.000220393,0.000127734,0.000196796,8.6042e-05,0.000155212,9.37485e-05,0.000134346,6.24378e-05,9.52603e-05,5.26369e-05,7.92466e-05,3.53446e-05,
95600,0.457364,0.543939,0.521712,0.538818,0.53464,0.426112,0.518436,0.574253,0.524768,0.470787,0.482384,0.502535,0.539782,0.491487,0.51732,0.472175,0.52599,0.446569,0.433318,0.419216,0.515118,0.383265,0.422151,0.303138,0.437204,0.24289,0.330581,0.184807,0.285241,0.0993968,0.193754,0.0552584,0.130745,0.0441722,0.0827473,0.0299185,0.0558068,0.0214811,0.0474913,0.0209733,0.032255,0.0156991,0.0268353,0.0130538,0.0209687,0.00909086,0.0164397,0.00939841,0.012658,0.00570675,0.00887046,0.00555051,0.0087242,0.00425123,0.00684915,0.00379511,0.00582008,0.00287966,0.00488379,0.00276911,0.00363048,0.0020452,0.00327515,0.00148471,0.0026947,0.00136812,0.00203583,0.000941667,0.00159993,0.00086384,0.0013581,0.000744652,0.00111668,0.00060363,0.000855631,0.000466105,0.000736514,0.000359445,0.000619641,0.000287828,0.000492243,0.00023221,0.000392555,0.000233168,0.000376708,0.000162552,0.000265504,0.000129743,0.000220393,0.000127734,0.000196796,8.6042e-05,0.000155212,9.37485e-05,0.000134346,6.24378e-05,9.52603e-05,5.26369e-05,7.92466e-05,3.53446e-05,
95800,0.457364,0.543939,0.521712,0.538818,0.53464,0.426112,0.518436,0.574253,0.524768,0.470787,0.482384,0.502535,0.539782,0.491487,0.51732,0.472175,0.52599,0.446569,0.433318,0.419216,0.515118,0.383265,0.422151,0.303138,0.437204,0.24289,0.330581,0.184807,0.285241,0.0993968,0.193754,0.0552584,0.130745,0.0441722,0.0827473,0.0299185,0.0558068,0.0214811,0.0474913,0.0209733,0.032255,0.0156991,0.0268353,0.0130538,0.0209687,0.00909086,0.0164397,0.00939841,0.012658,0.00570675,0.00887046,0.00555051,0.0087242,0.00425123,0.00684915,0.00379511,0.00582008,0.00287966,0.00488379,0.00276911,0.00363048,0.0020452,0.00327515,0.00148471,0.0026947,0.00136812,0.00203583,0.000941667,0.00159993,0.00086384,0.0013581,0.000744652,0.00111668,0.00060363,0.000855631,0.000466105,0.000736514,0.000359445,0.000619641,0.000287828,0.000492243,0.00023221,0.000392555,0.000233168,0.000376708,0.000162552,0.000265504,0.000129743,0.000220393,0.000127734,0.000196796,8.6042e-05,0.000155212,9.37485e-05,0.000134346,6.24378e-05,9.52603e-05,5.26369e-05,7.92466e-05,3.53446e-05,
96000,0.457364,0.543939,0.521712,0.538818,0.53464,0.426112,0.518436,0.574253,0.524768,0.470787,0.482384,0.502535,0.539782,0.491487,0.51732,0.472175,0.52599,0.446569,0.433318,0.419216,0.515118,0.383265,0.422151,0.303138,0.437204,0.24289,0.330581,0.184807,0.285241,0.0993968,0.193754,0.0552584,0.130745,0.0441722,0.0827473,0.0299185,0.0558068,0.0214811,0.0474913,0.0209733,0.032255,0.0156991,0.0268353,0.0130538,0.0209687,0.00909086,0.0164397,0.00939841,0.012658,0.00570675,0.00887046,0.00555051,0.0087242,0.00425123,0.00684915,0.00379511,0.00582008,0.00287966,0.00488379,0.00276911,0.00363048,0.0020452,0.00327515,0.00148471,0.0026947,0.00136812,0.00203583,0.000941667,0.00159993,0.00086384,0.0013581,0.000744652,0.00111668,0.00060363,0.000855631,0.000466105,0.000736514,0.000359445,0.000619641,0.000287828,0.000492243,0.00023221,0.000392555,0.000233168,0.000376708,0.000162552,0.000265504,0.000129743,0.000220393,0.000127734,0.000196796,8.6042e-05,0.000155212,9.37485e-05,0.000134346,6.24378e-05,9.52603e-05,5.26369e-05,7.92466e-05,3.53446e-05,
96200,0.457364,0.543939,0.521712,0.538818,0.53464,0.426112,0.518436,0.574253,0.524768,0.470787,0.482384,0.502535,0.539782,0.491487,0.51732,0.472175,0.52599,0.446569,0.433318,0.419216,0.515118,0.383265,0.422151,0.303138,0.437204,0.24289,0.330581,0.184807,0.285241,0.0993968,0.193754,0.0552584,0.130745,0.0441722,0.0827473,0.0299185,0.0558068,0.0214811,0.0474913,0.0209733,0.032255,0.0156991,0.0268353,0.0130538,0.0209687,0.00909086,0.0164397,0.00939841,0.012658,0.00570675,0.00887046,0.00555051,0.0087242,0.00425123,0.00684915,0.00379511,0.00582008,0.00287966,0.00488379,0.00276911,0.00363048,0.0020452,0.00327515,0.00148471,0.0026947,0.00136812,0.00203583,0.000941667,0.00159993,0.00086384,0.0013581,0.000744652,0.00111668,0.00060363,0.000855631,0.000466105,0.000736514,0.000359445,0.000619641,0.000287828,0.000492243,0.00023221,0.000392555,0.000233168,0.000376708,0.000162552,0.000265504,0.000129743,0.000220393,0.000127734,0.000196796,8.6042e-05,0.000155212,9.37485e-05,0.000134346,6.24378e-05,9.52603e-05,5.26369e-05,7.92466e-05,3.53446e-05,
96400,0.457364,0.543939,0.521712,0.538818,0.53464,0.426112,0.518436,0.574253,0.524768,0.470787,0.482384,0.502535,0.539782,0.491487,0.51732,0.472175,0.52599,0.446569,0.433318,0.419216,0.515118,0.383265,0.422151,0.303138,0.437204,0.24289,0.330581,0.184807,0.285241,0.0993968,0.193754,0.0552584,0.130745,0.0441722,0.0827473,0.0299185,0.0558068,0.0214811,0.0474913,0.0209733,0.032255,0.0156991,0.0268353,0.0130538,0.0209687,0.00909086,0.0164397,0.00939841,0.012658,0.00570675,0.00887046,0.00555051,0.0087242,0.00425123,0.00684915,0.00379511,0.00582008,0.00287966,0.00488379,0.00276911,0.00363048,0.0020452,0.00327515,0.00148471,0.0026947,0.00136812,0.00203583,0.000941667,0.00159993,0.00086384,0.0013581,0.000744652,0.00111668,0.00060363,0.000855631,0.000466105,0.000736514,0.000359445,0.000619641,0.000287828,0.000492243,0.00023221,0.000392555,0.000233168,0.000376708,0.000162552,0.000265504,0.000129743,0.000220393,0.000127734,0.000196796,8.6042e-05,0.000155212,9.37485e-05,0.000134346,6.24378e-05,9.52603e-05,5.26369e-05,7.92466e-05,3.53446e-05,
96600,0.457364,0.543939,0.521712,0.538818,0.53464,0.426112,0.518436,0.574253,0.524768,0.470787,0.482384,0.502535,0.539782,0.491487,0.51732,0.472175,0.52599,0.446569,0.433318,0.419216,0.515118,0.383265,0.422151,0.303138,0.437204,0.24289,0.330581,0.184807,0.285241,0.0993968,0.193754,0.0552584,0.130745,0.0441722,0.0827473,0.0299185,0.0558068,0.0214811,0.0474913,0.0209733,0.032255,0.0156991,0.0268353,0.0130538,0.0209687,0.00909086,0.0164397,0.00939841,0.012658,0.00570675,0.00887046,0.00555051,0.0087242,0.00425123,0.00684915,0.00379511,0.00582008,0.00287966,0.00488379,0.00276911,0.00363048,0.0020452,0.00327515,0.00148471,0.0026947,0.00136812,0.00203583,0.000941667,0.00159993,0.00086384,0.0013581,0.000744652,0.00111668,0.00060363,0.000855631,0.000466105,0.000736514,0.000359445,0.000619641,0.000287828,0.000492243,0.00023221,0.000392555,0.000233168,0.000376708,0.000162552,0.000265504,0.000129743,0.000220393,0.000127734,0.000196796,8.6042e-05,0.000155212,9.37485e-05,0.000134346,6.24378e-05,9.52603e-05,5.26369e-05,7.92466e-05,3.53446e-05,
96800,0.457364,0.543939,0.521712,0.538818,0.53464,0.426112,0.518436,0.574253,0.524768,0.470787,0.482384,0.502535,0.539782,0.491487,0.51732,0.472175,0.52599,0.446569,0.433318,0.419216,0.515118,0.383265,0.422151,0.303138,0.437204,0.24289,0.330581,0.184807,0.285241,0.0993968,0.193754,0.0552584,0.130745,0.0441722,0.0827473,0.0299185,0.0558068,0.0214811,0.0474913,0.0209733,0.032255,0.0156991,0.0268353,0.0130538,0.0209687,0.00909086,0.0164397,0.00939841,0.012658,0.00570675,0.00887046,0.00555051,0.0087242,0.00425123,0.00684915,0.00379511,0.00582008,0.00287966,0.00488379,0.00276911,0.00363048,0.0020452,0.00327515,0.00148471,0.0026947,0.00136812,0.00203583,0.000941667,0.00159993,0.00086384,0.0013581,0.000744652,0.00111668,0.00060363,0.000855631,0.000466105,0.000736514,0.000359445,0.000619641,0.000287828,0.000492243,0.00023221,0.000392555,0.000233168,0.000376708,0.000162552,0.000265504,0.000129743,0.000220393,0.000127734,0.000196796,8.6042e-05,0.000155212,9.37485e-05,0.000134346,6.24378e-05,9.52603e-05,5.26369e-05,7.92466e-05,3.53446e-05,
97000,0.457364,0.543939,0.521712,0.538818,0.53464,0.426112,0.518436,0.574253,0.524768,0.470787,0.482384,0.502535,0.539782,0.491487,0.51732,0.472175,0.52599,0.446569,0.433318,0.419216,0.515118,0.383265,0.422151,0.303138,0.437204,0.24289,0.330581,0.184807,0.285241,0.0993968,0.193754,0.0552584,0.130745,0.0441722,0.0827473,0.0299185,0.0558068,0.0214811,0.0474913,0.0209733,0.032255,0.0156991,0.0268353,0.0130538,0.0209687,0.00909086,0.0164397,0.00939841,0.012658,0.00570675,0.00887046,0.00555051,0.0087242,0.00425123,0.00684915,0.00379511,0.00582008,0.00287966,0.00488379,0.00276911,0.00363048,0.0020452,0.00327515,0.00148471,0.0026947,0.00136812,0.00203583,0.000941667,0.00159993,0.00086384,0.0013581,0.000744652,0.00111668,0.00060363,0.000855631,0.000466105,0.000736514,0.000359445,0.000619641,0.000287828,0.000492243,0.00023221,0.000392555,0.000233168,0.000376708,0.000162552,0.000265504,0.000129743,0.000220393,0.000127734,0.000196796,8.6042e-05,0.000155212,9.37485e-05,0.000134346,6.24378e-05,9.52603e-05,5.26369e-05,7.92466e-05,3.53446e-05,
97200,0.457364,0.543939,0.521712,0.538818,0.53464,0.426112,0.518436,0.574253,0.524768,0.470787,0.482384,0.502535,0.539782,0.491487,0.51732,0.472175,0.52599,0.446569,0.433318,0.419216,0.515118,0.383265,0.422151,0.303138,0.437204,0.24289,0.330581,0.184807,0.285241,0.0993968,0.193754,0.0552584,0.130745,0.0441722,0.0827473,0.0299185,0.0558068,0.0214811,0.0474913,0.0209733,0.032255,0.0156991,0.0268353,0.0130538,0.0209687,0.00909086,0.0164397,0.00939841,0.012658,0.00570675,0.00887046,0.00555051,0.0087242,0.00425123,0.00684915,0.00379511,0.00582008,0.00287966,0.00488379,0.00276911,0.00363048,0.0020452,0.00327515,0.00148471,0.0026947,0.00136812,0.00203583,0.000941667,0.00159993,0.00086384,0.0013581,0.000744652,0.00111668,0.00060363,0.000855631,0.000466105,0.000736514,0.000359445,0.000619641,0.000287828,0.000492243,0.00023221,0.000392555,0.000233168,0.000376708,0.000162552,0.000265504,0.000129743,0.000220393,0.000127734,0.000196796,8.6042e-05,0.000155212,9.37485e-05,0.000134346,6.24378e-05,9.52603e-05,5.26369e-05,7.92466e-05,3.53446e-05,
97400,0.457364,0.543939,0.521712,0.538818,0.53464,0.426112,0.518436,0.574253,0.524768,0.470787,0.482384,0.502535,0.539782,0.491487,0.51732,0.472175,0.52599,0.446569,0.433318,0.419216,0.515118,0.383265,0.422151,0.303138,0.437204,0.24289,0.330581,0.184807,0.285241,0.0993968,0.193754,0.0552584,0.130745,0.0441722,0.0827473,0.0299185,0.0558068,0.0214811,0.0474913,0.0209733,0.032255,0.0156991,0.0268353,0.0130538,0.0209687,0.00909086,0.0164397,0.00939841,0.012658,0.00570675,0.00887046,0.00555051,0.0087242,0.00425123,0.00684915,0.00379511,0.00582008,0.00287966,0.00488379,0.00276911,0.00363048,0.0020452,0.00327515,0.00148471,0.0026947,0.00136812,0.00203583,0.000941667,0.00159993,0.00086384,0.0013581,0.000744652,0.00111668,0.00060363,0.000855631,0.000466105,0.000736514,0.000359445,0.000619641,0.000287828,0.000492243,0.00023221,0.000392555,0.000233168,0.000376708,0.000162552,0.000265504,0.000129743,0.000220393,0.000127734,0.000196796,8.6042e-05,0.000155212,9.37485e-05,0.000134346,6.24378e-05,9.52603e-05,5.26369e-05,7.92466e-05,3.53446e-05,
97600,0.457364,0.543939,0.521712,0.538818,0.53464,0.426112,0.518436,0.574253,0.524768,0.470787,0.482384,0.502535,0.539782,0.491487,0.51732,0.472175,0.52599,0.446569,0.433318,0.419216,0.515118,0.383265,0.422151,0.303138,0.437204,0.24289,0.330581,0.184807,0.285241,0.0993968,0.193754,0.0552584,0.130745,0.0441722,0.0827473,0.0299185,0.0558068,0.0214811,0.0474913,0.0209733,0.032255,0.0156991,0.0268353,0.0130538,0.0209687,0.00909086,0.0164397,0.00939841,0.012658,0.00570675,0.00887046,0.00555051,0.0087242,0.00425123,0.00684915,0.00379511,0.00582008,0.00287966,0.00488379,0.00276911,0.00363048,0.0020452,0.00327515,0.00148471,0.0026947,0.00136812,0.00203583,0.000941667,0.00159993,0.00086384,0.0013581,0.000744652,0.00111668,0.00060363,0.000855631,0.000466105,0.000736514,0.000359445,0.000619641,0.000287828,0.000492243,0.00023221,0.000392555,0.000233168,0.000376708,0.000162552,0.000265504,0.000129743,0.000220393,0.000127734,0.000196796,8.6042e-05,0.000155212,9.37485e-05,0.000134346,6.24378e-05,9.52603e-05,5.26369e-05,7.92466e-05,3.53446e-05,
97800,0.457364,0.543939,0.521712,0.538818,0.53464,0.426112,0.518436,0.574253,0.524768,0.470787,0.482384,0.502535,0.539782,0.491487,0.51732,0.472175,0.52599,0.446569,0.433318,0.419216,0.515118,0.383265,0.422151,0.303138,0.437204,0.24289,0.330581,0.184807,0.285241,0.0993968,0.193754,0.0552584,0.130745,0.0441722,0.0827473,0.0299185,0.0558068,0.0214811,0.0474913,0.0209733,0.032255,0.0156991,0.0268353,0.0130538,0.0209687,0.00909086,0.0164397,0.00939841,0.012658,0.00570675,0.00887046,0.00555051,0.0087242,0.00425123,0.00684915,0.00379511,0.00582008,0.00287966,0.00488379,0.00276911,0.00363048,0.0020452,0.00327515,0.00148471,0.0026947,0.00136812,0.00203583,0.000941667,0.00159993,0.00086384,0.0013581,0.000744652,0.00111668,0.00060363,0.000855631,0.000466105,0.000736514,0.000359445,0.000619641,0.000287828,0.000492243,0.00023221,0.000392555,0.000233168,0.000376708,0.000162552,0.000265504,0.000129743,0.000220393,0.000127734,0.000196796,8.6042e-05,0.000155212,9.37485e-05,0.000134346,6.24378e-05,9.52603e-05,5.26369e-05,7.92466e-05,3.53446e-05,
98000,0.457364,0.543939,0.521712,0.538818,0.53464,0.426112,0.518436,0.574253,0.524768,0.470787,0.482384,0.502535,0.539782,0.491487,0.51732,0.472175,0.52599,0.446569,0.433318,0.419216,0.515118,0.383265,0.422151,0.303138,0.437204,0.24289,0.330581,0.184807,0.285241,0.0993968,0.193754,0.0552584,0.130745,0.0441722,0.0827473,0.0299185,0.0558068,0.0214811,0.0474913,0.0209733,0.032255,0.0156991,0.0268353,0.0130538,0.0209687,0.00909086,0.0164397,0.00939841,0.012658,0.00570675,0.00887046,0.00555051,0.0087242,0.00425123,0.00684915,0.00379511,0.00582008,0.00287966,0.00488379,0.00276911,0.00363048,0.0020452,0.00327515,0.00148471,0.0026947,0.00136812,0.00203583,0.000941667,0.00159993,0.00086384,0.0013581,0.000744652,0.00111668,0.00060363,0.000855631,0.000466105,0.000736514,0.000359445,0.000619641,0.000287828,0.000492243,0.00023221,0.000392555,0.000233168,0.000376708,0.000162552,0.000265504,0.000129743,0.000220393,0.000127734,0.000196796,8.6042e-05,0.000155212,9.37485e-05,0.000134346,6.24378e-05,9.52603e-05,5.26369e-05,7.92466e-05,3.53446e-05,
98200,0.457364,0.543939,0.521712,0.538818,0.53464,0.426112,0.518436,0.574253,0.524768,0.470787,0.482384,0.502535,0.539782,0.491487,0.51732,0.472175,0.52599,0.446569,0.433318,0.419216,0.515118,0.383265,0.422151,0.303138,0.437204,0.24289,0.330581,0.184807,0.285241,0.0993968,0.193754,0.0552584,0.130745,0.0441722,0.0827473,0.0299185,0.0558068,0.0214811,0.0474913,0.0209733,0.032255,0.0156991,0.0268353,0.0130538,0.0209687,0.00909086,0.0164397,0.00939841,0.012658,0.00570675,0.00887046,0.00555051,0.0087242,0.00425123,0.00684915,0.00379511,0.00582008,0.00287966,0.00488379,0.00276911,0.00363048,0.0020452,0.00327515,0.00148471,0.0026947,0.00136812,0.00203583,0.000941667,0.00159993,0.00086384,0.0013581,0.000744652,0.00111668,0.00060363,0.000855631,0.000466105,0.000736514,0.000359445,0.000619641,0.000287828,0.000492243,0.00023221,0.000392555,0.000233168,0.000376708,0.000162552,0.000265504,0.000129743,0.000220393,0.000127734,0.000196796,8.6042e-05,0.000155212,9.37485e-05,0.000134346,6.24378e-05,9.52603e-05,5.26369e-05,7.92466e-05,3.53446e-05,
98400,0.457364,0.543939,0.521712,0.538818,0.53464,0.426112,0.518436,0.574253,0.524768,0.470787,0.482384,0.502535,0.539782,0.491487,0.51732,0.472175,0.52599,0.446569,0.433318,0.419216,0.515118,0.383265,0.422151,0.303138,0.437204,0.24289,0.330581,0.184807,0.285241,0.0993968,0.193754,0.0552584,0.130745,0.0441722,0.0827473,0.0299185,0.0558068,0.0214811,0.0474913,0.0209733,0.032255,0.0156991,0.0268353,0.0130538,0.0209687,0.00909086,0.0164397,0.00939841,0.012658,0.00570675,0.00887046,0.00555051,0.0087242,0.00425123,0.00684915,0.00379511,0.00582008,0.00287966,0.00488379,0.00276911,0.00363048,0.0020452,0.00327515,0.00148471,0.0026947,0.00136812,0.00203583,0.000941667,0.00159993,0.00086384,0.0013581,0.000744652,0.00111668,0.00060363,0.000855631,0.000466105,0.000736514,0.000359445,0.000619641,0.000287828,0.000492243,0.00023221,0.000392555,0.000233168,0.000376708,0.000162552,0.000265504,0.000129743,0.000220393,0.000127734,0.000196796,8.6042e-05,0.000155212,9.37485e-05,0.000134346,6.24378e-05,9.52603e-05,5.26369e-05,7.92466e-05,3.53446e-05,
98600,0.457364,0.543939,0.521712,0.538818,0.53464,0.426112,0.518436,0.574253,0.524768,0.470787,0.482384,0.502535,0.539782,0.491487,0.51732,0.472175,0.52599,0.446569,0.433318,0.419216,0.515118,0.383265,0.422151,0.303138,0.437204,0.24289,0.330581,0.184807,0.285241,0.0993968,0.193754,0.0552584,0.130745,0.0441722,0.0827473,0.0299185,0.0558068,0.0214811,0.0474913,0.0209733,0.032255,0.0156991,0.0268353,0.0130538,0.0209687,0.00909086,0.0164397,0.00939841,0.012658,0.00570675,0.00887046,0.00555051,0.0087242,0.00425123,0.00684915,0.00379511,0.00582008,0.00287966,0.00488379,0.00276911,0.00363048,0.0020452,0.00327515,0.00148471,0.0026947,0.00136812,0.00203583,0.000941667,0.00159993,0.00086384,0.0013581,0.000744652,0.00111668,0.00060363,0.000855631,0.000466105,0.000736514,0.000359445,0.000619641,0.000287828,0.000492243,0.00023221,0.000392555,0.000233168,0.000376708,0.000162552,0.000265504,0.000129743,0.000220393,0.000127734,0.000196796,8.6042e-05,0.000155212,9.37485e-05,0.000134346,6.24378e-05,9.52603e-05,5.26369e-05,7.92466e-05,3.53446e-05,
98800,0.457364,0.543939,0.521712,0.538818,0.53464,0.426112,0.518436,0.574253,0.524768,0.470787,0.482384,0.502535,0.539782,0.491487,0.51732,0.472175,0.52599,0.446569,0.433318,0.419216,0.515118,0.383265,0.422151,0.303138,0.437204,0.24289,0.330581,0.184807,0.285241,0.0993968,0.193754,0.0552584,0.130745,0.0441722,0.0827473,0.0299185,0.0558068,0.0214811,0.0474913,0.0209733,0.032255,0.0156991,0.0268353,0.0130538,0.0209687,0.00909086,0.0164397,0.00939841,0.012658,0.00570675,0.00887046,0.00555051,0.0087242,0.00425123,0.00684915,0.00379511,0.00582008,0.00287966,0.00488379,0.00276911,0.00363048,0.0020452,0.00327515,0.00148471,0.0026947,0.00136812,0.00203583,0.000941667,0.00159993,0.00086384,0.0013581,0.000744652,0.00111668,0.00060363,0.000855631,0.000466105,0.000736514,0.000359445,0.000619641,0.000287828,0.000492243,0.00023221,0.000392555,0.000233168,0.000376708,0.000162552,0.000265504,0.000129743,0.000220393,0.000127734,0.000196796,8.6042e-05,0.000155212,9.37485e-05,0.000134346,6.24378e-05,9.52603e-05,5.26369e-05,7.92466e-05,3.53446e-05,
99000,0.457364,0.543939,0.521712,0.538818,0.53464,0.426112,0.518436,0.574253,0.524768,0.470787,0.482384,0.502535,0.539782,0.491487,0.51732,0.472175,0.52599,0.446569,0.433318,0.419216,0.515118,0.383265,0.422151,0.303138,0.437204,0.24289,0.330581,0.184807,0.285241,0.0993968,0.193754,0.0552584,0.130745,0.0441722,0.0827473,0.0299185,0.0558068,0.0214811,0.0474913,0.0209733,0.032255,0.0156991,0.0268353,0.0130538,0.0209687,0.00909086,0.0164397,0.00939841,0.012658,0.00570675,0.00887046,0.00555051,0.0087242,0.00425123,0.00684915,0.00379511,0.00582008,0.00287966,0.00488379,0.00276911,0.00363048,0.0020452,0.00327515,0.00148471,0.0026947,0.00136812,0.00203583,0.000941667,0.00159993,0.00086384,0.0013581,0.000744652,0.00111668,0.00060363,0.000855631,0.000466105,0.000736514,0.000359445,0.000619641,0.000287828,0.000492243,0.00023221,0.000392555,0.000233168,0.000376708,0.000162552,0.000265504,0.000129743,0.000220393,0.000127734,0.000196796,8.6042e-05,0.000155212,9.37485e-05,0.000134346,6.24378e-05,9.52603e-05,5.26369e-05,7.92466e-05,3.53446e-05,
99200,0.457364,0.543939,0.521712,0.538818,0.53464,0.426112,0.518436,0.574253,0.524768,0.470787,0.482384,0.502535,0.539782,0.491487,0.51732,0.472175,0.52599,0.446569,0.433318,0.419216,0.515118,0.383265,0.422151,0.303138,0.437204,0.24289,0.330581,0.184807,0.285241,0.0993968,0.193754,0.0552584,0.130745,0.0441722,0.0827473,0.0299185,0.0558068,0.0214811,0.0474913,0.0209733,0.032255,0.0156991,0.0268353,0.0130538,0.0209687,0.00909086,0.0164397,0.00939841,0.012658,0.00570675,0.00887046,0.00555051,0.0087242,0.00425123,0.00684915,0.00379511,0.00582008,0.00287966,0.00488379,0.00276911,0.00363048,0.0020452,0.00327515,0.00148471,0.0026947,0.00136812,0.00203583,0.000941667,0.00159993,0.00086384,0.0013581,0.000744652,0.00111668,0.00060363,0.000855631,0.000466105,0.000736514,0.000359445,0.000619641,0.000287828,0.000492243,0.00023221,0.000392555,0.000233168,0.000376708,0.000162552,0.000265504,0.000129743,0.000220393,0.000127734,0.000196796,8.6042e-05,0.000155212,9.37485e-05,0.000134346,6.24378e-05,9.52603e-05,5.26369e-05,7.92466e-05,3.53446e-05,
99400,0.457364,0.543939,0.521712,0.538818,0.53464,0.426112,0.518436,0.574253,0.524768,0.470787,0.482384,0.502535,0.539782,0.491487,0.51732,0.472175,0.52599,0.446569,0.433318,0.419216,0.515118,0.383265,0.422151,0.303138,0.437204,0.24289,0.330581,0.184807,0.285241,0.0993968,0.193754,0.0552584,0.130745,0.0441722,0.0827473,0.0299185,0.0558068,0.0214811,0.0474913,0.0209733,0.032255,0.0156991,0.0268353,0.0130538,0.0209687,0.00909086,0.0164397,0.00939841,0.012658,0.00570675,0.00887046,0.00555051,0.0087242,0.00425123,0.00684915,0.00379511,0.00582008,0.00287966,0.00488379,0.00276911,0.00363048,0.0020452,0.00327515,0.00148471,0.0026947,0.00136812,0.00203583,0.000941667,0.00159993,0.00086384,0.0013581,0.000744652,0.00111668,0.00060363,0.000855631,0.000466105,0.000736514,0.000359445,0.000619641,0.000287828,0.000492243,0.00023221,0.000392555,0.000233168,0.000376708,0.000162552,0.000265504,0.000129743,0.000220393,0.000127734,0.000196796,8.6042e-05,0.000155212,9.37485e-05,0.000134346,6.24378e-05,9.52603e-05,5.26369e-05,7.92466e-05,3.53446e-05,
99600,0.457364,0.543939,0.521712,0.538818,0.53464,0.426112,0.518436,0.574253,0.524768,0.470787,0.482384,0.502535,0.539782,0.491487,0.51732,0.472175,0.52599,0.446569,0.433318,0.419216,0.515118,0.383265,0.422151,0.303138,0.437204,0.24289,0.330581,0.184807,0.285241,0.0993968,0.193754,0.0552584,0.130745,0.0441722,0.0827473,0.0299185,0.0558068,0.0214811,0.0474913,0.0209733,0.032255,0.0156991,0.0268353,0.0130538,0.0209687,0.00909086,0.0164397,0.00939841,0.012658,0.00570675,0.00887046,0.00555051,0.0087242,0.00425123,0.00684915,0.00379511,0.00582008,0.00287966,0.00488379,0.00276911,0.00363048,0.0020452,0.00327515,0.00148471,0.0026947,0.00136812,0.00203583,0.000941667,0.00159993,0.00086384,0.0013581,0.000744652,0.00111668,0.00060363,0.000855631,0.000466105,0.000736514,0.000359445,0.000619641,0.000287828,0.000492243,0.00023221,0.000392555,0.000233168,0.000376708,0.000162552,0.000265504,0.000129743,0.000220393,0.000127734,0.000196796,8.6042e-05,0.000155212,9.37485e-05,0.000134346,6.24378e-05,9.52603e-05,5.26369e-05,7.92466e-05,3.53446e-05,
99800,0.457364,0.543939,0.521712,0.538818,0.53464,0.426112,0.518436,0.574253,0.524768,0.470787,0.482384,0.502535,0.539782,0.491487,0.51732,0.472175,0.52599,0.446569,0.433318,0.419216,0.515118,0.383265,0.422151,0.303138,0.437204,0.24289,0.330581,0.184807,0.285241,0.0993968,0.193754,0.0552584,0.130745,0.0441722,0.0827473,0.0299185,0.0558068,0.0214811,0.0474913,0.0209733,0.032255,0.0156991,0.0268353,0.0130538,0.0209687,0.00909086,0.0164397,0.00939841,0.012658,0.00570675,0.00887046,0.00555051,0.0087242,0.00425123,0.00684915,0.00379511,0.00582008,0.00287966,0.00488379,0.00276911,0.00363048,0.0020452,0.00327515,0.00148471,0.0026947,0.00136812,0.00203583,0.000941667,0.00159993,0.00086384,0.0013581,0.000744652,0.00111668,0.00060363,0.000855631,0.000466105,0.000736514,0.000359445,0.000619641,0.000287828,0.000492243,0.00023221,0.000392555,0.000233168,0.000376708,0.000162552,0.000265504,0.000129743,0.000220393,0.000127734,0.000196796,8.6042e-05,0.000155212,9.37485e-05,0.000134346,6.24378e-05,9.52603e-05,5.26369e-05,7.92466e-05,3.53446e-05,
100000,0.457364,0.543939,0.521712,0.538818,0.53464,0.426112,0.518436,0.574253,0.524768,0.470787,0.482384,0.502535,0.539782,0.491487,0.51732,0.472175,0.52599,0.446569,0.433318,0.419216,0.515118,0.383265,0.422151,0.303138,0.437204,0.24289,0.330581,0.184807,0.285241,0.0993968,0.193754,0.0552584,0.130745,0.0441722,0.0827473,0.0299185,0.0558068,0.0214811,0.0474913,0.0209733,0.032255,0.0156991,0.0268353,0.0130538,0.0209687,0.00909086,0.0164397,0.00939841,0.012658,0.00570675,0.00887046,0.00555051,0.0087242,0.00425123,0.00684915,0.00379511,0.00582008,0.00287966,0.00488379,0.00276911,0.00363048,0.0020452,0.00327515,0.00148471,0.0026947,0.00136812,0.00203583,0.000941667,0.00159993,0.00086384,0.0013581,0.000744652,0.00111668,0.00060363,0.000855631,0.000466105,0.000736514,0.000359445,0.000619641,0.000287828,0.000492243,0.00023221,0.000392555,0.000233168,0.000376708,0.000162552,0.000265504,0.000129743,0.000220393,0.000127734,0.000196796,8.6042e-05,0.000155212,9.37485e-05,0.000134346,6.24378e-05,9.52603e-05,5.26369e-05,7.92466e-05,3.53446e-05,
